! Peter.Koehler@awi.de
! 2022.1013
! Simulated atmospheric CO2 concentration with the BICYCLE-SE model for 18 scenarios for the last 5 Myr
! 
! Results shown here are raw data (no running mean)
! 
! column 1: Age (cal BP)
! columns 2-19: atmospheric CO2 concentration (ppm) for different scenarios
! column  2: scenario SE+0
! column  3: scenario SE+1
! column  4: scenario SE+2
! column  5: scenario SE+3
! column  6: scenario SE+4
! column  7: scenario SE+V2
! column  8: scenario SE+V4
! column  9: scenario SE+V6
! column 10: scenario SE++V6
! column 11: scenario SE++V12
! column 12: scenario SE++V18
! column 13: scenario SE+3S
! column 14: scenario SE+V2S
! column 15: scenario SE+V4S
! column 16: scenario SE+V6S
! column 17: scenario SE++V6S
! column 18: scenario SE++V12S
! column 19: scenario SE++V18S
! 
! This data set is used in the following study:
! Title       : Atmospheric CO2 concentration based on boron isotopes versus simulations of the global carbon cycle during the Plio-Pleistocene 
! Author      : Peter Köhler
! Published   : Paleoceanography and Paleoclimatology, 38, e2022PA004439. https://doi.org/10.1029/2022PA004439 (2023)
!
-5e+06	280	280	280	280	280	280	280	280	280	280	280	280	280	280	280	280	280	280
-4.999e+06	292.027	289.194	289.194	287.545	293	287.664	287.783	287.902	287.773	288.169	288.526	274.303	274.424	274.544	274.665	274.624	275.024	275.385
-4.998e+06	293.605	292.086	292.086	289.406	297.942	289.606	289.806	290.007	289.795	290.46	291.055	274.55	274.756	274.964	275.168	275.119	275.787	276.382
-4.997e+06	295.271	294.852	294.852	291.37	302.484	291.64	291.913	292.186	291.892	292.793	293.607	276.3	276.587	276.875	277.16	277.089	278.014	278.84
-4.996e+06	296.544	296.98	296.98	292.838	306.253	293.173	293.514	293.854	293.479	294.6	295.614	278.024	278.391	278.756	279.123	279.019	280.195	281.227
-4.995e+06	301.232	302.518	302.518	297.645	312.876	298.051	298.474	298.892	298.385	299.761	301.011	281.695	282.139	282.575	283.012	282.844	284.258	285.496
-4.994e+06	303.842	305.795	305.795	300.45	316.843	300.936	301.437	301.921	301.295	302.895	304.298	282.952	283.431	283.906	284.387	284.173	285.753	287.234
-4.993e+06	307.504	310.234	310.234	304.272	321.805	304.776	305.294	305.835	305.156	306.909	308.625	284.192	284.776	285.342	285.904	285.63	287.42	289.004
-4.992e+06	311.401	314.753	314.753	308.45	327.111	309.096	309.767	310.421	309.437	311.577	313.408	285.144	285.735	286.323	286.917	286.598	288.614	290.52
-4.991e+06	313.35	317.248	317.248	310.443	329.943	311.115	311.805	312.485	311.47	313.687	315.697	285.787	286.51	287.219	287.915	287.513	289.72	291.622
-4.99e+06	314.13	318.584	318.584	311.456	331.821	312.226	313.002	313.763	312.537	315.043	317.253	286.362	287.068	287.754	288.438	288.036	290.273	292.479
-4.989e+06	312.251	317.166	317.166	309.742	330.877	310.555	311.377	312.201	310.888	313.557	316.017	286.419	287.166	287.973	288.806	288.265	290.981	293.368
-4.988e+06	309.268	314.624	314.624	306.98	328.69	307.849	308.726	309.606	308.21	311.056	313.649	286.583	287.487	288.384	289.269	288.678	291.438	293.773
-4.987e+06	305.503	311.181	311.181	303.294	325.545	304.246	305.193	306.141	304.618	307.704	310.483	286.747	287.648	288.514	289.364	288.816	291.527	294.219
-4.986e+06	301.241	307.229	307.229	299.189	321.801	300.173	301.158	302.17	300.638	303.859	306.84	286.594	287.469	288.326	289.23	288.641	291.773	294.749
-4.985e+06	297.373	303.506	303.506	295.469	318.175	296.539	297.58	298.616	297.038	300.445	303.423	286.236	287.219	288.284	289.37	288.585	292.055	295.065
-4.984e+06	293.589	299.903	299.903	291.867	314.731	292.891	293.916	294.968	293.581	296.951	300.199	286.281	287.411	288.531	289.664	288.836	292.44	295.373
-4.983e+06	290.35	296.661	296.661	288.423	311.629	289.552	290.735	291.949	290.281	294.094	297.56	286.618	287.796	288.961	290.144	289.271	292.905	295.834
-4.982e+06	286.788	293.169	293.774	285.426	308.919	286.684	287.919	289.174	287.449	291.485	294.838	287.06	288.285	289.501	290.685	289.813	293.43	296.682
-4.981e+06	278.157	284.29	285.59	277.505	300.426	278.773	280.02	281.288	279.668	283.722	286.987	287.446	288.722	289.958	291.099	290.297	293.882	297.535
-4.98e+06	271.936	277.789	279.642	271.642	294.223	272.924	274.188	275.474	273.991	278.108	281.505	288.016	289.34	290.544	291.678	290.912	294.605	298.564
-4.979e+06	281.65	287.729	288.607	280.347	303.64	281.672	282.997	284.345	282.897	287.193	290.854	288.746	290.067	291.257	292.404	291.646	295.645	299.748
-4.978e+06	285.847	292.194	292.504	284.156	307.895	285.531	286.907	288.3	286.855	291.298	295.084	289.689	290.974	292.173	293.366	292.578	296.897	301.149
-4.977e+06	290.151	296.745	296.948	288.378	312.549	289.811	291.25	292.699	291.205	295.831	299.811	290.695	291.97	293.193	294.635	293.608	298.273	302.679
-4.976e+06	294.746	301.582	301.744	292.847	317.623	294.484	295.984	297.493	295.922	300.737	304.914	291.585	292.873	294.263	295.873	294.553	299.601	304.15
-4.975e+06	297.889	305.031	305.169	295.979	321.317	297.705	299.272	300.847	299.175	304.198	308.584	292.256	293.674	295.317	296.975	295.553	300.795	305.346
-4.974e+06	300.464	307.81	307.9	298.537	324.157	300.374	302.003	303.64	301.861	307.077	311.618	292.708	294.412	296.105	297.814	296.325	301.714	306.163
-4.973e+06	301.858	309.212	309.308	300.02	326.101	301.9	303.592	305.277	303.399	308.77	313.29	293.181	294.936	296.677	298.419	296.879	302.28	306.77
-4.972e+06	302.626	310.347	310.449	301.041	327.445	302.923	304.583	306.212	304.459	309.739	314.607	293.463	295.265	297.008	298.668	297.239	302.524	307.463
-4.971e+06	303.345	311.434	311.515	301.926	328.396	303.695	305.325	307.092	305.296	310.788	316	293.499	295.258	296.925	298.548	297.245	302.543	307.923
-4.97e+06	304.195	312.254	312.301	302.555	329.298	304.338	306.232	308.146	305.931	311.918	317.284	293.127	294.819	296.459	298.285	296.838	302.578	308.094
-4.969e+06	305.163	313.035	313.066	303.278	330.545	305.371	307.335	309.303	306.875	313.143	318.523	292.63	294.304	296.221	298.197	296.377	302.58	308.104
-4.968e+06	306.152	313.933	314.002	304.29	331.799	306.438	308.455	310.475	307.954	314.382	319.707	292.302	294.254	296.256	298.272	296.386	302.744	308.222
-4.967e+06	307.074	314.993	315.057	305.27	332.874	307.457	309.528	311.509	308.984	315.49	320.81	292.343	294.388	296.429	298.487	296.563	303.051	308.477
-4.966e+06	307.862	316.011	316.067	306.211	333.769	308.442	310.49	312.42	309.976	316.486	322.115	292.539	294.623	296.706	298.809	296.841	303.465	308.954
-4.965e+06	308.768	317.194	317.244	307.299	334.737	309.533	311.521	313.442	311.113	317.596	323.599	292.881	295.006	297.133	299.283	297.267	304.009	309.697
-4.964e+06	309.661	318.379	318.424	308.404	335.914	310.567	312.54	314.514	312.267	318.72	325.093	293.354	295.522	297.695	299.892	297.823	304.677	310.567
-4.963e+06	310.818	319.733	319.759	309.695	337.403	311.794	313.776	316.003	313.614	320.22	326.789	294.003	296.217	298.437	300.682	298.557	305.538	311.613
-4.962e+06	312.221	321.117	321.131	311.032	338.975	313.113	315.22	317.583	315.018	321.859	328.568	294.817	297.077	299.345	301.638	299.452	306.579	312.815
-4.961e+06	313.52	322.354	322.36	312.238	340.453	314.326	316.653	319.064	316.298	323.396	330.254	295.828	298.134	300.45	302.791	300.54	307.822	314.205
-4.96e+06	314.771	323.503	323.505	313.365	341.868	315.569	318.036	320.495	317.502	324.88	331.888	296.927	299.282	301.648	304.041	301.716	309.162	315.694
-4.959e+06	315.779	324.382	324.38	314.224	343.054	316.666	319.18	321.691	318.442	326.128	333.292	297.781	300.187	302.606	305.051	302.648	310.26	316.943
-4.958e+06	316.696	325.147	325.167	315.013	344.113	317.666	320.227	322.79	319.257	327.277	334.595	298.479	300.936	303.407	305.904	303.421	311.198	318.031
-4.957e+06	316.98	325.514	325.541	315.341	344.437	318.039	320.651	323.27	319.497	327.811	335.267	299.046	301.554	304.077	306.627	304.063	312.005	318.989
-4.956e+06	317.021	325.64	325.664	315.419	344.32	318.153	320.816	323.443	319.625	328.082	335.528	299.361	301.921	304.495	307.082	304.453	312.546	319.692
-4.955e+06	315.293	324.202	324.221	313.89	342.847	316.611	319.233	321.836	318.169	326.669	334.137	299.434	302.044	304.663	307.182	304.601	312.74	320.151
-4.954e+06	312.794	321.83	321.842	311.498	340.753	314.185	316.854	319.537	315.96	324.402	332.202	299.3	301.96	304.535	307.003	304.544	312.66	320.406
-4.953e+06	309.243	318.32	318.331	307.915	337.263	310.718	313.544	316.35	312.458	321.187	329.185	298.924	301.559	304.072	306.536	304.244	312.282	320.414
-4.952e+06	305.375	314.326	314.338	304.06	333.133	306.902	309.639	312.397	308.572	317.459	325.423	298.318	300.878	303.368	306.129	303.683	311.945	320.238
-4.951e+06	302.213	311.287	311.294	301.047	329.964	303.756	306.464	309.265	305.748	314.404	322.542	297.517	300.045	302.753	305.648	302.942	311.55	319.95
-4.95e+06	299.407	308.545	308.546	298.325	327.165	300.971	303.79	306.757	303.21	311.84	320.298	296.722	299.355	302.266	305.203	302.217	311.191	319.648
-4.949e+06	298.094	307.19	307.189	297.063	325.647	299.681	302.658	305.652	302.072	310.845	319.382	295.981	298.872	301.827	304.807	301.612	310.884	319.338
-4.948e+06	297.541	306.567	306.565	296.48	324.892	299.161	302.135	305.161	301.588	310.483	319.121	295.33	298.306	301.305	304.329	301.093	310.502	318.917
-4.947e+06	297.556	306.495	306.494	296.453	324.715	299.206	302.112	305.229	301.661	310.621	319.416	294.518	297.536	300.578	303.646	300.377	309.917	318.244
-4.946e+06	297.799	306.678	306.677	296.675	324.851	299.498	302.435	305.543	301.986	311.105	319.988	293.68	296.736	299.818	302.913	299.635	309.295	317.527
-4.945e+06	297.57	306.427	306.426	296.437	324.609	299.329	302.328	305.379	301.856	311.172	320.132	292.99	296.085	299.207	302.317	299.042	308.822	317.16
-4.944e+06	297.171	306.001	306	296.033	324.176	298.988	302.045	305.141	301.557	311.053	320.088	292.395	295.529	298.693	301.847	298.549	308.453	316.922
-4.943e+06	296.529	305.338	305.337	295.396	323.519	298.411	301.525	304.631	301.026	310.697	319.814	291.884	295.058	298.262	301.462	298.139	308.166	316.759
-4.942e+06	295.803	304.586	304.585	294.669	322.754	297.742	300.909	303.991	300.407	310.242	319.44	291.578	294.791	298.037	301.282	297.934	308.085	316.802
-4.941e+06	295.397	304.145	304.144	294.252	322.267	297.378	300.595	303.667	300.094	310.083	319.359	291.45	294.704	297.991	301.281	297.908	308.184	317.007
-4.94e+06	295.1	303.819	303.818	293.948	321.914	297.128	300.396	303.501	299.897	310.044	319.408	291.483	294.778	298.107	301.443	298.043	308.446	317.363
-4.939e+06	295.222	303.901	303.9	294.061	321.952	297.292	300.608	303.775	300.114	310.41	319.859	291.669	295.007	298.379	301.761	298.33	308.862	317.962
-4.938e+06	295.519	304.171	304.17	294.354	322.209	297.638	301.004	304.241	300.513	310.965	320.513	292.056	295.435	298.849	302.276	298.813	309.471	318.745
-4.937e+06	296.201	304.818	304.816	295.037	322.843	298.373	301.788	305.089	301.296	311.9	321.451	292.567	296.161	299.619	303.091	299.508	310.38	319.825
-4.936e+06	297.055	305.652	305.65	295.895	323.692	299.286	302.752	306.119	302.255	313.019	322.636	293.452	297.051	300.555	304.077	300.36	311.463	321.084
-4.935e+06	298.341	306.912	306.91	297.181	324.903	300.626	304.144	307.573	303.634	314.556	324.353	294.224	297.821	301.376	304.949	301.232	312.43	322.227
-4.934e+06	299.82	308.198	308.198	298.479	326.304	302.166	305.74	309.235	304.996	316.3	326.282	294.804	298.405	302.011	305.635	301.91	313.208	323.178
-4.933e+06	301.677	310.175	310.171	300.458	328.364	304.031	307.826	311.386	307.09	318.522	328.684	295.348	298.958	302.614	306.289	302.547	313.951	324.089
-4.932e+06	303.84	312.468	312.464	302.73	330.69	306.278	309.954	313.778	309.442	320.768	331.333	295.875	299.499	303.206	306.93	303.164	314.678	324.981
-4.931e+06	306.495	315.126	315.122	305.377	333.383	308.988	312.67	316.327	312.157	323.632	334.183	296.359	300.003	303.76	307.535	303.737	315.368	325.834
-4.93e+06	309.339	317.983	317.979	308.22	336.298	311.897	315.643	319.347	315.064	326.733	337.356	296.787	300.48	304.288	308.113	304.244	316.029	326.653
-4.929e+06	312.403	321.069	321.065	311.278	339.3	315.021	318.832	322.608	318.155	330.042	340.861	297.176	300.982	304.841	308.717	304.718	316.714	327.496
-4.928e+06	315.581	324.238	324.237	314.449	342.494	318.269	322.146	325.995	321.17	333.471	344.488	297.412	301.385	305.294	309.223	305.043	317.302	328.245
-4.927e+06	318.299	326.868	326.865	316.904	345.425	321.019	324.968	328.896	323.951	336.42	347.655	297.463	301.66	305.622	309.605	305.188	317.77	328.877
-4.926e+06	320.789	329.416	329.411	319.389	348.097	323.554	327.572	331.575	326.512	339.131	350.57	297.321	301.639	305.655	309.689	305.146	317.944	329.123
-4.925e+06	320.566	329.236	329.232	319.145	348.161	323.475	327.579	331.673	326.329	339.291	350.984	296.959	301.295	305.361	309.352	304.872	317.786	328.919
-4.924e+06	319.404	328.231	328.227	318.084	347.184	322.431	326.529	330.607	325.171	338.44	350.24	296.489	300.843	304.943	308.845	304.488	317.486	328.567
-4.923e+06	316.387	325.433	325.428	315.232	344.586	319.527	323.667	327.87	322.504	335.76	347.692	296.052	300.427	304.517	308.375	304.138	317.18	328.273
-4.922e+06	312.704	321.803	321.799	311.561	340.936	315.968	320.247	324.487	318.885	332.311	344.523	295.617	300.012	304.085	307.929	303.791	316.873	328.12
-4.921e+06	310.259	319.16	319.156	309.138	338.212	313.503	317.659	321.88	316.374	329.985	342.027	295.262	299.678	303.754	307.602	303.522	316.666	328.099
-4.92e+06	308.157	317.145	317.14	307.142	336.101	311.363	315.463	319.782	314.49	327.997	340.033	295.269	299.708	303.836	307.719	303.614	316.877	328.434
-4.919e+06	308.218	317.161	317.156	307.208	335.872	311.388	315.488	319.943	314.64	328.115	340.288	295.654	300.116	304.299	308.261	304.08	317.464	329.097
-4.918e+06	309.199	318.074	318.068	308.149	336.686	312.394	316.552	320.991	315.653	329.276	341.516	296.344	300.836	305.075	309.117	304.854	318.37	330.166
-4.917e+06	311.043	319.842	319.836	309.979	338.391	314.288	318.518	322.943	317.545	331.318	343.72	297.096	301.624	305.921	310.042	305.694	319.354	331.343
-4.916e+06	313.29	322.047	322.041	312.225	340.603	316.603	320.911	325.401	319.746	333.804	346.395	297.776	302.344	306.701	310.899	306.461	320.273	332.454
-4.915e+06	314.619	323.402	323.396	313.574	341.976	318.03	322.425	326.992	321.214	335.44	348.254	298.289	302.899	307.315	311.589	307.06	321.027	333.398
-4.914e+06	315.649	324.444	324.438	314.625	343.137	319.15	323.623	328.258	322.378	336.737	349.746	298.619	303.271	307.746	312.092	307.475	321.595	334.15
-4.913e+06	315.992	324.82	324.814	314.992	343.57	319.588	324.14	328.848	322.854	337.366	350.579	298.748	303.441	307.972	312.388	307.686	321.952	334.683
-4.912e+06	316.091	324.934	324.927	315.109	343.641	319.768	324.392	329.164	323.058	337.715	351.112	298.745	303.478	308.062	312.543	307.762	322.171	335.068
-4.911e+06	315.235	324.12	324.113	314.273	342.931	319.001	323.698	328.539	322.17	337.14	350.734	298.636	303.409	308.046	312.591	307.734	322.284	335.346
-4.91e+06	314.001	322.9	322.894	313.05	341.751	317.833	322.577	327.365	320.856	336.138	349.894	298.335	303.148	307.835	312.443	307.514	322.203	335.424
-4.909e+06	311.609	320.618	320.611	310.713	339.512	315.455	320.15	324.925	318.653	334.04	347.789	297.83	302.679	307.416	312.083	307.09	321.909	335.283
-4.908e+06	308.554	317.634	317.627	307.677	336.447	312.397	317.137	322.131	315.967	331.158	344.976	297.182	302.067	306.852	311.538	306.526	321.471	334.961
-4.907e+06	305.134	314.219	314.213	304.199	332.886	309.05	313.999	319.092	312.686	327.847	342.007	296.393	301.313	306.138	310.771	305.823	320.892	334.401
-4.906e+06	301.65	310.629	310.622	300.753	329.198	305.736	310.712	315.697	309.106	324.609	338.887	295.459	300.414	305.212	309.812	304.978	320.163	333.635
-4.905e+06	298.857	307.578	307.574	297.945	326.176	302.94	307.857	312.706	306.213	321.926	336.084	294.356	299.344	304.073	308.662	303.964	319.2	332.661
-4.904e+06	296.301	304.956	304.953	295.371	323.425	300.383	305.243	310.019	303.759	319.508	333.564	293.252	298.265	302.933	307.527	302.953	318.213	331.701
-4.903e+06	294.022	302.6	302.641	293.13	320.977	298.154	302.986	307.716	301.638	317.418	331.396	292.113	297.128	301.765	306.424	301.907	317.176	330.834
-4.902e+06	291.3	299.778	300.477	291.033	318.697	296.075	300.931	305.64	299.671	315.493	329.46	291.082	296.119	300.749	305.514	300.97	316.282	330.124
-4.901e+06	278.563	286.521	288.398	279.433	305.87	284.358	289.132	293.762	288.067	303.536	317.254	290.092	295.162	299.834	304.639	300.076	315.485	329.442
-4.9e+06	271.933	279.604	282.776	274.122	299.617	279.008	283.769	288.412	282.877	298.221	311.915	289.267	294.37	299.114	303.911	299.35	314.886	328.929
-4.899e+06	266.773	274.157	278.596	270.44	295.339	275.204	279.928	284.591	279.419	294.493	308.183	288.452	293.588	298.4	303.21	298.636	314.293	328.403
-4.898e+06	262.405	269.273	274.98	267.443	291.759	272.176	276.84	281.456	276.588	291.543	305.102	287.731	292.899	297.776	302.656	298.019	313.799	327.985
-4.897e+06	258.565	265.054	271.716	264.828	288.59	269.572	274.25	278.891	274.133	289.101	302.663	286.952	292.151	297.087	302.031	297.343	313.237	327.573
-4.896e+06	255.272	261.497	269.104	262.521	286.031	267.27	271.97	276.644	272.006	286.987	300.613	286.321	291.55	296.542	301.547	296.816	312.822	327.301
-4.895e+06	253.446	259.306	267.425	261.06	284.361	265.785	270.507	275.188	270.814	285.681	299.32	285.834	291.093	296.138	301.201	296.434	312.547	327.165
-4.894e+06	252.191	257.971	266.125	259.966	283.107	264.712	269.517	274.272	269.907	284.937	298.601	285.394	290.82	295.918	301.037	296.181	312.46	327.215
-4.893e+06	252.116	257.847	265.631	259.658	282.649	264.362	269.1	273.899	269.619	284.743	298.574	285.195	290.707	295.856	301.031	295.987	312.535	327.425
-4.892e+06	252.471	258.227	265.604	259.648	282.549	264.392	269.093	273.855	269.779	284.821	298.755	285.222	290.601	295.906	301.136	296.122	312.723	327.749
-4.891e+06	253.415	259.375	266.075	259.922	282.761	264.808	269.563	274.37	270.35	285.489	299.413	285.408	290.668	296.124	301.411	296.422	313.086	328.251
-4.89e+06	254.704	260.713	266.811	260.326	283.183	265.207	270.119	275.028	270.983	286.318	300.379	285.675	290.98	296.309	301.768	296.798	313.462	328.832
-4.889e+06	256.355	262.408	267.828	261.138	284.026	265.967	270.81	275.835	271.772	287.391	301.603	286.112	291.464	296.704	302.305	297.344	313.933	329.6
-4.888e+06	258.081	264.186	268.88	262.02	284.946	266.903	271.78	276.71	272.826	288.436	302.898	286.637	292.038	297.341	302.939	297.978	314.719	330.467
-4.887e+06	260.655	266.832	270.5	263.449	286.411	268.389	273.328	278.315	274.438	290.012	304.675	287.303	292.753	298.12	303.516	298.75	315.651	331.489
-4.886e+06	268.422	274.835	277.28	269.949	293.386	275.013	280.081	285.199	281.247	297.181	311.935	288.016	293.515	298.944	304.362	299.565	316.622	332.405
-4.885e+06	277.207	284.028	285.141	277.424	301.47	282.61	287.81	293.06	288.955	305.276	320.377	288.925	294.477	299.971	305.465	300.581	317.803	333.621
-4.884e+06	281.678	288.96	289.521	281.786	306.003	287.06	292.353	297.696	293.453	310.023	325.289	289.914	295.517	301.074	306.641	301.671	319.057	335.055
-4.883e+06	287.106	294.545	294.959	286.954	311.427	292.321	297.711	303.153	298.747	315.575	331.038	291.196	296.855	302.479	308.121	303.058	320.623	336.81
-4.882e+06	292.742	300.228	300.687	292.383	317.181	297.849	303.345	308.895	304.294	321.424	337.183	292.413	298.128	303.819	309.533	304.375	322.117	338.49
-4.881e+06	297.859	305.584	306.054	297.057	322.39	302.639	308.232	313.863	309.105	326.577	342.685	293.914	299.696	305.437	311.154	305.993	323.946	340.495
-4.88e+06	302.139	310.267	310.568	301.053	326.933	306.651	312.28	318.03	313.124	330.846	347.368	294.989	300.748	306.451	312.174	307.177	325.224	341.855
-4.879e+06	304.592	312.932	313.194	303.321	329.695	309.13	314.99	320.921	315.578	333.781	350.691	295.681	301.388	307.108	313.147	307.992	326.069	342.987
-4.878e+06	306.705	315.166	315.423	305.328	331.673	311.211	317.117	323.074	317.663	336.12	353.254	296.125	301.865	307.891	314.035	308.548	326.775	344.133
-4.877e+06	307.999	316.574	316.726	306.76	333.506	312.632	318.547	324.541	319.151	337.763	355.063	296.334	302.381	308.488	314.687	308.829	327.493	345.019
-4.876e+06	309.369	317.844	318.046	307.869	334.939	313.902	320.024	326.246	320.325	339.195	356.821	296.673	302.797	308.96	315.215	309.172	328.104	345.786
-4.875e+06	310.27	318.736	318.96	308.732	335.668	314.922	321.136	327.433	321.191	340.412	358.279	296.734	302.905	309.118	315.427	309.306	328.385	346.207
-4.874e+06	310.966	319.565	319.693	309.55	336.596	315.788	322.004	328.269	322.053	341.489	359.547	296.761	302.98	309.246	315.573	309.41	328.637	346.601
-4.873e+06	310.842	319.567	319.591	309.644	336.895	315.831	322.034	328.304	322.263	341.807	359.961	296.495	302.757	309.071	315.359	309.214	328.576	346.672
-4.872e+06	310.581	319.312	319.309	309.421	336.84	315.591	321.891	328.402	322.161	341.779	360.033	296.221	302.527	308.889	315.127	309.013	328.51	346.737
-4.871e+06	310.03	318.536	318.632	308.586	336.101	315.009	321.505	328.096	321.36	341.168	359.768	295.86	302.208	308.596	314.8	308.725	328.348	346.684
-4.87e+06	309.308	317.817	317.919	307.848	335.291	314.342	320.891	327.502	320.494	340.641	359.414	295.513	301.904	308.307	314.503	308.453	328.203	346.635
-4.869e+06	308.022	316.641	316.688	306.632	334.156	313.146	319.651	326.2	319.337	339.636	358.527	295.141	301.572	307.986	314.191	308.155	328.027	346.545
-4.868e+06	306.33	315.05	315.022	305.106	332.626	311.527	318.005	324.604	317.941	338.248	357.117	294.786	301.257	307.692	313.915	307.874	327.864	346.481
-4.867e+06	304.34	313.064	313.02	303.128	330.598	309.553	316.192	322.997	316.112	336.394	355.364	294.479	300.989	307.465	313.714	307.644	327.753	346.49
-4.866e+06	302.39	310.945	310.903	301.024	328.382	307.682	314.423	321.268	314.005	334.466	353.735	294.182	300.733	307.26	313.544	307.425	327.652	346.513
-4.865e+06	300.772	309.187	309.211	299.368	326.614	306.063	312.832	319.668	312.225	332.944	352.297	293.873	300.463	307.042	313.374	307.194	327.539	346.522
-4.864e+06	299.209	307.606	307.617	297.783	324.938	304.502	311.296	318.028	310.701	331.498	350.934	293.597	300.227	306.856	313.251	306.999	327.462	346.567
-4.863e+06	297.768	306.139	306.137	296.324	323.368	303.068	309.816	316.469	309.307	330.174	349.645	293.297	299.967	306.645	313.104	306.781	327.363	346.59
-4.862e+06	296.363	304.708	304.694	294.907	321.844	301.677	308.341	314.953	307.958	328.902	348.335	292.986	299.696	306.423	312.943	306.554	327.255	346.603
-4.861e+06	295.222	303.523	303.5	293.767	320.566	300.557	307.144	313.739	306.882	327.892	347.269	292.636	299.385	306.159	312.737	306.287	327.106	346.573
-4.86e+06	294.202	302.467	302.435	292.75	319.436	299.566	306.118	312.817	305.942	327.033	346.403	292.26	299.047	305.866	312.498	305.993	326.925	346.508
-4.859e+06	293.427	301.65	301.61	291.983	318.547	298.824	305.373	312.149	305.251	326.417	345.815	291.93	298.755	305.618	312.298	305.746	326.788	346.482
-4.858e+06	292.753	300.942	300.895	291.32	317.785	298.193	304.778	311.593	304.673	325.928	345.409	291.647	298.511	305.42	312.148	305.551	326.711	346.526
-4.857e+06	292.011	300.173	300.12	290.588	316.974	297.495	304.122	310.969	304.031	325.381	344.956	291.289	298.193	305.148	311.906	305.284	326.565	346.5
-4.856e+06	291.245	299.38	299.321	289.833	316.138	296.772	303.43	310.317	303.366	324.807	344.457	290.814	297.76	304.762	311.525	304.903	326.31	346.37
-4.855e+06	289.109	297.233	297.575	288.125	314.418	295.06	301.715	308.732	301.765	323.275	342.963	290.098	297.085	304.109	310.87	304.282	325.809	345.976
-4.854e+06	277.655	285.401	286.977	277.883	303.298	284.606	291.149	298.159	291.372	312.412	331.869	289.207	296.23	303.245	310.014	303.481	325.119	345.331
-4.853e+06	269.256	276.657	280.033	271.472	296.031	278.055	284.549	291.471	284.982	305.708	325.006	288.185	295.24	302.259	309.039	302.542	324.274	344.519
-4.852e+06	262.721	269.703	275.094	267.13	291.036	273.642	280.076	286.833	280.702	301.229	320.353	287.257	294.343	301.407	308.213	301.702	323.529	343.856
-4.851e+06	258.176	264.581	271.301	264.083	287.298	270.588	277.009	283.704	277.713	298.147	317.172	286.244	293.355	300.456	307.322	300.765	322.66	343.072
-4.85e+06	254.718	260.857	268.41	261.702	284.509	268.206	274.638	281.335	275.433	295.84	314.861	285.57	292.705	299.843	306.774	300.171	322.134	342.632
-4.849e+06	253.601	259.366	267.074	260.627	283.172	267.096	273.522	280.199	274.438	294.777	313.774	285.144	292.302	299.475	306.467	299.826	321.86	342.442
-4.848e+06	253.381	259.051	266.312	260.102	282.475	266.587	273.044	279.731	274.057	294.43	313.454	284.985	292.17	299.379	306.432	299.755	321.868	342.539
-4.847e+06	254.523	260.231	266.534	260.449	282.608	266.908	273.372	280.066	274.507	294.882	313.968	284.82	292.222	299.469	306.581	299.655	322.07	342.835
-4.846e+06	256.234	261.976	267.314	261.175	283.219	267.742	274.257	280.963	275.481	295.93	315.089	285.008	292.431	299.716	306.888	299.962	322.432	343.297
-4.845e+06	259.056	264.938	268.857	262.499	284.639	269.101	275.736	282.572	277.006	297.68	317.005	285.498	292.681	300.221	307.453	300.551	322.84	344.035
-4.844e+06	264.186	270.214	272.705	266.144	288.48	272.744	279.375	286.233	280.721	301.528	321.086	286.166	293.369	300.914	308.206	301.315	323.682	344.908
-4.843e+06	275.842	282.325	283.299	276.257	299.448	283.074	289.922	296.945	291.271	312.667	332.793	287.102	294.359	301.674	309.254	302.357	324.873	345.977
-4.842e+06	280.283	287.225	287.645	280.545	303.832	287.459	294.411	301.522	295.721	317.407	337.774	288.034	295.347	302.707	310.28	303.395	326.068	347.323
-4.841e+06	284.342	291.37	291.701	284.393	308.013	291.416	298.449	305.591	299.737	321.711	342.321	289.093	296.468	303.899	311.294	304.57	327.419	348.849
-4.84e+06	288.165	295.245	295.614	288.025	311.967	295.076	302.165	309.443	303.442	325.696	346.572	290.003	297.439	304.94	312.413	305.592	328.621	350.228
-4.839e+06	291.218	298.571	298.866	290.691	315.218	297.837	305.159	312.668	306.265	328.923	350.234	290.851	298.352	305.915	313.408	306.554	329.77	351.562
-4.838e+06	293.534	301.281	301.395	292.99	317.758	300.364	307.816	315.43	308.814	331.787	353.381	291.557	299.117	306.659	314.174	307.364	330.758	352.725
-4.837e+06	295.87	303.561	303.754	295.185	319.917	302.66	310.212	317.89	311.129	334.399	356.273	292.277	299.831	307.351	315.082	308.19	331.77	353.887
-4.836e+06	298.011	305.837	306.017	297.132	322.149	304.627	312.19	319.877	313.18	336.713	358.832	292.795	300.293	307.908	315.843	308.849	332.535	354.741
-4.835e+06	300.228	308.316	308.341	299.209	324.628	306.719	314.317	322.128	315.359	339.128	361.465	293.282	300.766	308.659	316.657	309.499	333.269	355.589
-4.834e+06	302.434	310.624	310.571	301.252	326.988	308.878	316.726	324.748	317.523	341.543	364.117	293.666	301.319	309.356	317.414	310.017	333.897	356.414
-4.833e+06	304.97	312.948	313.019	303.554	329.336	311.414	319.368	327.483	319.819	344.1	366.93	293.99	301.916	309.999	318.116	310.448	334.479	357.351
-4.832e+06	307.56	315.581	315.659	306.047	331.739	313.999	322.048	330.258	322.382	346.936	370.023	294.491	302.491	310.622	318.798	310.846	335.239	358.272
-4.831e+06	309.759	317.847	317.895	308.21	334.063	316.253	324.399	332.706	324.625	349.453	372.799	294.895	302.94	311.121	319.357	311.275	335.882	359.062
-4.83e+06	311.872	320.045	320.066	310.306	336.314	318.438	326.668	334.99	326.788	351.881	375.477	295.199	303.291	311.521	319.817	311.665	336.422	359.75
-4.829e+06	313.01	321.372	321.309	311.624	337.81	319.791	328.033	336.38	328.192	353.564	377.429	295.297	303.431	311.709	320.028	311.839	336.735	360.199
-4.828e+06	313.814	322.3	322.173	312.571	339.005	320.736	329	337.38	329.345	354.963	379.063	295.337	303.515	311.84	320.14	311.956	336.99	360.591
-4.827e+06	313.908	322.338	322.193	312.612	339.256	320.807	329.235	337.896	329.63	355.505	379.856	295.227	303.448	311.82	320.081	311.921	337.089	360.822
-4.826e+06	313.989	322.201	322.146	312.455	339.111	320.905	329.481	338.224	329.48	355.538	380.073	295.052	303.317	311.72	319.952	311.824	337.125	360.989
-4.825e+06	312.539	320.849	320.79	311.053	337.792	319.583	328.208	336.967	327.82	354.088	378.833	294.71	303.016	311.415	319.642	311.556	336.983	360.972
-4.824e+06	310.289	318.746	318.627	308.97	335.788	317.436	326.048	334.838	325.876	352.288	377.174	294.244	302.592	310.966	319.202	311.167	336.721	360.836
-4.823e+06	306.845	315.351	315.224	305.521	332.384	314.032	322.734	331.66	322.571	349.073	374.074	293.594	301.983	310.309	318.561	310.594	336.269	360.506
-4.822e+06	303.072	311.473	311.344	301.705	328.428	310.332	319.027	327.858	318.637	345.172	370.231	292.796	301.214	309.482	317.817	309.868	335.653	360.002
-4.821e+06	299.628	308.02	307.89	298.34	324.858	306.797	315.384	324.209	315.231	341.765	366.755	291.936	300.353	308.588	317.068	309.077	334.96	359.408
-4.82e+06	296.198	304.607	304.451	294.938	321.236	303.29	311.915	320.861	312.009	338.358	363.213	291.143	299.556	307.777	316.377	308.352	334.325	358.865
-4.819e+06	293.409	301.763	301.593	292.182	318.184	300.575	309.348	318.296	309.332	335.486	360.218	290.351	298.776	306.996	315.682	307.629	333.689	358.317
-4.818e+06	291.032	299.295	299.109	289.781	315.556	298.331	307.098	316.044	306.996	333.036	357.953	289.591	298.048	306.277	315.017	306.943	333.089	357.805
-4.817e+06	288.741	296.809	297.06	287.864	313.477	296.47	305.228	314.162	305.088	331.124	356.094	288.887	297.381	305.641	314.402	306.311	332.537	357.334
-4.816e+06	281.751	289.56	290.535	281.555	306.607	290.067	298.734	307.576	298.634	324.463	349.199	288.231	296.758	305.082	313.831	305.726	332.029	356.906
-4.815e+06	273.517	280.893	282.524	274.107	298.093	282.372	290.841	299.496	290.993	316.345	340.57	287.646	296.204	304.593	313.327	305.212	331.588	356.538
-4.814e+06	270.014	277.05	279.12	271.26	294.563	279.431	287.76	296.259	288.16	313.386	337.447	287.276	295.868	304.319	312.942	304.919	331.375	356.404
-4.813e+06	268.315	274.892	277.026	269.722	292.462	277.878	286.187	294.65	286.669	311.841	335.839	287.01	295.635	304.147	312.814	304.734	331.274	356.387
-4.812e+06	267.29	273.725	275.662	268.734	291.244	276.881	285.193	293.664	285.758	310.933	334.926	286.874	295.534	304.104	312.835	304.68	331.307	356.506
-4.811e+06	275.113	281.662	282.97	276.046	299.027	284.33	292.775	301.411	293.46	319.102	343.492	286.88	295.573	304.198	312.99	304.766	331.48	356.764
-4.81e+06	279.168	286.019	286.661	279.482	302.779	287.863	296.403	305.128	297.119	323.066	347.722	287.085	295.81	304.489	313.337	305.049	331.85	357.217
-4.809e+06	282.057	289.228	289.324	282.009	305.293	290.463	299.077	307.869	299.784	325.929	350.756	287.54	296.304	305.037	313.945	305.591	332.493	357.956
-4.808e+06	284.705	292.049	291.98	284.552	307.97	293.089	301.79	310.668	302.469	328.842	353.87	288.144	296.95	305.743	314.713	306.099	333.308	358.885
-4.807e+06	287.69	295.136	294.993	287.391	310.99	296.014	304.803	313.77	305.442	332.051	357.29	288.922	297.776	306.633	315.669	306.973	334.186	360.029
-4.806e+06	290.742	298.272	298.091	290.331	314.113	299.045	307.927	316.989	308.514	335.379	360.846	289.514	298.598	307.523	316.63	307.907	335.122	361.066
-4.805e+06	292.88	300.434	300.23	292.34	316.398	301.164	310.159	319.335	310.684	337.864	363.626	290.173	299.327	308.324	317.505	308.74	336.136	362.064
-4.804e+06	294.607	301.982	301.906	293.963	318.215	302.877	311.965	321.221	312.423	339.86	365.86	290.722	299.897	308.964	318.217	309.402	336.975	363.074
-4.803e+06	295.541	302.977	302.931	294.815	319.275	303.812	312.928	322.168	313.399	341.109	367.368	291.123	300.374	309.51	318.835	309.962	337.705	363.955
-4.802e+06	296.108	303.665	303.6	295.273	319.937	304.23	313.322	322.586	314.008	341.944	368.414	291.299	300.666	309.867	319.259	310.31	338.177	364.56
-4.801e+06	296.546	304.335	304.223	295.638	320.544	304.58	313.806	323.342	314.53	342.662	369.31	291.398	300.885	310.148	319.605	310.528	338.521	365.034
-4.8e+06	296.884	304.837	304.68	295.928	320.988	305.071	314.496	324.101	314.95	343.261	370.077	291.548	301.062	310.384	319.904	310.67	338.785	365.423
-4.799e+06	297.549	305.446	305.262	296.574	321.543	305.88	315.362	325.027	315.534	344.005	370.971	291.704	301.241	310.621	320.201	310.795	339.03	365.9
-4.798e+06	298.408	306.076	305.875	297.369	322.228	306.732	316.275	326.006	316.289	344.919	372.061	291.836	301.4	310.837	320.477	310.887	339.32	366.404
-4.797e+06	299.272	306.82	306.704	298.168	323.097	307.589	317.195	326.991	317.177	345.996	373.317	291.902	301.496	310.991	320.69	310.93	339.626	366.842
-4.796e+06	300.124	307.716	307.594	298.962	323.965	308.443	318.113	327.975	318.058	347.068	374.57	291.871	301.494	311.043	320.798	310.99	339.82	367.161
-4.795e+06	300.913	308.551	308.42	299.699	324.777	309.241	318.976	328.872	318.881	348.083	375.768	291.814	301.466	311.067	320.87	311.029	339.98	367.444
-4.794e+06	301.663	309.34	309.201	300.4	325.548	310.004	319.803	329.672	319.664	349.053	376.917	291.781	301.463	311.114	320.931	311.087	340.157	367.737
-4.793e+06	302.336	310.052	309.906	301.025	326.244	310.691	320.51	330.36	320.37	349.948	377.994	291.819	301.53	311.23	321.057	311.211	340.395	368.088
-4.792e+06	302.954	310.708	310.556	301.604	326.887	311.327	321.111	330.97	321.026	350.787	379.008	291.906	301.647	311.394	321.242	311.382	340.679	368.483
-4.791e+06	303.167	311.035	310.879	301.876	327.231	311.591	321.361	331.268	321.379	351.328	379.733	292.035	301.807	311.601	321.496	311.594	341.005	368.921
-4.79e+06	303.203	311.224	311.046	302.002	327.425	311.668	321.443	331.624	321.609	351.727	380.296	292.191	301.997	311.84	321.796	311.835	341.367	369.402
-4.789e+06	302.55	310.684	310.488	301.414	326.912	311.071	321.034	331.413	321.247	351.551	380.304	292.277	302.119	312.012	322.03	312.008	341.666	369.825
-4.788e+06	301.608	309.778	309.572	300.488	325.985	310.283	320.484	330.912	320.543	350.982	379.875	292.286	302.164	312.106	322.182	312.1	341.882	370.162
-4.787e+06	300.703	308.615	308.408	299.426	324.784	309.451	319.696	330.167	319.494	350.026	379.019	292.224	302.138	312.128	322.262	312.122	342.028	370.429
-4.786e+06	299.745	307.463	307.295	298.45	323.756	308.51	318.79	329.282	318.278	348.868	377.931	292.1	302.051	312.09	322.28	312.083	342.113	370.637
-4.785e+06	299.109	306.812	306.645	297.798	323.039	307.881	318.187	328.614	317.546	348.24	377.391	291.973	301.958	312.042	322.285	312.034	342.179	370.819
-4.784e+06	298.587	306.285	306.116	297.261	322.452	307.375	317.715	328.079	317.073	347.861	377.106	291.844	301.862	311.99	322.284	311.982	342.239	370.99
-4.783e+06	298.273	305.957	305.786	296.937	322.063	307.08	317.453	327.765	316.809	347.682	377.012	291.682	301.735	311.907	322.236	311.898	342.27	371.134
-4.782e+06	298.037	305.711	305.538	296.695	321.769	306.873	317.283	327.577	316.635	347.608	377.039	291.497	301.583	311.799	322.131	311.791	342.274	371.25
-4.781e+06	297.171	304.859	304.685	295.83	320.91	306.054	316.459	326.75	315.858	346.968	376.536	291.19	301.313	311.574	321.883	311.566	342.167	371.261
-4.78e+06	296.062	303.749	303.574	294.721	319.762	304.966	315.254	325.534	314.811	346.007	375.668	290.657	300.817	311.113	321.368	311.117	341.838	371.054
-4.779e+06	294.044	301.813	301.638	292.752	317.795	302.892	313.103	323.638	312.93	344.234	374.011	289.9	300.099	310.361	320.587	310.449	341.291	370.631
-4.778e+06	291.526	299.427	299.24	290.294	315.245	300.3	310.551	321.381	310.659	341.943	371.69	288.935	299.16	309.325	319.537	309.57	340.526	369.985
-4.777e+06	288.522	296.453	296.561	287.629	312.425	297.592	308.12	318.951	308.131	339.289	368.941	287.808	297.996	308.084	318.363	308.509	339.542	369.082
-4.776e+06	276.865	284.4	285.802	277.174	301.101	287.1	297.422	308.022	297.367	327.874	356.959	286.859	297.022	307.059	317.489	307.616	338.698	368.294
-4.775e+06	270.037	277.186	279.613	271.475	294.439	281.212	291.35	301.766	291.486	321.529	350.192	286.094	296.279	306.306	316.796	306.908	338.037	367.684
-4.774e+06	266.239	273.006	276.165	268.617	290.948	278.238	288.175	298.42	288.61	318.475	346.979	285.464	295.675	305.754	316.236	306.338	337.517	367.216
-4.773e+06	264.017	270.287	273.743	266.845	288.593	276.437	286.321	296.447	286.836	316.58	344.969	284.961	295.197	305.335	315.754	305.896	337.124	366.874
-4.772e+06	262.501	268.616	272.054	265.577	287.071	275.156	285.026	295.14	285.623	315.315	343.656	284.681	294.942	305.133	315.568	305.681	336.959	366.76
-4.771e+06	262.668	268.523	271.553	265.287	286.613	274.835	284.663	294.751	285.397	315.036	343.325	284.639	294.926	305.172	315.663	305.711	337.053	366.916
-4.77e+06	263.54	269.125	271.514	265.434	286.653	275.005	284.848	294.928	285.656	315.332	343.654	284.822	295.139	305.439	315.986	305.972	337.389	367.326
-4.769e+06	275.132	281.022	281.979	275.662	297.588	285.491	295.589	305.924	296.424	326.814	355.779	285.255	295.605	305.958	316.561	306.317	337.931	367.986
-4.768e+06	279.549	285.669	285.946	279.455	301.502	289.377	299.555	309.943	300.419	331.104	360.336	285.893	296.387	306.792	317.446	307.115	338.652	368.716
-4.767e+06	283.61	289.935	289.972	283.314	305.489	293.34	303.62	314.031	304.452	335.411	364.888	287.042	297.638	308.128	318.848	308.507	340.175	370.355
-4.766e+06	287.675	294.149	294.069	287.266	309.673	297.406	307.8	318.331	308.581	339.848	369.605	288.349	298.75	309.517	320.318	309.937	341.792	372.148
-4.765e+06	291.073	297.628	297.603	290.499	313.233	300.777	311.31	321.977	312.024	343.679	373.8	289.523	299.995	310.796	321.685	311.245	343.314	373.875
-4.764e+06	294.091	300.69	300.773	293.394	316.39	303.788	314.384	325.112	315.079	347.066	377.497	290.475	301.022	311.853	322.828	312.32	344.596	375.354
-4.763e+06	296.521	303.378	303.43	295.628	319.01	306.074	316.728	327.603	317.56	349.921	380.704	291.364	301.974	312.859	323.922	313.334	345.824	376.788
-4.762e+06	298.388	305.649	305.617	297.347	321.193	307.859	318.736	329.92	319.528	352.332	383.447	292.045	302.628	313.655	324.799	314.128	346.815	377.97
-4.761e+06	300.244	307.498	307.4	299.028	323.003	309.789	320.816	332.111	321.219	354.41	385.952	292.6	303.164	314.398	325.621	314.862	347.739	379.08
-4.76e+06	302.102	309.18	309.138	300.785	324.629	311.651	322.781	334.179	322.922	356.241	388.133	292.95	303.66	315.01	326.306	315.456	348.513	380.026
-4.759e+06	303.936	311.078	311.035	302.579	326.554	313.539	324.758	336.173	324.816	358.227	390.238	293.171	304.135	315.523	326.89	315.881	349.165	380.843
-4.758e+06	305.724	313.014	312.953	304.382	328.497	315.417	326.648	338.087	326.721	360.412	392.445	293.469	304.534	315.961	327.397	316.17	349.663	381.571
-4.757e+06	306.736	314.3	314.2	305.511	329.852	316.563	327.834	339.327	328.034	362.027	394.346	293.676	304.784	316.251	327.751	316.272	349.932	382.04
-4.756e+06	307.468	315.242	315.089	306.303	330.916	317.383	328.695	340.41	329.129	363.382	395.961	293.743	304.897	316.408	327.973	316.22	350.036	382.319
-4.755e+06	306.627	314.336	314.167	305.257	330.143	316.536	328.149	340.062	328.343	363.049	396.036	293.488	304.686	316.24	327.785	315.99	349.76	382.18
-4.754e+06	305.33	312.797	312.657	303.891	328.648	315.294	326.947	338.843	326.669	361.546	394.784	293.017	304.258	315.8	327.29	315.611	349.483	381.822
-4.753e+06	302.599	310.267	310.125	301.272	326.161	312.639	324.286	336.215	324.124	359	392.269	292.251	303.533	314.974	326.436	314.935	348.943	381.41
-4.752e+06	299.353	307.062	306.91	298.006	322.864	309.389	321.089	333.135	320.945	355.911	389.276	291.308	302.574	313.908	325.352	314.067	348.186	380.77
-4.751e+06	297.099	304.69	304.536	295.76	320.346	307.213	318.964	330.888	318.489	353.358	386.645	290.403	301.606	312.867	324.458	313.212	347.398	380.055
-4.75e+06	295.378	302.757	302.625	293.997	318.474	305.456	317.148	328.939	316.644	351.455	384.685	289.749	300.922	312.139	323.879	312.606	346.847	379.565
-4.749e+06	295.255	302.569	302.434	293.825	318.092	305.266	316.904	328.619	316.444	351.183	384.342	289.336	300.529	311.729	323.538	312.243	346.54	379.317
-4.748e+06	295.743	303.031	302.891	294.286	318.453	305.754	317.434	329.21	316.957	351.761	384.982	289.155	300.386	311.631	323.434	312.117	346.478	379.319
-4.747e+06	296.955	304.206	304.06	295.491	319.556	306.99	318.713	330.549	318.134	352.992	386.279	289.158	300.428	311.741	323.525	312.183	346.618	379.533
-4.746e+06	298.495	305.674	305.553	297.035	321.034	308.589	320.376	332.29	319.776	354.808	388.244	289.345	300.658	312.037	323.75	312.44	346.963	379.964
-4.745e+06	299.751	306.915	306.736	298.189	322.299	309.93	321.797	333.807	321.206	356.443	390.076	289.654	301.01	312.453	324.223	312.821	347.437	380.526
-4.744e+06	300.937	308.186	308.003	299.401	323.592	311.198	323.14	335.237	322.55	357.977	391.793	290.083	301.486	312.996	324.832	313.331	348.058	381.252
-4.743e+06	301.964	309.299	309.114	300.491	324.737	312.311	324.331	336.519	323.735	359.366	393.381	290.518	301.972	313.551	325.457	313.855	348.708	381.891
-4.742e+06	302.954	310.365	310.178	301.538	325.832	313.384	325.479	337.753	324.869	360.696	394.901	290.824	302.333	313.982	325.959	314.254	349.244	382.5
-4.741e+06	302.92	310.419	310.224	301.52	325.957	313.456	325.645	338.026	325.012	361.097	395.56	291.005	302.568	314.287	326.335	314.528	349.66	383.125
-4.74e+06	302.508	309.92	309.712	300.97	325.462	313.116	325.371	337.828	324.71	360.966	395.605	291.011	302.627	314.412	326.528	314.624	349.893	383.555
-4.739e+06	300.735	307.965	307.755	299.136	323.587	311.42	323.756	336.292	322.932	359.458	394.374	290.825	302.493	314.344	326.526	314.529	349.936	383.784
-4.738e+06	298.411	305.572	305.399	296.831	321.28	309.091	321.338	333.787	320.352	356.914	391.917	290.437	302.155	314.068	326.314	314.228	349.77	383.714
-4.737e+06	295.47	302.855	302.679	294.037	318.446	306.076	318.258	330.722	317.6	354.12	389.067	289.881	301.643	313.611	325.898	313.75	349.412	383.354
-4.736e+06	292.223	299.768	299.576	290.846	315.131	302.771	315.027	327.648	314.636	351.123	386.067	289.262	301.061	313.076	325.329	313.198	348.955	382.824
-4.735e+06	289.872	297.443	297.243	288.538	312.573	300.541	312.883	325.481	312.428	348.747	383.564	288.716	300.548	312.604	324.803	312.712	348.55	382.494
-4.734e+06	287.847	295.411	295.374	286.685	310.542	298.811	311.139	323.73	310.657	346.893	381.649	288.248	300.115	312.208	324.368	312.313	348.241	382.317
-4.733e+06	286.356	293.817	294.115	285.49	309.143	297.621	309.928	322.505	309.48	345.636	380.323	287.692	299.596	311.698	323.845	311.832	347.858	382.067
-4.732e+06	285.088	292.55	293.171	284.588	308.131	296.68	308.984	321.564	308.603	344.76	379.449	287.055	298.995	311.078	323.223	311.272	347.392	381.727
-4.731e+06	284.286	291.662	292.471	283.983	307.401	296.013	308.315	320.896	307.999	344.155	378.842	286.377	298.343	310.397	322.539	310.653	346.841	381.272
-4.73e+06	283.696	290.996	291.933	283.524	306.845	295.503	307.821	320.416	307.567	343.754	378.471	285.839	297.827	309.885	322.027	310.17	346.41	380.919
-4.729e+06	283.421	290.652	291.605	283.276	306.502	295.146	307.549	320.157	307.353	343.573	378.321	285.467	297.478	309.58	321.743	309.856	346.152	380.739
-4.728e+06	283.299	290.479	291.397	283.138	306.292	295.044	307.382	320.039	307.266	343.543	378.346	285.21	297.247	309.398	321.626	309.664	346.028	380.7
-4.727e+06	283.819	290.95	291.6	283.419	306.483	295.358	307.572	320.334	307.592	343.915	378.76	285.041	297.106	309.304	321.602	309.564	345.999	380.759
-4.726e+06	284.631	291.736	292.016	283.898	306.91	295.882	308.145	320.733	308.143	344.557	379.487	285.011	297.105	309.35	321.716	309.605	346.115	380.964
-4.725e+06	286.188	293.145	293.228	285.199	308.132	297.22	309.526	322.147	309.474	345.888	380.794	285.188	297.311	309.601	322.03	309.852	346.439	381.364
-4.724e+06	287.758	294.736	294.668	286.702	309.595	298.925	311.297	323.986	311.041	347.667	382.786	285.602	297.759	310.099	322.595	310.347	347.003	381.84
-4.723e+06	290.253	297.347	297.244	289.113	312.095	301.236	313.833	326.638	313.651	350.451	385.721	286.289	298.488	310.883	323.45	311.101	347.668	382.92
-4.722e+06	293.127	300.226	300.108	291.919	314.949	304.083	316.572	329.431	316.588	353.622	388.926	287.283	299.521	311.967	324.599	311.975	348.913	384.276
-4.721e+06	295.254	302.42	302.291	293.954	317.143	306.239	318.847	331.775	318.805	355.904	391.699	288.619	300.918	313.437	326.154	313.486	350.604	386.134
-4.72e+06	297.052	304.264	304.126	295.682	318.98	308.065	320.773	333.805	320.664	358.089	394.159	289.667	302.037	314.639	327.453	314.722	352.05	387.788
-4.719e+06	297.272	304.56	304.414	295.895	319.387	308.396	321.227	334.361	321.047	358.716	395.259	290.346	302.79	315.477	328.388	315.581	353.125	389.082
-4.718e+06	296.878	304.279	304.126	295.542	319.144	308.063	320.87	334.022	320.787	358.642	395.187	290.721	303.232	315.997	328.999	316.114	353.856	390.015
-4.717e+06	295.887	303.444	303.265	294.648	318.34	307.129	320.094	333.462	320.111	358.176	394.889	290.945	303.519	316.358	329.443	316.482	354.407	390.753
-4.716e+06	294.742	302.256	302.065	293.453	317.124	306.18	319.255	332.679	319.109	357.433	394.291	291.062	303.688	316.587	329.744	316.714	354.789	391.289
-4.715e+06	294.965	302.196	301.997	293.631	317.049	306.394	319.482	332.922	319.169	357.651	394.534	291.213	303.886	316.841	330.062	316.961	355.173	391.809
-4.714e+06	295.636	302.757	302.559	294.281	317.671	307.087	320.225	333.717	319.875	358.49	395.498	291.453	304.174	317.185	330.472	317.272	355.648	392.422
-4.713e+06	297.233	304.345	304.134	295.858	319.16	308.707	321.886	335.419	321.512	360.219	397.318	291.708	304.474	317.536	330.883	317.569	356.116	393.016
-4.712e+06	299.174	306.385	306.174	297.796	321.185	310.72	324.003	337.609	323.6	362.493	399.772	292.005	304.819	317.936	331.345	317.903	356.639	393.675
-4.711e+06	300.622	307.924	307.715	299.286	322.769	312.209	325.639	339.347	325.201	364.363	401.906	292.204	305.067	318.241	331.714	318.108	357.069	394.248
-4.71e+06	301.958	309.273	309.064	300.601	324.151	313.608	327.077	340.871	326.599	365.989	403.757	292.248	305.158	318.386	331.921	318.113	357.283	394.648
-4.709e+06	302.033	309.486	309.276	300.757	324.457	313.805	327.411	341.316	326.885	366.57	404.638	292.088	305.045	318.327	331.903	317.876	357.211	394.845
-4.708e+06	301.585	309.143	308.93	300.365	324.154	313.474	327.269	341.25	326.692	366.567	404.836	291.687	304.691	318.013	331.533	317.513	356.817	394.69
-4.707e+06	300.669	308.024	307.81	299.317	323.055	312.637	326.488	340.545	325.815	365.925	404.396	291.029	304.079	317.341	330.824	316.97	356.109	394.153
-4.706e+06	299.499	306.691	306.506	298.143	321.846	311.505	325.387	339.453	324.437	364.802	403.494	290.107	303.117	316.298	329.752	316.144	355.347	393.166
-4.705e+06	297.787	305.006	304.822	296.423	320.141	309.821	323.625	337.583	322.499	362.908	401.81	289.122	302.027	315.145	328.677	315.223	354.496	392.299
-4.704e+06	295.794	303.072	302.888	294.459	318.139	307.751	321.379	335.31	320.553	360.712	399.557	288.21	301.032	314.109	327.846	314.371	353.703	391.567
-4.703e+06	293.202	300.648	300.456	291.938	315.559	305.085	318.677	332.823	318.188	358.369	397.105	287.369	300.152	313.275	327.083	313.59	352.977	390.9
-4.702e+06	290.353	297.867	297.671	289.107	312.602	302.192	316.056	330.237	315.564	355.755	394.489	286.661	299.449	312.619	326.447	312.944	352.381	390.36
-4.701e+06	288.249	295.756	295.558	287.014	310.294	300.276	314.129	328.272	313.53	353.642	392.337	286.071	298.91	312.057	325.931	312.418	351.909	389.945
-4.7e+06	286.249	293.659	293.816	285.338	308.419	298.681	312.506	326.635	311.858	351.927	390.605	285.655	298.54	311.71	325.576	312.059	351.59	389.668
-4.699e+06	285.66	292.98	293.195	284.796	307.676	298.113	311.895	325.989	311.285	351.249	389.821	285.522	298.451	311.677	325.493	311.988	351.567	389.693
-4.698e+06	285.729	293.011	293.09	284.74	307.52	298.02	311.797	325.895	311.251	351.22	389.788	285.627	298.601	311.88	325.622	312.16	351.795	389.948
-4.697e+06	286.264	293.481	293.363	285.085	307.767	298.256	312.107	326.213	311.616	351.608	390.19	285.947	298.963	312.294	326.083	312.546	352.185	390.297
-4.696e+06	286.823	293.987	293.833	285.612	308.235	298.82	312.572	326.773	312.194	352.26	390.904	286.47	299.542	312.936	326.788	313.135	352.781	391.188
-4.695e+06	286.58	293.732	293.569	285.362	308.008	298.635	312.372	326.637	312.038	352.254	391.045	286.919	300.056	313.523	327.447	313.526	353.55	392.094
-4.694e+06	286.046	293.174	293.006	284.826	307.45	298.139	311.9	326.146	311.554	351.845	390.715	287.144	300.348	313.889	327.887	313.924	354.102	392.796
-4.693e+06	284.633	291.731	291.933	283.773	306.389	297.126	310.836	325.149	310.559	350.935	389.894	287.154	300.418	314.029	328.097	314.093	354.413	393.251
-4.692e+06	280.224	287.18	288.059	279.983	302.366	293.289	306.808	321.185	306.688	346.933	385.793	287.046	300.367	314.041	328.172	314.128	354.578	393.547
-4.691e+06	271.107	277.626	278.997	271.465	292.829	284.391	297.575	311.596	297.661	337.011	375.052	286.91	300.281	314.012	328.201	314.118	354.683	393.769
-4.69e+06	268.273	274.47	276.031	269.051	289.783	281.859	294.932	308.701	295.19	334.312	372.141	286.836	300.254	314.037	328.279	314.148	354.827	394.019
-4.689e+06	277.518	283.768	284.681	277.776	298.924	290.86	304.232	318.239	304.474	344.323	382.802	286.849	300.309	314.142	328.434	314.245	355.041	394.33
-4.688e+06	280.411	286.798	287.02	279.865	301.318	293.205	306.669	320.737	306.758	346.856	385.555	286.933	300.439	314.324	328.668	314.418	355.339	394.735
-4.687e+06	282.855	289.387	289.417	282.048	303.72	295.555	309.104	323.236	309.102	349.456	388.333	287.024	300.578	314.515	328.913	314.583	355.65	395.161
-4.686e+06	285.357	291.952	291.93	284.463	306.252	298.04	311.688	325.905	311.705	352.28	391.352	287.116	300.72	314.712	329.166	314.726	355.972	395.606
-4.685e+06	288.347	294.975	294.926	287.345	309.229	300.985	314.735	329.038	314.756	355.552	394.824	287.136	300.796	314.85	329.368	314.769	356.25	396.038
-4.684e+06	291.505	298.171	298.103	290.454	312.42	303.929	317.97	332.418	318.01	359.076	398.598	287.055	300.755	314.855	329.419	314.643	356.273	396.235
-4.683e+06	295.313	302.034	301.95	294.152	316.217	307.701	321.655	336.228	321.852	363.209	402.732	287.368	301.11	315.257	329.866	314.937	356.702	396.832
-4.682e+06	299.292	306.069	305.972	298.049	320.239	311.745	325.838	340.434	325.906	367.364	407.514	287.859	301.651	315.851	330.515	315.471	357.368	397.663
-4.681e+06	302.23	309.131	309.023	300.868	323.309	314.746	329.026	343.806	328.949	370.944	411.586	288.481	302.333	316.599	331.321	316.228	358.222	398.715
-4.68e+06	304.71	311.707	311.589	303.265	325.88	317.29	331.72	346.648	331.497	373.937	414.948	288.971	302.884	317.216	331.954	316.849	358.916	399.637
-4.679e+06	305.169	312.431	312.287	303.823	326.772	317.984	332.553	347.595	332.354	375.062	416.774	289.378	303.354	317.753	332.495	317.382	359.532	400.485
-4.678e+06	304.91	312.24	312.085	303.49	326.661	317.835	332.58	347.848	332.399	375.463	417.128	289.694	303.731	318.194	332.934	317.817	360.052	401.225
-4.677e+06	304.299	311.397	311.241	302.903	325.934	317.363	332.208	347.563	331.578	375.239	417.145	289.976	304.063	318.58	333.331	318.192	360.512	401.838
-4.676e+06	303.444	310.602	310.466	302.116	325.231	316.59	331.432	346.749	330.63	374.389	416.789	290.486	304.618	319.185	334.002	318.784	361.247	402.646
-4.675e+06	303.415	310.731	310.567	302.187	325.331	316.596	331.395	346.666	330.782	374.216	416.864	291.135	305.321	319.946	334.841	319.528	362.165	403.661
-4.674e+06	303.778	311.195	311.015	302.608	325.794	317.018	331.832	347.26	331.33	374.884	417.595	291.744	305.994	320.685	335.666	320.108	363.086	404.716
-4.673e+06	304.784	312.241	312.052	303.656	326.825	318.085	332.948	348.516	332.441	376.156	418.93	292.204	306.513	321.267	336.329	320.704	363.836	405.596
-4.672e+06	306.147	313.603	313.414	305.014	328.194	319.531	334.444	350.108	333.865	377.805	420.786	292.647	307.017	321.837	336.98	321.299	364.579	406.482
-4.671e+06	306.658	314.177	313.984	305.554	328.833	320.161	335.172	350.977	334.532	378.783	422.071	292.938	307.368	322.252	337.473	321.731	365.158	407.205
-4.67e+06	306.811	314.359	314.16	305.721	329.056	320.374	335.589	351.486	334.868	379.348	422.785	293.049	307.535	322.479	337.773	321.967	365.533	407.717
-4.669e+06	305.865	313.236	313.034	304.56	327.985	319.512	334.862	350.861	334.041	378.809	422.213	292.971	307.511	322.513	337.878	321.966	365.705	408.024
-4.668e+06	304.479	311.576	311.376	303.086	326.317	318.179	333.591	349.644	332.569	377.595	421.098	292.728	307.316	322.37	337.8	321.727	365.684	408.123
-4.667e+06	302.887	309.86	309.705	301.493	324.699	316.609	332.04	347.997	330.676	376.001	419.71	292.356	306.986	322.086	337.513	321.284	365.484	408.042
-4.666e+06	301.134	308.166	308.011	299.766	322.944	314.814	330.146	345.994	328.72	373.988	417.952	291.946	306.61	321.718	337.082	320.81	365.117	407.866
-4.665e+06	300.693	307.743	307.585	299.366	322.381	314.293	329.521	345.25	328.268	373.157	417.127	291.567	306.261	321.308	336.635	320.506	364.707	407.673
-4.664e+06	300.807	307.83	307.669	299.463	322.392	314.424	329.661	345.406	328.403	373.294	417.347	291.225	305.937	320.904	336.212	320.243	364.314	407.444
-4.663e+06	301.948	308.916	308.754	300.6	323.4	315.59	330.873	346.616	329.554	374.507	418.523	290.861	305.544	320.47	335.779	319.969	363.921	407.187
-4.662e+06	303.509	310.447	310.282	302.167	324.914	317.221	332.586	348.417	331.11	376.337	420.434	290.308	304.913	319.823	335.334	319.515	363.554	406.703
-4.661e+06	303.629	310.607	310.44	302.31	325.157	317.477	332.975	348.949	331.46	376.996	421.371	289.519	304.044	318.974	334.701	318.849	362.976	405.866
-4.66e+06	303.252	310.243	310.075	301.952	324.822	317.185	332.765	348.829	331.178	376.918	421.436	288.652	303.127	318.226	333.988	318.112	362.318	405.239
-4.659e+06	300.669	307.792	307.623	299.408	322.444	314.673	330.306	346.433	328.675	374.707	419.599	287.7	302.147	317.374	333.163	317.268	361.554	404.556
-4.658e+06	297.022	304.28	304.103	295.767	318.808	310.982	326.652	342.975	325.33	371.196	415.92	286.719	301.147	316.472	332.285	316.38	360.729	403.796
-4.657e+06	293.052	300.305	300.129	291.777	314.712	307.117	322.908	339.171	321.431	367.317	411.947	285.698	300.141	315.482	331.309	315.41	359.783	402.884
-4.656e+06	289.13	296.24	296.07	287.91	310.588	303.28	318.896	334.92	317.228	362.927	407.433	284.901	299.33	314.68	330.513	314.63	359.008	402.117
-4.655e+06	286.747	293.535	293.691	285.825	308.217	301.069	316.458	332.238	314.76	360.007	404.145	284.45	298.926	314.232	330.074	314.205	358.596	401.717
-4.654e+06	284.926	291.62	292.199	284.405	306.619	299.594	314.965	330.673	313.327	358.346	402.347	284.297	298.823	314.007	329.949	314.089	358.503	401.644
-4.653e+06	284.816	291.398	291.862	284.155	306.151	299.285	314.632	330.331	313.02	357.96	401.793	284.455	299.03	314.238	330.094	314.294	358.743	401.746
-4.652e+06	285.378	291.928	291.961	284.39	306.208	299.529	314.895	330.631	313.389	358.324	402.117	284.938	299.561	314.809	330.579	314.826	359.122	402.41
-4.651e+06	286.276	292.916	292.824	285.175	306.913	300.335	315.755	331.53	314.347	359.298	403.076	285.725	300.411	315.715	331.541	315.541	360.142	403.531
-4.65e+06	287.454	294.067	293.947	286.32	308.008	301.396	316.815	332.738	315.595	360.613	404.287	286.583	301.345	316.72	332.618	316.48	361.326	404.848
-4.649e+06	289.277	295.86	295.729	288.107	309.746	303.227	318.674	334.526	317.378	362.429	406.356	287.399	302.242	317.692	333.667	317.478	362.487	406.167
-4.648e+06	291.362	297.788	297.67	290.171	311.755	305.362	320.893	336.836	319.519	364.866	408.942	288.102	303.022	318.547	334.598	318.349	363.524	407.366
-4.647e+06	293.775	300.238	300.087	292.439	314.122	307.889	323.52	339.564	322.177	367.733	411.783	288.816	303.815	319.415	335.545	319.225	364.577	408.59
-4.646e+06	296.329	302.982	302.827	295.074	316.868	310.396	326.166	342.419	325.022	370.596	415.019	289.426	304.505	320.182	336.392	319.99	365.526	409.718
-4.645e+06	297.959	304.669	304.51	296.691	318.636	312.132	327.968	344.251	326.848	372.789	417.647	289.859	305.013	320.763	337.049	320.564	366.272	410.637
-4.644e+06	299.229	305.974	305.813	297.943	319.986	313.483	329.431	345.831	328.241	374.532	419.639	290.171	305.397	321.219	337.58	321.006	366.886	411.423
-4.643e+06	299.5	306.319	306.156	298.235	320.419	313.866	329.892	346.371	328.695	375.315	420.789	290.299	305.595	321.486	337.92	321.253	367.301	412.005
-4.642e+06	299.277	306.285	306.116	298.099	320.407	313.704	329.806	346.456	328.725	375.35	421.297	290.275	305.634	321.587	338.087	321.267	367.526	412.38
-4.641e+06	298.974	306.113	305.936	297.841	320.211	313.564	329.841	346.579	328.706	375.501	421.48	290.162	305.577	321.587	338.147	321.117	367.632	412.619
-4.64e+06	298.837	305.846	305.664	297.598	319.917	313.507	329.851	346.664	328.654	375.641	421.502	289.96	305.43	321.496	338.099	320.84	367.642	412.759
-4.639e+06	298.898	305.722	305.537	297.648	319.783	313.603	330.001	346.877	328.746	375.889	421.748	289.613	305.137	321.259	337.816	320.395	367.454	412.763
-4.638e+06	299.008	305.673	305.487	297.75	319.881	313.753	330.211	347.155	328.9	376.209	422.232	289.14	304.714	320.831	337.321	319.978	367.017	412.604
-4.637e+06	299.013	305.587	305.426	297.75	319.891	313.804	330.323	347.337	328.947	376.436	422.627	288.596	304.209	320.248	336.694	319.525	366.415	412.272
-4.636e+06	298.972	305.563	305.403	297.704	319.845	313.805	330.381	347.46	328.899	376.594	422.937	288.125	303.763	319.729	336.145	319.128	365.875	411.904
-4.635e+06	298.444	305.069	304.907	297.169	319.339	313.327	329.972	347.12	328.313	376.315	422.843	287.785	303.45	319.379	335.8	318.862	365.555	411.691
-4.634e+06	297.719	304.362	304.2	296.436	318.597	312.631	329.31	346.396	327.412	375.735	422.387	287.532	303.229	319.151	335.65	318.681	365.444	411.605
-4.633e+06	296.633	303.308	303.145	295.319	317.489	311.537	328.136	345.168	326.138	374.653	421.572	287.341	303.077	319.031	335.584	318.575	365.432	411.665
-4.632e+06	295.305	302.046	301.883	294.012	316.156	310.106	326.61	343.596	324.88	373.115	420.326	287.073	302.844	318.835	335.43	318.385	365.326	411.631
-4.631e+06	294.234	301.076	300.914	292.989	315.093	308.953	325.374	342.56	323.928	371.844	419.112	286.851	302.653	318.698	335.304	318.229	365.239	411.602
-4.63e+06	293.297	300.227	300.065	292.077	314.14	307.967	324.463	341.771	323.112	371.057	418.127	286.887	302.714	318.815	335.367	318.321	365.29	411.785
-4.629e+06	292.88	299.836	299.673	291.679	313.658	307.517	324.117	341.428	322.763	370.718	417.622	287.256	303.114	319.274	335.892	318.757	365.843	412.348
-4.628e+06	292.703	299.628	299.466	291.497	313.401	307.34	323.979	341.312	322.622	370.639	417.569	287.738	303.642	319.871	336.571	319.33	366.58	413.142
-4.627e+06	292.703	299.576	299.414	291.487	313.315	307.381	324.012	341.367	322.655	370.73	417.739	288.109	304.065	320.368	337.153	319.644	367.231	413.881
-4.626e+06	292.792	299.624	299.461	291.568	313.34	307.529	324.153	341.541	322.795	370.953	418.07	288.375	304.383	320.759	337.629	320.01	367.78	414.533
-4.625e+06	292.604	299.41	299.248	291.378	313.124	307.411	324.044	341.478	322.683	370.955	418.218	288.529	304.589	321.036	337.986	320.317	368.209	415.069
-4.624e+06	292.326	299.106	298.944	291.098	312.807	307.189	323.825	341.295	322.463	370.822	418.198	288.594	304.704	321.218	338.245	320.523	368.535	415.501
-4.623e+06	291.884	298.642	298.48	290.655	312.332	306.797	323.444	340.95	322.082	370.53	418.02	288.582	304.739	321.317	338.416	320.64	368.766	415.835
-4.622e+06	291.388	298.122	297.961	290.156	311.793	306.312	322.993	340.53	321.635	370.154	417.732	288.486	304.687	321.324	338.491	320.657	368.894	416.061
-4.621e+06	290.961	297.671	297.51	289.72	311.309	305.875	322.596	340.16	321.245	369.822	417.447	288.319	304.559	321.249	338.477	320.54	368.924	416.177
-4.62e+06	290.548	297.236	297.075	289.3	310.843	305.459	322.219	339.81	320.875	369.514	417.179	288.145	304.424	321.167	338.455	320.378	368.944	416.284
-4.619e+06	290.211	296.873	296.713	288.957	310.448	305.128	321.913	339.53	320.579	369.273	416.976	287.902	304.219	321.011	338.354	320.11	368.883	416.306
-4.618e+06	289.903	296.543	296.383	288.644	310.089	304.845	321.645	339.289	320.32	369.077	416.848	287.582	303.935	320.775	338.112	319.734	368.739	416.246
-4.617e+06	289.537	296.159	295.999	288.275	309.681	304.507	321.324	339	320.008	368.837	416.683	287.146	303.539	320.409	337.695	319.288	368.442	416.107
-4.616e+06	289.146	295.749	295.59	287.879	309.244	304.134	320.972	338.677	319.668	368.559	416.456	286.443	302.878	319.688	336.947	318.703	367.776	415.729
-4.615e+06	288.33	294.936	294.777	287.073	308.421	303.319	320.225	337.968	318.931	367.912	415.821	285.573	301.97	318.697	335.92	317.914	366.763	414.914
-4.614e+06	287.31	293.959	293.801	286.089	307.414	302.274	319.282	337.046	318.005	367.023	414.783	284.82	301.162	317.828	335.074	317.224	365.869	414.088
-4.613e+06	285.962	292.69	292.532	284.768	306.099	300.908	318.05	335.833	316.793	365.843	413.376	284.141	300.452	317.078	334.464	316.603	365.274	413.353
-4.612e+06	284.261	291.074	291.15	283.303	304.592	299.393	316.679	334.467	315.451	364.489	411.993	283.563	299.88	316.484	333.956	316.083	364.799	412.784
-4.611e+06	282.967	289.761	290.161	282.326	303.509	298.405	315.714	333.482	314.522	363.484	410.961	283.099	299.44	316.049	333.536	315.662	364.397	412.352
-4.61e+06	282.001	288.71	289.387	281.616	302.712	297.695	314.981	332.748	313.824	362.768	410.267	282.909	299.279	315.948	333.41	315.531	364.302	412.303
-4.609e+06	282.016	288.645	289.264	281.559	302.535	297.611	314.876	332.632	313.757	362.658	410.139	282.943	299.345	316.073	333.47	315.631	364.359	412.508
-4.608e+06	282.401	288.98	289.396	281.745	302.647	297.858	315.073	332.847	313.986	362.925	410.356	283.187	299.625	316.413	333.866	315.949	364.79	412.963
-4.607e+06	283.39	289.932	289.976	282.363	303.191	298.535	315.536	333.502	314.65	363.631	411.148	283.636	300.114	316.965	334.48	316.455	365.454	413.665
-4.606e+06	284.295	290.804	290.751	283.17	303.959	299.417	316.46	334.228	315.538	364.361	412.306	284.378	300.894	317.802	335.372	317.133	366.391	414.635
-4.605e+06	285.471	291.946	291.867	284.302	305.061	300.625	317.734	335.526	316.745	365.739	413.819	285.453	302.028	319.015	336.662	318.382	367.769	416.118
-4.604e+06	286.763	293.21	293.121	285.57	306.325	301.981	319.168	337.033	317.902	367.348	415.573	286.451	303.104	320.188	337.932	319.582	369.16	417.586
-4.603e+06	288.382	294.612	294.552	287.162	307.807	303.662	320.927	338.868	319.659	369.285	417.601	287.275	304.008	321.188	339.03	320.599	370.38	418.785
-4.602e+06	290.095	296.391	296.263	288.703	309.525	305.445	322.853	340.883	321.582	371.423	419.691	287.977	304.786	322.06	339.996	321.479	371.458	420.135
-4.601e+06	291.357	297.894	297.761	290.101	311.05	306.779	324.467	342.609	323.181	373.303	421.919	288.566	305.451	322.816	340.846	322.236	372.413	421.356
-4.6e+06	292.708	299.26	299.123	291.423	312.432	308.205	325.934	344.174	324.627	374.994	423.919	288.995	305.954	323.408	341.528	322.822	373.193	422.394
-4.599e+06	293.25	299.863	299.723	291.978	313.092	308.873	326.675	345.034	325.336	376.004	425.295	289.243	306.268	323.801	342.005	323.205	373.748	423.168
-4.598e+06	293.415	300.174	300.028	292.209	313.42	309.134	327.087	345.534	325.712	376.592	426.164	289.367	306.45	324.054	342.332	323.442	374.135	423.595
-4.597e+06	293.174	300.031	299.874	291.992	313.283	308.983	327.144	345.677	325.728	376.814	426.626	289.401	306.537	324.208	342.554	323.575	374.402	423.75
-4.596e+06	292.938	299.642	299.48	291.622	312.877	308.81	327.018	345.62	325.563	376.804	426.612	289.313	306.5	324.234	342.646	323.525	374.533	423.873
-4.595e+06	292.882	299.39	299.225	291.551	312.616	308.794	327.026	345.682	325.534	376.885	426.577	289.161	306.394	324.184	342.656	323.326	374.571	424.077
-4.594e+06	292.872	299.209	299.05	291.53	312.586	308.827	327.093	345.807	325.536	377.039	426.757	288.927	306.206	324.053	342.551	323.003	374.527	424.196
-4.593e+06	292.895	299.196	299.064	291.549	312.597	308.898	327.197	345.966	325.552	377.222	427.117	288.476	305.8	323.675	342.109	322.418	374.252	424.091
-4.592e+06	292.932	299.244	299.11	291.58	312.62	308.983	327.318	346.143	325.582	377.428	427.497	287.836	305.191	323.001	341.393	321.813	373.66	423.788
-4.591e+06	292.549	298.881	298.745	291.198	312.254	308.662	327.046	345.938	325.176	377.271	427.543	287.083	304.374	322.112	340.457	321.131	372.758	423.194
-4.59e+06	292.007	298.351	298.213	290.654	311.699	308.162	326.578	345.437	324.518	376.867	427.281	286.422	303.649	321.337	339.721	320.529	371.957	422.638
-4.589e+06	290.887	297.258	297.118	289.521	310.583	307.079	325.467	344.238	323.255	375.857	426.504	285.83	303.022	320.683	339.213	319.998	371.309	422.166
-4.588e+06	289.519	295.9	295.76	288.141	309.175	305.686	323.89	342.571	321.905	374.252	425.243	285.371	302.558	320.201	338.823	319.591	370.927	421.798
-4.587e+06	287.94	294.41	294.269	286.603	307.608	304.015	322.076	340.883	320.412	372.385	423.658	285.046	302.275	319.927	338.594	319.336	370.733	421.645
-4.586e+06	286.191	292.816	292.672	284.891	305.862	302.18	320.257	339.278	318.811	370.702	421.681	284.722	301.993	319.676	338.35	319.073	370.518	421.467
-4.585e+06	285.001	291.705	291.556	283.736	304.595	300.914	319.152	338.143	317.72	369.52	420.067	284.53	301.836	319.577	338.224	318.933	370.337	421.388
-4.584e+06	284.011	290.739	290.688	282.858	303.64	299.979	318.305	337.287	316.887	368.663	419.089	284.57	301.909	319.705	338.241	319.023	370.505	421.536
-4.583e+06	283.472	290.14	290.181	282.412	303.089	299.507	317.833	336.8	316.437	368.17	418.572	284.852	302.23	320.083	338.649	319.368	370.954	421.984
-4.582e+06	283.166	289.764	289.848	282.136	302.73	299.279	317.557	336.529	316.182	367.926	418.307	285.214	302.642	320.565	339.204	319.785	371.548	422.631
-4.581e+06	282.678	289.214	289.402	281.752	302.282	298.951	317.189	336.174	315.835	367.612	418.086	285.479	302.965	320.963	339.681	320.009	372.084	423.257
-4.58e+06	282.158	288.635	288.956	281.36	301.828	298.608	316.81	335.808	315.478	367.284	417.851	285.598	303.145	321.221	340.02	320.292	372.491	423.778
-4.579e+06	281.313	287.741	288.321	280.759	301.184	298.056	316.235	335.253	314.925	366.778	417.454	285.534	303.13	321.271	340.14	320.366	372.662	424.04
-4.578e+06	280.34	286.712	287.611	280.084	300.455	297.418	315.568	334.597	314.283	366.155	416.907	285.431	303.074	321.277	340.21	320.39	372.778	424.243
-4.577e+06	279.691	285.999	287.088	279.621	299.913	296.979	315.093	334.12	313.836	365.694	416.48	285.225	302.911	321.17	340.163	320.297	372.77	424.316
-4.576e+06	269.026	274.89	276.33	269.364	288.663	286.272	303.924	322.468	302.835	353.514	403.251	285.019	302.741	321.049	340.094	320.166	372.729	424.338
-4.575e+06	277.728	283.703	284.463	277.624	297.208	294.844	312.689	331.515	311.699	363.136	413.67	284.866	302.619	320.968	340.057	320.057	372.708	424.363
-4.574e+06	280.256	286.269	286.429	279.562	299.294	296.843	314.778	333.824	313.86	365.562	416.186	284.818	302.604	320.997	340.132	320.061	372.806	424.518
-4.573e+06	283.003	289.008	289.046	282.172	301.918	299.524	317.549	336.465	316.588	368.263	419.092	284.841	302.664	321.106	340.291	320.139	373	424.785
-4.572e+06	285.997	291.981	292	285.109	304.903	302.58	320.725	339.587	319.65	371.527	422.733	284.811	302.682	321.182	340.427	320.161	373.189	425.082
-4.571e+06	288.811	294.658	294.648	287.854	307.688	305.469	323.762	342.772	322.413	374.901	426.121	284.701	302.62	321.178	340.48	320.056	373.3	425.309
-4.57e+06	291.562	297.502	297.437	290.558	310.311	308.311	326.746	345.897	325.371	378.185	429.756	284.551	302.506	321.109	340.405	319.868	373.308	425.395
-4.569e+06	293.498	299.576	299.499	292.43	312.398	310.35	328.959	348.29	327.543	380.784	432.864	284.535	302.531	321.183	340.493	319.865	373.472	425.649
-4.568e+06	295.111	301.245	301.133	293.99	314.087	312.043	330.79	350.263	329.329	382.899	435.382	284.527	302.562	321.262	340.58	319.906	373.638	425.902
-4.567e+06	296.139	302.196	302.061	294.97	315.079	313.162	332.056	351.682	330.544	384.476	437.39	284.605	302.683	321.433	340.76	320.09	373.905	426.267
-4.566e+06	296.923	302.889	302.814	295.703	315.885	314.008	333.021	352.771	331.379	385.679	438.858	284.714	302.832	321.63	340.97	320.297	374.189	426.641
-4.565e+06	296.944	302.988	302.907	295.695	316.03	314.118	333.258	353.136	331.312	386.183	439.37	284.897	303.064	321.917	341.315	320.589	374.585	427.151
-4.564e+06	296.603	302.783	302.693	295.377	315.83	313.842	333.01	352.903	330.962	386.194	439.452	285.071	303.287	322.196	341.67	320.869	374.978	427.664
-4.563e+06	295.348	301.804	301.692	294.152	314.826	312.635	331.85	351.825	330.06	385.19	439.077	285.248	303.514	322.481	342.032	321.152	375.381	428.193
-4.562e+06	293.748	300.275	300.146	292.515	313.223	311.085	330.424	350.62	328.769	383.617	437.902	285.508	303.814	322.826	342.439	321.492	375.809	428.711
-4.561e+06	293.091	299.41	299.278	291.867	312.247	310.496	329.854	350.056	328.076	382.972	436.878	286.043	304.388	323.444	343.116	321.99	376.508	429.493
-4.56e+06	292.814	298.874	298.743	291.549	311.864	310.211	329.609	349.846	327.705	382.755	436.446	286.739	305.143	324.263	344.014	322.848	377.466	430.596
-4.559e+06	293.817	299.8	299.689	292.527	312.751	311.194	330.596	350.83	328.638	383.674	437.262	287.346	305.814	325.004	344.837	323.62	378.36	431.655
-4.558e+06	295.322	301.314	301.183	294.017	314.199	312.748	332.216	352.51	330.222	385.397	439.209	287.965	306.492	325.747	345.658	324.387	379.244	432.447
-4.557e+06	297.429	303.482	303.347	296.04	316.315	314.909	334.449	354.809	332.418	387.663	441.784	288.631	307.222	326.547	346.539	325.203	380.197	433.525
-4.556e+06	299.693	305.916	305.779	298.391	318.755	317.25	336.905	357.462	334.93	390.42	444.833	289.202	307.861	327.258	347.334	325.922	381.065	434.664
-4.555e+06	301.334	307.607	307.468	300.018	320.497	319.013	338.756	359.314	336.735	392.664	447.439	289.634	308.359	327.83	347.99	326.495	381.795	435.659
-4.554e+06	302.734	309.031	308.89	301.397	321.956	320.505	340.366	361.021	338.235	394.511	449.568	289.89	308.674	328.211	348.447	326.87	382.307	436.388
-4.553e+06	303.553	309.922	309.779	302.245	322.906	321.472	341.431	362.154	339.219	395.869	451.248	290.037	308.877	328.475	348.782	327.122	382.685	436.853
-4.552e+06	304.104	310.622	310.477	302.891	323.641	322.159	342.165	363.003	339.978	396.935	452.574	290.089	308.977	328.63	349.003	327.255	382.936	437.107
-4.551e+06	304.867	311.533	311.383	303.713	324.568	323.018	343.072	364.138	340.934	398.148	453.996	290.132	309.07	328.778	349.214	327.321	383.176	437.307
-4.55e+06	305.705	312.474	312.315	304.59	325.534	323.954	344.184	365.359	341.962	399.452	455.532	290.146	309.126	328.882	349.34	327.298	383.352	437.552
-4.549e+06	307.034	313.822	313.659	305.896	326.885	325.323	345.698	366.949	343.377	401.104	457.375	290.139	309.161	328.961	349.375	327.227	383.505	437.871
-4.548e+06	308.541	315.342	315.176	307.387	328.423	326.906	347.386	368.734	344.966	402.975	459.485	290.014	309.082	328.863	349.25	327.019	383.556	438.091
-4.547e+06	309.96	316.78	316.611	308.778	329.885	328.407	349.002	370.462	346.479	404.807	461.603	289.764	308.86	328.572	348.95	326.72	383.482	438.182
-4.546e+06	311.329	318.131	317.961	310.103	331.272	329.837	350.566	372.134	347.938	406.571	463.64	289.342	308.388	328.059	348.436	326.397	383.167	438.091
-4.545e+06	311.559	318.278	318.106	310.233	331.514	330.148	351.093	372.813	348.348	407.394	464.867	288.745	307.696	327.329	347.87	325.89	382.525	437.727
-4.544e+06	311.426	317.912	317.74	309.967	331.177	330.12	351.157	372.98	348.299	407.451	465.366	288.177	307.06	326.685	347.428	325.42	381.884	437.333
-4.543e+06	310.547	316.787	316.622	309.121	330.125	329.364	350.495	372.428	347.52	406.559	465.178	287.705	306.548	326.293	347.068	325.036	381.377	437.023
-4.542e+06	309.393	315.615	315.47	307.989	329.009	328.28	349.444	371.36	346.271	405.3	464.202	287.293	306.117	325.955	346.754	324.7	380.97	436.773
-4.541e+06	307.23	313.628	313.482	305.922	327.024	326.171	347.259	369.171	343.96	403.508	462.074	286.864	305.68	325.577	346.401	324.326	380.59	436.489
-4.54e+06	304.55	311.159	311.005	303.293	324.428	323.453	344.529	366.476	341.318	400.921	459.476	286.374	305.196	325.133	345.986	323.889	380.208	436.162
-4.539e+06	301.048	307.705	307.55	299.747	320.866	319.957	341.176	363.257	338.07	397.31	456.127	285.839	304.683	324.64	345.522	323.405	379.778	435.788
-4.538e+06	297.36	303.91	303.756	296.073	316.954	316.338	337.435	359.279	334.157	393.345	451.769	285.325	304.203	324.157	345.061	322.933	379.342	435.395
-4.537e+06	293.915	300.192	300.042	292.608	313.354	312.691	333.474	355.189	330.172	389.299	447.445	284.864	303.787	323.712	344.631	322.5	378.862	434.993
-4.536e+06	290.446	296.717	296.574	289.157	309.773	308.94	329.509	351.244	326.416	385.044	443.222	284.551	303.518	323.412	344.346	322.216	378.577	434.732
-4.535e+06	288.522	294.738	294.596	287.245	307.598	306.782	327.193	348.909	324.304	382.177	440.029	284.418	303.428	323.193	344.254	322.119	378.553	434.681
-4.534e+06	287.25	293.399	293.258	285.972	306.158	305.476	325.786	347.433	322.961	380.634	438.247	284.453	303.511	323.333	344.356	322.207	378.733	434.865
-4.533e+06	287.129	293.194	293.053	285.849	305.837	305.312	325.508	347.048	322.738	380.266	437.55	284.574	303.682	323.566	344.413	322.388	379.016	435.172
-4.532e+06	287.477	293.464	293.327	286.207	306.074	305.684	325.904	347.3	323.11	380.657	437.808	284.758	303.92	323.868	344.763	322.642	379.389	435.595
-4.531e+06	287.935	293.784	293.637	286.672	306.359	306.184	326.449	347.858	323.698	381.262	438.228	284.95	304.17	324.187	345.147	322.917	379.799	436.081
-4.53e+06	288.329	294.369	294.221	287.119	306.845	306.767	327.088	348.523	324.372	381.969	438.917	285.107	304.384	324.467	345.492	323.156	380.175	436.542
-4.529e+06	288.741	294.814	294.667	287.563	307.278	307.09	327.6	349.079	324.905	382.405	439.69	285.258	304.594	324.745	345.836	323.393	380.556	437.022
-4.528e+06	289.152	295.206	295.059	287.964	307.658	307.548	327.912	349.575	325.378	383.026	440.373	285.323	304.715	324.93	346.082	323.539	380.836	437.399
-4.527e+06	289.912	295.941	295.794	288.711	308.369	308.351	328.738	350.389	326.183	383.958	441.338	285.357	304.802	325.077	346.288	323.649	381.073	437.73
-4.526e+06	290.808	296.818	296.672	289.596	309.239	309.306	329.775	351.247	327.129	385.106	442.579	285.441	304.936	325.266	346.529	323.802	381.341	438.084
-4.525e+06	292.931	298.894	298.748	291.699	311.269	311.455	331.975	353.473	329.074	387.337	444.588	285.658	305.202	325.587	346.886	324.089	381.741	438.569
-4.524e+06	295.534	301.309	301.165	294.286	313.723	314.148	334.775	356.371	331.863	390.143	447.658	285.962	305.559	326.002	347.334	324.468	382.244	439.17
-4.523e+06	299.237	305.128	304.98	297.911	317.524	317.857	338.583	360.303	335.824	394.227	451.832	286.323	305.979	326.485	347.847	324.914	382.83	439.873
-4.522e+06	303.612	309.581	309.432	302.326	321.988	322.393	343.24	365.027	340.239	399.053	457.041	286.689	306.403	326.973	348.356	325.363	383.423	440.59
-4.521e+06	306.18	312.236	312.086	304.859	324.505	325.169	346.274	368.32	343.182	402.614	461.371	287.013	306.792	327.432	348.823	325.783	384.007	441.322
-4.52e+06	308.115	314.229	314.078	306.771	326.481	327.248	348.531	370.754	345.359	405.294	464.48	287.142	306.989	327.684	349.07	326.015	384.418	441.902
-4.519e+06	306.822	313.093	312.941	305.55	325.578	326.256	347.795	370.284	344.448	404.957	465.131	286.986	306.893	327.582	348.974	325.944	384.496	442.125
-4.518e+06	304.257	310.7	310.546	303.052	323.329	323.841	345.496	368.083	342.097	403.048	463.219	286.68	306.637	327.293	348.696	325.71	384.385	442.138
-4.517e+06	301.119	307.376	307.223	299.92	320.062	320.786	342.493	365.115	338.972	399.788	460.414	286.302	306.288	326.911	348.325	325.393	384.169	442.025
-4.516e+06	297.483	303.854	303.709	296.298	316.543	317.035	338.675	361.277	335.133	396.142	456.401	285.963	305.954	326.552	348.018	325.09	383.918	441.828
-4.515e+06	295.652	302.102	301.955	294.445	314.575	314.988	336.513	359.08	333.261	393.664	453.845	285.871	305.882	326.481	347.991	325.018	383.866	441.791
-4.514e+06	294.624	301.145	300.995	293.423	313.501	313.918	335.531	358.112	332.309	392.473	452.693	286.1	306.143	326.801	348.296	325.285	384.184	442.147
-4.513e+06	295.036	301.508	301.358	293.823	313.755	314.28	335.858	358.388	332.635	392.648	452.676	286.472	306.558	327.287	348.855	325.717	384.706	442.745
-4.512e+06	296.003	302.396	302.248	294.765	314.607	315.251	336.774	359.374	333.583	393.69	453.69	286.892	307.032	327.839	349.494	326.216	385.335	443.49
-4.511e+06	296.212	302.574	302.426	294.968	314.818	315.554	337.139	359.791	333.884	394.246	454.411	287.214	307.414	328.306	350.053	326.516	385.908	444.209
-4.51e+06	296.173	302.5	302.352	294.926	314.755	315.577	337.214	359.867	333.884	394.403	454.651	287.355	307.616	328.591	350.43	326.643	386.307	444.765
-4.509e+06	294.788	301.147	300.999	293.555	313.449	314.247	335.863	358.737	332.627	393.411	453.892	287.324	307.642	328.693	350.618	326.758	386.513	445.12
-4.508e+06	292.743	299.227	299.079	291.545	311.488	312.149	333.948	356.895	330.756	391.385	452.098	287.11	307.479	328.6	350.603	326.646	386.511	445.257
-4.507e+06	290.257	296.794	296.645	289.087	308.994	309.886	331.708	354.641	328.508	388.893	449.61	286.694	307.103	328.283	350.349	326.252	386.257	445.111
-4.506e+06	287.875	294.164	294.017	286.705	306.288	307.496	329.283	352.134	326.045	386.385	446.546	286.238	306.682	327.912	349.986	325.787	385.936	444.88
-4.505e+06	286.185	292.2	292.054	285.006	304.435	305.721	327.432	350.082	324.113	384.354	444.025	285.796	306.264	327.529	349.557	325.302	385.575	444.572
-4.504e+06	284.729	290.596	290.451	283.544	302.879	304.213	325.879	348.423	322.538	382.709	442.258	285.425	305.915	327.191	349.187	324.941	385.277	444.319
-4.503e+06	283.628	289.442	289.302	282.435	301.662	303.055	324.671	347.156	321.367	381.401	440.806	285.025	305.54	326.808	348.792	324.612	384.969	444.069
-4.502e+06	282.474	288.282	288.336	281.47	300.608	302.059	323.642	346.11	320.408	380.328	439.641	284.554	305.095	326.333	348.314	324.213	384.602	443.768
-4.501e+06	281.636	287.468	287.694	280.795	299.836	301.352	322.9	345.343	319.737	379.536	438.741	283.976	304.541	325.727	347.705	323.702	384.122	443.35
-4.5e+06	280.959	286.817	287.179	280.252	299.128	300.792	322.322	344.758	319.223	378.957	438.101	283.283	303.847	324.986	346.962	323.074	383.512	442.818
-4.499e+06	280.586	286.579	286.937	279.916	298.854	300.523	322.034	344.457	318.997	378.662	437.576	282.615	303.141	324.229	346.306	322.435	382.777	442.158
-4.498e+06	280.579	286.532	286.825	279.834	298.727	300.4	321.91	344.338	318.926	378.577	437.482	282.181	302.701	323.755	345.904	322.027	382.303	441.706
-4.497e+06	280.911	286.821	286.942	279.989	298.824	300.39	322.021	344.455	319.085	378.73	437.694	281.879	302.414	323.478	345.647	321.762	382.036	441.432
-4.496e+06	281.321	287.201	287.159	280.238	299.033	300.639	322.261	344.716	319.365	378.831	438.104	281.596	302.151	323.266	345.423	321.526	381.818	441.223
-4.495e+06	281.477	287.333	287.255	280.355	299.131	300.807	322.249	344.887	319.534	379.1	438.475	281.377	301.95	323.118	345.209	321.351	381.66	441.071
-4.494e+06	281.576	287.407	287.316	280.436	299.19	300.933	322.38	345.014	319.66	379.352	438.775	281.338	301.932	323.152	345.244	321.363	381.703	441.134
-4.493e+06	281.635	287.447	287.349	280.475	299.215	301.019	322.517	345.116	319.752	379.574	439.061	281.395	302.017	323.293	345.452	321.483	381.876	441.35
-4.492e+06	281.671	287.464	287.361	280.497	299.219	301.082	322.626	345.198	319.823	379.763	439.311	281.599	302.246	323.573	345.793	321.643	382.187	441.697
-4.491e+06	282.377	288.132	288.025	281.181	299.848	301.792	323.36	345.704	320.526	380.523	440.063	282.009	302.682	324.057	346.331	322.03	382.7	442.243
-4.49e+06	283.334	289.066	288.955	282.124	300.774	302.792	324.419	346.805	321.33	381.702	441.306	282.662	303.37	324.8	347.137	322.817	383.502	442.829
-4.489e+06	285.323	290.874	290.77	284.089	302.604	304.802	326.471	348.915	323.368	383.828	443.162	283.448	304.213	325.719	348.139	323.768	384.543	443.976
-4.488e+06	287.593	293.205	293.087	286.263	304.919	307.186	329.039	351.594	325.952	386.335	446.203	284.159	304.983	326.568	349.073	324.639	385.524	445.188
-4.487e+06	290.402	296.126	296.005	289.108	307.824	309.981	331.829	354.52	328.981	389.637	449.562	284.959	305.851	327.521	350.12	325.605	386.632	446.541
-4.486e+06	293.503	299.234	299.111	292.173	310.945	313.182	335.143	357.932	331.997	393.275	453.445	285.671	306.637	328.4	351.098	326.486	387.682	447.85
-4.485e+06	295.247	301.038	300.912	293.898	312.827	315.101	337.264	360.275	334.032	395.854	456.645	286.145	307.186	329.04	351.838	327.12	388.49	448.919
-4.484e+06	296.546	302.375	302.248	295.18	314.209	316.517	338.82	361.987	335.556	397.703	458.938	286.397	307.507	329.448	352.34	327.514	389.049	449.728
-4.483e+06	296.773	302.659	302.531	295.394	314.569	316.882	339.347	362.695	335.895	398.584	460.332	286.509	307.681	329.7	352.68	327.749	389.43	450.341
-4.482e+06	296.489	302.527	302.398	295.186	314.468	316.724	339.226	362.641	335.713	398.807	460.667	286.473	307.701	329.791	352.85	327.818	389.627	450.748
-4.481e+06	296.495	302.701	302.565	295.272	314.641	316.799	339.302	362.825	335.977	399.219	460.905	286.343	307.619	329.771	352.901	327.723	389.691	450.886
-4.48e+06	296.642	302.951	302.811	295.464	314.891	317.019	339.748	363.385	336.388	399.817	461.717	286.207	307.528	329.739	352.923	327.558	389.728	450.885
-4.479e+06	297.847	304.134	303.993	296.641	316.049	318.287	341.08	364.766	337.663	401.173	463.185	286.047	307.413	329.68	352.846	327.344	389.738	450.806
-4.478e+06	299.425	305.735	305.594	298.245	317.656	319.939	342.84	366.623	339.359	403.094	465.297	285.896	307.298	329.584	352.709	327.118	389.718	450.658
-4.477e+06	301.221	307.514	307.373	300.009	319.438	321.817	344.715	368.667	341.233	405.232	467.706	285.842	307.277	329.552	352.659	327.003	389.778	450.733
-4.476e+06	303.097	309.36	309.219	301.845	321.303	323.778	346.786	370.751	343.194	407.48	470.327	285.9	307.37	329.643	352.753	327.092	389.956	451.057
-4.475e+06	304.165	310.461	310.319	302.902	322.453	324.992	348.159	372.288	344.438	409.131	472.475	286.043	307.551	329.847	352.977	327.323	390.235	451.48
-4.474e+06	304.862	311.261	311.118	303.667	323.297	325.857	349.1	373.329	345.346	410.341	474.067	286.218	307.766	330.11	353.276	327.585	390.561	451.952
-4.473e+06	304.92	311.393	311.248	303.782	323.505	326.061	349.421	373.85	345.712	411.035	475.021	286.397	307.982	330.382	353.593	327.839	390.873	452.392
-4.472e+06	304.932	311.231	311.085	303.613	323.371	326.069	349.632	374.178	345.825	411.39	475.314	286.669	308.29	330.746	354.031	328.18	391.276	452.915
-4.471e+06	305.086	311.146	310.999	303.735	323.293	326.297	349.932	374.561	346.018	411.662	475.814	287.008	308.675	331.195	354.564	328.52	391.793	453.434
-4.47e+06	305.261	311.131	311.007	303.916	323.42	326.547	350.256	374.97	346.236	411.911	476.459	287.338	309.056	331.646	355.104	328.991	392.337	454.217
-4.469e+06	305.644	311.505	311.385	304.304	323.796	326.992	350.762	375.546	346.644	412.319	477.204	287.607	309.377	332.036	355.579	329.395	392.822	454.935
-4.468e+06	306.1	311.967	311.845	304.765	324.252	327.52	351.362	376.227	347.146	412.901	478.096	287.833	309.652	332.376	356.001	329.744	393.252	455.582
-4.467e+06	306.606	312.477	312.353	305.274	324.755	328.099	352.013	376.958	347.701	413.565	479.036	288.003	309.872	332.661	356.366	330.033	393.629	456.17
-4.466e+06	307.13	313.004	312.878	305.803	325.28	328.698	352.688	377.717	348.283	414.285	480.014	288.106	310.023	332.873	356.654	330.245	393.927	456.667
-4.465e+06	307.474	313.356	313.229	306.153	325.639	329.128	353.201	378.323	348.701	414.86	480.88	288.126	310.088	332.997	356.85	330.36	394.131	457.059
-4.464e+06	307.755	313.641	313.513	306.441	325.926	329.485	353.633	378.838	349.041	415.391	481.613	288.05	310.055	333.019	356.926	330.329	394.225	457.313
-4.463e+06	307.867	313.759	313.63	306.559	326.048	329.675	353.901	379.193	349.217	415.773	482.204	287.907	309.949	332.96	356.859	330.181	394.226	457.365
-4.462e+06	307.912	313.806	313.676	306.609	326.093	329.788	354.081	379.443	349.31	416.037	482.652	287.713	309.791	332.806	356.695	329.955	394.172	457.298
-4.461e+06	307.418	313.327	313.196	306.12	325.626	329.376	353.719	379.086	348.848	415.836	482.703	287.41	309.527	332.498	356.39	329.598	394.022	457.082
-4.46e+06	306.69	312.639	312.508	305.428	324.926	328.67	352.95	378.287	348.008	415.286	482.271	286.945	309.054	331.981	355.879	329.049	393.705	456.629
-4.459e+06	305.145	311.279	311.146	303.95	323.534	327.132	351.385	376.746	346.394	414.106	480.953	286.341	308.384	331.277	355.172	328.484	393.217	456.164
-4.458e+06	303.219	309.511	309.375	302.055	321.664	325.158	349.476	375.052	344.57	412.41	478.81	285.671	307.615	330.474	354.529	327.882	392.611	455.68
-4.457e+06	301.007	307.338	307.2	299.81	319.394	323.056	347.539	373.144	342.62	410.121	476.801	284.996	306.859	329.711	353.937	327.272	391.949	455.137
-4.456e+06	298.85	305.005	304.868	297.657	316.956	320.964	345.427	371.009	340.496	407.492	474.548	284.379	306.183	329.123	353.37	326.7	391.295	454.581
-4.455e+06	297.033	302.906	302.77	295.813	314.998	319.065	343.478	368.887	338.548	405.313	472.187	283.918	305.695	328.681	352.938	326.27	390.806	454.142
-4.454e+06	295.271	301.062	300.936	294.025	313.141	317.23	341.575	366.781	336.604	403.315	469.786	283.604	305.403	328.395	352.667	325.997	390.52	453.889
-4.453e+06	293.656	299.426	299.299	292.392	311.422	315.54	339.758	364.793	334.772	401.43	467.424	283.369	305.215	328.188	352.478	325.804	390.323	453.726
-4.452e+06	292.091	297.838	297.712	290.812	309.759	313.91	338.002	362.905	333.015	399.632	465.269	283.248	305.138	328.036	352.396	325.721	390.234	453.664
-4.451e+06	291.4	297.096	296.97	290.108	308.915	313.127	337.122	361.912	332.174	398.562	463.966	283.32	305.252	328.162	352.518	325.837	390.355	453.819
-4.45e+06	291.042	296.702	296.576	289.745	308.459	312.734	336.717	361.529	331.827	398.075	463.365	283.57	305.549	328.518	352.783	326.142	390.687	454.202
-4.449e+06	291.854	297.382	297.258	290.562	309.117	313.501	337.442	362.236	332.616	398.649	463.807	283.919	305.951	328.986	353.197	326.562	391.169	454.767
-4.448e+06	293.078	298.594	298.467	291.766	310.24	314.83	338.799	363.645	334.01	399.852	465.278	284.355	306.447	329.552	353.832	326.896	391.777	455.216
-4.447e+06	295.004	300.619	300.493	293.798	312.236	316.729	340.773	365.707	336.044	402.012	467.243	284.844	306.997	330.175	354.526	327.499	392.456	456.087
-4.446e+06	297.382	302.972	302.845	296.179	314.6	319.178	343.208	368.177	338.37	404.685	470.081	285.323	307.545	330.801	355.233	328.134	393.168	457.031
-4.445e+06	298.976	304.555	304.448	297.78	316.271	320.915	345.09	370.224	340.21	406.592	472.673	285.692	307.984	331.322	355.836	328.654	393.786	457.886
-4.444e+06	300.342	305.743	305.627	299.154	317.688	322.391	346.678	371.94	341.756	408.454	474.775	285.958	308.319	331.736	356.332	329.061	394.3	458.631
-4.443e+06	301.113	306.591	306.452	299.931	318.539	323.287	347.706	373.118	342.728	409.81	476.435	286.133	308.561	332.054	356.729	329.366	394.711	459.264
-4.442e+06	301.685	307.171	307.033	300.508	319.158	323.953	348.473	374.003	343.439	410.815	477.665	286.216	308.705	332.269	357.017	329.552	395.007	459.766
-4.441e+06	301.884	307.309	307.171	300.708	319.409	324.247	348.872	374.526	343.775	411.435	478.56	286.238	308.783	332.411	357.225	329.627	395.217	460.164
-4.44e+06	301.937	307.272	307.147	300.759	319.485	324.369	349.078	374.831	343.919	411.661	479.135	286.228	308.827	332.519	357.368	329.649	395.391	460.485
-4.439e+06	301.693	307.067	306.943	300.508	319.262	324.191	348.983	374.837	343.76	411.477	479.42	286.203	308.856	332.609	357.462	329.648	395.548	460.74
-4.438e+06	301.322	306.73	306.606	300.128	318.888	323.864	348.716	374.603	343.424	411.175	479.423	286.164	308.864	332.672	357.515	329.624	395.663	460.922
-4.437e+06	300.795	306.233	306.108	299.589	318.348	323.365	348.183	374.064	342.825	410.839	479.23	286.126	308.871	332.731	357.565	329.607	395.771	461.092
-4.436e+06	300.179	305.649	305.524	298.969	317.714	322.694	347.457	373.323	342.056	410.354	478.753	286.127	308.911	332.817	357.653	329.638	395.891	461.282
-4.435e+06	300.114	305.61	305.485	298.916	317.598	322.559	347.263	373.089	341.839	410.282	478.536	286.199	309.026	332.979	357.851	329.772	396.099	461.615
-4.434e+06	300.268	305.766	305.641	299.056	317.701	322.711	347.413	373.264	341.961	410.536	478.856	286.32	309.187	333.186	358.116	329.972	396.349	462.013
-4.433e+06	300.838	306.326	306.2	299.617	318.209	323.314	348.047	373.92	342.566	411.173	479.563	286.502	309.411	333.459	358.461	330.257	396.673	462.486
-4.432e+06	301.569	307.053	306.927	300.344	318.908	324.109	348.926	374.88	343.402	412.09	480.616	286.691	309.648	333.747	358.824	330.554	397.028	462.997
-4.431e+06	301.894	307.391	307.265	300.671	319.248	324.528	349.453	375.525	343.875	412.738	481.493	286.845	309.848	334	359.15	330.81	397.35	463.472
-4.43e+06	302.089	307.595	307.468	300.869	319.443	324.796	349.806	375.963	344.178	413.162	482.09	286.916	309.965	334.171	359.393	330.981	397.596	463.874
-4.429e+06	301.543	307.08	306.954	300.326	318.939	324.321	349.388	375.611	343.721	412.961	482.159	286.878	309.975	334.235	359.529	331.037	397.738	464.174
-4.428e+06	300.642	306.284	306.157	299.468	318.123	323.405	348.457	374.713	342.773	412.283	481.441	286.733	309.872	334.181	359.515	330.943	397.752	464.336
-4.427e+06	299.395	305.222	305.096	298.239	316.994	322.125	347.274	373.73	341.622	411.294	480.168	286.514	309.692	334.046	359.37	330.737	397.675	464.373
-4.426e+06	297.976	303.983	303.855	296.829	315.615	320.729	346.084	372.571	340.427	410.073	478.775	286.233	309.445	333.802	359.108	330.432	397.508	464.219
-4.425e+06	296.838	302.939	302.809	295.69	314.447	319.766	345.11	371.595	339.457	408.923	477.702	285.916	309.158	333.482	358.779	330.071	397.294	463.955
-4.424e+06	295.833	301.973	301.843	294.701	313.389	318.889	344.227	370.722	338.579	407.867	476.775	285.56	308.825	333.085	358.374	329.648	397.008	463.564
-4.423e+06	295.113	301.15	301.019	293.97	312.489	318.139	343.467	369.964	337.829	406.926	475.935	285.182	308.452	332.654	357.939	329.198	396.703	463.131
-4.422e+06	294.44	300.389	300.258	293.279	311.667	317.433	342.759	369.263	337.132	406.08	475.179	284.727	307.971	332.143	357.434	328.786	396.348	462.638
-4.421e+06	293.2	299.053	298.922	292.027	310.302	316.188	341.535	368.076	335.914	404.716	474.058	284.092	307.28	331.431	356.89	328.231	395.818	462.178
-4.42e+06	291.75	297.438	297.308	290.562	308.788	314.697	340.03	366.568	334.427	403.038	472.461	283.349	306.449	330.567	356.21	327.538	395.106	461.55
-4.419e+06	289.645	295.133	295.009	288.449	306.661	312.565	337.892	364.315	332.284	400.906	470.153	282.627	305.65	329.829	355.519	326.848	394.377	460.863
-4.418e+06	287.304	292.758	292.641	286.094	304.251	310.148	335.301	361.489	329.662	398.327	466.971	281.903	304.873	329.115	354.81	326.148	393.63	460.14
-4.417e+06	285.017	290.448	290.331	283.81	301.872	307.772	332.642	358.603	327.011	395.689	463.778	281.215	304.166	328.423	354.117	325.473	392.895	459.403
-4.416e+06	282.66	288.061	288.059	281.561	299.526	305.394	330.023	355.913	324.419	393.086	460.964	280.685	303.659	327.883	353.573	324.954	392.312	458.802
-4.415e+06	281.672	286.994	287.077	280.646	298.424	304.331	328.784	354.606	323.265	391.567	459.042	280.417	303.415	327.555	353.28	324.692	391.981	458.437
-4.414e+06	281.335	286.613	286.636	280.254	297.917	303.888	328.334	354.05	322.906	390.964	458.256	280.411	303.436	327.566	353.271	324.707	391.948	458.385
-4.413e+06	282.121	287.243	287.16	280.938	298.426	304.514	328.937	354.614	323.614	391.393	458.316	280.575	303.631	327.802	353.343	324.903	392.121	458.557
-4.412e+06	283.123	288.416	288.313	281.948	299.412	305.662	330.126	355.837	324.877	392.447	459.543	280.933	304.027	328.245	353.771	325.131	392.537	458.759
-4.411e+06	283.956	289.303	289.195	282.799	300.289	306.382	331.043	356.876	325.879	393.521	460.826	281.423	304.567	328.846	354.429	325.739	393.161	459.525
-4.41e+06	284.761	290.091	289.981	283.593	301.072	307.21	331.757	357.692	326.761	394.525	461.829	281.867	305.076	329.429	355.087	326.341	393.82	460.388
-4.409e+06	284.673	290.019	289.907	283.489	301.02	307.195	331.855	357.765	326.573	394.811	462.133	282.176	305.455	329.891	355.632	326.813	394.386	461.179
-4.408e+06	284.258	289.606	289.493	283.059	300.596	306.802	331.519	357.41	326.154	394.531	461.901	282.321	305.669	330.183	356.004	327.108	394.78	461.79
-4.407e+06	283.735	289.08	288.966	282.518	300.047	306.287	330.975	356.828	325.649	394.081	461.461	282.363	305.771	330.355	356.249	327.28	395.037	462.244
-4.406e+06	283.154	288.492	288.378	281.919	299.426	305.676	330.305	356.263	325.101	393.528	460.981	282.413	305.872	330.516	356.471	327.438	395.257	462.626
-4.405e+06	283.371	288.673	288.559	282.118	299.549	305.847	330.437	356.409	325.296	393.611	461.005	282.52	306.027	330.729	356.743	327.646	395.525	463.046
-4.404e+06	283.876	289.157	289.043	282.609	300.004	306.373	331.027	356.966	325.861	394.204	461.607	282.624	306.178	330.933	357.003	327.842	395.778	463.439
-4.403e+06	285.016	290.266	290.151	283.739	301.081	307.531	332.24	358.223	326.978	395.403	462.842	282.777	306.378	331.188	357.313	328.085	396.087	463.888
-4.402e+06	286.415	291.647	291.532	285.132	302.46	308.989	333.79	359.862	328.539	397.052	464.696	282.952	306.599	331.462	357.642	328.347	396.413	464.349
-4.401e+06	287.81	292.952	292.843	286.515	303.86	310.458	335.369	361.551	330.118	398.746	466.689	283.142	306.84	331.763	358.002	328.631	396.784	464.87
-4.4e+06	289.226	294.254	294.138	287.924	305.132	311.955	336.976	363.269	331.717	400.266	468.717	283.299	307.051	332.033	358.334	328.882	397.129	465.372
-4.399e+06	290.398	295.518	295.4	289.088	306.372	313.221	338.369	364.792	333.088	401.948	470.631	283.436	307.234	332.27	358.626	329.099	397.425	465.806
-4.398e+06	291.498	296.703	296.585	290.181	307.569	314.407	339.668	366.207	334.359	403.5	472.382	283.56	307.404	332.494	358.905	329.294	397.709	466.227
-4.397e+06	292.648	297.929	297.811	291.32	308.801	315.638	341.009	367.662	335.667	405.079	473.857	283.698	307.592	332.738	359.208	329.495	398.024	466.688
-4.396e+06	293.816	299.166	299.048	292.478	310.046	316.89	342.374	369.142	336.992	406.677	475.754	283.894	307.831	333.024	359.544	329.74	398.358	467.139
-4.395e+06	295.455	300.857	300.739	293.979	311.73	318.597	344.177	371.042	338.755	408.663	478.009	284.221	308.2	333.441	360.009	330.133	398.824	467.717
-4.394e+06	297.241	302.724	302.605	295.713	313.606	320.308	346.049	373.089	340.736	410.934	480.62	284.644	308.672	333.967	360.59	330.637	399.416	468.435
-4.393e+06	299.333	305.022	304.902	297.996	315.898	322.643	348.44	375.523	343.119	413.611	483.622	285.104	309.184	334.536	361.217	331.181	400.062	469.214
-4.392e+06	301.804	307.482	307.363	300.443	318.373	325.23	351.176	378.408	345.484	416.539	486.956	285.576	309.713	335.128	361.874	331.745	400.748	470.049
-4.391e+06	304.207	309.883	309.763	302.797	320.785	327.745	353.863	381.273	348.087	419.239	490.37	286.066	310.266	335.748	362.565	332.334	401.476	470.943
-4.39e+06	306.577	312.253	312.132	305.13	323.172	330.234	356.52	384.102	350.658	422.228	493.602	286.468	310.733	336.285	363.176	332.836	402.126	471.767
-4.389e+06	308.579	314.271	314.149	307.103	325.226	332.381	358.856	386.635	352.889	424.949	496.559	286.803	311.131	336.754	363.718	333.262	402.704	472.523
-4.388e+06	310.463	316.166	316.044	308.961	327.151	334.395	361.039	388.995	354.965	427.458	499.553	287.061	311.448	337.136	364.168	333.569	403.181	473.164
-4.387e+06	311.453	317.255	317.132	309.984	328.293	335.603	362.454	390.631	356.256	429.262	501.825	287.272	311.717	337.47	364.543	333.799	403.61	473.759
-4.386e+06	311.986	317.96	317.835	310.65	329.077	336.407	363.43	391.789	357.04	430.315	503.37	287.35	311.856	337.675	364.733	333.868	403.918	474.248
-4.385e+06	310.152	316.196	316.07	308.883	327.472	334.812	362.047	390.65	355.444	429.376	503.429	287.192	311.75	337.58	364.618	333.661	403.944	474.436
-4.384e+06	307.88	313.674	313.548	306.476	324.956	332.493	359.789	388.47	353.202	427.307	501.27	286.881	311.484	337.278	364.309	333.285	403.789	474.426
-4.383e+06	304.129	309.914	309.79	302.804	321.285	328.798	356.125	384.867	349.442	423.496	497.702	286.387	310.992	336.746	363.772	332.702	403.425	474.102
-4.382e+06	299.779	305.618	305.496	298.408	316.873	324.327	351.604	380.311	344.907	418.811	492.823	285.774	310.328	336.046	363.057	332.107	402.883	473.455
-4.381e+06	296.778	302.574	302.454	295.396	313.615	321.198	348.339	376.847	341.758	414.834	488.324	285.163	309.655	335.332	362.443	331.525	402.272	472.667
-4.38e+06	294.453	300.025	299.907	293.091	311.1	318.803	345.832	374.087	339.223	411.815	485.279	284.738	309.191	334.833	362.051	331.117	401.82	472.063
-4.379e+06	294.163	299.53	299.415	292.775	310.564	318.329	345.176	373.209	338.608	410.732	483.635	284.53	308.981	334.6	361.855	330.916	401.562	471.728
-4.378e+06	294.614	299.896	299.785	293.222	310.887	318.742	345.561	373.582	339.015	410.918	483.73	284.549	309.032	334.676	361.914	330.959	401.582	471.81
-4.377e+06	295.816	301.037	300.925	294.392	311.92	319.955	346.759	374.779	340.231	412.095	484.669	284.67	309.193	334.896	362.108	331.121	401.762	472.101
-4.376e+06	297.282	302.626	302.514	295.99	313.488	321.483	348.347	376.467	341.819	413.875	486.387	284.793	309.367	335.138	362.266	331.305	402.008	472.488
-4.375e+06	297.69	303.047	302.935	296.422	313.969	322.032	348.966	377.168	342.321	414.832	487.708	284.781	309.405	335.243	362.414	331.356	402.132	472.759
-4.374e+06	297.727	303.08	302.967	296.475	314.028	322.149	349.155	377.398	342.46	415.124	488.196	284.641	309.31	335.209	362.396	331.272	402.117	472.882
-4.373e+06	296.967	302.34	302.227	295.711	313.307	321.438	348.442	376.743	341.698	414.696	488.053	284.392	309.107	335.036	362.232	331.085	402.007	472.916
-4.372e+06	295.812	301.273	301.16	294.595	312.226	320.211	347.242	375.721	340.532	413.7	487.092	283.956	308.705	334.612	361.818	330.709	401.708	472.66
-4.371e+06	294.217	299.867	299.753	293.016	310.737	318.631	345.828	374.35	339.114	412.315	485.397	283.361	308.088	333.974	361.28	330.169	401.231	472.093
-4.37e+06	292.416	298.187	298.071	291.209	308.942	317.013	344.201	372.728	337.492	410.571	483.631	282.705	307.366	333.218	360.689	329.538	400.611	471.257
-4.369e+06	290.614	296.217	296.101	289.39	306.889	315.194	342.356	370.874	335.661	408.372	481.662	282.081	306.676	332.493	360.099	328.924	399.981	470.412
-4.368e+06	288.761	294.139	294.022	287.526	304.794	313.271	340.388	368.834	333.72	405.975	479.459	281.501	306.05	331.834	359.531	328.346	399.369	469.821
-4.367e+06	286.947	292.107	291.99	285.719	302.916	311.389	338.442	366.685	331.791	403.877	477.155	280.983	305.519	331.298	359.017	327.828	398.813	469.289
-4.366e+06	285.161	290.17	290.064	283.934	301.064	309.53	336.501	364.53	329.832	401.821	474.764	280.565	305.122	330.897	358.605	327.414	398.366	468.857
-4.365e+06	284.244	289.216	289.112	283.014	300.018	308.501	335.352	363.216	328.735	400.451	472.968	280.288	304.871	330.636	358.321	327.137	398.045	468.532
-4.364e+06	283.652	288.61	288.5	282.425	299.345	307.859	334.661	362.516	328.116	399.669	472.017	280.178	304.787	330.597	358.217	327.035	397.915	468.371
-4.363e+06	283.775	288.774	288.664	282.541	299.29	307.917	334.662	362.492	328.192	399.561	471.713	280.263	304.9	330.754	358.252	327.136	398	468.38
-4.362e+06	284.096	289.217	289.107	282.859	299.655	308.307	335.043	362.894	328.627	399.818	472.057	280.622	305.288	331.184	358.61	327.359	398.375	468.834
-4.361e+06	285.009	290.183	290.073	283.816	300.584	309.182	335.963	363.832	329.595	400.809	472.951	281.271	305.978	331.925	359.396	327.999	399.1	469.652
-4.36e+06	286.23	291.372	291.262	285.025	301.763	310.311	337.084	365.096	330.844	402.195	474.082	282.05	306.822	332.847	360.392	328.934	400.088	470.804
-4.359e+06	288.045	293.152	293.041	286.82	303.526	312.159	338.883	366.811	332.471	404.167	476.126	282.798	307.652	333.772	361.409	329.861	401.134	472.064
-4.358e+06	290.099	295.091	294.983	288.861	305.533	314.291	341.103	369.126	334.663	406.255	478.71	283.495	308.425	334.634	362.356	330.716	401.802	473.231
-4.357e+06	292.568	297.442	297.33	291.268	307.87	316.844	343.751	371.882	337.294	409.147	481.435	284.196	309.207	335.511	363.325	331.579	402.872	474.449
-4.356e+06	295.056	300.177	300.065	293.763	310.621	319.401	346.487	374.756	340.161	412.368	484.948	284.837	309.93	336.326	364.233	332.373	403.897	475.608
-4.355e+06	297.204	302.389	302.276	295.931	312.883	321.707	348.872	377.305	342.297	415.195	488.301	285.364	310.535	337.023	365.02	333.041	404.786	476.638
-4.354e+06	299.243	304.442	304.329	297.953	314.975	323.874	351.188	379.786	344.537	417.562	491.307	285.76	311.006	337.58	365.665	333.565	405.52	477.514
-4.353e+06	300.772	306.002	305.888	299.464	316.583	325.548	353.035	381.826	346.315	419.823	493.974	286.103	311.423	338.084	366.256	334.03	406.135	478.341
-4.352e+06	302.128	307.379	307.265	300.8	317.994	327.021	354.652	383.604	347.862	421.759	496.251	286.311	311.702	338.446	366.703	334.348	406.491	479.011
-4.351e+06	302.952	308.277	308.162	301.648	318.935	328.015	355.802	384.933	348.852	423.127	498.141	286.329	311.782	338.599	366.932	334.455	406.527	479.429
-4.35e+06	303.497	308.988	308.873	302.278	319.671	328.734	356.623	385.905	349.502	424.035	499.624	286.149	311.663	338.553	366.958	334.324	406.387	479.656
-4.349e+06	303.464	309.139	309.023	302.303	319.85	328.843	356.83	386.247	349.653	424.684	500.675	285.772	311.347	338.287	366.669	333.89	406.272	479.702
-4.348e+06	303.323	308.964	308.847	302.056	319.676	328.718	356.86	386.361	349.736	425.044	501.281	285.224	310.791	337.676	366.011	333.168	405.88	479.404
-4.347e+06	303.2	308.603	308.485	301.9	319.316	328.669	356.9	386.503	349.682	425.216	501.563	284.701	310.183	337.003	365.272	332.431	405.37	478.781
-4.346e+06	303.03	308.176	308.058	301.729	319.022	328.562	356.867	386.561	349.554	425.285	501.508	284.393	309.816	336.59	364.812	332.113	405.055	478.344
-4.345e+06	304.219	309.251	309.138	302.897	320.123	329.732	358.036	387.735	350.658	426.371	502.364	284.319	309.736	336.49	364.776	332.075	404.992	478.251
-4.344e+06	305.851	310.888	310.775	304.516	321.73	331.429	359.812	389.597	352.348	428.254	504.436	284.486	309.949	336.748	365.02	332.295	405.226	478.541
-4.343e+06	308.605	313.647	313.531	307.209	324.369	334.192	362.64	392.49	355.103	431.154	507.471	284.887	310.401	337.264	365.591	332.696	405.735	479.123
-4.342e+06	311.713	316.835	316.718	310.192	327.511	337.286	365.847	395.815	358.209	434.568	511.324	285.444	311.011	337.937	366.329	333.342	406.415	479.874
-4.341e+06	313.117	318.366	318.248	311.628	329.105	338.95	367.756	398.001	359.969	436.958	514.409	286.103	311.728	338.721	367.183	334.117	407.229	480.772
-4.34e+06	314.02	319.336	319.218	312.471	330.118	339.933	368.899	399.345	360.996	438.355	516.352	286.779	312.481	339.561	368.114	334.94	408.165	481.854
-4.339e+06	313.021	318.216	318.096	311.455	329.108	339.116	368.295	398.954	360.22	438.199	516.937	287.247	313.037	340.217	368.877	335.57	408.956	482.84
-4.338e+06	311.414	316.532	316.414	309.888	327.542	337.636	366.921	397.708	358.714	436.955	515.698	287.45	313.326	340.606	369.375	335.929	409.487	483.58
-4.337e+06	308.736	314.111	313.993	307.364	325.122	335.094	364.387	395.234	356.144	434.336	513.271	287.407	313.355	340.721	369.584	336.012	409.71	483.983
-4.336e+06	305.658	311.156	311.038	304.281	322.062	331.962	361.237	392.088	352.956	431.051	510.273	287.234	313.244	340.684	369.63	335.945	409.756	484.183
-4.335e+06	302.609	308.111	307.994	301.215	318.893	328.892	358.168	389.008	349.887	427.886	506.463	286.929	312.989	340.489	369.505	335.722	409.615	484.167
-4.334e+06	299.778	305.07	304.953	298.397	315.845	326.017	355.193	385.841	346.931	424.345	502.88	286.53	312.63	340.183	369.257	335.388	409.339	483.997
-4.333e+06	297.074	302.183	302.07	295.658	313.029	323.144	352.039	382.461	343.848	420.829	499.397	286.045	312.172	339.758	368.809	334.891	408.913	483.636
-4.332e+06	294.325	299.456	299.344	292.913	310.2	320.135	348.771	379.07	340.648	417.614	495.543	285.532	311.686	339.241	368.25	334.305	408.462	483.259
-4.331e+06	292.882	297.982	297.872	291.478	308.586	318.44	346.787	377.094	338.759	415.398	492.472	285.001	311.124	338.603	367.559	333.627	407.911	482.73
-4.33e+06	291.959	297.016	296.907	290.543	307.533	317.451	345.712	375.935	337.738	414.092	490.887	284.6	310.655	338.078	366.989	333.077	407.488	482.303
-4.329e+06	292.973	297.942	297.833	291.558	308.344	318.365	346.532	376.456	338.629	414.475	490.814	284.172	310.158	337.555	366.464	332.568	407.129	481.884
-4.328e+06	294.748	299.542	299.434	293.342	309.933	320.181	348.383	378.298	340.504	416.144	492.41	283.655	309.572	336.93	366.036	332.135	406.655	481.196
-4.327e+06	297.373	302.292	302.182	296.063	312.639	322.906	351.138	381.076	343.224	418.987	495.088	283.33	309.181	336.541	365.732	331.846	406.258	480.554
-4.326e+06	300.667	305.552	305.442	299.414	315.948	326.353	354.682	384.672	346.728	422.507	498.701	283.255	309.084	336.485	365.681	331.794	406.143	480.37
-4.325e+06	302.583	307.356	307.247	301.337	317.85	328.49	357.053	387.277	349.013	425.371	502.138	283.254	309.108	336.538	365.76	331.845	406.198	480.495
-4.324e+06	304.06	308.926	308.817	302.828	319.465	330.119	358.837	389.213	350.724	427.453	504.619	283.265	309.156	336.593	365.837	331.898	406.25	480.636
-4.323e+06	304.359	309.312	309.201	303.15	319.882	330.611	359.521	390.098	351.308	428.525	506.231	283.314	309.26	336.64	365.965	331.995	406.362	480.854
-4.322e+06	304.292	309.159	309.047	303.099	319.745	330.663	359.695	390.401	351.393	428.912	506.955	283.436	309.436	336.872	366.172	332.164	406.558	481.148
-4.321e+06	304.232	308.969	308.851	303.035	319.722	330.681	359.811	390.619	351.423	429.176	507.411	283.742	309.805	337.316	366.487	332.47	406.999	481.71
-4.32e+06	304.116	308.884	308.764	302.913	319.635	330.631	359.848	390.747	351.375	429.334	507.516	284.154	310.27	337.845	367.056	332.871	407.513	482.31
-4.319e+06	304.07	308.868	308.75	302.855	319.592	330.631	359.92	390.894	351.366	429.432	507.481	284.795	310.961	338.593	367.857	333.615	408.244	483.102
-4.318e+06	304.025	308.849	308.731	302.799	319.545	330.633	359.992	391.017	351.359	429.446	507.636	285.52	311.771	339.498	368.855	334.505	409.1	484.267
-4.317e+06	303.91	308.755	308.639	302.676	319.428	330.565	359.958	390.99	351.283	429.339	507.883	286.027	312.371	340.2	369.662	335.185	409.788	485.302
-4.316e+06	303.74	308.62	308.505	302.516	319.266	330.41	359.808	390.849	351.14	429.133	508.036	286.429	312.86	340.788	370.35	335.746	410.583	486.21
-4.315e+06	303.531	308.483	308.368	302.346	319.098	330.212	359.617	390.669	350.944	428.9	508.146	286.688	313.199	341.219	370.876	336.148	411.202	486.94
-4.314e+06	303.29	308.328	308.213	302.13	318.913	329.981	359.396	390.46	350.71	428.843	508.217	286.831	313.412	341.512	371.252	336.41	411.648	487.48
-4.313e+06	303.031	308.16	308.046	301.887	318.715	329.731	359.157	390.239	350.453	428.796	508.253	286.893	313.535	341.705	371.519	336.572	411.965	487.877
-4.312e+06	302.761	307.98	307.866	301.626	318.504	329.47	358.907	390.163	350.184	428.723	508.26	286.874	313.568	341.799	371.677	336.632	412.078	488.131
-4.311e+06	302.431	307.739	307.626	301.304	318.238	329.151	358.668	390.049	349.857	428.589	508.212	286.822	313.565	341.854	371.792	336.651	412.078	488.338
-4.31e+06	302.075	307.471	307.359	300.952	317.941	328.801	358.468	389.888	349.494	428.402	508.102	286.685	313.469	341.807	371.797	336.569	411.893	488.401
-4.309e+06	301.625	307.115	307.003	300.502	317.531	328.436	358.175	389.637	349.144	428.129	507.914	286.444	313.266	341.651	371.671	336.365	411.541	488.354
-4.308e+06	301.129	306.713	306.601	300.006	317.046	328.054	357.822	389.316	348.765	427.778	507.628	286.084	312.939	341.329	371.293	335.944	411.226	488.162
-4.307e+06	300.331	305.946	305.834	299.17	316.214	327.353	357.162	388.705	348.076	427.152	507.095	285.593	312.452	340.798	370.732	335.346	410.916	487.933
-4.306e+06	299.484	304.991	304.879	298.304	315.199	326.502	356.327	387.891	347.225	426.293	506.087	284.786	311.569	339.878	369.785	334.383	410.309	487.395
-4.305e+06	297.771	303.106	302.994	296.578	313.276	324.805	354.68	386.309	345.552	424.699	504.202	283.753	310.44	338.674	368.691	333.317	409.372	486.177
-4.304e+06	295.738	300.819	300.708	294.525	310.938	322.718	352.574	384.134	343.447	422.239	501.542	282.78	309.377	337.647	367.813	332.447	408.419	484.839
-4.303e+06	293.122	297.974	297.864	291.897	308.301	320.044	349.752	381.102	340.694	419.029	498.705	281.827	308.352	336.755	366.916	331.562	407.451	483.523
-4.302e+06	290.297	295.097	294.986	289.052	305.426	316.972	346.402	377.622	337.433	415.669	495.075	280.995	307.489	335.915	366.055	330.735	406.51	482.418
-4.301e+06	288.113	292.896	292.786	286.847	303.121	314.444	343.576	374.784	334.711	412.843	491.374	280.405	306.869	335.273	365.389	330.11	405.769	481.616
-4.3e+06	286.147	290.916	290.807	284.864	301.055	312.244	341.246	372.506	332.441	410.407	488.285	280.049	306.481	334.867	364.963	329.721	405.283	481.068
-4.299e+06	285.125	289.852	289.745	283.826	299.885	311.064	339.952	371.052	331.243	408.765	486.197	279.933	306.398	334.71	364.81	329.594	405.094	480.785
-4.298e+06	284.459	289.158	289.052	283.152	299.123	310.359	339.135	370.157	330.51	407.792	484.974	280.003	306.501	334.725	364.861	329.663	405.121	480.848
-4.297e+06	284.261	288.922	288.816	282.969	298.841	310.14	338.882	369.685	330.333	407.314	484.309	280.333	306.859	335.101	365.043	329.841	405.396	481.126
-4.296e+06	284.292	288.878	288.773	283.015	298.82	310.185	338.931	369.6	330.443	407.248	484.178	280.853	307.424	335.705	365.661	330.431	405.968	481.747
-4.295e+06	284.255	288.742	288.636	282.987	298.724	310.177	338.95	369.627	330.507	407.137	484.18	281.365	308.006	336.353	366.376	331.081	406.652	482.575
-4.294e+06	284.205	288.762	288.657	282.948	298.534	310.154	338.948	369.632	330.547	407.001	484.158	281.763	308.483	336.907	367.011	331.63	407.044	483.391
-4.293e+06	284.186	288.81	288.705	282.935	298.555	310.157	338.975	369.666	330.61	407.066	484.186	282.063	308.854	337.348	367.524	332.061	407.645	484.062
-4.292e+06	284.094	288.883	288.778	282.82	298.609	310.197	339.04	369.745	330.706	407.178	484.282	282.317	309.177	337.74	367.989	332.44	408.198	484.688
-4.291e+06	284.385	289.283	289.179	283.205	298.981	310.536	339.427	370.134	331.123	407.588	484.367	282.476	309.4	338.029	368.346	332.712	408.63	485.196
-4.29e+06	284.941	289.808	289.705	283.746	299.49	310.924	339.955	370.721	331.698	408.223	485.031	282.598	309.574	338.256	368.629	332.921	408.964	485.581
-4.289e+06	285.788	290.621	290.518	284.576	300.286	311.805	340.663	371.566	332.504	409.147	486.062	282.728	309.753	338.484	368.908	333.129	409.285	485.945
-4.288e+06	286.75	291.559	291.455	285.526	301.22	312.829	341.757	372.482	333.351	410.293	487.362	282.847	309.923	338.704	369.182	333.325	409.573	486.315
-4.287e+06	287.96	292.744	292.641	286.721	302.402	314.101	343.106	373.892	334.683	411.627	488.912	282.938	310.06	338.89	369.42	333.486	409.763	486.644
-4.286e+06	289.273	294.042	293.939	288.025	303.709	315.497	344.598	375.473	336.15	412.994	490.699	283.02	310.191	339.07	369.653	333.638	409.906	486.974
-4.285e+06	290.472	295.234	295.13	289.216	304.922	316.796	346.008	376.992	337.522	414.635	492.187	283.028	310.251	339.184	369.827	333.72	409.953	487.271
-4.284e+06	291.652	296.239	296.138	290.392	306.119	318.074	347.393	378.48	338.863	416.235	494.044	282.897	310.169	339.156	369.857	333.657	409.804	487.426
-4.283e+06	292.725	297.315	297.214	291.462	307.212	319.253	348.685	379.886	340.103	417.753	495.868	282.631	309.95	338.99	369.71	333.417	409.494	487.442
-4.282e+06	293.775	298.446	298.344	292.51	308.126	320.403	349.944	381.252	341.305	419.216	497.619	282.26	309.613	338.685	369.329	332.988	409.24	487.249
-4.281e+06	293.81	298.53	298.427	292.542	308.234	320.579	350.28	381.758	341.559	419.875	498.739	281.897	309.268	338.321	368.892	332.539	408.94	486.948
-4.28e+06	293.493	298.096	297.992	292.22	307.88	320.335	350.126	381.703	341.339	419.879	498.915	281.599	308.994	338.027	368.558	332.186	408.722	486.75
-4.279e+06	291.938	296.444	296.34	290.651	306.41	318.868	348.783	380.478	339.898	418.562	497.656	281.242	308.661	337.673	368.184	331.792	408.45	486.51
-4.278e+06	289.874	294.475	294.372	288.595	304.404	316.734	346.551	378.164	337.582	416.091	495.667	280.84	308.279	337.266	367.763	331.356	408.114	486.2
-4.277e+06	287.544	292.4	292.297	286.281	302.225	314.254	343.982	375.564	335.095	413.775	493.16	280.409	307.865	336.833	367.319	330.902	407.73	485.833
-4.276e+06	285.079	290.172	290.069	283.806	299.802	311.68	341.491	373.172	332.789	411.251	489.993	280.073	307.535	336.496	366.967	330.551	407.393	485.479
-4.275e+06	284.74	289.891	289.789	283.467	299.338	311.316	340.988	372.487	332.346	410.228	488.2	280.014	307.474	336.451	366.927	330.514	407.287	485.315
-4.274e+06	285.33	290.415	290.313	284.036	299.807	311.817	341.485	372.95	332.859	410.634	488.545	280.321	307.781	336.774	367.283	330.862	407.551	485.505
-4.273e+06	287.621	292.595	292.494	286.31	301.929	314.031	343.57	374.952	334.95	412.617	490.369	280.995	308.466	337.482	368.027	331.59	408.228	486.123
-4.272e+06	290.589	295.48	295.378	289.27	304.819	317.093	346.705	378.113	338.021	415.688	493.576	281.918	309.432	338.503	369.117	332.62	409.073	487.234
-4.271e+06	292.823	297.583	297.48	291.506	307.011	319.508	349.293	380.873	340.542	418.641	496.992	282.765	310.355	339.516	370.235	333.625	410.306	488.539
-4.27e+06	294.873	299.689	299.586	293.361	309.161	321.493	351.48	383.296	342.818	421.255	500.001	283.325	310.993	340.248	371.08	334.342	411.273	489.609
-4.269e+06	294.771	299.882	299.779	293.471	309.451	321.801	351.909	383.837	343.264	422.324	501.804	283.619	311.359	340.703	371.641	334.776	411.94	490.39
-4.268e+06	294.154	299.26	299.156	292.863	308.853	321.304	351.55	383.615	342.852	422.205	502.06	283.699	311.507	340.935	371.973	334.983	412.365	490.929
-4.267e+06	293.046	297.956	297.851	291.742	307.649	320.268	350.613	382.789	341.805	421.381	501.379	283.655	311.52	341.019	372.145	335.042	412.608	491.265
-4.266e+06	291.687	296.589	296.484	290.364	306.273	318.923	349.309	381.498	340.351	419.729	499.805	283.556	311.464	341.019	372.216	335.018	412.723	491.436
-4.265e+06	291.07	295.945	295.84	289.72	305.562	318.252	348.548	380.579	339.43	418.665	498.859	283.496	311.438	341.037	372.291	335.014	412.826	491.564
-4.264e+06	290.673	295.528	295.424	289.298	305.095	317.845	348.08	380.041	338.855	418.222	498.443	283.53	311.503	341.146	372.453	335.1	412.997	491.77
-4.263e+06	290.685	295.512	295.409	289.294	305.03	317.846	348.034	379.938	338.742	418.144	498.341	283.553	311.564	341.253	372.619	335.182	413.139	492.001
-4.262e+06	290.835	295.641	295.538	289.432	305.127	318.015	348.242	380.147	338.892	418.333	498.58	283.513	311.558	341.293	372.714	335.195	413.158	492.158
-4.261e+06	290.299	295.108	295.005	288.891	304.592	317.534	347.793	379.752	338.38	418.029	498.477	283.413	311.496	341.279	372.76	335.152	413.092	492.286
-4.26e+06	289.482	294.327	294.225	288.111	303.79	316.681	346.887	378.901	337.55	417.275	497.799	283.137	311.257	341.086	372.625	334.929	412.783	492.24
-4.259e+06	287.59	292.614	292.512	286.274	302.052	314.756	344.941	377.315	335.864	415.678	496.296	282.622	310.772	340.637	372.148	334.396	412.139	491.923
-4.258e+06	285.237	290.422	290.321	283.941	299.757	312.295	342.712	375.14	333.704	413.352	493.425	281.831	310.013	339.823	371.293	333.507	411.367	491.378
-4.257e+06	282.898	288.131	288.031	281.587	297.366	310.057	340.501	372.85	331.499	410.629	490.351	280.845	308.969	338.67	370.074	332.316	410.461	490.488
-4.256e+06	280.751	285.82	285.721	279.426	294.958	307.901	338.254	370.475	329.276	407.757	487.679	279.889	307.873	337.447	368.759	331.096	409.393	489.254
-4.255e+06	280.104	284.995	284.897	278.769	294.015	307.091	337.273	369.271	328.361	406.278	485.831	279.163	307.034	336.488	367.908	330.308	408.47	488.059
-4.254e+06	279.971	284.858	284.76	278.632	293.839	306.901	337.02	368.956	328.15	405.87	485.257	278.757	306.592	335.967	367.429	329.878	407.908	487.338
-4.253e+06	280.899	285.844	285.746	279.616	294.781	307.826	337.885	369.732	329.065	406.63	485.625	278.565	306.403	335.764	367.188	329.676	407.607	486.941
-4.252e+06	282.41	287.296	287.199	281.124	296.233	309.275	339.293	371.237	330.578	408.231	487.133	278.609	306.457	335.849	367.209	329.724	407.59	486.848
-4.251e+06	283.43	288.279	288.182	282.134	297.252	310.381	340.455	372.328	331.522	409.609	488.735	278.801	306.672	336.105	367.378	329.876	407.794	487.015
-4.25e+06	284.313	289.126	289.029	283.011	298.126	311.329	341.471	373.408	332.504	410.586	490.023	279.018	306.926	336.414	367.739	330.196	408.104	487.338
-4.249e+06	284.102	288.92	288.822	282.786	297.962	311.217	341.484	373.562	332.469	410.714	490.637	279.226	307.179	336.732	368.12	330.52	408.461	487.747
-4.248e+06	283.499	288.305	288.208	282.167	297.355	310.638	340.952	373.036	331.855	410.164	490.312	279.471	307.462	337.067	368.508	330.861	408.816	488.132
-4.247e+06	282.611	287.407	287.31	281.258	296.448	309.755	340.032	372.006	330.799	409.37	489.595	279.896	307.919	337.57	369.055	331.369	409.096	488.653
-4.246e+06	281.596	286.376	286.279	280.221	295.392	308.681	338.8	370.792	329.679	408.323	488.551	280.457	308.536	338.255	369.808	332.051	409.931	489.484
-4.245e+06	281.214	285.955	285.858	279.817	294.919	308.178	338.141	370.239	329.202	407.712	487.791	280.954	309.107	338.915	370.56	332.699	410.791	490.151
-4.244e+06	281.036	285.746	285.65	279.619	294.678	307.981	337.879	370.022	329	407.489	487.532	281.368	309.593	339.488	371.222	333.254	411.55	490.988
-4.243e+06	281.273	285.946	285.85	279.846	294.848	308.212	338.108	370.201	329.212	407.655	487.624	281.719	310.008	339.982	371.798	333.729	412.204	491.829
-4.242e+06	281.668	286.314	286.218	280.233	295.203	308.634	338.59	370.615	329.636	408.126	488.108	282.03	310.381	340.428	372.321	334.153	412.794	492.589
-4.241e+06	281.992	286.618	286.523	280.552	295.505	308.999	339.028	371.031	329.924	408.6	488.648	282.281	310.691	340.811	372.78	334.51	413.313	493.274
-4.24e+06	282.305	286.913	286.818	280.861	295.799	309.352	339.447	371.508	330.297	409.056	489.167	282.413	310.876	341.061	373.1	334.731	413.679	493.746
-4.239e+06	282.434	287.032	286.936	280.987	295.922	309.529	339.698	371.83	330.538	409.374	489.586	282.5	311.01	341.254	373.356	334.892	413.972	494.015
-4.238e+06	282.509	287.093	286.998	281.057	295.982	309.639	339.868	372.056	330.698	409.585	489.869	282.499	311.055	341.356	373.521	334.96	414.17	494.087
-4.237e+06	282.707	287.276	287.181	281.251	296.158	309.866	340.143	372.375	330.963	409.88	490.209	282.416	311.017	341.374	373.602	334.94	414.188	493.967
-4.236e+06	282.952	287.507	287.412	281.492	296.386	310.148	340.481	372.766	331.286	410.261	490.658	282.174	310.827	341.25	373.55	334.769	413.945	494.006
-4.235e+06	283.895	288.418	288.323	282.433	297.28	311.107	341.465	373.764	332.265	411.111	491.574	281.666	310.358	340.816	373.073	334.206	413.247	493.809
-4.234e+06	285.105	289.607	289.512	283.643	298.477	312.384	342.818	375.186	333.593	412.413	493.116	281.144	309.835	340.188	372.348	333.491	412.47	493.294
-4.233e+06	286.942	291.337	291.243	285.482	300.215	314.285	344.787	377.21	335.537	414.534	494.901	280.866	309.545	339.808	371.891	333.061	412.173	492.952
-4.232e+06	289.038	293.3	293.205	287.517	302.251	316.493	347.108	379.637	337.816	417.104	497.705	280.796	309.485	339.71	371.757	332.926	412.137	492.896
-4.231e+06	290.41	294.777	294.681	288.737	303.747	317.785	348.807	381.523	339.442	419.208	500.296	280.905	309.606	339.835	371.867	333.021	412.284	493.03
-4.23e+06	291.521	295.979	295.882	289.889	304.957	319.039	350.157	383.007	340.725	420.835	502.277	281.134	309.868	340.158	372.244	333.332	412.64	493.427
-4.229e+06	291.408	295.954	295.858	289.747	304.99	319.006	350.385	383.427	340.859	421.435	503.385	281.344	310.113	340.465	372.623	333.633	412.985	493.824
-4.228e+06	290.909	295.37	295.273	289.173	304.416	318.577	350.058	383.205	340.456	421.282	503.503	281.643	310.453	340.872	373.106	334.031	413.45	494.358
-4.227e+06	289.914	294.17	294.073	288.198	303.28	317.67	349.213	382.461	339.534	420.585	502.843	282.096	310.936	341.405	373.696	334.557	413.845	494.942
-4.226e+06	288.703	292.939	292.847	286.997	302.081	316.49	348.046	381.297	338.257	419.2	501.265	282.728	311.613	342.147	374.508	335.287	414.714	495.755
-4.225e+06	287.9	292.16	292.068	286.188	301.237	315.661	347.087	380.214	337.191	417.859	500.236	283.277	312.233	342.857	375.317	335.976	415.624	496.583
-4.224e+06	287.176	291.488	291.395	285.489	300.509	314.958	346.237	379.288	336.277	417.006	499.503	283.633	312.66	343.378	375.94	336.472	416.343	497.523
-4.223e+06	286.727	291.082	290.99	285.091	300.059	314.519	345.671	378.642	335.678	416.509	498.923	283.846	312.936	343.736	376.391	336.806	416.869	498.249
-4.222e+06	286.416	290.792	290.7	284.804	299.734	314.226	345.314	378.25	335.306	416.214	498.608	284.02	313.165	344.038	376.775	337.083	417.311	498.863
-4.221e+06	286.833	291.193	291.101	285.229	300.09	314.637	345.7	378.604	335.685	416.514	498.784	284.162	313.345	344.271	377.068	337.292	417.633	499.3
-4.22e+06	287.512	291.861	291.769	285.915	300.74	315.36	346.486	379.455	336.455	417.305	499.594	284.321	313.542	344.521	377.378	337.514	417.967	499.742
-4.219e+06	289.204	293.521	293.428	287.62	302.375	317.08	348.231	381.221	338.202	418.875	501.107	284.452	313.705	344.73	377.64	337.693	418.243	500.107
-4.218e+06	291.31	295.586	295.494	289.743	304.458	319.291	350.543	383.635	340.486	421.369	503.586	284.64	313.921	344.983	377.937	337.916	418.543	500.421
-4.217e+06	293.685	297.841	297.748	292.121	306.767	321.788	353.164	386.373	343.066	424.227	506.69	284.85	314.162	345.269	378.271	338.166	418.888	500.708
-4.216e+06	296.195	300.432	300.338	294.488	309.382	324.26	355.726	389.065	345.648	427.046	509.944	284.917	314.272	345.433	378.499	338.288	419.125	500.833
-4.215e+06	296.313	300.873	300.778	294.86	309.921	324.864	356.622	390.294	346.302	428.541	511.952	284.628	314.033	345.26	378.382	338.053	418.877	500.518
-4.214e+06	295.855	300.538	300.442	294.397	309.62	324.52	356.396	390.209	346.033	428.538	512.456	283.851	313.287	344.504	377.627	337.207	418.002	500.03
-4.213e+06	293.901	298.413	298.316	292.437	307.55	322.703	354.751	388.762	344.29	427.236	511.649	282.63	311.948	343.096	376.173	335.755	416.58	499.137
-4.212e+06	291.344	295.811	295.712	289.9	305.021	320.132	352.168	386.186	341.635	424.46	508.702	281.259	310.43	341.458	374.574	334.213	415.231	497.785
-4.211e+06	288.941	293.628	293.529	287.569	302.744	317.572	349.457	383.389	338.946	421.572	505.971	280.001	309.029	340.088	373.307	332.989	413.885	496.292
-4.21e+06	286.541	291.441	291.344	285.2	300.398	315.018	346.907	380.873	336.585	419.118	503.179	279.064	307.974	339.117	372.297	332.036	412.781	494.95
-4.209e+06	285.01	290.007	289.911	283.688	298.817	313.482	345.366	379.226	335.087	417.254	500.594	278.511	307.353	338.477	371.611	331.417	412.006	494
-4.208e+06	283.891	288.906	288.811	282.539	297.62	312.391	344.214	378.018	333.955	415.907	498.815	278.26	307.089	338.14	371.229	331.102	411.547	493.413
-4.207e+06	283.059	288.014	287.919	281.657	296.65	311.481	343.249	377.004	333.016	414.778	497.345	278.333	307.194	338.126	371.256	331.161	411.543	493.347
-4.206e+06	282.275	287.196	287.102	280.857	295.776	310.635	342.362	376.079	332.156	413.767	496.175	278.535	307.442	338.391	371.427	331.274	411.776	493.575
-4.205e+06	281.265	286.158	286.065	279.843	294.701	309.586	341.284	374.98	331.105	412.606	494.952	278.791	307.744	338.731	371.701	331.582	412.083	493.885
-4.204e+06	280.187	285.036	284.943	278.759	293.536	308.453	340.107	373.765	329.965	411.317	493.55	279.317	308.305	339.316	372.308	332.174	412.443	494.383
-4.203e+06	279.034	283.836	283.743	277.614	292.303	307.253	338.856	372.469	328.757	409.929	492.043	279.998	309.064	340.148	373.214	332.998	413.341	495.291
-4.202e+06	277.87	282.634	282.542	276.455	291.061	306.034	337.581	371.142	327.532	408.459	490.486	280.334	309.489	340.663	373.822	333.494	414.054	495.958
-4.201e+06	277.236	281.981	281.889	275.822	290.359	305.319	336.78	370.253	326.798	407.446	489.243	280.53	309.755	340.999	374.234	333.813	414.54	496.611
-4.2e+06	276.795	281.54	281.449	275.304	289.899	304.839	336.255	369.683	326.326	406.846	488.488	280.698	309.986	341.292	374.593	334.088	414.955	497.169
-4.199e+06	276.869	281.732	281.641	275.551	290.06	304.995	336.35	369.708	326.481	406.831	488.18	280.843	310.186	341.547	374.908	334.324	415.312	497.65
-4.198e+06	277.389	282.19	282.099	276.071	290.511	305.32	336.811	370.158	326.978	407.307	488.487	280.992	310.383	341.793	375.206	334.549	415.641	498.084
-4.197e+06	278.381	283.105	283.015	277.041	291.415	306.301	337.586	371.073	327.939	408.263	489.466	281.131	310.569	342.025	375.487	334.758	415.947	498.484
-4.196e+06	279.553	284.216	284.126	278.198	292.534	307.522	338.814	372.125	328.925	409.576	490.895	281.269	310.754	342.259	375.773	334.965	416.26	498.864
-4.195e+06	280.829	285.443	285.353	279.46	293.776	308.863	340.229	373.596	330.315	410.778	492.525	281.347	310.878	342.431	375.997	335.107	416.507	499.091
-4.194e+06	282.171	286.741	286.65	280.791	295.096	310.283	341.736	375.187	331.804	412.453	494.05	281.367	310.938	342.531	376.142	335.176	416.664	499.128
-4.193e+06	283.681	288.028	287.937	282.29	296.432	311.876	343.421	376.961	333.462	414.341	496.171	281.296	310.918	342.565	376.237	335.173	416.743	499.106
-4.192e+06	285.273	289.626	289.534	283.779	298.079	313.569	345.22	378.866	335.222	416.366	498.487	281.003	310.67	342.37	376.101	334.939	416.448	498.74
-4.191e+06	286.962	291.418	291.326	285.419	299.886	315.205	347.084	380.918	337.134	418.55	500.974	280.653	310.349	342.081	375.781	334.574	415.922	498.499
-4.19e+06	288.654	293.288	293.196	287.289	301.778	317.163	349.006	382.854	339.144	420.852	503.634	280.393	310.097	341.827	375.423	334.222	415.389	498.255
-4.189e+06	290.6	295.215	295.123	289.215	303.729	319.232	351.216	385.197	341.014	422.999	506.082	280.329	310.045	341.779	375.314	334.109	415.184	498.217
-4.188e+06	292.589	297.185	297.093	291.183	305.727	321.35	353.486	387.621	343.126	425.562	508.971	280.4	310.138	341.895	375.421	334.187	415.327	498.374
-4.187e+06	294.44	299.032	298.939	293.004	307.596	323.337	355.644	389.956	345.202	428.06	511.929	280.585	310.349	342.133	375.696	334.414	415.606	498.668
-4.186e+06	296.244	300.83	300.737	294.785	309.419	325.274	357.743	392.222	347.209	430.464	514.766	280.872	310.671	342.493	376.118	334.76	416.005	499.133
-4.185e+06	297.378	301.979	301.885	295.897	310.609	326.573	359.242	393.935	348.592	432.348	517.207	281.183	311.028	342.898	376.594	335.146	416.469	499.7
-4.184e+06	298.245	302.894	302.8	296.784	311.55	327.602	360.423	395.282	349.668	433.802	519.091	281.491	311.378	343.292	377.053	335.52	416.999	500.236
-4.183e+06	298.394	303.203	303.11	297.049	311.908	328.021	361.014	396.062	350.038	434.652	520.383	281.871	311.791	343.74	377.553	335.948	417.548	500.77
-4.182e+06	298.251	303.21	303.116	296.987	311.961	328.047	361.146	396.324	349.988	434.866	520.819	282.333	312.3	344.298	378.175	336.481	418.23	501.265
-4.181e+06	297.493	302.43	302.336	296.159	311.214	327.295	360.493	395.788	349.387	434.322	520.813	282.72	312.751	344.815	378.776	336.967	418.906	502.119
-4.18e+06	296.674	301.318	301.223	295.229	310.078	326.458	359.739	395.106	348.599	433.683	520.422	282.934	313.029	345.163	379.212	337.281	419.415	502.844
-4.179e+06	295.15	299.571	299.476	293.692	308.448	324.983	358.346	393.819	347.096	432.379	519.206	282.973	313.13	345.333	379.468	337.414	419.736	503.375
-4.178e+06	293.32	297.78	297.684	291.877	306.63	323.13	356.428	391.838	345.079	430.179	516.709	282.865	313.074	345.336	379.548	337.381	419.864	503.682
-4.177e+06	291.058	295.73	295.636	289.688	304.503	320.776	353.95	389.3	342.575	427.412	514.091	282.658	312.909	345.22	379.497	337.232	419.847	503.756
-4.176e+06	288.582	293.432	293.338	287.236	302.077	318.157	351.275	386.651	340.023	424.83	511.447	282.38	312.663	345.014	379.344	336.994	419.711	503.574
-4.175e+06	286.531	291.448	291.355	285.183	299.972	316.099	349.246	384.549	338.038	422.53	508.563	282.096	312.402	344.782	379.154	336.734	419.496	503.243
-4.174e+06	284.823	289.605	289.512	283.389	298.035	314.348	347.413	382.642	336.223	420.448	505.856	281.823	312.151	344.559	378.972	336.485	419.224	502.888
-4.173e+06	283.487	288.099	288.008	282.041	296.45	312.897	345.861	380.992	334.706	418.596	503.38	281.492	311.834	344.26	378.689	336.161	418.814	502.395
-4.172e+06	282.258	286.767	286.676	280.803	295.07	311.579	344.465	379.522	333.347	416.952	501.559	281.124	311.476	343.915	378.31	335.792	418.331	502.056
-4.171e+06	281.549	286.014	285.924	280.089	294.252	310.769	343.556	378.512	332.493	415.789	500.146	280.754	311.111	343.56	377.895	335.393	417.828	501.73
-4.17e+06	281.03	285.518	285.429	279.57	293.707	310.196	342.927	377.827	331.908	415.036	499.236	280.416	310.774	343.219	377.495	335.012	417.349	501.39
-4.169e+06	281.128	285.625	285.536	279.614	293.776	310.234	342.895	377.717	331.928	414.853	498.746	280.134	310.496	342.927	377.165	334.693	416.956	501.118
-4.168e+06	281.349	285.98	285.891	279.993	294.117	310.567	343.215	378.017	332.278	415.15	499.042	279.91	310.277	342.688	376.9	334.433	416.688	500.911
-4.167e+06	281.93	286.51	286.421	280.572	294.643	310.997	343.749	378.546	332.832	415.699	499.628	279.686	310.065	342.459	376.66	334.187	416.517	500.748
-4.166e+06	282.609	287.135	287.047	281.24	295.274	311.705	344.278	379.234	333.508	416.43	500.44	279.399	309.795	342.172	376.373	333.882	416.307	500.574
-4.165e+06	282.293	286.806	286.717	280.914	294.976	311.475	344.135	379.139	333.079	416.447	500.753	278.971	309.378	341.715	375.911	333.412	415.936	500.238
-4.164e+06	281.634	286.123	286.034	280.243	294.295	310.829	343.433	378.477	332.338	415.803	500.211	278.454	308.857	341.123	375.292	332.815	415.4	499.693
-4.163e+06	280.223	284.715	284.626	278.83	292.889	309.353	341.901	377.111	330.95	414.459	499.022	277.979	308.38	340.587	374.772	332.276	414.905	499.188
-4.162e+06	278.428	283.024	282.936	277.072	291.17	307.39	340.106	375.273	329.191	412.558	496.952	277.482	307.879	340.041	374.273	331.727	414.387	498.66
-4.161e+06	276.783	281.493	281.405	275.46	289.581	305.719	338.433	373.498	327.568	410.667	494.488	276.981	307.365	339.489	373.733	331.176	413.814	498.043
-4.16e+06	274.874	279.642	279.934	273.93	288.04	304.214	336.845	371.819	326.032	408.83	492.237	276.578	306.95	339.082	373.297	330.767	413.35	497.536
-4.159e+06	273.342	278.073	278.793	272.811	286.864	303.047	335.569	370.421	324.826	407.25	490.473	276.201	306.556	338.702	372.808	330.403	412.885	497.004
-4.158e+06	265.418	269.856	271.101	265.341	278.929	295.011	326.95	361.205	316.458	397.515	479.586	275.944	306.284	338.442	372.544	330.164	412.553	496.607
-4.157e+06	259.733	263.889	265.523	260.251	273.207	289.344	320.713	354.378	310.738	390.561	471.477	275.743	306.073	338.245	372.378	329.988	412.301	496.299
-4.156e+06	257.218	261.047	262.904	258.187	270.638	287.014	318.009	351.266	308.38	387.679	468.064	275.652	305.975	338.161	372.322	329.927	412.107	496.124
-4.155e+06	256.049	259.483	261.255	257.079	269.126	285.756	316.571	349.581	307.063	385.949	465.905	275.699	306.007	338.197	372.372	329.989	411.897	496.02
-4.154e+06	259.788	263.244	264.694	260.722	272.908	289.606	320.617	353.807	311.178	390.537	470.966	275.968	306.272	338.472	372.666	330.288	412.22	496.058
-4.153e+06	265.641	269.287	270.239	266.018	278.603	295.309	326.738	360.36	317.162	397.453	478.74	276.386	306.705	338.935	373.168	330.769	412.771	496.383
-4.152e+06	267.757	271.423	271.839	267.665	280.41	297.055	328.44	362.335	319.003	399.519	480.79	276.865	307.219	339.497	373.788	331.341	413.456	497.179
-4.151e+06	269.842	273.412	273.568	269.358	282.184	298.798	330.18	364.239	320.821	401.516	482.903	277.372	307.77	340.109	374.47	331.955	414.21	498.082
-4.15e+06	271.679	275.301	275.394	271.068	283.963	300.592	332.096	366.228	322.679	403.611	485.259	277.687	308.275	340.676	375.11	332.518	414.917	498.947
-4.149e+06	273.844	277.522	277.581	273.118	286.071	302.763	334.332	368.569	324.875	406.05	487.998	278.198	308.879	341.344	375.853	333.179	415.725	499.917
-4.148e+06	276.082	279.812	279.848	275.267	288.283	305.069	336.772	371.097	327.204	408.695	491.008	278.82	309.508	342.048	376.64	333.864	416.582	500.961
-4.147e+06	278.644	282.425	282.444	277.716	290.798	307.686	339.568	373.751	329.845	411.687	494.385	279.367	310.075	342.69	377.369	334.484	417.378	501.95
-4.146e+06	281.269	285.098	285.101	280.249	293.401	310.404	342.482	376.729	332.593	414.843	497.978	279.867	310.632	343.321	378.084	335.085	418.151	502.909
-4.145e+06	283.487	287.383	287.374	282.352	295.612	312.729	345.047	379.542	334.971	417.762	501.482	280.293	311.171	343.939	378.79	335.667	418.917	503.871
-4.144e+06	285.458	289.457	289.438	284.258	297.622	314.841	347.37	382.076	337.114	420.357	504.573	280.564	311.61	344.459	379.402	336.144	419.586	504.74
-4.143e+06	286.899	291.129	291.101	285.653	299.232	316.452	349.254	384.218	338.869	422.619	507.4	280.765	311.948	344.88	379.918	336.514	420.158	505.518
-4.142e+06	288.054	292.553	292.499	286.783	300.614	317.743	350.745	385.915	340.39	424.553	509.805	280.836	312.058	345.07	380.203	336.65	420.492	506.052
-4.141e+06	288.73	293.235	293.161	287.299	301.307	318.42	351.63	387.031	341.372	425.983	511.756	280.677	311.937	345.029	380.256	336.549	420.585	506.179
-4.14e+06	289.37	293.599	293.519	287.846	301.654	319.105	352.469	388.034	342.076	427.012	513.187	280.3	311.577	344.722	380.009	336.173	420.196	505.643
-4.139e+06	289.251	293.293	293.241	287.704	301.454	319.097	352.612	388.348	341.983	427.26	513.802	279.883	311.154	344.313	379.544	335.64	419.535	504.786
-4.138e+06	288.831	292.958	292.906	287.299	301.109	318.769	352.37	388.199	341.331	426.693	513.32	279.522	310.787	343.918	379.098	335.16	418.945	504.347
-4.137e+06	288.122	292.486	292.428	286.689	300.606	318.15	351.758	387.6	340.436	425.792	512.852	279.202	310.449	343.524	378.65	334.715	418.37	503.985
-4.136e+06	287.271	291.849	291.773	285.891	299.921	317.317	350.908	386.762	339.81	425.263	512.482	279.094	310.325	343.386	378.479	334.542	418.157	503.815
-4.135e+06	287.917	292.586	292.499	286.557	300.575	317.899	351.455	387.35	340.508	425.802	512.816	279.158	310.376	343.453	378.552	334.597	418.202	503.817
-4.134e+06	289.248	293.92	293.829	287.853	301.866	319.261	352.901	388.862	341.863	427.272	514.375	279.487	310.703	343.802	378.938	334.942	418.532	504.133
-4.133e+06	291.951	296.586	296.494	290.558	304.494	322.023	355.65	391.562	344.508	429.878	516.956	280.164	311.372	344.482	379.639	335.621	419.24	504.59
-4.132e+06	295.249	299.819	299.726	293.813	307.727	325.439	359.216	395.259	347.884	433.585	520.807	281.248	312.482	345.635	380.844	336.762	420.486	505.864
-4.131e+06	297.039	301.609	301.514	295.57	309.573	327.47	361.541	397.889	350.026	436.427	524.372	282.244	313.553	346.801	382.119	337.895	421.858	507.47
-4.13e+06	298.362	302.92	302.825	296.867	310.922	328.946	363.208	399.754	351.545	438.385	526.803	282.845	314.243	347.604	383.053	338.654	422.903	508.819
-4.129e+06	296.912	301.612	301.514	295.501	309.743	327.849	362.422	399.317	350.468	438.1	527.356	283.044	314.518	347.982	383.552	338.984	423.49	509.69
-4.128e+06	294.537	299.198	299.098	293.081	307.362	325.487	360.15	397.155	348.173	435.895	525.527	282.961	314.497	348.049	383.726	339.004	423.729	510.176
-4.127e+06	291.798	296.192	296.092	290.303	304.376	322.728	357.425	394.466	345.324	433.016	522.55	282.666	314.249	347.87	383.636	338.782	423.679	510.322
-4.126e+06	288.641	293.1	293.021	287.207	301.315	319.449	353.985	390.915	341.813	429.13	518.389	282.276	313.883	347.548	383.373	338.422	423.423	510.184
-4.125e+06	287.134	291.745	291.658	285.735	299.784	317.665	351.9	388.582	339.853	426.615	515.484	281.959	313.569	347.252	383.109	338.098	423.134	509.917
-4.124e+06	286.327	290.993	290.905	284.95	298.946	316.744	350.866	387.572	338.968	425.501	514.12	281.803	313.417	347.119	383.003	337.936	423.005	509.711
-4.123e+06	286.82	291.416	291.327	285.428	299.29	317.145	351.159	387.759	339.282	425.49	513.734	281.714	313.333	347.053	382.964	337.842	422.936	509.495
-4.122e+06	287.784	292.302	292.211	286.365	300.144	318.126	352.165	388.651	340.132	426.323	514.517	281.65	313.282	347.029	382.964	337.785	422.856	509.31
-4.121e+06	288.747	293.205	293.113	287.318	301.048	319.156	353.268	389.807	341.177	427.369	515.525	281.428	313.092	346.861	382.776	337.557	422.611	509.034
-4.12e+06	289.753	294.16	294.068	288.318	302.013	320.24	354.432	391.041	342.283	428.614	516.777	280.914	312.586	346.288	382.183	336.938	421.958	508.469
-4.119e+06	290.482	294.854	294.761	289.045	302.732	321.071	355.371	392.083	343.149	429.698	518.072	280.278	311.842	345.443	381.267	336.079	420.93	507.845
-4.118e+06	291.141	295.48	295.387	289.703	303.378	321.816	356.206	393.004	343.915	430.639	519.189	279.794	311.248	344.753	380.494	335.388	420.307	507.223
-4.117e+06	291.783	296.093	295.999	290.343	304.008	322.542	357.02	393.904	344.658	431.557	520.283	279.496	310.887	344.325	380.127	334.971	419.947	506.799
-4.116e+06	292.428	296.712	296.617	290.986	304.643	323.27	357.836	394.805	345.401	432.473	521.378	279.357	310.733	344.134	379.984	334.826	419.768	506.569
-4.115e+06	293.199	297.458	297.362	291.75	305.396	324.115	358.764	395.814	346.256	433.49	522.56	279.42	310.813	344.214	380.049	334.872	419.802	506.555
-4.114e+06	294.01	298.247	298.151	292.556	306.197	325.01	359.751	396.89	347.164	434.583	523.844	279.701	311.125	344.576	380.345	335.183	420.125	506.867
-4.113e+06	294.907	299.123	299.026	293.453	307.087	325.995	360.826	398.052	348.158	435.759	525.208	280.107	311.574	345.087	380.911	335.68	420.513	507.405
-4.112e+06	295.845	300.042	299.945	294.39	308.023	327.027	361.956	399.279	349.204	437.007	526.669	280.667	312.169	345.731	381.602	336.312	421.213	507.863
-4.111e+06	296.545	300.735	300.637	295.09	308.739	327.839	362.886	400.332	350.037	438.099	528.044	281.453	313.001	346.621	382.547	337.186	422.181	508.851
-4.11e+06	297.167	301.347	301.249	295.713	309.369	328.557	363.703	401.253	350.761	439.038	529.218	282.2	313.831	347.551	383.577	338.083	423.278	510.156
-4.109e+06	297.414	301.592	301.493	295.962	309.638	328.913	364.177	401.852	351.13	439.667	530.137	282.676	314.396	348.224	384.362	338.716	424.137	511.265
-4.108e+06	297.536	301.708	301.609	296.085	309.766	329.114	364.466	402.236	351.323	440.047	530.724	283.03	314.829	348.753	384.995	339.205	424.826	512.183
-4.107e+06	297.489	301.656	301.556	296.034	309.72	329.138	364.576	402.44	351.337	440.241	531.117	283.248	315.117	349.128	385.463	339.538	425.335	512.895
-4.106e+06	297.369	301.529	301.429	295.91	309.59	329.072	364.578	402.517	351.25	440.291	531.31	283.344	315.272	349.36	385.778	339.728	425.677	513.415
-4.105e+06	297.437	301.583	301.483	295.973	309.63	329.173	364.723	402.709	351.317	440.433	531.521	283.384	315.36	349.509	385.995	339.837	425.901	513.774
-4.104e+06	297.556	301.69	301.59	296.087	309.726	329.337	364.942	402.988	351.455	440.675	531.859	283.35	315.366	349.57	386.116	339.856	426.02	514.003
-4.103e+06	297.731	301.853	301.753	296.258	309.877	329.556	365.214	403.318	351.649	440.966	532.238	283.241	315.291	349.542	386.142	339.787	426.036	514.112
-4.102e+06	297.92	302.031	301.93	296.444	310.046	329.793	365.508	403.673	351.864	441.288	532.658	283.051	315.131	349.425	386.073	339.627	425.952	514.102
-4.101e+06	297.011	301.164	301.064	295.56	309.199	328.998	364.8	403.055	351.091	440.772	532.333	282.729	314.839	349.175	385.874	339.334	425.733	513.814
-4.1e+06	295.601	299.92	299.82	294.233	307.942	327.589	363.324	401.525	349.659	439.218	530.597	282.156	314.306	348.68	385.383	338.785	425.176	513.178
-4.099e+06	292.806	297.319	297.218	291.442	305.304	324.77	360.529	398.803	346.838	436.354	528.044	281.223	313.347	347.666	384.336	337.732	424.044	511.949
-4.098e+06	289.548	294.067	293.966	288.126	301.949	321.44	357.247	395.583	343.516	432.944	524.401	280.03	312.005	346.221	382.795	336.282	422.387	510.679
-4.097e+06	286.247	290.598	290.497	284.851	298.372	318.093	353.707	391.729	340.063	428.855	519.719	278.869	310.684	344.762	381.356	334.863	421.048	509.274
-4.096e+06	282.969	287.056	286.958	281.537	294.955	314.517	349.733	387.534	336.228	424.405	515.048	277.966	309.652	343.678	380.355	333.908	419.955	508.036
-4.095e+06	280.976	284.968	284.873	279.527	292.799	312.143	346.911	384.442	333.591	421.2	511.137	277.279	308.889	342.91	379.543	333.163	419.051	506.98
-4.094e+06	279.45	283.402	283.307	277.991	291.163	310.47	344.994	382.447	331.798	419.018	508.455	276.859	308.464	342.415	379.006	332.692	418.437	506.214
-4.093e+06	278.813	282.715	282.62	277.344	290.396	309.682	344.07	381.296	330.987	417.688	506.581	276.689	308.296	342.178	378.735	332.425	418.104	505.737
-4.092e+06	278.504	282.369	282.274	277.034	290.004	309.303	343.649	380.63	330.644	417.013	505.619	276.729	308.344	342.235	378.628	332.452	418.03	505.539
-4.091e+06	278.417	282.133	282.039	276.947	289.831	309.166	343.484	380.406	330.549	416.574	505.054	276.98	308.614	342.525	378.907	332.752	418.074	505.648
-4.09e+06	278.443	282.177	282.081	276.978	289.714	309.17	343.482	380.379	330.602	416.528	504.672	277.396	309.062	343.008	379.417	333.24	418.566	505.923
-4.089e+06	278.613	282.405	282.308	277.069	289.907	309.328	343.643	380.526	330.81	416.677	504.611	277.812	309.528	343.526	379.982	333.754	419.167	506.441
-4.088e+06	278.689	282.689	282.593	277.302	290.17	309.565	343.897	380.781	331.099	416.95	504.868	278.14	309.914	343.977	380.493	334.193	419.725	507.116
-4.087e+06	279.177	283.164	283.069	277.792	290.624	309.867	344.353	381.241	331.586	417.43	505.329	278.402	310.235	344.364	380.945	334.564	420.22	507.741
-4.086e+06	279.767	283.723	283.628	278.363	291.17	310.458	344.775	381.846	332.137	418.076	506.001	278.602	310.49	344.68	381.321	334.86	420.63	508.274
-4.085e+06	280.243	284.178	284.083	278.823	291.621	310.978	345.353	382.22	332.485	418.692	506.696	278.729	310.671	344.922	381.625	335.079	420.964	508.73
-4.084e+06	280.691	284.607	284.511	279.257	292.045	311.465	345.902	382.813	333.023	419.182	507.328	278.779	310.766	345.071	381.828	335.204	421.186	509.057
-4.083e+06	281.056	284.957	284.862	279.61	292.394	311.874	346.38	383.358	333.485	419.488	507.929	278.751	310.781	345.135	381.944	335.242	421.314	509.279
-4.082e+06	281.4	285.286	285.191	279.942	292.72	312.257	346.824	383.863	333.911	420.048	508.478	278.637	310.709	345.114	381.976	335.192	421.359	509.421
-4.081e+06	281.612	285.489	285.394	280.143	292.922	312.515	347.149	384.257	334.21	420.499	508.95	278.445	310.551	344.998	381.905	335.049	421.29	509.365
-4.08e+06	281.782	285.648	285.553	280.302	293.076	312.719	347.41	384.575	334.447	420.856	509.313	278.205	310.34	344.822	381.768	334.846	421.148	509.113
-4.079e+06	281.816	285.676	285.581	280.326	293.1	312.791	347.542	384.769	334.549	421.087	509.574	277.92	310.081	344.599	381.584	334.596	420.919	508.758
-4.078e+06	281.801	285.653	285.558	280.301	293.068	312.803	347.601	384.878	334.582	421.207	509.709	277.643	309.82	344.36	381.369	334.335	420.591	508.307
-4.077e+06	281.603	285.45	285.355	280.093	292.858	312.634	347.483	384.816	334.435	421.094	509.699	277.448	309.634	344.185	381.207	334.143	420.321	507.925
-4.076e+06	281.335	285.176	285.081	279.815	292.57	312.38	347.263	384.61	334.187	420.772	509.506	277.332	309.524	344.085	381.115	334.028	420.162	507.684
-4.075e+06	280.808	284.648	284.553	279.275	292.027	311.867	346.781	384.072	333.624	420.146	509.105	277.312	309.516	344.091	381.134	334.019	420.171	507.667
-4.074e+06	280.177	284.012	283.917	278.633	291.369	311.228	346.065	383.27	332.854	419.238	508.43	277.374	309.595	344.19	381.252	334.103	420.294	507.847
-4.073e+06	279.342	283.176	283.082	277.786	290.507	310.337	345.073	382.204	331.835	418.266	507.547	277.467	309.713	344.336	381.427	334.233	420.48	508.125
-4.072e+06	278.376	282.251	282.156	276.854	289.549	309.274	343.903	380.943	330.665	417.251	506.427	277.539	309.815	344.472	381.599	334.35	420.669	508.418
-4.071e+06	277.86	281.756	281.662	276.369	289.008	308.65	343.158	380.272	330.056	416.533	505.493	277.613	309.921	344.616	381.781	334.472	420.867	508.724
-4.07e+06	277.534	281.413	281.32	276.034	288.633	308.275	342.724	379.898	329.724	416.105	504.944	277.708	310.04	344.763	381.959	334.602	421.049	508.986
-4.069e+06	277.903	281.74	281.646	276.388	288.924	308.611	343.03	380.126	330.039	416.263	504.884	277.852	310.214	344.97	382.199	334.788	421.296	509.321
-4.068e+06	278.527	282.335	282.242	277.002	289.505	309.267	343.741	380.785	330.682	416.934	505.495	278.027	310.421	345.212	382.479	335.007	421.584	509.701
-4.067e+06	279.283	283.067	282.974	277.756	290.236	310.074	344.614	381.71	331.554	417.673	506.361	278.191	310.622	345.453	382.763	335.222	421.879	510.101
-4.066e+06	280.116	283.881	283.788	278.587	291.056	310.973	345.592	382.757	332.521	418.767	507.167	278.268	310.739	345.616	382.975	335.355	422.106	510.446
-4.065e+06	280.034	283.809	283.716	278.502	291.012	311.002	345.76	383.069	332.643	419.188	507.76	278.207	310.717	345.64	383.051	335.347	422.197	510.661
-4.064e+06	279.646	283.422	283.328	278.11	290.628	310.654	345.475	382.849	332.338	418.994	507.526	278.013	310.559	345.527	382.988	335.2	422.143	510.688
-4.063e+06	278.605	282.392	282.299	277.055	289.597	309.648	344.542	381.967	331.347	417.986	506.672	277.682	310.262	345.273	382.784	334.913	421.915	510.435
-4.062e+06	277.313	281.105	281.012	275.752	288.284	308.308	343.115	380.417	329.843	416.357	505.291	277.259	309.856	344.891	382.42	334.503	421.425	509.868
-4.061e+06	276.371	280.184	280.091	274.836	287.319	307.247	341.903	379.04	328.638	415.172	503.93	276.918	309.516	344.554	382.042	334.148	420.924	509.244
-4.06e+06	275.548	279.384	279.291	274.038	286.481	306.341	340.897	378.114	327.798	414.214	502.852	276.73	309.32	344.353	381.814	333.934	420.595	508.795
-4.059e+06	275.463	279.27	279.177	273.951	286.323	306.183	340.643	377.837	327.644	413.832	502.227	276.732	309.314	344.337	381.795	333.909	420.528	508.648
-4.058e+06	275.643	279.418	279.326	274.118	286.45	306.369	340.859	377.966	327.834	413.956	502.264	276.964	309.545	344.566	382.024	334.129	420.747	508.872
-4.057e+06	276.075	279.82	279.728	274.542	286.838	306.819	341.344	378.43	328.242	414.375	502.61	277.332	309.933	344.974	382.455	334.523	421.19	509.383
-4.056e+06	276.616	280.34	280.248	275.079	287.354	307.402	341.985	379.12	328.893	414.876	503.249	277.71	310.349	345.428	382.954	334.957	421.717	510.031
-4.055e+06	276.894	280.607	280.515	275.353	287.629	307.742	342.407	379.623	329.309	415.406	503.826	278.025	310.705	345.83	383.408	335.334	422.203	510.658
-4.054e+06	277.098	280.8	280.708	275.553	287.824	307.99	342.716	379.992	329.616	415.818	504.215	278.252	310.978	346.153	383.787	335.629	422.614	511.224
-4.053e+06	277.119	280.815	280.723	275.568	287.842	308.058	342.851	380.194	329.74	416.063	504.475	278.438	311.203	346.42	384.104	335.87	422.952	511.698
-4.052e+06	277.079	280.767	280.675	275.522	287.79	308.048	342.891	380.284	329.773	416.175	504.573	278.559	311.364	346.626	384.362	336.046	423.228	512.111
-4.051e+06	276.678	280.368	280.276	275.112	287.389	307.685	342.591	380.052	329.456	415.931	504.417	278.562	311.408	346.718	384.51	336.106	423.395	512.421
-4.05e+06	276.143	279.829	279.738	274.568	286.837	307.155	342.089	379.582	328.945	415.281	503.902	278.446	311.329	346.682	384.526	336.038	423.423	512.58
-4.049e+06	275.136	278.826	278.735	273.55	285.824	306.157	341.117	378.56	327.868	414.065	502.996	278.195	311.098	346.478	384.356	335.805	423.245	512.484
-4.048e+06	273.809	277.49	277.546	272.354	284.608	304.922	339.748	377.047	326.43	412.621	501.595	277.869	310.792	346.197	384.111	335.497	422.989	512.303
-4.047e+06	271.927	275.576	276.202	271.044	283.258	303.478	338.145	375.288	324.826	411.108	499.912	277.342	310.276	345.7	383.641	334.972	422.498	511.827
-4.046e+06	260.954	264.325	265.858	260.996	272.625	292.567	326.393	362.73	313.585	397.988	485.033	276.648	309.585	345.02	382.98	334.269	421.754	510.947
-4.045e+06	256.104	259.309	261.489	257.096	268.237	288.185	321.562	357.439	309.258	392.651	478.611	275.747	308.683	344.128	382.018	333.342	420.655	509.689
-4.044e+06	253.32	256.175	258.835	254.972	265.666	285.848	319.007	354.647	306.885	389.736	475.068	274.76	307.67	343.071	380.796	332.225	419.273	508.049
-4.043e+06	251.29	253.926	256.815	253.401	263.849	284.109	317.098	352.56	305.207	387.529	472.456	273.891	306.735	342.051	379.598	331.193	417.889	506.615
-4.042e+06	249.647	252.27	255.399	252.142	262.553	282.701	315.56	350.887	303.902	385.831	470.693	273.278	306.074	341.344	378.823	330.507	416.982	505.663
-4.041e+06	248.768	251.18	254.387	251.313	261.636	281.733	314.502	349.684	303.023	384.578	469.29	272.709	305.456	340.68	378.141	329.872	416.226	504.747
-4.04e+06	248.271	250.457	253.611	250.705	260.977	281.047	313.802	348.956	302.575	383.969	468.064	272.354	305.049	340.222	377.657	329.45	415.709	504.011
-4.039e+06	248.225	250.404	253.235	250.55	260.783	280.769	313.354	348.436	302.433	383.707	467.45	272.191	304.852	339.989	377.411	329.254	415.45	503.502
-4.038e+06	248.513	250.634	253.173	250.559	260.745	280.768	313.212	348.176	302.436	383.671	467.346	272.16	304.795	339.906	377.32	329.207	415.354	503.359
-4.037e+06	249.263	251.392	253.513	250.84	260.932	281.054	313.505	348.449	302.565	383.923	467.592	272.295	304.923	340.024	377.444	329.355	415.489	503.495
-4.036e+06	250.144	252.392	254.026	251.206	261.184	281.454	313.937	348.899	303.013	384.163	468.025	272.368	305.191	340.289	377.72	329.647	415.781	503.804
-4.035e+06	259.873	262.435	263.483	260.225	270.808	291.311	324.588	360.347	313.419	396.275	481.518	272.934	305.722	340.824	378.267	330.208	416.344	504.389
-4.034e+06	262.337	265.26	265.916	262.45	273.203	293.737	327.235	363.204	315.752	399.332	485.038	273.721	306.261	341.603	379.092	331.008	417.206	505.34
-4.033e+06	264.339	267.426	267.638	264.082	274.813	295.523	329.156	365.198	317.588	401.574	487.57	274.506	307.115	342.231	379.848	331.872	418.233	506.575
-4.032e+06	266.102	269.1	269.133	265.479	276.394	296.967	330.69	366.866	319.26	403.552	489.663	275.138	307.835	343.028	380.627	332.594	418.892	507.724
-4.031e+06	267.843	270.941	270.919	266.933	278.126	298.494	332.423	368.879	321.072	405.647	491.836	275.738	308.523	343.807	381.51	333.286	419.796	508.85
-4.03e+06	269.426	272.739	272.687	268.344	279.847	300.189	334.324	370.942	322.891	407.783	494.156	276.257	309.122	344.49	382.292	333.886	420.667	509.853
-4.029e+06	271.193	274.782	274.709	270.136	281.788	302.181	336.474	373.247	324.947	410.151	496.802	276.784	309.72	345.162	383.049	334.48	421.436	510.795
-4.028e+06	273.138	276.832	276.732	272.032	283.703	304.238	338.706	375.654	327.07	412.636	499.655	277.266	310.277	345.778	383.729	335.036	422.104	511.73
-4.027e+06	275.111	278.747	278.625	273.888	285.524	306.269	340.93	378.074	329.171	415.144	502.633	277.63	310.67	346.184	384.188	335.466	422.555	512.513
-4.026e+06	277.025	280.512	280.378	275.703	287.249	308.255	343.103	380.438	331.199	417.579	505.516	277.878	310.929	346.469	384.526	335.834	422.955	513.247
-4.025e+06	278.043	281.355	281.235	276.607	288.094	309.374	344.464	382.059	332.234	419.141	507.666	277.931	311.003	346.59	384.809	336.089	423.445	513.922
-4.024e+06	278.637	282.05	281.933	277.154	288.742	310.049	345.301	383.071	332.592	419.732	508.898	277.641	310.761	346.623	384.967	336.053	423.639	514.29
-4.023e+06	278.299	282.032	281.908	276.828	288.684	309.799	345.177	383.09	332.355	419.874	509.674	277.083	310.451	346.394	384.823	335.727	423.51	514.306
-4.022e+06	277.65	281.54	281.406	276.069	288.191	309.046	344.467	382.443	332.025	419.719	509.669	276.599	309.996	345.965	384.44	335.218	423.098	513.898
-4.021e+06	277.812	281.474	281.334	276.072	288.116	309.138	344.602	382.615	332.183	419.843	509.506	276.264	309.65	345.61	384.09	334.802	422.68	513.237
-4.02e+06	278.2	281.601	281.46	276.408	288.238	309.534	345.07	383.16	332.56	420.23	509.81	276.115	309.495	345.452	383.938	334.589	422.468	512.827
-4.019e+06	279.397	282.792	282.655	277.461	289.284	310.646	346.247	384.402	333.624	421.328	510.875	276.246	309.635	345.601	384.103	334.689	422.599	512.858
-4.018e+06	280.709	284.15	284.011	278.666	290.535	311.953	347.665	385.932	334.917	422.833	512.552	276.7	310.11	346.096	384.622	335.134	423.095	513.359
-4.017e+06	282.388	285.848	285.708	280.293	292.179	313.668	349.47	387.824	336.633	424.707	514.6	277.248	310.673	346.671	385.213	335.662	423.651	513.914
-4.016e+06	284.278	287.763	287.621	282.134	294.053	315.641	351.582	390.076	338.643	426.993	517.193	277.962	311.417	347.443	386.013	336.383	424.434	514.732
-4.015e+06	285.548	289.069	288.925	283.391	295.379	317.079	353.219	391.925	340.143	428.928	519.615	278.79	312.305	348.39	387.025	337.268	425.457	515.876
-4.014e+06	286.597	290.165	290.02	284.44	296.48	318.265	354.556	393.424	341.355	430.463	521.521	279.475	313.071	349.243	387.973	338.048	426.443	517.069
-4.013e+06	286.697	290.416	290.271	284.675	296.78	318.647	355.108	394.166	341.652	431.221	522.729	279.807	313.477	349.729	388.55	338.46	427.045	517.876
-4.012e+06	286.485	290.44	290.294	284.673	296.826	318.723	355.288	394.47	341.491	431.281	523.006	279.974	313.705	350.027	388.929	338.689	427.436	518.446
-4.011e+06	285.273	289.407	289.262	283.602	295.931	317.691	354.34	393.639	340.381	430.253	522.508	279.99	313.774	350.157	389.132	338.753	427.641	518.808
-4.01e+06	283.917	287.905	287.76	282.087	294.508	316.158	352.816	392.139	339.134	429.003	521.429	279.81	313.641	350.078	389.122	338.611	427.624	518.934
-4.009e+06	281.722	285.434	285.29	279.738	292.016	313.887	350.613	390.012	336.917	426.82	519.155	279.387	313.249	349.728	388.825	338.202	427.306	518.722
-4.008e+06	279.171	282.748	282.604	277.203	289.284	311.276	347.874	387.116	333.974	423.445	515.342	278.809	312.687	349.19	388.325	337.614	426.769	518.243
-4.007e+06	276.188	279.952	279.808	274.39	286.446	308.175	344.502	383.58	330.614	419.689	511.529	278.105	311.982	348.493	387.647	336.874	426.033	517.42
-4.006e+06	269.146	273.036	273.773	268.304	280.259	301.538	337.471	376.284	323.99	412.273	503.109	277.324	311.194	347.707	386.83	336.03	425.101	516.307
-4.005e+06	258.463	262.009	263.978	258.942	270.221	291.195	326.138	363.931	313.266	399.159	487.603	276.445	310.288	346.772	385.76	335.005	423.89	514.849
-4.004e+06	253.403	256.717	259.743	255.203	265.976	287.017	321.445	358.679	309.007	393.878	481.212	275.607	309.431	345.855	384.734	334.034	422.742	513.48
-4.003e+06	250.288	253.161	256.849	252.892	263.199	284.426	318.532	355.358	306.262	390.335	476.755	274.62	308.403	344.73	383.49	332.888	421.353	512.086
-4.002e+06	247.918	250.638	254.682	251.131	261.272	282.471	316.365	352.957	304.299	387.823	473.856	273.735	307.457	343.699	382.327	331.861	420.037	510.768
-4.001e+06	245.813	248.376	252.89	249.565	259.616	280.695	314.391	350.777	302.552	385.791	471.416	273.032	306.687	342.873	381.433	331.064	419.012	509.569
-4e+06	244.066	246.322	251.32	248.199	258.149	279.185	312.777	348.927	301.078	383.845	469.293	272.499	306.103	342.246	380.79	330.469	418.319	508.638
-3.999e+06	242.625	244.744	250.015	247.095	256.979	277.902	311.42	347.489	299.988	382.143	467.302	272.025	305.589	341.703	380.24	329.96	417.743	507.863
-3.998e+06	241.374	243.452	248.891	246.223	256.033	276.916	310.129	346.127	299.021	380.913	465.491	271.604	305.137	341.228	379.765	329.519	417.251	507.13
-3.997e+06	240.214	242.174	247.919	245.361	255.093	275.98	308.981	344.727	298.059	379.727	464.045	271.206	304.7	340.757	379.28	329.087	416.736	506.536
-3.996e+06	239.116	241.114	247.108	244.553	254.169	275.105	308.039	343.641	297.169	378.633	462.742	270.943	304.396	340.417	378.918	328.79	416.343	506.055
-3.995e+06	238.929	241.014	247.025	244.282	253.768	274.806	307.675	343.189	296.704	378.113	461.991	270.715	304.308	340.305	378.795	328.719	416.206	505.861
-3.994e+06	239.14	241.395	247.32	244.238	253.902	274.874	307.756	343.246	296.787	378.071	461.951	270.932	304.528	340.522	379.02	328.968	416.431	506.072
-3.993e+06	240.457	242.786	248.285	245.03	254.722	275.463	308.452	344.007	297.674	378.686	462.574	271.46	305.025	341.046	379.581	329.504	417.011	506.707
-3.992e+06	242.17	244.499	249.421	246.04	255.745	276.49	309.35	344.928	298.813	379.928	463.596	272.037	305.365	341.643	380.227	330.101	417.673	507.45
-3.991e+06	244.685	247.031	251.093	247.563	257.287	278.1	311.021	346.52	300.48	381.736	465.489	272.661	306.02	342.321	380.966	330.768	418.437	508.33
-3.99e+06	247.409	249.785	252.882	249.213	258.97	279.871	312.912	348.513	302.314	383.815	467.777	273.249	306.673	342.968	381.675	331.398	419.166	509.181
-3.989e+06	258.197	260.767	262.505	258.561	268.665	289.948	323.72	360.045	312.686	395.756	481.197	273.917	307.415	343.721	382.501	332.127	420.02	510.182
-3.988e+06	263.855	266.741	267.477	263.364	273.714	295.143	329.311	366.027	317.978	402.085	488.262	274.42	307.972	344.276	383.109	332.661	420.635	510.903
-3.987e+06	267.721	270.861	271.21	267.092	277.474	299.172	333.646	370.663	321.992	406.866	493.608	275.041	308.656	344.973	383.87	333.331	421.413	511.811
-3.986e+06	271.233	274.277	274.71	270.434	280.974	302.789	337.544	374.84	325.709	411.147	498.421	275.395	309.053	345.329	384.309	333.703	421.851	512.343
-3.985e+06	273.08	276.267	276.627	272.013	282.853	304.673	339.76	377.392	327.798	413.896	501.857	275.224	308.884	344.907	384.106	333.494	421.634	512.156
-3.984e+06	274.924	278.487	278.679	273.766	284.955	306.621	341.941	379.857	330.115	416.805	505.359	275.74	309.463	345.577	384.782	334.073	422.339	513.012
-3.983e+06	276.087	279.6	279.716	274.834	285.9	307.943	343.518	381.681	331.418	418.811	508.06	276.379	310.171	346.383	385.608	334.785	423.196	514.032
-3.982e+06	277.062	280.568	280.773	275.672	286.779	308.995	344.811	383.229	332.183	419.918	509.693	277.193	311.064	347.403	386.71	335.719	424.345	515.414
-3.981e+06	277.787	281.597	281.653	276.302	287.765	309.756	345.732	384.325	333.21	421.232	511.395	277.771	311.679	348.117	387.526	336.386	425.183	516.444
-3.98e+06	278.535	282.317	282.276	276.795	288.479	310.342	346.414	385.124	334.151	422.494	513.002	278.259	312.21	348.738	388.252	336.968	425.921	517.358
-3.979e+06	279.567	283.083	283.14	277.695	289.165	311.34	347.504	386.298	335.12	423.687	514.379	278.522	312.509	349.102	388.714	337.314	426.381	517.955
-3.978e+06	280.818	284.323	284.396	278.838	290.179	312.625	348.942	387.895	336.279	425.174	516.093	278.92	312.961	349.628	389.359	337.824	427.031	518.762
-3.977e+06	282	285.564	285.604	279.946	291.353	313.874	350.343	389.457	337.35	426.548	517.717	279.27	313.36	350.093	389.944	338.281	427.612	519.484
-3.976e+06	283.052	286.783	286.794	281.048	292.512	315.116	351.738	391.012	338.385	427.875	519.306	279.581	313.726	350.527	390.526	338.723	428.196	520.225
-3.975e+06	283.627	287.593	287.524	281.76	293.309	315.981	352.782	392.246	339.032	428.825	520.556	279.711	313.901	350.818	390.943	338.997	428.606	520.788
-3.974e+06	284.115	288.223	288.083	282.308	294.036	316.644	353.59	393.228	339.792	429.696	521.791	279.765	314.1	351.128	391.296	339.209	428.947	521.269
-3.973e+06	284.553	288.458	288.274	282.503	294.439	316.93	353.992	393.766	340.335	430.51	522.912	279.791	314.243	351.333	391.543	339.317	429.172	521.618
-3.972e+06	284.844	288.468	288.299	282.487	294.539	316.965	354.08	393.928	340.656	431.024	523.65	279.69	314.186	351.333	391.584	339.224	429.187	521.746
-3.971e+06	285.361	288.864	288.796	282.954	294.833	317.493	354.648	394.512	341.167	431.619	524.35	279.371	313.901	351.096	391.384	338.898	428.951	521.602
-3.97e+06	285.954	289.475	289.392	283.532	295.236	318.154	355.402	395.365	341.789	432.381	525.273	278.858	313.4	350.62	390.921	338.344	428.43	521.11
-3.969e+06	287.03	290.56	290.463	284.592	296.251	319.289	356.617	396.662	342.884	433.584	526.585	278.476	313.011	350.232	390.521	337.89	427.947	520.578
-3.968e+06	288.275	291.817	291.707	285.821	297.503	320.63	358.077	398.246	344.208	435.114	528.324	278.376	312.901	350.113	390.379	337.714	427.715	520.257
-3.967e+06	289.617	293.192	293.07	287.083	298.81	322.029	359.623	399.946	345.607	436.798	530.299	278.551	313.09	350.32	390.589	337.862	427.874	520.389
-3.966e+06	290.979	294.583	294.451	288.387	300.158	323.472	361.214	401.694	347.049	438.529	532.326	278.9	313.469	350.732	391.02	338.21	428.265	520.79
-3.965e+06	292.182	295.82	295.679	289.555	301.377	324.789	362.693	403.345	348.37	440.171	534.302	279.318	313.923	351.227	391.544	338.639	428.754	521.309
-3.964e+06	293.293	297.025	296.876	290.691	302.562	326.064	364.119	404.932	349.643	441.738	536.174	279.804	314.456	351.81	392.166	339.153	429.35	521.963
-3.963e+06	294.397	298.231	298.074	291.877	303.777	327.367	365.547	406.492	350.926	443.249	537.92	280.337	315.012	352.388	392.752	339.673	429.881	522.485
-3.962e+06	295.463	299.389	299.226	293.011	304.939	328.621	366.93	408.011	352.164	444.729	539.649	281.013	315.703	353.094	393.454	340.329	430.527	523.103
-3.961e+06	296.236	300.26	300.091	293.892	305.855	329.639	368.098	409.343	353.175	446.039	541.276	281.805	316.554	354.005	394.415	341.178	431.477	524.155
-3.96e+06	296.931	301.065	300.891	294.697	306.692	330.562	369.152	410.538	354.081	447.193	542.697	282.422	317.252	354.791	395.283	341.891	432.359	525.232
-3.959e+06	297.165	301.426	301.227	295.073	307.108	331.06	369.789	411.331	354.568	447.955	543.769	282.836	317.734	355.348	395.912	342.379	432.989	526.039
-3.958e+06	297.225	301.541	301.318	295.269	307.333	331.344	370.174	411.83	354.782	448.394	544.428	283.072	318.03	355.712	396.34	342.677	433.412	526.627
-3.957e+06	296.877	301.052	300.815	294.87	307.027	331.032	369.985	411.791	354.358	448.322	544.633	283.117	318.126	355.868	396.557	342.77	433.616	526.984
-3.956e+06	296.348	300.308	300.063	294.187	306.456	330.36	369.351	411.228	353.576	447.69	544.119	283.001	318.051	355.843	396.582	342.685	433.621	527.117
-3.955e+06	295.186	298.899	298.652	292.785	305.136	328.974	368.009	409.957	352.12	446.292	542.811	282.81	317.889	355.719	396.496	342.505	433.5	527.086
-3.954e+06	293.815	297.38	297.187	291.275	303.471	327.49	366.525	408.462	350.672	444.424	541.047	282.565	317.673	355.54	396.356	342.268	433.323	526.991
-3.953e+06	291.964	295.574	295.381	289.439	301.456	325.659	364.72	406.703	348.777	442.548	539.222	282.217	317.356	355.265	396.127	341.931	433.058	526.813
-3.952e+06	289.699	293.484	293.29	287.326	299.334	323.483	362.444	404.308	346.47	440.037	536.307	281.671	316.824	354.757	395.646	341.364	432.522	526.315
-3.951e+06	287.662	291.653	291.457	285.498	297.453	321.447	360.147	401.761	344.223	437.283	532.881	280.875	316.052	354.022	394.958	340.567	431.793	525.66
-3.95e+06	285.657	289.802	289.587	283.672	295.569	319.371	357.842	399.229	341.976	434.542	529.883	279.703	314.867	352.836	393.693	339.332	430.533	524.265
-3.949e+06	284.471	288.677	288.455	282.595	294.405	318.064	356.298	397.636	340.51	432.615	527.718	278.676	313.788	351.632	392.287	338.14	429.082	522.427
-3.948e+06	283.741	287.946	287.726	281.884	293.634	317.281	355.389	396.722	339.636	431.552	526.372	278.032	313.098	350.827	391.32	337.35	428.037	521.027
-3.947e+06	283.394	287.529	287.311	281.506	293.187	316.854	354.885	396.102	339.144	430.785	525.29	277.525	312.547	350.207	390.573	336.738	427.206	519.9
-3.946e+06	283.185	287.242	287.025	281.251	292.881	316.582	354.606	395.662	338.842	430.265	524.587	277.216	312.201	349.836	390.141	336.349	426.698	519.184
-3.945e+06	283.376	287.36	287.144	281.389	292.963	316.696	354.701	395.698	338.929	430.219	524.114	277.128	312.072	349.676	389.963	336.179	426.415	518.779
-3.944e+06	283.674	287.598	287.382	281.648	293.183	316.963	354.981	395.981	339.193	430.44	524.237	277.324	312.238	349.818	390.093	336.318	426.457	518.726
-3.943e+06	284.446	288.309	288.093	282.389	293.876	317.705	355.725	396.71	339.933	431.108	524.805	277.881	312.792	350.375	390.66	336.868	426.973	519.214
-3.942e+06	285.454	289.269	289.053	283.372	294.837	318.737	356.809	397.835	340.995	432.224	525.965	278.708	313.645	351.257	391.579	337.737	427.874	520.162
-3.941e+06	287.012	290.776	290.56	284.912	296.208	320.325	358.442	399.496	342.612	433.845	527.628	279.648	314.609	352.247	392.601	338.716	428.876	521.215
-3.94e+06	288.804	292.379	292.177	286.51	298.021	322.027	360.215	401.343	344.363	435.73	529.573	280.619	315.773	353.49	393.925	339.931	429.987	522.397
-3.939e+06	291.076	294.637	294.413	288.836	300.369	324.418	362.713	403.917	346.794	438.461	532.475	281.505	316.595	354.406	394.93	340.924	431.355	524.098
-3.938e+06	293.445	297.197	296.973	291.401	302.936	327.139	365.591	406.941	349.58	441.576	535.862	282.398	317.569	355.47	396.138	341.791	432.649	525.67
-3.937e+06	296.149	299.887	299.662	294.076	305.621	329.993	368.626	410.15	352.492	444.618	539.246	283.663	318.906	356.881	397.626	343.172	434.166	527.356
-3.936e+06	298.888	302.604	302.378	296.787	308.342	332.892	371.719	413.185	355.437	447.985	543.097	284.442	319.86	358.029	398.989	344.231	435.663	529.342
-3.935e+06	300.027	303.762	303.535	297.905	309.543	334.292	373.151	415.2	356.928	450.304	546.181	284.327	319.733	357.923	398.937	344.035	435.581	529.346
-3.934e+06	300.619	304.36	304.132	298.485	310.166	335.033	374.021	416.217	357.697	451.572	547.932	284.574	320.082	358.407	399.602	344.406	436.38	530.504
-3.933e+06	299.997	303.837	303.609	297.934	309.705	334.683	373.943	416.391	357.405	451.576	548.671	283.628	319.099	357.408	398.616	343.412	435.439	529.714
-3.932e+06	298.748	302.802	302.568	296.895	308.779	333.748	373.2	415.803	356.509	450.939	548.122	283.355	318.926	357.277	398.42	343.309	435.109	529.414
-3.931e+06	297.601	301.56	301.321	295.665	307.663	332.511	372.09	414.786	355.281	450.013	547.36	282.927	318.544	356.922	398.106	342.907	434.402	528.724
-3.93e+06	296.716	300.388	300.15	294.556	306.54	331.407	370.931	413.655	354.037	448.947	546.403	282.521	318.147	356.55	397.775	342.483	434.01	528.403
-3.929e+06	296.269	299.784	299.568	294.092	305.818	330.938	370.413	413.091	353.415	448.02	545.346	281.969	317.629	356.085	397.382	341.951	433.609	528.125
-3.928e+06	295.889	299.407	299.192	293.701	305.331	330.562	370.082	412.794	353.009	447.299	544.66	281.087	316.755	355.239	396.583	341.044	432.77	527.342
-3.927e+06	295.313	298.841	298.626	293.116	304.755	330.005	369.583	412.351	352.425	446.771	544.234	280.157	315.789	354.23	395.478	340.012	431.673	526.045
-3.926e+06	294.656	298.188	297.973	292.449	304.086	329.344	368.956	411.755	351.723	446.104	543.577	279.373	314.975	353.366	394.518	339.14	430.731	524.844
-3.925e+06	292.794	296.407	296.191	290.643	302.306	327.573	367.255	410.125	349.922	444.447	542.073	278.493	314.049	352.352	393.4	338.151	429.569	523.406
-3.924e+06	290.373	294.207	293.992	288.423	300.078	325.176	364.739	407.46	347.501	441.885	539.193	277.687	313.186	351.399	392.339	337.224	428.43	521.984
-3.923e+06	287.242	291.23	291.008	285.392	297.142	321.919	361.363	403.993	344.175	438.221	535.123	277.009	312.448	350.606	391.457	336.426	427.458	520.755
-3.922e+06	284.05	288.021	287.798	282.146	293.92	318.503	357.871	400.473	340.658	434.206	530.96	276.652	312.048	350.176	391.012	335.983	426.902	520.075
-3.921e+06	281.845	285.548	285.326	279.711	291.391	316.065	355.241	397.622	338.098	431.057	527.242	276.51	311.886	350.005	390.85	335.798	426.651	519.766
-3.92e+06	279.936	283.432	283.21	277.78	289.239	313.978	352.998	395.212	335.927	428.423	524.078	276.554	311.909	350.015	390.861	335.802	426.577	519.623
-3.919e+06	279.019	282.422	282.201	276.876	288.183	312.866	351.672	393.646	334.716	426.607	521.583	276.907	312.232	350.31	391.134	336.103	426.76	519.694
-3.918e+06	278.467	281.9	281.681	276.31	287.609	312.216	350.911	392.754	334.024	425.576	520.183	277.571	312.909	351.002	391.849	336.792	427.434	520.369
-3.917e+06	278.632	282.089	281.872	276.53	287.742	312.285	350.858	392.549	334.052	425.254	519.44	278.179	313.574	351.723	392.637	337.496	428.227	521.289
-3.916e+06	279.01	282.587	282.371	277.068	288.214	312.662	351.227	392.899	334.375	425.473	519.546	278.505	314.135	352.346	393.336	338.098	428.929	522.034
-3.915e+06	280.528	284.047	283.832	278.568	289.638	314.135	352.534	394.028	335.832	426.674	520.299	278.99	314.615	352.879	393.934	338.612	429.273	522.569
-3.914e+06	282.474	285.94	285.729	280.495	291.457	316.128	354.581	396.077	337.883	428.813	522.444	279.562	315.087	353.5	394.62	339.21	430.052	523.499
-3.913e+06	285.519	288.762	288.551	283.34	294.38	319.066	357.572	399.092	340.864	431.73	525.265	280.177	315.589	354.177	395.364	339.86	430.892	524.489
-3.912e+06	288.825	292.252	292.038	286.809	297.88	322.608	361.202	402.775	344.481	435.769	529.465	280.748	316.22	354.798	396.042	340.453	431.644	525.366
-3.911e+06	291.491	294.935	294.721	289.464	300.57	325.501	364.339	406.154	347.491	439.052	533.355	281.188	316.709	355.323	396.637	340.941	432.315	526.199
-3.91e+06	294.019	297.458	297.243	291.971	302.992	328.201	367.238	409.117	350.264	442.372	537.129	281.358	316.922	355.668	397.071	341.238	432.745	526.865
-3.909e+06	294.857	298.333	298.118	292.802	303.79	329.324	368.689	410.72	351.507	444.493	540.08	281.304	316.898	355.843	397.331	341.358	432.829	527.099
-3.908e+06	295.18	298.68	298.465	293.114	304.133	329.799	369.351	411.543	352.029	445.367	541.57	281.006	316.818	355.836	397.419	341.285	432.617	526.998
-3.907e+06	294.574	298.187	297.972	292.57	303.693	329.408	369.144	411.582	351.689	445.274	541.771	280.495	316.431	355.498	397.179	340.877	432.327	526.926
-3.906e+06	293.359	297.22	297.002	291.545	302.794	328.433	368.26	410.882	350.734	444.598	541.327	279.785	315.718	354.78	396.496	340.109	431.634	526.287
-3.905e+06	292.82	296.669	296.448	290.969	302.386	327.801	367.593	410.282	350.064	444.128	540.874	279.216	315.116	354.137	395.841	339.433	430.928	525.507
-3.904e+06	292.591	296.28	296.057	290.562	302.09	327.378	367.173	409.914	349.617	443.886	540.733	278.885	314.761	353.747	395.44	339.013	430.476	524.974
-3.903e+06	292.6	296.138	295.914	290.426	301.994	327.352	367.182	409.792	349.426	443.775	540.637	278.738	314.595	353.552	395.237	338.792	430.225	524.644
-3.902e+06	292.669	296.085	295.861	290.476	301.969	327.442	367.316	409.987	349.499	443.795	540.701	278.743	314.595	353.538	395.227	338.751	430.179	524.551
-3.901e+06	292.026	295.31	295.095	289.816	301.205	326.854	366.826	409.633	348.932	443.173	540.239	278.794	314.66	353.61	395.325	338.791	430.262	524.644
-3.9e+06	291.054	294.337	294.131	288.828	299.995	325.869	365.861	408.72	347.919	441.812	538.975	278.74	314.611	353.558	395.289	338.714	430.202	524.581
-3.899e+06	289.259	292.576	292.37	287.017	298.132	324.076	364.115	407.058	346.102	440.103	537.414	278.738	314.599	353.529	395.256	338.669	430.131	524.465
-3.898e+06	287.076	290.528	290.323	284.933	296.057	321.908	361.808	404.669	343.866	437.783	534.87	278.88	314.753	353.686	395.431	338.806	430.287	524.626
-3.897e+06	284.932	288.593	288.389	282.974	294.075	319.679	359.327	401.999	341.539	435.128	531.627	278.938	314.837	353.793	395.575	338.886	430.426	524.826
-3.896e+06	282.807	286.662	286.455	280.975	292.108	317.415	356.824	399.427	339.165	432.322	528.327	278.917	314.833	353.804	395.616	338.874	430.453	524.899
-3.895e+06	282.611	286.47	286.263	280.823	291.852	317.003	356.184	398.618	338.605	431.081	526.578	279.001	314.927	353.902	395.731	338.954	430.542	525.001
-3.894e+06	283.172	286.939	286.734	281.331	292.283	317.498	356.608	398.911	339.066	431.394	526.564	279.217	315.152	354.131	395.972	339.168	430.758	525.223
-3.893e+06	285.301	288.958	288.754	283.425	294.269	319.55	358.59	400.763	341.083	433.152	527.957	279.538	315.484	354.465	396.318	339.489	431.078	525.549
-3.892e+06	288.095	291.62	291.42	286.153	296.908	322.37	361.473	403.69	343.92	436.021	530.824	279.788	315.946	354.948	396.83	339.952	431.563	526.098
-3.891e+06	290.196	293.625	293.419	288.12	299.07	324.508	363.804	406.197	346.207	438.881	534.086	280.163	316.328	355.364	397.29	340.341	431.774	526.409
-3.89e+06	291.969	295.606	295.4	290.104	301.067	326.648	366.103	408.643	348.423	441.431	536.952	280.372	316.53	355.608	397.589	340.552	432.169	526.751
-3.889e+06	292.316	295.994	295.788	290.457	301.508	327.251	366.989	409.836	349.145	442.8	539.024	280.394	316.593	355.718	397.761	340.622	432.35	527.065
-3.888e+06	292.023	295.856	295.649	290.288	301.398	327.206	367.087	410.089	349.149	443.103	539.695	280.233	316.507	355.67	397.764	340.533	432.239	527.027
-3.887e+06	291.096	294.888	294.677	289.26	300.543	326.269	366.286	409.444	348.256	442.635	539.62	279.95	316.327	355.523	397.665	340.345	431.998	527.023
-3.886e+06	289.84	293.368	293.157	287.853	299.075	324.871	364.893	408.084	346.758	441.049	538.077	279.484	315.935	355.139	397.302	339.929	431.629	526.687
-3.885e+06	288.776	292.218	292.014	286.76	297.779	323.756	363.764	406.949	345.595	439.614	536.649	279.081	315.507	354.711	396.886	339.473	431.201	526.255
-3.884e+06	287.785	291.221	291.018	285.741	296.747	322.721	362.725	405.911	344.518	438.488	535.477	278.68	315.085	354.294	396.485	339.024	430.783	525.836
-3.883e+06	286.787	290.215	290.013	284.717	295.71	321.676	361.667	404.847	343.423	437.326	534.232	278.278	314.662	353.874	396.077	338.573	430.35	525.386
-3.882e+06	285.73	289.149	288.948	283.639	294.609	320.563	360.528	403.631	342.254	436.055	532.834	277.817	314.187	353.407	395.63	338.074	429.877	524.908
-3.881e+06	283.73	287.256	287.056	281.729	292.694	318.596	358.446	401.432	340.239	433.947	530.487	277.077	313.43	352.655	394.897	337.292	429.114	524.14
-3.88e+06	281.399	285.126	284.927	279.557	290.522	316.163	355.782	398.625	337.697	430.975	526.997	276.225	312.542	351.75	393.988	336.366	428.152	523.115
-3.879e+06	278.258	282.122	281.921	276.507	287.565	312.873	352.402	395.34	334.331	427.243	523.325	275.378	311.645	350.818	393.031	335.422	427.119	521.958
-3.878e+06	274.331	278.151	278.526	273.088	284.156	309.338	348.889	391.678	330.834	423.326	518.911	274.486	310.71	349.855	392.03	334.448	426.07	520.781
-3.877e+06	260.242	263.615	265.589	260.592	270.929	295.74	334.073	375.624	316.76	406.57	499.545	273.456	309.608	348.693	390.78	333.29	424.752	519.192
-3.876e+06	253.09	256.27	259.987	255.381	265.258	289.862	327.576	368.505	310.935	399.419	491.011	272.61	308.683	347.697	389.718	332.313	423.585	517.774
-3.875e+06	249.723	252.5	256.894	252.948	262.275	286.905	323.939	364.135	307.797	394.995	485.165	271.906	307.876	346.789	388.711	331.444	422.447	516.336
-3.874e+06	247.951	250.49	254.918	251.487	260.564	285.188	321.924	361.764	306.047	392.464	482.013	271.55	307.444	346.27	388.105	330.971	421.741	515.367
-3.873e+06	248.349	250.661	254.519	251.333	260.274	284.789	321.241	360.768	305.644	391.377	480.324	271.265	307.253	346.006	387.767	330.759	421.333	514.742
-3.872e+06	249.673	251.766	254.703	251.731	260.57	285.099	321.426	360.782	305.985	391.392	479.928	271.422	307.286	346.011	387.716	330.814	421.241	514.493
-3.871e+06	250.871	253.015	255.064	252.103	260.945	285.454	321.727	361.026	306.406	391.736	480.123	271.718	307.295	346.195	387.87	331.045	421.387	514.558
-3.87e+06	259.004	261.288	262.556	259.375	268.536	293.469	330.307	370.147	314.823	401.532	491.058	272.151	307.726	346.314	388.213	331.253	421.463	514.815
-3.869e+06	262.187	264.738	265.687	262.26	271.645	296.677	333.856	374.041	318.163	405.604	496.093	272.766	308.355	346.898	388.479	331.808	422.111	515.064
-3.868e+06	263.189	265.973	266.721	263.304	272.616	297.828	335.054	375.221	319.23	407.04	497.978	273.488	309.117	347.698	389.29	332.624	423	516.022
-3.867e+06	264.513	267.211	267.913	264.329	273.782	298.8	336.074	376.497	320.451	408.483	499.584	274.235	309.938	348.595	390.267	333.509	424.058	517.259
-3.866e+06	265.794	268.573	269.055	265.166	274.864	299.703	337.235	377.773	321.593	409.85	501.105	274.919	310.69	349.418	391.167	334.312	425.024	518.395
-3.865e+06	268.744	271.596	271.687	267.55	277.384	302.219	339.796	380.35	324.147	412.452	503.634	275.78	311.621	350.421	392.244	335.287	426.163	519.698
-3.864e+06	271.93	274.84	274.849	270.583	280.472	305.381	343.107	383.842	327.423	416.094	507.538	276.83	312.75	351.633	393.539	336.458	427.515	521.226
-3.863e+06	276.715	279.683	279.654	275.164	285.089	310.165	348.044	388.861	332.235	421.157	512.668	278.019	314.044	353.032	395.048	337.801	429.106	523.054
-3.862e+06	281.914	284.936	284.882	280.211	290.194	315.52	353.691	394.782	337.569	427.229	519.118	279.166	315.286	354.373	396.491	339.083	430.613	524.778
-3.861e+06	286.282	289.45	289.374	284.236	294.396	319.999	358.642	400.221	342.254	432.976	525.534	280.504	316.771	356.014	398.296	340.645	432.546	527.083
-3.86e+06	289.994	293.41	293.315	287.824	298.118	323.941	362.95	404.905	346.322	437.855	531.207	281.489	317.894	357.286	399.729	341.836	434.084	528.986
-3.859e+06	291.452	295.074	294.925	289.381	299.946	325.987	365.453	407.878	348.399	441.043	535.306	282.058	318.571	358.091	400.681	342.458	435.088	530.299
-3.858e+06	292.559	296.044	295.883	290.178	300.964	327.06	366.941	409.807	349.657	443.04	538.076	282.15	318.723	358.334	401.057	342.529	435.606	531.152
-3.857e+06	293.108	296.477	296.35	290.767	301.272	327.764	367.684	410.733	350.498	444.03	539.972	281.831	318.426	358.083	400.876	342.18	435.436	531.188
-3.856e+06	293.233	296.867	296.71	291.133	301.612	328.307	368.411	411.588	350.966	444.947	540.962	281.199	317.899	357.659	400.53	341.812	434.685	530.55
-3.855e+06	293.149	296.895	296.702	291.205	301.861	328.553	368.863	412.208	350.998	445.503	541.845	280.483	317.181	356.945	399.832	341.043	433.848	529.716
-3.854e+06	293.331	296.87	296.658	291.2	302.062	328.661	369.148	412.737	350.967	445.946	542.734	280.024	316.706	356.46	399.342	340.509	433.281	529.083
-3.853e+06	293.36	296.626	296.454	290.933	301.9	328.443	369.042	412.791	350.805	445.918	543.226	279.615	316.282	356.023	398.899	340.03	432.759	528.485
-3.852e+06	293.324	296.579	296.419	290.861	301.599	328.344	368.851	412.584	350.804	445.621	543.201	279.402	316.053	355.78	398.645	339.752	432.427	528.064
-3.851e+06	293.432	296.694	296.528	290.967	301.564	328.508	369.073	412.779	350.917	445.742	542.993	279.352	315.988	355.697	398.546	339.642	432.252	527.792
-3.85e+06	293.569	296.858	296.685	291.114	301.729	328.722	369.371	413.171	351.094	446.057	543.329	279.515	316.153	355.863	398.713	339.779	432.363	527.853
-3.849e+06	293.86	297.207	297.029	291.459	302.08	329.117	369.827	413.695	351.446	446.493	543.886	279.83	316.473	356.186	399.036	340.077	432.637	528.089
-3.848e+06	294.177	297.587	297.405	291.833	302.461	329.555	370.339	414.291	351.852	447.019	544.567	280.374	317.005	356.698	399.521	340.58	433.06	528.422
-3.847e+06	294.635	298.108	297.921	292.346	302.981	330.135	370.995	415.029	352.403	447.693	545.394	281.043	317.817	357.575	400.439	341.428	433.788	529.152
-3.846e+06	295.152	298.684	298.494	292.916	303.56	330.782	371.729	415.859	353.027	448.469	546.347	281.637	318.342	358.122	401.042	341.973	434.73	530.272
-3.845e+06	295.653	299.248	299.055	293.475	304.13	331.423	372.463	416.694	353.647	449.254	547.325	282.155	318.938	358.795	401.805	342.538	435.544	531.282
-3.844e+06	296.168	299.83	299.633	294.053	304.718	332.084	373.217	417.55	354.287	450.062	548.325	282.664	319.519	359.454	402.548	343.154	436.304	532.212
-3.843e+06	296.645	300.382	300.183	294.597	305.277	332.715	373.946	418.385	354.899	450.853	549.321	283.275	320.206	360.222	403.402	343.873	437.174	533.255
-3.842e+06	297.072	300.891	300.689	295.1	305.792	333.298	374.62	419.16	355.461	451.578	550.236	283.57	320.571	360.668	403.938	344.237	437.724	533.99
-3.841e+06	296.353	300.185	299.968	294.418	305.189	332.749	374.245	418.994	354.911	451.423	550.516	283.346	320.368	360.509	403.856	343.98	437.714	534.136
-3.84e+06	295.298	298.902	298.675	293.182	304.093	331.5	373.02	417.834	353.58	450.337	549.649	282.689	319.695	359.835	403.202	343.248	437.185	533.737
-3.839e+06	292.957	296.309	296.081	290.555	301.53	328.894	370.472	415.383	350.854	447.689	547.233	281.863	318.826	358.977	402.342	342.445	436.206	532.714
-3.838e+06	290.158	293.324	293.113	287.673	298.446	325.965	367.495	412.344	347.844	444.189	543.586	281.149	318.222	358.402	401.793	341.836	435.198	531.651
-3.837e+06	286.607	290.031	289.825	284.36	295.054	322.455	363.768	408.456	344.191	440.202	539.182	280.35	317.432	357.634	401.059	341.018	434.308	530.874
-3.836e+06	282.787	286.34	286.123	280.635	291.411	318.372	359.46	403.953	339.962	435.295	533.676	279.185	316.291	356.538	400.029	339.857	433.257	529.924
-3.835e+06	279.25	282.763	282.547	277.079	287.842	314.51	355.425	399.721	336.049	430.701	528.528	277.536	314.62	354.866	398.305	338.136	431.531	528.109
-3.834e+06	275.673	278.924	279.083	273.635	284.342	311.031	351.708	395.702	332.45	426.388	523.208	275.894	312.891	352.971	396.162	336.306	429.405	525.442
-3.833e+06	262.6	265.473	267.06	262.069	272.093	298.341	337.841	380.584	319.247	410.575	504.791	274.416	311.314	351.213	394.164	334.626	427.325	522.801
-3.832e+06	254.784	257.52	260.825	256.213	265.745	291.667	330.426	372.433	312.557	402.258	494.837	273.142	309.929	349.694	392.417	333.155	425.454	520.39
-3.831e+06	249.819	252.293	256.835	252.797	261.823	287.687	325.717	366.998	308.393	396.783	487.936	272.248	308.913	348.565	391.145	332.054	424.018	518.539
-3.83e+06	246.023	248.209	253.65	250.136	258.856	284.679	322.317	363.133	305.275	392.704	482.954	271.739	308.3	347.855	390.355	331.38	423.062	517.246
-3.829e+06	244.106	246.203	251.951	248.656	257.261	282.846	320.131	360.568	303.411	389.946	479.593	271.522	307.989	347.453	389.876	331.028	422.451	516.376
-3.828e+06	243.155	244.983	250.828	247.687	256.187	281.662	318.669	358.836	302.221	388.17	477.238	271.579	308.116	347.513	389.878	331.138	422.358	516.087
-3.827e+06	243.681	245.439	250.633	247.627	256.016	281.414	318.217	358.121	302.151	387.66	476.007	272.051	308.464	347.909	390.253	331.577	422.689	516.332
-3.826e+06	244.763	246.573	250.925	248.058	256.273	281.697	318.316	358.067	302.418	387.773	475.915	272.761	308.972	348.275	390.635	332.055	422.918	516.351
-3.825e+06	247.354	249.098	252.299	249.286	257.47	282.973	319.561	359.129	303.65	388.801	476.708	273.975	310.22	349.477	391.744	333.214	424.235	517.673
-3.824e+06	254.893	256.847	258.528	255.316	263.827	289.353	326.37	366.35	310.566	396.6	485.235	275.204	311.553	350.92	393.305	334.63	425.888	519.575
-3.823e+06	263.569	265.782	266.22	262.685	271.508	297.251	334.814	375.345	318.814	406.074	495.726	276.296	312.761	352.252	394.776	335.915	427.452	521.437
-3.822e+06	268.228	270.443	270.523	267.056	275.806	301.921	339.747	380.523	323.625	411.523	501.72	277.289	313.849	353.443	396.082	337.056	428.824	523.021
-3.821e+06	271.953	274.214	274.307	270.565	279.504	305.799	343.993	385.146	327.628	416.324	507.305	278.336	315.02	354.748	397.537	338.294	430.372	524.647
-3.82e+06	275.203	277.749	277.788	273.702	282.918	309.284	347.831	389.341	331.274	420.635	512.27	279.125	315.93	355.792	398.733	339.262	431.647	526.278
-3.819e+06	276.975	279.789	279.734	275.294	284.836	311.176	350.086	392.05	333.531	423.785	516.355	279.73	316.646	356.636	399.723	340.032	432.703	527.514
-3.818e+06	278.317	280.985	280.938	276.499	285.845	312.602	351.736	393.888	334.903	425.866	519.037	280.073	317.081	357.176	400.386	340.508	433.407	528.526
-3.817e+06	278.632	281.566	281.512	276.835	286.343	313.177	352.573	395.029	335.224	426.784	520.676	280.248	317.331	357.517	400.836	340.786	433.871	529.261
-3.816e+06	278.58	281.64	281.503	276.554	286.437	313.002	352.526	395.16	335.416	426.987	521.17	280.239	317.358	357.605	401.03	340.721	434.091	529.701
-3.815e+06	278.613	281.425	281.285	276.444	286.178	312.942	352.522	395.201	335.433	427.263	521.694	279.887	316.993	357.255	400.741	340.268	433.862	529.749
-3.814e+06	278.549	281.374	281.279	276.386	285.988	312.97	352.647	395.44	335.167	427.295	521.947	279.202	316.277	356.538	400.053	339.555	433.13	529.17
-3.813e+06	277.98	281.076	280.959	275.996	285.657	312.625	352.36	395.243	334.438	426.669	521.395	278.125	315.328	355.691	399.239	338.725	431.888	527.901
-3.812e+06	277.248	280.587	280.403	275.347	285.185	311.95	351.668	394.562	333.827	425.882	520.613	277.123	314.303	354.642	398.182	337.649	430.728	526.676
-3.811e+06	276.65	279.845	279.621	274.517	284.549	311.068	350.739	393.63	333.238	425.322	520.123	276.392	313.52	353.814	397.316	336.804	429.765	525.579
-3.81e+06	276.058	278.985	278.741	273.647	283.738	310.282	350.065	393.015	332.567	424.639	519.461	275.859	312.943	353.198	396.668	336.174	429.022	524.702
-3.809e+06	275.382	278.105	277.936	272.908	282.76	309.546	349.329	392.289	331.771	423.787	518.533	275.395	312.436	352.649	396.08	335.619	428.347	523.884
-3.808e+06	274.692	277.441	277.268	272.173	281.868	308.793	348.563	391.522	330.865	422.768	517.281	275.129	312.133	352.311	395.71	335.277	427.897	523.302
-3.807e+06	274.116	276.895	276.712	271.585	281.271	308.155	347.874	390.786	330.01	421.674	515.865	274.983	311.95	352.087	395.447	335.057	427.554	522.82
-3.806e+06	273.221	276.059	275.866	270.721	280.381	307.225	346.879	389.727	328.879	420.289	514.192	274.636	311.543	351.618	394.914	334.611	426.946	522.048
-3.805e+06	273.385	276.232	276.031	270.89	280.504	307.329	346.903	389.661	328.873	420.035	513.762	274.713	311.575	351.597	394.837	334.616	426.805	521.761
-3.804e+06	274.094	276.934	276.725	271.579	281.18	308.049	347.65	390.431	329.633	420.815	514.512	275.31	312.238	352.255	395.483	335.282	427.422	522.328
-3.803e+06	275.42	278.244	278.029	272.901	282.473	309.401	349.021	391.812	331.011	422.194	515.893	275.972	312.876	353.073	396.345	336.089	428.087	523.009
-3.802e+06	276.93	279.745	279.525	274.414	283.972	311.002	350.704	393.574	332.654	423.994	517.851	276.539	313.431	353.498	396.824	336.708	428.903	523.99
-3.801e+06	277.354	280.19	279.965	274.846	284.444	311.595	351.477	394.547	333.324	425.065	519.372	276.914	313.878	354.011	397.392	337.139	429.558	524.83
-3.8e+06	277.471	280.32	280.091	274.969	284.588	311.796	351.766	394.938	333.554	425.478	520.019	277.078	314.121	354.342	397.823	337.373	430.028	525.515
-3.799e+06	275.851	278.841	278.609	273.443	283.14	310.391	350.514	393.867	332.094	424.401	519.364	276.943	314.046	354.324	397.88	337.291	430.154	525.843
-3.798e+06	273.554	276.812	276.568	271.382	281.157	308.185	348.179	391.47	329.655	421.735	516.778	276.607	313.69	353.969	397.551	336.999	429.895	525.728
-3.797e+06	270.357	273.635	274.006	268.834	278.733	305.431	345.304	388.514	327.134	418.935	513.816	275.885	312.906	353.18	396.846	336.333	429.009	524.808
-3.796e+06	257.011	259.869	261.789	256.989	266.287	292.52	331.346	373.505	313.769	403.179	495.842	275.154	312.137	352.535	396.21	335.65	428.045	523.866
-3.795e+06	253.731	256.174	258.5	254.279	263.054	289.299	327.556	369.094	310.35	398.338	489.503	274.566	311.611	351.973	395.612	335.055	427.36	523.071
-3.794e+06	252.644	254.925	257.009	253.21	261.792	287.986	325.961	367.196	308.982	396.312	486.764	274.069	311.151	351.476	395.083	334.532	426.766	522.365
-3.793e+06	262.072	264.399	265.327	261.598	270.366	296.934	335.441	377.157	318.232	406.575	497.985	273.604	310.717	351.022	394.615	334.051	426.244	521.769
-3.792e+06	266.781	269.314	269.453	265.524	274.473	301.09	339.798	381.899	322.625	411.492	503.348	273.22	310.33	350.619	394.203	333.624	425.784	521.246
-3.791e+06	270.045	272.731	272.724	268.629	277.749	304.391	343.259	385.739	326.143	415.543	507.839	273.246	310.338	350.616	394.19	333.599	425.722	521.107
-3.79e+06	272.728	275.566	275.51	271.273	280.532	307.25	346.332	388.989	329.114	418.961	511.624	273.151	310.206	350.448	393.986	333.424	425.459	520.718
-3.789e+06	274.937	277.942	277.856	273.403	282.833	309.646	348.987	391.871	331.632	422.036	515.205	273.129	310.198	350.424	393.946	333.392	425.388	520.577
-3.788e+06	277.166	280.247	280.108	275.5	285.084	311.962	351.525	394.65	334.066	424.965	518.581	273.323	310.403	350.637	394.168	333.586	425.591	520.765
-3.787e+06	279.07	282.118	281.92	277.296	286.905	313.992	353.782	397.157	336.162	427.626	521.781	273.684	310.751	351.012	394.572	333.937	425.994	521.203
-3.786e+06	280.758	283.626	283.399	278.895	288.394	315.786	355.785	399.347	337.99	429.919	524.521	274.037	311.099	351.392	394.987	334.289	426.41	521.671
-3.785e+06	281.462	284.253	284.114	279.511	288.888	316.634	356.894	400.716	338.886	431.407	526.63	274.401	311.474	351.813	395.457	334.675	426.889	522.239
-3.784e+06	281.677	284.609	284.457	279.744	289.178	317.009	357.431	401.413	339.072	432.125	527.75	274.694	311.773	352.149	395.834	334.978	427.262	522.683
-3.783e+06	280.758	283.965	283.776	278.903	288.548	316.295	356.885	400.987	338.09	431.56	527.634	274.956	312.032	352.434	396.146	335.233	427.56	523.024
-3.782e+06	279.519	282.692	282.477	277.479	287.316	314.853	355.453	399.554	336.936	430.159	526.17	275.187	312.261	352.686	396.424	335.458	427.822	523.329
-3.781e+06	278.649	281.536	281.316	276.463	286.108	313.824	354.412	398.558	335.976	429.159	525.182	275.486	312.435	353.04	396.821	335.776	428.073	523.801
-3.78e+06	277.971	280.77	280.589	275.732	285.314	313.106	353.718	397.885	335.137	428.356	524.356	275.925	312.87	353.607	397.473	336.287	428.645	524.268
-3.779e+06	277.432	280.3	280.112	275.204	284.784	312.544	353.122	397.219	334.327	427.388	523.127	276.098	313.123	353.85	397.77	336.485	429.024	524.736
-3.778e+06	276.928	279.91	279.716	274.758	284.339	312.086	352.651	396.628	333.645	426.586	522.139	276.245	313.341	354.06	398.028	336.652	429.341	525.162
-3.777e+06	276.412	279.513	279.313	274.321	283.893	311.623	352.111	395.959	332.971	425.749	521.121	276.252	313.405	354.13	398.139	336.681	429.465	525.375
-3.776e+06	275.991	279.204	278.999	273.976	283.54	311.26	351.666	395.43	332.496	425.095	520.607	276.229	313.421	354.171	398.217	336.683	429.516	525.484
-3.775e+06	275.577	278.888	278.679	273.634	283.188	310.87	351.206	394.898	332.131	424.552	520.087	276.121	313.332	354.108	398.179	336.586	429.423	525.41
-3.774e+06	275.144	278.539	278.326	273.267	282.808	310.44	350.719	394.352	331.738	424.082	519.539	275.956	313.169	353.966	398.047	336.418	429.213	525.179
-3.773e+06	274.927	278.385	278.168	273.1	282.627	310.221	350.457	394.145	331.546	423.818	519.196	275.874	313.095	353.922	398.023	336.345	429.119	525.081
-3.772e+06	274.734	278.184	277.964	272.891	282.403	309.974	350.18	393.926	331.317	423.526	518.84	275.726	312.942	353.788	397.893	336.188	428.908	524.836
-3.771e+06	275.517	278.954	278.731	273.671	283.143	310.732	350.911	394.546	332.046	424.088	519.245	275.802	313.028	353.896	398.016	336.269	428.972	524.888
-3.77e+06	276.625	280.007	279.782	274.73	284.182	311.856	352.104	395.766	333.062	425.215	520.267	275.966	313.202	354.073	398.203	336.421	429.13	525.035
-3.769e+06	279.009	282.307	282.079	277.053	286.453	314.225	354.508	398.172	335.442	427.611	522.577	276.316	313.574	354.438	398.579	336.761	429.52	525.441
-3.768e+06	281.843	285.077	284.846	279.843	289.22	317.171	357.606	401.403	338.463	430.91	526.045	276.801	314.093	354.945	399.103	337.24	430.089	526.036
-3.767e+06	285.202	288.396	288.161	283.089	292.274	320.605	361.069	404.949	341.979	434.533	530.071	277.38	314.738	355.631	399.838	337.885	430.894	526.955
-3.766e+06	288.702	291.806	291.592	286.397	295.738	324.041	364.902	409.084	345.49	438.823	534.804	277.773	315.194	356.194	400.463	338.397	431.519	527.754
-3.765e+06	290.408	293.392	293.15	287.937	297.506	326.076	367.342	411.949	347.647	441.908	538.797	277.931	315.411	356.589	400.938	338.731	431.898	528.305
-3.764e+06	291.53	294.457	294.215	288.935	298.642	327.308	368.91	413.791	348.905	443.835	541.289	277.755	315.356	356.698	401.13	338.77	431.859	528.389
-3.763e+06	291.42	294.376	294.133	288.862	298.447	327.332	369.078	414.353	348.999	444.539	542.722	277.381	315.07	356.444	400.946	338.446	431.539	528.214
-3.762e+06	290.905	293.969	293.725	288.442	298.034	327.036	368.875	414.142	348.714	444.206	542.727	276.851	314.564	355.947	400.495	337.887	431.084	527.831
-3.761e+06	290.119	293.428	293.178	287.907	297.543	326.593	368.551	413.953	348.274	443.964	542.544	276.359	314.066	355.427	399.982	337.32	430.529	527.241
-3.76e+06	289.21	292.682	292.421	287.212	296.951	325.969	368.039	413.565	347.57	443.52	542.296	276.013	313.706	355.036	399.58	336.89	430.068	526.696
-3.759e+06	288.314	291.609	291.343	286.181	296.044	324.912	366.995	412.566	346.408	442.501	541.366	275.518	313.178	354.457	398.97	336.288	429.392	525.895
-3.758e+06	287.488	290.53	290.261	285.131	295.054	323.806	365.855	411.408	345.23	441.276	540.103	275.125	312.758	353.993	398.479	335.805	428.84	525.229
-3.757e+06	286.747	289.543	289.283	284.244	294.117	322.94	364.989	410.544	344.457	440.113	538.863	275.092	312.728	353.952	398.441	335.733	428.76	525.09
-3.756e+06	285.918	288.689	288.446	283.416	293.057	322.115	364.178	409.756	343.584	439.026	537.798	275.102	312.751	353.975	398.478	335.722	428.759	525.056
-3.755e+06	284.694	287.483	287.24	282.195	291.727	320.883	362.948	408.543	342.292	437.707	536.44	275.042	312.697	353.914	398.423	335.634	428.664	524.921
-3.754e+06	283.262	286.068	285.825	280.775	290.293	319.407	361.427	406.986	340.734	436.01	534.581	275.032	312.672	353.859	398.345	335.567	428.534	524.697
-3.753e+06	281.545	284.443	284.201	279.149	288.644	317.714	359.663	405.1	338.955	434.059	532.348	275.267	312.897	354.057	398.519	335.758	428.664	524.735
-3.752e+06	279.783	282.825	282.583	277.531	286.994	315.989	357.726	402.958	337.063	431.857	529.666	275.708	313.367	354.543	399.028	336.221	429.159	525.244
-3.751e+06	277.887	281.082	280.841	275.799	285.22	314.036	355.539	400.544	334.948	429.31	526.579	276.008	313.721	354.944	399.488	336.584	429.626	525.816
-3.75e+06	275.937	279.278	279.038	273.998	283.379	311.956	353.215	398.184	332.719	426.565	523.698	276.129	313.893	355.165	399.77	336.765	429.911	526.22
-3.749e+06	273.771	277.216	277.196	272.151	281.511	309.836	350.968	395.957	330.542	424.074	520.887	276.087	313.882	355.18	399.825	336.75	429.951	526.333
-3.748e+06	267.996	271.395	272.108	267.121	276.316	304.309	345.2	389.784	324.993	417.626	513.612	276.012	313.839	355.167	399.854	336.704	429.964	526.421
-3.747e+06	259.049	262.116	263.586	259.067	267.698	295.318	335.189	378.705	315.689	406.131	499.96	275.816	313.659	355	399.712	336.51	429.788	526.276
-3.746e+06	255.129	257.946	260.002	255.996	264.159	291.875	331.266	374.22	312.145	401.63	494.406	275.554	313.391	354.721	399.431	336.217	429.459	525.921
-3.745e+06	255.775	258.204	259.762	256.281	264.152	291.902	330.955	373.515	312.139	400.774	492.562	275.42	313.233	354.53	399.211	336.024	429.177	525.547
-3.744e+06	265.486	268.003	268.541	264.981	273.218	301.377	341.193	384.503	322.023	412.177	505.195	275.499	313.294	354.561	399.214	336.054	429.125	525.405
-3.743e+06	269.628	272.092	272.209	268.545	276.878	305.012	344.816	388.001	325.665	415.945	508.985	275.387	313.368	354.614	399.248	336.107	429.124	525.345
-3.742e+06	273.66	276.161	276.161	272.433	280.794	309.108	349.087	392.41	329.89	420.299	513.529	275.554	313.52	354.781	399.436	336.257	429.306	525.56
-3.741e+06	277.331	279.937	279.695	275.946	284.213	312.919	353.187	396.792	333.871	424.938	518.589	275.69	313.702	355.018	399.738	336.457	429.634	526.024
-3.74e+06	280.869	283.565	283.3	279.37	287.781	316.611	357.101	400.752	337.694	429.106	523.368	275.581	313.687	355.027	399.78	336.435	429.668	526.116
-3.739e+06	282.842	285.546	285.277	281.211	289.804	318.805	359.438	403.728	340.056	432.397	527.574	275.516	313.679	355.03	399.801	336.412	429.673	526.139
-3.738e+06	284.271	286.841	286.671	282.531	291.065	320.352	361.183	405.642	341.682	434.441	530.365	275.534	313.694	355.065	399.862	336.415	429.721	526.218
-3.737e+06	285.011	287.71	287.533	283.211	291.85	321.292	362.436	407.201	342.701	436.138	532.488	275.798	313.981	355.394	400.241	336.697	430.093	526.659
-3.736e+06	285.057	288.067	287.866	283.277	292.165	321.587	363.02	408.01	342.883	436.993	533.797	276.009	314.207	355.653	400.538	336.911	430.372	526.982
-3.735e+06	284.907	287.921	287.692	282.966	292.173	321.394	363.056	408.272	342.63	437.244	534.54	276.305	314.514	355.983	400.896	337.199	430.696	527.319
-3.734e+06	284.844	287.584	287.349	282.769	291.888	321.164	362.759	408.055	342.584	436.977	534.528	276.687	314.908	356.399	401.336	337.575	431.103	527.735
-3.733e+06	284.189	286.788	286.578	282.082	290.977	320.563	362.242	407.582	341.987	436.522	534.051	277.21	315.424	356.914	401.847	338.064	431.565	528.151
-3.732e+06	283.201	285.945	285.732	281.163	290.083	319.674	361.416	406.822	341.028	435.687	533.336	277.831	316.091	357.634	402.622	338.738	432.337	528.897
-3.731e+06	283.041	285.952	285.735	281.116	290.04	319.579	361.282	406.629	340.747	435.363	532.845	278.069	316.49	358.093	403.148	339.146	432.577	529.323
-3.73e+06	283.304	286.327	286.107	281.435	290.38	319.933	361.685	407.07	341.031	435.736	533.246	278.47	316.925	358.582	403.696	339.589	433.203	530.089
-3.729e+06	285.11	288.106	287.883	283.225	292.122	321.687	363.389	408.686	342.739	437.232	534.476	278.856	317.125	358.977	404.127	339.948	433.706	530.664
-3.728e+06	287.545	290.487	290.26	285.61	294.492	324.183	365.994	411.375	345.265	439.911	537.266	279.336	317.544	359.47	404.608	340.406	434.292	531.313
-3.727e+06	290.494	293.398	293.168	288.488	297.347	327.222	369.194	414.665	348.337	443.125	540.75	279.89	318.163	360.078	405.023	340.969	435.017	532.144
-3.726e+06	293.641	296.514	296.28	291.588	300.369	330.525	372.547	418.27	351.644	446.915	544.939	280.3	318.635	360.59	405.659	341.427	435.656	532.919
-3.725e+06	294.32	297.218	296.981	292.25	301.163	331.347	374	420.224	352.599	449.03	548.023	280.39	318.771	360.861	405.946	341.634	436.037	533.474
-3.724e+06	294.212	297.122	296.883	292.126	301	331.39	374.148	420.516	352.651	449.42	549.038	280.061	318.486	360.751	405.802	341.461	435.834	533.468
-3.723e+06	292.282	295.387	295.144	290.324	299.343	329.827	372.852	419.515	351.138	448.297	548.358	279.59	318.162	360.455	405.595	341.097	435.243	532.933
-3.722e+06	289.625	292.818	292.569	287.69	296.965	327.228	370.322	417.091	348.431	445.802	546.08	278.96	317.558	359.866	405.092	340.438	434.436	532.103
-3.721e+06	286.184	289.182	288.933	284.025	293.315	323.489	366.551	413.327	344.658	441.646	541.896	277.805	316.425	358.757	404.075	339.252	433.397	531.183
-3.72e+06	282.377	285.283	285.039	280.319	289.348	319.56	362.384	408.954	340.586	437.036	536.833	276.294	314.895	357.154	402.49	337.605	431.837	529.612
-3.719e+06	278.049	281.139	280.895	276.076	285.25	314.997	357.579	403.942	335.861	431.627	530.759	274.757	313.286	355.256	400.466	335.732	429.868	527.24
-3.718e+06	271.265	274.308	274.724	269.873	279.034	308.398	350.633	396.655	329.19	423.984	522.276	273.149	311.579	353.254	398.288	333.791	427.636	524.522
-3.717e+06	256.581	259.293	261.885	257.428	265.955	294.619	335.468	380.051	314.928	406.66	501.934	271.67	310.004	351.489	396.35	332.088	425.601	522.015
-3.716e+06	247.702	250.221	255.329	251.256	259.364	287.622	327.683	371.476	307.897	397.943	491.447	270.279	308.473	349.817	394.492	330.491	423.586	519.618
-3.715e+06	242.286	244.378	251.018	247.586	255.167	283.28	322.476	365.331	303.293	391.703	483.394	269.132	307.15	348.344	392.833	329.098	421.76	517.232
-3.714e+06	238.487	240.378	247.848	244.918	252.277	280.225	318.968	361.286	300.136	387.487	478.2	268.476	306.343	347.401	391.758	328.246	420.524	515.585
-3.713e+06	237.19	238.787	246.418	243.725	250.941	278.665	317.002	358.879	298.546	385.049	474.929	268.153	305.988	346.954	391.224	327.88	419.885	514.667
-3.712e+06	236.95	238.483	245.679	243.2	250.308	277.963	316.071	357.652	297.843	383.785	473.058	268.211	306.049	346.966	391.191	327.957	419.787	514.399
-3.711e+06	237.96	239.504	245.852	243.43	250.501	278.058	315.991	357.361	297.968	383.48	472.219	268.678	306.199	347.164	391.377	328.302	419.806	514.277
-3.71e+06	239.487	241.028	246.512	243.984	251.041	278.68	316.51	357.705	298.626	383.963	472.42	269.478	306.974	347.691	391.808	328.801	420.39	514.618
-3.709e+06	242.095	243.727	247.896	245.362	252.412	279.885	317.724	358.916	300.151	385.478	473.849	270.403	307.954	348.73	392.903	329.843	421.548	515.878
-3.708e+06	245.078	246.716	249.591	246.983	254.018	281.519	319.303	360.436	301.845	387.216	475.657	271.178	308.787	349.634	393.88	330.741	422.578	517.049
-3.707e+06	256.833	258.661	259.99	257.085	264.451	292.509	331.174	373.169	313.153	400.403	490.44	272.038	309.723	350.657	394.996	331.74	423.756	518.415
-3.706e+06	261.794	263.911	264.434	261.385	268.893	297.179	336.204	378.546	317.957	405.961	496.531	272.777	310.543	351.572	396.014	332.617	424.832	519.701
-3.705e+06	264.764	267.062	267.276	264.193	271.723	300.336	339.722	382.433	321.117	409.913	501.223	273.447	311.307	352.445	397.007	333.442	425.892	521.017
-3.704e+06	267.424	269.622	269.917	266.56	274.336	303.015	342.708	385.73	323.969	413.345	505.244	273.979	311.93	353.176	397.859	334.119	426.798	522.177
-3.703e+06	269.236	271.683	271.895	268.128	276.259	304.817	344.794	388.143	326.142	416.182	508.75	274.283	312.314	353.658	398.454	334.552	427.433	523.051
-3.702e+06	270.437	273.088	273.103	269.368	277.426	306.238	346.389	389.906	327.641	418.168	511.207	274.203	312.274	353.674	398.54	334.542	427.531	523.303
-3.701e+06	271.826	274.284	274.384	270.592	278.495	307.67	348.042	391.793	328.917	420.093	513.65	274.22	312.339	353.802	398.743	334.562	427.745	523.677
-3.7e+06	273.01	275.522	275.613	271.604	279.648	308.888	349.471	393.435	329.919	421.485	515.547	274.036	312.181	353.685	398.707	334.265	427.727	523.854
-3.699e+06	274.027	276.803	276.808	272.498	280.834	309.964	350.752	394.955	331.22	422.778	517.158	273.657	311.753	353.249	398.295	333.724	427.292	523.51
-3.698e+06	274.925	277.835	277.706	273.206	281.823	310.808	351.753	396.138	332.39	424.281	518.945	273.165	311.186	352.624	397.629	333.215	426.559	522.697
-3.697e+06	275.929	278.605	278.426	274.024	282.53	311.684	352.666	397.118	333.427	425.687	520.736	272.825	310.771	352.28	397.334	333.022	426.02	522.177
-3.696e+06	276.857	279.323	279.292	274.833	283.078	312.64	353.776	398.37	334.342	426.959	522.354	272.703	310.758	352.307	397.37	333.029	426.008	522.149
-3.695e+06	277.755	280.322	280.27	275.605	283.853	313.546	354.832	399.586	335.052	428.142	523.867	272.741	310.899	352.458	397.537	333.163	426.161	522.3
-3.694e+06	278.625	281.465	281.359	276.537	284.86	314.643	356.101	401.031	335.871	429.397	525.535	273.233	311.434	353.041	398.172	333.708	426.796	523
-3.693e+06	280.109	283.169	282.971	278.127	286.545	316.381	358.012	403.061	337.394	431.189	527.559	273.864	312.099	353.743	398.913	334.371	427.512	523.743
-3.692e+06	282.157	285.243	284.99	280.111	288.639	318.59	360.469	405.723	339.626	433.806	530.596	274.875	313.164	354.864	400.089	335.441	428.669	524.957
-3.691e+06	283.817	286.76	286.473	281.596	290.298	320.326	362.494	408.081	341.516	436.111	533.482	275.99	314.379	356.182	401.512	336.678	430.098	526.56
-3.69e+06	285.426	288.162	287.854	282.965	291.869	321.895	364.293	410.191	343.301	438.133	535.998	276.968	315.481	357.419	402.894	337.813	431.498	528.229
-3.689e+06	285.786	288.307	288.126	283.202	292.117	322.209	364.81	411.014	343.927	439.133	537.329	277.604	316.226	358.285	403.894	338.576	432.495	529.473
-3.688e+06	285.812	288.368	288.194	283.24	291.906	322.359	364.898	411.062	344.075	439.573	537.673	278.077	316.797	358.968	404.703	339.156	433.287	530.491
-3.687e+06	285.119	287.887	287.7	282.724	291.362	321.957	364.64	410.939	343.563	439.364	537.781	278.361	317.155	359.413	405.246	339.506	433.788	531.156
-3.686e+06	283.655	286.693	286.461	281.504	290.21	320.729	363.447	409.806	342.009	437.878	536.413	278.025	316.832	359.112	404.979	339.141	433.446	530.852
-3.685e+06	282.164	285.298	285.025	280.111	288.967	319.232	361.875	408.179	340.254	435.895	534.241	277.527	316.321	358.596	404.466	338.581	432.852	530.234
-3.684e+06	281.191	284.135	283.84	278.942	287.921	317.967	360.533	406.784	339.152	434.335	532.577	277.285	316.087	358.379	404.274	338.308	432.584	529.969
-3.683e+06	279.938	282.637	282.328	277.477	286.488	316.507	359.071	405.293	337.763	432.773	530.879	276.754	315.538	357.818	403.709	337.708	431.932	529.264
-3.682e+06	278.636	281.1	280.849	276.162	284.974	315.141	357.645	403.813	336.302	431.116	529.027	276.087	314.85	357.118	403.007	336.972	431.146	528.426
-3.681e+06	277.104	279.542	279.317	274.638	283.222	313.556	356.011	402.143	334.631	429.273	527.015	275.314	314.063	356.327	402.222	336.144	430.281	527.52
-3.68e+06	275.505	277.952	277.72	273.045	281.505	311.871	354.243	400.3	332.851	427.231	524.585	274.367	313.108	355.377	401.293	335.155	429.277	526.497
-3.679e+06	273.449	275.904	275.667	271.003	279.448	309.732	352.006	397.876	330.556	424.525	521.384	273.212	311.914	354.156	400.016	333.915	427.949	525.056
-3.678e+06	270.446	272.936	273.296	268.651	277.054	307.208	349.149	394.683	327.716	421.034	517.288	271.955	310.573	352.731	398.398	332.506	426.322	523.074
-3.677e+06	257.348	259.598	261.338	257.093	264.947	294.465	335.183	379.512	314.443	405.222	499.382	270.948	309.475	351.538	397.029	331.347	424.892	521.248
-3.676e+06	250.6	252.694	255.98	252.238	259.61	288.989	329.074	372.763	308.863	398.398	491.224	270.098	308.552	350.543	395.967	330.386	423.736	519.82
-3.675e+06	244.989	246.699	251.598	248.443	255.464	284.765	324.417	367.648	304.548	393.064	484.801	269.174	307.54	349.444	394.802	329.333	422.448	518.288
-3.674e+06	239.798	241.373	247.827	245.074	252.014	281.018	320.283	363.133	300.788	388.39	479.183	268.341	306.63	348.458	393.759	328.399	421.305	516.935
-3.673e+06	234.536	235.889	244.2	241.716	248.548	277.22	316.085	358.528	296.982	383.668	473.638	267.329	305.524	347.258	392.481	327.267	419.928	515.321
-3.672e+06	229.446	230.589	240.778	238.529	245.235	273.75	312.201	354.207	293.486	379.405	468.464	266.355	304.474	346.11	391.25	326.202	418.614	513.769
-3.671e+06	225.734	226.831	238.227	236.229	242.839	271.048	309.193	350.784	290.893	375.966	464.101	265.355	303.543	345.067	390.104	325.256	417.387	512.273
-3.67e+06	222.628	223.66	236.235	234.371	240.819	268.708	306.548	347.905	288.722	373.158	460.611	264.814	302.709	344.245	389.168	324.543	416.38	510.984
-3.669e+06	221.535	222.527	235.449	233.518	239.841	267.636	305.037	346.042	287.591	371.501	458.272	264.602	302.281	343.77	388.622	324.198	415.793	510.169
-3.668e+06	221.444	222.471	235.286	233.23	239.6	267.223	304.588	345.261	287.173	370.793	457.343	264.765	302.417	343.559	388.54	324.199	415.694	509.993
-3.667e+06	222.716	223.823	235.956	233.808	240.143	267.601	304.767	345.416	287.713	370.869	456.997	265.024	302.667	343.785	388.44	324.274	415.598	509.893
-3.666e+06	224.466	225.488	236.788	234.566	240.734	268.362	305.376	345.807	288.525	371.621	457.56	265.274	302.919	344.036	388.684	324.573	415.867	509.834
-3.665e+06	227.293	228.323	238.344	235.851	242.164	269.83	306.881	347.268	289.892	373.084	459.085	265.676	303.35	344.497	389.179	325.059	416.4	510.43
-3.664e+06	230.437	231.57	240.041	237.511	243.893	271.405	308.613	349.136	291.773	374.991	461.035	266.056	303.757	344.93	389.643	325.509	416.891	510.98
-3.663e+06	234.711	235.971	242.487	239.938	246.34	273.934	311.108	351.613	294.433	377.883	464.087	266.538	304.273	345.48	390.229	326.068	417.509	511.671
-3.662e+06	239.31	240.7	245.316	242.606	249.039	276.8	314.156	354.81	297.411	381.172	467.539	267.09	304.855	346.089	390.866	326.682	418.166	512.379
-3.661e+06	243.478	245.006	248.012	245.066	251.561	279.508	317.114	358.015	300.116	384.446	471.383	267.755	305.568	346.85	391.678	327.434	419.01	513.322
-3.66e+06	256.108	257.924	259.457	256.175	263.131	291.71	330.434	372.467	312.795	399.512	488.441	268.38	306.252	347.594	392.486	328.157	419.848	514.284
-3.659e+06	259.508	261.545	262.617	259.047	266.153	295.031	334.23	376.763	316.4	404.074	493.623	269.025	306.968	348.384	393.357	328.914	420.751	515.346
-3.658e+06	261.811	263.968	264.76	261.073	268.425	297.308	336.779	379.603	318.837	407.262	497.495	269.61	307.615	349.094	394.136	329.591	421.549	516.276
-3.657e+06	263.673	266.042	266.637	262.918	270.176	299.43	339.198	382.335	320.788	409.762	500.794	270.327	308.393	349.936	395.045	330.396	422.467	517.317
-3.656e+06	265.502	267.689	268.403	264.449	271.929	301.241	341.306	384.748	322.712	412.11	503.403	271.133	309.266	350.875	396.054	331.291	423.484	518.457
-3.655e+06	268.07	270.403	270.925	266.663	274.466	303.673	343.977	387.682	325.38	415.161	506.834	272.101	310.317	352.011	397.278	332.37	424.725	519.862
-3.654e+06	270.683	273.292	273.519	269.256	277.179	306.386	346.982	391.024	328.336	418.652	510.881	273.082	311.397	353.193	398.567	333.481	426.037	521.379
-3.653e+06	274.19	276.945	276.994	272.622	280.523	310.035	350.77	395.18	332.04	422.954	515.784	274.245	312.689	354.623	400.142	334.819	427.659	523.29
-3.652e+06	277.794	280.376	280.577	275.987	283.803	313.723	354.759	399.448	335.766	427.338	520.831	275.244	313.808	355.867	401.521	335.972	429.068	524.967
-3.651e+06	280.637	283.118	283.455	278.526	286.198	316.657	358.123	403.024	338.737	431.247	525.678	276.161	314.866	357.079	402.899	337.011	430.497	526.741
-3.65e+06	282.923	285.679	285.788	280.701	288.512	319.193	360.999	406.2	341.024	434.518	529.68	276.817	315.65	358.006	403.977	337.633	431.599	528.151
-3.649e+06	283.71	286.592	286.557	281.334	289.547	320.263	362.564	408.254	341.947	436.351	532.604	277.153	316.083	358.574	404.724	337.917	432.33	529.164
-3.648e+06	284.245	286.944	286.96	281.472	289.791	320.467	363.021	409.122	342.608	436.827	533.799	277.189	316.174	358.744	405.019	337.988	432.589	529.772
-3.647e+06	283.889	286.663	286.67	281.311	289.379	320.344	362.846	408.938	342.425	437.085	534.089	276.913	315.9	358.487	404.809	337.98	432.303	529.623
-3.646e+06	283.301	286.245	286.062	280.87	289.086	320.077	362.759	408.955	341.734	436.862	534.333	276.734	315.756	358.339	404.602	337.86	431.869	529.213
-3.645e+06	282.631	285.44	285.225	280.064	288.519	319.341	362.157	408.581	340.959	435.958	533.687	276.42	315.477	358.109	404.429	337.538	431.588	528.78
-3.644e+06	282.151	284.681	284.63	279.306	287.799	318.527	361.349	407.855	340.468	435.337	532.777	275.98	315.085	357.78	404.181	337.108	431.28	528.583
-3.643e+06	281.089	283.601	283.56	278.248	286.471	317.466	360.227	406.613	339.359	434.253	531.747	275.052	314.144	356.839	403.255	336.101	430.254	527.534
-3.642e+06	279.884	282.546	282.467	277.162	285.371	316.372	359.143	405.556	338.031	432.967	530.484	274.227	313.283	355.948	402.343	335.165	429.222	526.382
-3.641e+06	277.927	280.842	280.622	275.438	283.693	314.63	357.407	403.87	335.918	430.785	528.279	273.609	312.633	355.272	401.645	334.448	428.405	525.428
-3.64e+06	275.503	278.511	278.181	273.129	281.517	312.118	354.735	401.081	333.286	427.591	524.825	272.838	311.815	354.409	400.744	333.563	427.388	524.243
-3.639e+06	272.534	275.309	274.974	269.965	278.436	308.774	351.28	397.524	330.158	424.129	521.111	271.917	310.835	353.377	399.663	332.524	426.195	522.87
-3.638e+06	262.573	264.967	265.887	261.003	269.115	299.171	340.966	386.484	320.196	412.481	507.787	271.189	310.066	352.568	398.82	331.711	425.257	521.777
-3.637e+06	252.693	254.83	257.632	253.297	260.851	290.614	331.516	376.125	311.222	401.508	494.878	270.473	309.291	351.737	397.935	330.89	424.263	520.584
-3.636e+06	245.812	247.574	252.399	248.591	255.769	285.371	325.714	369.739	305.802	394.756	486.802	269.776	308.517	350.884	397.002	330.068	423.221	519.3
-3.635e+06	240.542	242.134	248.421	245.148	252.137	281.384	321.18	364.629	301.699	389.396	480.221	269.165	307.796	350.043	396.033	329.29	422.133	517.88
-3.634e+06	236.348	237.684	245.396	242.405	249.229	278.254	317.587	360.602	298.48	385.506	475.453	268.862	307.458	349.64	395.559	328.933	421.585	517.131
-3.633e+06	233.143	234.332	242.987	240.268	246.936	275.788	314.753	357.415	296.103	382.368	471.5	268.408	307.11	349.25	395.127	328.582	421.1	516.522
-3.632e+06	230.341	231.505	240.912	238.525	244.987	273.681	312.313	354.728	294.097	379.734	468.241	268.134	306.538	348.849	394.687	328.22	420.616	515.936
-3.631e+06	228.738	229.838	239.777	237.45	243.743	272.43	310.727	352.695	292.725	377.851	465.759	267.903	306.274	348.315	394.317	327.918	420.195	515.461
-3.63e+06	227.656	228.733	238.98	236.547	242.934	271.511	309.686	351.309	291.627	376.445	464.046	267.764	306.118	348.047	393.987	327.709	419.643	515.038
-3.629e+06	227.921	228.892	238.969	236.487	242.874	271.141	309.289	350.805	291.456	375.699	462.825	267.69	306.033	347.951	393.57	327.453	419.526	514.445
-3.628e+06	228.419	229.434	239.104	236.541	242.876	271.078	308.927	350.361	291.466	375.501	462.343	267.466	305.781	347.671	393.258	327.055	419.207	514.056
-3.627e+06	229.778	231	239.88	237.212	243.43	271.726	309.5	350.709	292.135	376.057	462.755	267.364	305.671	347.553	393.135	326.988	419.084	513.915
-3.626e+06	231.668	232.975	240.905	238.057	244.236	272.7	310.502	351.721	292.979	376.964	463.734	267.263	305.586	347.488	393.096	326.954	419.055	513.929
-3.625e+06	233.764	235.091	242.012	238.988	245.283	273.65	311.592	352.85	294.115	378.097	464.869	266.95	305.281	347.196	392.826	326.65	418.78	513.61
-3.624e+06	235.956	237.303	243.189	240.137	246.429	274.726	312.625	353.998	295.415	379.547	466.449	266.645	304.946	346.833	392.401	326.258	418.291	512.943
-3.623e+06	238.695	240.077	244.792	241.687	247.983	276.388	314.329	355.687	297.147	381.497	468.589	266.635	304.919	346.785	392.311	326.195	418.151	512.666
-3.622e+06	241.535	242.957	246.453	243.304	249.608	278.144	316.223	357.709	298.974	383.603	470.951	266.715	304.982	346.828	392.334	326.241	418.139	512.553
-3.621e+06	248.764	250.291	252.382	249.119	255.581	284.46	323.038	365.012	305.542	391.162	479.058	266.797	305.042	346.863	392.346	326.304	418.151	512.514
-3.62e+06	256.993	258.717	259.532	256.051	262.82	292.118	331.45	374.197	313.551	400.72	490.008	266.956	305.189	346.995	392.464	326.478	418.282	512.629
-3.619e+06	260.804	262.536	263.093	259.317	266.429	295.724	335.414	378.534	317.46	405.37	495.404	267.398	305.651	347.474	392.961	326.995	418.81	513.203
-3.618e+06	263.82	265.851	265.995	262.288	269.42	298.995	338.988	382.407	320.719	409.414	500.129	267.881	306.143	347.968	393.459	327.532	419.331	513.738
-3.617e+06	267.142	269.095	269.263	265.381	272.456	302.415	342.753	386.525	324.033	413.61	505.084	268.788	307.087	348.945	394.466	328.532	420.382	514.858
-3.616e+06	270.237	272.139	272.326	268.302	275.467	305.652	346.317	390.43	327.318	417.463	509.778	269.73	308.093	350.014	395.598	329.6	421.573	516.188
-3.615e+06	272.991	275.214	275.213	270.896	278.328	308.696	349.799	394.31	330.501	421.176	514.559	270.695	309.184	351.239	396.967	330.781	423.043	517.975
-3.614e+06	275.779	278.111	277.885	273.416	281.086	311.523	353.096	398.122	333.657	425.004	518.96	271.606	310.227	352.427	398.313	331.847	424.479	519.749
-3.613e+06	279.373	281.556	281.488	276.766	284.277	315.163	357.01	402.649	337.542	429.953	524.581	273.489	312.355	354.818	400.985	333.947	427.27	523.088
-3.612e+06	281.687	284.137	283.948	279.067	286.565	317.814	359.953	405.652	339.919	433.368	528.757	274.26	313.272	355.911	402.29	334.724	428.585	524.833
-3.611e+06	282.747	285.306	284.986	280.014	287.872	319.222	361.877	408.069	341.226	435.49	532.052	274.879	313.996	356.768	403.325	335.5	429.579	526.274
-3.61e+06	284.076	286.441	286.148	280.953	288.918	320.301	363.297	409.967	342.785	437.116	534.297	275.676	314.929	357.861	404.609	336.763	430.84	527.949
-3.609e+06	283.492	286.057	285.727	280.614	288.466	320.19	363.3	410.135	342.459	437.708	535.548	276.27	315.664	358.707	405.522	337.618	431.621	528.884
-3.608e+06	282.073	284.697	284.317	279.153	287.275	318.837	362.134	409.177	340.885	436.237	534.304	276.427	315.923	359.085	406.032	337.844	432.071	529.382
-3.607e+06	280.034	282.498	282.107	276.936	285.082	316.535	359.778	406.826	338.764	433.943	531.871	275.9	315.431	358.644	405.659	337.284	431.604	529
-3.606e+06	277.721	280.332	279.971	274.857	282.86	314.374	357.524	404.459	336.13	431.077	528.793	275.279	314.815	358.045	405.091	336.591	430.925	528.314
-3.605e+06	276.948	279.785	279.292	274.339	282.296	313.637	356.551	403.248	334.955	429.183	526.271	274.743	314.267	357.493	404.543	335.93	430.251	527.56
-3.604e+06	276.649	279.623	279.066	274.167	282.102	313.423	356.284	402.917	334.669	428.619	525.542	274.16	313.646	356.838	403.861	335.177	429.438	526.6
-3.603e+06	277.69	280.64	280.071	275.21	283.09	314.416	357.208	403.746	335.58	429.248	525.819	273.778	313.214	356.354	403.325	334.646	428.771	525.735
-3.602e+06	279.346	282.223	281.651	276.81	284.667	316.095	358.962	405.562	337.222	431.02	527.599	273.825	313.235	356.344	403.283	334.609	428.616	525.418
-3.601e+06	280.616	283.434	282.858	278.036	285.882	317.435	360.421	407.141	338.596	432.58	529.33	273.814	313.195	356.272	403.175	334.517	428.411	525.068
-3.6e+06	281.943	284.71	284.13	279.33	287.169	318.845	361.952	408.794	340.029	434.21	531.145	273.95	313.317	356.377	403.259	334.598	428.413	524.965
-3.599e+06	282.758	285.498	284.913	280.114	287.974	319.789	363.074	410.11	341.009	435.521	532.804	274.243	313.611	356.667	403.545	334.862	428.63	525.117
-3.598e+06	283.225	285.934	285.346	280.556	288.422	320.325	363.718	410.873	341.547	436.238	533.725	274.439	313.797	356.841	403.702	335.017	428.721	525.137
-3.597e+06	283.276	285.994	285.403	280.601	288.491	320.484	364.012	411.322	341.721	436.652	534.422	274.733	314.113	357.179	404.062	335.322	429.037	525.468
-3.596e+06	283.124	285.946	285.353	280.537	288.448	320.492	364.109	411.522	341.707	436.787	534.727	275.003	314.428	357.543	404.481	335.636	429.424	525.941
-3.595e+06	281.948	284.963	284.34	279.527	287.513	319.562	363.304	410.885	340.618	436.069	534.32	275.129	314.605	357.779	404.782	335.815	429.694	526.323
-3.594e+06	280.487	283.464	282.815	278.025	286.181	317.983	361.687	409.269	338.931	434.24	532.413	275.059	314.576	357.799	404.861	335.78	429.731	526.454
-3.593e+06	278.511	281.208	280.56	275.747	283.984	315.657	359.364	406.95	336.851	431.821	530.041	274.808	314.352	357.611	404.72	335.542	429.535	526.322
-3.592e+06	276.277	278.703	278.111	273.388	281.403	313.269	356.908	404.427	334.385	429.119	527.06	274.426	313.99	357.278	404.427	335.161	429.18	526.01
-3.591e+06	274.435	276.795	276.251	271.559	279.377	311.26	354.715	401.98	332.186	426.376	523.551	273.872	313.423	356.705	403.855	334.557	428.523	525.309
-3.59e+06	272.214	274.554	274.531	269.852	277.631	309.404	352.681	399.648	330.119	423.798	520.321	273.303	312.837	356.11	403.259	333.936	427.842	524.569
-3.589e+06	270.989	273.281	273.561	268.953	276.655	308.31	351.349	398.008	328.857	421.927	517.7	272.621	312.129	355.382	402.518	333.189	427.012	523.654
-3.588e+06	270.191	272.448	272.891	268.34	275.989	307.586	350.509	397.06	328.071	420.834	516.253	271.915	311.374	354.579	401.672	332.387	426.066	522.557
-3.587e+06	269.799	272.022	272.484	267.997	275.593	307.139	349.95	396.396	327.576	420.049	515.155	271.308	310.693	353.822	400.836	331.653	425.125	521.393
-3.586e+06	269.593	271.756	272.209	267.78	275.263	306.854	349.593	395.973	327.27	419.542	514.438	270.898	310.218	353.277	400.217	331.136	424.415	520.472
-3.585e+06	269.211	271.285	271.854	267.46	274.96	306.496	349.198	395.554	326.91	419.066	513.852	270.634	309.911	352.923	399.812	330.803	423.941	519.844
-3.584e+06	268.846	270.971	271.468	267.192	274.725	306.19	348.853	395.179	326.601	418.636	513.311	270.512	309.764	352.748	399.607	330.642	423.68	519.476
-3.583e+06	268.541	270.714	271.194	266.975	274.54	305.94	348.57	394.871	326.352	418.278	512.852	270.514	309.746	352.706	399.537	330.614	423.558	519.256
-3.582e+06	259.633	261.594	262.343	258.348	265.531	296.405	338.109	383.487	316.434	406.49	499.381	270.593	309.795	352.718	399.506	330.652	423.477	519.056
-3.581e+06	267.268	269.277	269.526	265.529	272.906	304.147	346.407	392.331	324.497	415.521	509.201	270.78	310.143	353.023	399.756	330.989	423.678	519.119
-3.58e+06	269.381	271.571	271.276	267.16	274.658	305.84	348.149	394.127	326.198	417.422	511.187	271.595	310.717	353.736	400.489	331.775	424.153	519.412
-3.579e+06	272.303	274.331	273.958	269.899	277.165	308.617	350.934	396.895	329.006	420.234	513.937	272.74	311.866	354.706	401.402	332.765	425.359	520.689
-3.578e+06	275.544	277.547	277.021	272.868	280.318	311.752	354.208	400.256	332.403	423.653	517.58	273.881	313.095	356.011	402.765	333.914	426.783	522.257
-3.577e+06	279.323	281.528	280.977	276.68	284.155	315.709	358.304	404.517	336.216	428.089	522.328	274.876	314.18	357.184	404.024	335.049	428.084	523.736
-3.576e+06	283.201	285.464	284.9	280.526	287.995	319.782	362.59	408.874	340.364	432.512	527.059	275.539	314.914	357.99	404.903	335.821	428.998	524.813
-3.575e+06	285.96	288.282	287.705	283.105	290.66	322.736	365.699	412.543	343.474	436.527	532.065	276.236	315.715	358.902	405.931	336.675	430.087	526.164
-3.574e+06	288.333	290.701	290.113	285.358	292.964	325.258	368.428	415.73	346.076	439.866	536.052	276.797	316.381	359.682	406.835	337.386	431.037	527.384
-3.573e+06	289.578	292.165	291.568	286.719	294.391	326.926	370.458	417.947	347.826	442.262	539.429	277.272	316.959	360.372	407.647	337.893	431.87	528.471
-3.572e+06	290.391	293.01	292.376	287.543	295.29	328	371.789	419.494	348.912	443.752	541.466	277.341	317.093	360.602	408.004	337.925	432.27	529.066
-3.571e+06	290.394	292.763	292.117	287.327	295.295	328.074	372.286	420.326	348.942	444.604	542.636	277.255	317.033	360.587	408.066	337.842	432.393	529.45
-3.57e+06	290.205	292.409	291.847	286.995	294.878	327.714	372.094	420.483	348.61	444.792	543.392	277.025	316.834	360.431	407.958	337.887	432.3	529.584
-3.569e+06	288.508	290.955	290.392	285.523	293.321	326.367	370.731	419.118	347.28	443.306	542.441	276.517	316.422	360.084	407.648	337.493	431.584	528.939
-3.568e+06	286.236	288.877	288.271	283.464	291.379	324.295	368.756	417.209	345.059	441.265	540.153	275.7	315.634	359.345	406.978	336.672	430.753	528.009
-3.567e+06	283.374	285.958	285.349	280.538	288.554	321.275	365.708	414.168	341.861	437.983	536.93	274.547	314.45	358.144	405.775	335.423	429.473	526.685
-3.566e+06	280.717	283.036	282.43	277.67	285.561	318.287	362.552	410.876	338.849	434.322	532.965	273.727	313.574	357.217	404.804	334.47	428.396	525.447
-3.565e+06	278.504	280.752	280.19	275.527	283.179	315.943	360.009	408.119	336.364	431.336	529.461	273.096	312.877	356.454	403.975	333.698	427.456	524.291
-3.564e+06	276.325	278.691	278.13	273.465	281.068	313.714	357.586	405.436	333.963	428.533	526.082	272.525	312.241	355.752	403.206	332.996	426.585	523.205
-3.563e+06	274.34	276.805	276.245	271.59	279.122	311.628	355.182	402.709	331.652	425.654	522.497	271.859	311.505	354.945	402.326	332.2	425.614	522.022
-3.562e+06	272.421	274.94	274.522	269.885	277.351	309.727	353.021	400.277	329.587	423.08	519.324	271.335	310.91	354.276	401.579	331.554	424.782	520.971
-3.561e+06	270.739	273.225	273.153	268.574	275.958	308.22	351.264	398.233	327.951	420.891	516.505	270.964	310.462	353.742	400.953	331.057	424.073	520.022
-3.56e+06	269.194	271.602	271.882	267.358	274.672	306.859	349.766	396.525	326.551	419.077	514.268	270.797	310.211	353.397	400.503	330.767	423.554	519.25
-3.559e+06	268.429	270.757	271.125	266.693	273.922	306.035	348.8	395.386	325.7	417.82	512.522	270.866	310.236	353.37	400.413	330.781	423.428	518.973
-3.558e+06	268.095	270.363	270.702	266.348	273.517	305.601	348.297	394.813	325.281	417.177	511.643	271.034	310.408	353.534	400.566	330.968	423.576	519.088
-3.557e+06	268.344	270.563	270.709	266.434	273.55	305.62	348.264	394.722	325.326	417.042	511.315	271.104	310.65	353.793	400.842	331.234	423.793	519.135
-3.556e+06	268.795	270.913	270.861	266.657	273.622	305.814	348.446	394.889	325.565	417.196	511.385	271.306	310.822	353.993	401.068	331.437	423.884	519.44
-3.555e+06	269.148	271.15	270.954	266.849	273.849	306.014	348.673	395.145	325.823	417.462	511.674	271.526	310.829	354.239	401.356	331.674	424.274	519.926
-3.554e+06	269.487	271.541	271.023	267.088	274.127	306.261	348.947	395.449	326.123	417.771	512.011	271.674	311.021	354.424	401.589	331.842	424.566	520.334
-3.553e+06	269.581	271.68	271.13	267.166	274.235	306.338	349.038	395.558	326.242	417.882	512.137	271.589	310.92	354.34	401.524	331.752	424.443	520.261
-3.552e+06	269.71	271.846	271.289	267.235	274.389	306.471	349.19	395.732	326.417	418.059	512.339	271.457	310.764	354.248	401.448	331.654	424.226	520.035
-3.551e+06	270.19	272.354	271.793	267.6	274.883	306.949	349.673	396.216	326.928	418.54	512.804	271.221	310.511	354.089	401.307	331.485	423.902	519.659
-3.55e+06	270.666	272.853	272.29	268.134	275.375	307.364	350.199	396.77	327.468	419.106	513.416	270.73	310.125	353.693	400.926	331.08	423.528	519.295
-3.549e+06	271.646	273.898	273.334	269.217	276.405	308.29	351.023	397.59	328.551	419.924	514.142	270.091	309.635	353.205	400.48	330.575	423.113	518.956
-3.548e+06	272.8	275.182	274.615	270.537	277.688	309.699	352.486	399.099	329.737	421.521	515.915	269.484	309.022	352.539	399.79	329.921	422.416	518.191
-3.547e+06	274.524	276.855	276.286	272.235	279.355	311.51	354.407	401.121	331.552	423.608	518.196	269.27	308.751	352.197	399.392	329.604	421.999	517.622
-3.546e+06	276.57	278.859	278.287	274.26	281.365	313.697	356.758	403.635	333.819	426.198	521.097	269.44	308.923	352.362	399.566	329.761	422.176	517.767
-3.545e+06	278.662	280.93	280.356	276.306	283.422	315.942	359.215	406.309	336.147	428.956	524.278	269.817	309.318	352.765	399.993	330.147	422.606	518.195
-3.544e+06	280.765	283.018	282.441	278.371	285.506	318.206	361.688	408.997	338.475	431.709	527.176	270.459	309.993	353.46	400.718	330.81	423.331	518.928
-3.543e+06	282.643	284.906	284.326	280.149	287.331	320.211	363.941	411.512	340.551	434.295	530.324	271.32	310.908	354.418	401.729	331.721	424.353	520.013
-3.542e+06	284.297	286.567	285.984	281.726	288.943	321.977	365.912	413.701	342.359	436.52	533.079	272.332	311.985	355.549	402.921	332.793	425.553	521.298
-3.541e+06	285.175	287.461	286.877	282.572	289.833	323.021	367.183	415.224	343.448	438.07	535.033	273.266	312.994	356.625	404.071	333.796	426.71	522.581
-3.54e+06	285.641	288.039	287.455	283.104	290.395	323.683	367.998	416.21	344.125	439.042	536.143	274.053	313.819	357.477	404.955	334.598	427.582	523.504
-3.539e+06	284.994	287.623	287.032	282.658	290.016	323.403	367.917	416.358	343.802	439.178	536.775	274.961	314.813	358.552	406.119	335.593	428.746	524.555
-3.538e+06	283.963	286.722	286.119	281.715	289.25	322.501	367.126	415.732	342.754	438.506	536.434	275.5	315.462	359.317	407.018	336.258	429.441	525.799
-3.537e+06	282.273	284.791	284.186	279.783	287.408	320.552	365.194	413.857	340.791	436.446	534.672	275.59	315.625	359.559	407.358	336.418	429.865	526.44
-3.536e+06	280.576	282.805	282.206	277.973	285.377	318.702	363.264	411.833	338.982	434.102	532.084	275.697	315.796	359.801	407.685	336.581	430.177	527
-3.535e+06	278.854	280.936	280.368	276.25	283.447	316.903	361.406	409.928	337.096	432.043	529.839	275.705	315.863	359.931	407.897	336.631	430.262	527.292
-3.534e+06	276.773	278.935	278.372	274.247	281.412	314.774	359.106	407.452	334.774	429.478	526.977	275.343	315.52	359.614	407.62	336.257	429.784	526.849
-3.533e+06	274.762	277.069	276.509	272.379	279.514	312.684	356.766	404.884	332.472	426.79	523.849	275.045	315.236	359.349	407.389	335.941	429.514	526.344
-3.532e+06	272.811	275.28	274.724	270.573	277.694	310.587	354.415	402.32	330.199	424.034	520.57	274.795	315.003	359.136	407.211	335.674	429.307	526.16
-3.531e+06	270.781	273.365	273.182	269.005	276.13	308.733	352.339	400.291	328.397	421.709	517.925	274.517	314.727	358.865	406.957	335.355	429.003	525.855
-3.53e+06	263.328	265.838	266.432	262.321	269.248	301.33	344.444	391.758	320.881	412.876	507.893	274.098	314.29	358.413	406.499	334.868	428.486	525.286
-3.529e+06	256.14	258.392	259.62	255.956	262.416	294.125	336.311	382.64	313.464	403.604	496.743	273.598	313.762	357.859	405.928	334.286	427.849	524.565
-3.528e+06	253.068	255.072	256.715	253.545	259.591	291.382	333.154	379.005	310.631	399.971	492.193	273.088	313.244	357.338	405.416	333.726	427.279	523.955
-3.527e+06	251.389	253.026	254.812	252.152	257.958	289.756	331.256	376.794	309.012	397.708	489.229	272.299	312.451	356.548	404.642	332.892	426.446	523.097
-3.526e+06	250.135	251.71	253.508	251.093	256.878	288.517	329.813	375.117	307.82	396.047	487.39	271.328	311.408	355.434	403.361	331.764	425.175	521.629
-3.525e+06	249.7	251.156	252.79	250.547	256.252	287.799	328.873	373.92	307.132	395.139	486.138	270.568	310.542	354.454	402.2	330.82	423.977	520.117
-3.524e+06	249.807	250.988	252.338	250.251	255.895	287.406	328.357	373.249	306.947	394.751	485.497	270.049	309.93	353.737	401.387	330.146	423.067	518.916
-3.523e+06	259.125	260.369	261.095	258.838	264.845	296.787	338.56	384.27	316.834	406.187	498.223	269.923	309.747	353.487	401.078	329.928	422.695	518.339
-3.522e+06	262.012	263.33	263.723	261.111	267.356	299.231	341.13	387.282	319.488	409.252	501.736	270.027	309.811	353.501	401.049	329.966	422.613	518.09
-3.521e+06	264.083	265.56	265.63	262.612	269.162	300.924	343.058	389.437	321.384	411.473	504.248	270.278	310.048	353.714	401.244	330.188	422.773	518.153
-3.52e+06	265.755	267.461	267.373	264.161	270.757	302.645	344.939	391.444	323.123	413.525	506.521	270.652	310.428	354.092	401.626	330.562	423.131	518.469
-3.519e+06	267.456	269.245	268.97	265.734	272.26	304.371	346.811	393.432	324.794	415.535	508.748	271.066	310.83	354.472	401.985	330.947	423.453	518.708
-3.518e+06	268.878	270.617	270.221	267.046	273.47	305.817	348.384	395.106	326.153	417.215	510.67	271.454	311.188	354.788	402.256	331.285	423.691	518.835
-3.517e+06	270.522	272.14	271.806	268.597	275.063	307.523	350.24	397.09	327.784	419.21	512.949	272.167	311.942	355.576	403.083	332.054	424.518	519.601
-3.516e+06	272.153	273.682	273.458	270.14	276.654	309.227	352.103	399.093	329.422	421.219	515.257	272.714	312.546	356.237	403.809	332.678	425.038	520.243
-3.515e+06	273.625	275.203	274.947	271.526	278.074	310.761	353.785	400.907	330.883	423.032	517.356	273.015	312.879	356.603	404.215	333.02	425.422	520.838
-3.514e+06	275.226	276.861	276.573	273.062	279.643	312.462	355.653	402.928	332.52	425.052	519.695	273.406	313.32	357.096	404.769	333.474	426.069	521.606
-3.513e+06	276.72	278.473	278.158	274.55	281.159	314.112	357.468	404.898	334.104	427.013	521.974	273.623	313.579	357.4	405.13	333.739	426.477	522.153
-3.512e+06	277.989	279.895	279.557	275.875	282.499	315.584	359.089	406.66	335.499	428.759	524.016	273.6	313.572	357.413	405.172	333.724	426.457	522.275
-3.511e+06	278.953	281.046	280.687	276.902	283.576	316.799	360.466	408.196	336.671	430.281	525.877	273.464	313.444	357.295	405.074	333.582	426.225	522.104
-3.51e+06	279.807	282.11	281.733	277.799	284.574	317.883	361.738	409.608	337.783	431.621	527.563	273.228	313.214	357.073	404.87	333.336	425.821	521.705
-3.509e+06	280.492	282.882	282.445	278.376	285.303	318.623	362.693	410.78	338.641	432.658	529.081	272.921	312.915	356.79	404.616	333.026	425.51	521.208
-3.508e+06	281.211	283.503	283.008	278.861	285.97	319.223	363.441	411.697	339.415	433.458	530.266	272.484	312.494	356.394	404.26	332.6	425.17	520.871
-3.507e+06	281.918	284.045	283.515	279.372	286.575	319.801	364.158	412.572	340.213	434.253	531.389	272.084	312.113	356.041	403.95	332.213	424.864	520.643
-3.506e+06	282.646	284.573	284.021	280.079	287.14	320.513	364.844	413.378	341.02	435.133	532.37	271.834	311.86	355.789	403.709	331.941	424.602	520.371
-3.505e+06	283.235	284.944	284.48	280.666	287.541	321.204	365.604	414.091	341.657	435.986	533.052	271.601	311.601	355.505	403.405	331.653	424.266	519.954
-3.504e+06	283.828	285.527	285.091	281.251	287.964	321.895	366.411	415.016	342.303	436.847	534.109	271.467	311.451	355.339	403.226	331.482	424.063	519.684
-3.503e+06	284.407	286.134	285.687	281.826	288.548	322.576	367.211	415.94	342.947	437.703	535.193	271.471	311.453	355.338	403.226	331.471	424.045	519.627
-3.502e+06	285.081	286.839	286.382	282.497	289.244	323.359	368.118	416.976	343.7	438.672	536.391	271.667	311.666	355.569	403.479	331.678	424.283	519.863
-3.501e+06	284.882	286.776	286.311	282.391	289.183	323.391	368.315	417.36	343.708	438.999	537.07	271.816	311.839	355.768	403.709	331.846	424.5	520.101
-3.5e+06	284.367	286.496	286.025	282.071	288.897	323.142	368.154	417.302	343.256	438.848	537.1	271.965	312.014	355.969	403.944	332.015	424.718	520.346
-3.499e+06	282.948	285.353	284.852	280.758	287.779	321.891	367.016	416.315	341.814	437.715	536.279	272.194	312.278	356.272	404.29	332.275	425.046	520.72
-3.498e+06	281.173	283.522	282.995	278.835	286.008	319.901	364.979	414.249	339.824	435.285	533.715	272.254	312.358	356.375	404.423	332.343	425.152	520.847
-3.497e+06	279.449	281.509	280.982	276.942	283.973	317.939	362.938	412.137	337.917	433.02	531.3	272.237	312.366	356.413	404.497	332.341	425.201	520.935
-3.496e+06	277.685	279.486	278.989	275.154	281.893	316.059	360.977	410.1	335.936	430.815	528.813	272.225	312.37	356.435	404.544	332.331	425.216	520.963
-3.495e+06	277.239	278.999	278.524	274.694	281.363	315.43	360.157	409.044	335.167	429.573	526.918	272.398	312.554	356.629	404.751	332.496	425.383	521.113
-3.494e+06	277.251	279.016	278.538	274.695	281.343	315.387	360.06	408.884	335.055	429.276	526.373	272.735	312.912	357.008	405.152	332.838	425.744	521.473
-3.493e+06	278.234	279.989	279.508	275.68	282.288	316.317	360.911	409.631	335.914	429.896	526.674	273.169	313.377	357.502	405.673	333.286	426.229	521.974
-3.492e+06	279.505	281.201	280.753	276.952	283.513	317.625	362.241	410.968	337.201	431.169	527.885	273.639	313.879	358.034	406.236	333.773	426.758	522.53
-3.491e+06	280.465	282.159	281.64	277.916	284.535	318.667	363.36	412.159	338.247	432.325	529.147	274.044	314.32	358.512	406.753	334.202	427.246	523.07
-3.49e+06	281.361	283.126	282.605	278.817	285.488	319.632	364.386	413.242	339.21	433.368	530.07	274.306	314.618	358.849	407.132	334.489	427.596	523.486
-3.489e+06	281.622	283.467	282.945	279.076	285.823	320.005	364.888	413.887	339.604	433.809	530.986	274.565	314.916	359.19	407.521	334.777	427.954	523.919
-3.488e+06	281.49	283.381	282.846	278.944	285.741	319.907	364.834	413.883	339.486	433.668	530.969	274.614	314.985	359.281	407.64	334.826	428.035	524.04
-3.487e+06	281.287	283.159	282.613	278.739	285.566	319.712	364.655	413.725	339.259	433.456	530.657	274.582	314.969	359.285	407.67	334.792	428.027	524.072
-3.486e+06	281.138	282.965	282.414	278.586	285.406	319.572	364.533	413.626	339.087	433.315	530.544	274.626	315.023	359.352	407.751	334.825	428.066	524.125
-3.485e+06	281.912	283.73	283.176	279.361	286.164	320.319	365.237	414.271	339.782	433.9	530.98	274.808	315.217	359.556	407.968	334.998	428.237	524.298
-3.484e+06	283.053	284.921	284.37	280.5	287.325	321.518	366.49	415.57	340.973	435.122	532.301	275.15	315.583	359.947	408.384	335.348	428.612	524.699
-3.483e+06	284.999	286.91	286.361	282.272	289.279	323.345	368.332	417.394	342.923	437.256	534.462	275.634	316.108	360.514	408.994	335.864	429.186	525.332
-3.482e+06	287.024	288.977	288.431	284.306	291.323	325.471	370.571	419.753	344.876	439.676	537.049	275.909	316.414	360.853	409.369	336.155	429.523	525.721
-3.481e+06	288.522	290.532	289.986	285.849	292.856	327.202	372.5	421.888	346.644	441.831	539.593	276.107	316.638	361.106	409.654	336.363	429.771	526.017
-3.48e+06	289.928	291.988	291.443	287.299	294.296	328.804	374.261	423.815	348.263	443.751	541.821	276.259	316.822	361.324	409.913	336.529	429.989	526.295
-3.479e+06	290.425	292.548	292.003	287.84	294.866	329.558	375.259	425.084	349.057	445.024	543.62	276.37	316.977	361.53	410.177	336.668	430.212	526.606
-3.478e+06	290.562	292.738	292.195	288.01	295.054	329.845	375.684	425.667	349.342	445.56	544.457	276.235	316.879	361.477	410.181	336.549	430.167	526.642
-3.477e+06	289.883	292.036	291.484	287.249	294.425	329.205	375.213	425.406	348.645	445.281	544.512	275.75	316.418	361.055	409.811	336.061	429.74	526.282
-3.476e+06	288.79	290.754	290.196	285.944	293.215	327.869	373.87	424.108	347.239	444.037	543.457	274.818	315.481	360.126	408.906	335.083	428.765	525.317
-3.475e+06	287.004	288.73	288.175	284.141	291.181	326.085	372.103	422.335	345.429	441.795	541.293	273.782	314.397	359.003	407.755	333.938	427.519	523.96
-3.474e+06	284.936	286.545	286.022	282.149	288.923	324.035	370.017	420.235	343.289	439.426	538.713	272.877	313.429	357.975	406.658	332.905	426.33	522.586
-3.473e+06	282.108	283.991	283.475	279.559	286.328	321.303	367.133	417.237	340.422	436.456	535.536	272.077	312.573	357.065	405.641	331.994	425.273	521.349
-3.472e+06	278.98	281.172	280.656	276.582	283.455	317.984	363.571	413.489	336.959	432.466	530.953	271.314	311.744	356.171	404.616	331.112	424.22	520.087
-3.471e+06	276.018	278.355	277.833	273.645	280.652	314.7	360.108	409.842	333.665	428.45	526.447	270.648	311.013	355.372	403.728	330.335	423.266	518.915
-3.47e+06	273.315	275.516	275.032	270.776	277.845	311.763	357.001	406.515	330.693	424.91	522.376	270.119	310.428	354.73	403.041	329.714	422.488	517.942
-3.469e+06	270.397	272.448	272.674	268.461	275.488	309.322	354.291	403.529	328.152	421.714	518.511	269.819	310.082	354.335	402.606	329.34	421.968	517.239
-3.468e+06	257.363	259.152	260.637	256.814	263.268	296.346	339.958	387.817	314.794	405.706	499.946	269.623	309.845	354.052	402.285	329.08	421.571	516.672
-3.467e+06	252.184	253.858	256.272	252.93	258.95	291.712	334.57	381.696	310.193	399.768	492.519	269.447	309.588	353.701	401.84	328.784	421.039	515.878
-3.466e+06	248.456	249.826	253.012	250.205	255.803	288.574	330.902	377.387	306.925	395.593	487.298	269.508	309.574	353.597	401.641	328.743	420.772	515.367
-3.465e+06	247.298	248.484	251.488	249.131	254.542	287.12	329.017	375.002	305.43	393.135	483.81	269.639	309.778	353.758	401.754	328.945	420.847	515.313
-3.464e+06	247.378	248.47	251.003	248.861	254.175	286.625	328.269	373.977	304.965	392.149	482.276	269.98	309.991	354.112	402.136	329.382	420.966	515.297
-3.463e+06	255.159	256.112	257.389	255.342	260.738	293.511	335.514	381.523	312.081	399.897	490.67	270.529	310.51	354.431	402.389	329.842	421.543	515.912
-3.462e+06	261.889	263.004	263.175	260.905	266.484	299.527	341.982	388.44	318.35	407.054	498.633	271.132	311.145	355.089	403.067	330.265	422.25	516.659
-3.461e+06	265.085	266.266	266.058	263.803	269.295	302.651	345.272	391.823	321.6	410.814	502.815	271.807	311.883	355.889	403.935	331.054	423.15	517.681
-3.46e+06	267.757	268.888	268.727	266.346	271.928	305.377	348.169	394.891	324.4	414.031	506.373	272.23	312.364	356.432	404.547	331.58	423.784	518.448
-3.459e+06	269.576	270.869	270.667	267.991	273.788	307.266	350.335	397.359	326.469	416.681	509.571	272.6	312.804	356.947	405.147	332.063	424.408	519.238
-3.458e+06	270.905	272.517	272.279	269.215	275.327	308.669	351.982	399.272	328.125	418.746	512.023	272.864	313.124	357.331	405.605	332.336	424.873	519.843
-3.457e+06	271.963	273.71	273.396	270.155	276.363	309.831	353.362	400.874	329.34	420.39	514.098	273.051	313.352	357.605	405.955	332.432	425.239	520.343
-3.456e+06	272.879	274.52	274.119	270.97	277.031	310.789	354.474	402.152	330.277	421.669	515.704	272.922	313.24	357.531	405.963	332.247	425.273	520.625
-3.455e+06	273.132	274.555	274.217	271.139	277.072	311.112	354.975	402.854	330.382	422.295	516.733	272.319	312.626	356.928	405.41	331.871	424.684	520.156
-3.454e+06	272.983	274.572	274.26	271.018	277.05	311.043	354.978	402.963	329.989	422.081	516.65	271.522	311.868	356.287	404.8	331.268	423.75	519.152
-3.453e+06	272.014	273.946	273.602	270.039	276.346	310.053	354.005	402.044	329.257	421.228	515.881	270.868	311.278	355.676	404.177	330.633	423.062	518.392
-3.452e+06	270.976	272.965	272.549	268.768	275.3	308.813	352.82	400.875	328.27	420.239	514.932	270.388	310.765	355.135	403.616	330.074	422.436	517.668
-3.451e+06	270.547	272.299	271.86	268.149	274.471	308.199	352.202	400.26	327.545	419.475	514.024	270.295	310.668	355.036	403.521	329.947	422.295	517.469
-3.45e+06	269.862	271.378	270.975	267.341	273.474	307.354	351.326	399.34	326.409	418.178	512.447	270.183	310.515	354.838	403.279	329.749	421.991	517.015
-3.449e+06	270.013	271.567	271.191	267.46	273.581	307.384	351.246	399.076	326.158	417.598	511.424	270.319	310.609	354.881	403.264	329.799	421.914	516.763
-3.448e+06	270.57	272.202	271.814	267.974	274.107	307.912	351.781	399.622	326.585	418.011	511.795	270.8	311.09	355.356	403.729	330.259	422.34	517.111
-3.447e+06	272.008	273.654	273.255	269.409	275.524	309.351	353.203	401.017	328.02	419.37	512.998	271.588	311.872	356.121	404.466	331.015	423.029	517.694
-3.446e+06	273.826	275.474	275.066	271.197	277.311	311.237	355.179	403.081	329.967	421.449	515.205	272.744	313.058	357.324	405.675	332.194	424.211	518.777
-3.445e+06	275.887	277.54	277.123	273.23	279.347	313.398	357.462	405.483	332.18	423.872	517.824	273.74	314.153	358.504	406.871	333.42	425.397	520.128
-3.444e+06	278.118	279.78	279.355	275.438	281.455	315.771	359.996	408.18	334.6	426.593	520.829	274.756	315.21	359.633	408.165	334.538	426.803	521.757
-3.443e+06	280.598	282.268	281.835	277.877	283.932	318.366	362.742	411.001	337.223	429.445	523.781	275.539	316.083	360.6	409.231	335.371	427.873	523.001
-3.442e+06	283.188	284.839	284.423	280.436	286.541	321.116	365.479	413.983	339.998	432.43	527.358	276.279	316.913	361.523	410.253	336.163	428.894	524.2
-3.441e+06	285.402	286.975	286.651	282.594	288.771	323.331	368.175	416.994	342.441	435.488	530.938	276.893	317.618	362.326	411.162	336.835	429.798	525.297
-3.44e+06	287.5	289.093	288.761	284.65	290.887	325.655	370.736	419.79	344.723	438.301	534.192	277.283	318.086	362.885	411.805	337.284	430.418	526.056
-3.439e+06	288.681	290.214	289.96	285.838	292.15	327.058	372.516	421.894	346.192	440.414	536.906	277.557	318.421	363.311	412.372	337.68	430.973	526.742
-3.438e+06	289.71	291.265	291.007	286.859	293.167	328.17	373.843	423.605	347.402	442.098	539.033	277.733	318.65	363.614	412.792	338.031	431.425	527.434
-3.437e+06	289.561	291.187	290.905	286.746	292.915	328.262	373.929	423.926	347.471	442.422	540.051	277.481	318.396	363.304	412.486	337.858	431.097	527.282
-3.436e+06	289.013	290.853	290.553	286.374	292.488	328.011	373.801	423.709	347.173	442.046	539.852	277.196	318.138	363.067	412.162	337.536	430.496	526.732
-3.435e+06	287.215	289.369	289.017	284.779	291.052	326.606	372.605	422.766	345.653	441.019	538.91	276.759	317.749	362.746	411.925	337.089	429.999	526.07
-3.434e+06	284.88	287.077	286.678	282.401	288.957	324.204	370.204	420.436	343.035	438.536	536.582	275.734	316.767	361.832	411.106	336.05	429.125	525.314
-3.433e+06	281.876	283.82	283.417	279.149	285.709	320.837	366.772	416.985	339.672	434.688	532.643	274.308	315.306	360.355	409.633	334.467	427.556	523.697
-3.432e+06	278.485	280.328	279.963	275.866	282.137	317.377	363.105	413.092	336.034	430.629	528.148	272.995	313.921	358.887	408.021	332.874	425.938	521.847
-3.431e+06	275.417	277.492	277.147	273.044	279.234	314.172	359.47	409.094	332.506	426.398	523.015	271.859	312.703	357.522	406.473	331.468	424.371	519.907
-3.43e+06	272.151	274.464	274.415	270.228	276.472	310.979	355.898	405.269	329.136	422.255	518.343	270.918	311.661	356.347	405.102	330.307	422.944	518.064
-3.429e+06	263.847	266.135	266.866	262.767	268.811	302.603	346.752	395.34	320.599	411.976	506.455	270.045	310.654	355.204	403.783	329.227	421.522	516.218
-3.428e+06	255.861	257.901	259.569	255.928	261.503	294.909	338.106	385.662	312.671	402.148	494.718	269.617	310.119	354.56	403.034	328.643	420.653	515.035
-3.427e+06	252.003	253.766	256.092	252.931	258.091	291.471	334.154	381.117	309.129	397.516	488.901	269.488	309.915	354.279	402.68	328.411	420.208	514.356
-3.426e+06	249.255	250.664	253.478	250.776	255.802	289.02	331.362	377.951	306.678	394.301	484.927	269.577	309.958	354.271	402.624	328.442	420.085	514.07
-3.425e+06	248.027	249.367	252.129	249.684	254.654	287.632	329.635	375.843	305.294	392.303	482.408	269.848	310.161	354.399	402.673	328.629	420.069	513.847
-3.424e+06	247.636	248.801	251.37	249.075	253.968	286.858	328.642	374.585	304.617	391.38	481.066	270.366	310.76	355.001	403.213	329.29	420.451	513.974
-3.423e+06	248.821	249.742	251.604	249.454	254.293	287.109	328.721	374.446	305.05	391.43	480.701	271.29	311.561	355.766	404.017	330.124	421.444	515.116
-3.422e+06	258.526	259.56	260.326	258.166	263.216	296.585	338.943	385.447	314.851	402.674	493.175	271.943	312.28	356.55	404.884	330.732	422.338	516.152
-3.421e+06	262.455	263.624	263.59	261.264	266.381	299.941	342.535	389.229	318.146	406.448	497.647	272.497	312.902	357.246	405.663	331.404	423.133	517.096
-3.42e+06	265.183	266.313	266.09	263.759	268.85	302.658	345.464	392.316	320.819	409.578	501.14	273.089	313.567	357.993	406.502	332.113	423.979	518.105
-3.419e+06	267.554	268.726	268.504	265.968	271.185	305.097	348.117	395.164	323.336	412.506	504.384	273.568	314.107	358.601	407.187	332.683	424.662	518.924
-3.418e+06	269.62	270.961	270.703	267.923	273.311	307.272	350.504	397.764	325.619	415.159	507.327	273.852	314.428	358.965	407.602	333.022	425.064	519.416
-3.417e+06	271.455	273.048	272.76	269.678	275.282	309.264	352.74	400.258	327.761	417.721	510.243	274.125	314.742	359.328	408.024	333.357	425.474	519.929
-3.416e+06	273.265	275.033	274.721	271.322	277.165	311.122	354.827	402.588	329.798	420.147	513.002	274.271	314.928	359.561	408.316	333.525	425.75	520.309
-3.415e+06	274.033	275.807	275.42	271.936	277.884	311.845	355.742	403.812	330.761	421.677	515.101	274.291	314.991	359.684	408.513	333.462	425.931	520.621
-3.414e+06	274.347	275.891	275.475	272.154	277.914	312.195	356.19	404.287	331.106	422.329	516.073	273.933	314.633	359.365	408.294	332.98	425.717	520.599
-3.413e+06	273.546	275.094	274.722	271.383	276.991	311.57	355.741	404.043	330.214	421.903	516.023	273.119	313.789	358.516	407.483	332.164	424.875	519.889
-3.412e+06	272.283	274.171	273.775	270.15	275.999	310.344	354.543	402.904	328.751	420.367	514.433	272.004	312.657	357.421	406.356	331.275	423.48	518.415
-3.411e+06	271.147	273.1	272.656	268.823	274.977	308.931	353.064	401.374	327.678	419.113	513.117	271.007	311.714	356.447	405.351	330.297	422.317	517.129
-3.41e+06	270.162	271.857	271.396	267.673	273.749	307.787	351.905	400.201	326.562	417.889	511.801	270.299	310.944	355.618	404.471	329.472	421.359	516.002
-3.409e+06	269.302	270.735	270.307	266.774	272.596	306.816	350.864	399.09	325.443	416.549	510.073	269.731	310.3	354.899	403.678	328.773	420.484	514.909
-3.408e+06	268.54	269.972	269.575	265.987	271.693	305.979	349.978	398.158	324.398	415.278	508.466	269.455	309.973	354.52	403.245	328.407	419.984	514.231
-3.407e+06	267.61	269.114	268.982	265.33	271.051	305.269	349.217	397.311	323.457	414.081	506.959	269.303	309.787	354.297	402.986	328.192	419.665	513.772
-3.406e+06	266.638	268.233	268.449	264.74	270.477	304.638	348.519	396.466	322.6	412.987	505.983	269.34	309.8	354.284	402.945	328.185	419.571	513.559
-3.405e+06	266.102	267.76	268.181	264.436	270.174	304.273	348.028	395.821	322.119	412.241	505.175	269.475	309.917	354.377	403.013	328.286	419.591	513.474
-3.404e+06	265.743	267.43	267.995	264.216	269.958	304.022	347.711	395.415	321.872	411.858	504.631	269.693	310.121	354.547	403.142	328.473	419.676	513.436
-3.403e+06	265.921	267.602	268.144	264.35	270.085	304.121	347.766	395.406	321.968	411.802	504.388	270.011	310.528	354.953	403.534	328.885	420.034	513.712
-3.402e+06	266.246	267.913	268.359	264.55	270.284	304.317	347.964	395.613	322.17	411.926	504.412	270.459	310.793	355.237	403.869	329.321	420.301	513.936
-3.401e+06	266.746	268.398	268.65	264.853	270.575	304.61	348.247	395.891	322.462	412.06	504.499	270.75	311.11	355.497	404.089	329.593	420.668	514.334
-3.4e+06	267.441	269.085	269.099	265.308	271.024	305.086	348.748	396.421	322.862	412.6	504.758	271.033	311.431	355.856	404.485	329.872	421.057	514.774
-3.399e+06	268.364	270.005	269.748	265.963	271.671	305.768	349.459	397.162	323.606	413.353	505.505	271.237	311.675	356.142	404.817	330.079	421.377	515.159
-3.398e+06	269.163	270.797	270.469	266.691	272.394	306.545	350.288	398.048	324.444	414.253	506.466	271.365	311.833	356.334	405.044	330.2	421.587	515.416
-3.397e+06	269.838	271.468	271.112	267.333	273.035	307.247	351.055	398.886	325.201	415.105	507.414	271.399	311.886	356.409	405.144	330.215	421.663	515.521
-3.396e+06	270.546	272.171	271.797	268.019	273.72	307.997	351.874	399.781	325.997	416.009	508.423	271.405	311.91	356.454	405.214	330.203	421.707	515.59
-3.395e+06	270.715	272.353	271.967	268.164	273.894	308.255	352.268	400.332	326.318	416.573	509.255	271.455	311.994	356.57	405.373	330.259	421.844	515.792
-3.394e+06	270.584	272.231	271.834	268.01	273.758	308.142	352.21	400.343	326.231	416.562	509.343	271.289	311.823	356.397	405.227	330.1	421.668	515.715
-3.393e+06	269.754	271.486	271.081	267.236	273.007	307.397	351.514	399.719	325.388	415.886	508.752	270.831	311.315	355.856	404.67	329.654	421.062	515.096
-3.392e+06	268.243	270.128	269.975	266.113	271.89	306.223	350.263	398.412	323.966	414.369	507.037	270.033	310.433	354.897	403.643	328.854	419.968	513.87
-3.391e+06	266.261	268.283	268.644	264.783	270.552	304.724	348.592	396.594	322.317	412.369	504.767	269.017	309.301	353.659	402.425	327.799	418.526	512.28
-3.39e+06	255.228	256.993	258.172	254.588	259.991	293.432	336.197	383.088	310.736	398.514	489.162	268.075	308.226	352.616	401.332	326.772	417.302	510.955
-3.389e+06	251.15	252.497	254.392	251.316	256.499	289.762	332.116	378.578	307.046	393.907	483.641	267.734	307.809	352.226	400.905	326.359	416.825	510.353
-3.388e+06	248.341	249.582	252.094	249.348	254.412	287.535	329.624	375.817	304.823	391.122	480.28	267.529	307.563	351.968	400.622	326.079	416.492	509.91
-3.387e+06	245.74	246.913	250.129	247.581	252.541	285.562	327.437	373.404	302.832	388.677	477.379	267.304	307.322	351.676	400.297	325.775	416.115	509.413
-3.386e+06	243.456	244.376	248.313	245.952	250.811	283.726	325.399	371.152	301.008	386.525	474.925	267.062	307.086	351.382	399.982	325.471	415.755	508.958
-3.385e+06	241.135	241.835	246.457	244.432	249.192	281.989	323.429	368.964	299.161	384.513	472.45	266.697	306.711	350.937	399.5	325.029	415.226	508.315
-3.384e+06	238.736	239.417	244.613	242.876	247.557	280.255	321.506	366.844	297.484	382.446	469.917	266.271	306.255	350.343	398.904	324.51	414.585	507.529
-3.383e+06	236.513	237.106	242.992	241.381	245.933	278.58	319.642	364.776	295.896	380.445	467.482	265.889	305.842	349.771	398.352	324.039	413.991	506.792
-3.382e+06	234.393	234.9	241.56	239.952	244.334	276.978	317.855	362.789	294.373	378.536	465.178	265.536	305.454	349.354	397.818	323.599	413.42	506.074
-3.381e+06	232.756	233.304	240.484	238.714	243.182	275.678	316.359	361.075	293.141	376.895	463.108	265.2	305.091	348.97	397.131	323.192	412.715	505.437
-3.38e+06	231.036	231.697	239.462	237.477	242.021	274.245	314.815	359.33	291.852	375.231	461.056	264.715	304.553	348.383	396.434	322.606	412.054	504.529
-3.379e+06	230.08	230.828	238.921	236.839	241.331	273.254	313.721	358.088	291.055	374.078	459.523	264.398	304.191	347.975	395.981	322.186	411.593	503.538
-3.378e+06	229.943	230.629	238.888	236.718	241.179	273.067	313.203	357.522	290.897	373.749	459.002	264.523	304.322	348.112	396.123	322.065	411.733	503.606
-3.377e+06	230.594	231.154	239.34	237.071	241.501	273.392	313.454	357.494	291.244	373.964	459.061	264.833	304.644	348.447	396.468	322.437	412.075	503.935
-3.376e+06	231.352	231.931	239.784	237.424	241.693	273.743	313.795	357.797	291.594	374.29	459.316	265.155	304.962	348.756	396.761	322.794	412.357	504.154
-3.375e+06	232.839	233.482	240.476	238.01	242.274	274.301	314.271	358.162	291.996	374.457	459.313	265.184	304.938	348.671	396.604	322.784	412.189	503.837
-3.374e+06	234.667	235.413	241.337	238.683	243.109	275.022	315.044	358.929	292.903	375.297	460.045	265.327	305.041	348.726	396.598	322.9	412.185	503.715
-3.373e+06	237.818	238.769	243.123	240.448	244.847	276.681	316.619	360.453	294.768	377.201	461.93	265.714	305.425	349.099	396.954	323.306	412.56	504.056
-3.372e+06	241.968	242.963	245.55	242.865	247.249	279.261	319.332	363.271	297.43	380.107	464.897	266.5	306.263	349.99	397.891	324.18	413.527	505.103
-3.371e+06	254.483	255.696	256.733	253.791	258.521	291.337	332.587	377.724	309.971	394.813	481.605	267.373	307.218	351.028	399.012	325.173	414.684	506.412
-3.37e+06	258.61	259.74	260.381	257.251	262.236	295.2	336.867	382.423	314.031	399.669	487.186	268.104	308.042	351.951	400.038	326.035	415.742	507.665
-3.369e+06	260.716	262.181	262.442	259.244	264.403	297.503	339.508	385.431	316.49	403.002	491.309	268.549	308.577	352.587	400.784	326.605	416.518	508.658
-3.368e+06	262.536	263.885	264.135	260.919	265.945	299.436	341.718	387.928	318.221	405.313	494.311	268.796	308.904	353.003	401.298	326.961	417.049	509.384
-3.367e+06	263.705	265.129	265.35	261.916	267.144	300.729	343.337	389.895	319.629	407.107	496.531	269.03	309.215	353.403	401.796	327.301	417.555	510.078
-3.366e+06	264.535	266.245	266.175	262.626	268.092	301.568	344.356	391.188	320.777	408.723	498.611	269.244	309.507	353.785	402.277	327.624	418.033	510.738
-3.365e+06	265.276	266.803	266.767	263.248	268.47	302.377	345.338	392.304	321.329	409.874	500.307	269.455	309.792	354.157	402.749	327.928	418.491	511.362
-3.364e+06	265.905	267.459	267.467	263.821	269.028	303.131	346.301	393.491	321.889	410.483	501.252	269.721	310.145	354.611	403.316	328.187	419.034	512.087
-3.363e+06	265.695	267.548	267.352	263.559	269.061	302.976	346.3	393.694	321.986	410.806	501.888	269.67	310.148	354.683	403.472	327.984	419.096	512.302
-3.362e+06	265.42	267.169	266.858	262.965	268.665	302.401	345.742	393.164	321.672	410.707	501.943	269.319	309.791	354.347	403.193	327.438	418.65	511.928
-3.361e+06	265.138	266.616	266.413	262.603	268.025	302.085	345.48	392.956	321.01	410.104	501.285	268.644	309.083	353.623	402.478	326.809	417.799	511.049
-3.36e+06	264.465	265.976	266.06	262.207	267.498	301.722	345.162	392.697	320.205	409.191	500.312	267.862	308.205	352.654	401.49	326.169	416.768	509.988
-3.359e+06	263.608	265.314	265.716	261.838	267.144	301.313	344.708	392.214	319.763	408.648	499.777	267.207	307.484	351.995	400.826	325.572	416.052	509.138
-3.358e+06	262.593	264.507	265.187	261.264	266.651	300.648	343.969	391.409	319.225	408.033	499.094	266.608	306.921	351.388	400.169	324.976	415.328	508.251
-3.357e+06	252.303	254.016	255.172	251.458	256.513	289.781	332.016	378.353	307.977	394.646	483.77	266.158	306.469	350.885	399.612	324.492	414.707	507.461
-3.356e+06	249.419	250.959	252.484	249.01	253.871	287.032	328.95	374.958	305.126	391.041	479.442	265.975	306.253	350.629	399.312	324.253	414.351	506.953
-3.355e+06	248.379	249.62	251.298	248.005	252.781	285.856	327.585	373.397	303.913	389.369	477.352	266.027	306.269	350.626	399.286	324.257	414.28	506.774
-3.354e+06	247.814	248.771	250.492	247.392	252.132	285.139	326.762	372.459	303.316	388.658	476.449	266.186	306.38	350.715	399.344	324.355	414.295	506.675
-3.353e+06	247.953	248.787	250.177	247.287	251.988	284.952	326.477	372.057	303.347	388.52	476.099	266.443	306.596	350.911	399.514	324.559	414.422	506.7
-3.352e+06	255.171	256.063	256.9	254.115	258.989	292.383	334.55	380.808	311.172	397.579	486.217	267.09	307.118	351.55	400.159	325.191	415.029	507.257
-3.351e+06	253.034	254.012	254.849	251.94	256.779	290.115	332.212	378.417	308.843	395.104	483.729	267.925	308.014	352.266	400.852	326.036	415.819	508.003
-3.35e+06	249.575	250.529	251.551	248.643	253.351	286.461	328.181	373.985	304.99	390.468	478.363	268.633	308.809	353.136	401.76	326.794	416.577	508.825
-3.349e+06	247.434	248.246	249.837	247.162	251.796	284.94	326.626	372.407	303.383	388.684	476.405	268.999	309.258	353.667	402.375	327.208	417.187	509.562
-3.348e+06	245.11	245.73	248.135	245.671	250.273	283.316	324.863	370.529	301.747	386.84	474.38	269.063	309.387	353.864	402.645	327.302	417.443	509.933
-3.347e+06	242.138	242.615	246.057	243.767	248.344	281.202	322.549	368.024	299.664	384.474	471.768	268.756	309.106	353.611	402.426	326.974	417.196	509.732
-3.346e+06	239.185	239.589	244.167	241.989	246.549	279.197	320.312	365.551	297.704	382.185	469.165	268.531	308.909	353.445	402.295	326.737	416.991	509.589
-3.345e+06	236.706	237.122	242.641	240.556	245.071	277.534	318.389	363.349	296.042	380.118	466.678	268.286	308.681	353.229	402.085	326.465	416.645	509.23
-3.344e+06	234.316	234.79	241.215	239.152	243.622	275.965	316.59	361.312	294.434	378.14	464.289	267.908	308.294	352.795	401.617	326.044	416.066	508.568
-3.343e+06	232.114	232.632	239.918	237.842	242.259	274.503	314.907	359.434	292.903	376.197	461.901	267.348	307.675	352.111	400.876	325.432	415.23	507.601
-3.342e+06	229.975	230.549	238.718	236.578	240.946	273.102	313.355	357.656	291.445	374.361	459.677	266.687	306.934	351.29	399.977	324.724	414.271	506.669
-3.341e+06	228.93	229.615	238.199	235.99	240.294	272.362	312.451	356.457	290.647	373.132	457.983	265.891	306.061	350.336	399.006	323.897	413.414	505.786
-3.34e+06	228.25	228.917	237.702	235.421	239.669	271.686	311.661	355.542	289.941	372.12	456.645	264.877	304.896	349.007	397.746	322.746	412.089	504.248
-3.339e+06	229.166	229.689	238.039	235.699	239.854	271.847	311.682	355.4	290.064	371.894	456.025	264.055	303.935	347.91	396.517	321.734	410.796	502.625
-3.338e+06	230.869	231.355	238.835	236.434	240.403	272.587	312.409	356.1	290.759	372.514	456.574	263.638	303.445	347.272	395.774	321.179	410.012	501.564
-3.337e+06	233.555	234.158	240.338	237.713	241.83	273.983	313.869	357.578	292.146	373.92	457.953	263.607	303.386	347.175	395.562	321.081	409.785	501.163
-3.336e+06	236.642	237.458	242.201	239.54	243.679	275.8	315.75	359.551	294.193	376.192	460.394	263.872	303.656	347.452	395.658	321.328	409.976	501.261
-3.335e+06	239.012	239.943	243.8	240.936	245.124	277.427	317.624	361.696	295.929	378.428	463.119	264.556	304.416	348.294	396.566	322.094	410.852	502.216
-3.334e+06	240.65	241.796	245.012	242.011	246.229	278.657	319.021	363.27	297.213	380.023	465.021	265.109	305.048	349.011	397.36	322.727	411.606	503.068
-3.333e+06	241.409	242.529	245.675	242.43	246.717	279.239	319.801	364.271	297.876	381.05	466.437	265.643	305.66	349.711	398.133	323.342	412.356	503.934
-3.332e+06	241.619	242.552	245.898	242.382	246.795	279.243	319.896	364.51	298.037	381.39	466.977	266.12	306.166	350.243	398.662	323.836	412.882	504.47
-3.331e+06	242.204	242.931	246.257	242.678	247.157	279.556	320.243	364.918	298.465	381.97	467.646	266.954	307.052	351.181	399.641	324.707	413.766	505.352
-3.33e+06	243.372	243.974	247.16	243.493	248.044	280.468	321.269	366.082	299.491	383.292	469.191	268.235	308.477	352.758	401.366	326.139	415.276	507.005
-3.329e+06	244.26	244.905	247.698	244.073	248.653	281.162	322.009	366.831	300.179	384.125	470.111	269.017	309.368	353.766	402.492	327.015	416.418	508.322
-3.328e+06	245.299	246.015	248.382	244.796	249.366	282.001	322.937	367.775	301.005	385.116	471.231	269.759	310.218	354.731	403.574	327.849	417.515	509.601
-3.327e+06	246.545	247.313	249.306	245.783	250.348	283.099	324.157	369.109	302.14	386.438	472.739	270.561	311.145	355.795	404.782	328.763	418.717	511.019
-3.326e+06	247.536	248.341	250.012	246.5	251.081	283.899	325.05	370.134	302.979	387.394	473.835	270.906	311.554	356.277	405.341	329.134	419.244	511.646
-3.325e+06	257.233	258.205	259.212	255.521	260.405	293.832	335.917	381.99	313.271	399.369	487.302	271.099	311.781	356.545	405.651	329.317	419.519	511.961
-3.324e+06	260.496	261.471	262.034	258.32	263.13	296.93	339.335	385.737	316.387	403.075	491.488	271.382	312.102	356.908	406.058	329.596	419.887	512.37
-3.323e+06	262.976	264.158	264.363	260.585	265.465	299.411	342.056	388.71	318.865	405.918	494.645	271.497	312.244	357.079	406.257	329.695	420.049	512.554
-3.322e+06	265.09	266.43	266.361	262.524	267.625	301.561	344.45	391.371	321.141	408.562	497.612	271.389	312.145	357.017	406.221	329.586	419.945	512.482
-3.321e+06	266.451	267.8	267.56	263.716	268.951	302.989	346.09	393.249	322.604	410.602	500.162	271.208	311.976	356.884	406.156	329.468	419.778	512.424
-3.32e+06	267.514	268.703	268.626	264.725	269.779	304.179	347.48	394.826	323.472	411.867	501.838	270.77	311.537	356.464	405.777	329.147	419.314	512.013
-3.319e+06	267.261	268.686	268.553	264.578	269.552	304.232	347.78	395.412	323.42	411.945	502.324	269.964	310.705	355.62	404.939	328.493	418.384	511.057
-3.318e+06	266.454	268.114	267.747	263.725	268.978	303.394	347.012	394.764	322.788	411.433	501.992	268.888	309.611	354.502	403.78	327.496	417.217	509.83
-3.317e+06	264.801	266.23	266.334	262.22	267.676	301.905	345.534	393.31	321.369	410.053	500.595	268.168	308.875	353.734	402.98	326.678	416.344	508.834
-3.316e+06	253.894	255.053	256.398	252.391	257.435	291.138	333.822	380.653	309.949	396.694	485.495	267.606	308.275	353.098	402.309	326.001	415.593	507.941
-3.315e+06	247.965	248.944	251.536	247.751	252.619	285.963	328.111	374.388	304.555	390.152	477.915	266.426	306.973	351.67	400.75	324.602	413.948	505.996
-3.314e+06	243.056	243.746	247.645	244.11	248.84	281.901	323.615	369.453	300.345	385.025	471.939	265.117	305.514	350.055	398.972	323.06	412.102	503.805
-3.313e+06	238.862	239.369	244.553	241.357	245.88	278.725	320.081	365.57	297.116	381.201	467.558	264.248	304.625	349.073	397.892	322.131	410.984	502.459
-3.312e+06	234.938	235.448	241.831	239.04	243.419	276.036	316.994	362.197	294.476	378	463.762	263.694	303.975	348.358	397.108	321.458	410.173	501.474
-3.311e+06	231.896	232.337	239.827	237.33	241.617	274.062	314.634	359.673	292.473	375.425	460.523	263.395	303.457	347.878	396.545	321.028	409.58	500.676
-3.31e+06	229.811	230.136	238.695	236.31	240.546	272.935	313.328	358.187	291.311	373.912	458.626	263.823	303.851	348.123	396.861	321.402	409.873	500.84
-3.309e+06	228.11	228.523	237.688	235.432	239.606	271.908	312.132	356.696	290.232	372.397	456.651	264.111	304.143	348.298	396.837	321.639	409.902	500.901
-3.308e+06	226.645	227.16	236.873	234.636	238.757	270.997	311.099	355.248	289.293	371.127	455.031	264.284	304.339	348.515	397.046	321.795	410.027	500.752
-3.307e+06	225.258	225.655	236.115	233.805	237.884	270.068	310.069	353.985	288.351	369.913	453.537	264.344	304.429	348.637	397.198	321.851	410.188	500.927
-3.306e+06	223.754	224.088	235.244	232.873	236.911	269.021	308.902	352.703	287.287	368.55	451.875	264.17	304.275	348.507	397.095	321.665	410.088	500.856
-3.305e+06	220.271	220.646	233.139	230.726	234.721	266.717	306.448	350.115	284.959	365.884	448.912	263.362	303.436	347.644	396.211	320.786	409.2	499.927
-3.304e+06	214.96	215.443	229.876	227.463	231.283	263.101	302.469	345.773	281.245	361.43	443.758	261.432	301.356	345.416	393.837	318.638	406.822	497.244
-3.303e+06	209.144	209.532	226.467	224.099	227.731	259.393	298.394	341.329	277.455	356.899	438.506	259.52	299.305	343.228	391.517	316.531	404.446	494.494
-3.302e+06	203.349	203.597	223.353	220.896	224.63	255.966	294.591	337.138	273.956	352.63	433.48	252.486	291.638	334.934	382.606	308.648	395.343	484.251
-3.301e+06	198.244	198.407	220.408	218.479	222.109	253.032	291.317	333.409	270.951	348.839	428.811	244.616	282.868	325.205	371.905	299.612	384.494	471.733
-3.3e+06	194.61	194.741	218.391	217.513	221.119	251.779	290.001	331.94	269.698	347.485	427.034	241.93	279.893	321.845	368.201	296.631	380.969	467.692
-3.299e+06	192.577	192.457	216.31	216.019	219.37	249.868	287.555	328.994	267.67	344.483	422.983	238.729	276.211	317.583	363.31	292.803	376.05	461.915
-3.298e+06	192.84	192.711	215.5	215.768	218.93	249.586	286.819	328.074	267.426	343.612	421.89	237.307	274.659	315.504	360.848	291.053	373.714	459.097
-3.297e+06	193.716	193.467	214.802	215.583	218.675	249.106	286.255	327.191	267.009	342.815	420.494	235.877	272.883	313.423	358.356	289.308	371.714	456.299
-3.296e+06	194.739	194.566	214.414	215.519	218.364	248.901	285.743	326.473	266.774	342.231	419.66	234.802	271.371	311.863	356.444	288.059	369.715	453.99
-3.295e+06	196.547	196.292	214.663	215.992	218.972	249.506	286.356	326.985	267.477	342.837	420.016	234.567	271.015	311.115	355.619	287.795	369.235	453.122
-3.294e+06	198.63	198.363	215.043	216.777	219.749	250.176	287.187	327.839	268.365	343.785	420.918	234.57	270.955	310.962	355.233	287.735	369.125	452.837
-3.293e+06	201.333	201.127	216.106	218.095	221.09	251.579	288.562	329.431	269.741	345.492	422.822	234.791	271.318	311.345	355.604	288.069	369.631	453.345
-3.292e+06	204.085	203.942	217.16	219.375	222.379	252.994	290.035	331.009	271.233	347.172	424.724	235.177	271.644	311.679	355.924	288.546	369.918	453.737
-3.291e+06	207.786	207.704	219.039	221.477	224.554	255.332	292.613	333.582	273.702	350.047	428.051	236.09	272.616	312.768	357.115	289.702	371.224	455.279
-3.29e+06	211.688	211.516	221.076	223.698	226.85	257.779	295.317	336.556	276.246	353.138	431.643	237.087	273.747	313.983	358.397	290.903	372.575	456.785
-3.289e+06	216.782	216.936	224.755	227.415	230.947	262.003	300.116	342.022	280.793	358.994	438.657	239.727	276.902	317.539	362.358	294.051	376.656	461.769
-3.288e+06	221.613	221.893	227.982	230.872	234.491	266.029	304.743	347.245	285.167	364.419	445.116	243.645	281.127	322.185	367.428	298.501	382.073	467.973
-3.287e+06	226.538	227.093	232.345	235.48	239.435	271.42	311.005	354.454	290.883	371.877	454.428	256.058	295.126	337.912	384.949	313.145	400.167	489.281
-3.286e+06	230.5	231.256	236.082	239.375	243.652	275.943	316.218	360.41	295.659	378.018	462.051	260.855	300.61	344.172	392.027	318.772	407.437	498.033
-3.285e+06	234.187	234.993	238.743	242.133	246.476	278.975	319.541	364.037	298.741	381.578	466.114	263.299	303.375	347.29	395.508	321.701	410.896	501.965
-3.284e+06	238.422	239.374	241.694	245.261	249.655	282.479	323.424	368.302	302.339	385.99	471.421	265.724	306.136	350.474	399.147	324.376	414.289	506.248
-3.283e+06	242.689	243.71	245.214	248.95	253.523	286.799	328.473	374.155	306.908	391.979	478.875	268.761	309.681	354.556	403.801	328.177	419.084	511.896
-3.282e+06	246.085	247.237	248.178	252.03	256.722	290.355	332.553	378.808	310.582	396.607	484.51	271.155	312.476	357.851	407.651	331.08	422.792	516.505
-3.281e+06	246.589	247.806	248.597	252.545	257.267	291.154	333.696	380.342	311.441	398.115	486.734	271.591	313.073	358.64	408.641	331.568	423.654	517.558
-3.28e+06	246.477	247.71	248.626	252.615	257.158	291.37	334.096	380.978	311.636	398.731	487.781	271.882	313.445	359.187	409.418	331.91	424.376	518.497
-3.279e+06	246.33	247.492	248.757	252.74	257.006	291.624	334.505	381.572	311.851	399.254	488.528	272.274	313.909	359.775	410.153	332.775	425.463	519.814
-3.278e+06	245.963	246.961	248.589	252.709	256.619	291.655	334.61	381.763	311.777	399.567	489.18	272.614	314.49	360.518	411.026	333.182	425.993	520.496
-3.277e+06	244.828	245.804	247.854	252.111	255.715	291.086	334.143	381.456	311.336	399.186	488.974	273.002	314.969	361.113	411.759	333.257	426.055	520.652
-3.276e+06	243.276	244.425	246.864	251.202	254.724	290.121	333.164	380.527	310.431	398.139	487.9	273.338	315.362	361.587	412.331	333.274	426.334	521.125
-3.275e+06	242.535	243.795	246.239	250.619	254.236	289.388	332.285	379.52	309.675	396.999	486.459	273.47	315.489	361.712	412.472	333.295	426.334	521.073
-3.274e+06	242.62	243.955	246.249	250.668	254.337	289.409	332.288	379.523	309.717	396.937	486.475	274.128	316.194	362.457	413.292	333.953	427.044	521.823
-3.273e+06	243.423	244.793	246.652	251.099	254.758	289.815	332.669	379.883	310.126	397.244	486.915	274.674	316.774	363.096	414.023	334.506	427.676	522.533
-3.272e+06	244.536	245.927	247.249	251.725	255.339	290.484	333.388	380.662	310.824	398.006	487.811	275.161	317.277	363.681	414.715	335.023	428.318	523.303
-3.271e+06	245.269	246.712	247.708	252.211	255.802	291.072	334.097	381.512	311.464	398.864	488.923	275.662	317.823	364.328	415.488	335.63	429.104	524.276
-3.27e+06	245.798	247.244	248.029	252.552	256.14	291.473	334.572	382.077	311.892	399.416	489.705	275.937	318.138	364.724	415.984	336.055	429.696	525.046
-3.269e+06	245.314	246.672	247.631	252.167	255.796	291.134	334.297	381.889	311.575	399.212	489.86	275.899	318.116	364.747	416.067	336.182	429.951	525.452
-3.268e+06	244.504	245.72	247.038	251.576	255.275	290.511	333.65	381.229	310.936	398.668	489.491	275.725	317.937	364.581	415.924	336.183	430.051	525.676
-3.267e+06	243.741	244.82	246.447	250.98	254.734	289.84	332.902	380.405	310.228	398.068	488.864	275.347	317.589	364.309	415.642	335.972	429.899	525.612
-3.266e+06	243.033	244.009	245.913	250.441	254.234	289.235	332.23	379.663	309.592	397.532	488.31	274.947	317.354	364.121	415.508	335.689	429.658	525.387
-3.265e+06	243.631	244.554	246.085	250.602	254.35	289.275	332.125	379.389	309.567	397.319	487.832	274.342	316.727	363.483	414.874	334.997	428.825	524.355
-3.264e+06	244.844	245.794	246.651	251.172	254.82	289.857	332.712	379.972	310.149	397.822	488.305	273.742	316.09	362.823	414.204	334.302	427.866	523.175
-3.263e+06	254.9	255.992	255.594	260.219	263.962	299.756	343.466	391.58	320.38	409.448	501.212	273.667	315.998	362.726	414.107	334.125	427.461	522.568
-3.262e+06	260.73	262.038	260.682	265.369	269.336	305.455	349.728	398.402	326.144	416.073	508.463	273.429	315.709	362.389	413.724	333.727	426.814	521.932
-3.261e+06	263.164	264.563	263.027	267.763	271.989	308.227	352.894	401.973	329.039	419.58	512.454	273.034	315.266	361.903	413.198	333.164	426.071	521.33
-3.26e+06	265.809	267.192	265.693	270.455	274.846	311.279	356.334	405.821	331.884	423.122	516.805	273.411	315.689	362.381	413.736	333.473	426.411	521.963
-3.259e+06	267.301	268.973	267.49	272.305	276.666	313.554	359.077	409.073	334.184	426.242	520.69	274.027	316.393	363.184	414.649	334.046	427.29	523.048
-3.258e+06	268.056	269.434	267.945	272.78	277.577	314.224	359.974	410.227	335.089	427.454	521.972	274.006	316.395	363.218	414.723	333.854	427.323	523.16
-3.257e+06	269.195	270.671	269.187	274.037	278.677	315.721	361.724	412.254	336.199	429.024	524.171	274.789	317.263	364.178	415.756	334.565	428.353	524.343
-3.256e+06	270.809	272.643	271.144	276.036	280.61	318.048	364.417	415.35	338.456	431.984	527.674	276.58	319.232	366.333	418.097	336.448	430.628	526.901
-3.255e+06	272.546	274.396	272.893	276.599	281.184	318.524	364.793	415.611	338.787	431.937	527.147	276.493	318.979	365.891	417.442	336.047	429.569	525.37
-3.254e+06	273.929	275.783	274.278	277.084	281.578	318.98	365.207	415.967	338.995	431.814	526.744	276.183	318.551	365.301	416.65	335.602	428.626	523.782
-3.253e+06	276.033	277.862	276.348	278.333	282.838	320.232	366.442	417.161	340.122	432.72	527.288	276.168	318.359	364.951	416.15	335.384	428.16	523.022
-3.252e+06	278.518	280.297	278.775	280.029	284.646	321.999	368.285	419.075	341.897	434.518	529.041	276.53	318.705	365.268	416.435	335.615	428.249	522.774
-3.251e+06	280.131	281.781	280.251	280.959	285.634	323.098	369.548	420.502	342.89	435.694	530.345	276.47	318.619	365.151	416.283	335.513	428.015	522.391
-3.25e+06	281.732	283.136	281.604	282.004	286.686	324.259	370.833	421.913	343.921	436.675	531.308	276.551	318.708	365.247	416.388	335.598	428.042	522.354
-3.249e+06	282.5	283.859	282.358	282.354	287.067	324.783	371.551	422.849	344.343	437.306	532.359	276.622	318.799	365.362	416.529	335.681	428.093	522.367
-3.248e+06	282.831	284.429	282.929	282.4	287.21	324.954	371.871	423.309	344.435	437.408	532.563	276.534	318.788	365.357	416.534	335.651	428.002	522.204
-3.247e+06	282.581	284.485	282.986	282.051	286.988	324.651	371.653	423.236	344.138	437.139	532.168	276.238	318.502	365.129	416.282	335.407	427.647	521.726
-3.246e+06	282.078	284.128	282.622	281.379	286.446	323.948	370.938	422.543	343.471	436.421	531.383	275.788	317.811	364.377	415.369	334.806	426.89	520.811
-3.245e+06	281.944	283.829	282.323	280.989	286.072	323.465	370.349	421.9	342.95	435.757	530.561	275.25	317.239	363.615	414.701	334.119	426.046	519.808
-3.244e+06	281.606	283.32	281.818	280.421	285.48	322.855	369.662	421.072	342.212	434.864	529.498	274.339	316.268	362.585	413.604	333.035	424.759	518.327
-3.243e+06	281.325	282.891	281.393	279.947	284.978	322.338	369.104	420.396	341.577	434.078	528.539	273.348	315.205	361.454	412.362	331.872	423.375	516.735
-3.242e+06	281.367	282.83	281.336	279.775	284.826	322.194	368.962	420.259	341.338	433.768	528.128	272.589	314.393	360.59	411.41	330.973	422.29	515.466
-3.241e+06	280.241	281.567	280.101	278.47	283.556	320.926	367.718	419.067	339.989	432.412	526.773	271.591	313.285	359.369	410.062	329.769	420.787	513.668
-3.24e+06	278.867	280.167	278.737	276.936	282.033	319.335	366.06	417.358	338.295	430.524	524.712	270.729	312.326	358.308	408.896	328.551	419.402	512.088
-3.239e+06	276.026	277.348	275.929	274.001	279.026	316.278	362.917	414.16	335.143	427.151	521.19	269.404	310.859	356.692	407.128	327.061	417.293	509.872
-3.238e+06	272.468	273.923	272.519	270.488	275.297	312.494	358.881	409.891	331.231	422.633	515.995	267.847	309.133	354.793	405.05	325.331	415.189	507.141
-3.237e+06	269.399	270.991	270.082	268	272.616	309.779	355.945	406.657	328.353	419.038	511.582	267.274	308.486	354.066	404.24	324.707	414.365	505.904
-3.236e+06	256.663	258.084	258.673	256.732	260.931	297.278	342.193	391.568	315.395	403.68	494.001	267.01	308.165	353.68	403.782	324.403	413.893	505.28
-3.235e+06	252.315	253.577	254.778	253.068	256.992	292.876	336.999	385.53	310.958	397.869	486.729	266.833	308.003	353.426	403.421	324.236	413.507	504.656
-3.234e+06	250.479	251.402	252.703	251.406	255.01	290.739	334.345	382.371	308.897	395.095	483.164	266.871	307.91	353.315	403.19	324.213	413.264	504.142
-3.233e+06	254.984	255.89	256.375	255.27	258.802	294.704	338.342	386.339	312.924	399.175	487.067	267.476	308.361	353.617	403.539	324.735	413.691	504.397
-3.232e+06	262.407	263.442	262.939	261.593	265.361	301.635	345.888	394.5	320.059	407.367	496.146	267.621	308.473	353.629	403.314	324.554	413.303	503.889
-3.231e+06	264.71	265.811	264.765	263.26	267.206	303.36	347.65	396.736	321.979	409.609	498.669	267.928	308.796	353.962	403.646	324.846	413.606	504.028
-3.23e+06	266.278	267.268	266.138	264.499	268.625	304.702	349.188	398.392	323.436	411.246	500.5	268.192	309.1	354.306	404.028	325.177	413.995	504.443
-3.229e+06	266.593	267.58	266.492	264.539	268.866	305.005	349.665	399.034	323.76	411.864	501.437	268.29	309.242	354.496	404.27	325.344	414.235	504.737
-3.228e+06	266.235	267.48	266.532	264.392	268.746	304.913	349.639	399.06	323.561	411.637	501.135	268.33	309.323	354.623	404.448	325.441	414.39	504.936
-3.227e+06	265.425	266.868	266.321	264.022	268.251	304.566	349.327	398.722	322.93	410.888	500.646	268.301	309.324	354.659	404.523	325.45	414.428	504.988
-3.226e+06	258.37	259.698	259.704	257.42	261.375	297.324	341.412	389.987	315.275	402.114	490.851	268.253	309.296	354.653	404.542	325.421	414.399	504.94
-3.225e+06	257.112	258.288	258.368	256.252	260.125	295.766	339.42	387.503	313.635	399.533	487.28	268.208	309.263	354.634	404.538	325.381	414.337	504.833
-3.224e+06	262.856	264.118	263.924	261.705	265.736	301.806	346.061	394.753	319.907	406.851	495.486	267.681	308.683	354	403.846	324.773	413.583	503.921
-3.223e+06	265.25	266.545	265.905	263.534	267.654	303.733	348.079	396.843	321.87	408.931	497.613	267.702	308.691	353.99	403.815	324.767	413.496	503.725
-3.222e+06	267.622	268.954	267.888	265.367	269.568	305.702	350.178	399.062	323.881	411.148	499.998	268.103	309.117	354.439	404.281	325.184	413.902	504.085
-3.221e+06	268.932	270.389	269.235	266.558	270.841	307.045	351.684	400.732	325.263	412.803	501.914	268.449	309.484	354.825	404.682	325.534	414.233	504.37
-3.22e+06	269.378	270.968	269.788	266.984	271.314	307.517	352.205	401.298	325.729	413.331	502.51	268.176	309.175	354.473	404.284	325.19	413.768	503.776
-3.219e+06	269.214	270.837	269.625	266.705	271.079	307.323	352.118	401.333	325.552	413.332	502.724	268.033	309.012	354.288	404.075	325.008	413.505	503.427
-3.218e+06	269.022	270.561	269.323	266.426	270.728	307.083	351.927	401.203	325.282	413.133	502.561	268.166	309.158	354.446	404.243	325.141	413.615	503.505
-3.217e+06	268.328	269.67	268.66	265.878	270.028	306.513	351.342	400.606	324.535	412.307	501.538	268.063	309.033	354.295	404.06	324.992	413.373	503.167
-3.216e+06	267.786	268.913	268.281	265.547	269.715	306.178	351.011	400.265	323.982	411.65	500.71	268.313	309.287	354.548	404.307	325.23	413.562	503.3
-3.215e+06	268.902	269.93	269.085	266.273	270.438	306.817	351.538	400.634	324.487	411.865	500.656	268.479	309.435	354.67	404.396	325.353	413.593	503.237
-3.214e+06	270.158	271.199	270.14	267.259	271.422	307.82	352.545	401.631	325.524	412.87	501.603	268.614	309.536	354.727	404.398	325.429	413.547	503.072
-3.213e+06	272.829	273.876	272.728	269.827	273.928	310.447	355.205	404.294	328.179	415.544	504.249	269.318	310.274	355.493	405.184	326.164	414.293	503.825
-3.212e+06	275.509	276.608	275.43	272.439	276.57	313.193	358.036	407.136	330.956	418.507	507.232	269.674	310.637	355.858	405.547	326.517	414.617	504.135
-3.211e+06	277.944	279.113	277.92	274.763	278.956	315.499	360.569	409.949	333.548	421.257	510.584	270.047	311.044	356.298	406.018	326.922	415.061	504.635
-3.21e+06	280.496	281.726	280.522	277.025	281.48	318.225	363.532	413.142	336.246	424.473	514.208	270.465	311.517	356.829	406.61	327.398	415.619	505.293
-3.209e+06	281.703	283.012	281.797	278.138	282.66	319.642	365.244	415.177	337.42	426.528	516.864	270.534	311.621	356.972	406.797	327.495	415.769	505.521
-3.208e+06	282.299	283.629	282.367	278.57	283.225	320.234	366.086	416.213	338.006	427.54	518.221	270.265	311.349	356.7	406.528	327.202	415.46	505.219
-3.207e+06	282.643	283.846	282.546	278.87	283.535	320.52	366.548	417.007	338.469	428.202	519.412	270.196	311.297	356.668	406.52	327.132	415.404	505.189
-3.206e+06	282.757	283.735	282.546	278.947	283.473	320.688	366.662	417.12	338.628	428.298	519.704	270.034	311.136	356.513	406.373	326.952	415.207	504.983
-3.205e+06	282.992	284	282.834	279.189	283.531	321.033	367.126	417.6	338.956	428.824	520.154	270.15	311.271	356.671	406.556	327.071	415.333	505.113
-3.204e+06	283.518	284.69	283.515	279.799	284.167	321.777	368.023	418.672	339.695	429.81	521.404	270.756	311.939	357.401	407.349	327.728	416.066	505.904
-3.203e+06	283.372	284.769	283.589	279.827	284.236	321.894	368.248	419.029	339.777	430.064	521.854	271.044	312.25	357.736	407.708	328.012	416.357	506.19
-3.202e+06	283.334	284.993	283.809	279.986	284.441	322.141	368.596	419.497	339.878	430.424	522.377	271.605	312.868	358.413	408.445	328.614	417.031	506.92
-3.201e+06	282.489	284.363	283.149	279.242	283.807	321.424	367.948	418.952	338.978	429.716	521.78	271.595	312.869	358.428	408.478	328.584	416.997	506.883
-3.2e+06	281.452	283.231	281.975	278.029	282.751	320.125	366.592	417.595	337.523	428.174	520.156	271.228	312.477	358.013	408.042	328.156	416.501	506.333
-3.199e+06	280.347	281.966	280.689	276.724	281.617	318.724	365.111	416.066	336.2	426.493	518.318	271.003	312.24	357.763	407.78	327.889	416.181	505.969
-3.198e+06	279.156	280.584	279.297	275.391	280.323	317.33	363.617	414.411	334.891	424.673	516.327	270.775	312	357.512	407.521	327.626	415.867	505.615
-3.197e+06	279.12	280.388	279.097	275.357	280.19	317.318	363.628	414.445	334.833	424.593	516.209	271.475	312.788	358.394	408.499	328.416	416.787	506.651
-3.196e+06	278.735	279.868	278.609	274.972	279.712	316.929	363.241	414.068	334.383	424.091	515.622	271.799	313.157	358.814	408.975	328.766	417.186	507.095
-3.195e+06	278.472	279.504	278.333	274.737	279.36	316.505	362.599	413.181	333.843	423.092	514.113	271.147	312.423	357.993	408.065	327.978	416.211	505.943
-3.194e+06	278.86	279.934	278.703	275.146	279.747	316.867	362.899	413.405	334.159	423.255	514.088	270.823	312.044	357.554	407.562	327.56	415.655	505.254
-3.193e+06	280.377	281.486	280.258	276.615	281.251	318.277	364.217	414.599	335.594	424.448	515.02	270.634	311.816	357.284	407.244	327.304	415.292	504.787
-3.192e+06	282.527	283.701	282.474	278.849	283.438	320.603	366.623	417.077	337.817	426.95	517.603	270.695	311.883	357.359	407.327	327.36	415.334	504.816
-3.191e+06	283.705	285.036	283.807	280.146	284.731	322.116	368.372	419.08	339.386	428.965	520.055	270.652	311.879	357.403	407.427	327.355	415.398	504.954
-3.19e+06	284.716	286.056	284.827	281.147	285.722	323.248	369.646	420.507	340.536	430.374	521.726	270.23	311.492	357.064	407.151	326.962	415.076	504.714
-3.189e+06	283.713	285.241	284.012	280.283	284.898	322.592	369.251	420.424	339.909	430.257	522.171	269.544	310.792	356.361	406.457	326.239	414.325	503.936
-3.188e+06	282.208	283.746	282.499	278.669	283.44	320.972	367.676	418.958	338.148	428.709	520.768	268.874	310.078	355.607	405.669	325.494	413.477	502.97
-3.187e+06	280.177	281.487	280.237	276.494	281.257	318.771	365.44	416.69	336.003	426.178	518.237	268.275	309.441	354.936	404.967	324.83	412.716	502.089
-3.186e+06	277.918	278.996	277.787	274.236	278.698	316.41	362.995	414.18	333.561	423.521	515.395	267.704	308.818	354.262	404.244	324.179	411.937	501.141
-3.185e+06	276.07	277.205	276.019	272.476	276.79	314.47	360.865	411.805	331.496	421.045	512.308	267.234	308.288	353.67	403.587	323.622	411.228	500.242
-3.184e+06	274.358	275.592	274.415	270.865	275.159	312.716	358.871	409.559	329.566	418.715	509.416	266.941	307.941	353.264	403.118	323.254	410.715	499.552
-3.183e+06	272.886	274.198	273.03	269.491	273.755	311.175	357.035	407.447	327.838	416.515	506.629	266.777	307.733	353.005	402.804	323.031	410.364	499.045
-3.182e+06	271.441	272.794	271.727	268.2	272.437	309.725	355.344	405.518	326.249	414.507	504.204	266.735	307.648	352.872	402.615	322.935	410.143	498.677
-3.181e+06	269.938	271.273	270.57	267.091	271.29	308.455	353.842	403.771	324.866	412.685	502.143	266.867	307.722	352.875	402.535	322.992	410.032	498.377
-3.18e+06	268.523	269.809	269.516	266.075	270.243	307.314	352.543	402.322	323.665	411.126	500.327	267.256	308.092	353.215	402.835	323.36	410.314	498.558
-3.179e+06	261.731	262.893	263.019	259.707	263.684	300.236	344.766	393.797	316.384	402.485	490.459	267.617	308.473	353.613	403.246	323.753	410.709	498.961
-3.178e+06	255.453	256.465	257.016	254.168	257.744	293.944	337.718	385.969	309.94	394.599	481.113	267.876	308.758	353.923	403.583	324.05	411.027	499.32
-3.177e+06	252.987	253.726	254.471	252.105	255.401	291.525	334.939	382.806	307.547	391.485	477.206	267.849	308.952	354.146	403.837	324.256	411.261	499.606
-3.176e+06	251.41	252.032	252.794	250.746	254.025	289.923	333.094	380.696	306.029	389.479	474.795	268.003	309.083	354.297	404.01	324.394	411.408	499.79
-3.175e+06	250.611	251.255	251.92	250.013	253.235	288.952	331.901	379.264	305.13	388.42	473.411	268.147	309.184	354.406	404.126	324.495	411.496	499.888
-3.174e+06	255.605	256.192	256.578	254.754	258.05	294.088	337.43	385.165	310.664	394.695	480.262	268.282	309.291	354.53	404.269	324.604	411.609	500.027
-3.173e+06	260.593	261.329	261.269	259.161	262.677	298.965	342.768	390.974	315.725	400.52	486.794	268.396	309.383	354.635	404.389	324.693	411.698	500.133
-3.172e+06	262.399	263.444	262.987	260.53	264.36	300.664	344.608	392.949	317.483	402.497	488.8	268.427	309.427	354.689	404.456	324.729	411.73	500.173
-3.171e+06	264.32	265.473	264.605	262.04	265.877	302.264	346.319	394.76	319.065	404.242	490.706	268.35	309.407	354.685	404.471	324.701	411.71	500.172
-3.17e+06	265.963	267.123	266.093	263.53	267.304	303.853	348.033	396.591	320.626	406.055	492.701	268.062	309.236	354.559	404.402	324.528	411.605	500.146
-3.169e+06	267.751	268.835	267.738	265.207	268.908	305.634	349.937	398.61	322.396	408.096	494.847	267.501	308.803	354.149	404.027	324.083	411.187	499.762
-3.168e+06	269.567	270.549	269.492	266.932	270.658	307.484	351.934	400.75	324.27	410.26	497.272	267.092	308.381	353.685	403.523	323.629	410.633	499.094
-3.167e+06	271.512	272.408	271.447	268.779	272.539	309.47	354.079	403.05	326.297	412.577	499.877	266.977	308.202	353.47	403.267	323.424	410.334	498.677
-3.166e+06	273.544	274.465	273.488	270.726	274.517	311.578	356.368	405.519	328.451	415.053	502.679	267.039	308.226	353.478	403.256	323.428	410.284	498.543
-3.165e+06	274.866	275.906	274.906	271.847	275.715	312.946	358.028	407.498	329.767	417.037	505.266	267.367	308.57	353.86	403.678	323.773	410.689	498.984
-3.164e+06	275.594	276.954	275.937	272.559	276.577	313.781	359.108	408.843	330.449	418.11	506.789	267.774	308.99	354.312	404.162	324.186	411.146	499.457
-3.163e+06	276.308	277.902	276.818	273.152	277.466	314.49	360.019	410.012	331.464	419.133	508.111	268.662	309.922	355.302	405.207	325.111	412.152	500.502
-3.162e+06	276.831	278.214	277.099	273.303	277.797	314.748	360.286	410.346	331.974	419.853	509.054	269.457	310.749	356.17	406.11	325.914	413.007	501.374
-3.161e+06	276.997	278.079	276.967	273.433	277.701	314.854	360.355	410.288	332.011	419.816	508.952	269.725	310.953	356.313	406.178	326.068	413.027	501.241
-3.16e+06	276.808	277.763	276.721	273.217	277.256	314.599	360.075	409.985	331.691	419.418	508.497	269.692	310.843	356.128	405.906	325.926	412.743	500.819
-3.159e+06	277.522	278.474	277.426	273.935	277.845	315.348	360.868	410.818	332.406	420.167	509.279	270.223	311.409	356.742	406.569	326.504	413.405	501.573
-3.158e+06	279.224	280.19	279.132	275.624	279.541	317.195	362.891	413.021	334.258	422.295	511.664	271.4	312.721	358.207	407.967	327.853	415.017	503.243
-3.157e+06	280.075	281.053	279.987	276.507	280.435	318.211	364.064	414.366	335.261	423.55	513.173	271.962	313.358	358.937	408.773	328.496	415.804	504.094
-3.156e+06	280.65	281.649	280.577	277.123	281.049	318.912	364.868	415.284	335.935	424.378	514.164	272.198	313.644	359.292	409.279	328.784	416.198	504.709
-3.155e+06	280.501	281.705	280.625	277.116	281.121	319.181	365.469	416.27	336.145	425.263	515.683	273.233	314.838	360.668	410.856	329.998	417.714	506.491
-3.154e+06	279.336	280.866	279.77	276.123	280.305	318.208	364.61	415.585	334.899	424.191	514.745	273.649	315.37	361.338	411.546	330.51	418.447	507.273
-3.153e+06	275.572	277.127	276.017	272.334	276.692	314.263	360.553	411.456	330.923	419.715	510.148	272.316	313.951	359.849	409.9	329.022	416.813	505.544
-3.152e+06	272.446	273.728	272.628	269.029	273.25	310.809	356.917	407.623	327.479	415.835	505.775	271.568	313.178	359.067	409.156	328.209	415.96	504.706
-3.151e+06	268.885	269.97	269.572	266.205	270.155	307.724	353.448	403.775	324.024	411.67	500.834	270.822	312.406	358.286	408.408	327.395	415.094	503.822
-3.15e+06	254.939	255.854	257.266	254.222	257.774	294.368	338.724	387.693	310.289	395.427	482.277	270.5	312.099	358.007	408.195	327.039	414.76	503.501
-3.149e+06	249.008	249.81	252.814	250.275	253.467	289.794	333.489	381.759	305.656	389.621	475.181	269.958	311.569	357.507	407.76	326.372	414.131	502.879
-3.148e+06	244.29	244.808	249.248	247.183	250.221	286.3	329.572	377.377	302.097	385.19	469.79	268.869	310.483	356.408	406.701	325.081	412.755	501.424
-3.147e+06	240.206	240.662	246.276	244.587	247.613	283.306	326.157	373.508	299.108	381.296	464.983	267.418	308.91	354.59	404.696	323.268	410.492	498.699
-3.146e+06	236.857	237.129	243.923	242.453	245.432	280.795	323.297	370.277	296.633	378.096	461.076	266.467	307.827	353.353	403.253	322.1	408.869	496.572
-3.145e+06	234.189	234.352	241.765	240.552	243.451	278.532	320.719	367.238	294.427	375.162	457.467	259.395	299.97	344.715	393.835	314.034	399.333	485.654
-3.144e+06	231.839	232.01	239.955	238.882	241.705	276.499	318.387	364.63	292.576	372.75	454.453	253.888	293.703	337.66	385.972	307.669	391.45	476.342
-3.143e+06	230.55	230.692	239	237.916	240.59	275.263	316.714	362.638	291.293	371.085	452.271	251.65	291.071	334.627	382.524	305.079	388.073	472.194
-3.142e+06	228.691	228.829	237.454	236.257	239.06	273.493	314.583	360.047	289.32	368.527	449.352	249.487	288.503	331.627	379.09	302.507	384.732	468.246
-3.141e+06	228.324	228.388	237.357	235.926	238.8	272.935	314.063	359.44	289.015	367.946	448.338	257.234	297.01	340.901	389.136	311.308	394.858	479.71
-3.14e+06	227.534	227.64	236.874	235.3	238.157	272.099	312.924	358.311	288.3	366.988	447.098	258.466	298.48	342.491	390.847	312.858	396.621	481.644
-3.139e+06	226.307	226.455	236.067	234.41	237.156	271.089	311.725	356.683	287.293	365.708	445.548	258.745	298.881	342.91	391.286	313.3	397.061	481.927
-3.138e+06	224.936	225.166	235.215	233.481	236.104	270.031	310.525	355.259	286.235	364.357	443.909	259.087	299.173	343.167	391.502	313.568	397.245	482.051
-3.137e+06	224.095	224.463	234.827	233.016	235.686	269.473	309.862	354.474	285.69	363.587	442.902	259.919	300.014	344.033	392.386	314.435	398.177	482.911
-3.136e+06	223.505	223.855	234.474	232.45	235.313	268.968	309.269	353.777	285.029	362.91	442.025	260.678	300.819	344.903	393.324	315.278	399.161	484.009
-3.135e+06	223.23	223.541	234.142	232.05	234.935	268.429	308.587	352.923	284.528	362.008	440.889	260.883	301.034	345.149	393.604	315.483	399.48	484.42
-3.134e+06	223.866	224.035	234.511	232.408	235.273	268.534	308.827	353.119	284.926	362.101	440.967	261.505	301.714	345.905	394.445	316.131	400.343	485.436
-3.133e+06	224.457	224.608	234.528	232.489	235.316	268.505	308.475	352.797	284.954	361.952	440.371	261.457	301.644	345.828	394.364	315.971	400.221	485.307
-3.132e+06	224.809	225.005	234.303	232.305	235.084	268.255	308.078	352.047	284.706	361.544	439.773	261.043	301.164	345.295	393.779	315.374	399.552	484.549
-3.131e+06	226.43	226.692	235.396	233.258	236.031	269.29	309.189	353.195	285.804	362.774	441.098	261.674	301.854	346.06	394.625	315.973	400.281	485.378
-3.13e+06	228.637	228.975	236.999	234.714	237.507	270.892	310.937	355.083	287.486	364.71	443.243	262.693	302.986	347.32	396.023	317.011	401.492	486.755
-3.129e+06	230.158	230.577	238.092	235.605	238.426	271.904	312.075	356.348	288.562	366.015	444.752	263.243	303.555	347.936	396.732	317.66	402.048	487.634
-3.128e+06	229.734	230.151	237.367	234.82	237.609	271.035	311.118	355.296	287.675	364.979	443.577	262.004	302.103	346.335	395.006	316.371	400.576	486.074
-3.127e+06	229.588	229.931	236.882	234.347	237.095	270.499	310.512	354.611	287.134	364.322	442.81	260.835	300.765	344.859	393.399	315.235	399.332	484.731
-3.126e+06	229.959	230.236	236.869	234.33	237.05	270.475	310.479	354.563	287.129	364.31	442.785	259.945	299.759	343.847	392.395	314.433	398.484	483.851
-3.125e+06	231.668	231.902	237.998	235.442	238.158	271.685	311.785	355.962	288.395	365.747	444.366	259.938	299.825	344.01	392.598	314.576	398.647	484.027
-3.124e+06	232.808	232.987	238.509	235.948	238.652	272.24	312.392	356.618	288.981	366.431	445.132	259.427	299.373	343.499	392.029	314.105	398.039	483.279
-3.123e+06	234.189	234.28	239.171	236.62	239.307	272.968	313.176	357.455	289.741	367.3	446.093	259.135	299.095	343.175	391.66	313.822	397.656	482.783
-3.122e+06	236.55	236.575	240.748	238.186	240.885	274.7	315.08	359.533	291.543	369.417	448.491	259.781	299.783	343.915	392.457	314.535	398.438	483.604
-3.121e+06	238.87	238.948	242.346	239.751	242.48	276.46	317.045	361.713	293.375	371.629	451.05	260.581	300.65	344.861	393.486	315.431	399.441	484.692
-3.12e+06	241.311	241.513	244.128	241.536	244.302	278.456	319.266	364.166	295.443	374.1	453.891	261.667	301.84	346.167	394.915	316.654	400.833	486.231
-3.119e+06	242.401	242.826	244.823	242.225	245.021	279.282	320.244	365.311	296.303	375.246	455.324	261.976	302.183	346.554	395.35	316.993	401.232	486.678
-3.118e+06	243.286	243.966	245.524	242.88	245.691	280.042	321.121	366.315	297.085	376.241	456.532	262.362	302.6	347.01	395.85	317.353	401.701	487.142
-3.117e+06	244.363	245.196	246.492	243.727	246.561	281.018	322.238	367.582	298.089	377.492	458.029	262.966	303.264	347.744	396.658	317.945	402.468	487.944
-3.116e+06	245.327	246.117	247.254	244.384	247.234	281.778	323.112	368.58	298.864	378.461	459.198	263.475	303.804	348.32	397.271	318.387	403.01	488.485
-3.115e+06	255.194	255.982	256.559	253.491	256.578	291.834	334.137	380.591	309.244	390.529	472.764	264.463	304.851	349.427	398.436	319.368	404.122	489.657
-3.114e+06	259.313	260.177	260.214	256.966	260.136	295.715	338.451	385.356	313.043	395.294	478.217	265.584	306.056	350.72	399.816	320.542	405.455	491.104
-3.113e+06	262.258	263.089	262.783	259.408	262.589	298.436	341.473	388.69	315.784	398.511	481.859	266.484	307.034	351.782	400.964	321.494	406.552	492.321
-3.112e+06	264.457	265.58	264.98	261.432	264.91	300.708	344.037	391.59	318.275	401.425	485.173	267.291	307.919	352.753	402.027	322.357	407.564	493.463
-3.111e+06	266.617	267.76	266.928	263.413	266.997	302.888	346.392	394.135	320.521	404.138	488.303	268.034	308.751	353.685	403.066	323.156	408.552	494.615
-3.11e+06	268.657	269.614	268.935	265.328	268.824	305.036	348.787	396.742	322.5	406.641	491.235	268.619	309.414	354.436	403.915	323.749	409.343	495.553
-3.109e+06	270.555	271.546	270.846	267.111	270.414	307.055	351.06	399.289	324.26	408.882	493.981	269.161	310.034	355.145	404.721	324.273	410.091	496.447
-3.108e+06	272.19	273.426	272.644	268.807	272.141	308.973	353.215	401.699	326.108	410.887	496.408	269.634	310.573	355.76	405.422	324.76	410.69	497.205
-3.107e+06	273.606	275.104	274.101	270.178	273.714	310.645	355.187	403.943	327.823	412.782	498.586	270.09	311.102	356.373	406.127	325.279	411.221	497.948
-3.106e+06	275.105	276.467	275.305	271.316	275.155	312.008	356.858	405.968	329.373	414.694	500.728	270.402	311.48	356.847	406.689	325.666	411.536	498.401
-3.105e+06	276.07	277.174	276.138	271.951	275.994	312.737	357.837	407.299	330.408	416.124	502.566	270.558	311.672	357.118	407.094	325.935	411.651	498.575
-3.104e+06	276.774	277.817	276.887	272.626	276.457	313.434	358.436	408.014	331.123	417.161	503.904	270.608	311.746	357.242	407.314	326.129	411.657	498.609
-3.103e+06	276.739	278.044	277.07	272.781	276.34	313.73	358.873	408.359	331.099	417.538	504.61	270.409	311.537	357.039	407.146	326.068	411.522	498.35
-3.102e+06	276.51	278.105	276.974	272.77	276.363	313.833	359.094	408.714	330.746	417.337	504.565	270.069	311.206	356.661	406.752	325.854	411.383	498.251
-3.101e+06	276.057	277.566	276.32	272.205	275.993	313.36	358.781	408.605	330.192	416.589	503.797	269.672	310.835	356.305	406.306	325.422	411.005	497.904
-3.1e+06	275.547	276.777	275.511	271.389	275.453	312.529	357.974	407.889	329.623	415.999	503.17	269.152	310.331	355.833	405.88	324.854	410.477	497.392
-3.099e+06	274.632	275.606	274.531	270.28	274.418	311.353	356.709	406.559	328.65	415	502.192	268.523	309.677	355.163	405.204	324.126	409.695	496.522
-3.098e+06	273.393	274.423	273.362	269.108	273.007	310.133	355.438	405.181	327.277	413.49	500.505	267.824	308.918	354.348	404.337	323.291	408.73	495.385
-3.097e+06	271.987	273.195	272.119	267.876	271.538	308.834	354.083	403.781	325.684	411.638	498.324	267.227	308.267	353.645	403.585	322.575	407.886	494.371
-3.096e+06	270.546	271.961	271.086	266.838	270.507	307.736	352.934	402.592	324.247	409.893	496.255	266.938	307.944	353.288	403.194	322.197	407.407	493.743
-3.095e+06	269.398	270.952	270.374	266.155	269.823	306.934	352.003	401.521	323.143	408.36	494.681	266.624	307.574	352.858	402.701	321.771	406.831	492.974
-3.094e+06	268.327	269.927	269.603	265.415	269.075	306.099	351.066	400.472	322.252	407.205	493.277	266.227	307.093	352.286	402.03	321.235	406.094	492
-3.093e+06	268.018	269.592	269.339	265.179	268.822	305.775	350.644	399.938	321.891	406.586	492.384	266.084	306.898	352.031	401.708	321.001	405.719	491.452
-3.092e+06	268.13	269.642	269.38	265.241	268.878	305.812	350.651	399.91	321.907	406.469	492.124	266.216	307.001	352.1	401.736	321.077	405.697	491.306
-3.091e+06	269.488	270.944	270.232	266.121	269.728	306.639	351.401	400.564	322.632	406.989	492.342	266.421	307.19	352.245	401.828	321.239	405.748	491.226
-3.09e+06	270.91	272.318	271.321	267.242	270.825	307.793	352.576	401.749	323.818	408.18	493.453	266.696	307.522	352.542	402.042	321.574	405.93	491.239
-3.089e+06	273.334	274.675	273.614	269.602	273.019	310.162	354.923	404.039	326.195	410.489	495.627	267.497	308.077	352.981	402.384	322.27	406.471	491.597
-3.088e+06	276.288	277.443	276.445	272.405	275.953	313.058	357.915	407.121	329.298	413.583	498.894	268.657	309.27	354.181	403.586	323.403	407.389	492.483
-3.087e+06	279.812	280.946	279.782	275.778	279.386	316.69	361.777	411.192	332.755	417.667	503.326	269.905	310.633	355.657	405.171	324.5	408.988	494.275
-3.086e+06	283.427	284.596	283.401	279.356	282.95	320.518	365.848	415.396	336.63	422.023	507.821	270.821	311.663	356.805	406.444	325.525	410.265	495.773
-3.085e+06	284.452	285.879	284.654	280.457	284.13	322.076	367.927	417.83	338.309	424.704	511.429	271.748	312.748	358.061	407.884	326.652	411.695	497.523
-3.084e+06	284.69	286.026	284.726	280.537	284.36	322.446	368.578	418.767	338.588	425.587	512.804	272.212	313.34	358.798	408.784	327.158	412.565	498.672
-3.083e+06	282.903	284.115	282.934	278.641	282.539	320.606	366.979	417.649	336.86	424.142	512.033	272.184	313.397	358.944	409.035	327.029	412.754	499.039
-3.082e+06	280.147	281.643	280.424	276.147	279.878	318.069	364.363	414.903	334.225	421.47	509.258	271.717	312.976	358.604	408.787	326.647	412.281	498.736
-3.081e+06	277.86	279.452	278.168	274.046	277.88	315.792	361.946	412.472	331.649	418.609	506.155	271.177	312.413	358.047	408.291	326.217	411.55	497.993
-3.08e+06	276.202	277.646	276.332	272.279	276.314	313.863	359.884	410.362	329.721	416.18	503.528	270.913	312.128	357.756	408.023	326.098	411.207	497.565
-3.079e+06	275.421	276.623	275.294	271.327	275.482	312.701	358.542	408.701	328.708	414.725	501.708	270.535	311.748	357.302	407.437	325.771	410.861	497.17
-3.078e+06	275.007	276.09	274.789	270.854	275.046	312.237	358.014	408.048	328.191	414.025	500.805	270.287	311.512	357.084	407.212	325.483	410.599	496.908
-3.077e+06	275.058	276.096	274.831	270.927	275.09	312.276	358.008	408.013	328.179	413.87	500.485	269.979	311.242	356.867	407.066	325.171	410.366	496.73
-3.076e+06	274.991	276.035	274.758	270.884	275.024	312.206	357.905	407.893	328.068	413.644	500.137	269.284	310.525	356.139	406.338	324.395	409.55	495.845
-3.075e+06	274.969	276.043	274.69	270.842	275.008	312.193	357.874	407.858	328.023	413.515	499.923	268.676	309.858	355.414	405.559	323.662	408.686	494.808
-3.074e+06	274.839	275.951	274.601	270.765	274.885	312.063	357.717	407.688	327.863	413.259	499.578	268.167	309.273	354.749	404.811	323.013	407.865	493.766
-3.073e+06	274.965	276.106	274.756	270.85	274.963	312.162	357.85	407.873	327.953	413.369	499.716	268.181	309.278	354.744	404.795	322.981	407.79	493.597
-3.072e+06	274.9	276.003	274.655	270.72	274.867	312.064	357.755	407.798	327.831	413.214	499.531	268.128	309.203	354.646	404.672	322.868	407.609	493.303
-3.071e+06	274.805	275.829	274.483	270.476	274.698	311.887	357.583	407.646	327.632	412.989	499.284	268.172	309.224	354.64	404.635	322.853	407.526	493.109
-3.07e+06	274.661	275.559	274.26	270.208	274.473	311.673	357.365	407.435	327.39	412.702	498.946	268.403	309.436	354.826	404.788	323.031	407.634	493.106
-3.069e+06	274.834	275.633	274.437	270.404	274.616	311.81	357.445	407.46	327.482	412.648	498.725	268.759	309.77	355.129	405.051	323.331	407.85	493.203
-3.068e+06	275.075	275.881	274.684	270.655	274.844	312.038	357.658	407.662	327.682	412.787	498.786	269.299	310.283	355.604	405.473	323.811	408.237	493.467
-3.067e+06	275.451	276.228	275.051	271.046	275.239	312.432	358.014	407.977	328.045	413.046	498.929	269.95	310.916	356.205	406.03	324.418	408.764	493.897
-3.066e+06	276.006	276.834	275.555	271.662	275.807	312.963	358.59	408.4	328.634	413.621	499.488	270.63	311.616	356.852	406.589	325.132	409.523	494.565
-3.065e+06	276.815	277.683	276.407	272.588	276.652	313.726	359.253	409.224	329.494	414.182	499.913	270.884	311.9	357.251	407.142	325.597	409.788	494.994
-3.064e+06	278.088	278.998	277.726	273.957	277.96	315.187	360.789	410.841	330.686	415.759	501.582	271.542	312.642	358.079	408.056	326.288	410.668	496.034
-3.063e+06	279.711	280.665	279.394	275.651	279.602	316.994	362.698	412.847	332.466	417.754	503.72	272.193	313.376	358.904	408.98	326.971	411.571	497.092
-3.062e+06	281.235	282.293	281.024	277.313	281.212	318.782	364.605	414.872	334.271	419.761	505.914	272.574	313.802	359.378	409.51	327.337	412.071	497.674
-3.061e+06	281.529	282.748	281.479	277.771	281.656	319.437	365.481	416	334.961	420.853	507.431	272.808	314.084	359.715	409.909	327.565	412.438	498.14
-3.06e+06	281.553	282.842	281.574	277.876	281.741	319.633	365.781	416.425	335.155	421.224	508.01	272.762	314.103	359.81	410.075	327.552	412.517	498.372
-3.059e+06	279.943	281.359	280.086	276.355	280.263	318.263	364.614	415.518	333.706	420.214	507.431	272.462	313.825	359.596	409.979	327.346	412.195	498.16
-3.058e+06	277.97	279.221	277.931	274.171	278.249	316.012	362.333	413.273	331.371	417.683	504.838	271.948	313.297	359.079	409.52	326.985	411.568	497.52
-3.057e+06	274.984	275.965	274.687	270.99	274.997	312.755	358.98	409.781	328.203	414.173	501.236	270.946	312.25	357.937	408.236	325.956	410.494	496.362
-3.056e+06	271.394	272.298	271.307	267.759	271.437	309.317	355.319	405.887	324.576	410.065	496.471	269.791	311.069	356.743	407.031	324.7	409.238	495.073
-3.055e+06	259.57	260.449	260.774	257.447	260.809	297.891	342.648	391.982	312.651	395.958	480.295	268.335	309.596	355.276	405.594	323.157	407.713	493.524
-3.054e+06	251.499	252.27	254.246	251.388	254.349	291.026	334.933	383.424	305.661	387.491	470.354	266.763	307.921	353.506	403.744	321.296	405.691	491.069
-3.053e+06	246.176	246.685	250.161	247.877	250.545	287.02	330.396	378.317	301.584	382.401	464.175	265.713	306.751	352.213	402.325	320.002	404.087	488.944
-3.052e+06	241.887	242.263	247.013	245.151	247.798	283.922	326.915	374.425	298.521	378.549	459.519	265.005	305.979	351.375	401.423	319.195	403.114	487.638
-3.051e+06	238.262	238.544	244.373	242.766	245.348	281.085	323.637	370.672	295.711	374.904	455.215	264.01	304.856	350.118	400.024	318.027	401.667	485.865
-3.05e+06	235.484	235.561	242.261	240.873	243.379	278.883	321.129	367.788	293.61	372.316	452.063	254.286	293.979	338.041	386.716	306.876	388.38	470.643
-3.049e+06	233.941	234.052	241.053	239.707	242.176	277.431	319.442	365.876	292.368	370.605	449.839	259.193	299.255	343.66	392.655	312.351	394.366	476.986
-3.048e+06	232.525	232.663	239.979	238.715	241.032	276.17	317.811	363.984	291.193	369.045	447.853	261.035	301.375	345.905	395.021	314.429	396.76	479.564
-3.047e+06	232.375	232.458	239.704	238.395	240.663	275.69	317.005	362.797	290.567	368.144	446.555	261.692	302.147	346.675	395.771	315.211	397.567	480.352
-3.046e+06	232.41	232.62	239.522	238.007	240.455	275.32	316.514	362.115	290.12	367.301	445.473	262.255	302.661	347.146	396.184	315.749	398.033	480.762
-3.045e+06	233.217	233.533	240.065	238.342	240.841	275.445	316.663	362.226	290.524	367.532	445.419	263.342	303.726	348.196	397.197	316.836	399.092	481.79
-3.044e+06	234.219	234.509	240.595	238.745	241.212	275.74	316.753	362.208	290.941	367.885	445.686	264.42	304.85	349.378	398.427	317.985	400.354	483.161
-3.043e+06	235.447	235.688	241.207	239.258	241.685	276.232	317.188	362.473	291.455	368.327	446.04	265.084	305.575	350.183	399.314	318.732	401.26	484.236
-3.042e+06	237.052	237.173	242.114	240.071	242.364	277.078	318.06	363.348	292.291	369.175	446.969	265.748	306.31	351.011	400.239	319.485	402.189	485.353
-3.041e+06	239.491	239.598	243.567	241.464	243.672	278.522	319.545	364.848	293.622	370.566	448.326	266.46	307.092	351.88	401.199	320.275	403.138	486.467
-3.04e+06	242.266	242.457	245.259	242.987	245.349	280.19	321.296	366.651	295.471	372.615	450.516	267.19	307.885	352.753	402.153	321.07	404.07	487.54
-3.039e+06	245.203	245.48	247.043	244.634	247.1	281.876	323.085	368.548	297.401	374.759	452.839	267.83	308.575	353.505	402.97	321.754	404.864	488.448
-3.038e+06	256.966	257.442	257.729	255.111	257.837	293.42	335.734	382.318	309.301	388.564	468.284	268.387	309.183	354.179	403.712	322.357	405.578	489.284
-3.037e+06	260.59	261.406	260.98	258.175	261.184	296.803	339.457	386.376	312.878	392.821	473.071	268.768	309.609	354.664	404.261	322.778	406.096	489.916
-3.036e+06	263.482	264.309	263.65	260.895	263.795	299.81	342.762	389.981	315.736	396.227	476.975	268.982	309.852	354.949	404.594	323.014	406.395	490.302
-3.035e+06	265.384	266.116	265.538	262.652	265.598	301.913	345.228	392.835	317.856	398.892	480.254	269.176	310.095	355.258	404.979	323.233	406.741	490.774
-3.034e+06	266.575	267.635	266.93	263.769	267.003	303.303	346.941	394.888	319.416	400.887	482.677	269.003	309.965	355.191	404.989	322.922	406.676	490.848
-3.033e+06	267.018	268.072	267.173	264.067	267.335	303.712	347.482	395.636	319.928	401.923	484.184	268.415	309.407	354.692	404.583	322.074	405.956	490.211
-3.032e+06	267.284	268.158	267.402	264.255	267.258	304.042	347.965	396.257	319.859	402.053	484.538	267.536	308.431	353.671	403.551	321.008	404.645	488.815
-3.031e+06	266.594	267.732	266.901	263.579	266.759	303.474	347.556	396.043	319.371	401.618	484.424	266.58	307.301	352.38	402.116	320.079	403.364	487.53
-3.03e+06	265.426	266.661	265.766	262.288	265.805	302.135	346.188	394.677	318.348	400.623	483.397	265.782	306.347	351.371	401.113	319.275	402.414	486.409
-3.029e+06	257.18	258.116	258.242	254.896	258.124	294.168	337.637	385.54	309.9	391.071	472.809	265.026	305.524	350.569	400.254	318.499	401.507	485.344
-3.028e+06	249.356	250.086	251.752	248.494	251.544	287.08	329.85	377.039	302.542	382.365	462.894	264.582	305.09	350.1	399.746	318.038	400.948	484.654
-3.027e+06	243.956	244.473	247.985	244.792	247.79	283.031	325.455	372.296	298.391	377.495	457.365	264.229	304.744	349.731	399.351	317.671	400.503	484.101
-3.026e+06	238.497	238.751	244.353	241.274	244.23	279.147	321.203	367.663	294.422	372.806	451.967	263.68	304.173	349.107	398.671	317.075	399.778	483.221
-3.025e+06	234.093	234.202	241.498	238.65	241.595	276.151	317.823	363.87	291.498	369.032	447.286	263.377	303.827	348.72	398.238	316.708	399.292	482.59
-3.024e+06	230.074	230.178	238.936	236.407	239.343	273.631	315.003	360.727	288.946	365.747	443.227	263.086	303.467	348.312	397.778	316.329	398.784	481.93
-3.023e+06	226.616	226.573	236.702	234.521	237.353	271.403	312.447	357.821	286.687	362.736	439.512	262.697	302.888	347.706	397.057	315.796	398.017	480.911
-3.022e+06	223.525	223.436	234.931	232.889	235.631	269.436	310.26	355.348	284.781	360.316	436.56	262.64	302.724	347.342	396.733	315.632	397.663	480.349
-3.021e+06	221.079	221.03	233.485	231.63	234.279	267.756	308.424	353.219	283.247	358.29	433.895	262.682	302.755	347.271	396.391	315.607	397.51	480.063
-3.02e+06	218.817	218.772	232.198	230.373	232.94	266.31	306.483	351.187	281.76	356.385	431.533	262.514	302.573	347.062	396.135	315.377	396.953	479.621
-3.019e+06	217.015	216.987	231.06	229.225	231.647	264.969	304.829	348.997	280.362	354.527	429.215	262.037	302.05	346.479	395.486	314.604	396.277	478.439
-3.018e+06	215.763	215.567	230.207	228.28	230.593	263.965	303.646	347.531	279.332	353.156	427.507	261.679	301.655	346.034	394.985	314.196	395.789	477.816
-3.017e+06	215.137	214.949	229.714	227.701	230.078	263.252	302.846	346.541	278.557	352.196	426.235	261.35	301.29	345.618	394.512	313.86	395.331	477.262
-3.016e+06	215.034	214.994	229.587	227.667	230.004	262.993	302.531	346.194	278.369	351.726	425.763	261.335	301.27	345.581	394.454	313.869	395.279	477.164
-3.015e+06	215.604	215.55	229.729	227.911	230.214	263.21	302.479	346.09	278.618	351.756	425.496	261.392	301.323	345.624	394.48	313.946	395.308	477.152
-3.014e+06	216.183	215.99	229.961	228.091	230.356	263.377	302.603	345.945	278.813	351.881	425.463	261.311	301.23	345.509	394.34	313.87	395.172	476.963
-3.013e+06	217.323	217.16	230.584	228.619	230.708	263.913	303.13	346.436	279.383	352.425	425.959	261.308	301.231	345.51	394.338	313.891	395.171	476.946
-3.012e+06	219.021	218.927	231.609	229.55	231.654	264.916	304.193	347.551	280.439	353.583	427.192	261.513	301.481	345.803	394.677	314.168	395.498	477.326
-3.011e+06	220.228	220.11	232.248	231.038	233.177	266.63	306.142	349.742	282.268	355.893	429.973	262.179	302.345	346.868	395.953	314.885	396.609	478.709
-3.01e+06	221.607	221.338	233.045	232.541	234.669	268.326	308.024	351.826	284.077	358.154	432.647	253.558	292.838	336.461	384.646	305.082	385.267	466.139
-3.009e+06	222.598	222.295	233.567	233.518	235.854	269.418	309.245	353.2	285.259	359.65	434.431	251.4	290.41	333.751	381.642	302.755	382.417	462.808
-3.008e+06	223.502	223.274	234.031	234.277	236.806	270.27	310.218	354.401	286.175	360.803	436.138	250.422	289.299	332.503	380.247	301.782	381.254	461.538
-3.007e+06	224.374	224.263	234.498	234.973	237.609	271.203	311.458	355.854	287.091	362.235	437.991	249.869	288.68	331.811	379.469	301.475	381.014	461.294
-3.006e+06	225.192	225.222	234.932	235.841	238.27	272.244	312.653	357.21	288.172	363.625	439.673	249.536	288.468	331.575	379.205	301.351	380.906	461.148
-3.005e+06	226.466	226.653	235.674	237.018	239.288	273.568	314.127	358.842	289.541	365.282	441.605	249.488	288.538	331.652	379.285	301.46	381.05	461.285
-3.004e+06	227.88	228.236	236.5	238.244	240.543	274.943	315.652	360.553	290.979	367.036	443.595	249.596	288.744	331.867	379.508	301.68	381.298	461.529
-3.003e+06	229.639	230.095	237.529	239.588	242.019	276.428	317.304	362.411	292.581	368.954	445.778	249.999	289.194	332.363	380.049	302.117	381.83	462.133
-3.002e+06	231.377	231.789	238.429	240.705	243.31	277.681	318.712	364.008	293.919	370.585	447.672	258.262	298.306	342.375	390.977	311.415	392.667	474.311
-3.001e+06	234.433	234.733	240.362	242.814	245.565	280.016	321.29	366.859	296.354	373.482	450.995	261.791	302.379	346.888	395.945	315.348	397.381	480.164
-3e+06	237.562	237.658	242.222	244.919	247.655	282.417	323.976	369.753	298.698	376.345	454.589	264.05	304.745	349.538	398.9	317.976	400.542	483.624
-2.999e+06	241.575	241.702	244.955	248.111	250.648	285.996	327.955	374.134	302.277	380.728	459.735	266.6	307.715	352.855	402.57	320.706	403.757	487.436
-2.998e+06	245.249	245.718	247.486	250.28	252.71	288.43	330.684	377.143	304.783	383.693	463.136	268.238	309.359	354.639	404.541	322.478	405.815	489.802
-2.997e+06	255.834	256.571	257.071	258.993	261.551	298.024	341.189	388.577	314.612	394.982	475.683	268.64	309.703	354.94	404.791	322.722	405.875	489.622
-2.996e+06	259.87	260.86	260.349	261.655	264.37	300.969	344.426	392.134	317.556	398.324	479.438	268.932	310.002	355.261	405.132	322.861	405.998	489.608
-2.995e+06	261.55	262.495	261.814	262.456	265.448	302.006	345.74	393.803	318.719	399.989	481.506	269.346	310.463	355.787	405.728	323.267	406.496	490.126
-2.994e+06	261.975	263.163	262.36	262.635	265.492	302.291	346.138	394.286	318.672	400.07	481.795	269.36	310.498	355.865	405.854	323.27	406.533	490.17
-2.993e+06	262.519	263.622	262.75	262.778	265.538	302.474	346.369	394.577	318.728	400.135	481.889	269.007	310.109	355.455	405.426	322.835	406.025	489.568
-2.992e+06	263.123	264.069	263.241	262.914	265.679	302.66	346.61	394.886	318.816	400.251	482.036	268.699	309.752	355.061	404.996	322.434	405.526	488.95
-2.991e+06	263.84	264.846	263.799	263.171	265.909	302.916	346.86	395.13	318.961	400.313	482.012	268.167	309.147	354.389	404.256	321.783	404.737	488.004
-2.99e+06	264.053	265.225	264.05	263.168	265.88	302.925	346.874	395.145	318.882	400.169	481.808	267.282	308.146	353.28	403.035	320.733	403.493	486.548
-2.989e+06	265.026	266.382	265.042	264	266.681	303.809	347.806	396.124	319.704	401.01	482.655	266.86	307.663	352.742	402.441	320.223	402.882	485.815
-2.988e+06	266.561	267.924	266.418	265.269	267.924	305.194	349.314	397.762	321.045	402.521	484.312	266.737	307.518	352.583	402.267	320.062	402.688	485.563
-2.987e+06	267.737	268.982	267.362	266.136	268.805	306.224	350.502	399.125	322.044	403.76	485.782	266.509	307.266	352.317	401.989	319.796	402.391	485.217
-2.986e+06	269.715	270.758	269.091	267.783	270.543	308.106	352.666	401.537	323.969	406.04	488.391	267.003	307.855	353.021	402.82	320.398	403.185	486.166
-2.985e+06	268.967	269.819	268.379	266.622	269.679	307.192	352.086	401.413	323.358	406.007	488.99	266.877	307.823	353.11	403.053	320.346	403.318	486.417
-2.984e+06	266.765	267.872	266.458	264.376	267.414	304.817	349.616	398.931	320.921	403.468	486.317	265.904	306.868	352.2	402.213	319.197	402.098	485.077
-2.983e+06	252.14	253.124	253.976	252.04	254.74	291.484	335.273	383.6	306.993	387.707	469.052	264.609	305.524	350.804	400.717	317.584	400.187	482.967
-2.982e+06	241.13	241.779	246.155	244.567	246.989	283.28	326.322	373.896	298.571	377.855	457.84	263.32	304.161	349.295	399.037	316.008	398.511	481.286
-2.981e+06	233.696	234.193	241.377	240.061	242.357	278.107	320.427	367.232	293.229	371.14	449.684	262.008	302.726	347.682	397.189	314.54	396.796	479.312
-2.98e+06	227.772	228.031	237.694	236.536	238.742	274.054	315.858	362.114	289.158	366.051	443.581	251.162	290.602	334.244	382.413	302.217	382.17	462.584
-2.979e+06	224.755	224.979	235.668	234.691	236.772	271.738	312.981	358.646	286.781	362.687	439.438	248.276	287.246	330.381	378.042	298.873	377.95	457.441
-2.978e+06	223.006	223.177	234.399	233.468	235.488	270.23	311.163	356.56	285.365	360.579	436.934	246.73	285.388	328.205	375.528	297.125	375.582	454.462
-2.977e+06	222.406	222.585	233.918	232.988	234.833	269.412	310.035	355.14	284.695	359.483	435.003	245.744	284.128	326.671	373.711	295.956	373.934	452.335
-2.976e+06	222.326	222.507	233.709	232.669	234.522	269.093	309.509	354.231	284.296	358.952	434.098	251.162	289.998	332.985	380.454	302.053	380.846	459.953
-2.975e+06	223.779	224.047	234.378	233.17	235.158	269.483	309.862	354.407	284.652	359.116	434.093	254.954	294.2	337.571	385.431	306.374	385.737	465.348
-2.974e+06	225.992	226.237	235.477	234.175	236.12	270.343	310.593	355.083	285.685	359.908	434.685	256.179	295.665	339.093	386.992	307.876	387.131	466.703
-2.973e+06	229.189	229.422	237.208	235.787	237.549	272.007	312.239	356.656	287.389	361.651	436.396	257.661	297.214	340.713	388.668	309.394	388.723	468.417
-2.972e+06	232.684	232.92	239.126	237.557	239.339	273.925	314.26	358.752	289.204	363.616	438.556	259.042	298.687	342.301	390.367	310.817	390.4	470.239
-2.971e+06	234.503	234.754	240.128	238.28	240.265	274.763	315.255	359.906	290.264	365.005	440.189	260.182	299.935	343.683	391.887	311.963	391.884	471.921
-2.97e+06	235.715	235.97	240.827	238.904	240.9	275.447	316.003	360.754	291.018	365.921	441.259	260.996	300.858	344.744	393.095	312.829	393.038	473.287
-2.969e+06	236.559	236.821	241.342	239.347	241.345	275.968	316.614	361.472	291.572	366.627	442.12	261.58	301.523	345.524	394.002	313.508	393.875	474.297
-2.968e+06	237.181	237.505	241.764	239.682	241.702	276.349	317.055	362.004	292.006	367.161	442.757	262.114	302.031	346.097	394.674	314.11	394.559	475.075
-2.967e+06	240.413	240.791	243.773	241.638	243.635	278.333	319.04	363.966	293.986	369.113	444.631	262.749	302.652	346.764	395.404	314.88	395.388	475.969
-2.966e+06	249.01	249.466	250.689	248.467	250.539	285.757	327.053	372.552	301.594	377.71	454.048	263.401	303.324	347.491	396.202	315.731	396.317	476.983
-2.965e+06	257.751	258.35	258.193	255.687	257.974	293.78	335.911	382.272	309.836	387.383	464.954	263.995	303.991	348.224	397.003	316.596	397.31	478.112
-2.964e+06	261.706	262.428	261.844	259.154	261.7	297.605	340.106	386.873	313.761	392.084	470.265	264.502	304.71	349.039	397.84	317.31	398.157	479.111
-2.963e+06	264.325	265.134	264.315	261.589	264.013	300.413	343.312	390.497	316.483	395.393	474.271	264.904	305.208	349.659	398.602	317.747	398.796	479.904
-2.962e+06	266.551	267.231	266.479	263.539	266.108	302.723	345.96	393.473	318.795	398.208	477.602	264.888	305.276	349.844	398.927	317.592	398.783	479.937
-2.961e+06	267.214	268.231	267.191	264.095	266.93	303.496	347.125	395.107	319.827	399.867	479.855	264.634	305.042	349.657	398.802	317.032	398.141	479.167
-2.96e+06	267.643	268.543	267.474	264.431	267.004	303.957	347.646	395.702	319.93	400.332	480.609	264.478	304.891	349.519	398.69	316.69	397.631	478.927
-2.959e+06	267.37	268.268	267.259	264.027	266.678	303.73	347.629	395.92	319.672	400.132	480.797	264.381	304.769	349.355	398.519	316.606	397.523	478.811
-2.958e+06	266.638	267.805	266.518	263.091	266.102	302.817	346.776	395.173	319.037	399.623	480.328	264.337	304.652	349.194	398.334	316.564	397.455	478.695
-2.957e+06	266.972	267.974	266.656	263.116	265.982	302.832	346.765	395.116	318.795	399.36	479.866	264.546	304.803	349.339	398.483	316.847	397.777	479.028
-2.956e+06	267.159	268.012	266.968	263.227	265.86	303.009	347.02	395.457	318.568	399.172	479.948	264.876	305.074	349.575	398.689	317.268	398.166	479.346
-2.955e+06	270.815	271.724	270.551	266.708	269.289	306.428	350.319	398.571	321.859	402.155	482.529	265.644	305.815	350.359	399.52	318.111	398.95	480.022
-2.954e+06	275.698	276.592	275.34	271.381	273.922	311.355	355.478	403.871	326.789	407.473	488.086	267.023	307.238	351.867	401.003	319.561	400.387	481.39
-2.953e+06	280.542	281.461	280.135	275.93	278.546	316.318	360.802	409.718	331.833	413.257	494.531	269.033	309.417	354.147	403.407	321.733	402.72	483.833
-2.952e+06	285.223	286.159	284.768	280.376	283.066	321.141	366.077	415.397	336.698	418.799	500.537	270.74	311.385	356.364	405.835	323.7	405.019	486.438
-2.951e+06	285.525	286.693	285.186	280.74	283.397	322.061	367.512	417.672	337.697	420.982	503.874	271.695	312.518	357.766	407.473	324.862	406.506	488.254
-2.95e+06	284.552	285.775	284.201	279.702	282.652	321.339	367.159	417.519	336.769	420.59	504.126	272.228	313.202	358.537	408.56	325.517	407.453	489.504
-2.949e+06	282.757	283.833	282.249	277.806	280.887	319.455	365.4	416.012	335.195	418.998	502.585	272.322	313.376	358.67	408.826	325.631	407.695	489.883
-2.948e+06	280.689	281.892	280.316	276.035	278.895	317.55	363.337	413.856	333.084	416.948	500.576	272.425	313.524	358.882	408.92	325.714	407.833	490.071
-2.947e+06	280.708	282.117	280.432	276.396	279.179	317.741	363.329	413.554	332.838	416.232	499.321	272.548	313.67	359.068	409.019	325.792	407.915	490.146
-2.946e+06	281.705	283.155	281.463	277.494	280.259	318.878	364.51	414.762	333.894	417.276	500.327	272.802	313.943	359.375	409.361	325.999	408.119	490.328
-2.945e+06	283.207	284.631	282.937	279.034	281.772	320.47	366.153	416.439	335.456	418.816	501.851	272.968	314.112	359.553	409.554	326.098	408.183	490.341
-2.944e+06	285.044	286.396	284.697	280.855	283.572	322.412	368.222	418.625	337.374	420.867	504.033	273.096	314.264	359.737	409.779	326.189	408.286	490.441
-2.943e+06	283.969	285.384	283.675	279.827	282.599	321.675	367.85	418.685	336.659	420.752	504.592	272.928	314.123	359.637	409.734	325.99	408.121	490.301
-2.942e+06	281.966	283.385	281.608	277.821	280.728	319.697	365.971	416.934	334.428	418.554	502.459	272.383	313.602	359.159	409.317	325.412	407.581	489.793
-2.941e+06	278.818	279.971	278.192	274.411	277.525	316.219	362.48	413.488	331.151	414.948	498.991	271.45	312.669	358.249	408.449	324.343	406.57	488.758
-2.94e+06	275.164	276.129	274.433	270.673	273.664	312.248	358.268	409.057	327.161	410.481	493.919	270.14	311.355	356.958	407.206	322.783	404.96	487.016
-2.939e+06	268.24	269.212	268.501	264.836	267.476	305.881	351.292	401.451	320.287	402.457	484.882	268.478	309.592	355.067	405.241	320.722	402.574	484.256
-2.938e+06	255.678	256.513	257.682	254.416	256.721	294.195	338.312	387.147	308.274	388.129	468.422	266.999	307.929	353.169	403.121	318.936	400.327	481.825
-2.937e+06	248.305	248.992	252.139	249.434	251.393	288.542	331.951	380.028	302.509	381.087	460.005	265.762	306.561	351.62	401.352	317.538	398.621	479.807
-2.936e+06	242.217	242.599	247.709	245.512	247.386	284.126	327.011	374.523	298.044	375.61	453.425	264.726	305.437	350.421	400.038	316.391	397.251	478.187
-2.935e+06	235.772	236.065	243.354	241.614	243.487	279.764	322.171	369.181	293.7	370.305	447.324	263.65	304.27	349.176	398.718	315.168	395.825	476.498
-2.934e+06	229.466	229.521	239.382	237.896	239.712	275.547	317.437	363.915	289.473	365.11	441.476	253.469	292.938	336.674	385.022	303.672	382.171	461.016
-2.933e+06	225.583	225.584	236.791	235.523	237.268	272.744	314.131	360.003	286.69	361.269	436.637	250.328	289.312	332.533	380.334	300.102	377.633	455.507
-2.932e+06	222.391	222.342	234.578	233.462	235.111	270.213	311.222	356.717	284.343	358.224	432.471	248.396	286.977	329.777	377.131	297.828	374.606	451.733
-2.931e+06	222.567	222.504	234.327	233.222	234.785	269.537	310.093	355.091	283.726	356.987	430.22	247.221	285.505	327.972	374.954	296.381	372.688	449.378
-2.93e+06	224.26	224.167	234.849	233.713	235.356	269.873	310.213	354.951	284.104	357.001	429.94	255.745	294.805	338.05	385.805	305.92	383.553	461.323
-2.929e+06	226.225	226.073	235.724	234.501	235.982	270.646	310.842	355.382	284.876	357.732	430.548	257.467	296.512	339.72	387.754	307.836	385.566	463.39
-2.928e+06	228.126	228.029	236.607	235.164	236.805	271.434	311.63	356.106	285.6	358.361	431.261	258.558	297.657	341.022	389.213	309.175	387.09	465.062
-2.927e+06	226.772	226.737	235.629	234.099	235.83	270.257	310.703	355.275	284.741	357.626	430.601	259.022	298.351	341.845	390.14	309.928	388.063	466.244
-2.926e+06	224.217	224.153	234.092	232.583	234.313	268.579	308.885	353.334	283.132	355.812	428.469	259.195	298.61	342.199	390.573	310.221	388.52	466.806
-2.925e+06	221.651	221.571	232.628	231.125	232.84	266.916	307.035	351.298	281.522	353.804	426.195	259.175	298.625	342.264	390.672	310.218	388.57	466.718
-2.924e+06	218.783	218.709	230.98	229.457	231.149	265.039	304.918	348.959	279.665	351.467	423.599	258.916	298.36	342	390.394	309.831	388.11	466.085
-2.923e+06	217.579	217.508	230.289	228.724	230.368	264.107	303.673	347.425	278.706	350.028	421.695	258.67	298.083	341.698	390.046	309.393	387.533	465.63
-2.922e+06	216.899	216.914	229.892	228.241	229.847	263.518	302.752	346.448	278.12	349.208	420.541	258.473	297.854	341.437	389.733	309.006	387.005	465.234
-2.921e+06	217.957	218.044	230.586	228.822	230.402	264.064	303.089	346.616	278.693	349.668	420.728	258.741	298.147	341.759	390.07	309.157	387.304	465.566
-2.92e+06	219.622	219.69	231.505	229.641	231.062	264.916	303.972	347.308	279.593	350.605	421.666	258.979	298.427	342.087	390.413	309.398	387.66	465.945
-2.919e+06	220.995	221.057	232.235	231.233	232.657	266.74	306.049	349.612	281.546	353.058	424.567	259.751	299.334	343.175	391.665	310.685	389.411	468.06
-2.918e+06	222.392	222.535	233.014	232.74	234.341	268.386	307.885	351.635	283.354	355.26	427.167	255.624	294.963	338.575	386.894	306.414	384.632	462.765
-2.917e+06	223.455	223.734	233.658	233.81	235.705	269.607	309.476	353.619	284.684	357	429.738	250.563	289.306	332.308	379.987	300.636	377.763	454.932
-2.916e+06	224.198	224.634	234.075	234.597	236.587	270.701	310.879	355.215	285.672	358.629	431.755	249.398	287.954	330.786	378.275	299.376	376.192	453.074
-2.915e+06	226.482	226.936	235.337	236.422	238.183	272.7	313.02	357.499	287.712	360.98	434.332	249.071	287.504	330.256	377.648	299.08	375.915	452.819
-2.914e+06	229.314	229.737	236.902	238.505	240.16	274.992	315.509	360.219	290.096	363.79	437.46	250.247	288.733	331.521	378.928	300.554	377.495	454.428
-2.913e+06	233.412	233.767	239.324	241.342	243.121	278.066	318.837	363.842	293.349	367.544	441.603	259.357	298.928	342.805	391.322	310.885	389.76	468.405
-2.912e+06	237.814	238.04	241.901	244.212	246.204	281.245	322.353	367.74	296.707	371.524	446.149	261.877	301.73	345.896	394.688	313.628	393.198	472.401
-2.911e+06	240.487	240.54	243.454	246.01	248.175	283.414	324.943	370.821	299.031	374.652	450.08	263.629	303.739	348.201	397.351	315.871	395.828	475.295
-2.91e+06	242.309	242.449	244.698	246.707	248.8	284.216	325.839	371.826	299.77	375.576	451.222	264.511	304.759	349.359	398.649	316.546	396.659	476.476
-2.909e+06	241.972	242.285	244.584	245.802	247.835	283.33	324.973	370.952	298.816	374.666	450.37	264.52	304.734	349.297	398.54	316.424	396.367	475.969
-2.908e+06	240.949	241.469	244.184	244.836	246.863	282.317	323.921	369.794	297.74	373.448	449.02	264.684	304.895	349.455	398.686	316.55	396.424	475.888
-2.907e+06	240.444	241.053	244.047	244.288	246.307	281.683	323.195	368.968	297.064	372.52	447.824	264.837	305.049	349.608	398.832	316.671	396.483	475.87
-2.906e+06	240.172	240.698	243.896	243.726	245.782	281.098	322.543	368.25	296.481	371.777	446.907	264.902	305.107	349.66	398.871	316.699	396.444	475.758
-2.905e+06	241.486	241.932	244.677	244.165	246.232	281.386	322.723	368.41	296.862	371.939	446.833	265.009	305.206	349.75	398.945	316.77	396.446	475.688
-2.904e+06	243.412	243.844	245.812	245.075	247.076	282.302	323.645	369.382	297.756	372.825	447.697	265.206	305.399	349.937	399.118	316.938	396.549	475.728
-2.903e+06	245.54	245.96	247.064	246.099	248.042	283.383	324.772	370.537	298.789	373.9	448.808	265.339	305.536	350.078	399.259	317.053	396.624	475.768
-2.902e+06	255.204	255.692	255.788	254.554	256.625	292.687	334.941	381.573	308.32	384.845	461.002	265.407	305.608	350.156	399.339	317.104	396.64	475.759
-2.901e+06	259.46	260.053	259.435	257.826	260.087	296.342	338.996	386.033	312.02	389.237	465.951	265.446	305.646	350.194	399.375	317.121	396.618	475.708
-2.9e+06	262.206	262.671	261.743	259.747	262.241	298.486	341.373	388.656	314.232	391.806	468.81	265.552	305.766	350.33	399.525	317.223	396.708	475.791
-2.899e+06	263.258	264.013	262.812	260.721	263.066	299.703	342.858	390.432	315.249	393.245	470.839	265.587	305.822	350.413	399.637	317.261	396.754	475.849
-2.898e+06	263.962	264.708	263.309	261.238	263.51	300.365	343.681	391.426	315.844	394.065	471.904	265.408	305.656	350.266	399.513	317.074	396.565	475.664
-2.897e+06	262.725	263.357	262.729	260.291	262.848	299.521	342.978	390.901	315.187	393.628	471.616	265.097	305.355	349.983	399.255	316.752	396.239	475.337
-2.896e+06	251.365	251.951	252.482	249.92	252.362	288.145	330.585	377.48	303.468	380.092	456.459	264.65	304.926	349.583	398.894	316.303	395.807	474.919
-2.895e+06	245.699	246.015	248.175	245.785	248.113	283.654	325.736	372.281	298.824	374.746	450.518	263.959	304.225	348.883	398.203	315.576	395.047	474.119
-2.894e+06	240.521	240.683	244.656	242.449	244.704	279.991	321.755	367.979	295.093	370.374	445.542	263.15	303.378	348.006	397.303	314.7	394.086	473.01
-2.893e+06	235.689	235.818	241.465	239.528	241.755	276.672	318.075	363.922	291.744	366.212	440.681	262.205	302.36	346.917	396.146	313.646	392.877	471.499
-2.892e+06	231.022	231.138	238.604	236.857	239.057	273.572	314.671	360.153	288.653	362.354	436.259	261.315	301.387	345.86	395.003	312.642	391.697	470.009
-2.891e+06	227.476	227.5	236.49	234.913	237.018	271.21	312.056	357.159	286.281	359.191	432.64	260.081	300.021	344.357	393.357	311.238	390.03	468.02
-2.89e+06	224.49	224.59	234.81	233.343	235.352	269.438	309.968	354.794	284.449	356.854	429.814	250.029	288.788	331.896	379.63	299.765	376.428	452.529
-2.889e+06	222.657	222.704	233.786	232.37	234.283	268.278	308.434	353.017	283.224	355.153	427.574	247.581	285.945	328.643	375.939	296.948	372.865	448.264
-2.888e+06	221.352	221.369	233.131	231.657	233.493	267.442	307.227	351.656	282.357	354.01	425.94	246.236	284.348	326.755	373.737	295.345	370.774	445.75
-2.887e+06	221.032	221.096	232.955	231.425	233.166	267.098	306.741	350.769	281.987	353.38	424.842	245.3	283.226	325.423	372.168	294.252	369.456	444.234
-2.886e+06	221.251	221.138	233.003	232.065	233.666	267.807	307.521	351.583	282.742	354.267	425.819	245.349	283.206	325.336	372.025	294.468	369.725	444.551
-2.885e+06	221.676	221.488	233.187	233.07	234.588	268.962	308.806	352.944	283.971	355.777	427.41	245.953	283.882	326.057	372.79	295.235	370.758	445.859
-2.884e+06	222.134	221.906	233.377	233.878	235.454	269.804	309.689	353.857	284.894	356.798	428.736	246.371	284.287	326.468	373.223	295.806	371.494	446.73
-2.883e+06	222.65	222.399	233.643	234.566	236.312	270.533	310.48	354.853	285.686	357.713	430.214	246.789	284.71	326.911	373.694	296.429	372.172	447.499
-2.882e+06	223.331	223.054	234.054	235.261	237.189	271.285	311.455	356.123	286.489	358.941	431.769	247.313	285.268	327.515	374.352	297.132	372.954	448.384
-2.881e+06	223.793	223.48	234.355	235.751	237.805	271.931	312.455	357.263	287.118	360.128	433.192	254.518	293.232	336.264	383.916	305.367	382.499	459.087
-2.88e+06	224.022	223.647	234.491	236.131	238.13	272.547	313.172	358.074	287.741	360.976	434.13	258.348	297.528	341.081	389.501	309.728	387.612	465.35
-2.879e+06	225.665	225.236	235.451	237.45	239.22	273.958	314.65	359.615	289.175	362.551	435.632	260.295	299.768	343.639	392.348	311.868	390.283	468.419
-2.878e+06	227.792	227.321	236.642	238.975	240.527	275.638	316.476	361.59	290.895	364.55	437.749	262.133	301.76	345.756	394.59	313.947	392.58	470.685
-2.877e+06	232.911	232.469	239.673	242.329	243.773	279.172	320.16	365.401	294.457	368.387	441.775	264.175	304.078	348.387	397.556	316.117	395.041	473.818
-2.876e+06	239.007	238.621	243.287	246.258	247.714	283.433	324.742	370.298	298.782	373.295	447.233	266.39	306.551	351.125	400.544	318.382	397.823	476.993
-2.875e+06	244.033	243.8	246.468	249.739	251.253	287.35	329.114	375.148	302.79	378.137	452.899	268.505	308.961	353.853	403.563	320.861	400.788	480.422
-2.874e+06	255.061	255.143	255.999	259.531	261.288	298.234	341.083	388.221	313.964	391.156	467.601	269.646	310.309	355.436	405.371	322.472	402.828	482.716
-2.873e+06	253.739	253.964	254.619	257.388	259.3	296.224	339.273	386.691	311.878	389.391	466.232	269.583	310.24	355.36	405.32	322.229	402.564	482.355
-2.872e+06	248.13	248.377	249.552	251.43	253.23	289.674	332.116	378.925	305.037	381.404	457.251	268.953	309.573	354.658	404.576	321.438	401.595	481.248
-2.871e+06	245.508	245.714	247.719	249.104	250.722	287.158	329.411	376.029	302.372	378.371	453.929	268.346	308.934	353.985	403.916	320.734	400.737	480.262
-2.87e+06	243.141	243.292	246.277	247.288	248.833	285.197	327.308	373.79	300.323	376.015	451.311	267.868	308.426	353.457	403.258	320.094	399.955	479.357
-2.869e+06	241.657	241.613	245.29	246.022	247.503	283.76	325.689	371.984	298.798	374.109	449.046	267.373	307.898	352.891	402.627	319.422	399.121	478.375
-2.868e+06	240.378	240.149	244.424	244.88	246.31	282.485	324.272	370.42	297.456	372.465	447.117	266.778	307.273	352.24	401.929	318.672	398.228	477.351
-2.867e+06	239.361	239.068	243.684	243.887	245.26	281.339	322.959	368.93	296.244	370.911	445.235	265.943	306.388	351.306	400.918	317.669	397.056	476.021
-2.866e+06	238.602	238.305	243.17	243.107	244.373	280.443	321.937	367.775	295.302	369.706	443.774	265.225	305.59	350.423	399.929	316.758	395.918	474.658
-2.865e+06	239.518	239.215	243.688	243.348	244.491	280.555	321.89	367.541	295.339	369.44	443.163	264.729	304.995	349.716	399.104	316.056	394.949	473.409
-2.864e+06	241.038	240.678	244.533	243.855	245.101	281.081	322.379	367.965	295.683	369.679	443.345	264.472	304.653	349.275	398.553	315.62	394.278	472.474
-2.863e+06	243.978	243.613	246.205	245.176	246.573	282.321	323.564	369.035	297.102	370.894	444.285	264.321	304.417	348.938	398.104	315.296	393.73	471.663
-2.862e+06	250.654	250.421	251.361	250.143	251.586	287.578	329.086	374.858	302.525	376.83	450.619	264.241	304.273	348.718	397.796	314.861	393.186	471.057
-2.861e+06	257.544	257.495	257.762	256.196	257.867	294.484	336.902	383.643	309.662	385.514	460.706	264.029	304.019	348.414	397.437	314.599	392.65	470.263
-2.86e+06	250.789	250.792	251.073	249.252	250.947	286.873	328.608	374.665	301.863	376.57	450.666	263.788	303.76	348.136	397.139	314.352	392.368	469.76
-2.859e+06	246.137	246.132	247.628	245.619	247.308	283.098	324.719	370.693	298.036	372.521	446.516	263.679	303.667	348.062	397.089	314.273	392.311	469.707
-2.858e+06	241.642	241.63	244.972	242.965	244.517	280.289	321.76	367.577	295.048	369.238	443.068	263.487	303.489	347.902	396.951	314.103	392.15	469.541
-2.857e+06	237.202	237.16	242.389	240.516	242.038	277.598	318.778	364.332	292.326	366.105	439.447	263.116	303.096	347.487	396.516	313.705	391.684	468.996
-2.856e+06	232.269	232.225	239.399	237.647	239.137	274.352	315.137	360.314	289.114	362.199	434.795	262.385	302.278	346.576	395.508	312.871	390.666	467.786
-2.855e+06	229.861	229.75	237.962	236.289	237.714	272.651	313.006	357.7	287.373	359.679	431.389	261.942	301.752	345.956	394.785	312.332	389.943	466.86
-2.854e+06	228.657	228.451	237.331	235.593	236.978	271.827	312.033	356.519	286.514	358.506	429.819	261.721	301.636	345.794	394.571	312.216	389.719	466.511
-2.853e+06	228.547	228.271	237.222	235.409	236.75	271.51	311.563	355.868	286.16	357.828	428.821	261.465	301.355	345.452	394.16	311.933	389.303	465.956
-2.852e+06	228.885	228.653	237.304	235.421	236.656	271.456	311.432	355.642	286.097	357.588	428.418	261.286	300.865	345.116	393.761	311.653	388.904	465.436
-2.851e+06	228.18	228	236.805	234.83	236.001	270.833	310.782	354.962	285.484	356.9	427.689	261.034	300.557	344.754	393.365	311.331	388.507	464.967
-2.85e+06	227.037	226.912	236.102	234.054	235.272	269.968	309.826	353.908	284.61	355.841	426.478	260.555	300.073	344.193	392.79	310.799	387.927	464.349
-2.849e+06	225.609	225.632	235.307	233.203	234.46	269.017	308.773	352.744	283.652	354.675	425.136	259.878	299.359	343.378	391.927	310.035	387.065	463.391
-2.848e+06	224.386	224.394	234.586	232.431	233.72	268.149	307.804	351.666	282.779	353.6	423.882	259.358	298.778	342.678	391.146	309.407	386.293	462.465
-2.847e+06	224.82	224.781	234.797	232.557	233.922	268.242	307.782	351.504	282.854	353.45	423.495	259.179	298.548	342.177	390.726	309.135	385.883	461.899
-2.846e+06	226.011	225.922	235.437	233.332	234.84	269.111	308.747	352.508	283.648	354.485	424.591	259.559	298.951	342.481	391.107	309.524	386.281	462.285
-2.845e+06	227.498	227.212	236.19	235.044	236.682	270.964	311.028	355.042	285.684	357.105	427.684	260.564	300.068	344.048	392.971	310.974	388.042	464.213
-2.844e+06	229.185	228.806	237.073	236.706	238.132	272.836	313.104	357.351	287.648	359.477	430.421	261.455	301.244	345.458	394.508	311.853	389.039	465.365
-2.843e+06	230.943	230.625	238.219	238.497	239.775	274.844	315.291	359.837	289.819	362.015	433.33	262.863	302.801	347.119	396.194	313.23	390.851	467.715
-2.842e+06	232.353	232.158	239.162	239.859	241.346	276.348	316.937	361.706	291.474	363.898	435.491	263.869	303.854	348.234	397.358	314.595	392.532	469.7
-2.841e+06	234.381	234.333	240.425	241.397	243.1	277.999	318.701	363.622	293.221	365.817	437.829	264.546	304.609	349.219	398.691	315.705	393.815	471.014
-2.84e+06	236.263	236.369	241.439	242.618	244.432	279.415	320.386	365.405	294.629	367.635	440.173	265.094	305.363	350.076	399.616	316.245	394.382	471.547
-2.839e+06	239.562	239.831	243.385	244.952	246.609	281.979	323.138	368.345	297.028	370.574	443.425	266.103	306.471	351.285	400.916	317.026	395.276	472.786
-2.838e+06	243.673	244.103	245.932	247.912	249.368	285.232	326.684	372.211	300.337	374.417	447.769	267.487	307.99	352.946	402.709	318.333	397.008	474.803
-2.837e+06	255.578	256.171	256.302	257.908	259.343	296.239	338.729	385.327	311.624	387.41	462.277	268.296	308.808	353.772	403.526	319.143	397.837	475.641
-2.836e+06	261.25	261.984	261.014	261.922	263.41	300.627	343.493	390.51	316.03	392.329	467.723	268.579	309.045	353.953	403.632	319.303	397.781	475.373
-2.835e+06	264.736	265.695	264.289	264.768	266.19	303.781	346.96	394.318	319.147	395.91	471.739	269.055	309.526	354.432	404.095	319.777	398.206	475.745
-2.834e+06	268.023	268.796	267.437	267.325	268.922	306.682	350.162	397.819	322.013	399.185	475.398	269.608	310.104	355.032	404.707	320.345	398.774	476.309
-2.833e+06	269.809	270.809	269.185	268.557	270.468	308.23	352.139	400.302	323.741	401.465	478.237	270.234	310.793	355.786	405.473	321.026	399.527	477.126
-2.832e+06	270.526	271.549	269.815	268.959	270.893	308.636	352.545	400.844	324.104	402.085	479.035	269.995	310.551	355.546	405.124	320.761	399.231	476.813
-2.831e+06	270.727	271.597	269.963	268.817	270.528	308.596	352.618	400.932	323.642	401.723	478.774	269.436	309.952	354.91	404.514	320.132	398.512	476.016
-2.83e+06	270.712	271.832	269.944	268.679	270.348	308.554	352.677	401.11	323.421	401.568	478.812	269.041	309.575	354.425	404.178	319.757	398.07	475.509
-2.829e+06	271.338	272.484	270.37	269.035	270.872	308.998	353.246	401.859	323.907	402.111	479.419	269.064	309.516	354.452	404.294	319.788	398.065	475.458
-2.828e+06	272.39	273.276	271.314	269.624	271.677	309.691	354.071	402.901	324.728	403.065	480.509	269.422	309.912	354.893	404.758	320.102	398.389	475.782
-2.827e+06	272.669	273.366	271.551	269.446	271.737	309.535	353.985	402.946	324.775	403.204	480.757	269.377	309.878	354.866	404.724	319.981	398.224	475.573
-2.826e+06	272.516	273.359	271.498	269.209	271.467	309.294	353.656	402.439	324.472	402.874	480.272	269.081	309.578	354.561	404.389	319.599	397.779	475.071
-2.825e+06	270.577	271.698	269.684	267.417	269.48	307.551	351.998	400.878	322.397	400.735	478.059	268.436	308.907	353.863	403.615	318.852	396.939	474.152
-2.824e+06	262.305	263.359	262.322	260.221	261.959	299.768	343.626	391.964	313.996	391.16	467.894	267.752	308.201	353.101	402.777	318.078	396.08	473.221
-2.823e+06	252.58	253.352	254.153	252.292	253.898	291.023	334.049	381.55	305.038	380.687	456.05	266.878	307.288	352.104	401.68	317.099	394.983	472.02
-2.822e+06	245.684	246.327	249.21	247.565	249.135	285.796	328.304	375.275	299.783	374.447	448.835	265.749	306.08	350.769	400.194	315.826	393.521	470.385
-2.821e+06	240.182	240.624	245.52	244.038	245.534	281.763	323.777	370.228	295.73	369.476	442.935	264.748	304.99	349.581	398.848	314.677	392.161	468.82
-2.82e+06	235.51	235.671	242.451	241.119	242.534	278.472	320.029	366.058	292.438	365.623	438.19	263.92	304.084	348.602	397.77	313.719	391.006	467.464
-2.819e+06	230.685	230.791	239.259	238.123	239.518	275.084	316.219	361.735	289.187	361.676	433.327	262.813	302.858	347.262	396.314	312.442	389.468	465.659
-2.818e+06	225.891	225.951	236.234	235.336	236.663	271.825	312.496	357.576	286.005	357.807	428.684	261.627	301.551	345.834	394.767	311.038	387.863	463.786
-2.817e+06	220.657	220.642	233.135	232.356	233.504	268.475	308.659	353.161	282.577	353.666	423.834	250.501	289.176	332.172	379.789	298.418	373.152	447.117
-2.816e+06	215.908	215.861	230.628	229.839	230.868	265.688	305.531	349.636	279.735	350.188	419.757	247.456	285.709	328.258	375.403	295.006	368.945	442.129
-2.815e+06	212.174	212.085	228.579	227.767	228.904	263.36	302.875	346.564	277.276	347.144	416.03	245.339	283.251	325.453	372.241	292.645	365.982	438.587
-2.814e+06	207.676	207.569	225.87	225.698	226.702	260.794	300.153	343.503	274.782	344.195	412.601	243.172	280.811	322.7	369.11	290.265	363.157	435.401
-2.813e+06	204.989	204.742	223.722	224.219	225.074	258.956	297.832	340.736	272.924	341.567	409.351	240.932	278.198	319.696	365.67	287.909	360.346	432.08
-2.812e+06	203.612	203.283	222.068	223.219	224.072	257.746	296.106	338.871	271.719	339.843	407.252	239.36	276.35	317.47	362.919	286.117	358.138	429.483
-2.811e+06	203.191	202.745	221.21	222.744	223.613	257.147	295.235	337.591	271.154	338.708	406.09	238.548	275.367	316.303	361.52	285.173	356.91	427.998
-2.81e+06	202.835	202.399	220.257	222.045	223.067	256.463	294.426	336.544	270.503	337.833	404.773	237.61	274.354	315.142	360.215	284.021	355.718	426.622
-2.809e+06	199.945	199.513	217.471	219.615	220.526	253.542	291.311	333.083	267.553	334.5	400.772	234.986	271.407	311.921	356.637	281.187	352.27	422.713
-2.808e+06	198.111	197.534	215.866	218.225	218.975	251.842	289.228	330.899	265.861	332.466	398.384	233.632	269.655	309.836	354.387	279.67	350.098	420.398
-2.807e+06	197.548	197.047	215.008	217.659	218.273	251.182	288.35	329.591	265.242	331.303	397.137	233.016	268.957	308.924	353.164	278.981	349.213	418.929
-2.806e+06	197.075	196.442	214.199	216.909	217.602	250.327	287.423	328.476	264.49	330.256	395.754	232.27	268.031	307.982	352.071	278.103	348.233	417.693
-2.805e+06	197.904	197.375	214.089	216.971	217.584	250.143	287.042	328.064	264.254	329.963	394.986	231.789	267.367	306.987	350.967	277.555	347.187	416.65
-2.804e+06	198.937	198.428	213.718	216.884	217.315	249.979	286.697	327.399	264.121	329.599	394.46	231.13	266.561	305.993	349.649	276.777	346.103	415.19
-2.803e+06	203.376	202.732	215.569	218.846	219.304	251.995	288.746	329.412	266.219	331.523	396.528	231.407	266.818	306.218	349.828	277.089	346.386	415.154
-2.802e+06	208.875	208.243	217.989	221.369	221.865	254.709	291.652	332.497	269.052	334.693	399.62	232.046	267.447	306.826	350.404	277.768	347.041	415.766
-2.801e+06	216.345	215.828	222.564	226.088	226.756	259.96	297.466	338.892	274.53	341.207	407.045	234.623	270.333	310.036	353.953	280.778	350.662	419.956
-2.8e+06	223.728	223.464	227.215	230.966	231.547	265.381	303.467	345.495	280.152	347.864	414.64	237.212	273.202	313.21	357.468	283.784	354.15	423.783
-2.799e+06	229.071	228.965	231.978	235.973	236.905	271.386	310.599	353.867	286.5	356.179	424.909	251.621	289.322	331.143	377.305	300.346	373.721	446.147
-2.798e+06	232.404	232.465	235.729	239.833	241.072	275.932	315.911	360.021	291.255	362.312	432.464	257.426	295.95	338.662	385.775	307.088	382.011	455.894
-2.797e+06	234.659	234.752	237.734	241.905	243.212	278.269	318.541	362.968	293.616	365.102	435.77	260.311	299.216	342.347	389.927	310.4	385.862	460.387
-2.796e+06	237.065	237.259	239.619	243.898	245.271	280.56	321.167	365.924	295.956	368.025	439.156	262.919	302.196	345.723	393.708	313.229	389.401	464.595
-2.795e+06	241.843	241.953	243.362	247.729	249.236	284.821	325.91	371.238	300.297	373.062	444.834	266.283	306.048	350.125	398.732	317.207	394.15	469.916
-2.794e+06	246.337	246.573	246.958	251.321	252.869	288.841	330.386	376.198	304.364	377.923	450.714	269.157	309.342	353.866	402.923	320.34	397.943	474.523
-2.793e+06	254.719	255.102	254.498	259.094	260.758	297.531	340.022	386.7	313.306	388.584	462.814	270.807	311.296	356.177	405.675	322.408	400.572	477.522
-2.792e+06	262.903	263.409	262.054	266.813	268.715	306.208	349.739	397.353	322.031	398.883	474.821	272.651	313.423	358.603	408.363	324.24	403.001	480.448
-2.791e+06	266.078	266.721	264.995	269.877	271.951	309.82	353.985	402.167	325.612	403.424	480.244	273.748	314.752	360.232	410.403	325.791	404.951	482.724
-2.79e+06	268.365	268.932	267.335	272.266	274.268	312.567	357.096	405.662	328.145	406.556	484.1	274.611	315.791	361.45	411.859	326.745	406.197	484.284
-2.789e+06	269.265	270.132	268.206	273.24	275.549	313.857	358.795	407.935	329.617	408.503	486.387	275.161	316.504	362.332	412.834	326.946	406.766	485.3
-2.788e+06	270.081	270.709	269.099	274.082	276.265	314.865	359.951	409.262	330.416	409.56	487.698	275.434	316.876	362.872	413.635	327.398	407.44	486.148
-2.787e+06	271.178	271.782	270.149	275.215	277.219	316.142	361.383	410.821	331.354	410.79	489.109	275.344	316.782	362.808	413.66	327.551	407.562	486.102
-2.786e+06	272.208	273.114	271.15	276.311	278.512	317.416	362.917	412.711	332.699	412.382	490.875	275.371	316.791	362.816	413.701	327.791	407.64	486.03
-2.785e+06	273.45	274.493	272.161	277.385	279.9	318.655	364.38	414.588	334.202	414.195	492.857	275.707	317.259	363.35	414.192	328.104	407.881	486.345
-2.784e+06	274.58	275.579	273.13	277.038	279.492	318.204	363.825	413.965	333.632	413.306	491.577	274.676	316.022	361.904	412.526	326.655	405.929	484.003
-2.783e+06	274.803	275.724	273.317	276.317	278.678	317.458	363.058	413.193	332.669	412.177	490.296	273.899	315.074	360.777	411.235	325.51	404.413	482.105
-2.782e+06	274.787	275.477	273.273	275.512	277.795	316.587	362.12	412.198	331.591	410.861	488.766	273.298	314.338	359.893	410.19	324.546	403.161	480.504
-2.781e+06	274.171	274.596	272.626	274.337	276.547	315.343	360.813	410.843	330.16	409.2	486.908	272.812	313.732	359.155	409.307	323.643	401.922	478.866
-2.78e+06	273.201	273.657	271.961	273.169	275.318	314.082	359.459	409.406	328.724	407.49	484.951	272.39	313.262	358.604	408.628	323.16	401.222	477.855
-2.779e+06	268.702	269.256	268.176	269.015	271.045	309.623	354.701	404.369	324.047	402.223	479.188	271.889	312.616	357.835	407.783	322.576	400.417	476.833
-2.778e+06	259.283	259.626	259.459	260.13	261.843	299.706	343.709	392.284	313.85	390.275	465.572	271.509	312.184	357.349	407.243	322.018	399.676	475.935
-2.777e+06	254.859	255.03	255.671	256.33	257.907	295.422	338.923	386.982	309.672	385.303	459.859	270.949	311.563	356.665	406.492	321.149	398.622	474.821
-2.776e+06	251.187	251.362	252.922	253.546	254.845	292.215	335.262	382.896	306.491	381.482	455.373	270.405	310.946	355.968	405.711	320.396	397.487	473.359
-2.775e+06	249.238	249.27	251.273	251.817	252.877	290.13	332.765	379.946	304.262	378.548	451.684	269.756	310.194	355.103	404.723	319.602	396.423	471.984
-2.774e+06	248.156	248.015	250.083	250.541	251.603	288.613	330.977	377.852	302.671	376.465	449.092	269.229	309.572	354.366	403.86	318.937	395.5	470.842
-2.773e+06	250.011	249.894	250.807	251.164	252.171	288.974	331.022	377.521	302.974	376.293	448.418	268.736	309.022	353.776	403.168	318.451	394.771	469.887
-2.772e+06	257.708	257.682	257.104	257.15	258.212	295.351	337.761	384.581	309.453	383.254	455.741	268.664	308.776	353.327	402.558	318.208	394.329	469.243
-2.771e+06	265.515	265.642	263.847	263.47	264.681	302.238	345.222	392.621	316.457	391.095	464.363	268.657	308.741	353.249	402.422	318.07	394.076	468.862
-2.77e+06	269.107	269.239	267.31	266.63	267.763	305.622	348.817	396.41	319.833	394.785	468.326	268.411	308.491	352.993	402.16	317.728	393.681	468.401
-2.769e+06	270.389	270.772	268.654	267.663	268.873	306.964	350.502	398.474	321.191	396.665	470.731	267.96	308.031	352.524	401.686	317.185	393.083	467.745
-2.768e+06	271.043	271.377	269.128	267.794	269.339	307.191	350.848	398.98	321.628	397.301	471.567	267.366	307.394	351.842	400.958	316.466	392.243	466.783
-2.767e+06	269.995	270.377	268.244	266.618	268.222	306.121	349.908	398.175	320.396	396.174	470.531	266.715	306.694	351.089	400.149	315.69	391.332	465.733
-2.766e+06	267.706	268.313	266.615	264.953	266.312	304.404	348.147	396.395	318.289	394.097	468.578	266.061	305.977	350.306	399.296	314.905	390.388	464.627
-2.765e+06	257.33	257.737	256.87	255.189	256.42	293.561	336.183	383.285	307.163	381.1	453.899	265.647	305.504	349.767	398.683	314.154	389.693	463.759
-2.764e+06	253.899	254	253.853	252.243	253.414	290.259	332.504	379.205	303.769	376.973	449.089	265.42	305.219	349.414	398.252	313.83	389.147	463.076
-2.763e+06	252.327	252.278	252.376	250.871	252.03	288.648	330.629	377.043	302.117	374.88	446.491	265.3	305.045	349.177	397.941	313.665	388.526	462.531
-2.762e+06	251.245	251.216	251.395	249.875	251.056	287.561	329.374	375.595	301.151	373.662	444.884	265.22	304.911	348.978	397.666	313.538	388.283	461.73
-2.761e+06	251.52	251.438	251.383	249.725	251.056	287.438	329.101	375.144	301.05	373.275	444.199	265.272	304.911	348.915	397.526	313.545	388.179	461.457
-2.76e+06	252.408	252.232	251.764	249.998	251.415	287.619	329.234	375.169	301.391	373.499	444.312	265.543	305.136	349.079	397.614	313.777	388.301	461.461
-2.759e+06	261.337	261.28	259.877	258.036	259.539	296.163	338.47	385.093	310.317	383.545	455.314	266.046	305.644	349.538	398.007	314.293	388.725	461.789
-2.758e+06	265.548	265.74	263.601	261.4	263.133	300.05	342.69	389.655	314.035	387.735	460.168	266.567	306.111	350.001	398.414	314.989	389.391	462.43
-2.757e+06	267.515	267.895	265.442	263.003	264.837	301.932	344.802	392.011	315.808	389.796	462.653	267.206	306.759	350.641	399.087	315.634	390.079	463.178
-2.756e+06	268.927	269.28	266.679	264.278	265.951	303.331	346.352	393.721	317.091	391.357	464.39	267.699	307.311	351.252	399.758	316.143	390.656	463.85
-2.755e+06	269.171	269.492	266.969	264.445	266.124	303.614	346.809	394.39	317.366	391.899	465.193	267.981	307.646	351.645	400.212	316.437	391.014	464.302
-2.754e+06	268.52	269.132	266.84	264.032	265.884	303.121	346.317	393.935	317.075	391.673	464.883	268.088	307.776	351.8	400.394	316.523	391.11	464.438
-2.753e+06	269.363	270.044	267.609	264.49	266.552	303.606	346.793	394.336	317.628	392.098	464.899	268.182	307.884	351.922	400.53	316.587	391.166	464.511
-2.752e+06	270.554	271.266	268.662	265.437	267.571	304.683	347.939	395.548	318.65	393.19	465.941	268.363	308.076	352.123	400.739	316.736	391.298	464.645
-2.751e+06	272.542	273.254	270.573	267.318	269.436	306.617	349.925	397.574	320.523	395.11	467.897	268.741	308.476	352.545	401.18	317.097	391.663	465.026
-2.75e+06	274.77	275.498	272.769	269.456	271.565	308.883	352.329	400.052	322.752	397.536	470.521	269.109	308.865	352.953	401.607	317.447	392.013	465.389
-2.749e+06	276.329	277	274.234	270.843	272.972	310.478	354.163	402.126	324.334	399.501	472.881	269.502	309.299	353.429	402.127	317.846	392.46	465.892
-2.748e+06	277.546	277.995	275.229	271.93	273.962	311.7	355.54	403.611	325.51	400.916	474.553	269.666	309.518	353.708	402.47	318.034	392.721	466.234
-2.747e+06	277.68	277.979	275.421	272.027	273.84	311.941	355.963	404.255	325.63	401.334	475.248	269.43	309.303	353.546	402.386	317.849	392.57	466.123
-2.746e+06	277.275	277.85	275.295	271.793	273.336	311.763	355.866	404.271	325.087	400.826	474.76	269.044	308.888	353.118	401.978	317.518	392.222	465.76
-2.745e+06	277.706	278.562	276.003	272.458	273.989	312.416	356.506	404.903	325.364	400.954	475.121	268.682	308.476	352.661	401.492	317.208	391.872	465.36
-2.744e+06	278.615	279.582	277.016	273.419	274.955	313.445	357.611	406.095	326.215	401.931	476.255	268.341	308.092	352.235	401.032	316.93	391.572	465.024
-2.743e+06	278.811	279.775	277.157	273.496	275.11	313.634	357.982	406.668	326.448	402.369	476.877	267.865	307.604	351.72	400.424	316.499	391.1	464.495
-2.742e+06	278.676	279.527	276.846	273.143	274.935	313.279	357.688	406.543	326.262	402.228	476.778	267.38	307.111	351.194	399.856	315.943	390.458	463.748
-2.741e+06	277.788	278.413	275.708	271.983	274.03	312.077	356.487	405.412	325.334	401.328	475.926	266.876	306.558	350.59	399.202	315.328	389.729	462.887
-2.74e+06	276.68	277.034	274.373	270.707	272.815	310.776	355.062	403.775	324.11	399.991	474.397	266.377	306.006	349.983	398.539	314.723	389.003	462.021
-2.739e+06	275.384	275.683	273.155	269.487	271.387	309.492	353.727	402.385	322.714	398.339	472.315	265.97	305.548	349.471	397.97	314.218	388.377	461.253
-2.738e+06	273.823	274.302	271.903	268.203	269.865	308.118	352.274	400.866	321.097	396.361	469.964	265.636	305.174	349.053	397.505	313.804	387.858	460.612
-2.737e+06	267.7	268.346	266.791	263.12	264.636	302.642	346.415	394.64	315.223	389.647	463.131	265.307	304.805	348.641	397.049	313.401	387.352	459.988
-2.736e+06	258.059	258.451	258.176	254.859	256.222	293.434	336.233	383.464	305.764	378.509	450.496	264.84	304.403	348.209	396.585	312.971	386.839	459.381
-2.735e+06	251.097	251.217	252.879	250.088	251.362	288.182	330.542	377.353	300.5	372.465	443.675	264.313	303.793	347.557	395.892	312.335	386.097	458.528
-2.734e+06	244.051	244.134	248.196	245.684	246.885	283.316	325.129	371.451	295.568	366.669	437.041	263.726	302.944	346.788	395.046	311.613	385.216	457.488
-2.733e+06	238.285	238.223	244.416	242.207	243.285	279.312	320.56	366.246	291.488	361.735	431.296	263.112	302.242	345.784	394.079	310.847	384.245	456.311
-2.732e+06	233.337	233.135	241.142	239.327	240.21	275.897	316.679	361.893	288.182	357.726	426.527	262.639	301.713	345.123	393.133	310.251	383.475	455.373
-2.731e+06	228.954	228.738	238.297	236.832	237.55	273.041	313.235	357.957	285.292	354.135	422.198	262.131	301.148	344.494	392.423	309.628	382.68	454.415
-2.73e+06	224.946	224.686	235.931	234.518	235.158	270.46	310.312	354.583	282.534	350.93	418.348	261.592	300.564	343.861	391.734	308.996	381.906	453.515
-2.729e+06	220.7	220.429	233.453	231.959	232.78	267.71	307.258	351.156	279.708	347.57	414.383	260.811	299.719	342.947	390.746	308.108	380.847	452.309
-2.728e+06	216.436	216.168	231.07	229.571	230.425	264.86	304.223	347.758	277.119	344.054	410.475	259.975	298.805	341.95	389.66	307.026	379.704	451.001
-2.727e+06	212.767	212.38	229.035	227.984	228.661	262.905	301.823	345.234	275.319	341.737	407.61	259.477	298.289	341.416	389.106	306.365	379.118	450.376
-2.726e+06	209.069	208.628	226.906	226.628	227.306	261.383	299.973	343.184	273.849	339.941	405.471	249.343	287.108	329.158	375.749	295.076	366.117	435.856
-2.725e+06	205.452	205.043	224.635	224.955	225.597	259.464	297.689	340.549	271.949	337.494	402.59	246.099	283.461	325.093	371.273	291.532	361.907	431.044
-2.724e+06	202.179	201.698	222.338	223.276	223.938	257.549	295.519	337.962	270.06	335.181	399.795	243.493	280.612	321.975	367.851	288.734	358.789	427.717
-2.723e+06	198.553	197.936	219.163	220.362	220.961	254.196	291.619	333.186	266.626	330.831	394.375	239.66	276.168	316.888	362.119	284.404	353.572	421.63
-2.722e+06	196.334	195.635	216.804	218.384	218.871	251.757	288.87	329.865	264.187	327.899	390.496	236.99	273.147	313.455	358.159	281.266	349.786	417.229
-2.721e+06	195.972	195.223	215.36	217.167	217.584	250.256	286.941	327.436	262.698	325.701	387.719	234.863	270.618	310.493	354.769	278.808	346.646	413.341
-2.72e+06	196.48	195.725	214.485	216.518	216.693	249.278	285.611	325.85	261.792	324.317	385.9	233.451	268.829	308.273	352.076	277.222	344.294	410.605
-2.719e+06	196.887	196.044	213.454	215.708	215.93	248.319	284.522	324.469	260.902	323.121	384.121	232.03	267.267	306.47	349.937	275.598	342.374	407.987
-2.718e+06	197.323	196.534	212.765	215.22	215.255	247.608	283.535	323.31	260.248	322.102	382.89	230.985	265.879	304.794	348.091	274.414	340.616	405.976
-2.717e+06	197.771	196.896	212.205	214.917	214.985	247.277	283.144	322.794	260.016	321.651	382.449	230.4	265.203	303.954	346.946	273.823	339.818	404.661
-2.716e+06	197.743	196.869	211.433	214.121	214.336	246.512	282.271	321.799	259.322	320.777	381.064	229.44	264.193	302.78	345.578	272.742	338.602	403.137
-2.715e+06	199.171	198.332	211.714	214.546	214.756	246.713	282.593	322.075	259.766	321.187	381.408	229.208	263.714	302.339	345.033	272.501	338.199	402.605
-2.714e+06	202.291	201.498	213.266	216.248	216.467	248.534	284.553	324.189	261.711	323.394	383.858	230.29	264.874	303.513	346.27	273.765	339.505	403.997
-2.713e+06	205.982	205.262	215.152	218.283	218.551	250.758	286.928	326.764	264.026	326.06	386.855	231.322	265.983	304.731	347.601	274.992	340.89	405.566
-2.712e+06	209.063	208.276	216.412	219.628	219.963	252.197	288.56	328.543	265.618	327.911	388.966	231.53	266.126	304.988	347.832	275.211	341.193	405.839
-2.711e+06	211.117	210.435	217.747	220.903	221.492	253.811	290.626	330.968	267.51	330.388	392.032	232.591	267.489	306.555	349.566	276.519	342.986	407.898
-2.71e+06	212.53	212.019	218.639	221.944	222.426	255.113	292.14	332.729	268.875	332.074	393.893	233.618	268.711	307.93	351.128	277.801	344.572	409.674
-2.709e+06	212.813	212.177	218.934	222.567	222.917	255.909	293.065	333.917	269.593	333.115	395.368	234.883	270.155	309.517	352.96	279.366	346.356	411.684
-2.708e+06	212.292	211.893	219.043	222.691	223.281	256.072	293.273	334.256	269.796	333.752	396.375	235.747	271.156	310.645	354.296	280.471	347.634	413.383
-2.707e+06	212.59	212.227	219.449	222.907	223.636	256.395	293.754	334.802	270.318	334.35	396.78	236.024	271.471	311.065	354.796	280.841	348.316	414.448
-2.706e+06	213.505	213.009	220.142	223.661	224.221	257.284	294.76	335.947	271.24	335.296	397.686	236.726	272.341	312.09	355.937	281.636	349.467	415.777
-2.705e+06	218.289	217.792	223.321	227.081	227.495	260.949	298.615	340.05	274.844	339.222	402.226	245.775	282.383	323.155	368.062	291.895	361.359	428.992
-2.704e+06	223.606	223.433	226.545	230.541	231.17	264.731	302.729	344.589	278.626	343.798	407.654	251.51	288.788	330.244	375.907	298.412	368.908	437.876
-2.703e+06	226.596	226.506	229.718	233.742	234.675	268.629	307.426	350.152	282.846	349.632	414.827	255.873	293.803	335.965	382.411	303.508	375.169	445.258
-2.702e+06	227.653	227.666	231.944	236.059	237.184	271.428	310.759	354.087	285.765	353.431	419.499	258.992	297.462	340.216	387.317	307.19	379.829	450.817
-2.701e+06	226.997	227.035	232.361	236.533	237.729	272.097	311.655	355.259	286.449	354.446	420.863	260.473	299.248	342.333	389.815	308.889	382.089	453.426
-2.7e+06	226.264	226.257	232.602	236.812	238.033	272.524	312.253	356.063	286.882	355.123	421.84	252.258	290.304	332.668	379.467	299.804	371.675	442.034
-2.699e+06	225.773	225.734	232.767	236.957	238.088	272.68	312.424	356.26	287.009	355.27	421.802	250.158	287.995	330.152	376.751	297.413	368.915	438.851
-2.698e+06	225.315	225.458	232.965	237.152	238.087	272.944	312.71	356.59	287.247	355.318	421.808	249.302	287.029	329.077	375.576	296.393	367.73	437.388
-2.697e+06	225.063	225.247	232.455	236.697	237.399	272.285	311.813	355.475	286.454	354.003	420.322	247.646	285.101	326.851	373.034	294.368	365.353	434.288
-2.696e+06	225.79	225.887	232.499	236.75	237.357	272.287	311.753	355.351	286.401	353.854	419.986	246.725	284.016	325.583	371.573	293.226	363.957	432.367
-2.695e+06	226.485	226.492	232.372	236.63	237.108	272.102	311.498	355.018	286.162	353.532	419.34	245.632	282.757	324.138	369.935	291.922	362.372	430.589
-2.694e+06	227.736	227.672	232.741	237.016	237.409	272.486	311.878	355.39	286.517	353.912	419.719	245.033	282.082	323.338	369.005	291.162	361.487	429.6
-2.693e+06	228.074	227.961	232.593	236.888	237.353	272.382	311.807	355.362	286.398	353.888	419.802	244.344	281.311	322.542	368.101	290.372	360.634	428.675
-2.692e+06	228.152	227.989	232.364	236.674	237.2	272.152	311.562	355.107	286.14	353.638	419.57	243.933	280.676	321.729	367.252	289.896	359.895	427.865
-2.691e+06	226.39	226.183	231.159	235.483	236.08	270.962	310.395	353.985	284.943	352.506	418.541	243.578	280.284	321.157	366.485	289.502	359.184	427.23
-2.69e+06	223.555	223.289	229.333	233.653	234.294	268.992	308.288	351.749	282.922	350.275	416.151	242.765	279.411	320.221	365.467	288.614	357.936	426.027
-2.689e+06	219.851	219.499	226.824	231.118	231.758	266.189	305.204	348.376	280.039	346.932	412.378	241.212	277.679	318.302	363.351	286.85	355.857	423.546
-2.688e+06	210.466	209.881	218.908	223.061	223.736	257.443	295.598	337.892	271.03	336.561	400.773	234.415	270.145	310	354.255	279.174	346.964	413.283
-2.687e+06	209.613	209.067	218.523	222.734	223.277	256.672	294.52	336.442	270.235	335.28	398.817	233.948	269.493	309.104	353.079	278.532	345.966	411.802
-2.686e+06	209.157	208.57	217.741	221.938	222.29	255.537	293.075	334.702	269.08	333.89	397.178	233.032	268.433	307.848	351.563	277.377	344.639	410.201
-2.685e+06	213.215	212.669	219.718	223.884	224.22	257.677	295.253	336.831	271.285	335.91	399.455	243.576	279.885	320.432	365.345	289.286	358.361	425.579
-2.684e+06	217.582	217.087	221.635	225.891	226.214	259.776	297.47	339.142	273.475	338.316	401.717	247.007	283.654	324.539	370.129	293.109	362.972	430.628
-2.683e+06	224.668	224.287	226.602	230.971	231.509	265.317	303.879	346.257	279.455	345.5	409.987	251.595	288.882	330.407	376.613	298.457	369.291	438.233
-2.682e+06	232.283	231.95	232.456	236.878	237.486	272.016	311.373	354.545	286.423	353.708	419.204	256.261	294.198	336.426	383.346	303.812	375.695	445.592
-2.681e+06	236.544	236.407	236.013	240.544	241.249	276.303	316.278	360.231	290.808	359.138	426.059	259.348	297.77	340.533	388.036	307.362	380.208	450.851
-2.68e+06	240.835	240.819	239.933	244.544	245.374	280.874	321.443	366.065	295.488	365.026	432.941	263.001	301.931	345.239	393.318	311.586	385.154	456.843
-2.679e+06	244.023	244.073	242.605	247.277	248.161	283.969	324.913	370.006	298.609	368.758	437.204	265.359	304.633	348.316	396.767	314.267	388.291	460.2
-2.678e+06	247.323	247.452	245.295	250.016	250.944	287.066	328.377	373.89	301.719	372.554	441.832	267.41	306.995	351.018	399.843	316.565	391.255	463.868
-2.677e+06	259.103	259.351	256.742	261.638	262.683	299.993	342.663	389.601	314.963	388.214	459.482	270.618	310.663	355.186	404.531	320.212	395.586	468.704
-2.676e+06	265.044	265.492	262.475	267.479	268.92	306.583	350.039	397.847	321.623	396.03	468.673	272.322	312.686	357.563	407.286	322.188	398.063	472.047
-2.675e+06	268.376	268.959	265.681	270.748	272.18	310.26	354.133	402.409	325.203	400.227	473.124	272.933	313.431	358.466	408.367	322.731	398.96	472.835
-2.674e+06	271.321	271.811	268.497	273.603	275.31	313.465	357.707	406.445	328.488	403.915	477.649	273.405	313.991	359.141	409.168	323.474	399.489	473.802
-2.673e+06	272.706	273.281	270.204	275.361	276.823	315.619	360.292	409.436	330.325	406.676	480.977	273.757	314.465	359.75	409.916	323.817	400.1	474.866
-2.672e+06	273.897	274.563	271.488	276.699	278.459	317.249	362.261	411.855	332.131	408.728	483.26	274.742	315.642	361.124	411.49	324.51	401.438	476.127
-2.671e+06	274.002	274.545	271.718	276.789	278.536	317.635	362.982	412.942	332.315	409.545	484.92	275.759	316.771	362.377	412.89	325.651	402.734	477.226
-2.67e+06	268.609	269.403	267.411	270.991	272.357	311.383	356.294	405.837	325.497	402.105	476.417	274.804	315.636	361.054	411.364	324.393	400.97	474.986
-2.669e+06	259.541	260.159	259.245	261.966	263.088	301.262	345.022	393.388	315.049	389.787	462.5	274.012	314.685	359.927	410.043	323.227	399.409	473.073
-2.668e+06	255.419	255.767	255.832	257.907	258.82	296.626	339.784	387.554	310.444	384.175	456.422	273.244	313.757	358.821	408.738	322.129	397.898	471.23
-2.667e+06	253.702	253.799	254.133	255.959	256.595	294.27	336.964	384.241	307.925	380.956	452.547	272.831	313.212	358.136	407.873	321.631	396.757	469.799
-2.666e+06	252.057	252.148	252.472	253.887	254.49	291.845	334.155	381.013	305.456	377.997	448.857	272.342	312.462	357.081	406.492	320.821	395.499	467.95
-2.665e+06	257.312	257.345	256.473	257.638	258.054	295.505	337.659	384.309	309.153	381.315	451.747	273.234	313.338	357.92	407.268	321.392	396.011	468.383
-2.664e+06	268.075	268.186	265.851	266.584	267.129	305.265	348.236	395.7	319.024	392.302	463.634	273.531	313.6	358.122	407.38	321.672	395.981	467.96
-2.663e+06	270.382	270.759	268.073	268.13	268.976	307.022	350.208	397.907	320.902	394.228	466.075	273.426	313.44	357.908	407.111	321.594	395.745	467.557
-2.662e+06	271.489	271.969	269.091	268.799	269.77	307.784	351.057	398.837	321.592	394.84	466.712	273.004	312.973	357.39	406.535	321.011	394.997	466.67
-2.661e+06	270.641	270.966	268.061	267.598	268.587	306.637	349.982	397.857	320.15	393.58	465.463	271.839	311.7	356.003	405.025	319.459	393.35	464.816
-2.66e+06	268.936	269.286	266.835	266.075	266.883	305.05	348.338	396.163	318.342	391.666	463.176	270.714	310.468	354.656	403.557	318.194	391.548	463.032
-2.659e+06	260.031	260.526	258.999	258.029	258.699	296.261	338.748	385.748	309.286	381.312	451.299	269.752	309.409	353.492	402.281	317.125	390.134	461.47
-2.658e+06	253.792	254.171	253.711	252.785	253.368	290.435	332.314	378.681	303.316	374.232	443.193	269.414	309.047	353.105	401.865	316.758	389.665	460.845
-2.657e+06	249.225	249.525	250.363	249.519	250.081	286.832	328.358	374.364	299.685	369.917	438.26	268.487	308.039	352.012	400.682	315.733	388.448	459.397
-2.656e+06	245.216	245.293	247.55	246.759	247.318	283.769	324.982	370.666	296.631	366.245	434.091	267.467	306.958	350.871	399.483	314.643	387.208	457.977
-2.655e+06	238.431	238.197	242.652	242.045	242.533	278.57	319.327	364.559	291.466	360.336	427.661	264.801	304.083	347.787	396.19	311.75	383.932	454.338
-2.654e+06	231.33	230.996	238.058	237.611	238.155	273.75	314	358.706	286.585	354.627	421.185	262.296	301.392	344.89	393.088	309.061	380.885	450.935
-2.653e+06	226.946	226.548	235.469	235.194	235.721	270.908	310.79	355.044	283.807	351.075	416.944	254.854	293.371	336.137	383.596	300.952	371.582	440.57
-2.652e+06	221.364	220.919	231.858	231.683	232.064	266.722	306.148	349.876	279.729	346.078	411.136	246.836	284.206	325.82	372.091	291.833	360.738	428.102
-2.651e+06	217.374	216.928	229.734	229.717	229.914	264.37	303.368	346.803	277.462	343.077	407.75	244.167	281.118	322.259	367.992	288.782	357.043	423.715
-2.65e+06	211.607	211.13	226.056	225.987	226.175	260.336	298.727	341.475	273.331	337.967	401.983	240.455	276.921	317.583	362.809	284.648	352.138	418.102
-2.649e+06	204.657	204.079	221.717	222.367	222.52	256.107	294.172	336.3	269.005	333.059	396.182	237.141	273.15	313.262	357.938	280.92	347.635	413.016
-2.648e+06	200.153	199.511	219.09	220.407	220.352	253.858	291.482	333.329	266.732	330.268	392.77	235.71	271.511	311.385	355.786	279.459	345.707	411.137
-2.647e+06	196.385	195.634	215.943	217.647	217.573	250.732	287.58	328.813	263.54	325.987	387.307	232.992	268.493	307.826	351.676	276.42	342.124	406.676
-2.646e+06	193.393	192.603	213.292	215.233	214.996	247.807	284.197	324.832	260.546	322.229	382.836	230.678	265.582	304.441	347.842	273.525	338.521	402.127
-2.645e+06	194.999	194.171	213.312	215.509	215.194	247.808	283.945	324.083	260.591	321.674	381.723	230.123	264.895	303.384	346.368	272.97	337.3	400.664
-2.644e+06	197.347	196.428	213.459	215.909	215.603	248.157	284.003	323.873	260.922	321.696	381.285	229.927	264.459	302.768	345.399	272.521	336.599	399.449
-2.643e+06	200.37	199.491	213.851	216.449	216.081	248.466	284.232	323.911	261.309	321.796	381.028	229.267	263.446	301.46	343.933	271.584	335.334	397.619
-2.642e+06	203.096	202.301	213.786	216.653	216.191	248.555	284.057	323.47	261.353	321.566	380.389	228.16	262.083	299.783	341.714	270.254	333.314	395.274
-2.641e+06	208.009	207.255	215.859	218.905	218.532	251.007	286.699	326.26	263.933	324.305	383.527	229.006	262.966	300.698	342.622	271.225	334.361	396.054
-2.64e+06	210.766	210.153	215.966	219.116	218.767	251.21	286.884	326.408	264.175	324.555	383.623	227.76	261.534	299.067	340.763	269.821	332.679	394.039
-2.639e+06	213.402	212.914	217.132	220.554	220.267	253.049	289.172	329.186	266.154	327.356	387.165	237.341	272.295	311.078	354.069	280.899	345.809	408.951
-2.638e+06	217.434	217.079	220.321	223.733	223.673	256.754	293.454	334.094	270.125	332.462	393.12	242.973	278.707	318.342	362.241	287.471	353.837	418.503
-2.637e+06	222.465	222.224	225.282	228.971	229.045	262.854	300.503	342.178	276.477	340.343	402.738	249.107	285.715	326.301	371.222	294.61	362.537	428.689
-2.636e+06	225.826	225.702	229.059	232.885	233.19	267.408	305.768	348.219	281.229	346.334	409.844	253.752	291.048	332.391	378.129	300.007	369.221	436.517
-2.635e+06	228.315	228.172	231.309	235.206	235.556	269.983	308.617	351.362	283.848	349.381	413.207	256.475	294.102	335.822	381.97	303.099	372.775	440.899
-2.634e+06	232.15	232.128	234.634	238.636	239.048	273.842	312.939	356.178	287.807	353.998	418.435	260.137	298.25	340.494	387.208	307.166	377.715	446.124
-2.633e+06	237.408	237.381	238.651	242.796	243.339	278.405	317.943	361.665	292.41	359.226	424.738	263.231	301.762	344.483	391.716	310.731	381.76	451.109
-2.632e+06	241.997	241.979	241.843	246.057	246.646	282.023	321.942	366.061	296.057	363.777	429.862	265.317	304.155	347.211	394.803	313.002	384.632	454.171
-2.631e+06	246.113	246.247	244.927	249.227	249.794	285.642	326.038	370.626	299.775	368.304	434.834	266.98	306.092	349.469	397.422	314.98	387.001	457.122
-2.63e+06	258.89	259.152	256.852	261.401	262.208	299.166	341.006	387.13	313.623	384.264	452.675	268.293	307.672	351.337	399.592	316.347	389.054	459.467
-2.629e+06	261.787	262.075	259.596	264.081	265.089	302.349	344.753	391.517	316.773	388.6	457.762	268.285	307.771	351.599	400.07	316.597	389.268	459.944
-2.628e+06	263.807	264.177	261.671	266.19	267.386	304.827	347.647	394.871	319.204	391.625	461.595	268.678	308.35	352.358	401.01	316.99	390.114	461.369
-2.627e+06	260.076	260.53	258.624	263.264	264.352	301.919	344.823	392.205	316.179	388.533	458.394	269.658	309.511	353.716	402.598	317.865	391.46	462.501
-2.626e+06	251.999	252.249	251.429	256.021	256.995	293.991	336.21	382.915	307.978	379.332	448.261	269.722	309.525	353.731	402.657	318.001	391.379	462.25
-2.625e+06	249.916	249.806	249.759	254.338	255.323	292.103	334.112	380.592	305.957	377.332	446.034	270.003	309.811	354.064	403.065	318.507	391.644	463.148
-2.624e+06	248.737	248.378	248.871	253.452	254.469	291.136	333.067	379.47	304.906	376.39	445.177	270.198	310.13	354.539	403.657	318.78	392.063	463.977
-2.623e+06	247.665	247.136	247.954	252.537	253.574	290.133	331.976	378.296	303.82	375.334	444.249	270.441	310.506	354.988	404.181	318.707	392.432	464.255
-2.622e+06	246.55	245.905	247.034	250.935	251.901	288.327	329.946	376.039	301.878	373.028	442.072	269.848	309.825	354.223	403.34	317.7	391.458	462.859
-2.621e+06	243.253	242.504	244.872	247.762	248.548	284.868	326.197	372.003	298.29	368.986	437.507	268.281	308.057	352.2	401.049	315.873	389.034	459.957
-2.62e+06	240.226	239.411	243.325	245.469	246.197	282.3	323.373	368.92	295.668	365.98	433.94	267.738	307.307	351.29	400.007	315.191	387.908	458.643
-2.619e+06	235.006	234.143	240.103	241.742	242.384	278.193	318.829	363.978	291.452	361.144	428.38	266.225	305.579	349.316	397.75	313.341	385.609	455.676
-2.618e+06	229.453	228.642	236.897	238.166	238.642	274.126	314.296	358.947	287.403	356.252	422.686	264.942	304.107	347.638	395.85	311.609	383.639	453.315
-2.617e+06	225.767	225.016	234.899	236.006	236.263	271.566	311.155	355.3	284.791	352.724	418.307	264.097	303.192	346.658	394.773	310.806	382.3	451.892
-2.616e+06	222.056	221.411	232.698	233.635	233.719	268.872	307.994	351.593	282.007	349.108	413.786	263.003	301.845	345.037	392.896	309.517	380.652	449.658
-2.615e+06	218.194	217.568	230.413	231.193	231.294	266.174	304.95	348.031	279.225	345.44	409.483	261.829	300.511	343.525	391.177	308.07	378.901	447.453
-2.614e+06	214.948	214.317	228.607	229.803	230.011	264.525	303.234	346.114	277.554	343.282	407.16	261.552	300.231	343.242	390.889	307.625	378.542	447.07
-2.613e+06	210.203	209.618	225.673	227.468	227.617	261.75	300.201	342.766	274.748	340.003	403.352	260.293	298.885	341.812	389.369	306.195	377.043	445.373
-2.612e+06	207.362	206.611	224.286	226.487	226.589	260.564	298.813	341.21	273.557	338.53	401.532	260.213	298.837	341.799	389.302	306.175	377.059	445.158
-2.611e+06	203.614	202.858	221.978	224.502	224.52	258.314	296.142	338.209	271.263	335.645	398.065	259.059	297.583	340.403	387.69	304.928	375.631	443.407
-2.61e+06	200.375	199.573	220.066	222.908	222.767	256.515	293.887	335.735	269.46	333.293	395.204	247.063	284.3	325.796	371.736	291.572	360.347	426.454
-2.609e+06	197.939	197.14	218.279	221.379	221.153	254.742	291.612	333.074	267.661	330.818	392.05	243.037	279.721	320.666	366.086	287.196	355.365	420.882
-2.608e+06	195.854	194.976	216.776	219.865	219.783	253.064	289.758	330.666	266.026	328.528	389.021	240.195	276.496	316.982	361.896	284.026	351.458	416.522
-2.607e+06	195.468	194.529	215.514	218.789	218.467	251.517	287.789	328.338	264.365	326.094	385.984	237.85	273.691	313.673	358.053	281.244	347.779	412.139
-2.606e+06	195.223	194.24	213.985	217.361	216.915	249.719	285.593	325.637	262.521	323.535	382.774	235.664	271.067	310.555	354.389	278.625	344.23	407.776
-2.605e+06	195.589	194.641	212.808	216.161	215.761	248.278	283.915	323.477	261.092	321.338	379.817	233.496	268.462	307.463	350.761	276.032	340.735	403.505
-2.604e+06	195.356	194.309	211.044	214.523	213.911	246.213	281.398	320.59	258.917	318.561	376.345	230.879	265.275	303.78	346.464	272.896	336.717	398.604
-2.603e+06	193.674	192.713	208.584	212.042	211.496	243.465	278.394	317.127	256.226	315.112	372.421	227.946	262.02	299.869	341.982	269.647	332.48	393.68
-2.602e+06	191.765	190.701	206.053	209.587	208.872	240.615	275.081	313.431	253.254	311.639	368.188	224.996	258.526	295.937	337.659	266.215	328.379	388.742
-2.601e+06	191.045	189.988	204.395	207.834	207.197	238.693	272.841	310.762	251.32	309.095	365.033	222.31	255.483	292.44	333.553	263.228	324.651	384.483
-2.6e+06	192.156	191.249	203.946	207.533	206.804	238.169	272.266	310.208	251.021	308.427	364.379	221.121	254.1	290.928	331.771	261.913	322.978	382.508
-2.599e+06	197.316	196.452	206.16	209.806	209.047	240.529	274.635	312.505	253.294	310.998	366.793	221.412	254.296	291.066	331.828	262.2	323.219	382.586
-2.598e+06	204.927	204.134	210.248	213.97	213.275	245.087	279.601	317.795	258.019	316.36	372.623	223.605	256.648	293.5	334.395	264.651	325.863	385.167
-2.597e+06	214.641	214.104	217.087	220.979	220.533	252.977	288.446	327.665	266.24	326.3	384.018	228.382	262.047	299.734	341.333	270.251	332.66	392.962
-2.596e+06	224.08	223.745	224.116	228.127	227.864	261.033	297.498	337.807	274.598	336.096	395.435	234.508	268.851	307.195	349.526	277.201	340.808	402.288
-2.595e+06	227.864	227.709	228.28	232.429	232.421	266.232	303.711	345.147	280.077	343.386	404.339	248.772	284.816	324.94	369.16	293.454	360.02	424.058
-2.594e+06	229.399	229.364	231.323	235.567	235.802	269.983	308.153	350.352	283.993	348.388	410.448	254.384	291.209	332.169	377.307	299.909	367.921	433.194
-2.593e+06	231.598	231.578	233.896	238.193	238.532	272.943	311.481	354.077	286.999	351.905	414.448	258.288	295.654	337.195	382.985	304.363	373.073	439.292
-2.592e+06	233.948	233.984	236.114	240.468	240.909	275.557	314.475	357.484	289.649	355.069	418.147	261.313	299.144	341.197	387.511	307.797	377.33	443.997
-2.591e+06	238.124	238.161	239.713	244.129	244.6	279.635	319	362.485	293.78	359.882	423.633	264.962	303.272	345.789	392.709	311.85	382.095	449.761
-2.59e+06	241.974	242.073	242.89	247.373	247.858	283.276	323.069	367.011	297.463	364.191	428.438	267.983	306.74	349.74	397.187	315.34	386.07	454.017
-2.589e+06	246.135	246.245	245.605	250.136	250.679	286.29	326.396	370.684	300.449	367.476	432.211	269.391	308.319	351.5	399.161	316.722	387.948	456.433
-2.588e+06	257.916	257.987	255.689	260.357	261.142	297.521	338.748	384.232	311.936	380.626	447.101	270.885	310.054	353.498	401.379	318.337	389.899	458.453
-2.587e+06	265.35	265.496	262.378	267.162	268.04	305.069	347.044	393.408	319.406	389.647	457.31	272.453	311.883	355.648	403.959	320.297	392.023	460.943
-2.586e+06	270.085	270.427	267.154	272.026	273.136	310.556	353.231	400.321	324.959	396.096	464.494	274.166	313.84	357.85	406.44	322.03	394.388	464.109
-2.585e+06	271.434	271.762	268.652	273.606	274.669	312.668	355.891	403.584	326.926	399.048	468.37	274.823	314.714	359	407.883	322.802	395.51	465.186
-2.584e+06	271.996	272.335	269.248	274.218	275.409	313.537	357.099	405.232	327.792	400.318	470.154	274.968	315.029	359.528	408.688	323.244	395.957	466.044
-2.583e+06	271.237	271.688	268.892	273.904	275.032	313.366	357.1	405.396	327.453	400.199	469.908	274.225	314.295	358.794	407.948	322.241	395.115	465.577
-2.582e+06	270.327	270.819	268.361	273.382	274.771	312.922	356.769	405.215	327.114	399.669	469.853	274.002	314.109	358.655	407.842	321.654	394.819	464.92
-2.581e+06	259.01	259.252	257.712	262.573	263.68	301.021	343.747	391.076	314.734	385.616	454.466	273.118	313.153	357.59	406.714	320.582	393.545	463.035
-2.58e+06	254.088	254.258	253.529	258.327	259.334	296.302	338.534	385.342	309.802	379.783	448.386	271.86	311.749	355.993	404.961	319.112	391.76	460.724
-2.579e+06	250.78	250.913	251.334	255.75	256.726	293.523	335.559	382.174	306.921	376.503	445.284	271.736	311.594	355.78	404.709	318.904	391.427	460.352
-2.578e+06	247.061	247.034	248.86	252.057	252.683	289.391	330.971	377.108	302.619	371.625	439.701	270.177	309.814	353.778	402.469	316.945	389.027	457.533
-2.577e+06	242.235	241.957	245.654	248.081	248.628	284.998	326.145	371.83	298.097	366.687	434.173	268.437	307.919	351.67	400.131	314.895	386.544	454.726
-2.576e+06	237.302	236.905	242.776	244.529	244.932	281.039	321.763	366.994	294.05	361.95	428.851	266.956	306.145	349.726	398.036	313.284	384.228	452.289
-2.575e+06	233.663	233.195	240.592	242.014	242.326	278.062	318.29	362.996	290.985	358.098	424.097	265.768	304.736	348.014	395.962	311.737	382.282	449.699
-2.574e+06	230.862	230.263	238.852	239.945	240.199	275.661	315.516	359.789	288.525	355.117	420.279	264.856	303.685	346.751	394.457	310.468	380.705	447.741
-2.573e+06	228.998	228.372	237.625	238.786	238.881	274.08	313.606	357.517	287.067	352.974	417.287	264.353	302.959	345.906	393.473	309.939	379.552	446.406
-2.572e+06	227.766	227.163	236.755	238.773	238.819	274.031	313.434	357.163	287.05	352.591	416.811	265.269	303.878	346.763	394.27	310.927	380.641	447.191
-2.571e+06	226.708	226.147	235.912	238.482	238.598	273.706	313.052	356.703	286.715	352.027	416.133	265.75	304.349	347.309	394.921	311.542	381.243	447.935
-2.57e+06	225.747	225.227	235.326	238.182	238.337	273.366	312.651	356.232	286.362	351.466	415.437	266.057	304.754	347.852	395.536	312.028	381.655	448.572
-2.569e+06	224.129	223.644	234.437	237.451	237.632	272.591	311.821	355.342	285.579	350.487	414.349	266.11	304.996	348.153	395.901	312.269	381.769	448.94
-2.568e+06	222.269	221.815	233.425	236.566	236.76	271.619	310.746	354.144	284.588	349.204	412.906	266.062	305.001	348.205	396.007	312.245	381.777	449.03
-2.567e+06	220.483	220.177	232.483	235.731	235.948	270.669	309.659	352.899	283.613	347.916	411.371	265.847	304.784	347.997	395.815	311.918	381.511	448.771
-2.566e+06	218.996	218.654	231.594	234.936	235.203	269.767	308.633	351.737	282.694	346.77	409.94	265.682	304.595	347.79	395.59	311.6	381.223	448.445
-2.565e+06	221.157	220.615	232.557	235.985	236.269	270.683	309.364	352.237	283.572	347.4	410.053	265.716	304.587	347.74	395.491	311.484	381.075	448.216
-2.564e+06	224.677	224.133	234.153	237.578	237.984	272.424	311.13	354.002	285.295	349.27	411.737	265.99	304.841	347.971	395.693	311.673	381.228	448.314
-2.563e+06	229.498	229.018	236.61	240.161	240.573	274.983	313.865	356.842	287.891	352.216	414.364	266.456	305.339	348.507	396.265	312.102	381.737	448.864
-2.562e+06	234.691	234.284	239.297	243.11	243.434	278.046	316.949	360.035	291.074	355.563	417.941	266.826	305.738	348.939	396.732	312.387	382.134	449.299
-2.561e+06	237.388	237.069	240.683	244.785	245.077	280.047	319.282	362.713	293.145	357.922	420.993	267.326	306.299	349.569	397.434	312.793	382.756	450.017
-2.56e+06	239.12	238.767	241.638	245.884	246.215	281.346	320.8	364.475	294.522	359.484	422.865	267.64	306.674	350.015	397.958	313.07	383.189	450.512
-2.559e+06	238.682	238.158	241.26	245.606	246.105	281.221	320.867	364.789	294.504	359.669	423.555	267.774	306.857	350.257	398.238	313.228	383.4	450.606
-2.558e+06	237.294	236.692	240.588	244.8	245.447	280.406	320.064	364.018	293.71	359.222	423.072	264.647	303.506	346.626	394.329	309.821	379.631	446.307
-2.557e+06	236.945	236.498	240.6	244.609	245.334	280.228	319.89	363.769	293.425	359.195	422.642	257.055	295.002	337.165	383.88	301.275	369.553	435.18
-2.556e+06	236.973	236.697	240.757	244.708	245.386	280.459	320.161	364.075	293.403	359.466	422.622	265.325	304.042	346.999	394.529	310.375	379.929	446.694
-2.555e+06	239.116	238.999	242.227	246.235	246.777	282.034	321.775	365.715	294.882	361.074	424.027	266.758	305.608	348.709	396.387	311.989	381.682	448.623
-2.554e+06	241.949	241.929	244	248.074	248.508	284.013	323.897	367.98	296.879	363.285	426.383	267.858	306.787	349.974	397.736	313.097	382.931	449.963
-2.553e+06	246.041	246.084	246.716	250.864	251.199	287.028	327.146	371.464	299.93	366.706	430.161	269.407	308.47	351.798	399.703	314.584	384.786	451.982
-2.552e+06	250.336	250.348	249.554	253.775	253.96	290.204	330.6	375.204	303.138	370.355	434.247	271.005	310.176	353.617	401.646	316.256	386.614	453.802
-2.551e+06	262.839	262.948	260.994	265.398	265.759	303.062	344.753	390.703	316.271	385.426	451.062	272.688	311.979	355.591	403.831	318.178	388.765	455.968
-2.55e+06	267.325	267.501	264.87	269.448	269.86	307.595	349.821	396.355	320.903	390.595	456.698	274.009	313.447	357.247	405.713	319.885	390.708	457.893
-2.549e+06	269.254	269.387	266.595	271.169	271.745	309.685	352.314	399.28	322.906	393.203	460.131	274.806	314.359	358.31	406.958	321.078	391.95	459.297
-2.548e+06	270.213	270.594	267.567	271.821	272.314	310.505	353.353	400.586	323.643	394.127	460.94	274.811	314.436	358.389	407.071	321.309	392.001	459.648
-2.547e+06	269.169	269.641	266.884	270.341	270.828	309.008	351.862	399.132	321.986	392.293	458.884	273.844	313.334	357.166	405.718	320.062	390.442	457.754
-2.546e+06	258.561	258.852	257.201	259.877	260.186	297.549	339.387	385.648	310.167	378.756	443.864	273.003	312.4	356.137	404.583	318.962	389.113	456.219
-2.545e+06	252.519	252.567	252.54	254.641	254.821	291.793	333.12	378.881	304.524	372.221	436.681	271.947	311.236	354.864	403.191	317.519	387.557	454.441
-2.544e+06	247.366	247.14	249.015	250.789	250.704	287.489	328.35	373.656	300.203	367.137	431.066	270.87	310.062	353.593	401.816	316.244	386.002	452.718
-2.543e+06	240.633	240.211	244.72	246.324	246.036	282.663	323.076	367.927	295.252	361.474	424.913	269.411	308.52	351.934	400.036	314.67	383.925	450.587
-2.542e+06	233.276	232.833	240.396	241.824	241.534	277.726	317.647	361.888	290.307	355.526	418.468	267.686	306.715	350.107	398.083	312.943	381.947	448.296
-2.541e+06	225.79	225.225	236.017	238.306	237.964	273.751	313.157	356.825	286.378	350.819	413.222	266.654	305.453	348.867	396.973	311.87	380.764	447.077
-2.54e+06	219.001	218.344	232.572	235.5	235.078	270.53	309.406	352.53	283.146	347.088	408.658	260.594	299.041	342.035	389.711	305.431	373.408	439.377
-2.539e+06	213.032	212.35	229.081	232.35	231.915	266.835	305.04	347.367	279.313	342.215	402.704	252.473	290.016	332.022	378.676	296.295	362.966	427.741
-2.538e+06	208.664	207.988	226.61	229.949	229.591	264.1	301.932	343.84	276.496	338.61	398.566	248.514	285.476	326.894	372.924	291.797	357.956	421.913
-2.537e+06	204.502	203.658	222.645	225.932	225.536	259.404	296.486	337.564	271.603	332.199	391.097	243.227	279.303	319.689	364.614	285.651	350.393	413.019
-2.536e+06	202.258	201.397	219.792	223.166	222.604	256.028	292.52	332.96	268.127	327.782	385.589	239.322	274.753	314.411	358.54	281.098	344.708	406.22
-2.535e+06	199.444	198.491	216.83	220.191	219.598	252.675	288.643	328.5	264.739	323.534	380.619	235.913	270.835	309.919	353.398	277.189	339.855	400.451
-2.534e+06	197.691	196.671	215.077	218.539	217.794	250.609	286.219	325.792	262.652	321.017	377.391	233.988	268.505	307.166	350.184	274.958	337.023	396.881
-2.533e+06	195.832	194.783	213.113	216.611	215.834	248.341	283.661	322.751	260.414	318.082	373.962	232.004	266.137	304.389	346.891	272.601	333.973	393.351
-2.532e+06	194.279	193.225	211.526	214.994	214.222	246.483	281.36	320.049	258.511	315.677	370.851	230.437	264.325	302.099	344.158	270.766	331.491	390.248
-2.531e+06	193.676	192.578	210.437	213.988	213.131	245.156	279.856	318.279	257.236	313.944	368.759	229.277	262.821	300.374	342.159	269.374	329.747	387.864
-2.53e+06	192.871	191.805	209.22	212.758	211.907	243.727	278.066	316.139	255.787	312.103	366.188	227.897	261.239	298.388	339.723	267.856	327.579	385.364
-2.529e+06	192.785	191.677	208.774	212.346	211.649	243.324	277.644	315.588	255.521	311.436	365.527	227.728	260.943	298.099	339.253	267.623	327.27	384.732
-2.528e+06	192.556	191.453	208.338	211.952	211.101	242.697	276.932	314.866	254.997	310.799	364.64	227.519	260.636	297.557	338.744	267.405	326.885	383.942
-2.527e+06	191.244	190.168	207.161	210.778	209.904	241.345	275.253	312.877	253.536	309.097	362.289	226.541	259.549	296.286	337.071	266.369	325.287	382.241
-2.526e+06	189.318	188.171	205.362	208.957	208.2	239.385	273.101	310.348	251.652	306.567	359.424	224.957	257.714	294.34	334.838	264.594	323.187	379.573
-2.525e+06	189.156	188.04	204.35	207.952	207.002	237.979	271.304	308.329	250.191	304.671	356.955	223.634	256.101	292.274	332.492	262.991	321.118	376.936
-2.524e+06	189.538	188.352	203.302	206.836	205.937	236.745	269.815	306.386	248.937	302.999	354.712	222.045	254.389	290.295	330.106	261.339	318.822	374.352
-2.523e+06	190.042	188.872	202.411	206.01	205.141	235.691	268.759	305.172	248.069	301.731	353.39	220.874	252.898	288.744	328.367	259.887	317.258	372.245
-2.522e+06	189.38	188.219	200.615	204.2	203.153	233.608	266.301	302.537	245.978	299.264	350.505	218.624	250.38	285.718	325.18	257.375	314.287	368.865
-2.521e+06	188.699	187.57	199.403	202.985	201.903	232.299	264.783	300.939	244.664	297.837	348.885	217.239	248.887	284.095	323.149	255.955	312.635	367.083
-2.52e+06	187.562	186.453	197.952	201.524	200.448	230.693	263.021	298.759	243.036	295.994	346.772	215.64	247.152	282.219	321.1	254.288	310.692	364.968
-2.519e+06	187.638	186.575	197.254	200.822	199.767	229.897	262.128	297.72	242.233	295.072	345.67	214.43	245.82	280.75	319.484	253.018	309.022	363.289
-2.518e+06	189.674	188.652	198.12	201.708	200.677	230.88	263.215	298.92	243.284	296.319	347.021	214.897	246.379	281.287	319.991	253.655	309.673	363.834
-2.517e+06	196.417	195.407	202.539	206.189	205.194	235.788	268.552	304.675	248.383	302.177	353.503	218.304	250.195	285.475	324.548	257.603	314.074	368.876
-2.516e+06	202.706	201.847	206.18	209.91	208.901	239.86	273.013	309.664	252.854	307.276	359.375	220.992	253.112	288.601	327.862	260.467	317.551	372.666
-2.515e+06	207.998	207.239	209.267	213.041	212.304	243.49	277.255	314.576	256.654	311.746	365.021	222.697	255.036	290.893	330.646	262.54	320.25	375.685
-2.514e+06	214.556	213.892	213.851	217.718	217.103	248.723	283.092	321.059	262.124	318.373	372.248	225.733	258.494	294.789	335.013	266.068	324.486	380.578
-2.513e+06	218.02	217.508	217.66	221.608	221.207	253.342	288.532	327.406	266.967	324.391	379.645	229.347	262.637	299.532	340.413	270.321	329.641	386.592
-2.512e+06	220.105	219.717	221.047	225.071	224.833	257.366	293.183	332.747	271.117	329.584	385.631	232.689	266.479	303.935	345.429	274.236	334.46	392.274
-2.511e+06	223.243	222.991	225.023	229.12	229.048	261.963	298.384	338.603	275.828	335.266	392.197	236.173	270.463	308.483	350.589	278.28	339.377	398.007
-2.51e+06	226.313	226.146	228.649	232.817	232.901	266.19	303.195	344.049	280.152	340.511	398.288	239.276	273.998	312.501	355.133	281.846	343.682	402.99
-2.509e+06	231.076	230.989	233.306	237.549	237.786	271.493	309.118	350.637	285.551	346.875	405.51	242.946	278.146	317.182	360.39	286.018	348.651	408.696
-2.508e+06	236.154	236.161	238.001	242.321	242.68	276.87	315.153	357.383	291.013	353.35	412.912	246.45	282.115	321.675	365.46	289.981	353.455	414.225
-2.507e+06	238.503	238.582	240.637	245.027	245.46	280.104	318.991	361.897	294.286	357.571	417.977	253.982	290.423	330.802	375.44	298.344	363.057	424.923
-2.506e+06	239.449	239.575	242.172	246.603	246.922	282.006	321.272	364.613	296.177	360.109	421.066	262.06	299.439	340.834	386.554	307.354	373.482	436.587
-2.505e+06	240.171	240.291	242.982	247.423	247.386	282.913	322.282	365.744	296.977	360.987	422.137	264.794	302.502	344.257	390.372	310.287	377.026	440.665
-2.504e+06	241.525	241.626	244.163	248.631	248.312	284.269	323.836	367.526	298.227	362.51	423.994	267.272	305.3	347.409	393.9	312.963	380.164	443.948
-2.503e+06	245.575	245.493	246.479	250.962	250.39	286.623	326.228	369.998	300.456	364.678	426.481	268.622	306.809	349.154	395.943	314.465	381.657	445.953
-2.502e+06	251.07	250.804	249.694	254.218	253.478	290.152	330.064	374.141	303.97	368.569	430.762	269.956	308.295	350.773	397.806	315.861	383.491	448.14
-2.501e+06	252.989	252.577	250.702	255.275	254.462	291.572	331.924	376.522	305.437	370.727	433.559	271.145	309.658	352.288	399.356	316.856	385.014	449.93
-2.5e+06	253.81	253.586	251.311	255.906	255.284	292.375	332.943	377.834	306.231	372.112	435.318	272.174	310.905	353.791	401.143	317.986	386.487	451.647
-2.499e+06	248.999	248.968	248.305	252.909	252.623	289.47	330.205	375.365	303.323	370	433.395	272.272	311.137	354.228	401.805	318.147	386.806	451.785
-2.498e+06	242.449	242.368	244.582	249.149	249.297	285.462	326.015	371.022	299.185	365.878	429.128	271.998	310.946	354.195	402.02	318.058	386.646	451.622
-2.497e+06	235.009	234.715	240.275	244.778	245.275	280.655	320.829	365.452	294.193	360.262	423.317	270.896	309.771	352.981	400.814	317.014	385.22	450.612
-2.496e+06	226.938	226.592	235.918	240.349	240.998	275.898	315.521	359.466	289.145	354.183	416.816	269.529	308.26	351.334	399.047	315.555	383.404	449.086
-2.495e+06	221.613	221.278	233.043	237.395	237.92	272.364	311.381	354.627	285.43	349.155	410.86	267.833	306.39	349.35	396.892	313.629	381.257	446.705
-2.494e+06	218.365	217.928	231.479	235.791	236.011	270.218	308.856	351.726	283.206	346.47	407.549	256.098	293.486	335.218	381.507	300.464	366.241	429.988
-2.493e+06	214.642	214.224	229.247	233.515	233.398	267.504	305.505	347.859	280.424	342.936	403.156	251.571	288.413	329.558	375.226	295.267	360.059	423.044
-2.492e+06	211.34	210.859	227.229	231.458	231.135	265.164	302.718	344.491	278.01	339.78	399.229	248.234	284.648	325.345	370.537	291.432	355.802	418.307
-2.491e+06	205.377	204.71	222.843	227.009	226.659	260.224	297.237	338.368	272.93	333.503	391.76	243.894	279.632	319.573	363.96	286.393	349.797	411.233
-2.49e+06	199.649	198.921	218.973	223.062	222.617	255.709	292.132	332.66	268.292	327.732	385.096	240.548	275.782	315.158	358.932	282.503	345	405.498
-2.489e+06	195.374	194.545	215.756	219.785	219.22	251.906	287.65	327.398	264.381	322.76	378.892	237.535	272.25	311.07	354.219	278.933	340.482	400.009
-2.488e+06	192.093	191.172	213.117	217.082	216.379	248.717	284.02	323.252	261.145	318.618	373.888	234.99	269.302	307.566	350.038	275.814	336.568	395.108
-2.487e+06	191.624	190.687	211.031	214.928	214.168	246.065	280.672	319.063	258.387	314.766	368.832	232.128	265.914	303.59	345.458	272.542	332.294	389.795
-2.486e+06	192.64	191.611	209.471	213.323	212.381	243.986	278.128	316.122	256.232	311.805	365.095	229.718	263.031	300.102	341.371	269.66	328.54	385.146
-2.485e+06	195.722	194.669	208.779	212.587	211.652	242.963	276.788	314.215	255.27	310.024	362.519	227.482	260.301	296.951	337.682	266.948	325.127	380.932
-2.484e+06	199.61	198.627	208.782	212.573	211.512	242.752	276.235	313.346	254.978	309.325	361.25	225.547	258.092	294.319	334.479	264.781	322.126	377.294
-2.483e+06	205.055	204.129	211.163	214.982	214.166	245.386	279.355	316.755	257.972	312.669	365.105	226.5	258.958	295.312	335.461	265.717	323.237	378.387
-2.482e+06	209.808	208.971	213.311	217.161	216.503	247.813	282.088	319.744	260.596	315.695	368.419	227.185	259.681	296.139	336.312	266.522	324.164	379.285
-2.481e+06	214.915	214.196	216.703	220.611	219.97	251.727	286.473	324.651	264.643	320.384	373.994	229.281	262.082	298.757	339.172	269.015	326.942	382.674
-2.48e+06	219.484	218.803	219.644	223.602	223.119	255.09	290.177	328.793	268.09	324.69	378.78	230.991	263.937	300.824	341.56	270.928	329.482	385.217
-2.479e+06	223.254	222.768	223.495	227.539	227.214	259.716	295.571	335.007	272.982	330.692	385.782	234.809	268.332	305.788	347.114	275.445	334.745	391.488
-2.478e+06	225.731	225.372	226.597	230.703	230.53	263.384	299.78	339.831	276.78	335.435	391.325	237.976	271.974	309.933	351.828	279.164	339.308	396.771
-2.477e+06	227.322	227.093	229.198	233.364	233.356	266.538	303.478	344.149	280.06	339.57	396.311	241.036	275.494	313.946	356.399	282.74	343.653	401.853
-2.476e+06	228.319	228.166	231.371	235.586	235.725	269.164	306.547	347.72	282.766	342.96	400.334	243.96	278.831	317.721	360.664	286.108	347.678	406.49
-2.475e+06	233.296	233.161	235.447	239.697	239.889	273.55	311.202	352.651	287.164	347.699	405.356	256.161	292.317	332.552	376.898	299.727	363.273	423.787
-2.474e+06	239.374	239.339	239.785	244.088	244.337	278.373	316.474	358.425	292.025	353.223	411.692	260.773	297.485	338.269	383.25	304.842	369.439	430.557
-2.473e+06	244.295	244.327	243.458	247.823	248.09	282.613	321.255	363.8	296.329	358.584	417.736	264.167	301.32	342.577	388.062	308.603	373.936	435.675
-2.472e+06	249.199	249.315	247.354	251.782	252.104	287.074	326.259	369.392	300.836	363.899	423.723	267.469	305.086	346.852	392.923	312.36	378.317	440.85
-2.471e+06	252.147	252.307	249.636	254.109	254.359	289.758	329.34	372.956	303.506	367.222	427.849	269.509	307.438	349.556	395.972	314.53	381.101	443.794
-2.47e+06	254.226	254.411	251.238	255.742	255.77	291.642	331.498	375.421	305.337	369.698	430.635	270.487	308.64	351.021	397.795	315.783	382.419	445.79
-2.469e+06	254.878	254.999	251.642	256.165	255.853	292.226	332.248	376.349	305.886	370.448	431.565	270.698	308.941	351.404	398.235	315.771	382.921	446.429
-2.468e+06	255.616	255.716	252.172	256.712	256.201	292.938	333.19	377.59	306.626	371.302	432.801	271.374	309.748	352.373	399.404	316.453	383.739	446.977
-2.467e+06	266.316	266.54	262.877	267.565	267.258	304.953	346.436	392.152	318.871	385.281	448.418	272.125	310.603	353.366	400.616	317.451	384.569	448.09
-2.466e+06	268.917	269.152	265.582	270.316	270.058	308.075	349.964	396.143	321.975	388.787	452.28	272.769	311.316	354.17	401.558	318.289	385.249	449.422
-2.465e+06	270.66	270.907	267.141	271.901	271.965	309.9	352.045	398.481	323.598	390.974	454.881	273.165	311.793	354.71	402.075	318.668	385.873	450.259
-2.464e+06	272.161	272.3	268.656	273.443	273.319	311.661	354.049	400.76	325.208	392.942	456.699	273.781	312.508	355.533	403.006	318.969	386.612	451.09
-2.463e+06	263.798	264.148	261.273	265.995	265.904	303.744	345.703	392.063	317.19	384.033	447.491	274.323	313.148	356.284	403.891	319.271	387.261	451.747
-2.462e+06	256.886	257.133	255.794	260.45	260.379	297.706	339.163	385.021	310.917	376.967	440.108	274.484	313.393	356.628	404.359	319.419	387.504	451.882
-2.461e+06	251.349	251.514	251.956	256.564	256.527	293.468	334.564	380.059	306.493	371.888	434.812	273.901	312.791	356.013	403.749	318.719	386.714	450.767
-2.46e+06	246.367	246.303	248.664	253.229	253.24	289.813	330.575	375.73	302.688	367.481	430.185	273.372	312.242	355.447	403.18	318.082	385.99	449.774
-2.459e+06	242.796	242.44	246.13	250.65	250.752	286.865	327.227	371.954	299.592	363.756	426.14	272.756	311.572	354.721	402.406	317.324	385.086	448.622
-2.458e+06	239.876	239.457	244.275	248.766	248.937	284.729	324.82	369.235	297.356	360.954	423.082	272.284	311.048	354.142	401.777	316.72	384.343	447.73
-2.457e+06	237.68	237.12	242.843	247.306	247.496	283.058	322.916	367.084	295.611	358.804	420.666	271.925	310.651	353.702	401.301	316.247	383.752	447.079
-2.456e+06	235.662	235.133	241.515	245.952	246.161	281.515	321.164	365.108	294.007	357.014	418.607	271.409	310.124	353.17	400.773	315.652	383.097	446.432
-2.455e+06	230.758	230.259	238.506	242.913	243.144	278.272	317.716	361.462	290.711	353.541	414.874	270.143	308.809	351.813	399.39	314.271	381.597	444.809
-2.454e+06	225.054	224.632	235.429	239.785	240.029	274.825	313.938	357.342	287.193	349.566	410.355	259.525	297.175	339.135	385.657	302.546	368.239	430.107
-2.453e+06	219.511	219.018	232.104	236.394	236.528	270.897	309.464	352.291	283.165	344.859	404.713	254.112	291.106	332.364	378.151	296.449	360.927	421.765
-2.452e+06	213.684	213.087	228.654	232.837	232.755	266.723	304.702	346.917	278.908	339.963	398.842	249.844	286.291	326.954	372.115	291.633	355.096	415.462
-2.451e+06	208.324	207.658	224.677	228.781	228.349	261.911	298.941	340.242	274.015	333.716	391.193	244.962	280.593	320.401	364.691	286.062	348.408	407.743
-2.45e+06	204.96	204.164	221.893	225.939	225.402	258.598	295.033	335.659	270.619	329.278	385.69	241.84	276.935	316.103	359.64	282.468	343.872	402.337
-2.449e+06	202.396	201.547	219.517	223.5	222.8	255.622	291.615	331.648	267.588	325.342	380.826	239.119	273.75	312.392	355.35	279.345	339.896	397.548
-2.448e+06	200.219	199.335	217.345	221.281	220.537	253.1	288.569	328.012	265.053	321.95	376.539	236.839	271.008	309.195	351.65	276.715	336.452	393.465
-2.447e+06	198.543	197.635	215.566	219.47	218.649	250.947	285.942	324.963	262.872	319.095	372.939	235.157	268.999	306.686	348.606	274.785	333.719	390.031
-2.446e+06	197.679	196.746	214.469	218.333	217.38	249.461	284.188	322.893	261.389	317.061	370.344	234.073	267.63	305.084	346.692	273.485	332.032	387.713
-2.445e+06	197.345	196.319	213.334	217.164	216.271	248.086	282.49	320.658	260.058	315.054	367.632	232.666	265.965	303.132	344.28	271.838	329.874	385.179
-2.444e+06	196.915	195.946	212.125	215.922	214.885	246.505	280.546	318.472	258.425	312.963	364.996	231.191	264.133	300.833	341.652	270.11	327.525	382.182
-2.443e+06	197.204	196.147	211.422	215.202	214.323	245.795	279.653	317.222	257.764	311.819	363.34	230.323	263.168	299.715	340.206	269.154	326.257	380.637
-2.442e+06	197.087	196.016	210.472	214.225	213.208	244.459	278.233	315.615	256.548	310.205	361.401	229.166	261.709	297.983	338.343	267.811	324.57	378.273
-2.441e+06	196.287	195.232	209.444	213.184	212.131	243.297	276.766	314.117	255.307	308.844	359.738	228.234	260.652	296.72	336.738	266.818	323.144	376.727
-2.44e+06	194.529	193.477	207.788	211.502	210.455	241.417	274.656	311.495	253.443	306.573	356.789	226.674	258.904	294.762	334.527	265.118	320.989	374.319
-2.439e+06	193.439	192.481	206.788	210.502	209.581	240.409	273.508	310.166	252.486	305.333	355.282	225.764	258.026	293.762	333.385	264.303	319.977	373.047
-2.438e+06	193.005	191.944	206.352	210.034	209.152	239.833	272.903	309.456	252.034	304.475	354.478	225.551	257.563	293.391	332.933	263.937	319.632	372.384
-2.437e+06	193.474	192.414	206.438	210.115	209.209	239.717	272.832	309.306	252.09	304.415	354.253	225.649	257.625	293.234	332.914	264.018	319.7	372.24
-2.436e+06	192.236	191.187	204.816	208.469	207.463	237.88	270.705	306.957	250.205	302.217	351.657	223.925	255.718	291.069	330.523	262.145	317.469	369.751
-2.435e+06	190.651	189.613	202.899	206.521	205.362	235.69	268.014	304.111	247.945	299.553	348.515	221.63	253.172	288.248	327.191	259.632	314.496	366.427
-2.434e+06	190.985	189.967	202.515	206.127	204.971	235.23	267.466	303.208	247.326	298.976	347.682	220.979	252.423	287.389	326.088	258.942	313.483	365.362
-2.433e+06	193.962	192.986	203.777	207.396	206.279	236.562	268.863	304.592	248.749	300.445	348.991	221.554	253.017	287.995	326.7	259.609	314.044	366.011
-2.432e+06	197.35	196.411	205.061	208.693	207.611	237.967	270.387	306.235	250.278	302.086	350.792	222.122	253.581	288.548	327.237	260.231	314.68	366.545
-2.431e+06	203.827	202.883	208.199	211.859	210.811	241.365	274.027	310.118	253.763	305.943	354.995	223.397	254.969	290.054	328.868	261.687	316.263	368.343
-2.43e+06	210.146	209.289	211.071	214.765	213.55	244.533	277.484	313.874	256.875	309.654	359.125	224.002	255.587	290.658	329.439	262.27	316.802	369.089
-2.429e+06	218.019	217.332	216.811	220.598	219.68	251.104	284.871	322.143	263.888	318.014	368.519	227.773	259.793	295.343	334.745	266.555	322.136	374.87
-2.428e+06	225.505	224.964	223.048	226.928	226.222	258.212	292.861	331.106	271.284	326.533	378.511	231.887	264.475	300.665	340.741	271.349	327.877	381.464
-2.427e+06	227.643	227.259	226.607	230.583	230.078	262.643	298.167	337.385	275.951	332.629	385.763	235.575	268.684	305.448	346.147	275.63	333.068	387.474
-2.426e+06	228.142	227.895	229.53	233.574	233.272	266.202	302.365	342.293	279.648	337.316	391.378	239.405	273.027	310.354	351.66	280.021	338.312	393.494
-2.425e+06	232.172	232.001	234.198	238.311	238.168	271.493	308.259	348.837	285.045	343.592	398.484	253.443	288.566	327.478	370.443	295.73	356.369	413.563
-2.424e+06	235.184	235.076	237.141	241.305	241.275	274.909	312.142	353.232	288.506	347.73	403.269	258.601	294.38	334.005	377.743	301.488	363.177	421.187
-2.423e+06	237.871	237.767	239.433	243.631	243.568	277.51	315.047	356.472	291.099	350.737	406.656	261.867	298.072	338.188	382.482	305.099	367.401	426.046
-2.422e+06	239.969	239.879	240.984	245.207	245.113	279.32	317.119	358.835	292.869	352.869	409.105	263.886	300.428	340.905	385.555	307.362	370.153	429.067
-2.421e+06	240.916	240.821	240.901	245.119	244.981	279.201	317.01	358.787	292.624	352.621	408.918	263.399	299.956	340.52	385.348	306.826	369.699	428.861
-2.42e+06	244.271	244.069	242.865	247.111	247.077	281.425	319.516	361.634	294.819	355.199	412.204	264.713	301.466	342.19	387.136	308.159	371.498	430.962
-2.419e+06	245.378	245.054	243.062	247.325	247.327	281.783	320.061	362.42	295.141	356.143	413.457	264.72	301.579	342.439	387.545	308.173	371.668	431.019
-2.418e+06	247.03	246.941	244.336	248.615	248.409	283.224	321.612	364.168	296.607	358.149	415.522	265.399	302.43	343.531	388.949	309.083	372.613	432.269
-2.417e+06	245.475	245.425	243.489	247.783	247.224	282.527	321.062	363.628	295.883	357.471	414.954	264.987	302.026	343.173	388.691	308.714	372.181	432.413
-2.416e+06	244.645	244.324	243.595	247.903	247.062	282.774	321.51	364.34	296.139	357.627	415.518	265.797	302.992	344.281	389.926	309.585	373.662	434.196
-2.415e+06	244.765	244.182	244.154	248.464	247.427	283.356	322.148	365.089	296.693	358.013	416.42	266.735	304.091	345.559	391.394	310.315	374.929	435.416
-2.414e+06	245.081	244.343	244.726	249.042	247.889	283.988	322.862	365.924	297.308	358.689	417.458	267.521	305.016	346.647	392.669	311.15	375.954	436.178
-2.413e+06	247.225	246.49	246.404	250.726	249.48	285.724	324.651	367.778	299.02	360.572	419.365	268.493	306.117	347.893	394.076	312.172	377.022	437.177
-2.412e+06	249.593	248.863	248.025	252.363	251.056	287.49	326.561	369.853	300.785	362.492	421.456	269.129	306.829	348.661	394.916	312.794	377.525	437.934
-2.411e+06	250.827	250.163	248.996	253.354	252.011	288.647	327.914	371.432	301.96	363.901	423.123	269.824	307.527	349.378	395.681	313.472	378.048	438.727
-2.41e+06	251.294	250.742	249.441	253.805	252.44	289.17	328.523	372.146	302.467	364.525	423.867	270.085	307.771	349.629	395.959	313.744	378.143	439.058
-2.409e+06	247.942	247.603	247.559	251.927	250.572	287.348	326.798	370.564	300.643	363.059	422.447	269.973	307.644	349.504	395.851	313.687	377.894	439.058
-2.408e+06	242.987	242.897	244.814	249.153	247.813	284.352	323.577	367.124	297.56	360.122	418.859	269.459	307.107	348.955	395.302	313.25	377.376	438.667
-2.407e+06	235.947	235.919	240.792	245.082	243.912	279.903	318.734	361.875	292.992	355.306	413.495	257.768	294.284	334.959	380.105	300.258	362.67	422.388
-2.406e+06	228.464	228.387	236.872	241.101	240.06	275.447	313.759	356.338	288.393	350.117	407.89	254.256	290.399	330.677	375.403	296.283	358.023	417.158
-2.405e+06	223.26	223.031	233.823	237.975	236.78	271.66	309.188	350.878	284.389	344.968	401.866	250.711	286.414	326.216	370.428	292.217	353.321	412.04
-2.404e+06	219.686	219.29	231.651	235.761	234.556	269.13	306.273	347.475	281.74	341.505	397.657	248.134	283.361	322.672	366.379	289.217	349.958	407.962
-2.403e+06	220.892	220.464	231.653	235.726	234.576	268.781	305.525	346.251	281.263	340.101	395.296	246.419	281.251	320.08	363.222	287.106	347.141	404.544
-2.402e+06	223.778	223.239	232.131	236.178	235.084	269.072	305.66	346.187	281.49	339.794	394.66	245.096	279.587	318.044	360.767	285.44	344.981	401.607
-2.401e+06	228.827	228.28	234.478	238.533	237.401	271.473	308.058	348.563	283.901	342.028	396.853	245.472	279.878	318.211	360.748	285.753	344.905	401.391
-2.4e+06	233.842	233.388	236.722	240.793	239.861	273.865	310.547	351.113	286.252	344.678	399.226	245.724	280.092	318.359	360.806	285.889	345.03	401.129
-2.399e+06	237.188	236.988	238.737	242.847	242.081	276.229	313.273	354.236	288.756	347.702	402.696	246.531	281.134	319.516	362.075	286.877	346.341	402.371
-2.398e+06	239.131	238.93	239.654	243.786	243.202	277.339	314.592	355.794	289.938	349.11	404.349	252.262	287.506	326.463	369.603	293.298	353.7	410.415
-2.397e+06	239.638	239.23	239.975	244.123	243.71	277.851	315.288	356.736	290.428	350.157	405.611	257.375	293.172	332.76	376.722	299.03	360.374	417.779
-2.396e+06	239.451	239.194	240.29	244.452	243.885	278.316	315.894	357.437	290.834	350.703	406.042	259.263	295.341	335.289	379.626	301.122	362.895	420.55
-2.395e+06	237.31	237.276	239.389	243.558	242.737	277.484	315.163	356.847	290.023	349.597	405.364	260.388	296.523	336.587	381.109	302.432	364.234	422.305
-2.394e+06	234.684	234.499	238.015	242.172	241.243	276.007	313.621	355.275	288.585	347.797	403.824	260.991	297.368	337.672	382.405	303.038	365.299	423.157
-2.393e+06	232.657	232.276	236.999	241.139	240.361	274.833	312.307	353.828	287.408	346.618	402.259	261.802	298.314	338.769	383.614	303.885	366.218	424.089
-2.392e+06	230.798	230.28	236.101	240.225	239.63	273.794	311.14	352.54	286.357	345.683	400.814	262.61	299.161	339.644	384.485	304.754	366.85	425.145
-2.391e+06	230.93	230.362	236.165	240.268	239.772	273.666	310.812	351.994	286.185	345.409	399.987	263.013	299.492	339.937	384.743	305.267	367.134	425.651
-2.39e+06	231.924	231.387	236.661	240.762	240.289	274.138	311.251	352.465	286.656	345.849	400.317	263.484	299.913	340.463	385.48	305.809	367.769	426.24
-2.389e+06	235.127	234.63	238.394	242.497	241.966	275.889	312.999	354.103	288.389	347.434	401.897	264.038	300.682	341.344	386.396	306.41	368.543	426.978
-2.388e+06	239.181	238.735	240.605	244.728	244.117	278.272	315.528	356.75	290.763	349.844	404.513	264.907	301.642	342.358	387.455	307.113	369.459	427.884
-2.387e+06	243.825	243.448	243.365	247.516	246.857	281.297	318.79	360.245	293.794	353.079	408.091	266.12	302.955	343.781	388.985	308.156	370.834	429.259
-2.386e+06	248.542	248.178	246.212	250.394	249.691	284.427	322.178	363.891	296.923	356.267	411.833	267.233	304.161	345.089	390.392	309.287	372.086	430.375
-2.385e+06	253.289	252.831	249.525	253.768	253.181	288.285	326.531	368.735	300.865	360.858	417.056	269.1	306.234	347.405	392.966	311.382	374.459	432.696
-2.384e+06	266.353	266.002	261.64	266.042	265.768	301.833	341.443	385.035	314.735	376.55	434.443	270.358	307.639	348.998	394.766	313.072	376.063	434.896
-2.383e+06	268.611	268.317	263.912	268.373	268.338	304.703	344.92	389.198	317.601	380.286	439.137	270.866	308.277	349.76	395.656	313.742	376.86	436.31
-2.382e+06	261.493	261.363	257.427	261.835	261.89	297.766	337.614	381.573	310.476	372.382	430.781	271.402	308.976	350.63	396.713	313.951	377.722	437.161
-2.381e+06	256.239	256.079	253.166	257.537	257.35	293.185	332.779	376.528	305.821	367.294	425.311	271.517	309.157	350.898	397.092	313.964	377.909	436.935
-2.38e+06	252.591	252.43	250.734	255.079	254.737	290.541	329.975	373.618	303.197	364.57	422.451	271.365	308.976	350.731	396.959	313.885	377.66	436.667
-2.379e+06	249.797	249.628	248.909	253.222	252.692	288.434	327.613	371.013	301.058	362.23	419.818	270.828	308.345	350.022	396.175	313.416	376.821	436.098
-2.378e+06	247.554	247.389	247.488	251.777	251.011	286.801	325.786	368.997	299.399	360.495	417.736	270.454	307.878	349.463	395.52	313.089	376.137	435.624
-2.377e+06	245.817	245.612	246.3	250.562	249.72	285.385	324.151	367.132	297.938	359.056	415.703	270.029	307.355	348.851	394.909	312.653	375.391	434.965
-2.376e+06	244.351	244.148	245.371	249.614	248.793	284.285	322.885	365.692	296.804	357.902	414.114	269.683	306.954	348.523	394.582	312.292	374.946	434.475
-2.375e+06	239.894	239.683	242.719	246.942	246.155	281.467	319.929	362.61	293.958	355.093	410.966	268.996	306.263	347.83	393.874	311.562	374.14	433.604
-2.374e+06	234.268	234.036	239.638	243.819	243.076	278.01	316.115	358.426	290.414	351.186	406.896	260.452	296.962	337.732	382.965	302.124	363.559	421.997
-2.373e+06	228.077	227.836	236.252	240.376	239.546	274.107	311.705	353.662	286.386	346.477	401.83	254.753	290.612	330.671	375.151	295.671	356.042	413.473
-2.372e+06	221.893	221.654	233.156	237.234	236.208	270.552	307.66	349.13	282.719	342.107	396.935	251.666	287.137	326.763	370.776	292.141	351.895	409.053
-2.371e+06	218.647	218.25	231.349	235.381	234.161	268.318	304.945	345.667	280.352	338.821	392.85	249.079	284.166	323.369	366.923	289.164	348.694	405.294
-2.37e+06	216.83	216.371	230.116	234.12	232.899	266.844	303.232	343.65	278.81	336.652	390.057	247.405	282.09	320.827	363.901	287.227	346.32	402.404
-2.369e+06	215.983	215.608	229.213	233.203	232.137	265.81	301.992	342.164	277.725	334.957	388.05	246.22	280.693	319.152	361.877	285.822	344.619	400.372
-2.368e+06	215.722	215.167	228.589	232.54	231.544	264.905	301.006	341.048	276.788	333.626	386.623	245.298	279.595	317.829	360.31	284.775	343.353	398.528
-2.367e+06	213.536	212.97	227.079	231.012	229.871	263.198	298.996	338.829	275.052	331.612	384.296	244.162	278.344	316.44	358.751	283.521	341.689	396.683
-2.366e+06	210.677	210.209	225.421	229.332	228.242	261.339	296.929	336.425	273.164	329.26	381.257	242.925	276.992	314.963	357.136	282.168	339.969	394.884
-2.365e+06	208.436	207.764	223.451	227.331	226.338	259.092	294.349	333.444	270.862	326.142	377.649	240.877	274.714	312.422	354.286	279.834	337.322	391.637
-2.364e+06	206.777	206.098	221.908	225.74	224.657	257.135	292.113	330.998	268.846	323.634	374.814	239.319	272.818	310.182	351.741	278.008	335.071	388.705
-2.363e+06	205.945	205.181	220.489	224.296	223.229	255.478	290.083	328.434	267.157	321.237	371.713	237.582	270.885	307.992	349.161	276.052	332.556	385.855
-2.362e+06	205.573	204.774	219.436	223.203	221.997	254.05	288.368	326.502	265.678	319.359	369.425	236.19	269.164	305.903	346.763	274.374	330.437	383.111
-2.361e+06	204.345	203.49	218.06	221.826	220.666	252.583	286.702	324.52	264.212	317.48	367.174	234.955	267.833	304.435	345.007	273.031	328.738	381.2
-2.36e+06	202.601	201.853	216.625	220.344	219.259	250.851	284.897	322.488	262.591	315.382	364.857	233.891	266.482	302.819	343.33	271.768	327.248	379.155
-2.359e+06	201.899	200.986	215.709	219.403	218.13	249.663	283.296	320.673	261.258	313.811	362.779	232.846	265.303	301.394	341.466	270.622	325.547	377.247
-2.358e+06	201.054	200.193	214.421	218.102	216.894	248.248	281.65	318.658	259.839	311.896	360.424	231.522	263.704	299.657	339.462	269.044	323.648	374.959
-2.357e+06	203.911	202.97	215.248	218.9	217.724	248.841	282.176	319.06	260.553	312.275	360.616	231.243	263.261	298.891	338.524	268.638	322.987	373.794
-2.356e+06	207.792	206.839	216.369	220.023	218.704	249.964	283.176	319.946	261.59	313.384	361.363	230.987	262.895	298.382	337.716	268.306	322.353	372.943
-2.355e+06	212.747	211.807	218.706	222.386	221.144	252.548	285.983	322.956	264.284	316.354	364.59	231.88	263.864	299.425	338.821	269.33	323.282	374.101
-2.354e+06	217.264	216.388	220.86	224.565	223.321	254.927	288.571	325.755	266.756	319.063	367.563	232.543	264.557	300.143	339.555	270.061	323.901	374.818
-2.353e+06	222.247	221.577	224.387	228.156	227.003	259.046	293.276	331.091	270.991	324.291	373.599	235.228	267.55	303.468	343.234	273.095	327.603	378.976
-2.352e+06	225.971	225.412	227.029	230.843	229.954	262.112	296.766	335.024	274.278	328.284	377.976	237.258	269.831	306.038	346.146	275.429	330.603	381.983
-2.351e+06	231.362	230.945	231.878	235.768	234.936	267.654	302.984	341.98	279.933	334.787	385.702	250.613	284.623	322.338	364.024	290.368	347.55	400.978
-2.35e+06	236.587	236.28	236.689	240.651	240.01	273.134	309.112	348.803	285.548	341.476	393.161	256.882	291.605	330.088	372.589	297.333	355.546	409.905
-2.349e+06	243.81	243.618	242.717	246.756	246.284	279.87	316.527	356.952	292.395	349.292	401.978	262.504	297.872	337.056	380.305	303.565	362.708	417.972
-2.348e+06	250.969	250.9	248.438	252.554	252.221	286.302	323.637	364.77	298.909	356.807	410.318	267.077	303.031	342.843	386.756	308.652	368.744	424.586
-2.347e+06	254.701	254.724	251.839	256.032	255.761	290.419	328.462	370.381	303.097	361.998	416.547	270.87	307.331	347.681	392.155	312.834	373.717	430.327
-2.346e+06	257.016	257.111	254.259	258.502	258.218	293.324	331.872	374.361	306.007	365.639	420.81	273.684	310.566	351.433	396.522	315.987	377.566	434.8
-2.345e+06	255.623	255.659	253.579	257.84	257.217	292.811	331.545	374.267	305.401	365.313	420.71	274.266	311.376	352.475	397.781	316.709	378.495	435.674
-2.344e+06	253.873	253.849	252.753	257.02	256.216	292.079	330.961	373.867	304.654	364.631	420.225	274.78	311.986	353.265	398.834	317.268	379.156	436.979
-2.343e+06	254.929	254.805	253.236	257.482	256.455	292.382	331.109	373.884	304.877	364.491	419.895	274.821	312.001	353.176	398.604	316.854	379.056	436.777
-2.342e+06	258.049	257.885	255.129	259.391	258.164	294.421	333.305	376.278	306.924	366.468	422.321	275.475	312.752	354.035	399.57	317.466	379.768	437.184
-2.341e+06	269.438	269.405	265.564	269.953	268.861	306.016	345.987	390.101	318.693	379.687	436.847	275.299	312.655	354.083	399.81	317.407	379.662	436.819
-2.34e+06	273.123	273.348	268.607	273.037	272.379	309.418	349.72	394.196	322.026	383.431	441.237	274.628	311.987	353.458	399.292	316.935	378.894	436.505
-2.339e+06	272.925	273.122	268.881	273.351	272.663	310.071	350.767	395.695	322.531	384.558	442.508	273.704	310.982	352.394	398.204	316.043	377.684	435.777
-2.338e+06	262.1	262.322	259.149	263.519	262.849	299.469	339.396	383.562	311.698	372.499	429.626	272.97	310.27	351.681	397.402	315.119	376.915	435.023
-2.337e+06	255.499	255.331	254.14	258.464	257.82	294.068	333.651	377.482	306.118	366.828	423.516	272.197	309.472	350.866	396.582	314.012	375.957	433.87
-2.336e+06	249.505	249.03	250.187	254.469	253.886	289.761	329.026	372.535	301.657	362.124	418.577	271.549	308.798	350.17	395.874	313.084	375.124	432.759
-2.335e+06	243.531	242.847	246.327	250.562	250.098	285.481	324.354	367.455	297.231	357.223	413.422	260.976	297.194	337.501	382.117	301.33	361.836	418.065
-2.334e+06	237.665	236.84	242.755	246.937	246.772	281.484	319.941	362.594	293.059	352.533	408.444	257.083	292.842	332.659	376.761	296.979	356.66	412.171
-2.333e+06	232.164	231.364	239.643	243.776	243.608	277.947	315.993	358.186	289.395	348.006	403.403	254.388	289.8	329.245	372.953	293.94	352.976	408.044
-2.332e+06	226.989	226.25	236.833	240.92	240.741	274.758	312.444	354.251	286.138	344.117	399.008	252.221	287.346	326.479	369.859	291.501	350.052	405.138
-2.331e+06	223.193	222.516	234.616	238.647	238.365	272.036	309.262	350.568	283.349	340.778	394.935	250.352	285.164	323.938	366.937	289.314	347.527	402.191
-2.33e+06	220.167	219.456	232.804	236.764	236.327	269.769	306.603	347.485	281.042	338.147	391.647	249.273	283.832	322.315	364.993	288.006	345.782	400.177
-2.329e+06	219.474	218.678	232.182	236.113	235.421	268.759	305.129	345.6	280.081	336.634	389.506	258.494	293.866	333.18	376.689	298.117	357.041	412.361
-2.328e+06	219.453	218.755	231.789	235.704	234.932	268.213	304.368	344.415	279.519	335.629	387.914	259.865	295.247	334.928	378.534	299.668	358.745	413.738
-2.327e+06	220.708	220.087	231.926	235.841	235.192	268.331	304.349	344.214	279.607	335.206	387.28	260.637	296.137	335.871	379.531	300.353	359.636	414.535
-2.326e+06	223.141	222.358	232.901	236.795	236.171	269.173	305.268	345.134	280.441	336.146	388.085	261.64	297.236	337.038	380.79	301.39	360.755	415.658
-2.325e+06	223.851	223.097	233.139	237.045	236.36	269.395	305.397	345.367	280.783	336.541	388.446	262.374	298.071	337.888	381.679	302.188	361.566	416.59
-2.324e+06	223.841	223.066	233.051	236.958	236.21	269.318	305.254	345.061	280.717	336.352	388.107	262.662	298.345	338.074	381.869	302.572	361.699	417.065
-2.323e+06	220.941	220.084	231.494	235.397	234.623	267.69	303.566	343.322	279.136	334.756	386.436	262.376	298.036	337.883	381.906	302.505	361.596	417.132
-2.322e+06	217.988	217.046	230.377	234.263	233.52	266.408	302.136	341.793	277.862	333.485	384.999	252.822	287.669	326.778	369.96	292.101	350.126	404.481
-2.321e+06	214.58	213.603	228.354	232.202	231.366	264.02	299.354	338.726	275.397	330.498	381.452	248.511	282.867	321.411	364.07	287.364	344.928	398.603
-2.32e+06	211.942	210.988	226.842	230.668	229.712	262.31	297.447	336.436	273.653	328.28	378.8	246.173	280.225	318.341	360.535	284.728	341.743	394.966
-2.319e+06	210.357	209.391	225.184	228.97	227.776	260.27	295.007	333.525	271.523	325.324	374.931	243.452	277.071	314.7	356.364	281.543	337.803	390.313
-2.318e+06	210.586	209.62	224.436	228.194	227.051	259.302	293.883	332.216	270.541	323.819	373.083	241.98	275.308	312.573	353.842	279.784	335.482	387.634
-2.317e+06	211.471	210.438	223.938	227.678	226.43	258.591	292.864	330.848	269.783	322.559	371.379	240.356	273.466	310.372	351.272	277.983	333.061	384.684
-2.316e+06	212.885	211.921	223.755	227.469	226.312	258.223	292.387	330.258	269.422	321.985	370.551	239.139	272.091	308.833	349.451	276.572	331.392	382.553
-2.315e+06	214.608	213.738	224.136	227.849	226.547	258.571	292.647	330.38	269.778	322.261	370.585	238.601	271.235	307.735	348.27	275.8	330.498	381.133
-2.314e+06	216.215	215.206	224.383	228.093	226.82	258.797	292.845	330.529	270.027	322.182	370.616	238.055	270.556	306.848	347.04	275.145	329.306	379.921
-2.313e+06	218.832	217.863	225.696	229.422	228.247	260.26	294.449	332.269	271.557	323.92	372.45	238.54	271.075	307.382	347.577	275.699	329.865	380.455
-2.312e+06	221.342	220.352	226.952	230.693	229.594	261.659	295.981	333.934	273.009	325.577	374.176	239.107	271.64	307.925	348.085	276.285	330.445	380.894
-2.311e+06	225.339	224.626	229.581	233.354	232.34	264.583	299.183	337.419	276.016	329.002	377.896	240.651	273.361	309.82	350.16	278.041	332.445	383.101
-2.31e+06	229.646	228.987	232.279	236.087	234.932	267.6	302.504	341.055	279.106	332.366	381.767	242.235	275.061	311.617	352.068	279.771	334.094	385.119
-2.309e+06	235.197	234.616	236.839	240.722	239.709	272.861	308.46	347.767	284.516	338.695	389.261	255.416	289.586	327.547	369.478	294.42	350.696	403.664
-2.308e+06	239.691	239.25	240.659	244.602	243.805	277.236	313.376	353.265	288.987	344.144	395.213	260.634	295.43	334.054	376.694	300.248	357.448	411.227
-2.307e+06	243.082	242.711	243.19	247.168	246.465	280.099	316.569	356.832	291.863	347.458	399.1	263.607	298.768	337.785	380.842	303.504	361.232	415.225
-2.306e+06	246.822	246.494	245.969	249.986	249.299	283.242	320.064	360.702	295.019	351.278	403.201	266.276	301.749	341.11	384.531	306.353	364.668	419.276
-2.305e+06	249.436	249.179	248.08	252.137	251.411	285.729	322.902	363.895	297.523	354.271	406.451	268.858	304.7	344.449	388.271	309.239	367.995	422.534
-2.304e+06	251.496	251.242	249.682	253.767	253.115	287.614	325.121	366.54	299.444	356.495	409.358	270.612	306.716	346.79	391.018	311.278	370.312	425.613
-2.303e+06	252.474	252.237	250.367	254.467	253.898	288.451	326.114	367.725	300.219	357.629	410.828	271.651	307.876	348.052	392.364	312.096	371.673	426.957
-2.302e+06	253.864	253.755	251.577	255.697	255.081	289.83	327.678	369.489	301.54	359.592	412.673	272.962	309.437	349.892	394.511	313.659	373.439	428.511
-2.301e+06	255.513	255.358	252.878	257.011	256.082	291.242	329.127	370.948	302.81	361.04	413.946	273.461	310.044	350.64	395.471	314.415	374.069	429.656
-2.3e+06	257.828	257.422	254.554	258.713	257.518	293.163	331.258	373.284	304.689	363.018	416.184	274.246	310.878	351.514	396.412	315.107	374.977	431.028
-2.299e+06	257.969	257.393	254.691	258.869	257.498	293.51	331.878	374.182	305.099	363.433	417.109	274.716	311.447	352.18	397.114	315.177	375.564	431.426
-2.298e+06	257.268	256.729	254.341	258.523	257.038	293.211	331.688	374.186	304.885	363.007	417.171	274.754	311.583	352.44	397.525	315.197	375.728	431.164
-2.297e+06	251.445	251.158	250.035	254.185	252.612	288.653	326.956	369.343	300.314	358.143	412.358	272.117	308.79	349.52	394.54	312.491	372.629	427.844
-2.296e+06	243.931	243.787	244.805	248.893	247.438	282.859	320.653	362.538	294.424	352.066	405.326	268.751	305.131	345.567	390.317	309.036	368.478	423.819
-2.295e+06	237.559	237.385	240.505	244.525	243.164	277.94	315.143	356.407	289.391	346.594	398.833	265.782	301.805	341.86	386.218	305.786	364.556	419.806
-2.294e+06	232.736	232.552	237.78	241.755	240.337	274.799	311.598	352.427	286.19	343.065	394.609	253.591	288.389	327.148	370.161	292.265	349.232	402.909
-2.293e+06	228.249	227.905	235.263	239.2	237.612	271.898	308.298	348.693	283.219	339.598	390.694	249.356	283.639	321.84	364.257	287.482	343.621	396.602
-2.292e+06	224.02	223.533	232.995	236.905	235.311	269.371	305.444	345.452	280.623	336.445	387.138	246.608	280.55	318.385	360.403	284.395	340.297	392.972
-2.291e+06	219.528	219.097	230.374	234.245	232.712	266.402	302.133	341.738	277.564	332.686	382.823	243.973	277.472	314.84	356.378	281.448	337.022	389.103
-2.29e+06	215.486	214.927	227.986	231.827	230.364	263.704	299.133	338.417	274.801	329.292	378.821	241.972	275.205	312.245	353.388	279.214	334.361	386.087
-2.289e+06	211.953	211.283	225.27	229.056	227.669	260.572	295.588	334.393	271.578	325.161	374.25	239.5	272.332	308.952	349.643	276.41	331.046	382.032
-2.288e+06	209.214	208.471	223.133	226.87	225.381	257.972	292.538	330.952	268.904	321.896	370.421	237.583	270.163	306.494	346.816	274.252	328.234	378.609
-2.287e+06	207.251	206.512	221.187	224.871	223.357	255.59	289.84	327.799	266.497	318.731	366.739	235.638	267.958	303.911	343.875	272.095	325.446	375.377
-2.286e+06	205.866	205.021	219.585	223.249	221.729	253.724	287.533	325.048	264.563	316.278	363.636	234.106	266.074	301.806	341.463	270.223	323.342	372.831
-2.285e+06	203.542	202.796	217.87	221.491	219.937	251.677	285.42	322.705	262.562	313.823	361.021	232.975	264.739	300.181	339.54	268.93	321.773	370.691
-2.284e+06	200.963	200.076	216.176	219.77	218.201	249.723	283.005	320.113	260.545	311.432	358.221	231.81	263.509	298.779	337.928	267.746	320.094	368.891
-2.283e+06	200.039	199.253	215.278	218.862	217.443	248.74	281.798	318.426	259.576	310.041	356.239	231.009	262.478	297.742	336.771	266.764	319.082	367.599
-2.282e+06	199.742	198.864	214.675	218.222	216.825	247.86	280.879	317.327	258.834	308.819	354.894	230.475	261.814	296.731	335.626	266.148	318.213	366.298
-2.281e+06	201.419	200.524	215.182	218.721	217.176	248.212	281.061	317.505	259.114	309.036	354.982	230.53	261.835	296.689	335.349	266.22	318.117	365.971
-2.28e+06	203.529	202.666	215.776	219.316	217.798	248.807	281.517	317.877	259.696	309.587	355.415	230.583	261.853	296.659	335.25	266.283	318.018	365.795
-2.279e+06	205.456	204.64	216.518	220.067	218.611	249.634	282.421	318.673	260.601	310.528	356.369	231.004	262.314	297.159	335.784	266.793	318.506	366.334
-2.278e+06	207.112	206.316	217.129	220.683	219.277	250.301	283.141	319.437	261.331	311.252	357.068	231.226	262.57	297.448	336.106	267.09	318.78	366.649
-2.277e+06	208.538	207.68	217.811	221.376	219.993	251.088	284.032	320.439	262.187	312.19	357.901	231.622	263.031	297.976	336.704	267.591	319.314	367.269
-2.276e+06	209.678	208.693	218.356	221.928	220.492	251.705	284.721	321.163	262.806	312.898	358.601	232.016	263.448	298.414	337.159	268.037	319.728	367.696
-2.275e+06	214.918	213.956	221.224	224.812	223.293	254.712	287.841	324.347	265.787	316.057	361.83	233.143	264.654	299.699	338.508	269.271	321.024	369.073
-2.274e+06	221.244	220.561	224.602	228.222	226.566	258.389	291.796	328.59	269.47	320.17	366.322	234.39	265.967	301.042	339.866	270.547	322.431	370.464
-2.273e+06	228.716	228.204	230.005	233.708	232.356	264.558	298.72	336.358	275.803	327.871	374.923	237.938	269.948	305.501	344.847	274.547	327.412	375.858
-2.272e+06	235.185	234.777	234.947	238.72	237.568	270.156	304.956	343.325	281.636	334.532	382.775	240.866	273.271	309.256	349.071	277.893	331.357	380.375
-2.271e+06	238.996	238.69	238.33	242.172	241.19	274.205	309.676	348.803	285.805	339.663	388.818	243.591	276.362	312.75	353.003	280.992	334.99	384.507
-2.27e+06	241.743	241.524	241.119	245.014	244.168	277.493	313.465	353.143	289.154	343.699	393.496	246.071	279.182	315.95	356.625	283.796	338.365	388.357
-2.269e+06	243.791	243.567	242.94	246.86	245.967	279.554	315.764	355.705	291.191	345.993	396.01	257.511	291.742	329.689	371.595	296.376	352.563	403.878
-2.268e+06	245.897	245.718	244.695	248.642	247.728	281.569	318.042	358.254	293.193	348.258	398.611	260.704	295.314	333.683	376.049	299.856	356.561	408.379
-2.267e+06	246.814	246.598	245.691	249.667	248.857	282.851	319.634	360.231	294.47	350.008	400.876	263.066	298.008	336.738	379.503	302.466	359.395	411.82
-2.266e+06	247.131	246.94	246.449	250.445	249.615	283.803	320.785	361.611	295.386	351.347	402.317	264.893	300.084	339.1	382.164	304.433	362.053	414.475
-2.265e+06	247.507	247.351	247.147	251.154	250.127	284.619	321.72	362.691	296.148	352.186	403.427	266.464	301.884	341.148	384.488	306.108	363.768	416.647
-2.264e+06	248.275	247.953	248.033	252.053	250.775	285.641	322.91	364.083	297.195	353.299	405.002	267.938	303.491	342.918	386.464	307.747	365.536	418.855
-2.263e+06	251.316	250.816	249.998	254.023	252.542	287.64	324.948	366.183	299.171	355.33	407.054	269.236	304.92	344.464	388.087	308.938	367.245	420.265
-2.262e+06	255.401	254.83	252.603	256.652	255.037	290.476	328.017	369.517	302.03	358.591	410.541	271.121	306.955	346.652	390.433	310.724	369.319	422.105
-2.261e+06	257.64	257.315	254.193	258.276	256.63	292.392	330.272	372.169	303.992	361.165	413.463	273.04	309.086	349.012	393.039	312.745	371.508	424.602
-2.26e+06	259.12	259.061	255.343	259.445	258.046	293.733	331.817	373.955	305.34	363.092	415.36	274.306	310.567	350.767	395.133	314.285	373.005	426.693
-2.259e+06	256.982	256.845	253.955	258.067	257.021	292.459	330.693	373.035	304.064	362.369	414.636	274.576	310.927	351.258	395.816	314.795	373.278	427.554
-2.258e+06	253.735	253.276	251.95	256.046	255.431	290.333	328.494	370.778	301.861	360.208	412.759	274.656	311.065	351.481	396.162	315.004	373.638	428.194
-2.257e+06	250.181	249.481	249.76	253.823	253.431	287.949	325.81	367.728	299.144	357.16	409.93	274.417	310.831	351.198	395.735	314.532	373.368	427.807
-2.256e+06	246.857	245.999	247.909	251.953	251.576	285.93	323.632	365.339	296.832	354.408	407.191	274.322	310.758	351.155	395.725	314.187	373.163	427.452
-2.255e+06	243.96	243.044	246.153	250.17	249.779	283.929	321.403	362.869	294.735	351.686	404.249	273.913	310.316	350.685	395.236	313.541	372.506	426.587
-2.254e+06	241.402	240.539	244.613	248.609	248.209	282.187	319.471	360.737	292.926	349.497	401.849	273.568	309.947	350.295	394.835	313.058	371.951	425.915
-2.253e+06	237.647	236.837	242.389	246.353	245.945	279.736	316.833	357.908	290.419	346.696	398.813	272.956	309.298	349.611	394.125	312.332	371.106	424.948
-2.252e+06	233.512	232.74	240.157	244.075	243.589	277.141	313.99	354.805	287.804	343.679	395.429	272.225	308.538	348.829	393.33	311.507	370.179	423.883
-2.251e+06	228.765	228.086	237.674	241.549	240.875	274.171	310.69	351.181	284.879	340.243	391.524	271.036	307.278	347.503	391.948	310.195	368.695	422.165
-2.25e+06	224.059	223.284	235.343	239.183	238.241	271.358	307.447	347.586	282.134	336.961	387.693	261.94	297.417	336.864	380.529	300.289	357.628	410.084
-2.249e+06	219.537	218.706	232.549	236.342	235.103	268.112	303.439	342.974	278.778	332.729	382.585	255.183	289.918	328.579	371.423	292.767	348.87	400.259
-2.248e+06	215.711	214.851	230.188	233.948	232.557	265.429	300.316	339.208	276.018	329.238	378.349	251.237	285.461	323.569	365.822	288.32	343.588	394.476
-2.247e+06	212.655	211.673	227.346	231.048	229.663	262.093	296.496	334.793	272.564	324.755	372.84	247.37	280.931	318.317	359.811	283.933	338.383	388.437
-2.246e+06	210.524	209.512	225.117	228.765	227.286	259.367	293.34	331.149	269.768	321.159	368.483	244.448	277.527	314.378	355.263	280.584	334.242	383.554
-2.245e+06	208.578	207.481	222.996	226.61	225.107	256.899	290.425	327.675	267.263	317.921	364.489	241.793	274.428	310.764	351.077	277.534	330.413	378.97
-2.244e+06	206.841	205.724	221.117	224.681	223.088	254.583	287.775	324.726	264.911	314.945	360.943	239.635	271.816	307.684	347.529	274.951	327.131	375.045
-2.243e+06	204.505	203.404	218.878	222.405	220.881	252.072	284.983	321.446	262.422	311.774	357.144	237.491	269.366	304.805	344.114	272.519	324.057	371.486
-2.242e+06	202.217	201.034	216.917	220.41	218.758	249.708	282.198	318.316	260	308.886	353.735	235.445	266.996	302.174	341.181	270.273	321.437	368.194
-2.241e+06	202.001	200.812	216.005	219.465	217.87	248.539	280.838	316.564	258.905	307.171	351.468	233.955	265.316	300.102	338.684	268.676	319.222	365.697
-2.24e+06	202.569	201.363	215.406	218.845	217.164	247.709	279.695	315.19	258.015	306.012	349.909	232.734	263.716	298.25	336.577	267.172	317.401	363.293
-2.239e+06	206.79	205.62	216.675	220.137	218.545	248.996	280.879	316.167	259.344	306.961	350.493	232.464	263.29	297.553	335.533	266.824	316.652	362.296
-2.238e+06	211.885	210.756	218.269	221.7	220.204	250.534	282.504	317.853	261.098	308.598	352.14	232.474	263.124	297.171	334.882	266.709	316.146	361.492
-2.237e+06	220.397	219.42	223.186	226.673	225.344	255.922	288.286	324.038	266.485	314.917	358.749	235.513	266.429	300.747	338.725	270.092	319.949	365.597
-2.236e+06	228.809	227.891	228.29	231.836	230.622	261.591	294.455	330.717	272.317	321.516	365.837	247.831	279.953	315.538	354.826	283.724	335.226	382.47
-2.235e+06	233.448	232.753	232.57	236.212	235.084	266.774	300.547	337.802	277.694	328.119	373.794	253.801	286.681	323.093	363.26	290.463	343.119	391.46
-2.234e+06	235.79	235.262	235.686	239.39	238.446	270.473	304.83	342.733	281.509	332.804	379.281	257.896	291.332	328.349	369.171	295.088	348.566	397.64
-2.233e+06	238.224	237.765	238.38	242.13	241.28	273.596	308.38	346.748	284.689	336.551	383.545	261.431	295.294	332.755	374.059	298.959	353.211	402.691
-2.232e+06	240.495	240.108	240.687	244.477	243.728	276.289	311.458	350.247	287.411	339.776	387.279	264.309	298.548	336.459	378.297	302.168	356.928	407.206
-2.231e+06	243.439	243.092	243.434	247.261	246.561	279.389	314.903	354.059	290.522	343.312	391.159	267.493	302.145	340.484	382.76	305.688	360.931	411.362
-2.23e+06	246.181	245.874	245.866	249.729	249.071	282.157	318.009	357.533	293.287	346.485	394.843	269.98	304.924	343.564	386.196	308.281	364.038	414.969
-2.229e+06	247.128	246.824	246.591	250.47	249.755	283.035	319.046	358.75	294.11	347.614	395.942	270.626	305.764	344.657	387.552	309.166	364.939	415.816
-2.228e+06	248.239	248.045	247.628	251.524	250.694	284.238	320.393	360.233	295.281	348.898	397.418	271.448	306.661	345.636	388.705	309.885	366.015	417.309
-2.227e+06	249.1	248.789	248.19	252.098	251.229	284.927	321.265	361.321	295.965	349.495	398.518	271.878	307.233	346.337	389.47	310.178	366.659	417.634
-2.226e+06	250.151	249.599	248.825	252.744	252.078	285.673	322.159	362.425	296.703	350.405	399.766	271.807	307.285	346.578	389.952	310.346	366.694	417.818
-2.225e+06	249.013	248.428	248.028	251.95	251.459	284.924	321.494	361.896	295.933	350.04	399.335	270.958	306.378	345.641	389.018	309.577	365.574	417.189
-2.224e+06	247.159	246.798	246.952	250.864	250.447	283.777	320.296	360.665	294.69	349.109	397.975	261.718	296.311	334.734	377.262	299.473	354.466	405.124
-2.223e+06	243.977	243.869	245.636	249.551	248.938	282.507	319.01	359.31	293.237	347.766	396.489	258.202	292.474	330.558	372.731	295.565	350.119	400.696
-2.222e+06	239.993	239.801	243.856	247.76	246.797	280.617	317.032	357.263	291.318	345.291	394.191	256.213	290.301	328.191	370.162	293.344	347.805	398.343
-2.221e+06	235.925	235.558	242.024	245.901	244.666	278.541	314.761	354.822	289.26	342.791	391.619	254.753	288.694	326.43	368.234	291.704	346.22	396.683
-2.22e+06	231.624	231.129	240.056	243.902	242.494	276.288	312.254	352.059	286.987	340.3	388.73	253.694	287.486	325.063	366.689	290.465	345.049	395.489
-2.219e+06	228.686	228.122	238.282	242.079	240.477	274.037	309.52	348.797	284.637	337.469	384.953	252.223	285.757	323.051	364.36	288.693	342.927	393.018
-2.218e+06	226.978	226.483	237.254	241.03	239.433	272.82	308.093	347.11	283.351	335.77	382.953	251.321	284.661	321.752	362.832	287.612	341.749	391.402
-2.217e+06	227.2	226.559	237.077	240.833	239.313	272.47	307.562	346.365	282.931	334.927	381.92	250.809	283.966	320.831	361.658	286.914	340.896	390.091
-2.216e+06	228.231	227.521	237.236	240.984	239.537	272.552	307.559	346.257	282.969	334.601	381.64	259.765	293.551	331.124	372.658	296.617	351.48	401.296
-2.215e+06	230.373	229.817	237.947	241.694	240.404	273.264	308.234	346.858	283.615	335.271	382.08	262.232	296.207	333.959	375.664	299.205	353.977	403.974
-2.214e+06	233.112	232.573	239.019	242.758	241.51	274.248	309.177	347.766	284.633	336.389	382.907	263.752	297.868	335.751	377.589	300.78	355.488	405.636
-2.213e+06	234.633	234.071	239.646	243.397	242.105	274.987	310.014	348.705	285.382	337.201	383.869	264.87	299.127	337.141	379.126	302.095	356.914	407.094
-2.212e+06	235.437	234.841	239.88	243.634	242.295	275.259	310.321	349.045	285.63	337.384	384.106	265.301	299.647	337.784	379.887	302.606	357.631	407.598
-2.211e+06	234.455	233.935	239.472	243.238	241.894	274.976	310.171	349.05	285.353	337.206	384.126	266.1	300.596	338.895	381.173	303.199	358.635	408.376
-2.21e+06	232.469	232.121	238.643	242.404	241.063	274.101	309.263	348.131	284.492	336.273	383.203	266.618	301.236	339.663	382.085	303.734	359.144	409.058
-2.209e+06	230.053	229.84	237.472	241.216	239.912	272.781	307.813	346.557	283.174	334.865	381.552	266.716	301.364	339.817	382.291	303.928	358.957	409.244
-2.208e+06	227.36	227.174	236.056	239.779	238.508	271.169	306.018	344.573	281.541	333.103	379.41	266.313	300.939	339.363	381.822	303.69	358.542	408.943
-2.207e+06	224.665	224.415	234.427	238.124	236.8	269.282	303.854	342.106	279.6	330.802	376.653	257.248	291.062	328.691	370.373	293.827	347.617	396.827
-2.206e+06	222.303	221.948	233.002	236.679	235.292	267.69	302.087	340.113	277.961	328.793	374.42	252.547	285.884	323.004	364.162	288.731	341.909	390.482
-2.205e+06	218.45	217.818	230.038	233.671	232.042	264.318	298.323	335.923	274.491	324.592	369.73	248.368	281.219	317.808	358.394	284.043	336.423	384.316
-2.204e+06	214.999	214.274	227.431	231.031	229.406	261.42	295.131	332.37	271.534	320.859	365.772	245.378	277.837	313.995	354.116	280.663	332.438	379.695
-2.203e+06	212.928	212.174	225.554	229.11	227.384	259.098	292.382	329.237	269.143	318.031	362.222	242.889	275.023	310.82	350.531	277.853	329.051	375.744
-2.202e+06	211.362	210.506	223.772	227.293	225.653	257.033	290.082	326.595	267.075	315.417	359.315	240.657	272.459	307.877	347.167	275.302	325.969	372.24
-2.201e+06	210.552	209.69	222.513	226.002	224.246	255.439	288.09	324.207	265.419	313.389	356.654	238.766	270.19	305.16	343.961	273.093	323.212	368.75
-2.2e+06	210.596	209.659	221.555	225.025	223.415	254.354	286.879	322.761	264.389	311.885	355.019	237.29	268.578	303.362	341.837	271.475	321.113	366.394
-2.199e+06	211.448	210.645	221.375	224.828	223.08	253.953	286.252	321.984	263.945	311.409	354.137	236.336	267.353	301.857	340.228	270.327	319.803	364.565
-2.198e+06	212.609	211.807	221.251	224.696	222.956	253.747	285.945	321.508	263.761	311.026	353.57	235.421	266.27	300.554	338.54	269.283	318.285	362.915
-2.197e+06	214.786	213.971	221.911	225.356	223.669	254.423	286.628	322.185	264.485	311.562	354.237	235.153	265.926	300.118	337.986	268.98	317.766	362.304
-2.196e+06	217.036	216.204	222.562	226.01	224.362	255.105	287.334	322.907	265.212	312.334	354.951	234.916	265.61	299.707	337.463	268.7	317.381	361.709
-2.195e+06	220.222	219.432	224.045	227.507	225.919	256.721	289.069	324.761	266.887	314.214	356.892	235.421	266.125	300.225	337.972	269.254	317.975	362.222
-2.194e+06	223.301	222.683	225.506	228.983	227.438	258.321	290.8	326.626	268.539	316.08	358.84	236.056	266.756	300.841	338.56	269.914	318.642	362.79
-2.193e+06	227.689	227.227	228.631	232.153	230.658	261.879	294.777	331.051	272.213	320.312	363.655	238.507	269.495	303.887	341.927	272.691	321.779	366.387
-2.192e+06	231.551	231.065	231.315	234.877	233.284	264.94	298.218	334.914	275.288	323.758	367.883	250.659	282.854	318.523	357.905	286.082	336.824	383.059
-2.191e+06	230.801	230.424	230.3	233.87	232.499	264.02	297.421	334.28	274.355	323.316	367.452	251.111	283.502	319.4	359.044	286.668	337.699	384.328
-2.19e+06	233.016	232.657	232.632	236.242	234.944	266.719	300.48	337.73	277.155	326.632	371.246	254.225	286.986	323.281	363.35	290.113	341.808	388.79
-2.189e+06	237.277	236.934	236.155	239.809	238.588	270.652	304.808	342.476	281.16	331.25	376.269	257.617	290.76	327.47	367.986	293.836	346.196	393.637
-2.188e+06	242.12	241.849	239.973	243.677	242.509	274.953	309.59	347.774	285.54	336.217	382.014	260.928	294.498	331.681	372.713	297.528	350.307	398.436
-2.187e+06	244.644	244.388	242.257	246.007	244.862	277.68	312.763	351.447	288.313	339.665	385.96	263.547	297.46	335.008	376.428	300.365	353.81	402.031
-2.186e+06	246.843	246.617	244.593	248.383	247.261	280.403	315.879	355.002	291.061	342.946	389.709	266.041	300.332	338.315	380.231	303.219	357.085	406.031
-2.185e+06	245.485	245.239	243.809	247.603	246.499	279.676	315.227	354.459	290.274	342.325	389.165	266.058	300.416	338.471	380.463	303.119	357.411	406.037
-2.184e+06	244.219	243.998	243.359	247.156	246.022	279.27	314.881	354.19	289.815	342.047	388.864	266.595	301.068	339.279	381.47	303.755	357.888	406.975
-2.183e+06	244.093	243.843	243.277	247.064	245.778	279.083	314.578	353.746	289.539	341.555	388.391	266.274	300.709	338.908	381.122	303.457	357.441	406.84
-2.182e+06	245.231	244.875	244.057	247.851	246.372	279.93	315.485	354.702	290.347	342.259	389.359	266.253	300.675	338.883	381.12	303.446	357.751	406.94
-2.181e+06	244.994	244.519	243.934	247.734	246.101	279.878	315.515	354.833	290.261	342.101	389.475	265.949	300.475	338.777	381.087	302.984	357.63	406.468
-2.18e+06	244.419	243.813	243.718	247.518	245.75	279.68	315.345	354.707	290.02	341.676	389.286	265.621	300.19	338.546	380.932	302.449	357.313	405.941
-2.179e+06	241.552	240.801	242.176	245.971	244.068	278.089	313.73	353.126	288.433	340.001	387.641	264.989	299.534	337.875	380.256	301.724	356.5	405.126
-2.178e+06	237.784	236.896	240.211	243.98	241.978	275.895	311.348	350.58	286.22	337.737	384.877	259.026	293.089	330.942	372.835	295.211	349.18	397.344
-2.177e+06	233.109	232.164	237.583	241.314	239.242	272.923	308.059	346.972	283.192	334.545	380.954	251.178	284.398	321.359	362.316	286.533	339.176	386.335
-2.176e+06	228.332	227.431	235.007	238.702	236.589	269.994	304.792	343.349	280.2	331.31	377.001	247.738	280.55	317.074	357.567	282.721	334.663	381.522
-2.175e+06	224.43	223.568	232.898	236.561	234.456	267.547	301.967	340.094	277.68	328.338	373.526	245.148	277.589	313.735	353.819	279.834	331.412	378.052
-2.174e+06	222.68	221.97	232.537	236.195	234.221	267.136	301.502	339.516	277.261	327.721	372.771	244.887	277.114	313.015	352.869	279.535	331.014	377.453
-2.173e+06	220.774	219.953	231.371	235.004	233.107	265.75	299.902	337.681	275.822	325.83	370.461	243.751	275.785	311.437	350.986	278.242	329.372	375.665
-2.172e+06	219.113	218.304	230.185	233.807	232.016	264.417	298.382	335.958	274.45	323.987	368.536	242.792	274.618	310.034	349.343	277.168	328.04	373.976
-2.171e+06	217.499	216.656	228.835	232.411	230.728	262.813	296.614	333.959	272.819	321.992	366.317	241.744	273.41	308.636	347.717	275.98	326.439	371.821
-2.17e+06	216.011	215.101	227.606	231.155	229.31	261.237	294.69	331.808	271.177	320.138	364.029	240.59	272.144	307.198	346.078	274.712	324.666	369.924
-2.169e+06	213.676	212.862	225.824	229.358	227.552	259.246	292.433	329.158	269.155	317.654	360.979	239.072	270.374	305.261	343.955	272.972	322.768	367.685
-2.168e+06	211.252	210.304	223.832	227.323	225.691	257.036	290.055	326.498	266.973	314.846	358.055	237.615	268.692	303.266	341.634	271.354	320.815	365.134
-2.167e+06	208.129	207.225	221.798	225.259	223.45	254.616	287.289	323.656	264.466	312.162	355.018	236.139	267.071	301.474	339.637	269.768	318.705	362.981
-2.166e+06	204.744	203.81	219.726	223.159	221.358	252.285	284.637	320.459	262.116	309.382	351.781	234.51	265.361	299.649	337.613	268.092	316.793	360.828
-2.165e+06	201.512	200.533	217.459	220.865	219.215	249.847	281.906	317.353	259.672	306.395	348.174	232.857	263.349	297.342	335.185	266.124	314.643	358.311
-2.164e+06	198.103	197.145	215.159	218.518	216.726	247.041	278.9	314.072	256.9	303.07	344.66	230.951	261.244	294.943	332.346	264.063	312.212	355.306
-2.163e+06	192.916	191.915	211.491	214.813	212.971	242.939	274.16	308.833	252.664	298.259	339.246	227.6	257.626	290.978	327.952	260.512	307.895	350.704
-2.162e+06	188.706	187.655	208.771	212.039	210.186	239.817	270.779	304.953	249.631	294.589	335.001	225.317	254.952	287.969	324.715	257.872	304.964	347.425
-2.161e+06	185.603	184.505	206.114	209.334	207.391	236.7	267.12	300.777	246.431	290.726	330.55	222.56	251.836	284.468	320.685	254.836	301.246	343.094
-2.16e+06	183.979	182.825	204.432	207.618	205.643	234.725	264.844	298.086	244.502	288.296	327.641	220.87	249.837	282.139	317.936	252.921	298.817	340.191
-2.159e+06	183.634	182.434	202.61	205.764	203.799	232.616	262.292	295.149	242.302	285.585	324.484	218.924	247.669	279.625	315.03	250.822	296.251	337.12
-2.158e+06	183.689	182.52	201.049	204.163	202.022	230.597	260.013	292.585	240.415	283.119	321.519	217.163	245.59	277.173	312.295	248.761	293.738	334.252
-2.157e+06	179.154	177.911	195.35	198.389	196.254	224.244	252.896	284.571	233.86	275.621	313.145	211.207	238.896	269.758	304.085	242.141	286.005	325.547
-2.156e+06	178.128	176.89	192.834	195.831	193.627	221.304	249.516	280.746	230.92	272.041	309.006	208.478	235.806	266.226	300.055	239.134	282.394	321.348
-2.155e+06	180.258	178.977	193.438	196.425	194.145	221.794	249.952	281.176	231.603	272.548	309.366	209.073	236.402	266.849	300.604	239.912	283.078	321.916
-2.154e+06	181.648	180.44	193.369	196.351	194.102	221.738	249.886	280.941	231.589	272.546	309.304	209.231	236.536	266.941	300.545	240.13	283.276	321.987
-2.153e+06	183.841	182.654	193.773	196.746	194.452	221.975	250.076	281.01	231.963	272.755	309.205	209.36	236.557	266.824	300.35	240.26	283.137	321.714
-2.152e+06	182.82	181.628	190.688	193.62	191.315	218.51	246.141	276.72	228.426	268.672	304.662	205.699	232.489	262.19	295.287	236.192	278.4	316.471
-2.151e+06	187.529	186.489	193.229	196.186	193.956	221.291	249.011	279.868	231.349	271.859	308.134	207.443	234.379	264.222	297.39	238.159	280.587	318.755
-2.15e+06	190.917	189.958	194.241	197.21	194.965	222.415	250.24	281.311	232.605	273.311	309.806	207.604	234.507	264.271	297.576	238.384	280.708	318.974
-2.149e+06	196.718	195.85	197.761	200.777	198.732	226.398	254.856	286.417	236.827	278.343	315.152	209.795	236.991	267.172	300.693	240.983	283.788	322.254
-2.148e+06	206.136	205.301	204.995	208.103	206.055	234.477	263.692	296.035	245.171	287.718	325.84	215.775	243.493	274.334	308.593	247.66	291.25	330.444
-2.147e+06	215.924	215.201	213.098	216.302	214.415	243.499	273.625	306.93	254.385	298.305	337.333	222.114	250.468	281.93	316.851	254.631	299.186	339.173
-2.146e+06	225.033	224.458	220.866	224.169	222.488	252.201	283.243	317.543	263.386	308.504	348.726	228.082	257.098	289.284	324.936	261.295	306.82	347.598
-2.145e+06	230.778	230.333	227.464	230.87	229.421	259.792	291.805	327.15	271.198	317.647	359.005	234.526	264.254	297.205	333.674	268.457	315.007	356.608
-2.144e+06	234.099	233.79	232.495	235.98	234.714	265.571	298.317	334.455	277.063	324.522	366.7	250.007	281.283	315.872	354.055	285.42	334.295	377.713
-2.143e+06	242.79	242.575	240.744	244.322	243.211	274.689	308.26	345.265	286.272	334.852	377.978	258.675	290.839	326.395	365.626	294.882	345.11	389.537
-2.142e+06	249.813	249.691	246.535	250.185	249.195	281.173	315.416	353.136	292.751	342.236	386.149	263.683	296.452	332.668	372.611	300.346	351.427	396.614
-2.141e+06	254.784	254.727	250.915	254.636	253.704	286.252	321.191	359.673	297.843	348.263	393.014	268.379	301.721	338.589	379.221	305.45	357.348	403.286
-2.14e+06	259.299	259.309	255.107	258.894	257.998	291.07	326.627	365.781	302.612	353.87	399.321	272.554	306.506	344.019	385.339	310.025	362.71	409.413
-2.139e+06	259.104	259.085	255.124	258.931	257.789	291.284	327.06	366.48	302.697	354.281	399.938	273.408	307.491	345.116	386.597	310.912	363.759	410.456
-2.138e+06	259.698	259.606	256.169	260.002	258.613	292.572	328.598	368.295	303.876	355.722	401.721	275.215	309.665	347.729	389.629	312.864	365.878	413.353
-2.137e+06	258.997	258.77	255.846	259.686	258.016	292.321	328.411	368.164	303.463	355.268	401.495	275.447	309.962	348.155	390.314	312.957	366.521	413.998
-2.136e+06	257.711	257.439	254.985	258.82	256.961	291.446	327.579	367.427	302.433	354.19	400.599	275.491	309.954	348.04	390.09	312.791	366.5	413.516
-2.135e+06	257.745	257.591	254.868	258.693	256.691	291.247	327.324	367.148	302.099	353.92	400.097	275.381	309.875	348.002	390.047	312.539	366.047	412.937
-2.134e+06	258.538	258.457	255.256	259.082	257.011	291.656	327.771	367.66	302.425	354.377	400.501	275.18	309.754	347.992	390.146	312.306	365.542	412.786
-2.133e+06	258.816	258.823	255.529	259.364	257.312	292.032	328.267	368.311	302.755	354.926	401.128	274.926	309.575	347.943	390.292	312.148	365.115	412.884
-2.132e+06	258.172	258.29	255.108	258.94	256.934	291.588	327.815	367.868	302.246	354.518	400.565	273.903	308.48	346.801	389.13	311.047	364.089	411.849
-2.131e+06	255.856	255.955	253.689	257.518	255.615	290.165	326.413	366.515	300.779	353.297	399.126	273.195	307.693	345.941	388.207	310.241	363.454	410.947
-2.13e+06	252.811	252.793	251.91	255.722	253.984	288.23	324.338	364.304	298.773	351.373	396.902	272.7	307.239	345.495	387.725	309.552	362.917	410.113
-2.129e+06	249.082	248.948	249.679	253.465	251.878	285.752	321.625	361.345	296.21	348.647	394.215	263.602	297.367	334.828	376.247	299.474	351.782	397.933
-2.128e+06	245.376	245.187	247.639	251.396	249.923	283.448	319.064	358.507	293.828	346.001	391.64	259.561	292.88	329.872	370.797	294.957	346.496	392.037
-2.127e+06	241.628	241.407	245.543	249.265	247.83	281.026	316.318	355.405	291.316	343.089	388.658	257.221	290.234	326.895	367.466	292.287	343.268	388.435
-2.126e+06	237.522	237.275	243.223	246.91	245.437	278.368	313.324	352.094	288.573	339.898	385.286	255.152	287.891	324.256	364.508	289.931	340.45	385.663
-2.125e+06	233.485	233.267	241.063	244.713	243.077	275.857	310.461	348.884	285.978	336.811	381.829	253.432	285.927	322.033	361.986	287.949	338.327	383.36
-2.124e+06	230.098	229.683	239.392	243.021	241.189	273.958	308.279	346.343	284.012	334.387	378.962	252.615	284.968	320.922	360.695	286.985	337.158	382.049
-2.123e+06	227.083	226.588	237.597	241.195	239.236	271.882	305.903	343.59	281.838	331.572	375.567	251.552	283.672	319.371	358.867	285.71	335.62	380.259
-2.122e+06	224.078	223.485	235.626	239.194	237.303	269.64	303.398	340.79	279.514	328.653	372.078	256.267	288.663	324.619	364.352	290.71	341.166	385.89
-2.121e+06	222.069	221.531	234.178	237.73	235.98	268.022	301.544	338.666	277.833	326.385	369.263	260.073	292.794	329.085	369.16	294.681	345.537	390.544
-2.12e+06	220.514	219.857	232.901	236.412	234.767	266.459	299.865	336.791	276.221	324.342	367.081	261.014	293.815	330.183	370.332	295.486	346.311	391.498
-2.119e+06	220.915	220.2	232.793	236.288	234.475	266.106	299.175	335.911	275.837	323.688	366.087	261.692	294.531	330.901	371.026	296.189	346.939	392.126
-2.118e+06	221.944	221.296	232.971	236.459	234.677	266.227	299.204	335.677	275.949	323.565	365.54	262.201	295	331.324	371.439	296.775	347.451	392.449
-2.117e+06	225.016	224.461	234.383	237.874	236.164	267.657	300.633	337.075	277.378	324.803	366.661	262.949	295.806	332.297	372.577	297.719	348.443	393.215
-2.116e+06	228.793	228.213	236.058	239.559	237.908	269.426	302.483	338.99	279.158	326.416	368.531	263.706	296.699	333.264	373.602	298.361	349.297	393.808
-2.115e+06	232.646	232.202	238.332	241.86	240.309	271.961	305.265	342.027	281.736	329.359	371.682	265.222	298.384	335.127	375.653	299.752	351.043	395.763
-2.114e+06	236.745	236.477	241.035	244.593	243.099	274.95	308.525	345.566	284.758	332.782	375.315	266.859	300.181	337.092	377.816	301.642	352.744	398.062
-2.113e+06	237.726	237.292	241.507	245.083	243.494	275.601	309.36	346.607	285.409	333.586	376.36	266.834	300.2	337.175	377.988	301.91	352.986	398.433
-2.112e+06	238.252	237.564	241.967	245.554	243.797	276.168	310.038	347.406	285.959	334.03	377.108	259.296	292.165	328.638	368.93	293.763	344.282	388.723
-2.111e+06	237.094	236.375	241.392	244.981	243.041	275.628	309.559	347.011	285.41	333.231	376.61	254.719	287.116	323.094	362.87	288.763	338.87	382.718
-2.11e+06	235.166	234.603	240.361	243.94	241.875	274.507	308.375	345.785	284.289	331.973	375.219	252.547	284.63	320.287	359.749	286.445	336.286	379.804
-2.109e+06	232.401	231.919	238.565	242.12	239.972	272.497	306.172	343.388	282.24	329.75	372.567	250.39	282.203	317.547	356.674	284.059	333.437	376.62
-2.108e+06	230.608	230.1	237.638	241.183	239.031	271.46	305.01	342.093	281.178	328.543	371.08	249.429	281.103	316.299	355.256	282.999	332.252	375.061
-2.107e+06	229.091	228.514	236.82	240.356	238.209	270.56	303.986	340.928	280.24	327.434	369.737	248.831	280.383	315.425	354.227	282.34	331.354	373.973
-2.106e+06	227.306	226.659	235.767	239.291	237.145	269.4	302.692	339.47	279.04	326.032	368.094	248.204	279.657	314.585	353.255	281.599	330.324	372.9
-2.105e+06	228.182	227.467	236.274	239.791	237.721	269.841	303.061	339.729	279.451	326.288	368.211	248.262	279.676	314.554	353.161	281.607	330.14	372.74
-2.104e+06	229.984	229.163	237.207	240.728	238.742	270.817	304.077	340.778	280.42	327.257	369.211	248.63	280.024	314.87	353.431	281.942	330.232	372.95
-2.103e+06	233.277	232.497	238.885	242.411	240.506	272.542	305.837	342.561	282.127	328.916	370.937	249.211	280.566	315.356	353.843	282.468	330.529	373.294
-2.102e+06	236.93	236.18	240.673	244.211	242.382	274.438	307.834	344.652	284.014	330.8	373.013	258.845	290.963	326.533	365.813	292.838	341.956	385.451
-2.101e+06	240.448	239.656	243.206	246.784	244.965	277.351	311.121	348.341	286.981	334.327	376.947	262.87	295.424	331.558	371.495	297.222	347.109	390.851
-2.1e+06	243.022	242.459	245.242	248.849	246.986	279.663	313.74	351.314	289.367	336.98	380.129	265.458	298.335	334.808	375.101	300.113	350.408	394.555
-2.099e+06	243.113	242.688	245.285	248.902	247.132	279.822	314.043	351.809	289.541	337.676	380.698	266.87	299.932	336.607	377.11	301.513	352.043	396.222
-2.098e+06	242.901	242.262	245.106	248.726	247.275	279.684	313.953	351.776	289.354	337.98	380.626	267.969	301.186	338.014	378.684	302.801	353.164	397.851
-2.097e+06	241.748	240.949	244.392	248.011	246.723	278.941	313.162	350.933	288.489	337.36	379.746	268.394	301.672	338.574	379.326	303.348	353.983	398.626
-2.096e+06	240.366	239.639	243.784	247.4	246.042	278.306	312.499	350.223	287.768	336.483	378.97	268.884	302.256	339.268	380.135	303.536	354.602	398.909
-2.095e+06	237.509	236.879	242.209	245.815	244.364	276.652	310.783	348.452	286.065	334.447	377.049	268.798	302.214	339.273	380.194	303.355	354.457	398.538
-2.094e+06	234.315	233.715	240.534	244.124	242.611	274.841	308.853	346.402	284.206	332.157	374.813	268.548	302.003	339.103	380.067	303.067	353.987	398.246
-2.093e+06	230.735	230.079	238.559	242.128	240.601	272.676	306.515	343.887	281.993	329.487	372.088	267.868	301.282	338.308	379.203	302.309	352.885	397.371
-2.092e+06	227.166	226.416	236.681	240.228	238.75	270.601	304.255	341.434	279.877	326.988	369.435	258.102	290.682	326.85	366.867	291.744	341.097	384.811
-2.091e+06	223.079	222.169	234.14	237.654	236.178	267.726	301.056	337.887	276.936	323.611	365.573	252.81	284.869	320.485	359.92	285.968	334.846	378.013
-2.09e+06	219.179	218.335	231.755	235.235	233.874	265.106	298.175	334.687	274.255	320.661	362.116	249.66	281.282	316.426	355.368	282.567	330.974	373.61
-2.089e+06	215.314	214.335	228.754	232.171	230.584	261.418	293.941	329.917	270.513	316.284	356.894	246.003	277.13	311.728	350.06	278.448	326.044	367.984
-2.088e+06	212.373	211.355	226.173	229.548	227.865	258.446	290.454	325.938	267.507	312.587	352.594	243.176	273.905	308.058	345.898	275.278	322.21	363.542
-2.087e+06	210.464	209.387	224.076	227.397	225.741	255.939	287.644	322.588	264.969	309.365	348.78	240.529	270.905	304.665	342.071	272.332	318.652	359.434
-2.086e+06	208.984	207.834	222.339	225.632	223.755	253.772	285.03	319.607	262.769	306.722	345.541	238.088	268.178	301.504	338.447	269.709	315.323	355.66
-2.085e+06	207.475	206.335	220.492	223.744	221.876	251.604	282.625	316.891	260.618	304.104	342.597	235.975	265.673	298.722	335.343	267.241	312.544	352.421
-2.084e+06	206.25	205.059	218.918	222.149	220.197	249.77	280.406	314.259	258.771	301.862	339.804	234.199	263.636	296.292	332.463	265.268	310.006	349.437
-2.083e+06	205.25	204.082	217.71	220.913	219.051	248.358	278.92	312.553	257.477	300.177	337.951	232.938	262.124	294.609	330.629	263.84	308.391	347.528
-2.082e+06	204.298	203.091	216.579	219.762	217.772	247.018	277.237	310.703	256.062	298.598	336.056	231.802	260.814	293.017	328.674	262.609	306.845	345.565
-2.081e+06	203.146	201.948	215.546	218.717	216.749	245.862	275.941	309.145	254.954	297.254	334.237	230.976	259.912	291.981	327.463	261.779	305.642	344.328
-2.08e+06	201.638	200.54	214.261	217.419	215.611	244.566	274.493	307.522	253.703	295.583	332.489	230.018	258.807	290.843	326.177	260.778	304.525	342.993
-2.079e+06	199.996	198.801	213.097	216.228	214.39	243.063	272.991	305.856	252.408	293.976	330.729	229.215	257.834	289.609	324.898	259.828	303.458	341.626
-2.078e+06	198.31	197.097	211.938	215.053	213.063	241.725	271.278	304.089	250.913	292.433	328.922	228.378	256.895	288.527	323.52	258.955	302.353	340.162
-2.077e+06	196.575	195.368	210.576	213.683	211.744	240.26	269.601	301.983	249.455	290.671	326.65	227.071	255.522	286.985	321.776	257.653	300.554	338.327
-2.076e+06	195.11	193.859	209.367	212.439	210.422	238.77	267.961	300.267	248.107	288.908	324.799	225.884	254.075	285.383	320.112	256.283	299.071	336.607
-2.075e+06	194.047	192.772	207.927	210.979	208.981	237.151	266.032	297.876	246.39	286.895	322.243	224.338	252.353	283.366	317.668	254.595	296.962	334.032
-2.074e+06	193.537	192.234	206.694	209.716	207.578	235.589	264.23	295.909	244.923	284.996	320.189	222.9	250.658	281.458	315.597	252.994	295.054	331.901
-2.073e+06	193.468	192.161	205.635	208.643	206.468	234.331	262.727	294.029	243.573	283.438	318.142	221.551	249.189	279.734	313.502	251.555	293.232	329.739
-2.072e+06	193.755	192.426	204.499	207.476	205.403	233.008	261.336	292.418	242.41	281.823	316.38	220.307	247.672	278.029	311.682	250.157	291.583	327.91
-2.071e+06	194.905	193.589	203.97	206.931	204.698	232.281	260.309	291.396	241.751	280.91	315.323	219.481	246.753	276.966	310.354	249.236	290.592	326.548
-2.07e+06	196.355	195.052	203.564	206.514	204.264	231.769	259.673	290.416	241.243	280.273	314.502	218.557	245.805	275.949	309.193	248.409	289.415	325.367
-2.069e+06	198.556	197.295	204.034	206.988	204.774	232.284	260.228	290.946	241.793	280.908	315.135	218.544	245.651	275.857	309.051	248.428	289.347	325.276
-2.068e+06	200.509	199.231	204.384	207.341	205.147	232.661	260.629	291.371	242.197	281.367	315.572	218.383	245.435	275.533	308.655	248.231	289.1	324.908
-2.067e+06	202.632	201.481	205.873	208.855	206.636	234.389	262.582	293.57	244.061	283.593	318.124	219.582	246.74	277.12	310.433	249.709	290.716	326.847
-2.066e+06	204.12	202.977	206.825	209.819	207.756	235.487	263.871	295.167	245.456	284.979	319.982	220.496	247.842	278.314	311.681	250.741	291.938	328.042
-2.065e+06	208.345	207.31	209.309	212.336	210.343	238.227	266.817	298.308	248.055	287.998	322.957	221.789	249.16	279.572	313.022	251.971	293.496	329.656
-2.064e+06	213.593	212.552	212.07	215.124	212.957	241.245	270.08	301.826	250.977	291.554	326.586	222.936	250.426	281.089	314.724	253.454	294.804	331.341
-2.063e+06	220.383	219.484	216.85	219.963	218.044	246.589	275.978	308.324	256.714	297.852	333.901	226.317	254.155	285.122	319.123	257.068	299.12	335.845
-2.062e+06	226.834	226.025	221.679	224.853	222.959	252.006	281.976	314.955	262.15	304.158	340.677	229.347	257.534	288.885	323.317	260.512	302.988	340.183
-2.061e+06	227.616	226.902	224.482	227.726	226.042	255.49	286.144	319.885	265.881	308.702	346.154	232.995	261.636	293.472	328.448	264.597	307.765	345.47
-2.06e+06	226.282	225.663	226.83	230.124	228.584	258.32	289.464	323.752	268.772	312.254	350.202	236.567	265.685	298.037	333.593	268.618	312.505	350.82
-2.059e+06	227.011	226.482	229.669	233.004	231.585	261.56	293.104	327.829	272.036	316.059	354.452	239.925	269.48	302.306	338.394	272.368	316.893	355.747
-2.058e+06	227.946	227.449	231.963	235.334	234.011	264.216	296.128	331.257	274.703	319.21	357.999	242.652	272.563	305.775	342.297	275.396	320.432	359.71
-2.057e+06	231.401	230.909	235.22	238.619	237.322	267.722	299.871	335.247	278.191	322.954	361.953	245.199	275.386	308.898	345.756	278.157	323.562	363.112
-2.056e+06	235.707	235.165	238.571	242.005	240.732	271.414	303.901	339.64	281.851	327.035	366.408	247.291	277.739	311.534	348.709	280.426	326.176	366.008
-2.055e+06	236.548	236.126	239.121	242.57	241.327	272.119	304.773	340.709	282.493	328.054	367.386	247.327	277.788	311.6	348.862	280.338	326.187	366.031
-2.054e+06	237.534	236.979	239.922	243.385	242.135	273.051	305.838	341.926	283.446	329.102	368.69	247.758	278.27	312.146	349.5	280.751	326.88	366.637
-2.053e+06	235.923	235.137	238.909	242.372	240.922	272.051	304.859	340.962	282.43	327.783	367.771	247.062	277.491	311.283	348.567	279.934	326.181	365.696
-2.052e+06	233.984	233.205	238.049	241.508	239.804	271.154	303.941	340.035	281.338	326.565	366.598	246.672	277.053	310.809	348.055	279.606	325.828	365.386
-2.051e+06	231.142	230.397	236.521	239.967	238.073	269.508	302.177	338.164	279.5	324.661	364.389	245.869	276.212	309.955	347.082	278.76	324.897	364.404
-2.05e+06	228.249	227.468	235.029	238.459	236.511	267.877	300.402	336.227	277.743	322.753	362.16	245.21	275.488	309.18	346.268	277.977	324.063	363.489
-2.049e+06	224.967	224.092	233.174	236.581	234.601	265.817	298.149	333.76	275.609	320.317	359.395	244.266	274.369	307.904	344.903	276.79	322.748	362.017
-2.048e+06	221.77	220.839	231.453	234.838	232.926	263.896	296.044	331.469	273.639	318.036	356.902	243.5	273.536	306.916	343.799	275.682	321.637	360.765
-2.047e+06	219.193	218.308	229.898	233.258	231.393	262.091	293.996	329.166	271.774	315.788	354.392	242.521	272.447	305.7	342.447	274.544	320.214	358.986
-2.046e+06	217.075	216.194	228.516	231.875	230.113	260.592	292.306	327.275	270.235	313.779	352.346	241.834	271.649	304.774	341.379	273.747	319.102	357.676
-2.045e+06	218.83	217.9	228.911	232.217	230.542	260.698	292.288	327.049	270.379	313.711	351.955	241.507	271.222	304.227	340.695	273.322	318.359	356.895
-2.044e+06	222.021	221.164	230.036	233.34	231.472	261.706	293.115	327.765	271.241	314.745	352.659	241.508	271.146	304.057	340.414	273.246	317.883	356.537
-2.043e+06	226.239	225.462	231.855	235.169	233.247	263.605	295.062	329.726	273.134	316.57	354.571	241.876	271.518	304.402	340.723	273.618	318.227	356.805
-2.042e+06	230.781	230.036	233.879	237.206	235.316	265.756	297.324	332.092	275.293	318.777	356.965	242.125	271.913	304.795	341.11	274.008	318.645	357.156
-2.041e+06	233.059	232.47	235.004	238.354	236.525	267.101	298.886	333.891	276.669	320.505	358.874	242.689	272.511	305.468	341.863	274.601	319.365	357.909
-2.04e+06	234.479	233.932	235.717	239.078	237.3	267.923	299.815	334.937	277.487	321.519	359.933	242.812	272.709	305.724	342.184	274.793	319.654	358.213
-2.039e+06	235.029	234.395	235.827	239.193	237.419	268.083	300.028	335.21	277.628	321.764	360.161	242.486	272.395	305.391	341.836	274.469	319.315	357.802
-2.038e+06	235.375	234.609	235.85	239.217	237.432	268.129	300.1	335.313	277.65	321.816	360.203	242.269	272.128	305.078	341.474	274.194	318.984	357.371
-2.037e+06	238.563	237.682	237.561	240.933	239.148	269.875	301.866	337.086	279.365	323.57	361.909	242.614	272.444	305.374	341.744	274.501	319.272	357.588
-2.036e+06	242.643	241.661	239.681	243.068	241.3	272.142	304.267	339.621	281.622	326.04	364.456	243.084	272.917	305.833	342.184	274.963	319.719	357.974
-2.035e+06	248.336	247.556	244.103	247.548	245.754	277.121	309.779	345.7	286.681	331.786	370.891	245.738	276.024	309.297	346.03	278.062	323.147	361.986
-2.034e+06	253.281	252.705	247.942	251.437	249.685	281.447	314.607	351.1	291.047	336.625	376.576	248.078	278.536	312.071	349.109	280.527	325.84	365.095
-2.033e+06	256.913	256.397	250.725	254.258	252.571	284.599	318.123	355.019	294.192	340.362	380.602	257.696	288.971	323.392	361.353	290.932	337.456	377.6
-2.032e+06	260.282	259.844	253.441	257.011	255.29	287.665	321.504	358.726	297.24	343.907	384.371	262.62	294.375	329.343	367.891	296.23	343.24	384.092
-2.031e+06	261.287	260.905	254.791	258.402	256.762	289.431	323.723	361.456	299.031	346.219	387.328	265.742	297.878	333.265	372.258	299.601	347.121	388.344
-2.03e+06	260.935	260.546	255.331	258.963	257.22	290.184	324.701	362.697	299.725	347.261	388.591	267.827	300.2	335.898	375.243	301.84	349.883	391.254
-2.029e+06	259.203	258.821	254.696	258.331	256.337	289.594	324.194	362.319	299.11	346.692	388.134	269.043	301.605	337.486	377.014	303.065	351.13	392.859
-2.028e+06	257.579	257.226	254.15	257.783	255.705	289.044	323.672	361.873	298.561	346.343	387.768	270.752	303.391	339.418	379.134	304.854	352.905	394.915
-2.027e+06	258.224	257.979	254.575	258.189	255.97	289.289	323.743	361.766	298.745	346.467	387.558	271.804	304.462	340.546	380.341	305.913	354.272	396.017
-2.026e+06	260.288	260.125	255.784	259.402	257.041	290.538	325.031	363.105	299.976	347.923	388.735	272.937	305.776	341.973	381.829	306.987	355.73	397.297
-2.025e+06	259.625	259.399	255.226	258.852	256.563	290.068	324.669	362.885	299.504	347.785	388.494	273.801	306.744	343.062	383.048	307.633	356.672	398.151
-2.024e+06	258.629	258.255	254.797	258.422	256.306	289.634	324.242	362.48	299.044	347.561	388.33	274.884	307.98	344.477	384.665	308.743	357.952	399.589
-2.023e+06	253.231	252.631	251.406	255.014	253.136	286.093	320.584	358.728	295.457	343.96	384.994	274.553	307.693	344.256	384.53	308.339	357.426	399.237
-2.022e+06	246.069	245.243	247.19	250.752	249.153	281.479	315.674	353.448	290.726	338.77	379.858	273.658	306.768	343.332	383.64	307.332	356.096	398.139
-2.021e+06	241.249	240.372	244.536	248.046	246.558	278.49	312.338	349.697	287.462	334.85	375.636	272.827	305.816	342.297	382.55	306.376	354.738	396.947
-2.02e+06	237.494	236.657	242.633	246.109	244.55	276.237	309.83	346.921	285.16	332.104	372.673	272.356	305.238	341.627	381.798	305.778	353.839	396.115
-2.019e+06	234.737	234.002	241.313	244.758	242.999	274.551	307.768	344.56	283.472	329.992	370.211	271.868	304.661	340.961	381.043	305.158	353.045	395.259
-2.018e+06	232.625	231.817	240.321	243.752	241.756	273.355	306.238	342.695	282.262	328.423	368.276	271.281	304.029	340.28	380.318	304.48	352.313	394.46
-2.017e+06	228.873	228.018	238.26	241.674	239.513	271.131	303.775	339.877	279.991	325.749	365.237	261.391	293.332	328.743	367.918	293.782	340.571	381.784
-2.016e+06	224.274	223.554	235.858	239.246	237.15	268.487	300.891	336.644	277.288	322.546	361.59	255.882	287.282	322.115	360.673	287.758	333.764	374.204
-2.015e+06	221.789	220.896	233.884	237.23	235.154	266.092	298.072	333.349	274.799	319.3	357.637	251.796	282.702	316.997	354.971	283.212	328.621	368.531
-2.014e+06	219.895	218.955	231.787	235.099	233.131	263.698	295.387	330.325	272.342	316.181	353.979	248.24	278.593	312.292	349.628	279.304	324.177	363.412
-2.013e+06	222.691	221.798	232.295	235.576	233.447	263.842	295.12	329.703	272.445	315.767	353.071	246.254	276.233	309.498	346.333	277.001	321.286	359.95
-2.012e+06	227.281	226.289	233.535	236.806	234.625	264.97	296.148	330.545	273.564	316.574	353.649	244.909	274.6	307.538	344.004	275.435	319.283	357.479
-2.011e+06	227.207	226.362	232.665	235.94	233.765	264.146	295.401	329.856	272.77	315.748	352.92	243.456	272.945	305.664	341.89	273.869	317.541	355.255
-2.01e+06	224.646	223.863	230.373	233.626	231.485	261.645	292.699	326.945	270.243	312.968	349.826	240.997	270.264	302.736	338.687	271.253	314.566	352.008
-2.009e+06	219.226	218.435	227.155	230.392	228.304	258.297	289.242	323.393	266.91	309.495	346.179	239.231	268.363	300.691	336.486	269.407	312.258	349.776
-2.008e+06	212.92	212.102	223.992	227.227	225.267	254.985	285.695	319.605	263.595	305.814	342.213	237.871	266.981	299.227	334.902	268.032	310.831	348.17
-2.007e+06	209.928	208.943	222.7	225.874	223.964	253.322	283.89	317.517	261.984	303.911	339.913	237.253	266.16	298.293	333.936	267.324	310.129	347.189
-2.006e+06	207.418	206.445	221.518	224.673	222.593	251.876	282.074	315.583	260.475	302.221	337.907	236.693	265.473	297.402	332.766	266.699	309.174	345.926
-2.005e+06	207.977	206.947	221.148	224.298	222.274	251.334	281.243	314.24	259.924	301.208	336.38	235.597	264.326	296.063	331.197	265.599	307.695	344.291
-2.004e+06	209.656	208.765	221.129	224.238	222.279	251.118	281.012	313.846	259.845	300.696	335.72	234.763	263.153	294.774	329.778	264.476	306.519	342.819
-2.003e+06	211.277	210.39	221.282	224.389	222.37	251.173	280.868	313.805	259.795	300.715	335.688	234.292	262.582	293.964	328.721	263.955	305.844	341.85
-2.002e+06	212.705	211.784	221.355	224.459	222.273	251.211	280.838	313.483	259.852	300.659	335.512	233.683	261.898	293.189	327.811	263.319	305.027	340.797
-2.001e+06	214.242	213.299	221.673	224.778	222.619	251.549	281.188	313.827	260.236	300.992	335.797	233.319	261.489	292.727	327.285	262.956	304.535	340.27
-2e+06	215.621	214.693	221.917	225.023	222.894	251.802	281.444	314.086	260.527	301.224	335.938	232.917	261.027	292.195	326.672	262.535	303.971	339.648
-1.999e+06	218.82	217.961	223.206	226.318	224.208	253.131	282.799	315.461	261.89	302.563	337.133	232.814	260.883	292.003	326.419	262.43	303.759	339.399
-1.998e+06	222.697	221.98	224.874	227.998	225.885	254.918	284.692	317.463	263.721	304.486	339.205	232.89	260.926	292.006	326.373	262.507	303.749	339.355
-1.997e+06	227.338	226.73	227.799	230.964	228.787	258.235	288.391	321.576	267.092	308.393	343.555	234.394	262.618	293.895	328.468	264.199	305.751	341.489
-1.996e+06	230.782	230.133	229.685	232.875	230.733	260.366	290.766	324.241	269.193	311.128	346.348	234.719	262.972	294.3	328.94	264.523	306.481	341.981
-1.995e+06	230.578	230.011	230.116	233.347	231.415	261.189	291.996	325.934	270.183	312.595	348.576	235.506	263.944	295.512	330.439	265.542	307.8	343.795
-1.994e+06	228.903	228.362	230.255	233.504	231.623	261.523	292.542	326.735	270.529	313.187	349.425	236.615	265.246	297.004	332.139	266.828	309.256	345.487
-1.993e+06	226.895	226.162	229.286	232.522	230.67	260.433	291.342	325.423	269.427	311.835	348.043	236.246	264.782	296.476	331.547	266.369	308.836	344.849
-1.992e+06	227.491	226.585	230.53	233.787	231.835	261.848	292.923	327.162	270.899	313.205	349.6	237.955	266.592	298.453	333.734	268.206	310.962	347.289
-1.991e+06	229.747	228.911	232.41	235.678	233.516	263.823	294.931	329.207	272.763	315.234	351.384	239.222	268.06	300.141	335.561	269.762	312.471	349.11
-1.99e+06	230.703	230.032	232.683	235.943	233.615	264.024	295.082	329.324	272.862	315.48	351.359	238.975	267.782	299.779	335.11	269.463	311.772	348.531
-1.989e+06	235.276	234.782	235.45	238.723	236.434	266.92	298.104	332.481	275.723	318.615	354.608	240.62	269.522	301.607	337.029	271.182	313.455	350.36
-1.988e+06	241.215	240.771	239.07	242.374	240.131	270.844	302.324	337.022	279.658	322.925	359.191	253.443	283.419	316.666	353.258	285.057	328.748	366.76
-1.987e+06	248.734	248.234	244.611	247.981	245.989	277.02	309.128	344.512	285.918	330.095	366.894	259.179	289.711	323.667	360.878	291.332	335.707	374.273
-1.986e+06	254.715	254.182	249.03	252.448	250.668	281.903	314.461	350.325	290.98	335.766	373.189	263.133	294.084	328.511	366.209	295.617	340.434	379.566
-1.985e+06	258.388	257.961	252.442	255.929	254.08	285.933	319.077	355.535	295.081	340.269	378.641	266.688	298.032	332.87	371.025	299.409	344.983	384.244
-1.984e+06	260.418	260.044	254.525	258.045	256.277	288.348	321.839	358.711	297.436	343.05	381.784	269.215	300.873	336.022	374.573	302.086	347.91	387.61
-1.983e+06	261.127	260.762	255.387	258.922	257.141	289.367	323.018	360.071	298.355	344.228	383.046	270.542	302.358	337.702	376.423	303.415	349.747	389.35
-1.982e+06	261.914	261.475	256.37	259.923	257.983	290.497	324.289	361.507	299.398	345.359	384.551	272.155	304.165	339.694	378.673	305.095	351.255	391.413
-1.981e+06	261.199	260.664	256.148	259.703	257.477	290.326	324.196	361.498	299.193	344.924	384.346	272.527	304.598	340.161	379.265	305.456	351.743	391.79
-1.98e+06	259.984	259.464	255.552	259.101	256.697	289.699	323.567	360.911	298.528	344.195	383.492	272.43	304.558	340.213	379.353	305.294	352.059	391.659
-1.979e+06	257.136	256.845	253.93	257.47	254.953	288.007	321.835	359.171	296.797	342.704	381.557	272.325	304.516	340.241	379.441	304.94	351.927	391.505
-1.978e+06	254.189	254.077	252.455	255.979	253.401	286.394	320.103	357.33	295.135	341.223	379.64	272.553	304.81	340.602	379.894	305.103	351.979	391.716
-1.977e+06	250.179	250.038	250.037	253.533	250.943	283.72	317.19	354.173	292.392	338.383	376.737	272.058	304.296	340.064	379.349	304.472	351.052	390.917
-1.976e+06	246.065	245.874	247.72	251.187	248.719	281.123	314.322	351.017	289.729	335.493	373.853	271.775	303.986	339.718	378.955	304.054	350.362	390.305
-1.975e+06	243.428	243.18	246.142	249.571	247.115	279.186	312.021	348.31	287.707	333.063	371.195	271.285	303.406	339.03	378.137	303.377	349.417	389.273
-1.974e+06	241.595	241.355	245.099	248.506	245.953	277.926	310.54	346.58	286.398	331.48	369.337	271.088	303.138	338.675	377.699	303.021	348.955	388.619
-1.973e+06	238.728	238.361	243.545	246.936	244.326	276.22	308.685	344.564	284.661	329.51	367.152	271.071	303.091	338.585	377.575	302.89	348.805	388.302
-1.972e+06	235.004	234.435	241.531	244.902	242.265	273.968	306.187	341.797	282.357	326.846	364.18	270.654	302.636	338.084	377.037	302.357	348.243	387.583
-1.971e+06	231.386	230.689	239.472	242.818	240.219	271.663	303.596	338.868	279.982	323.988	360.943	269.833	301.741	337.104	375.979	301.394	347.191	386.341
-1.97e+06	227.879	227.271	237.531	240.855	238.365	269.514	301.243	336.263	277.774	321.329	357.937	269.03	300.852	336.119	374.901	300.449	346.141	385.095
-1.969e+06	226.393	225.772	236.736	240.041	237.651	268.544	300.097	334.919	276.758	319.914	356.203	268.711	300.478	335.678	374.397	300.023	345.648	384.443
-1.968e+06	225.43	224.694	236.003	239.294	236.99	267.681	299.105	333.781	275.866	318.706	354.601	268.288	299.987	335.109	373.75	299.486	345.026	383.658
-1.967e+06	223.822	223.151	234.815	238.091	235.863	266.348	297.631	332.154	274.505	317.033	352.734	267.506	299.123	334.151	372.698	298.582	344.02	382.483
-1.966e+06	222.331	221.755	233.737	237.016	234.91	265.208	296.358	330.734	273.345	315.436	351.233	261.907	293.109	327.71	365.831	292.558	337.462	375.45
-1.965e+06	217.333	216.68	230.597	233.818	231.814	261.854	292.804	326.971	269.973	311.765	347.36	252.947	283.344	317.092	354.333	282.909	326.734	363.982
-1.964e+06	211.222	210.386	227.383	230.567	228.479	258.058	288.812	322.635	266.179	307.715	342.878	248.012	277.984	311.285	348.063	277.656	321.01	358.073
-1.963e+06	207.907	207.027	224.746	227.882	225.519	254.883	284.895	318.161	262.859	303.705	338.114	243.652	273.031	305.68	341.769	272.905	315.547	351.942
-1.962e+06	205.593	204.614	222.068	225.16	222.799	251.798	281.37	314.092	259.747	299.898	333.701	240.022	268.894	300.98	336.461	268.898	310.8	346.533
-1.961e+06	206.42	205.4	220.975	224.018	221.538	250.252	279.442	311.737	258.147	297.702	331.075	237.283	265.705	297.279	332.192	265.823	307.022	342.117
-1.96e+06	209.061	208.055	220.856	223.885	221.396	250.001	278.918	310.929	257.965	297.083	330.102	235.578	263.626	294.809	329.275	263.86	304.501	339.093
-1.959e+06	209.991	208.906	219.617	222.62	220.049	248.514	277.19	308.897	256.441	295.323	328.003	233.179	260.83	291.542	325.599	261.223	301.282	335.47
-1.958e+06	211.121	210.03	218.748	221.737	219.248	247.511	276.052	307.583	255.523	293.98	326.538	231.154	258.557	288.883	322.463	259.051	298.604	332.327
-1.957e+06	207.251	206.278	214.799	217.75	215.187	243.223	271.435	302.617	251.163	289.354	321.608	226.833	253.835	283.843	316.943	254.418	293.497	326.806
-1.956e+06	206.909	205.869	214.634	217.584	215.034	243.046	271.238	302.382	251.063	289.178	321.311	226.76	253.648	283.43	316.487	254.359	293.377	326.533
-1.955e+06	203.514	202.366	212.412	215.348	212.853	240.702	268.782	299.81	248.77	286.681	318.46	225.265	252.033	281.659	314.478	252.837	291.668	324.513
-1.954e+06	197.992	196.843	208.853	211.754	209.283	236.809	264.569	295.252	244.886	282.333	313.754	222.393	248.928	278.266	310.767	249.83	288.211	320.813
-1.953e+06	196.018	194.918	208.049	210.936	208.609	235.943	263.666	294.214	244.172	281.412	312.732	222.177	248.612	277.987	310.436	249.683	287.904	320.542
-1.952e+06	195.181	194.053	208.127	211.011	208.556	235.921	263.552	294.233	244.294	281.307	312.814	222.85	249.298	278.587	311.119	250.363	288.739	321.368
-1.951e+06	191.665	190.515	205.505	208.356	205.897	232.985	260.249	290.586	241.236	277.924	309.07	220.463	246.663	275.68	307.787	247.808	285.801	318.081
-1.95e+06	190.927	189.821	205.178	208.04	205.621	232.63	259.808	289.787	240.82	277.492	308.487	220.531	246.674	275.624	307.643	247.913	285.763	317.846
-1.949e+06	190.956	189.83	204.775	207.604	205.312	232.222	259.31	289.161	240.471	276.991	307.841	220.418	246.512	275.41	307.365	247.829	285.565	317.388
-1.948e+06	189.751	188.603	203.194	206.001	203.665	230.253	257.275	286.907	238.669	274.887	305.432	218.913	244.859	273.587	305.358	246.251	283.729	315.385
-1.947e+06	191.586	190.46	203.474	206.276	203.764	230.421	257.292	286.893	238.893	274.962	305.226	218.605	244.607	273.299	305.01	246.099	283.298	315.083
-1.946e+06	196.382	195.281	206.07	208.894	206.394	233.227	260.121	290.009	241.771	277.863	308.515	220.803	246.787	275.757	307.651	248.488	285.887	317.819
-1.945e+06	202.094	200.943	209.28	212.133	209.661	236.724	263.875	293.972	245.33	281.779	312.663	223.367	249.574	278.588	310.893	251.279	289.028	321.161
-1.944e+06	206.308	205.259	211.336	214.205	211.625	238.926	266.188	296.498	247.601	284.197	315.293	224.63	250.893	279.95	312.43	252.641	290.517	322.72
-1.943e+06	213.312	212.342	214.645	217.535	215.1	242.444	269.997	300.674	251.363	288.117	319.578	225.619	252.071	281.409	314.07	253.928	291.838	324.326
-1.942e+06	223.128	222.218	220.484	223.436	221.196	248.945	277.108	308.313	257.938	295.484	327.292	228.762	255.525	285.133	317.973	257.151	295.653	328.079
-1.941e+06	229.819	229.034	226.389	229.427	227.223	255.669	284.631	316.664	264.677	303.457	335.967	233.068	260.266	290.351	323.677	261.84	301.069	334.121
-1.94e+06	234.45	233.777	231.51	234.615	232.53	261.43	291.018	323.711	270.52	310.115	343.349	236.718	264.341	294.893	328.746	265.897	305.694	339.232
-1.939e+06	237.27	236.714	235.48	238.654	236.701	266.065	296.316	329.724	275.224	315.679	349.638	240.51	268.58	299.626	334.003	270.085	310.491	344.519
-1.938e+06	238.813	238.322	238.429	241.653	239.826	269.502	300.241	334.176	278.67	319.735	354.199	243.608	272.069	303.548	338.388	273.506	314.432	348.879
-1.937e+06	240.795	240.336	241.496	244.763	243.014	272.985	304.136	338.514	282.143	323.693	358.544	246.94	275.743	307.599	342.839	277.081	318.464	353.248
-1.936e+06	242.089	241.65	243.726	247.027	245.306	275.545	307.026	341.76	284.658	326.59	361.75	249.439	278.502	310.647	346.192	279.753	321.486	356.574
-1.935e+06	242.391	241.961	244.468	247.777	246.079	276.371	307.948	342.783	285.374	327.471	362.675	250.217	279.361	311.595	347.233	280.514	322.299	357.438
-1.934e+06	242.955	242.496	245.217	248.538	246.866	277.231	308.919	343.874	286.156	328.374	363.728	251.004	280.211	312.532	348.266	281.193	323.191	358.35
-1.933e+06	242.07	241.431	244.397	247.71	245.951	276.336	307.956	342.84	285.173	327.193	362.708	255.415	284.889	317.498	353.522	285.757	328.369	363.593
-1.932e+06	241.843	241.097	244.318	247.631	245.733	276.266	307.887	342.771	285.093	326.773	362.543	261.319	291.308	324.579	361.186	292.056	335.318	371.067
-1.931e+06	241.148	240.456	243.904	247.213	245.127	275.821	307.417	342.273	284.555	325.915	361.779	262.959	293.076	326.663	363.435	293.68	337.002	373.081
-1.93e+06	239.991	239.334	243.08	246.38	244.169	274.918	306.443	341.224	283.556	324.796	360.484	263.825	294.039	327.692	364.567	294.525	337.822	373.945
-1.929e+06	239.197	238.497	242.182	245.468	243.212	273.881	305.274	339.909	282.418	323.487	358.986	263.967	294.213	327.806	364.711	294.635	337.87	373.82
-1.928e+06	238.041	237.264	240.846	244.113	241.878	272.371	303.601	338.055	280.816	321.653	357.03	263.381	293.587	327.084	363.94	293.975	337.159	372.868
-1.927e+06	236.051	235.186	238.908	242.155	239.944	270.249	301.309	335.584	278.612	319.323	354.477	262.259	292.386	325.769	362.54	292.745	335.871	371.337
-1.926e+06	234.338	233.338	237.356	240.584	238.396	268.521	299.416	333.515	276.822	317.487	352.364	261.387	291.443	324.763	361.477	291.783	334.88	370.262
-1.925e+06	231.471	230.509	235.628	238.849	236.707	266.733	297.588	331.656	275.011	315.765	350.52	261.11	291.169	324.622	361.384	291.481	334.655	370.077
-1.924e+06	228.869	227.95	234.558	237.79	235.743	265.665	296.469	330.489	273.924	314.715	349.339	261.587	291.78	325.343	362.225	291.904	335.308	370.821
-1.923e+06	225.77	224.878	233.035	236.215	234.262	264.011	294.67	328.535	272.236	312.888	347.31	261.39	291.609	325.19	362.115	291.56	335.071	370.594
-1.922e+06	221.24	220.376	230.439	233.588	231.543	261.003	291.401	324.976	269.188	309.548	343.627	252.317	281.832	314.665	350.84	281.772	324.225	359.086
-1.921e+06	220.655	219.842	230.306	233.44	231.246	260.453	290.713	324.115	268.644	308.9	342.669	246.993	275.93	308.134	343.675	275.99	317.781	352.124
-1.92e+06	221.878	220.968	231.147	234.283	231.907	261.278	291.343	324.599	269.371	309.642	343.273	245.762	274.489	306.418	341.666	274.628	316.074	350.169
-1.919e+06	222.09	221.298	230.508	233.634	231.285	260.507	290.373	323.365	268.561	308.431	341.558	243.407	271.841	303.439	338.333	272.02	312.952	346.754
-1.918e+06	221.052	220.096	228.378	231.461	229.238	258.068	287.737	320.466	266.148	305.445	338.385	239.809	267.808	298.962	333.35	268.056	308.377	341.713
-1.917e+06	219.916	218.929	226.938	230.004	227.577	256.448	285.824	318.299	264.415	303.626	336.364	237.59	265.31	296.261	330.38	265.627	305.576	338.774
-1.916e+06	221.115	220.147	227.817	230.89	228.433	257.402	286.826	319.317	265.41	304.608	337.121	238.139	265.84	296.579	330.667	266.232	306.154	339.191
-1.915e+06	219.494	218.644	226.898	229.967	227.557	256.449	285.834	318.282	264.477	303.532	335.939	237.536	265.203	295.828	329.755	265.638	305.284	338.124
-1.914e+06	217.214	216.34	225.396	228.464	226.224	254.965	284.232	316.551	262.996	301.67	334.116	236.579	264.167	294.811	328.639	264.664	304.096	336.971
-1.913e+06	214.464	213.437	223.306	226.324	224.078	252.448	281.553	313.566	260.566	298.791	330.98	234.68	261.953	292.187	325.835	262.47	301.659	334.212
-1.912e+06	212.163	211.102	221.447	224.442	221.989	250.27	278.971	310.825	258.223	296.345	328.203	233.006	260.085	290.078	323.277	260.653	299.496	331.627
-1.911e+06	211.113	210.187	220.42	223.397	220.908	249.08	277.576	309.042	257.016	294.874	326.454	231.792	258.802	288.646	321.664	259.427	297.909	329.869
-1.91e+06	210.55	209.498	219.451	222.434	220.006	248.047	276.404	307.703	256.004	293.62	324.788	230.678	257.459	287.276	320.16	258.24	296.463	328.383
-1.909e+06	211.36	210.316	220.148	223.114	220.801	248.767	277.332	308.723	256.918	294.419	325.836	231.816	258.647	288.373	321.32	259.341	297.811	329.762
-1.908e+06	210.514	209.493	219.699	222.658	220.319	248.211	276.717	308.048	256.388	293.808	325.15	231.744	258.575	288.288	321.145	259.305	297.707	329.575
-1.907e+06	207.812	206.81	218.206	221.156	218.788	246.617	274.964	306.194	254.755	292.057	323.266	231.046	257.832	287.499	320.302	258.604	296.875	328.622
-1.906e+06	205.646	204.657	217.499	220.443	218.05	245.845	274.066	305.218	253.959	291.163	322.273	231.224	258.026	287.71	320.528	258.839	297.066	328.759
-1.905e+06	204.548	203.611	217.157	220.091	217.637	245.408	273.44	304.46	253.477	290.554	321.473	231.205	257.995	287.666	320.466	258.846	296.997	328.611
-1.904e+06	205.015	204.186	217.799	220.737	218.179	246.089	273.925	305.108	254.111	291.268	322.132	232.135	259	288.748	321.627	259.882	298.066	329.688
-1.903e+06	206.899	206.06	219.238	222.185	219.684	247.616	275.53	306.698	255.541	292.89	323.741	233.572	260.553	290.426	323.431	261.462	299.735	331.41
-1.902e+06	207.55	206.686	219.394	222.34	219.886	247.761	275.681	306.73	255.709	292.981	323.738	233.665	260.647	290.52	323.523	261.572	299.779	331.387
-1.901e+06	210.795	209.911	221.04	223.991	221.554	249.458	277.434	308.363	257.427	294.7	325.413	234.546	261.578	291.5	324.548	262.517	300.723	332.312
-1.9e+06	213.602	212.711	221.94	224.894	222.433	250.391	278.408	309.164	258.365	295.631	326.304	234.577	261.569	291.444	324.438	262.515	300.604	332.085
-1.899e+06	219.008	218.209	224.809	227.782	225.27	253.431	281.615	312.535	261.428	298.86	329.621	235.995	263.062	293.011	326.073	264.014	302.144	333.639
-1.898e+06	224.689	224.105	227.811	230.808	228.222	256.663	285.071	316.232	264.685	302.354	333.266	237.336	264.476	294.499	327.628	265.383	303.593	335.106
-1.897e+06	229.823	229.26	230.946	233.981	231.342	260.17	288.977	320.587	268.181	306.455	337.706	239.221	266.503	296.675	329.963	267.279	305.911	337.588
-1.896e+06	234.118	233.523	233.535	236.598	234.283	263.037	292.147	324.124	271.169	309.879	341.546	240.482	267.874	298.176	331.61	268.604	307.585	339.608
-1.895e+06	236.157	235.666	235.62	238.729	236.562	265.564	295.117	327.712	273.928	312.933	345.265	242.315	270.001	300.63	334.417	270.81	309.981	342.463
-1.894e+06	236.518	236.059	236.795	239.93	237.836	267	296.832	329.724	275.342	314.667	347.182	243.627	271.499	302.335	336.359	272.234	311.653	344.242
-1.893e+06	236.765	236.273	237.654	240.804	238.755	268	297.973	331.021	276.333	315.75	348.382	244.514	272.493	303.449	337.604	273.194	312.7	345.432
-1.892e+06	236.688	236.263	238.211	241.37	239.338	268.66	298.755	331.937	276.934	316.519	349.133	245.184	273.252	304.295	338.546	273.912	313.414	346.169
-1.891e+06	237.374	236.828	238.682	241.84	239.887	269.122	299.209	332.375	277.341	316.938	349.581	245.512	273.526	304.523	338.74	274.08	313.729	346.166
-1.89e+06	238.451	237.672	239.192	242.353	240.512	269.675	299.793	332.996	277.942	317.462	350.366	245.639	273.617	304.584	338.777	274.098	313.945	346.275
-1.889e+06	238.537	237.553	239.182	242.345	240.398	269.685	299.825	333.053	277.912	317.226	350.293	245.534	273.447	304.348	338.475	273.878	313.77	346.048
-1.888e+06	238.195	237.163	238.907	242.067	240.075	269.385	299.508	332.715	277.554	316.709	349.797	245.311	273.17	304.017	338.09	273.565	313.405	345.597
-1.887e+06	236.947	235.873	237.868	241.017	239	268.242	298.271	331.375	276.346	315.342	348.268	244.58	272.344	303.086	337.043	272.727	312.33	344.357
-1.886e+06	235.531	234.407	236.739	239.875	237.851	266.989	296.904	329.884	275.033	313.923	346.598	243.812	271.498	302.152	336.01	271.883	311.238	343.038
-1.885e+06	234.272	233.179	235.698	238.83	236.91	265.951	295.781	328.662	273.954	312.768	345.227	243.261	270.893	301.486	335.276	271.282	310.439	342.069
-1.884e+06	232.675	231.606	234.56	237.667	235.72	264.509	294.28	327.093	272.565	311.289	343.51	242.5	270.048	300.549	334.235	270.446	309.375	340.971
-1.883e+06	230.498	229.448	232.701	235.784	233.746	262.413	291.805	324.261	270.219	308.798	340.691	240.685	268.058	298.369	331.848	268.47	306.889	338.535
-1.882e+06	229.845	228.851	232.201	235.276	233.133	261.83	291.134	323.456	269.618	308.004	339.704	240.149	267.498	297.741	331.121	267.949	306.253	337.781
-1.881e+06	229.71	228.814	232.154	235.226	232.894	261.76	291.043	323.334	269.554	307.823	339.208	240.121	267.363	297.564	331.054	267.827	306.281	337.712
-1.88e+06	229.141	228.203	231.549	234.613	232.298	261.084	290.303	322.52	268.872	306.976	338.272	239.765	266.935	297.005	330.191	267.364	305.718	337.011
-1.879e+06	227.425	226.444	230.296	233.35	231.069	259.737	288.87	320.996	267.52	305.449	336.696	239.185	266.283	296.273	329.342	266.731	304.904	336.052
-1.878e+06	225.383	224.297	228.916	231.957	229.699	258.229	287.243	319.241	266.003	303.725	334.866	238.584	265.629	295.561	328.569	266.093	304.121	335.155
-1.877e+06	223.834	222.679	228.125	231.158	228.924	257.369	286.322	318.251	265.153	302.745	333.81	238.565	265.624	295.57	328.596	266.094	304.084	335.082
-1.876e+06	223.936	222.826	228.861	231.902	229.705	258.175	287.194	319.191	265.996	303.62	334.713	240.059	267.253	297.343	330.522	267.712	305.836	336.918
-1.875e+06	222.803	221.735	228.54	231.579	229.423	257.837	286.843	318.825	265.67	303.223	334.217	240.552	267.792	297.924	331.161	268.208	306.407	337.5
-1.874e+06	221.082	220.051	227.796	230.827	228.701	257.018	285.954	317.86	264.852	302.269	333.043	240.532	267.74	297.849	331.078	268.119	306.392	337.45
-1.873e+06	218.614	217.609	226.439	229.454	227.343	255.522	284.327	316.092	263.345	300.555	331.059	239.816	266.946	296.979	330.139	267.302	305.594	336.569
-1.872e+06	216.596	215.614	225.526	228.531	226.429	254.505	283.209	314.864	262.33	299.376	329.683	239.393	266.482	296.476	329.602	266.825	305.171	336.109
-1.871e+06	213.357	212.396	223.34	226.317	224.189	252.055	280.504	311.884	259.849	296.538	326.589	237.449	264.379	294.19	327.117	264.727	302.859	333.609
-1.87e+06	210.829	209.874	221.668	224.632	222.61	250.31	278.561	309.721	258.1	294.477	324.426	235.992	262.818	292.514	325.304	263.208	301.099	331.693
-1.869e+06	207.717	206.693	219.288	222.203	220.045	247.415	275.407	306.312	255.245	291.146	320.952	233.765	260.364	289.816	322.344	260.805	298.283	328.459
-1.868e+06	205.79	204.732	217.906	220.811	218.549	245.896	273.571	304.109	253.625	289.37	318.817	232.543	259.03	288.405	320.848	259.56	296.706	326.817
-1.867e+06	203.034	202.002	215.926	218.789	216.411	243.531	270.974	301.301	251.313	286.617	315.797	230.875	257.178	286.256	318.372	257.723	294.598	324.382
-1.866e+06	201.006	199.886	214.52	217.369	214.989	242.001	269.159	299.117	249.712	284.819	313.694	229.901	255.978	284.879	316.869	256.577	293.152	322.84
-1.865e+06	198.504	197.332	212.204	215.008	212.482	239.22	266.023	295.637	246.945	281.51	309.972	227.576	253.412	282.015	313.557	254.101	290.194	319.452
-1.864e+06	196.638	195.431	210.119	212.891	210.334	236.843	263.378	292.644	244.634	278.739	306.796	225.493	251.052	279.286	310.48	251.766	287.453	316.377
-1.863e+06	198.837	197.643	209.763	212.534	209.938	236.257	262.429	291.275	243.932	277.753	305.509	224.054	249.315	277.342	308.331	250.156	285.397	314.073
-1.862e+06	202.419	201.29	209.862	212.589	210.061	236.183	262.335	291.041	244.03	277.546	305.026	222.976	248.004	275.685	306.259	248.835	283.79	312.19
-1.861e+06	210.082	209.133	213.843	216.605	214.001	240.454	266.806	296.068	248.492	282.355	310.307	224.986	250.197	278.056	308.773	251.028	286.275	314.869
-1.86e+06	217.652	216.711	217.79	220.599	218.106	244.836	271.564	301.218	252.953	287.283	315.523	226.732	252.089	280.138	311.082	253.032	288.346	317.169
-1.859e+06	224.755	223.903	222.639	225.506	223.037	250.241	277.511	307.682	258.421	293.583	322.373	230.075	255.707	284.038	315.27	256.569	292.384	321.437
-1.858e+06	231.098	230.35	227.405	230.328	227.896	255.55	283.35	314.091	263.767	299.588	328.879	240.106	266.619	295.88	328.093	267.5	304.317	334.293
-1.857e+06	232.978	232.317	230.798	233.789	231.459	259.605	288.073	319.527	267.921	304.656	334.647	249.522	276.963	307.218	340.496	277.865	315.771	346.799
-1.856e+06	232.56	231.954	233.24	236.277	234.075	262.49	291.402	323.336	270.846	308.131	338.567	254.49	282.491	313.365	347.321	283.253	321.949	353.481
-1.855e+06	232.653	232.037	234.94	238	235.864	264.419	293.564	325.741	272.76	310.296	340.933	257.842	286.217	317.503	351.911	286.843	325.976	357.864
-1.854e+06	232.949	232.359	236.264	239.346	237.259	265.95	295.304	327.704	274.259	312.042	342.84	260.59	289.274	320.89	355.654	289.808	329.183	361.489
-1.853e+06	233.097	232.498	237.281	240.377	238.265	267.103	296.596	329.14	275.376	313.277	344.183	262.955	291.872	323.748	358.812	292.286	332.126	364.407
-1.852e+06	233.152	232.423	238.08	241.188	239.004	268.012	297.613	330.269	276.186	314.245	345.211	265.044	294.209	326.364	361.721	294.449	334.34	367.007
-1.851e+06	229.622	228.988	236.007	239.093	236.793	265.745	295.188	327.707	273.763	311.884	342.565	264.36	293.52	325.7	361.121	293.6	333.866	366.16
-1.85e+06	226.226	225.686	234.336	237.4	235.07	263.869	293.126	325.44	271.729	309.85	340.464	264.052	293.24	325.439	360.866	293.268	333.632	366.003
-1.849e+06	223.558	222.979	232.807	235.844	233.516	262.074	291.071	323.082	269.804	307.734	338.234	257.104	285.818	317.542	352.491	285.757	325.301	357.39
-1.848e+06	221.518	220.87	231.663	234.686	232.289	260.783	289.6	321.395	268.43	306.187	336.51	249.97	278.068	309.151	343.438	278.02	316.854	348.462
-1.847e+06	221.995	221.193	231.381	234.386	231.851	260.32	288.94	320.494	267.928	305.319	335.363	246.571	274.248	304.881	338.701	274.228	312.68	343.887
-1.846e+06	223.78	222.975	231.709	234.709	232.051	260.601	289.171	320.661	268.212	305.413	335.249	244.623	272.043	302.392	335.901	272.048	310.069	340.93
-1.845e+06	227.194	226.512	232.94	235.94	233.303	261.818	290.366	321.813	269.427	306.413	336.144	243.247	270.45	300.566	333.828	270.483	308.262	338.821
-1.844e+06	231.435	230.71	234.426	237.432	234.954	263.376	291.977	323.461	271.06	307.987	337.906	242.372	269.427	299.369	332.443	269.485	306.991	337.273
-1.843e+06	233.353	232.641	235.462	238.487	236.043	264.613	293.44	325.181	272.228	309.606	339.728	242.324	269.48	299.427	332.501	269.555	306.842	337.387
-1.842e+06	233.75	233.23	235.817	238.851	236.518	265.055	293.983	325.841	272.634	310.28	340.464	242.13	269.335	299.271	332.33	269.421	306.689	337.266
-1.841e+06	232.85	232.333	235.363	238.405	236.256	264.698	293.707	325.642	272.374	310.003	340.404	241.916	269.118	299.028	332.056	269.213	306.443	337.021
-1.84e+06	231.41	230.739	234.798	237.844	235.683	264.16	293.196	325.165	271.832	309.148	339.748	241.798	269.011	298.892	331.886	269.113	306.274	336.868
-1.839e+06	230.347	229.53	234.144	237.18	234.94	263.409	292.355	324.229	271.046	308.019	338.511	241.388	268.514	298.307	331.203	268.624	305.694	336.173
-1.838e+06	229.664	228.823	233.633	236.663	234.416	262.838	291.729	323.547	270.452	307.324	337.682	241.208	268.171	297.889	330.699	268.292	305.351	335.665
-1.837e+06	228.339	227.504	232.634	235.653	233.396	261.742	290.547	322.275	269.332	306.067	336.321	250.037	277.452	307.87	341.384	277.595	315.53	346.359
-1.836e+06	226.92	226.097	231.622	234.631	232.37	260.622	289.326	320.948	268.191	304.744	334.931	252.814	280.445	311.32	345.085	280.498	318.715	349.8
-1.835e+06	226.254	225.44	230.845	233.857	231.644	259.788	288.368	319.853	267.334	303.697	333.769	253.934	281.687	312.69	346.563	281.671	319.845	350.827
-1.834e+06	225.411	224.626	229.815	232.786	230.582	258.507	287.07	318.418	266.141	302.421	332.27	254.243	282.029	312.937	346.78	281.933	320.098	350.995
-1.833e+06	227.293	226.584	229.952	232.905	230.588	258.393	286.56	317.701	265.815	302.033	331.571	253.757	281.46	312.19	345.924	281.305	319.487	350.258
-1.832e+06	230.854	230.019	230.812	233.763	231.193	259.228	287.326	318.301	266.611	302.76	332.04	253.424	281.055	311.708	345.483	280.859	319.061	349.711
-1.831e+06	235.913	234.968	234.538	237.539	234.997	263.436	292.007	323.484	270.93	307.619	337.262	256.835	284.826	316.015	350.172	284.578	323.277	354.319
-1.83e+06	237.855	237.104	236.135	239.159	236.498	265.256	294.053	325.776	272.764	309.703	339.375	258.323	286.528	317.897	352.279	286.205	324.655	356.087
-1.829e+06	235.38	234.597	235.227	238.264	235.706	264.501	293.489	325.444	272.007	309.354	339.223	259.13	287.455	318.902	353.437	287.087	325.934	357.122
-1.828e+06	232.154	231.218	234.482	237.525	235.273	263.824	292.914	325.028	271.405	308.739	338.869	260.271	288.854	320.63	355.49	288.368	327.462	359.101
-1.827e+06	228.917	227.812	233.24	236.298	234.094	262.549	291.548	323.551	270.144	306.92	336.877	250.13	277.973	308.947	342.966	277.481	315.371	346.257
-1.826e+06	226.562	225.437	232.65	235.702	233.505	261.896	290.833	322.765	269.472	306.027	335.784	247.451	275.009	305.613	339.27	274.558	312.033	342.539
-1.825e+06	225.732	224.621	232.146	235.188	232.988	261.203	289.924	321.61	268.725	304.95	334.445	245.699	273.014	303.339	336.7	272.591	309.716	339.917
-1.824e+06	225.25	224.219	231.521	234.519	232.338	260.377	288.992	320.491	267.918	303.84	333.243	244.145	271.209	301.246	334.347	270.827	307.661	337.543
-1.823e+06	224.493	223.383	230.887	233.874	231.61	259.555	287.957	319.446	266.979	302.946	332.167	243.014	269.919	299.783	332.863	269.569	306.268	336.058
-1.822e+06	223.519	222.394	230.149	233.124	230.674	258.706	286.969	318.12	266.101	301.887	330.899	242.13	268.877	298.53	331.334	268.573	305.129	334.71
-1.821e+06	221.48	220.388	229.393	232.366	229.955	257.949	286.215	317.359	265.366	301.094	330.023	242.151	268.897	298.538	331.144	268.617	305.093	334.33
-1.82e+06	217.719	216.652	227.569	230.525	228.164	255.97	284.089	315.075	263.378	298.861	327.562	241.272	267.947	297.508	330.027	267.69	303.884	333.083
-1.819e+06	215.589	214.596	226.294	229.239	226.903	254.477	282.346	313.053	261.858	296.971	325.257	239.898	266.53	295.944	328.285	266.318	302.164	331.309
-1.818e+06	214.074	213	224.92	227.827	225.627	252.969	280.698	311.19	260.395	295.059	323.147	238.673	264.955	294.195	326.394	264.767	300.564	329.423
-1.817e+06	217.604	216.581	226.114	229	226.633	253.822	281.313	311.661	261.194	295.733	323.644	238.35	264.467	293.384	325.242	264.304	299.859	328.426
-1.816e+06	222.653	221.729	227.854	230.741	228.223	255.564	282.956	313.13	262.87	297.439	325.09	238.343	264.328	293.08	324.729	264.199	299.479	327.649
-1.815e+06	228.591	227.687	230.652	233.561	231.071	258.574	286.16	316.518	265.927	300.537	328.521	239.693	265.737	294.541	326.239	265.625	300.75	329.166
-1.814e+06	234.21	233.461	233.515	236.446	233.975	261.643	289.418	319.965	269.025	303.906	332.032	250.62	277.504	307.187	339.801	277.343	313.522	342.696
-1.813e+06	237.016	236.328	235.821	238.803	236.341	264.45	292.729	323.832	271.885	307.304	336.037	254.873	282.25	312.462	345.654	281.976	318.871	348.451
-1.812e+06	237.976	237.34	237.267	240.276	237.926	266.177	294.742	326.163	273.621	309.564	338.508	257.454	285.166	315.741	349.337	284.799	322.107	352.073
-1.811e+06	237.656	237.006	237.831	240.855	238.5	266.919	295.668	327.292	274.37	310.395	339.512	259.145	287.038	317.812	351.627	286.574	324.311	354.252
-1.81e+06	237.441	236.837	238.59	241.629	239.326	267.824	296.727	328.524	275.261	311.613	340.698	261.341	289.465	320.493	354.59	288.907	326.599	356.919
-1.809e+06	236.707	235.884	238.49	241.529	239.293	267.726	296.634	328.441	275.146	311.445	340.727	262.277	290.507	321.651	355.874	289.844	327.978	358.069
-1.808e+06	236.596	235.708	239.072	242.121	239.744	268.427	297.428	329.321	275.853	311.963	341.32	263.697	292.101	323.436	357.864	291.325	329.32	359.869
-1.807e+06	232.423	231.694	236.601	239.627	236.959	265.722	294.521	326.223	273.013	309.035	337.916	262.584	290.919	322.193	356.589	290.122	327.872	358.265
-1.806e+06	229.033	228.389	235.108	238.116	235.271	264.034	292.654	324.174	271.238	307.266	335.826	253.44	281.093	311.664	345.35	280.319	317.337	346.863
-1.805e+06	227.014	226.321	234.364	237.362	234.464	263.171	291.642	322.982	270.324	306.234	334.653	249.372	276.642	306.815	340.098	275.928	312.645	341.807
-1.804e+06	224.95	224.148	233.448	236.435	233.595	262.158	290.536	321.731	269.302	305.02	333.3	247.332	274.442	304.438	337.536	273.75	310.228	339.209
-1.803e+06	221.533	220.612	231.271	234.234	231.44	259.754	287.917	318.883	266.867	302.231	330.207	244.793	271.661	301.4	334.221	270.995	307.125	335.895
-1.802e+06	217.018	216.156	228.416	231.355	228.628	256.624	284.49	315.142	263.704	298.61	326.211	241.934	268.571	298.021	330.506	267.966	303.623	332.133
-1.801e+06	215.116	214.115	226.597	229.485	226.738	254.401	281.959	312.267	261.478	295.864	323.281	239.811	266.158	295.317	327.482	265.603	300.885	329.134
-1.8e+06	212.276	211.256	223.572	226.415	223.59	250.939	278.023	307.954	257.926	291.848	318.85	236.509	262.456	291.181	322.87	261.964	296.702	324.475
-1.799e+06	211.662	210.558	222.595	225.423	222.65	249.818	276.666	306.172	256.812	290.385	317.018	235.197	260.853	289.4	320.778	260.428	294.912	322.431
-1.798e+06	212.092	211.051	222.256	225.063	222.255	249.29	276.026	305.458	256.336	289.708	316.307	234.765	260.324	288.531	319.683	259.958	294.224	321.405
-1.797e+06	207.914	206.774	218.481	221.252	218.436	245.152	271.509	300.481	252.136	285.122	311.338	231.009	256.222	284.159	314.894	256.011	289.67	316.604
-1.796e+06	201.7	200.569	213.28	216	213.263	239.497	265.389	293.826	246.48	278.773	304.421	226.092	250.776	278.061	308.288	250.558	283.764	310.202
-1.795e+06	197.436	196.262	209.824	212.5	209.643	235.545	260.982	288.996	242.495	274.337	299.699	222.615	246.982	273.9	303.606	246.906	279.542	305.527
-1.794e+06	194.382	193.206	207.026	209.666	206.817	232.426	257.641	285.336	239.528	270.868	295.865	220.06	244.084	270.637	299.983	244.078	276.391	302.093
-1.793e+06	196.021	194.823	207.206	209.841	206.956	232.465	257.419	284.888	239.474	270.764	295.649	219.492	243.423	269.962	299.155	243.643	275.628	301.144
-1.792e+06	197.075	195.904	206.225	208.832	206.083	231.419	256.221	283.474	238.498	269.57	294.087	217.971	241.636	267.793	296.849	241.835	273.639	298.941
-1.791e+06	205.463	204.425	211.687	214.336	211.448	237.13	262.293	290.135	244.525	275.876	300.913	222.54	246.54	273.038	302.26	246.786	279.014	304.597
-1.79e+06	212.542	211.618	215.931	218.616	215.674	241.703	267.144	295.358	249.201	280.944	306.284	225.804	250.048	276.807	306.29	250.318	282.841	308.608
-1.789e+06	217.888	216.9	218.902	221.617	218.87	245.008	270.785	299.39	252.71	284.678	310.403	227.901	252.3	279.217	308.884	252.507	285.368	311.359
-1.788e+06	221.945	221.107	221.208	223.953	221.273	247.586	273.588	302.4	255.228	287.544	313.212	228.992	253.51	280.6	310.465	253.919	286.63	312.807
-1.787e+06	226.012	225.117	224.168	226.951	224.21	250.903	277.265	306.404	258.468	291.43	317.415	231.427	256.176	283.498	313.6	256.444	289.594	315.723
-1.786e+06	229.092	228.313	226.553	229.365	226.796	253.581	280.233	309.706	261.334	294.426	320.833	233.299	258.219	285.73	316.039	258.499	291.885	318.392
-1.785e+06	230.84	230.041	228.543	231.389	228.772	255.895	282.879	312.677	263.542	297.222	323.779	235.441	260.617	288.414	319.036	260.839	294.529	321.124
-1.784e+06	231.695	230.957	229.956	232.826	230.327	257.538	284.75	314.8	265.266	299.102	325.968	237.174	262.543	290.555	321.414	262.728	296.702	323.599
-1.783e+06	232.984	232.314	232.354	235.257	232.787	260.258	287.796	318.18	267.939	302.257	329.361	239.981	265.664	294.02	325.252	265.825	300.136	327.284
-1.782e+06	233.749	233.099	234.402	237.335	234.95	262.592	290.415	321.101	270.278	304.92	332.278	242.567	268.521	297.173	328.728	268.624	303.268	330.662
-1.781e+06	236.171	235.517	237.009	239.966	237.655	265.423	293.462	324.369	273.091	307.959	335.508	244.944	271.127	300.031	331.86	271.16	306.077	333.651
-1.78e+06	239.244	238.62	239.794	242.781	240.52	268.491	296.807	328.001	276.131	311.312	339.072	247.296	273.705	302.854	334.949	273.656	308.828	336.589
-1.779e+06	242.928	242.282	242.597	245.608	243.376	271.509	300.03	331.435	279.107	314.513	342.468	249.186	275.749	305.075	337.368	275.6	311.03	338.891
-1.778e+06	246.971	246.28	245.542	248.579	246.314	274.712	303.481	335.144	282.311	317.925	346.244	250.814	277.545	307.052	339.546	277.322	312.933	341.016
-1.777e+06	249.1	248.565	247.226	250.289	247.885	276.627	305.636	337.565	284.096	319.966	348.335	251.573	278.398	308.012	340.622	278.124	313.768	341.962
-1.776e+06	251.124	250.475	248.76	251.839	249.431	278.325	307.517	339.647	285.676	322.085	350.273	252.486	279.403	309.115	341.836	279.02	314.64	342.839
-1.775e+06	253.956	253.124	250.352	253.437	251.19	279.968	309.216	341.404	287.209	323.913	352.18	252.83	279.711	309.403	342.123	279.201	314.958	342.841
-1.774e+06	257.565	256.707	252.506	255.607	253.547	282.283	311.697	344.062	289.448	326.513	354.914	261.063	288.509	318.799	352.15	287.871	324.501	352.741
-1.773e+06	259.01	258.395	253.475	256.596	254.627	283.43	312.996	345.574	290.665	327.895	356.541	264.975	292.756	323.405	357.354	291.966	329.041	357.645
-1.772e+06	259.726	259.332	254.247	257.381	255.237	284.31	313.964	346.564	291.464	328.578	357.54	266.624	294.591	325.443	359.687	293.663	330.773	359.65
-1.771e+06	258.044	257.458	253.703	256.854	254.43	283.934	313.771	346.579	291.019	327.971	357.288	267.888	295.985	326.98	361.3	294.971	332.411	361.181
-1.77e+06	255.524	254.792	252.963	256.114	253.42	283.215	313.112	346.014	290.237	327.051	356.322	269.251	297.553	328.765	363.375	296.35	333.918	363.094
-1.769e+06	252.626	251.823	251.629	254.763	251.886	281.73	311.5	344.279	288.669	325.595	354.407	269.94	298.326	329.624	364.261	296.995	334.304	363.629
-1.768e+06	249.785	249.006	250.252	253.369	250.376	280.196	309.824	342.458	287.068	324.084	352.564	270.49	298.872	330.172	364.739	297.535	334.852	363.832
-1.767e+06	248.596	247.832	249.639	252.735	249.648	279.379	308.804	341.212	286.178	323.101	351.46	270.893	299.237	330.499	364.98	297.899	335.262	363.969
-1.766e+06	248.149	247.301	249.367	252.452	249.299	279.002	308.323	340.615	285.754	322.612	350.853	271.443	299.777	331.029	365.473	298.419	335.836	364.51
-1.765e+06	246.486	245.529	248.266	251.338	248.128	277.781	306.987	339.156	284.486	321.164	349.26	271.659	299.989	331.242	365.751	298.602	335.993	364.625
-1.764e+06	244.81	243.699	247.351	250.415	247.199	276.771	305.863	337.901	283.42	319.851	347.791	272.019	300.384	331.676	366.235	298.959	336.302	364.919
-1.763e+06	243.693	242.601	246.685	249.739	246.594	276.003	304.988	336.896	282.584	318.743	346.504	272.248	300.631	331.946	366.472	299.15	336.413	364.995
-1.762e+06	242.709	241.652	246.028	249.073	246.03	275.258	304.155	335.963	281.781	317.7	345.298	272.369	300.761	332.088	366.571	299.203	336.383	364.83
-1.761e+06	240.722	239.696	244.874	247.912	244.967	274.037	302.87	334.609	280.514	316.236	343.548	272.437	300.842	332.184	366.687	299.204	336.318	364.804
-1.76e+06	238.094	237.147	243.429	246.454	243.598	272.464	301.175	332.781	278.893	314.357	341.604	272.155	300.554	331.893	366.396	298.861	335.904	364.391
-1.759e+06	234.382	233.533	241.422	244.431	241.655	270.302	298.865	330.314	276.691	311.876	339.09	271.461	299.813	331.103	365.555	298.103	335.045	363.444
-1.758e+06	230.457	229.41	239.319	242.307	239.603	268.003	296.378	327.624	274.358	309.227	336.355	270.655	298.933	330.143	364.508	297.222	334.047	362.304
-1.757e+06	227.27	226.194	237.435	240.408	237.799	265.932	294.065	325.044	272.252	306.646	333.721	261.564	289.153	319.64	353.248	287.468	323.45	351.052
-1.756e+06	224.425	223.442	235.796	238.733	236.233	264.044	292.07	322.841	270.342	304.516	331.485	256.423	283.583	313.613	346.734	281.915	317.413	344.956
-1.755e+06	222.507	221.413	234.037	236.936	234.185	261.831	289.349	319.778	268.094	301.9	328.415	252.474	279.208	308.776	341.403	277.616	312.735	339.913
-1.754e+06	221.615	220.477	232.659	235.542	232.847	260.283	287.559	317.599	266.546	299.88	326.032	249.613	276.049	305.289	337.558	274.494	309.17	336.041
-1.753e+06	217.212	216.061	229.316	232.16	229.321	256.557	283.471	313.136	262.791	295.797	321.563	246.236	272.327	301.19	333.05	270.831	305.031	331.509
-1.752e+06	212.051	210.855	225.904	228.706	225.872	252.764	279.362	308.692	259.004	291.481	316.901	243.172	268.95	297.467	328.948	267.52	301.251	327.356
-1.751e+06	207.029	205.781	222.484	225.245	222.41	248.972	275.175	304.012	255.231	287.173	312.122	239.922	265.361	293.513	324.598	264.007	297.266	323.012
-1.75e+06	202.754	201.457	219.714	222.44	219.536	245.836	271.665	300.136	252.096	283.639	308.247	237.149	262.312	290.099	320.728	260.857	293.707	319.129
-1.749e+06	200.972	199.656	217.494	220.178	217.249	243.214	268.682	296.741	249.506	280.502	304.673	234.344	259.139	286.506	316.699	257.907	290.207	315.183
-1.748e+06	200.376	199.017	215.506	218.163	215.287	240.995	266.134	293.739	247.325	277.911	301.654	231.843	256.247	283.216	313.003	255.132	286.981	311.603
-1.747e+06	202.159	200.861	214.102	216.714	213.723	239.111	263.801	291.021	245.4	275.528	298.957	229.229	253.326	280.006	309.395	252.341	283.692	307.992
-1.746e+06	205.517	204.229	213.496	216.091	213.077	238.299	262.756	289.63	244.622	274.465	297.526	227.246	251.075	277.327	306.254	250.208	281.081	304.951
-1.745e+06	213.743	212.487	217.014	219.63	216.871	242.213	266.889	293.978	248.655	278.558	301.926	228.5	252.245	278.693	307.605	251.642	282.436	306.408
-1.744e+06	222.158	220.928	220.973	223.619	220.919	246.487	271.439	298.814	253.025	283.194	306.844	229.837	253.625	280.085	308.973	253.064	283.823	307.731
-1.743e+06	229.634	228.548	225.927	228.634	225.899	251.976	277.498	305.49	258.532	289.622	313.623	233.317	257.372	284.103	313.317	256.828	288	312.237
-1.742e+06	235.854	234.876	230.423	233.182	230.541	256.95	282.928	311.417	263.635	295.118	319.726	242.202	266.985	294.444	324.465	266.316	298.478	323.206
-1.741e+06	237.892	236.99	233.776	236.599	234.043	260.902	287.505	316.692	267.664	299.983	324.984	252.048	277.745	306.162	337.237	276.88	310.241	335.696
-1.74e+06	237.581	236.785	236.079	238.943	236.495	263.589	290.593	320.221	270.388	303.183	328.545	256.671	282.865	311.817	343.492	281.88	315.89	341.802
-1.739e+06	238.527	237.772	238.268	241.157	238.778	266.013	293.258	323.151	272.807	305.865	331.421	260.089	286.635	315.93	348.033	285.472	319.96	346.138
-1.738e+06	239.765	239.037	240.133	243.046	240.714	268.105	295.587	325.739	274.878	308.2	333.926	263.014	289.871	319.441	351.885	288.528	323.309	349.744
-1.737e+06	241.759	241.036	242.437	245.374	243.075	270.634	298.341	328.736	277.387	310.93	336.837	266.242	293.399	323.239	355.98	291.926	326.832	353.754
-1.736e+06	243.593	242.897	244.496	247.456	245.186	272.907	300.832	331.466	279.62	313.395	339.441	268.723	296.148	326.3	359.391	294.535	329.92	356.824
-1.735e+06	239.377	238.626	242.201	245.162	242.887	270.621	298.582	329.277	277.277	311.054	337.112	268.563	296.077	326.35	359.558	294.354	329.544	356.708
-1.734e+06	234.077	233.168	239.788	242.737	240.4	268.096	295.95	326.538	274.714	308.267	334.205	259.493	286.464	316.205	348.9	284.723	319.427	345.884
-1.733e+06	229.994	228.939	237.621	240.54	237.979	265.624	293.131	323.342	272.082	305.111	330.628	254.173	280.706	310	342.25	279.008	313.369	339.415
-1.732e+06	227.225	226.132	236.131	239.031	236.453	263.944	291.275	321.298	270.353	303.133	328.368	251.519	277.789	306.797	338.747	276.111	310.089	335.876
-1.731e+06	226.311	225.265	235.05	237.922	235.335	262.58	289.639	319.362	268.931	301.319	326.363	248.986	274.963	303.652	335.261	273.312	306.882	332.43
-1.73e+06	226.823	225.698	234.517	237.373	234.881	261.905	288.856	318.443	268.279	300.454	325.449	247.218	272.956	301.377	332.804	271.339	304.593	329.981
-1.729e+06	227.208	226.09	234.172	237.017	234.364	261.414	288.21	317.657	267.681	299.929	324.75	245.969	271.514	299.733	331.008	269.933	303.045	328.385
-1.728e+06	227.488	226.382	233.856	236.694	233.975	261.018	287.737	317.095	267.27	299.395	323.983	245.012	270.432	298.506	329.423	268.883	301.807	326.758
-1.727e+06	226.688	225.624	233.427	236.268	233.612	260.617	287.374	316.775	266.884	299.018	323.69	244.632	270.019	298.057	328.915	268.49	301.313	326.164
-1.726e+06	225.068	224.031	232.672	235.508	232.907	259.813	286.53	315.89	266.081	298.131	322.802	244.273	269.6	297.572	328.358	268.091	300.778	325.636
-1.725e+06	225.549	224.521	232.77	235.595	233.013	259.795	286.398	315.625	266.048	297.925	322.503	243.957	269.176	297.026	327.676	267.689	300.079	324.981
-1.724e+06	227.02	226.009	233.252	236.075	233.509	260.256	286.838	316.034	266.508	298.301	322.915	244.036	269.18	296.943	327.492	267.71	299.868	324.821
-1.723e+06	231.377	230.48	235.292	238.116	235.547	262.297	288.868	318.037	268.538	300.129	324.91	244.668	269.765	297.469	327.946	268.305	300.455	325.286
-1.722e+06	236.886	235.968	237.684	240.53	238.074	264.855	291.516	320.752	271.165	302.934	327.733	251.712	277.23	305.362	336.234	275.729	308.433	333.543
-1.721e+06	241.976	241.265	241.024	243.898	241.615	268.507	295.551	325.224	275.018	307.336	332.425	258.824	284.947	313.725	345.284	283.298	316.837	342.274
-1.72e+06	246.041	245.23	243.9	246.805	244.442	271.667	298.976	328.919	278.215	310.739	336.224	261.915	288.352	317.456	349.37	286.581	320.398	346.214
-1.719e+06	245.345	244.562	244.267	247.205	244.727	272.353	300.007	330.348	278.807	311.68	337.391	264.021	290.699	320.065	352.268	288.803	323.08	348.99
-1.718e+06	242.737	241.982	243.591	246.539	244.127	271.767	299.526	329.996	278.163	311.268	336.896	265.619	292.533	322.164	354.674	290.529	324.918	350.996
-1.717e+06	237.244	236.453	240.824	243.756	241.262	268.853	296.481	326.829	275.201	308.07	333.521	265.529	292.481	322.148	354.693	290.349	324.93	350.924
-1.716e+06	231.229	230.478	238.135	241.049	238.32	265.937	293.324	323.426	272.139	304.694	329.841	261.385	288.149	317.635	350.009	285.943	319.961	346.067
-1.715e+06	226.601	225.807	236.031	238.919	236.057	263.548	290.62	320.371	269.636	301.95	326.561	253.561	279.705	308.542	340.248	277.56	310.751	336.285
-1.714e+06	222.819	221.904	234.379	237.248	234.424	261.721	288.625	318.157	267.783	299.858	324.257	250.999	276.938	305.56	337.045	274.829	307.735	333.058
-1.713e+06	218.593	217.64	230.994	233.816	230.99	257.866	284.3	313.321	263.86	295.291	319.143	246.505	272.023	300.197	331.212	269.986	302.388	327.305
-1.712e+06	217.381	216.374	229.596	232.382	229.538	256.178	282.366	311.141	262.162	293.302	316.998	244.274	269.524	297.402	328.096	267.558	299.608	324.273
-1.711e+06	214.734	213.666	227.004	229.758	226.92	253.308	279.22	307.66	259.296	289.993	313.424	241.522	266.462	294.003	324.331	264.574	296.212	320.527
-1.71e+06	209.876	208.729	222.973	225.68	222.727	248.791	274.198	302.115	254.674	284.974	307.9	237.206	261.729	288.816	318.656	259.946	291.075	314.995
-1.709e+06	205.538	204.365	219.619	222.281	219.281	245.021	270.07	297.624	250.922	280.77	303.461	234.017	258.17	284.831	314.19	256.514	287.242	310.741
-1.708e+06	202.225	201.006	217.147	219.776	216.753	242.243	267.005	294.244	248.186	277.661	300.076	231.813	255.69	282.024	311.059	254.135	284.516	307.694
-1.707e+06	199.766	198.508	214.244	216.83	213.808	238.937	263.327	290.104	244.944	273.86	295.855	228.608	252.094	278.046	306.684	250.657	280.626	303.463
-1.706e+06	199.026	197.747	212.265	214.831	211.822	236.713	260.735	287.116	242.659	271.321	292.957	226.198	249.437	275.124	303.379	248.163	277.673	300.167
-1.705e+06	200.233	198.939	211.323	213.854	210.752	235.451	259.228	285.39	241.481	269.801	291.315	224.677	247.687	273.054	301.004	246.477	275.786	297.947
-1.704e+06	201.173	199.871	209.965	212.481	209.44	233.953	257.518	283.368	239.977	268.093	289.248	222.65	245.379	270.483	298.191	244.306	273.259	295.262
-1.703e+06	201.146	199.835	208.155	210.641	207.522	231.857	255.211	280.97	238.052	265.805	286.948	220.247	242.759	267.602	294.961	241.763	270.487	292.211
-1.702e+06	201.834	200.526	207.245	209.718	206.588	230.815	254.025	279.484	236.905	264.666	285.677	218.593	240.987	265.695	292.835	240.159	268.555	290.076
-1.701e+06	208.094	206.829	211.247	213.756	210.706	235.152	258.68	284.468	241.297	269.515	290.781	221.532	244.03	269.077	296.458	243.373	271.933	293.774
-1.7e+06	211.416	210.246	212.417	214.936	211.824	236.418	260.037	285.925	242.608	270.976	292.446	221.663	244.186	269.227	296.553	243.545	272.098	293.763
-1.699e+06	216.124	214.96	214.728	217.274	214.348	238.98	262.873	289.068	245.367	273.874	295.502	222.69	245.232	270.272	297.686	244.619	273.276	295.14
-1.698e+06	224.181	223.092	220.404	223.004	219.971	245.177	269.569	296.303	251.479	280.803	302.79	226.947	249.888	275.321	303.151	249.188	278.364	300.377
-1.697e+06	226.946	225.945	223.222	225.873	223.015	248.472	273.34	300.604	255.019	284.721	307.22	229.94	253.205	278.989	307.223	252.495	282.074	304.479
-1.696e+06	227.718	226.776	225.267	227.95	225.152	250.825	276.003	303.612	257.395	287.468	310.165	232.085	255.628	281.702	310.275	254.86	284.816	307.481
-1.695e+06	226.702	225.813	226.759	229.477	226.742	252.656	278.176	306.172	259.25	289.733	312.731	234.535	258.384	284.786	313.735	257.552	287.909	310.854
-1.694e+06	225.094	224.276	228.228	230.973	228.313	254.391	280.183	308.48	260.996	291.789	315.007	237.19	261.338	288.061	317.375	260.439	291.173	314.375
-1.693e+06	227.605	226.716	231.484	234.251	231.608	257.851	283.834	312.33	264.435	295.425	318.742	240.383	264.79	291.788	321.405	263.834	294.849	318.255
-1.692e+06	231.175	230.362	234.801	237.597	234.973	261.438	287.682	316.465	268.005	299.3	322.892	243.391	268.05	295.311	325.221	267.006	298.303	321.865
-1.691e+06	233.416	232.683	236.58	239.389	236.862	263.355	289.731	318.672	270.041	301.281	324.944	244.901	269.668	297.043	327.086	268.552	299.971	323.677
-1.69e+06	236.525	235.59	239.069	241.909	239.255	266.096	292.703	321.894	272.649	304.167	327.735	246.85	271.777	299.324	329.556	270.614	302.152	326.119
-1.689e+06	237.599	236.57	239.803	242.641	239.742	266.831	293.457	322.684	273.143	304.949	328.475	247.069	272.031	299.622	329.888	270.914	302.243	326.135
-1.688e+06	238.56	237.685	240.435	243.274	240.351	267.475	294.123	323.383	273.625	305.64	329.16	247.433	272.398	299.985	330.255	271.218	302.504	326.165
-1.687e+06	240.752	240.043	241.532	244.369	241.485	268.557	295.194	324.441	274.584	306.672	330.144	247.513	272.447	299.993	330.225	271.204	302.427	325.875
-1.686e+06	244.271	243.632	243.523	246.373	243.481	270.672	297.425	326.789	276.627	308.81	332.324	248.251	273.199	300.751	330.996	271.893	303.106	326.46
-1.685e+06	247.205	246.591	245.178	248.047	245.212	272.503	299.434	328.99	278.412	310.771	334.385	248.96	273.951	301.541	331.835	272.531	303.823	327.181
-1.684e+06	250.234	249.558	246.994	249.88	247.195	274.488	301.59	331.34	280.364	312.988	336.698	249.918	274.961	302.604	332.985	273.372	304.866	328.253
-1.683e+06	249.928	249.047	246.628	249.526	247.079	274.234	301.454	331.353	280.272	312.935	336.827	249.989	275.017	302.647	333.038	273.312	304.977	328.342
-1.682e+06	248.726	247.761	246.228	249.141	246.712	273.9	301.118	330.967	279.941	312.323	336.511	250.155	275.197	302.845	333.272	273.409	305.288	328.657
-1.681e+06	246.452	245.688	245.347	248.259	245.673	273.013	300.234	330.091	278.992	310.982	335.342	250.098	275.133	302.777	333.211	273.284	305.321	328.675
-1.68e+06	243.907	243.318	244.327	247.235	244.485	271.946	299.131	328.956	277.864	309.564	333.802	249.99	275.015	302.65	333.083	273.12	305.249	328.6
-1.679e+06	242.64	242.033	243.629	246.522	243.651	271.106	298.156	327.835	276.953	308.463	332.336	249.38	274.321	301.863	332.201	272.399	304.471	327.737
-1.678e+06	242.106	241.475	243.258	246.143	243.265	270.662	297.642	327.246	276.457	307.866	331.606	249.075	273.941	301.396	331.64	272	303.933	327.099
-1.677e+06	243.123	242.499	243.642	246.518	243.663	270.96	297.85	327.35	276.699	307.976	331.655	248.953	273.767	301.155	331.319	271.819	303.562	326.622
-1.676e+06	244.643	243.946	244.097	246.97	244.135	271.377	298.228	327.681	277.069	308.179	331.943	248.635	273.411	300.755	330.867	271.46	303.035	326.006
-1.675e+06	242.568	241.798	242.536	245.407	242.605	269.803	296.654	326.116	275.463	306.636	330.334	247.834	272.561	299.852	329.905	270.611	302.021	324.901
-1.674e+06	238.502	237.653	239.893	242.743	239.973	266.965	293.636	322.914	272.579	303.616	327.082	246.249	270.871	298.051	327.983	268.936	300.126	322.681
-1.673e+06	233.758	232.728	237.085	239.924	237.212	264.005	290.489	319.573	269.588	300.463	323.691	244.998	269.525	296.602	326.423	267.61	298.595	321.082
-1.672e+06	227.426	226.315	233.267	236.053	233.463	259.836	286.118	314.876	265.451	296.063	318.962	242.791	267.194	294.093	323.716	265.323	295.838	318.434
-1.671e+06	223.21	222.124	230.638	233.383	230.587	256.72	282.472	310.873	262.209	292.549	315.063	240.541	264.66	291.34	320.752	262.847	293.24	315.65
-1.67e+06	218.991	217.91	227.37	230.089	227.275	253.182	278.555	306.462	258.666	288.482	310.511	237.816	261.638	287.947	316.945	259.865	289.918	311.871
-1.669e+06	215.933	214.787	224.969	227.642	224.76	250.369	275.457	303.141	255.858	285.339	307.233	235.648	259.332	285.458	314.202	257.674	287.254	309.149
-1.668e+06	214.236	213.18	223.706	226.362	223.408	248.922	273.773	301.109	254.418	283.687	305.349	234.554	258.022	283.952	312.572	256.376	285.962	307.763
-1.667e+06	211.145	210.004	221.875	224.516	221.716	247.075	271.838	299.043	252.649	281.682	303.112	233.758	257.158	282.999	311.475	255.56	285.031	306.7
-1.666e+06	208.232	207.158	220.855	223.479	220.556	245.778	270.449	297.631	251.436	280.269	301.737	233.705	257.106	282.929	311.38	255.561	284.951	306.405
-1.665e+06	205.775	204.631	219.448	222.049	219.075	244.142	268.477	295.277	249.718	278.358	299.582	232.539	255.832	281.624	309.942	254.454	283.482	305.016
-1.664e+06	203.687	202.597	217.893	220.482	217.611	242.499	266.65	293.188	248.117	276.493	297.446	231.431	254.528	280.04	308.202	253.081	282.095	303.493
-1.663e+06	202.816	201.629	216.665	219.221	216.244	240.92	264.876	291.254	246.657	274.628	295.387	230.146	253.085	278.406	306.296	251.687	280.475	301.639
-1.662e+06	203.523	202.324	216.382	218.927	215.918	240.526	264.301	290.429	246.186	274.107	294.746	229.644	252.52	277.813	305.583	251.267	279.785	300.812
-1.661e+06	204.321	203.251	216.182	218.746	215.798	240.338	264.045	290.073	246.057	273.855	294.329	229.505	252.265	277.378	305.086	250.974	279.473	300.458
-1.66e+06	204.586	203.435	215.432	217.954	215.105	239.413	263.14	289.049	245.311	272.902	293.126	228.753	251.423	276.422	303.936	250.162	278.527	299.374
-1.659e+06	202.469	201.234	213.148	215.647	212.622	236.859	260.23	286.039	242.799	269.981	290.194	226.592	249.091	273.887	301.176	247.903	275.994	296.485
-1.658e+06	200.156	198.914	210.945	213.421	210.345	234.436	257.564	282.968	240.193	267.309	287.312	224.342	246.639	271.314	298.441	245.662	273.356	293.769
-1.657e+06	200.274	199.079	210.922	213.397	210.41	234.415	257.579	282.936	240.323	267.364	287.138	224.716	246.961	271.494	298.502	245.894	273.669	294.078
-1.656e+06	200.516	199.261	211.041	213.509	210.406	234.447	257.486	282.788	240.378	267.293	287.14	224.903	247.147	271.801	298.783	246.264	273.91	294.171
-1.655e+06	197.453	196.183	207.753	210.198	207.142	230.901	253.615	278.537	236.759	263.346	282.875	221.552	243.478	267.658	294.319	242.554	269.87	289.954
-1.654e+06	194.632	193.353	204.689	207.087	203.933	227.425	249.822	274.434	233.406	259.507	278.737	218.197	239.876	263.754	289.986	239.021	266.004	285.695
-1.653e+06	196.419	195.128	204.756	207.174	204.007	227.431	249.705	274.143	233.325	259.405	278.566	217.784	239.319	263.058	289.197	238.529	265.361	285.056
-1.652e+06	198.561	197.278	204.68	207.06	204.002	227.369	249.594	273.959	233.335	259.331	278.38	217.239	238.695	262.341	288.342	237.934	264.691	284.299
-1.651e+06	202.577	201.329	206.73	209.124	206.049	229.396	251.901	276.418	235.602	261.745	280.727	218.6	240.268	263.999	290.087	239.563	266.394	286.036
-1.65e+06	205.632	204.402	207.984	210.383	207.329	230.701	253.322	277.926	237.022	263.232	282.246	219.171	240.921	264.671	290.776	240.27	267.093	286.708
-1.649e+06	208.368	207.136	209.922	212.353	209.483	232.967	255.879	280.748	239.372	265.907	285.003	221.007	242.897	266.796	293.045	242.114	269.233	289.021
-1.648e+06	209.956	208.8	211.331	213.782	210.829	234.544	257.532	282.521	240.722	267.55	286.924	222.238	244.082	268.036	294.4	243.46	270.485	290.384
-1.647e+06	212.47	211.229	212.737	215.192	212.114	235.98	258.934	283.961	242.32	268.945	288.547	223.183	245.18	269.236	295.668	244.5	271.688	291.398
-1.646e+06	214.925	213.809	213.718	216.178	213.327	237.038	260.187	285.4	243.625	270.339	289.756	223.996	245.946	269.99	296.407	245.119	272.41	292.303
-1.645e+06	219.788	218.674	216.708	219.204	216.344	240.348	263.752	289.232	246.73	273.944	293.445	225.957	248.059	272.306	298.959	247.449	274.737	294.793
-1.644e+06	224.481	223.464	219.541	222.062	219.111	243.415	266.996	292.721	249.858	277.189	297.18	227.707	249.985	274.421	301.279	249.237	276.831	296.937
-1.643e+06	229.209	228.191	223.916	226.489	223.653	248.277	272.348	298.593	254.804	282.718	302.879	231.404	254.023	278.832	306.094	253.296	281.231	301.618
-1.642e+06	233.188	232.249	228.361	230.983	228.195	253.173	277.669	304.392	259.732	288.111	308.698	235.111	258.063	283.255	310.936	257.232	285.608	306.288
-1.641e+06	235.124	234.265	231.835	234.504	231.77	257.094	282.027	309.237	263.646	292.539	313.467	238.525	261.787	287.33	315.391	260.882	289.616	310.549
-1.64e+06	237.023	236.215	235.578	238.292	235.633	261.26	286.601	314.267	267.806	297.146	318.406	242.422	266.041	291.982	320.474	265.041	294.187	315.396
-1.639e+06	240.437	239.668	239.517	242.269	239.667	265.554	291.234	319.275	272.056	301.762	323.284	245.485	269.433	295.741	324.639	268.331	297.844	319.307
-1.638e+06	245.457	244.735	244.369	247.169	244.614	270.858	296.969	325.482	277.325	307.493	329.339	249.034	273.318	299.997	329.307	272.089	301.983	323.699
-1.637e+06	248.195	247.471	247.1	249.931	247.379	273.879	300.274	329.103	280.281	310.72	332.773	251.091	275.518	302.365	331.865	274.172	304.233	326.085
-1.636e+06	250.219	249.52	249.276	252.132	249.523	276.28	302.891	331.966	282.55	313.233	335.419	252.793	277.351	304.347	334.007	275.91	306.07	328.018
-1.635e+06	250.779	250.111	249.897	252.759	250.114	276.969	303.649	332.849	283.079	313.956	336.067	253.274	277.842	304.855	334.536	276.356	306.427	328.31
-1.634e+06	251.866	251.005	250.805	253.675	251.047	277.956	304.712	334.03	283.921	315.05	337.186	254.226	278.876	305.961	335.717	277.294	307.326	329.052
-1.633e+06	251.832	250.773	250.614	253.48	251.034	277.733	304.459	333.766	283.625	314.764	337.046	254.201	278.824	305.885	335.621	277.087	307.117	328.538
-1.632e+06	251.741	250.57	250.446	253.309	250.986	277.532	304.225	333.513	283.478	314.491	336.845	254.126	278.731	305.778	335.5	276.916	306.891	328.196
-1.631e+06	247.26	246.143	247.692	250.55	248.304	274.726	301.361	330.533	280.679	311.493	333.933	253.254	277.798	304.784	334.449	275.937	305.791	327.009
-1.63e+06	241.428	240.344	244.604	247.442	245.191	271.453	297.913	326.89	277.306	307.709	330.111	252.241	276.743	303.689	333.322	274.841	304.6	325.878
-1.629e+06	234.61	233.439	240.915	243.727	241.464	267.49	293.673	322.367	273.247	303.207	325.399	250.533	274.908	301.724	331.225	272.986	302.551	323.838
-1.628e+06	227.964	226.779	237.697	240.463	238.149	263.893	289.844	318.255	269.62	299.317	321.197	249.354	273.622	300.306	329.667	271.687	300.934	322.341
-1.627e+06	225.548	224.396	236.496	239.23	236.735	262.358	287.838	315.856	267.792	297.311	318.805	248.421	272.561	299.129	328.358	270.659	299.837	321.149
-1.626e+06	224.963	223.872	235.854	238.573	235.869	261.559	286.868	314.662	266.919	296.219	317.458	248.015	271.957	298.32	327.333	269.977	299.154	320.284
-1.625e+06	228.909	227.735	237.152	239.864	237.289	262.808	288.031	315.68	268.196	297.149	318.113	248.195	272.061	298.333	327.234	270.068	299.105	319.904
-1.624e+06	234.502	233.336	239.341	242.046	239.387	264.899	290.052	317.654	270.216	299.224	320.218	248.529	272.349	298.566	327.4	270.345	299.214	319.983
-1.623e+06	238.142	237.022	240.954	243.677	240.822	266.668	291.957	319.693	271.981	301.102	321.937	249.187	273.035	299.281	328.141	271.008	299.722	320.705
-1.622e+06	240.507	239.426	241.929	244.66	241.815	267.704	293.05	320.84	273	302.111	322.984	249.067	272.936	299.21	328.1	270.887	299.669	320.634
-1.621e+06	238.87	237.762	240.683	243.417	240.579	266.496	291.887	319.735	271.777	300.867	321.794	248.144	271.98	298.221	327.081	269.918	298.676	319.592
-1.62e+06	235.424	234.205	238.529	241.251	238.383	264.219	289.497	317.228	269.472	298.363	319.092	246.676	270.425	296.578	325.346	268.366	297.063	317.858
-1.619e+06	231.288	230.015	235.88	238.579	235.701	261.355	286.428	313.94	266.579	295.171	315.649	244.774	268.421	294.437	323.033	266.405	294.97	315.571
-1.618e+06	227.699	226.433	233.836	236.516	233.654	259.133	284.034	311.36	264.348	292.688	313.052	243.584	267.04	292.905	321.408	265.033	293.672	314.113
-1.617e+06	226.262	225.027	232.909	235.582	232.811	258.117	282.887	310.039	263.354	291.295	311.722	243.16	266.544	292.305	320.645	264.529	293.07	313.327
-1.616e+06	224.947	223.698	231.9	234.547	231.824	256.873	281.475	308.547	262.098	290.011	310.329	242.431	265.776	291.424	319.634	263.788	292.039	312.107
-1.615e+06	225.472	224.213	231.744	234.378	231.444	256.584	281.016	307.816	261.763	289.548	309.677	241.78	264.933	290.541	318.707	263.035	291.112	311.201
-1.614e+06	226.251	225.006	231.482	234.107	231.16	256.231	280.568	307.254	261.418	289.028	308.837	241.071	264.077	289.413	317.3	262.119	290.108	310.035
-1.613e+06	228.94	227.849	232.418	235.058	232.201	257.231	281.551	308.199	262.444	289.832	309.765	241.144	264.095	289.363	317.134	262.16	290.019	309.834
-1.612e+06	232.185	231.136	233.586	236.207	233.401	258.309	282.626	309.284	263.65	291.123	311.023	241.324	264.215	289.412	317.098	262.302	290.021	309.722
-1.611e+06	236.533	235.526	235.918	238.555	235.703	260.778	285.208	311.98	265.943	293.745	313.691	242.583	265.52	290.762	318.49	263.61	291.326	311.011
-1.61e+06	240.427	239.575	237.955	240.609	237.708	262.956	287.51	314.409	268.085	296.024	316.006	243.588	266.558	291.832	319.59	264.641	292.344	312.005
-1.609e+06	244.901	244.071	241.344	244.044	241.379	266.775	291.755	319.121	271.959	300.47	320.827	254.87	278.674	304.84	333.546	276.559	305.338	325.622
-1.608e+06	247.774	246.977	243.946	246.678	243.927	269.678	294.956	322.623	274.906	303.485	324.111	260.244	284.509	311.178	340.42	282.214	311.297	331.985
-1.607e+06	249.757	249.014	246.387	249.157	246.462	272.47	298.099	326.163	277.676	306.751	327.533	264.074	288.691	315.743	345.397	286.249	315.685	336.73
-1.606e+06	250.293	249.592	247.843	250.637	248.002	274.15	300	328.311	279.323	308.61	329.545	266.78	291.632	318.94	348.881	289.05	318.831	340.048
-1.605e+06	254.399	253.657	250.734	253.533	250.889	277.076	302.947	331.267	282.171	311.514	332.333	268.983	293.984	321.462	351.59	291.261	321.157	342.197
-1.604e+06	260.233	259.524	254.42	257.242	254.644	280.968	307.026	335.538	285.998	315.694	336.759	271.147	296.261	323.847	354.089	293.389	323.552	344.761
-1.603e+06	263.001	262.472	256.806	259.666	256.884	283.727	310.146	339.018	288.737	318.627	340.148	273.583	298.958	326.825	357.356	295.948	325.995	347.558
-1.602e+06	263.951	263.326	257.917	260.801	257.966	285.058	311.719	340.89	290.001	319.982	341.567	274.779	300.331	328.411	359.2	297.185	327.756	349.095
-1.601e+06	260.361	259.741	255.936	258.825	256.041	283.128	309.86	339.139	287.985	318.192	339.659	274.643	300.226	328.336	359.15	296.885	327.362	349.08
-1.6e+06	255.769	255.124	253.704	256.586	253.81	280.83	307.507	336.742	285.603	315.683	337.162	274.307	299.982	328.214	359.181	296.616	326.888	348.6
-1.599e+06	251.209	250.318	251.405	254.269	251.278	278.33	304.805	333.824	283.013	312.714	333.977	265.039	290.127	317.758	348.117	286.849	316.623	337.572
-1.598e+06	246.879	245.858	249.407	252.25	249.04	276.127	302.417	331.262	280.795	310.097	331.082	260.492	285.209	312.444	342.382	281.968	311.293	332.061
-1.597e+06	242.44	241.407	246.929	249.743	246.421	273.368	299.366	327.9	277.991	307	327.513	257.35	281.78	308.708	338.319	278.579	307.732	328.458
-1.596e+06	237.595	236.577	244.031	246.819	243.534	270.211	295.956	324.202	274.784	303.482	323.751	254.386	278.517	305.132	334.42	275.431	304.442	324.934
-1.595e+06	231.509	230.533	240.066	242.814	239.579	265.866	291.245	319.103	270.393	298.646	318.52	250.679	274.492	300.76	329.674	271.48	300.07	320.351
-1.594e+06	228.14	227.103	238.329	241.061	237.929	263.963	289.161	316.803	268.486	296.387	316.24	249.439	273.078	299.166	327.878	270.147	298.637	318.755
-1.593e+06	225.277	224.156	235.503	238.176	234.981	260.618	285.365	312.556	265.106	292.688	312.162	246.293	269.605	295.335	323.646	266.752	294.718	314.414
-1.592e+06	224.306	223.123	233.7	236.346	233.073	258.548	282.98	309.828	263.047	290.246	309.498	244.049	267.079	292.495	320.464	264.3	291.863	311.262
-1.591e+06	226.263	225.093	233.712	236.343	233.111	258.373	282.591	309.177	262.868	289.828	308.843	242.884	265.697	290.868	318.571	262.989	290.379	309.669
-1.59e+06	229.317	228.108	234.187	236.804	233.639	258.725	282.856	309.352	263.241	290.193	309.207	242.34	265.005	289.999	317.494	262.355	289.524	308.571
-1.589e+06	233.273	232.102	236.271	238.904	235.628	260.95	285.193	311.788	265.49	292.613	311.507	243.964	266.702	291.764	319.323	264.068	291.153	310.15
-1.588e+06	235.455	234.318	237.05	239.688	236.447	261.765	286.037	312.658	266.316	293.427	312.36	244.215	266.961	292.029	319.59	264.341	291.314	310.406
-1.587e+06	233.257	232.148	235.542	238.184	235.006	260.297	284.619	311.302	264.868	291.992	310.976	243.656	266.403	291.471	319.034	263.797	290.789	309.861
-1.586e+06	229.557	228.34	233.569	236.201	232.985	258.228	282.463	309.048	262.807	289.793	308.47	242.82	265.553	290.61	318.162	262.968	289.857	309.005
-1.585e+06	225.92	224.626	232.16	234.786	231.526	256.76	280.928	307.395	261.337	288.239	306.741	242.751	265.519	290.615	318.212	262.947	289.795	309.03
-1.584e+06	221.122	219.843	230.002	232.612	229.373	254.456	278.465	304.712	259.029	285.754	304.128	241.86	264.603	289.673	317.246	262.051	288.843	308.057
-1.583e+06	217.037	215.755	227.578	230.155	226.925	251.714	275.404	301.289	256.283	282.619	300.733	239.745	262.34	287.233	314.59	259.865	286.466	305.465
-1.582e+06	213.209	211.934	224.891	227.45	224.28	248.8	272.22	297.824	253.386	279.37	297.247	237.447	259.777	284.406	311.524	257.34	283.907	302.659
-1.581e+06	209.202	207.937	221.76	224.266	221.069	245.25	268.37	293.673	249.905	275.437	293.269	234.725	256.826	281.185	307.946	254.494	280.661	299.056
-1.58e+06	206.368	205.088	219.495	221.981	218.774	242.755	265.559	290.508	247.378	272.693	290.211	232.74	254.575	278.653	305.151	252.284	278.234	296.465
-1.579e+06	203.153	201.811	216.868	219.316	216.031	239.772	262.284	286.949	244.439	269.41	286.795	230.439	252.049	275.9	302.139	249.882	275.474	293.438
-1.578e+06	200.512	199.15	214.764	217.189	213.913	237.446	259.76	284.196	242.229	266.867	284.003	228.613	250.075	273.701	299.635	247.999	273.328	291.015
-1.577e+06	198.82	197.437	212.874	215.274	212.008	235.33	257.399	281.522	240.144	264.541	281.416	226.758	247.941	271.291	296.988	245.919	271.016	288.565
-1.576e+06	197.727	196.338	211.285	213.665	210.34	233.508	255.294	279.161	238.295	262.488	279.268	224.986	245.985	269.162	294.679	244.14	268.902	286.218
-1.575e+06	197.8	196.393	209.373	211.712	208.349	231.243	252.727	276.347	236.193	259.905	276.435	222.528	243.295	266.142	291.264	241.455	266.01	283.102
-1.574e+06	199.491	198.081	208.457	210.776	207.386	230.135	251.399	274.676	234.969	258.618	275.006	220.85	241.379	264.011	288.952	239.728	263.931	280.819
-1.573e+06	205.825	204.619	211.129	213.462	210.114	232.927	254.298	277.676	237.832	261.616	278.064	221.951	242.501	265.124	289.984	240.795	265.127	282.026
-1.572e+06	212.775	211.614	213.999	216.352	213.024	235.971	257.504	281.055	240.95	264.909	281.454	223.062	243.591	266.167	290.946	241.849	266.224	283.141
-1.571e+06	220.347	219.266	218.784	221.186	217.858	241.213	263.192	287.231	246.209	270.737	287.734	226.356	247.141	270.012	295.132	245.468	270.053	287.069
-1.57e+06	227.776	226.771	224.108	226.559	223.316	247.021	269.47	294.027	252.11	277.123	294.322	230.451	251.534	274.735	300.216	249.884	274.745	292.037
-1.569e+06	233.688	232.729	229.912	232.428	229.28	253.427	276.467	301.67	258.654	284.238	301.979	236.24	257.798	281.509	307.534	256.035	281.462	299.05
-1.568e+06	238.02	237.14	235.094	237.669	234.614	259.127	282.665	308.415	264.377	290.488	308.508	241.256	263.25	287.436	313.983	261.379	287.297	305.206
-1.567e+06	240.813	240.018	238.797	241.419	238.439	263.256	287.215	313.425	268.482	295.042	313.356	253.95	276.868	302.04	329.631	274.806	301.731	320.292
-1.566e+06	243.125	242.394	241.958	244.616	241.707	266.764	291.066	317.654	271.955	298.864	317.414	259.924	283.346	309.064	337.237	281.194	308.549	327.465
-1.565e+06	246.951	246.256	246.031	248.729	245.874	271.214	295.882	322.869	276.356	303.636	322.42	265.084	288.936	315.127	343.804	286.551	314.39	333.579
-1.564e+06	250.638	249.976	249.724	252.461	249.654	275.26	300.274	327.635	280.339	307.954	326.95	269.157	293.378	319.966	349.085	290.782	318.964	338.388
-1.563e+06	248.14	247.462	248.791	251.54	248.721	274.45	299.599	327.125	279.444	307.151	326.208	270.203	294.544	321.27	350.531	291.834	319.951	339.587
-1.562e+06	245.005	244.326	247.994	250.747	247.899	273.685	298.882	326.474	278.55	306.321	325.354	265.466	289.674	316.285	345.454	286.702	314.852	334.102
-1.561e+06	239.903	239.305	245.208	247.934	245.08	270.663	295.664	323.055	275.428	303.053	321.864	258.752	282.535	308.716	337.463	279.528	307.392	326.317
-1.56e+06	235.411	234.848	242.989	245.69	242.835	268.211	292.995	320.19	272.847	300.394	319.175	256.02	279.587	305.546	334.073	276.528	304.279	323.025
-1.559e+06	232.618	232.04	241.253	243.922	241.023	266.169	290.644	317.471	270.628	297.961	316.559	253.547	276.885	302.595	330.858	273.834	301.247	319.768
-1.558e+06	230.656	229.907	239.729	242.379	239.342	264.464	288.761	315.391	268.885	295.927	314.313	251.365	274.477	299.947	327.958	271.427	298.646	316.894
-1.557e+06	229.363	228.591	237.771	240.391	237.177	262.202	286.199	312.498	266.583	293.2	311.229	248.278	271.09	296.225	323.875	268.073	294.851	312.737
-1.556e+06	230.706	229.813	237.541	240.153	237.041	261.873	285.762	311.931	266.284	292.593	310.567	246.858	269.486	294.424	321.858	266.525	292.974	310.95
-1.555e+06	232.214	231.26	237.355	239.954	236.692	261.564	285.329	311.367	265.9	292.191	310.006	245.604	268.051	292.767	319.969	265.113	291.381	309.104
-1.554e+06	233.769	232.901	237.394	239.988	236.706	261.542	285.24	311.197	265.871	291.887	309.64	244.472	266.822	291.415	318.476	263.962	289.88	307.601
-1.553e+06	233.696	232.794	236.708	239.304	236.197	260.86	284.561	310.527	265.32	291.325	309.136	243.965	266.198	290.683	317.624	263.317	289.33	306.984
-1.552e+06	231.707	230.74	234.999	237.581	234.44	259.024	282.605	308.447	263.285	289.317	306.985	242.58	264.696	289.052	315.846	261.846	287.689	305.201
-1.551e+06	228.616	227.596	233.314	235.893	232.719	257.296	280.84	306.646	261.565	287.505	305.093	242.134	264.213	288.526	315.269	261.392	287.135	304.384
-1.55e+06	223.644	222.574	230.51	233.069	229.87	254.308	277.669	303.239	258.557	284.277	301.687	240.79	262.777	286.993	313.629	259.995	285.583	302.774
-1.549e+06	217.897	216.692	227.366	229.899	226.629	250.924	274.047	299.32	255.178	280.607	297.802	238.925	260.792	284.878	311.375	258.059	283.468	300.622
-1.548e+06	213.079	211.883	225.198	227.712	224.328	248.577	271.528	296.619	252.872	278.061	295.088	237.902	259.701	283.715	310.134	257.013	282.237	299.46
-1.547e+06	208.236	207.061	222.711	225.199	221.855	245.842	268.552	293.392	250.171	275.049	291.86	236.06	257.788	281.742	308.025	255.239	280.206	297.451
-1.546e+06	203.936	202.81	220.452	222.923	219.726	243.469	265.998	290.624	247.864	272.481	288.99	234.47	256.001	279.733	305.911	253.414	278.47	295.577
-1.545e+06	198.693	197.479	217.257	219.686	216.342	239.827	262.007	286.311	244.241	268.458	284.828	231.333	252.643	276.104	301.914	250.111	274.885	291.697
-1.544e+06	194.783	193.543	215.076	217.482	214.16	237.449	259.394	283.404	241.902	265.868	282.038	229.19	250.292	273.52	299.09	247.853	272.36	288.989
-1.543e+06	191.721	190.456	212.373	214.746	211.378	234.414	256.059	279.745	238.936	262.528	278.431	226.443	247.263	270.184	295.425	244.92	269.097	285.487
-1.542e+06	189.459	188.169	209.63	211.968	208.568	231.36	252.7	276.047	235.915	259.181	274.857	223.612	244.175	266.801	291.699	241.963	265.794	281.922
-1.541e+06	187.93	186.635	206.579	208.886	205.487	227.97	248.896	271.817	232.495	255.363	270.805	220.31	240.567	262.874	287.385	238.496	261.955	277.807
-1.54e+06	187.92	186.576	204.437	206.702	203.216	225.461	246.104	268.746	230.103	252.599	267.793	217.998	237.988	260.02	284.224	236.062	259.201	274.819
-1.539e+06	188.177	186.817	201.698	203.93	200.446	222.415	242.801	265.074	227.117	249.317	264.226	215.067	234.761	256.479	280.303	232.966	255.768	271.119
-1.538e+06	187.771	186.463	198.498	200.691	197.179	218.839	238.79	260.654	223.529	245.289	259.993	211.554	230.935	252.22	275.622	229.219	251.622	266.721
-1.537e+06	189.611	188.253	197.548	199.725	196.221	217.732	237.551	259.272	222.567	244.167	258.657	210.428	229.592	250.68	273.875	228.034	250.191	265.105
-1.536e+06	191.194	189.812	196.475	198.633	195.107	216.478	236.084	257.556	221.411	242.692	257.108	208.966	227.999	248.97	271.916	226.62	248.576	263.334
-1.535e+06	194.939	193.572	197.168	199.323	195.824	217.142	236.716	258.141	222.016	243.392	257.776	209.044	227.968	248.946	271.835	226.763	248.641	263.171
-1.534e+06	199.738	198.384	198.903	201.068	197.574	218.962	238.615	260.123	223.862	245.393	259.807	209.897	228.79	249.776	272.663	227.689	249.542	263.975
-1.533e+06	206.595	205.326	203.108	205.311	201.856	223.52	243.512	265.391	228.606	250.393	265.087	212.639	231.779	253.02	276.12	230.629	252.768	267.432
-1.532e+06	212.592	211.386	206.887	209.127	205.718	227.649	247.987	270.237	232.69	254.921	269.895	214.814	234.115	255.506	278.79	232.911	255.254	270.051
-1.531e+06	217.759	216.611	210.951	213.234	209.896	232.12	252.859	275.552	237.34	259.967	275.119	217.871	237.4	259.033	282.608	236.214	258.787	273.731
-1.53e+06	222.997	221.89	215.708	218.037	214.688	237.301	258.446	281.578	242.598	265.595	281.079	221.623	241.453	263.413	287.362	240.229	263.14	278.296
-1.529e+06	226.296	225.252	220.289	222.672	219.388	242.39	264.034	287.715	247.704	271.277	287.082	226.282	246.466	268.783	293.146	245.161	268.445	283.875
-1.528e+06	228.894	227.901	224.818	227.25	224.054	247.369	269.454	293.615	252.762	276.762	292.829	231.26	251.844	274.597	299.431	250.493	274.181	289.866
-1.527e+06	231.707	230.776	229.521	232.001	228.916	252.523	275.046	299.684	257.984	282.39	298.706	236.421	257.427	280.633	305.965	255.979	280.112	296.057
-1.526e+06	236.37	235.518	235.751	238.294	235.284	259.319	282.387	307.613	264.785	289.743	306.402	243.108	264.63	288.388	314.322	263.029	287.709	303.997
-1.525e+06	240.935	240.145	240.359	242.939	239.988	264.28	287.687	313.279	269.682	294.964	311.823	247.369	269.23	293.351	319.694	267.479	292.501	309.003
-1.524e+06	245.914	245.153	244.713	247.333	244.417	268.994	292.746	318.71	274.312	299.935	316.987	250.981	273.136	297.572	324.269	271.233	296.54	313.227
-1.523e+06	248.113	247.356	246.884	249.535	246.645	271.416	295.415	321.65	276.653	302.481	319.669	253.028	275.357	299.979	326.893	273.306	298.768	315.545
-1.522e+06	249.76	249.03	248.832	251.505	248.634	273.557	297.754	324.201	278.687	304.686	321.951	254.853	277.358	302.167	329.295	275.155	300.776	317.64
-1.521e+06	248.621	247.812	248.519	251.199	248.345	273.296	297.557	324.08	278.322	304.327	321.657	255.135	277.68	302.527	329.703	275.253	300.979	317.795
-1.52e+06	247.046	246.139	248.06	250.739	247.944	272.843	297.113	323.654	277.857	303.722	321.018	255.45	278.043	302.941	330.215	275.381	301.327	318.067
-1.519e+06	245.019	244.188	247.183	249.855	246.909	271.884	296.072	322.505	276.795	302.471	319.507	255.027	277.581	302.433	329.687	274.757	300.765	317.631
-1.518e+06	243.35	242.63	246.571	249.238	246.123	271.224	295.365	321.753	275.957	301.621	318.436	254.889	277.408	302.219	329.446	274.589	300.501	317.435
-1.517e+06	242.271	241.564	245.896	248.552	245.339	270.435	294.464	320.737	275.044	300.58	317.284	254.297	276.739	301.464	328.61	273.912	299.706	316.602
-1.516e+06	242.05	241.275	245.691	248.341	245.122	270.176	294.148	320.366	274.717	300.147	316.786	254.146	276.54	301.208	328.299	273.636	299.404	316.206
-1.515e+06	242.056	241.205	245.538	248.184	244.999	269.972	293.891	320.051	274.447	299.78	316.345	254.099	276.455	301.08	328.129	273.393	299.181	315.884
-1.514e+06	242.196	241.281	245.471	248.113	244.964	269.865	293.743	319.86	274.278	299.53	315.919	254.043	276.397	301.017	328.061	273.129	298.985	315.617
-1.513e+06	238.817	237.847	243.629	246.27	243.168	268.002	291.869	317.984	272.37	297.568	313.984	253.525	275.876	300.49	327.531	272.583	298.333	314.897
-1.512e+06	233.838	232.793	241.19	243.815	240.764	265.412	289.137	315.108	269.732	294.74	311.002	252.507	274.856	299.471	326.516	271.555	297.201	313.707
-1.511e+06	227.066	225.845	237.49	240.083	237.045	261.412	284.85	310.518	265.686	290.346	306.418	250.039	272.246	296.71	323.593	268.97	294.358	310.701
-1.51e+06	220.15	218.941	233.95	236.516	233.631	257.641	280.856	306.239	261.955	286.136	302.233	247.874	269.933	294.23	320.933	266.697	291.818	307.892
-1.509e+06	214.974	213.713	230.144	232.653	229.616	253.256	275.94	300.832	257.495	281.282	297.046	244.084	265.828	289.773	316.094	262.683	287.276	303.132
-1.508e+06	211.429	210.137	226.836	229.298	226.222	249.516	271.885	296.333	253.823	277.122	292.6	240.785	262.172	285.702	311.568	259.125	283.311	298.786
-1.507e+06	209.727	208.398	224.284	226.712	223.54	246.642	268.563	292.58	250.87	273.862	289.012	237.994	259.052	282.226	307.711	256.113	279.896	295.222
-1.506e+06	209.133	207.821	222.264	224.664	221.388	244.306	265.898	289.568	248.503	271.246	286.175	235.758	256.536	279.418	304.59	253.7	277.156	292.292
-1.505e+06	207.257	205.887	219.243	221.604	218.304	240.961	262.265	285.633	245.232	267.592	282.308	232.712	253.254	275.886	300.756	250.552	273.656	288.553
-1.504e+06	205.453	204.065	216.547	218.877	215.552	237.976	258.998	282.064	242.325	264.336	278.813	230.051	250.326	272.654	297.214	247.733	270.536	285.232
-1.503e+06	204.476	203.088	214.405	216.712	213.414	235.608	256.38	279.084	239.949	261.75	275.939	227.737	247.763	269.846	294.08	245.33	267.782	282.258
-1.502e+06	204.05	202.629	212.644	214.921	211.503	233.558	254.042	276.488	237.911	259.476	273.598	225.775	245.544	267.291	291.168	243.154	265.396	279.715
-1.501e+06	204.827	203.407	211.723	214.003	210.595	232.523	252.846	275.101	236.891	258.333	272.207	224.366	244.076	265.721	289.405	241.849	263.895	277.913
-1.5e+06	205.431	204.013	210.452	212.695	209.351	231.059	251.275	273.442	235.632	256.804	270.58	222.688	242.109	263.511	287.128	240.082	261.755	275.816
-1.499e+06	206.115	204.718	210.184	212.424	208.973	230.745	250.868	272.903	235.39	256.465	270.314	222.273	241.63	262.912	286.271	239.646	261.266	275.265
-1.498e+06	205.829	204.446	209.359	211.591	208.148	229.845	249.89	271.831	234.506	255.538	269.304	221.391	240.662	261.847	285.085	238.717	260.265	274.165
-1.497e+06	207.174	205.817	209.559	211.789	208.373	230.02	250.035	271.94	234.697	255.738	269.451	221.114	240.342	261.466	284.61	238.425	259.935	273.782
-1.496e+06	209.616	208.281	210.476	212.711	209.312	230.984	251.041	272.988	235.689	256.805	270.511	221.698	240.87	261.918	284.976	239.04	260.418	274.327
-1.495e+06	217.051	215.767	214.996	217.263	213.849	235.79	256.113	278.336	240.642	261.911	275.914	224.648	244.04	265.358	288.738	242.312	263.842	277.793
-1.494e+06	224.908	223.683	219.614	221.923	218.592	240.784	261.474	284.085	245.61	267.37	281.423	227.752	247.302	268.78	292.326	245.509	267.23	281.346
-1.493e+06	233.013	231.863	226.231	228.595	225.282	247.901	269.071	292.202	252.829	274.999	289.517	232.845	252.736	274.588	298.541	250.854	272.969	287.236
-1.492e+06	241.193	240.114	233.739	236.167	232.896	255.995	277.731	301.47	260.903	283.723	298.533	238.21	258.516	280.819	305.268	256.571	279.093	293.617
-1.491e+06	247.293	246.308	240.633	243.138	239.962	263.587	286.001	310.478	268.586	292.029	307.26	253.769	275.128	298.55	324.19	272.919	296.574	311.756
-1.49e+06	251.348	250.468	246.029	248.592	245.493	269.512	292.439	317.476	274.45	298.425	313.959	261.016	282.918	306.933	333.212	280.515	304.682	320.27
-1.489e+06	256.155	255.331	250.878	253.486	250.442	274.777	298.108	323.585	279.611	303.998	319.77	266.091	288.438	312.929	339.715	285.729	310.389	326.2
-1.488e+06	261.821	261.043	256	258.657	255.64	280.334	304.086	330.02	285.066	309.876	325.899	270.283	293.049	318.003	345.301	290.088	315.197	331.231
-1.487e+06	261.691	260.931	257.013	259.708	256.679	281.689	305.789	332.116	286.317	311.447	327.654	272.4	295.416	320.629	348.186	292.233	317.523	333.68
-1.486e+06	260.975	260.236	258.236	260.959	257.952	283.163	307.517	334.131	287.648	313.047	329.375	275.106	298.393	323.923	351.848	295.003	320.653	336.991
-1.485e+06	258.531	257.798	257.457	260.178	257.12	282.377	306.73	333.357	286.723	312.069	328.39	266.598	289.414	314.474	341.922	286.087	311.097	327.14
-1.484e+06	255.945	255.224	256.479	259.196	255.952	281.372	305.707	332.324	285.583	310.874	327.12	263.798	286.408	311.255	338.483	283.031	307.799	323.741
-1.483e+06	255.251	254.487	256.469	259.18	255.719	281.314	305.614	332.198	285.328	310.633	326.781	262.926	285.447	310.204	337.334	282.003	306.653	322.671
-1.482e+06	255.636	254.677	256.965	259.677	256.069	281.828	306.159	332.798	285.698	311.289	327.324	271.399	294.391	319.64	347.29	290.743	315.91	332.292
-1.481e+06	256.984	255.875	257.55	260.255	256.518	282.343	306.611	333.189	286.089	311.767	327.801	274.339	297.476	322.878	350.689	293.622	318.797	335.299
-1.48e+06	259.103	257.967	258.636	261.344	257.512	283.457	307.755	334.372	287.112	312.844	328.84	276.078	299.282	324.751	352.633	295.246	320.411	336.775
-1.479e+06	260.676	259.532	259.41	262.124	258.214	284.281	308.631	335.31	287.859	313.568	329.537	277.613	300.869	326.392	354.329	296.66	321.848	338.063
-1.478e+06	262.127	260.969	260.186	262.905	258.94	285.101	309.496	336.204	288.609	314.247	330.187	278.957	302.319	327.926	355.951	297.938	323.177	339.368
-1.477e+06	262.822	261.645	260.398	263.12	259.111	285.326	309.725	336.43	288.741	314.286	330.186	279.514	302.968	328.683	356.767	298.481	323.738	339.891
-1.476e+06	263.565	262.38	260.737	263.46	259.438	285.669	310.066	336.765	288.987	314.45	330.31	279.999	303.522	329.338	357.525	298.969	324.251	340.369
-1.475e+06	262.815	261.6	260.143	262.867	258.839	285.074	309.471	336.174	288.304	313.692	329.514	280.142	303.701	329.571	357.868	299.087	324.403	340.477
-1.474e+06	261.645	260.37	259.392	262.112	258.067	284.282	308.638	335.299	287.428	312.705	328.462	280.078	303.661	329.57	357.94	298.989	324.386	340.421
-1.473e+06	257.222	255.878	256.798	259.511	255.468	281.63	305.951	332.599	284.777	309.992	325.694	279.529	303.062	328.968	357.358	298.342	323.888	339.878
-1.472e+06	251.733	250.34	253.896	256.588	252.57	278.531	302.67	329.139	281.684	306.861	322.438	279.108	302.546	328.29	356.629	297.6	323.372	339.321
-1.471e+06	244.362	242.94	249.958	252.618	248.633	274.304	298.169	324.353	277.453	302.499	317.963	277.95	301.371	327.08	355.252	296.062	321.996	337.926
-1.47e+06	236.561	235.183	246.243	248.867	244.923	270.248	293.782	319.608	273.393	298.183	313.529	275.129	298.521	324.213	352.376	293.112	318.819	334.865
-1.469e+06	227.432	226.043	240.709	243.274	239.35	264.154	287.134	312.348	267.263	291.407	306.347	261.6	284.145	308.95	336.188	278.975	303.661	319.137
-1.468e+06	219.43	218.032	235.983	238.503	234.654	259.01	281.583	306.355	262.118	285.695	300.249	255.25	277.291	301.559	328.227	272.378	296.56	311.725
-1.467e+06	211.815	210.383	230.709	233.171	229.367	253.204	275.259	299.466	256.325	279.287	293.485	249.461	270.995	294.709	320.777	266.3	289.892	304.664
-1.466e+06	205.82	204.361	226.522	228.942	225.155	248.594	270.23	293.979	251.775	274.241	288.176	244.979	266.105	289.367	314.935	261.6	284.692	299.126
-1.465e+06	201.515	200.045	222.327	224.687	220.923	243.883	264.978	288.118	247.088	269.01	282.604	240.046	260.664	283.372	308.343	256.412	278.902	292.934
-1.464e+06	200.571	199.099	219.757	222.088	218.344	241.007	261.771	284.535	244.271	265.828	279.177	236.846	257.145	279.488	304.064	253.098	275.207	289.011
-1.463e+06	199.217	197.724	215.959	218.234	214.477	236.718	257.049	279.371	240.041	261.112	274.184	232.106	251.986	273.89	297.982	248.153	269.811	283.308
-1.462e+06	198.317	196.835	212.287	214.52	210.785	232.675	252.665	274.556	236.145	256.745	269.482	227.458	246.923	268.358	291.943	243.305	264.498	277.686
-1.461e+06	198.391	196.894	210.027	212.236	208.506	230.17	249.854	271.411	233.641	254.023	266.624	224.368	243.502	264.584	287.806	240.082	260.923	273.88
-1.46e+06	198.948	197.469	208.495	210.679	206.923	228.397	247.865	269.206	231.948	252.098	264.592	222.038	240.996	261.845	284.687	237.787	258.314	271.042
-1.459e+06	195.964	194.472	205.189	207.351	203.623	224.883	244.18	265.297	228.592	248.503	260.732	218.686	237.305	257.799	280.345	234.218	254.525	267.117
-1.458e+06	191.922	190.433	201.634	203.766	200.038	221.037	240.004	260.772	224.743	244.357	256.502	214.825	233.182	253.407	275.566	230.355	250.277	262.572
-1.457e+06	186.104	184.619	195.29	197.359	193.648	214.107	232.514	252.693	217.826	236.877	248.683	207.726	225.514	245.097	266.62	222.839	242.241	254.238
-1.456e+06	187.661	186.169	195.233	197.292	193.578	213.952	232.257	252.329	217.895	236.773	248.437	207.347	224.98	244.387	265.714	222.538	241.701	253.531
-1.455e+06	199.046	197.615	202.453	204.558	200.894	221.584	240.257	260.693	225.558	244.871	256.825	213.423	231.397	251.148	272.816	228.91	248.486	260.57
-1.454e+06	207.261	205.87	206.207	208.342	204.722	225.615	244.564	265.302	229.625	249.274	261.373	215.843	233.941	253.845	275.674	231.492	251.217	263.326
-1.453e+06	218.939	217.628	213.941	216.138	212.557	233.882	253.334	274.61	238.055	258.174	270.543	221.423	239.837	260.114	282.352	237.39	257.462	269.756
-1.452e+06	231.498	230.266	223.195	225.469	221.879	243.813	263.917	285.891	248.047	268.757	281.605	227.975	246.836	267.587	290.334	244.294	264.817	277.439
-1.451e+06	239.049	237.879	231.023	233.377	229.817	252.35	273.135	295.848	256.574	278.038	291.24	245.38	265.325	287.267	311.287	262.5	284.209	297.343
-1.45e+06	244.847	243.757	238.292	240.713	237.236	260.213	281.57	304.899	264.483	286.467	299.967	253.284	273.769	296.29	320.946	270.747	292.963	306.406
-1.449e+06	253.748	252.766	247.113	249.614	246.249	269.751	291.795	315.864	274.017	296.647	310.52	261.532	282.644	305.827	331.186	279.309	302.179	315.979
-1.448e+06	260.815	259.932	253.44	256.002	252.695	276.615	299.182	323.814	280.777	303.907	318.073	266.771	288.299	311.949	337.832	284.751	307.997	322.098
-1.447e+06	265.872	265.028	258.371	260.991	257.708	282.066	305.142	330.331	286.121	309.719	324.158	271.633	293.594	317.702	344.07	289.761	313.436	327.753
-1.446e+06	269.521	268.719	262.26	264.924	261.676	286.345	309.808	335.415	290.266	314.205	328.836	275.147	297.453	321.936	348.717	293.447	317.35	331.809
-1.445e+06	268.535	267.734	261.801	264.471	261.188	285.951	309.49	335.19	289.715	313.667	328.311	274.538	296.898	321.439	348.285	292.674	316.606	331.015
-1.444e+06	268.515	267.725	262.383	265.065	261.72	286.651	310.296	336.113	290.246	314.275	328.927	275.249	297.681	322.307	349.256	293.32	317.314	331.861
-1.443e+06	269.139	268.286	263.137	265.829	262.513	287.488	311.242	337.184	290.919	315.121	329.722	276.183	298.641	323.274	350.224	294.185	317.911	332.469
-1.442e+06	269.395	268.553	263.466	266.166	262.925	287.864	311.667	337.672	291.162	315.408	330.167	276.503	299.056	323.808	350.898	294.364	318.431	332.688
-1.441e+06	269.821	269.064	263.978	266.683	263.415	288.426	312.287	338.36	291.64	315.834	330.71	276.958	299.539	324.336	351.503	294.699	319.052	333.467
-1.44e+06	270.133	269.263	264.418	267.128	263.568	288.899	312.728	338.781	292.043	316.001	330.842	277.652	300.215	324.97	352.079	295.296	319.385	334.07
-1.439e+06	271.383	270.292	265.245	267.96	264.17	289.787	313.713	339.805	292.788	316.788	331.326	278.512	301.107	325.893	353.031	296.032	319.779	334.608
-1.438e+06	272.797	271.568	266.062	268.784	264.84	290.675	314.692	340.902	293.566	317.672	331.999	279.321	301.94	326.753	353.918	296.713	320.387	335.117
-1.437e+06	271.826	270.535	265.527	268.258	264.212	290.232	314.362	340.741	293.04	317.362	331.717	280.336	303.008	327.877	355.103	297.624	321.329	335.959
-1.436e+06	269.183	268.116	263.907	266.63	262.534	288.542	312.62	338.972	291.274	315.748	330.106	280.567	303.283	328.204	355.488	297.749	321.478	336.016
-1.435e+06	263.771	262.959	260.114	262.81	258.691	284.513	308.377	334.523	287.185	311.574	326.019	278.993	301.681	326.541	353.769	296.043	319.69	334.039
-1.434e+06	259.704	258.936	257.7	260.376	256.307	281.915	305.607	331.579	284.547	308.839	323.375	278.704	301.418	326.29	353.534	295.669	319.302	333.54
-1.433e+06	254.833	254.032	254.749	257.398	253.444	278.713	302.164	327.883	281.312	305.405	319.907	277.82	300.518	325.369	352.582	294.694	318.272	332.41
-1.432e+06	250.154	249.333	252.23	254.853	250.94	275.958	299.181	324.654	278.535	302.42	316.847	277.167	299.845	324.706	351.909	293.967	317.509	331.597
-1.431e+06	244.941	244.159	249.286	251.879	247.924	272.736	295.686	320.865	275.289	298.908	313.203	275.731	298.326	323.125	350.283	292.425	315.878	329.887
-1.43e+06	239.284	238.322	246.004	248.564	244.576	269.147	291.797	316.649	271.685	295.003	309.127	273.765	296.225	320.895	347.938	290.333	313.669	327.583
-1.429e+06	232.112	231.081	241.849	244.374	240.39	264.659	286.97	311.451	267.191	290.153	304.041	271.119	293.414	317.907	344.765	287.516	310.673	324.462
-1.428e+06	225.074	224.126	238.095	240.591	236.708	260.632	282.676	306.84	263.173	285.765	299.398	268.771	290.935	315.295	342.012	285.032	308.04	321.609
-1.427e+06	219.814	218.807	234.922	237.382	233.573	257.128	278.849	302.662	259.685	281.852	295.195	255.424	276.768	300.264	326.07	271.128	293.32	306.409
-1.426e+06	216.484	215.44	232.789	235.231	231.538	254.82	276.363	299.95	257.428	279.284	292.389	250.109	271.055	294.121	319.465	265.596	287.357	300.238
-1.425e+06	212.224	211.12	229.071	231.462	227.696	250.631	271.733	294.929	253.24	274.639	287.477	244.544	264.989	287.507	312.265	259.795	281.173	293.832
-1.424e+06	209.542	208.377	226.396	228.753	224.98	247.64	268.41	291.231	250.299	271.339	283.934	240.741	260.833	282.963	307.3	255.835	276.849	289.286
-1.423e+06	206.506	205.33	223.3	225.626	221.9	244.253	264.808	287.308	247.003	267.661	279.992	237.043	256.805	278.566	302.502	251.996	272.658	284.862
-1.422e+06	202.999	201.807	220.107	222.4	218.659	240.732	260.904	282.999	243.512	263.828	275.947	233.308	252.732	274.121	297.65	248.125	268.42	280.388
-1.421e+06	206.031	204.796	221.766	224.059	220.304	242.372	262.498	284.553	245.206	265.471	277.545	234.577	253.939	275.247	298.679	249.446	269.772	281.724
-1.42e+06	205.055	203.777	219.878	222.141	218.374	240.23	260.187	282.073	243.222	263.158	275.021	232.344	251.541	272.624	295.776	247.21	267.203	278.968
-1.419e+06	205.353	204.135	219.134	221.384	217.626	239.344	259.085	280.715	242.258	262.101	273.884	231.038	250.004	270.879	293.841	245.787	265.7	277.427
-1.418e+06	205.697	204.396	218.14	220.376	216.704	238.25	257.929	279.448	241.342	260.984	272.528	229.606	248.466	269.196	291.94	244.408	264.071	275.619
-1.417e+06	203.934	202.636	216.764	218.989	215.267	236.754	256.275	277.661	239.836	259.349	270.922	228.745	247.456	268.041	290.671	243.463	263.106	274.623
-1.416e+06	201.042	199.806	215.112	217.323	213.631	234.971	254.359	275.591	238.05	257.464	268.921	227.745	246.385	266.884	289.397	242.485	262.037	273.459
-1.415e+06	196.251	194.935	212.346	214.54	210.886	232.05	251.305	272.395	235.313	254.48	265.731	225.69	244.191	264.56	286.963	240.486	259.782	271.065
-1.414e+06	191.318	189.972	210.033	212.207	208.528	229.551	248.596	269.463	232.816	251.797	262.948	223.732	242.1	262.329	284.522	238.524	257.668	268.797
-1.413e+06	190.348	188.973	208.71	210.856	207.166	227.977	246.774	267.364	231.319	250.006	260.987	221.995	240.206	260.238	282.188	236.717	255.716	266.724
-1.412e+06	190.684	189.328	207.339	209.473	205.836	226.5	245.132	265.5	229.838	248.391	259.255	220.419	238.412	258.178	279.877	234.981	253.792	264.71
-1.411e+06	194.776	193.386	206.616	208.715	205.008	225.425	243.885	263.955	228.907	247.172	257.844	218.656	236.44	256.002	277.516	233.233	251.745	262.488
-1.41e+06	200.626	199.24	206.695	208.777	205.001	225.338	243.666	263.583	228.892	246.997	257.555	217.352	234.943	254.265	275.461	231.724	250.128	260.762
-1.409e+06	208.383	207.061	210.124	212.242	208.586	229.095	247.771	267.993	232.763	251.176	261.878	219.286	237.003	256.455	277.774	233.742	252.325	263.034
-1.408e+06	215.017	213.736	213.548	215.697	212.029	232.792	251.68	272.16	236.299	255.003	265.944	220.888	238.695	258.257	279.71	235.534	254.158	264.854
-1.407e+06	220.738	219.52	217.039	219.227	215.654	236.608	255.811	276.639	240.325	259.285	270.249	223.327	241.29	261.012	282.627	238.023	256.826	267.689
-1.406e+06	225.654	224.483	220.382	222.603	218.95	240.243	259.697	280.836	243.789	263.045	274.285	225.484	243.622	263.543	285.376	240.32	259.323	270.209
-1.405e+06	230.567	229.455	225.3	227.571	224.016	245.593	265.469	287.063	249.276	268.889	280.262	229.94	248.367	268.606	290.79	245.063	264.294	275.324
-1.404e+06	234.431	233.37	229.889	232.206	228.701	250.581	270.83	292.846	254.281	274.217	285.782	234.35	253.099	273.682	296.237	249.697	269.237	280.409
-1.403e+06	237.489	236.489	234.183	236.545	233.11	255.278	275.916	298.355	258.967	279.264	290.996	238.742	257.812	278.744	301.68	254.286	274.136	285.471
-1.402e+06	240.139	239.205	238.197	240.6	237.21	259.659	280.644	303.472	263.281	283.906	295.812	250.684	270.494	292.214	315.989	266.736	287.3	299.021
-1.401e+06	245.33	244.443	243.346	245.793	242.439	265.189	286.533	309.755	268.735	289.688	301.764	259.359	279.767	302.138	326.617	275.656	296.844	308.763
-1.4e+06	250.638	249.786	248.033	250.521	247.195	270.243	291.937	315.544	273.695	294.962	307.204	264.513	285.292	308.066	332.987	280.945	302.454	314.565
-1.399e+06	252.742	251.903	250.276	252.795	249.467	272.742	294.684	318.57	276.084	297.56	309.896	267.854	288.883	311.933	337.154	284.271	306.055	318.244
-1.398e+06	254.215	253.381	252.232	254.772	251.428	274.891	297.019	321.118	278.119	299.74	312.138	270.946	292.197	315.476	340.941	287.379	309.275	321.455
-1.397e+06	251.653	250.807	251.022	253.565	250.147	273.698	295.842	319.985	276.729	298.414	310.769	271.379	292.736	316.16	341.802	287.714	309.859	322.163
-1.396e+06	248.754	248.003	249.827	252.363	248.966	272.462	294.57	318.701	275.39	297.053	309.452	272.003	293.399	316.847	342.51	288.32	310.174	322.736
-1.395e+06	246.058	245.227	248.346	250.868	247.572	270.85	292.844	316.856	273.71	295.217	307.659	271.744	293.181	316.68	342.399	287.951	309.743	321.991
-1.394e+06	243.534	242.655	246.973	249.478	246.377	269.334	291.194	315.095	272.322	293.528	305.966	260.498	281.316	304.17	329.219	276.175	297.372	309.201
-1.393e+06	241.2	240.305	245.503	247.988	244.966	267.687	289.48	313.189	270.723	291.649	304.019	256.596	277.121	299.671	324.396	272.036	293.011	304.844
-1.392e+06	239.585	238.681	244.638	247.11	244.036	266.695	288.39	312.003	269.657	290.509	302.81	254.687	275.033	297.399	321.937	269.933	290.886	302.624
-1.391e+06	238.877	238.01	243.916	246.374	243.169	265.825	287.171	310.626	268.595	289.403	301.538	252.647	272.816	294.987	319.319	267.753	288.479	300.07
-1.39e+06	238.916	238.033	243.515	245.966	242.613	265.343	286.555	309.867	267.839	288.738	300.735	250.974	270.979	292.977	317.128	265.945	286.569	298.124
-1.389e+06	238.544	237.496	243.027	245.477	241.901	264.823	286.008	309.279	267.28	288.093	299.989	250.13	270.036	291.925	315.957	265.025	285.51	296.94
-1.388e+06	237.672	236.614	242.287	244.731	241.154	264.015	285.138	308.334	266.456	287.131	298.915	249.287	269.108	290.903	314.83	264.129	284.409	295.638
-1.387e+06	235.53	234.461	240.554	242.984	239.426	262.143	283.137	306.185	264.571	285.029	296.534	247.658	267.356	289.012	312.776	262.455	282.505	293.761
-1.386e+06	232.79	231.828	238.358	240.769	237.387	259.795	280.65	303.556	262.315	282.427	293.953	245.93	265.445	286.912	310.476	260.553	280.588	291.728
-1.385e+06	227.914	226.789	235.29	237.676	234.178	256.504	277.152	299.817	258.9	279.015	290.414	244.123	263.503	284.821	308.221	258.668	278.521	289.422
-1.384e+06	222.152	221.008	232.046	234.407	230.812	253.03	273.462	295.885	255.44	275.301	286.517	242.241	261.511	282.704	305.962	256.806	276.31	287.197
-1.383e+06	216.576	215.451	228.933	231.277	227.764	249.726	269.922	292.082	252.175	271.752	282.726	240.434	259.512	280.502	303.546	254.811	274.331	285.142
-1.382e+06	211.655	210.559	226.352	228.661	225.163	246.849	266.862	288.887	249.412	268.664	279.531	239.153	258.129	279.002	301.913	253.481	272.876	283.579
-1.381e+06	208.294	207.155	224.905	227.202	223.641	245.241	265.026	286.733	247.752	266.909	277.667	238.467	257.412	278.237	301.072	252.847	272.061	282.574
-1.38e+06	205.268	204.106	223.548	225.825	222.29	243.737	263.425	285.046	246.369	265.313	275.923	237.53	256.35	277.057	299.806	251.855	270.993	281.561
-1.379e+06	203.733	202.539	222.465	224.728	221.229	242.513	262.001	283.325	245.144	263.928	274.394	236.483	255.186	275.752	298.326	250.701	269.754	280.212
-1.378e+06	204.207	203.041	222.584	224.832	221.239	242.482	261.852	283.099	245.15	263.803	274.21	236.545	255.242	275.799	298.345	250.888	269.76	280.075
-1.377e+06	204.172	202.931	221.563	223.806	220.249	241.359	260.56	281.584	244.042	262.526	272.804	235.445	253.984	274.364	296.735	249.614	268.433	278.733
-1.376e+06	203.472	202.276	219.934	222.143	218.558	239.473	258.504	279.407	242.359	260.501	270.592	233.665	252.085	272.332	294.539	247.842	266.438	276.552
-1.375e+06	203.228	201.949	218.36	220.551	216.905	237.697	256.493	277.071	240.453	258.507	268.506	231.926	250.153	270.165	292.119	245.951	264.386	274.401
-1.374e+06	203.698	202.413	217.028	219.198	215.56	236.192	254.833	275.261	239.146	256.9	266.726	230.569	248.622	268.463	290.236	244.522	262.761	272.677
-1.373e+06	205.06	203.749	216.283	218.436	214.749	235.285	253.75	273.951	238.121	255.826	265.582	229.517	247.438	267.143	288.784	243.499	261.511	271.286
-1.372e+06	203.074	201.734	212.214	214.333	210.754	230.928	249.113	268.984	233.864	251.244	260.698	225.166	242.751	262.066	283.248	238.853	256.598	266.203
-1.371e+06	202.674	201.335	209.675	211.759	208.052	228.084	245.982	265.566	231.072	248.136	257.548	221.681	239.013	258.076	279.025	235.369	252.754	262.169
-1.37e+06	204.16	202.819	208.691	210.768	207.076	227.005	244.8	264.254	229.968	247.009	256.326	219.881	237.059	255.929	276.619	233.378	250.716	260.076
-1.369e+06	207.823	206.531	210.591	212.682	209.142	229.044	246.978	266.802	232.234	249.438	258.646	221.115	238.549	257.528	278.331	234.893	252.331	261.725
-1.368e+06	210.837	209.523	212.399	214.509	211.034	231.005	249.085	269.087	234.253	251.618	260.842	222.342	239.879	258.937	279.806	236.168	253.729	263.159
-1.367e+06	213.192	211.972	214.619	216.754	213.198	233.439	251.725	271.895	236.547	254.144	263.597	224.307	241.885	261.052	282.082	238.21	255.808	265.31
-1.366e+06	214.027	212.754	215.501	217.645	214.174	234.407	252.788	273.075	237.768	255.32	264.686	225.213	242.902	262.163	283.259	239.196	256.903	266.355
-1.365e+06	218.729	217.564	219.008	221.192	217.702	238.151	256.738	277.212	241.31	259.174	268.705	227.583	245.329	264.695	285.923	241.633	259.376	268.902
-1.364e+06	224.228	223.019	222.438	224.643	221.149	241.799	260.6	281.268	245.096	263.005	272.642	229.914	247.792	267.31	288.696	244.046	261.929	271.473
-1.363e+06	229.823	228.685	226.948	229.199	225.732	246.687	265.852	286.927	249.928	268.238	278.016	233.831	251.95	271.742	293.427	248.129	266.243	275.876
-1.362e+06	235.019	233.942	231.534	233.826	230.375	251.627	271.13	292.565	254.852	273.462	283.375	242.314	260.923	281.245	303.495	256.938	275.514	285.385
-1.361e+06	238.5	237.472	235.625	237.957	234.516	256.084	275.946	297.755	259.242	278.167	288.272	253.329	272.607	293.675	316.73	268.357	287.631	297.717
-1.36e+06	242.59	241.621	240.662	243.041	239.636	261.526	281.778	304	264.627	283.888	294.168	259.673	279.367	300.893	324.433	274.804	294.52	304.754
-1.359e+06	247.492	246.562	245.688	248.11	244.736	266.933	287.551	310.16	269.945	289.522	299.959	265.186	285.236	307.159	331.125	280.419	300.452	310.847
-1.358e+06	251.433	250.539	249.475	251.932	248.582	271.025	291.938	314.86	273.925	293.748	304.303	269.244	289.561	311.784	336.067	284.524	304.759	315.221
-1.357e+06	255.735	254.838	253.234	255.721	252.328	275.036	296.187	319.365	277.826	297.826	308.461	273.128	293.665	316.115	340.635	288.426	308.752	319.269
-1.356e+06	260.072	259.203	256.829	259.348	255.896	278.894	300.3	323.742	281.496	301.758	312.469	276.302	297.087	319.834	344.695	291.558	312.203	322.928
-1.355e+06	260.881	260	257.45	259.98	256.539	279.62	301.136	324.704	282.09	302.414	313.252	277.251	298.098	320.894	345.786	292.447	312.931	323.55
-1.354e+06	262.249	261.361	258.845	261.39	257.98	281.134	302.765	326.456	283.487	303.859	314.735	278.53	299.541	322.552	347.704	293.615	314.481	325.113
-1.353e+06	259.784	258.925	257.407	259.957	256.441	279.672	301.285	324.982	282.038	302.204	313.018	277.57	298.573	321.603	346.799	292.559	313.367	324.261
-1.352e+06	255.606	254.83	254.915	257.448	253.668	277.065	298.568	322.132	279.218	299.341	309.856	270.901	291.6	314.279	339.098	285.58	305.74	316.487
-1.351e+06	250.612	249.725	252.038	254.549	250.601	274.031	295.409	318.843	276.04	296.223	306.599	262.498	282.694	304.849	329.12	276.799	296.473	306.886
-1.35e+06	242.135	241.22	246.548	249.013	244.981	268.161	289.191	312.254	270.076	290.047	300.29	256.003	275.802	297.54	321.373	270.035	289.33	299.488
-1.349e+06	238.531	237.615	245.542	247.997	243.97	267.059	287.993	310.942	268.952	288.817	299.007	254.998	274.677	296.294	320.004	268.95	288.229	298.372
-1.348e+06	232.371	231.506	242.42	244.851	240.927	263.725	284.456	307.188	265.618	285.205	295.257	252.555	272.025	293.417	316.888	266.35	285.557	295.579
-1.347e+06	224.819	223.79	237.342	239.726	235.858	258.214	278.517	300.786	260.114	279.218	288.996	247.942	267.079	288.107	311.181	261.531	280.366	290.18
-1.346e+06	217.956	216.872	232.771	235.112	231.31	253.258	273.203	295.085	255.21	273.877	283.494	243.929	262.742	283.417	306.108	257.336	275.923	285.528
-1.345e+06	209.099	207.958	226	228.268	224.427	245.862	265.214	286.475	247.83	265.989	275.332	237.477	255.811	275.966	298.113	250.62	268.699	278.018
-1.344e+06	202.119	200.95	220.71	222.929	219.105	240.127	259.028	279.776	242.181	259.795	268.934	232.52	250.458	270.182	291.812	245.481	263.157	272.253
-1.343e+06	191.717	190.513	211.839	213.972	210.139	230.51	248.693	268.713	232.6	249.656	258.442	223.805	241.145	260.217	281.185	236.438	253.533	262.292
-1.342e+06	184.27	183.037	205.617	207.69	203.905	223.784	241.474	260.87	226.01	242.515	251.017	217.331	234.177	252.711	273.138	229.763	246.362	254.863
-1.341e+06	181.909	180.668	202.387	204.42	200.624	220.191	237.527	256.583	222.578	238.705	247	213.769	230.326	248.579	268.651	226.212	242.438	250.711
-1.34e+06	180.609	179.333	199.872	201.875	198.087	217.408	234.478	253.233	219.95	235.819	243.955	211.156	227.479	245.461	265.218	223.575	239.567	247.676
-1.339e+06	180.615	179.313	197.83	199.805	196.045	215.139	232.015	250.435	217.796	233.45	241.486	208.955	225.067	242.776	262.238	221.298	237.073	245.091
-1.338e+06	185.424	184.1	200.144	202.122	198.315	217.447	234.264	252.688	220.257	235.834	243.833	211.03	227.157	244.897	264.399	223.541	239.303	247.296
-1.337e+06	188.44	187.126	200.744	202.725	198.938	218.05	234.861	253.261	220.875	236.499	244.496	211.502	227.67	245.56	265.073	224.227	240.031	248.015
-1.336e+06	188.971	187.612	199.55	201.522	197.761	216.737	233.417	251.67	219.678	235.154	243.054	210.155	226.187	243.823	263.262	222.892	238.532	246.328
-1.335e+06	192.816	191.428	201.14	203.113	199.454	218.36	235.201	253.507	221.542	237.037	244.927	211.571	227.657	245.3	264.704	224.276	239.957	247.843
-1.334e+06	198.134	196.714	204.173	206.167	202.459	221.546	238.509	256.978	224.804	240.416	248.351	214.349	230.657	248.426	267.955	227.308	243.092	251.002
-1.333e+06	203.76	202.492	207.797	209.818	206.232	225.424	242.726	261.457	228.782	244.668	252.702	217.643	234.201	252.186	271.94	230.816	246.798	254.778
-1.332e+06	206.878	205.58	209.227	211.265	207.678	226.994	244.385	263.207	230.095	246.144	254.331	218.539	235.124	253.142	272.905	231.601	247.599	255.667
-1.331e+06	209.762	208.561	211.136	213.189	209.451	229.022	246.469	265.41	232.237	248.23	256.379	220.296	236.877	254.968	274.88	233.544	249.555	257.511
-1.33e+06	213.4	212.125	213.707	215.778	212.132	231.745	249.377	268.539	235.182	251.379	259.495	222.746	239.524	257.888	277.994	236.232	252.446	260.434
-1.329e+06	216.164	214.948	215.982	218.079	214.55	234.235	252.082	271.43	237.526	254.002	262.249	225.113	242.053	260.536	280.745	238.453	254.867	262.991
-1.328e+06	217.632	216.427	217.078	219.185	215.52	235.401	253.273	272.678	238.463	254.941	263.316	226.083	242.989	261.464	281.672	239.39	255.647	263.806
-1.327e+06	220.401	219.111	218.93	221.046	217.253	237.329	255.238	274.72	240.548	256.872	265.19	227.277	244.235	262.819	283.173	240.85	257.192	265.183
-1.326e+06	222.95	221.77	220.393	222.519	218.912	238.874	256.881	276.474	242.313	258.766	266.937	228.32	245.402	264.066	284.487	241.751	258.261	266.354
-1.325e+06	225.034	223.854	221.65	223.798	220.247	240.278	258.437	278.164	243.485	260.203	268.489	229.038	246.118	264.805	285.257	242.476	258.838	266.981
-1.324e+06	226.191	224.976	222.376	224.529	220.795	241.056	259.233	279.02	244.156	260.742	269.167	229.027	246.146	264.878	285.388	242.612	259.065	267.041
-1.323e+06	227.608	226.502	223.548	225.713	222.118	242.331	260.602	280.505	245.673	262.285	270.531	230.268	247.457	266.265	286.857	243.683	260.229	268.34
-1.322e+06	229.025	227.8	225.082	227.267	223.721	244.007	262.43	282.471	247.172	264.062	272.371	231.745	248.973	267.842	288.503	245.377	261.795	269.826
-1.321e+06	232.581	231.495	227.911	230.111	226.387	246.966	265.491	285.668	250.013	266.876	275.358	233.8	251.165	270.165	290.968	247.433	264.089	272.105
-1.32e+06	236.976	235.863	230.643	232.862	229.304	249.86	268.531	288.876	253.125	270.007	278.358	235.923	253.375	272.49	293.424	249.437	266.161	274.327
-1.319e+06	240.635	239.541	234.686	236.947	233.37	254.254	273.271	293.978	257.333	274.633	283.15	239.451	257.139	276.512	297.726	253.214	270.095	278.252
-1.318e+06	243.15	242.136	238.245	240.54	236.984	258.101	277.39	298.401	261.105	278.626	287.248	242.644	260.552	280.17	301.651	256.463	273.542	281.798
-1.317e+06	243.666	242.686	240.712	243.042	239.524	260.865	280.44	301.771	263.792	281.552	290.276	245.815	263.941	283.802	305.549	259.704	276.972	285.295
-1.316e+06	243.18	242.226	242.642	244.997	241.526	263.01	282.793	304.357	265.849	283.77	292.558	248.774	267.112	287.212	309.216	262.727	280.173	288.559
-1.315e+06	243.293	242.339	244.264	246.632	243.166	264.74	284.625	306.304	267.483	285.465	294.26	250.992	269.471	289.729	311.906	264.958	282.504	290.91
-1.314e+06	243.16	242.174	245.167	247.547	244.102	265.722	285.679	307.444	268.384	286.389	295.179	252.147	270.723	291.095	313.402	266.032	283.689	292.128
-1.313e+06	241.807	240.683	244.74	247.119	243.639	265.263	285.187	306.921	267.863	285.779	294.507	251.872	270.43	290.79	313.09	265.674	283.273	291.71
-1.312e+06	241.669	240.524	245.431	247.817	244.168	265.997	285.96	307.728	268.395	286.477	295.069	252.475	271.074	291.481	313.837	266.251	283.839	292.276
-1.311e+06	238.645	237.602	243.424	245.787	241.917	263.818	283.618	305.241	265.966	284.035	292.636	250.244	268.722	289.001	311.214	264.052	281.339	289.664
-1.31e+06	236.903	235.856	242.538	244.893	240.892	262.84	282.54	304.07	264.835	282.889	291.464	249.237	267.656	287.875	310.02	262.957	280.166	288.31
-1.309e+06	233.217	232.096	240.436	242.78	238.756	260.632	280.231	301.653	262.571	280.517	289.002	247.801	266.132	286.261	308.31	261.408	278.517	286.611
-1.308e+06	228.902	227.684	238.195	240.526	236.568	258.246	277.706	298.979	260.203	277.941	286.317	246.301	264.569	284.641	306.619	259.889	276.844	285.045
-1.307e+06	223.34	222.121	234.433	236.733	232.802	254.17	273.315	294.247	256.15	273.523	281.697	243.281	261.247	280.992	302.641	256.532	273.325	281.475
-1.306e+06	218.56	217.313	231.163	233.428	229.523	250.601	269.479	290.133	252.64	269.673	277.704	240.754	258.531	278.068	299.478	253.759	270.459	278.424
-1.305e+06	215.037	213.769	228.155	230.384	226.466	247.281	265.862	286.178	249.35	266.068	273.924	238.084	255.637	274.92	296.054	251.048	267.41	275.206
-1.304e+06	212.207	210.925	225.482	227.686	223.801	244.358	262.669	282.674	246.461	262.912	270.618	235.752	253.08	272.108	292.957	248.507	264.716	272.39
-1.303e+06	210.018	208.705	223.272	225.444	221.503	241.869	259.909	279.635	243.957	260.192	267.838	233.681	250.799	269.609	290.235	246.304	262.32	269.885
-1.302e+06	210.882	209.529	223.502	225.667	221.737	242.033	260.013	279.684	244.242	260.334	267.893	234.158	251.247	270.036	290.63	246.862	262.772	270.236
-1.301e+06	211.228	209.927	223.275	225.437	221.518	241.733	259.612	279.15	243.919	259.951	267.465	234.195	251.212	269.897	290.374	246.769	262.674	270.105
-1.3e+06	209.648	208.276	221.231	223.367	219.49	239.498	257.228	276.647	241.897	257.638	264.956	232.431	249.368	267.963	288.29	245.067	260.809	268.026
-1.299e+06	207.325	205.962	218.763	220.872	216.967	236.783	254.245	273.326	239.056	254.651	261.937	229.992	246.671	264.987	285.07	242.444	257.942	265.141
-1.298e+06	207.118	205.721	217.84	219.937	216.062	235.747	253.107	272.099	238.221	253.617	260.734	229.231	245.852	264.111	284.103	241.717	257.151	264.191
-1.297e+06	209.766	208.362	218.438	220.526	216.627	236.258	253.51	272.352	238.625	253.994	261.139	229.255	245.787	263.933	283.813	241.648	256.998	264.062
-1.296e+06	210.339	208.936	216.677	218.746	214.859	234.327	251.412	270.07	236.728	251.931	258.974	226.793	243.155	261.114	280.784	239.057	254.275	261.23
-1.295e+06	210.265	208.892	215.09	217.149	213.299	232.65	249.648	268.213	235.106	250.209	257.189	224.636	240.864	258.676	278.187	236.856	251.931	258.794
-1.294e+06	210.365	209.009	213.87	215.919	212.087	231.343	248.257	266.733	233.855	248.862	255.779	222.763	238.872	256.556	275.929	234.952	249.902	256.682
-1.293e+06	207.065	205.732	211.46	213.502	209.689	228.874	245.735	264.16	231.445	246.387	253.26	221.056	237.078	254.67	273.945	233.243	248.093	254.807
-1.292e+06	203.28	201.965	209.526	211.571	207.87	226.945	243.725	262.063	229.587	244.431	251.244	219.996	236.07	253.62	272.852	232.311	247.104	253.768
-1.291e+06	198.851	197.542	206.897	208.9	205.103	223.99	240.567	258.706	226.826	241.429	248.047	218.012	233.83	251.231	270.328	230.313	244.891	251.395
-1.29e+06	194.786	193.465	204.569	206.555	202.763	221.511	237.948	255.923	224.336	238.817	245.429	216.107	231.76	248.967	267.83	228.204	242.672	249.156
-1.289e+06	196.625	195.276	203.985	205.943	202.117	220.68	236.852	254.533	223.592	237.72	244.238	214.545	230.028	247.075	265.843	226.718	241.032	247.331
-1.288e+06	199.218	197.862	202.398	204.333	200.508	218.899	234.881	252.353	221.81	235.808	242.228	211.729	226.948	243.674	262.01	223.764	237.82	243.922
-1.287e+06	207.269	205.967	205.841	207.8	204.019	222.543	238.713	256.388	225.324	239.645	246.158	213.215	228.491	245.28	263.689	225.379	239.501	245.542
-1.286e+06	216.122	214.835	210.201	212.19	208.361	227.165	243.579	261.514	230.112	244.504	251.055	215.652	231.054	247.983	266.537	227.803	242.043	248.229
-1.285e+06	223.605	222.36	216.278	218.323	214.518	233.722	250.598	269.056	236.601	251.505	258.272	220.856	236.585	253.859	272.794	233.351	247.877	254.094
-1.284e+06	229.362	228.167	221.846	223.941	220.194	239.716	257	275.908	242.706	257.913	264.776	225.671	241.737	259.381	278.718	238.371	253.15	259.51
-1.283e+06	230.884	229.731	225.487	227.63	223.89	243.755	261.43	280.77	246.706	262.218	269.234	229.758	246.115	264.077	283.764	242.644	257.683	264.132
-1.282e+06	231.144	230.042	228.881	231.063	227.371	247.47	265.457	285.138	250.391	266.161	273.269	243.154	260.271	279.054	299.616	256.508	272.215	278.951
-1.281e+06	237.333	236.298	235.962	238.201	234.519	255.023	273.459	293.623	257.886	274.033	281.292	253.511	271.259	290.724	312.021	267.175	283.42	290.355
-1.28e+06	241.003	239.994	239.725	242	238.331	259.085	277.811	298.289	261.843	278.227	285.57	258.147	276.228	296.049	317.743	271.842	288.401	295.414
-1.279e+06	241.654	240.631	241.712	244.018	240.339	261.308	280.261	300.991	263.989	280.535	287.924	261.981	280.315	300.41	322.407	275.736	292.427	299.514
-1.278e+06	241.495	240.486	243.446	245.774	242.099	263.212	282.33	303.242	265.792	282.453	289.871	258.437	276.719	296.774	318.742	271.812	288.554	295.658
-1.277e+06	237.999	237.097	242.252	244.576	240.918	261.983	281.073	301.957	264.481	281.074	288.43	253.487	271.526	291.332	313.042	266.631	283.105	290.094
-1.276e+06	234.413	233.454	240.9	243.217	239.728	260.565	279.599	300.424	263.152	279.528	286.775	251.968	269.931	289.662	311.292	265.018	281.374	288.289
-1.275e+06	229.57	228.557	237.741	240.03	236.555	257.134	275.901	296.428	259.641	275.794	282.839	248.234	265.958	285.434	306.8	261.084	277.189	283.989
-1.274e+06	225.85	224.849	235.177	237.442	233.939	254.357	272.917	293.22	256.794	272.754	279.697	245.211	262.718	281.959	303.169	257.971	273.756	280.474
-1.273e+06	222.488	221.413	232.164	234.393	230.924	251.053	269.357	289.398	253.532	269.186	275.961	241.827	259.056	277.998	298.896	254.412	269.885	276.535
-1.272e+06	216.454	215.392	226.695	228.874	225.214	245.15	263.021	282.578	247.42	262.812	269.512	235.994	252.862	271.403	291.599	248.14	263.469	269.898
-1.271e+06	210.915	209.762	221.445	223.579	219.988	239.504	257.013	276.184	241.884	256.878	263.342	230.441	246.901	265.012	284.885	242.374	257.297	263.588
-1.27e+06	204.298	203.155	215.272	217.356	213.714	232.874	249.922	268.582	235.206	249.86	256.172	223.886	239.931	257.602	277.053	235.743	250.173	256.223
-1.269e+06	202.289	201.182	213.276	215.338	211.632	230.665	247.511	265.959	233.029	247.508	253.758	221.858	237.736	255.217	274.43	233.628	247.946	253.922
-1.268e+06	200.891	199.708	211.778	213.824	210.222	229.032	245.797	264.15	231.569	245.919	252.035	220.592	236.314	253.61	272.633	232.35	246.442	252.388
-1.267e+06	199.894	198.719	210.836	212.871	209.155	227.973	244.562	262.742	230.584	244.701	250.803	219.996	235.645	252.854	271.772	231.661	245.776	251.662
-1.266e+06	198.787	197.721	209.923	211.949	208.249	226.973	243.472	261.546	229.515	243.662	249.713	219.477	235.068	252.211	271.053	231.193	245.22	251.039
-1.265e+06	202.753	201.622	213.59	215.644	211.963	230.858	247.56	265.851	233.486	247.801	253.875	223.64	239.458	256.85	276.021	235.69	249.871	255.651
-1.264e+06	203.822	202.584	214.897	216.96	213.305	232.234	248.999	267.356	234.948	249.277	255.326	225.495	241.373	258.822	278.179	237.662	251.892	257.567
-1.263e+06	205.916	204.59	216.397	218.465	214.831	233.772	250.569	268.956	236.541	250.869	256.887	226.928	242.841	260.349	279.828	239.197	253.449	259.068
-1.262e+06	211.501	210.158	220.587	222.683	219.043	238.188	255.195	273.805	240.978	255.485	261.541	231.026	247.127	264.9	284.601	243.463	257.869	263.542
-1.261e+06	216.449	215.22	223.727	225.842	222.205	241.479	258.626	277.382	244.154	258.866	264.944	233.575	249.889	267.829	287.676	246.151	260.662	266.369
-1.26e+06	219.637	218.636	225.421	227.546	223.821	243.245	260.458	279.281	245.671	260.532	266.715	234.487	250.858	268.837	288.709	247.035	261.582	267.285
-1.259e+06	220.363	219.409	225.888	228.02	224.134	243.763	261.015	279.872	246.072	260.903	267.178	235.109	251.506	269.514	289.399	247.566	262.176	267.87
-1.258e+06	220.205	219.219	226.001	228.126	224.119	243.847	261.076	279.907	246.194	260.834	267.142	235.464	251.891	269.933	289.842	247.856	262.515	268.199
-1.257e+06	216.052	215.024	223.987	226.102	222.029	241.745	258.887	277.622	244.116	258.571	264.859	234.815	251.196	269.186	289.027	247.148	261.735	267.377
-1.256e+06	210.91	209.867	221.968	224.07	220.035	239.612	256.643	275.254	241.962	256.34	262.534	234.157	250.475	268.438	288.243	246.491	260.998	266.55
-1.255e+06	207.663	206.556	219.97	222.053	218.074	237.43	254.277	272.682	239.814	254.049	260.08	232.54	248.716	266.462	286.003	244.661	258.98	264.541
-1.254e+06	205.736	204.598	218.315	220.381	216.411	235.619	252.315	270.55	238.059	252.14	258.054	231.049	247.074	264.662	284.01	243.066	257.22	262.712
-1.253e+06	205.584	204.369	217.08	219.119	215.103	234.161	250.637	268.638	236.571	250.47	256.288	229.443	245.311	262.74	281.943	241.451	255.429	260.769
-1.252e+06	206.128	204.912	215.943	217.968	213.976	232.885	249.235	267.12	235.454	249.221	254.866	228.103	243.82	261.066	280.013	239.871	253.74	259.097
-1.251e+06	206.135	204.867	214.508	216.514	212.493	231.286	247.462	265.133	233.778	247.377	253.005	226.25	241.846	258.973	277.819	238.082	251.808	257.001
-1.25e+06	206.276	205.061	213.249	215.244	211.267	229.907	245.973	263.537	232.526	246.043	251.539	224.918	240.401	257.369	275.994	236.574	250.181	255.403
-1.249e+06	208.388	207.091	213.128	215.11	211.106	229.669	245.609	263.014	232.359	245.612	251.079	224.144	239.505	256.368	274.965	235.874	249.391	254.413
-1.248e+06	211.046	209.694	213.12	215.096	211.098	229.598	245.472	262.803	232.298	245.503	250.92	223.435	238.674	255.389	273.714	235.09	248.474	253.431
-1.247e+06	218.833	217.588	217.553	219.557	215.577	234.272	250.375	267.949	237.009	250.323	255.83	226.175	241.546	258.403	276.889	237.978	251.492	256.396
-1.246e+06	226.099	224.907	221.445	223.481	219.569	238.395	254.708	272.524	241.125	254.737	260.221	228.468	243.913	260.848	279.41	240.251	253.773	258.762
-1.245e+06	235.069	233.88	227.802	229.881	225.908	245.124	261.8	280.006	247.863	261.612	267.268	232.714	248.363	265.521	284.325	244.574	258.316	263.343
-1.244e+06	244.529	243.405	235.239	237.371	233.429	253	270.087	288.725	255.635	269.866	275.587	237.587	253.51	270.965	290.088	249.658	263.578	268.647
-1.243e+06	252.036	250.978	242.657	244.855	240.957	260.966	278.591	297.822	263.638	278.199	284.052	253.6	270.359	288.662	308.738	266.134	280.745	286.019
-1.242e+06	257.933	256.947	249.276	251.531	247.675	268.039	286.091	305.783	270.608	285.53	291.474	260.775	277.959	296.604	317.119	273.261	288.241	293.663
-1.241e+06	265.735	264.816	256.802	259.118	255.282	276.061	294.587	314.793	278.48	293.782	299.846	267.804	285.37	304.46	325.469	280.395	295.622	301.19
-1.24e+06	273.317	272.438	263.731	266.104	262.282	283.445	302.406	323.081	285.685	301.328	307.494	273.608	291.528	311.002	332.436	286.236	301.73	307.371
-1.239e+06	276.15	275.303	267.093	269.515	265.704	287.212	306.564	327.672	289.272	305.202	311.446	277.693	295.928	315.751	337.528	290.356	306.048	311.753
-1.238e+06	277.058	276.244	269.152	271.606	267.787	289.531	309.139	330.523	291.384	307.515	313.797	280.707	299.192	319.309	341.388	293.299	309.248	314.979
-1.237e+06	275.129	274.299	268.013	270.462	266.638	288.34	307.901	329.243	290.014	306.06	312.284	280.065	298.536	318.654	340.759	292.495	308.347	314.015
-1.236e+06	274.201	273.36	267.625	270.074	266.189	287.943	307.501	328.84	289.463	305.461	311.632	280.002	298.556	318.785	340.933	292.202	308.311	313.909
-1.235e+06	273.53	272.73	267.309	269.754	265.728	287.579	307.091	328.391	289.017	304.859	310.955	279.837	298.409	318.705	340.931	291.94	308.101	313.895
-1.234e+06	273.142	272.204	267.181	269.63	265.379	287.494	307.008	328.291	288.728	304.597	310.59	280.123	298.593	318.787	341.059	292.171	308.067	313.981
-1.233e+06	271.016	269.89	265.875	268.326	263.951	286.224	305.808	327.172	287.29	303.339	309.298	280.145	298.629	318.789	340.893	292.043	307.648	313.581
-1.232e+06	267.903	266.672	264.008	266.45	262.005	284.291	303.837	325.188	285.238	301.41	307.439	279.967	298.456	318.639	340.757	291.718	307.283	312.888
-1.231e+06	260.931	259.691	259.225	261.638	257.163	279.271	298.61	319.758	280.146	296.235	302.292	277.735	296.117	316.198	338.207	289.292	304.747	310.055
-1.23e+06	253.436	252.327	254.586	256.964	252.485	274.337	293.403	314.265	275.184	291.095	297.112	275.915	294.2	314.185	336.092	287.316	302.676	307.938
-1.229e+06	248.773	247.587	252.14	254.492	250.001	271.667	290.519	311.154	272.494	288.254	294.221	275.632	293.889	313.852	335.736	286.922	302.233	307.47
-1.228e+06	244.058	242.807	249.635	251.962	247.475	268.953	287.605	308.028	269.766	285.375	291.282	274.906	293.128	313.064	334.917	286.086	301.346	306.552
-1.227e+06	240.022	238.799	247.951	250.263	245.793	267.132	285.639	305.904	267.939	283.41	289.222	274.93	293.152	313.091	334.95	286.023	301.255	306.386
-1.226e+06	233.504	232.374	244.355	246.642	242.276	263.316	281.607	301.616	264.135	279.343	285.009	272.982	291.122	310.979	332.756	283.946	299.089	304.168
-1.225e+06	225.878	224.642	240.036	242.291	238.017	258.72	276.747	296.474	259.574	274.488	280.003	270.272	288.285	308.013	329.657	281.105	296.129	301.231
-1.224e+06	219.281	218.065	236.914	239.145	234.949	255.373	273.181	292.678	256.277	270.951	276.34	257.051	274.407	293.441	314.35	267.536	282.032	286.949
-1.223e+06	215.893	214.666	235.401	237.62	233.52	253.727	271.403	290.757	254.701	269.164	274.42	253.59	270.744	289.566	310.251	264.011	278.395	283.316
-1.222e+06	210.59	209.396	232.41	234.591	230.477	250.427	267.811	286.855	251.421	265.664	270.84	249.418	266.298	284.831	305.193	259.752	273.995	278.836
-1.221e+06	208.566	207.3	229.336	231.475	227.409	246.994	264.022	282.667	248.075	261.94	266.932	244.555	261.07	279.207	299.135	254.74	268.656	273.362
-1.22e+06	209.109	207.826	227.358	229.46	225.338	244.706	261.437	279.765	245.803	259.447	264.351	240.929	257.121	274.902	294.436	250.998	264.62	269.2
-1.219e+06	213.46	212.137	227.403	229.492	225.395	244.612	261.19	279.325	245.808	259.258	264.04	238.832	254.776	272.289	291.52	248.825	262.235	266.707
-1.218e+06	218.578	217.217	227.851	229.926	225.757	244.93	261.384	279.377	246.118	259.492	264.229	237.136	252.873	270.15	289.114	247.055	260.339	264.69
-1.217e+06	217.19	215.806	225.085	227.146	222.995	242.052	258.4	276.281	243.359	256.552	261.234	234.325	249.895	266.988	285.747	244.264	257.302	261.551
-1.216e+06	214.11	212.734	222.256	224.297	220.134	239.041	255.212	272.899	240.323	253.429	258.026	231.66	247.045	263.935	282.468	241.521	254.467	258.7
-1.215e+06	209.879	208.499	219.685	221.712	217.603	236.347	252.408	269.995	237.857	250.726	255.205	230.146	245.423	262.201	280.616	240.023	252.862	257.069
-1.214e+06	205.363	203.998	217.457	219.468	215.363	233.975	249.887	267.293	235.4	248.245	252.708	229.044	244.288	261.011	279.317	239.026	251.77	255.83
-1.213e+06	200.262	198.864	213.534	215.509	211.454	229.752	245.393	262.53	231.386	243.925	248.193	225.439	240.393	256.817	274.843	235.27	247.794	251.861
-1.212e+06	199.777	198.363	213.2	215.168	211.117	229.344	244.893	261.889	230.993	243.477	247.737	225.024	239.912	256.272	274.227	234.982	247.38	251.345
-1.211e+06	199.474	198.05	212.384	214.337	210.263	228.388	243.79	260.63	230.045	242.414	246.635	224.089	238.863	255.084	272.866	233.941	246.296	250.255
-1.21e+06	195.802	194.372	208.522	210.45	206.444	224.304	239.487	256.066	226.07	238.231	242.353	219.97	234.541	250.532	268.045	229.844	241.98	245.803
-1.209e+06	197.223	195.787	208.873	210.788	206.721	224.555	239.643	256.139	226.381	238.453	242.522	220.097	234.588	250.5	267.944	229.939	242.014	245.843
-1.208e+06	197.945	196.503	208.326	210.239	206.239	223.981	239.028	255.437	225.884	237.902	241.926	219.393	233.833	249.709	267.14	229.392	241.409	245.106
-1.207e+06	199.073	197.641	208.114	210.013	205.958	223.651	238.595	254.942	225.707	237.656	241.628	219.148	233.527	249.316	266.616	229.057	240.995	244.744
-1.206e+06	200.126	198.7	207.831	209.724	205.676	223.309	238.191	254.44	225.4	237.274	241.092	218.824	233.149	248.874	266.099	228.724	240.631	244.339
-1.205e+06	201.64	200.224	207.786	209.676	205.649	223.227	238.07	254.274	225.338	237.152	240.927	218.595	232.951	248.673	265.852	228.646	240.499	244.161
-1.204e+06	203.351	201.94	207.827	209.716	205.699	223.241	238.054	254.226	225.372	237.136	240.883	218.505	232.727	248.406	265.618	228.567	240.368	243.984
-1.203e+06	202.553	201.142	206.871	208.759	204.757	222.266	237.063	253.218	224.42	236.145	239.855	218.036	232.228	247.793	264.922	228.083	239.837	243.413
-1.202e+06	201.62	200.2	206.459	208.347	204.354	221.84	236.62	252.758	224.02	235.705	239.422	218.029	232.221	247.779	264.8	228.076	239.799	243.234
-1.201e+06	201.146	199.721	205.923	207.805	203.812	221.24	235.956	252.023	223.397	234.95	238.778	217.729	231.886	247.404	264.372	227.687	239.32	242.855
-1.2e+06	200.615	199.192	205.041	206.92	202.941	220.305	234.952	250.943	222.447	234.014	237.792	217.011	231.142	246.605	263.506	226.964	238.583	242.082
-1.199e+06	200.907	199.489	204.302	206.166	202.188	219.459	234.021	249.937	221.785	233.277	236.993	216.231	230.254	245.633	262.461	226.273	237.812	241.244
-1.198e+06	202.53	201.114	204.648	206.51	202.49	219.783	234.315	250.174	222.158	233.611	237.279	216.455	230.442	245.776	262.537	226.51	237.989	241.273
-1.197e+06	205.46	204.06	205.332	207.193	203.17	220.448	234.959	250.789	222.844	234.264	237.887	216.592	230.576	245.906	262.663	226.652	238.102	241.356
-1.196e+06	208.955	207.544	206.115	207.976	203.905	221.232	235.741	251.568	223.741	235.151	238.739	216.566	230.504	245.78	262.472	226.638	238.033	241.173
-1.195e+06	213.132	211.762	208.909	210.797	206.85	224.251	238.979	255.057	226.707	238.373	242.032	218.511	232.568	247.986	264.842	228.675	240.22	243.424
-1.194e+06	217.124	215.779	212.102	214.016	209.998	227.649	242.573	258.864	230.087	241.772	245.39	220.825	234.999	250.542	267.536	231.081	242.669	245.846
-1.193e+06	220.473	219.156	214.544	216.479	212.548	230.246	245.318	261.77	232.689	244.605	248.258	222.579	236.845	252.497	269.618	232.804	244.449	247.716
-1.192e+06	221.665	220.407	215.075	217.017	212.994	230.832	245.959	262.475	233.275	245.064	248.652	222.347	236.591	252.223	269.329	232.63	244.287	247.475
-1.191e+06	226.957	225.671	219.274	221.244	217.299	235.24	250.56	267.283	237.62	249.679	253.334	225.25	239.616	255.382	272.633	235.542	247.223	250.438
-1.19e+06	233.836	232.597	225.051	227.064	223.073	241.357	257.005	274.084	243.761	255.99	259.64	229.618	244.208	260.217	277.733	240.014	251.882	255.131
-1.189e+06	236.19	234.996	230.305	232.376	228.415	247.074	263.166	280.73	249.45	262.006	265.759	235.825	250.759	267.141	285.063	246.48	258.566	261.836
-1.188e+06	235.208	234.065	233.865	235.975	232.093	250.938	267.32	285.205	253.307	266.034	269.803	240.775	256.014	272.729	291.015	251.547	263.855	267.163
-1.187e+06	238.906	237.814	238.912	241.055	237.21	256.252	272.884	291.041	258.52	271.414	275.206	245.578	261.089	278.104	296.718	256.425	268.922	272.263
-1.186e+06	243.632	242.58	243.376	245.555	241.727	260.989	277.881	296.322	263.147	276.209	280.024	249.427	265.164	282.426	301.309	260.304	272.949	276.312
-1.185e+06	245.508	244.452	246.157	248.368	244.525	264.012	281.141	299.842	266.074	279.272	283.098	252.98	268.911	286.382	305.495	263.868	276.632	279.999
-1.184e+06	245.616	244.553	247.797	250.026	246.198	265.79	283.051	301.902	267.75	281.011	284.818	255.465	271.564	289.22	308.545	266.353	279.205	282.567
-1.183e+06	244.335	243.239	247.03	249.245	245.383	264.919	282.093	300.846	266.73	279.873	283.646	254.298	270.354	287.971	307.26	265.016	277.843	281.151
-1.182e+06	245.038	244.019	247.559	249.775	245.824	265.448	282.628	301.396	267.085	280.167	284.012	254.11	270.136	287.709	306.953	264.637	277.559	280.764
-1.181e+06	244.524	243.541	246.855	249.064	245.18	264.687	281.818	300.54	266.328	279.19	283.06	253.18	269.141	286.643	305.809	263.441	276.375	279.573
-1.18e+06	244.178	243.179	246.404	248.608	244.746	264.188	281.276	299.955	265.766	278.548	282.4	252.483	268.397	285.85	304.96	262.624	275.501	278.655
-1.179e+06	243.861	242.85	245.905	248.102	244.18	263.625	280.649	299.261	265.069	277.802	281.634	251.589	267.435	284.815	303.845	261.658	274.413	277.518
-1.178e+06	244.307	243.276	246.012	248.208	244.212	263.707	280.702	299.282	264.976	277.78	281.535	251.279	267.087	284.429	303.417	261.299	273.96	277.02
-1.177e+06	242.914	241.755	244.691	246.88	242.694	262.306	279.218	297.713	263.361	276.239	279.909	250.007	265.724	282.968	301.851	259.95	272.479	275.465
-1.176e+06	241.403	240.137	243.463	245.642	241.466	260.984	277.805	296.202	262.019	274.782	278.369	248.893	264.522	281.669	300.436	258.892	271.214	274.09
-1.175e+06	242.04	240.765	243.219	245.387	241.239	260.628	277.336	295.606	261.652	274.27	277.718	248.094	263.609	280.639	299.289	257.843	270.128	273.086
-1.174e+06	243.293	242.057	242.987	245.146	241.139	260.315	276.943	295.127	261.419	273.843	277.295	247.413	262.84	279.772	298.315	257.047	269.264	272.168
-1.173e+06	245.713	244.551	243.818	245.976	241.793	261.13	277.74	295.902	262.056	274.592	278.003	247.324	262.704	279.585	298.072	256.924	269.058	271.912
-1.172e+06	248.34	247.033	244.654	246.814	242.627	261.964	278.569	296.722	262.858	275.357	278.715	247.3	262.618	279.431	297.835	256.855	268.894	271.536
-1.171e+06	252.436	251.06	246.991	249.166	245.007	264.409	281.113	299.37	265.266	277.805	281.136	253.893	269.466	286.547	305.05	263.579	275.773	278.469
-1.17e+06	256.024	254.778	249.071	251.259	247.111	266.582	283.372	301.719	267.389	279.958	283.26	260.614	276.517	293.95	312.854	270.35	282.806	285.581
-1.169e+06	259.749	258.608	252.25	254.476	250.254	270.062	287.141	305.802	270.743	283.589	286.939	264.858	281.02	298.734	317.959	274.589	287.256	290.069
-1.168e+06	262.146	261.019	254.643	256.893	252.78	272.643	289.904	308.769	273.268	286.205	289.583	268.178	284.52	302.431	321.87	277.92	290.65	293.425
-1.167e+06	260.701	259.575	254.269	256.532	252.375	272.343	289.676	308.62	272.885	285.855	289.157	269.67	286.088	304.102	323.723	279.37	292.106	295.025
-1.166e+06	258.556	257.434	253.62	255.885	251.769	271.71	289.063	308.034	272.188	285.148	288.461	271.2	287.735	305.862	325.539	280.821	293.596	296.299
-1.165e+06	256.626	255.578	252.955	255.215	251.198	270.987	288.291	307.215	271.462	284.287	287.539	271.86	288.466	306.688	326.532	281.385	294.323	297.151
-1.164e+06	255.241	254.219	252.688	254.948	250.749	270.693	287.958	306.834	271.111	283.815	286.926	272.713	289.322	307.543	327.324	282.186	294.852	297.631
-1.163e+06	254.578	253.504	252.501	254.753	250.382	270.457	287.683	306.523	270.762	283.496	286.548	273.083	289.724	307.975	327.786	282.455	295.098	297.668
-1.162e+06	254.624	253.545	252.75	254.999	250.517	270.694	287.914	306.752	270.916	283.666	286.678	273.399	290.096	308.418	328.355	282.688	295.479	298.02
-1.161e+06	253.958	252.873	252.242	254.485	249.935	270.13	287.296	306.077	270.295	282.994	285.959	263.116	279.368	297.222	316.7	272.115	284.646	287.109
-1.16e+06	253.312	252.222	251.725	253.964	249.41	269.56	286.674	305.396	269.697	282.313	285.231	259.228	275.267	292.897	312.162	268.11	280.533	282.96
-1.159e+06	250.266	249.165	249.771	252.002	247.487	267.53	284.571	303.218	267.651	280.167	283.032	256.695	272.575	290.038	309.121	265.496	277.747	280.116
-1.158e+06	246.98	245.868	248.016	250.237	245.79	265.677	282.623	301.168	265.792	278.196	281.005	255.06	270.832	288.175	307.137	263.808	275.944	278.267
-1.157e+06	242.133	241.025	244.795	246.991	242.612	262.243	278.987	297.313	262.371	274.588	277.326	252.093	267.692	284.848	303.616	260.762	272.742	274.88
-1.156e+06	240.156	239.049	244.061	246.25	241.919	261.434	278.103	296.346	261.577	273.702	276.352	251.748	267.296	284.392	303.091	260.419	272.25	274.431
-1.155e+06	237.127	235.939	241.596	243.769	239.502	258.783	275.258	293.289	258.946	270.823	273.352	249.111	264.485	281.391	299.891	257.694	269.407	271.745
-1.154e+06	234.398	233.275	239.171	241.314	237.215	256.177	272.519	290.398	256.446	268.165	270.801	246.709	261.919	278.638	296.942	255.222	266.804	269.084
-1.153e+06	233.172	231.977	238.18	240.305	236.027	255.027	271.197	288.898	255.228	267.029	269.614	245.618	260.733	277.348	295.538	254.112	265.584	267.786
-1.152e+06	234.075	232.855	238.884	241.011	236.739	255.729	271.889	289.573	255.954	267.718	270.257	246.204	261.333	277.958	296.144	254.778	266.102	268.194
-1.151e+06	231.358	230.14	237.184	239.304	235.072	253.961	270.057	287.674	254.218	265.892	268.375	245.354	260.378	276.897	294.985	253.891	265.188	267.351
-1.15e+06	222.773	221.595	231.032	233.112	228.94	247.475	263.255	280.533	247.782	259.196	261.499	240.44	255.208	271.449	289.241	248.765	259.956	262.045
-1.149e+06	221.273	220.066	230.764	232.835	228.753	247.138	262.854	280.053	247.578	258.831	261.173	240.863	255.608	271.82	289.58	249.229	260.366	262.405
-1.148e+06	219.954	218.832	230.063	232.118	227.961	246.315	261.91	278.984	246.724	257.976	260.358	240.72	255.439	271.624	289.356	249.106	260.184	262.022
-1.147e+06	218.307	217.068	228.75	230.792	226.661	244.879	260.35	277.286	245.336	256.478	258.798	239.407	254.093	270.212	287.852	247.85	258.821	260.669
-1.146e+06	218.84	217.598	228.953	231.01	226.959	245.134	260.576	277.476	245.644	256.735	258.963	239.579	254.183	270.252	287.874	248.099	258.897	260.927
-1.145e+06	217.568	216.339	227.431	229.452	225.478	243.387	258.851	275.626	244.078	255.063	257.136	237.921	252.429	268.384	285.876	246.198	257.114	259.098
-1.144e+06	216.274	215.054	225.938	227.946	223.858	241.767	256.91	273.61	242.439	253.182	255.422	235.984	250.397	266.251	283.634	244.231	255.063	256.982
-1.143e+06	215.647	214.498	225.662	227.669	223.464	241.467	256.567	273.133	241.997	252.862	255.086	235.658	250.037	265.853	283.195	243.939	254.704	256.567
-1.142e+06	215.681	214.526	226.085	228.095	223.911	241.897	257.005	273.569	242.422	253.319	255.491	236.293	250.687	266.518	283.875	244.62	255.358	257.174
-1.141e+06	214.936	213.685	225.118	227.115	222.947	240.811	255.805	272.24	241.395	252.173	254.278	235.063	249.364	265.118	282.388	243.492	254.06	255.755
-1.14e+06	215.142	213.884	224.53	226.523	222.46	240.189	255.147	271.523	240.889	251.578	253.593	234.446	248.636	264.243	281.355	242.693	253.237	254.958
-1.139e+06	211.228	210.042	221.395	223.36	219.207	236.827	251.583	267.755	237.629	248.07	250.051	231.784	245.826	261.27	278.204	239.977	250.394	252.058
-1.138e+06	206.841	205.585	218.372	220.315	216.166	233.615	248.191	264.156	234.324	244.741	246.69	229.035	242.924	258.215	275.005	237.291	247.512	249.08
-1.137e+06	204.017	202.736	216.104	218.027	213.898	231.165	245.57	261.358	232.053	242.273	244.118	227.078	240.833	255.961	272.547	235.269	245.401	246.934
-1.136e+06	202.55	201.238	214.824	216.733	212.589	229.764	244.057	259.723	230.756	240.868	242.649	225.963	239.618	254.609	271.041	234.111	244.148	245.655
-1.135e+06	202.119	200.775	212.893	214.781	210.626	227.619	241.689	257.091	228.536	238.532	240.304	223.47	236.918	251.709	267.939	231.615	241.443	242.88
-1.134e+06	203.49	202.159	211.846	213.711	209.558	226.425	240.376	255.66	227.551	237.425	239.08	221.922	235.262	249.925	265.978	230.042	239.808	241.215
-1.133e+06	205.029	203.663	211.434	213.292	209.111	225.948	239.827	255.013	226.996	236.807	238.496	221.095	234.321	248.862	264.803	229.274	238.842	240.196
-1.132e+06	205.726	204.357	210.53	212.379	208.202	224.962	238.76	253.856	226.037	235.806	237.455	219.83	232.987	247.45	263.303	227.863	237.496	238.836
-1.131e+06	201.802	200.443	206.955	208.786	204.704	221.247	234.939	249.955	222.53	232.178	233.775	216.861	229.908	244.276	260.02	224.996	234.526	235.813
-1.13e+06	197.231	195.906	203.896	205.702	201.562	217.99	231.47	246.228	219.334	228.765	230.274	214.276	227.155	241.314	256.839	222.333	231.702	232.928
-1.129e+06	193.644	192.28	201.713	203.503	199.367	215.664	229.004	243.609	217.069	226.407	227.879	212.473	225.223	239.242	254.612	220.571	229.816	230.985
-1.128e+06	190.042	188.665	199.528	201.303	197.173	213.343	226.55	241.008	214.871	224.086	225.501	210.64	223.26	237.134	252.349	218.799	227.935	229.025
-1.127e+06	190.395	189.041	198.439	200.194	196.08	212.086	225.129	239.407	213.762	222.885	224.271	209.299	221.828	235.605	250.666	217.452	226.492	227.583
-1.126e+06	191.81	190.399	197.141	198.879	194.775	210.646	223.548	237.66	212.415	221.417	222.672	207.727	220.094	233.679	248.572	215.948	224.878	225.836
-1.125e+06	192.799	191.372	195.858	197.585	193.503	209.262	222.066	236.069	211.107	220.013	221.162	206.286	218.554	232.027	246.789	214.524	223.221	224.216
-1.124e+06	193.463	192.015	194.574	196.289	192.224	207.869	220.568	234.456	209.794	218.484	219.739	204.823	216.988	230.35	244.989	212.984	221.691	222.654
-1.123e+06	196.699	195.331	194.821	196.531	192.498	208.066	220.716	234.549	210.061	218.642	219.937	204.316	216.43	229.735	244.312	212.478	221.199	222.12
-1.122e+06	195.199	193.848	189.905	191.58	187.605	202.876	215.269	228.829	204.897	213.248	214.443	198.12	209.927	222.904	237.13	206.091	214.595	215.506
-1.121e+06	195.397	194.103	189.051	190.726	186.737	202.017	214.405	227.956	204.145	212.515	213.565	196.701	208.444	221.35	235.489	204.756	213.065	213.875
-1.12e+06	203.665	202.348	196.859	198.589	194.555	210.232	222.998	236.952	212.514	221.282	222.378	204.041	216.088	229.317	243.824	212.458	221.049	221.845
-1.119e+06	207.309	206.034	199.972	201.73	197.72	213.531	226.472	240.63	215.882	224.651	225.712	206.614	218.777	232.134	246.787	215.131	223.776	224.545
-1.118e+06	213.305	212.074	205.126	206.921	202.959	218.958	232.154	246.594	221.305	230.298	231.437	211.354	223.734	237.333	252.251	219.984	228.702	229.446
-1.117e+06	218.719	217.471	211.287	213.134	209.078	225.52	239.1	253.952	227.908	237.113	238.193	218.029	230.735	244.692	260.002	226.874	235.861	236.622
-1.116e+06	220.611	219.362	214.756	216.633	212.595	229.214	243.011	258.099	231.582	240.893	241.942	222.247	235.166	249.356	264.921	231.211	240.332	241.071
-1.115e+06	224.014	222.821	218.044	219.943	215.942	232.658	246.603	261.853	234.896	244.31	245.408	225.048	238.118	252.477	268.225	234.021	243.2	243.896
-1.114e+06	229.254	228.08	222.346	224.275	220.282	237.186	251.347	266.829	239.407	249	250.072	228.681	241.913	256.45	272.391	237.689	246.932	247.622
-1.113e+06	233.011	231.822	226.689	228.656	224.616	241.807	256.234	272.006	243.958	253.652	254.689	232.8	246.233	260.992	277.174	241.916	251.297	251.955
-1.112e+06	236.931	235.786	231.773	233.783	229.778	247.197	261.913	277.999	249.304	259.184	260.223	237.725	251.421	266.472	282.968	246.888	256.437	257.082
-1.111e+06	239.929	238.817	236.143	238.189	234.185	251.837	266.808	283.173	253.807	263.846	264.876	241.79	255.707	271.004	287.77	250.964	260.646	261.273
-1.11e+06	241.178	240.097	238.829	240.9	236.905	254.702	269.844	286.398	256.526	266.665	267.676	244.097	258.157	273.62	290.567	253.236	262.999	263.601
-1.109e+06	243.628	242.543	242.33	244.432	240.44	258.426	273.778	290.56	260.135	270.393	271.377	247.651	261.889	277.55	294.712	256.774	266.627	267.203
-1.108e+06	243.539	242.464	243.401	245.516	241.528	259.587	275.025	291.906	261.157	271.443	272.4	248.836	263.151	278.9	296.156	257.886	267.767	268.312
-1.107e+06	241.6	240.358	242.302	244.408	240.396	258.395	273.744	290.53	259.979	270.075	270.972	248.272	262.507	278.174	295.338	257.112	266.903	267.453
-1.106e+06	240.439	239.106	241.675	243.77	239.924	257.697	272.984	289.704	259.441	269.434	270.209	248.265	262.484	278.137	295.28	256.767	266.648	267.235
-1.105e+06	233.156	231.817	236.574	238.643	234.829	252.364	267.428	283.895	254.048	263.878	264.607	244.304	258.34	273.798	290.728	252.587	262.364	262.913
-1.104e+06	224.384	223.057	231.01	233.036	229.187	246.481	261.25	277.405	248.07	257.703	258.368	239.88	253.705	268.935	285.62	248.051	257.638	258.127
-1.103e+06	218.59	217.261	227.186	229.178	225.174	242.379	256.875	272.731	243.779	253.211	253.891	236.325	249.934	264.927	281.355	244.444	253.805	254.225
-1.102e+06	213.35	212.021	223.139	225.093	221.057	238.054	252.289	267.868	239.447	248.678	249.322	232.62	246.011	260.765	276.943	240.656	249.836	250.186
-1.101e+06	209.427	208.081	220.307	222.237	218.213	235.02	249.066	264.444	236.408	245.561	246.152	230.33	243.565	258.137	274.106	238.211	247.3	247.652
-1.1e+06	204.774	203.403	216.799	218.705	214.706	231.309	245.148	260.284	232.666	241.688	242.275	227.289	240.327	254.681	270.419	235.092	244.009	244.318
-1.099e+06	203.479	202.094	214.786	216.663	212.611	229.06	242.663	257.539	230.44	239.284	239.825	224.968	237.842	252.019	267.567	232.827	241.579	241.811
-1.098e+06	202.753	201.357	212.491	214.337	210.242	226.539	239.937	254.602	228.041	236.692	237.161	222.407	235.112	249.101	264.429	230.17	238.808	239.037
-1.097e+06	207.167	205.764	213.626	215.476	211.459	227.704	241.108	255.727	229.115	237.826	238.319	222.687	235.322	249.226	264.472	230.549	239	239.172
-1.096e+06	211.091	209.691	214.067	215.905	211.791	228.026	241.332	255.898	229.552	238.226	238.679	222.271	234.825	248.637	263.78	229.974	238.469	238.632
-1.095e+06	216.231	214.864	216.659	218.516	214.31	230.765	244.206	258.908	232.274	241.023	241.279	224.401	237.039	250.941	266.182	232.067	240.689	240.836
-1.094e+06	221.065	219.686	219.451	221.331	217.222	233.712	247.303	262.166	235.331	244.187	244.397	226.846	239.602	253.63	269.007	234.588	243.148	243.268
-1.093e+06	223.41	222.07	221.141	223.044	218.954	235.541	249.259	264.258	236.944	245.987	246.277	228.567	241.401	255.523	270.997	236.551	245.137	245.169
-1.092e+06	225.097	223.694	222.737	224.653	220.457	237.233	251.041	266.139	238.527	247.455	247.836	230.446	243.373	257.601	273.189	238.368	247.1	247.117
-1.091e+06	226.613	225.307	223.767	225.684	221.397	238.282	252.109	267.226	239.722	248.571	248.744	231.261	244.233	258.507	274.148	238.978	247.746	247.799
-1.09e+06	228.622	227.323	224.684	226.608	222.508	239.239	253.104	268.262	240.82	249.753	249.873	231.664	244.654	258.944	274.606	239.499	248.087	248.054
-1.089e+06	233.555	232.172	228.424	230.377	226.295	243.162	257.196	272.533	244.569	253.721	253.853	234.481	247.584	261.997	277.795	242.574	251.207	251.076
-1.088e+06	233.779	232.426	227.892	229.841	225.626	242.608	256.622	271.941	243.738	252.843	253.076	233.102	246.159	260.522	276.268	241.069	249.753	249.618
-1.087e+06	235.379	234.1	228.157	230.106	225.809	242.885	256.916	272.258	244.118	253.017	253.162	232.32	245.352	259.688	275.405	239.986	248.723	248.629
-1.086e+06	239.05	237.666	230.299	232.264	228.156	245.121	259.236	274.673	246.535	255.499	255.533	233.187	246.235	260.587	276.323	240.841	249.435	249.351
-1.085e+06	243.675	242.412	235.109	237.12	232.93	250.256	264.675	280.44	251.4	260.657	260.744	237.315	250.56	265.128	281.108	245.264	253.959	253.707
-1.084e+06	245.852	244.607	237.906	239.943	235.736	253.247	267.852	283.822	254.299	263.621	263.692	239.936	253.33	268.063	284.218	247.817	256.63	256.391
-1.083e+06	246.773	245.551	240.25	242.312	238.101	255.766	270.537	286.69	256.697	266.129	266.18	242.446	255.951	270.806	287.095	250.337	259.196	258.911
-1.082e+06	246.974	245.774	242.226	244.309	240.114	257.887	272.794	289.098	258.721	268.217	268.24	244.957	258.575	273.555	289.98	252.825	261.738	261.422
-1.081e+06	248.574	247.387	244.773	246.874	242.688	260.561	275.587	292.02	261.301	270.842	270.832	247.631	261.371	276.485	293.056	255.481	264.451	264.097
-1.08e+06	249.727	248.566	246.489	248.607	244.422	262.382	277.505	294.046	263.012	272.593	272.554	249.439	263.259	278.462	295.13	257.252	266.245	265.85
-1.079e+06	254.352	253.189	251.011	253.157	248.972	267.101	282.409	299.147	267.628	277.29	277.217	256.598	270.661	286.126	303.075	264.404	273.548	273.125
-1.078e+06	258.955	257.82	255.263	257.438	253.205	271.563	287.068	304.021	271.921	281.701	281.61	268.485	283.062	299.081	316.628	276.364	285.813	285.341
-1.077e+06	260.816	259.687	257.238	259.432	255.211	273.681	289.321	306.426	273.913	283.736	283.612	272.552	287.312	303.528	321.286	280.296	289.86	289.336
-1.076e+06	262.943	261.824	259.674	261.888	257.523	276.259	292.032	309.281	276.303	286.232	286.066	276.46	291.39	307.798	325.767	284.139	293.732	293.175
-1.075e+06	267.344	266.101	262.704	264.924	260.337	279.338	295.161	312.458	279.125	289.161	288.994	279.491	294.544	311.071	329.143	287.005	296.682	296.042
-1.074e+06	273.444	272.066	266.683	268.924	264.169	283.473	299.446	316.914	283.052	293.22	293.091	282.368	297.572	314.28	332.564	289.717	299.586	298.988
-1.073e+06	277.542	276.171	269.571	271.838	266.965	286.557	302.721	320.406	285.957	296.261	296.143	285.072	300.312	317.051	335.406	292.361	301.989	301.341
-1.072e+06	280.369	279.214	271.522	273.805	268.873	288.623	304.901	322.715	287.872	298.249	298.124	287.02	302.4	319.275	337.724	294.186	303.886	303.072
-1.071e+06	279.158	278.047	270.088	272.367	267.431	287.156	303.408	321.203	286.297	296.645	296.5	286.234	301.624	318.528	337.034	293.257	303.103	302.329
-1.07e+06	279.625	278.36	270.466	272.749	267.999	287.551	303.82	321.637	286.603	296.946	296.775	287.003	302.446	319.417	338.009	293.932	303.88	303.137
-1.069e+06	276.657	275.256	268.728	271.012	266.461	285.805	302.072	319.892	284.795	295.106	294.902	287.084	302.412	319.338	337.957	293.744	303.712	302.971
-1.068e+06	271.142	269.656	265.42	267.684	263.327	282.309	298.382	316.039	281.402	291.402	291.166	285.967	301.261	318.061	336.482	292.443	302.099	301.346
-1.067e+06	263.005	261.464	260.389	262.627	258.314	277.053	292.888	310.215	276.113	285.733	285.457	283.102	298.321	315.044	333.377	289.431	298.774	297.959
-1.066e+06	254.818	253.28	255.634	257.845	253.568	272.071	287.695	304.797	271.117	280.547	280.163	277.424	292.5	309.075	327.256	283.611	292.834	291.832
-1.065e+06	245.085	243.589	250.333	252.508	248.253	266.508	281.899	298.757	265.577	274.88	274.489	265.572	280.152	296.197	313.813	271.582	280.489	279.453
-1.064e+06	234.375	232.939	245.193	247.321	242.938	261.016	276.075	292.584	260.113	269.376	268.956	260	274.328	290.105	307.428	265.958	274.687	273.625
-1.063e+06	224.848	223.408	239.715	241.794	237.241	255.156	269.838	285.891	254.342	263.328	262.847	254.303	268.302	283.723	300.659	260.207	268.764	267.712
-1.062e+06	216.492	215.046	234.576	236.611	232.096	249.683	264.051	279.768	248.981	257.709	257.173	249.514	263.223	278.325	294.909	255.38	263.758	262.694
-1.061e+06	210.299	208.852	230.425	232.419	227.946	245.208	259.266	274.645	244.626	253.125	252.547	245.044	258.475	273.27	289.515	250.881	259.072	257.995
-1.06e+06	206.135	204.663	227.42	229.38	224.92	241.944	255.75	270.858	241.463	249.795	249.192	241.748	254.947	269.472	285.409	247.584	255.627	254.521
-1.059e+06	200.753	199.276	221.632	223.544	219.134	235.755	249.17	263.849	235.397	243.473	242.844	235.027	247.877	262.022	277.546	240.831	248.669	247.587
-1.058e+06	188.335	186.876	209.193	211.01	206.696	222.615	235.38	249.357	222.459	230.106	229.458	221.728	233.923	247.36	262.116	227.377	234.806	233.734
-1.057e+06	184.339	182.885	202.805	204.563	200.288	215.77	228.106	241.614	215.811	223.174	222.512	214.362	226.15	239.148	253.424	220.014	227.169	226.096
-1.056e+06	184.374	182.912	199.516	201.239	196.994	212.21	224.29	237.519	212.479	219.648	218.94	210.249	221.773	234.484	248.452	215.974	222.934	221.834
-1.055e+06	184.342	182.89	196.947	198.642	194.422	209.449	221.353	234.392	209.903	216.968	216.235	207.19	218.522	231.025	244.759	213.05	219.863	218.705
-1.054e+06	184.107	182.652	194.73	196.406	192.211	207.067	218.778	231.59	207.611	214.538	213.799	204.643	215.801	228.074	241.552	210.498	217.215	216.086
-1.053e+06	184.189	182.732	193.003	194.655	190.466	205.172	216.745	229.416	206	212.825	211.993	202.763	213.753	225.858	239.168	208.784	215.316	214.14
-1.052e+06	184.21	182.756	191.43	193.069	188.898	203.472	214.915	227.435	204.364	211.062	210.258	201.146	212.016	223.983	237.133	207.154	213.672	212.499
-1.051e+06	185.421	183.983	190.944	192.574	188.553	202.933	214.442	226.904	204.075	210.747	209.911	200.614	211.428	223.369	236.547	206.862	213.33	212.12
-1.05e+06	186.494	185.067	190.491	192.114	188.086	202.399	213.848	226.247	203.707	210.318	209.442	200.051	210.813	222.65	235.67	206.413	212.819	211.57
-1.049e+06	192.03	190.599	194.847	196.498	192.446	206.945	218.576	231.173	208.401	215.107	214.173	204.575	215.514	227.542	240.742	211.144	217.62	216.305
-1.048e+06	191.318	189.918	193.782	195.43	191.535	205.838	217.518	230.057	207.331	214.05	213.14	203.689	214.58	226.555	239.691	210.332	216.76	215.408
-1.047e+06	197.278	195.895	199.337	201.028	197.114	211.677	223.614	236.422	213.256	219.974	219.057	209.962	221.097	233.333	246.747	216.844	223.387	221.959
-1.046e+06	197.808	196.407	200.28	201.979	198.058	212.662	224.62	237.466	214.302	220.972	219.883	211.381	222.551	234.824	248.271	218.342	224.882	223.406
-1.045e+06	201.648	200.205	202.995	204.705	200.756	215.441	227.439	240.342	217.148	223.816	222.659	214.18	225.418	237.76	251.278	221.236	227.785	226.256
-1.044e+06	203.615	202.147	203.371	205.081	201.056	215.811	227.762	240.647	217.527	224.169	222.977	214.517	225.754	238.096	251.616	221.582	228.097	226.529
-1.043e+06	201.08	199.632	200.176	201.862	197.757	212.45	224.189	236.903	214.17	220.756	219.546	211.264	222.359	234.548	247.9	218.259	224.669	223.085
-1.042e+06	199.905	198.534	198.413	200.085	195.957	210.577	222.188	234.785	212.342	218.858	217.623	209.379	220.379	232.466	245.707	216.359	222.686	221.076
-1.041e+06	192.096	190.751	191.232	192.861	188.797	203.076	214.382	226.661	204.873	211.196	209.958	202.356	213.073	224.854	237.769	209.211	215.35	213.744
-1.04e+06	190.288	188.927	190.432	192.054	188.023	202.198	213.434	225.628	204.196	210.393	209.111	201.601	212.249	223.953	236.781	208.586	214.614	212.962
-1.039e+06	197.711	196.339	197.356	199.018	194.887	209.403	220.864	233.325	211.555	217.918	216.585	208.663	219.553	231.516	244.619	215.899	222.067	220.223
-1.038e+06	198.083	196.688	197.507	199.17	195.042	209.55	221	233.455	211.754	218.092	216.726	208.734	219.603	231.545	244.626	215.991	222.124	220.183
-1.037e+06	200.629	199.202	198.482	200.144	196.029	210.51	221.94	234.376	212.748	219.052	217.654	209.155	220.016	231.951	245.025	216.419	222.535	220.553
-1.036e+06	203.752	202.397	199.477	201.142	197.024	211.511	222.941	235.381	213.752	220.056	218.623	209.715	220.565	232.487	245.547	216.923	223.094	221.093
-1.035e+06	210.193	208.844	202.874	204.556	200.401	215.036	226.572	239.139	217.21	223.65	222.238	211.709	222.618	234.605	247.739	218.992	225.128	223.194
-1.034e+06	216.745	215.434	206.405	208.109	203.981	218.705	230.392	243.099	220.936	227.335	225.811	213.65	224.625	236.686	249.904	220.915	227.134	225.13
-1.033e+06	223.559	222.259	212.119	213.868	209.7	224.745	236.729	249.78	226.859	233.528	232.005	218.517	229.685	241.957	255.407	225.827	232.086	230.024
-1.032e+06	227.136	225.847	215.602	217.381	213.167	228.433	240.607	253.869	230.442	237.165	235.569	221.295	232.576	244.978	258.571	228.6	234.905	232.846
-1.031e+06	229.806	228.535	220.57	222.39	218.183	233.687	246.129	259.685	235.632	242.477	240.819	226.42	237.913	250.549	264.399	233.731	240.167	238.048
-1.03e+06	230.974	229.739	224.993	226.851	222.659	238.367	251.051	264.874	240.214	247.176	245.472	230.941	242.666	255.559	269.692	238.307	244.838	242.643
-1.029e+06	230.977	229.768	228.873	230.771	226.607	242.524	255.469	269.583	244.344	251.404	249.618	235.872	247.832	260.986	275.405	243.331	249.96	247.682
-1.028e+06	230.068	228.886	232.147	234.08	229.97	246.02	259.17	273.512	247.795	254.938	253.084	240.818	252.997	266.394	281.079	248.267	254.999	252.658
-1.027e+06	234.601	233.44	236.992	238.948	234.821	251.003	264.278	278.753	252.649	259.837	257.931	245.321	257.677	271.268	286.163	252.741	259.532	257.13
-1.026e+06	239.482	238.298	240.492	242.471	238.312	254.643	268.047	282.665	256.127	263.351	261.399	247.619	260.069	273.76	288.772	254.945	261.767	259.316
-1.025e+06	245.43	244.237	244.631	246.637	242.46	258.967	272.541	287.349	260.294	267.609	265.595	250.383	262.946	276.772	291.926	257.63	264.492	261.985
-1.024e+06	250.463	249.267	248.028	250.06	245.831	262.526	276.25	291.225	263.645	271.004	268.95	252.108	264.753	278.669	293.926	259.241	266.123	263.577
-1.023e+06	249.873	248.661	247.625	249.669	245.434	262.2	275.997	291.067	263.21	270.576	268.437	251.663	264.313	278.241	293.514	258.676	265.528	262.947
-1.022e+06	246.981	245.777	246.064	248.106	243.852	260.6	274.362	289.391	261.421	268.803	266.696	250.195	262.828	276.74	292	257.053	263.947	261.315
-1.021e+06	241.086	239.985	242.661	244.684	240.306	257.092	270.756	285.699	257.689	264.966	262.843	247.558	260.075	273.857	288.967	254.124	261.046	258.5
-1.02e+06	237.733	236.639	241.762	243.776	239.253	256.155	269.785	284.703	256.726	263.818	261.653	247.809	260.341	274.139	289.263	254.21	261.179	258.614
-1.019e+06	236.068	234.963	241.266	243.267	238.703	255.556	269.084	283.893	256.067	263.092	260.84	247.586	260.084	273.848	288.936	253.902	260.821	258.219
-1.018e+06	234.961	233.91	240.742	242.737	238.154	254.974	268.447	283.194	255.361	262.269	260.13	247.216	259.672	273.391	288.427	253.467	260.307	257.671
-1.017e+06	232.284	231.092	238.465	240.442	235.895	252.546	265.872	280.459	252.772	259.685	257.563	245.087	257.423	271.011	285.904	251.266	257.988	255.334
-1.016e+06	228.358	227.126	235.083	237.036	232.527	248.961	262.098	276.474	249.102	256.001	253.855	241.592	253.762	267.17	281.875	247.774	254.337	251.587
-1.015e+06	223.147	221.901	231.443	233.378	228.907	245.164	258.156	272.374	245.426	252.153	249.954	239.208	251.267	264.559	279.139	245.171	251.654	249.021
-1.014e+06	216.535	215.31	227.622	229.534	225.084	241.153	253.959	267.969	241.343	248.023	245.842	236.578	248.499	261.643	276.066	242.43	248.816	246.183
-1.013e+06	210.997	209.726	223.984	225.859	221.411	237.253	249.81	263.561	237.507	244.022	241.832	233.724	245.484	258.456	272.692	239.551	245.815	243.159
-1.012e+06	207.56	206.261	221.737	223.59	219.146	234.842	247.242	260.822	235.142	241.559	239.356	232.139	243.779	256.619	270.712	237.917	244.086	241.426
-1.011e+06	206.238	204.919	219.884	221.712	217.282	232.799	245.016	258.401	233.215	239.486	237.259	230.208	241.728	254.443	268.398	236.029	242.108	239.418
-1.01e+06	203.446	202.124	215.849	217.648	213.282	228.539	240.551	253.708	229.034	235.222	233.001	226.064	237.376	249.845	263.522	231.739	237.694	235.046
-1.009e+06	203.053	201.712	214.032	215.813	211.428	226.565	238.398	251.355	227.032	233.112	230.899	223.988	235.147	247.451	260.962	229.658	235.492	232.824
-1.008e+06	201.669	200.31	211.458	213.209	208.82	223.789	235.442	248.212	224.416	230.351	228.105	221.175	232.186	244.33	257.67	226.911	232.645	229.957
-1.007e+06	201.82	200.447	210.474	212.219	207.877	222.751	234.37	247.094	223.423	229.353	227.118	220.267	231.211	243.275	256.524	225.904	231.597	228.919
-1.006e+06	199.972	198.605	208.329	210.049	205.68	220.437	231.872	244.399	221.226	226.973	224.688	217.932	228.742	240.663	253.76	223.715	229.303	226.551
-1.005e+06	203.895	202.511	210.132	211.857	207.487	222.26	233.708	246.244	222.952	228.781	226.501	219.424	230.249	242.184	255.287	225.108	230.687	227.964
-1.004e+06	208.106	206.718	211.915	213.647	209.274	224.079	235.556	248.121	224.838	230.662	228.335	220.849	231.674	243.607	256.705	226.57	232.128	229.369
-1.003e+06	214.787	213.404	216.079	217.838	213.485	228.415	240.051	252.788	229.114	235.051	232.676	224.239	235.176	247.229	260.458	229.919	235.518	232.72
-1.002e+06	220.138	218.786	218.926	220.701	216.297	231.385	243.133	255.993	232.117	237.996	235.528	226.284	237.282	249.396	262.697	232.07	237.702	234.836
-1.001e+06	226.763	225.459	223.045	224.85	220.498	235.687	247.609	260.649	236.342	242.387	239.882	229.411	240.521	252.758	266.193	235.189	240.808	237.867
-1e+06	232.964	231.647	226.771	228.6	224.187	239.595	251.687	264.919	240.286	246.293	243.675	232.078	243.29	255.643	269.206	237.822	243.515	240.533
-999000	236.64	235.363	229.912	231.776	227.393	242.946	255.235	268.685	243.54	249.691	247.023	235.025	246.372	258.875	272.605	240.881	246.591	243.516
-998000	238.445	237.185	232.095	233.981	229.625	245.264	257.678	271.266	245.868	252.034	249.288	237.055	248.517	261.152	275.023	242.901	248.651	245.509
-997000	237.203	235.971	233.178	235.088	230.736	246.505	259.073	272.831	247.036	253.258	250.444	239.182	250.772	263.55	277.578	245.009	250.799	247.588
-996000	234.063	232.863	233.371	235.293	230.953	246.772	259.411	273.249	247.228	253.459	250.595	240.616	252.313	265.211	279.373	246.411	252.235	248.961
-995000	229.378	228.062	230.791	232.694	228.424	244.029	256.514	270.186	244.492	250.689	247.796	238.818	250.428	263.232	277.296	244.531	250.253	246.959
-994000	224.244	222.91	227.495	229.375	225.129	240.558	252.876	266.371	240.975	247.111	244.228	236.02	247.501	260.165	274.079	241.708	247.285	243.916
-993000	219.548	218.209	224.467	226.322	222.08	237.358	249.514	262.836	237.809	243.82	240.93	233.532	244.899	257.438	271.219	239.138	244.593	241.253
-992000	216.238	214.896	222.666	224.506	220.3	235.432	247.472	260.673	235.991	241.897	238.988	232.266	243.563	256.026	269.725	237.767	243.229	239.905
-991000	212.047	210.733	219.777	221.596	217.335	232.377	244.259	257.282	232.895	238.671	235.769	229.751	240.926	253.255	266.81	235.303	240.652	237.292
-990000	207.967	206.613	216.946	218.747	214.578	229.396	241.14	254.028	230.04	235.725	232.828	227.595	238.647	250.834	264.23	233.032	238.333	235.006
-989000	202.312	200.981	212.614	214.378	210.15	224.798	236.283	248.877	225.463	230.961	228.067	223.466	234.306	246.269	259.426	228.981	234.101	230.755
-988000	205.853	204.511	215.889	217.669	213.415	228.17	239.739	252.425	228.975	234.467	231.484	226.879	237.822	249.905	263.187	232.439	237.639	234.264
-987000	206.71	205.343	215.742	217.513	213.241	227.95	239.448	252.051	228.636	234.12	231.171	226.387	237.253	249.238	262.409	231.975	237.132	233.649
-986000	207.869	206.5	215.463	217.241	213.053	227.666	239.15	251.703	228.445	233.878	230.905	225.959	236.76	248.672	261.76	231.504	236.468	233.046
-985000	212.669	211.303	217.036	218.795	214.558	229.148	240.55	253.05	230.032	235.423	232.417	226.437	237.214	249.1	262.158	231.84	236.881	233.473
-984000	217.448	216.08	218.059	219.818	215.451	230.158	241.539	254.008	231.013	236.368	233.326	226.173	236.885	248.697	261.674	231.498	236.56	233.132
-983000	225.66	224.285	222.539	224.324	219.942	234.829	246.388	259.048	235.698	241.121	238.001	229.226	240.027	251.938	265.021	234.489	239.556	236.094
-982000	233.354	232.019	226.887	228.706	224.373	239.358	251.09	263.937	240.041	245.626	242.482	232.115	243.005	255.013	268.208	237.548	242.648	239.062
-981000	239.691	238.389	231.763	233.619	229.202	244.514	256.508	269.645	245.198	250.782	247.487	236.381	247.454	259.662	273.079	241.795	246.919	243.26
-980000	244.679	243.381	236.164	238.055	233.66	249.13	261.315	274.668	249.696	255.379	252.019	251.178	262.803	275.611	289.675	256.811	262.122	258.192
-979000	244.316	243.074	238.717	240.647	236.245	251.943	264.375	278.004	252.437	258.186	254.713	256.817	268.701	281.799	296.177	262.488	267.781	263.742
-978000	240.628	239.429	239.638	241.588	237.221	252.99	265.543	279.307	253.383	259.159	255.616	260.233	272.279	285.555	300.135	265.812	271.197	267.06
-977000	232.443	231.255	235.607	237.54	233.217	248.827	261.261	274.898	249.127	254.826	251.283	249.86	261.611	274.575	288.823	255.229	260.407	256.332
-976000	230.937	229.804	237.14	239.086	234.774	250.438	262.944	276.662	250.7	256.397	252.79	249.037	260.761	273.704	287.929	254.366	259.513	255.405
-975000	227.99	226.787	236.324	238.262	234.038	249.544	261.972	275.606	249.849	255.525	251.86	248.067	259.743	272.638	286.811	253.328	258.447	254.314
-974000	224.445	223.234	234.89	236.819	232.619	248.024	260.368	273.913	248.226	253.904	250.255	246.43	258.047	270.877	284.984	251.637	256.728	252.568
-973000	216.868	215.649	228.998	230.884	226.702	241.812	253.855	267.07	242.047	247.548	243.943	240.589	251.947	264.493	278.295	245.728	250.671	246.548
-972000	208.412	207.161	222.112	223.938	219.745	234.55	246.252	259.083	234.833	240.122	236.578	233.754	244.807	257.018	270.46	238.834	243.595	239.532
-971000	198.043	196.775	213.499	215.264	211.093	225.489	236.772	249.157	225.878	230.944	227.486	225.143	235.822	247.624	260.622	230.111	234.699	230.737
-970000	192.508	191.222	209.011	210.739	206.585	220.735	231.766	243.873	221.269	226.186	222.759	220.7	231.152	242.698	255.415	225.601	230.103	226.207
-969000	194.088	192.766	209.935	211.664	207.462	221.636	232.625	244.681	222.277	227.13	223.664	221.631	232.038	243.531	256.194	226.608	231.071	227.118
-968000	191.553	190.226	207.402	209.103	204.889	218.919	229.736	241.622	219.708	224.46	220.994	218.88	229.147	240.478	252.95	223.849	228.23	224.339
-967000	193.125	191.76	208.942	210.652	206.387	220.505	231.356	243.252	221.375	226.077	222.544	220.307	230.585	241.929	254.418	225.46	229.72	225.764
-966000	193.583	192.207	208.736	210.444	206.159	220.273	231.1	242.972	221.186	225.879	222.332	220.192	230.46	241.798	254.284	225.353	229.695	225.733
-965000	195.737	194.351	209.029	210.732	206.432	220.52	231.302	243.123	221.479	226.154	222.622	220.346	230.568	241.858	254.284	225.511	229.81	225.821
-964000	198.552	197.145	209.703	211.405	207.065	221.181	231.944	243.739	222.095	226.704	223.14	220.552	230.721	241.943	254.285	225.73	229.992	225.904
-963000	200.105	198.698	208.813	210.643	206.318	220.284	230.9	242.531	221.152	225.735	222.198	218.836	228.892	239.99	252.193	223.953	228.065	224.095
-962000	202.227	200.817	205.888	207.714	203.41	217.177	227.597	239.015	217.99	222.463	219.013	215.162	225.015	235.889	247.849	220.116	224.247	220.326
-961000	216.094	214.714	213.363	215.195	210.88	224.862	235.501	247.156	225.735	230.291	226.695	220.942	230.959	242.011	254.162	225.899	230.074	226.059
-960000	227.547	226.189	219.053	220.891	216.514	230.752	241.604	253.491	231.571	236.175	232.463	224.165	234.264	245.408	257.659	229.158	233.343	229.256
-959000	237.837	236.498	226.523	228.412	223.99	238.528	249.653	261.84	239.215	243.914	240.111	229.219	239.473	250.782	263.215	234.218	238.49	234.306
-958000	248.176	246.853	235.353	237.295	232.844	247.704	259.146	271.69	248.33	253.201	249.24	246.204	257.052	269.009	282.14	251.413	255.767	251.324
-957000	255.014	253.734	242.444	244.43	239.922	255.197	267.036	280.009	255.677	260.65	256.52	253.936	265.074	277.351	290.831	259.184	263.567	258.969
-956000	261.356	260.121	249.806	251.842	247.333	262.907	275.075	288.408	263.272	268.349	264.062	261.18	272.58	285.157	298.972	266.382	270.879	266.127
-955000	270.056	268.873	258.973	261.072	256.516	272.523	285.111	298.9	272.672	277.899	273.432	270.277	282.048	295.027	309.268	275.365	280.014	275.079
-954000	275.862	274.703	265.027	267.17	262.594	278.88	291.762	305.872	278.808	284.125	279.52	275.66	287.672	300.924	315.464	280.67	285.388	280.301
-953000	275.533	274.375	265.971	268.138	263.537	279.974	293.005	307.28	279.711	285.05	280.353	277.757	289.865	303.228	317.892	282.637	287.345	282.16
-952000	273.963	272.81	266.25	268.426	263.79	280.328	293.433	307.792	279.865	285.22	280.46	279.394	291.611	305.094	319.884	284.092	288.837	283.565
-951000	270.43	269.251	264.36	266.523	261.903	278.378	291.437	305.772	277.769	283.066	278.283	278.373	290.595	304.083	318.887	282.906	287.615	282.298
-950000	267.607	266.425	263.083	265.237	260.638	277.055	290.076	304.372	276.332	281.577	276.761	278.117	290.302	303.751	318.508	282.553	287.194	281.796
-949000	261.902	260.819	259.884	262.027	257.517	273.768	286.718	300.939	273.044	278.16	273.313	277.021	289.227	302.682	317.426	281.118	285.932	280.545
-948000	255.629	254.643	256.851	258.982	254.345	270.616	283.436	297.476	269.762	274.9	270.041	265.228	277.065	290.129	304.457	269.129	273.789	268.541
-947000	250.944	249.948	254.91	257.005	252.229	268.561	281.301	295.26	267.508	272.677	267.878	262.078	273.787	286.714	300.898	265.93	270.494	265.255
-946000	246.66	245.655	253.095	255.159	250.303	266.636	279.296	293.179	265.457	270.62	265.863	260.199	271.815	284.655	298.745	263.992	268.493	263.274
-945000	242.577	241.586	251.183	253.217	248.316	264.588	277.135	290.901	263.335	268.46	263.736	258.56	270.093	282.844	296.854	262.213	266.739	261.555
-944000	238.83	237.902	249.538	251.552	246.627	262.83	275.277	288.937	261.529	266.61	261.902	257.366	268.835	281.518	295.463	260.914	265.446	260.274
-943000	234.168	233.04	247.067	249.064	244.184	260.23	272.554	286.079	258.948	263.935	259.221	255.747	267.131	279.729	293.587	259.218	263.72	258.572
-942000	229.508	228.404	244.736	246.718	241.916	257.776	269.981	283.381	256.543	261.424	256.698	254.468	265.784	278.309	292.087	257.873	262.349	257.182
-941000	224.731	223.583	241.992	243.953	239.214	254.867	266.914	280.143	253.694	258.46	253.74	252.62	263.835	276.245	289.901	256.014	260.392	255.214
-940000	220.537	219.404	239.494	241.437	236.802	252.239	264.161	277.253	251.168	255.807	251.063	251.161	262.288	274.599	288.145	254.55	258.84	253.647
-939000	216.85	215.693	237.166	239.078	234.406	249.717	261.456	274.353	248.641	253.222	248.533	249.475	260.513	272.725	286.155	252.891	257.073	251.853
-938000	213.826	212.647	235.208	237.11	232.534	247.666	259.31	272.098	246.719	251.186	246.46	247.899	258.846	270.958	284.285	251.273	255.406	250.203
-937000	211.89	210.724	233.634	235.515	230.909	245.932	257.413	270.026	244.972	249.388	244.712	246.332	257.187	269.199	282.418	249.67	253.76	248.558
-936000	210.687	209.483	232.23	234.089	229.516	244.401	255.781	268.295	243.584	247.872	243.168	244.891	255.671	267.603	280.731	248.31	252.288	247.042
-935000	209.053	207.856	230.888	232.732	228.147	242.955	254.229	266.609	242.089	246.375	241.702	243.322	254.009	265.835	278.852	246.657	250.611	245.402
-934000	207.535	206.297	229.5	231.335	226.832	241.487	252.692	265.005	240.81	244.989	240.256	241.882	252.501	264.252	277.188	245.209	249.121	243.902
-933000	205.325	204.065	227.157	228.963	224.403	238.951	249.962	262.056	238.213	242.341	237.69	238.948	249.419	261.01	273.773	242.319	246.115	240.91
-932000	201.248	199.976	222.681	224.455	219.931	234.248	245.048	256.911	233.631	237.631	233.02	234.177	244.435	255.79	268.301	237.5	241.212	236.076
-931000	199.382	198.093	219.965	221.718	217.224	231.38	242.038	253.748	230.91	234.83	230.226	231.315	241.431	252.627	264.963	234.689	238.312	233.196
-930000	195.223	193.921	214.672	216.39	211.941	225.842	236.273	247.738	225.482	229.311	224.775	225.834	235.722	246.67	258.736	229.234	232.734	227.685
-929000	194.269	192.947	213.046	214.745	210.265	224.094	234.408	245.738	223.821	227.57	223.042	224.121	233.906	244.74	256.692	227.597	231.053	226.026
-928000	193.448	192.108	211.38	213.065	208.592	222.331	232.555	243.792	222.211	225.915	221.374	222.701	232.393	243.118	254.93	226.132	229.542	224.519
-927000	190.72	189.357	207.776	209.437	204.986	218.555	228.614	239.669	218.484	222.109	217.617	219.21	228.743	239.328	251.027	222.738	226.032	221.075
-926000	187.26	185.894	202.945	204.573	200.161	213.496	223.343	234.165	213.554	217.084	212.653	214.485	223.87	234.244	245.633	218.025	221.286	216.342
-925000	180.298	178.942	194.491	196.064	191.731	204.666	214.163	224.601	204.89	208.269	203.957	205.681	214.729	224.733	235.73	209.243	212.374	207.552
-924000	183.604	182.219	195.313	196.881	192.521	205.455	214.919	225.315	205.813	209.141	204.793	206.257	215.253	225.195	236.127	209.918	212.996	208.151
-923000	180.73	179.35	190.356	191.893	187.613	200.284	209.54	219.716	200.878	204.129	199.849	200.943	209.749	219.515	230.241	204.718	207.71	202.951
-922000	184.037	182.644	191.459	192.993	188.662	201.342	210.569	220.706	202.159	205.309	200.945	201.61	210.357	220.033	230.68	205.611	208.526	203.676
-921000	180.554	179.175	185.584	187.075	182.814	195.175	204.133	213.978	196.119	199.044	194.81	195.1	203.597	212.999	223.327	199.122	201.808	197.114
-920000	181.504	180.123	182.588	184.053	179.826	191.992	200.778	210.433	193.11	196.115	191.917	191.399	199.718	208.925	219.038	195.533	198.331	193.671
-919000	187.475	186.104	183.826	185.292	181.096	193.217	201.987	211.62	194.464	197.471	193.073	191.588	199.885	209.063	219.15	195.854	198.574	193.901
-918000	194.351	192.975	185.784	187.254	183.042	195.223	204.033	213.71	196.534	199.571	195.139	191.878	200.149	209.295	219.351	196.256	198.963	194.272
-917000	200.269	198.906	189.681	191.181	186.965	199.295	208.272	218.132	200.769	203.771	199.218	194.7	203.061	212.307	222.472	199.235	201.93	197.147
-916000	204.956	203.613	193.554	195.084	190.856	203.336	212.465	222.495	204.817	207.844	203.201	197.515	205.961	215.304	225.574	202.133	204.83	199.97
-915000	207.22	205.891	196.922	198.484	194.238	206.894	216.199	226.424	208.453	211.519	206.774	201.026	209.588	219.062	229.48	205.763	208.476	203.505
-914000	208.058	206.752	199.972	201.558	197.309	210.098	219.544	229.927	211.675	214.78	209.946	204.188	212.87	222.479	233.049	208.995	211.734	206.665
-913000	207.405	206.126	202.971	204.585	200.322	213.274	222.886	233.451	214.834	217.963	213.021	208.198	217.036	226.816	237.578	213.042	215.803	210.61
-912000	205.443	204.183	205.266	206.902	202.653	215.695	225.424	236.121	217.278	220.425	215.394	211.615	220.586	230.516	241.445	216.51	219.295	213.99
-911000	205.736	204.52	207.392	209.04	204.819	217.883	227.668	238.426	219.459	222.566	217.47	213.889	222.935	232.952	243.976	218.778	221.555	216.162
-910000	209.628	208.367	211.664	213.333	209.052	222.31	232.236	243.145	223.884	227.057	221.887	218.192	227.362	237.516	248.694	223.16	225.928	220.437
-909000	216.085	214.868	217.858	219.572	215.256	228.748	238.899	250.053	230.352	233.525	228.145	224.903	234.286	244.674	256.111	229.912	232.764	227.104
-908000	218.238	216.975	220.154	221.875	217.568	231.118	241.337	252.57	232.736	235.92	230.517	227.509	236.975	247.46	259.002	232.571	235.364	229.592
-907000	217.955	216.598	221.022	222.757	218.501	232.03	242.292	253.574	233.684	236.761	231.238	229.154	238.679	249.227	260.843	234.132	237.012	231.192
-906000	215.796	214.544	220.761	222.497	218.135	231.762	242.015	253.287	233.318	236.395	230.841	229.494	239.031	249.593	261.228	234.386	237.314	231.498
-905000	213.247	212.064	219.475	221.2	216.755	230.401	240.581	251.774	231.86	234.925	229.38	228.491	237.979	248.489	260.073	233.3	236.186	230.391
-904000	210.748	209.545	218.098	219.812	215.366	228.942	239.046	250.152	230.362	233.376	227.843	227.371	236.798	247.246	258.759	232.089	234.925	229.142
-903000	208.994	207.73	216.684	218.387	213.964	227.45	237.48	248.504	228.834	231.797	226.274	226.181	235.557	245.949	257.401	230.852	233.669	227.869
-902000	205.327	204.058	213.82	215.502	211.113	224.445	234.343	245.221	225.806	228.67	223.143	223.36	232.622	242.888	254.203	227.96	230.701	224.925
-901000	197.861	196.593	207.164	208.804	204.466	217.504	227.136	237.729	218.852	221.657	216.303	216.798	225.826	235.838	246.875	221.284	223.896	218.217
-900000	191.192	189.912	201.5	203.099	198.794	211.567	220.941	231.252	212.968	215.667	210.416	210.95	219.741	229.489	240.244	215.4	217.903	212.318
-899000	189.011	187.716	198.734	200.31	196.006	208.636	217.848	227.981	210.132	212.779	207.558	208.045	216.686	226.271	236.842	212.527	214.983	209.467
-898000	187.736	186.427	196.561	198.119	193.818	206.332	215.416	225.411	207.895	210.485	205.344	205.803	214.326	223.787	234.215	210.332	212.709	207.219
-897000	191.8	190.453	198.883	200.45	196.133	208.68	217.78	227.791	210.392	212.929	207.737	208.063	216.611	226.104	236.564	212.711	215.049	209.494
-896000	189.307	187.963	194.889	196.427	192.13	204.508	213.443	223.274	206.204	208.727	203.611	204.133	212.535	221.863	232.141	208.728	211.029	205.537
-895000	194.108	192.753	197.358	198.905	194.585	207.01	215.971	225.827	208.804	211.308	206.092	206.396	214.824	224.182	234.49	211.123	213.382	207.821
-894000	195.214	193.859	196.129	197.665	193.362	205.686	214.534	224.279	207.541	209.996	204.728	204.942	213.291	222.558	232.767	209.667	211.894	206.351
-893000	195.804	194.457	194.734	196.258	192.104	204.221	213.027	222.713	206.257	208.637	203.441	203.41	211.687	220.874	230.996	208.164	210.343	204.806
-892000	195.676	194.334	192.978	194.484	190.253	202.37	211.087	220.674	204.449	206.699	201.642	201.244	209.424	218.506	228.513	206.035	208.158	202.643
-891000	195.971	194.639	192.576	194.081	189.789	201.952	210.654	220.225	204.058	206.314	201.236	200.768	208.92	217.971	227.946	205.612	207.698	202.16
-890000	198.427	197.093	194.711	196.228	191.915	204.151	212.909	222.543	206.312	208.598	203.444	202.915	211.121	220.23	230.268	207.865	209.934	204.317
-889000	198.367	197.036	194.853	196.373	192.066	204.295	213.053	222.687	206.48	208.781	203.586	203.183	211.381	220.481	230.511	208.181	210.219	204.566
-888000	197.112	195.784	194.068	195.584	191.291	203.472	212.194	221.788	205.593	207.981	202.767	202.452	210.609	219.664	229.646	207.469	209.479	203.813
-887000	200.664	199.332	196.977	198.509	194.197	206.462	215.256	224.929	208.608	211.043	205.745	205.411	213.64	222.774	232.842	210.509	212.516	206.758
-886000	202.114	200.782	197.707	199.241	194.932	207.191	215.981	225.65	209.39	211.796	206.46	206.169	214.395	223.524	233.588	211.238	213.278	207.483
-885000	205.013	203.683	199.373	200.914	196.602	208.889	217.707	227.407	211.122	213.514	208.123	207.886	216.144	225.308	235.411	212.928	215.01	209.155
-884000	207.263	205.884	200.316	201.86	197.536	209.843	218.67	228.379	211.994	214.433	209.025	208.942	217.216	226.398	236.52	213.897	216.017	210.144
-883000	205.484	204.061	198.838	200.377	196.01	208.334	217.129	226.806	210.355	212.816	207.432	207.965	216.207	225.354	235.439	212.806	214.934	209.076
-882000	203.279	201.831	197.64	199.173	194.808	207.088	215.836	225.461	209.105	211.545	206.163	207.141	215.347	224.454	234.497	211.95	214.057	208.196
-881000	202.468	201.011	197.136	198.663	194.299	206.538	215.239	224.806	208.632	211.02	205.622	207	215.172	224.24	234.235	211.848	213.907	208.026
-880000	202.03	200.594	196.722	198.246	193.892	206.083	214.747	224.281	208.323	210.612	205.176	206.892	215.029	224.06	234.019	211.853	213.817	207.898
-879000	199.473	198.017	193.963	195.468	191.123	203.203	211.754	221.158	205.395	207.661	202.278	204.381	212.428	221.354	231.196	209.245	211.19	205.317
-878000	199.332	197.896	193.169	194.666	190.337	202.347	210.841	220.188	204.768	206.925	201.518	203.805	211.808	220.688	230.479	208.916	210.808	204.916
-877000	196.008	194.556	188.715	190.182	185.894	197.709	206.032	215.192	200.088	202.234	196.92	199.393	207.275	216.015	225.644	204.508	206.349	200.524
-876000	198.239	196.78	189.146	190.612	186.319	198.01	206.285	215.402	200.613	202.725	197.387	199.973	207.848	216.579	226.193	205.02	206.683	200.824
-875000	198.259	196.811	188.344	189.836	185.643	197.276	205.543	214.639	200.015	202.085	196.724	199.357	207.199	215.896	225.472	204.397	205.954	200.088
-874000	200.998	199.55	190.687	192.145	187.84	199.707	208.031	217.185	202.539	204.585	199.146	201.588	209.462	218.193	227.807	206.725	208.253	202.318
-873000	206.358	204.909	194.558	196.029	191.672	203.683	212.1	221.352	206.589	208.619	203.085	204.956	212.898	221.703	231.4	210.102	211.681	205.659
-872000	209.471	208	195.801	197.302	192.997	204.909	213.338	222.62	207.956	210.013	204.445	205.672	213.626	222.442	232.151	210.902	212.408	206.35
-871000	212.166	210.725	196.385	197.892	193.59	205.484	213.9	223.162	208.383	210.392	204.802	205.14	213.051	221.832	231.509	210.348	211.911	205.843
-870000	218.628	217.21	200.649	202.183	197.888	209.85	218.368	227.746	212.794	214.852	209.15	208.137	216.097	224.94	234.693	213.448	214.977	208.817
-869000	225.298	223.871	206.407	207.972	203.596	215.845	224.575	234.177	218.767	220.793	214.926	212.477	220.562	229.543	239.448	217.847	219.371	213.091
-868000	230.937	229.523	211.633	213.232	208.822	221.26	230.165	239.962	224.099	226.148	220.142	216.442	224.618	233.698	243.715	221.811	223.34	216.957
-867000	231.087	229.646	215.765	217.387	212.95	225.483	234.467	244.356	228.337	230.436	224.316	220.616	228.853	237.998	248.082	225.883	227.42	220.976
-866000	229.687	228.279	219.607	221.251	216.778	229.497	238.645	248.704	232.209	234.244	228.013	224.654	232.997	242.256	252.463	229.867	231.425	224.849
-865000	234.614	233.242	227.811	229.518	225.032	238.073	247.559	257.994	240.621	242.748	236.254	232.664	241.305	250.915	261.514	237.86	239.45	232.611
-864000	237.015	235.686	232.974	234.723	230.243	243.485	253.2	263.891	245.875	248.028	241.352	246.206	255.254	265.304	276.389	251.426	253.075	245.889
-863000	243.729	242.423	239.651	241.438	236.95	250.376	260.283	271.19	252.656	254.825	247.983	256.214	265.599	276.012	287.488	261.273	263	255.534
-862000	255.053	253.773	249.162	251.009	246.444	260.23	270.445	281.687	262.315	264.528	257.443	264.954	274.633	285.381	297.235	269.889	271.655	263.917
-861000	260.064	258.803	254.163	256.06	251.439	265.529	276.021	287.57	267.422	269.669	262.364	270.389	280.25	291.2	303.309	275.177	276.919	268.972
-860000	262.731	261.486	257.848	259.776	255.13	269.407	280.072	291.825	271.103	273.364	265.901	274.551	284.599	295.759	308.071	279.273	281.017	272.9
-859000	264.648	263.398	259.505	261.428	256.756	271.07	281.754	293.527	272.559	274.794	267.282	275.347	285.434	296.636	308.999	279.917	281.672	273.483
-858000	268.718	267.367	262.492	264.434	259.696	274.178	284.964	296.828	275.4	277.609	270.005	276.809	286.913	298.132	310.537	281.033	282.811	274.541
-857000	266.95	265.592	261.68	263.632	258.963	273.432	284.299	296.273	274.519	276.782	269.104	276.859	287.043	298.324	310.753	280.917	282.515	274.198
-856000	263.808	262.583	260.473	262.429	257.854	272.211	283.065	295.032	273.035	275.312	267.617	266.184	276.09	287.076	299.198	269.949	271.513	263.389
-855000	258.69	257.361	257.876	259.823	255.03	269.527	280.266	292.12	269.945	272.163	264.478	262.711	272.498	283.361	295.347	266.169	267.809	259.747
-854000	252.296	250.876	254.498	256.426	251.501	266.069	276.752	288.538	266.267	268.334	260.681	259.967	269.647	280.407	292.272	263.313	264.944	256.922
-853000	250.082	248.666	253.381	255.289	250.286	264.841	275.425	287.101	264.942	266.922	259.291	258.309	267.898	278.568	290.325	261.497	263.081	255.092
-852000	247.644	246.247	251.353	253.242	248.227	262.699	273.187	284.746	262.636	264.561	256.952	255.717	265.194	275.743	287.369	258.753	260.352	252.415
-851000	247.035	245.708	250.409	252.287	247.312	261.675	272.09	283.565	261.393	263.354	255.866	254.061	263.458	273.925	285.456	257.044	258.595	250.681
-850000	250.15	248.729	252.506	254.394	249.43	263.803	274.241	285.746	263.417	265.43	257.877	255.364	264.767	275.23	286.751	258.309	259.823	251.86
-849000	249.679	248.233	251.711	253.597	248.662	262.978	273.388	284.867	262.563	264.533	256.952	262.35	271.853	282.467	294.165	265.313	266.817	258.676
-848000	248.808	247.375	250.883	252.763	247.856	262.103	272.475	283.911	261.666	263.592	255.995	265.562	275.153	285.851	297.649	268.315	269.834	261.602
-847000	246.792	245.379	249.746	251.625	246.741	260.941	271.293	282.708	260.48	262.37	254.743	266.793	276.431	287.191	299.076	269.479	270.942	262.63
-846000	241.898	240.509	246.52	248.383	243.54	257.602	267.853	279.155	257.134	258.977	251.383	265.903	275.506	286.215	298.033	268.483	269.912	261.576
-845000	235.349	233.984	242.043	243.881	239.092	252.969	263.075	274.222	252.517	254.306	246.775	263.641	273.194	283.843	295.601	266.104	267.498	259.174
-844000	232.034	230.689	240.66	242.49	237.729	251.515	261.554	272.627	251.098	252.846	245.318	264	273.566	284.228	296.004	266.367	267.755	259.38
-843000	232.071	230.792	242.75	244.599	239.836	253.697	263.819	274.983	253.282	255.014	247.376	258.854	268.309	278.846	290.495	261.09	262.465	254.152
-842000	226.778	225.589	240.927	242.769	238.051	251.813	261.876	272.977	251.406	253.097	245.458	255.226	264.593	275.031	286.581	257.425	258.753	250.479
-841000	222.298	220.939	238.647	240.475	235.856	249.411	259.358	270.328	249.114	250.733	243.122	252.239	261.511	271.843	283.282	254.399	255.685	247.459
-840000	216.501	215.108	235.077	236.869	232.199	245.642	255.403	266.174	245.297	246.87	239.372	248.205	257.333	267.506	278.773	250.345	251.579	243.438
-839000	215.171	213.767	232.345	234.101	229.459	242.686	252.237	262.779	242.426	243.936	236.542	244.115	253.056	263.019	274.057	246.249	247.425	239.408
-838000	217.645	216.221	231.342	233.079	228.429	241.559	250.988	261.394	241.352	242.824	235.478	241.697	250.501	260.308	271.172	243.835	244.963	237.028
-837000	219.045	217.631	229.512	231.228	226.541	239.591	248.887	259.147	239.313	240.786	233.527	238.386	247.018	256.738	267.41	240.625	241.712	233.855
-836000	221.959	220.505	228.99	230.691	225.984	238.986	248.202	258.374	238.761	240.184	232.94	236.601	245.131	254.626	265.161	238.692	239.758	231.98
-835000	220.923	219.468	227.059	228.758	224.078	237.003	246.169	256.288	236.825	238.241	230.997	234.627	243.078	252.48	262.913	236.806	237.797	230.039
-834000	219.241	217.841	225.444	227.13	222.437	235.319	244.42	254.464	235.293	236.58	229.323	233.498	241.896	251.241	261.606	235.64	236.639	228.909
-833000	215.469	214.035	222.756	224.426	219.749	232.533	241.542	251.486	232.396	233.746	226.552	231.114	239.434	248.696	258.98	233.419	234.381	226.678
-832000	213.319	211.883	221.554	223.225	218.597	231.29	240.256	250.15	231.239	232.562	225.37	230.48	238.748	247.949	258.15	232.708	233.611	225.911
-831000	216.243	214.88	223.283	224.945	220.285	232.993	241.937	251.808	233.132	234.427	227.193	231.918	240.195	249.407	259.618	234.136	235.047	227.307
-830000	217.502	216.166	222.983	224.64	219.977	232.649	241.549	251.37	232.788	234.05	226.81	230.972	239.195	248.348	258.493	233.22	234.098	226.364
-829000	219.039	217.715	223.394	225.054	220.397	233.064	241.963	251.785	233.188	234.425	227.145	231.02	239.227	248.362	258.487	233.299	234.149	226.388
-828000	214.379	213.152	218.421	220.053	215.44	227.909	236.642	246.283	228.039	229.229	222.048	225.615	233.659	242.617	252.548	227.899	228.715	221.065
-827000	218.615	217.406	221.471	223.121	218.479	231.047	239.856	249.581	231.175	232.207	224.921	228.383	236.485	245.505	255.504	230.731	231.526	223.777
-826000	221.01	219.824	222.908	224.567	219.916	232.522	241.364	251.126	232.632	233.654	226.321	229.637	237.757	246.798	256.82	232.021	232.788	224.981
-825000	223.675	222.48	224.173	225.837	221.167	233.809	242.668	252.449	233.888	234.83	227.471	230.331	238.458	247.508	257.54	232.718	233.476	225.621
-824000	225.791	224.561	224.681	226.346	221.595	234.326	243.193	252.982	234.389	235.278	227.831	230.201	238.309	247.339	257.351	232.495	233.272	225.416
-823000	228.88	227.539	226.336	228.01	223.19	236.041	244.966	254.819	236.193	237.09	229.555	231.375	239.509	248.569	258.613	233.5	234.285	226.383
-822000	230.964	229.663	227.236	228.914	224.181	236.973	245.927	255.814	237.324	238.239	230.641	231.683	239.83	248.906	258.966	233.814	234.467	226.498
-821000	228.196	226.908	224.594	226.271	221.642	234.246	243.115	252.911	234.535	235.537	227.979	228.869	236.929	245.91	255.865	231.232	231.831	223.88
-820000	228.83	227.452	225.636	227.322	222.687	235.329	244.235	254.073	235.459	236.52	228.919	230.004	238.084	247.092	257.078	232.512	233.083	225.059
-819000	225.374	223.935	223.564	225.24	220.575	233.191	242.037	251.81	233.217	234.178	226.613	228.434	236.457	245.404	255.328	230.982	231.522	223.506
-818000	226.156	224.736	225.561	227.25	222.53	235.247	244.146	253.977	235.288	236.124	228.455	231.094	239.175	248.188	258.186	233.688	234.202	226.082
-817000	222.135	220.837	223.27	224.943	220.177	232.869	241.689	251.434	232.95	233.754	226.072	229.588	237.616	246.572	256.508	232.187	232.671	224.562
-816000	219.007	217.749	221.902	223.563	218.784	231.433	240.19	249.865	231.567	232.344	224.668	228.962	236.96	245.884	255.786	231.584	232.039	223.915
-815000	213.974	212.646	219.456	221.104	216.36	228.897	237.569	247.152	229.088	229.816	222.155	227.626	235.57	244.434	254.273	230.341	230.762	222.648
-814000	209.537	208.225	217.992	219.631	214.921	227.365	235.973	245.488	227.53	228.281	220.677	227.17	235.08	243.905	253.698	229.901	230.26	222.094
-813000	205.474	204.139	215.156	216.771	212.095	224.37	232.829	242.181	224.7	225.384	217.85	224.414	232.216	240.924	250.593	227.092	227.457	219.411
-812000	200.078	198.743	210.268	211.849	207.219	219.279	227.551	236.7	219.697	220.358	212.943	219.507	227.143	235.669	245.131	222.143	222.47	214.547
-811000	188.625	187.301	199.773	201.286	196.748	208.384	216.295	225.041	208.95	209.581	202.46	208.683	215.985	224.139	233.188	211.344	211.628	203.998
-810000	185.675	184.347	196.565	198.055	193.585	205.025	212.79	221.387	205.741	206.355	199.332	205.266	212.426	220.423	229.296	208.019	208.288	200.766
-809000	184.092	182.747	194.058	195.532	191.086	202.387	210.031	218.495	203.315	203.873	196.913	202.617	209.673	217.566	226.319	205.466	205.702	198.244
-808000	182.954	181.616	191.968	193.431	189.004	200.19	207.729	216.077	201.31	201.784	194.858	200.552	207.517	215.319	223.964	203.538	203.741	196.33
-807000	181.655	180.325	190.03	191.478	187.06	198.156	205.603	213.849	199.401	199.911	193.035	198.71	205.594	213.306	221.849	201.791	201.959	194.592
-806000	180.832	179.499	188.174	189.611	185.213	196.213	203.575	211.732	197.667	198.147	191.305	196.958	203.767	211.395	219.847	200.188	200.323	192.991
-805000	180.333	178.978	186.372	187.796	183.417	194.325	201.606	209.673	195.992	196.405	189.585	195.243	201.979	209.524	217.886	198.676	198.741	191.427
-804000	180.014	178.66	184.618	186.031	181.672	192.485	199.686	207.666	194.327	194.704	187.905	193.603	200.259	207.724	215.996	197.106	197.188	189.906
-803000	179.793	178.428	182.907	184.304	179.959	190.695	197.817	205.708	192.603	193.009	186.257	191.764	198.361	205.746	213.929	195.463	195.529	188.293
-802000	179.725	178.351	181.036	182.42	177.956	188.747	195.8	203.613	190.829	191.179	184.452	190.165	196.705	204.023	212.131	193.75	193.724	186.511
-801000	179.81	178.434	179.259	180.63	176.296	186.871	193.832	201.544	189.143	189.504	182.808	188.307	194.765	201.998	210.016	191.99	192.026	184.854
-800000	179.84	178.463	177.459	178.814	174.579	184.995	191.885	199.512	187.28	187.594	180.949	186.499	192.904	200.069	208.012	190.356	190.375	183.235
-799000	180.259	178.882	175.852	177.193	173.007	183.284	190.08	197.607	185.743	186.068	179.467	184.802	191.141	198.231	206.083	188.611	188.578	181.477
-798000	181.805	180.426	175.246	176.577	172.387	182.632	189.379	196.849	185.228	185.439	178.844	184.203	190.487	197.522	205.321	188.195	188.164	181.064
-797000	182.53	181.152	175.251	176.581	172.39	182.625	189.359	196.815	185.328	185.453	178.843	184.162	190.437	197.457	205.239	188.29	188.235	181.113
-796000	184.618	183.216	175.42	176.751	172.558	182.784	189.507	196.95	185.588	185.726	179.086	184.085	190.34	197.338	205.095	188.306	188.221	181.08
-795000	195.065	193.65	182.054	183.41	179.172	189.549	196.386	203.952	192.498	192.548	185.761	190.095	196.465	203.586	211.479	194.504	194.392	187.083
-794000	199.605	198.191	182.318	183.671	179.455	189.785	196.595	204.137	192.736	192.743	185.956	189.617	195.942	203.013	210.854	193.983	193.862	186.574
-793000	206.976	205.567	187.459	188.843	184.58	195.073	202.017	209.717	198.116	198.152	191.198	193.467	199.863	207.013	214.945	197.872	197.75	190.347
-792000	213.162	211.763	192.812	194.226	189.915	200.583	207.663	215.514	203.67	203.686	196.559	197.321	203.79	211.023	219.049	201.807	201.667	194.147
-791000	219.172	217.753	200.905	202.361	197.971	208.89	216.158	224.218	212.153	212.099	204.74	204.021	210.589	217.938	226.099	208.688	208.506	200.818
-790000	224.262	222.852	208.712	210.214	205.752	216.941	224.434	232.741	220.205	220.165	212.55	210.555	217.273	224.79	233.134	215.296	215.091	207.197
-789000	224.708	223.306	214.663	216.216	211.688	223.169	230.915	239.505	226.386	226.361	218.464	217.766	224.68	232.417	241.005	222.499	222.271	214.116
-788000	222.647	221.26	219.362	220.949	216.411	228.049	235.959	244.73	231.162	231.147	223.05	224.373	231.456	239.383	248.179	229.005	228.76	220.373
-787000	235.004	233.642	231.721	233.374	228.792	240.769	249.006	258.138	243.642	243.634	235.183	235.478	242.882	251.165	260.353	239.999	239.726	230.939
-786000	246.093	244.747	240.661	242.369	237.727	249.995	258.496	267.918	252.621	252.613	243.869	251.635	259.466	268.209	277.923	256.067	255.768	246.456
-785000	252.047	250.72	246.659	248.423	243.729	256.275	265.046	274.761	258.762	258.746	249.699	260.938	269.061	278.126	288.192	265.124	264.817	255.145
-784000	255.42	254.121	251.24	253.043	248.313	261.054	270.006	279.912	263.313	263.292	254.027	267.095	275.415	284.702	295.026	271.056	270.705	260.772
-783000	256.021	254.697	252.351	254.153	249.397	262.196	271.189	281.119	264.238	264.201	254.872	268.487	276.898	286.283	296.716	272.262	271.924	261.87
-782000	258.247	256.978	254.65	256.462	251.688	264.563	273.632	283.635	266.387	266.332	256.901	270.614	279.054	288.455	298.904	274.22	273.758	263.624
-781000	258.081	256.729	254.764	256.578	251.757	264.694	273.781	283.791	266.31	266.198	256.719	262.45	270.739	280.004	290.306	265.849	265.449	255.454
-780000	255.846	254.506	253.2	255.006	250.194	263.098	272.155	282.162	264.487	264.448	254.962	256.499	264.629	273.731	283.844	259.695	259.277	249.42
-779000	253.799	252.565	252.563	254.368	249.609	262.411	271.431	281.416	263.568	263.511	253.992	254.951	263.017	272.051	282.082	257.979	257.551	247.727
-778000	253.221	251.983	253.386	255.203	250.273	263.276	272.311	282.284	264.143	263.924	254.336	255.8	263.869	272.912	282.919	258.646	258.192	248.314
-777000	251.063	249.812	253.053	254.874	249.802	262.99	272.065	282.089	263.769	263.517	253.882	256.559	264.636	273.693	283.703	259.088	258.651	248.723
-776000	245.559	244.307	250.035	251.841	246.744	259.901	268.91	278.874	260.687	260.432	250.841	254.943	262.979	271.993	281.957	257.217	256.797	246.886
-775000	241.02	239.763	247.737	249.527	244.505	257.511	266.433	276.31	258.243	257.978	248.44	253.777	261.768	270.735	280.658	255.925	255.489	245.589
-774000	236.667	235.456	245.793	247.571	242.494	255.482	264.325	274.115	256.063	255.786	246.295	252.739	260.68	269.609	279.488	254.828	254.352	244.459
-773000	232.911	231.624	243.929	245.696	240.65	253.527	262.283	271.976	253.949	253.584	244.156	251.639	259.513	268.38	278.181	253.742	253.228	243.352
-772000	226.382	225.124	239.941	241.683	236.703	249.384	257.998	267.534	249.605	249.359	240.077	248.402	256.195	264.962	274.685	250.51	249.924	240.113
-771000	216.082	214.82	232.499	234.194	229.314	241.673	250.044	259.314	242.042	241.767	232.677	241.767	249.372	257.931	267.427	243.586	243.028	233.445
-770000	210.76	209.466	229.377	231.05	226.206	238.415	246.662	255.796	238.707	238.44	229.475	239.065	246.571	255.017	264.391	240.943	240.355	230.843
-769000	205.017	203.729	224.962	226.604	221.817	233.822	241.903	250.859	234.106	233.853	225.039	234.738	242.113	250.41	259.625	236.628	236.021	226.622
-768000	199.905	198.616	220.851	222.46	217.691	229.535	237.451	246.223	229.846	229.57	220.875	230.64	237.886	246.043	255.104	232.407	231.805	222.562
-767000	198.273	196.971	219.481	221.073	216.328	228.07	235.896	244.572	228.519	228.214	219.57	229.235	236.402	244.463	253.423	231.06	230.434	221.246
-766000	196.883	195.558	217.597	219.172	214.431	226.088	233.821	242.395	226.537	226.221	217.633	227.517	234.612	242.584	251.453	229.323	228.675	219.535
-765000	196.54	195.223	215.724	217.282	212.57	224.104	231.732	240.192	224.715	224.41	215.892	225.438	232.449	240.328	249.094	227.387	226.692	217.587
-764000	202.986	201.62	219.169	220.737	215.982	227.594	235.259	243.757	228.123	227.779	219.176	228.679	235.726	243.642	252.45	230.662	229.955	220.774
-763000	204.674	203.299	218.515	220.083	215.344	226.9	234.52	242.969	227.438	227.1	218.51	228.158	235.167	243.038	251.795	230.014	229.294	220.132
-762000	203.31	201.933	215.527	217.07	212.372	223.788	231.3	239.63	224.528	224.174	215.655	225.27	232.197	239.981	248.646	227.223	226.491	217.393
-761000	203.321	201.95	214.347	215.877	211.169	222.53	229.968	238.218	223.223	222.822	214.334	223.979	230.84	238.545	247.121	225.933	225.166	216.101
-760000	204.845	203.451	214.161	215.687	210.986	222.305	229.706	237.913	223.073	222.684	214.203	223.816	230.645	238.312	246.845	225.82	225.035	215.947
-759000	202.878	201.479	212.46	213.982	209.279	220.566	227.93	236.097	221.352	220.896	212.404	222.575	229.36	236.979	245.458	224.467	223.669	214.621
-758000	199.871	198.477	210.929	212.445	207.751	218.98	226.292	234.402	219.814	219.376	210.907	221.315	228.052	235.616	244.036	223.345	222.533	213.502
-757000	198.674	197.262	209.53	211.037	206.355	217.513	224.764	232.803	218.434	217.995	209.56	220.061	226.748	234.258	242.614	222.017	221.18	212.171
-756000	196.612	195.205	206.522	208.012	203.351	214.401	221.555	229.488	215.303	214.82	206.452	216.805	223.393	230.788	239.022	218.905	218.062	209.14
-755000	195.907	194.485	204.279	205.751	201.112	212.057	219.116	226.946	213.057	212.591	204.299	214.289	220.789	228.091	236.221	216.336	215.464	206.616
-754000	195.366	193.98	202.177	203.635	199.016	209.862	216.835	224.571	210.841	210.347	202.115	211.841	218.255	225.458	233.479	214.004	213.129	204.354
-753000	194.761	193.332	199.549	200.985	196.408	207.111	213.973	221.586	208.333	207.842	199.699	208.98	215.294	222.386	230.286	211.117	210.21	201.526
-752000	196.928	195.487	198.581	200.007	195.443	206.075	212.872	220.412	207.412	206.897	198.787	207.591	213.842	220.864	228.686	209.937	209.033	200.387
-751000	196.203	194.756	196.017	197.43	192.896	203.426	210.146	217.601	204.853	204.316	196.255	204.992	211.166	218.102	225.83	207.419	206.498	197.914
-750000	196.554	195.095	194.991	196.399	191.891	202.334	208.996	216.385	203.889	203.267	195.219	203.952	210.069	216.946	224.614	206.449	205.455	196.886
-749000	191.499	190.054	189.298	190.675	186.223	196.487	203.006	210.237	198.078	197.504	189.608	198.225	204.213	210.939	218.439	200.756	199.808	191.399
-748000	188.06	186.624	185.512	186.868	182.466	192.565	198.96	206.054	194.343	193.711	185.908	194.492	200.368	206.968	214.333	197.153	196.16	187.857
-747000	186.574	185.151	181.88	183.205	178.86	188.785	195.052	202	190.648	190.036	182.367	190.419	196.188	202.667	209.89	193.164	192.189	183.994
-746000	187.268	185.851	179.491	180.796	176.497	186.289	192.457	199.302	188.297	187.665	180.071	187.725	193.393	199.764	206.866	190.697	189.705	181.592
-745000	191.31	189.903	180.059	181.369	177.1	186.844	192.989	199.806	188.993	188.337	180.722	187.413	193.061	199.415	206.489	190.524	189.505	181.382
-744000	197.485	196.09	182.587	183.911	179.618	189.435	195.625	202.495	191.567	190.943	183.232	188.607	194.259	200.623	207.711	191.918	190.877	182.704
-743000	203.113	201.723	186.707	188.053	183.734	193.675	199.976	206.964	195.985	195.306	187.421	191.679	197.389	203.818	210.972	195.051	193.987	185.688
-742000	208.189	206.799	191.182	192.556	188.195	198.271	204.689	211.791	200.665	199.946	191.886	194.898	200.663	207.157	214.391	198.368	197.279	188.845
-741000	208.878	207.508	194.825	196.231	191.828	202.067	208.627	215.887	204.6	203.846	195.573	199.129	204.985	211.579	218.928	202.729	201.605	192.992
-740000	207.423	206.08	198.096	199.525	195.102	205.457	212.124	219.507	208.064	207.263	198.821	202.958	208.916	215.626	223.107	206.617	205.445	196.647
-739000	208.804	207.476	204.483	205.958	201.486	212.056	218.912	226.504	214.773	213.933	205.209	210.346	216.483	223.395	231.104	214.129	212.9	203.792
-738000	208.993	207.665	209.495	211.007	206.504	217.24	224.249	232.017	219.888	219.005	210.052	216.713	223.012	230.105	238.017	220.443	219.155	209.775
-737000	214.809	213.507	216.098	217.637	213.064	223.991	231.13	239.047	226.63	225.683	216.527	223.535	229.972	237.225	245.315	227.299	225.955	216.324
-736000	217.595	216.225	218.83	220.386	215.767	226.791	233.99	241.978	229.259	228.324	219.07	226.251	232.747	240.067	248.232	229.851	228.466	218.727
-735000	223.211	221.92	223.257	224.842	220.231	231.322	238.61	246.695	233.747	232.74	223.319	230.411	236.997	244.418	252.695	233.837	232.448	222.544
-734000	227.13	225.758	225.946	227.54	222.81	234.092	241.453	249.626	236.295	235.311	225.787	232.526	239.15	246.623	254.957	235.915	234.445	224.439
-733000	229.101	227.808	227.625	229.238	224.593	235.815	243.216	251.424	238.042	236.95	227.309	234.427	241.098	248.623	257.01	237.608	236.164	226.055
-732000	229.695	228.364	228.483	230.097	225.324	236.706	244.136	252.38	238.741	237.7	228.002	235.134	241.837	249.393	257.819	238.195	236.709	226.54
-731000	228.907	227.491	228.35	229.96	225.12	236.575	244.007	252.261	238.48	237.478	227.757	235.42	242.084	249.614	258.013	238.467	236.904	226.691
-730000	228.602	227.129	228.828	230.444	225.748	237.048	244.475	252.738	238.949	237.876	228.121	236.522	243.2	250.745	259.162	239.459	237.867	227.586
-729000	225.848	224.352	227.437	229.051	224.372	235.602	242.96	251.141	237.449	236.284	226.563	235.956	242.607	250.118	258.503	238.786	237.176	226.897
-728000	222.886	221.404	225.956	227.564	222.911	234.07	241.379	249.511	235.823	234.694	225.001	235.328	241.948	249.427	257.778	238.047	236.379	226.098
-727000	213.542	212.086	218.716	220.274	215.601	226.601	233.708	241.616	228.271	227.16	217.702	228.384	234.835	242.123	250.262	230.958	229.379	219.34
-726000	204.625	203.17	211.701	213.216	208.59	219.361	226.259	233.945	220.994	219.884	210.651	221.341	227.617	234.71	242.633	223.841	222.284	212.474
-725000	201.291	199.838	209.586	211.087	206.468	217.163	223.983	231.583	218.843	217.72	208.546	219.398	225.606	232.622	240.458	221.918	220.344	210.587
-724000	191.698	190.261	201.817	203.273	198.729	209.16	215.765	223.133	210.861	209.752	200.823	211.702	217.726	224.533	232.138	214.191	212.653	203.153
-723000	186.991	185.56	195.916	197.337	192.842	203.062	209.491	216.667	204.894	203.781	195.035	205.932	211.812	218.458	225.876	208.485	206.955	197.643
-722000	184.247	182.824	191.197	192.592	188.154	198.171	204.452	211.461	200.193	199.08	190.508	201.134	206.874	213.366	220.613	203.804	202.263	193.117
-721000	183.441	182.022	188.332	189.697	185.282	195.189	201.367	208.252	197.394	196.265	187.78	197.817	203.45	209.824	216.94	200.755	199.175	190.139
-720000	183.103	181.682	185.729	187.077	182.709	192.479	198.557	205.34	194.954	193.81	185.399	194.981	200.499	206.771	213.767	197.999	196.41	187.477
-719000	182.902	181.489	183.633	184.964	180.61	190.283	196.266	202.941	192.877	191.677	183.369	192.046	197.482	203.648	210.529	195.228	193.676	184.851
-718000	182.749	181.331	181.568	182.884	178.559	188.119	194.009	200.584	190.634	189.474	181.246	189.483	194.832	200.899	207.671	192.639	191.051	182.33
-717000	186.89	185.474	181.326	182.631	178.338	187.8	193.616	200.11	190.354	189.222	181.048	188.452	193.746	199.752	206.457	191.573	190.021	181.343
-716000	195.389	193.952	184.242	185.552	181.243	190.727	196.549	203.049	193.33	192.222	183.98	190.753	196.046	202.052	208.678	194.008	192.431	183.701
-715000	209.386	207.949	194.661	196.022	191.616	201.409	207.463	214.225	204.191	202.971	194.375	200.21	205.679	211.879	218.62	203.605	201.965	192.909
-714000	219.203	217.764	202.706	204.113	199.636	209.674	215.924	222.901	212.643	211.334	202.437	206.923	212.517	218.854	225.754	210.45	208.742	199.443
-713000	224.837	223.409	208.456	209.901	205.387	215.599	222.006	229.163	218.606	217.244	208.082	211.982	217.673	224.12	231.154	215.553	213.795	204.288
-712000	230.963	229.54	215.385	216.875	212.284	222.734	229.326	236.693	225.711	224.292	214.833	218.096	223.933	230.545	237.781	221.679	219.856	210.077
-711000	231.616	230.225	220.181	221.716	217.06	227.75	234.537	242.117	230.596	229.129	219.356	224.201	230.191	236.975	244.418	227.661	225.78	215.712
-710000	230.304	228.929	224.638	226.209	221.518	232.372	239.307	247.052	235.091	233.573	223.559	230.271	236.417	243.377	251.034	233.632	231.686	221.328
-709000	231.871	230.491	228.66	230.252	225.551	236.493	243.515	251.358	239.092	237.535	227.357	234.717	240.971	248.054	255.863	237.959	235.958	225.379
-708000	234.226	232.869	231.985	233.597	228.868	239.913	247.018	254.955	242.414	240.817	230.479	238.212	244.539	251.708	259.624	241.364	239.312	228.565
-707000	238.241	236.791	234.989	236.61	231.828	242.955	250.096	258.069	245.365	243.739	233.316	240.46	246.816	254.015	261.975	243.573	241.482	230.645
-706000	243.978	242.613	238.848	240.49	235.748	246.881	254.075	262.119	249.251	247.559	236.998	243.295	249.695	256.945	264.966	246.278	244.166	233.211
-705000	247.547	246.123	240.798	242.453	237.581	248.905	256.164	264.27	251.089	249.402	238.72	243.94	250.343	257.606	265.665	246.73	244.581	233.567
-704000	251.578	250.182	243.479	245.145	240.337	251.641	258.961	267.145	253.627	251.938	241.127	245.425	251.873	259.18	267.275	248.104	245.922	234.822
-703000	255.209	253.828	246.675	248.365	243.452	254.957	262.371	270.651	256.752	254.959	243.982	247.551	254.06	261.444	269.637	250.085	247.885	236.639
-702000	257.883	256.517	249.342	251.052	246.125	257.715	265.212	273.588	259.335	257.532	246.392	249.601	256.149	263.584	271.836	251.967	249.717	238.354
-701000	260.727	259.345	252.305	254.036	249.035	260.769	268.347	276.815	262.204	260.346	249.061	251.885	258.478	265.968	274.288	254.103	251.816	240.329
-700000	263.409	262.028	255.095	256.847	251.828	263.642	271.293	279.844	264.91	263.024	251.586	254.16	260.8	268.341	276.725	256.237	253.905	242.301
-699000	265.901	264.523	258.187	259.962	254.888	266.83	274.569	283.216	267.917	265.983	254.383	257.185	263.877	271.478	279.932	259.127	256.75	245.013
-698000	267.928	266.552	261.015	262.814	257.712	269.748	277.556	286.287	270.656	268.679	256.928	270.308	277.249	285.127	293.896	272.125	269.634	257.415
-697000	267.666	266.302	262.611	264.436	259.309	271.438	279.322	288.139	272.155	270.14	258.23	275.522	282.579	290.583	299.503	277.127	274.592	262.129
-696000	265.537	264.188	262.982	264.817	259.673	271.847	279.768	288.625	272.387	270.336	258.342	278.84	285.964	294.061	303.072	280.215	277.635	264.984
-695000	261.043	259.699	261.093	262.921	257.795	269.902	277.777	286.582	270.343	268.271	256.309	279.692	286.879	295.036	304.134	280.907	278.263	265.566
-694000	256.406	255.125	259.086	260.905	255.814	267.833	275.655	284.401	268.167	266.112	254.193	280.241	287.381	295.5	304.553	281.322	278.653	265.876
-693000	253.185	251.904	257.737	259.55	254.487	266.407	274.153	282.817	266.617	264.595	252.738	280.801	287.94	296.057	305.109	281.568	278.921	266.064
-692000	249.164	247.876	255.662	257.46	252.417	264.255	271.929	280.515	264.369	262.359	250.571	280.413	287.534	295.63	304.664	280.852	278.214	265.333
-691000	244.541	243.312	253.333	255.115	250.091	261.845	269.443	277.947	261.932	259.9	248.178	279.849	286.948	295.017	304.028	280.038	277.399	264.508
-690000	239.644	238.323	250.745	252.509	247.511	259.162	266.682	275.094	259.239	257.187	245.544	269.39	276.303	284.162	292.949	269.475	266.88	254.298
-689000	231.628	230.354	246.077	247.814	242.906	254.367	261.772	270.046	254.489	252.431	240.924	261.98	268.753	276.453	285.072	262.074	259.492	247.136
-688000	222.705	221.416	241.733	243.437	238.504	249.866	257.131	265.251	249.995	247.914	236.554	256.657	263.317	270.886	279.367	256.738	254.179	242.012
-687000	219.857	218.57	239.274	240.952	235.995	247.266	254.401	262.375	247.33	245.266	234.111	253.163	259.707	267.149	275.489	253.279	250.724	238.714
-686000	215.363	214.065	234.517	236.156	231.213	242.324	249.295	257.088	242.371	240.342	229.398	247.692	254.075	261.334	269.472	247.855	245.325	233.559
-685000	208.748	207.437	227.171	228.755	223.888	234.709	241.441	248.968	234.858	232.862	222.237	239.428	245.585	252.587	260.441	239.727	237.231	225.859
-684000	211.392	210.071	226.571	228.141	223.266	234.028	240.688	248.133	234.233	232.239	221.676	238.358	244.441	251.361	259.124	238.718	236.204	224.903
-683000	209.865	208.49	222.61	224.153	219.332	229.922	236.451	243.75	230.313	228.312	217.892	233.937	239.897	246.681	254.296	234.369	231.877	220.748
-682000	209.516	208.142	219.932	221.454	216.644	227.129	233.554	240.738	227.607	225.611	215.31	230.628	236.483	243.143	250.622	231.212	228.703	217.693
-681000	207.423	206.027	216.96	218.468	213.7	224.064	230.403	237.494	224.583	222.609	212.412	227.684	233.45	240.012	247.382	228.293	225.828	214.966
-680000	205.972	204.575	215.272	216.765	211.982	222.303	228.574	235.593	222.839	220.854	210.715	225.921	231.612	238.085	245.358	226.54	224.072	213.288
-679000	204.362	202.968	213.721	215.199	210.414	220.682	226.891	233.84	221.344	219.33	209.232	224.199	229.824	236.225	243.42	225.033	222.56	211.831
-678000	203.218	201.826	212.552	214.022	209.245	219.464	225.627	232.525	220.221	218.224	208.162	222.996	228.576	234.923	242.058	223.745	221.27	210.592
-677000	202.283	200.864	211.793	213.26	208.49	218.666	224.791	231.65	219.413	217.398	207.354	221.964	227.498	233.797	240.879	222.881	220.401	209.753
-676000	200.798	199.38	210.452	211.907	207.131	217.27	223.347	230.151	218.149	216.101	206.079	220.484	225.967	232.208	239.225	221.365	218.871	208.271
-675000	198.859	197.451	208.13	209.572	204.826	214.866	220.867	227.589	215.842	213.824	203.886	217.812	223.22	229.377	236.304	218.842	216.365	205.856
-674000	197.733	196.304	206.361	207.789	203.05	213.028	218.964	225.616	214.025	211.978	202.096	215.738	221.08	227.16	234.001	216.83	214.321	203.888
-673000	196.725	195.306	203.537	204.945	200.248	210.097	215.933	222.476	211.214	209.198	199.436	212.515	217.764	223.742	230.47	213.699	211.234	200.923
-672000	197.281	195.87	201.999	203.392	198.718	208.481	214.246	220.71	209.696	207.676	197.982	210.665	215.853	221.758	228.405	211.962	209.469	199.235
-671000	195.651	194.213	198.965	200.343	195.707	205.362	211.05	217.43	206.651	204.548	194.939	207.596	212.706	218.527	225.081	208.932	206.474	196.333
-670000	194.226	192.788	196.529	197.893	193.297	202.837	208.444	214.734	204.269	202.258	192.725	205.285	210.333	216.083	222.557	206.723	204.263	194.2
-669000	187.196	185.785	188.614	189.934	185.438	194.716	200.142	206.228	196.273	194.313	185.049	197.28	202.161	207.723	213.987	198.816	196.409	186.624
-668000	184.556	183.159	184.765	186.062	181.623	190.742	196.048	202.009	192.5	190.529	181.413	193.488	198.272	203.727	209.872	195.236	192.833	183.189
-667000	184.456	183.055	183.319	184.611	180.199	189.23	194.454	200.338	191.188	189.202	180.135	192.144	196.855	202.242	208.317	194.074	191.662	182.06
-666000	184.705	183.306	182.067	183.349	178.959	187.932	193.129	198.978	190.091	188.052	179.031	190.909	195.595	200.947	206.981	193.112	190.687	181.114
-665000	184.394	182.997	180.844	182.115	177.741	186.665	191.819	197.607	188.921	186.907	177.896	189.856	194.519	199.836	205.827	192.178	189.752	180.198
-664000	188.944	187.531	184.297	185.581	181.167	190.17	195.374	201.224	192.773	190.649	181.555	193.768	198.484	203.861	209.918	195.95	193.426	183.754
-663000	184.478	183.078	179.47	180.73	176.369	185.238	190.342	196.079	187.895	185.636	176.834	189.119	193.743	199.017	204.961	191.207	188.746	179.186
-662000	186.073	184.665	180.45	181.714	177.33	186.219	191.32	197.053	188.844	186.798	177.699	190.129	194.746	200.013	205.952	192.437	189.949	180.326
-661000	184.59	183.191	177.342	178.584	174.256	183.012	188.025	193.66	185.612	183.567	174.619	186.875	191.423	196.612	202.465	189.31	186.836	177.312
-660000	185.845	184.45	177.129	178.367	174.048	182.762	187.74	193.337	185.427	183.4	174.44	186.384	190.842	195.955	201.742	188.959	186.472	176.964
-659000	192.855	191.446	180.568	181.819	177.474	186.249	191.265	196.906	189.01	186.926	177.855	189.247	193.617	198.8	204.65	191.976	189.441	179.82
-658000	199.211	197.794	183.369	184.632	180.27	189.088	194.139	199.815	192.037	189.895	180.75	191.742	196.12	201.328	207.207	194.446	191.882	182.155
-657000	197.334	195.917	182.059	183.323	178.954	187.788	192.85	198.533	190.807	188.596	179.46	190.648	194.992	200.175	206.038	193.426	190.857	181.127
-656000	196.272	194.877	183.157	184.43	180.027	188.935	194.045	199.781	192.216	189.982	180.742	191.952	196.337	201.533	207.408	194.62	192.031	182.203
-655000	192.732	191.35	181.314	182.581	178.227	187.026	192.107	197.811	190.482	188.282	179.045	190.123	194.545	199.722	205.57	192.889	190.247	180.507
-654000	190.834	189.449	181.452	182.721	178.352	187.177	192.256	197.96	190.765	188.534	179.26	190.214	194.655	199.825	205.662	193.109	190.427	180.682
-653000	191.672	190.277	182.262	183.533	179.157	187.984	193.055	198.751	191.623	189.29	179.973	190.825	195.274	200.441	206.274	193.787	191.035	181.293
-652000	195.623	194.218	185.874	187.16	182.744	191.645	196.757	202.499	195.391	192.982	183.539	194.253	198.77	203.988	209.876	197.381	194.567	184.714
-651000	197.423	196.016	186.354	187.638	183.205	192.124	197.23	202.965	195.918	193.528	184.056	194.453	198.963	204.184	210.075	197.726	194.934	185.022
-650000	198.593	197.162	186.058	187.341	182.951	191.77	196.836	202.547	195.59	193.256	183.767	194.148	198.513	203.667	209.536	197.356	194.608	184.646
-649000	201.346	199.903	187.943	189.237	184.84	193.657	198.709	204.395	197.415	194.999	185.451	196.095	200.451	205.584	211.409	199.188	196.44	186.36
-648000	202.433	201.034	188.242	189.534	185.105	193.965	199.02	204.702	197.751	195.27	185.734	196.441	200.83	205.959	211.765	199.522	196.664	186.645
-647000	202.058	200.651	187.435	188.722	184.272	193.158	198.213	203.895	197.014	194.586	185.02	195.71	200.145	205.289	211.096	198.925	196.031	186.035
-646000	202.93	201.492	187.886	189.174	184.734	193.622	198.69	204.388	197.553	195.16	185.528	196.311	200.793	205.965	211.8	199.678	196.756	186.714
-645000	203.462	202.003	188.334	189.625	185.222	194.016	199.04	204.711	197.918	195.534	185.848	196.792	201.303	206.493	212.351	200.299	197.399	187.263
-644000	202.838	201.401	187.936	189.226	184.837	193.585	198.568	204.182	197.451	194.945	185.318	196.343	200.75	205.927	211.78	199.83	196.965	186.771
-643000	193.757	192.384	181.263	182.525	178.206	186.783	191.65	197.134	190.576	188.077	178.65	190.117	194.381	199.373	205.085	193.447	190.657	180.632
-642000	187.668	186.303	179.593	180.852	176.541	185.078	189.912	195.362	188.968	186.459	177.04	188.676	192.907	197.852	203.518	192.056	189.258	179.254
-641000	185.701	184.331	179.018	180.271	175.97	184.468	189.274	194.696	188.427	185.924	176.51	188.136	192.372	197.282	202.916	191.625	188.8	178.816
-640000	185.343	183.989	178.891	180.145	175.807	184.354	189.162	194.582	188.401	185.906	176.455	188.14	192.37	197.293	202.924	191.677	188.854	178.822
-639000	185.356	183.979	178.928	180.18	175.837	184.374	189.164	194.563	188.504	185.996	176.535	188.183	192.42	197.334	202.948	191.796	188.956	178.902
-638000	185.539	184.156	179.003	180.255	175.911	184.431	189.203	194.48	188.641	186.112	176.639	188.391	192.62	197.522	203.121	192.061	189.196	179.119
-637000	185.682	184.282	179.068	180.317	175.978	184.471	189.22	194.358	188.736	186.19	176.716	188.515	192.732	197.619	203.201	192.221	189.33	179.236
-636000	185.843	184.426	179.243	180.491	176.151	184.626	189.354	194.455	188.942	186.377	176.894	188.776	192.984	197.861	203.432	192.513	189.595	179.475
-635000	185.731	184.345	179.143	180.392	176.025	184.52	189.239	194.34	188.901	186.31	176.794	189.039	193.243	198.116	203.681	192.81	189.862	179.704
-634000	185.869	184.483	179.199	180.451	176.072	184.571	189.283	194.387	189.017	186.401	176.85	189.398	193.599	198.469	203.995	193.201	190.222	180.022
-633000	186.208	184.794	179.392	180.644	176.263	184.748	189.444	194.542	189.247	186.61	177.043	189.662	193.845	198.592	204.118	193.44	190.38	180.254
-632000	186.516	185.091	179.535	180.787	176.403	184.878	189.559	194.651	189.425	186.768	177.182	189.846	193.883	198.731	204.284	193.56	190.541	180.32
-631000	186.876	185.438	179.759	181.011	176.628	185.088	189.754	194.839	189.677	187.001	177.398	189.879	193.912	198.768	204.307	193.646	190.624	180.302
-630000	190.17	188.711	182.354	183.617	179.2	187.715	192.407	197.527	192.402	189.68	179.974	192.108	196.14	201.048	206.618	195.915	192.873	182.419
-629000	191.307	189.884	183.323	184.586	180.153	188.696	193.391	198.509	193.382	190.669	180.92	192.452	196.348	201.184	206.73	196.105	193.026	182.681
-628000	195.86	194.437	185.846	187.117	182.651	191.274	196.032	201.259	195.964	193.268	183.393	194.545	198.528	203.355	208.87	198.287	195.165	184.785
-627000	203.764	202.338	189.707	190.988	186.497	195.168	199.95	205.223	199.851	197.109	187.142	197.729	201.755	206.617	212.169	201.478	198.314	187.825
-626000	212.213	210.777	193.908	195.204	190.673	199.422	204.247	209.579	204.141	201.354	191.257	201.126	205.187	210.08	215.664	204.914	201.705	191.111
-625000	223.193	221.736	202.462	203.801	199.175	208.142	213.109	218.602	212.999	210.088	199.649	209.059	213.23	218.243	223.965	212.939	209.627	198.73
-624000	227.025	225.576	204.272	205.62	200.987	209.98	214.966	220.484	214.848	211.895	201.356	210.082	214.247	219.254	224.967	213.971	210.635	199.711
-623000	229.159	227.716	206.495	207.85	203.225	212.211	217.218	222.809	217.107	214.105	203.505	211.913	216.061	221.054	226.764	215.822	212.46	201.524
-622000	231.187	229.715	213.057	214.447	209.736	218.933	224.072	229.78	223.842	220.772	209.852	218.203	222.439	227.541	233.378	222.095	218.646	207.43
-621000	230.996	229.531	220.231	221.662	216.852	226.267	231.541	237.405	231.243	228.052	216.803	226.488	230.85	236.1	242.098	230.457	226.893	215.313
-620000	226.209	224.765	223.423	224.871	220.063	229.519	234.844	240.772	234.436	231.189	219.764	231.332	235.774	241.092	247.167	235.194	231.554	219.762
-619000	235.124	233.701	233.65	235.148	230.298	239.952	245.458	251.591	244.602	241.233	229.396	240.682	245.328	250.853	257.156	244.344	240.549	228.302
-618000	245.181	243.765	242.117	243.662	238.746	248.609	254.278	260.608	253.071	249.584	237.37	247.718	252.495	258.168	264.638	251.197	247.285	234.686
-617000	255.234	253.821	250.805	252.399	247.399	257.504	263.35	269.889	261.825	258.2	245.582	254.928	259.835	265.658	272.3	258.288	254.252	241.293
-616000	264.118	262.709	258.592	260.227	255.162	265.461	271.459	278.176	269.667	265.923	252.938	260.656	265.673	271.621	278.406	263.814	259.668	246.38
-615000	266.561	265.177	261.025	262.684	257.575	267.991	274.077	280.894	271.968	268.142	254.93	261.757	266.833	272.843	279.695	264.703	260.498	247.057
-614000	269.276	267.888	264.108	265.79	260.636	271.156	277.323	284.244	274.926	271.032	257.617	263.768	268.891	274.951	281.861	266.527	262.257	248.686
-613000	270.87	269.496	265.792	267.485	262.291	272.871	279.077	286.035	276.451	272.505	258.99	264.654	269.78	275.836	282.748	267.251	262.943	249.322
-612000	272.886	271.461	267.684	269.388	264.192	274.8	281.036	288.039	278.17	274.182	260.56	265.714	270.865	276.936	283.873	268.137	263.789	250.08
-611000	269.525	268.115	266.193	267.906	262.637	273.318	279.565	286.574	276.521	272.508	258.786	265.575	270.711	276.773	283.705	267.835	263.447	249.71
-610000	264.352	262.908	263.803	265.515	260.278	270.898	277.12	284.118	273.911	269.89	256.192	265.297	270.427	276.451	283.344	267.34	262.895	249.196
-609000	257.434	255.915	260.343	262.03	256.851	267.292	273.408	280.308	270.084	266.062	252.506	263.878	269.068	275.13	282.037	265.887	261.445	247.683
-608000	250.439	248.898	257.165	258.839	253.546	264.05	270.089	276.879	266.625	262.594	249.167	262.691	267.906	273.975	280.893	264.636	260.194	246.426
-607000	244.726	243.197	253.533	255.176	249.899	260.29	266.203	272.864	262.692	258.707	245.507	259.819	264.97	270.956	277.783	261.609	257.202	243.573
-606000	241.571	240.032	251.295	252.907	247.702	257.935	263.753	270.331	260.137	256.192	243.103	258.078	263.163	269.076	275.825	259.627	255.224	241.719
-605000	239.552	238.016	249.243	250.849	245.621	255.848	261.624	268.147	257.939	254.006	241.046	256.21	261.209	267.046	273.713	257.574	253.224	239.782
-604000	238.269	236.753	247.599	249.198	243.998	254.117	259.812	266.235	255.967	252.085	239.197	254.741	259.721	265.511	272.119	255.971	251.618	238.293
-603000	235.426	233.889	245.59	247.183	241.98	252.108	257.805	264.241	253.966	250.085	237.215	254.177	259.135	264.893	271.44	255.126	250.792	237.436
-602000	231.11	229.588	243.221	244.803	239.616	249.683	255.326	261.704	251.365	247.439	234.673	253.036	257.909	263.615	270.165	253.974	249.635	236.293
-601000	227.666	226.159	241.238	242.807	237.661	247.632	253.213	259.522	249.144	245.31	232.612	251.6	256.51	262.223	268.74	252.537	248.196	234.892
-600000	224.249	222.763	238.694	240.251	235.212	245.01	250.523	256.763	246.625	242.808	230.2	249.84	254.705	260.362	266.817	250.616	246.247	233.08
-599000	216.133	214.67	230.899	232.405	227.39	237.022	242.361	248.408	238.569	234.844	222.608	241.195	245.905	251.387	257.643	241.791	237.577	224.702
-598000	217.795	216.361	230.109	231.609	226.625	236.168	241.447	247.425	237.629	233.929	221.759	239.111	243.748	249.154	255.323	239.768	235.576	222.791
-597000	224.236	222.765	233.483	234.999	229.943	239.613	244.954	251.002	241.203	237.445	225.111	241.714	246.388	251.835	258.052	242.435	238.187	225.264
-596000	230.395	228.89	236.991	238.525	233.423	243.18	248.567	254.67	244.734	240.915	228.425	244.27	248.975	254.459	260.719	244.921	240.612	227.543
-595000	230.826	229.349	237.298	238.84	233.659	243.53	248.947	255.085	245.055	241.192	228.607	244.942	249.651	255.14	261.408	245.509	241.165	228.027
-594000	228.526	227.068	235.956	237.49	232.361	242.175	247.584	253.719	243.782	239.907	227.332	244.302	248.994	254.465	260.713	244.793	240.432	227.28
-593000	225.698	224.247	234.381	235.906	230.841	240.564	245.942	252.045	242.204	238.326	225.786	243.47	248.135	253.575	259.79	243.892	239.497	226.37
-592000	221.824	220.384	232.093	233.607	228.509	238.216	243.538	249.581	239.819	235.949	223.48	241.909	246.533	251.925	258.088	242.184	237.83	224.754
-591000	219.197	217.762	230.413	231.915	226.821	236.471	241.733	247.711	238.038	234.168	221.778	240.529	245.1	250.438	256.542	240.84	236.495	223.472
-590000	217.264	215.823	228.922	230.415	225.344	234.928	240.141	246.065	236.315	232.463	220.134	239.084	243.628	248.929	254.991	239.543	235.183	222.196
-589000	215.92	214.516	227.549	229.04	224.047	233.495	238.648	244.508	234.97	231.137	218.863	237.792	242.299	247.557	253.57	238.085	233.747	220.821
-588000	213.943	212.508	225.46	226.931	221.905	231.345	236.448	242.254	232.917	229.096	216.896	235.666	240.114	245.31	251.256	235.968	231.651	218.801
-587000	209.473	208.05	221.837	223.292	218.302	227.638	232.663	238.384	229.066	225.272	213.206	231.813	236.203	241.325	247.185	232.303	228.014	215.306
-586000	203.786	202.373	217.651	219.081	214.137	223.343	228.275	233.89	224.853	221.103	209.207	227.557	231.863	236.888	242.639	227.951	223.719	211.204
-585000	206.015	204.586	218.513	219.939	214.985	224.178	229.083	234.668	225.734	221.961	210.073	228.025	232.312	237.315	243.042	228.477	224.229	211.709
-584000	205.848	204.49	216.678	218.091	213.159	222.28	227.129	232.652	223.807	220.084	208.282	225.833	230.048	234.981	240.63	226.377	222.159	209.741
-583000	211.426	210.009	217.172	218.576	213.675	222.723	227.524	232.996	224.295	220.58	208.84	224.345	228.529	233.416	239.011	225.004	220.8	208.461
-582000	222.605	221.169	221.723	223.144	218.191	227.325	232.169	237.689	228.949	225.171	213.272	226.669	230.852	235.731	241.318	227.347	223.119	210.748
-581000	239.639	238.182	234.044	235.527	230.423	239.889	244.941	250.697	241.346	237.392	224.948	236.383	240.685	245.706	251.458	236.994	232.622	219.815
-580000	250.687	249.216	241.655	243.178	237.992	247.65	252.826	258.72	249.01	244.939	232.125	250.052	254.545	259.789	265.795	250.66	246.061	232.637
-579000	260.343	258.869	251.175	252.763	247.454	257.406	262.784	268.912	258.754	254.487	241.116	261.931	266.6	272.049	278.229	262.29	257.481	243.462
-578000	264.243	262.787	256.271	257.894	252.545	262.627	268.112	274.364	263.87	259.487	245.801	267.371	272.13	277.683	283.993	267.48	262.552	248.242
-577000	268.132	266.695	261.57	263.236	257.81	268.08	273.695	280.098	269.179	264.663	250.602	274.465	279.324	284.978	291.413	274.334	269.263	254.568
-576000	266.996	265.572	262.201	263.883	258.443	268.758	274.413	280.866	269.712	265.135	250.929	277.043	281.958	287.672	294.186	276.703	271.54	256.633
-575000	265.14	263.708	262.801	264.495	259.028	269.389	275.072	281.555	270.244	265.61	251.281	279.954	284.915	290.691	297.299	279.558	274.309	259.248
-574000	257.276	255.872	258.429	260.105	254.677	264.947	270.569	276.989	265.704	261.086	246.865	278.363	283.313	289.077	295.654	277.758	272.492	257.385
-573000	247.402	245.949	253.165	254.822	249.443	259.598	265.145	271.483	260.317	255.725	241.657	276.197	281.117	286.855	293.438	275.586	270.301	255.261
-572000	235.238	233.816	246.926	248.555	243.328	253.222	258.641	264.843	254.07	249.52	235.733	263.116	267.864	273.4	279.716	262.479	257.328	242.716
-571000	231.06	229.631	245.517	247.127	241.96	251.708	257.03	263.124	252.64	248.122	234.488	258.406	263.057	268.49	274.69	257.793	252.705	238.31
-570000	230.5	229.05	245.578	247.189	241.982	251.739	257.028	263.093	252.579	248.071	234.448	257.572	262.183	267.572	273.732	256.933	251.847	237.504
-569000	229.28	227.83	243.878	245.462	240.242	249.949	255.16	261.131	250.768	246.272	232.785	254.878	259.415	264.725	270.799	254.229	249.184	234.991
-568000	228.238	226.792	241.956	243.527	238.348	247.946	253.081	258.966	248.752	244.316	230.96	252.048	256.506	261.729	267.705	251.391	246.398	232.378
-567000	228.272	226.807	240.536	242.085	236.878	246.457	251.535	257.356	247.183	242.768	229.515	249.872	254.264	259.285	265.304	249.177	244.224	230.344
-566000	228.03	226.552	238.87	240.407	235.245	244.721	249.736	255.487	245.551	241.152	227.995	247.364	251.699	256.769	262.606	246.721	241.78	228.036
-565000	225.736	224.255	236.773	238.299	233.116	242.58	247.558	253.266	243.3	238.918	225.81	245.513	249.803	254.839	260.599	244.826	239.927	226.253
-564000	223.857	222.415	235.739	237.264	232.124	241.501	246.432	252.09	242.294	237.911	224.834	244.876	249.138	254.145	259.883	244.262	239.338	225.692
-563000	219.688	218.214	232.418	233.916	228.791	238.09	242.952	248.526	238.968	234.591	221.664	242.144	246.346	251.284	256.947	241.477	236.614	223.081
-562000	216.862	215.388	230.327	231.813	226.721	235.933	240.734	246.241	236.881	232.541	219.703	240.26	244.409	249.285	254.889	239.681	234.827	221.394
-561000	210.738	209.282	224.41	225.859	220.834	229.866	234.536	239.895	230.751	226.511	213.966	233.947	237.981	242.725	248.182	233.407	228.659	215.504
-560000	208.302	206.858	220.963	222.386	217.391	226.321	230.909	236.174	227.293	223.086	210.709	230.056	234.026	238.689	244.057	229.578	224.878	211.907
-559000	206.416	204.96	218.45	219.861	214.889	223.745	228.275	233.478	224.851	220.681	208.391	227.452	231.37	235.974	241.277	227.071	222.39	209.526
-558000	204.653	203.2	216.564	217.966	213.014	221.803	226.279	231.426	222.882	218.732	206.522	225.404	229.276	233.829	239.077	225.145	220.496	207.697
-557000	206.291	204.851	217.308	218.704	213.727	222.537	227.009	232.146	223.69	219.499	207.26	226.092	229.955	234.501	239.742	225.794	221.121	208.284
-556000	207.672	206.209	217.815	219.212	214.229	223.031	227.489	232.612	224.188	220.004	207.742	226.572	230.426	234.957	240.186	226.405	221.695	208.826
-555000	209.132	207.66	218.459	219.861	214.889	223.666	228.113	233.225	225.031	220.818	208.507	227.565	231.412	235.936	241.159	227.316	222.599	209.685
-554000	209.24	207.765	218.074	219.47	214.48	223.263	227.693	232.785	224.69	220.462	208.151	227.381	231.196	235.69	240.883	227.264	222.536	209.618
-553000	207.658	206.194	216.206	217.59	212.622	221.336	225.714	230.747	222.716	218.489	206.277	225.609	229.389	233.837	238.978	225.583	220.864	208.028
-552000	207.287	205.813	215.097	216.478	211.535	220.179	224.515	229.502	221.696	217.492	205.312	224.75	228.494	232.903	238.001	224.7	219.99	207.188
-551000	202.371	200.91	209.473	210.82	205.931	214.452	218.698	223.578	216.001	211.827	199.892	219.185	222.848	227.164	232.155	219.259	214.608	202.037
-550000	198.628	197.076	205.129	206.452	201.618	210.004	214.161	218.94	211.585	207.5	195.729	214.803	218.383	222.604	227.488	214.902	210.328	197.956
-549000	198.009	196.438	202.288	203.591	198.817	207.063	211.132	215.814	208.76	204.722	193.108	211.765	215.275	219.419	224.216	211.97	207.443	195.214
-548000	200.712	199.314	202.008	203.304	198.529	206.761	210.81	215.464	208.617	204.577	192.988	211.443	214.934	219.055	223.825	211.772	207.212	195.039
-547000	194.104	192.727	192.817	194.069	189.432	197.396	201.294	205.777	199.273	195.355	184.151	201.88	205.241	209.214	213.698	202.156	197.764	185.956
-546000	190.686	189.26	186.681	187.897	183.368	191.101	194.866	199.199	193.117	189.275	178.385	195.097	198.345	202.179	206.686	195.709	191.414	179.924
-545000	192.14	190.718	185.84	187.044	182.529	190.23	193.971	198.282	192.415	188.586	177.706	194.053	197.23	200.977	205.398	194.664	190.388	178.936
-544000	193.827	192.389	185.863	187.062	182.556	190.239	193.963	198.255	192.591	188.746	177.853	193.703	196.742	200.53	205.004	194.436	190.161	178.688
-543000	194.19	192.756	186.191	187.393	182.875	190.577	194.3	198.598	193.007	189.143	178.165	194.123	197.089	200.891	205.354	194.901	190.588	179.095
-542000	193.695	192.262	186.417	187.626	183.09	190.82	194.558	198.869	193.3	189.397	178.4	194.538	197.453	201.22	205.618	195.429	191.08	179.557
-541000	193.426	191.99	186.51	187.719	183.173	190.913	194.654	198.965	193.603	189.658	178.659	194.695	197.61	201.36	205.725	195.682	191.321	179.749
-540000	193.223	191.786	186.513	187.724	183.213	190.89	194.63	198.938	193.807	189.836	178.81	194.669	197.657	201.401	205.752	195.707	191.34	179.723
-539000	198.346	196.903	190.682	191.91	187.36	195.067	198.804	203.152	198.202	194.155	182.953	198.575	201.667	205.466	209.88	199.685	195.24	183.471
-538000	198.595	197.172	189.434	190.655	186.117	193.791	197.484	201.758	196.802	192.784	181.598	197.015	200.002	203.754	208.124	198.277	193.83	182.137
-537000	199.742	198.311	188.438	189.649	185.111	192.781	196.462	200.713	195.785	191.756	180.658	195.066	198.031	201.721	206.03	196.302	191.882	180.227
-536000	208.591	207.119	194.093	195.328	190.693	198.531	202.293	206.628	201.723	197.591	186.254	199.865	202.901	206.639	211.002	201.16	196.641	184.832
-535000	218.096	216.629	202.062	203.351	198.635	206.617	210.451	214.896	209.914	205.642	193.885	206.677	209.759	213.588	218.056	208.146	203.492	191.344
-534000	221.598	220.127	205.001	206.309	201.553	209.61	213.482	217.976	212.894	208.549	196.618	208.344	211.449	215.299	219.793	209.87	205.164	192.925
-533000	220.332	218.869	208.024	209.354	204.553	212.69	216.601	221.146	216.015	211.584	199.436	211.684	214.822	218.708	223.24	213.278	208.5	196.109
-532000	214.774	213.347	208.809	210.147	205.347	213.497	217.428	221.997	216.804	212.33	200.066	212.94	216.087	219.99	224.545	214.456	209.629	197.122
-531000	218.888	217.477	217.468	218.858	213.948	222.33	226.414	231.159	225.662	220.996	208.249	222.192	225.464	229.512	234.238	223.676	218.64	205.6
-530000	217.018	215.623	219.961	221.37	216.448	224.879	229.012	233.816	228.159	223.412	210.473	225.475	228.793	232.895	237.683	226.847	221.715	208.45
-529000	228.499	227.071	232.504	233.978	228.907	237.637	241.947	246.959	240.94	235.958	222.418	238.547	242.022	246.308	251.311	239.871	234.479	220.575
-528000	237.836	236.408	241.819	243.344	238.172	247.119	251.571	256.747	250.415	245.236	231.204	248.648	252.245	256.674	261.85	249.869	244.261	229.819
-527000	237.529	236.094	241.865	243.394	238.233	247.152	251.588	256.747	250.285	245.089	231.04	248.942	252.547	256.972	262.143	249.955	244.314	229.818
-526000	240.915	239.489	245.199	246.746	241.51	250.529	254.985	260.167	253.502	248.241	234.021	252.002	255.647	260.099	265.312	252.845	247.124	232.473
-525000	242.523	241.125	246.158	247.703	242.41	251.517	256.015	261.236	254.293	249.025	234.704	252.801	256.408	260.837	266.029	253.415	247.655	233.004
-524000	244.14	242.727	247.115	248.68	243.476	252.449	256.913	262.144	255.02	249.728	235.373	253.446	257.11	261.561	266.762	253.971	248.173	233.42
-523000	244.692	243.239	247.272	248.84	243.626	252.586	257.006	262.167	254.944	249.605	235.292	253.14	256.841	261.309	266.528	253.624	247.817	233.012
-522000	244.652	243.187	246.97	248.533	243.308	252.262	256.67	261.809	254.445	249.098	234.793	252.423	256.138	260.605	265.822	252.812	246.996	232.202
-521000	242.696	241.218	245.406	246.96	241.732	250.661	255.04	260.142	252.672	247.331	233.103	251.118	254.804	259.236	264.413	251.365	245.562	230.831
-520000	240.627	239.145	243.989	245.535	240.311	249.203	253.527	258.573	251.096	245.783	231.556	250.176	253.83	258.224	263.363	250.272	244.471	229.791
-519000	238.714	237.247	242.191	243.722	238.53	247.362	251.683	256.713	249.236	243.946	229.811	248.638	252.251	256.599	261.683	248.491	242.707	228.109
-518000	237.498	236.003	240.99	242.511	237.261	246.123	250.411	255.396	247.892	242.614	228.543	247.38	250.959	255.272	260.318	247.247	241.482	226.928
-517000	234.711	233.209	238.606	240.115	234.887	243.686	247.927	252.858	245.248	239.998	226.031	245.267	248.807	253.073	258.065	245.04	239.289	224.851
-516000	232.096	230.633	236.501	238.012	232.88	241.506	245.678	250.547	243.153	237.929	224.032	243.566	247.066	251.284	256.22	243.178	237.466	223.093
-515000	228.982	227.486	234.389	235.874	230.684	239.373	243.531	248.374	241.047	235.84	222.02	241.924	245.384	249.561	254.455	241.667	235.972	221.659
-514000	225.694	224.204	232.312	233.784	228.607	237.245	241.36	246.153	238.738	233.545	219.828	240.437	243.87	248.009	252.86	240.143	234.446	220.221
-513000	224.909	223.427	231.29	232.757	227.675	236.162	240.221	244.955	237.752	232.595	218.947	239.437	242.837	246.937	251.745	238.955	233.293	219.115
-512000	225.33	223.84	230.744	232.195	227.039	235.59	239.631	244.341	237.209	232.055	218.445	238.637	241.97	246.018	250.776	238.24	232.591	218.455
-511000	227.584	226.09	231.176	232.624	227.467	236.001	240.023	244.712	237.434	232.266	218.677	238.398	241.75	245.791	250.536	238.051	232.397	218.271
-510000	229.647	228.146	231.138	232.582	227.429	235.939	239.939	244.604	237.352	232.193	218.594	237.75	241.075	245.084	249.793	237.353	231.704	217.619
-509000	234.18	232.674	233.328	234.78	229.606	238.145	242.158	246.84	239.575	234.364	220.655	239.22	242.55	246.559	251.269	238.759	233.072	218.917
-508000	237.99	236.48	234.833	236.292	231.101	239.659	243.678	248.368	241.056	235.808	221.977	239.958	243.302	247.325	252.048	239.557	233.844	219.646
-507000	242.531	240.985	237.416	238.888	233.659	242.275	246.319	251.041	243.483	238.173	224.179	241.746	245.062	249.083	253.814	241.383	235.613	221.25
-506000	246.084	244.558	239.394	240.874	235.54	244.301	248.386	253.147	245.395	240.014	225.989	243.06	246.368	250.381	255.093	242.397	236.586	222.151
-505000	252.144	250.609	243.88	245.386	240.035	248.873	253.039	257.897	250.161	244.663	230.321	246.809	250.177	254.255	259.044	246.129	240.21	225.563
-504000	256.177	254.658	247.005	248.533	243.132	252.036	256.223	261.112	253.166	247.583	233.047	248.782	252.17	256.27	261.09	247.983	241.99	227.168
-503000	256.262	254.735	248.707	250.256	244.817	253.794	258.027	262.976	254.89	249.208	234.438	250.911	254.326	258.46	263.323	250.034	243.96	228.965
-502000	256.991	255.483	252.108	253.682	248.193	257.264	261.554	266.569	258.276	252.485	237.462	255.104	258.566	262.758	267.693	254.097	247.901	232.631
-501000	255.748	254.239	252.645	254.223	248.73	257.801	262.09	267.106	258.727	252.903	237.824	255.769	259.234	263.431	268.376	254.657	248.414	233.055
-500000	257.39	255.892	255.201	256.793	251.28	260.391	264.706	269.754	261.248	255.349	240.104	258.334	261.821	266.047	271.028	257.117	250.794	235.27
-499000	258.308	256.812	256.178	257.769	252.148	261.371	265.688	270.731	262.017	256.098	240.833	258.978	262.45	266.661	271.627	257.761	251.418	235.848
-498000	259.722	258.141	257.135	258.727	253.019	262.344	266.678	271.743	262.845	256.893	241.616	259.65	263.086	267.265	272.202	258.245	251.881	236.244
-497000	258.783	257.146	256.205	257.791	252.179	261.4	265.725	270.782	262.019	256.054	240.797	258.962	262.375	266.528	271.437	257.307	250.948	235.325
-496000	257.91	256.239	255.6	257.188	251.681	260.755	265.066	270.107	261.435	255.46	240.21	258.629	262.024	266.154	271.039	256.848	250.488	234.869
-495000	258.581	256.89	255.915	257.502	252.001	261.023	265.284	270.311	261.664	255.677	240.42	258.491	261.871	265.984	270.851	256.626	250.255	234.623
-494000	259.973	258.262	256.62	258.209	252.695	261.717	265.943	270.95	262.286	256.275	240.98	258.637	262	266.094	270.943	256.676	250.294	234.653
-493000	265.203	263.473	259.822	261.42	255.877	264.934	269.167	274.145	265.409	259.349	243.949	259.995	263.374	267.479	272.335	257.889	251.468	235.757
-492000	271.269	269.534	263.468	265.08	259.489	268.611	272.867	277.824	268.976	262.847	247.291	261.269	264.672	268.803	273.69	259.11	252.639	236.984
-491000	275.024	273.507	266.817	268.457	262.768	272.037	276.354	281.384	272.24	265.986	250.099	263.926	267.354	271.518	276.445	261.921	255.363	239.535
-490000	276.392	274.835	268.545	270.199	264.428	273.819	278.184	283.282	273.823	267.497	251.445	276.551	280.089	284.388	289.478	274.407	267.585	251.113
-489000	272.755	271.204	267.432	269.097	263.312	272.723	277.1	282.218	272.63	266.246	250.085	279.625	283.183	287.511	292.634	277.268	270.355	253.8
-488000	266.672	265.127	265.164	266.825	261.035	270.435	274.794	279.897	270.242	263.85	247.691	281.533	285.122	289.487	294.651	278.903	271.915	255.193
-487000	260.59	259.028	262.247	263.887	258.14	267.45	271.755	276.803	267.202	260.856	244.855	281.735	285.288	289.615	294.743	279.051	272.035	255.304
-486000	255.611	254.012	259.933	261.555	255.763	265.087	269.352	274.357	264.728	258.434	242.537	282.048	285.587	289.903	295.019	279.216	272.167	255.38
-485000	250.199	248.621	257.287	258.889	253.085	262.379	266.593	271.541	261.957	255.72	239.958	277.941	281.434	285.696	290.755	275.003	267.995	251.281
-484000	244.924	243.375	254.956	256.545	250.78	259.988	264.149	269.038	259.571	253.37	237.723	269.355	272.749	276.897	281.823	266.447	259.584	243.21
-483000	238.067	236.542	251.543	253.114	247.419	256.498	260.592	265.404	256.128	249.974	234.49	265.157	268.492	272.578	277.428	262.269	255.463	239.245
-482000	231.638	230.13	248.716	250.274	244.652	253.603	257.637	262.382	253.31	247.187	231.834	261.941	265.235	269.271	274.067	259.071	252.306	236.211
-481000	226.361	224.851	244.944	246.473	240.929	249.72	253.658	258.294	249.511	243.474	228.388	257.488	260.714	264.67	269.375	254.678	248.002	232.142
-480000	222.913	221.403	241.956	243.462	237.962	246.646	250.513	255.081	246.511	240.544	225.656	253.957	257.118	260.997	265.614	251.219	244.626	228.986
-479000	221.123	219.612	239.193	240.676	235.232	243.792	247.58	252.051	243.737	237.84	223.158	250.652	253.747	257.549	262.077	247.996	241.487	226.068
-478000	220.103	218.598	236.553	238.015	232.612	241.072	244.792	249.185	241.061	235.234	220.736	247.729	250.772	254.504	258.955	245.159	238.721	223.529
-477000	216.999	215.501	232.511	233.949	228.596	236.944	240.591	244.898	237.019	231.26	216.968	243.782	246.766	250.433	254.805	241.309	234.941	219.927
-476000	214.894	213.396	229.618	231.04	225.731	233.979	237.564	241.797	234.158	228.454	214.321	240.934	243.87	247.479	251.785	238.537	232.229	217.369
-475000	213.406	211.918	226.399	227.797	222.532	230.682	234.199	238.352	230.907	225.273	211.334	237.502	240.379	243.921	248.139	235.214	228.976	214.306
-474000	213.669	212.168	224.459	225.842	220.615	228.679	232.141	236.232	229.101	223.492	209.679	235.253	238.079	241.562	245.714	233.092	226.905	212.384
-473000	214.597	213.096	222.549	223.914	218.723	226.706	230.114	234.143	227.1	221.556	207.884	232.73	235.508	238.932	243.017	230.624	224.512	210.151
-472000	216.167	214.716	221.008	222.363	217.22	225.105	228.46	232.431	225.694	220.182	206.614	230.514	233.244	236.616	240.64	228.614	222.544	208.303
-471000	216.012	214.603	219.466	220.81	215.667	223.537	226.869	230.812	224.211	218.706	205.18	228.726	231.429	234.767	238.752	226.876	220.799	206.669
-470000	211.236	209.707	214.192	215.511	210.441	218.177	221.435	225.294	218.788	213.367	200.076	223.156	225.796	229.058	232.956	221.307	215.364	201.446
-469000	208.6	207.063	211.374	212.678	207.652	215.297	218.501	222.301	216.125	210.741	197.575	220.17	222.757	225.958	229.789	218.548	212.66	198.889
-468000	206.461	204.935	209.087	210.384	205.392	212.961	216.122	219.877	213.885	208.527	195.444	217.882	220.438	223.601	227.388	216.296	210.439	196.77
-467000	198.083	196.598	200.616	201.866	196.996	204.357	207.409	211.033	205.415	200.212	187.545	208.908	211.357	214.393	218.037	207.58	201.9	188.663
-466000	191.979	190.521	193.735	194.946	190.189	197.356	200.3	203.8	198.456	193.381	181.067	201.648	204.022	206.961	210.481	200.524	194.986	182.129
-465000	189.94	188.491	191.04	192.238	187.523	194.6	197.495	200.944	195.983	190.949	178.754	198.847	201.173	204.052	207.501	198.005	192.518	179.797
-464000	188.408	186.967	188.934	190.122	185.433	192.443	195.296	198.695	194.004	188.998	176.903	196.846	199.148	201.997	205.411	196.161	190.7	178.085
-463000	195.992	194.524	195.246	196.465	191.686	198.819	201.584	205.024	200.581	195.449	183.054	203.346	205.686	208.576	212.051	202.712	197.114	184.188
-462000	196.47	195.006	194.666	195.885	191.117	198.219	200.873	204.307	200.08	194.939	182.547	203.017	205.341	208.21	211.669	202.455	196.844	183.915
-461000	189.687	188.255	187.298	188.483	183.831	190.731	193.273	196.583	192.672	187.668	175.634	195.531	197.774	200.544	203.892	195.103	189.633	177.06
-460000	189.237	187.808	185.24	186.414	181.801	188.616	191.406	194.673	190.873	185.896	173.969	193.497	195.698	198.419	201.714	193.244	187.807	175.354
-459000	190.094	188.667	184.352	185.517	180.921	187.704	190.344	193.574	190.101	185.135	173.243	192.547	194.73	197.431	200.702	192.419	186.991	174.546
-458000	191.104	189.679	183.593	184.751	180.172	186.915	189.498	192.703	189.356	184.374	172.593	191.776	193.935	196.612	199.855	191.783	186.359	173.938
-457000	192.913	191.485	183.392	184.546	179.982	186.691	189.252	192.435	189.106	184.148	172.468	191.4	193.539	196.103	199.278	191.539	186.107	173.693
-456000	195.475	194.039	183.74	184.892	180.329	187.034	189.591	192.756	189.466	184.497	172.875	191.577	193.701	196.161	199.38	191.835	186.387	173.959
-455000	198.978	197.539	186.801	187.967	183.343	190.144	192.739	195.933	192.69	187.63	175.865	194.842	196.976	199.424	202.694	195.232	189.697	177.089
-454000	195.366	193.939	183.437	184.586	180.005	186.748	189.346	192.512	189.452	184.43	172.759	191.58	193.676	196.039	199.211	191.979	186.492	173.967
-453000	193.211	191.785	182.537	183.684	179.105	185.838	188.439	191.597	188.704	183.67	171.974	190.789	192.865	195.207	198.332	191.249	185.759	173.205
-452000	191.627	190.208	182.259	183.406	178.828	185.546	188.137	191.282	188.485	183.429	171.736	190.506	192.566	194.883	198.013	191.079	185.574	172.999
-451000	195.625	194.19	186.564	187.729	183.089	189.886	192.501	195.593	192.971	187.825	175.932	194.861	196.936	199.291	202.49	195.582	189.974	177.185
-450000	198.143	196.7	188.941	190.117	185.443	192.276	194.899	197.871	195.401	190.194	178.223	197.332	199.409	201.697	204.871	198.018	192.355	179.431
-449000	199.42	197.978	188.93	190.101	185.431	192.253	194.874	197.818	195.397	190.187	178.264	196.93	199.018	201.361	204.488	197.583	191.934	179.122
-448000	200.094	198.654	188.174	189.338	184.673	191.486	194.116	197.121	194.8	189.596	177.607	195.862	197.954	200.387	203.527	196.727	191.085	178.284
-447000	198.648	197.212	187.43	188.593	183.917	190.743	193.383	196.434	194.216	188.993	176.897	195.286	197.381	199.87	203.007	196.305	190.653	177.835
-446000	201.574	200.126	191.516	192.698	187.955	194.87	197.542	200.64	198.479	193.154	180.821	199.549	201.672	204.214	207.387	200.666	194.909	181.872
-445000	203.325	201.867	193.556	194.749	189.958	196.935	199.615	202.732	200.61	195.217	182.745	201.639	203.752	206.347	209.555	202.875	197.052	183.849
-444000	201.841	200.397	192.41	193.601	188.816	195.768	198.427	201.526	199.447	194.049	181.585	200.473	202.525	205.078	208.284	201.703	195.877	182.659
-443000	191.456	190.039	183.209	184.356	179.719	186.423	188.963	191.925	189.959	184.749	172.763	191.184	193.159	195.637	198.732	192.431	186.783	173.983
-442000	188.717	187.311	181.539	182.674	178.069	184.705	187.206	190.133	188.197	183.027	171.21	189.572	191.525	193.973	197.026	190.761	185.147	172.549
-441000	188.53	187.127	181.401	182.53	177.942	184.538	187.015	189.922	188.043	182.877	171.144	189.291	191.228	193.653	196.628	190.507	184.887	172.339
-440000	190.178	188.771	181.499	182.625	178.047	184.616	187.073	189.959	188.111	182.953	171.294	189.292	191.212	193.454	196.451	190.523	184.886	172.384
-439000	190.285	188.879	181.211	182.339	177.748	184.34	186.815	189.737	187.985	182.809	170.984	189.401	191.307	193.485	196.466	190.562	184.917	172.482
-438000	189.929	188.512	181.083	182.212	177.611	184.218	186.706	189.661	188.036	182.841	170.841	189.529	191.424	193.592	196.562	190.703	185.042	172.585
-437000	188.664	187.242	180.877	182.01	177.391	184.016	186.51	189.479	187.965	182.737	170.607	189.818	191.703	193.871	196.833	191.034	185.342	172.834
-436000	188.623	187.197	180.881	182.018	177.385	184.015	186.502	189.467	188.054	182.791	170.597	190.142	192.018	194.147	197.093	191.365	185.654	173.115
-435000	189.007	187.579	181.239	182.378	177.737	184.36	186.832	189.724	188.43	183.169	170.965	190.536	192.341	194.512	197.484	191.828	186.053	173.481
-434000	189.399	187.967	181.426	182.561	177.959	184.485	186.917	189.845	188.702	183.384	171.22	190.725	192.54	194.83	197.794	192.23	186.429	173.777
-433000	189.967	188.538	181.79	182.926	178.295	184.876	187.318	190.244	189.21	183.879	171.7	190.79	192.645	194.942	197.884	192.425	186.617	173.904
-432000	190.306	188.874	181.995	183.128	178.507	185.067	187.513	190.445	189.44	184.099	172.009	190.705	192.577	194.889	197.813	192.425	186.605	173.902
-431000	192.155	190.726	182.54	183.666	179.074	185.552	187.927	190.79	189.845	184.544	172.566	190.476	192.283	194.612	197.54	192.164	186.339	173.804
-430000	196.224	194.789	182.879	184.002	179.411	185.891	188.263	191.115	190.188	184.887	172.796	190.391	192.13	194.313	197.18	191.899	186.134	173.742
-429000	201.626	200.184	183.785	184.907	180.332	186.775	189.129	191.962	191.047	185.736	173.67	190.401	192.163	194.364	197.206	191.954	186.193	173.702
-428000	218.433	216.937	195.315	196.484	191.754	198.416	200.856	203.801	202.91	197.369	184.787	200.615	202.425	204.69	207.614	202.254	196.289	183.363
-427000	228.561	227.038	201.916	203.113	198.301	205.079	207.564	210.559	209.673	203.982	191.087	205.99	207.813	210.114	213.078	207.679	201.602	188.463
-426000	233.76	232.232	207.881	209.106	204.217	211.102	213.628	216.677	215.82	209.984	196.749	210.607	212.444	214.758	217.743	212.375	206.193	192.815
-425000	232.39	230.854	215.269	216.535	211.517	218.583	221.178	224.315	223.498	217.45	203.771	219.331	221.206	223.578	226.637	221.196	214.816	201.026
-424000	227.984	226.465	221.46	222.758	217.657	224.848	227.5	230.708	229.785	223.568	209.525	227.184	229.108	231.548	234.69	228.989	222.405	208.173
-423000	234.11	232.607	231.161	232.505	227.318	234.659	237.4	240.721	239.458	232.996	218.391	236.255	238.244	240.781	244.046	237.82	230.964	216.118
-422000	240.23	238.72	238.169	239.551	234.275	241.754	244.567	247.975	246.319	239.667	224.632	242.403	244.435	247.036	250.374	243.677	236.646	221.411
-421000	247.834	246.313	245.751	247.175	241.79	249.428	252.315	255.81	253.799	246.941	231.449	249.408	251.491	254.157	257.578	250.433	243.202	227.534
-420000	254.602	253.069	252.236	253.699	248.221	255.995	258.942	262.512	260.23	253.202	237.319	255.101	257.223	259.935	263.425	255.923	248.514	232.456
-419000	258.712	257.173	255.199	256.678	251.17	258.991	261.955	265.553	263.026	255.91	239.851	256.618	258.747	261.468	264.97	257.173	249.694	233.476
-418000	264.936	263.376	259.942	261.456	255.868	263.786	266.779	270.429	267.604	260.359	244.004	259.555	261.7	264.454	267.977	259.855	252.296	235.896
-417000	271.995	270.419	265.044	266.586	260.902	268.951	271.989	275.698	272.477	265.094	248.471	262.44	264.604	267.382	270.932	262.498	254.851	238.245
-416000	279.716	278.114	270.797	272.373	266.588	274.758	277.845	281.609	278.041	270.507	253.545	271.947	274.152	277.008	280.641	271.777	263.911	246.832
-415000	285.749	284.128	275.59	277.188	271.311	279.612	282.748	286.576	282.61	274.927	257.663	280.524	282.784	285.726	289.457	279.959	271.855	254.431
-414000	291.282	289.648	280.238	281.859	275.892	284.313	287.487	291.35	287.014	279.201	261.631	285.503	287.791	290.784	294.573	284.573	276.302	258.549
-413000	295.466	293.819	283.502	285.134	279.106	287.598	290.78	294.675	289.998	282.104	264.353	288.515	290.84	293.872	297.683	287.262	278.921	260.905
-412000	309.964	308.27	296.85	298.541	292.327	301.08	304.358	308.377	303.149	294.969	276.582	291.217	293.504	296.507	300.319	289.556	281.076	262.928
-411000	316.211	314.488	302.433	304.152	297.759	306.745	310.079	314.153	308.139	299.843	281.407	293.385	295.712	298.74	302.559	291.284	282.8	264.62
-410000	321.133	319.372	307.309	309.048	302.684	311.623	314.962	319.08	312.809	304.4	285.587	295.258	297.626	300.73	304.625	293.172	284.616	266.165
-409000	324.159	322.429	310.359	312.118	305.64	314.705	318.057	322.17	315.451	306.881	287.74	296.455	298.725	301.71	305.533	294.114	285.466	266.685
-408000	326.727	324.922	312.721	314.501	307.906	317.16	320.59	324.781	317.394	308.787	289.714	297.425	299.691	302.673	306.48	294.617	285.876	267.001
-407000	327.714	325.944	313.942	315.725	309.215	318.319	321.692	325.86	318.4	309.733	290.4	297.866	300.181	303.204	307.021	294.58	285.779	267.146
-406000	328.838	327.075	315.071	316.87	310.163	319.508	322.917	327.1	319.244	310.449	290.738	298.283	300.639	303.726	307.606	294.815	286.095	267.512
-405000	329.443	327.575	315.595	317.402	310.753	320.059	323.509	327.759	319.503	310.637	291.132	298.267	300.561	303.657	307.557	294.91	286.161	267.508
-404000	329.835	328.055	316.374	318.18	311.598	320.754	324.113	328.269	319.911	311.097	291.573	298.424	300.65	303.606	307.387	294.854	286.071	267.271
-403000	327.931	326.175	314.436	316.249	309.516	318.851	322.231	326.392	317.8	308.93	289.162	297.237	299.453	302.395	306.153	293.456	284.649	265.663
-402000	324.205	322.361	310.636	312.439	305.722	315.027	318.399	322.571	313.894	305.006	285.246	294.838	297.075	300.001	303.735	290.851	282.022	262.984
-401000	306.841	305.038	296.134	297.892	291.41	300.4	303.674	307.729	299.183	290.491	271.286	292.726	294.985	297.927	301.638	288.601	279.772	260.738
-400000	292.72	290.916	286.701	287.261	280.855	289.698	292.885	296.831	288.573	280.081	261.318	290.533	292.765	295.683	299.357	286.305	277.515	258.599
-399000	281.003	279.252	279.866	280.802	274.486	283.17	286.281	290.132	282.105	273.756	255.329	282.858	285.031	287.882	291.481	278.603	269.957	251.394
-398000	269.909	268.186	273.661	274.752	268.543	277.058	280.093	283.857	276.045	267.822	249.707	276	278.114	280.897	284.418	271.816	263.317	245.105
-397000	259.6	257.92	267.642	268.853	262.716	271.103	274.064	277.735	270.188	262.141	244.381	271.55	273.612	276.343	279.807	267.433	259.039	241.079
-396000	249.89	248.252	262.246	263.508	257.463	265.698	268.586	272.169	264.858	256.943	239.497	267.82	269.853	272.553	275.974	263.767	255.466	237.713
-395000	241.787	240.179	256.835	258.109	252.177	260.232	263.033	266.51	259.478	251.734	234.683	263.51	265.49	268.127	271.477	259.541	251.362	233.895
-394000	234.964	233.384	251.914	253.19	247.354	255.254	257.981	261.364	254.593	246.988	230.262	259.48	261.411	263.991	267.272	255.604	247.535	230.332
-393000	230.108	228.532	247.708	248.992	243.24	251.002	253.651	256.955	250.449	242.981	226.569	255.571	257.455	259.978	263.192	251.797	243.842	226.922
-392000	226.444	224.882	244.146	245.436	239.745	247.397	249.99	253.22	246.923	239.573	223.419	252.302	254.149	256.631	259.787	248.618	240.769	224.115
-391000	225.11	223.546	241.197	242.477	236.859	244.388	246.921	250.08	244.021	236.776	220.871	248.993	250.789	253.209	256.296	245.442	237.66	221.219
-390000	225.271	223.706	239.006	240.28	234.713	242.149	244.635	247.737	241.909	234.732	219.002	246.147	247.909	250.291	253.324	242.678	234.995	218.738
-389000	224.933	223.371	237.153	238.438	232.894	240.283	242.738	245.805	240.086	232.959	217.325	243.968	245.701	248.051	251.048	240.599	232.971	216.849
-388000	222.638	221.09	233.867	235.138	229.658	236.942	239.348	242.359	236.928	229.858	214.416	240.68	242.379	244.689	247.636	237.395	229.847	213.886
-387000	221.785	220.24	233.295	234.582	229.097	236.376	238.768	241.764	236.344	229.283	213.824	240.454	242.125	244.411	247.337	237.342	229.782	213.841
-386000	220.07	218.536	232.119	233.409	227.945	235.18	237.541	240.473	235.228	228.177	212.755	239.972	241.638	243.918	246.829	236.801	229.251	213.308
-385000	217.027	215.513	229.519	230.795	225.392	232.527	234.853	237.779	232.822	225.824	210.539	237.844	239.483	241.731	244.605	234.749	227.242	211.402
-384000	214.42	212.913	227.102	228.38	223.001	230.093	232.39	235.281	230.292	223.341	208.191	235.543	237.142	239.348	242.179	232.653	225.192	209.463
-383000	214.282	212.79	226.492	227.766	222.409	229.447	231.708	234.56	229.717	222.793	207.693	234.851	236.445	238.638	241.45	231.91	224.464	208.801
-382000	214.392	212.893	225.586	226.862	221.518	228.533	230.781	233.615	229.002	222.088	207.028	234.028	235.601	237.771	240.557	231.119	223.693	208.058
-381000	212.933	211.443	223.537	224.81	219.493	226.457	228.678	231.479	226.903	219.965	205.058	231.876	233.417	235.558	238.311	229.166	221.774	206.23
-380000	211.854	210.371	222.056	223.324	218.033	224.947	227.14	229.91	225.345	218.505	203.607	230.352	231.883	234.003	236.729	227.7	220.334	204.865
-379000	208.557	207.09	218.66	219.912	214.683	221.487	223.622	226.325	222.013	215.245	200.517	226.959	228.458	230.54	233.22	224.24	216.946	201.65
-378000	206.387	204.936	216.17	217.413	212.222	218.973	221.091	223.771	219.727	213.002	198.396	224.533	225.992	228.033	230.67	222.011	214.762	199.56
-377000	201.155	199.721	210.765	211.984	206.88	213.501	215.563	218.176	214.189	207.587	193.271	218.951	220.38	222.375	224.952	216.518	209.392	194.496
-376000	198.925	197.503	207.948	209.152	204.103	210.635	212.656	215.223	211.547	205.008	190.844	215.96	217.349	219.303	221.829	213.683	206.636	191.901
-375000	202.962	201.528	211.633	212.854	207.746	214.344	216.377	218.965	215.282	208.646	194.288	219.778	221.171	223.138	225.681	217.592	210.394	195.511
-374000	204.934	203.49	213.462	214.628	209.557	216.075	218.1	220.689	217.198	210.499	196.016	221.862	223.249	225.213	227.76	219.595	212.385	197.42
-373000	204.681	203.239	212.784	214.017	208.901	215.491	217.506	220.078	216.717	210.027	195.582	221.303	222.67	224.612	227.136	219.092	211.895	196.94
-372000	204.262	202.824	211.789	213.04	207.909	214.494	216.486	219.031	215.785	209.11	194.719	220.32	221.665	223.574	226.048	218.211	211.03	195.992
-371000	200.783	199.36	207.589	208.821	203.756	210.239	212.186	214.679	211.571	204.982	190.799	215.907	217.214	219.088	221.534	214.027	206.934	192.096
-370000	194.803	193.416	201.213	202.415	197.469	203.766	205.635	208.038	205.163	198.733	184.935	209.277	210.544	212.358	214.729	207.573	200.65	186.203
-369000	196.092	194.695	200.969	202.161	197.231	203.5	205.359	207.742	205.088	198.678	184.916	208.841	210.085	211.872	214.211	207.286	200.38	185.995
-368000	196.427	195.03	199.714	200.897	195.988	202.216	204.052	206.406	203.914	197.518	183.813	207.535	208.763	210.529	212.844	206.089	199.2	184.864
-367000	195.839	194.446	198.098	199.269	194.39	200.566	202.365	204.659	202.385	196.018	182.4	205.896	207.079	208.789	211.054	204.575	197.724	183.48
-366000	197.697	196.298	198.904	200.074	195.195	201.354	203.146	205.454	203.348	196.964	183.371	206.708	207.899	209.622	211.894	205.468	198.598	184.346
-365000	196.423	195.029	197.048	198.208	193.345	199.479	201.253	203.536	201.471	195.107	181.538	205.026	206.2	207.9	210.146	203.861	197.015	182.81
-364000	194.837	193.449	195.197	196.346	191.513	197.593	199.338	201.587	199.685	193.356	179.859	203.167	204.316	205.987	208.199	202.111	195.303	181.196
-363000	193.776	192.393	193.738	194.881	190.093	196.069	197.759	199.957	198.363	192.06	178.635	201.667	202.773	204.402	206.574	200.832	194.057	180.031
-362000	193.048	191.662	192.453	193.588	188.802	194.789	196.482	198.673	197.195	190.912	177.582	200.441	201.547	203.168	205.322	199.685	192.93	178.98
-361000	192.888	191.512	191.57	192.701	187.935	193.841	195.472	197.615	196.397	190.126	176.8	199.318	200.375	201.956	204.076	198.758	192.018	178.106
-360000	193.012	191.625	190.536	191.66	186.912	192.826	194.48	196.629	195.597	189.337	176.052	198.192	199.265	200.848	202.955	197.809	191.089	177.235
-359000	193.804	192.415	190.014	191.134	186.395	192.291	193.93	196.061	195.142	188.888	175.633	197.437	198.495	200.061	202.147	196.985	190.332	176.6
-358000	194.641	193.243	189.469	190.586	185.861	191.725	193.344	195.453	194.527	188.386	175.174	196.691	197.73	199.274	201.337	196.292	189.591	175.967
-357000	195.663	194.251	189.368	190.484	185.766	191.607	193.21	195.302	194.434	188.183	175.116	196.41	197.433	198.959	201.004	196.102	189.387	175.745
-356000	196.549	195.166	189.207	190.321	185.612	191.428	193.014	195.088	194.331	188.054	175.004	196.146	197.152	198.66	200.686	195.934	189.216	175.552
-355000	198.333	196.954	189.72	190.835	186.126	191.929	193.503	195.566	194.823	188.533	175.513	196.549	197.542	199.037	201.051	196.416	189.666	175.946
-354000	200.454	199.046	190.634	191.753	187.019	192.847	194.413	196.469	195.768	189.47	176.401	197.255	198.236	199.723	201.728	197.118	190.313	176.598
-353000	199.786	198.368	190.932	192.054	187.288	193.17	194.761	196.836	196.244	189.909	176.725	198.205	199.175	200.651	202.648	197.999	191.148	177.5
-352000	202.663	201.263	194.813	195.954	191.106	197.099	198.73	200.855	200.422	193.95	180.409	202.873	203.861	205.361	207.389	202.64	195.698	181.8
-351000	199.912	198.526	192.366	193.494	188.729	194.577	196.174	198.282	198.044	191.611	178.12	200.563	201.561	203.066	205.093	200.566	193.671	179.735
-350000	195.691	194.32	188.278	189.389	184.687	190.434	192	194.065	193.954	187.601	174.277	196.567	197.545	199.022	201.013	196.672	189.864	176.076
-349000	197.771	196.383	189.346	190.46	185.745	191.496	193.051	195.103	195.009	188.632	175.336	197.661	198.482	199.932	201.898	197.931	191.067	177.132
-348000	196.651	195.267	187.394	188.499	183.816	189.506	191.009	193.001	193.023	186.672	173.528	195.659	196.385	197.829	199.778	196.018	189.184	175.281
-347000	195.313	193.932	186.029	187.129	182.468	188.119	189.62	191.614	191.882	185.532	172.275	194.745	195.434	196.861	198.793	195.074	188.27	174.438
-346000	193.867	192.505	185.151	186.249	181.587	187.205	188.657	190.609	191.047	184.718	171.452	193.906	194.764	196.18	198.099	194.376	187.547	173.705
-345000	191.118	189.754	183.473	184.564	179.796	185.528	186.986	188.929	189.482	183.15	169.92	192.6	193.457	194.825	196.695	193.091	186.312	172.525
-344000	189.725	188.353	182.78	183.869	179.219	184.829	186.277	188.205	188.73	182.395	169.188	192.122	192.988	194.363	196.237	192.551	185.75	172.124
-343000	189.888	188.515	182.924	184.007	179.511	184.95	186.381	188.295	189.004	182.678	169.46	191.803	192.657	193.976	195.795	192.288	185.472	171.885
-342000	190.967	189.593	182.966	184.046	179.559	184.985	186.401	188.296	189.118	182.793	169.534	191.42	192.254	193.482	195.316	192.003	185.194	171.657
-341000	197.857	196.468	184.334	185.41	181.026	186.331	187.733	189.613	190.416	184.112	170.975	191.539	192.356	193.499	195.319	192.038	185.261	171.818
-340000	206.782	205.369	186.27	187.348	182.886	188.277	189.68	191.556	192.348	186.009	172.799	191.416	192.244	193.397	195.193	191.968	185.215	171.707
-339000	215.727	214.275	191.385	192.483	187.953	193.403	194.818	196.726	197.61	191.127	177.66	194.955	195.771	196.933	198.736	195.553	188.716	175.06
-338000	235.433	233.908	212.152	213.339	208.479	214.321	215.838	217.883	218.898	211.885	197.341	214.652	215.509	216.758	218.674	215.387	208.069	193.471
-337000	241.4	239.848	224.546	225.789	220.73	226.801	228.374	230.499	231.702	224.35	209.121	227.592	228.46	229.747	231.721	228.515	220.905	205.735
-336000	240.832	239.285	230.676	231.946	226.814	232.956	234.542	236.692	237.847	230.325	214.759	234.621	235.491	236.792	238.791	235.492	227.691	212.129
-335000	250.852	249.292	242.462	243.789	238.486	244.84	246.491	248.73	249.501	241.642	225.374	248.183	249.091	250.465	252.556	248.693	240.475	224.069
-334000	260.358	258.777	252.062	253.437	247.973	254.524	256.231	258.544	258.854	250.712	233.862	263.462	264.409	265.88	268.019	263.512	254.9	237.532
-333000	274.197	272.584	264.393	265.823	260.173	266.947	268.71	271.106	270.974	262.52	245.036	274.819	275.801	277.34	279.567	274.402	265.46	247.432
-332000	290.293	288.645	278.404	279.893	274.05	281.051	282.873	285.356	284.847	276.044	257.843	283.101	284.108	285.698	287.991	282.249	273.028	254.426
-331000	302.827	301.105	290.082	291.628	285.503	292.84	294.757	297.353	296.229	286.986	268.076	286.52	287.527	289.129	291.445	285.249	275.884	257.031
-330000	308.869	307.113	296.063	297.65	291.393	298.874	300.82	303.447	301.805	292.364	273.026	290.233	291.246	292.875	295.225	288.616	279.095	259.985
-329000	312.671	310.86	299.55	301.17	294.791	302.433	304.413	307.085	305.044	295.436	275.767	291.554	292.569	294.215	296.585	289.665	280.066	260.839
-328000	316.812	315.04	303.296	304.941	298.527	306.145	308.077	310.709	308.229	298.596	278.821	292.868	293.836	295.437	297.793	290.66	281.043	261.683
-327000	317.444	315.59	303.89	305.552	298.972	306.813	308.798	311.482	308.674	298.947	278.766	292.311	293.326	294.972	297.327	289.969	280.224	260.594
-326000	317.4	315.626	304.256	305.912	299.465	307.096	309.013	311.644	308.702	298.82	278.748	291.848	292.837	294.511	296.919	289.356	279.495	260.028
-325000	302.633	300.889	292.085	293.71	287.333	294.86	296.719	299.276	296.085	286.412	266.806	291.382	292.299	293.84	296.123	288.327	278.518	259.235
-324000	292.047	290.339	285.223	286.833	280.483	287.94	289.758	292.267	289.094	279.546	260.193	290.88	291.788	293.318	295.584	287.449	277.737	258.396
-323000	282.547	280.875	279.734	281.325	275.006	282.43	284.214	286.672	283.477	274.039	254.912	286.615	287.549	289.084	291.329	283.058	273.388	254.155
-322000	273.539	271.897	274.844	276.411	270.167	277.486	279.265	281.721	278.466	269.134	250.232	278.66	279.554	281.053	283.24	275.061	265.518	246.616
-321000	265.731	264.108	270.608	272.144	266.023	273.223	274.992	277.422	274.274	265.074	246.406	275.301	276.165	277.632	279.78	271.687	262.194	243.329
-320000	258.363	256.802	266.867	268.38	262.357	269.461	271.21	273.614	270.437	261.343	242.87	272.752	273.607	275.075	277.228	269.098	259.662	240.934
-319000	252.712	251.185	263.658	265.148	259.025	266.2	267.905	270.248	266.984	258.014	239.812	269.99	270.832	272.277	274.391	266.29	256.903	238.339
-318000	248.699	247.151	261.186	262.663	256.492	263.684	265.345	267.644	264.153	255.273	237.292	267.932	268.774	270.248	272.403	264.274	254.964	236.514
-317000	247.179	245.642	259.748	261.219	255.121	262.196	263.803	266.046	262.622	253.803	235.907	266.846	267.671	269.126	271.252	262.902	253.651	235.345
-316000	247.263	245.698	259.029	260.485	254.408	261.464	263.066	265.302	261.794	253.018	235.268	266.435	267.205	268.598	270.66	262.393	253.147	234.835
-315000	247.418	245.868	258.32	259.767	253.724	260.727	262.306	264.516	260.906	252.152	234.378	265.422	266.211	267.619	269.692	261.504	252.279	234.019
-314000	247.416	245.849	257.534	258.975	252.962	259.913	261.469	263.65	260.058	251.328	233.605	264.509	265.292	266.682	268.736	260.415	251.276	233.078
-313000	246.659	245.059	256.744	258.184	252.184	259.103	260.584	262.635	259.22	250.485	232.764	264.198	264.963	266.334	268.373	259.849	250.676	232.618
-312000	244.884	243.291	255.469	256.904	250.931	257.797	259.163	261.353	257.9	249.184	231.514	263.322	264.069	265.421	267.442	258.937	249.688	231.635
-311000	242.507	240.925	254.207	255.638	249.684	256.35	257.942	260.114	256.602	247.89	230.244	262.674	263.403	264.739	266.742	258.261	249	230.866
-310000	240.654	239.084	253.644	255.092	249.173	255.876	257.452	259.607	256.05	247.335	229.695	262.731	263.444	264.766	266.757	258.277	248.978	230.732
-309000	236.71	235.153	251.016	252.428	246.555	253.414	254.949	257.061	253.461	244.815	227.361	260.721	261.411	262.708	264.669	256.277	247.025	228.687
-308000	232.677	231.141	248.739	250.134	244.251	251.096	252.592	254.664	250.984	242.404	225.064	258.85	259.503	260.755	262.667	254.458	245.255	226.966
-307000	229.445	227.919	246.033	247.411	241.592	248.332	249.783	251.804	248.329	239.839	222.716	256.353	256.997	258.242	260.136	251.98	242.861	224.769
-306000	227.409	225.885	243.908	245.273	239.5	246.153	247.566	249.542	246.186	237.77	220.782	254.278	254.905	256.133	257.999	249.927	240.878	222.966
-305000	226.607	225.095	241.912	243.258	237.531	244.103	245.485	247.431	244.12	235.789	218.975	251.97	252.571	253.769	255.599	247.719	238.751	221.023
-304000	226.401	224.875	239.931	241.263	235.583	242.074	243.421	245.328	242.247	233.984	217.345	249.751	250.322	251.48	253.262	245.532	236.65	219.11
-303000	226.132	224.611	237.758	239.075	233.447	239.851	241.157	243.016	239.988	231.8	215.292	246.838	247.402	248.554	250.319	242.69	233.904	216.577
-302000	226.736	225.202	236.083	237.388	231.787	238.141	239.43	241.273	238.351	230.225	213.896	244.378	244.893	245.999	247.719	240.366	231.652	214.485
-301000	225.28	223.748	234.17	235.47	229.888	236.201	237.469	239.277	236.42	228.306	211.964	242.378	242.91	244.022	245.733	238.381	229.709	212.682
-300000	222.42	220.913	231.725	233.015	227.482	233.716	234.956	236.746	234.153	226.087	209.852	240.418	240.931	242.015	243.692	236.433	227.783	210.779
-299000	220.377	218.86	230.443	231.725	226.2	232.413	233.64	235.41	232.765	224.728	208.602	239.514	240.013	241.087	242.754	235.628	227.001	210.061
-298000	217.877	216.374	228.743	230.022	224.536	230.672	231.86	233.592	231.157	223.145	207.032	238.004	238.487	239.543	241.18	234.142	225.561	208.719
-297000	214.129	212.633	225.507	226.764	221.324	227.407	228.58	230.289	227.908	219.988	204.113	234.48	234.92	235.937	237.538	230.841	222.357	205.726
-296000	210.156	208.677	221.737	222.977	217.604	223.589	224.725	226.392	224.2	216.372	200.656	230.481	230.931	231.938	233.513	226.909	218.547	202.208
-295000	209.741	208.266	219.801	221.025	215.693	221.626	222.744	224.385	222.221	214.466	198.962	228.042	228.474	229.443	230.961	224.484	216.195	199.975
-294000	210.822	209.346	218.521	219.737	214.431	220.319	221.415	223.031	220.954	213.236	197.752	226.278	226.695	227.661	229.181	222.923	214.694	198.599
-293000	215.16	213.675	219.818	221.037	215.718	221.608	222.692	224.302	222.311	214.553	199	226.998	227.409	228.368	229.88	223.659	215.401	199.272
-292000	219.751	218.249	221.224	222.448	217.107	223.007	224.082	225.685	223.754	215.941	200.259	227.658	228.063	229.01	230.512	224.316	216.033	199.875
-291000	224.814	223.295	224.39	225.632	220.221	226.197	227.286	228.912	226.789	218.848	202.955	230.128	230.52	231.47	232.98	226.825	218.425	202.043
-290000	230.964	229.418	229.018	230.279	224.797	230.833	231.921	233.562	231.558	223.444	207.189	234.502	234.899	235.862	237.389	231.073	222.534	205.909
-289000	238.101	236.53	233.996	235.279	229.698	235.846	236.956	238.624	236.482	228.232	211.735	238.556	238.929	239.873	241.39	234.981	226.295	209.387
-288000	245.651	244.055	239.13	240.436	234.789	240.981	242.074	243.739	241.591	233.157	216.289	242.252	242.635	243.597	245.142	238.68	229.856	212.695
-287000	251.125	249.508	244.506	245.846	240.066	246.405	247.529	249.238	246.957	238.311	221.052	247.266	247.632	248.59	250.142	243.482	234.473	216.972
-286000	253.924	252.299	248.267	249.63	243.783	250.179	251.305	253.023	250.665	241.865	224.317	250.695	251.049	252.005	253.565	246.836	237.672	219.884
-285000	254.05	252.424	250.424	251.807	245.905	252.344	253.47	255.192	252.826	243.891	226.088	253.427	253.772	254.727	256.291	249.416	240.12	222.09
-284000	252.833	251.213	251.773	253.169	247.229	253.695	254.818	256.54	254.084	245.054	227.081	255.568	255.903	256.858	258.427	251.418	242.008	223.772
-283000	247.194	245.605	249.031	250.417	244.507	250.92	252.017	253.711	251.351	242.392	224.597	254.547	254.843	255.757	257.283	250.243	240.863	222.702
-282000	241.409	239.837	246.344	247.72	241.878	248.139	249.203	250.892	248.743	239.842	222.184	253.585	253.862	254.757	256.26	249.145	239.769	221.609
-281000	235.419	233.862	243.217	244.575	238.794	245.006	246.04	247.699	245.613	236.809	219.366	251.69	251.949	252.824	254.295	247.275	237.949	219.904
-280000	229.765	228.224	240.387	241.729	235.979	242.165	243.173	244.793	242.677	233.954	216.691	249.597	249.844	250.701	252.159	245.238	235.975	218.079
-279000	213.026	211.548	226.398	227.675	222.152	228.082	229.033	230.563	228.599	220.275	203.819	235.515	235.733	236.537	237.917	231.423	222.563	205.465
-278000	199.403	197.994	215.035	216.259	210.933	216.637	217.533	218.982	217.27	209.293	193.528	223.725	223.929	224.688	225.998	219.912	211.425	195.068
-277000	194.16	192.782	208.802	209.986	204.793	210.342	211.201	212.59	211.152	203.393	188.078	216.923	217.113	217.836	219.1	213.392	205.137	189.255
-276000	195.423	194.038	207.897	209.071	203.911	209.402	210.242	211.601	210.363	202.669	187.47	215.651	215.82	216.519	217.755	212.256	204.056	188.303
-275000	193.817	192.44	204.119	205.279	200.186	205.579	206.39	207.706	206.672	199.086	184.117	211.863	212.012	212.643	213.84	208.62	200.524	184.992
-274000	192.589	191.231	200.809	201.952	196.914	202.246	203.034	204.306	203.487	196.005	181.269	208.26	208.406	209.07	210.253	205.311	197.324	182.034
-273000	191.617	190.249	198.581	199.719	194.715	199.997	200.762	202.012	201.362	193.94	179.331	205.995	206.141	206.792	207.949	203.25	195.329	180.172
-272000	190.59	189.235	196.6	197.736	192.769	197.978	198.707	199.92	199.522	192.154	177.693	203.96	204.074	204.689	205.809	201.395	193.533	178.519
-271000	191.042	189.674	195.336	196.456	191.521	196.706	197.431	198.633	198.422	191.095	176.697	202.47	202.588	203.199	204.305	200.13	192.315	177.385
-270000	191.803	190.432	194.068	195.178	190.274	195.415	196.122	197.301	197.275	189.987	175.677	201.041	201.145	201.737	202.806	198.864	191.097	176.269
-269000	193.105	191.726	193.596	194.701	189.811	194.924	195.614	196.776	196.918	189.637	175.357	200.463	200.552	200.997	202.054	198.419	190.661	175.863
-268000	194.043	192.653	193.07	194.17	189.296	194.379	195.053	196.116	196.505	189.235	174.989	199.77	199.762	200.335	201.399	197.907	190.16	175.396
-267000	195.533	194.157	193.121	194.22	189.35	194.415	195.075	196.065	196.664	189.385	175.136	199.612	199.691	200.289	201.34	197.949	190.196	175.43
-266000	197.09	195.702	193.083	194.179	189.316	194.361	195.007	195.941	196.731	189.445	175.183	199.49	199.581	200.175	201.217	197.927	190.172	175.411
-265000	197.665	196.261	193.173	194.271	189.404	194.441	195.074	195.94	196.916	189.592	175.221	199.699	199.794	200.387	201.439	198.287	190.511	175.723
-264000	210.087	208.65	204.92	206.066	201.009	206.227	206.871	207.759	208.832	201.161	186.083	211.708	211.743	212.35	213.45	210.412	202.28	186.783
-263000	217.974	216.499	211.861	213.032	207.845	213.216	213.894	214.868	215.734	207.864	192.488	219.202	219.19	219.707	220.769	217.658	209.275	193.304
-262000	220.849	219.363	214.246	215.431	210.202	215.59	216.244	217.197	218.087	210.12	194.524	221.786	221.759	222.271	223.343	220.183	211.718	195.591
-261000	221.42	219.919	214.528	215.71	210.453	215.892	216.572	217.598	218.212	210.231	194.68	222.508	222.473	222.952	223.983	220.662	212.142	195.916
-260000	222.396	220.874	215.402	216.584	211.304	216.78	217.477	218.574	219.165	211.149	195.535	223.803	223.798	224.307	225.341	221.746	213.187	196.967
-259000	223.259	221.758	215.475	216.662	211.402	216.799	217.459	218.592	219.222	211.202	195.589	224.028	224.041	224.572	225.615	221.896	213.333	197.102
-258000	224.14	222.639	215.106	216.291	211.038	216.408	217.028	218.078	218.78	210.766	195.171	223.758	223.777	224.316	225.351	221.572	213.016	196.803
-257000	224.947	223.443	214.618	215.801	210.553	215.908	216.514	217.503	218.22	210.209	194.631	223.148	223.169	223.709	224.747	220.935	212.386	196.197
-256000	225.792	224.271	214.164	215.343	210.101	215.439	216.034	217.016	217.719	209.713	194.158	222.398	222.416	222.953	223.997	220.224	211.686	195.523
-255000	220.524	219.004	209.292	210.455	205.276	210.54	211.118	212.086	212.783	204.873	189.507	217.692	217.66	218.185	219.216	215.573	207.146	191.206
-254000	213.035	211.537	203.177	204.314	199.235	204.387	204.941	205.884	206.645	198.89	183.829	211.666	211.589	212.095	213.098	209.639	201.37	185.744
-253000	212.137	210.643	203.484	204.622	199.54	204.681	205.226	206.174	207.093	199.344	184.284	212.088	212.02	212.508	213.494	210.082	201.805	186.206
-252000	212.855	211.379	205.418	206.564	201.445	206.615	207.157	208.106	209.068	201.232	186.071	214.147	214.066	214.537	215.508	212.173	203.82	188.057
-251000	216.745	215.245	208.218	209.37	204.227	209.408	209.938	210.882	211.896	203.993	188.653	216.476	216.379	216.834	217.792	214.511	206.079	190.143
-250000	220.057	218.553	209.164	210.313	205.154	210.368	210.911	211.881	212.865	204.947	189.631	216.838	216.748	217.196	218.148	214.828	206.398	190.522
-249000	225.722	224.187	213.186	214.36	209.149	214.364	214.88	215.826	216.962	208.894	193.259	219.891	219.751	220.168	221.099	217.928	209.392	193.284
-248000	231.1	229.552	217.273	218.461	213.157	218.488	219.027	220.01	220.978	212.773	196.934	222.948	222.805	223.222	224.161	220.926	212.286	196
-247000	235.703	234.143	221.702	222.912	217.535	222.911	223.432	224.401	225.427	217.046	200.825	226.541	226.386	226.792	227.724	224.385	215.599	199.061
-246000	239.837	238.253	226.02	227.252	221.802	227.238	227.759	228.757	229.667	221.152	204.699	230.358	230.187	230.582	231.509	228.073	219.178	202.423
-245000	244.873	243.266	232.975	234.233	228.647	234.229	234.764	235.786	236.544	227.799	210.927	236.75	236.558	236.942	237.869	234.336	225.274	208.207
-244000	248.898	247.282	239.372	240.658	234.97	240.635	241.163	242.193	242.88	233.93	216.655	242.581	242.377	242.762	243.702	239.955	230.692	213.258
-243000	254.579	252.946	247.125	248.447	242.625	248.411	248.941	249.992	250.538	241.334	223.582	249.462	249.246	249.627	250.575	246.645	237.142	219.273
-242000	258.848	257.198	253.296	254.647	248.721	254.596	255.123	256.186	256.641	247.225	229.077	263.756	263.518	263.885	264.847	260.64	250.721	232.062
-241000	268.566	266.889	262.562	263.953	257.885	263.884	264.411	265.489	265.805	256.098	237.384	274.868	274.611	274.875	275.87	271.207	260.916	241.646
-240000	278.461	276.75	271.024	272.459	266.24	272.37	272.905	273.998	274.077	264.096	244.85	282.361	282.093	282.38	283.397	278.323	267.738	247.888
-239000	280.361	278.623	273.84	275.308	268.968	275.203	275.735	276.837	276.718	266.514	246.857	286.793	286.509	286.801	287.83	282.434	271.651	251.421
-238000	279.716	277.965	275.379	276.866	270.459	276.738	277.261	278.355	278.07	267.743	247.865	290.217	289.891	290.163	291.174	285.522	274.588	254.057
-237000	272.247	270.518	271.675	273.157	266.764	273.014	273.519	274.597	274.204	263.897	244.022	289.241	288.895	289.158	290.154	284.358	273.319	252.706
-236000	264.518	262.829	268.6	270.081	263.721	269.916	270.4	271.456	270.948	260.661	240.893	278.038	277.671	277.909	278.864	273.156	262.349	242.182
-235000	252.271	250.633	261.387	262.839	256.626	262.637	263.071	264.065	263.633	253.517	234.141	270.875	270.506	270.733	271.649	266.088	255.478	235.663
-234000	241.012	239.415	255.623	257.045	250.948	256.826	257.213	258.268	257.873	247.931	228.856	266.186	265.807	266.009	266.9	261.392	250.925	231.398
-233000	232.909	231.349	251.14	252.518	246.501	252.333	252.701	253.725	253.205	243.446	224.746	262.034	261.647	261.84	262.703	257.26	246.941	227.699
-232000	227.599	226.061	248.16	249.518	243.548	249.334	249.697	250.692	250.144	240.498	222.026	259.162	258.768	258.951	259.787	254.398	244.203	225.195
-231000	225.92	224.397	245.669	247.006	241.104	246.815	247.168	248.13	247.489	238.001	219.832	256.11	255.718	255.901	256.72	251.468	241.42	222.661
-230000	225.08	223.559	242.702	244.023	238.189	243.814	244.149	245.081	244.626	235.266	217.351	252.791	252.397	252.572	253.367	248.12	238.206	219.712
-229000	224.054	222.536	239.144	240.444	234.689	240.214	240.512	241.395	240.908	231.698	214.081	248.764	248.357	248.513	249.28	244.201	234.422	216.196
-228000	223.815	222.31	236.081	237.357	231.658	237.14	237.454	238.333	237.854	228.769	211.421	245.431	245.02	245.166	245.91	240.905	231.261	213.292
-227000	221.67	220.157	232.6	233.861	228.217	233.627	233.922	234.773	234.408	225.422	208.249	241.779	241.335	241.453	242.167	237.322	227.805	210.067
-226000	218.555	217.056	228.997	230.243	224.66	229.994	230.268	231.092	230.77	221.899	204.954	237.918	237.505	237.634	238.337	233.53	224.137	206.665
-225000	213.261	211.78	223.882	225.103	219.598	224.85	225.106	225.902	225.616	216.892	200.241	232.551	232.122	232.229	232.903	228.342	219.094	201.876
-224000	204.406	202.964	215.989	217.174	211.799	216.928	217.177	217.946	217.767	209.275	193.083	224.365	223.938	224.032	224.673	220.304	211.326	194.627
-223000	206.613	205.172	214.703	215.866	210.559	215.621	215.865	216.62	216.49	208.114	192.151	222.125	221.684	221.753	222.366	218.2	209.334	192.848
-222000	212.004	210.538	214.682	215.838	210.551	215.582	215.815	216.555	216.53	208.186	192.294	221.347	220.924	221	221.609	217.638	208.836	192.472
-221000	221.653	220.166	219.158	220.332	214.971	220.07	220.307	221.053	220.951	212.456	196.296	223.943	223.506	223.572	224.175	220.204	211.287	194.722
-220000	229.227	227.713	222.034	223.222	217.819	222.939	223.162	223.898	223.801	215.193	198.84	224.718	224.27	224.324	224.919	221	212.047	195.435
-219000	239.749	238.187	231.329	232.555	226.956	232.28	232.526	233.297	233.234	224.328	207.369	232.768	232.312	232.369	232.975	228.963	219.775	202.714
-218000	252.928	251.307	244.635	245.918	240.101	245.599	245.83	246.611	246.441	237.116	219.378	254.662	254.128	254.105	254.714	250.386	240.479	222.075
-217000	261.527	259.869	253.99	255.325	249.302	254.985	255.217	256.023	255.754	246.012	227.5	265.967	265.4	265.177	265.81	261.213	250.875	231.754
-216000	266.51	264.831	260.184	261.555	255.408	261.189	261.411	262.221	261.858	251.856	232.864	273.002	272.408	272.187	272.825	267.896	257.285	237.653
-215000	270.393	268.697	265.361	266.762	260.496	266.372	266.583	267.394	266.887	256.653	237.234	279.552	278.924	278.673	279.297	274.088	263.211	243.087
-214000	271.655	269.956	268.041	269.461	263.12	269.048	269.249	270.056	269.409	259.035	239.364	283.274	282.636	282.433	283.065	277.576	266.52	246.074
-213000	269.757	268.061	267.581	269.005	262.647	268.579	268.768	269.565	268.808	258.414	238.725	276.428	275.786	275.608	276.221	270.639	259.722	239.588
-212000	269.188	267.47	268.222	269.651	263.273	269.207	269.381	270.163	269.347	258.909	239.126	273.028	272.374	272.192	272.786	267.228	256.388	236.413
-211000	266.599	264.887	267.066	268.492	262.131	268.008	268.125	268.845	267.969	257.516	237.756	270.888	270.219	270.029	270.607	265.014	254.184	234.308
-210000	266.058	264.386	267.555	268.982	262.547	268.527	268.676	269.413	268.208	257.725	237.927	271.098	270.413	270.21	270.772	265.041	254.164	234.244
-209000	262.43	260.751	266.061	267.488	261.046	267.028	267.175	267.921	266.671	256.207	236.466	270.688	270.021	269.875	270.448	264.409	253.523	233.661
-208000	256.887	255.191	263.621	265.042	258.693	264.55	264.677	265.404	264.399	253.963	234.268	269.735	269.075	268.967	269.547	263.325	252.624	232.806
-207000	250.209	248.531	259.611	261.01	254.767	260.474	260.53	261.183	260.36	250.075	230.672	266.495	265.834	265.736	266.301	260.124	249.585	229.981
-206000	245.93	244.285	257.096	258.483	252.304	257.935	257.983	258.635	257.85	247.653	228.436	264.845	264.165	264.05	264.59	258.41	247.836	228.404
-205000	247.063	245.422	256.872	258.24	252.07	257.71	257.756	258.396	257.428	247.321	228.295	263.649	262.952	262.819	263.33	257.259	246.716	227.288
-204000	250.077	248.421	257.23	258.597	252.458	258.031	258.032	258.629	257.746	247.665	228.683	262.513	261.78	261.61	262.097	256.238	245.792	226.518
-203000	255.672	253.994	259.064	260.428	254.25	259.887	259.918	260.546	259.514	249.449	230.519	262.722	262.003	261.853	262.335	256.374	245.917	226.743
-202000	261.826	260.126	261.452	262.82	256.607	262.267	262.287	262.903	261.749	251.602	232.509	273.84	273.084	272.916	273.395	267.214	256.433	236.64
-201000	264.538	262.821	262.939	264.323	258.046	263.749	263.755	264.362	263.161	252.889	233.56	277.012	276.236	276.055	276.525	270.207	259.29	239.417
-200000	264.689	262.952	263.132	264.52	258.225	263.929	263.92	264.513	263.281	252.948	233.462	278.549	277.757	277.564	278.02	271.558	260.502	240.297
-199000	260.188	258.462	260.878	262.265	255.929	261.684	261.684	262.28	260.867	250.488	231.007	278.428	277.618	277.429	277.898	271.346	260.297	240.194
-198000	254.851	253.169	258.4	259.779	253.443	259.211	259.226	259.832	258.363	248.074	228.807	278.746	277.896	277.654	278.067	271.57	260.475	240.167
-197000	250.135	248.472	256.355	257.729	251.517	257.122	257.141	257.745	256.494	246.258	227.087	272.39	271.551	271.306	271.695	265.223	254.222	234.061
-196000	245.752	244.112	254.756	256.125	249.944	255.461	255.394	255.991	254.888	244.683	225.58	266.84	265.997	265.746	266.111	259.793	248.96	229.129
-195000	244.266	242.649	253.971	255.332	249.205	254.659	254.605	255.189	254.106	243.968	225	264.662	263.81	263.548	263.895	257.679	246.925	227.256
-194000	243.995	242.372	253.416	254.763	248.608	254.116	254.061	254.62	253.456	243.368	224.495	262.813	261.953	261.696	262.061	255.873	245.16	225.581
-193000	238.801	237.197	249.81	251.144	245.033	250.486	250.413	250.944	249.787	239.76	221.016	259.309	258.465	258.213	258.57	252.423	241.78	222.322
-192000	233.399	231.816	246.843	248.167	242.118	247.48	247.372	247.865	246.91	236.971	218.4	256.906	256.038	255.756	256.081	250.119	239.54	220.205
-191000	226.216	224.665	242.733	244.036	238.043	243.361	243.253	243.73	242.799	232.981	214.643	253.422	252.547	252.251	252.554	246.764	236.304	217.198
-190000	220.74	219.207	239.894	241.182	235.234	240.5	240.375	240.829	240.017	230.285	212.107	251.364	250.484	250.177	250.462	244.799	234.402	215.413
-189000	219.178	217.656	237.17	238.446	232.555	237.754	237.619	238.054	237.397	227.759	209.801	249.703	248.812	248.491	248.758	243.202	232.878	213.98
-188000	217.456	215.942	233.601	234.854	229.03	234.168	234.025	234.44	233.859	224.343	206.606	247.119	246.222	245.889	246.133	240.731	230.493	211.747
-187000	216.016	214.513	230.005	231.232	225.501	230.553	230.403	230.798	230.359	221.003	203.587	243.609	242.715	242.377	242.607	237.376	227.273	208.804
-186000	215.294	213.803	227.165	228.375	222.711	227.696	227.537	227.905	227.501	218.271	201.068	240.123	239.229	238.886	239.103	234.076	224.116	205.944
-185000	200.122	198.699	210.943	212.084	206.721	211.419	211.258	211.599	211.477	202.767	186.553	222.503	221.652	221.316	221.504	216.921	207.543	190.447
-184000	193.322	191.938	199.851	200.931	195.802	200.305	200.145	200.457	200.535	192.226	176.787	209.701	208.874	208.531	208.698	204.622	195.701	179.47
-183000	193.958	192.575	195.444	196.502	191.479	195.785	195.606	195.897	196.341	188.204	173.084	204.006	203.195	202.848	203.008	199.285	190.584	174.793
-182000	195.187	193.802	192.233	193.275	188.33	192.646	192.471	192.75	193.316	185.311	170.44	200.022	199.217	198.857	199	195.547	187.011	171.51
-181000	199.842	198.434	193.807	194.852	189.885	194.249	194.057	194.321	195.076	187.014	172.041	201.019	200.186	199.626	199.762	196.881	188.316	172.766
-180000	196.702	195.31	189.018	190.039	185.172	189.416	189.183	189.398	190.42	182.53	167.902	195.728	194.917	194.342	194.472	191.938	183.542	168.292
-179000	197.768	196.373	188.344	189.362	184.513	188.748	188.542	188.777	190.108	182.211	167.573	194.964	194.143	193.564	193.676	191.358	182.972	167.758
-178000	204.925	203.498	193.425	194.465	189.533	193.813	193.583	193.802	195.419	187.358	172.411	199.965	199.115	198.52	198.617	196.441	187.904	172.412
-177000	209.456	208.005	197.443	198.502	193.487	197.825	197.575	197.787	199.504	191.279	176.035	203.635	202.755	202.155	202.243	200.044	191.372	175.65
-176000	212.745	211.276	200.866	201.937	196.849	201.257	201.009	201.226	202.989	194.627	179.147	206.83	205.93	205.353	205.441	203.292	194.502	178.586
-175000	211.331	209.87	200.493	201.568	196.47	200.838	200.562	200.748	202.66	194.256	178.698	206.56	205.653	205.087	205.161	203.073	194.272	178.365
-174000	209.445	207.987	199.946	201.023	195.922	200.282	200.015	200.217	202.195	193.789	178.249	206.429	205.498	204.873	204.915	202.947	194.101	178.089
-173000	203.537	202.119	196.526	197.594	192.548	196.814	196.5	196.648	198.747	190.412	174.99	203.37	202.466	201.914	201.963	200.008	191.256	175.468
-172000	200.964	199.559	196.677	197.748	192.689	196.95	196.617	196.746	198.921	190.544	175.049	203.844	202.943	202.435	202.481	200.612	191.818	175.959
-171000	199.182	197.784	196.454	197.523	192.469	196.714	196.367	196.48	198.774	190.395	174.893	203.791	202.89	202.389	202.421	200.66	191.862	175.999
-170000	198.139	196.743	196.38	197.449	192.393	196.627	196.267	196.367	198.791	190.402	174.876	203.976	203.059	202.544	202.558	200.863	192.088	176.221
-169000	205.419	203.993	201.596	202.68	197.556	201.832	201.452	201.538	204.127	195.613	179.854	209.114	208.162	207.621	207.617	206.009	197.025	180.92
-168000	206.285	204.851	199.744	200.815	195.739	199.965	199.577	199.65	202.235	193.786	178.164	207.213	206.25	205.698	205.677	204.17	195.226	179.245
-167000	206.907	205.455	199.595	200.667	195.58	199.803	199.401	199.46	202.117	193.633	177.984	207.567	206.584	206.016	205.932	204.577	195.608	179.494
-166000	199.459	198.038	192.974	194.022	189.05	193.151	192.735	192.767	195.552	187.259	171.948	201.087	200.101	199.522	199.47	198.323	189.548	173.771
-165000	201.924	200.493	195.856	196.912	191.881	196.034	195.616	195.647	198.728	190.332	174.83	204.54	203.401	202.829	202.776	201.833	192.94	177.045
-164000	195.812	194.404	191.07	192.108	187.149	191.24	190.823	190.847	193.973	185.704	170.448	200.034	198.877	198.328	198.27	197.416	188.647	172.938
-163000	200.695	199.27	195.193	196.244	191.233	195.34	194.896	194.898	198.202	189.831	174.401	204.096	203.239	202.671	202.597	201.734	192.845	176.906
-162000	203.298	201.863	196.206	197.258	192.231	196.359	195.914	195.911	199.307	190.909	175.436	205.054	204.309	203.725	203.634	202.8	193.865	177.947
-161000	205.598	204.156	196.36	197.407	192.384	196.515	196.062	196.049	199.484	191.096	175.651	204.824	204.078	203.48	203.373	202.526	193.618	177.801
-160000	207.685	206.233	195.97	197.009	191.993	196.149	195.722	195.712	199.182	190.816	175.381	204.109	203.337	202.727	202.604	201.797	192.943	177.197
-159000	207.68	206.217	195.323	196.359	191.34	195.519	195.111	195.116	198.648	190.283	174.802	203.36	202.558	201.937	201.8	201.072	192.247	176.548
-158000	207.59	206.12	195.636	196.671	191.643	195.826	195.41	195.407	199.013	190.635	175.125	203.464	202.631	202	201.846	201.215	192.392	176.691
-157000	210.269	208.79	197.192	198.229	193.191	197.368	196.936	196.919	200.579	192.176	176.633	204.479	203.611	202.969	202.8	202.245	193.398	177.641
-156000	205.979	204.518	191.309	192.321	187.392	191.48	191.058	191.042	194.635	186.414	171.209	198.124	197.227	196.619	196.463	196.001	187.356	171.877
-155000	207.982	206.53	192.268	193.284	188.333	192.433	192.005	191.986	195.674	187.4	172.099	198.835	197.903	197.291	197.13	196.787	188.105	172.509
-154000	203.015	201.599	187.044	188.04	183.183	187.192	186.759	186.729	190.402	182.279	167.278	193.432	192.495	191.882	191.711	191.464	182.939	167.637
-153000	203.372	201.955	188.209	189.212	184.332	188.314	187.836	187.768	191.603	183.456	168.357	194.6	193.641	192.976	192.769	192.668	184.104	168.793
-152000	206.901	205.467	191.801	192.818	187.863	191.919	191.449	191.392	195.397	187.061	171.833	198.286	197.272	196.621	196.424	196.496	187.758	172.253
-151000	208.866	207.42	194.287	195.314	190.312	194.388	193.894	193.814	197.941	189.528	174.174	200.98	199.932	199.256	199.036	199.192	190.378	174.702
-150000	206.705	205.267	193.48	194.504	189.501	193.59	193.106	193.037	197.188	188.74	173.298	200.244	199.186	198.525	198.317	198.556	189.701	174.058
-149000	205.647	204.214	193.459	194.482	189.477	193.565	193.079	193.008	197.219	188.752	173.27	200.205	199.134	198.477	198.271	198.605	189.71	174.106
-148000	207.423	205.982	195.668	196.698	191.655	195.759	195.254	195.168	199.476	190.936	175.315	202.681	201.583	200.906	200.684	201.092	192.11	176.343
-147000	204.712	203.284	193.058	194.077	189.082	193.135	192.619	192.52	196.816	188.363	172.858	200.232	199.13	198.443	198.207	198.654	189.747	174.087
-146000	205.016	203.587	193.155	194.173	189.178	193.217	192.686	192.571	196.928	188.477	172.962	200.574	199.454	198.751	198.498	199.013	190.092	174.321
-145000	204.856	203.432	192.943	193.96	188.972	192.99	192.444	192.314	196.74	188.296	172.804	200.522	199.381	198.655	198.378	198.983	190.067	174.28
-144000	201.84	200.426	189.589	190.593	185.666	189.619	189.066	188.925	193.317	184.975	169.69	197.435	196.297	195.577	195.303	195.929	187.075	171.512
-143000	196.655	195.253	186.393	187.386	182.515	186.393	185.815	185.646	190.173	181.917	166.801	194.817	193.669	192.94	192.651	193.373	184.583	169.012
-142000	195.432	194.042	185.889	186.882	182.007	185.893	185.318	185.154	189.738	181.581	166.43	194.729	193.573	192.842	192.55	193.301	184.471	168.964
-141000	195.887	194.487	186.825	187.821	182.929	186.816	186.228	186.051	190.68	182.379	167.32	195.929	194.757	194.013	193.706	194.533	185.639	170.039
-140000	198.4	196.985	189.811	190.819	185.873	189.787	189.178	188.983	193.756	185.326	170.091	199.165	197.976	197.217	196.894	197.816	188.781	172.982
-139000	200.334	198.904	191.036	192.045	187.074	191.007	190.402	190.218	195.026	186.56	171.329	200.58	199.355	198.571	198.234	199.174	190.108	174.277
-138000	203.546	202.113	193.964	194.978	189.97	193.893	193.255	193.022	198.043	189.499	173.983	203.285	202.046	201.254	200.915	201.91	192.745	176.707
-137000	208.886	207.44	197.309	198.334	193.269	197.255	196.626	196.407	201.417	192.752	177.177	206.226	204.947	204.121	203.758	204.802	195.589	179.462
-136000	211.886	210.415	198.316	199.344	194.276	198.237	197.584	197.335	202.401	193.742	178.085	206.595	205.318	204.494	204.126	205.184	195.96	179.838
-135000	218.171	216.688	199.943	200.97	195.907	199.859	199.209	198.978	204.008	195.362	179.762	206.767	205.471	204.622	204.228	205.299	196.118	179.997
-134000	226.331	224.815	202.678	203.714	198.606	202.589	201.92	201.662	206.735	197.97	182.198	207.245	205.936	205.072	204.663	205.828	196.671	180.567
-133000	236.107	234.533	210.423	211.477	206.28	210.31	209.626	209.385	214.645	205.761	189.716	212.704	211.383	210.521	210.117	211.404	202.168	185.988
-132000	247.836	246.224	226.398	227.512	222.039	226.252	225.488	225.17	230.78	221.372	204.281	226.358	224.952	224.013	223.558	225.006	215.351	198.394
-131000	247.076	245.451	233.609	234.765	229.095	233.455	232.656	232.325	238.003	228.219	210.546	235.319	233.855	232.875	232.395	233.821	223.869	206.364
-130000	241.52	239.917	236.828	238.001	232.257	236.655	235.829	235.478	241.124	231.167	213.191	244.125	242.604	241.582	241.072	242.376	232.147	214.161
-129000	256.255	254.606	251.329	252.55	246.593	251.146	250.281	249.914	255.255	244.888	226.162	264.01	262.374	261.275	260.723	261.559	250.567	231.292
-128000	273.087	271.368	264.586	265.857	259.671	264.389	263.482	263.093	268.184	257.394	237.9	274.923	273.21	272.054	271.469	271.882	260.451	240.432
-127000	287.704	285.912	276.508	277.832	271.398	276.293	275.34	274.926	279.843	268.608	248.294	284.548	282.77	281.575	280.971	281.02	269.217	248.439
-126000	309.88	307.992	296.501	297.906	291.111	296.271	295.248	294.812	299.567	287.654	266.156	292.938	291.096	289.854	289.218	288.895	276.762	255.423
-125000	318.784	316.853	305.067	306.488	299.523	304.816	303.733	303.314	307.548	295.284	273.158	295.893	294.01	292.746	292.087	291.418	279.142	257.557
-124000	327.005	325.04	313.344	314.801	307.684	313.071	311.951	311.502	315.225	302.685	280.095	299.102	297.17	295.868	295.175	294.236	281.8	259.919
-123000	327.434	325.429	313.637	314.723	307.471	312.941	311.784	311.308	314.72	301.912	278.967	299.022	297.072	295.748	295.039	293.927	281.441	259.444
-122000	324.846	322.818	311.229	310.932	303.62	309.148	307.991	307.503	310.567	297.844	274.764	297.359	295.373	294.015	293.26	291.965	279.587	257.514
-121000	310.52	308.57	299.008	297.927	290.803	296.189	295.073	294.601	297.564	285.15	262.745	294.985	292.993	291.617	290.851	289.391	277.042	255.014
-120000	301.787	299.884	292.719	291.038	284.04	289.303	288.175	287.682	290.693	278.484	256.472	293.108	291.104	289.718	288.937	287.317	274.989	253.057
-119000	292.108	290.246	286.476	284.458	277.557	282.716	281.58	281.069	284.091	272.061	250.398	290.64	288.633	287.234	286.445	284.686	272.413	250.617
-118000	282.19	280.372	280.726	278.377	271.597	276.644	275.495	274.98	277.943	266.096	244.767	279.039	277.069	275.693	274.915	273.149	261.213	240.043
-117000	271.258	269.484	274.692	272.332	265.676	270.61	269.458	268.934	271.737	260.091	239.085	273.62	271.668	270.298	269.515	267.824	256.061	235.209
-116000	260.11	258.367	269.185	267.635	261.062	265.91	264.771	264.219	266.926	255.413	234.664	270.732	268.78	267.408	266.602	264.903	253.215	232.501
-115000	249.312	247.591	262.881	261.766	255.321	260.053	258.925	258.371	260.94	249.692	229.444	266.281	264.379	263.005	262.191	260.327	248.848	228.367
-114000	240.233	238.558	257.418	256.691	250.359	254.967	253.83	253.251	255.698	244.657	224.805	262.542	260.627	259.238	258.38	256.432	245.117	224.899
-113000	234.429	232.791	253.194	252.672	246.442	250.971	249.866	249.3	251.743	240.876	221.349	259.138	257.236	255.856	255.006	253.072	241.883	221.938
-112000	230.365	228.758	249.796	249.579	243.419	247.896	246.795	246.221	248.514	237.781	218.511	256.23	254.353	253.005	252.182	250.12	239.023	219.331
-111000	223.978	222.412	243.576	243.549	237.513	241.893	240.806	240.224	242.489	231.992	213.167	250.235	248.369	247.031	246.213	244.354	233.469	214.191
-110000	220.742	219.194	239.804	239.887	233.942	238.254	237.174	236.597	238.88	228.533	210.006	246.513	244.667	243.346	242.537	240.814	230.045	211.026
-109000	220.701	219.166	237.183	237.327	231.457	235.721	234.661	234.097	236.425	226.227	207.952	243.68	241.834	240.502	239.669	237.945	227.293	208.506
-108000	222.162	220.627	235.436	235.736	229.913	234.108	233.023	232.434	234.786	224.653	206.505	241.339	239.523	238.223	237.427	235.755	225.235	206.648
-107000	226.698	225.144	236.383	236.667	230.835	235.068	233.999	233.426	235.829	225.669	207.473	241.493	239.67	238.362	237.56	235.834	225.274	206.667
-106000	232.197	230.618	238.104	238.605	232.743	236.991	235.905	235.318	237.715	227.498	209.206	242.506	240.667	239.345	238.531	236.859	226.268	207.586
-105000	237.703	236.09	240.832	241.542	235.608	239.903	238.793	238.187	240.573	230.228	211.715	244.83	242.965	241.621	240.79	239.099	228.373	209.493
-104000	243.359	241.715	244.054	244.761	238.741	243.128	242.022	241.424	243.85	233.376	214.62	247.61	245.722	244.359	243.509	241.617	230.817	211.853
-103000	244.585	242.924	244.331	244.923	238.908	243.228	242.08	241.457	244.06	233.485	214.533	247.588	245.712	244.366	243.539	241.737	230.907	211.82
-102000	245.482	243.82	244.473	245.183	239.151	243.461	242.281	241.62	244.011	233.383	214.505	247.447	245.511	244.116	243.239	241.63	230.698	211.464
-101000	248.28	246.592	246.432	247.315	241.207	245.605	244.431	243.772	246.027	235.395	216.388	249.142	247.177	245.754	244.847	243.059	232.005	212.783
-100000	251.426	249.733	248.771	249.668	243.489	247.96	246.79	246.142	248.539	237.793	218.534	251.065	249.101	247.679	246.77	244.802	233.765	214.432
-99000	253.762	252.052	250.186	250.941	244.772	249.155	247.921	247.228	249.834	238.959	219.493	251.458	249.495	248.085	247.198	245.414	234.332	214.843
-98000	256.205	254.469	251.778	252.624	246.413	250.808	249.541	248.807	251.189	240.209	220.757	252.264	250.225	248.752	247.81	246.205	235.015	215.362
-97000	257.684	255.952	253.091	254.061	247.77	252.252	250.991	250.266	252.535	241.548	221.942	253.771	251.717	250.224	249.254	247.4	236.102	216.369
-96000	258.313	256.561	254.137	255.034	248.728	253.184	251.892	251.148	253.624	242.505	222.655	254.814	252.77	251.291	250.346	248.369	237.077	217.325
-95000	257.079	255.34	254.366	255.357	249.006	253.494	252.18	251.401	253.631	242.431	222.54	255.739	253.639	252.123	251.162	249.447	238.058	218.094
-94000	253.709	251.976	252.694	253.75	247.398	251.909	250.62	249.868	252.05	240.931	221.151	255.4	253.269	251.715	250.694	248.904	237.452	217.402
-93000	248.313	246.594	250.413	251.369	245.063	249.475	248.149	247.404	249.864	238.771	218.989	254.876	252.744	251.177	250.142	248.137	236.662	216.664
-92000	242.814	241.122	248.684	249.645	243.361	247.733	246.364	245.55	248.123	237.038	217.281	254.792	252.675	251.093	250.044	247.873	236.39	216.455
-91000	237.941	236.281	246.601	247.571	241.339	245.666	244.297	243.477	246.04	235.043	215.461	253.528	251.419	249.835	248.779	246.566	235.183	215.333
-90000	232.02	230.398	243.133	244.112	237.945	242.218	240.845	240.015	242.585	231.708	212.357	250.826	248.72	247.138	246.082	243.953	232.625	212.939
-89000	229.436	227.835	241.271	242.262	236.151	240.389	239.064	238.271	240.8	230.022	210.862	249.028	246.922	245.34	244.282	242.249	230.994	211.367
-88000	228.391	226.803	240.132	241.144	235.065	239.277	237.951	237.149	239.574	228.853	209.807	247.794	245.673	244.058	242.974	241.1	229.909	210.401
-87000	229.974	228.384	239.007	239.996	233.973	238.098	236.742	235.92	238.472	227.854	209.001	245.555	243.468	241.907	240.864	239.064	227.999	208.713
-86000	236.294	234.688	241.075	242.113	236.074	240.249	238.918	238.103	240.665	230.028	211.114	246.698	244.605	243.034	241.98	240.108	229.033	209.771
-85000	243.432	241.779	244.071	245.138	239.052	243.253	241.901	241.069	243.48	232.737	213.811	248.136	246.018	244.428	243.357	241.525	230.385	210.973
-84000	251.175	249.486	247.658	248.749	242.603	246.834	245.456	244.602	247.011	236.109	217.012	249.795	247.651	246.039	244.95	243.159	231.931	212.333
-83000	256.143	254.41	251.488	252.632	246.348	250.679	249.271	248.398	250.735	239.637	220.153	253.356	251.181	249.547	248.445	246.478	235.083	215.294
-82000	258.368	256.616	254.145	255.299	248.94	253.29	251.83	250.915	253.294	242.011	222.157	255.828	253.589	251.907	250.77	248.959	237.401	217.288
-81000	254.208	252.465	252.585	253.768	247.376	251.762	250.31	249.407	251.687	240.398	220.581	255.933	253.692	252.004	250.849	248.816	237.191	217.022
-80000	247.737	246.014	249.94	251.097	244.746	249.053	247.563	246.626	249.157	237.887	218.034	255.12	252.889	251.214	250.079	247.924	236.359	216.28
-79000	242.4	240.708	247.257	248.403	242.122	246.363	244.865	243.907	246.433	235.279	215.612	253.137	250.922	249.26	248.134	246.087	234.59	214.62
-78000	235.718	234.066	242.732	243.867	237.675	241.847	240.362	239.403	241.937	230.948	211.582	249.126	246.923	245.265	244.137	242.133	230.787	211.088
-77000	236.118	234.472	242.777	243.915	237.75	241.903	240.424	239.471	242.05	231.109	211.832	248.946	246.728	245.055	243.912	241.957	230.596	210.92
-76000	236.136	234.495	241.673	242.813	236.68	240.808	239.329	238.371	240.861	229.978	210.836	247.327	245.102	243.428	242.279	240.482	229.182	209.618
-75000	235.65	234.011	241.23	242.376	236.238	240.358	238.867	237.894	240.429	229.535	210.34	247.187	244.961	243.278	242.118	240.281	228.989	209.459
-74000	233.937	232.307	240.296	241.44	235.311	239.367	237.795	236.812	239.518	228.646	209.498	246.775	244.533	242.835	241.659	239.888	228.592	209.038
-73000	225.739	224.147	233.978	235.107	229.099	233.119	231.66	230.699	233.393	222.723	203.948	241.348	239.099	237.393	236.211	234.71	223.605	204.395
-72000	221.659	220.092	232.051	233.175	227.208	231.182	229.708	228.724	231.419	220.835	202.212	239.929	237.706	236.012	234.829	233.335	222.295	203.206
-71000	218.817	217.269	230.033	231.147	225.229	229.159	227.691	226.716	229.506	219.009	200.541	238.118	235.902	234.212	233.027	231.629	220.658	201.697
-70000	202.761	201.295	216.084	217.153	211.501	215.247	213.83	212.881	215.611	205.597	188.006	224.106	221.981	220.361	219.225	218.049	207.579	189.515
-69000	196.121	194.692	209.479	210.516	205.021	208.65	207.268	206.341	209.215	199.486	182.404	217.06	214.983	213.395	212.274	211.292	201.115	183.548
-68000	195.622	194.193	207.63	208.656	203.223	206.807	205.433	204.512	207.594	197.954	181.033	215.098	213.028	211.434	210.298	209.562	199.476	182.073
-67000	193.862	192.445	203.664	204.67	199.337	202.831	201.455	200.53	203.734	194.283	177.717	210.751	208.71	207.139	206.017	205.521	195.613	178.528
-66000	194.184	192.774	201.091	202.084	196.831	200.287	198.935	198.026	201.375	192.042	175.654	207.901	205.88	204.316	203.196	202.908	193.13	176.248
-65000	194.21	192.806	199.071	200.044	194.828	198.214	196.834	195.902	199.47	190.237	174.055	205.769	203.716	202.129	200.991	200.945	191.262	174.571
-64000	194.621	193.22	197.759	198.738	193.566	196.948	195.59	194.668	198.4	189.201	173.052	204.392	202.373	200.811	199.687	199.857	190.218	173.586
-63000	194.307	192.909	195.955	196.928	191.799	195.144	193.785	192.821	196.751	187.616	171.583	202.457	200.443	198.883	197.721	198.121	188.554	172.05
-62000	194.179	192.788	194.511	195.473	190.375	193.667	192.299	191.365	195.551	186.471	170.533	200.981	198.952	197.384	196.25	196.837	187.375	171.009
-61000	195.57	194.171	194.45	195.418	190.332	193.63	192.268	191.33	195.49	186.435	170.646	200.85	198.828	197.26	196.123	196.794	187.29	171.041
-60000	197.7	196.293	195.169	196.139	191.051	194.338	192.962	192.01	196.313	187.216	171.431	201.505	199.469	197.887	196.735	197.57	188.048	171.738
-59000	213.124	211.643	207.468	208.483	203.175	206.597	205.151	204.146	208.677	199.162	182.717	213.822	211.68	210.011	208.789	209.757	199.786	182.584
-58000	217.768	216.264	209.474	210.494	205.151	208.579	207.107	206.069	210.72	201.11	184.471	215.58	213.412	211.725	210.491	211.564	201.524	184.214
-57000	221.459	219.928	212.648	213.686	208.255	211.716	210.207	209.144	213.874	204.108	187.151	218.671	216.471	214.758	213.504	214.52	204.341	186.82
-56000	220.967	219.432	212.594	213.641	208.187	211.678	210.181	209.125	213.797	203.998	186.995	218.544	216.34	214.618	213.351	214.32	204.092	186.526
-55000	209.374	207.895	201.655	202.661	197.415	200.733	199.248	198.186	202.819	193.36	176.955	207.284	205.124	203.428	202.179	203.3	193.447	176.504
-54000	218.029	216.506	210.162	211.197	205.792	209.192	207.645	206.527	211.421	201.651	184.706	215.92	213.675	211.908	210.598	211.882	201.714	184.196
-53000	217.122	215.6	209.306	210.343	204.943	208.355	206.818	205.705	210.471	200.726	183.911	215.145	212.917	211.161	209.857	211.036	200.876	183.504
-52000	217.42	215.903	209.428	210.466	205.062	208.499	206.986	205.903	210.78	201.066	184.197	215.211	212.978	211.237	209.957	211.249	201.144	183.742
-51000	215.448	213.94	208.228	209.258	203.869	207.23	205.671	204.56	209.673	199.971	183.004	214.336	212.071	210.282	208.953	210.448	200.323	182.853
-50000	209.536	208.054	203.782	204.797	199.487	202.783	201.226	200.092	205.246	195.641	178.831	210.125	207.878	206.098	204.771	206.259	196.226	178.952
-49000	213.934	212.43	208.754	209.786	204.384	207.722	206.124	204.954	210.301	200.499	183.323	215.269	212.965	211.138	209.772	211.327	201.068	183.49
-48000	220.084	218.547	215.098	216.155	210.625	214.029	212.379	211.168	216.611	206.543	189.027	221.823	219.466	217.588	216.176	217.68	207.165	189.27
-47000	220.473	218.93	215.771	216.836	211.286	214.733	213.096	211.895	217.085	207.024	189.656	222.46	220.124	218.268	216.879	218.322	207.875	189.925
-46000	222.433	220.886	217.69	218.764	213.174	216.669	215.048	213.87	219.113	209.04	191.545	224.471	222.058	220.153	218.745	220.412	209.888	191.708
-45000	219.695	218.162	215.609	216.674	211.113	214.517	212.846	211.649	217.047	207.024	189.521	222.628	220.205	218.282	216.834	218.548	208.026	189.858
-44000	215.44	213.928	212.421	213.475	207.969	211.322	209.643	208.407	213.842	203.913	186.496	219.48	217.068	215.15	213.702	215.389	204.916	186.876
-43000	209.909	208.425	208.746	209.785	204.349	207.644	205.97	204.738	210.234	200.427	183.215	215.791	213.399	211.494	210.052	211.813	201.457	183.643
-42000	208.379	206.901	208.942	209.983	204.538	207.839	206.159	204.919	210.457	200.628	183.419	216.11	213.662	211.742	210.294	212.18	201.806	183.969
-41000	207.92	206.454	207.824	208.854	203.459	206.684	204.983	203.723	209.403	199.638	182.531	214.529	212.152	210.252	208.808	210.734	200.462	182.808
-40000	210.211	208.735	207.885	208.913	203.53	206.773	205.092	203.847	209.629	199.872	182.784	214.572	212.198	210.289	208.835	210.783	200.511	182.869
-39000	212.913	211.425	208.205	209.233	203.857	207.089	205.402	204.149	209.957	200.21	183.152	214.674	212.288	210.357	208.779	210.927	200.653	183.017
-38000	209.383	207.914	202.487	203.494	198.231	201.41	199.753	198.517	204.209	194.667	177.993	208.675	206.212	204.31	202.881	205.04	194.977	177.723
-37000	206.208	204.759	198.802	199.797	194.6	197.749	196.109	194.878	200.579	191.153	174.7	204.838	202.515	200.649	199.242	201.421	191.517	174.529
-36000	205.134	203.689	197.83	198.82	193.642	196.738	195.061	193.805	199.557	190.17	173.845	203.78	201.483	199.608	198.191	200.503	190.608	173.665
-35000	209.406	207.936	202.393	203.4	198.128	201.296	199.61	198.342	204.332	194.75	178.042	208.742	206.394	204.478	203.025	205.41	195.418	178.158
-34000	210.229	208.752	204.192	205.208	199.891	203.078	201.368	200.079	206.175	196.506	179.649	210.861	208.477	206.532	205.052	207.418	197.437	180.039
-33000	210.999	209.519	205.281	206.3	200.962	204.147	202.417	201.111	207.266	197.554	180.632	212.18	209.769	207.8	206.297	208.7	198.682	181.206
-32000	203.734	202.29	198.358	199.353	194.143	197.241	195.542	194.258	200.276	190.795	174.298	205.396	203.029	201.095	199.617	201.994	192.2	175.156
-31000	198.896	197.482	193.962	194.938	189.82	192.828	191.126	189.833	195.883	186.571	170.426	201.035	198.678	196.746	195.265	197.855	188.112	171.401
-30000	197.527	196.117	192.312	193.282	188.195	191.196	189.515	188.24	194.404	185.136	169.019	199.47	197.135	195.222	193.753	196.455	186.789	170.133
-29000	196.599	195.196	190.873	191.836	186.783	189.728	188.032	186.745	192.998	183.804	167.864	198.029	195.654	193.708	192.215	195.185	185.559	169.048
-28000	195.996	194.596	189.532	190.492	185.462	188.408	186.721	185.403	191.751	182.617	166.661	196.765	194.435	192.528	191.06	194.043	184.475	168.029
-27000	195.122	193.73	187.953	188.906	183.91	186.817	185.134	183.854	190.297	181.169	165.358	195.541	193.215	191.31	189.84	192.843	183.273	166.852
-26000	194.376	192.985	187.257	188.206	183.232	186.091	184.387	183.088	189.649	180.593	164.768	195.134	192.784	190.859	189.372	192.474	182.909	166.573
-25000	193.98	192.598	186.867	187.815	182.841	185.727	184.045	182.76	189.399	180.278	164.542	195.005	192.66	190.737	189.229	192.441	182.866	166.433
-24000	193.737	192.35	186.629	187.576	182.606	185.485	183.797	182.474	189.242	180.109	164.277	194.848	192.47	190.524	189.021	192.289	182.736	166.381
-23000	193.469	192.081	186.168	187.114	182.153	184.995	183.286	181.979	188.795	179.727	163.948	194.63	192.27	190.333	188.831	192.194	182.566	166.184
-22000	193.261	191.875	185.89	186.838	181.868	184.726	183.023	181.72	188.599	179.454	163.661	194.545	192.176	190.213	188.644	192.126	182.529	166.044
-21000	193.196	191.808	185.681	186.625	181.683	184.47	182.736	181.412	188.408	179.373	163.531	194.209	191.808	189.835	188.305	191.869	182.275	165.895
-20000	193.174	191.787	185.446	186.391	181.436	184.264	182.545	181.225	188.293	179.152	163.454	193.841	191.459	189.499	187.972	191.637	181.995	165.693
-19000	193.515	192.134	185.683	186.626	181.68	184.513	182.8	181.479	188.587	179.412	163.817	193.45	191.083	189.132	187.604	191.343	181.679	165.452
-18000	195.004	193.617	186.374	187.314	182.387	185.185	183.48	182.183	189.275	180.167	164.639	193.616	191.25	189.326	187.821	191.579	181.915	165.853
-17000	211.322	209.859	196.115	197.078	192.018	194.878	193.105	191.746	199.042	189.693	173.659	202.324	199.864	197.839	196.263	200.148	190.274	173.632
-16000	226.596	225.052	204.132	205.116	199.93	202.852	201.016	199.599	207.061	197.475	180.985	208.545	206.033	203.966	202.356	206.275	196.239	179.304
-15000	233.678	232.095	206.035	207.021	201.816	204.742	202.901	201.496	208.939	199.328	182.803	208.478	205.989	203.934	202.326	206.246	196.268	179.467
-14000	239.316	237.701	213.396	214.41	209.055	212.074	210.174	208.702	216.319	206.386	189.519	213.713	211.182	209.086	207.445	211.464	201.373	184.385
-13000	239.384	237.761	222.407	223.462	217.892	221.014	219.023	217.48	225.412	215.095	197.453	223.563	220.935	218.76	217.055	221.259	210.84	193.274
-12000	236.321	234.712	229.178	230.261	224.545	227.723	225.657	224.053	232.171	221.581	203.443	232.187	229.453	227.187	225.405	229.697	218.969	200.84
-11000	249.524	247.852	243.769	244.907	238.898	242.241	240.068	238.381	246.497	235.355	216.258	250.9	247.968	245.536	243.622	247.876	236.375	216.913
-10000	264.354	262.599	256.809	258.001	251.712	255.212	252.934	251.168	259.191	247.536	227.553	266.273	263.169	260.595	258.569	262.697	250.517	229.933
-9000	277.12	275.278	268.598	269.849	263.261	266.923	264.527	262.673	270.67	258.488	237.603	278.085	274.839	272.145	270.013	273.862	261.156	239.706
-8000	287.938	286.028	278.928	280.222	273.388	277.175	274.678	272.74	280.704	268.074	246.42	287.618	284.249	281.453	279.235	282.822	269.689	247.512
-7000	289.419	287.494	280.151	281.457	274.552	278.376	275.847	273.886	281.6	268.87	247.056	288.471	285.064	282.231	279.98	283.291	270.077	247.778
-6000	292.61	290.664	282.996	284.31	277.342	281.175	278.596	276.598	284.145	271.259	249.201	290.639	287.198	284.342	282.074	285.112	271.792	249.347
-5000	296.797	294.836	285.942	287.276	280.213	284.136	281.554	279.543	286.751	273.764	251.653	292.039	288.562	285.66	283.345	286.177	272.767	250.067
-4000	311.522	309.476	298.807	300.183	292.885	296.94	294.268	292.196	299.259	285.842	263.036	293.072	289.585	286.692	284.395	287.005	273.44	250.901
-3000	318.254	316.17	304.758	306.154	298.752	302.854	300.138	298.03	304.819	291.078	268.024	293.264	289.715	286.748	284.373	286.782	273.417	250.65
-2000	324.372	322.27	310.711	312.125	304.619	308.759	305.981	303.816	310.132	296.234	272.896	294.046	290.482	287.496	285.098	287.28	273.862	250.729
-1000	325.835	323.678	311.95	313.396	305.715	309.956	307.125	304.919	310.999	296.91	272.898	294.991	291.434	288.474	286.1	288.171	274.526	251.279
0	325.072	322.898	311.225	312.679	304.937	309.201	306.332	304.096	309.827	295.704	271.562	295.898	292.264	289.257	286.872	288.912	275.033	251.987
