# age_ma,DST_anomaly_K,GMSST_anomaly_K,GMST_anomaly_K,BSL_m,R_LI_Wm2,CO2_ppm,R_CO2_Wm2,S_CO2_LI_K_per_Wm2
0,0,0,0,2.68,0.1808408527,284.1331213,0.116746372,0
0.001,0.11,0.11,0.1756738918,5.47,0.3760104081,280.4281497,0.04652588879,0.4157604757
0.002,0.25,0.25,0.397199375,9.1,0.6407763474,277.8286438,-0.003298699906,0.62307969
0.003,0.35,0.35,0.554019655,11.83,0.8481878533,275.6131949,-0.0461314373,0.6907489847
0.004,0.38,0.38,0.6008362552,12.83,0.9259811889,273.0683738,-0.09575909614,0.7237054524
0.005,0.38,0.38,0.6008362552,12.63,0.910343748,269.4465361,-0.1671935172,0.8084990494
0.006,0.31,0.31,0.4914327638,11.09,0.7912520078,264.5748721,-0.2648080518,0.93349493
0.007,0.18,0.18,0.2867249592,7.82,0.5459956392,260.6641348,-0.3444778049,1.42282672
0.008,0.03,0.03,0.0480522822,4.34,0.2961032708,259.775696,-0.362743711,-0.7210678995
0.009,-0.04,-0.04,-0.0642344672,2.62,0.1767216519,261.0143677,-0.3372942771,0.4000337364
0.01,-0.01,-0.01,-0.0160409642,3.3,0.2235969714,264.0627076,-0.2751746288,0.3110060636
0.011,-0.05,-0.05,-0.080322505,2.24,0.1507089033,266.7807626,-0.2203873986,1.152758891
0.012,-0.24,-0.24,-0.3882312192,-3.47,-0.2247519371,253.8849024,-0.4854594796,0.5466417605
0.013,-0.54,-0.54,-0.8830526472,-13.3,-0.8067294021,239.9331786,-0.7878444864,0.5537859698
0.014,-1.01,-1.01,-1.679567804,-27.8,-1.530955522,239.2774205,-0.8024865159,0.7197812401
0.015,-1.6,-1.6,-2.71624832,-46.17,-2.253944599,229.3619873,-1.028910009,0.8274043918
0.016,-2.32,-2.32,-4.036849741,-68.85,-2.91727768,223.1368569,-1.176121649,0.9861851767
0.017,-2.98,-2.98,-5.300994337,-90.11,-3.388540537,202.7709168,-1.688161793,1.04418065
0.018,-3.27,-3.27,-5.872662782,-99.21,-3.565755134,189.1388285,-2.060498069,1.04379639
0.019,-3.21,-3.21,-5.753574532,-97.75,-3.53787174,190.4689123,-2.023006854,1.034652067
0.02,-3.05,-3.05,-5.438077105,-93.11,-3.447979365,192.6774503,-1.961329072,1.005318364
0.021,-2.94,-2.94,-5.222920231,-89.89,-3.384133323,189.9359501,-2.037997987,0.9632596358
0.022,-3,-3,-5.340102,-91.83,-3.422763279,187.8078073,-2.098280569,0.9672268773
0.023,-3.09,-3.09,-5.51666902,-94.69,-3.478837199,189.1669059,-2.059703929,0.9960509263
0.024,-3.1,-3.1,-5.53634642,-94.93,-3.483500382,185.8835609,-2.153378491,0.9821652274
0.025,-3.05,-3.05,-5.438077105,-93.33,-3.452293175,182.3536751,-2.255950778,0.95267076
0.026,-2.91,-2.91,-5.16448822,-89.41,-3.374492945,184.28066,-2.199712379,0.9264976657
0.027,-2.7,-2.7,-4.75842978,-83.44,-3.251416159,187.9789179,-2.093408433,0.8902873608
0.028,-2.51,-2.51,-4.395515564,-77.81,-3.128886795,190.4100577,-2.024660251,0.8529107282
0.029,-2.34,-2.34,-4.074403975,-72.82,-3.013841541,192.2133617,-1.974230783,0.8168293703
0.03,-2.2,-2.2,-3.81251288,-68.56,-2.910033422,189.1471418,-2.060262923,0.76705947
0.031,-2.15,-2.15,-3.719539345,-66.95,-2.86931913,187.4855496,-2.107468469,0.7473775544
0.032,-2.15,-2.15,-3.719539345,-66.99,-2.870341011,193.3200869,-1.943514921,0.77267359
0.033,-2.19,-2.19,-3.793894636,-68.48,-2.908030267,196.536714,-1.855229453,0.7964912391
0.034,-2.31,-2.31,-4.018090276,-72.17,-2.998353416,196.0784924,-1.867717438,0.825736081
0.035,-2.36,-2.36,-4.112005283,-73.81,-3.037199829,201.3470268,-1.725862883,0.8633111786
0.036,-2.32,-2.32,-4.036849741,-72.54,-3.007184673,201.3615358,-1.725477377,0.8529765486
0.037,-2.18,-2.18,-3.775288161,-68.59,-2.910784076,205.7149062,-1.611044718,0.8349029414
0.038,-2.08,-2.08,-3.589870669,-65.55,-2.833212889,211.0896059,-1.473060427,0.8336374412
0.039,-2.1,-2.1,-3.62686002,-66.02,-2.845408655,205.8566438,-1.607359837,0.8145179851
0.04,-2.14,-2.14,-3.700979943,-67.46,-2.882308264,196.0447982,-1.868636863,0.7789986718
0.041,-2.17,-2.17,-3.756693454,-68.27,-2.902762185,201.1705722,-1.730553519,0.8108002332
0.042,-2.17,-2.17,-3.756693454,-68.22,-2.901505782,202.6543116,-1.691239244,0.8179625544
0.043,-2.18,-2.18,-3.775288161,-68.76,-2.915032337,203.8689373,-1.65926928,0.8253255856
0.044,-2.19,-2.19,-3.793894636,-69.15,-2.924743563,203.4644055,-1.669895691,0.8257219831
0.045,-2.19,-2.19,-3.793894636,-68.94,-2.919520444,210.6769938,-1.483528186,0.8616517679
0.046,-2.13,-2.13,-3.68243231,-67.34,-2.879259755,219.3042736,-1.268811194,0.8877457389
0.047,-1.97,-1.97,-3.387270678,-62.49,-2.751906617,211.9368298,-1.45163078,0.8058143314
0.048,-1.83,-1.83,-3.131475614,-58.19,-2.631735519,203.8553812,-1.659625034,0.7297162695
0.049,-1.8,-1.8,-3.07696248,-57.08,-2.599522353,201.381293,-1.724952472,0.7115228101
0.05,-1.91,-1.91,-3.27736178,-60.69,-2.702473674,204.6049713,-1.6399888,0.7547242606
0.051,-2.1,-2.1,-3.62686002,-66.85,-2.866762089,208.6966644,-1.534055162,0.8241332946
0.052,-2.16,-2.16,-3.738110515,-68.94,-2.919520444,215.1221019,-1.371822022,0.8710818457
0.053,-2.06,-2.06,-3.552928391,-65.98,-2.844373667,222.1049741,-1.200919781,0.8782869367
0.054,-1.88,-1.88,-3.222566205,-60.64,-2.701082938,220.709609,-1.234636955,0.8187996841
0.055,-1.75,-1.75,-2.986342625,-56.41,-2.579831685,214.4606805,-1.388296644,0.752582169
0.056,-1.77,-1.77,-3.022555262,-57.29,-2.605655603,210.519141,-1.487538253,0.7384344275
0.057,-1.96,-1.96,-3.368923107,-63.37,-2.775633918,214.0221889,-1.399246583,0.8069507872
0.058,-2.17,-2.17,-3.756693454,-70.34,-2.954080274,222.7038757,-1.18651303,0.9072838547
0.059,-2.28,-2.28,-3.961882493,-74.11,-3.044223987,227.9449383,-1.062066018,0.9648326075
0.06,-2.31,-2.31,-4.018090276,-75.02,-3.06537995,220.4035745,-1.242060378,0.9328255229
0.061,-2.31,-2.31,-4.018090276,-75.2,-3.069538176,211.7642755,-1.455988407,0.8878724282
0.062,-2.32,-2.32,-4.036849741,-75.29,-3.071614049,206.5125042,-1.590341802,0.8659133355
0.063,-2.31,-2.31,-4.018090276,-74.95,-3.063760522,200.4155511,-1.750670588,0.8345929529
0.064,-2.3,-2.3,-3.99934258,-74.76,-3.059358292,198.8842458,-1.791705035,0.8244259681
0.065,-2.25,-2.25,-3.905780625,-73.32,-3.025673177,201.1105048,-1.732151211,0.8209173578
0.066,-2.21,-2.21,-3.831142892,-72.22,-2.999549149,201.3717274,-1.7252066,0.8108658088
0.067,-2.19,-2.19,-3.793894636,-71.45,-2.981053623,203.9316042,-1.657625006,0.8178826213
0.068,-2.1,-2.1,-3.62686002,-68.96,-2.920018486,202.4275371,-1.697229361,0.7855025635
0.069,-2.05,-2.05,-3.534474905,-67.26,-2.87722477,205.1636743,-1.625399775,0.7849810415
0.07,-1.98,-1.98,-3.405630017,-65.19,-2.823819884,214.6656983,-1.383184652,0.8095142251
0.071,-1.82,-1.82,-3.113292801,-60.37,-2.693556272,228.3339548,-1.052943356,0.8309870839
0.072,-1.66,-1.66,-2.823968295,-55.39,-2.549491691,236.8358262,-0.8573585215,0.828908851
0.073,-1.56,-1.56,-2.644670371,-52.48,-2.460452295,232.5534562,-0.9549803292,0.7743295394
0.074,-1.56,-1.56,-2.644670371,-52.46,-2.459827311,233.2822229,-0.9382409288,0.7782864217
0.075,-1.58,-1.58,-2.680435809,-53.18,-2.482213165,243.5458835,-0.7078892936,0.8402350219
0.076,-1.53,-1.53,-2.591110478,-51.38,-2.425807486,245.9205829,-0.6559766799,0.8407825916
0.077,-1.4,-1.4,-2.36024152,-47.22,-2.289645163,233.620664,-0.9304848818,0.7329646589
0.078,-1.28,-1.28,-2.148896973,-43.33,-2.154570265,225.5603955,-1.118327413,0.6565732218
0.079,-1.18,-1.18,-1.974071041,-40.12,-2.037116283,227.2289447,-1.078897251,0.6335245401
0.08,-1.07,-1.07,-1.783121766,-36.55,-1.899774315,231.895557,-0.9701370527,0.6213159703
0.081,-1,-1,-1.66235,-34.16,-1.803697724,232.0150893,-0.9673800677,0.5998929388
0.082,-0.97,-0.97,-1.610767198,-33.1,-1.759990826,236.8894844,-0.8561465467,0.6157043643
0.083,-1,-1,-1.66235,-34.13,-1.802470095,245.3631222,-0.6681179988,0.6728559909
0.084,-1.11,-1.11,-1.852393108,-37.9,-1.952564105,247.2924334,-0.6262150203,0.71832174
0.085,-1.27,-1.27,-2.131361422,-43.5,-2.160636602,238.7470059,-0.814359213,0.7164250152
0.086,-1.45,-1.45,-2.448801905,-49.72,-2.372464338,228.3187425,-1.053299802,0.7148191775
0.087,-1.63,-1.63,-2.77005535,-55.93,-2.565609054,222.3102894,-1.195976492,0.7364063148
0.088,-1.74,-1.74,-2.968253959,-59.5,-2.669110496,221.2242129,-1.222177479,0.7627947297
0.089,-1.75,-1.75,-2.986342625,-60.11,-2.686281645,225.0700255,-1.129971015,0.7825327331
0.09,-1.71,-1.71,-2.914058572,-58.84,-2.65036625,229.4378181,-1.027141504,0.7924003884
0.091,-1.6,-1.6,-2.71624832,-55.45,-2.55128866,231.3171465,-0.9834980755,0.768433437
0.092,-1.45,-1.45,-2.448801905,-50.66,-2.402829111,232.617117,-0.953515982,0.7296037317
0.093,-1.3,-1.3,-2.18400338,-45.98,-2.247425364,234.1103146,-0.9192834351,0.6896761017
0.094,-1.22,-1.22,-2.043860193,-43.47,-2.159567178,238.5191848,-0.8194668134,0.686081528
0.095,-1.24,-1.24,-2.078825379,-43.95,-2.176621253,243.0130777,-0.7196063199,0.7177700394
0.096,-1.23,-1.23,-2.061336902,-43.69,-2.167398631,245.4643837,-0.6659105073,0.727536884
0.097,-1.16,-1.16,-1.939247075,-41.25,-2.079100039,243.6203339,-0.706254083,0.6962299908
0.098,-1.08,-1.08,-1.800421949,-38.58,-1.978758381,241.290828,-0.7576571172,0.6579490396
0.099,-1.07,-1.07,-1.783121766,-38.24,-1.96569415,242.8574549,-0.7230334967,0.6631842269
0.1,-1.07,-1.07,-1.783121766,-38.36,-1.970312553,245.578258,-0.663429144,0.6770298574
0.101,-1.07,-1.07,-1.783121766,-38.51,-1.97607405,245.7957324,-0.658693491,0.6767662565
0.102,-1.15,-1.15,-1.921852745,-41.28,-2.080205123,240.8253989,-0.7679867682,0.674762382
0.103,-1.28,-1.28,-2.148896973,-46,-2.248112458,239.3079643,-0.8018036321,0.7045757683
0.104,-1.4,-1.4,-2.36024152,-50.2,-2.388021791,242.7191663,-0.726080776,0.7579202899
0.105,-1.43,-1.43,-2.413342446,-51.33,-2.424219533,244.8831102,-0.6785946328,0.7777914876
0.106,-1.48,-1.48,-2.502079357,-53.23,-2.4837591,245.6947368,-0.6608922169,0.7956619365
0.107,-1.62,-1.62,-2.752107905,-58.24,-2.63317471,241.5288629,-0.7523819092,0.8128967299
0.108,-1.76,-1.76,-3.004443059,-63.16,-2.769997491,239.0043913,-0.808594658,0.8395600654
0.109,-1.85,-1.85,-3.167876545,-66.6,-2.860354819,241.5225299,-0.7525221917,0.8768293344
0.11,-1.77,-1.77,-3.022555262,-64.05,-2.793775647,245.2622454,-0.6703180108,0.8725385513
0.111,-1.54,-1.54,-2.608952007,-57.04,-2.598352043,250.2120958,-0.563420121,0.8251549674
0.112,-1.26,-1.26,-2.113837639,-48.43,-2.330108616,256.1604878,-0.437720736,0.7637167508
0.113,-0.93,-0.93,-1.542154886,-37.79,-1.948302005,260.9767107,-0.3380661873,0.6744997989
0.114,-0.69,-0.69,-1.134435196,-29.05,-1.586585709,266.2893699,-0.2302508356,0.6244013527
0.115,-0.49,-0.49,-0.7998468842,-21.56,-1.237626668,273.6434237,-0.08450447066,0.604967889
0.116,-0.28,-0.28,-0.4535954528,-12.2,-0.7454633753,275.0012054,-0.05802413542,0.5645332961
0.117,-0.07,-0.07,-0.1125338858,-1.64,-0.1075265695,274.50663,-0.06765449485,0.642386129
0.118,0.12,0.12,0.1915736352,4.1,0.2792832213,274.5117124,-0.06755544344,0.9048110605
0.119,0.24,0.24,0.3814526208,7.14,0.4962754837,273.346726,-0.09030835184,0.9396145424
0.12,0.26,0.26,0.4129343608,7.61,0.5305942766,272.9912014,-0.09727128279,0.9529481858
0.121,0.27,0.27,0.4286575782,7.96,0.5562864082,276.4382249,-0.03014048727,0.8147123472
0.122,0.26,0.26,0.4129343608,7.76,0.5415909922,278.2898488,0.00557512027,0.7546782438
0.123,0.21,0.21,0.3341417478,6.34,0.4383382443,278.5466743,0.01051020023,0.7444422541
0.124,0.16,0.16,0.2550549248,5.16,0.3539715806,278.0110037,0.0002117585017,0.720121182
0.125,0.16,0.16,0.2550549248,5.21,0.3575202108,277.0647469,-0.01802892029,0.7512856204
0.126,0.23,0.23,0.3656940982,7.04,0.489000469,275.1865078,-0.05442039099,0.8414884085
0.127,0.25,0.25,0.397199375,7.69,0.5364565434,275.3976155,-0.05031774279,0.8170493171
0.128,0.19,0.19,0.3025423238,6.07,0.4189196601,277.6580374,-0.006584985388,0.7337300071
0.129,-0.03,-0.03,-0.0481581978,0.79,0.05264144509,271.7693453,-0.1212706022,0.7017162945
0.13,-0.44,-0.44,-0.7169353312,-13.25,-0.8039649764,258.5638584,-0.387759525,0.6015948572
0.131,-0.95,-0.95,-1.576437505,-30.09,-1.632101682,246.2152272,-0.6495705333,0.6909132234
0.132,-1.48,-1.48,-2.502079357,-47.38,-2.295037028,234.1531314,-0.918305056,0.778653281
0.133,-1.9,-1.9,-3.25908482,-60.78,-2.704974573,225.7057229,-1.114881546,0.8531957011
0.134,-2.19,-2.19,-3.793894636,-70.27,-2.952366723,218.7852212,-1.281488657,0.8960850798
0.135,-2.46,-2.46,-4.300717927,-79.01,-3.155604707,211.1456635,-1.471639856,0.9294338929
0.136,-2.64,-2.64,-4.643366323,-85.04,-3.28502433,205.9686822,-1.604448867,0.9496659734
0.137,-2.69,-2.69,-4.739223116,-86.53,-3.315893744,202.5158729,-1.694895225,0.9458037738
0.138,-2.53,-2.53,-4.433516998,-82.09,-3.222664721,199.7457837,-1.76857966,0.8882588508
0.139,-2.25,-2.25,-3.905780625,-73.61,-3.032503182,197.1556248,-1.83840832,0.8018582606
0.14,-2.02,-2.02,-3.479185057,-67.05,-2.871872832,193.5133999,-1.93816779,0.7233171879
0.141,-2.03,-2.03,-3.497603238,-67.4,-2.880784604,193.5195159,-1.937998707,0.7258270423
0.142,-2.24,-2.24,-3.887103539,-74.12,-3.044457697,195.3528796,-1.8875525,0.7881377742
0.143,-2.44,-2.44,-4.262881251,-80.78,-3.194399681,196.0547222,-1.868366048,0.8420064208
0.144,-2.51,-2.51,-4.395515564,-83.19,-3.246119757,195.2907073,-1.889255442,0.8559288062
0.145,-2.49,-2.49,-4.357561204,-82.51,-3.231649659,194.9859571,-1.897610612,0.8495496375
0.146,-2.42,-2.42,-4.225091649,-80.67,-3.192009306,193.9935328,-1.924910157,0.8257100153
0.147,-2.34,-2.34,-4.074403975,-78.16,-3.136715329,194.2848457,-1.916882289,0.8062383046
0.148,-2.22,-2.22,-3.849784673,-74.71,-3.058198193,196.040856,-1.868744447,0.7813739583
0.149,-2.1,-2.1,-3.62686002,-71.12,-2.973073263,199.4744313,-1.775852514,0.7637221953
0.15,-2.05,-2.05,-3.534474905,-69.52,-2.933912345,202.0128957,-1.708199245,0.7613937831
0.151,-2.07,-2.07,-3.571393646,-70.36,-2.954569584,202.5737296,-1.693367002,0.7683826101
0.152,-2.12,-2.12,-3.663896445,-71.89,-2.991643825,201.999816,-1.70854565,0.7795210096
0.153,-2.14,-2.14,-3.700979943,-72.5,-3.006231852,200.8034467,-1.740325903,0.7797187213
0.154,-2.15,-2.15,-3.719539345,-72.84,-3.014316172,198.5731339,-1.800080521,0.7725868021
0.155,-2.2,-2.2,-3.81251288,-74.67,-3.057269627,195.3196141,-1.888463598,0.7708690919
0.156,-2.29,-2.29,-3.980606652,-77.6,-3.124175293,191.4772184,-1.994759677,0.7776239931
0.157,-2.35,-2.35,-4.093198745,-79.65,-3.169714912,189.0723814,-2.062377929,0.7823253274
0.158,-2.36,-2.36,-4.112005283,-80.16,-3.180891462,187.9854175,-2.093223455,0.7796578852
0.159,-2.36,-2.36,-4.112005283,-80.08,-3.179142188,187.4694579,-2.107927675,0.7777474839
0.16,-2.35,-2.35,-4.093198745,-79.74,-3.171691558,187.2982267,-2.112816501,0.7745657115
0.161,-2.32,-2.32,-4.036849741,-78.8,-3.150953915,191.4924982,-1.994332765,0.7845723653
0.162,-2.26,-2.26,-3.924469479,-77.11,-3.11313935,197.1057128,-1.839762899,0.7923575476
0.163,-2.18,-2.18,-3.775288161,-74.75,-3.059126326,200.8080178,-1.740204116,0.7866280945
0.164,-2.09,-2.09,-3.60835946,-72.1,-2.996678165,200.5946519,-1.745891709,0.7608447647
0.165,-2.01,-2.01,-3.460778644,-69.69,-2.938110641,196.4338754,-1.858029593,0.721575783
0.166,-1.95,-1.95,-3.350587305,-67.83,-2.891677997,192.6732168,-1.961446623,0.6903979533
0.167,-1.9,-1.9,-3.25908482,-66.54,-2.858813947,189.3114907,-2.055616358,0.6631663526
0.168,-1.87,-1.87,-3.20432455,-65.6,-2.834513924,186.7142777,-2.129522517,0.645507862
0.169,-1.84,-1.84,-3.149670195,-64.53,-2.80648182,189.3368314,-2.054900268,0.6478960382
0.17,-1.78,-1.78,-3.040679233,-62.88,-2.7624572,194.8026845,-1.902641589,0.6517931067
0.171,-1.71,-1.71,-2.914058572,-60.72,-2.703307654,197.6057849,-1.826206733,0.6433490047
0.172,-1.64,-1.64,-2.788014563,-58.39,-2.637486208,198.2370864,-1.809142055,0.626995197
0.173,-1.57,-1.57,-2.662547206,-56.39,-2.579241016,198.7104849,-1.79638126,0.6084956694
0.174,-1.52,-1.52,-2.573280717,-54.94,-2.535965106,198.5134133,-1.801689767,0.5932423838
0.175,-1.5,-1.5,-2.5376565,-54.09,-2.510175365,197.025069,-1.841952245,0.5830841206
0.176,-1.5,-1.5,-2.5376565,-54.14,-2.511701147,194.1593917,-1.920338015,0.5725708656
0.177,-1.54,-1.54,-2.608952007,-55.45,-2.55128866,190.7459707,-2.015230336,0.5713218339
0.178,-1.59,-1.59,-2.69833618,-57.38,-2.608278556,191.9913331,-1.980414222,0.5880402787
0.179,-1.63,-1.63,-2.77005535,-58.79,-2.648939152,199.3681373,-1.778704132,0.625627489
0.18,-1.64,-1.64,-2.788014563,-59.04,-2.656064638,207.4665522,-1.565682749,0.6603935071
0.181,-1.62,-1.62,-2.752107905,-58.57,-2.642648004,212.9610753,-1.425837648,0.6764452772
0.182,-1.61,-1.61,-2.734172228,-58.05,-2.627700383,213.4746063,-1.412952269,0.6766659903
0.183,-1.59,-1.59,-2.69833618,-57.67,-2.616707599,205.861855,-1.607224404,0.6388209323
0.184,-1.59,-1.59,-2.69833618,-57.73,-2.618447227,199.954328,-1.762996912,0.6158554337
0.185,-1.64,-1.64,-2.788014563,-59.29,-2.663165197,199.3154933,-1.780117007,0.6274673621
0.186,-1.74,-1.74,-2.968253959,-62.78,-2.759757269,201.5184842,-1.72130902,0.6623990292
0.187,-1.81,-1.81,-3.095121756,-65.53,-2.832692234,204.5455297,-1.641543303,0.6917654939
0.188,-1.75,-1.75,-2.986342625,-63.68,-2.783925094,209.6374174,-1.509992877,0.6954819923
0.189,-1.53,-1.53,-2.591110478,-56.98,-2.596595332,219.7391492,-1.258212765,0.6721762569
0.19,-1.24,-1.24,-2.078825379,-47.92,-2.313141326,229.0874426,-1.035317756,0.6208304561
0.191,-1.02,-1.02,-1.696797377,-40.58,-2.054291705,229.8252456,-1.01811514,0.5522697554
0.192,-0.93,-0.93,-1.542154886,-37.53,-1.938200368,223.5616238,-1.165946985,0.496804665
0.193,-0.93,-0.93,-1.542154886,-37.79,-1.948302005,219.4519802,-1.265209057,0.4798971767
0.194,-0.98,-0.98,-1.627949697,-39.66,-2.019823652,220.6435772,-1.236237804,0.4999751136
0.195,-1.03,-1.03,-1.714038718,-41.48,-2.087559837,222.7437617,-1.185554938,0.5236720481
0.196,-1.03,-1.03,-1.714038718,-41.51,-2.08866117,222.8925307,-1.181982901,0.5240676394
0.197,-0.95,-0.95,-1.576437505,-38.8,-1.987176787,225.3291115,-1.123815983,0.5067313303
0.198,-0.76,-0.76,-1.252653219,-32.44,-1.732430652,233.7202325,-0.9282052118,0.4708097174
0.199,-0.52,-0.52,-0.8497350368,-23.42,-1.32784712,242.7524366,-0.7253474857,0.4138599596
0.2,-0.33,-0.33,-0.5355655338,-15.7,-0.9371658512,248.259511,-0.6053337708,0.3472062658
0.201,-0.3,-0.3,-0.48634818,-13.91,-0.8402999449,249.425883,-0.5802572795,0.3423643706
0.202,-0.38,-0.38,-0.6178298248,-18,-1.05809012,247.2558258,-0.6270070592,0.3666434391
0.203,-0.49,-0.49,-0.7998468842,-23.04,-1.309610961,244.4294782,-0.688514394,0.400298651
0.204,-0.53,-0.53,-0.8663879578,-24.92,-1.398862235,244.7226413,-0.682101572,0.4163397533
0.205,-0.5,-0.5,-0.8164645,-23.72,-1.342173603,240.9259827,-0.7657527384,0.3873306594
0.206,-0.43,-0.43,-0.7003883258,-20.94,-1.207012975,232.4267693,-0.9578956124,0.3235186603
0.207,-0.36,-0.36,-0.5848888032,-17.78,-1.046693248,229.0255816,-1.036762624,0.2807301134
0.208,-0.28,-0.28,-0.4535954528,-14.53,-0.8741277059,233.4958547,-0.9333438245,0.2509557939
0.209,-0.21,-0.21,-0.3393316122,-11.1,-0.6832501861,237.8409933,-0.8347003597,0.2235458943
0.21,-0.14,-0.14,-0.2256444232,-7.75,-0.4878350763,243.7981731,-0.702350088,0.1895876625
0.211,-0.08,-0.08,-0.1286572288,-4.68,-0.3006871903,247.6281777,-0.6189563529,0.1398990182
0.212,-0.03,-0.03,-0.0481581978,-1.8,-0.1178911993,247.542576,-0.6208060938,0.06519341312
0.213,0.02,0.02,0.0320466232,0.54,0.0359229268,248.320627,-0.6040168815,-0.05641078018
0.214,0.09,0.09,0.1438390998,2.18,0.1466135339,247.1726558,-0.628806953,-0.298301665
0.215,0.14,0.14,0.2233378168,3.49,0.2367695741,243.6191293,-0.7062805356,-0.4756817947
0.216,0.11,0.11,0.1756738918,2.9,0.1959724686,242.5662798,-0.7294517526,-0.3292984322
0.217,-0.01,-0.01,-0.0160409642,-0.36,-0.02380552739,247.4302981,-0.6232332433,0.02479134934
0.218,-0.24,-0.24,-0.3882312192,-9.08,-0.5665011204,248.0415079,-0.6100338094,0.3299784897
0.219,-0.58,-0.58,-0.9498290888,-21,-1.209987506,240.5895908,-0.773227873,0.4789339064
0.22,-0.97,-0.97,-1.610767198,-34.77,-1.828542159,228.2945856,-1.053865879,0.5588269172
0.221,-1.35,-1.35,-2.271975345,-47.96,-2.314476686,217.6805647,-1.308569474,0.6270898146
0.222,-1.63,-1.63,-2.77005535,-57.65,-2.616127395,211.8291847,-1.454348796,0.6805236585
0.223,-1.77,-1.77,-3.022555262,-62.37,-2.748648968,208.0479718,-1.550710484,0.7030245541
0.224,-1.77,-1.77,-3.022555262,-62.35,-2.748105507,205.6555239,-1.612589288,0.6931361638
0.225,-1.65,-1.65,-2.805985545,-58.8,-2.649224652,203.6665382,-1.664583345,0.6504660261
0.226,-1.46,-1.46,-2.466549287,-52.77,-2.469494259,205.8505983,-1.607516956,0.6049895762
0.227,-1.27,-1.27,-2.131361422,-47,-2.282210621,218.2534782,-1.294507306,0.5958986606
0.228,-1.2,-1.2,-2.00894208,-44.73,-2.20407776,231.3846013,-0.98193818,0.6305499149
0.229,-1.24,-1.24,-2.078825379,-46.09,-2.25120188,231.7368501,-0.9737997903,0.6445966829
0.23,-1.3,-1.3,-2.18400338,-48.22,-2.323137449,228.9907247,-1.037576936,0.6498628355
0.231,-1.3,-1.3,-2.18400338,-48.32,-2.326459729,230.6480926,-0.9989946576,0.6567533714
0.232,-1.24,-1.24,-2.078825379,-46.15,-2.253259222,234.5627663,-0.9089537723,0.6573957488
0.233,-1.13,-1.13,-1.88709939,-42.57,-2.127263144,240.2590127,-0.7805840073,0.648967876
0.234,-0.99,-0.99,-1.645143964,-38.13,-1.961453412,243.8816306,-0.7005189767,0.6180169153
0.235,-0.85,-0.85,-1.405495145,-33.06,-1.758328118,246.8231696,-0.6363768603,0.5869178699
0.236,-0.71,-0.71,-1.168152932,-28.08,-1.543505053,247.0252209,-0.6319991025,0.5369573436
0.237,-0.6,-0.6,-0.98328792,-23.99,-1.355014463,245.6614075,-0.6616180122,0.4875890535
0.238,-0.52,-0.52,-0.8497350368,-20.82,-1.20105623,243.1946832,-0.7156097184,0.4433401854
0.239,-0.46,-0.46,-0.7500646472,-18.28,-1.072543774,243.8162476,-0.7019534675,0.4226913571
0.24,-0.42,-0.42,-0.6838530888,-16.32,-0.9701514024,249.6649913,-0.5751310409,0.4425424567
0.241,-0.38,-0.38,-0.6178298248,-14.58,-0.8768429335,257.5250198,-0.4092976518,0.480375032
0.242,-0.39,-0.39,-0.6343179882,-14.89,-0.8936347933,268.1587601,-0.1928242721,0.5838397491
0.243,-0.53,-0.53,-0.8663879578,-19.76,-1.14799135,275.7076837,-0.04429760505,0.7266593839
0.244,-0.79,-0.79,-1.303494612,-28.94,-1.581730906,266.6296438,-0.223418783,0.7220977962
0.245,-1.08,-1.08,-1.800421949,-38.64,-1.981057025,249.4064809,-0.5806734572,0.7028147422
0.246,-1.26,-1.26,-2.113837639,-44.66,-2.201626598,232.9290746,-0.9463460241,0.6714917481
0.247,-1.33,-1.33,-2.236751254,-47.03,-2.283225838,221.1119195,-1.224893827,0.6375926329
0.248,-1.42,-1.42,-2.395630369,-50.03,-2.382524325,216.2337101,-1.344247955,0.6428164076
0.249,-1.59,-1.59,-2.69833618,-55.7,-2.558759454,213.8981608,-1.402347864,0.6812075422
0.25,-1.78,-1.78,-3.040679233,-62.34,-2.74783372,209.9275185,-1.50259454,0.7153818502
0.251,-1.93,-1.93,-3.313951006,-67.38,-2.880276453,206.5438462,-1.589529906,0.7414081819
0.252,-2,-2,-3.442384,-69.52,-2.933912345,205.4301605,-1.618455192,0.7561744459
0.253,-1.99,-1.99,-3.424001124,-69.49,-2.933170532,199.9345068,-1.763527276,0.7290230848
0.254,-1.97,-1.97,-3.387270678,-68.73,-2.914283315,196.1541613,-1.865653212,0.708643443
0.255,-1.96,-1.96,-3.368923107,-68.44,-2.907027918,196.0659199,-1.868060491,0.7055205723
0.256,-1.98,-1.98,-3.405630017,-68.98,-2.920516401,198.3024027,-1.807379596,0.7203267624
0.257,-1.99,-1.99,-3.424001124,-69.32,-2.928961593,201.2719874,-1.727857129,0.7352661396
0.258,-1.97,-1.97,-3.387270678,-68.83,-2.916778938,203.4395857,-1.670548355,0.7383974288
0.259,-1.94,-1.94,-3.332263271,-67.92,-2.893950341,204.6386138,-1.639109191,0.7351024727
0.26,-1.92,-1.92,-3.295650509,-67.42,-2.881292622,205.6670612,-1.612289162,0.7334128246
0.261,-1.92,-1.92,-3.295650509,-67.31,-2.878496884,207.2816224,-1.570453715,0.7407703087
0.262,-1.9,-1.9,-3.25908482,-66.78,-2.864970168,209.8602427,-1.504309337,0.7459089802
0.263,-1.86,-1.86,-3.186094663,-65.44,-2.830347572,216.3605392,-1.3411109,0.7637843418
0.264,-1.8,-1.8,-3.07696248,-63.74,-2.785525826,222.3921308,-1.194007302,0.7731968503
0.265,-1.76,-1.76,-3.004443059,-62.52,-2.752720196,219.9888416,-1.252136945,0.7501998084
0.266,-1.76,-1.76,-3.004443059,-62.47,-2.751364047,209.7902671,-1.506093534,0.7056894878
0.267,-1.77,-1.77,-3.022555262,-62.93,-2.763805788,203.8529385,-1.659689142,0.6832957447
0.268,-1.74,-1.74,-2.968253959,-61.99,-2.738297715,194.848149,-1.901393112,0.639752533
0.269,-1.68,-1.68,-2.859969101,-60.24,-2.689922246,189.7911343,-2.042078626,0.6043889632
0.27,-1.68,-1.68,-2.859969101,-60.28,-2.691041107,192.9468072,-1.953855165,0.615722921
0.271,-1.75,-1.75,-2.986342625,-62.42,-2.750006971,194.5425786,-1.909789829,0.6408740023
0.272,-1.82,-1.82,-3.113292801,-65.01,-2.819106472,190.0959263,-2.033493773,0.6415720736
0.273,-1.86,-1.86,-3.186094663,-66.44,-2.856243126,189.6455232,-2.046184814,0.6499013759
0.274,-1.88,-1.88,-3.222566205,-66.84,-2.866506201,192.3038172,-1.97171367,0.6660644391
0.275,-1.89,-1.89,-3.240819628,-67.15,-2.874423202,194.8823232,-1.900454864,0.6787230131
0.276,-1.84,-1.84,-3.149670195,-65.83,-2.840487587,196.2522821,-1.862977688,0.6696488677
0.277,-1.71,-1.71,-2.914058572,-61.82,-2.733649404,196.0051497,-1.869718967,0.6330274567
0.278,-1.53,-1.53,-2.591110478,-56.25,-2.575101615,197.8658897,-1.819169259,0.5896565214
0.279,-1.34,-1.34,-2.254357415,-50.55,-2.39929726,202.1464243,-1.704664112,0.5493125327
0.28,-1.2,-1.2,-2.00894208,-45.88,-2.243986856,207.1143973,-1.574771585,0.5260720496
0.281,-1.08,-1.08,-1.800421949,-41.97,-2.105487265,213.0534889,-1.42351654,0.510178523
0.282,-0.94,-0.94,-1.559290311,-37.35,-1.931184161,219.4909337,-1.264259498,0.487973026
0.283,-0.79,-0.79,-1.303494612,-32.09,-1.717706526,225.719734,-1.114549446,0.4602319229
0.284,-0.67,-0.67,-1.100764534,-27.9,-1.535443382,229.2422747,-1.031703101,0.4287891404
0.285,-0.66,-0.66,-1.083946855,-27.39,-1.512486738,229.9160148,-1.016002581,0.4286934681
0.286,-0.73,-0.73,-1.201917742,-30.11,-1.632970217,228.143836,-1.057399808,0.4467481167
0.287,-0.78,-0.78,-1.286535713,-31.72,-1.702058465,228.6095847,-1.04648908,0.4680783911
0.288,-0.75,-0.75,-1.235729625,-30.66,-1.656755457,231.1776812,-0.9867246619,0.4674631809
0.289,-0.7,-0.7,-1.15128818,-28.91,-1.580405513,233.2800028,-0.9382918437,0.4570966721
0.29,-0.7,-0.7,-1.15128818,-28.99,-1.583938602,231.5631865,-0.9778105842,0.4494148709
0.291,-0.79,-0.79,-1.303494612,-32.19,-1.721921151,222.8095787,-1.183974337,0.4485689928
0.292,-0.93,-0.93,-1.542154886,-37.41,-1.93352497,213.7351713,-1.406426096,0.4617297845
0.293,-1.07,-1.07,-1.783121766,-42.77,-2.134478977,207.9104389,-1.554248343,0.4833975546
0.294,-1.16,-1.16,-1.939247075,-46.05,-2.249829309,206.5550627,-1.589239379,0.5051347691
0.295,-1.17,-1.17,-1.956653174,-46.44,-2.26317747,209.3843817,-1.516454311,0.5176835436
0.296,-1.12,-1.12,-1.869740365,-44.97,-2.212462562,212.0801613,-1.448013832,0.5107915374
0.297,-1.07,-1.07,-1.783121766,-43.07,-2.145262831,213.5506206,-1.411047574,0.5013965494
0.298,-1.02,-1.02,-1.696797377,-41.41,-2.08498816,215.5093774,-1.362199294,0.4922266048
0.299,-0.96,-0.96,-1.593596467,-39.46,-2.012268357,220.7592385,-1.233434072,0.4909866207
0.3,-0.92,-0.92,-1.525031229,-38.06,-1.958751168,228.8711577,-1.040371157,0.5084925066
0.301,-0.94,-0.94,-1.559290311,-39.15,-2.00051341,235.1837808,-0.8948081463,0.5385551418
0.302,-1.04,-1.04,-1.731291827,-42.79,-2.135199388,237.6527374,-0.8389366679,0.58211588
0.303,-1.11,-1.11,-1.852393108,-45.58,-2.233640897,237.6155492,-0.8397739085,0.6027149686
0.304,-1.07,-1.07,-1.783121766,-44.22,-2.186161207,239.178897,-0.8046898546,0.5961920969
0.305,-0.93,-0.93,-1.542154886,-39.42,-2.010754615,243.266171,-0.7140373005,0.5659716168
0.306,-0.78,-0.78,-1.286535713,-34.34,-1.811052112,247.6849409,-0.6177301256,0.529704019
0.307,-0.69,-0.69,-1.134435196,-31.24,-1.681631171,245.6755918,-0.661309117,0.4841929613
0.308,-0.65,-0.65,-1.067140945,-29.84,-1.621223509,235.073605,-0.8973150327,0.4237143595
0.309,-0.63,-0.63,-1.03356443,-29.1,-1.588789859,227.6990232,-1.067840902,0.3890508403
0.31,-0.63,-0.63,-1.03356443,-29.03,-1.585703598,228.0664272,-1.059215361,0.3907735721
0.311,-0.62,-0.62,-1.016793825,-28.79,-1.575098129,232.8572529,-0.9479959051,0.4029948195
0.312,-0.56,-0.56,-0.9164173312,-26.32,-1.463765073,237.3469796,-0.8458242691,0.396787998
0.313,-0.41,-0.41,-0.6673296202,-20.31,-1.175625491,241.9417847,-0.7432432703,0.3477724135
0.314,-0.28,-0.28,-0.4535954528,-14.96,-0.8974163772,249.3442984,-0.5820074956,0.3066027669
0.315,-0.26,-0.26,-0.4208897992,-14.15,-0.8534295104,255.0519542,-0.4609230829,0.3202259434
0.316,-0.34,-0.34,-0.5519948552,-17.67,-1.04098144,256.3271687,-0.4342406803,0.3741774527
0.317,-0.55,-0.55,-0.899729105,-26.61,-1.477045032,259.2811247,-0.3729389606,0.486344265
0.318,-0.71,-0.71,-1.168152932,-33.64,-1.782341839,254.1961975,-0.478903719,0.5165971152
0.319,-0.69,-0.69,-1.134435196,-32.72,-1.744155528,244.2526514,-0.6923861268,0.465592367
0.32,-0.46,-0.46,-0.7500646472,-24.25,-1.367332459,241.2513482,-0.7585325507,0.3528279753
0.321,-0.03,-0.03,-0.0481581978,-5.28,-0.3378816095,248.5687175,-0.5986745073,0.05142051494
0.322,0.36,0.36,0.5696369568,7.55,0.5262015464,252.2828799,-0.5193251227,82.83913018
0.323,0.57,0.57,0.8948817942,13.17,0.9526555674,255.7990567,-0.4452746809,1.763727838
0.324,0.63,0.63,0.9868556502,14.89,1.089358412,258.6373304,-0.3862395156,1.403540219
0.325,0.57,0.57,0.8948817942,13.51,0.9794444752,260.372532,-0.3504661563,1.422754596
0.326,0.47,0.47,0.7406505622,10.93,0.7790117743,262.3210618,-0.3105778431,1.581120651
0.327,0.39,0.39,0.6164182518,9.06,0.6377907968,264.531056,-0.2656941352,1.656607853
0.328,0.26,0.26,0.4129343608,5.62,0.3867063448,266.6335333,-0.2233407382,2.527670111
0.329,0.02,0.02,0.0320466232,-0.56,-0.03698152532,270.4863092,-0.1465880185,-0.1745748371
0.33,-0.22,-0.22,-0.3556197128,-9.26,-0.5770373704,272.1765298,-0.1132608439,0.5151682352
0.331,-0.38,-0.38,-0.6178298248,-14.55,-0.875214026,269.1335084,-0.1734124571,0.5891800701
0.332,-0.41,-0.41,-0.6673296202,-15.45,-0.9237833285,269.1870934,-0.1723473686,0.6088047912
0.333,-0.41,-0.41,-0.6673296202,-15.7,-0.9371658512,273.589815,-0.08555267574,0.6525056529
0.334,-0.58,-0.58,-0.9498290888,-21.37,-1.228273985,282.5418272,0.08669935441,0.8320341597
0.335,-0.99,-0.99,-1.645143964,-34.86,-1.832188857,290.0202514,0.2264635696,1.02454883
0.336,-1.45,-1.45,-2.448801905,-49.71,-2.372139063,285.5781535,0.1438862202,1.098978472
0.337,-1.79,-1.79,-3.058814972,-60.91,-2.708581485,276.7540644,-0.02403143015,1.119373679
0.338,-1.96,-1.96,-3.368923107,-66.56,-2.859327706,261.0794778,-0.3359598841,1.054341123
0.339,-2.04,-2.04,-3.516033187,-68.87,-2.917776295,245.716509,-0.660418149,0.9826277589
0.34,-2.15,-2.15,-3.719539345,-72.67,-3.01027816,238.551305,-0.8187464043,0.9714064985
0.341,-2.24,-2.24,-3.887103539,-75.46,-3.075529277,239.0508783,-0.8075541697,1.001035283
0.342,-2.27,-2.27,-3.943170102,-76.49,-3.099089112,242.6207981,-0.7282494418,1.030264255
0.343,-2.26,-2.26,-3.924469479,-76.1,-3.090200805,234.5465928,-0.909322677,0.9812342638
0.344,-2.15,-2.15,-3.719539345,-73.09,-3.020239435,212.3754493,-1.440569986,0.833826105
0.345,-2.04,-2.04,-3.516033187,-69.82,-2.941315025,203.4074388,-1.671393812,0.762249106
0.346,-1.96,-1.96,-3.368923107,-67.19,-2.875442418,203.6637181,-1.664657426,0.7420372289
0.347,-1.96,-1.96,-3.368923107,-67.39,-2.880530545,208.3937827,-1.541825261,0.7617937712
0.348,-2.04,-2.04,-3.516033187,-69.84,-2.941807541,213.9895854,-1.40006165,0.8097971248
0.349,-2.08,-2.08,-3.589870669,-71.17,-2.9742845,219.0373873,-1.27532594,0.8447528826
0.35,-2.08,-2.08,-3.589870669,-71.35,-2.978638763,222.1132134,-1.20072132,0.8589522314
0.351,-2.11,-2.11,-3.645372348,-72.16,-2.998114182,221.974584,-1.204061504,0.8674964164
0.352,-2.15,-2.15,-3.719539345,-73.59,-3.032032904,220.0570887,-1.250477471,0.8685418175
0.353,-2.16,-2.16,-3.738110515,-74.06,-3.04305502,216.4657625,-1.338509649,0.8531451199
0.354,-2.15,-2.15,-3.719539345,-73.58,-3.031797723,212.6051707,-1.43478615,0.832748125
0.355,-2.1,-2.1,-3.62686002,-72.19,-2.998831796,209.9651838,-1.501634725,0.805885346
0.356,-2.07,-2.07,-3.571393646,-71.39,-2.979605064,208.0686722,-1.550178194,0.7884248412
0.357,-2.21,-2.21,-3.831142892,-75.92,-3.086085252,203.8292653,-1.660310467,0.8071688747
0.358,-2.42,-2.42,-4.225091649,-83.01,-3.242298582,199.2457918,-1.781988253,0.8409336065
0.359,-2.47,-2.47,-4.319653918,-84.63,-3.276458879,193.5358711,-1.937546573,0.8284713082
0.36,-2.23,-2.23,-3.868438222,-77.66,-3.125522543,188.6552188,-2.07419502,0.7439708359
0.361,-1.77,-1.77,-3.022555262,-64.11,-2.795368408,185.5639203,-2.162586132,0.6096375506
0.362,-1.38,-1.38,-2.324899745,-52.24,-2.452940514,185.5629659,-2.162613649,0.5037097741
0.363,-1.2,-1.2,-2.00894208,-46.57,-2.267609861,188.0147675,-2.092388228,0.4607667341
0.364,-1.15,-1.15,-1.921852745,-44.76,-2.205127484,193.9426802,-1.926312768,0.4651774268
0.365,-1.19,-1.19,-1.991500676,-46.23,-2.25599952,199.1559194,-1.784401985,0.4928967267
0.366,-1.35,-1.35,-2.271975345,-51.76,-2.437838289,203.9879465,-1.656147109,0.554954433
0.367,-1.61,-1.61,-2.734172228,-61.18,-2.716052075,206.0708119,-1.601796724,0.633225561
0.368,-1.85,-1.85,-3.167876545,-69.67,-2.937617192,205.9663154,-1.604510344,0.697443328
0.369,-1.93,-1.93,-3.313951006,-72.34,-3.002415946,206.0191071,-1.603139249,0.7195551602
0.37,-1.81,-1.81,-3.095121756,-68.99,-2.920765311,204.0833103,-1.653646585,0.6766163228
0.371,-1.57,-1.57,-2.662547206,-61.78,-2.732554106,202.5381016,-1.694308024,0.6014524798
0.372,-1.35,-1.35,-2.271975345,-54.9,-2.534758516,200.7982571,-1.740464169,0.5314285388
0.373,-1.23,-1.23,-2.061336902,-51.14,-2.418174768,200.4781923,-1.748998671,0.4946606932
0.374,-1.19,-1.19,-1.991500676,-49.98,-2.380904825,204.075113,-1.65386148,0.4935851362
0.375,-1.2,-1.2,-2.00894208,-50.12,-2.385436447,211.9064847,-1.452396848,0.5234573588
0.376,-1.19,-1.19,-1.991500676,-50.03,-2.382524325,218.7649529,-1.281984306,0.5434564022
0.377,-1.16,-1.16,-1.939247075,-49.06,-2.350893876,224.2352898,-1.149849885,0.5539528762
0.378,-1.1,-1.1,-1.83505762,-47.09,-2.28525493,227.8915797,-1.063318522,0.5480117568
0.379,-1.03,-1.03,-1.714038718,-44.92,-2.210718174,229.1745177,-1.033284633,0.5283715274
0.38,-1.01,-1.01,-1.679567804,-44.08,-2.181219309,228.8900691,-1.039929111,0.5214189429
0.381,-1.03,-1.03,-1.714038718,-45.02,-2.214205664,227.461383,-1.073427396,0.5213594968
0.382,-1.06,-1.06,-1.765833351,-46.22,-2.255657159,226.3396725,-1.099875829,0.5262452664
0.383,-1.05,-1.05,-1.748556705,-45.65,-2.236059045,229.037009,-1.036495688,0.5343093845
0.384,-0.97,-0.97,-1.610767198,-43.03,-2.143827743,234.657414,-0.9067954471,0.5280125068
0.385,-0.85,-0.85,-1.405495145,-39.3,-2.006208015,239.0241071,-0.8081533473,0.4994010947
0.386,-0.73,-0.73,-1.201917742,-35.16,-1.844309623,240.3703995,-0.7781042614,0.4583249612
0.387,-0.6,-0.6,-0.98328792,-30.38,-1.644670562,242.6019104,-0.7286659473,0.4143061534
0.388,-0.47,-0.47,-0.7666469578,-25.64,-1.432405519,245.3018554,-0.6694540538,0.3647469925
0.389,-0.39,-0.39,-0.6343179882,-22.64,-1.290306744,246.1442834,-0.6511122909,0.3267290455
0.39,-0.39,-0.39,-0.6343179882,-22.47,-1.282068703,247.7401258,-0.6165382624,0.3340965244
0.391,-0.44,-0.44,-0.7169353312,-24.96,-1.40073495,251.1461126,-0.5434862884,0.3687519286
0.392,-0.47,-0.47,-0.7666469578,-26.18,-1.457333993,255.9464007,-0.4421938894,0.4035986863
0.393,-0.38,-0.38,-0.6178298248,-22.64,-1.290306744,261.8979023,-0.3192150881,0.3838592385
0.394,-0.21,-0.21,-0.3393316122,-15.61,-0.9323535792,266.904607,-0.2179044095,0.2950047863
0.395,-0.01,-0.01,-0.0160409642,-5.96,-0.3796700283,265.1799605,-0.2525864582,0.02537097609
0.396,0.22,0.22,0.3499238072,3.24,0.2194440285,265.678616,-0.242535541,-15.15378461
0.397,0.46,0.46,0.7251627128,9.5,0.6707161892,269.7071637,-0.1620211234,1.425535181
0.398,0.66,0.66,1.032683705,14.87,1.087751843,273.8899761,-0.07968629791,1.02442119
0.399,0.75,0.75,1.169532375,16.53,1.222470909,276.7793846,-0.02354198085,0.9754809874
0.4,0.75,0.75,1.169532375,16.46,1.216733581,279.2486882,0.02397670216,0.9426313228
0.401,0.79,0.79,1.230048028,17.31,1.286739346,281.9160475,0.07483691876,0.903400022
0.402,0.9,0.9,1.39549518,19.36,1.45863237,281.2671458,0.06250833469,0.9174004585
0.403,0.96,0.96,1.485138893,20.45,1.55180694,277.7558159,-0.004701292118,0.9599466557
0.404,0.89,0.89,1.380513372,19.19,1.444212368,276.7871485,-0.02339191056,0.9716311197
0.405,0.72,0.72,1.124022067,16.3,1.203638408,278.5424101,0.01042829723,0.9258322155
0.406,0.58,0.58,0.9102401912,13.45,0.9747086845,280.3477119,0.04499107732,0.8926550984
0.407,0.51,0.51,0.8024842758,11.8,0.8458692314,282.6984874,0.08966493165,0.8577819042
0.408,0.48,0.48,0.7561266432,11.14,0.795082191,283.674074,0.1080958872,0.8371844505
0.409,0.44,0.44,0.6941517088,10.24,0.7265104923,281.4927808,0.06679843101,0.8750080686
0.41,0.38,0.38,0.6008362552,8.63,0.6057927298,279.8882139,0.03621507962,0.9358706333
0.411,0.29,0.29,0.4600687078,6.55,0.4534886908,281.6466131,0.06972134088,0.8793193555
0.412,0.19,0.19,0.3025423238,4.2,0.286285154,280.0423263,0.03916009266,0.9296258799
0.413,0.08,0.08,0.1279040512,1.66,0.1112559608,275.2878938,-0.05244967322,2.17500639
0.414,-0.02,-0.02,-0.0320936968,-1.38,-0.09063656521,270.0608996,-0.1550088996,0.1306504756
0.415,-0.14,-0.14,-0.2256444232,-5.37,-0.3434346626,270.5450627,-0.145426048,0.461572015
0.416,-0.3,-0.3,-0.48634818,-10.75,-0.6632546824,273.5010948,-0.08728786583,0.6479954816
0.417,-0.54,-0.54,-0.8830526472,-18.69,-1.09360443,273.0132381,-0.09683943281,0.7417843672
0.418,-0.88,-0.88,-1.456654285,-29.41,-1.602419676,273.0701627,-0.09572404649,0.8577921087
0.419,-1.24,-1.24,-2.078825379,-40.9,-2.066171118,273.7221838,-0.0829648536,0.9672842511
0.42,-1.54,-1.54,-2.608952007,-50.22,-2.388667655,272.7807481,-0.1013972757,1.047744569
0.421,-1.73,-1.73,-2.950177062,-56.29,-2.576285143,271.6328919,-0.1239574737,1.092559996
0.422,-1.84,-1.84,-3.149670195,-59.7,-2.674756488,268.7814543,-0.1804153842,1.103145568
0.423,-1.92,-1.92,-3.295650509,-62.49,-2.751906617,268.7676889,-0.1806893879,1.123799699
0.424,-2.05,-2.05,-3.534474905,-66.55,-2.859070843,269.2319711,-0.1714555139,1.166290766
0.425,-2.23,-2.23,-3.868438222,-72.07,-2.995959763,269.4948129,-0.1662350438,1.223339629
0.426,-2.41,-2.41,-4.2062145,-78.1,-3.13537541,268.9995254,-0.1760765155,1.270202496
0.427,-2.57,-2.57,-4.509661086,-83.16,-3.245483348,260.3254293,-0.3514340863,1.253757187
0.428,-2.68,-2.68,-4.720028221,-86.71,-3.319596321,252.361072,-0.5176672116,1.230050577
0.429,-2.75,-2.75,-4.854639625,-88.99,-3.366029317,245.3044954,-0.6693964746,1.20300555
0.43,-2.8,-2.8,-4.95114368,-90.32,-3.392740913,232.9069494,-0.946854229,1.140922947
0.431,-2.81,-2.81,-4.970479796,-90.84,-3.403114974,223.5982826,-1.165069783,1.088064529
0.432,-2.81,-2.81,-4.970479796,-90.81,-3.402517497,223.0635663,-1.177879178,1.085163611
0.433,-2.82,-2.82,-4.989827681,-91.13,-3.408884206,218.9724588,-1.276912056,1.064883619
0.434,-2.86,-2.86,-5.067336903,-92.37,-3.433426305,211.1968805,-1.470342279,1.033355636
0.435,-2.91,-2.91,-5.16448822,-94.07,-3.466761943,207.9702637,-1.552709139,1.02889092
0.436,-2.95,-2.95,-5.242421105,-95.36,-3.491840255,209.029611,-1.525526779,1.044855014
0.437,-2.92,-2.92,-5.183953789,-94.55,-3.47611418,208.3971174,-1.541739654,1.033101792
0.438,-2.74,-2.74,-4.835374119,-89.21,-3.37046598,205.2942408,-1.621996109,0.9685349697
0.439,-2.46,-2.46,-4.300717927,-81.05,-3.20025567,201.5219512,-1.721216975,0.8738680955
0.44,-2.25,-2.25,-3.905780625,-74.91,-3.062834544,200.8636924,-1.738721019,0.8134406807
0.441,-2.18,-2.18,-3.775288161,-72.96,-3.017161559,201.4683606,-1.722639888,0.7965076604
0.442,-2.21,-2.21,-3.831142892,-73.76,-3.036026711,201.6592834,-1.717572326,0.8059457396
0.443,-2.17,-2.17,-3.756693454,-72.62,-3.009088933,201.8334765,-1.712952995,0.7955654591
0.444,-2.03,-2.03,-3.497603238,-68.56,-2.910033422,201.3199219,-1.726583135,0.7543438614
0.445,-1.92,-1.92,-3.295650509,-65.14,-2.822511737,199.8377798,-1.766116197,0.7182213411
0.446,-1.9,-1.9,-3.25908482,-64.47,-2.804898025,199.7193315,-1.769288203,0.7124950006
0.447,-1.93,-1.93,-3.313951006,-65.7,-2.837113405,200.7505356,-1.741735796,0.7237519429
0.448,-1.96,-1.96,-3.368923107,-66.47,-2.857014727,202.69903,-1.690058825,0.740899189
0.449,-1.93,-1.93,-3.313951006,-65.76,-2.838671442,205.4033408,-1.619153699,0.7434008515
0.45,-1.88,-1.88,-3.222566205,-64.02,-2.792978784,205.3638941,-1.62018124,0.7302173925
0.451,-1.82,-1.82,-3.113292801,-62.43,-2.750278461,202.4414478,-1.696861723,0.7000662611
0.452,-1.83,-1.83,-3.131475614,-62.72,-2.758135543,202.5646238,-1.693607494,0.7034268573
0.453,-1.87,-1.87,-3.20432455,-63.9,-2.789788106,203.8509017,-1.659742596,0.7201488796
0.454,-1.93,-1.93,-3.313951006,-65.98,-2.844373667,201.623295,-1.718527181,0.7262816169
0.455,-2.05,-2.05,-3.534474905,-69.74,-2.939343718,197.6371166,-1.825358523,0.7418039419
0.456,-2.18,-2.18,-3.775288161,-74.19,-3.046092902,193.4358335,-1.940312674,0.7571161438
0.457,-2.3,-2.3,-3.99934258,-78.21,-3.137831261,193.5902495,-1.936043579,0.7882225529
0.458,-2.34,-2.34,-4.074403975,-79.37,-3.16355341,200.5816516,-1.746238447,0.829852689
0.459,-2.27,-2.27,-3.943170102,-77.42,-3.120128207,205.7424504,-1.610328428,0.8335707113
0.46,-2.19,-2.19,-3.793894636,-75.13,-3.067922116,204.0801454,-1.653729552,0.8035100645
0.461,-2.15,-2.15,-3.719539345,-73.97,-3.040949143,198.0312876,-1.814699015,0.7660232423
0.462,-2.17,-2.17,-3.756693454,-74.45,-3.052154758,192.5362246,-1.96525187,0.7487321105
0.463,-2.21,-2.21,-3.831142892,-75.69,-3.080814204,192.2730483,-1.972569744,0.7581341397
0.464,-2.23,-2.23,-3.868438222,-76.34,-3.095675163,196.7560962,-1.849260896,0.7823029813
0.465,-2.2,-2.2,-3.81251288,-75.46,-3.075529277,203.8212906,-1.660519787,0.8049986028
0.466,-2.1,-2.1,-3.62686002,-72.73,-3.011704286,209.0041147,-1.526179384,0.7992404134
0.467,-1.97,-1.97,-3.387270678,-68.64,-2.912034524,207.5135097,-1.564471979,0.7566772605
0.468,-1.83,-1.83,-3.131475614,-64.47,-2.804898025,204.2295012,-1.649815592,0.7029577841
0.469,-1.71,-1.71,-2.914058572,-60.92,-2.708858671,203.3876204,-1.671915098,0.6651926636
0.47,-1.6,-1.6,-2.71624832,-57.64,-2.615837232,204.7187612,-1.637014257,0.6386887309
0.471,-1.49,-1.49,-2.519862044,-54.11,-2.51078581,210.282756,-1.493548968,0.62928356
0.472,-1.35,-1.35,-2.271975345,-49.92,-2.378959864,222.2435266,-1.19758341,0.635243354
0.473,-1.21,-1.21,-2.026395252,-45.39,-2.227064769,236.3635775,-0.8680370256,0.6547103735
0.474,-1.1,-1.1,-1.83505762,-41.67,-2.094526705,244.6256537,-0.6842222849,0.6603898469
0.475,-1.04,-1.04,-1.731291827,-39.86,-2.02735664,241.0235142,-0.7635873941,0.6203248097
0.476,-1.05,-1.05,-1.748556705,-39.98,-2.031865753,234.1772624,-0.9177537316,0.5928075517
0.477,-1.07,-1.07,-1.783121766,-40.7,-2.058753072,233.1777109,-0.9406383002,0.5944945305
0.478,-1.06,-1.06,-1.765833351,-40.49,-2.050940481,237.1034768,-0.8513158436,0.6084346638
0.479,-1.02,-1.02,-1.696797377,-39.1,-1.9986124,237.8227345,-0.8351110893,0.5987872081
0.48,-0.96,-0.96,-1.593596467,-37.01,-1.917880312,227.9233201,-1.062573432,0.5346825028
0.481,-0.89,-0.89,-1.473730868,-34.78,-1.828947586,220.5455227,-1.238615885,0.4804239202
0.482,-0.83,-0.83,-1.371447894,-32.6,-1.739136492,222.6130283,-1.188695896,0.4684174885
0.483,-0.77,-0.77,-1.269588582,-30.33,-1.642507322,225.545835,-1.118672781,0.4597992649
0.484,-0.7,-0.7,-1.15128818,-27.85,-1.533200271,229.8592966,-1.01732254,0.4513930146
0.485,-0.64,-0.64,-1.050346803,-25.33,-1.418006195,231.5697732,-0.9776584082,0.4384364998
0.486,-0.58,-0.58,-0.9498290888,-23.23,-1.318741538,232.0913053,-0.965622902,0.4157957776
0.487,-0.54,-0.54,-0.8830526472,-21.63,-1.241065966,232.2368168,-0.962269729,0.4007798944
0.488,-0.52,-0.52,-0.8497350368,-20.78,-1.19906837,233.3316327,-0.9371079028,0.3977832015
0.489,-0.57,-0.57,-0.9331173258,-22.66,-1.2912746,239.1388096,-0.8055866121,0.4450067179
0.49,-0.78,-0.78,-1.286535713,-29.84,-1.621223509,244.566583,-0.6855143246,0.5577294889
0.491,-1.1,-1.1,-1.83505762,-41.24,-2.078731569,244.4695676,-0.6876370002,0.6633453113
0.492,-1.36,-1.36,-2.289605043,-50.33,-2.392216543,244.9979731,-0.6760857931,0.7462123326
0.493,-1.36,-1.36,-2.289605043,-50.24,-2.389313331,243.0752827,-0.7182370346,0.7367877504
0.494,-1.11,-1.11,-1.852393108,-42.26,-2.116036381,239.7264862,-0.7924552737,0.6368913265
0.495,-0.83,-0.83,-1.371447894,-32.83,-1.748748536,238.5102395,-0.8196674619,0.5339664193
0.496,-0.71,-0.71,-1.168152932,-28.54,-1.564011148,238.0142607,-0.8308042972,0.487784115
0.497,-0.73,-0.73,-1.201917742,-29.19,-1.59275327,237.0253398,-0.8530792181,0.4914145788
0.498,-0.71,-0.71,-1.168152932,-28.69,-1.570668195,235.4411566,-0.8889565193,0.4749313689
0.499,-0.58,-0.58,-0.9498290888,-23.55,-1.334062883,232.3914323,-0.9587090622,0.4142710707
0.5,-0.42,-0.42,-0.6838530888,-17.19,-1.015952553,230.478464,-1.002930728,0.3387283927
0.501,-0.42,-0.42,-0.6838530888,-16.9,-1.000748161,229.4809793,-1.02613517,0.3373914414
0.502,-0.61,-0.61,-1.000034988,-23.62,-1.337405003,230.4779819,-1.002941918,0.4273020291
0.503,-0.91,-0.91,-1.50791934,-33.64,-1.782341839,231.4457692,-0.9805240626,0.5457808644
0.504,-1.16,-1.16,-1.939247075,-41.92,-2.103663878,232.4207206,-0.9580348448,0.6333892556
0.505,-1.29,-1.29,-2.166444292,-46.47,-2.264201082,233.6357606,-0.9301391758,0.6782133766
0.506,-1.36,-1.36,-2.289605043,-48.63,-2.336727903,234.500566,-0.9103726496,0.7051229262
0.507,-1.4,-1.4,-2.36024152,-50.16,-2.386729496,235.970622,-0.8769388279,0.7231866984
0.508,-1.47,-1.47,-2.484308438,-52.34,-2.456073599,237.3739488,-0.8452163949,0.7525265707
0.509,-1.56,-1.56,-2.644670371,-55.3,-2.546793344,238.2043781,-0.8265326109,0.7839949079
0.51,-1.65,-1.65,-2.805985545,-58.35,-2.636337365,237.8424405,-0.8346678046,0.8084071926
0.511,-1.71,-1.71,-2.914058572,-60.4,-2.694393962,234.9726584,-0.8996129525,0.8108105081
0.512,-1.72,-1.72,-2.932111933,-60.78,-2.704974573,235.775378,-0.8813672925,0.8175773651
0.513,-1.69,-1.69,-2.877987156,-59.84,-2.678699315,239.1042497,-0.8063598408,0.8258072611
0.514,-1.65,-1.65,-2.805985545,-58.49,-2.640355486,239.4383666,-0.7988891355,0.8158726273
0.515,-1.55,-1.55,-2.626805305,-55.59,-2.555475594,239.6797373,-0.7934986759,0.7843611487
0.516,-1.39,-1.39,-2.342564748,-50.59,-2.400582225,242.0024736,-0.7419014377,0.7454500961
0.517,-1.23,-1.23,-2.061336902,-45.29,-2.223596247,245.1380859,-0.673027036,0.7116344447
0.518,-1.12,-1.12,-1.869740365,-41.74,-2.097088518,246.0350928,-0.653486099,0.6797635496
0.519,-1.11,-1.11,-1.852393108,-41.35,-2.082781747,245.5571937,-0.6638880562,0.6744141965
0.52,-1.14,-1.14,-1.904470183,-42.57,-2.127263144,246.5846212,-0.6415500028,0.687829074
0.521,-1.15,-1.15,-1.921852745,-42.85,-2.137359345,245.2222613,-0.6711902706,0.6842865564
0.522,-1.13,-1.13,-1.88709939,-42.27,-2.116399338,243.3815919,-0.711499523,0.6673150217
0.523,-1.11,-1.11,-1.852393108,-41.48,-2.087559837,243.0267912,-0.7193044223,0.6599510831
0.524,-1.1,-1.1,-1.83505762,-41.04,-2.071350716,240.2292102,-0.78124768,0.6432933646
0.525,-1.09,-1.09,-1.8177339,-41.01,-2.070241704,236.4059121,-0.8670788846,0.6188408262
0.526,-1.1,-1.1,-1.83505762,-41.32,-2.081677806,233.7929,-0.9265420657,0.6100144598
0.527,-1.12,-1.12,-1.869740365,-42.02,-2.107309305,230.3270758,-1.006445993,0.600477618
0.528,-1.16,-1.16,-1.939247075,-43.34,-2.15492753,226.7572487,-1.090014658,0.5976214561
0.529,-1.22,-1.22,-2.043860193,-45.37,-2.226371474,223.6914572,-1.162840875,0.6030487272
0.53,-1.29,-1.29,-2.166444292,-47.85,-2.31080256,221.7119036,-1.210396338,0.6152575742
0.531,-1.37,-1.37,-2.30724651,-50.37,-2.393505636,221.0567653,-1.2262285,0.6374077275
0.532,-1.44,-1.44,-2.431066291,-52.79,-2.470116445,219.6483757,-1.260423291,0.6516661029
0.533,-1.51,-1.51,-2.555462724,-55.15,-2.542288365,211.3245682,-1.467108693,0.6373683343
0.534,-1.58,-1.58,-2.680435809,-57.57,-2.613804938,200.3674422,-1.751954987,0.6139677524
0.535,-1.64,-1.64,-2.788014563,-59.78,-2.677010475,194.0634931,-1.922981123,0.6060912295
0.536,-1.69,-1.69,-2.877987156,-61.26,-2.718260238,195.4870431,-1.883879515,0.6253584877
0.537,-1.7,-1.7,-2.89601698,-61.84,-2.734196827,199.3120421,-1.780209644,0.6415055885
0.538,-1.7,-1.7,-2.89601698,-61.74,-2.731458205,202.4853308,-1.695702136,0.6541477508
0.539,-1.69,-1.69,-2.877987156,-61.46,-2.723769997,205.870238,-1.60700655,0.664542981
0.54,-1.68,-1.68,-2.859969101,-61.16,-2.715499653,209.4932939,-1.513672208,0.6762480208
0.541,-1.66,-1.66,-2.823968295,-60.67,-2.701917495,212.1854809,-1.445357666,0.6809213725
0.542,-1.65,-1.65,-2.805985545,-60.08,-2.685440571,209.3379305,-1.517641322,0.6676019206
0.543,-1.64,-1.64,-2.788014563,-59.9,-2.680386743,204.8317716,-1.634061724,0.6462041636
0.544,-1.66,-1.66,-2.823968295,-60.64,-2.701082938,204.6076526,-1.639918691,0.6505338023
0.545,-1.71,-1.71,-2.914058572,-62.38,-2.748920643,207.8826672,-1.554963018,0.6770765201
0.546,-1.79,-1.79,-3.058814972,-64.97,-2.818057509,210.0277747,-1.500040123,0.7083709617
0.547,-1.85,-1.85,-3.167876545,-67.14,-2.874168314,210.1113221,-1.497912358,0.7245695546
0.548,-1.85,-1.85,-3.167876545,-67.29,-2.877988138,208.1014358,-1.549335822,0.7155285165
0.549,-1.78,-1.78,-3.040679233,-65.13,-2.822250003,204.448215,-1.644089229,0.6807989889
0.55,-1.64,-1.64,-2.788014563,-60.83,-2.706362615,206.6011643,-1.588045431,0.6492197605
0.551,-1.49,-1.49,-2.519862044,-56.22,-2.574213526,213.8757507,-1.402908412,0.6335893351
0.552,-1.4,-1.4,-2.36024152,-53.46,-2.490856045,218.8301683,-1.28038967,0.6258519593
0.553,-1.39,-1.39,-2.342564748,-53.15,-2.481285067,222.6525669,-1.187745759,0.6384696285
0.554,-1.45,-1.45,-2.448801905,-55.34,-2.547993038,222.1292977,-1.200333915,0.6533053107
0.555,-1.53,-1.53,-2.591110478,-58.03,-2.627123284,223.4913822,-1.167628184,0.6828142765
0.556,-1.56,-1.56,-2.644670371,-58.98,-2.6543568,229.319247,-1.029907043,0.7178287127
0.557,-1.52,-1.52,-2.573280717,-57.89,-2.62307903,241.2947566,-0.7575700104,0.7611794912
0.558,-1.44,-1.44,-2.431066291,-55.41,-2.550090852,245.7777969,-0.6590838903,0.7575362784
0.559,-1.36,-1.36,-2.289605043,-52.76,-2.469183099,236.8922452,-0.8560841968,0.6885476684
0.56,-1.3,-1.3,-2.18400338,-50.88,-2.409875854,229.8982077,-1.016416957,0.6374246162
0.561,-1.23,-1.23,-2.061336902,-48.94,-2.346949549,229.3905832,-1.028243035,0.61073164
0.562,-1.12,-1.12,-1.869740365,-45.31,-2.224290361,232.3915148,-0.958707163,0.5874149605
0.563,-0.96,-0.96,-1.593596467,-39.97,-2.031490299,237.7730324,-0.8362292908,0.5557016358
0.564,-0.8,-0.8,-1.32046528,-34.4,-1.813499243,244.5798904,-0.6852232272,0.5284561593
0.565,-0.69,-0.69,-1.134435196,-30.75,-1.660629365,249.5102179,-0.5784486662,0.5066528189
0.566,-0.68,-0.68,-1.117593981,-30.3,-1.641208617,252.2533344,-0.5199517132,0.5171268254
0.567,-0.72,-0.72,-1.185029453,-31.91,-1.710104579,253.8432103,-0.486338109,0.5395221369
0.568,-0.74,-0.74,-1.218817799,-32.67,-1.742065339,253.6781263,-0.4898185529,0.5460937299
0.569,-0.68,-0.68,-1.117593981,-30.5,-1.649855876,252.1524951,-0.5220908246,0.5145586585
0.57,-0.55,-0.55,-0.899729105,-25.72,-1.436110971,250.7884832,-0.5511100605,0.452757439
0.571,-0.42,-0.42,-0.6838530888,-20.36,-1.17812692,251.3566608,-0.5390029979,0.3982535518
0.572,-0.31,-0.31,-0.5027421962,-16.08,-0.9574170638,249.9948099,-0.568068117,0.3295621632
0.573,-0.23,-0.23,-0.3719195818,-12.03,-0.7359107627,247.990096,-0.611142826,0.2760985791
0.574,-0.14,-0.14,-0.2256444232,-7.7,-0.4848495626,249.6327264,-0.5758224806,0.2127372213
0.575,-0.11,-0.11,-0.1770978682,-6.21,-0.3949363368,251.3471592,-0.5392052377,0.1895835418
0.576,-0.18,-0.18,-0.2905379208,-8.82,-0.5512358423,251.4752793,-0.536478858,0.2671085724
0.577,-0.35,-0.35,-0.568435945,-14.63,-0.8795562528,251.9590477,-0.5261968349,0.4043640024
0.578,-0.58,-0.58,-0.9498290888,-22.24,-1.270890974,251.137833,-0.5436626654,0.5234505435
0.579,-0.84,-0.84,-1.388465635,-31.17,-1.678640148,251.2346181,-0.5416012457,0.6253669709
0.58,-1.15,-1.15,-1.921852745,-41.36,-2.083149618,248.0429969,-0.6100016926,0.7136074149
0.581,-1.43,-1.43,-2.413342446,-50.62,-2.401545457,233.9719819,-0.922445614,0.7260375839
0.582,-1.62,-1.62,-2.752107905,-56.79,-2.591022532,219.5918246,-1.261800888,0.7143093791
0.583,-1.71,-1.71,-2.914058572,-59.83,-2.67841794,210.1696253,-1.496428006,0.698003857
0.584,-1.73,-1.73,-2.950177062,-60.5,-2.697183742,209.0882238,-1.524026826,0.6988936026
0.585,-1.7,-1.7,-2.89601698,-59.52,-2.669675806,213.0156717,-1.424466255,0.7073562512
0.586,-1.62,-1.62,-2.752107905,-57.02,-2.597766639,218.3000941,-1.293364741,0.7072770451
0.587,-1.5,-1.5,-2.5376565,-53.27,-2.484995045,225.2687945,-1.125248285,0.7029045601
0.588,-1.37,-1.37,-2.30724651,-49.45,-2.363665212,235.2401764,-0.8935254033,0.7083547701
0.589,-1.27,-1.27,-2.131361422,-46.22,-2.255657159,246.2768332,-0.648232067,0.733967881
0.59,-1.18,-1.18,-1.974071041,-43.27,-2.152425566,247.9725246,-0.6115219138,0.7142216179
0.591,-1.1,-1.1,-1.83505762,-40.49,-2.050940481,238.547267,-0.8188369663,0.6394424841
0.592,-1.03,-1.03,-1.714038718,-38.21,-1.964538269,229.2424086,-1.031699977,0.5720635601
0.593,-0.99,-0.99,-1.645143964,-36.77,-1.908449051,229.5679737,-1.024107412,0.5609931079
0.594,-0.97,-0.97,-1.610767198,-36.08,-1.881147249,236.3258136,-0.8688918667,0.5857251952
0.595,-0.95,-0.95,-1.576437505,-35.62,-1.862790943,236.4853827,-0.8652807221,0.5778578053
0.596,-0.94,-0.94,-1.559290311,-35.27,-1.848740485,225.9294715,-1.109580563,0.5270862378
0.597,-0.95,-0.95,-1.576437505,-35.45,-1.855975496,216.6101825,-1.334941467,0.494039025
0.598,-0.98,-0.98,-1.627949697,-36.4,-1.893843543,217.1329397,-1.322045575,0.5062207174
0.599,-1.02,-1.02,-1.696797377,-37.82,-1.949465083,223.6382334,-1.164113974,0.544966852
0.6,-1.05,-1.05,-1.748556705,-38.91,-1.991375735,229.3601645,-1.028952527,0.5789293591
0.601,-1.06,-1.06,-1.765833351,-39.11,-1.998992715,232.2666576,-0.9615823342,0.5964494472
0.602,-1.04,-1.04,-1.731291827,-38.51,-1.97607405,235.3590164,-0.8908233422,0.6038904049
0.603,-1.01,-1.01,-1.679567804,-37.56,-1.939367923,238.0503518,-0.8299931166,0.6064820657
0.604,-0.98,-0.98,-1.627949697,-36.6,-1.901748321,239.7002862,-0.7930400135,0.6041104142
0.605,-0.95,-0.95,-1.576437505,-35.35,-1.851958417,243.0371732,-0.7190758766,0.6131530447
0.606,-0.89,-0.89,-1.473730868,-33.33,-1.769532425,246.4391185,-0.6447078188,0.6104325664
0.607,-0.81,-0.81,-1.337447716,-30.4,-1.645535415,250.1560741,-0.564618105,0.6051379256
0.608,-0.7,-0.7,-1.15128818,-26.56,-1.474759377,254.4828895,-0.4728731871,0.5911218579
0.609,-0.6,-0.6,-0.98328792,-22.53,-1.28497855,257.8289816,-0.4029866658,0.5825285443
0.61,-0.54,-0.54,-0.8830526472,-20.09,-1.164597913,258.4247538,-0.3906385418,0.5677931768
0.611,-0.56,-0.56,-0.9164173312,-20.64,-1.192101881,258.3600073,-0.3919791155,0.5785167131
0.612,-0.65,-0.65,-1.067140945,-23.64,-1.338359275,258.5693387,-0.3876461316,0.6182720756
0.613,-0.79,-0.79,-1.303494612,-27.89,-1.534994891,257.7386392,-0.4048616169,0.6719541404
0.614,-0.92,-0.92,-1.525031229,-31.89,-1.709258677,256.0386403,-0.4402661697,0.7094736454
0.615,-1.03,-1.03,-1.714038718,-35.15,-1.843906461,253.5150787,-0.4932582851,0.7333837808
0.616,-1.12,-1.12,-1.869740365,-37.88,-1.951789693,252.7710457,-0.5089829089,0.7598184259
0.617,-1.21,-1.21,-2.026395252,-40.76,-2.06098079,252.7294045,-0.5098643356,0.7882214422
0.618,-1.33,-1.33,-2.236751254,-44.39,-2.192148375,251.5459556,-0.5349754702,0.8201869006
0.619,-1.49,-1.49,-2.519862044,-49.49,-2.364970979,248.630925,-0.5973357696,0.8506418336
0.62,-1.74,-1.74,-2.968253959,-56.99,-2.596888221,246.3313378,-0.6470481668,0.9150160805
0.621,-2.06,-2.06,-3.552928391,-67.08,-2.872638292,244.7379358,-0.6817672204,0.9995844252
0.622,-2.38,-2.38,-4.149653665,-77.24,-3.11607308,242.8576205,-0.7230298472,1.080891485
0.623,-2.58,-2.58,-4.528726529,-83.43,-3.251204542,240.7755859,-0.7690934911,1.126465374
0.624,-2.62,-2.62,-4.605105985,-84.7,-3.277923508,239.2612072,-0.8028490413,1.128488768
0.625,-2.61,-2.61,-4.585993468,-84.48,-3.273317267,236.7420352,-0.8594776317,1.1096591
0.626,-2.72,-2.72,-4.796878413,-87.77,-3.341288916,229.1642082,-1.03352531,1.096475911
0.627,-2.89,-2.89,-5.125592388,-93.16,-3.448960281,216.3441976,-1.341514998,1.069954877
0.628,-2.93,-2.93,-5.203431126,-94.55,-3.47611418,205.1611316,-1.625466079,1.019964572
0.629,-2.84,-2.84,-5.028558755,-91.91,-3.424345348,201.04899,-1.733787895,0.9748795772
0.63,-2.74,-2.74,-4.835374119,-89.17,-3.369659862,202.3319512,-1.699756216,0.9538325607
0.631,-2.76,-2.76,-4.873916899,-89.61,-3.378513914,201.5589091,-1.720235909,0.9559043036
0.632,-2.83,-2.83,-5.009187334,-91.79,-3.421971932,198.6714442,-1.79743248,0.9597239337
0.633,-2.79,-2.79,-4.931819332,-90.68,-3.399926988,195.1981045,-1.891792904,0.9319879799
0.634,-2.65,-2.65,-4.662514145,-86.73,-3.320007373,193.9509856,-1.926083665,0.8887596709
0.635,-2.54,-2.54,-4.452535367,-83.47,-3.252050889,194.9173413,-1.899493616,0.864310764
0.636,-2.51,-2.51,-4.395515564,-82.46,-3.230581945,194.7417632,-1.904314973,0.8560085302
0.637,-2.51,-2.51,-4.395515564,-82.46,-3.230581945,194.695218,-1.90559383,0.8557953926
0.638,-2.47,-2.47,-4.319653918,-81.36,-3.206959587,193.8307144,-1.929402288,0.8409948564
0.639,-2.39,-2.39,-4.168495508,-79.11,-3.15781572,190.5435263,-2.020911465,0.8049266469
0.64,-2.34,-2.34,-4.074403975,-77.49,-3.121703027,189.5426847,-2.049086731,0.7879655075
0.641,-2.34,-2.34,-4.074403975,-77.55,-3.123051906,190.3685389,-2.025826944,0.7913186723
0.642,-2.37,-2.37,-4.13082359,-78.68,-3.148291635,190.9803276,-2.008661179,0.8010202418
0.643,-2.4,-2.4,-4.18734912,-79.51,-3.166636425,192.4460749,-1.967757442,0.8155488706
0.644,-2.41,-2.41,-4.2062145,-79.83,-3.173666348,194.7573774,-1.903886032,0.8283941129
0.645,-2.42,-2.42,-4.225091649,-80.02,-3.177829281,195.2444806,-1.890521978,0.8336225002
0.646,-2.42,-2.42,-4.225091649,-80.01,-3.177610384,192.5807904,-1.964013664,0.8217426263
0.647,-2.39,-2.39,-4.168495508,-79.38,-3.163773776,191.2365051,-2.001489598,0.8070247742
0.648,-2.34,-2.34,-4.074403975,-77.85,-3.129782997,193.0051544,-1.952237569,0.8017291394
0.649,-2.27,-2.27,-3.943170102,-75.61,-3.078977548,194.5934534,-1.908390935,0.7906313952
0.65,-2.19,-2.19,-3.793894636,-73.25,-3.024021012,192.8223615,-1.957306892,0.7616231474
0.651,-2.12,-2.12,-3.663896445,-71.31,-2.977671984,191.43753,-1.995868713,0.7366776845
0.652,-2.08,-2.08,-3.589870669,-70,-2.945743207,188.1609548,-2.088230055,0.7131286723
0.653,-2.07,-2.07,-3.571393646,-69.78,-2.94032962,188.2463648,-2.085802134,0.7105650668
0.654,-2.09,-2.09,-3.60835946,-70.45,-2.956769967,192.9651605,-1.953346294,0.734882693
0.655,-2.11,-2.11,-3.645372348,-70.92,-2.96822081,198.006458,-1.815369852,0.7620577524
0.656,-2.09,-2.09,-3.60835946,-70.46,-2.957014301,199.845016,-1.765922477,0.764007572
0.657,-2.04,-2.04,-3.516033187,-68.94,-2.919520444,195.0075953,-1.897016941,0.7299918813
0.658,-1.98,-1.98,-3.405630017,-67.23,-2.876461104,188.5771636,-2.076409015,0.6876073741
0.659,-1.93,-1.93,-3.313951006,-65.54,-2.832952579,185.4056468,-2.167151271,0.6627764354
0.66,-1.83,-1.83,-3.131475614,-62.6,-2.754888108,187.569381,-2.105076831,0.6443411944
0.661,-1.74,-1.74,-2.968253959,-59.99,-2.682915241,191.3119297,-1.999379947,0.6339314034
0.662,-1.73,-1.73,-2.950177062,-59.49,-2.668827782,191.7796166,-1.986317136,0.6337454824
0.663,-1.74,-1.74,-2.968253959,-59.98,-2.682634453,191.8028179,-1.985669938,0.6358312807
0.664,-1.76,-1.76,-3.004443059,-60.58,-2.699412781,191.0467883,-2.006799716,0.6383993627
0.665,-1.78,-1.78,-3.040679233,-61.13,-2.714670734,184.7504033,-2.186092235,0.6204501731
0.666,-1.83,-1.83,-3.131475614,-62.78,-2.759757269,178.6388368,-2.366064344,0.6109216923
0.667,-1.92,-1.92,-3.295650509,-65.81,-2.83996886,174.5199984,-2.490862495,0.6182244925
0.668,-1.96,-1.96,-3.368923107,-67.1,-2.873148433,175.6175222,-2.457322693,0.6320122608
0.669,-1.91,-1.91,-3.27736178,-65.49,-2.831650508,181.1258094,-2.292096458,0.6396416142
0.67,-1.81,-1.81,-3.095121756,-62.4,-2.749463881,188.770015,-2.070940549,0.6420875677
0.671,-1.75,-1.75,-2.986342625,-60.73,-2.70358557,194.5897002,-1.908494123,0.6475045585
0.672,-1.79,-1.79,-3.058814972,-61.88,-2.735291223,195.9685899,-1.870716967,0.6640923866
0.673,-1.85,-1.85,-3.167876545,-63.81,-2.787391706,197.6076238,-1.826156946,0.6866463938
0.674,-1.89,-1.89,-3.240819628,-65.1,-2.821464592,202.9933496,-1.682296241,0.7195807567
0.675,-1.89,-1.89,-3.240819628,-65.09,-2.821202718,211.3792795,-1.465723774,0.7559774197
0.676,-1.86,-1.86,-3.186094663,-64.26,-2.799344687,219.4999351,-1.264040097,0.7840986844
0.677,-1.85,-1.85,-3.167876545,-63.95,-2.791118183,220.3309885,-1.243822596,0.7851110386
0.678,-1.84,-1.84,-3.149670195,-63.66,-2.783391229,217.8449748,-1.304530242,0.7704820696
0.679,-1.82,-1.82,-3.113292801,-62.87,-2.762187372,223.7915064,-1.160448546,0.7936736586
0.68,-1.76,-1.76,-3.004443059,-61.19,-2.716328229,232.3321597,-0.9600737798,0.8172237563
0.681,-1.64,-1.64,-2.788014563,-57.52,-2.612352067,230.2579266,-1.008052419,0.7700837223
0.682,-1.45,-1.45,-2.448801905,-51.55,-2.4311979,223.9041514,-1.157756312,0.6823162848
0.683,-1.23,-1.23,-2.061336902,-44.77,-2.205477289,220.094713,-1.249562833,0.5966173558
0.684,-1.08,-1.08,-1.800421949,-39.53,-2.014915252,222.7164046,-1.186212056,0.5624337228
0.685,-1,-1,-1.66235,-37.09,-1.921016643,223.2955026,-1.172319262,0.5373971825
0.686,-1.01,-1.01,-1.679567804,-37.29,-1.928841275,221.054549,-1.226282137,0.5323303036
0.687,-1.05,-1.05,-1.748556705,-38.68,-1.982588323,222.449744,-1.192621504,0.5506901276
0.688,-1.09,-1.09,-1.8177339,-40.02,-2.033367014,225.8538317,-1.11137201,0.5780237681
0.689,-1.13,-1.13,-1.88709939,-41.18,-2.076519604,229.1665478,-1.03347069,0.6067862634
0.69,-1.16,-1.16,-1.939247075,-42.31,-2.11785063,233.0075736,-0.9445433348,0.6332454602
0.691,-1.2,-1.2,-2.00894208,-43.44,-2.15849728,237.4530777,-0.8434332642,0.6692167091
0.692,-1.23,-1.23,-2.061336902,-44.56,-2.198120546,240.6587236,-0.771690786,0.6940969212
0.693,-1.27,-1.27,-2.131361422,-45.69,-2.237439725,240.3835461,-0.7778116607,0.7068602744
0.694,-1.3,-1.3,-2.18400338,-46.81,-2.275770505,239.698879,-0.7930714229,0.7116702103
0.695,-1.34,-1.34,-2.254357415,-47.94,-2.313809104,239.3278346,-0.8013594275,0.7236710927
0.696,-1.37,-1.37,-2.30724651,-49.06,-2.350893876,237.9804113,-0.8315652055,0.7249885862
0.697,-1.41,-1.41,-2.37793006,-50.18,-2.387375738,238.6300915,-0.8169797493,0.7420930886
0.698,-1.44,-1.44,-2.431066291,-51.3,-2.423266207,240.5149957,-0.7748869061,0.7601469365
0.699,-1.48,-1.48,-2.502079357,-52.42,-2.458576799,240.4250392,-0.7768882655,0.7733291218
0.7,-1.51,-1.51,-2.555462724,-53.54,-2.49331903,238.3190624,-0.8239574557,0.7703496333
0.701,-1.55,-1.55,-2.626805305,-54.66,-2.527504417,235.536315,-0.8867946451,0.7693541946
0.702,-1.58,-1.58,-2.680435809,-55.77,-2.560846497,232.0033963,-0.9676497015,0.7596538746
0.703,-1.62,-1.62,-2.752107905,-56.89,-2.593957459,231.3956094,-0.9816836615,0.7696823624
0.704,-1.65,-1.65,-2.805985545,-58,-2.626257331,232.7578744,-0.9502796597,0.7845537604
0.705,-1.69,-1.69,-2.877987156,-59.11,-2.658055301,234.2821201,-0.9153586934,0.8053886732
0.706,-1.72,-1.72,-2.932111933,-60.23,-2.689642433,236.5997445,-0.8626941441,0.8254037502
0.707,-1.75,-1.75,-2.986342625,-61.34,-2.720465965,236.8208951,-0.8576958165,0.83460246
0.708,-1.79,-1.79,-3.058814972,-62.45,-2.750821328,234.6007473,-0.9080875577,0.8359910202
0.709,-1.82,-1.82,-3.113292801,-63.55,-2.780452385,233.2806535,-0.9382769189,0.8371926394
0.71,-1.86,-1.86,-3.186094663,-64.66,-2.809909008,229.7263852,-1.020416961,0.8318077073
0.711,-1.89,-1.89,-3.240819628,-65.79,-2.839449996,225.7426701,-1.114005841,0.8197434755
0.712,-1.93,-1.93,-3.313951006,-66.95,-2.86931913,224.3292789,-1.147607883,0.8249965696
0.713,-1.96,-1.96,-3.368923107,-68.13,-2.899242218,224.0878145,-1.153369637,0.8312967606
0.714,-2,-2,-3.442384,-69.31,-2.928713725,226.3269735,-1.100176005,0.8544249733
0.715,-2.04,-2.04,-3.516033187,-70.5,-2.957991332,225.9866197,-1.108227467,0.8646935545
0.716,-2.07,-2.07,-3.571393646,-71.69,-2.986837183,219.8651524,-1.255145839,0.8419160631
0.717,-2.11,-2.11,-3.645372348,-72.97,-3.017398489,203.9560705,-1.656983187,0.779861937
0.718,-2.15,-2.15,-3.719539345,-74.16,-3.045392265,192.3015021,-1.971778076,0.7413619815
0.719,-2.17,-2.17,-3.756693454,-74.77,-3.059590231,196.3074187,-1.861474829,0.7633903247
0.72,-2.17,-2.17,-3.756693454,-74.93,-3.063297586,209.7269314,-1.507708943,0.8218525678
0.721,-2.18,-2.18,-3.775288161,-75.21,-3.069768935,218.2721646,-1.294049269,0.8651341519
0.722,-2.15,-2.15,-3.719539345,-74.15,-3.045158664,217.9141284,-1.302832186,0.8554616312
0.723,-1.99,-1.99,-3.424001124,-69.52,-2.933912345,213.6235513,-1.409220782,0.7883712113
0.724,-1.73,-1.73,-2.950177062,-61.65,-2.728990225,212.7424287,-1.431333299,0.7091220297
0.725,-1.46,-1.46,-2.466549287,-53.39,-2.4886986,211.2735317,-1.468400916,0.6233225313
0.726,-1.3,-1.3,-2.18400338,-48.58,-2.335074899,211.2026027,-1.470197325,0.5739414295
0.727,-1.29,-1.29,-2.166444292,-48.2,-2.322472409,210.9059411,-1.477717381,0.5700884461
0.728,-1.34,-1.34,-2.254357415,-49.87,-2.377337761,210.3856946,-1.490930651,0.5827820552
0.729,-1.4,-1.4,-2.36024152,-51.87,-2.441308513,210.6446025,-1.484350805,0.6012344241
0.73,-1.46,-1.46,-2.466549287,-53.69,-2.497929472,210.7967893,-1.480486926,0.6199826867
0.731,-1.5,-1.5,-2.5376565,-55.03,-2.538677405,210.8202994,-1.479890275,0.6314828323
0.732,-1.53,-1.53,-2.591110478,-56.09,-2.570360749,211.452746,-1.463864663,0.6422820277
0.733,-1.56,-1.56,-2.644670371,-57.1,-2.600107259,209.2521648,-1.519833666,0.6419194885
0.734,-1.59,-1.59,-2.69833618,-58.15,-2.630583435,211.0505298,-1.474050892,0.6573877147
0.735,-1.63,-1.63,-2.77005535,-59.27,-2.662598066,215.6894041,-1.357732015,0.6890119204
0.736,-1.66,-1.66,-2.823968295,-60.4,-2.694393962,216.6130675,-1.334870212,0.7008645185
0.737,-1.68,-1.68,-2.859969101,-61.18,-2.716052075,210.5252678,-1.487382555,0.6803886233
0.738,-1.68,-1.68,-2.859969101,-61.17,-2.715775883,199.7415694,-1.768692536,0.6377498587
0.739,-1.66,-1.66,-2.823968295,-60.36,-2.693276965,188.4033537,-2.081342336,0.5914541281
0.74,-1.61,-1.61,-2.734172228,-58.86,-2.650936808,184.0269198,-2.20708399,0.5628160812
0.741,-1.56,-1.56,-2.644670371,-57.57,-2.613804938,185.0941962,-2.176145936,0.5521289133
0.742,-1.57,-1.57,-2.662547206,-57.85,-2.621922061,187.7404145,-2.100200702,0.5638454016
0.743,-1.62,-1.62,-2.752107905,-59.31,-2.663732168,188.02489,-2.092100199,0.5786805951
0.744,-1.65,-1.65,-2.805985545,-60.54,-2.698298571,188.1661595,-2.088082069,0.5862437102
0.745,-1.7,-1.7,-2.89601698,-62.12,-2.741844999,188.354894,-2.082718601,0.6002650644
0.746,-1.8,-1.8,-3.07696248,-65.4,-2.8293046,188.5098701,-2.078318496,0.6269761186
0.747,-1.96,-1.96,-3.368923107,-70.83,-2.966033276,188.7645498,-2.071095442,0.6688181493
0.748,-2.12,-2.12,-3.663896445,-76.2,-3.092483594,187.7094287,-2.10108377,0.7054681664
0.749,-2.18,-2.18,-3.775288161,-78.2,-3.137608123,188.3716216,-2.082243494,0.723255839
0.75,-2.14,-2.14,-3.700979943,-77.01,-3.110879752,190.0570583,-2.034587773,0.719269906
0.751,-2.05,-2.05,-3.534474905,-74.49,-3.053085713,191.9392563,-1.981865583,0.7019879037
0.752,-1.96,-1.96,-3.368923107,-71.88,-2.991403772,194.285555,-1.916862757,0.6863773773
0.753,-1.9,-1.9,-3.25908482,-70.05,-2.946971479,196.6260765,-1.852797435,0.6790086937
0.754,-1.87,-1.87,-3.20432455,-69.17,-2.925240275,199.4168308,-1.777397611,0.6813887499
0.755,-1.87,-1.87,-3.20432455,-69.01,-2.921263036,200.9395752,-1.736700264,0.687923958
0.756,-1.86,-1.86,-3.186094663,-68.68,-2.913034307,204.4721175,-1.643463783,0.6992419618
0.757,-1.82,-1.82,-3.113292801,-67.41,-2.88103863,209.9341519,-1.502425491,0.7102357212
0.758,-1.74,-1.74,-2.968253959,-65.2,-2.824081408,215.537105,-1.361511004,0.7091598194
0.759,-1.65,-1.65,-2.805985545,-62.37,-2.748648968,222.0627845,-1.201936129,0.7102708779
0.76,-1.55,-1.55,-2.626805305,-59.22,-2.661179545,224.8323448,-1.135623761,0.6918465596
0.761,-1.43,-1.43,-2.413342446,-55.7,-2.558759454,222.2764086,-1.196791911,0.6426066937
0.762,-1.31,-1.31,-2.201574236,-51.9,-2.442253977,216.3269342,-1.341941923,0.5817812541
0.763,-1.21,-1.21,-2.026395252,-48.79,-2.342009385,215.2272909,-1.369206653,0.5460192107
0.764,-1.17,-1.17,-1.956653174,-47.39,-2.295373599,219.8745064,-1.254918233,0.5511246022
0.765,-1.18,-1.18,-1.974071041,-47.76,-2.307792043,224.4122274,-1.14563002,0.5716275058
0.766,-1.2,-1.2,-2.00894208,-48.51,-2.332758659,230.2304552,-1.008690752,0.6012187626
0.767,-1.18,-1.18,-1.974071041,-47.83,-2.3101339,229.7060725,-1.020890038,0.5926318986
0.768,-1.1,-1.1,-1.83505762,-45.46,-2.229489695,224.472338,-1.144197172,0.5439324076
0.769,-1,-1,-1.66235,-42.15,-2.112040313,222.6207375,-1.188510627,0.5036583377
0.77,-0.9,-0.9,-1.49081922,-38.87,-1.989849635,226.2532759,-1.101918379,0.482189871
0.771,-0.84,-0.84,-1.388465635,-36.56,-1.900169232,231.0264851,-0.9902248423,0.4803724334
0.772,-0.82,-0.82,-1.354441921,-36.02,-1.878760009,238.3687637,-0.8228418336,0.5013477187
0.773,-0.83,-0.83,-1.371447894,-36.25,-1.887899623,243.7105596,-0.7042730567,0.5290727368
0.774,-0.78,-0.78,-1.286535713,-34.82,-1.830568699,239.6951476,-0.793154705,0.4903473097
0.775,-0.66,-0.66,-1.083946855,-30.31,-1.641641582,239.3782521,-0.8002324997,0.4438995701
0.776,-0.48,-0.48,-0.7832410368,-23.68,-1.34026699,243.7132416,-0.7042141802,0.383100147
0.777,-0.34,-0.34,-0.5519948552,-17.9,-1.05291414,248.2101006,-0.6063986728,0.3326647338
0.778,-0.27,-0.27,-0.4372367418,-14.81,-0.8893084186,251.0246534,-0.5460742787,0.3046133568
0.779,-0.24,-0.24,-0.3882312192,-13.46,-0.81556257,254.2747953,-0.4772497462,0.300299753
0.78,-0.22,-0.22,-0.3556197128,-12.43,-0.7583514979,254.3985685,-0.4746461645,0.2884188054
0.781,-0.2,-0.2,-0.32305528,-11.46,-0.703715802,253.9116886,-0.4848950549,0.2717923012
0.782,-0.19,-0.19,-0.3067907162,-11.39,-0.6997443954,254.4148446,-0.4743038882,0.2613101356
0.783,-0.22,-0.22,-0.3556197128,-12.27,-0.7493902264,256.1213111,-0.4385390182,0.2993610221
0.784,-0.29,-0.29,-0.4699659322,-14.52,-0.8735844314,257.4376594,-0.4111128447,0.3658184235
0.785,-0.42,-0.42,-0.6838530888,-18.94,-1.106386066,257.5374023,-0.4090404156,0.4512611446
0.786,-0.61,-0.61,-1.000034988,-25.41,-1.421728351,261.5028243,-0.3272917603,0.5717687188
0.787,-0.84,-0.84,-1.388465635,-32.91,-1.752084242,267.0227633,-0.2155365374,0.7056571316
0.788,-1.03,-1.03,-1.714038718,-39.27,-2.005070104,264.2230037,-0.2719279595,0.7527624839
0.789,-1.12,-1.12,-1.869740365,-42.24,-2.115310306,249.6594592,-0.575249588,0.6949261262
0.79,-1.09,-1.09,-1.8177339,-41.3,-2.080941573,234.7282256,-0.9051812436,0.6087271059
0.791,-0.97,-0.97,-1.610767198,-37.33,-1.93040343,227.7922002,-1.065652072,0.537629292
0.792,-0.94,-0.94,-1.559290311,-36.21,-1.886312353,222.0950532,-1.201158759,0.5050380245
0.793,-1.19,-1.19,-1.991500676,-44.48,-2.195311978,216.3481049,-1.341418375,0.5630908996
0.794,-1.65,-1.65,-2.805985545,-59.72,-2.675320221,214.5639206,-1.385721805,0.6909521071
0.795,-2.08,-2.08,-3.589870669,-73.99,-3.041417309,210.0495664,-1.499485054,0.7905632805
0.796,-2.28,-2.28,-3.961882493,-80.68,-3.192226724,203.4010765,-1.671561155,0.8145672861
0.797,-2.26,-2.26,-3.924469479,-80.08,-3.179142188,198.9183628,-1.790787364,0.7896428789
0.798,-2.2,-2.2,-3.81251288,-78.21,-3.137831261,198.6375737,-1.79834465,0.7723616314
0.799,-2.17,-2.17,-3.756693454,-77.44,-3.120578279,200.063381,-1.760079874,0.7697104234
0.8,-2.16,-2.16,-3.738110515,-77.09,-3.112687631,199.6891503,-1.770096747,0.7655694428
0.801,-2.14,-2.14,-3.700979943,-76.54,-3.100225814,188.307,-2.084079146,0.7138816044
0.802,-2.09,-2.09,-3.60835946,-75.11,-3.067460145,190.165,-2.031550136,0.7076587929
0.803,-2,-2,-3.442384,-72.44,-3.004801754,191.764,-1.986752804,0.6896416656
0.804,-1.89,-1.89,-3.240819628,-69.05,-2.922258106,193.603,-1.935691221,0.667116804
0.805,-1.8,-1.8,-3.07696248,-66.44,-2.856243126,195.243,-1.890562547,0.6482174944
0.806,-1.78,-1.78,-3.040679233,-65.96,-2.843855968,196.958,-1.84377374,0.6486602871
0.807,-1.78,-1.78,-3.040679233,-65.76,-2.838671442,198.71,-1.796394315,0.6560164176
0.808,-1.65,-1.65,-2.805985545,-61.81,-2.733375636,200.552,-1.747029387,0.6262794392
0.809,-1.42,-1.42,-2.395630369,-54.84,-2.532947333,202.617,-1.692224347,0.5669900659
0.81,-1.28,-1.28,-2.148896973,-50.41,-2.394793978,205.266,-1.622732119,0.5348806508
0.811,-1.33,-1.33,-2.236751254,-52.24,-2.452940514,208.683,-1.534405464,0.5609624212
0.812,-1.51,-1.51,-2.555462724,-58.28,-2.634325334,219.507,-1.263867902,0.6555505512
0.813,-1.61,-1.61,-2.734172228,-61.83,-2.733923134,224.414,-1.145587761,0.7047724062
0.814,-1.56,-1.56,-2.644670371,-60.38,-2.693835541,227.17,-1.080285256,0.7007381357
0.815,-1.45,-1.45,-2.448801905,-56.82,-2.591903448,227.626,-1.069556926,0.6688046994
0.816,-1.32,-1.32,-2.219156861,-52.84,-2.471671122,228.962,-1.038248086,0.632252975
0.817,-1.18,-1.18,-1.974071041,-48.59,-2.335405597,229.588,-1.023640727,0.5876879478
0.818,-1.05,-1.05,-1.748556705,-44.19,-2.185103088,231.094,-0.9886615935,0.5509408795
0.819,-0.9,-0.9,-1.49081922,-39.51,-2.014159276,228.434,-1.050599752,0.4864392948
0.82,-0.77,-0.77,-1.269588582,-34.84,-1.831378897,230.004,-1.013955613,0.4462001136
0.821,-0.7,-0.7,-1.15128818,-32.38,-1.729911893,228.869,-1.040421595,0.4155774693
0.822,-0.76,-0.76,-1.252653219,-34.55,-1.819607612,231.683,-0.9750431479,0.4482324722
0.823,-0.91,-0.91,-1.50791934,-40.25,-2.041982054,231.375,-0.982160184,0.4986271219
0.824,-1.06,-1.06,-1.765833351,-45.75,-2.239509219,230.201,-1.009375262,0.5435198946
0.825,-1.13,-1.13,-1.88709939,-48.15,-2.320808953,230.331,-1.006354843,0.5671795876
0.826,-1.11,-1.11,-1.852393108,-47.71,-2.306117815,229.637,-1.022499021,0.5565053592
0.827,-1.08,-1.08,-1.800421949,-46.72,-2.272713638,228.383,-1.051794322,0.5415604265
0.828,-1.06,-1.06,-1.765833351,-46.09,-2.25120188,225.615,-1.117032422,0.524260842
0.829,-1.05,-1.05,-1.748556705,-45.52,-2.231566214,231.02,-0.9903750235,0.542702854
0.83,-1.03,-1.03,-1.714038718,-44.95,-2.211764961,230.972,-0.9914867311,0.5350933622
0.831,-1.01,-1.01,-1.679567804,-44.38,-2.191796604,231.918,-0.9696193024,0.5312707515
0.832,-0.99,-0.99,-1.645143964,-43.8,-2.17130483,230.48,-1.002895073,0.518286187
0.833,-0.97,-0.97,-1.610767198,-43.2,-2.149921015,231.114,-0.9881985985,0.5132905677
0.834,-0.96,-0.96,-1.593596467,-42.78,-2.134839209,233.498,-0.9332946703,0.5194025196
0.835,-0.96,-0.96,-1.593596467,-42.86,-2.137719152,234.627,-0.907488906,0.5233128367
0.836,-0.98,-0.98,-1.627949697,-43.42,-2.157783752,236.601,-0.8626657555,0.5389759679
0.837,-0.99,-0.99,-1.645143964,-43.8,-2.17130483,238.386,-0.822454992,0.5495243647
0.838,-0.98,-0.98,-1.627949697,-43.5,-2.160636602,241.697,-0.748658874,0.5595683595
0.839,-0.94,-0.94,-1.559290311,-42.01,-2.106945005,244.115,-0.6954020306,0.5564229881
0.84,-0.84,-0.84,-1.388465635,-38.81,-1.987558792,248.205,-0.606508614,0.5352465522
0.841,-0.7,-0.7,-1.15128818,-33.94,-1.7946825,252.239,-0.5202557367,0.497329977
0.842,-0.53,-0.53,-0.8663879578,-28.05,-1.542162911,255.226,-0.4572735229,0.4333160801
0.843,-0.39,-0.39,-0.6343179882,-22.35,-1.276241461,258.854,-0.3817595086,0.3825799862
0.844,-0.28,-0.28,-0.4535954528,-18.05,-1.060675352,264,-0.2764452564,0.3392330131
0.845,-0.23,-0.23,-0.3719195818,-15.71,-0.937700171,263.641,-0.2837253969,0.3044963128
0.846,-0.22,-0.22,-0.3556197128,-15.28,-0.9146562267,265.903,-0.2380190019,0.3085168345
0.847,-0.25,-0.25,-0.404554625,-16.5,-0.9796738376,266.793,-0.2201419973,0.3371806016
0.848,-0.31,-0.31,-0.5027421962,-18.98,-1.108426905,265.562,-0.2448843656,0.3714904376
0.849,-0.39,-0.39,-0.6343179882,-22.13,-1.265532011,262.35,-0.309987686,0.4026087324
0.85,-0.49,-0.49,-0.7998468842,-26.1,-1.453653211,255.364,-0.4543815743,0.4191993197
0.851,-0.63,-0.63,-1.03356443,-31.44,-1.690160039,254.061,-0.4817499414,0.475878116
0.852,-0.78,-0.78,-1.286535713,-37.02,-1.918272556,255.717,-0.4469911595,0.5439290784
0.853,-0.84,-0.84,-1.388465635,-39.57,-2.016426534,258.309,-0.3930354548,0.5762554636
0.854,-0.75,-0.75,-1.235729625,-36.5,-1.89779885,259.967,-0.3588053139,0.5476058428
0.855,-0.51,-0.51,-0.8330938842,-27.89,-1.534994891,262.711,-0.3026310158,0.4533533627
0.856,-0.24,-0.24,-0.3882312192,-17.11,-1.011764478,266.184,-0.2323682338,0.3120496837
0.857,-0.07,-0.07,-0.1125338858,-9.22,-0.5746982424,276.859,-0.02200327869,0.1885932612
0.858,-0.01,-0.01,-0.0160409642,-6.43,-0.4083276759,276.809,-0.02296956173,0.0371923648
0.859,-0.02,-0.02,-0.0320936968,-6.87,-0.4349899143,275.347,-0.05130111397,0.06599689267
0.86,-0.08,-0.08,-0.1286572288,-8.67,-0.5424040379,274.551,-0.06678981542,0.2111925918
0.861,-0.18,-0.18,-0.2905379208,-12.23,-0.747146781,270.389,-0.1485130619,0.3243842214
0.862,-0.35,-0.35,-0.568435945,-17.92,-1.053949925,264.954,-0.2571471491,0.4335574813
0.863,-0.58,-0.58,-0.9498290888,-25.52,-1.426839268,256.214,-0.4366032329,0.5097174119
0.864,-0.86,-0.86,-1.422536423,-34.68,-1.824890619,246.206,-0.6497710345,0.5748407752
0.865,-1.19,-1.19,-1.991500676,-45.49,-2.230528184,232.664,-0.9524378212,0.6256745039
0.866,-1.52,-1.52,-2.573280717,-56.12,-2.571250485,224.654,-1.13986925,0.6933973842
0.867,-1.74,-1.74,-2.968253959,-63.33,-2.774561551,220.616,-1.236906518,0.7399420632
0.868,-1.82,-1.82,-3.113292801,-65.81,-2.83996886,216.442,-1.339096978,0.7449733796
0.869,-1.81,-1.81,-3.095121756,-65.72,-2.837632888,212.477,-1.438012411,0.7238958192
0.87,-1.85,-1.85,-3.167876545,-67.09,-2.872893379,208.137,-1.548421594,0.7165009877
0.871,-2,-2,-3.442384,-72.01,-2.994522171,205.14,-1.626017158,0.7450177901
0.872,-2.21,-2.21,-3.831142892,-78.79,-3.150732189,205.672,-1.612160691,0.8043730962
0.873,-2.37,-2.37,-4.13082359,-84.05,-3.264287485,204.956,-1.630817986,0.8438681484
0.874,-2.42,-2.42,-4.225091649,-85.67,-3.298125237,201.588,-1.719463801,0.8420561382
0.875,-2.38,-2.38,-4.149653665,-84.64,-3.276668168,199.357,-1.779003006,0.8207918438
0.876,-2.34,-2.34,-4.074403975,-83.44,-3.251416159,199.973,-1.762497346,0.812619518
0.877,-2.35,-2.35,-4.093198745,-83.83,-3.259653779,199.393,-1.778036987,0.8125148872
0.878,-2.4,-2.4,-4.18734912,-85.33,-3.291063938,203.805,-1.660947408,0.8455855263
0.879,-2.43,-2.43,-4.243980566,-86.19,-3.308884612,204.381,-1.645848398,0.8565508084
0.88,-2.4,-2.4,-4.18734912,-85.36,-3.291687842,206.892,-1.580519447,0.8594357489
0.881,-2.32,-2.32,-4.036849741,-82.98,-3.241661084,207,-1.577727414,0.8376269609
0.882,-2.21,-2.21,-3.831142892,-79.77,-3.172350027,207.141,-1.574084452,0.8071622834
0.883,-2.09,-2.09,-3.60835946,-76.41,-3.097269057,207.965,-1.552844548,0.7759723238
0.884,-1.99,-1.99,-3.424001124,-73.23,-3.023548711,208.942,-1.527769605,0.7523097455
0.885,-1.9,-1.9,-3.25908482,-70.77,-2.964573561,207.886,-1.554877247,0.7211240831
0.886,-1.86,-1.86,-3.186094663,-69.56,-2.934900992,206.169,-1.599248177,0.7026885408
0.887,-1.87,-1.87,-3.20432455,-69.9,-2.943284345,205.411,-1.61895421,0.7023579567
0.888,-1.92,-1.92,-3.295650509,-71.41,-2.980088036,202.452,-1.696582864,0.7047001124
0.889,-1.96,-1.96,-3.368923107,-72.8,-3.013366796,203.183,-1.677300237,0.7182183438
0.89,-1.97,-1.97,-3.387270678,-73.21,-3.023076297,202.915,-1.684361587,0.7195571692
0.891,-1.96,-1.96,-3.368923107,-72.89,-3.015502249,200.768,-1.741270391,0.708237152
0.892,-1.94,-1.94,-3.332263271,-72.29,-3.001221955,201.244,-1.728601112,0.70452176
0.893,-1.92,-1.92,-3.295650509,-71.64,-2.98563368,203.41,-1.671326449,0.7076827839
0.894,-1.89,-1.89,-3.240819628,-70.9,-2.967734903,204.942,-1.631183443,0.704691709
0.895,-1.86,-1.86,-3.186094663,-70.04,-2.946725886,206.396,-1.593360862,0.7017695565
0.896,-1.84,-1.84,-3.149670195,-69.2,-2.925985106,204.133,-1.652344138,0.6879518767
0.897,-1.82,-1.82,-3.113292801,-68.7,-2.913534006,208.063,-1.550324045,0.6974444002
0.898,-1.83,-1.83,-3.131475614,-69.17,-2.925240275,205.803,-1.608754165,0.6906659581
0.899,-1.84,-1.84,-3.149670195,-69.22,-2.926481502,208.045,-1.550786905,0.7034803163
0.9,-1.7,-1.7,-2.89601698,-65.04,-2.819892826,210.95,-1.476599867,0.6740421052
0.901,-1.43,-1.431192661,-2.415455681,-57,-2.597181069,216.798,-1.330304621,0.6150132354
0.902,-1.2,-1.202003339,-2.012437599,-49.95,-2.379932558,223.36,-1.170774174,0.5667709984
0.903,-1.14,-1.142857143,-1.909435429,-47.81,-2.309465044,226.181,-1.103627692,0.5594443445
0.904,-1.2,-1.204013378,-2.015945284,-50.08,-2.384142643,227.371,-1.07555367,0.5826942893
0.905,-1.23,-1.235146444,-2.070335778,-51.04,-2.414986594,228.491,-1.049264959,0.5976285919
0.906,-1.17,-1.175879397,-1.966892404,-49.1,-2.352207112,229.494,-1.025831622,0.5822586887
0.907,-1.12,-1.126571668,-1.881146814,-47.68,-2.305112688,229.154,-1.033763632,0.5634071568
0.908,-1.13,-1.137583893,-1.900272135,-48.01,-2.316144783,227.509,-1.072307539,0.5608082848
0.909,-1.17,-1.17884131,-1.972052247,-49.19,-2.355159087,224.903,-1.133942748,0.5652034077
0.91,-1.19,-1.2,-2.00894208,-49.98,-2.380904825,218.192,-1.296014519,0.5463655554
0.911,-1.21,-1.221194281,-2.045946784,-50.55,-2.39929726,213.889,-1.402576998,0.5381416231
0.912,-1.24,-1.252525253,-2.10074674,-51.62,-2.433413615,211.615,-1.459761023,0.5395973557
0.913,-1.28,-1.294018534,-2.173499057,-53.17,-2.481903844,208.198,-1.546853866,0.5394960963
0.914,-1.33,-1.345699831,-2.264397896,-54.82,-2.532343258,204.188,-1.650902869,0.5413016176
0.915,-1.37,-1.387341772,-2.337867839,-56.42,-2.580126957,201.026,-1.734399705,0.5418596343
0.916,-1.42,-1.439189189,-2.429628784,-58.08,-2.628565725,197.515,-1.828665218,0.5450982493
0.917,-1.47,-1.49112426,-2.521862017,-59.83,-2.67841794,194.7,-1.905462427,0.5501587772
0.918,-1.52,-1.543147208,-2.614569543,-61.64,-2.728715816,191.878,-1.983573278,0.5548406498
0.919,-1.57,-1.595258256,-2.707753374,-63.42,-2.77697356,191.588,-1.991665261,0.5678252172
0.92,-1.63,-1.657627119,-2.819700137,-65.21,-2.824342898,191.399,-1.996945598,0.5848436864
0.921,-1.68,-1.709923664,-2.913920806,-67.28,-2.877733715,195.1,-1.894482433,0.6106011788
0.922,-1.76,-1.79286927,-3.064020778,-69.91,-2.94353037,201.61,-1.718879969,0.6571752709
0.923,-1.84,-1.87595582,-3.215187534,-72.81,-3.013604183,200.943,-1.736609079,0.6768511973
0.924,-1.9,-1.93877551,-3.330020321,-74.81,-3.060517716,206.257,-1.596965101,0.7149828463
0.925,-1.92,-1.960851064,-3.370484144,-75.4,-3.074148306,205.681,-1.611926585,0.7192552878
0.926,-1.89,-1.931856899,-3.31735052,-74.49,-3.053085713,214.485,-1.387689997,0.7470205064
0.927,-1.78,-1.820971867,-3.115059412,-71.29,-2.977188417,219.21,-1.271111525,0.7332484653
0.928,-1.61,-1.648464164,-2.803224732,-66.42,-2.855728556,222.701,-1.186582113,0.6934708787
0.929,-1.46,-1.496157131,-2.530816931,-61.66,-2.729264596,224.121,-1.152577406,0.6519628903
0.93,-1.36,-1.394871795,-2.351175039,-58.76,-2.648082413,225.834,-1.111841802,0.6253251141
0.931,-1.34,-1.375534645,-2.317015494,-58.03,-2.627123284,231.315,-0.9835477221,0.641713269
0.932,-1.31,-1.345890411,-2.264733675,-57.24,-2.604196961,234.177,-0.917759726,0.6430328016
0.933,-1.24,-1.275064267,-2.140240423,-54.93,-2.535663524,238.948,-0.8098570988,0.639733143
0.934,-1.13,-1.162950257,-1.944381098,-51.64,-2.434046262,241.882,-0.7445654372,0.6117076517
0.935,-1.03,-1.060944206,-1.767465231,-48.29,-2.325463557,243.322,-0.7128096288,0.5817334791
0.936,-0.94,-0.9690721649,-1.609173542,-45.6,-2.234332051,244.891,-0.6784222655,0.5524576971
0.937,-0.89,-0.9183147034,-1.522146543,-43.81,-2.171659624,246.332,-0.6470337837,0.5400184849
0.938,-0.83,-0.8571428571,-1.417666286,-41.72,-2.096356842,247.899,-0.6131084407,0.5232273301
0.939,-0.69,-0.7131782946,-1.173515512,-37.15,-1.92336646,249.475,-0.579203861,0.4689240905
0.94,-0.44,-0.4551724138,-0.7420636058,-28.26,-1.551545578,251.161,-0.5431691607,0.3542552081
0.941,-0.15,-0.1553062985,-0.2504541639,-16.85,-0.9981203935,252.62,-0.5121808073,0.1658306064
0.942,-4.440892099e-15,-4.601960724e-15,-7.37604422e-15,-9.78,-0.6073287432,254.468,-0.4731862195,6.826415621e-15
0.943,-0.04,-0.04148660328,-0.06662537548,-11.93,-0.730280995,255.747,-0.4463635494,0.05662319669
0.944,-0.19,-0.1972318339,-0.3185518006,-18.86,-1.102300896,257.366,-0.412602258,0.210278657
0.945,-0.28,-0.2909090909,-0.4714547412,-23.01,-1.308167003,258.56,-0.3878393602,0.2779793469
0.946,-0.24,-0.2495667244,-0.4038471278,-21.48,-1.233691807,260.199,-0.3540329909,0.2543558736
0.947,-0.13,-0.1352992194,-0.2180305353,-17.12,-1.012288247,262.078,-0.3155373521,0.1642011838
0.948,-0.03,-0.03125,-0.05016708789,-12.29,-0.7505114797,265.228,-0.2516173494,0.0500605176
0.949,0.07,0.07298001738,0.1167106443,-7.44,-0.4692918355,277.021,-0.01887371985,-0.2390800479
0.95,0.18,0.187826087,0.2991047674,-1.54,-0.1010373766,278.117,0.002251145026,-3.027798132
0.951,0.29,0.3028720627,0.4802601113,2.19,0.1472958702,278.373,0.007173426097,3.109097554
0.952,0.4,0.4181184669,0.6601693686,4.89,0.334848915,279.394,0.02675994198,1.825644908
0.953,0.51,0.5335658239,0.8388251917,7.61,0.5305942766,277.757,-0.00467848388,1.594980039
0.954,0.51,0.5340314136,0.8395425204,7.83,0.5467300784,275.66,-0.04522296912,1.674039121
0.955,0.28,0.2934497817,0.4654820246,1.78,0.1193938454,270.277,-0.1507295875,-14.85466735
0.956,-0.18,-0.1888111888,-0.3048579493,-14.68,-0.882267665,261.18,-0.3339003956,0.2506709058
0.957,-0.62,-0.6509186352,-1.068684304,-30.5,-1.649855876,253.936,-0.4843828311,0.5007332593
0.958,-0.79,-0.8301225919,-1.371656446,-36.64,-1.903326477,246.204,-0.6498144942,0.5372427382
0.959,-0.71,-0.7467134093,-1.230170102,-33.81,-1.789341574,229.219,-1.032246309,0.4359850385
0.96,-0.61,-0.6421052632,-1.053881434,-30.32,-1.642074484,224.165,-1.151527183,0.3772482836
0.961,-0.65,-0.6848112379,-1.125695221,-31.85,-1.707566127,220.942,-1.229006762,0.3833363802
0.962,-0.81,-0.8541300527,-1.412531856,-37.24,-1.926887284,215.162,-1.370829863,0.4283362682
0.963,-0.98,-1.034300792,-1.721457478,-43.49,-2.16028018,218.836,-1.280247097,0.5003469932
0.964,-1.13,-1.193661972,-1.997886303,-48.78,-2.341679655,220.552,-1.238458761,0.5580472236
0.965,-1.21,-1.279295154,-2.147660601,-51.57,-2.431831192,220.346,-1.243458104,0.5843514424
0.966,-1.19,-1.259259259,-2.112540049,-50.89,-2.410195624,220.192,-1.247198531,0.5776079799
0.967,-1.08,-1.143865843,-1.911188613,-47.31,-2.292679647,220.307,-1.244405108,0.5403287583
0.968,-0.94,-0.9964664311,-1.656268784,-42.78,-2.134839209,218.88,-1.279171514,0.4851387177
0.969,-0.83,-0.8806366048,-1.457741038,-39.17,-2.00127342,221.631,-1.212348931,0.4536130503
0.97,-0.76,-0.807079646,-1.332487027,-36.69,-1.905297862,220.7,-1.234869882,0.4243362571
0.971,-0.71,-0.7546501329,-1.243597857,-34.93,-1.835021833,225.143,-1.128236664,0.4196724175
0.972,-0.66,-0.7021276596,-1.15487544,-33.4,-1.772429985,233.754,-0.9274323085,0.4277534607
0.973,-0.62,-0.6601597161,-1.084215368,-31.92,-1.710527437,240.589,-0.7732410117,0.4365203079
0.974,-0.59,-0.6287744227,-1.03150843,-30.66,-1.656755457,246.43,-0.6449057786,0.4481582319
0.975,-0.55,-0.5866666667,-0.9609768021,-29.45,-1.604173865,248.067,-0.6094839986,0.4341126142
0.976,-0.51,-0.5444839858,-0.8905288918,-27.87,-1.534097712,249.037,-0.5886050413,0.4195259513
0.977,-0.45,-0.4808548531,-0.7846601328,-25.63,-1.431942035,249.86,-0.5709538869,0.3917628092
0.978,-0.37,-0.3957219251,-0.6437576853,-22.43,-1.280127407,260.233,-0.3533339562,0.394106466
0.979,-0.3,-0.3211418376,-0.5210220036,-19.5,-1.134852121,256.817,-0.4240267941,0.3342286554
0.98,-0.29,-0.3107142857,-0.5039136477,-19,-1.109446888,251.178,-0.5428070546,0.3049855925
0.981,-0.35,-0.3753351206,-0.6101423209,-21.31,-1.225315202,236.381,-0.8676426895,0.2915215463
0.982,-0.48,-0.5152057245,-0.8417553412,-25.88,-1.443508978,232.115,-0.9650767372,0.3494811648
0.983,-0.61,-0.6553267681,-1.076091599,-30.67,-1.657186144,229.226,-1.03208293,0.4001427783
0.984,-0.71,-0.7634408602,-1.258479113,-34.09,-1.800832412,226.173,-1.103816925,0.4332636978
0.985,-0.77,-0.8286995516,-1.369235689,-36.18,-1.885121286,226.437,-1.097575789,0.4590595876
0.986,-0.8,-0.8617594255,-1.425535927,-37.35,-1.931184161,225.959,-1.108881375,0.4689161828
0.987,-0.83,-0.8948787062,-1.482066303,-38.23,-1.965308913,226.387,-1.098757264,0.4836926545
0.988,-0.84,-0.9064748201,-1.501889897,-38.62,-1.980291037,226.879,-1.087142887,0.4896242052
0.989,-0.81,-0.8748874887,-1.447928409,-37.75,-1.946750432,223.466,-1.168235825,0.46482658
0.99,-0.75,-0.8108108108,-1.338825186,-35.46,-1.856376878,227.595,-1.070285583,0.4574580103
0.991,-0.65,-0.703336339,-1.156913525,-32,-1.713908066,229.751,-1.01984375,0.423196253
0.992,-0.55,-0.59566787,-0.9760365258,-28.6,-1.566675717,232.266,-0.9615974819,0.386048678
0.993,-0.51,-0.5528455285,-0.9044765893,-26.77,-1.484347965,233.532,-0.9325157054,0.3742356676
0.994,-0.52,-0.5641952984,-0.9234220443,-27.19,-1.503437456,236.02,-0.8758194307,0.3881136373
0.995,-0.58,-0.6298642534,-1.033336696,-29.47,-1.605050575,238.818,-0.812768566,0.4273837849
0.996,-0.67,-0.7282608696,-1.198979803,-32.46,-1.733269745,240.616,-0.7726406439,0.4784607654
0.997,-0.75,-0.8159564823,-1.347568867,-35.15,-1.843906461,239.182,-0.8046204473,0.5087993869
0.998,-0.81,-0.8820326679,-1.460124434,-37.47,-1.935863705,237.055,-0.852409786,0.5236661463
0.999,-0.87,-0.9482288828,-1.573399678,-39.54,-2.015293156,235.025,-0.8984213389,0.5399978897
1,-0.93,-1.014545455,-1.687397969,-41.61,-2.092328755,232.078,-0.9659296152,0.5517512797
1.001,-0.99,-1.080982712,-1.802122693,-43.5,-2.160636602,229.411,-1.02776688,0.5652116186
1.002,-1.02,-1.114754098,-1.860638697,-44.71,-2.203377687,226.284,-1.101191924,0.5630502354
1.003,-1.03,-1.126709207,-1.881385595,-44.94,-2.211416083,224.239,-1.149761365,0.5597400386
1.004,-1,-1.094890511,-1.826204614,-44.07,-2.180865926,220.849,-1.231259184,0.5352103323
1.005,-1.01,-1.106849315,-1.846929972,-44.2,-2.185455846,219.424,-1.265891227,0.535133075
1.006,-1.08,-1.18464351,-1.982163046,-46.96,-2.280856301,217.932,-1.30239344,0.5531746847
1.007,-1.2,-1.31747484,-2.214715856,-51.05,-2.415305621,220.267,-1.245376568,0.6050008556
1.008,-1.31,-1.43956044,-2.430286974,-54.65,-2.52720162,221.175,-1.223367756,0.6479781414
1.009,-1.35,-1.48487626,-2.510749188,-56.26,-2.57539756,223.988,-1.155753196,0.6729155031
1.01,-1.35,-1.486238532,-2.513171763,-56.09,-2.570360749,226.064,-1.106395882,0.6835295382
1.011,-1.31,-1.443526171,-2.437318828,-54.85,-2.533249305,230.208,-1.009212581,0.6880296547
1.012,-1.21,-1.334558824,-2.244776132,-51.8,-2.43910083,232.139,-0.9645235918,0.6595252161
1.013,-1.06,-1.170193192,-1.956989562,-46.9,-2.278823328,233.724,-0.9281189719,0.6102353516
1.014,-0.86,-0.9502762431,-1.576911351,-40.68,-2.058010061,236.578,-0.8631858547,0.5398170466
1.015,-0.67,-0.7410138249,-1.220531826,-34.02,-1.797964144,239.208,-0.8040389134,0.46907394
1.016,-0.58,-0.6420664207,-1.053816215,-30.86,-1.665357204,241.592,-0.7509835701,0.4361206937
1.017,-0.65,-0.7202216066,-1.185403581,-33.27,-1.767046425,245.087,-0.6741420731,0.4855846166
1.018,-0.77,-0.853974122,-1.412266148,-37.78,-1.947914198,247.216,-0.6278688593,0.5482861392
1.019,-0.83,-0.9213691027,-1.527374938,-39.79,-2.024722628,247.586,-0.6198676775,0.577546902
1.02,-0.73,-0.8111111111,-1.33933538,-36.52,-1.898589211,247.809,-0.6150511167,0.5328269782
1.021,-0.54,-0.6005560704,-0.9842188659,-29.7,-1.615114317,247.558,-0.620472754,0.4402507415
1.022,-0.35,-0.3896103896,-0.6336753719,-22.57,-1.286917052,250.195,-0.5637856743,0.3423971678
1.023,-0.26,-0.2896935933,-0.469464155,-19,-1.109446888,251.663,-0.5324866917,0.2859215261
1.024,-0.33,-0.3680297398,-0.598108539,-21.37,-1.228273985,252.108,-0.5230349741,0.3415208583
1.025,-0.48,-0.5358139535,-0.8760752986,-26.75,-1.483436028,250.383,-0.5597671196,0.4287754254
1.026,-0.59,-0.6592178771,-1.082632002,-30.98,-1.670506155,247.619,-0.6191546395,0.472835105
1.027,-0.57,-0.6374650513,-1.046091444,-30,-1.628190126,245.321,-0.669036528,0.455371455
1.028,-0.61,-0.6828358209,-1.122368652,-31.59,-1.696540279,240.818,-0.7681511394,0.4553789752
1.029,-0.89,-0.9971988796,-1.657529196,-41.36,-2.083149618,235.872,-0.8791752835,0.5595365973
1.03,-1.22,-1.368224299,-2.304113054,-53,-2.476638538,230.941,-0.9922048317,0.6642309288
1.031,-1.42,-1.594013096,-2.705523081,-60.05,-2.684599146,226.42,-1.097977461,0.7152592958
1.032,-1.39,-1.561797753,-2.647883317,-59.28,-2.662881651,221.295,-1.220465864,0.6818558745
1.033,-1.31,-1.473289597,-2.490153055,-56.83,-2.592197003,218.517,-1.28805155,0.641750914
1.034,-1.38,-1.553470919,-2.633004792,-59.17,-2.659760031,213.65,-1.408558441,0.647197315
1.035,-1.52,-1.712676056,-2.9188886,-64.21,-2.798020152,211.709,-1.457385066,0.6859249474
1.036,-1.66,-1.872180451,-3.20830105,-69.07,-2.92275545,209.715,-1.508013315,0.7240957993
1.037,-1.75,-1.975540922,-3.39744199,-72.26,-3.000505213,209.155,-1.522318477,0.75117719
1.038,-1.78,-2.011299435,-3.463169773,-73.53,-3.030621398,208.734,-1.533098138,0.7588480723
1.039,-1.76,-1.990574929,-3.425057691,-72.98,-3.017635391,208.663,-1.534918228,0.7523376939
1.04,-1.71,-1.935849057,-3.324660525,-71.28,-2.976946588,201.601,-1.719118802,0.7079672553
1.041,-1.64,-1.858356941,-3.18310051,-69.17,-2.925240275,202.356,-1.699120363,0.6883331037
1.042,-1.57,-1.780718336,-3.041981597,-67.14,-2.874168314,209.379,-1.516591821,0.6928143426
1.043,-1.49,-1.691579943,-2.880834983,-64.78,-2.813067275,211.264,-1.468642289,0.6728235393
1.044,-1.41,-1.602272727,-2.720320902,-62.21,-2.744297111,214.517,-1.386891865,0.6584837725
1.045,-1.35,-1.535545024,-2.601002195,-60.62,-2.700526373,214.18,-1.395303169,0.6350367288
1.046,-1.35,-1.537001898,-2.603601699,-60.65,-2.701361162,211.381,-1.465680229,0.6248082162
1.047,-1.38,-1.572649573,-2.667285775,-61.57,-2.726793898,209.962,-1.501715852,0.6307862422
1.048,-1.38,-1.574144487,-2.669959686,-61.63,-2.72844137,203.689,-1.663993342,0.607854154
1.049,-1.34,-1.529971456,-2.591059567,-60.34,-2.692718233,204.575,-1.640772546,0.5979150987
1.05,-1.29,-1.474285714,-2.491923105,-58.68,-2.645796009,200.051,-1.760410971,0.565548354
1.051,-1.25,-1.42993327,-2.413224214,-57.72,-2.618157391,200.614,-1.745375707,0.5530436367
1.052,-1.25,-1.43129771,-2.415641822,-57.63,-2.615547027,201.146,-1.731207041,0.5557346434
1.053,-1.27,-1.455587393,-2.458716613,-58.17,-2.631159558,202.763,-1.688370678,0.5692092609
1.054,-1.28,-1.468451243,-2.481557206,-58.72,-2.646939532,204.643,-1.638994521,0.5790003243
1.055,-1.28,-1.469856459,-2.484053439,-58.68,-2.645796009,207.19,-1.572819039,0.5888315029
1.056,-1.26,-1.448275862,-2.445743201,-58.11,-2.629430702,210.249,-1.494407855,0.5930744298
1.057,-1.23,-1.41514861,-2.387041789,-57.01,-2.597473875,214.362,-1.390758924,0.598521177
1.058,-1.17,-1.347408829,-2.267409109,-55.29,-2.546493313,221.728,-1.210007939,0.6035959944
1.059,-1.08,-1.244956772,-2.087498382,-52.53,-2.462013965,235.027,-0.898375812,0.6212072171
1.06,-0.93,-1.073076923,-1.788443646,-47.9,-2.312473353,241.748,-0.7475301003,0.5844580482
1.061,-0.74,-0.85466795,-1.413448464,-41.45,-2.086458016,245.044,-0.6750808018,0.5118336396
1.062,-0.53,-0.612716763,-1.004586803,-34.45,-1.815536867,249.514,-0.57836757,0.4196436529
1.063,-0.36,-0.4165863067,-0.6782111603,-28.21,-1.549314217,254.303,-0.4766563467,0.3347586448
1.064,-0.21,-0.2432432432,-0.3935240073,-22.59,-1.287885884,260,-0.3581262323,0.2390772239
1.065,-0.05,-0.05797101449,-0.0931547322,-15.73,-0.9387685842,265.572,-0.2446829098,0.07871444894
1.066,0.17,0.1972920696,0.3140690365,-5.56,-0.3551354707,277.424,-0.0110963916,-0.8575688487
1.067,0.42,0.4878993224,0.7683433787,4,0.2722904524,283.102,0.09729586528,2.078928093
1.068,0.74,0.8604651163,1.336196068,12.45,0.8963037849,285.967,0.1511658863,1.275641773
1.069,1.07,1.245392823,1.905733219,19.3,1.453539523,287.084,0.1720225206,1.172353419
1.07,1.16,1.351456311,2.059599967,21.15,1.612301236,287.003,0.1705128191,1.155252261
1.071,0.81,0.944606414,1.462180327,14.85,1.086145675,286.234,0.1561587126,1.17699039
1.072,0.12,0.140077821,0.2234613209,-3.99,-0.2575376895,287.02,0.1708297054,-2.577171217
1.073,-0.55,-0.6426484907,-1.05479357,-32.26,-1.724867705,285.072,0.1343955644,0.6631952511
1.074,-0.81,-0.9473684211,-1.571923945,-42.41,-2.121475107,282.368,0.08340688017,0.7712813161
1.075,-0.54,-0.632195122,-1.037247357,-33.48,-1.775737829,279.491,0.02861703245,0.5936895488
1.076,-0.1,-0.1171875,-0.1887191656,-16.62,-0.9860086693,276.46,-0.0297190823,0.1857969966
1.077,0.18,0.211143695,0.3359473301,-2.88,-0.1872729021,272.552,-0.1058855528,-1.145958182
1.078,0.22,0.2583170254,0.4102870264,-0.72,-0.04749702857,268.485,-0.1863194596,-1.754739495
1.079,0.07,0.08227228208,0.131525977,-6.71,-0.4253131045,256.598,-0.4285909384,-0.1540289896
1.08,-0.11,-0.1294117647,-0.2084982508,-13.81,-0.8348162301,249.439,-0.5799759379,0.1473702325
1.081,-0.24,-0.2826300294,-0.4578997965,-18.55,-1.086426804,247.631,-0.6188953765,0.2685121919
1.082,-0.27,-0.3182711198,-0.5163107758,-19.64,-1.141933154,244.957,-0.6769805938,0.283856657
1.083,-0.16,-0.1887905605,-0.3048244133,-14.93,-0.8957961546,242.446,-0.7321052806,0.1872499199
1.084,-0.09,-0.1062992126,-0.1711165243,-11.78,-0.7218216224,239.936,-0.7877815753,0.1133519885
1.085,-0.29,-0.3428571429,-0.5566911086,-18.86,-1.102300896,237.315,-0.846545165,0.285651658
1.086,-0.7,-0.8284023669,-1.368730173,-32.88,-1.750833812,233.187,-0.940425177,0.5085835956
1.087,-1.1,-1.303060217,-2.189379194,-46.16,-2.253601936,232.32,-0.960353794,0.681210128
1.088,-1.31,-1.553359684,-2.63280609,-53.14,-2.480975612,233.102,-0.9423756841,0.7690727191
1.089,-1.35,-1.602373887,-2.720502188,-54.56,-2.524474492,234.481,-0.9108190561,0.7919271383
1.09,-1.36,-1.615841584,-2.744648075,-55.03,-2.538677405,231.664,-0.9754819119,0.7810255108
1.091,-1.37,-1.629335976,-2.768863232,-55.22,-2.544391893,231.261,-0.9847968141,0.7845608331
1.092,-1.32,-1.571428571,-2.665102,-53.61,-2.495471811,230.446,-1.003684353,0.7616413429
1.093,-1.22,-1.453823237,-2.455585761,-50.73,-2.405073707,228.567,-1.047485754,0.7112363418
1.094,-1.18,-1.407554672,-2.373603545,-49.22,-2.356142214,226.846,-1.087921112,0.6891869632
1.095,-1.23,-1.468656716,-2.481922196,-51.04,-2.414986594,224.401,-1.145897688,0.6969960266
1.096,-1.36,-1.625498008,-2.761973968,-55.52,-2.553383175,222.271,-1.196922092,0.7364664398
1.097,-1.47,-1.758723829,-3.002132478,-59.2,-2.660611859,222.687,-1.186918449,0.7802751995
1.098,-1.47,-1.760479042,-3.005310441,-59.15,-2.659191947,222.407,-1.193649612,0.7800244041
1.099,-1.35,-1.618381618,-2.74920443,-55.3,-2.546793344,224.968,-1.132396749,0.7472308742
1.1,-1.12,-1.344,-2.261403175,-48.15,-2.320808953,227.289,-1.077483463,0.6654527915
1.101,-0.87,-1.045045045,-1.740000565,-40.06,-2.034867387,230.33,-1.00637807,0.5721342094
1.102,-0.71,-0.8537074148,-1.411811681,-34.7,-1.825702491,232.62,-0.9534496764,0.5080008564
1.103,-0.69,-0.8304914744,-1.372283997,-33.98,-1.796323806,236.325,-0.868910285,0.5148831024
1.104,-0.74,-0.8915662651,-1.47640658,-35.5,-1.857981814,239.88,-0.7890303873,0.5577634206
1.105,-0.73,-0.8804020101,-1.457340554,-35.17,-1.844712726,244.304,-0.691261528,0.5746669358
1.106,-0.65,-0.7847082495,-1.29451892,-32.34,-1.728231485,248.265,-0.6052154845,0.5547668049
1.107,-0.56,-0.6767371601,-1.112101508,-29.3,-1.597590361,248.272,-0.6050646398,0.5048913733
1.108,-0.55,-0.6653225806,-1.092896735,-28.79,-1.575098129,248.836,-0.5929248179,0.5040983247
1.109,-0.66,-0.7991927346,-1.31909486,-32.52,-1.735785544,247.651,-0.6184632994,0.560303922
1.11,-0.85,-1.03030303,-1.714561366,-39.16,-2.000893443,244.097,-0.6957965313,0.6358021807
1.111,-1.06,-1.286147624,-2.159683011,-46.33,-2.259420357,241.79,-0.7466007008,0.7184523892
1.112,-1.23,-1.493927126,-2.526848747,-52.09,-2.448232362,237.725,-0.8373101509,0.7690811295
1.113,-1.32,-1.604863222,-2.724963644,-55.46,-2.551588005,232.8,-0.9493114784,0.7783610063
1.114,-1.38,-1.679513185,-2.859092254,-57.47,-2.610898169,228.681,-1.044818055,0.7820881271
1.115,-1.44,-1.754314721,-2.994151014,-59.34,-2.664582329,225.048,-1.130494595,0.7889566072
1.116,-1.49,-1.817073171,-3.107973228,-60.94,-2.709412928,222.247,-1.197499797,0.7955061827
1.117,-1.53,-1.86775178,-3.200225045,-62.64,-2.755971177,218.029,-1.300012722,0.7890132516
1.118,-1.62,-1.979633401,-3.404956758,-65.41,-2.829565395,211.354,-1.466363636,0.7926007933
1.119,-1.7,-2.079510703,-3.58896632,-68.44,-2.907027918,206.614,-1.587713056,0.7984812342
1.12,-1.74,-2.130612245,-3.683567541,-69.65,-2.937123618,204.041,-1.654755854,0.8021916872
1.121,-1.7,-2.083758938,-3.59681911,-68.52,-2.909032101,196.701,-1.850759229,0.7556673939
1.122,-1.64,-2.012269939,-3.464955754,-66.56,-2.859327706,198.12,-1.812302902,0.7417015696
1.123,-1.61,-1.977482088,-3.401006188,-65.85,-2.841006176,204.316,-1.647550148,0.7577060289
1.124,-1.64,-2.016393443,-3.472545322,-66.65,-2.861637953,204.823,-1.634290833,0.7723755171
1.125,-1.65,-2.030769231,-3.499020508,-67.27,-2.877479259,206.286,-1.596212937,0.7821325999
1.126,-1.63,-2.008213552,-3.457491674,-66.49,-2.857528959,207.727,-1.558970719,0.7828579025
1.127,-1.55,-1.911613566,-3.280311992,-64.08,-2.794572188,209.299,-1.518636352,0.760527102
1.128,-1.44,-1.777777778,-3.036650667,-60.75,-2.704141287,210.64,-1.484467702,0.7249783102
1.129,-1.36,-1.680741504,-2.861304742,-58.43,-2.638634404,212.473,-1.438113128,0.7018596859
1.13,-1.38,-1.707216495,-2.909035504,-58.87,-2.651222028,214.276,-1.392905724,0.7193233455
1.131,-1.43,-1.770897833,-3.024182011,-60.72,-2.703307654,216.861,-1.328750173,0.7500343845
1.132,-1.4,-1.73553719,-2.960185129,-59.98,-2.682634453,219.83,-1.256001274,0.7515762651
1.133,-1.25,-1.551189245,-2.628929283,-55.16,-2.542588998,221.095,-1.225303226,0.6977188112
1.134,-1.01,-1.254658385,-2.104481931,-47.84,-2.310468255,221.922,-1.205329025,0.598578861
1.135,-0.82,-1.019689119,-1.696261565,-41.69,-2.095258922,223.47,-1.168140062,0.5197836898
1.136,-0.73,-0.9087136929,-1.50571908,-38.45,-1.973770984,225.963,-1.108786669,0.4884642072
1.137,-0.68,-0.8473520249,-1.400984628,-36.85,-1.91159652,227.078,-1.082452354,0.4679230989
1.138,-0.65,-0.8108108108,-1.338825186,-35.73,-1.867191837,229.035,-1.036542616,0.4610701177
1.139,-0.62,-0.7741935484,-1.27669401,-34.68,-1.824890619,231.784,-0.9727113745,0.4563529814
1.14,-0.59,-0.7375,-1.214591682,-33.65,-1.782754074,234.446,-0.9116176879,0.4507884543
1.141,-0.57,-0.7132429614,-1.173624633,-33.1,-1.759990826,235.063,-0.8975563945,0.4416194845
1.142,-0.6,-0.751565762,-1.23837868,-33.96,-1.795503274,236.293,-0.8696347601,0.4646583645
1.143,-0.68,-0.8526645768,-1.410034774,-37.14,-1.922974969,235.658,-0.8840313905,0.5023268899
1.144,-0.78,-0.9790794979,-1.626367552,-40.95,-2.068022205,235.984,-0.8766355255,0.5523112365
1.145,-0.81,-1.017801047,-1.693007666,-42.27,-2.116399338,237.921,-0.8329009892,0.5740370521
1.146,-0.75,-0.9433962264,-1.565112567,-40.06,-2.034867387,239.579,-0.7957477509,0.5529231247
1.147,-0.62,-0.7806925498,-1.287709822,-35.69,-1.865592339,239.407,-0.7995900346,0.483160115
1.148,-0.5,-0.6302521008,-1.03398737,-31.59,-1.696540279,240.72,-0.7703287453,0.4191496833
1.149,-0.41,-0.5173501577,-0.8453242478,-28.19,-1.548421217,240.863,-0.7671515151,0.3650605468
1.15,-0.29,-0.3663157895,-0.5952861456,-23.71,-1.341697053,240.44,-0.776555365,0.2810270109
1.151,-0.16,-0.2023182297,-0.3268274598,-18.47,-1.082318874,245.354,-0.6683169071,0.1866907231
1.152,-0.08,-0.1012658228,-0.162983968,-14.99,-0.8990359156,246.204,-0.6498144942,0.1052289924
1.153,-0.08,-0.1013727561,-0.1631567114,-14.75,-0.88606044,245.618,-0.6625634216,0.1053559327
1.154,-0.11,-0.1395348837,-0.2248909551,-16.3,-0.9690918569,246.709,-0.6388521096,0.1398624329
1.155,-0.17,-0.2158730159,-0.3488962133,-18.49,-1.083346295,249.111,-0.5870155538,0.2088746301
1.156,-0.26,-0.3305084746,-0.536400639,-22.41,-1.27915634,251.748,-0.5306800168,0.2963807401
1.157,-0.39,-0.4962884411,-0.8102954007,-27.89,-1.534994891,252.093,-0.5233532995,0.3936629403
1.158,-0.5,-0.6369426752,-1.045214638,-32.15,-1.720236044,255.06,-0.4607543162,0.4792385407
1.159,-0.5,-0.6376195537,-1.046350782,-32.28,-1.725709021,256.695,-0.4265688964,0.4861596979
1.16,-0.38,-0.485106383,-0.7917191481,-27.94,-1.537236694,259.228,-0.3740352474,0.4142367869
1.161,-0.19,-0.2428115016,-0.3928193581,-20.38,-1.179126991,263.116,-0.2943897105,0.266586295
1.162,-0.02,-0.02558635394,-0.04106644483,-12.98,-0.7890036076,273.399,-0.08928533173,0.04675732893
1.163,0.04,0.05122732124,0.08198900399,-10.46,-0.6466132496,273.083,-0.09547254444,-0.1104845351
1.164,-0.06,-0.07692307692,-0.1236949467,-14.5,-0.8724976531,272.713,-0.1027261714,0.1268374948
1.165,-0.22,-0.2823529412,-0.4574462716,-21.86,-1.25234219,271.86,-0.1194862889,0.3334573371
1.166,-0.36,-0.4625267666,-0.7542534989,-27.79,-1.530506376,271.2,-0.1324903833,0.4535507929
1.167,-0.41,-0.5273311897,-0.8619424578,-29.86,-1.622095229,269.67,-0.1627583657,0.4829205379
1.168,-0.37,-0.4763948498,-0.7772572655,-28.54,-1.564011148,268.178,-0.1924404338,0.4425156228
1.169,-0.26,-0.3351235231,-0.5439816644,-24.36,-1.372529991,264.858,-0.25908595,0.3334005575
1.17,-0.09,-0.1161290323,-0.1870073727,-17.36,-1.024836452,260.614,-0.3455068962,0.1364675305
1.171,0.08,0.1033369214,0.1650732348,-9.35,-0.5822956888,253.893,-0.4852888447,-0.1546231044
1.172,0.19,0.2456896552,0.390413424,-3.92,-0.2531376369,247.3,-0.6260513245,-0.4440608801
1.173,0.21,0.2718446602,0.4315566919,-2.46,-0.1604107785,247.324,-0.6255321423,-0.5490941905
1.174,0.17,0.2203023758,0.3504008352,-4.18,-0.2694597005,247.413,-0.6236072812,-0.3923567239
1.175,0.07,0.09081081081,0.145130615,-8.26,-0.5181705062,248.094,-0.6089017279,-0.1287678026
1.176,-0.11,-0.1428571429,-0.2302734286,-14.8,-0.8887672793,248.893,-0.5916994522,0.1555411031
1.177,-0.33,-0.429035753,-0.6987934078,-23.3,-1.322099131,250.007,-0.5678072498,0.369750277
1.178,-0.52,-0.6767895879,-1.112189752,-30.25,-1.63904284,251.279,-0.5406562238,0.5102492224
1.179,-0.58,-0.7557003257,-1.245375183,-32.39,-1.73033184,251.589,-0.5340600586,0.5499821755
1.18,-0.49,-0.6391304348,-1.048886999,-29.1,-1.588789859,252.483,-0.5150829878,0.4985505664
1.181,-0.35,-0.4570184984,-0.745122906,-23.74,-1.343126497,253.18,-0.5003342228,0.4041978752
1.182,-0.31,-0.4052287582,-0.6594500208,-22.06,-1.262117344,254.11,-0.4807182021,0.3783776514
1.183,-0.42,-0.5496183206,-0.899092383,-26.06,-1.451811216,254.298,-0.4767615372,0.4661957303
1.184,-0.64,-0.8384279476,-1.385789577,-34.05,-1.799193764,255.465,-0.4522659936,0.6155071494
1.185,-0.86,-1.127868852,-1.883398939,-42.07,-2.10913,252.98,-0.5045621352,0.720589435
1.186,-1.01,-1.326039387,-2.229781389,-47.28,-2.291668598,249.427,-0.5802333217,0.7764127923
1.187,-1.09,-1.43263965,-2.418019777,-49.96,-2.380256694,245.578,-0.6634347642,0.7944365615
1.188,-1.11,-1.460526316,-2.467483686,-50.96,-2.412432712,240.775,-0.7691065104,0.7755628685
1.189,-1.13,-1.488474204,-2.517148008,-51.42,-2.427077018,235.825,-0.880241434,0.7610842576
1.19,-1.14,-1.503296703,-2.543525383,-51.74,-2.437206744,229.618,-1.022941695,0.7350914069
1.191,-1.13,-1.491749175,-2.522973757,-51.67,-2.434994889,225.25,-1.125694662,0.708563249
1.192,-1.12,-1.480176211,-2.502392606,-51.33,-2.424219533,222.347,-1.195093107,0.6913999578
1.193,-1.11,-1.468577729,-2.481781887,-50.89,-2.410195624,222.579,-1.189513751,0.6894395154
1.194,-1.09,-1.443708609,-2.437642364,-50.39,-2.394149901,220.825,-1.231840609,0.6722693725
1.195,-1.08,-1.432044199,-2.416964595,-49.91,-2.378635538,218.511,-1.288198451,0.6591420835
1.196,-1.06,-1.407079646,-2.372763164,-49.27,-2.357779802,216.566,-1.336032831,0.6423615379
1.197,-1.02,-1.355481728,-2.281638008,-47.9,-2.312473353,216.592,-1.335390571,0.6254723464
1.198,-0.93,-1.237250554,-2.074015844,-45.27,-2.22290193,216.455,-1.338775654,0.5823143155
1.199,-0.8,-1.065482797,-1.77531078,-40.95,-2.068022205,216.231,-1.344315007,0.5202624096
1.2,-0.67,-0.8933333333,-1.479425678,-36.57,-1.900564092,217.011,-1.325050926,0.4586491785
1.201,-0.63,-0.8409343715,-1.390056326,-35.1,-1.841889758,217.729,-1.307379198,0.4413901592
1.202,-0.72,-0.9621380846,-1.597266726,-38.25,-1.96607933,218.029,-1.300012722,0.4890452259
1.203,-0.89,-1.190635452,-1.992608643,-44.74,-2.20442772,218.036,-1.299840959,0.5686232493
1.204,-1.05,-1.40625,-2.371295479,-50.57,-2.399939836,218.505,-1.288345356,0.6429262801
1.205,-1.11,-1.488268156,-2.516781518,-52.92,-2.474156267,218.595,-1.286142199,0.669303658
1.206,-1.09,-1.463087248,-2.472030722,-52.3,-2.45482091,218.824,-1.280540476,0.6617915824
1.207,-1.05,-1.410974244,-2.379653985,-50.82,-2.407956254,219.148,-1.2726249,0.6465430011
1.208,-1.03,-1.385650224,-2.334879422,-50.28,-2.390604118,219.393,-1.266647123,0.6384246714
1.209,-1.06,-1.427609428,-2.409107175,-51.23,-2.42104016,220.097,-1.249507241,0.6563345767
1.21,-1.11,-1.496629213,-2.531657054,-53.14,-2.480975612,219.97,-1.25259518,0.6780792959
1.211,-1.15,-1.552305962,-2.630923877,-54.55,-2.52417126,224.089,-1.153341333,0.7154085297
1.212,-1.14,-1.540540541,-2.609916749,-54.39,-2.519313618,225.024,-1.13106517,0.7149714867
1.213,-1.09,-1.474633596,-2.492541301,-52.83,-2.471360276,225.439,-1.121207532,0.6938049424
1.214,-1.01,-1.367945824,-2.303621682,-50.37,-2.393505636,229.044,-1.03633239,0.6716415363
1.215,-0.93,-1.261016949,-2.115619181,-47.57,-2.301423432,230.146,-1.010653646,0.638759042
1.216,-0.83,-1.126696833,-1.881364112,-44.43,-2.193554939,231.66,-0.9755742879,0.5936533277
1.217,-0.71,-0.9648924122,-1.601995626,-40.67,-2.057638472,234.325,-0.9143795909,0.5390262078
1.218,-0.58,-0.7891156463,-1.301994371,-36.15,-1.88392969,237.136,-0.8505820415,0.4761341325
1.219,-0.45,-0.6129398411,-1.004960599,-31.69,-1.700785973,238.832,-0.8124549472,0.3998663998
1.22,-0.36,-0.4909090909,-0.8013570902,-28.46,-1.560454755,240.929,-0.7656857374,0.3445007268
1.221,-0.32,-0.4368600683,-0.711738417,-26.97,-1.493452755,244.555,-0.6857677144,0.3266022997
1.222,-0.33,-0.4510250569,-0.7351921386,-27.05,-1.497087256,249.418,-0.5804263676,0.3538807785
1.223,-0.34,-0.4652223489,-0.7587230402,-27.49,-1.517001501,253.59,-0.4916774338,0.377722406
1.224,-0.32,-0.4383561644,-0.7142144673,-26.75,-1.483436028,257.051,-0.4191543362,0.3753905627
1.225,-0.25,-0.3428571429,-0.5566911086,-24.18,-1.36402063,270.272,-0.1508285609,0.3674894582
1.226,-0.13,-0.1784897025,-0.2880842881,-19.21,-1.120139165,272.982,-0.09745161289,0.2366018972
1.227,0,0,0,-13.44,-0.8144595062,274.93,-0.05940957726,-0
1.228,0.07,0.09633027523,0.1539203413,-10.57,-0.6529333971,274.906,-0.05987662562,-0.2159345919
1.229,0.02,0.02755453502,0.04413924141,-12.69,-0.7728709424,275.632,-0.04576641978,-0.0539179415
1.23,-0.1,-0.1379310345,-0.2222929845,-18.5,-1.083859896,275.915,-0.04027622535,0.1977456113
1.231,-0.21,-0.2899884925,-0.4699470871,-23.28,-1.321140165,277.735,-0.005102252359,0.3543447872
1.232,-0.21,-0.2903225806,-0.4704942081,-23.26,-1.320180922,279.967,0.03772084584,0.3668685029
1.233,-0.1,-0.1384083045,-0.2230660514,-18.77,-1.097699508,280.145,0.0411212373,0.21112118
1.234,0.07,0.09699769053,0.1549829547,-11.41,-0.7008794776,280.123,0.04070108123,-0.2347592039
1.235,0.2,0.2774566474,0.4403741677,-4.79,-0.307528872,279.837,0.03523604754,-1.617281573
1.236,0.27,0.375,0.5930408438,-1.09,-0.07172820793,280.002,0.03838963286,-17.78842804
1.237,0.27,0.3754345307,0.5937184296,-0.63,-0.04158482232,280.065,0.03959323886,-298.1137588
1.238,0.21,0.2923433875,0.4637460493,-2.86,-0.1859971949,280.707,0.05184314257,-3.456817303
1.239,0.07,0.09756097561,0.1558797383,-8.1,-0.5086763819,277.693,-0.005911358132,-0.3029215936
1.24,-0.15,-0.2093023256,-0.3381956723,-15.96,-0.9510336805,273.608,-0.08519708403,0.3263710013
1.241,-0.4,-0.5587892899,-0.9143962446,-24.58,-1.382900269,267.804,-0.1999067305,0.5777054591
1.242,-0.64,-0.8951048951,-1.482452822,-32.65,-1.741228833,260.775,-0.3422028371,0.7115437686
1.243,-0.89,-1.246207701,-2.089687624,-41.25,-2.079100039,253.6,-0.4914664675,0.8129288303
1.244,-1.17,-1.640186916,-2.788350361,-50.63,-2.401866441,237.587,-0.840416742,0.8599959363
1.245,-1.4,-1.964912281,-3.377934478,-58.28,-2.634325334,232.714,-0.9512882181,0.9420799061
1.246,-1.52,-2.135831382,-3.693246712,-62.42,-2.750006971,228.468,-1.04980352,0.9719555018
1.247,-1.61,-2.264947245,-3.933719665,-65.4,-2.8293046,226.175,-1.103769616,1.000164108
1.248,-1.73,-2.436619718,-4.25649097,-69.43,-2.931686059,223.435,-1.168978048,1.038000397
1.249,-1.81,-2.552291422,-4.47592777,-72.31,-3.001699638,224.144,-1.1520284,1.077568808
1.25,-1.76,-2.484705882,-4.347522341,-70.64,-2.961407104,224.918,-1.13358594,1.061667821
1.251,-1.57,-2.219081272,-3.848071509,-65.17,-2.82329673,226.25,-1.101995841,0.9803273106
1.252,-1.41,-1.995283019,-3.433711366,-60.33,-2.692438809,228.103,-1.058357503,0.9154619659
1.253,-1.37,-1.940968123,-3.334036748,-58.94,-2.653217442,229.443,-1.027020674,0.9059296283
1.254,-1.37,-1.943262411,-3.338240031,-58.99,-2.654641539,231.049,-0.9897034788,0.9160054866
1.255,-1.34,-1.90295858,-3.264490979,-58.16,-2.630871517,232.54,-0.9552899034,0.9103022971
1.256,-1.29,-1.834123223,-3.138976219,-56.45,-2.58101252,234.157,-0.9182166648,0.8970479078
1.257,-1.24,-1.765124555,-3.013723287,-54.88,-2.534154962,234.815,-0.9032038184,0.8767555208
1.258,-1.19,-1.695961995,-2.888735112,-53.56,-2.493934332,235.464,-0.8884374682,0.8540560537
1.259,-1.15,-1.640903686,-2.789638092,-52.13,-2.449488871,235.109,-0.8965095435,0.8337236742
1.26,-1.09,-1.557142857,-2.639564866,-50.43,-2.395437867,234.487,-0.9106821598,0.7983874888
1.261,-1.04,-1.487485101,-2.515388771,-48.61,-2.336066847,233.575,-0.9315307062,0.7697976052
1.262,-0.98,-1.403341289,-2.366150463,-46.73,-2.27305349,231.026,-0.9902360763,0.7250813681
1.263,-0.92,-1.318996416,-2.217391765,-44.77,-2.205477289,226.928,-1.08598755,0.6736793111
1.264,-0.86,-1.234449761,-2.069117403,-42.75,-2.133758352,225.495,-1.119878734,0.6359398259
1.265,-0.8,-1.149700599,-1.921332138,-40.78,-2.061722923,223.64,-1.164071712,0.5956151447
1.266,-0.74,-1.064748201,-1.774040771,-38.94,-1.992519718,219.477,-1.264599136,0.5446656542
1.267,-0.69,-0.993997599,-1.652020835,-37.2,-1.925323051,219.996,-1.251962859,0.5199471757
1.268,-0.64,-0.9230769231,-1.530298793,-35.54,-1.859585803,220.592,-1.237488557,0.4941110917
1.269,-0.6,-0.8664259928,-1.433493347,-34.05,-1.799193764,221.858,-1.206872132,0.4768669073
1.27,-0.56,-0.8096385542,-1.336833688,-32.85,-1.749582831,223.886,-1.158190042,0.4597448793
1.271,-0.54,-0.7816646562,-1.28935797,-31.96,-1.712218248,230.441,-1.003800434,0.4747235277
1.272,-0.52,-0.7536231884,-1.241860003,-31.17,-1.678640148,235.994,-0.87640882,0.4860415663
1.273,-0.49,-0.7110036276,-1.169846175,-30.19,-1.636441812,241.827,-0.7457820778,0.491073144
1.274,-0.46,-0.6682808717,-1.097872521,-28.92,-1.580847375,245.211,-0.6714359637,0.4874486714
1.275,-0.42,-0.6109090909,-1.001558033,-27.45,-1.515196385,248.234,-0.6058835624,0.4721924949
1.276,-0.37,-0.5388349515,-0.8811105243,-25.82,-1.440736739,251.968,-0.5260067483,0.4480048008
1.277,-0.32,-0.4665856622,-0.7609838737,-23.79,-1.345507527,253.487,-0.493850871,0.4137224559
1.278,-0.25,-0.3649635036,-0.5930595557,-20.99,-1.209491929,258.437,-0.390385023,0.3706907304
1.279,-0.19,-0.2777101096,-0.4498484484,-18.58,-1.087966071,261.981,-0.3175178543,0.3200665907
1.28,-0.2,-0.2926829268,-0.4743600143,-18.74,-1.096164401,258.147,-0.3963917912,0.3178171896
1.281,-0.27,-0.3956043956,-0.6435637532,-21.35,-1.227288007,253.511,-0.4933443602,0.3740274595
1.282,-0.37,-0.5427872861,-0.8876996701,-24.93,-1.399330515,243.154,-0.7165047753,0.4195504603
1.283,-0.47,-0.6903304774,-1.134991961,-28.24,-1.550653229,229.758,-1.019680749,0.4415737295
1.284,-0.56,-0.8235294118,-1.360442685,-31.56,-1.695265355,225.671,-1.115704661,0.4839762351
1.285,-0.71,-1.045398773,-1.740611281,-36.52,-1.898589211,220.856,-1.231089614,0.5561629095
1.286,-0.91,-1.341523342,-2.257040468,-43.68,-2.167043207,215.652,-1.358659872,0.6401674834
1.287,-1.14,-1.682656827,-2.864755038,-51.64,-2.434046262,213.215,-1.419462361,0.743414721
1.288,-1.34,-1.980295567,-3.406172836,-58.47,-2.639781953,211.729,-1.456879679,0.8314508599
1.289,-1.45,-2.145499383,-3.711185014,-62.4,-2.749463881,214.545,-1.386193598,0.8973627608
1.29,-1.47,-2.177777778,-3.771154987,-62.95,-2.764344966,216.107,-1.347383902,0.917170151
1.291,-1.43,-2.121137206,-3.666003762,-61.73,-2.731184136,218.012,-1.300429885,0.9093141713
1.292,-1.38,-2.04950495,-3.533561672,-60.12,-2.686561925,219.996,-1.251962859,0.8971789859
1.293,-1.33,-1.977695167,-3.401397453,-58.73,-2.647225312,221.056,-1.226247021,0.8781261773
1.294,-1.29,-1.920595533,-3.296740035,-57.38,-2.608278556,222.763,-1.185092879,0.8690791534
1.295,-1.25,-1.863354037,-3.192207723,-56.26,-2.57539756,224.636,-1.140297926,0.8591144606
1.296,-1.27,-1.895522388,-3.250904921,-56.84,-2.592490517,226.793,-1.089171225,0.882999349
1.297,-1.33,-1.9875467,-3.419493051,-59.07,-2.656918019,229.255,-1.03140613,0.9271129415
1.298,-1.34,-2.004987531,-3.451556915,-59.42,-2.666847679,229.231,-1.031966234,0.9331523554
1.299,-1.25,-1.872659176,-3.209174178,-56.69,-2.588083433,229.992,-1.014234746,0.8908636104
1.3,-1.12,-1.68,-2.859969101,-52.6,-2.464198403,232.431,-0.9577982319,0.8357603487
1.301,-1.04,-1.561952441,-2.648159792,-49.97,-2.380580783,234.195,-0.9173485144,0.8029765205
1.302,-1.03,-1.54887218,-2.624791186,-49.82,-2.375714473,234.158,-0.9181938169,0.7968622546
1.303,-1.03,-1.550815558,-2.628261865,-49.68,-2.371162954,233.681,-0.929103343,0.7963787247
1.304,-0.97,-1.462311558,-2.470653372,-47.8,-2.309130542,235.752,-0.8818977913,0.7742499012
1.305,-0.88,-1.328301887,-2.233762697,-45.02,-2.214205664,238.084,-0.8292369519,0.7339591966
1.306,-0.79,-1.19395466,-1.998396752,-41.9,-2.102934146,240.754,-0.769573149,0.6956977115
1.307,-0.68,-1.029003783,-1.712320578,-38.39,-1.971465875,243.281,-0.7137111851,0.6376937312
1.308,-0.56,-0.8484848485,-1.40291416,-34.35,-1.811460118,246.301,-0.6477071044,0.5704834332
1.309,-0.45,-0.6826801517,-1.122106528,-30.43,-1.646832218,247.801,-0.6152238331,0.4960560226
1.31,-0.38,-0.5772151899,-0.9451739978,-27.54,-1.519256417,249.237,-0.5843102153,0.4493197331
1.311,-0.32,-0.4866920152,-0.7943523925,-25.47,-1.424517135,250.244,-0.5627379942,0.3997234079
1.312,-0.27,-0.4111675127,-0.6692581493,-23.68,-1.34026699,252.475,-0.5152525068,0.3606850537
1.313,-0.26,-0.3964421855,-0.6449462017,-23.21,-1.317781603,251.872,-0.5280454908,0.3494077013
1.314,-0.26,-0.3969465649,-0.6457785248,-23.14,-1.314419647,252.147,-0.5222074166,0.3516111341
1.315,-0.24,-0.3668789809,-0.5962135251,-22.27,-1.272351038,250.992,-0.5467702545,0.3277480878
1.316,-0.22,-0.3367346939,-0.5466288848,-21.63,-1.241065966,248.774,-0.5942579904,0.2978378193
1.317,-0.26,-0.398467433,-0.6482884312,-23.16,-1.315380552,245.815,-0.6582741286,0.328471053
1.318,-0.43,-0.6598465473,-1.083688875,-29.35,-1.599786467,242.644,-0.7277378434,0.4655972314
1.319,-0.68,-1.044814341,-1.739602258,-39.03,-1.995948625,239.451,-0.7986068621,0.6224969468
1.32,-0.91,-1.4,-2.36024152,-47.52,-2.299744527,235.923,-0.878018637,0.7427367612
1.321,-1.05,-1.61745828,-2.747548042,-52.73,-2.468249347,233.8,-0.9263795959,0.8093809628
1.322,-1.11,-1.712082262,-2.917816785,-54.87,-2.533853119,231.745,-0.9736116418,0.8318876978
1.323,-1.11,-1.714285714,-2.921794286,-55,-2.537773694,230.268,-1.007818372,0.8240638606
1.324,-1.09,-1.68556701,-2.869998319,-54.25,-2.515054007,229.027,-1.03672949,0.8080442743
1.325,-1.06,-1.641290323,-2.790332738,-53.32,-2.486538973,229.038,-1.03647254,0.7920305477
1.326,-1.04,-1.612403101,-2.738481278,-52.73,-2.468249347,228.32,-1.053270336,0.7776419058
1.327,-1.05,-1.630012937,-2.770078575,-53.19,-2.482522441,227.277,-1.077765931,0.7780489348
1.328,-1.09,-1.694300518,-2.885739472,-54.55,-2.52417126,226.083,-1.10594625,0.7949438179
1.329,-1.12,-1.743190661,-2.974024162,-55.58,-2.555176805,225.113,-1.128949592,0.8072535633
1.33,-1.12,-1.745454545,-2.978119045,-55.67,-2.557864367,222.746,-1.185501176,0.7955725966
1.331,-1.1,-1.716514954,-2.925818918,-55.21,-2.544091518,220.296,-1.244672242,0.7722357752
1.332,-1.08,-1.6875,-2.873481539,-54.5,-2.522654446,218.539,-1.287512946,0.7541614957
1.333,-1.05,-1.642764016,-2.792980594,-53.67,-2.497315323,217.643,-1.309492792,0.7336804245
1.334,-1.02,-1.597911227,-2.712505909,-52.71,-2.467626621,214.349,-1.391083385,0.7029566628
1.335,-0.99,-1.552941176,-2.632058515,-51.74,-2.437206744,211.571,-1.460873537,0.6752191657
1.336,-0.96,-1.507853403,-2.551639454,-50.8,-2.407316014,210.155,-1.496800316,0.6535766964
1.337,-0.93,-1.462647444,-2.471249778,-49.89,-2.377986745,211.502,-1.462618626,0.6434531903
1.338,-0.9,-1.417322835,-2.39089055,-48.97,-2.34793628,211.03,-1.474571335,0.6254769881
1.339,-0.88,-1.387647832,-2.338408584,-48.05,-2.317478381,208.955,-1.527436748,0.6081821068
1.34,-0.85,-1.342105263,-2.258065475,-47.14,-2.286944474,211.156,-1.471377955,0.6008173906
1.341,-0.82,-1.296442688,-2.177755716,-46.28,-2.257710568,213.769,-1.405579397,0.5944808455
1.342,-0.79,-1.250659631,-2.097480409,-45.34,-2.225331147,217.331,-1.317167735,0.5920906338
1.343,-0.75,-1.188903567,-1.989589059,-44.12,-2.182632322,223.805,-1.160125975,0.5951938135
1.344,-0.7,-1.111111111,-1.85432,-42.47,-2.123647225,232.52,-0.9557500591,0.6021697849
1.345,-0.62,-0.9854304636,-1.637285521,-39.66,-2.019823652,237.477,-0.842894303,0.5719339266
1.346,-0.48,-0.7639257294,-1.259300181,-34.81,-1.830163511,243.929,-0.6994799418,0.4978172635
1.347,-0.28,-0.4462151394,-0.7272254558,-27.83,-1.532302568,247.942,-0.6121805223,0.3391145676
1.348,-0.08,-0.1276595745,-0.2056620951,-20.02,-1.161081853,252.555,-0.513557558,0.1228097784
1.349,0.06,0.09587217044,0.1531909476,-13.68,-0.8276758944,254.998,-0.4620549526,-0.118777455
1.35,0.14,0.224,0.3562333358,-9.81,-0.6090696898,256.003,-0.4410109353,-0.3392437945
1.351,0.2,0.3204272363,0.5077661161,-7.17,-0.4530769328,262.498,-0.3069704314,-0.6680716755
1.352,0.26,0.4171122995,0.6586054208,-4.05,-0.2613058477,270.901,-0.1383920517,-1.647758024
1.353,0.34,0.546184739,0.8582579842,0.27,0.0179292053,277.57,-0.008281586332,88.96060128
1.354,0.4,0.6434316354,1.007386936,1.8,0.1207514154,278.53,0.01018992995,7.693421299
1.355,0.37,0.5959731544,0.9347479838,1.05,0.07008766376,277.251,-0.01443366128,16.79570098
1.356,0.23,0.3709677419,0.5867520786,-3.99,-0.2575376895,276.302,-0.03277754154,-2.021086102
1.357,0.03,0.04845222073,0.07755538503,-11.63,-0.7133445598,273.128,-0.09459101697,-0.09599204103
1.358,-0.13,-0.2102425876,-0.339726602,-17.88,-1.051878061,269.244,-0.1712164888,0.2777598854
1.359,-0.24,-0.3886639676,-0.6321144351,-21.72,-1.24548284,265.186,-0.2524646121,0.4219870557
1.36,-0.32,-0.5189189189,-0.8479354259,-24.87,-1.396519814,259.673,-0.364859121,0.4814043186
1.361,-0.43,-0.698240866,-1.148322661,-28.68,-1.570224845,253.329,-0.4971865985,0.5554398303
1.362,-0.54,-0.8780487805,-1.453323641,-32.94,-1.75333412,242.314,-0.7350188874,0.5840504288
1.363,-0.65,-1.05834464,-1.762972632,-36.88,-1.912775862,233.831,-0.9256702759,0.6211048392
1.364,-0.75,-1.222826087,-2.04879807,-40.41,-2.04795787,229.914,-1.016049464,0.6686661767
1.365,-0.85,-1.387755102,-2.338598111,-44.15,-2.183691534,227.583,-1.070567671,0.7186268713
1.366,-0.98,-1.602179837,-2.720154436,-48.77,-2.341349877,225.213,-1.126573536,0.7843755794
1.367,-1.12,-1.833560709,-3.137952826,-53.56,-2.493934332,224.307,-1.148139235,0.8615841412
1.368,-1.21,-1.983606557,-3.412254305,-57.07,-2.599229838,222.342,-1.195213415,0.8992766731
1.369,-1.25,-2.051983584,-3.538134374,-58.51,-2.640928857,221.115,-1.224819293,0.9152521676
1.37,-1.24,-2.038356164,-3.513002798,-58.13,-2.63000715,219.881,-1.254760232,0.9043019705
1.371,-1.21,-1.991769547,-3.427253204,-57.05,-2.598644683,221.681,-1.211142106,0.8995918652
1.372,-1.17,-1.928571429,-3.311335929,-55.8,-2.561740305,225.166,-1.127690151,0.8975195408
1.373,-1.11,-1.83218707,-3.135453891,-54.22,-2.514140117,229.517,-1.025295469,0.8858626792
1.374,-1.07,-1.768595041,-3.020009862,-52.83,-2.471360276,230.569,-1.000829565,0.8697709513
1.375,-1.06,-1.754482759,-2.994455157,-52.46,-2.459827311,231.926,-0.9694347576,0.8732068584
1.376,-1.08,-1.790055249,-3.058915202,-53.39,-2.4886986,233.665,-0.9294696669,0.8948989528
1.377,-1.12,-1.858921162,-3.184128657,-54.54,-2.523867984,235.445,-0.8888691864,0.9330131498
1.378,-1.1,-1.828254848,-3.128301588,-54.2,-2.513530638,236.545,-0.8639321722,0.9262282856
1.379,-1.05,-1.747572816,-2.981951091,-52.55,-2.462638316,236.483,-0.8653346262,0.8960262425
1.38,-1.01,-1.683333333,-2.865973812,-51.18,-2.419448739,237.53,-0.8417004259,0.8788232818
1.381,-0.99,-1.652294854,-2.810111283,-50.58,-2.400261054,238.467,-0.8206374508,0.8724619168
1.382,-0.95,-1.587743733,-2.69429635,-49.31,-2.35908901,239.153,-0.8052691558,0.8514511342
1.383,-0.83,-1.389121339,-2.341012121,-45.59,-2.2339865,240.434,-0.7766888719,0.7775704227
1.384,-0.67,-1.122905028,-1.874781997,-40.15,-2.038239983,242.241,-0.7366308819,0.6756285565
1.385,-0.55,-0.9230769231,-1.530298793,-36.13,-1.883135,244.123,-0.6952267062,0.5935159481
1.386,-0.53,-0.8907563025,-1.475022853,-35.35,-1.851958417,245.93,-0.6557718154,0.5881904019
1.387,-0.56,-0.9424964937,-1.563569995,-36.55,-1.899774315,247.658,-0.6183120807,0.6209358019
1.388,-0.56,-0.9438202247,-1.565839535,-36.61,-1.902142947,249.287,-0.5832370473,0.6300201735
1.389,-0.49,-0.8270042194,-1.366352043,-34.41,-1.813906888,250.13,-0.5651757708,0.5743188609
1.39,-0.39,-0.6591549296,-1.082526182,-30.65,-1.656324707,250.974,-0.5471539459,0.4912805399
1.391,-0.27,-0.4569816643,-0.7450618613,-26.18,-1.457333993,252.647,-0.5116090304,0.3784070197
1.392,-0.14,-0.2372881356,-0.3838065613,-21.21,-1.220378231,254.687,-0.4685838879,0.2272440317
1.393,-0.01,-0.01697312588,-0.02723349476,-15.8,-0.9425056566,256.596,-0.428632638,0.01986196058
1.394,0.09,0.1529745042,0.243918868,-10.99,-0.6769763532,260.498,-0.3478887259,-0.2380009554
1.395,0.16,0.2723404255,0.4323357807,-7.66,-0.4824596762,271.744,-0.1217695687,-0.7155161461
1.396,0.18,0.3068181818,0.4864461764,-6.53,-0.4144013617,272.003,-0.1166728965,-0.9159663998
1.397,0.15,0.2560455192,0.4067133976,-7.6,-0.4788723866,271.379,-0.1289603903,-0.6691205428
1.398,0.09,0.1538461538,0.2453008284,-10.23,-0.6333672186,270.946,-0.1375034244,-0.3182126997
1.399,-0.02,-0.03423680456,-0.05496796218,-14.26,-0.8594324604,267.854,-0.1989079589,0.05193788424
1.4,-0.15,-0.2571428571,-0.4162214057,-19.25,-1.12217216,264.513,-0.2660593213,0.2998213275
1.401,-0.29,-0.4978540773,-0.8128974963,-24.6,-1.383841386,259.359,-0.3713323258,0.4631436142
1.402,-0.43,-0.7392550143,-1.217558363,-29.94,-1.625579557,250.684,-0.5533394355,0.5587901008
1.403,-0.56,-0.9641319943,-1.600689977,-34.79,-1.829352954,238.742,-0.8144713887,0.6054449044
1.404,-0.68,-1.172413793,-1.960856409,-39.04,-1.996329333,234.35,-0.9138088329,0.6738018256
1.405,-0.79,-1.364028777,-2.296710981,-43.13,-2.147413873,229.94,-1.01544449,0.7261504366
1.406,-0.91,-1.573487032,-2.668783682,-47.45,-2.297391987,225.484,-1.120139722,0.7809097058
1.407,-1.03,-1.783549784,-3.04711568,-51.83,-2.440047255,223.327,-1.17156466,0.8436996422
1.408,-1.13,-1.959537572,-3.368074949,-55.64,-2.556968897,220.888,-1.230314505,0.8893115703
1.409,-1.21,-2.10130246,-3.62927051,-58.47,-2.639781953,219.286,-1.269257004,0.9284303765
1.41,-1.27,-2.208695652,-3.828712223,-60.48,-2.696626096,217.352,-1.316650807,0.9540114764
1.411,-1.31,-2.281567489,-3.964816707,-61.94,-2.736931691,218.656,-1.284649464,0.9858850423
1.412,-1.33,-2.319767442,-4.036413341,-62.9,-2.762996745,220.419,-1.241685958,1.007923384
1.413,-1.34,-2.340611354,-4.075552663,-63.24,-2.772146596,221.995,-1.203569462,1.025111603
1.414,-1.34,-2.344023324,-4.081964304,-63.18,-2.770534986,223.732,-1.161871306,1.038032187
1.415,-1.32,-2.312408759,-4.022607903,-62.71,-2.757865126,225.69,-1.115254245,1.038596417
1.416,-1.28,-2.245614035,-3.897587472,-61.42,-2.72266926,227.745,-1.066760745,1.028541883
1.417,-1.2,-2.108345534,-3.642308735,-59.05,-2.656349138,228.745,-1.043320982,0.9844955405
1.418,-1.1,-1.935483871,-3.323991759,-55.75,-2.560250412,229.606,-1.023221297,0.9275897869
1.419,-0.98,-1.726872247,-2.94452547,-52.01,-2.445717156,231.038,-0.9899581928,0.8570441533
1.42,-0.85,-1.5,-2.5376565,-48.04,-2.317145055,232.344,-0.9598011366,0.7743967559
1.421,-0.72,-1.272459499,-2.135673198,-43.9,-2.17485042,234.577,-0.908629135,0.6926179208
1.422,-0.62,-1.097345133,-1.830457255,-40.36,-2.046091946,233.308,-0.9376497988,0.6134771075
1.423,-0.56,-0.9926144756,-1.649641304,-38.29,-1.96761948,237.043,-0.8526806161,0.5849169407
1.424,-0.53,-0.9408284024,-1.560710342,-37.43,-1.934304779,240.741,-0.7698620409,0.5771501708
1.425,-0.48,-0.8533333333,-1.411174263,-35.75,-1.867991233,244.544,-0.686008361,0.5525350384
1.426,-0.35,-0.6231454006,-1.022067583,-31,-1.671363433,250.109,-0.565624956,0.4568944515
1.427,-0.13,-0.2317979198,-0.3748514156,-22.68,-1.292242177,255.424,-0.4531246928,0.2147694116
1.428,0.1,0.1785714286,0.284464375,-13.08,-0.794551446,268.771,-0.1806234781,-0.2917059986
1.429,0.24,0.4292101341,0.6774019317,-6.21,-0.3949363368,271.119,-0.1340885202,-1.280472785
1.43,0.28,0.5014925373,0.7893488406,-4.14,-0.2669523509,273.765,-0.08212806154,-2.261223525
1.431,0.27,0.4843049327,0.7627853684,-4.86,-0.3118773546,275.731,-0.04384518094,-2.144326806
1.432,0.26,0.4670658683,0.7361074431,-5.24,-0.3354114036,277.167,-0.01605482078,-2.094390277
1.433,0.27,0.4857571214,0.7650310731,-4.61,-0.2963280737,277.82,-0.003465150709,-2.551862453
1.434,0.3,0.5405405405,0.8495683857,-2.82,-0.1834447491,278.704,0.01353107579,-5.000000112
1.435,0.38,0.6857142857,1.071880594,0.74,0.04929329924,278.993,0.01907584342,15.67784168
1.436,0.53,0.9578313253,1.481906138,4.4,0.300316544,280.567,0.04917421432,4.240186909
1.437,0.69,1.248868778,1.910796785,8.72,0.612475389,280.336,0.04476756979,2.907291374
1.438,0.78,1.413897281,2.149564234,11.04,0.7874242588,279.321,0.02536191256,2.644686032
1.439,0.75,1.361573374,2.07420767,10.36,0.7356080126,278.512,0.00984417505,2.782482504
1.44,0.68,1.236363636,1.892573392,8.61,0.6043087435,277.652,-0.006701317528,3.166917461
1.441,0.67,1.220030349,1.868743635,8.3,0.5813556798,276.958,-0.02009055298,3.329520302
1.442,0.73,1.331306991,2.030471126,9.89,0.7000555195,276.503,-0.02888701939,3.025277745
1.443,0.8,1.461187215,2.217393712,11.68,0.836603557,276.183,-0.03508221953,2.766481201
1.444,0.81,1.481707317,2.246744481,12.16,0.8737509405,275.249,-0.05320559568,2.7381113
1.445,0.74,1.355725191,2.065765135,10.43,0.7409213337,274.538,-0.06704314412,3.065487453
1.446,0.57,1.04587156,1.612699249,6.11,0.4217921938,275.147,-0.05518853163,4.399026565
1.447,0.3,0.5513016845,0.8661326038,-0.82,-0.05405781652,271.633,-0.123955344,-4.865553767
1.448,-0.01,-0.01840490798,-0.02953234935,-13.11,-0.7962142848,266.771,-0.2205831815,0.02904447575
1.449,-0.3,-0.5529953917,-0.9047266478,-23.98,-1.354539769,261.532,-0.326694897,0.5381322823
1.45,-0.55,-1.015384615,-1.688843804,-33.17,-1.76289821,253.284,-0.4981370281,0.7469338713
1.451,-0.78,-1.442218798,-2.43500045,-41.47,-2.087192618,245.38,-0.6677500012,0.8838661224
1.452,-1,-1.851851852,-3.171249383,-49.71,-2.372139063,227.975,-1.061360498,0.9236201508
1.453,-1.21,-2.244204019,-3.894953987,-57.3,-2.605947207,221.423,-1.217372247,1.018736214
1.454,-1.37,-2.544891641,-4.461842757,-62.83,-2.761107694,215.843,-1.353923548,1.084279194
1.455,-1.45,-2.697674419,-4.753962064,-65.9,-2.84230205,213.423,-1.41424576,1.116858608
1.456,-1.48,-2.757763975,-4.869605431,-66.81,-2.865738335,207.347,-1.568766565,1.098117048
1.457,-1.47,-2.743390358,-4.841904496,-66.43,-2.855985858,207.726,-1.558996474,1.096698499
1.458,-1.43,-2.672897196,-4.706401611,-65.25,-2.82538851,214.825,-1.379215932,1.119344679
1.459,-1.36,-2.546021841,-4.463993604,-63.1,-2.76838413,218.686,-1.283915484,1.10159515
1.46,-1.27,-2.38125,-4.152008252,-60.38,-2.693835541,222.038,-1.202533278,1.06560966
1.461,-1.18,-2.215962441,-3.842256528,-57.54,-2.612933339,224.368,-1.146684507,1.021980607
1.462,-1.08,-2.031347962,-3.500086839,-54.74,-2.529925227,227.458,-1.073506966,0.9713203002
1.463,-0.99,-1.864992151,-3.195193826,-51.72,-2.436575014,232.106,-0.9652841815,0.9392492876
1.464,-0.86,-1.622641509,-2.756847596,-47.82,-2.309799497,236.846,-0.8571287044,0.8705115559
1.465,-0.69,-1.303937008,-2.190919635,-42.3,-2.117487887,240.046,-0.7853294,0.7547563001
1.466,-0.49,-0.927444795,-1.537778321,-35.59,-1.861589459,244.979,-0.6765001229,0.6058802385
1.467,-0.33,-0.6255924171,-1.026171196,-29.64,-1.612492258,249.461,-0.5795040999,0.4681445717
1.468,-0.24,-0.4556962025,-0.7429315789,-26.3,-1.462847148,255.25,-0.4567704631,0.38702061
1.469,-0.22,-0.4183835182,-0.6811813028,-25.69,-1.434721931,261.6,-0.3253040435,0.3870291193
1.47,-0.24,-0.4571428571,-0.7453290057,-26.57,-1.475216641,275.129,-0.0555385378,0.486902815
1.471,-0.25,-0.4769475358,-0.7781745057,-27,-1.494816189,277.95,-0.0009623167577,0.5202471506
1.472,-0.22,-0.4203821656,-0.6844847924,-25.67,-1.433795568,279.108,0.02128064151,0.4845858827
1.473,-0.12,-0.2296650718,-0.3713734627,-21.78,-1.248424252,279.529,0.02934437673,0.304634233
1.474,0.03,0.05750798722,0.09201991716,-15.74,-0.9393026778,280.078,0.03984156831,-0.1023056096
1.475,0.16,0.3072,0.4870446298,-9.41,-0.5857976064,280.142,0.04106394524,-0.8940968118
1.476,0.26,0.5,0.7870435,-4.45,-0.2863488262,279.999,0.03833231153,-3.173351182
1.477,0.33,0.6356340289,0.9954702807,-0.3,-0.0198458683,279.514,0.02905727896,108.0692543
1.478,0.41,0.7909967846,1.23155365,1.87,0.1255057383,278.957,0.01838545898,8.558922808
1.479,0.49,0.9468599034,1.465543007,3.94,0.2680991864,277.613,-0.007452850581,5.622726298
1.48,0.54,1.04516129,1.611647718,5.21,0.3575202108,276.078,-0.03711658374,5.030054538
1.481,0.55,1.066235864,1.642822686,5.36,0.3681799878,274.339,-0.07092251981,5.526598531
1.482,0.53,1.029126214,1.587892509,4.83,0.3306085758,271.399,-0.1285661223,7.859202269
1.483,0.51,0.9918962723,1.532621423,4.37,0.298209494,262.926,-0.2982544211,-34113.55183
1.484,0.5,0.974025974,1.506033471,4.27,0.2911919638,263.798,-0.2805403839,141.3906182
1.485,0.47,0.9170731707,1.421046679,3.37,0.2284462113,266.598,-0.224053762,323.5203393
1.486,0.35,0.6840390879,1.069329421,0.4,0.02658478558,275.106,-0.05598580125,-36.37049252
1.487,0.13,0.2544861338,0.4042597556,-7.7,-0.4848495626,272.4,-0.1088700359,-0.6808933993
1.488,-0.15,-0.2941176471,-0.4767101384,-18.1,-1.063258747,270.283,-0.1506108218,0.392719408
1.489,-0.43,-0.8445171849,-1.396156722,-28.14,-1.546187575,266.091,-0.2342377561,0.7841703317
1.49,-0.66,-1.298360656,-2.181124035,-36.4,-1.893843543,261.016,-0.3372608198,0.9775983906
1.491,-0.85,-1.674876847,-2.850742735,-43.14,-2.147772195,253.769,-0.4879023947,1.081598899
1.492,-1.02,-2.013157895,-3.466589924,-48.98,-2.348265094,238.21,-0.8264063473,1.091952345
1.493,-1.18,-2.332784185,-4.060849326,-54.67,-2.52780717,232.845,-0.9482774289,1.168225114
1.494,-1.32,-2.613861386,-4.593372154,-59.5,-2.669110496,227.752,-1.066596309,1.22958583
1.495,-1.4,-2.776859504,-4.906444073,-62.09,-2.741026956,224.648,-1.140012138,1.264208877
1.496,-1.4,-2.781456954,-4.915319774,-62.18,-2.743480076,221.698,-1.210731848,1.243059266
1.497,-1.35,-2.686567164,-4.732632497,-60.83,-2.706362615,221.114,-1.224843488,1.203862726
1.498,-1.3,-2.591362126,-4.550403208,-59.22,-2.661179545,221.391,-1.218145484,1.172988387
1.499,-1.26,-2.515806988,-4.406544409,-57.84,-2.621632716,222.273,-1.196873953,1.153996782
1.5,-1.21,-2.42,-4.225091649,-56.5,-2.582487618,222.688,-1.186894424,1.120897697
1.501,-1.17,-2.34,-4.074403975,-55.18,-2.543190135,224.366,-1.146732197,1.104197761
1.502,-1.13,-2.26,-3.924469479,-53.88,-2.503755071,225.775,-1.113239693,1.085008339
1.503,-1.09,-2.18,-3.775288161,-52.6,-2.464198403,227.737,-1.066948677,1.069139312
1.504,-1.05,-2.1,-3.62686002,-51.33,-2.424219533,230.051,-1.012862483,1.055214861
1.505,-1.01,-2.02,-3.479185057,-50.17,-2.387052641,232.712,-0.9513341975,1.042175525
1.506,-0.97,-1.94,-3.332263271,-48.91,-2.345962384,235.758,-0.881761633,1.032387916
1.507,-0.91,-1.82,-3.113292801,-46.9,-2.278823328,237.994,-0.8312597298,1.001032044
1.508,-0.81,-1.62,-2.752107905,-43.64,-2.165620988,240.785,-0.7688843159,0.937843902
1.509,-0.67,-1.34,-2.254357415,-39.1,-1.9986124,244.084,-0.6960814666,0.8365912889
1.51,-0.51,-1.02,-1.696797377,-33.67,-1.78357836,247.874,-0.6136480022,0.7078169185
1.511,-0.36,-0.72,-1.185029453,-28.15,-1.546634434,250.039,-0.5671225128,0.5606271122
1.512,-0.23,-0.46,-0.7500646472,-23.19,-1.31682139,252.507,-0.5145744628,0.4095589961
1.513,-0.12,-0.24,-0.3882312192,-18.93,-1.105875675,253.525,-0.4930489176,0.2428077103
1.514,-0.03,-0.06,-0.0964223112,-14.94,-0.8963363049,254.043,-0.4821289977,0.06994903029
1.515,0.04,0.08,0.1279040512,-11.38,-0.6991767359,254.099,-0.4809497997,-0.1083816416
1.516,0.08,0.16,0.2550549248,-9.62,-0.5980314896,254.146,-0.4799603163,-0.2366019142
1.517,0.06,0.12,0.1915736352,-10.41,-0.6437372678,254.297,-0.4767825756,-0.1709685342
1.518,-0.01,-0.02,-0.0320936968,-12.89,-0.7840039152,254.889,-0.4643423222,0.02570897067
1.519,-0.1,-0.2,-0.32305528,-15.95,-0.9505012434,255.027,-0.461446551,0.2288011506
1.52,-0.19,-0.38,-0.6178298248,-19.07,-1.113014539,255.45,-0.4525801358,0.3946294878
1.521,-0.29,-0.58,-0.9498290888,-22.52,-1.28449375,255.135,-0.4591813882,0.5447282398
1.522,-0.4,-0.8,-1.32046528,-26.36,-1.465600122,254.853,-0.4650979986,0.6839315095
1.523,-0.51,-1.02,-1.696797377,-30.11,-1.632970217,253.028,-0.5035471315,0.7941884387
1.524,-0.6,-1.2,-2.00894208,-33.22,-1.764973081,250.981,-0.5470047293,0.8689279244
1.525,-0.67,-1.34,-2.254357415,-35.57,-1.860788174,247.369,-0.6245588113,0.9070594282
1.526,-0.73,-1.46,-2.466549287,-37.36,-1.93157444,243.108,-0.7175169868,0.9310925484
1.527,-0.77,-1.54,-2.608952007,-39.01,-1.99518704,236.421,-0.8667374479,0.9116075627
1.528,-0.82,-1.64,-2.788014563,-40.7,-2.058753072,231.26,-0.9848199482,0.9160334069
1.529,-0.87,-1.74,-2.968253959,-42.22,-2.114584017,226.282,-1.10123921,0.9230152747
1.53,-0.92,-1.84,-3.149670195,-44.08,-2.181219309,221.623,-1.212542049,0.9280765095
1.531,-1.02,-2.04,-3.516033187,-47.17,-2.287957604,217.871,-1.303891135,0.9788923315
1.532,-1.16,-2.32,-4.036849741,-51.96,-2.444143669,214.814,-1.379489883,1.055762715
1.533,-1.33,-2.66,-4.681673735,-57.92,-2.623946329,212.639,-1.433934935,1.153723687
1.534,-1.48,-2.96,-5.261933747,-62.92,-2.763536144,209.897,-1.50337236,1.233195824
1.535,-1.55,-3.1,-5.53634642,-65.22,-2.824604353,209.044,-1.525158513,1.272792699
1.536,-1.54,-3.08,-5.497003389,-64.83,-2.814381723,208.966,-1.527155116,1.266142288
1.537,-1.48,-2.96,-5.261933747,-63.05,-2.767038657,210.428,-1.489854956,1.236097076
1.538,-1.43,-2.86,-5.067336903,-61.5,-2.724870127,211.554,-1.461303433,1.210493743
1.539,-1.41,-2.82,-4.989827681,-61,-2.71107478,215.067,-1.373192558,1.221719165
1.54,-1.41,-2.82,-4.989827681,-61.06,-2.712735254,217.998,-1.300773455,1.243258217
1.541,-1.38,-2.76,-4.873916899,-59.93,-2.681229928,220.31,-1.244332255,1.241584434
1.542,-1.25,-2.5,-4.3765325,-55.93,-2.565609054,223.612,-1.16474158,1.173222822
1.543,-1.01,-2.02,-3.479185057,-48.49,-2.332096439,226.443,-1.09743403,1.014478538
1.544,-0.72,-1.44,-2.431066291,-39.2,-2.002413015,229.19,-1.032923215,0.8009215807
1.545,-0.5,-1,-1.66235,-31.39,-1.688030169,231.333,-0.9831314228,0.6223322487
1.546,-0.38,-0.76,-1.252653219,-27.17,-1.502531077,234.47,-0.9110700418,0.5189976129
1.547,-0.36,-0.72,-1.185029453,-26.34,-1.464682731,236.06,-0.8749128047,0.5065103924
1.548,-0.4,-0.8,-1.32046528,-27.75,-1.528709137,237.902,-0.833328249,0.5590365706
1.549,-0.49,-0.98,-1.627949697,-30.9,-1.667074528,238.925,-0.8103720892,0.6571078809
1.55,-0.64,-1.28,-2.148896973,-36.41,-1.894239337,240.79,-0.7687732221,0.8069421098
1.551,-0.81,-1.62,-2.752107905,-42.5,-2.124732562,242.134,-0.7389945465,0.9610231006
1.552,-0.9,-1.8,-3.07696248,-45.52,-2.231566214,242.58,-0.7291491503,1.039263185
1.553,-0.85,-1.7,-2.89601698,-43.86,-2.173432812,243.965,-0.698690426,1.008319191
1.554,-0.7,-1.4,-2.36024152,-39.01,-1.99518704,244.472,-0.6875837696,0.8797775463
1.555,-0.56,-1.12,-1.869740365,-34,-1.797144096,245.604,-0.6628683753,0.7600532057
1.556,-0.47,-0.94,-1.559290311,-30.92,-1.667932812,246.858,-0.6356219502,0.6769061176
1.557,-0.42,-0.84,-1.388465635,-29.28,-1.596711468,248.278,-0.6049353477,0.6306486695
1.558,-0.39,-0.78,-1.286535713,-27.93,-1.536788464,251.365,-0.5388255046,0.6198338091
1.559,-0.34,-0.68,-1.117593981,-26.04,-1.450889816,253.547,-0.4925846838,0.5750494698
1.56,-0.28,-0.56,-0.9164173312,-23.74,-1.343126497,256.02,-0.4406556779,0.5137495733
1.561,-0.23,-0.46,-0.7500646472,-21.91,-1.254788614,258.752,-0.3838680622,0.4577314198
1.562,-0.22,-0.44,-0.7169353312,-21.48,-1.233691807,265.466,-0.2468187269,0.4842487203
1.563,-0.25,-0.5,-0.8164645,-22.51,-1.28400888,270.203,-0.1521945816,0.5684880463
1.564,-0.3,-0.6,-0.98328792,-24.44,-1.376304822,269.157,-0.1729454975,0.6346862786
1.565,-0.36,-0.72,-1.185029453,-26.52,-1.472929657,265.084,-0.2545228089,0.685998299
1.566,-0.42,-0.84,-1.388465635,-28.44,-1.559565008,259.924,-0.3596903071,0.7234397762
1.567,-0.47,-0.94,-1.559290311,-30.39,-1.64510302,253.95,-0.484087883,0.7323393637
1.568,-0.53,-1.06,-1.765833351,-32.44,-1.732430652,241.256,-0.7584293927,0.7089251582
1.569,-0.6,-1.2,-2.00894208,-34.81,-1.830163511,236.24,-0.870834888,0.7437775901
1.57,-0.7,-1.4,-2.36024152,-38.48,-1.974922773,230.451,-1.003568275,0.7924286096
1.571,-0.85,-1.7,-2.89601698,-43.63,-2.165265302,226.356,-1.099489909,0.887054861
1.572,-1,-2,-3.442384,-48.79,-2.342009385,223.062,-1.177916744,0.9779705237
1.573,-1.09,-2.18,-3.775288161,-52.19,-2.451372268,221.951,-1.204629951,1.032627426
1.574,-1.12,-2.24,-3.887103539,-53.1,-2.479737343,220.85,-1.23123496,1.047462288
1.575,-1.1,-2.2,-3.81251288,-52.52,-2.461701721,222.528,-1.190739749,1.043825866
1.576,-1.08,-2.16,-3.738110515,-51.74,-2.437206744,224.986,-1.131968706,1.047331679
1.577,-1.05,-2.1,-3.62686002,-51.01,-2.414029237,226.758,-1.089996931,1.035055061
1.578,-1.02,-2.04,-3.516033187,-50.03,-2.382524325,228.613,-1.046409154,1.025401399
1.579,-0.97,-1.94,-3.332263271,-48.33,-2.326791689,230.439,-1.003846867,1.000487809
1.58,-0.88,-1.76,-3.004443059,-45.4,-2.227411341,232.74,-0.9506905221,0.9453576975
1.581,-0.74,-1.48,-2.502079357,-40.9,-2.066171118,234.725,-0.9052547619,0.8420467
1.582,-0.6,-1.2,-2.00894208,-36.21,-1.886312353,237.447,-0.8435702006,0.735907879
1.583,-0.51,-1.02,-1.696797377,-33.21,-1.764558229,239.745,-0.7920421153,0.6636928531
1.584,-0.49,-0.98,-1.627949697,-32.16,-1.720657414,241.86,-0.7450520602,0.6602358121
1.585,-0.49,-0.98,-1.627949697,-32.16,-1.720657414,242.751,-0.7253791458,0.6655459382
1.586,-0.47,-0.94,-1.559290311,-31.74,-1.702906482,242.82,-0.7238586678,0.642538612
1.587,-0.44,-0.88,-1.456654285,-30.54,-1.651582289,243.656,-0.7054708978,0.617998055
1.588,-0.41,-0.82,-1.354441921,-29.5,-1.606365158,244.215,-0.6932108893,0.5889963596
1.589,-0.41,-0.82,-1.354441921,-29.44,-1.603735414,243.964,-0.6987123554,0.5882617355
1.59,-0.42,-0.84,-1.388465635,-29.88,-1.622966693,242.34,-0.7344448696,0.5889788856
1.591,-0.41,-0.82,-1.354441921,-29.58,-1.609867895,242.884,-0.7224487556,0.5807281445
1.592,-0.38,-0.76,-1.252653219,-28.19,-1.548421217,244.049,-0.6968486755,0.5579076366
1.593,-0.32,-0.64,-1.050346803,-26.14,-1.455494137,246.293,-0.6478808783,0.4993625937
1.594,-0.28,-0.56,-0.9164173312,-24.71,-1.389012656,249.439,-0.5799759379,0.4654254139
1.595,-0.27,-0.54,-0.8830526472,-24.16,-1.363073778,250.679,-0.5534461446,0.460758397
1.596,-0.25,-0.5,-0.8164645,-23.45,-1.329282563,254.386,-0.4749104862,0.4525372162
1.597,-0.22,-0.44,-0.7169353312,-22.31,-1.27429681,257.35,-0.4129348686,0.4249181309
1.598,-0.2,-0.4,-0.65081792,-21.24,-1.221860066,260.492,-0.3480119528,0.4145675011
1.599,-0.19,-0.38,-0.6178298248,-20.78,-1.19906837,265.039,-0.2554310887,0.4247714367
1.6,-0.19,-0.38,-0.6178298248,-20.87,-1.203539452,274.307,-0.07154660164,0.4845397085
1.601,-0.19,-0.38,-0.6178298248,-20.75,-1.197576727,274.643,-0.06499737047,0.4893414382
1.602,-0.15,-0.3,-0.48634818,-19.47,-1.133332914,274.779,-0.0623487688,0.4067538937
1.603,-0.14,-0.28,-0.4535954528,-18.91,-1.104854673,273.583,-0.08568594441,0.3809995611
1.604,-0.17,-0.34,-0.5519948552,-19.88,-1.154039167,271.147,-0.1335360238,0.4287088313
1.605,-0.2,-0.4,-0.65081792,-21.12,-1.215928896,268.983,-0.1764051921,0.4674294235
1.606,-0.24,-0.48,-0.7832410368,-22.31,-1.27429681,266.78,-0.2204026926,0.5240123755
1.607,-0.27,-0.54,-0.8830526472,-23.6,-1.336450457,264.074,-0.2749458453,0.548004638
1.608,-0.33,-0.66,-1.083946855,-25.81,-1.440274464,260.244,-0.3531078175,0.6044148345
1.609,-0.36,-0.72,-1.185029453,-26.67,-1.479785624,254.87,-0.4647411381,0.609417919
1.61,-0.35,-0.7,-1.15128818,-26.45,-1.469725083,243.588,-0.7069641948,0.5289170998
1.611,-0.4,-0.8,-1.32046528,-27.98,-1.53902896,242.583,-0.729082987,0.5821869954
1.612,-0.48,-0.96,-1.593596467,-31.13,-1.676929612,241.324,-0.7569216634,0.6547632894
1.613,-0.58,-1.16,-1.939247075,-34.52,-1.818387019,241.144,-0.7609136382,0.751849952
1.614,-0.58,-1.16,-1.939247075,-34.6,-1.821640736,241.071,-0.7625334551,0.7504320265
1.615,-0.49,-0.98,-1.627949697,-31.45,-1.690585826,241.78,-0.7468219718,0.6679020631
1.616,-0.41,-0.82,-1.354441921,-28.32,-1.554221063,242.431,-0.7324362924,0.5923239516
1.617,-0.35,-0.7,-1.15128818,-26.01,-1.449507215,243.16,-0.7163727618,0.531556777
1.618,-0.34,-0.68,-1.117593981,-25.92,-1.445355796,243.584,-0.7070520488,0.5192296542
1.619,-0.4,-0.8,-1.32046528,-28.08,-1.543505053,244.774,-0.6809789115,0.5936052142
1.62,-0.49,-0.98,-1.627949697,-31.03,-1.672648878,246.676,-0.6395677779,0.7040645142
1.621,-0.54,-1.08,-1.800421949,-32.98,-1.754999765,248.144,-0.6078236162,0.761979064
1.622,-0.56,-1.12,-1.869740365,-33.37,-1.77118854,249.067,-0.5879605976,0.792548608
1.623,-0.53,-1.06,-1.765833351,-32.64,-1.740810488,249.187,-0.5853835986,0.7591083485
1.624,-0.49,-0.98,-1.627949697,-31.01,-1.671791978,248.529,-0.599529425,0.7167412304
1.625,-0.45,-0.9,-1.49081922,-29.55,-1.608554849,248.195,-0.606724166,0.6729713096
1.626,-0.49,-0.98,-1.627949697,-30.99,-1.670934826,248.015,-0.6106055873,0.7135309493
1.627,-0.7,-1.4,-2.36024152,-38.21,-1.964538269,248.421,-0.6018548099,0.9196726487
1.628,-0.94,-1.88,-3.222566205,-46.74,-2.273393291,249.354,-0.5817993396,1.128668577
1.629,-0.94,-1.88,-3.222566205,-46.73,-2.27305349,250.533,-0.5565629894,1.138870313
1.63,-0.7,-1.4,-2.36024152,-38.78,-1.986412608,252.241,-0.5202133168,0.9416010168
1.631,-0.53,-1.06,-1.765833351,-32.79,-1.747079211,253.254,-0.4987707417,0.7862650614
1.632,-0.62,-1.24,-2.078825379,-36.12,-1.882737567,254.126,-0.4803813507,0.8796956273
1.633,-0.87,-1.74,-2.968253959,-44.96,-2.212113787,254.201,-0.4788026425,1.103064341
1.634,-1.03,-2.06,-3.552928391,-50.7,-2.404112018,254.226,-0.47827651,1.232633407
1.635,-1.13,-2.26,-3.924469479,-53.91,-2.504673445,253.274,-0.4983482576,1.306840199
1.636,-1.22,-2.44,-4.262881251,-57.33,-2.606821773,252.793,-0.508518258,1.368351836
1.637,-1.15,-2.3,-3.99934258,-54.97,-2.536869595,251.091,-0.544660444,1.297843127
1.638,-0.76,-1.52,-2.573280717,-42.68,-2.13123449,249.034,-0.5886694899,0.9460924854
1.639,-0.26,-0.52,-0.8497350368,-25.41,-1.421728351,245.485,-0.6654611844,0.4071192493
1.64,-0.03,-0.06,-0.0964223112,-15.84,-0.9446394691,242.422,-0.7326349093,0.05748750022
1.641,-0.19,-0.38,-0.6178298248,-21.63,-1.241065966,238.525,-0.8193363807,0.2998588241
1.642,-0.55,-1.1,-1.83505762,-34.87,-1.832593747,235.111,-0.8964640329,0.6724143526
1.643,-0.91,-1.82,-3.113292801,-47.51,-2.299408598,231.404,-0.9814896695,0.9489147628
1.644,-1.15,-2.3,-3.99934258,-56.14,-2.571843432,227.707,-1.067653484,1.098872364
1.645,-1.28,-2.56,-4.490607411,-60.61,-2.700248033,225.957,-1.108928729,1.178891842
1.646,-1.31,-2.62,-4.605105985,-61.71,-2.730635884,223.996,-1.155562117,1.184990055
1.647,-1.3,-2.6,-4.56689272,-61.59,-2.727343206,223.183,-1.175015423,1.170290369
1.648,-1.31,-2.62,-4.605105985,-61.77,-2.732280187,222.238,-1.197716452,1.171783696
1.649,-1.32,-2.64,-4.643366323,-62.13,-2.742117605,221.007,-1.227433051,1.169746081
1.65,-1.32,-2.64,-4.643366323,-62.25,-2.745385969,219.171,-1.272063437,1.155799577
1.651,-1.31,-2.62,-4.605105985,-61.95,-2.737204971,218.6,-1.286019828,1.144630543
1.652,-1.29,-2.58,-4.528726529,-61.25,-2.717984351,217.239,-1.319432963,1.121688985
1.653,-1.26,-2.52,-4.414510397,-60.3,-2.691600304,217.784,-1.306027918,1.104282377
1.654,-1.23,-2.46,-4.300717927,-59.33,-2.664298981,218.197,-1.295891922,1.085987527
1.655,-1.2,-2.4,-4.18734912,-58.39,-2.637486208,221.552,-1.21425627,1.087131122
1.656,-1.17,-2.34,-4.074403975,-57.45,-2.610316321,224.903,-1.133942748,1.088173628
1.657,-1.14,-2.28,-3.961882493,-56.51,-2.582782512,224.716,-1.138392961,1.064685748
1.658,-1.1,-2.2,-3.81251288,-55.5,-2.552784956,224.342,-1.147304507,1.030383973
1.659,-1.07,-2.14,-3.700979943,-54.57,-2.52477768,226.592,-1.093914876,1.022739535
1.66,-1.05,-2.1,-3.62686002,-53.95,-2.505897326,228.753,-1.043133878,1.021929595
1.661,-1.05,-2.1,-3.62686002,-53.71,-2.498543445,229.505,-1.025575194,1.029153781
1.662,-1.05,-2.1,-3.62686002,-53.79,-2.500997565,229.644,-1.02233594,1.029383115
1.663,-1.05,-2.1,-3.62686002,-53.96,-2.506203187,230.146,-1.010653646,1.031278836
1.664,-1.06,-2.12,-3.663896445,-54.07,-2.509564744,231.431,-0.980865473,1.049697664
1.665,-1.06,-2.12,-3.663896445,-54.14,-2.511701147,232.539,-0.9553129103,1.056787306
1.666,-1.06,-2.12,-3.663896445,-54.19,-2.513225832,233.705,-0.9285539042,1.064535422
1.667,-1.06,-2.12,-3.663896445,-54.25,-2.515054007,233.758,-0.9273407601,1.064345228
1.668,-1.09,-2.18,-3.775288161,-55.26,-2.545592962,234.554,-0.9091537219,1.092782918
1.669,-1.15,-2.3,-3.99934258,-57.36,-2.607695966,235.648,-0.8842584192,1.145302068
1.67,-1.17,-2.34,-4.074403975,-58.26,-2.633750103,237.816,-0.8352625882,1.174514001
1.671,-1.13,-2.26,-3.924469479,-56.79,-2.591022532,240.541,-0.7743084987,1.166146642
1.672,-0.97,-1.94,-3.332263271,-51.89,-2.441938868,242.791,-0.7244976566,1.052370147
1.673,-0.72,-1.44,-2.431066291,-44.11,-2.182279147,244.998,-0.6760852055,0.8505095892
1.674,-0.49,-0.98,-1.627949697,-36.4,-1.893843543,246.249,-0.6488367359,0.6402494683
1.675,-0.32,-0.64,-1.050346803,-30.2,-1.636875475,247.834,-0.6145114137,0.4665332327
1.676,-0.22,-0.44,-0.7169353312,-26.47,-1.470641008,248.635,-0.5972480852,0.3466991211
1.677,-0.17,-0.34,-0.5519948552,-24.68,-1.387603126,248.953,-0.5904098968,0.2790653291
1.678,-0.12,-0.24,-0.3882312192,-22.91,-1.303349294,249.075,-0.587788759,0.2052897294
1.679,-0.09,-0.18,-0.2905379208,-21.48,-1.233691807,249.38,-0.5812415273,0.1600818693
1.68,-0.07,-0.14,-0.2256444232,-20.7,-1.19508923,249.99,-0.568171052,0.1279700028
1.681,-0.06,-0.12,-0.1932682848,-20.38,-1.179126991,250.098,-0.5658602586,0.1107562733
1.682,-0.06,-0.12,-0.1932682848,-20.14,-1.167107229,250.155,-0.5646410755,0.1116029877
1.683,-0.05,-0.1,-0.16093922,-19.82,-1.151016555,249.989,-0.5681924529,0.09361236432
1.684,-0.04,-0.08,-0.1286572288,-19.49,-1.134345791,249.918,-0.5697121355,0.07550050196
1.685,-0.03,-0.06,-0.0964223112,-19.15,-1.117087496,248.96,-0.5902594689,0.05647493636
1.686,-0.02,-0.04,-0.0642344672,-18.85,-1.101789922,248.251,-0.6055171868,0.03762326465
1.687,-0.02,-0.04,-0.0642344672,-18.79,-1.098722549,247.513,-0.6214453418,0.03734197548
1.688,-0.02,-0.04,-0.0642344672,-18.47,-1.082318874,247.433,-0.6231748234,0.03766326858
1.689,0.04,0.08,0.1279040512,-16.2,-0.963789633,247.069,-0.6310510316,-0.0801986393
1.69,0.16,0.32,0.5070971392,-10.6,-0.6546554013,246.85,-0.6357953321,-0.3929612546
1.691,0.23,0.46,0.7251627128,-7.13,-0.45066962,244.901,-0.6782038055,-0.642377344
1.692,0.15,0.3,0.47575662,-10.17,-0.6299047856,243.391,-0.7112927185,-0.35472525
1.693,-0.06,-0.12,-0.1932682848,-18.26,-1.071513278,240.383,-0.7778238152,0.1045067908
1.694,-0.34,-0.68,-1.117593981,-28.77,-1.57421266,237.19,-0.8493638919,0.4611341779
1.695,-0.57,-1.14,-1.904470183,-37.19,-1.924931849,234.535,-0.9095871152,0.6718847915
1.696,-0.73,-1.46,-2.466549287,-42.93,-2.140236312,232.085,-0.9657682495,0.7941228799
1.697,-0.85,-1.7,-2.89601698,-47.36,-2.294363738,229.94,-1.01544449,0.8749802951
1.698,-0.91,-1.82,-3.113292801,-49.66,-2.370511976,226.947,-1.08553963,0.900823586
1.699,-0.94,-1.88,-3.222566205,-50.65,-2.402508268,222.69,-1.186846375,0.8978121489
1.7,-0.93,-1.86,-3.186094663,-50.44,-2.395759741,221.663,-1.211576532,0.8832264092
1.701,-0.89,-1.78,-3.040679233,-49.01,-2.349251248,221.532,-1.214739248,0.8531670429
1.702,-0.83,-1.66,-2.823968295,-47.28,-2.291668598,218.593,-1.286191148,0.7892898256
1.703,-0.8,-1.6,-2.71624832,-46.13,-2.252573643,220.247,-1.245862364,0.7764178949
1.704,-0.78,-1.56,-2.644670371,-45.61,-2.234677552,222.65,-1.187807438,0.7727339576
1.705,-0.77,-1.54,-2.608952007,-45.43,-2.228450748,224.677,-1.139321547,0.774681831
1.706,-0.77,-1.54,-2.608952007,-45.3,-2.22394333,226.198,-1.103225596,0.7841357218
1.707,-0.77,-1.54,-2.608952007,-45.23,-2.221512679,228.608,-1.046526165,0.7983234384
1.708,-0.76,-1.52,-2.573280717,-44.99,-2.213159957,231.813,-0.9720420432,0.8078861927
1.709,-0.73,-1.46,-2.466549287,-44.09,-2.181572641,234.017,-0.92141633,0.7948946357
1.71,-0.68,-1.36,-2.289605043,-42.33,-2.118575954,237.206,-0.849003012,0.7715397197
1.711,-0.61,-1.22,-2.043860193,-39.85,-2.02698052,241.522,-0.7525339288,0.73532994
1.712,-0.52,-1.04,-1.731291827,-37.12,-1.922191812,244.274,-0.6919185367,0.6622872015
1.713,-0.45,-0.9,-1.49081922,-34.45,-1.815536867,246.505,-0.6432777749,0.6063162284
1.714,-0.37,-0.74,-1.218817799,-31.72,-1.702058465,250.999,-0.5466210487,0.5420148988
1.715,-0.29,-0.58,-0.9498290888,-28.92,-1.580847375,253.561,-0.4922892832,0.4581603846
1.716,-0.22,-0.44,-0.7169353312,-26,-1.449046214,261.385,-0.3297028315,0.4030559189
1.717,-0.13,-0.26,-0.4208897992,-22.82,-1.299007415,265.529,-0.2455492234,0.2724987797
1.718,-0.05,-0.1,-0.16093922,-19.42,-1.130799456,265.619,-0.2437361694,0.1170862487
1.719,0.01,0.02,0.0320466232,-16.87,-0.9991717239,264.021,-0.2760197052,-0.02513083328
1.72,0.02,0.04,0.0640461728,-16.58,-0.9838982539,261.915,-0.3188658318,-0.04916175807
1.721,-0.03,-0.06,-0.0964223112,-18.65,-1.09155514,258.824,-0.3823795852,0.06541830488
1.722,-0.12,-0.24,-0.3882312192,-22.24,-1.270890974,251.712,-0.5314451223,0.215404452
1.723,-0.23,-0.46,-0.7500646472,-26.38,-1.466517247,244.668,-0.6832962443,0.3488975441
1.724,-0.33,-0.66,-1.083946855,-30.59,-1.653738882,244.036,-0.6971336669,0.4610827822
1.725,-0.37,-0.74,-1.218817799,-32.07,-1.716862858,243.957,-0.6988658639,0.504534217
1.726,-0.25,-0.5,-0.8164645,-27.66,-1.524661514,244.273,-0.6919404384,0.368340603
1.727,0,0,0,-17.95,-1.055503049,244.632,-0.6840834914,-0
1.728,0.11,0.22,0.3499238072,-12.63,-0.7695249792,245.012,-0.6757794974,-0.242110789
1.729,-0.02,-0.04,-0.0642344672,-17.91,-1.053432069,245.969,-0.6549234705,0.03760017497
1.73,-0.24,-0.48,-0.7832410368,-26.86,-1.4884484,247.218,-0.6278255774,0.370103798
1.731,-0.36,-0.72,-1.185029453,-31.29,-1.683765736,248.986,-0.5897007738,0.5212434174
1.732,-0.27,-0.54,-0.8830526472,-28.21,-1.549314217,251.519,-0.5355488045,0.4235542757
1.733,-0.12,-0.24,-0.3882312192,-22.27,-1.272351038,254.173,-0.4793919724,0.2216256705
1.734,-0.03,-0.06,-0.0964223112,-18.51,-1.084373424,259.493,-0.3685689172,0.06636348083
1.735,0.03,0.06,0.0959986488,-16.28,-0.9680320117,268.563,-0.1847654086,-0.08327451737
1.736,0.04,0.08,0.1279040512,-15.66,-0.9350278181,268.723,-0.1815790236,-0.1145470782
1.737,0.02,0.04,0.0640461728,-16.3,-0.9690918569,266.242,-0.2312026258,-0.05335871632
1.738,0,0,0,-17.04,-1.008096015,263.014,-0.2964641028,-0
1.739,-0.02,-0.04,-0.0642344672,-17.9,-1.05291414,260.089,-0.3562951995,0.04558191987
1.74,-0.07,-0.14,-0.2256444232,-19.99,-1.159573893,256.671,-0.4270691243,0.1422149915
1.741,-0.17,-0.34,-0.5519948552,-23.73,-1.342650085,252.048,-0.5243083895,0.2956653096
1.742,-0.31,-0.62,-1.016793825,-29.12,-1.589671068,242.202,-0.7374922836,0.436924131
1.743,-0.44,-0.88,-1.456654285,-34.09,-1.800832412,233.317,-0.9374434232,0.5319603912
1.744,-0.49,-0.98,-1.627949697,-36.04,-1.879555991,229.837,-1.017841521,0.5618661885
1.745,-0.43,-0.86,-1.422536423,-33.84,-1.790575003,228.5,-1.049054233,0.5009585072
1.746,-0.36,-0.72,-1.185029453,-31.31,-1.684619123,227.246,-1.078495707,0.4288744861
1.747,-0.44,-0.88,-1.456654285,-34.41,-1.813906888,229.229,-1.032012912,0.5118395411
1.748,-0.64,-1.28,-2.148896973,-41.99,-2.106216243,231.843,-0.9713497196,0.6982456262
1.749,-0.79,-1.58,-2.680435809,-47.84,-2.310468255,234.344,-0.9139458092,0.8312939205
1.75,-0.76,-1.52,-2.573280717,-46.98,-2.281533561,237.149,-0.8502887579,0.8216560376
1.751,-0.57,-1.14,-1.904470183,-40.79,-2.062093908,239.922,-0.788093751,0.6681911549
1.752,-0.37,-0.74,-1.218817799,-33.94,-1.7946825,243.172,-0.7161087447,0.4854317545
1.753,-0.24,-0.48,-0.7832410368,-29.34,-1.599347375,246.236,-0.649119181,0.348344535
1.754,-0.21,-0.42,-0.6838530888,-28.09,-1.543952303,249.613,-0.5762452644,0.3225421533
1.755,-0.25,-0.5,-0.8164645,-29.83,-1.620787553,252.474,-0.5152736971,0.382228974
1.756,-0.32,-0.64,-1.050346803,-32.75,-1.745408904,256.423,-0.4322408866,0.48233045
1.757,-0.35,-0.7,-1.15128818,-33.88,-1.792218728,261.564,-0.3260403327,0.5435067888
1.758,-0.26,-0.52,-0.8497350368,-30.84,-1.664498164,270.655,-0.1432524912,0.4700510186
1.759,-0.06,-0.12,-0.1932682848,-23.05,-1.310092142,271.461,-0.1273440761,0.1344534682
1.76,0.19,0.38,0.6008362552,-12.33,-0.752753048,272.155,-0.1136840587,-0.6934562827
1.761,0.37,0.74,1.154374041,-3.42,-0.2215873049,272.437,-0.1081433965,-3.500960135
1.762,0.41,0.82,1.275311199,-1.32,-0.08673051104,272.369,-0.1094789178,-6.49974472
1.763,0.35,0.7,1.09362302,-4.3,-0.2769736057,272.248,-0.1118561848,-2.812600903
1.764,0.27,0.54,0.8487359928,-7.82,-0.4920113549,272.019,-0.1163582034,-1.395099379
1.765,0.21,0.42,0.6630936312,-10.87,-0.6701212323,271.659,-0.1234432805,-0.8355888154
1.766,0.12,0.24,0.3814526208,-15.18,-0.9092771192,271.443,-0.1276988349,-0.3678509798
1.767,-1.33226763e-14,-2.664535259e-14,-4.272276977e-14,-20.58,-1.189111962,270.893,-0.1385500453,3.217895031e-14
1.768,-0.06,-0.12,-0.1932682848,-23.6,-1.336450457,270.49,-0.146515018,0.1303255457
1.769,0.02,0.04,0.0640461728,-20.47,-1.183623767,269.94,-0.1574044986,-0.04775900288
1.77,0.22,0.44,0.6941517088,-11.64,-0.7139102482,269.251,-0.1710773975,-0.7843631628
1.771,0.42,0.84,1.305427805,-1.2,-0.07890898373,267.888,-0.1982289007,-4.710391029
1.772,0.52,1.04,1.604004813,1.91,0.1282244698,266.624,-0.2235320281,-16.82977554
1.773,0.5,1,1.544666,1.47,0.09839736986,264.975,-0.25672313,-9.756251911
1.774,0.43,0.86,1.335497337,-0.23,-0.01522226044,261.063,-0.3362975556,-3.79920925
1.775,0.36,0.72,1.124022067,-3.18,-0.2063673069,252.83,-0.5077352635,-1.574034479
1.776,0.26,0.52,0.8179132832,-7.42,-0.468092788,252.486,-0.5150194195,-0.8319633069
1.777,0.09,0.18,0.2867249592,-13.77,-0.8326205898,251.573,-0.5344003068,-0.2097443864
1.778,-0.12,-0.24,-0.3882312192,-21.81,-1.249894007,250.814,-0.5505657454,0.2156289352
1.779,-0.32,-0.64,-1.050346803,-29.38,-1.601103361,249.186,-0.5854050685,0.4803762881
1.78,-0.44,-0.88,-1.456654285,-33.79,-1.788518985,247.296,-0.6261378598,0.6032551946
1.781,-0.51,-1.02,-1.696797377,-36.37,-1.892655812,244.944,-0.6772645287,0.6602529074
1.782,-0.62,-1.24,-2.078825379,-40.74,-2.060238437,242.567,-0.7294358676,0.7451856928
1.783,-0.77,-1.54,-2.608952007,-46.16,-2.253601936,239.981,-0.7867782768,0.8581005746
1.784,-0.84,-1.68,-2.859969101,-48.86,-2.344316145,237.174,-0.8497247962,0.8954077775
1.785,-0.79,-1.58,-2.680435809,-47.06,-2.284240608,235.441,-0.8889600789,0.8447104591
1.786,-0.66,-1.32,-2.219156861,-42.94,-2.140595694,233.299,-0.9378561823,0.7208678096
1.787,-0.58,-1.16,-1.939247075,-40.19,-2.039737475,231.427,-0.980957942,0.6419869623
1.788,-0.56,-1.12,-1.869740365,-39.58,-2.016804215,228.992,-1.037547142,0.6121562802
1.789,-0.56,-1.12,-1.869740365,-39.67,-2.020200831,227.901,-1.063097374,0.6064091893
1.79,-0.58,-1.16,-1.939247075,-40.29,-2.043477333,225.804,-1.112552548,0.6144577675
1.791,-0.62,-1.24,-2.078825379,-41.74,-2.097088518,222.54,-1.190451253,0.6323346709
1.792,-0.66,-1.32,-2.219156861,-43.48,-2.159923705,217.971,-1.301436117,0.6411228462
1.793,-0.69,-1.38,-2.324899745,-44.57,-2.198471384,219.492,-1.264233506,0.6714114597
1.794,-0.69,-1.38,-2.324899745,-44.66,-2.201626598,220.06,-1.250406693,0.6734870577
1.795,-0.68,-1.36,-2.289605043,-44.06,-2.18051249,222.615,-1.18864851,0.6795772131
1.796,-0.64,-1.28,-2.148896973,-42.89,-2.138798253,226.092,-1.105733279,0.6623134807
1.797,-0.6,-1.2,-2.00894208,-41.49,-2.087927002,231.009,-0.9906297695,0.6525596989
1.798,-0.56,-1.12,-1.869740365,-40.29,-2.043477333,234.765,-0.9043431344,0.634278914
1.799,-0.54,-1.08,-1.800421949,-39.6,-2.017559409,235.197,-0.8945074427,0.6182625745
1.8,-0.49,-0.98,-1.627949697,-37.94,-1.954112242,236.509,-0.8647464556,0.577520859
1.801,-0.34,-0.68,-1.117593981,-32.62,-1.739973613,239.811,-0.7905695032,0.4416419439
1.802,-0.1,-0.2,-0.32305528,-23.71,-1.341697053,241.934,-0.7434154132,0.1549342231
1.803,0.11,0.22,0.3499238072,-15.18,-0.9092771192,244.793,-0.6805636465,-0.2200999086
1.804,0.16,0.32,0.5070971392,-12.72,-0.7745428726,247.332,-0.6253590927,-0.3622376079
1.805,0.09,0.18,0.2867249592,-15.55,-0.9291420015,249.372,-0.5814131556,-0.189814293
1.806,0.04,0.08,0.1279040512,-17.98,-1.057055512,253.44,-0.4948429271,-0.08241779743
1.807,0.03,0.06,0.0959986488,-18.39,-1.078206264,262.584,-0.3052179432,-0.06939205509
1.808,0.06,0.12,0.1915736352,-16.98,-1.004948719,263.697,-0.2825891237,-0.1487906831
1.809,0.11,0.22,0.3499238072,-14.72,-0.8844354223,262.277,-0.3114765534,-0.2925999692
1.81,0.14,0.28,0.4443690272,-13.25,-0.8039649764,261.341,-0.3306034945,-0.3916634726
1.811,0.13,0.26,0.4129343608,-13.73,-0.8304237177,259.145,-0.3757484925,-0.3423510816
1.812,0.06,0.12,0.1915736352,-16.79,-0.9949646151,257.454,-0.4107732692,-0.1362797697
1.813,0.01,0.02,0.0320466232,-18.68,-1.093092217,254.873,-0.4646781652,-0.02057210971
1.814,0,0,0,-19.32,-1.125727111,250.62,-0.5547054729,-0
1.815,-0.12,-0.24,-0.3882312192,-23.86,-1.348838081,239.693,-0.7932026408,0.1812436222
1.816,-0.36,-0.72,-1.185029453,-33.69,-1.784402404,238.343,-0.8234201106,0.4544133836
1.817,-0.6,-1.2,-2.00894208,-43.3,-2.153498153,238.35,-0.8232629864,0.6748751364
1.818,-0.63,-1.26,-2.113837639,-44.27,-2.187923698,238.673,-0.816017842,0.7036880083
1.819,-0.4,-0.8,-1.32046528,-36.68,-1.904903701,239.898,-0.7886289517,0.4902354826
1.82,-0.1,-0.2,-0.32305528,-26.1,-1.453653211,241.272,-0.7580745947,0.1460646645
1.821,0.1,0.2,0.31834792,-18.11,-1.063775206,242.151,-0.7386189412,-0.1766250299
1.822,0.17,0.34,0.5383905848,-14.98,-0.8984961455,242.13,-0.739082928,-0.3287722673
1.823,0.19,0.38,0.6008362552,-13.79,-0.8337185639,243.014,-0.7195860148,-0.3868116166
1.824,0.27,0.54,0.8487359928,-10.41,-0.6437372678,244.145,-0.6947445939,-0.6341034698
1.825,0.45,0.9,1.39549518,-0.88,-0.05799008367,245.699,-0.6607993873,-1.941451894
1.826,0.65,1.3,1.98511742,4.72,0.3228432436,247.451,-0.6227856413,-6.618328837
1.827,0.71,1.42,2.158332351,6.29,0.4347370739,250.13,-0.5651757708,-16.54671813
1.828,0.59,1.18,1.810207839,3.32,0.2249820134,260.271,-0.3525527903,-14.18983159
1.829,0.4,0.8,1.24514752,-2.97,-0.1930093327,259.13,-0.3760581737,-2.18804888
1.83,0.27,0.54,0.8487359928,-8.91,-0.5565261699,258.323,-0.3927454999,-0.8940917757
1.831,0.23,0.46,0.7251627128,-10.91,-0.6724075418,256.835,-0.423651832,-0.6616089695
1.832,0.17,0.34,0.5383905848,-13.53,-0.8194208608,253.424,-0.4951806903,-0.4095465918
1.833,0.07,0.14,0.2233378168,-18.2,-1.06842003,253.757,-0.4881553867,-0.1434802416
1.834,-0.08,-0.16,-0.2580676352,-24.65,-1.386192984,254.243,-0.4779187694,0.1384400022
1.835,-0.18,-0.36,-0.5848888032,-28.97,-1.583055717,253.934,-0.4844249678,0.2828992829
1.836,-0.19,-0.38,-0.6178298248,-29.69,-1.614677467,252.814,-0.5080738416,0.2910514398
1.837,-0.17,-0.34,-0.5519948552,-28.66,-1.569337952,250.037,-0.5671653063,0.2583636852
1.838,-0.1,-0.2,-0.32305528,-26.27,-1.461469761,241.208,-0.7594939281,0.1454572543
1.839,-0.05,-0.1,-0.16093922,-24.19,-1.364493954,241.388,-0.7555030121,0.07591483505
1.84,0,0,0,-22.31,-1.27429681,241.798,-0.7464236906,-0
1.841,0.06,0.12,0.1915736352,-19.85,-1.152528185,241.916,-0.7438134705,-0.1010227427
1.842,0.08,0.16,0.2550549248,-18.85,-1.101789922,242.13,-0.739082928,-0.1385510818
1.843,0.08,0.16,0.2550549248,-18.88,-1.103322625,242.324,-0.7347981041,-0.138758527
1.844,0.08,0.16,0.2550549248,-18.75,-1.096676176,242.372,-0.7337384708,-0.1393427031
1.845,0.1,0.2,0.31834792,-18.09,-1.062742215,243.247,-0.7144589324,-0.1791288063
1.846,0.15,0.3,0.47575662,-16.03,-0.9547586358,244.623,-0.6842803213,-0.2902655962
1.847,0.25,0.5,0.7870435,-11.56,-0.7093825356,246.571,-0.6418455414,-0.5824653243
1.848,0.38,0.76,1.184678941,-4.63,-0.297573958,249.97,-0.5685990862,-1.367716242
1.849,0.52,1.04,1.604004813,1.36,0.09096769082,257.104,-0.4180513614,-4.903958702
1.85,0.56,1.12,1.722117555,2.4,0.1616457535,264.052,-0.2753915723,-15.1400515
1.851,0.5,1,1.544666,0.94,0.06269922562,264.36,-0.2691547715,-7.481833405
1.852,0.42,0.84,1.305427805,-1.66,-0.1088233646,265.044,-0.2553301611,-3.584828136
1.853,0.37,0.74,1.154374041,-3.82,-0.2468446163,262.955,-0.2976643637,-2.120027554
1.854,0.36,0.72,1.124022067,-4.22,-0.2719656925,260.59,-0.3459996016,-1.818908081
1.855,0.3,0.6,0.94092168,-6.6,-0.4186480073,257.842,-0.4027165391,-1.14555916
1.856,0.08,0.16,0.2550549248,-15.19,-0.9098153711,254.49,-0.4727237059,-0.184482977
1.857,-0.18,-0.36,-0.5848888032,-24.91,-1.398393886,249.522,-0.5781960393,0.295908016
1.858,-0.38,-0.76,-1.252653219,-32.03,-1.715174777,240.106,-0.7839923234,0.5012282767
1.859,-0.52,-1.04,-1.731291827,-37.25,-1.927278198,230.075,-1.012304375,0.5889583928
1.86,-0.65,-1.3,-2.18400338,-41.67,-2.094526705,226.732,-1.090610396,0.6856858311
1.861,-0.8,-1.6,-2.71624832,-47.15,-2.287282234,224.986,-1.131968706,0.794398647
1.862,-0.91,-1.82,-3.113292801,-51.13,-2.417856159,222.976,-1.179979797,0.865323722
1.863,-0.93,-1.86,-3.186094663,-51.93,-2.443199029,224.054,-1.154177004,0.8856718436
1.864,-0.98,-1.96,-3.368923107,-53.81,-2.501610653,225.493,-1.119926186,0.9302468142
1.865,-1.12,-2.24,-3.887103539,-58.57,-2.642648004,227.576,-1.070732229,1.046783064
1.866,-1.23,-2.46,-4.300717927,-62.7,-2.757594673,229.901,-1.016351977,1.139581008
1.867,-1.21,-2.42,-4.225091649,-61.93,-2.736658373,230.875,-0.9937340122,1.132613198
1.868,-1.02,-2.04,-3.516033187,-56.22,-2.574213526,232.543,-0.9552208835,0.9962030114
1.869,-0.76,-1.52,-2.573280717,-47.99,-2.315477691,233.765,-0.927180554,0.7935713609
1.87,-0.54,-1.08,-1.800421949,-41.03,-2.0709811,235.992,-0.8764541604,0.6108435944
1.871,-0.43,-0.86,-1.422536423,-37.26,-1.927669054,237.449,-0.8435251381,0.5133297505
1.872,-0.41,-0.82,-1.354441921,-36.45,-1.895821927,239.393,-0.7999029001,0.5024407192
1.873,-0.45,-0.9,-1.49081922,-38.29,-1.96761948,239.816,-0.7904579581,0.5405284128
1.874,-0.52,-1.04,-1.731291827,-41.09,-2.073197976,240.532,-0.7745086762,0.607960032
1.875,-0.55,-1.1,-1.83505762,-42.1,-2.11022177,240.552,-0.7740638475,0.6362260411
1.876,-0.43,-0.86,-1.422536423,-38.3,-1.968004376,240.059,-0.7850396717,0.5167140078
1.877,-0.17,-0.34,-0.5519948552,-29.03,-1.585703598,238.565,-0.8184392754,0.2296015188
1.878,0.14,0.28,0.4443690272,-16.69,-0.9896990223,238.584,-0.818013203,-0.2458184555
1.879,0.37,0.74,1.154374041,-5.85,-0.3729363483,239.185,-0.804553344,-0.9803687016
1.88,0.44,0.88,1.365519795,-2.27,-0.1482089132,239.765,-0.7915958264,-1.452982452
1.881,0.36,0.72,1.124022067,-5.46,-0.3489809216,240.121,-0.7836581064,-0.9923921385
1.882,0.23,0.46,0.7251627128,-11.32,-0.6957691206,240.149,-0.7830342906,-0.490371274
1.883,0.13,0.26,0.4129343608,-16.13,-0.9600736144,240.685,-0.7711066766,-0.2385276467
1.884,0.1,0.2,0.31834792,-17.18,-1.015429303,242.5,-0.7309138077,-0.182294028
1.885,0.12,0.24,0.3814526208,-16.16,-0.961666644,243.261,-0.7141510238,-0.2276217921
1.886,0.13,0.26,0.4129343608,-15.76,-0.9403706388,243.812,-0.7020466729,-0.2514186607
1.887,0.11,0.22,0.3499238072,-16.66,-0.9881178902,244.58,-0.6852208306,-0.2091171398
1.888,0.1,0.2,0.31834792,-17.19,-1.015952553,245.311,-0.669254614,-0.1889072906
1.889,0.15,0.3,0.47575662,-15.12,-0.9060460152,245.534,-0.664393405,-0.3029449044
1.89,0.23,0.46,0.7251627128,-11.53,-0.7076833433,245.639,-0.6621060235,-0.5293972419
1.891,0.28,0.56,0.8795116288,-8.94,-0.5582881546,245.512,-0.6648727898,-0.7190481619
1.892,0.3,0.6,0.94092168,-8.12,-0.5098642897,245.184,-0.6720250807,-0.7961165432
1.893,0.28,0.56,0.8795116288,-8.71,-0.5447609703,244.514,-0.6866647249,-0.7142222484
1.894,0.25,0.5,0.7870435,-9.91,-0.6148676309,243.627,-0.7061076941,-0.595804846
1.895,0.22,0.44,0.6941517088,-11.35,-0.6974732837,242.315,-0.7349968087,-0.4845837358
1.896,0.14,0.28,0.4443690272,-14.54,-0.8746709042,240.482,-0.77562091,-0.2692669402
1.897,-0.03,-0.06,-0.0964223112,-21.01,-1.210483013,239.221,-0.8037481701,0.04787052848
1.898,-0.24,-0.48,-0.7832410368,-29.52,-1.607241227,237.336,-0.8460717645,0.3192585045
1.899,-0.44,-0.88,-1.456654285,-37.29,-1.928841275,235.995,-0.87638615,0.5192642392
1.9,-0.57,-1.14,-1.904470183,-42.07,-2.10913,234.577,-0.908629135,0.6310875382
1.901,-0.62,-1.24,-2.078825379,-44.19,-2.185103088,234.546,-0.909336199,0.6717938813
1.902,-0.65,-1.3,-2.18400338,-45.26,-2.222554694,233.665,-0.9294696669,0.6928891183
1.903,-0.65,-1.3,-2.18400338,-45.04,-2.214902545,233.572,-0.9315994212,0.6941052011
1.904,-0.59,-1.18,-1.974071041,-43.12,-2.147055498,232.135,-0.9646157787,0.6344086071
1.905,-0.5,-1,-1.66235,-40.4,-2.047584795,231.205,-0.9860924769,0.5479653407
1.906,-0.46,-0.92,-1.525031229,-38.79,-1.986794726,231.224,-0.9856528419,0.5130557206
1.907,-0.44,-0.88,-1.456654285,-38.31,-1.968389214,231.046,-0.989772945,0.492418673
1.908,-0.39,-0.78,-1.286535713,-36.47,-1.896612871,231.744,-0.9736347276,0.4482316137
1.909,-0.26,-0.52,-0.8497350368,-31.94,-1.711372967,231.816,-0.9719728068,0.3166699742
1.91,-0.12,-0.24,-0.3882312192,-26.98,-1.493907299,230.678,-0.9983009853,0.1557779988
1.911,-0.08,-0.16,-0.2580676352,-25.45,-1.42358781,231.792,-0.972526723,0.1077025458
1.912,-0.15,-0.3,-0.48634818,-28.33,-1.55466675,233.006,-0.9445794652,0.194597946
1.913,-0.25,-0.5,-0.8164645,-32.58,-1.738299124,234.68,-0.9062805285,0.3087312947
1.914,-0.31,-0.62,-1.016793825,-34.85,-1.831783907,236.579,-0.8631632406,0.3772963881
1.915,-0.29,-0.58,-0.9498290888,-34.24,-1.806968749,237.536,-0.8415652867,0.3586244601
1.916,-0.22,-0.44,-0.7169353312,-31.64,-1.698663905,238.139,-0.8280011863,0.2837476695
1.917,-0.1,-0.2,-0.32305528,-27.51,-1.517903665,237.59,-0.8403491883,0.1369892459
1.918,0.01,0.02,0.0320466232,-22.96,-1.305759017,239.809,-0.7906141218,-0.01528669806
1.919,0.1,0.2,0.31834792,-19.49,-1.134345791,243.407,-0.7109410325,-0.1725194783
1.92,0.15,0.3,0.47575662,-17.4,-1.02692367,245.762,-0.6594277627,-0.2821218702
1.921,0.18,0.36,0.5696369568,-15.85,-0.945172734,246.993,-0.6326969789,-0.3610164719
1.922,0.24,0.48,0.7561266432,-13.4,-0.8122524512,252.317,-0.5186016091,-0.5681514343
1.923,0.34,0.68,1.063176899,-8.51,-0.5329633153,261.39,-0.329600493,-1.232577682
1.924,0.46,0.92,1.425423491,-2.02,-0.1321062886,261.587,-0.325569914,-3.114480244
1.925,0.54,1.08,1.663155331,1.01,0.06739971161,261.11,-0.3353344648,-6.207314696
1.926,0.54,1.08,1.663155331,1.19,0.07950673123,261.387,-0.3296618958,-6.648494881
1.927,0.52,1.04,1.604004813,0.49,0.03258588131,262.259,-0.311843735,-5.743812722
1.928,0.51,1.02,1.574358943,0.25,0.01659890551,263.381,-0.2890041143,-5.779474446
1.929,0.54,1.08,1.663155331,1.07,0.07143217463,263.967,-0.2771140482,-8.086056891
1.93,0.59,1.18,1.810207839,2.34,0.1575417291,263.825,-0.2799928339,-14.78310745
1.931,0.64,1.28,1.956083507,3.61,0.245106061,262.959,-0.2975829815,-37.27511997
1.932,0.68,1.36,2.071936717,4.63,0.3164980837,261.319,-0.3310538829,-142.3444144
1.933,0.7,1.4,2.12958088,5.08,0.3482985823,255.415,-0.4533132062,-20.27889831
1.934,0.71,1.42,2.158332351,5.34,0.3667574801,251.004,-0.5465144756,-12.00694496
1.935,0.74,1.48,2.244304323,6.17,0.4261037932,250.217,-0.5633152619,-16.35653596
1.936,0.8,1.6,2.41497728,7.6,0.5298619186,249.439,-0.5799759379,-48.18965459
1.937,0.85,1.7,2.55591022,8.92,0.6273534251,246.94,-0.6338451103,-393.720602
1.938,0.84,1.68,2.527817779,8.67,0.6087618467,243.608,-0.7065249465,-25.85656329
1.939,0.69,1.38,2.100782335,5.02,0.3440477163,240.51,-0.7749980306,-4.874766918
1.94,0.37,0.74,1.154374041,-5.25,-0.336029081,236.718,-0.8600208162,-0.9651554199
1.941,-0.05,-0.1,-0.16093922,-22.2,-1.268943242,233.068,-0.9431560861,0.07275406578
1.942,-0.43,-0.86,-1.422536423,-36.71,-1.906086008,228.762,-1.042923393,0.4823777173
1.943,-0.66,-1.32,-2.219156861,-45.15,-2.218731721,225.619,-1.116937571,0.6652808376
1.944,-0.7,-1.4,-2.36024152,-46.8,-2.275431052,224.63,-1.140440826,0.6909631286
1.945,-0.62,-1.24,-2.078825379,-44.02,-2.179098226,223.367,-1.17060651,0.6205995882
1.946,-0.46,-0.92,-1.525031229,-38.97,-1.993663194,220.803,-1.232373636,0.47272592
1.947,-0.3,-0.6,-0.98328792,-33.33,-1.769532425,218.605,-1.28589746,0.3218165551
1.948,-0.19,-0.38,-0.6178298248,-29.51,-1.606803225,218.913,-1.278364968,0.2141399681
1.949,-0.16,-0.32,-0.5191479808,-28.33,-1.55466675,220.418,-1.24171023,0.1856502126
1.95,-0.17,-0.34,-0.5519948552,-28.73,-1.572440945,220.531,-1.238968189,0.1963409909
1.951,-0.19,-0.38,-0.6178298248,-29.68,-1.614240553,220.463,-1.240618098,0.2164134552
1.952,-0.22,-0.44,-0.7169353312,-30.83,-1.66406855,222.85,-1.183003846,0.2518149283
1.953,-0.25,-0.5,-0.8164645,-31.88,-1.708835633,222.177,-1.199185124,0.2807629547
1.954,-0.26,-0.52,-0.8497350368,-32.57,-1.737880348,222.393,-1.193986392,0.2898273053
1.955,-0.26,-0.52,-0.8497350368,-32.55,-1.737042611,225.265,-1.125338403,0.2968630076
1.956,-0.24,-0.48,-0.7832410368,-31.52,-1.693564582,226.76,-1.089949745,0.2813856675
1.957,-0.17,-0.34,-0.5519948552,-29.21,-1.59363332,226.833,-1.088227716,0.2058253011
1.958,-0.1,-0.2,-0.32305528,-26.71,-1.481611357,231.154,-0.9872727286,0.130850728
1.959,-0.09,-0.18,-0.2905379208,-26.06,-1.451811216,233.179,-0.9406087238,0.1214410213
1.96,-0.15,-0.3,-0.48634818,-28.47,-1.560899531,235.578,-0.8858478901,0.1987733494
1.961,-0.24,-0.48,-0.7832410368,-32.57,-1.737880348,237.283,-0.8472666177,0.3029773731
1.962,-0.31,-0.62,-1.016793825,-35.52,-1.858783927,240.022,-0.7858643242,0.3844722354
1.963,-0.32,-0.64,-1.050346803,-35.96,-1.876370655,243.652,-0.7055587273,0.4068069446
1.964,-0.29,-0.58,-0.9498290888,-34.92,-1.834617301,248.012,-0.6106703016,0.388432464
1.965,-0.26,-0.52,-0.8497350368,-33.75,-1.78687308,252.947,-0.5052600619,0.3707180099
1.966,-0.25,-0.5,-0.8164645,-33.32,-1.769118245,261.907,-0.319029246,0.3909994403
1.967,-0.24,-0.48,-0.7832410368,-33,-1.755832221,267.506,-0.2058632797,0.3992673871
1.968,-0.2,-0.4,-0.65081792,-31.73,-1.702482505,268.288,-0.1902464457,0.3438516222
1.969,-0.13,-0.26,-0.4208897992,-28.85,-1.577752985,268.711,-0.1818179367,0.2392002471
1.97,-0.02,-0.04,-0.0642344672,-24.98,-1.401670901,269.03,-0.1754704564,0.04072841468
1.971,0.05,0.1,0.15976238,-22,-1.259187749,269.833,-0.1595255755,-0.112610756
1.972,0.11,0.22,0.3499238072,-19.44,-1.131813056,270.654,-0.1432722581,-0.2744316818
1.973,0.24,0.48,0.7561266432,-13.84,-0.8364621522,271.071,-0.1350357896,-0.7783100825
1.974,0.45,0.9,1.39549518,-3.83,-0.2474743014,271.088,-0.1347002792,-3.651459964
1.975,0.65,1.3,1.98511742,3.43,0.2326062531,271.285,-0.1308138392,19.50162438
1.976,0.74,1.48,2.244304323,5.67,0.3902762999,271.775,-0.1211592865,8.33951111
1.977,0.64,1.28,1.956083507,3.29,0.2229045868,272.058,-0.1155912164,18.22777068
1.978,0.49,0.98,1.514925983,-1.6,-0.104931936,272.553,-0.1058659235,-7.186628871
1.979,0.41,0.82,1.275311199,-5.8,-0.3698722461,272.325,-0.1103432563,-2.655706017
1.98,0.48,0.96,1.485138893,-1.96,-0.1282336076,272.43,-0.1082808613,-6.279272892
1.981,0.67,1.34,2.043044025,3.79,0.2576354299,272.527,-0.1063763073,13.50691442
1.982,0.78,1.56,2.358274589,6.61,0.4578249719,272.155,-0.1136840587,6.852642328
1.983,0.67,1.34,2.043044025,4.02,0.2736882735,270.542,-0.145486613,15.93617444
1.984,0.43,0.86,1.335497337,-4.06,-0.2619335767,269.215,-0.171792763,-3.079124357
1.985,0.19,0.38,0.6008362552,-15.16,-0.908200388,266.688,-0.2222479767,-0.531502609
1.986,0.08,0.16,0.2550549248,-20.14,-1.167107229,263.133,-0.2940440566,-0.1745575063
1.987,0.11,0.22,0.3499238072,-18.87,-1.102811797,259.179,-0.3750466149,-0.2367776266
1.988,0.22,0.44,0.6941517088,-14.34,-0.8637924207,253.443,-0.4947795989,-0.5109421501
1.989,0.34,0.68,1.063176899,-8.58,-0.5370961905,240.62,-0.7725517063,-0.8118036167
1.99,0.4,0.8,1.24514752,-5.19,-0.3323217565,238.975,-0.8092526081,-1.090728347
1.991,0.38,0.76,1.184678941,-6.18,-0.3931071275,239.222,-0.8037258059,-0.9898448712
1.992,0.32,0.64,1.002143437,-8.94,-0.5582881546,237.955,-0.8321365044,-0.7207463061
1.993,0.27,0.54,0.8487359928,-10.97,-0.6758346262,236.246,-0.8706990109,-0.548798922
1.994,0.24,0.48,0.7561266432,-12.17,-0.7437792651,236.615,-0.8623491982,-0.4707759438
1.995,0.21,0.42,0.6630936312,-13.73,-0.8304237177,235.506,-0.8874832673,-0.3859892515
1.996,0.18,0.36,0.5696369568,-15.08,-0.9038904282,234.719,-0.9053915194,-0.3148414527
1.997,0.18,0.36,0.5696369568,-14.78,-0.8876847721,234.394,-0.9128044467,-0.3163789879
1.998,0.21,0.42,0.6630936312,-13.41,-0.8128043309,232.89,-0.9472435791,-0.3767474893
1.999,0.2,0.4,0.63198848,-14.12,-0.8517907325,232.814,-0.9489897527,-0.3509525371
2,0.1,0.2,0.31834792,-18.14,-1.065324141,232.917,-0.9466233652,-0.1582287406
2.001,-0.01,-0.02,-0.0320936968,-22.83,-1.299490124,233.319,-0.9373975631,0.01434747796
2.002,-0.1,-0.2,-0.32305528,-26.42,-1.468350696,233.683,-0.9290575543,0.1347518847
2.003,-0.17,-0.34,-0.5519948552,-29.35,-1.599786467,234.292,-0.9151330847,0.2194880766
2.004,-0.24,-0.48,-0.7832410368,-32.48,-1.734108591,234.763,-0.904388712,0.2968511796
2.005,-0.33,-0.66,-1.083946855,-36.07,-1.880749522,235.597,-0.8854164156,0.391858941
2.006,-0.32,-0.64,-1.050346803,-35.56,-1.860387443,236.693,-0.8605858644,0.3860187825
2.007,-0.1,-0.2,-0.32305528,-27.74,-1.528259664,237.253,-0.8479430679,0.1359544267
2.008,0.2,0.4,0.63198848,-15.92,-0.9489034806,237.871,-0.8340254302,-0.3544664491
2.009,0.34,0.68,1.063176899,-8.99,-0.5612231769,239.231,-0.8035245322,-0.7790281619
2.01,0.28,0.56,0.8795116288,-12.34,-0.7533132446,240.997,-0.764175962,-0.5795834494
2.011,0.12,0.24,0.3814526208,-19.56,-1.137888583,243.456,-0.7098641382,-0.2064413795
2.012,0.08,0.16,0.2550549248,-21.52,-1.235659803,244.909,-0.6780290438,-0.1332792033
2.013,0.18,0.36,0.5696369568,-17.33,-1.023270261,246.254,-0.6487281071,-0.3406922923
2.014,0.33,0.66,1.032683705,-10.81,-0.6666893869,248.24,-0.6057542505,-0.8115752042
2.015,0.47,0.94,1.455304729,-3.7,-0.2392817514,251.796,-0.5296600464,-1.89260713
2.016,0.58,1.16,1.780891485,1.29,0.0862453457,255.882,-0.4435402144,-4.984374646
2.017,0.63,1.26,1.927002521,2.46,0.1657530267,261.391,-0.3295800255,-11.76242338
2.018,0.63,1.26,1.927002521,2.58,0.1739773267,271.281,-0.1308927236,44.7260131
2.019,0.69,1.38,2.100782335,3.93,0.2674009624,271.868,-0.1193288573,14.18756311
2.02,0.81,1.62,2.443258015,7.06,0.4904547193,272.356,-0.109734276,6.417459473
2.021,0.91,1.82,2.723476319,9.69,0.6849914265,272.827,-0.1004902217,4.659487948
2.022,0.88,1.76,2.639905101,8.98,0.6318242889,273.658,-0.08421949726,4.82082177
2.023,0.72,1.44,2.187036749,5.12,0.3511343416,274.553,-0.06675084284,7.690448841
2.024,0.54,1.08,1.663155331,0.5,0.03325311302,274.884,-0.0603047891,-61.48067596
2.025,0.41,0.82,1.275311199,-4.95,-0.317462192,273.801,-0.0814245847,-3.197175925
2.026,0.35,0.7,1.09362302,-7.19,-0.4542800947,272.937,-0.09833361187,-1.979000895
2.027,0.37,0.74,1.154374041,-6.6,-0.4186480073,271.804,-0.1205884403,-2.140756705
2.028,0.37,0.74,1.154374041,-6.64,-0.4210728386,270.752,-0.1413354491,-2.052555174
2.029,0.31,0.62,0.9715560952,-8.88,-0.5547634564,269.043,-0.1752119413,-1.330943616
2.03,0.27,0.54,0.8487359928,-10.84,-0.6684056668,267.827,-0.1994472724,-0.977972136
2.031,0.27,0.54,0.8487359928,-10.56,-0.6523592365,265.742,-0.2412593222,-0.949774358
2.032,0.26,0.52,0.8179132832,-10.88,-0.6706929287,262.62,-0.3044845139,-0.8387327756
2.033,0.13,0.26,0.4129343608,-16.39,-0.9738574527,257.696,-0.4057467717,-0.299313639
2.034,-0.06,-0.12,-0.1932682848,-24.43,-1.375833207,248.078,-0.6092467695,0.0973604525
2.035,-0.09,-0.18,-0.2905379208,-25.55,-1.42823174,245.738,-0.6599502449,0.1391343872
2.036,0.06,0.12,0.1915736352,-19.78,-1.14900004,243.084,-0.7180451732,-0.102607925
2.037,0.11,0.22,0.3499238072,-17.5,-1.032136534,242.614,-0.7283993472,-0.198759827
2.038,-0.06,-0.12,-0.1932682848,-24.42,-1.375361524,242.269,-0.7360125252,0.09153673403
2.039,-0.25,-0.5,-0.8164645,-32.44,-1.732430652,242.486,-0.7312226826,0.3314039717
2.04,-0.2,-0.4,-0.65081792,-30.38,-1.644670562,242.812,-0.724034933,0.2747567907
2.041,0.1,0.2,0.31834792,-18.99,-1.108936933,242.689,-0.726745741,-0.1734220868
2.042,0.35,0.7,1.09362302,-7.39,-0.4662936004,242.125,-0.739193407,-0.9072043193
2.043,0.38,0.76,1.184678941,-5.83,-0.3717109579,241.876,-0.7446981482,-1.06115127
2.044,0.22,0.44,0.6941517088,-12.02,-0.7353481389,241.508,-0.7528440545,-0.4664395579
2.045,-0.02,-0.04,-0.0642344672,-20.49,-1.184622264,241.507,-0.752866207,0.03315347068
2.046,-0.21,-0.42,-0.6838530888,-27.3,-1.508417823,241.834,-0.7456272173,0.3033892741
2.047,-0.3,-0.6,-0.98328792,-30.47,-1.648560403,242.521,-0.7304505288,0.4133179495
2.048,-0.29,-0.58,-0.9498290888,-30.26,-1.639476122,243.5,-0.7088973157,0.4044625414
2.049,-0.26,-0.52,-0.8497350368,-29.26,-1.595832319,244.266,-0.6920937527,0.3713996913
2.05,-0.29,-0.58,-0.9498290888,-30.29,-1.640775588,245.21,-0.6714577817,0.4107842664
2.051,-0.41,-0.82,-1.354441921,-34.4,-1.813499243,245.869,-0.6570989836,0.5482242746
2.052,-0.58,-1.16,-1.939247075,-40.47,-2.050195159,246.672,-0.639654532,0.7209499778
2.053,-0.71,-1.42,-2.395630369,-44.93,-2.211067154,247.062,-0.6312026108,0.8428581967
2.054,-0.67,-1.34,-2.254357415,-43.81,-2.171659624,247.758,-0.6161522796,0.8086476036
2.055,-0.48,-0.96,-1.593596467,-37.36,-1.93157444,247.327,-0.625467248,0.6232188059
2.056,-0.27,-0.54,-0.8830526472,-29.88,-1.622966693,247.291,-0.6262460309,0.3926052159
2.057,-0.17,-0.34,-0.5519948552,-26.37,-1.466058718,245.199,-0.6716977855,0.2582122213
2.058,-0.21,-0.42,-0.6838530888,-27.66,-1.524661514,242.652,-0.7275614562,0.303634719
2.059,-0.29,-0.58,-0.9498290888,-30.48,-1.648992291,239.925,-0.7880268547,0.3897503599
2.06,-0.35,-0.7,-1.15128818,-32.59,-1.738717839,236.567,-0.8634346156,0.4424368673
2.061,-0.37,-0.74,-1.218817799,-33.42,-1.773257312,232.995,-0.9448320398,0.448409762
2.062,-0.34,-0.68,-1.117593981,-32.49,-1.734527922,229.347,-1.029259607,0.4043704407
2.063,-0.29,-0.58,-0.9498290888,-30.61,-1.654601076,226.317,-1.100411767,0.3447639423
2.064,-0.29,-0.58,-0.9498290888,-30.36,-1.643805456,222.936,-1.180939627,0.3362530284
2.065,-0.38,-0.76,-1.252653219,-33.77,-1.787696154,221.789,-1.208536293,0.4180761144
2.066,-0.57,-1.14,-1.904470183,-40.44,-2.049076763,220.496,-1.239817344,0.5790609614
2.067,-0.79,-1.58,-2.680435809,-48.08,-2.318478066,219.582,-1.262040254,0.7486167
2.068,-0.99,-1.98,-3.405630017,-54.93,-2.535663524,218.383,-1.291333307,0.8898962207
2.069,-1.14,-2.28,-3.961882493,-60.18,-2.688242787,218.544,-1.287390543,0.996541221
2.07,-1.23,-2.46,-4.300717927,-63.42,-2.77697356,218.557,-1.28707231,1.058235577
2.071,-1.27,-2.54,-4.452535367,-64.95,-2.817532817,219.481,-1.264501632,1.09076379
2.072,-1.26,-2.52,-4.414510397,-64.49,-2.805426099,220.307,-1.244405108,1.090047998
2.073,-1.17,-2.34,-4.074403975,-61.8,-2.73310183,221.551,-1.214280418,1.032178725
2.074,-1,-2,-3.442384,-56.63,-2.586317967,222.9,-1.181803622,0.9135543848
2.075,-0.75,-1.5,-2.5376565,-48.74,-2.340360252,224.338,-1.147399897,0.7275891666
2.076,-0.49,-0.98,-1.627949697,-40.42,-2.048330889,225.884,-1.110657435,0.5153389407
2.077,-0.34,-0.68,-1.117593981,-35.25,-1.847935408,227.071,-1.082617278,0.3813594569
2.078,-0.33,-0.66,-1.083946855,-34.95,-1.835830718,228.378,-1.051911451,0.3753613694
2.079,-0.45,-0.9,-1.49081922,-39.49,-2.013403076,229.215,-1.03233967,0.4894764084
2.08,-0.62,-1.24,-2.078825379,-45.8,-2.241232402,230.018,-1.013629976,0.6386830341
2.081,-0.75,-1.5,-2.5376565,-50.68,-2.403470658,230.976,-0.99139408,0.7474985591
2.082,-0.82,-1.64,-2.788014563,-53.5,-2.492087893,231.802,-0.9722959176,0.8047649209
2.083,-0.85,-1.7,-2.89601698,-54.62,-2.526292969,232.938,-0.9461410263,0.834002024
2.084,-0.83,-1.66,-2.823968295,-54,-2.507426187,234.199,-0.9172571383,0.8245925321
2.085,-0.75,-1.5,-2.5376565,-51.44,-2.427711506,235.975,-0.8768395687,0.7679277585
2.086,-0.6,-1.2,-2.00894208,-46.64,-2.269993025,238.088,-0.8291470685,0.6482256431
2.087,-0.41,-0.82,-1.354441921,-40.35,-2.045718595,240.529,-0.7745754037,0.4802484852
2.088,-0.23,-0.46,-0.7500646472,-34.45,-1.815536867,243.176,-0.7160207418,0.2962858299
2.089,-0.1,-0.2,-0.32305528,-29.71,-1.615551103,246.003,-0.6541839975,0.1423317108
2.09,0.02,0.04,0.0640461728,-25.11,-1.407747973,249.66,-0.5752379999,-0.03229784461
2.091,0.17,0.34,0.5383905848,-19.11,-1.115051599,252.81,-0.5081584895,-0.3316826261
2.092,0.37,0.74,1.154374041,-10.31,-0.6379793222,258.102,-0.3973244806,-1.115009949
2.093,0.58,1.16,1.780891485,0.49,0.03258588131,267.868,-0.1986283363,-10.72551887
2.094,0.78,1.56,2.358274589,5.57,0.3831387118,268.548,-0.1850642295,11.905999
2.095,0.86,1.72,2.583955587,7.59,0.5291296552,268.798,-0.1800860587,7.402959438
2.096,0.65,1.3,1.98511742,2.26,0.1520747473,268.884,-0.1783746381,-75.48006305
2.097,0.23,0.46,0.7251627128,-14.17,-0.8545216457,268.394,-0.1881330899,-0.6954964937
2.098,-0.17,-0.34,-0.5519948552,-30.12,-1.633404388,267.969,-0.1966114916,0.3016339154
2.099,-0.34,-0.68,-1.117593981,-36.86,-1.911989692,266.87,-0.2185981391,0.5245472468
2.1,-0.26,-0.52,-0.8497350368,-34.04,-1.798783951,265.458,-0.2469799552,0.4153631971
2.101,-0.11,-0.22,-0.3556197128,-28.71,-1.571554699,262.87,-0.2993940266,0.190074537
2.102,-0.01,-0.02,-0.0320936968,-24.8,-1.393237573,258.845,-0.381945524,0.01807909103
2.103,0.07,0.14,0.2233378168,-21.85,-1.251852694,249.211,-0.5848683478,-0.1215959374
2.104,0.11,0.22,0.3499238072,-20.08,-1.164095834,248.63,-0.5973556737,-0.198656509
2.105,0.12,0.24,0.3814526208,-19.66,-1.142943575,248.262,-0.6052801336,-0.2181943987
2.106,0.1,0.2,0.31834792,-20.64,-1.192101881,248.204,-0.6065301688,-0.1769944665
2.107,0.05,0.1,0.15976238,-22.44,-1.280612836,248.831,-0.5930323195,-0.0852682161
2.108,0.03,0.06,0.0959986488,-23.51,-1.332151583,249.429,-0.5801904235,-0.05019951894
2.109,0.05,0.1,0.15976238,-22.7,-1.293209475,250.39,-0.5596175508,-0.08622627896
2.11,0.11,0.22,0.3499238072,-20.3,-1.17512499,252.547,-0.5137270287,-0.2071962513
2.111,0.15,0.3,0.47575662,-18.5,-1.083859896,254.719,-0.4679117325,-0.3065893275
2.112,0.12,0.24,0.3814526208,-19.73,-1.146477775,259.296,-0.3726320337,-0.2511027305
2.113,0.01,0.02,0.0320466232,-24.51,-1.379604216,266.834,-0.2193198875,-0.02004261686
2.114,-0.15,-0.3,-0.48634818,-31.04,-1.673077235,266.859,-0.218818663,0.257069208
2.115,-0.27,-0.54,-0.8830526472,-36,-1.877963793,265.222,-0.2517383787,0.4146366844
2.116,-0.31,-0.62,-1.016793825,-37.55,-1.938978796,263.706,-0.2824065309,0.4577296035
2.117,-0.27,-0.54,-0.8830526472,-36.27,-1.888692906,262.949,-0.2977864392,0.4038696496
2.118,-0.2,-0.4,-0.65081792,-33.76,-1.787284647,262.201,-0.3130270474,0.3098673029
2.119,-0.14,-0.28,-0.4535954528,-31.58,-1.696115367,261.692,-0.3234228758,0.2246035471
2.12,-0.1,-0.2,-0.32305528,-30.24,-1.638609494,261.014,-0.3373018136,0.1634968527
2.121,-0.08,-0.16,-0.2580676352,-29.51,-1.606803225,260.073,-0.3566243278,0.1314373096
2.122,-0.06,-0.12,-0.1932682848,-28.92,-1.580847375,256.267,-0.4354966553,0.0958508478
2.123,-0.04,-0.08,-0.1286572288,-28.05,-1.542162911,251.552,-0.5348469155,0.06194348586
2.124,-0.01,-0.02,-0.0320936968,-26.93,-1.491633917,252.615,-0.5122866987,0.01601545318
2.125,0.03,0.06,0.0959986488,-25.55,-1.42823174,253.432,-0.495011806,-0.04991497256
2.126,0.08,0.16,0.2550549248,-23.34,-1.324016234,255.152,-0.4588249221,-0.1430609362
2.127,0.18,0.36,0.5696369568,-19.44,-1.131813056,257.221,-0.4156172973,-0.3681179936
2.128,0.32,0.64,1.002143437,-13.13,-0.7973224563,259.561,-0.3671671363,-0.8605859968
2.129,0.49,0.98,1.514925983,-4.96,-0.3180823083,263.602,-0.2845168725,-2.513986131
2.13,0.62,1.24,1.897874461,1.16,0.07748688771,272.7,-0.1029812075,-74.44303176
2.131,0.7,1.4,2.12958088,3.04,0.2056245185,273.195,-0.09327878958,18.95560162
2.132,0.72,1.44,2.187036749,3.69,0.2506710171,273.903,-0.0794319025,12.77182935
2.133,0.72,1.44,2.187036749,3.68,0.2499750781,274.926,-0.05948741582,11.48125145
2.134,0.71,1.42,2.158332351,3.47,0.235381436,275.18,-0.0545469131,11.93539993
2.135,0.7,1.4,2.12958088,3.05,0.2063146311,275.381,-0.05064053379,13.6797381
2.136,0.67,1.34,2.043044025,2.41,0.1623300733,275.491,-0.04850392127,17.94881042
2.137,0.63,1.26,1.927002521,1.43,0.0956944162,275.447,-0.04935846389,41.58763173
2.138,0.57,1.14,1.751528057,-0.14,-0.00927127891,275.215,-0.05386649267,-27.74136643
2.139,0.49,0.98,1.514925983,-3.54,-0.2291788342,273.408,-0.0891092184,-4.759606812
2.14,0.39,0.78,1.214936767,-7.65,-0.4818619997,272.554,-0.1058462943,-2.067244549
2.141,0.26,0.52,0.8179132832,-12.79,-0.7784413185,268.379,-0.188432099,-0.8459362605
2.142,0.08,0.16,0.2550549248,-19.51,-1.135358379,263.683,-0.2828731694,-0.1798401151
2.143,-0.13,-0.26,-0.4208897992,-27.44,-1.514744942,258.675,-0.3854603642,0.2214970129
2.144,-0.34,-0.68,-1.117593981,-35.01,-1.838255943,250.007,-0.5678072498,0.4644907018
2.145,-0.5,-1,-1.66235,-40.85,-2.064318663,234.526,-0.909792419,0.5589401184
2.146,-0.6,-1.2,-2.00894208,-44.47,-2.194960674,228.082,-1.058850066,0.6174120871
2.147,-0.64,-1.28,-2.148896973,-46.18,-2.254287212,222.114,-1.200702373,0.6219691608
2.148,-0.65,-1.3,-2.18400338,-46.28,-2.257710568,215.775,-1.355609298,0.6044312325
2.149,-0.63,-1.26,-2.113837639,-45.74,-2.239164431,209.795,-1.505972839,0.564421939
2.15,-0.66,-1.32,-2.219156861,-46.79,-2.27509155,207.604,-1.562139517,0.578322447
2.151,-0.77,-1.54,-2.608952007,-50.87,-2.409556037,207.443,-1.566290131,0.6562004405
2.152,-0.93,-1.86,-3.186094663,-56.81,-2.591609851,205.699,-1.611458405,0.7580401909
2.153,-1.07,-2.14,-3.700979943,-61.9,-2.735838196,209.36,-1.517077327,0.8702218334
2.154,-1.12,-2.24,-3.887103539,-63.67,-2.783658179,209.231,-1.520374818,0.9031305154
2.155,-1.08,-2.16,-3.738110515,-62.49,-2.751906617,209.073,-1.524416376,0.874141294
2.156,-1.03,-2.06,-3.552928391,-60.92,-2.708858671,208.478,-1.539663626,0.836273919
2.157,-1.02,-2.04,-3.516033187,-60.69,-2.702473674,211.207,-1.470085939,0.8426561903
2.158,-1.03,-2.06,-3.552928391,-61.05,-2.712458604,217.163,-1.321304962,0.8807973827
2.159,-0.99,-1.98,-3.405630017,-59.78,-2.677010475,218.924,-1.278096147,0.8610716076
2.16,-0.89,-1.78,-3.040679233,-56.57,-2.584550994,220.87,-1.23075049,0.7969695831
2.161,-0.78,-1.56,-2.644670371,-53.35,-2.487464795,222.56,-1.189970463,0.7191616402
2.162,-0.72,-1.44,-2.431066291,-51.44,-2.427711506,225.317,-1.124103556,0.6844574531
2.163,-0.66,-1.32,-2.219156861,-49.58,-2.367906163,227.6,-1.070168051,0.6454650838
2.164,-0.57,-1.14,-1.904470183,-46.55,-2.266928506,230.951,-0.9919731758,0.5843901931
2.165,-0.47,-0.94,-1.559290311,-43.33,-2.154570265,232.857,-0.9480017161,0.5025798985
2.166,-0.41,-0.82,-1.354441921,-41.19,-2.076888401,234.51,-0.9101574229,0.4534386148
2.167,-0.35,-0.7,-1.15128818,-39.49,-2.013403076,236.139,-0.8731226696,0.3988490946
2.168,-0.28,-0.56,-0.9164173312,-37.01,-1.917880312,237.615,-0.8397862733,0.3323162184
2.169,-0.19,-0.38,-0.6178298248,-33.88,-1.792218728,239.072,-0.8070814827,0.2376908301
2.17,-0.11,-0.22,-0.3556197128,-31.16,-1.678212608,240.59,-0.7732187747,0.14506615
2.171,-0.06,-0.12,-0.1932682848,-29.05,-1.586585709,241.744,-0.747618623,0.08279835751
2.172,0,0,0,-26.92,-1.491179042,242.792,-0.7244756213,-0
2.173,0.06,0.12,0.1915736352,-24.51,-1.379604216,243.751,-0.7033853717,-0.09197051982
2.174,0.13,0.26,0.4129343608,-22.02,-1.260164562,244.887,-0.6785096521,-0.2129983253
2.175,0.19,0.38,0.6008362552,-19.4,-1.129785566,245.148,-0.6728106708,-0.3333171583
2.176,0.26,0.52,0.8179132832,-16.27,-0.9675019767,247.738,-0.61658417,-0.516331315
2.177,0.35,0.7,1.09362302,-12.15,-0.7426561335,251.178,-0.5428070546,-0.8507618344
2.178,0.44,0.88,1.365519795,-7.83,-0.4926076386,259.026,-0.3782057895,-1.568096852
2.179,0.49,0.98,1.514925983,-5.3,-0.3391162088,264.989,-0.2564404693,-2.543714207
2.18,0.48,0.96,1.485138893,-5.8,-0.3698722461,265.621,-0.2436958863,-2.420495483
2.181,0.45,0.9,1.39549518,-7.54,-0.4752821432,265.949,-0.2370935565,-1.958931475
2.182,0.46,0.92,1.425423491,-6.77,-0.4289443897,266.253,-0.2309815908,-2.159974805
2.183,0.53,1.06,1.633603609,-2.97,-0.1930093327,266.274,-0.2305596404,-3.856759377
2.184,0.57,1.14,1.751528057,-0.7,-0.04618381899,266.595,-0.2241139653,-6.479994134
2.185,0.5,1,1.544666,-4.04,-0.2606780338,266.058,-0.2349012921,-3.116889506
2.186,0.35,0.7,1.09362302,-10.82,-0.6672615596,266.041,-0.2352431457,-1.211764342
2.187,0.24,0.48,0.7561266432,-15.64,-0.9339583489,263.547,-0.2856332552,-0.619983477
2.188,0.2,0.4,0.63198848,-17.13,-1.012811942,260.928,-0.3390648447,-0.4674897048
2.189,0.15,0.3,0.47575662,-19.35,-1.127249575,257.617,-0.407387134,-0.3100125373
2.19,0.03,0.06,0.0959986488,-24.58,-1.382900269,254.225,-0.4782975543,-0.05157896038
2.191,-0.1,-0.2,-0.32305528,-29.82,-1.620351533,251.111,-0.5442343206,0.1492457688
2.192,-0.14,-0.28,-0.4535954528,-31.28,-1.683338948,250.659,-0.5538730023,0.2027503262
2.193,-0.08,-0.16,-0.2580676352,-29.44,-1.603735414,238.507,-0.8197401272,0.1064865854
2.194,-0.04,-0.08,-0.1286572288,-27.84,-1.532751452,236.056,-0.8750034604,0.05343452033
2.195,-0.06,-0.12,-0.1932682848,-28.52,-1.563122439,235.421,-0.8894145645,0.07880341236
2.196,-0.11,-0.22,-0.3556197128,-30.63,-1.655463018,234.916,-0.9009031399,0.1391114147
2.197,-0.16,-0.32,-0.5191479808,-32.87,-1.75041688,235.153,-0.8955083995,0.1962065916
2.198,-0.2,-0.4,-0.65081792,-34.38,-1.812683774,235.421,-0.8894145645,0.2408564895
2.199,-0.21,-0.42,-0.6838530888,-34.75,-1.827731124,236.336,-0.8686612693,0.2536177933
2.2,-0.17,-0.34,-0.5519948552,-33.62,-1.781517189,237.29,-0.8471087916,0.2099936847
2.201,-0.09,-0.18,-0.2905379208,-30.5,-1.649855876,238.766,-0.8139335966,0.1179231927
2.202,0.05,0.1,0.15976238,-25.5,-1.425910617,240.657,-0.7717291031,-0.07269725722
2.203,0.19,0.38,0.6008362552,-20,-1.160076618,242.889,-0.7223386219,-0.3191836968
2.204,0.27,0.54,0.8487359928,-16.51,-0.9802021512,245.378,-0.6677936072,-0.5150110299
2.205,0.28,0.56,0.8795116288,-16.14,-0.9606046993,248.368,-0.6029963408,-0.5624910743
2.206,0.28,0.56,0.8795116288,-16.11,-0.9590112194,252.547,-0.5137270287,-0.5971948036
2.207,0.35,0.7,1.09362302,-12.61,-0.7684090348,257.248,-0.4150557475,-0.9240858168
2.208,0.52,1.04,1.604004813,-4.19,-0.2700863258,266.313,-0.2297761064,-3.208892506
2.209,0.69,1.38,2.100782335,2.48,0.16712284,266.716,-0.2216863011,-38.50163263
2.21,0.77,1.54,2.329852633,4.47,0.3052362103,266.618,-0.2236524237,28.55778985
2.211,0.74,1.48,2.244304323,3.57,0.242325773,266.1,-0.234056806,271.4129031
2.212,0.66,1.32,2.014104259,1.46,0.09772149724,265.301,-0.2501450453,-13.21386547
2.213,0.6,1.2,1.83947712,0.1,0.00663293416,264.87,-0.2588435615,-7.293416378
2.214,0.6,1.2,1.83947712,0.06,0.003978700632,263.752,-0.2814733761,-6.628873571
2.215,0.62,1.24,1.897874461,0.5,0.03325311302,262.232,-0.3123945548,-6.798970618
2.216,0.62,1.24,1.897874461,0.56,0.03725836599,259.765,-0.3629639959,-5.826962406
2.217,0.6,1.2,1.83947712,-0.09,-0.005962092718,250.809,-0.5506723992,-3.304640921
2.218,0.56,1.12,1.722117555,-2.27,-0.1482089132,251.321,-0.5397620734,-2.503183403
2.219,0.51,1.02,1.574358943,-4.8,-0.3081503368,252.223,-0.5205951082,-1.899689407
2.22,0.46,0.92,1.425423491,-7.15,-0.4518734412,253.694,-0.4894837908,-1.514221639
2.221,0.43,0.86,1.335497337,-8.84,-0.5524120377,254.753,-0.4671976599,-1.309812313
2.222,0.42,0.84,1.305427805,-9.36,-0.5828795432,256.213,-0.4366241139,-1.280454264
2.223,0.43,0.86,1.335497337,-9.01,-0.5623966193,258.202,-0.3952520582,-1.394558744
2.224,0.43,0.86,1.335497337,-8.85,-0.5530000139,261.718,-0.3228913613,-1.524729407
2.225,0.42,0.84,1.305427805,-9.65,-0.5997762913,270.958,-0.1372664821,-1.771169669
2.226,0.39,0.78,1.214936767,-11.23,-0.6906523648,271.807,-0.1205293907,-1.497736801
2.227,0.35,0.7,1.09362302,-12.95,-0.7873377425,271.878,-0.1191320742,-1.2064638
2.228,0.35,0.7,1.09362302,-13.28,-0.805623864,271.448,-0.1276002885,-1.171876036
2.229,0.4,0.8,1.24514752,-10.85,-0.6689776014,270.626,-0.1438257609,-1.531917285
2.23,0.5,1,1.544666,-5.88,-0.3747738078,269.98,-0.1566117886,-2.906864639
2.231,0.6,1.2,1.83947712,-0.17,-0.0112557326,267.493,-0.2061232802,-8.462073208
2.232,0.65,1.3,1.98511742,1.18,0.07883336081,264.309,-0.2701869864,-10.37407791
2.233,0.6,1.2,1.83947712,-0.13,-0.008609618032,261.431,-0.3287613912,-5.452386451
2.234,0.45,0.9,1.39549518,-6.62,-0.4198605886,257.896,-0.4015962028,-1.698805335
2.235,0.2,0.4,0.63198848,-16.64,-0.987063429,253.801,-0.4872278079,-0.4286727508
2.236,-0.14,-0.28,-0.4535954528,-29.97,-1.626885128,247.831,-0.6145761752,0.202365953
2.237,-0.49,-0.98,-1.627949697,-43.2,-2.149921015,235.513,-0.8873242503,0.5359954678
2.238,-0.73,-1.46,-2.466549287,-52.16,-2.450430774,232.474,-0.9568085674,0.7239143012
2.239,-0.81,-1.62,-2.752107905,-55.24,-2.544992513,232.464,-0.9570387056,0.7858604715
2.24,-0.75,-1.5,-2.5376565,-53.5,-2.492087893,232.734,-0.950828446,0.7370659784
2.241,-0.66,-1.32,-2.219156861,-50.62,-2.401545457,233.955,-0.9228339362,0.6675401928
2.242,-0.62,-1.24,-2.078825379,-49.38,-2.361378283,235.445,-0.8888691864,0.6395898771
2.243,-0.6,-1.2,-2.00894208,-48.64,-2.337058358,237.491,-0.8425789133,0.6318148608
2.244,-0.51,-1.02,-1.696797377,-45.83,-2.242265703,239.635,-0.7944973701,0.5587519791
2.245,-0.34,-0.68,-1.117593981,-40.11,-2.036741606,241.793,-0.7465343213,0.4015390533
2.246,-0.13,-0.26,-0.4208897992,-32.93,-1.752917555,244.448,-0.6881090089,0.1724232769
2.247,0.04,0.08,0.1279040512,-26.66,-1.479329025,247.37,-0.6245371838,-0.06079476475
2.248,0.17,0.34,0.5383905848,-21.66,-1.242538892,251.237,-0.5415505237,-0.3017733193
2.249,0.28,0.56,0.8795116288,-16.94,-1.002849035,255.183,-0.4581749569,-0.6019830157
2.25,0.35,0.7,1.09362302,-13.85,-0.837010639,261.94,-0.3183551943,-0.9465599453
2.251,0.36,0.72,1.124022067,-13.54,-0.8199717364,271.036,-0.1357266126,-1.176126409
2.252,0.34,0.68,1.063176899,-14.27,-0.8599777234,272.225,-0.1123081815,-1.093481757
2.253,0.38,0.76,1.184678941,-12.87,-0.7828920179,272.956,-0.09796119456,-1.344922087
2.254,0.48,0.96,1.485138893,-7.83,-0.4926076386,273.568,-0.08597928208,-2.566837998
2.255,0.63,1.26,1.927002521,0.19,0.01261012947,273.913,-0.07923658144,-28.92248445
2.256,0.79,1.58,2.386649471,4.25,0.2897895594,274.322,-0.07125405422,10.92110625
2.257,0.93,1.86,2.778955097,7.85,0.5481992408,274.417,-0.06940162527,5.804028689
2.258,1.01,2.02,2.998987263,9.9,0.7008097356,274.656,-0.06474413863,4.714902484
2.259,1.02,2.04,3.026279453,10.17,0.7212100352,274.576,-0.06630267856,4.620927559
2.26,0.99,1.98,2.944261663,9.61,0.6789765698,274.306,-0.07156610537,4.84723566
2.261,0.98,1.96,2.916828253,9.2,0.6482469267,273.04,-0.09631502864,5.284761151
2.262,0.98,1.96,2.916828253,9.17,0.6460047472,271.121,-0.1340490543,5.69742322
2.263,0.97,1.94,2.889347769,8.95,0.6295884267,269.236,-0.1713754548,6.305687412
2.264,0.93,1.86,2.778955097,8.02,0.5607024247,267.938,-0.1972304423,7.64558269
2.265,0.86,1.72,2.583955587,6.25,0.4318578194,266.464,-0.2267435055,12.5976366
2.266,0.77,1.54,2.329852633,3.93,0.2674009624,264.893,-0.2583790141,258.2427398
2.267,0.68,1.36,2.071936717,1.58,0.1058378764,263.066,-0.295406469,-10.92974679
2.268,0.59,1.18,1.810207839,-1.16,-0.07629901523,260.704,-0.3436596552,-4.310442829
2.269,0.49,0.98,1.514925983,-5.71,-0.3643515993,257.511,-0.4095889169,-1.957419145
2.27,0.34,0.68,1.063176899,-11.85,-0.7257715294,246.071,-0.6527053581,-0.7712692965
2.271,0.13,0.26,0.4129343608,-19.93,-1.15655603,243.591,-0.7068983053,-0.2215961791
2.272,-0.08,-0.16,-0.2580676352,-28.28,-1.552437667,240.866,-0.7670848802,0.1112589466
2.273,-0.23,-0.46,-0.7500646472,-34.15,-1.803288575,237.938,-0.8325187331,0.2845673297
2.274,-0.29,-0.58,-0.9498290888,-36.35,-1.891863699,234.39,-0.9128957467,0.3386490383
2.275,-0.29,-0.58,-0.9498290888,-36.24,-1.887502893,233.143,-0.9414347625,0.3357546911
2.276,-0.3,-0.6,-0.98328792,-36.69,-1.905297862,232.016,-0.967359067,0.3422921513
2.277,-0.37,-0.74,-1.218817799,-39.32,-2.006966342,231.622,-0.9764519391,0.4085306466
2.278,-0.48,-0.96,-1.593596467,-43.6,-2.164197929,231.226,-0.9856065666,0.5059350412
2.279,-0.62,-1.24,-2.078825379,-48.73,-2.34003028,231.004,-0.9907455671,0.6241264723
2.28,-0.72,-1.44,-2.431066291,-52.8,-2.47042747,230.583,-1.000504727,0.7004073123
2.281,-0.74,-1.48,-2.502079357,-53.59,-2.494856952,230.53,-1.001734577,0.7155766796
2.282,-0.65,-1.3,-2.18400338,-50.77,-2.406355306,230.475,-1.003011136,0.6405892172
2.283,-0.49,-0.98,-1.627949697,-45.69,-2.237439725,231.009,-0.9906297695,0.5043106103
2.284,-0.36,-0.72,-1.185029453,-41.24,-2.078731569,231.81,-0.9721112805,0.3884269073
2.285,-0.29,-0.58,-0.9498290888,-38.83,-1.988322632,232.975,-0.9452912968,0.3237743997
2.286,-0.24,-0.48,-0.7832410368,-37.37,-1.931964661,234.106,-0.9193820356,0.2746916177
2.287,-0.19,-0.38,-0.6178298248,-35.37,-1.852762307,235.638,-0.8844854576,0.2257120575
2.288,-0.09,-0.18,-0.2905379208,-31.91,-1.710104579,237.583,-0.8405068151,0.1139091284
2.289,0.05,0.1,0.15976238,-27.01,-1.495270535,239.5,-0.7975121781,-0.06968055852
2.29,0.19,0.38,0.6008362552,-21.53,-1.236151625,241.972,-0.7425751674,-0.3036479101
2.291,0.29,0.58,0.9102401912,-17.18,-1.015429303,243.973,-0.6985149939,-0.5310792146
2.292,0.36,0.72,1.124022067,-14.25,-0.8588871208,246.608,-0.6410427902,-0.7493830605
2.293,0.44,0.88,1.365519795,-10.24,-0.6339440111,249.356,-0.5817564289,-1.123237066
2.294,0.59,1.18,1.810207839,-2.28,-0.1488518939,253.591,-0.4916563368,-2.826205429
2.295,0.77,1.54,2.329852633,3.48,0.2360754595,265.782,-0.2404540904,-532.0961469
2.296,0.88,1.76,2.639905101,6.27,0.4332972598,268.751,-0.1810216013,10.4643671
2.297,0.88,1.76,2.639905101,6.24,0.4311382393,272.117,-0.1144311116,8.335477386
2.298,0.81,1.62,2.443258015,4.33,0.2954013801,274.754,-0.06283554575,10.50566186
2.299,0.73,1.46,2.215694073,2.21,0.1486608132,274.716,-0.06357553156,26.04086195
2.3,0.67,1.34,2.043044025,0.81,0.05398132586,274.246,-0.07273645933,-108.9325239
2.301,0.65,1.3,1.98511742,0.28,0.01859448794,273.461,-0.08807222416,-28.57199339
2.302,0.66,1.32,2.014104259,0.5,0.03325311302,272.962,-0.09784359448,-31.18267914
2.303,0.68,1.36,2.071936717,0.89,0.05934440726,271.651,-0.1236008333,-32.24481729
2.304,0.68,1.36,2.071936717,1.01,0.06739971161,270.612,-0.1441025338,-27.0125226
2.305,0.66,1.32,2.014104259,0.55,0.03659060203,268.858,-0.1788919866,-14.15379242
2.306,0.6,1.2,1.83947712,-1.92,-0.125650087,266.276,-0.2305194564,-5.16461094
2.307,0.48,0.96,1.485138893,-7.71,-0.4854468292,263.607,-0.2844153947,-1.929096982
2.308,0.3,0.6,0.94092168,-15.6,-0.931818505,260.634,-0.3450963431,-0.7368711245
2.309,0.13,0.26,0.4129343608,-22.94,-1.304795336,255.416,-0.45329226,-0.2348770116
2.31,0.02,0.04,0.0640461728,-27.47,-1.516099075,242.235,-0.7367633962,-0.02842879831
2.311,-0.02,-0.04,-0.0642344672,-29.15,-1.590992398,240.651,-0.7718624896,0.02718510881
2.312,-0.03,-0.06,-0.0964223112,-29.56,-1.608992595,239.107,-0.8062983031,0.03992161411
2.313,-0.04,-0.08,-0.1286572288,-30.18,-1.636008085,238.54,-0.8189999486,0.05240603169
2.314,-0.07,-0.14,-0.2256444232,-31.31,-1.684619123,238.055,-0.8298886524,0.08973701549
2.315,-0.1,-0.2,-0.32305528,-32.88,-1.750833812,238.601,-0.8176320091,0.1257775273
2.316,-0.14,-0.28,-0.4535954528,-34.36,-1.811868063,239.139,-0.8055823536,0.1732966745
2.317,-0.14,-0.28,-0.4535954528,-34.37,-1.812275948,240.356,-0.778424765,0.1750860107
2.318,-0.08,-0.16,-0.2580676352,-32.16,-1.720657414,241.98,-0.7423982903,0.1047753954
2.319,0.04,0.08,0.1279040512,-27.88,-1.534546334,243.452,-0.7099520398,-0.05698558426
2.32,0.17,0.34,0.5383905848,-22.78,-1.297075882,246.173,-0.650488165,-0.2764430703
2.321,0.29,0.58,0.9102401912,-17.88,-1.051878061,248.511,-0.5999169189,-0.5510612408
2.322,0.41,0.82,1.275311199,-12.38,-0.7555532496,252.822,-0.5079045499,-1.009381714
2.323,0.54,1.08,1.663155331,-6.12,-0.3894464619,262.376,-0.3094575046,-2.379662172
2.324,0.62,1.24,1.897874461,-1.91,-0.1250039901,262.662,-0.3036289735,-4.427738
2.325,0.62,1.24,1.897874461,-1.8,-0.1178911993,262.374,-0.3094982859,-4.440620386
2.326,0.58,1.16,1.780891485,-4.11,-0.2650709474,261.64,-0.3244860632,-3.020728195
2.327,0.57,1.14,1.751528057,-4.89,-0.3137397254,260.637,-0.3450347628,-2.658767284
2.328,0.63,1.26,1.927002521,-1.41,-0.0925884157,259.865,-0.3609048384,-4.249241865
2.329,0.66,1.32,2.014104259,0.34,0.02258804273,258.494,-0.389205175,-5.493753788
2.33,0.62,1.24,1.897874461,-1.69,-0.1107679054,249.273,-0.5835375127,-2.733486462
2.331,0.57,1.14,1.751528057,-4.43,-0.2850998976,250.352,-0.5604295458,-2.071516339
2.332,0.56,1.12,1.722117555,-5.03,-0.3224207647,252.221,-0.5206375311,-2.042702816
2.333,0.59,1.18,1.810207839,-3.03,-0.1968297564,254.388,-0.4748684243,-2.694972074
2.334,0.6,1.2,1.83947712,-2.78,-0.1808909279,257.083,-0.418488362,-3.068970101
2.335,0.51,1.02,1.574358943,-7.21,-0.4554829271,260.976,-0.3380807557,-1.983910022
2.336,0.4,0.8,1.24514752,-12.65,-0.7706406119,271.549,-0.125610038,-1.389284928
2.337,0.33,0.66,1.032683705,-16.46,-0.9775598357,272.197,-0.1128584899,-0.9470527783
2.338,0.32,0.64,1.002143437,-16.65,-0.9875906969,272.97,-0.0976867984,-0.9233983392
2.339,0.42,0.84,1.305427805,-12.15,-0.7426561335,273.704,-0.08332027517,-1.580466211
2.34,0.61,1.22,1.868699327,-2.46,-0.1604107785,274.628,-0.06528957596,-8.279558671
2.341,0.84,1.68,2.527817779,4.68,0.3200222514,275.299,-0.05223383663,9.439608436
2.342,1.05,2.1,3.10787358,10.02,0.7098678504,275.475,-0.04881464824,4.701397058
2.343,1.18,2.36,3.456552477,13.85,1.006348235,274.821,-0.06153108321,3.658435362
2.344,1.26,2.52,3.667169923,15.54,1.141791095,274.78,-0.06232929864,3.397220667
2.345,1.26,2.52,3.667169923,15.51,1.139361748,274.266,-0.07234631289,3.436848057
2.346,1.15,2.3,3.37679422,13.11,0.9479400111,273.684,-0.08371122272,3.907291987
2.347,0.96,1.92,2.861820211,8.19,0.5732330208,270.87,-0.139004303,6.590582552
2.348,0.74,1.48,2.244304323,2.35,0.1582255076,267.077,-0.2144499743,-39.91686278
2.349,0.54,1.08,1.663155331,-5.13,-0.3286114071,262.504,-0.3068481462,-2.617248136
2.35,0.36,0.72,1.124022067,-12.41,-0.7572324329,256.882,-0.4226728884,-0.9526375099
2.351,0.19,0.38,0.6008362552,-19.57,-1.138394407,250.613,-0.5548549044,-0.3548421671
2.352,0,0,0,-27.2,-1.503890546,237.258,-0.8478303203,-0
2.353,-0.18,-0.36,-0.5848888032,-34.54,-1.819200808,235.228,-0.8938023357,0.2155872191
2.354,-0.35,-0.7,-1.15128818,-40.96,-2.068392259,232.543,-0.9552208835,0.3807657018
2.355,-0.46,-0.92,-1.525031229,-45.25,-2.222207407,231.88,-0.9704959771,0.477661419
2.356,-0.48,-0.96,-1.593596467,-46.06,-2.250172528,230.987,-0.9911392977,0.4916516994
2.357,-0.41,-0.82,-1.354441921,-43.7,-2.167754002,231.243,-0.9852132429,0.4295769082
2.358,-0.28,-0.56,-0.9164173312,-39.63,-2.018691782,231.522,-0.9787622357,0.3057319064
2.359,-0.19,-0.38,-0.6178298248,-36.55,-1.899774315,232.846,-0.9482544523,0.2169324383
2.36,-0.16,-0.32,-0.5191479808,-35.36,-1.852360392,233.891,-0.9242976657,0.18696864
2.361,-0.12,-0.24,-0.3882312192,-34.05,-1.799193764,234.955,-0.9000150238,0.143831489
2.362,-0.03,-0.06,-0.0964223112,-30.83,-1.66406855,236.19,-0.8719673309,0.03802087815
2.363,0.09,0.18,0.2867249592,-26.6,-1.476588034,237.582,-0.8405293336,-0.1237420958
2.364,0.14,0.28,0.4443690272,-24.54,-1.38101722,239.319,-0.8015569217,-0.2035985943
2.365,0.12,0.24,0.3814526208,-25.22,-1.412881174,240.877,-0.766840559,-0.1750006045
2.366,0.12,0.24,0.3814526208,-25.44,-1.423123046,242.925,-0.7215457258,-0.1778608547
2.367,0.18,0.36,0.5696369568,-22.94,-1.304795336,244.162,-0.6943720824,-0.284937095
2.368,0.29,0.58,0.9102401912,-18.66,-1.092067572,245.298,-0.6695381392,-0.5167105134
2.369,0.36,0.72,1.124022067,-15.59,-0.9312833553,246.22,-0.6494668263,-0.7110687573
2.37,0.4,0.8,1.24514752,-13.69,-0.8282256132,247.405,-0.6237802741,-0.8575361374
2.371,0.49,0.98,1.514925983,-9.39,-0.5846306229,249.079,-0.5877028418,-1.292231288
2.372,0.63,1.26,1.927002521,-1.84,-0.1204788833,251.666,-0.5324229163,-2.951443114
2.373,0.74,1.48,2.244304323,1.94,0.1302644618,254.753,-0.4671976599,-6.660977119
2.374,0.78,1.56,2.358274589,2.91,0.1966613113,260.452,-0.3488335382,-15.49740472
2.375,0.81,1.62,2.443258015,3.71,0.252063169,268.996,-0.1761466319,32.18347555
2.376,0.92,1.84,2.751239245,6.47,0.4477122266,269.683,-0.1625004641,9.646303579
2.377,1.09,2.18,3.216006719,11.08,0.7904862633,270.029,-0.1556408788,5.06581098
2.378,1.24,2.48,3.614798003,14.93,1.092572757,270.454,-0.1472271065,3.823784455
2.379,1.3,2.6,3.77134888,16.13,1.189753296,270.828,-0.1398339165,3.592036641
2.38,1.3,2.6,3.77134888,16.23,1.197917453,271.365,-0.1292363952,3.528975133
2.381,1.29,2.58,3.745374751,15.91,1.171827865,271.517,-0.1262405323,3.582077398
2.382,1.25,2.5,3.6410075,15.31,1.123189317,271.402,-0.1285069846,3.660472677
2.383,1.18,2.36,3.456552477,13.64,0.9897176276,270.866,-0.1390833082,4.063499906
2.384,1.04,2.08,3.080722611,10.22,0.7249955928,270.358,-0.1491264726,5.349692323
2.385,0.86,1.72,2.583955587,5.79,0.3988536725,269.1,-0.1740785994,11.49573906
2.386,0.68,1.36,2.071936717,1.1,0.07344960963,267.233,-0.2113259451,-15.02750062
2.387,0.49,0.98,1.514925983,-6.35,-0.403462751,266.12,-0.2336547167,-2.377781273
2.388,0.32,0.64,1.002143437,-13.89,-0.8392038172,264.907,-0.2580962659,-0.913281109
2.389,0.19,0.38,0.6008362552,-19.18,-1.118613657,264.038,-0.2756752361,-0.4309266595
2.39,0.12,0.24,0.3814526208,-22.16,-1.266994388,263.484,-0.2869123071,-0.245479746
2.391,0.06,0.12,0.1915736352,-24.71,-1.389012656,263.013,-0.296484444,-0.1136600207
2.392,0.01,0.02,0.0320466232,-26.97,-1.493452755,262.61,-0.3046882342,-0.01782208591
2.393,0.02,0.04,0.0640461728,-26.26,-1.461010498,261.802,-0.3211745214,-0.03593688203
2.394,0.12,0.24,0.3814526208,-22.71,-1.29369302,260.991,-0.337773265,-0.2338096866
2.395,0.15,0.3,0.47575662,-21.22,-1.220872247,260.388,-0.3501483374,-0.3028328367
2.396,0.04,0.08,0.1279040512,-25.98,-1.448124012,259.263,-0.3733129591,-0.07022150821
2.397,-0.15,-0.3,-0.48634818,-33.81,-1.789341574,257.375,-0.4124151736,0.2208909683
2.398,-0.24,-0.48,-0.7832410368,-37.69,-1.944421352,252.262,-0.519767928,0.3178493808
2.399,-0.19,-0.38,-0.6178298248,-35.86,-1.872383693,246.531,-0.6427135159,0.2456484873
2.4,-0.07,-0.14,-0.2256444232,-31.75,-1.703330398,245.724,-0.6602550498,0.09546700478
2.401,0.02,0.04,0.0640461728,-28.32,-1.554221063,245.472,-0.6657445086,-0.0288500748
2.402,0.06,0.12,0.1915736352,-26.82,-1.486626648,245.096,-0.6739456159,-0.08866800636
2.403,0.06,0.12,0.1915736352,-26.78,-1.484803834,246.419,-0.6451445942,-0.0899428515
2.404,0.05,0.1,0.15976238,-27.31,-1.508870189,248.134,-0.6080392211,-0.07546963477
2.405,0.06,0.12,0.1915736352,-26.86,-1.4884484,250.711,-0.552763243,-0.09385290145
2.406,0.13,0.26,0.4129343608,-24.09,-1.359757635,254.256,-0.4776452192,-0.2247380643
2.407,0.27,0.54,0.8487359928,-18.51,-1.084373424,257.768,-0.4042521959,-0.5701473772
2.408,0.45,0.9,1.39549518,-10.5,-0.6489126003,269.459,-0.1669460465,-1.71046196
2.409,0.64,1.28,1.956083507,-0.46,-0.03039792141,269.973,-0.1567505044,-10.45204361
2.41,0.77,1.54,2.329852633,3.09,0.2090759895,270.085,-0.1545314834,42.71470765
2.411,0.77,1.54,2.329852633,3.2,0.2166772187,269.824,-0.1597040221,40.89383735
2.412,0.66,1.32,2.014104259,0.41,0.02725121946,269.129,-0.173502079,-13.77157212
2.413,0.52,1.04,1.604004813,-6.97,-0.4410271742,268.493,-0.186160049,-2.557457731
2.414,0.42,0.84,1.305427805,-11.84,-0.7252074927,267.521,-0.2055632948,-1.402523395
2.415,0.42,0.84,1.305427805,-11.81,-0.7235149112,266.735,-0.2213051977,-1.3816681
2.416,0.47,0.94,1.455304729,-9.4,-0.585214155,265.797,-0.2401521597,-1.76322283
2.417,0.53,1.06,1.633603609,-6.44,-0.4089354179,264.987,-0.2564808485,-2.455010031
2.418,0.59,1.18,1.810207839,-2.99,-0.1942831505,265.399,-0.2481691644,-4.091306064
2.419,0.64,1.28,1.956083507,-0.34,-0.02248599305,264.72,-0.2618742079,-6.878893392
2.42,0.63,1.26,1.927002521,-0.94,-0.06191919878,264.713,-0.26201568,-5.948734289
2.421,0.5,1,1.544666,-5.92,-0.3772225855,263.399,-0.2886384968,-2.319802195
2.422,0.21,0.42,0.6630936312,-16.65,-0.9875906969,263.886,-0.2787559826,-0.5236272514
2.423,-0.12,-0.24,-0.3882312192,-28.46,-1.560454755,261.867,-0.3198463924,0.2064728938
2.424,-0.28,-0.56,-0.9164173312,-34.27,-1.80819439,258.601,-0.3869910751,0.4174669274
2.425,-0.28,-0.56,-0.9164173312,-34.06,-1.799603517,253.443,-0.4947795989,0.3994177454
2.426,-0.27,-0.54,-0.8830526472,-33.87,-1.791807888,239.405,-0.7996347285,0.3407571681
2.427,-0.43,-0.86,-1.422536423,-39.41,-2.01037604,235.575,-0.8859160208,0.4911577954
2.428,-0.75,-1.5,-2.5376565,-50.66,-2.402829111,231.887,-0.9703344736,0.7523075701
2.429,-0.97,-1.94,-3.332263271,-58.52,-2.641215482,227.773,-1.066103032,0.8988338225
2.43,-0.83,-1.66,-2.823968295,-54.33,-2.517489121,224.002,-1.155418813,0.7688644382
2.431,-0.41,-0.82,-1.354441921,-40.86,-2.064689263,223.397,-1.169888009,0.4187384646
2.432,-0.01,-0.02,-0.0320936968,-27.07,-1.49799522,222.122,-1.200509683,0.01189314007
2.433,0.05,0.1,0.15976238,-24.74,-1.390421573,221.554,-1.214207975,-0.06133785134
2.434,-0.25,-0.5,-0.8164645,-35.82,-1.870787259,220.979,-1.2281109,0.2634692907
2.435,-0.6,-1.2,-2.00894208,-48.97,-2.34793628,221.63,-1.212373071,0.5642605409
2.436,-0.78,-1.56,-2.644670371,-55.81,-2.562038156,223.925,-1.157258175,0.7110673996
2.437,-0.82,-1.64,-2.788014563,-56.94,-2.59542336,225.649,-1.116226242,0.7511524152
2.438,-0.77,-1.54,-2.608952007,-55.66,-2.55756592,225.551,-1.118550267,0.7097033594
2.439,-0.69,-1.38,-2.324899745,-53.03,-2.47756865,225.764,-1.113500357,0.6474116037
2.44,-0.56,-1.12,-1.869740365,-49.06,-2.350893876,226.674,-1.091979147,0.5430756094
2.441,-0.43,-0.86,-1.422536423,-44.83,-2.207575034,228.234,-1.05528587,0.4359782612
2.442,-0.33,-0.66,-1.083946855,-41.62,-2.092695215,229.166,-1.033483478,0.3467322125
2.443,-0.29,-0.58,-0.9498290888,-40.21,-2.040485889,230.323,-1.006540665,0.3117232724
2.444,-0.3,-0.6,-0.98328792,-40.33,-2.044971729,231.191,-0.9864164417,0.3243688583
2.445,-0.31,-0.62,-1.016793825,-40.88,-2.0654303,232.666,-0.9523918324,0.3369296731
2.446,-0.32,-0.64,-1.050346803,-41.14,-2.07504387,234.073,-0.9201362343,0.3506790131
2.447,-0.32,-0.64,-1.050346803,-41.15,-2.075412886,235.157,-0.8954173957,0.3535532844
2.448,-0.3,-0.6,-0.98328792,-40.63,-2.05615157,236.839,-0.8572868264,0.3375008448
2.449,-0.29,-0.58,-0.9498290888,-40.13,-2.037490905,239.119,-0.8060298108,0.3340327656
2.45,-0.32,-0.64,-1.050346803,-41.35,-2.082781747,241.84,-0.7454944832,0.3713734861
2.451,-0.36,-0.72,-1.185029453,-43.23,-2.150994711,244.962,-0.6768713921,0.4190543009
2.452,-0.34,-0.68,-1.117593981,-42.41,-2.121475107,249.844,-0.5712964897,0.4150348221
2.453,-0.2,-0.4,-0.65081792,-37.85,-1.950627645,254.112,-0.4806760945,0.2676826878
2.454,0,0,0,-30.69,-1.658047328,259.525,-0.3679092099,-0
2.455,0.19,0.38,0.6008362552,-23.71,-1.341697053,270.143,-0.1533827092,-0.4018757195
2.456,0.33,0.66,1.032683705,-17.81,-1.048249465,271.409,-0.1283689992,-0.8776708304
2.457,0.48,0.96,1.485138893,-10.95,-0.6746925819,271.925,-0.1182072908,-1.873047208
2.458,0.64,1.28,1.956083507,-2.89,-0.1879106268,272.284,-0.1111487884,-6.540785569
2.459,0.76,1.52,2.301383603,1.81,0.1214303351,272.756,-0.1018826771,117.7319354
2.46,0.83,1.66,2.499678265,3.59,0.2437157346,273.372,-0.0898137065,16.24200991
2.461,0.85,1.7,2.55591022,4.02,0.2736882735,273.901,-0.07947096757,13.16005393
2.462,0.81,1.62,2.443258015,3.1,0.2097665561,274.484,-0.06809556096,17.24600023
2.463,0.76,1.52,2.301383603,1.69,0.1132892213,274.323,-0.07123455163,54.72361627
2.464,0.75,1.5,2.2728675,1.43,0.0956944162,273.781,-0.08181539375,163.7627944
2.465,0.82,1.64,2.471491677,3.2,0.2166772187,273.165,-0.09386631429,20.12436672
2.466,0.93,1.86,2.778955097,5.97,0.4117448525,272.769,-0.1016276934,8.960984633
2.467,0.99,1.98,2.944261663,7.58,0.5283974863,272.125,-0.1142738286,7.109619576
2.468,0.97,1.94,2.889347769,7,0.4860930969,271.374,-0.1290589618,8.092637327
2.469,0.87,1.74,2.611953881,4.48,0.3059393875,270.698,-0.1424025836,15.97165788
2.47,0.71,1.42,2.158332351,0.39,0.0259184403,270.487,-0.146574355,-17.88832612
2.471,0.5,1,1.544666,-7.92,-0.497970509,269.509,-0.1659534087,-2.326570799
2.472,0.28,0.56,0.8795116288,-16.44,-0.976502386,267.469,-0.2066033143,-0.7433922671
2.473,0.12,0.24,0.3814526208,-22.25,-1.271377732,264.167,-0.2730620461,-0.2469844575
2.474,0.07,0.14,0.2233378168,-24.3,-1.369695999,260.773,-0.3422438688,-0.1304589145
2.475,0.06,0.12,0.1915736352,-24.44,-1.376304822,256.161,-0.4377100394,-0.1056075335
2.476,0.02,0.04,0.0640461728,-26.07,-1.452271815,243.96,-0.698800074,-0.02977407363
2.477,-0.12,-0.24,-0.3882312192,-30.95,-1.669219767,241.036,-0.7633102536,0.1595997648
2.478,-0.3,-0.6,-0.98328792,-37.87,-1.951402401,237.976,-0.8316643771,0.353310933
2.479,-0.48,-0.96,-1.593596467,-44.43,-2.193554939,234.809,-0.9033405235,0.5145787084
2.48,-0.61,-1.22,-2.043860193,-49.19,-2.355159087,230.991,-0.9910466526,0.6107993208
2.481,-0.71,-1.42,-2.395630369,-52.68,-2.466692194,229.281,-1.030799417,0.6849567163
2.482,-0.8,-1.6,-2.71624832,-55.86,-2.563526774,227.185,-1.079932008,0.7455136677
2.483,-0.88,-1.76,-3.004443059,-58.92,-2.652647524,226.5,-1.096087503,0.8014551677
2.484,-0.94,-1.88,-3.222566205,-61.1,-2.713841472,225.547,-1.118645146,0.8408551746
2.485,-0.95,-1.9,-3.25908482,-61.21,-2.716880422,227.482,-1.072942496,0.8599570192
2.486,-0.88,-1.76,-3.004443059,-59.2,-2.660611859,229.718,-1.020612245,0.8161532615
2.487,-0.77,-1.54,-2.608952007,-55.91,-2.565014329,232.128,-0.9647771097,0.7391235579
2.488,-0.66,-1.32,-2.219156861,-52.31,-2.45513415,234.99,-0.899218122,0.6615753746
2.489,-0.55,-1.1,-1.83505762,-48.92,-2.346291487,237.535,-0.8415878097,0.5756358536
2.49,-0.46,-0.92,-1.525031229,-45.96,-2.246738067,240.548,-0.7741528102,0.5048283074
2.491,-0.4,-0.8,-1.32046528,-44,-2.17839078,243.894,-0.7002476382,0.4587117547
2.492,-0.4,-0.8,-1.32046528,-44.13,-2.182985445,248.234,-0.6058835624,0.4734769818
2.493,-0.41,-0.82,-1.354441921,-44.39,-2.192148375,251.571,-0.5344428394,0.496752837
2.494,-0.29,-0.58,-0.9498290888,-40.53,-2.052430465,256.098,-0.4390259753,0.3812344754
2.495,-0.03,-0.06,-0.0964223112,-31.54,-1.694415094,267.833,-0.1993274203,0.0509162732
2.496,0.27,0.54,0.8487359928,-20.23,-1.171619478,269.529,-0.1655564051,-0.6347227791
2.497,0.46,0.92,1.425423491,-11.53,-0.7076833433,270.896,-0.1384907971,-1.684550996
2.498,0.53,1.06,1.633603609,-8.15,-0.5116455393,271.998,-0.1167712419,-2.5995544
2.499,0.57,1.14,1.751528057,-6.47,-0.4107581458,272.272,-0.1113845768,-3.354500563
2.5,0.59,1.18,1.810207839,-5.2,-0.3329398539,272.174,-0.1133105713,-4.05648429
2.501,0.56,1.12,1.722117555,-6.39,-0.4058958778,271.145,-0.133575486,-3.192231638
2.502,0.47,0.94,1.455304729,-10.15,-0.6287500019,269.956,-0.1570874005,-1.851915835
2.503,0.33,0.66,1.032683705,-15.31,-0.9162684814,268.622,-0.1835902082,-0.9389239859
2.504,0.2,0.4,0.63198848,-20.37,-1.178626991,267.272,-0.2105452228,-0.4549389007
2.505,0.07,0.14,0.2233378168,-25.27,-1.415211742,264.794,-0.2603788744,-0.1332890114
2.506,-0.08,-0.16,-0.2580676352,-30.86,-1.665357204,262.06,-0.3159048126,0.1302541678
2.507,-0.24,-0.48,-0.7832410368,-36.69,-1.905297862,253.982,-0.483413777,0.3278926699
2.508,-0.37,-0.74,-1.218817799,-41.61,-2.092328755,246.45,-0.6444715959,0.4453440672
2.509,-0.46,-0.92,-1.525031229,-45.05,-2.215250909,242.946,-0.7210832574,0.5193656929
2.51,-0.53,-1.06,-1.765833351,-47.34,-2.29369025,239.276,-0.8025182773,0.5703211963
2.511,-0.59,-1.18,-1.974071041,-49.68,-2.371162954,236.173,-0.8723524161,0.6086208375
2.512,-0.69,-1.38,-2.324899745,-53.44,-2.490239855,232.689,-0.9518629888,0.6754300643
2.513,-0.8,-1.6,-2.71624832,-57.43,-2.609734308,229.347,-1.029259607,0.7464283765
2.514,-0.87,-1.74,-2.968253959,-59.95,-2.681791855,225.733,-1.114235024,0.7819370235
2.515,-0.89,-1.78,-3.040679233,-60.58,-2.699412781,222.697,-1.186678206,0.7824518887
2.516,-0.86,-1.72,-2.932111933,-59.79,-2.677292046,220.992,-1.227796174,0.7508439676
2.517,-0.84,-1.68,-2.859969101,-59.03,-2.655780098,218.304,-1.293269019,0.7242171511
2.518,-0.82,-1.64,-2.788014563,-58.66,-2.645224006,214.897,-1.377423145,0.6930795713
2.519,-0.81,-1.62,-2.752107905,-58.19,-2.631735519,214.43,-1.389062064,0.6844681554
2.52,-0.8,-1.6,-2.71624832,-57.99,-2.625968598,215.64,-1.358957583,0.6816307748
2.521,-0.8,-1.6,-2.71624832,-58.04,-2.627411854,217.239,-1.319432963,0.6882075293
2.522,-0.8,-1.6,-2.71624832,-57.97,-2.625391011,218.624,-1.285432486,0.6945463845
2.523,-0.79,-1.58,-2.680435809,-57.56,-2.613514446,220.874,-1.230653601,0.6972733178
2.524,-0.77,-1.54,-2.608952007,-57.11,-2.60039965,222.045,-1.202364616,0.686067246
2.525,-0.75,-1.5,-2.5376565,-56.46,-2.581307624,223.634,-1.164215248,0.6775172885
2.526,-0.68,-1.36,-2.289605043,-54.25,-2.515054007,224.957,-1.132658349,0.6276824541
2.527,-0.56,-1.12,-1.869740365,-50.41,-2.394793978,226.541,-1.095119158,0.5357555596
2.528,-0.46,-0.92,-1.525031229,-47.27,-2.291331483,227.519,-1.072072388,0.4534190027
2.529,-0.43,-0.86,-1.422536423,-46.41,-2.262153406,227.728,-1.06716011,0.4272761987
2.53,-0.44,-0.88,-1.456654285,-46.79,-2.27509155,227.897,-1.063191275,0.4363483745
2.531,-0.42,-0.84,-1.388465635,-46.1,-2.251544897,229.277,-1.030892753,0.4229983273
2.532,-0.38,-0.76,-1.252653219,-44.65,-2.201276226,230.437,-1.0038933,0.3908227659
2.533,-0.39,-0.78,-1.286535713,-45.12,-2.217688016,232.004,-0.9676357792,0.4038947986
2.534,-0.44,-0.88,-1.456654285,-46.93,-2.279840039,233.988,-0.9220793571,0.4549315909
2.535,-0.4,-0.8,-1.32046528,-45.83,-2.242265703,235.913,-0.8782454107,0.4231567304
2.536,-0.24,-0.48,-0.7832410368,-40.59,-2.054663788,239.322,-0.8014898568,0.2742293077
2.537,-0.01,-0.02,-0.0320936968,-32.82,-1.748331297,243.227,-0.7148988326,0.0130291102
2.538,0.18,0.36,0.5696369568,-25.78,-1.438887238,248.514,-0.5998523347,-0.2794064355
2.539,0.29,0.58,0.9102401912,-21.34,-1.226794912,252.473,-0.5152948874,-0.5224990074
2.54,0.35,0.7,1.09362302,-18.8,-1.09923396,260.594,-0.3459174809,-0.7567532295
2.541,0.39,0.78,1.214936767,-17.27,-1.02013588,266.654,-0.2229300906,-0.97737111
2.542,0.42,0.84,1.305427805,-15.75,-0.939836696,267.686,-0.2022645711,-1.143005303
2.543,0.47,0.94,1.455304729,-13.72,-0.8298743071,269.411,-0.167899152,-1.458552255
2.544,0.53,1.06,1.633603609,-10.81,-0.6666893869,270.87,-0.139004303,-2.027574039
2.545,0.63,1.26,1.927002521,-5.69,-0.3631238695,271.947,-0.1177744684,-4.007089168
2.546,0.79,1.58,2.386649471,1.46,0.09772149724,273.003,-0.09704006312,3502.392102
2.547,0.97,1.94,2.889347769,6.1,0.4210739205,273.844,-0.0805844419,8.485865058
2.548,1.11,2.22,3.269790847,9.71,0.6864961027,274.811,-0.06172575892,5.233588437
2.549,1.16,2.32,3.403427379,11.15,0.7958485199,274.806,-0.06182309943,4.636661462
2.55,1.15,2.3,3.37679422,10.88,0.7751918079,274.009,-0.07736186203,4.838992995
2.551,1.14,2.28,3.350113987,10.45,0.7424402967,272.688,-0.1032166363,5.240910489
2.552,1.15,2.3,3.37679422,10.86,0.7736645018,271.005,-0.136338559,5.29837873
2.553,1.21,2.42,3.535887071,12.48,0.8986415616,269.407,-0.1679785852,4.839285943
2.554,1.21,2.42,3.535887071,12.48,0.8986415616,267.858,-0.1988280653,5.052613431
2.555,1.04,2.08,3.080722611,8.06,0.5636483326,266.758,-0.2208438983,8.986822524
2.556,0.71,1.42,2.158332351,-0.72,-0.04749702857,265.325,-0.2496610886,-7.263245479
2.557,0.36,0.72,1.124022067,-17.18,-1.015429303,257.055,-0.4190710849,-0.7835634458
2.558,0.16,0.32,0.5070971392,-26.14,-1.455494137,264.647,-0.2633497438,-0.295022221
2.559,0.14,0.28,0.4443690272,-27.12,-1.500263974,267.774,-0.200506083,-0.2612751943
2.56,0.19,0.38,0.6008362552,-25.43,-1.422658215,267.64,-0.2031840108,-0.3695538506
2.561,0.25,0.5,0.7870435,-22.95,-1.305277211,267.326,-0.2094644107,-0.5195892742
2.562,0.33,0.66,1.032683705,-19.65,-1.142438401,266.826,-0.2194802892,-0.7582565043
2.563,0.43,0.86,1.335497337,-15.26,-0.9135810115,266.456,-0.2269041299,-1.170990562
2.564,0.52,1.04,1.604004813,-11.1,-0.6832501861,265.99,-0.2362688379,-1.744395462
2.565,0.57,1.14,1.751528057,-8.98,-0.5606363342,265.716,-0.2417827878,-2.182809468
2.566,0.56,1.12,1.722117555,-9.14,-0.5700161114,265.682,-0.2424673971,-2.11957232
2.567,0.55,1.1,1.69265998,-9.95,-0.6171845625,265.847,-0.2391458472,-1.976643549
2.568,0.54,1.08,1.663155331,-10.51,-0.6494872388,266.062,-0.2348208591,-1.880741944
2.569,0.53,1.06,1.633603609,-11.01,-0.6781177632,266.11,-0.2338557576,-1.791284036
2.57,0.53,1.06,1.633603609,-10.96,-0.6752636437,266.057,-0.2349214005,-1.794803836
2.571,0.57,1.14,1.751528057,-9.18,-0.5723578229,265.75,-0.2410982661,-2.153193123
2.572,0.64,1.28,1.956083507,-5.21,-0.3335578673,265.269,-0.250790389,-3.34746187
2.573,0.71,1.42,2.158332351,-1.33,-0.08738173801,264.353,-0.2692964363,-6.051203877
2.574,0.74,1.48,2.244304323,0.15,0.009952714238,264.856,-0.2591263492,-9.006989538
2.575,0.77,1.54,2.329852633,0.88,0.05867371064,265.768,-0.2407359077,-12.79701481
2.576,0.85,1.7,2.55591022,2.97,0.2007962711,266.956,-0.2168743564,-158.9685694
2.577,0.98,1.96,2.916828253,6.18,0.4268227197,268.437,-0.1872760232,12.1764495
2.578,1.07,2.14,3.162034297,8.53,0.5983766111,270.177,-0.1527094045,7.09505714
2.579,1.06,2.12,3.134977475,8.34,0.5843122259,271.736,-0.1219270722,6.780013265
2.58,1,2,2.971648,6.84,0.4744786461,271.86,-0.1194862889,8.371019657
2.581,0.98,1.96,2.916828253,6.24,0.4311382393,273.118,-0.09478689941,8.671968585
2.582,1,2,2.971648,6.85,0.4752038448,274.002,-0.07749853812,7.471984784
2.583,1.04,2.08,3.080722611,7.72,0.5386564538,274.225,-0.0731461437,6.61794711
2.584,1.03,2.06,3.053524569,7.63,0.532059276,274.968,-0.05867016741,6.450348167
2.585,0.97,1.94,2.889347769,5.99,0.4131790684,274.823,-0.06149214892,8.215681645
2.586,0.9,1.8,2.69566632,4.17,0.2841836115,274.166,-0.07429732963,12.84346121
2.587,0.87,1.74,2.611953881,3.39,0.2298325276,272.453,-0.1078292047,21.40887492
2.588,0.84,1.68,2.527817779,2.59,0.1746632724,270.885,-0.1387080436,70.30459443
2.589,0.74,1.48,2.244304323,-0.03,-0.001988158449,269.391,-0.1682963295,-13.1797344
2.59,0.53,1.06,1.633603609,-8.82,-0.5512358423,267.983,-0.1963319889,-2.185224592
2.591,0.26,0.52,0.8179132832,-19.5,-1.134852121,264.962,-0.256985614,-0.5876498839
2.592,0.04,0.08,0.1279040512,-28.27,-1.551991655,261.313,-0.3311767227,-0.06791960437
2.593,-0.08,-0.16,-0.2580676352,-32.92,-1.752500929,258.288,-0.3934704167,0.1202567945
2.594,-0.11,-0.22,-0.3556197128,-34.01,-1.79755415,254.384,-0.4749525485,0.1564878612
2.595,-0.16,-0.32,-0.5191479808,-35.92,-1.874776576,248.772,-0.5943010015,0.2102598904
2.596,-0.3,-0.6,-0.98328792,-41.43,-2.085723197,234.508,-0.9102030502,0.3282083199
2.597,-0.5,-1,-1.66235,-48.82,-2.342998286,228.382,-1.051817747,0.4896730731
2.598,-0.62,-1.24,-2.078825379,-53.54,-2.49331903,223.605,-1.16490906,0.5682601871
2.599,-0.58,-1.16,-1.939247075,-52.28,-2.454194293,221.412,-1.217638035,0.5281415114
2.6,-0.46,-0.92,-1.525031229,-48.45,-2.330771418,221.121,-1.224674121,0.4289283051
2.601,-0.38,-0.76,-1.252653219,-45.82,-2.24192132,222.31,-1.195983456,0.3643653042
2.602,-0.34,-0.68,-1.117593981,-44.4,-2.192500093,224.996,-1.131730918,0.3361962441
2.603,-0.31,-0.62,-1.016793825,-43.5,-2.160636602,227.946,-1.062041099,0.3155121049
2.604,-0.31,-0.62,-1.016793825,-43.46,-2.159210598,230.879,-0.9936413221,0.3224997084
2.605,-0.31,-0.62,-1.016793825,-43.68,-2.167043207,233.496,-0.9333404953,0.327957415
2.606,-0.28,-0.56,-0.9164173312,-42.48,-2.124009057,235.664,-0.8838951779,0.3046697167
2.607,-0.18,-0.36,-0.5848888032,-39.2,-2.002413015,237.85,-0.8344977658,0.2061710249
2.608,-0.04,-0.08,-0.1286572288,-34.65,-1.823672362,240.195,-0.7820096083,0.04937564532
2.609,0.07,0.14,0.2233378168,-30.73,-1.659768938,243.037,-0.7190796893,-0.09388483749
2.61,0.16,0.32,0.5070971392,-27.36,-1.511131026,247.063,-0.6311809564,-0.2367055515
2.611,0.28,0.56,0.8795116288,-22.47,-1.282068703,259.059,-0.3775242411,-0.5299562354
2.612,0.43,0.86,1.335497337,-16.42,-0.9754446372,260.213,-0.353745142,-1.004745415
2.613,0.55,1.1,1.69265998,-10.74,-0.6626819535,260.293,-0.3521005884,-1.668002661
2.614,0.64,1.28,1.956083507,-6.1,-0.3882255741,261.552,-0.3262857849,-2.737652079
2.615,0.7,1.4,2.12958088,-3.1,-0.2012830138,261.829,-0.320622797,-4.08039312
2.616,0.71,1.42,2.158332351,-2.38,-0.1552769498,263.003,-0.2966878598,-4.775443365
2.617,0.69,1.38,2.100782335,-3.56,-0.2304428934,264.097,-0.2744798978,-4.160601129
2.618,0.66,1.32,2.014104259,-5.37,-0.3434346626,264.942,-0.2573894608,-3.352236005
2.619,0.63,1.26,1.927002521,-7.07,-0.4470561776,266.225,-0.2315442432,-2.839671862
2.62,0.62,1.24,1.897874461,-7.66,-0.4824596762,267.738,-0.2012253946,-2.775948374
2.621,0.65,1.3,1.98511742,-5.73,-0.3655789946,268.281,-0.1903860363,-3.57057964
2.622,0.74,1.48,2.244304323,-1.06,-0.06976797991,269.848,-0.1592281776,-9.80062001
2.623,0.83,1.66,2.499678265,1.9,0.1275446522,270.441,-0.1474842728,-125.3623784
2.624,0.89,1.78,2.667809247,3.32,0.2249820134,270.198,-0.1522935821,36.70197855
2.625,0.89,1.78,2.667809247,3.38,0.2291393239,270.003,-0.1561560335,36.55369923
2.626,0.87,1.74,2.611953881,2.71,0.1829016744,269.722,-0.1617268339,123.3517621
2.627,0.84,1.68,2.527817779,2.03,0.1363892916,269.658,-0.1629964398,-95.00521307
2.628,0.81,1.62,2.443258015,1.28,0.08557108238,268.678,-0.1824750026,-25.21320097
2.629,0.75,1.5,2.2728675,-0.45,-0.0297390777,268.285,-0.1903062698,-10.32908682
2.63,0.64,1.28,1.956083507,-5.19,-0.3323217565,268.293,-0.1901467404,-3.743926225
2.631,0.5,1,1.544666,-10.92,-0.6729789208,266.98,-0.2163933999,-1.73680467
2.632,0.41,0.82,1.275311199,-14.71,-0.8838935973,265.317,-0.2498224027,-1.12489477
2.633,0.38,0.76,1.184678941,-15.9,-0.9478379292,263.231,-0.2920518991,-0.9554711344
2.634,0.3,0.6,0.94092168,-18.88,-1.103322625,260.137,-0.3553079363,-0.6450719632
2.635,0.05,0.1,0.15976238,-28.79,-1.575098129,256.475,-0.4311560705,-0.07963217226
2.636,-0.27,-0.54,-0.8830526472,-41.2,-2.077257144,253.752,-0.4882608035,0.3442005339
2.637,-0.38,-0.76,-1.252653219,-45.3,-2.22394333,249.107,-0.58710146,0.4456183778
2.638,-0.2,-0.4,-0.65081792,-39.16,-2.000893443,242.973,-0.7204887138,0.2391497711
2.639,0.08,0.16,0.2550549248,-29.65,-1.612929428,237.341,-0.8459590563,-0.1037277316
2.64,0.17,0.34,0.5383905848,-26.28,-1.461928957,227.76,-1.066408388,-0.2129425434
2.641,0.05,0.1,0.15976238,-31.2,-1.679922391,229.006,-1.037220066,-0.05879794029
2.642,-0.08,-0.16,-0.2580676352,-36.48,-1.897008256,228.16,-1.057020774,0.0873612387
2.643,-0.12,-0.24,-0.3882312192,-38.23,-1.965308913,229.267,-1.0311261,0.1295643715
2.644,-0.13,-0.26,-0.4208897992,-38.68,-1.982588323,229.927,-1.015746969,0.1403744939
2.645,-0.14,-0.28,-0.4535954528,-39.04,-1.996329333,230.123,-1.011188333,0.1508205447
2.646,-0.11,-0.22,-0.3556197128,-38.07,-1.959137374,230.678,-0.9983009853,0.1202458579
2.647,-0.02,-0.04,-0.0642344672,-34.8,-1.829758262,232.992,-0.9449009258,0.02315039897
2.648,0.12,0.24,0.3814526208,-29.79,-1.619043092,235.71,-0.8828509964,-0.1524655351
2.649,0.25,0.5,0.7870435,-24.84,-1.395113547,237.141,-0.8504692382,-0.350485186
2.65,0.34,0.68,1.063176899,-21.25,-1.22235387,240.455,-0.7762216123,-0.5319673482
2.651,0.4,0.8,1.24514752,-18.94,-1.106386066,244.167,-0.6942625251,-0.6914994552
2.652,0.44,0.88,1.365519795,-17.29,-1.02118097,246.836,-0.6360987638,-0.8239525093
2.653,0.49,0.98,1.514925983,-15.13,-0.9065847222,254.854,-0.4650770061,-1.104445762
2.654,0.58,1.16,1.780891485,-10.99,-0.6769763532,262.296,-0.3110890001,-1.802402522
2.655,0.72,1.44,2.187036749,-3.83,-0.2474743014,264.801,-0.2602374456,-4.307634719
2.656,0.89,1.78,2.667809247,2.56,0.1726057065,267.467,-0.2066433191,-78.37827171
2.657,1.05,2.1,3.10787358,6.83,0.4737535413,268.487,-0.1862796065,10.8109752
2.658,1.2,2.4,3.50948928,10.88,0.7751918079,269.414,-0.167839578,5.778342627
2.659,1.32,2.64,3.823155917,14.03,1.020638008,269.752,-0.1611318099,4.448084173
2.66,1.36,2.72,3.926205107,14.96,1.094984571,270.714,-0.1420863734,4.12027761
2.661,1.32,2.64,3.823155917,14.1,1.02620387,271.839,-0.1198995691,4.218402044
2.662,1.24,2.48,3.614798003,11.95,0.857471161,273.004,-0.0970204663,4.753494248
2.663,1.17,2.34,3.430013465,10.2,0.7234810798,273.426,-0.08875700914,5.403944207
2.664,1.13,2.26,3.323386681,9.25,0.6519858091,273.531,-0.08670291711,5.879156663
2.665,1.09,2.18,3.216006719,8.18,0.5724951674,273.234,-0.0925151039,6.700292291
2.666,1.04,2.08,3.080722611,6.76,0.4686804357,272.342,-0.1100092908,8.589268065
2.667,1.01,2.02,2.998987263,5.95,0.4103110093,272.831,-0.1004117843,9.677298366
2.668,1.05,2.1,3.10787358,6.97,0.4839135551,273.244,-0.09231930462,7.936463766
2.669,1.11,2.22,3.269790847,8.76,0.6154479405,274.012,-0.07730328763,6.07604448
2.67,1.11,2.22,3.269790847,8.6,0.6035668934,274.804,-0.06186203613,6.036111369
2.671,1,2,2.971648,5.77,0.3974231805,275.759,-0.04330192539,8.391611508
2.672,0.87,1.74,2.611953881,2.47,0.1664378882,274.742,-0.06306921442,25.26833116
2.673,0.83,1.66,2.499678265,1.17,0.07816007964,273.757,-0.08228440229,-606.082132
2.674,0.82,1.64,2.471491677,1.01,0.06739971161,273.405,-0.0891679222,-113.5367405
2.675,0.74,1.48,2.244304323,-1.88,-0.123065179,272.933,-0.09841201881,-10.1333426
2.676,0.59,1.18,1.810207839,-7.95,-0.4997566601,272.322,-0.1104021936,-2.966781238
2.677,0.49,0.98,1.514925983,-11.7,-0.7173027255,270.618,-0.1439839151,-1.758910346
2.678,0.46,0.92,1.425423491,-12.82,-0.780110914,267.41,-0.2077835812,-1.442890408
2.679,0.39,0.78,1.214936767,-15.68,-0.9360969855,265.359,-0.2489755583,-1.025200334
2.68,0.19,0.38,0.6008362552,-23.54,-1.333585162,263.001,-0.2967285439,-0.3685402711
2.681,-0.09,-0.18,-0.2905379208,-34.18,-1.804515842,259.348,-0.3715592361,0.1335146585
2.682,-0.29,-0.58,-0.9498290888,-41.68,-2.09489284,256.261,-0.4356219167,0.3753501481
2.683,-0.35,-0.7,-1.15128818,-43.86,-2.173432812,251.595,-0.533932471,0.4252430167
2.684,-0.31,-0.62,-1.016793825,-42.8,-2.135559514,247.007,-0.63239374,0.3673450133
2.685,-0.23,-0.46,-0.7500646472,-39.95,-2.030739225,243.576,-0.7072277611,0.2739494855
2.686,-0.1,-0.2,-0.32305528,-35.78,-1.869189884,233.032,-0.9439825182,0.1148366448
2.687,0.05,0.1,0.15976238,-30.25,-1.63904284,233.948,-0.9229940121,-0.06235756519
2.688,0.24,0.48,0.7561266432,-23.23,-1.318741538,234.415,-0.912325147,-0.3389081323
2.689,0.4,0.8,1.24514752,-16.52,-0.9807303901,241.212,-0.7594052087,-0.7155462602
2.69,0.48,0.96,1.485138893,-12.94,-0.7867822989,242.765,-0.7250706081,-0.9823302823
2.691,0.47,0.94,1.455304729,-13.41,-0.8128043309,243.578,-0.7071838325,-0.9574447775
2.692,0.42,0.84,1.305427805,-15.41,-0.9216377426,243.933,-0.699392212,-0.8053076386
2.693,0.36,0.72,1.124022067,-17.46,-1.030052276,244.344,-0.6903856419,-0.6533348605
2.694,0.26,0.52,0.8179132832,-21.58,-1.238609678,245.033,-0.6753209681,-0.4273473989
2.695,0.09,0.18,0.2867249592,-28.1,-1.544399488,245.632,-0.6622584852,-0.129936294
2.696,-0.07,-0.14,-0.2256444232,-34.19,-1.80492481,246.725,-0.6385051533,0.09234740777
2.697,-0.12,-0.24,-0.3882312192,-36.37,-1.892655812,247.646,-0.6185713154,0.1545982102
2.698,-0.08,-0.16,-0.2580676352,-35,-1.837851888,249.302,-0.5829151389,0.1066057297
2.699,-0.07,-0.14,-0.2256444232,-34.49,-1.817165885,250.158,-0.5645769157,0.09473920656
2.7,-0.13,-0.26,-0.4208897992,-36.85,-1.91159652,252.258,-0.5198527611,0.1731024383
2.701,-0.21,-0.42,-0.6838530888,-39.99,-2.032241151,260.473,-0.3484021902,0.2872555821
2.702,-0.26,-0.52,-0.8497350368,-41.8,-2.099282249,258.992,-0.3789080817,0.3428853008
2.703,-0.29,-0.58,-0.9498290888,-42.96,-2.141314298,255.873,-0.4437283904,0.3674326513
2.704,-0.3,-0.6,-0.98328792,-43.27,-2.152425566,251.51,-0.5357402448,0.3657839542
2.705,-0.21,-0.42,-0.6838530888,-40.55,-2.053175126,245.775,-0.6591447728,0.2521284783
2.706,-0.06,-0.12,-0.1932682848,-35.35,-1.851958417,236.726,-0.8598400134,0.07126941392
2.707,0.1,0.2,0.31834792,-29.57,-1.609430277,236.024,-0.8757287612,-0.1280996166
2.708,0.23,0.46,0.7251627128,-24.82,-1.394175695,235.747,-0.8820112592,-0.3185866219
2.709,0.32,0.64,1.002143437,-21.2,-1.219884144,234.883,-0.9016547379,-0.4723662834
2.71,0.42,0.84,1.305427805,-16.95,-1.003374068,233.618,-0.9305458884,-0.6750164611
2.711,0.5,1,1.544666,-13.31,-0.807282055,232.591,-0.9541166855,-0.8769541867
2.712,0.52,1.04,1.604004813,-12.39,-0.7561130555,231.53,-0.9785773753,-0.9246634352
2.713,0.51,1.02,1.574358943,-12.71,-0.7739856404,231.322,-0.9833858241,-0.8958600814
2.714,0.51,1.02,1.574358943,-12.83,-0.7806672903,230.29,-1.007307252,-0.8805264871
2.715,0.48,0.96,1.485138893,-14.29,-0.8610680197,229.208,-1.032503056,-0.7843058609
2.716,0.38,0.76,1.184678941,-18.17,-1.066872416,229.44,-1.027090626,-0.5657592408
2.717,0.28,0.56,0.8795116288,-22.38,-1.277699216,230.4,-1.004752389,-0.3853363756
2.718,0.2,0.4,0.63198848,-25.69,-1.434721931,230.985,-0.9911856208,-0.2605163085
2.719,0.15,0.3,0.47575662,-27.79,-1.530506376,232.03,-0.9670362542,-0.1904898896
2.72,0.14,0.28,0.4443690272,-28.37,-1.556448844,233.451,-0.9343716616,-0.1784026694
2.721,0.14,0.28,0.4443690272,-28.13,-1.545740651,234.863,-0.9021103032,-0.1815343481
2.722,0.19,0.38,0.6008362552,-26.25,-1.460551169,236.99,-0.8538769463,-0.2596046303
2.723,0.32,0.64,1.002143437,-21.41,-1.230245092,239.66,-0.7939392587,-0.495085063
2.724,0.4,0.8,1.24514752,-17.74,-1.044617259,243.493,-0.7090511167,-0.7100245046
2.725,0.32,0.64,1.002143437,-21.41,-1.230245092,246.099,-0.6520966253,-0.5323918752
2.726,0.11,0.22,0.3499238072,-30.08,-1.631667319,249.343,-0.5820353547,-0.1580717281
2.727,-0.06,-0.12,-0.1932682848,-37.09,-1.921016643,259.477,-0.3688988014,0.08439974728
2.728,-0.08,-0.16,-0.2580676352,-38.2,-1.964152861,259.975,-0.3586406801,0.11110227
2.729,0.01,0.02,0.0320466232,-35.08,-1.84108266,260.811,-0.3414643204,-0.01468313099
2.73,0.08,0.16,0.2550549248,-32.61,-1.739555083,261.592,-0.3254676545,-0.1235119208
2.731,0.13,0.26,0.4129343608,-30.71,-1.658908259,262.131,-0.3144555317,-0.2092540477
2.732,0.32,0.64,1.002143437,-23.54,-1.333585162,262.639,-0.3040974668,-0.6119277443
2.733,0.73,1.46,2.215694073,-5.16,-0.33046696,263.112,-0.2944710441,-3.545462203
2.734,1.23,2.46,3.588541433,10.48,0.7447194677,263.726,-0.2820007914,7.755341672
2.735,1.59,3.18,4.504121599,18.68,1.401132551,264.313,-0.2701060212,3.982330637
2.736,1.7,3.4,4.77171368,20.8,1.581989574,264.84,-0.2594495534,3.607991897
2.737,1.64,3.28,4.626460467,19.54,1.473933415,265.307,-0.250024052,3.780067877
2.738,1.6,3.2,4.52868352,18.83,1.413775067,265.636,-0.2433937726,3.869408663
2.739,1.67,3.34,4.699298905,20.27,1.536334569,265.97,-0.2366711237,3.615781394
2.74,1.76,3.52,4.915272243,21.88,1.675939444,266.377,-0.2284905557,3.395817484
2.741,1.76,3.52,4.915272243,21.91,1.6785668,266.876,-0.2184778571,3.366419743
2.742,1.67,3.34,4.699298905,20.28,1.537193253,267.38,-0.2083838168,3.536473158
2.743,1.56,3.12,4.430153395,18.22,1.362507385,267.865,-0.1986882542,3.806565192
2.744,1.49,2.98,4.255913343,17.05,1.265247458,268.341,-0.1891896635,3.95509736
2.745,1.49,2.98,4.255913343,17.05,1.265247458,268.682,-0.1823953539,3.93028127
2.746,1.51,3.02,4.305931583,17.44,1.297511257,269.044,-0.175192056,3.836637188
2.747,1.51,3.02,4.305931583,17.32,1.28756734,269.43,-0.1675218608,3.844425663
2.748,1.46,2.92,4.180532931,16.44,1.21509526,269.666,-0.1628377226,3.97291802
2.749,1.38,2.76,3.977447261,14.97,1.09578871,269.502,-0.1660923669,4.278221907
2.75,1.31,2.62,3.797275935,13.14,0.9502973436,269.109,-0.1738996726,4.890890425
2.751,1.29,2.58,3.745374751,12.7,0.9158123613,268.741,-0.181220674,5.098580363
2.752,1.33,2.66,3.848988825,13.84,1.005555305,268.363,-0.1887510604,4.712253701
2.753,1.39,2.78,4.002997727,15.09,1.105446223,268.182,-0.1923606367,4.384033421
2.754,1.39,2.78,4.002997727,15.22,1.115924885,268.088,-0.1942361844,4.343112511
2.755,1.34,2.68,3.874774659,13.99,1.017459711,267.981,-0.196371917,4.719074731
2.756,1.25,2.5,3.6410075,11.66,0.8350606483,267.699,-0.202004758,5.751478749
2.757,1.16,2.32,3.403427379,9.55,0.674469466,267.206,-0.211866512,7.357124181
2.758,1.11,2.22,3.269790847,8.27,0.5791392686,266.567,-0.2246758959,9.224622622
2.759,1.08,2.16,3.189044045,7.37,0.5130437536,266.046,-0.2351425983,11.47546163
2.76,1.01,2.02,2.998987263,5.69,0.3917049323,265.543,-0.2452671524,20.47960072
2.761,0.91,1.82,2.723476319,3,0.2028649755,265.272,-0.2507298847,-56.89922669
2.762,0.81,1.62,2.443258015,0.48,0.03191873829,265.22,-0.2517787224,-11.11279083
2.763,0.77,1.54,2.329852633,-1.15,-0.07564630481,265.3,-0.2501652111,-7.15092168
2.764,0.78,1.56,2.358274589,-0.91,-0.05995503512,265.42,-0.2477458562,-7.664178606
2.765,0.77,1.54,2.329852633,-1.46,-0.09583975751,265.647,-0.2431722334,-6.872478541
2.766,0.72,1.44,2.187036749,-3.72,-0.240543081,266.061,-0.2348409672,-4.600568229
2.767,0.69,1.38,2.100782335,-5.67,-0.3618958053,266.715,-0.22170636,-3.599682216
2.768,0.66,1.32,2.014104259,-6.96,-0.4404238199,267.366,-0.2086639498,-3.102976751
2.769,0.6,1.2,1.83947712,-10.16,-0.6293274337,267.96,-0.1967911796,-2.226650133
2.77,0.5,1,1.544666,-15.1,-0.9049683735,268.411,-0.1877942332,-1.413542146
2.771,0.45,0.9,1.39549518,-17.33,-1.023270261,268.657,-0.1828931775,-1.156970221
2.772,0.53,1.06,1.633603609,-13.95,-0.8424912778,268.664,-0.1827537822,-1.593378669
2.773,0.69,1.38,2.100782335,-6.35,-0.403462751,268.736,-0.1813202132,-3.592413705
2.774,0.81,1.62,2.443258015,0.33,0.02192222892,269.229,-0.1715145539,-16.33277653
2.775,0.88,1.76,2.639905101,2.01,0.135027589,269.756,-0.1610524784,-101.4377068
2.776,0.95,1.9,2.83424558,3.8,0.2583323737,270.405,-0.1481964903,25.73407952
2.777,1.05,2.1,3.10787358,6.43,0.4448262407,270.949,-0.1374441879,10.11078412
2.778,1.15,2.3,3.37679422,9.07,0.6385370409,271.509,-0.1263981675,6.593512805
2.779,1.21,2.42,3.535887071,10.57,0.7515622124,271.889,-0.1189156212,5.589039948
2.78,1.21,2.42,3.535887071,10.71,0.7622220918,272.39,-0.1090664418,5.413544338
2.781,1.18,2.36,3.456552477,9.79,0.6925186578,272.812,-0.1007843722,5.841392938
2.782,1.08,2.16,3.189044045,7.42,0.5166956286,273.298,-0.09126211231,7.495986852
2.783,0.96,1.92,2.861820211,4.2,0.286285154,273.899,-0.07951003292,13.84025407
2.784,0.87,1.74,2.611953881,2.04,0.1370702779,274.676,-0.06435457458,35.92008001
2.785,0.88,1.76,2.639905101,2.24,0.1507089033,275.707,-0.04431087246,24.81159735
2.786,0.95,1.9,2.83424558,3.97,0.2701944075,275.371,-0.05083481361,12.92054535
2.787,1,2,2.971648,5.11,0.3504252631,275.344,-0.05135940437,9.936433442
2.788,0.97,1.94,2.889347769,4.36,0.2975073278,275.434,-0.04961096851,11.65546673
2.789,0.89,1.78,2.667809247,2.49,0.1678078821,275.161,-0.05491632043,23.63160901
2.79,0.83,1.66,2.499678265,0.99,0.0660562702,274.611,-0.06562076147,5739.674311
2.791,0.81,1.62,2.443258015,0.38,0.02525218363,273.748,-0.0824602911,-42.70824754
2.792,0.8,1.6,2.41497728,0.04,0.002652113866,272.651,-0.1039426067,-23.8420923
2.793,0.75,1.5,2.2728675,-2.14,-0.1398422971,270.807,-0.1402487715,-8.114744649
2.794,0.63,1.26,1.927002521,-7.65,-0.4818619997,269.157,-0.1729454975,-2.942853478
2.795,0.44,0.88,1.365519795,-15.66,-0.9350278181,266.283,-0.2303788147,-1.171711021
2.796,0.32,0.64,1.002143437,-20.79,-1.199565442,262.919,-0.2983968585,-0.6690044446
2.797,0.39,0.78,1.214936767,-18.27,-1.072028563,260.311,-0.3517306335,-0.8533302334
2.798,0.54,1.08,1.663155331,-11.41,-0.7008794776,257.426,-0.4113551524,-1.495327772
2.799,0.58,1.16,1.780891485,-9.34,-0.5817117538,251.621,-0.5333796269,-1.597081204
2.8,0.38,0.76,1.184678941,-17.69,-1.042020615,237.212,-0.8488676883,-0.6265197892
2.801,-0.02,-0.04,-0.0642344672,-33.6,-1.780692295,234.623,-0.9075801154,0.02389432966
2.802,-0.34,-0.68,-1.117593981,-45.78,-2.240543281,232.046,-0.9666673491,0.3484629198
2.803,-0.4,-0.8,-1.32046528,-48.13,-2.32014323,231.407,-0.9814203108,0.3999514969
2.804,-0.29,-0.58,-0.9498290888,-44.55,-2.197769656,231.13,-0.9878282313,0.298163523
2.805,-0.14,-0.28,-0.4535954528,-39.72,-2.022085888,231.789,-0.9725959666,0.1514669921
2.806,-0.09,-0.18,-0.2905379208,-37.95,-1.954499134,232.27,-0.961505347,0.0996356222
2.807,-0.12,-0.24,-0.3882312192,-39.12,-1.999372973,233.016,-0.9443498623,0.1318844337
2.808,-0.12,-0.24,-0.3882312192,-39.41,-2.01037604,233.632,-0.9302252891,0.1320244317
2.809,-0.08,-0.16,-0.2580676352,-37.94,-1.954112242,234.986,-0.8993091905,0.0904414722
2.81,0.03,0.06,0.0959986488,-34.25,-1.807377356,237.61,-0.8398988516,-0.03626317817
2.811,0.19,0.38,0.6008362552,-28.32,-1.554221063,238.548,-0.8188205268,-0.2531924673
2.812,0.37,0.74,1.154374041,-21.6,-1.239592405,239.36,-0.8006404411,-0.5658050468
2.813,0.5,1,1.544666,-15.94,-0.949968731,240.932,-0.7656191206,-0.9003712626
2.814,0.59,1.18,1.810207839,-12.04,-0.736473308,243.172,-0.7161087447,-1.246200059
2.815,0.63,1.26,1.927002521,-9.85,-0.6113898286,245.339,-0.6686439955,-1.505430938
2.816,0.65,1.3,1.98511742,-9.03,-0.5635697383,247.456,-0.6226775402,-1.673443182
2.817,0.64,1.28,1.956083507,-9.59,-0.5962859644,250.501,-0.5572463762,-1.695733564
2.818,0.62,1.24,1.897874461,-10.58,-0.6535074781,261.627,-0.3247518931,-1.94005242
2.819,0.63,1.26,1.927002521,-9.95,-0.6171845625,262.813,-0.3005542315,-2.099728739
2.82,0.7,1.4,2.12958088,-6.67,-0.4228905923,263.92,-0.2780667142,-3.038103548
2.821,0.8,1.6,2.41497728,-1.24,-0.08151755551,264.748,-0.2613083569,-7.044325392
2.822,0.88,1.76,2.639905101,1.62,0.1085462017,265.749,-0.2411183978,-19.91296198
2.823,0.93,1.86,2.778955097,2.74,0.1849633106,266.878,-0.2184377638,-83.01719167
2.824,0.94,1.88,2.806623875,3.02,0.2042445655,267.752,-0.2009456508,850.7718978
2.825,0.94,1.88,2.806623875,3.01,0.2035547251,268.436,-0.1872959534,172.6221342
2.826,0.94,1.88,2.806623875,3.12,0.2111479618,269.081,-0.1744563533,76.49225503
2.827,0.94,1.88,2.806623875,3.19,0.2159857435,269.377,-0.1685743712,59.19727145
2.828,0.93,1.86,2.778955097,2.89,0.1952837167,269.422,-0.167680717,100.6758369
2.829,0.9,1.8,2.69566632,2.14,0.143885089,269.064,-0.1747943663,-87.21220785
2.83,0.87,1.74,2.611953881,1.39,0.09299289374,269.041,-0.175251712,-31.75287387
2.831,0.87,1.74,2.611953881,1.27,0.08489690838,269.436,-0.1674027217,-31.6578163
2.832,0.87,1.74,2.611953881,1.36,0.09096769082,269.995,-0.1563145526,-39.9706093
2.833,0.84,1.68,2.527817779,0.49,0.03258588131,270.234,-0.151580819,-21.2430699
2.834,0.77,1.54,2.329852633,-2.59,-0.1687414774,269.608,-0.163988529,-7.002231803
2.835,0.69,1.38,2.100782335,-6.13,-0.390056781,269.055,-0.174973323,-3.718000723
2.836,0.64,1.28,1.956083507,-8.37,-0.5246856107,268.579,-0.1844466847,-2.758418309
2.837,0.6,1.2,1.83947712,-10.01,-0.6206575565,268.296,-0.190086918,-2.268874075
2.838,0.54,1.08,1.663155331,-12.98,-0.7890036076,267.487,-0.2062432847,-1.671098241
2.839,0.43,0.86,1.335497337,-18.06,-1.061192178,266.103,-0.2339964907,-1.031121851
2.84,0.32,0.64,1.002143437,-22.64,-1.290306744,265.094,-0.2543209899,-0.6487928547
2.841,0.31,0.62,0.9715560952,-23.27,-1.320660578,264.546,-0.2653919099,-0.6125623853
2.842,0.39,0.78,1.214936767,-19.99,-1.159573893,263.869,-0.2791006501,-0.8444833984
2.843,0.51,1.02,1.574358943,-14.96,-0.8974163772,262.863,-0.2995364943,-1.315305707
2.844,0.56,1.12,1.722117555,-12.4,-0.7566727833,261.455,-0.3282702708,-1.587288428
2.845,0.51,1.02,1.574358943,-14.95,-0.896876379,260.564,-0.3465334169,-1.26616257
2.846,0.4,0.8,1.24514752,-19.92,-1.156052802,259.559,-0.3672083599,-0.8174222198
2.847,0.31,0.62,0.9715560952,-23.94,-1.352640305,259.179,-0.3750466149,-0.5623449967
2.848,0.31,0.62,0.9715560952,-24.14,-1.362126651,259.358,-0.3713529536,-0.5604658357
2.849,0.38,0.76,1.184678941,-21.15,-1.217412646,259.878,-0.3606372061,-0.7507233941
2.85,0.41,0.82,1.275311199,-19.87,-1.153535578,260.555,-0.3467182115,-0.8500636411
2.851,0.36,0.72,1.124022067,-22.3,-1.273810472,261.034,-0.3368918896,-0.6978459175
2.852,0.34,0.68,1.063176899,-23.41,-1.327368501,261.286,-0.3317295366,-0.6408161994
2.853,0.44,0.88,1.365519795,-19.09,-1.114033214,261.465,-0.3280656506,-0.9468974898
2.854,0.65,1.3,1.98511742,-9.8,-0.6084894545,261.721,-0.3228300361,-2.131510658
2.855,0.81,1.62,2.443258015,-1.2,-0.07890898373,261.942,-0.3183143454,-6.150842199
2.856,0.86,1.72,2.583955587,0.77,0.05130192003,262.385,-0.3092739925,-10.01641597
2.857,0.88,1.76,2.639905101,1.25,0.08354882834,263.116,-0.2943897105,-12.52084071
2.858,0.93,1.86,2.778955097,2.52,0.1698635505,263.487,-0.2868513929,-23.75422129
2.859,0.97,1.94,2.889347769,3.55,0.2409361762,263.679,-0.2829543281,-68.76427544
2.86,0.97,1.94,2.889347769,3.57,0.242325773,263.788,-0.2807431945,-75.20931019
2.861,1,2,2.971648,4.41,0.3010190778,264.029,-0.2758575993,118.1030759
2.862,1.08,2.16,3.189044045,6.24,0.4311382393,264.241,-0.2715635827,19.98465241
2.863,1.08,2.16,3.189044045,6.26,0.4325774929,264.321,-0.2699440944,19.6087893
2.864,1,2,2.971648,4.41,0.3010190778,264.472,-0.2668886454,87.06739977
2.865,0.94,1.88,2.806623875,2.69,0.1815277028,264.729,-0.2616923207,-35.01075596
2.866,0.96,1.92,2.861820211,3.1,0.2097665561,265.225,-0.2516778637,-68.28277088
2.867,1.04,2.08,3.080722611,5.27,0.3617816212,265.943,-0.2372142577,24.73137846
2.868,1.06,2.12,3.134977475,5.79,0.3988536725,266.778,-0.2204428007,17.57167287
2.869,1.01,2.02,2.998987263,4.37,0.298209494,267.373,-0.2085238815,33.43888922
2.87,0.95,1.9,2.83424558,2.88,0.1945950554,267.868,-0.1986283363,-702.7146534
2.871,0.86,1.72,2.583955587,0.67,0.04460962798,268.346,-0.1890899778,-17.88447765
2.872,0.72,1.44,2.187036749,-5.4,-0.3452841702,268.953,-0.1770019174,-4.187430607
2.873,0.53,1.06,1.633603609,-13.96,-0.8430389189,269.583,-0.1644846427,-1.621404869
2.874,0.36,0.72,1.124022067,-21.39,-1.22925968,269.646,-0.1632345244,-0.8072005351
2.875,0.27,0.54,0.8487359928,-25.32,-1.417540621,268.505,-0.185920942,-0.5293148349
2.876,0.22,0.44,0.6941517088,-27.69,-1.526011312,266.39,-0.228229466,-0.3956992207
2.877,0.15,0.3,0.47575662,-30.44,-1.647264359,264.175,-0.2729000298,-0.2477686925
2.878,0.08,0.16,0.2550549248,-33.47,-1.775324561,262.133,-0.3144147125,-0.122051075
2.879,0.06,0.12,0.1915736352,-34.2,-1.805333719,260.295,-0.3520594811,-0.08879866463
2.88,0.17,0.34,0.5383905848,-30.45,-1.647696437,258.348,-0.3922277623,-0.2639267601
2.881,0.34,0.68,1.063176899,-24.07,-1.358809549,254.518,-0.4721351101,-0.5806712364
2.882,0.47,0.94,1.455304729,-18.78,-1.098211065,247.313,-0.6257700946,-0.8441534994
2.883,0.51,1.02,1.574358943,-16.74,-0.9923327507,246.789,-0.6371175534,-0.9661902172
2.884,0.51,1.02,1.574358943,-16.83,-0.9970687654,246.371,-0.6461868231,-0.9580730802
2.885,0.55,1.1,1.69265998,-15.22,-0.9114296718,245.953,-0.6552714931,-1.080397473
2.886,0.64,1.28,1.956083507,-10.92,-0.6729789208,245.349,-0.6684259343,-1.458234999
2.887,0.73,1.46,2.215694073,-6.48,-0.4113655559,245.3,-0.669494519,-2.049936087
2.888,0.78,1.56,2.358274589,-3.85,-0.2487334161,246.236,-0.649119181,-2.626572108
2.889,0.8,1.6,2.41497728,-2.67,-0.1738608231,247.581,-0.6199757219,-3.042159366
2.89,0.83,1.66,2.499678265,-1.2,-0.07890898373,250.029,-0.5673364837,-3.868001233
2.891,0.87,1.74,2.611953881,0.6,0.03993030927,260.081,-0.3564597611,-8.251851022
2.892,0.91,1.82,2.723476319,1.62,0.1085462017,261.315,-0.3311357758,-12.23541727
2.893,0.94,1.88,2.806623875,2.22,0.1493434198,262.205,-0.3129454312,-17.15519174
2.894,0.96,1.92,2.861820211,2.9,0.1959724686,263.15,-0.2936984251,-29.28413612
2.895,1.01,2.02,2.998987263,4.02,0.2736882735,263.959,-0.2772761921,-835.8570899
2.896,1.03,2.06,3.053524569,4.53,0.3094566527,264.65,-0.2632890973,66.14005314
2.897,0.97,1.94,2.889347769,3.07,0.2076951287,265.097,-0.2542604457,-62.0493526
2.898,0.86,1.72,2.583955587,0.11,0.007296713423,265.408,-0.2479877425,-10.73557081
2.899,0.76,1.52,2.301383603,-5.35,-0.3422012381,265.587,-0.2443807404,-3.923379318
2.9,0.74,1.48,2.244304323,-6.66,-0.4222847572,265.552,-0.2450858289,-3.362905663
2.901,0.79,1.58,2.386649471,-4,-0.2581659283,265.446,-0.2472218069,-4.722412724
2.902,0.86,1.72,2.583955587,0.1,0.00663293416,265.407,-0.2480079002,-10.70515153
2.903,0.93,1.86,2.778955097,1.94,0.1302644618,265.339,-0.2493788008,-23.3301475
2.904,0.98,1.96,2.916828253,3.13,0.2118388009,265.206,-0.2520611369,-72.51762436
2.905,0.96,1.92,2.861820211,2.58,0.1739773267,265.009,-0.2560366942,-34.8749972
2.906,0.86,1.72,2.583955587,-0.03,-0.001988158449,264.902,-0.2581972457,-9.931208845
2.907,0.72,1.44,2.187036749,-6.7,-0.4247076006,264.837,-0.2595101564,-3.196404546
2.908,0.59,1.18,1.810207839,-12.73,-0.7751000269,264.684,-0.2626018186,-1.74443926
2.909,0.5,1,1.544666,-16.71,-0.9907527374,264.52,-0.2659177422,-1.229173459
2.91,0.45,0.9,1.39549518,-18.76,-1.097187879,264.511,-0.2660997732,-1.023624895
2.911,0.44,0.88,1.365519795,-19.05,-1.111995574,263.629,-0.2839689154,-0.9781909252
2.912,0.48,0.96,1.485138893,-17.68,-1.041501064,261.877,-0.3196420941,-1.091096762
2.913,0.52,1.04,1.604004813,-15.93,-0.9494361434,259.357,-0.3713735815,-1.214410208
2.914,0.52,1.04,1.604004813,-15.84,-0.9446394691,250.247,-0.5626738571,-1.064148233
2.915,0.47,0.94,1.455304729,-18.02,-1.059124433,249.071,-0.5878746776,-0.8836099057
2.916,0.39,0.78,1.214936767,-21.46,-1.232707384,249.398,-0.5808553835,-0.6699171314
2.917,0.32,0.64,1.002143437,-24.76,-1.391360512,250.563,-0.5559223936,-0.5146367967
2.918,0.24,0.48,0.7561266432,-27.99,-1.539476864,255.624,-0.448937219,-0.3802661879
2.919,0.17,0.34,0.5383905848,-31.08,-1.67479003,259.751,-0.3632523412,-0.2641704571
2.92,0.13,0.26,0.4129343608,-32.57,-1.737880348,258.979,-0.3791766295,-0.1950511324
2.921,0.16,0.32,0.5070971392,-31.61,-1.697389917,258.741,-0.3840955049,-0.2436227196
2.922,0.24,0.48,0.7561266432,-28.85,-1.577752985,258.473,-0.3896398256,-0.3843292703
2.923,0.31,0.62,0.9715560952,-26,-1.449046214,258.67,-0.3855637768,-0.5295709169
2.924,0.39,0.78,1.214936767,-23.03,-1.309129711,258.916,-0.3804782447,-0.719064303
2.925,0.53,1.06,1.633603609,-17.22,-1.017521857,259.175,-0.375129184,-1.173017189
2.926,0.72,1.44,2.187036749,-8.15,-0.5116455393,259.195,-0.3747163514,-2.467430935
2.927,0.89,1.78,2.667809247,0.45,0.02991784121,259.022,-0.3782884073,-7.657963981
2.928,0.97,1.94,2.889347769,2.36,0.1589093763,258.558,-0.3878807434,-12.61881695
2.929,0.97,1.94,2.889347769,2.52,0.1698635505,257.467,-0.4105031307,-12.0069515
2.93,1,2,2.971648,3.16,0.2139118633,255.745,-0.4464053877,-12.78163771
2.931,1.07,2.14,3.162034297,5.09,0.3490073834,247.221,-0.6277606554,-11.34348765
2.932,1.15,2.3,3.37679422,7.06,0.4904547193,248.396,-0.6023932375,-30.16650813
2.933,1.2,2.4,3.50948928,8.25,0.5776621365,250.328,-0.5609424483,209.9015979
2.934,1.22,2.44,3.562237789,8.78,0.6169347889,253.469,-0.4942307857,29.03114563
2.935,1.22,2.44,3.562237789,8.98,0.6318242889,263.65,-0.2835427653,10.22804125
2.936,1.22,2.44,3.562237789,8.85,0.6221417664,264.726,-0.2617529491,9.884429309
2.937,1.2,2.4,3.50948928,8.22,0.5754471511,265.762,-0.2408566911,10.48891018
2.938,1.15,2.3,3.37679422,7.09,0.4926368002,266.999,-0.2160126733,12.20715726
2.939,1.13,2.26,3.323386681,6.37,0.4405000682,268.478,-0.1864589478,13.08208166
2.94,1.16,2.32,3.403427379,7.22,0.5021022725,270.14,-0.1534421225,9.761446439
2.941,1.26,2.52,3.667169923,9.95,0.7045822624,271.45,-0.1275608704,6.355344834
2.942,1.42,2.84,4.079366685,14.34,1.045323983,272.383,-0.1092039303,4.357738812
2.943,1.61,3.22,4.553198367,17.91,1.336600617,272.928,-0.09851002911,3.67759711
2.944,1.76,3.52,4.915272243,20.91,1.591502177,273.096,-0.09521786603,3.284985486
2.945,1.84,3.68,5.104047539,22.37,1.718972778,272.968,-0.09772599699,3.148223699
2.946,1.8,3.6,5.01003648,21.77,1.666313985,272.802,-0.1009804816,3.20061921
2.947,1.69,3.38,4.747622495,19.57,1.476486873,272.548,-0.1059640705,3.464095953
2.948,1.56,3.12,4.430153395,17.15,1.273505381,272.425,-0.1083790525,3.80229447
2.949,1.47,2.94,4.205706809,15.48,1.136933309,272.322,-0.1104021936,4.0970086
2.95,1.43,2.86,4.104728857,14.73,1.076517106,272.228,-0.1122492232,4.256834569
2.951,1.46,2.92,4.180532931,15.3,1.122381755,271.695,-0.1227343504,4.18200749
2.952,1.47,2.94,4.205706809,15.63,1.149084592,270.74,-0.1415725717,4.174349014
2.953,1.43,2.86,4.104728857,14.92,1.09176902,269.033,-0.1754107979,4.479393274
2.954,1.35,2.7,3.90051342,12.91,0.9322472266,267.023,-0.2155317942,5.442206549
2.955,1.17,2.34,3.430013465,7.98,0.5577580344,265.644,-0.2432326523,10.905363
2.956,0.99,1.98,2.944261663,3.26,0.220827979,264.876,-0.2587223713,-77.69650017
2.957,0.93,1.86,2.778955097,1.81,0.1214303351,264.546,-0.2653919099,-19.30345025
2.958,1,2,2.971648,3.56,0.241630929,264.337,-0.2696202555,-106.1707575
2.959,1.17,2.34,3.430013465,7.83,0.5467300784,264.381,-0.2687297998,12.33816557
2.96,1.24,2.48,3.614798003,9.71,0.6864961027,264.478,-0.2667672729,8.612222334
2.961,1.2,2.4,3.50948928,8.71,0.6117324897,264.634,-0.2636125532,10.08126485
2.962,1.23,2.46,3.588541433,9.4,0.6632168394,264.888,-0.2584799993,8.866357289
2.963,1.24,2.48,3.614798003,9.72,0.6872485852,264.904,-0.2581568536,8.424301231
2.964,1.11,2.22,3.269790847,6.41,0.4433838091,264.502,-0.2662818103,18.46275519
2.965,0.9,1.8,2.69566632,0.82,0.05465139965,263.995,-0.2765465831,-12.14837689
2.966,0.76,1.52,2.301383603,-6.4,-0.4065039518,263.401,-0.2885978742,-3.310858233
2.967,0.81,1.62,2.443258015,-3.59,-0.2323383421,262.749,-0.3018572176,-4.573714571
2.968,0.96,1.92,2.861820211,2.05,0.1377513541,262.114,-0.3148025068,-16.16380445
2.969,0.98,1.96,2.916828253,2.56,0.1726057065,261.58,-0.3257130805,-19.05086722
2.97,0.86,1.72,2.583955587,-1.1,-0.07238144249,260.996,-0.337670772,-6.301528185
2.971,0.69,1.38,2.100782335,-10.04,-0.6223929723,260.182,-0.3543825425,-2.150731978
2.972,0.55,1.1,1.69265998,-16.8,-0.9954907644,259.042,-0.3778753309,-1.232490001
2.973,0.57,1.14,1.751528057,-16.06,-0.9563539179,257.661,-0.4064734524,-1.285216378
2.974,0.72,1.44,2.187036749,-9,-0.5618099385,256.179,-0.4373341172,-2.188910334
2.975,0.88,1.76,2.639905101,-0.34,-0.02248599305,254.954,-0.4629781767,-5.437898953
2.976,0.97,1.94,2.889347769,1.96,0.1316249058,251.162,-0.5431478597,-7.021109617
2.977,0.99,1.98,2.944261663,2.59,0.1746632724,245.744,-0.6598196196,-6.06868627
2.978,1.1,2.2,3.24292232,5.29,0.3632028321,246.73,-0.6383967341,-11.78413582
2.979,1.39,2.78,4.002997727,13.27,0.9605227547,248.276,-0.6049784447,11.2587872
2.98,1.71,3.42,4.795757791,19.75,1.491827347,251.162,-0.5431478597,5.055192884
2.981,1.81,3.62,5.033609855,21.69,1.659321717,262.008,-0.3169665068,3.749834484
2.982,1.7,3.4,4.77171368,19.67,1.485005183,263.32,-0.2902433373,3.993861788
2.983,1.58,3.16,4.479512605,17.35,1.290051935,264.609,-0.2641179921,4.366277805
2.984,1.62,3.24,4.577666141,18.04,1.347452685,265.904,-0.2379988818,4.126053853
2.985,1.77,3.54,4.939033913,21,1.599294702,266.877,-0.2184578104,3.576840931
2.986,1.84,3.68,5.104047539,22.32,1.71456991,267.003,-0.2159325238,3.405792212
2.987,1.77,3.54,4.939033913,21.1,1.607963086,266.509,-0.2258400826,3.573512562
2.988,1.67,3.34,4.699298905,19.21,1.445907278,266.737,-0.2212650831,3.837283188
2.989,1.58,3.16,4.479512605,17.6,1.310792792,266.86,-0.218798615,4.102139644
2.99,1.51,3.02,4.305931583,16.28,1.202003341,267.282,-0.2103450559,4.342152581
2.991,1.45,2.9,4.15531198,15.06,1.103030487,268.167,-0.1926598821,4.564418007
2.992,1.36,2.72,3.926205107,13.01,0.9400886718,268.699,-0.1820568604,5.179472745
2.993,1.25,2.5,3.6410075,9.93,0.7030729625,269.007,-0.1759278599,6.907030876
2.994,1.12,2.24,3.296612301,6.48,0.448433957,269.36,-0.1689120128,11.79375133
2.995,1.01,2.02,2.998987263,3.54,0.2402415146,269.346,-0.1691900865,42.20868383
2.996,0.94,1.88,2.806623875,1.68,0.1126113781,268.932,-0.1774196647,-43.30655882
2.997,0.9,1.8,2.69566632,0.8,0.05331134101,268.64,-0.1832317239,-20.74860202
2.998,0.87,1.74,2.611953881,-0.09,-0.005962092718,268.238,-0.1912436015,-13.24481979
2.999,0.81,1.62,2.443258015,-2.94,-0.191097962,266.6,-0.2240136268,-5.885786089
3,0.74,1.48,2.244304323,-6.35,-0.403462751,264.05,-0.2754320948,-3.305820242
3.001,0.69,1.38,2.100782335,-8.95,-0.5588753209,261.791,-0.3213993143,-2.386507859
3.002,0.67,1.34,2.043044025,-9.6,-0.5968678865,258.262,-0.3940089899,-2.061854579
3.003,0.71,1.42,2.158332351,-7.79,-0.4902220126,249.999,-0.5679784477,-2.039625224
3.004,0.74,1.48,2.244304323,-6.11,-0.3888360597,249.596,-0.5766096409,-2.324630295
3.005,0.68,1.36,2.071936717,-8.85,-0.5530000139,249.488,-0.5789250828,-1.830453908
3.006,0.5,1,1.544666,-17,-1.005998115,249.536,-0.5778958738,-0.975233198
3.007,0.3,0.6,0.94092168,-25.78,-1.438887238,249.869,-0.5707611824,-0.4682021346
3.008,0.25,0.5,0.7870435,-27.86,-1.533649024,250.422,-0.5589338611,-0.376111028
3.009,0.39,0.78,1.214936767,-22.49,-1.283038931,251.4,-0.5380806238,-0.6671372914
3.01,0.56,1.12,1.722117555,-15.26,-0.9135810115,253.558,-0.4923525819,-1.224892529
3.011,0.58,1.16,1.780891485,-14.28,-0.8605229098,262.179,-0.3134759585,-1.516944805
3.012,0.46,0.92,1.425423491,-19.81,-1.150512535,261.513,-0.3270835825,-0.9646908751
3.013,0.37,0.74,1.154374041,-23.93,-1.352165267,261.308,-0.3312790913,-0.6857215297
3.014,0.43,0.86,1.335497337,-21.83,-1.250873491,261.311,-0.3312176699,-0.8441342508
3.015,0.59,1.18,1.810207839,-14.99,-0.8990359156,261.392,-0.3295595581,-1.473396149
3.016,0.74,1.48,2.244304323,-7.74,-0.4872381374,261.335,-0.330726324,-2.743767522
3.017,0.82,1.64,2.471491677,-3.65,-0.2361269356,261.35,-0.3304192556,-4.362383359
3.018,0.83,1.66,2.499678265,-2.63,-0.1713018392,261.679,-0.3236886528,-5.04995208
3.019,0.83,1.66,2.499678265,-2.93,-0.1904606668,262.037,-0.3163743821,-4.931936476
3.02,0.81,1.62,2.443258015,-3.71,-0.2399124588,262.514,-0.3066443437,-4.470272814
3.021,0.78,1.56,2.358274589,-5.72,-0.3649653387,262.682,-0.3032216214,-3.529363381
3.022,0.73,1.46,2.215694073,-8.37,-0.5246856107,262.64,-0.3040770967,-2.67349635
3.023,0.69,1.38,2.100782335,-10.42,-0.6443126236,262.697,-0.3029161276,-2.217819436
3.024,0.7,1.4,2.12958088,-10.1,-0.625861643,263.086,-0.2949997424,-2.312596569
3.025,0.78,1.56,2.358274589,-5.82,-0.3710981375,263.377,-0.2890853661,-3.572150131
3.026,0.9,1.8,2.69566632,0.41,0.02725121946,263.68,-0.2829340383,-10.54300923
3.027,0.96,1.92,2.861820211,1.92,0.1289043773,264.229,-0.2718065483,-20.02642921
3.028,0.98,1.96,2.916828253,2.49,0.1678078821,264.582,-0.2646639197,-30.11508963
3.029,1.11,2.22,3.269790847,5.64,0.3881340481,265.026,-0.2556935093,24.68874619
3.03,1.37,2.74,3.951849721,12.63,0.910343748,265.782,-0.2404540904,5.899254714
3.031,1.63,3.26,4.602086841,18.29,1.36837102,266.58,-0.2244149922,4.022957815
3.032,1.74,3.48,4.867607683,20.31,1.539769935,267.536,-0.2052633268,3.647496125
3.033,1.67,3.34,4.699298905,18.96,1.424750789,268.415,-0.1877145053,3.798836756
3.034,1.57,3.14,4.454856537,17.17,1.275158193,269.003,-0.1760074123,4.052998564
3.035,1.54,3.08,4.380605891,16.66,1.233139188,269.176,-0.1725678502,4.130420779
3.036,1.55,3.1,4.40540318,16.79,1.243824694,268.982,-0.1764250819,4.127229513
3.037,1.56,3.12,4.430153395,16.96,1.257824071,268.768,-0.1806831946,4.112882069
3.038,1.55,3.1,4.40540318,16.8,1.24464737,268.387,-0.1882726254,4.170303392
3.039,1.5,3,4.280946,15.82,1.164508873,267.83,-0.199387346,4.43565487
3.04,1.4,2.8,4.02850112,13.65,0.990508566,267.19,-0.2121868736,5.175881849
3.041,1.29,2.58,3.745374751,10.78,0.7675591639,266.46,-0.2268238171,6.926447057
3.042,1.24,2.48,3.614798003,9.42,0.6647159412,265.748,-0.2411385297,8.53397255
3.043,1.22,2.44,3.562237789,9.03,0.6355526388,265.084,-0.2545228089,9.348973516
3.044,1.14,2.28,3.350113987,6.86,0.4759291374,264.42,-0.267940656,16.10720923
3.045,0.99,1.98,2.944261663,2.93,0.1980392685,263.342,-0.2897963714,-32.08756129
3.046,0.91,1.82,2.723476319,0.77,0.05130192003,262.255,-0.3119253344,-10.44985281
3.047,0.95,1.9,2.83424558,1.88,0.1261852864,261.692,-0.3234228758,-14.369703
3.048,1,2,2.971648,3.04,0.2056245185,261.035,-0.3368713942,-22.64166658
3.049,0.9,1.8,2.69566632,0.47,0.03125168393,259.193,-0.3747576333,-7.847509847
3.05,0.73,1.46,2.215694073,-8.33,-0.5223176222,254.286,-0.4770140029,-2.217175978
3.051,0.68,1.36,2.071936717,-10.98,-0.6764055293,264.01,-0.2762426087,-2.174923389
3.052,0.84,1.68,2.527817779,-3.18,-0.2063673069,265.005,-0.2561174468,-5.465732133
3.053,1.11,2.22,3.269790847,5.58,0.3838520527,265.713,-0.241843191,23.02525918
3.054,1.38,2.76,3.977447261,12.76,0.9205035928,266.763,-0.2207436211,5.684016551
3.055,1.55,3.1,4.40540318,16.67,1.233960538,268.335,-0.1893092887,4.217104208
3.056,1.6,3.2,4.52868352,17.55,1.30663949,269.791,-0.1603583776,3.950761705
3.057,1.5,3,4.280946,15.62,1.148273799,270.946,-0.1375034244,4.235329909
3.058,1.33,2.66,3.848988825,11.45,0.8188837214,271.948,-0.1177547955,5.48970194
3.059,1.26,2.52,3.667169923,9.4,0.6632168394,272.462,-0.1076524799,6.600801258
3.06,1.36,2.72,3.926205107,12.15,0.8729747311,272.762,-0.1017649908,5.090969294
3.061,1.57,3.14,4.454856537,17.03,1.263597101,272.808,-0.1008628151,3.831362497
3.062,1.75,3.5,4.8914635,20.37,1.544926132,272.574,-0.105453726,3.398094663
3.063,1.77,3.54,4.939033913,20.82,1.58371819,272.193,-0.11293711,3.358102697
3.064,1.67,3.34,4.699298905,18.95,1.42390588,271.542,-0.1257479523,3.619974738
3.065,1.56,3.12,4.430153395,16.87,1.25040896,270.884,-0.1387277937,3.985093505
3.066,1.51,3.02,4.305931583,15.97,1.176711751,270.63,-0.1437466855,4.168516173
3.067,1.54,3.08,4.380605891,16.5,1.220011443,269.95,-0.1572063101,4.121739493
3.068,1.62,3.24,4.577666141,18.13,1.354975858,269.299,-0.1701237256,3.863491498
3.069,1.73,3.46,4.843704793,20.11,1.522609883,268.759,-0.1808623484,3.609997162
3.07,1.8,3.6,5.01003648,21.64,1.654954996,268.403,-0.1879536925,3.415154757
3.071,1.83,3.66,5.080615385,22.04,1.689963058,268.172,-0.1925601318,3.39295142
3.072,1.76,3.52,4.915272243,20.85,1.586311904,268.128,-0.1934379986,3.528870937
3.073,1.64,3.28,4.626460467,18.64,1.39776515,268.181,-0.1923805858,3.838161366
3.074,1.54,3.08,4.380605891,16.82,1.246293028,268.167,-0.1926598821,4.157619669
3.075,1.51,3.02,4.305931583,16.24,1.198734428,268.676,-0.1825148274,4.237205798
3.076,1.53,3.06,4.355761529,16.57,1.225751623,269.284,-0.1704217298,4.127393299
3.077,1.55,3.1,4.40540318,16.94,1.256175553,269.979,-0.1566316049,4.006573076
3.078,1.55,3.1,4.40540318,16.94,1.256175553,270.287,-0.1505316461,3.984468373
3.079,1.54,3.08,4.380605891,16.89,1.252056047,270.535,-0.1456250406,3.959221916
3.08,1.56,3.12,4.430153395,17.12,1.27102693,270.913,-0.13815507,3.910551186
3.081,1.56,3.12,4.430153395,17.17,1.275158193,271.177,-0.1329441267,3.878566659
3.082,1.49,2.98,4.255913343,15.91,1.171827865,271.717,-0.1223011616,4.055078666
3.083,1.33,2.66,3.848988825,12.21,0.8776334616,272.184,-0.1131140095,5.034520461
3.084,1.14,2.28,3.350113987,7.27,0.5057470766,272.212,-0.1125636748,8.520486806
3.085,1.04,2.08,3.080722611,4.61,0.3150890612,271.748,-0.1216908187,15.92942403
3.086,1.06,2.12,3.134977475,5.07,0.3475898736,270.821,-0.1399721979,15.09976193
3.087,1.13,2.26,3.323386681,6.77,0.4694048836,269.905,-0.1580982163,10.67560393
3.088,1.16,2.32,3.403427379,7.67,0.5349904093,268.657,-0.1828931775,9.666157729
3.089,1.14,2.28,3.350113987,7.08,0.4919093458,267.497,-0.2060432787,11.71917332
3.09,1.08,2.16,3.189044045,5.57,0.3831387118,266.696,-0.222087492,19.80142745
3.091,1.02,2.04,3.026279453,3.88,0.2639112146,266.421,-0.2276069188,83.35871502
3.092,0.98,1.96,2.916828253,2.96,0.2001068844,266.216,-0.2317251083,-92.25148959
3.093,1.02,2.04,3.026279453,3.78,0.2569385775,266.084,-0.2343784993,134.1431275
3.094,1.09,2.18,3.216006719,5.6,0.385279013,266.227,-0.2315040518,20.91372154
3.095,1.11,2.22,3.269790847,6.22,0.4296993593,266.624,-0.2235320281,15.85988832
3.096,1.05,2.1,3.10787358,4.52,0.3087530157,266.938,-0.2172351022,33.95918306
3.097,0.96,1.92,2.861820211,2.3,0.1548075169,267.227,-0.2114460664,-50.52778076
3.098,0.98,1.96,2.916828253,2.58,0.1739773267,267.824,-0.1995071995,-114.2515779
3.099,1.11,2.22,3.269790847,5.98,0.4124619138,268.523,-0.1855623015,14.41073792
3.1,1.3,2.6,3.77134888,10.96,0.781304921,269.152,-0.1730448828,6.200224646
3.101,1.46,2.92,4.180532931,15.28,1.120766932,269.672,-0.1627186878,4.363593331
3.102,1.54,3.08,4.380605891,16.84,1.247939095,270.069,-0.1548484301,4.007541216
3.103,1.5,3,4.280946,16.09,1.186490475,270.409,-0.1481173504,4.122743452
3.104,1.36,2.72,3.926205107,13.06,0.9440131042,270.608,-0.1441816144,4.908790361
3.105,1.23,2.46,3.588541433,9.49,0.669965822,270.558,-0.1451702204,6.837979247
3.106,1.22,2.44,3.562237789,9.15,0.6445104399,270.402,-0.1482558461,7.178246476
3.107,1.29,2.58,3.745374751,11.19,0.7989148095,270.09,-0.1544324414,5.811446421
3.108,1.29,2.58,3.745374751,11.07,0.7897206161,269.634,-0.1634726197,5.980657459
3.109,1.14,2.28,3.350113987,7.12,0.4948197279,269.161,-0.1728659906,10.4055757
3.11,0.96,1.92,2.861820211,2.49,0.1678078821,268.619,-0.183649958,-180.6467942
3.111,0.95,1.9,2.83424558,2.18,0.1466135339,268.034,-0.1953139242,-58.19759471
3.112,1.1,2.2,3.24292232,6.06,0.4182017598,267.291,-0.2101649121,15.5882112
3.113,1.21,2.42,3.535887071,9.11,0.6415229744,266.484,-0.2263419653,8.516495201
3.114,1.15,2.3,3.37679422,7.51,0.523274949,265.584,-0.2444411729,12.11042029
3.115,0.98,1.96,2.916828253,3.03,0.2049344966,264.463,-0.2670707093,-46.94248529
3.116,0.89,1.78,2.667809247,0.75,0.04996275061,263.475,-0.2870950538,-11.25029872
3.117,0.94,1.88,2.806623875,1.84,0.1234676326,262.966,-0.2974405658,-16.13253179
3.118,0.96,1.92,2.861820211,2.43,0.1636989839,262.362,-0.3097429804,-19.59560324
3.119,0.82,1.64,2.471491677,-2.51,-0.1636166177,261.976,-0.3176199619,-5.135710337
3.12,0.59,1.18,1.810207839,-14.11,-0.8512443198,261.667,-0.3239339972,-1.540368651
3.121,0.5,1,1.544666,-18.54,-1.085913568,260.581,-0.3461843778,-1.0786036
3.122,0.64,1.28,1.956083507,-12.18,-0.7443407134,259.781,-0.3626344774,-1.767052707
3.123,0.9,1.8,2.69566632,0.76,0.05063229087,259.135,-0.3759549446,-8.286131596
3.124,1.1,2.2,3.24292232,5.86,0.4038633251,259.427,-0.3699298207,95.56697355
3.125,1.15,2.3,3.37679422,7,0.4860930969,259.938,-0.3594021537,26.65379334
3.126,1.05,2.1,3.10787358,4.53,0.3094566527,259.945,-0.3592580828,-62.40530796
3.127,0.87,1.74,2.611953881,-0.58,-0.038297192,260.835,-0.3409720325,-6.886806817
3.128,0.67,1.34,2.043044025,-9.59,-0.5962859644,262.004,-0.3170481844,-2.236907519
3.129,0.53,1.06,1.633603609,-15.42,-0.9221742525,263.243,-0.2918080124,-1.345656898
3.13,0.49,0.98,1.514925983,-17.27,-1.02013588,262.693,-0.3029975909,-1.144953262
3.131,0.48,0.96,1.485138893,-17.61,-1.037862146,261.674,-0.3237908783,-1.090688205
3.132,0.44,0.88,1.365519795,-19.25,-1.12217216,261.043,-0.336707434,-0.9360058228
3.133,0.33,0.66,1.032683705,-23.84,-1.347886838,261.457,-0.3282293461,-0.6161170178
3.134,0.17,0.34,0.5383905848,-30.39,-1.64510302,261.505,-0.327247248,-0.272969053
3.135,0.04,0.08,0.1279040512,-36.07,-1.880749522,260.883,-0.3399875926,-0.05759531389
3.136,-0.03,-0.06,-0.0964223112,-38.58,-1.978758381,260.678,-0.3441932371,0.04150853185
3.137,-0.01,-0.02,-0.0320936968,-38.09,-1.959909615,259.919,-0.3597932228,0.01383526212
3.138,0.03,0.06,0.0959986488,-36.81,-1.91002325,259.087,-0.3769460257,-0.04197636138
3.139,0.08,0.16,0.2550549248,-35.13,-1.843099958,258.745,-0.3840127974,-0.1145226815
3.14,0.19,0.38,0.6008362552,-30.98,-1.670506155,258.466,-0.3897847169,-0.2916269073
3.141,0.39,0.78,1.214936767,-23.53,-1.333107371,257.234,-0.4153469141,-0.69486333
3.142,0.6,1.2,1.83947712,-14.78,-0.8876847721,249.487,-0.5789465267,-1.25421919
3.143,0.73,1.46,2.215694073,-8.4,-0.5264607472,251.65,-0.5327630605,-2.091809169
3.144,0.76,1.52,2.301383603,-6.9,-0.4368019597,253.888,-0.4853942051,-2.495546708
3.145,0.71,1.42,2.158332351,-9.5,-0.5910450453,259.395,-0.3705897773,-2.244440718
3.146,0.66,1.32,2.014104259,-12.34,-0.7533132446,266.467,-0.2266832725,-2.055215732
3.147,0.68,1.36,2.071936717,-11.31,-0.6952009083,267.418,-0.2076235298,-2.294949748
3.148,0.83,1.66,2.499678265,-3.85,-0.2487334161,268.869,-0.1786731023,-5.848479508
3.149,1.05,2.1,3.10787358,3.83,0.2604237534,269.958,-0.1570477646,30.06378576
3.15,1.21,2.42,3.535887071,8.09,0.5658587598,270.5,-0.1463172324,8.427978735
3.151,1.25,2.5,3.6410075,9.21,0.6489945115,270.822,-0.1399524432,7.152665225
3.152,1.22,2.44,3.562237789,8.39,0.5880100486,271.568,-0.1252357172,7.697569954
3.153,1.21,2.42,3.535887071,8.08,0.5651218558,272.316,-0.11052007,7.777987641
3.154,1.27,2.54,3.693285273,9.59,0.6774738173,273.649,-0.0843954497,6.227314086
3.155,1.36,2.72,3.926205107,11.95,0.857471161,273.233,-0.09253468423,5.132720463
3.156,1.4,2.8,4.02850112,13.27,0.9605227547,272.198,-0.1128388351,4.752362321
3.157,1.37,2.74,3.951849721,12.44,0.895524723,271.962,-0.1174793822,5.079202347
3.158,1.28,2.56,3.719353549,10.13,0.7181833282,271.4,-0.1285464097,6.307870881
3.159,1.2,2.4,3.50948928,7.86,0.5489339641,270.223,-0.1517985977,8.837010189
3.16,1.15,2.3,3.37679422,6.59,0.4563791702,269.692,-0.1623219242,11.48345863
3.161,1.14,2.28,3.350113987,6.18,0.4268227197,269.725,-0.1616673286,12.63453092
3.162,1.14,2.28,3.350113987,6.23,0.4304187526,269.457,-0.1669857558,12.71713881
3.163,1.15,2.3,3.37679422,6.54,0.4527663051,268.662,-0.1827936091,12.50791013
3.164,1.16,2.32,3.403427379,6.91,0.479557009,267.774,-0.200506083,12.19643822
3.165,1.15,2.3,3.37679422,6.6,0.4571020242,267.367,-0.2086439398,13.59100159
3.166,1.09,2.18,3.216006719,4.86,0.3327283302,267.039,-0.2152112322,27.36628774
3.167,0.98,1.96,2.916828253,2.01,0.135027589,266.977,-0.2164535171,-35.82186068
3.168,0.88,1.76,2.639905101,-1.33,-0.08738173801,267.092,-0.2141495076,-8.754996833
3.169,0.84,1.68,2.527817779,-3.96,-0.2556524629,267.501,-0.2059632784,-5.47602162
3.17,0.84,1.68,2.527817779,-3.59,-0.2323383421,268.062,-0.1947550691,-5.918653187
3.171,0.87,1.74,2.611953881,-1.91,-0.1250039901,268.35,-0.1890102306,-8.317947752
3.172,0.9,1.8,2.69566632,-0.44,-0.02908014608,268.427,-0.1874753288,-12.44792505
3.173,0.9,1.8,2.69566632,-0.14,-0.00927127891,268.396,-0.1880932233,-13.65831388
3.174,0.88,1.76,2.639905101,-1.27,-0.08347306807,268.282,-0.1903660946,-9.64034901
3.175,0.83,1.66,2.499678265,-3.79,-0.2449550501,268.147,-0.1930589021,-5.706846214
3.176,0.77,1.54,2.329852633,-7.31,-0.4614921484,268.003,-0.1959327248,-3.543907035
3.177,0.7,1.4,2.12958088,-10.8,-0.6661171347,267.849,-0.1990078277,-2.4615876
3.178,0.66,1.32,2.014104259,-12.8,-0.7789979281,267.876,-0.1984685585,-2.06053536
3.179,0.67,1.34,2.043044025,-12.34,-0.7533132446,267.617,-0.2036437899,-2.134938091
3.18,0.73,1.46,2.215694073,-9.8,-0.6084894545,267.256,-0.2108655053,-2.704193154
3.181,0.79,1.58,2.386649471,-6.48,-0.4113655559,266.867,-0.218658281,-3.788189163
3.182,0.85,1.7,2.55591022,-3.45,-0.2234863406,266.735,-0.2213051977,-5.74631035
3.183,0.91,1.82,2.723476319,0.14,0.009288581452,266.777,-0.2204628549,-12.8968187
3.184,1.02,2.04,3.026279453,2.74,0.1849633106,266.941,-0.2171749762,-93.94979723
3.185,1.16,2.32,3.403427379,6.47,0.4477122266,267.234,-0.2113059252,14.39651718
3.186,1.31,2.62,3.797275935,10.3,0.7310575115,267.704,-0.2019048333,7.176144224
3.187,1.4,2.8,4.02850112,12.98,0.9377351997,268.275,-0.1905056883,5.391250023
3.188,1.45,2.9,4.15531198,14.22,1.035756731,268.874,-0.1785736124,4.847636274
3.189,1.46,2.92,4.180532931,14.58,1.064501714,269.544,-0.1652586718,4.648946653
3.19,1.47,2.94,4.205706809,14.78,1.080527253,270.23,-0.1516600102,4.527780306
3.191,1.49,2.98,4.255913343,15.12,1.107862866,270.652,-0.1433117921,4.412325547
3.192,1.49,2.98,4.255913343,15.22,1.115924885,270.695,-0.1424618751,4.371931239
3.193,1.46,2.92,4.180532931,14.63,1.068504338,270.634,-0.1436676114,4.520292948
3.194,1.38,2.76,3.977447261,12.54,0.9033197749,270.823,-0.1399326886,5.210262699
3.195,1.27,2.54,3.693285273,9.63,0.6804797069,271.147,-0.1335360238,6.752587857
3.196,1.19,2.38,3.483044415,7.3,0.5079350898,271.799,-0.1206868577,8.994345554
3.197,1.16,2.32,3.403427379,6.55,0.4534886908,271.475,-0.1270681688,10.42651166
3.198,1.19,2.38,3.483044415,7.32,0.5093942366,270.775,-0.1408809934,9.451612607
3.199,1.26,2.52,3.667169923,9.14,0.6437634298,271.003,-0.1363780418,7.227582838
3.2,1.32,2.64,3.823155917,10.82,0.7706110557,271.228,-0.1319380519,5.986092874
3.201,1.33,2.66,3.848988825,11.21,0.800448539,271.595,-0.1247038327,5.695921535
3.202,1.29,2.58,3.745374751,10.05,0.7121345496,271.605,-0.1245068518,6.37372058
3.203,1.2,2.4,3.50948928,7.64,0.5327919175,271.044,-0.1355687024,8.835055823
3.204,1.09,2.18,3.216006719,4.71,0.3221378573,270.756,-0.1412564105,17.77963841
3.205,0.98,1.96,2.916828253,1.79,0.1200725855,270.15,-0.1532440807,-87.93176913
3.206,0.89,1.78,2.667809247,-0.92,-0.06060984386,270.034,-0.1555418163,-12.34230283
3.207,0.9,1.8,2.69566632,-0.38,-0.0251247098,270.196,-0.1523331829,-15.19045606
3.208,1.03,2.06,3.053524569,3,0.2028649755,270.265,-0.1509671268,58.83720898
3.209,1.2,2.4,3.50948928,7.32,0.5093942366,270.534,-0.1456448163,9.648095869
3.21,1.28,2.56,3.719353549,9.6,0.6782251455,270.465,-0.1470095138,7.001589048
3.211,1.23,2.46,3.588541433,8.22,0.5754471511,270.047,-0.1552842624,8.540833874
3.212,1.13,2.26,3.323386681,5.43,0.3731616845,269.674,-0.1626790101,15.78935982
3.213,1.1,2.2,3.24292232,4.74,0.3242542925,269.318,-0.1697462774,20.98869963
3.214,1.18,2.36,3.456552477,6.75,0.4679560817,268.614,-0.1837495423,12.16211451
3.215,1.29,2.58,3.745374751,9.63,0.6804797069,268.479,-0.1864390207,7.581105881
3.216,1.35,2.7,3.90051342,11.32,0.8088910218,268.313,-0.1897479375,6.29985785
3.217,1.35,2.7,3.90051342,11.25,0.8035171676,268.063,-0.1947351111,6.407076848
3.218,1.32,2.64,3.823155917,10.49,0.7454793851,268.166,-0.1926798324,6.915989527
3.219,1.27,2.54,3.693285273,9.28,0.6542302888,268.033,-0.1953338844,8.048189608
3.22,1.19,2.38,3.483044415,7.08,0.4919093458,268.176,-0.1924803328,11.63228767
3.221,1.06,2.12,3.134977475,3.46,0.2346875036,268.449,-0.1870368663,65.79088235
3.222,0.99,1.98,2.944261663,1.57,0.105161019,268.103,-0.1939368508,-33.16512617
3.223,1.06,2.12,3.134977475,3.47,0.235381436,267.702,-0.201944803,93.75876671
3.224,1.22,2.44,3.562237789,7.5,0.5225435358,267.681,-0.2023645025,11.12576846
3.225,1.36,2.72,3.926205107,11.47,0.8204225243,268.208,-0.1918419842,6.246144856
3.226,1.42,2.84,4.079366685,12.94,0.9345986218,268.253,-0.1909444353,5.485569447
3.227,1.37,2.74,3.951849721,11.75,0.8420068204,268.301,-0.1899872157,6.06093696
3.228,1.3,2.6,3.77134888,9.64,0.6812314197,268.33,-0.1894089785,7.668110611
3.229,1.22,2.44,3.562237789,7.41,0.515965065,268.29,-0.1902065634,10.93521051
3.23,1.21,2.42,3.535887071,7.28,0.5064763201,268.192,-0.192161149,11.2494954
3.231,1.3,2.6,3.77134888,9.63,0.6804797069,267.928,-0.1974301191,7.807374181
3.232,1.39,2.78,4.002997727,12.26,0.8815184399,267.621,-0.2035638255,5.904521692
3.233,1.41,2.82,4.053957439,12.8,0.9236330551,267.476,-0.2064632999,5.652716682
3.234,1.36,2.72,3.926205107,11.32,0.8088910218,266.871,-0.2185780919,6.651057275
3.235,1.29,2.58,3.745374751,9.49,0.669965822,266.833,-0.2193399374,8.311494921
3.236,1.26,2.52,3.667169923,8.47,0.5939315134,267.01,-0.215792265,9.697935188
3.237,1.24,2.48,3.614798003,8.1,0.5665957586,267.274,-0.2105051888,10.15134438
3.238,1.24,2.48,3.614798003,8.13,0.5688073248,267.847,-0.1990477757,9.776077487
3.239,1.25,2.5,3.6410075,8.2,0.5739709692,269.404,-0.1680381608,8.969483186
3.24,1.24,2.48,3.614798003,8.07,0.5643850467,270.729,-0.1417899433,8.553809483
3.241,1.23,2.46,3.588541433,7.72,0.5386564538,271.591,-0.124782627,8.670616988
3.242,1.21,2.42,3.535887071,7.1,0.4933643487,272.589,-0.1051593186,9.108297929
3.243,1.18,2.36,3.456552477,6.43,0.4448262407,273.348,-0.09028341677,9.749322912
3.244,1.18,2.36,3.456552477,6.4,0.4426627336,274.339,-0.07092251981,9.298301203
3.245,1.23,2.46,3.588541433,7.57,0.5276654118,275.25,-0.05318615877,7.563115583
3.246,1.32,2.64,3.823155917,10.08,0.7144021175,275.788,-0.04273932601,5.692076389
3.247,1.45,2.9,4.15531198,13.79,1.001592152,276.238,-0.03401690883,4.29456211
3.248,1.57,3.14,4.454856537,16.32,1.205273881,276.534,-0.02828724036,3.784967802
3.249,1.62,3.24,4.577666141,17.19,1.276811415,276.622,-0.02658500806,3.661469727
3.25,1.57,3.14,4.454856537,16.28,1.202003341,276.551,-0.02795835782,3.79445132
3.251,1.46,2.92,4.180532931,13.95,1.014283009,276.47,-0.02952556775,4.245241269
3.252,1.37,2.74,3.951849721,11.51,0.8235013023,276.53,-0.02836462742,4.970025715
3.253,1.38,2.76,3.977447261,11.68,0.836603557,276.168,-0.03537279563,4.964171937
3.254,1.47,2.94,4.205706809,14.22,1.035756731,276.183,-0.03508221953,4.202871923
3.255,1.58,3.16,4.479512605,16.39,1.211001239,276.493,-0.02908051085,3.79002796
3.256,1.63,3.26,4.602086841,17.33,1.288395436,276.58,-0.02739736955,3.649558999
3.257,1.6,3.2,4.52868352,16.77,1.242179648,274.789,-0.06215407042,3.837784203
3.258,1.52,3.04,4.330870093,15.39,1.129653446,274.006,-0.07742043707,4.115885034
3.259,1.46,2.92,4.180532931,13.94,1.013489083,274.027,-0.07701042526,4.464098456
3.26,1.42,2.84,4.079366685,12.94,0.9345986218,273.411,-0.08905051525,4.82452347
3.261,1.4,2.8,4.02850112,12.38,0.8908524193,273.034,-0.09643259513,5.070997724
3.262,1.39,2.78,4.002997727,12.05,0.8652180382,273.429,-0.08869830985,5.155049615
3.263,1.39,2.78,4.002997727,12.12,0.8706466921,273.667,-0.08404355061,5.088967379
3.264,1.42,2.84,4.079366685,12.79,0.9228505414,273.742,-0.08257755351,4.854811167
3.265,1.46,2.92,4.180532931,13.99,1.017459711,274.342,-0.07086401587,4.416387011
3.266,1.51,3.02,4.305931583,15.14,1.109474464,274.947,-0.05907877601,4.099342403
3.267,1.55,3.1,4.40540318,15.95,1.175083384,275.347,-0.05130111397,3.920157221
3.268,1.57,3.14,4.454856537,16.35,1.207727853,275.725,-0.04396160002,3.827965046
3.269,1.57,3.14,4.454856537,16.22,1.197100581,275.899,-0.04058647482,3.851969046
3.27,1.54,3.08,4.380605891,15.67,1.152328775,275.937,-0.03984966171,3.937697203
3.271,1.5,3,4.280946,14.98,1.096592949,275.662,-0.04518415333,4.071628482
3.272,1.47,2.94,4.205706809,14.25,1.038147194,275.161,-0.05491632043,4.277435666
3.273,1.43,2.86,4.104728857,13.38,0.9691881135,274.674,-0.0643935297,4.53664172
3.274,1.4,2.8,4.02850112,12.5,0.9002005719,274.128,-0.07503890259,4.882074955
3.275,1.36,2.72,3.926205107,11.6,0.8304342699,273.47,-0.08789615076,5.28754687
3.276,1.33,2.66,3.848988825,10.68,0.7599362313,273.338,-0.09047914155,5.749418273
3.277,1.3,2.6,3.77134888,9.87,0.6985473763,273.002,-0.09705966001,6.270034745
3.278,1.27,2.54,3.693285273,9.35,0.6594707644,272.614,-0.1046686757,6.656941904
3.279,1.27,2.54,3.693285273,9.15,0.6445104399,272.274,-0.111345278,6.927094148
3.28,1.27,2.54,3.693285273,9.24,0.6512378409,271.882,-0.119053363,6.939859064
3.281,1.27,2.54,3.693285273,9.22,0.6497421922,271.591,-0.124782627,7.035370947
3.282,1.25,2.5,3.6410075,8.71,0.6117324897,271.155,-0.1333781782,7.611528552
3.283,1.21,2.42,3.535887071,7.75,0.5408572157,268.761,-0.180822536,9.820962454
3.284,1.18,2.36,3.456552477,6.92,0.4802828651,265.724,-0.241621716,14.4830966
3.285,1.11,2.22,3.269790847,5.17,0.3546811216,263.299,-0.2906700215,51.08162247
3.286,0.91,1.82,2.723476319,-0.03,-0.001988158449,260.855,-0.3405618272,-7.950595338
3.287,0.56,1.12,1.722117555,-14.78,-0.8876847721,256.058,-0.4398616582,-1.297218324
3.288,0.16,0.32,0.5070971392,-30.26,-1.639476122,243.645,-0.7057124323,-0.2162287285
3.289,-0.1,-0.2,-0.32305528,-40.33,-2.044971729,239.727,-0.7924438072,0.1138554702
3.29,-0.18,-0.36,-0.5848888032,-43.03,-2.143827743,237.087,-0.8516876395,0.1952548155
3.291,-0.14,-0.28,-0.4535954528,-41.73,-2.096722707,236.09,-0.8742329361,0.1526766157
3.292,-0.07,-0.14,-0.2256444232,-39.58,-2.016804215,235.177,-0.8949623999,0.07749399353
3.293,0,0,0,-37.15,-1.92336646,234.791,-0.9037506598,-0
3.294,0.1,0.2,0.31834792,-33.67,-1.78357836,234.57,-0.9087887864,-0.118240902
3.295,0.22,0.44,0.6941517088,-29.54,-1.608117039,234.567,-0.90885721,-0.2757881647
3.296,0.3,0.6,0.94092168,-26.21,-1.458713183,234.802,-0.9035000172,-0.398322082
3.297,0.34,0.68,1.063176899,-24.79,-1.392768409,235.877,-0.8790618757,-0.4679825364
3.298,0.33,0.66,1.032683705,-25.18,-1.411015502,237.307,-0.8467255191,-0.4573968826
3.299,0.29,0.58,0.9102401912,-27.05,-1.497087256,238.729,-0.8147627153,-0.3937280543
3.3,0.21,0.42,0.6630936312,-30.24,-1.638609494,241.93,-0.7435038678,-0.2783635917
3.301,0.09,0.18,0.2867249592,-35.12,-1.842696617,244.616,-0.6844334162,-0.113458728
3.302,-0.05,-0.1,-0.16093922,-40.38,-2.046838481,252.486,-0.5150194195,0.06282129074
3.303,-0.12,-0.24,-0.3882312192,-43.19,-2.14956301,259.52,-0.3680122838,0.1542083846
3.304,-0.09,-0.18,-0.2905379208,-42.32,-2.118213318,261.432,-0.328740927,0.1187345131
3.305,0.02,0.04,0.0640461728,-38.81,-1.987558792,263.362,-0.289390071,-0.02812806815
3.306,0.15,0.3,0.47575662,-34.24,-1.806968749,264.17,-0.2730012894,-0.228732439
3.307,0.27,0.54,0.8487359928,-29.76,-1.617734075,264.344,-0.2694785822,-0.4497299175
3.308,0.39,0.78,1.214936767,-25.22,-1.412881174,264.284,-0.2706930468,-0.7216413463
3.309,0.5,1,1.544666,-20.95,-1.207508908,264.111,-0.2741962974,-1.04249212
3.31,0.58,1.16,1.780891485,-17.59,-1.036821791,263.823,-0.2800333912,-1.352382183
3.311,0.63,1.26,1.927002521,-15.41,-0.9216377426,263.395,-0.288719743,-1.592093694
3.312,0.66,1.32,2.014104259,-14.07,-0.8490579017,263.694,-0.2826499894,-1.779703292
3.313,0.69,1.38,2.100782335,-12.82,-0.780110914,264.248,-0.2714218579,-1.997828685
3.314,0.72,1.44,2.187036749,-11.27,-0.6929272689,265.117,-0.253856835,-2.309963528
3.315,0.75,1.5,2.2728675,-9.83,-0.6102299196,266.426,-0.2275065147,-2.713105706
3.316,0.76,1.52,2.301383603,-9.13,-0.5694304816,267.606,-0.2038636983,-2.97607775
3.317,0.76,1.52,2.301383603,-9.54,-0.5933751472,268.168,-0.1926399319,-2.92791279
3.318,0.74,1.48,2.244304323,-10.57,-0.6529333971,268.888,-0.1782950505,-2.69998498
3.319,0.73,1.46,2.215694073,-11.03,-0.6792588562,269.964,-0.1569288585,-2.649756788
3.32,0.74,1.48,2.244304323,-10.49,-0.6483378822,270.77,-0.1409797849,-2.843347383
3.321,0.77,1.54,2.329852633,-9.01,-0.5623966193,271.208,-0.1323325685,-3.353612708
3.322,0.82,1.64,2.471491677,-6.35,-0.403462751,271.389,-0.1287632527,-4.64368832
3.323,0.91,1.82,2.723476319,-1.79,-0.1172440613,271.497,-0.1266346289,-11.16734027
3.324,1.01,2.02,2.998987263,1.89,0.1268649244,271.382,-0.1289012482,-1472.745735
3.325,1.08,2.16,3.189044045,3.55,0.2409361762,271.099,-0.1344831954,29.95730153
3.326,1.03,2.06,3.053524569,2.34,0.1575417291,270.906,-0.138293308,158.6376646
3.327,0.88,1.76,2.639905101,-3.17,-0.2057320702,270.561,-0.1451108989,-7.524463459
3.328,0.74,1.48,2.244304323,-9.95,-0.6171845625,269.759,-0.1609929805,-2.884051774
3.329,0.78,1.56,2.358274589,-8.35,-0.5235017793,269.017,-0.175728984,-3.372669958
3.33,0.88,1.76,2.639905101,-2.77,-0.1802522577,268.235,-0.1913034368,-7.105005092
3.331,0.78,1.56,2.358274589,-7.21,-0.4554829271,266.954,-0.2169144381,-3.507263281
3.332,0.43,0.86,1.335497337,-21.49,-1.234183912,266.12,-0.2336547167,-0.9098393455
3.333,0.09,0.18,0.2867249592,-35.13,-1.843099958,265.643,-0.2432527921,-0.1374288021
3.334,-0.03,-0.06,-0.0964223112,-40.02,-2.033367014,265.109,-0.2540182756,0.04215394392
3.335,-0.01,-0.02,-0.0320936968,-39.14,-2.00013332,264.556,-0.2651896805,0.01416738222
3.336,-0.02,-0.04,-0.0642344672,-39.4,-2.009997408,263.872,-0.2790398248,0.02806178347
3.337,-0.01,-0.02,-0.0320936968,-39.39,-2.009618721,263.607,-0.2844153947,0.01399006954
3.338,0.1,0.2,0.31834792,-35.43,-1.855172554,263.638,-0.2837862755,-0.1488331218
3.339,0.27,0.54,0.8487359928,-29.36,-1.600225496,264.055,-0.2753307892,-0.4525249386
3.34,0.36,0.72,1.124022067,-26.23,-1.459632309,264.877,-0.2587021732,-0.6541346161
3.341,0.32,0.64,1.002143437,-27.65,-1.524211451,265.891,-0.2382604488,-0.5686010864
3.342,0.27,0.54,0.8487359928,-29.78,-1.618606817,266.687,-0.2222680376,-0.4610503483
3.343,0.25,0.5,0.7870435,-30.74,-1.660199183,267.348,-0.2090241424,-0.4210537549
3.344,0.26,0.52,0.8179132832,-30.45,-1.647696437,267.908,-0.197829495,-0.4431870986
3.345,0.33,0.66,1.032683705,-27.67,-1.525111513,268.286,-0.1902863284,-0.6020082806
3.346,0.45,0.9,1.39549518,-22.98,-1.30672242,268.531,-0.1854029134,-0.935239922
3.347,0.54,1.08,1.663155331,-19.54,-1.136876718,268.756,-0.1809220677,-1.262070772
3.348,0.54,1.08,1.663155331,-19.54,-1.136876718,269.063,-0.1748142501,-1.267947536
3.349,0.5,1,1.544666,-21.39,-1.22925968,268.999,-0.1760869659,-1.099135223
3.35,0.5,1,1.544666,-21.1,-1.214939374,268.633,-0.1833711316,-1.104665948
3.351,0.58,1.16,1.780891485,-18.06,-1.061192178,267.925,-0.1974900235,-1.41488573
3.352,0.67,1.34,2.043044025,-14.16,-0.8539756164,267.09,-0.2141895689,-1.912666742
3.353,0.73,1.46,2.215694073,-11.01,-0.6781177632,266.443,-0.227165155,-2.447515609
3.354,0.78,1.56,2.358274589,-8.92,-0.5571135791,266.186,-0.2323280361,-2.987269158
3.355,0.79,1.58,2.386649471,-8.15,-0.5116455393,266.027,-0.2355246887,-3.194251299
3.356,0.74,1.48,2.244304323,-10.47,-0.6471882068,265.975,-0.2365705494,-2.539498825
3.357,0.59,1.18,1.810207839,-17.8,-1.0477308,266.158,-0.2328908301,-1.413538392
3.358,0.43,0.86,1.335497337,-24.97,-1.401202959,266.608,-0.2238530891,-0.8218161695
3.359,0.48,0.96,1.485138893,-23.15,-1.314900134,267.207,-0.21184649,-0.9727474547
3.36,0.77,1.54,2.329852633,-10.57,-0.6529333971,267.862,-0.1987481728,-2.735591229
3.361,1.12,2.24,3.296612301,3.76,0.2555451469,268.644,-0.183152064,45.53766976
3.362,1.27,2.54,3.693285273,7.69,0.5364565434,269.319,-0.1697264125,10.07085309
3.363,1.2,2.4,3.50948928,5.78,0.39813838,269.67,-0.1627583657,14.90988643
3.364,1.11,2.22,3.269790847,3.43,0.2326062531,269.721,-0.1617466692,46.14465212
3.365,1.13,2.26,3.323386681,3.85,0.2618184636,269.455,-0.1670254654,35.059411
3.366,1.21,2.42,3.535887071,5.93,0.4088775387,269.244,-0.1712164888,14.87785682
3.367,1.27,2.54,3.693285273,7.54,0.5254697554,269.03,-0.1754704564,10.55226477
3.368,1.28,2.56,3.719353549,7.93,0.5540796799,268.796,-0.1801258657,9.946023832
3.369,1.28,2.56,3.719353549,7.71,0.5379230557,268.549,-0.1850443076,10.54003271
3.37,1.26,2.52,3.667169923,7.32,0.5093942366,268.104,-0.1939168958,11.62419435
3.371,1.24,2.48,3.614798003,6.76,0.4686804357,267.373,-0.2085238815,13.8947028
3.372,1.22,2.44,3.562237789,6.23,0.4304187526,266.5,-0.226020755,17.42794856
3.373,1.22,2.44,3.562237789,6.11,0.4217921938,265.714,-0.2418230565,19.79360373
3.374,1.24,2.48,3.614798003,6.66,0.4614411161,265.327,-0.2496207609,17.06539487
3.375,1.26,2.52,3.667169923,7.37,0.5130437536,265.184,-0.2525049613,14.0753317
3.376,1.26,2.52,3.667169923,7.18,0.4991881248,265.155,-0.2530900587,14.90125454
3.377,1.21,2.42,3.535887071,5.96,0.4110278843,264.833,-0.2595909614,23.34890993
3.378,1.17,2.34,3.430013465,4.9,0.3355559612,264.523,-0.2658570666,49.21187757
3.379,1.19,2.38,3.483044415,5.23,0.3589403106,264.398,-0.2683857997,38.46351086
3.38,1.25,2.5,3.6410075,6.83,0.4737535413,264.715,-0.261975259,17.1925443
3.381,1.29,2.58,3.745374751,8.1,0.5665957586,265.2,-0.2521821763,11.91225494
3.382,1.23,2.46,3.588541433,6.22,0.4296993593,265.536,-0.245408186,19.47212864
3.383,1.01,2.02,2.998987263,0.41,0.02725121946,265.889,-0.238300691,-14.2098781
3.384,0.81,1.62,2.443258015,-10.19,-0.6310592496,266.271,-0.230619917,-2.835461399
3.385,0.78,1.56,2.358274589,-11.76,-0.7206923701,266.697,-0.2220674317,-2.501458573
3.386,0.91,1.82,2.723476319,-4.98,-0.3193222882,267.062,-0.2147504579,-5.099448229
3.387,1.06,2.12,3.134977475,1.51,0.1011017552,267.304,-0.2099047152,-28.81334734
3.388,1.11,2.22,3.269790847,2.68,0.1808408527,267.529,-0.2054033098,-133.1214884
3.389,1.11,2.22,3.269790847,2.67,0.1801540931,267.734,-0.2013053241,-154.5910422
3.39,1.13,2.26,3.323386681,3.3,0.2235969714,268.075,-0.1944956205,114.2004264
3.391,1.14,2.28,3.350113987,3.62,0.2458013611,269.017,-0.175728984,47.80933833
3.392,1.12,2.24,3.296612301,2.89,0.1952837167,270.033,-0.1555616287,82.99191871
3.393,1.11,2.22,3.269790847,2.72,0.1835887959,270.831,-0.1397746541,74.62866356
3.394,1.22,2.44,3.562237789,5.46,0.3752980881,271.289,-0.130734956,14.56571871
3.395,1.45,2.9,4.15531198,11.66,0.8350606483,271.455,-0.1274623264,5.872416386
3.396,1.71,3.42,4.795757791,17.52,1.30414874,271.405,-0.1284478476,4.079062814
3.397,1.87,3.74,5.174061561,20.71,1.574216016,271.399,-0.1285661223,3.579055747
3.398,1.82,3.64,5.057136157,19.77,1.493533932,271.365,-0.1292363952,3.706769249
3.399,1.55,3.1,4.40540318,14.48,1.056503983,271.237,-0.1317605289,4.763919291
3.4,1.19,2.38,3.483044415,4.85,0.3320216532,271.033,-0.1357858302,17.74927922
3.401,0.91,1.82,2.723476319,-5.25,-0.336029081,270.75,-0.1413749688,-5.704761659
3.402,0.84,1.68,2.527817779,-9.29,-0.5787908691,270.459,-0.1471281996,-3.482230855
3.403,0.93,1.86,2.778955097,-4.26,-0.2744703274,270.011,-0.1559975191,-6.455662414
3.404,1.06,2.12,3.134977475,1.23,0.08220110551,269.693,-0.1623020868,-39.13781612
3.405,1.13,2.26,3.323386681,2.99,0.2021753167,269.475,-0.1666283823,93.49291981
3.406,1.15,2.3,3.37679422,3.62,0.2458013611,269.34,-0.1693092654,44.14566223
3.407,1.17,2.34,3.430013465,4.15,0.2827830416,269.303,-0.1700442606,30.42443277
3.408,1.2,2.4,3.50948928,4.91,0.3362630996,269.455,-0.1670254654,20.73704999
3.409,1.24,2.48,3.614798003,6,0.4138963161,269.731,-0.1615483198,14.32465506
3.41,1.31,2.62,3.797275935,7.82,0.5459956392,270.299,-0.150294126,9.596313911
3.411,1.37,2.74,3.951849721,9.24,0.6512378409,271.007,-0.1362990764,7.67440712
3.412,1.35,2.7,3.90051342,8.85,0.6221417664,272.004,-0.1166532277,7.716324151
3.413,1.28,2.56,3.719353549,6.94,0.4817348592,273.119,-0.09476731084,9.611538654
3.414,1.21,2.42,3.535887071,4.97,0.340507869,273.933,-0.07884596072,13.51318996
3.415,1.17,2.34,3.430013465,3.92,0.2667028299,274.291,-0.07185866986,17.6038813
3.416,1.1,2.2,3.24292232,2.04,0.1370702779,274.271,-0.07224878073,50.02850077
3.417,0.99,1.98,2.944261663,-1.79,-0.1172440613,274.125,-0.0750974522,-15.30746852
3.418,0.94,1.88,2.806623875,-4.82,-0.3093930134,273.852,-0.08042815082,-7.199772955
3.419,0.95,1.9,2.83424558,-4.02,-0.259422151,273.568,-0.08597928208,-8.20565669
3.42,0.97,1.94,2.889347769,-3.26,-0.2114461169,273.089,-0.09535499905,-9.417657298
3.421,0.91,1.82,2.723476319,-6.44,-0.4089354179,272.497,-0.1069652722,-5.279070898
3.422,0.81,1.62,2.443258015,-11.25,-0.6917899749,271.943,-0.1178531608,-3.017697437
3.423,0.78,1.56,2.358274589,-13.04,-0.7923332418,271.29,-0.1307152353,-2.554876203
3.424,0.81,1.62,2.443258015,-11.44,-0.702581509,270.366,-0.1489681663,-2.869190238
3.425,0.9,1.8,2.69566632,-7.11,-0.449465469,269.848,-0.1592281776,-4.42860926
3.426,0.98,1.96,2.916828253,-2.62,-0.170661878,269.577,-0.1646037168,-8.700052432
3.427,1.03,2.06,3.053524569,0.12,0.007960581053,269.488,-0.1663702941,-19.27611956
3.428,1.08,2.16,3.189044045,1.24,0.08287492228,269.617,-0.1638099394,-39.40252512
3.429,1.12,2.24,3.296612301,2.34,0.1575417291,270.045,-0.1553238852,1486.404143
3.43,1.19,2.38,3.483044415,4.15,0.2827830416,270.918,-0.1380563307,24.06635508
3.431,1.36,2.72,3.926205107,8.46,0.5931909971,271.859,-0.1195059682,8.288640906
3.432,1.55,3.1,4.40540318,13.6,0.9865548682,272.995,-0.09719684025,4.953464231
3.433,1.65,3.3,4.65078702,15.92,1.172641592,274.308,-0.07152709798,4.223708836
3.434,1.66,3.32,4.675066499,15.99,1.178340525,275.734,-0.04378697235,4.120622151
3.435,1.6,3.2,4.52868352,14.86,1.086948709,276.759,-0.02393601933,4.260234675
3.436,1.6,3.2,4.52868352,14.95,1.094180532,277.196,-0.01549507924,4.198335583
3.437,1.7,3.4,4.77171368,16.82,1.246293028,277.481,-0.009997284544,3.859686248
3.438,1.79,3.58,4.986416031,18.51,1.38683254,277.733,-0.005140778431,3.608920722
3.439,1.84,3.68,5.104047539,19.43,1.464578764,277.557,-0.008532159625,3.505414953
3.44,1.87,3.74,5.174061561,19.97,1.510622784,277.283,-0.01381620591,3.456733579
3.441,1.88,3.76,5.197305421,20.33,1.541488248,276.893,-0.02134630589,3.41896061
3.442,1.86,3.72,5.150770627,19.89,1.503782224,276.279,-0.03322290611,3.502592901
3.443,1.72,3.44,4.819754829,17.14,1.272679128,275.539,-0.0475718486,3.934149204
3.444,1.46,2.92,4.180532931,11.3,0.8073551473,274.756,-0.06279660197,5.614780675
3.445,1.24,2.48,3.614798003,5.17,0.3546811216,273.74,-0.08261664156,13.28654885
3.446,1.17,2.34,3.430013465,3.26,0.220827979,272.744,-0.1021180575,28.89407577
3.447,1.27,2.54,3.693285273,5.77,0.3974231805,271.588,-0.1248417236,13.54929023
3.448,1.42,2.84,4.079366685,9.65,0.6819832286,270.8,-0.1403870637,7.532118853
3.449,1.48,2.96,4.230833613,11.28,0.8058196629,270.319,-0.1498982828,6.450214525
3.45,1.46,2.92,4.180532931,10.85,0.7729009945,270.183,-0.1525905948,6.739420995
3.451,1.46,2.92,4.180532931,10.85,0.7729009945,270.295,-0.1503732982,6.715416769
3.452,1.53,3.06,4.355761529,12.8,0.9236330551,270.388,-0.1485328482,5.619610845
3.453,1.67,3.34,4.699298905,15.93,1.173455422,270.868,-0.1390438055,4.542968033
3.454,1.81,3.62,5.033609855,18.61,1.395240688,271.522,-0.1261420127,3.966287219
3.455,1.88,3.76,5.197305421,20.01,1.514045576,272.319,-0.1104611315,3.702880465
3.456,1.84,3.68,5.104047539,19.34,1.456934338,272.922,-0.09862764384,3.757654705
3.457,1.73,3.46,4.843704793,17.11,1.270200984,273.051,-0.0960994968,4.125456653
3.458,1.61,3.22,4.553198367,14.9,1.090161848,272.864,-0.09976471955,4.597346093
3.459,1.58,3.16,4.479512605,14.1,1.02620387,272.6,-0.1049434302,4.862373776
3.46,1.62,3.24,4.577666141,15,1.09820173,272.23,-0.1122099181,4.642701983
3.461,1.63,3.26,4.602086841,15.3,1.122381755,271.807,-0.1205293907,4.593577863
3.462,1.57,3.14,4.454856537,13.97,1.015871161,271.132,-0.1338319969,5.050633487
3.463,1.46,2.92,4.180532931,10.87,0.7744281063,270.529,-0.1457436957,6.649652609
3.464,1.35,2.7,3.90051342,7.79,0.5437928897,269.98,-0.1566117886,10.07413174
3.465,1.29,2.58,3.745374751,6,0.4138963161,269.639,-0.163373412,14.95022886
3.466,1.29,2.58,3.745374751,5.97,0.4117448525,269.508,-0.1659732596,15.23925002
3.467,1.35,2.7,3.90051342,7.6,0.5298619186,269.447,-0.1671843069,10.75476758
3.468,1.46,2.92,4.180532931,10.63,0.7561284042,269.623,-0.1636908829,7.056495885
3.469,1.58,3.16,4.479512605,13.93,1.012695257,269.819,-0.1598031618,5.252144592
3.47,1.67,3.34,4.699298905,15.77,1.16044631,270.119,-0.1538580341,4.668541266
3.471,1.7,3.4,4.77171368,16.36,1.208546047,270.648,-0.143390861,4.479829554
3.472,1.65,3.3,4.65078702,15.49,1.137742688,271.314,-0.130241962,4.616162452
3.473,1.61,3.22,4.553198367,14.67,1.071708241,272.077,-0.1152175958,4.760316673
3.474,1.71,3.42,4.795757791,16.44,1.21509526,272.877,-0.09950983674,4.298870971
3.475,1.91,3.82,5.266754559,20.39,1.546645704,273.782,-0.08179585262,3.595422803
3.476,2.07,4.14,5.629994777,23.67,1.834385889,274.818,-0.06158948518,3.175770644
3.477,2.08,4.16,5.652297165,23.74,1.840651913,275.75,-0.04347653723,3.145100496
3.478,1.93,3.86,5.312818617,21,1.599294702,276.235,-0.03407501122,3.394295796
3.479,1.81,3.62,5.033609855,18.62,1.396082072,276.37,-0.0314610283,3.688650325
3.48,1.79,3.58,4.986416031,18.3,1.369209095,276.259,-0.03361020979,3.73346825
3.481,1.83,3.66,5.080615385,19.09,1.435744057,276.107,-0.03655463439,3.631113344
3.482,1.88,3.76,5.197305421,20.04,1.516613769,275.909,-0.04039256679,3.520682005
3.483,1.89,3.78,5.220502207,20.26,1.53547599,275.634,-0.04572760004,3.50428451
3.484,1.84,3.68,5.104047539,19.28,1.45184274,275.15,-0.05513019949,3.654329285
3.485,1.75,3.5,4.8914635,17.5,1.302488754,274.808,-0.06178416301,3.942488435
3.486,1.64,3.28,4.626460467,15.42,1.132079159,274.626,-0.0653285379,4.336965339
3.487,1.56,3.12,4.430153395,13.47,0.9762868841,274.582,-0.06618577232,4.867759569
3.488,1.54,3.08,4.380605891,12.83,0.9259811889,274.614,-0.06556231548,5.091248026
3.489,1.58,3.16,4.479512605,13.97,1.015871161,274.565,-0.06651701332,4.718484264
3.49,1.66,3.32,4.675066499,15.71,1.155574575,274.306,-0.07156610537,4.312758277
3.491,1.71,3.42,4.795757791,16.71,1.237246958,274.044,-0.07667853395,4.132249069
3.492,1.73,3.46,4.843704793,16.99,1.260297613,273.639,-0.08459095919,4.119824257
3.493,1.73,3.46,4.843704793,17.1,1.269375141,273.169,-0.09378797393,4.120242998
3.494,1.74,3.48,4.867607683,17.18,1.275984753,272.735,-0.1022945996,4.147268059
3.495,1.74,3.48,4.867607683,17.17,1.275158193,272.398,-0.1089093165,4.173729794
3.496,1.74,3.48,4.867607683,17.21,1.278465046,272.225,-0.1123081815,4.174059109
3.497,1.8,3.6,5.01003648,18.46,1.382632347,272.237,-0.1120723524,3.94317191
3.498,1.93,3.86,5.312818617,20.96,1.595830303,272.254,-0.1117382789,3.579844464
3.499,2.02,4.04,5.517776733,22.66,1.744562006,272.194,-0.1129174549,3.381727184
3.5,2,4,5.47256,22.25,1.708410371,271.965,-0.117420367,3.439719914
3.501,1.93,3.86,5.312818617,20.96,1.595830303,271.816,-0.1203522459,3.600743902
3.502,1.92,3.84,5.289810125,20.83,1.584582656,271.667,-0.1232857324,3.619942011
3.503,1.95,3.9,5.35869438,21.34,1.628810296,271.471,-0.127146998,3.568505928
3.504,1.92,3.84,5.289810125,20.75,1.577669878,271.467,-0.1272258284,3.647028043
3.505,1.84,3.68,5.104047539,19.37,1.459481542,271.601,-0.1245856433,3.823554738
3.506,1.81,3.62,5.033609855,18.76,1.407872324,271.834,-0.1199979738,3.908463474
3.507,1.85,3.7,5.12743262,19.52,1.472231631,272.084,-0.1150799527,3.778083689
3.508,1.9,3.8,5.24365192,20.53,1.558694471,272.484,-0.1072205105,3.612639333
3.509,1.91,3.82,5.266754559,20.64,1.56817581,272.921,-0.09864724655,3.58397563
3.51,1.88,3.76,5.197305421,20.16,1.526895965,273.228,-0.09263258691,3.623675748
3.511,1.86,3.72,5.150770627,19.67,1.485005183,273.464,-0.08801353239,3.687044677
3.512,1.83,3.66,5.080615385,19.1,1.436590421,273.6,-0.08535351449,3.759973815
3.513,1.78,3.56,4.962748509,18.25,1.365019752,273.623,-0.08490378924,3.87679605
3.514,1.72,3.44,4.819754829,17.17,1.275158193,273.406,-0.08914835419,4.06384051
3.515,1.67,3.34,4.699298905,16.04,1.182414232,273.015,-0.09680490604,4.328720096
3.516,1.61,3.22,4.553198367,15.01,1.099006271,272.714,-0.1027065538,4.570109061
3.517,1.55,3.1,4.40540318,13.62,0.988136049,272.167,-0.1134481689,5.036543069
3.518,1.46,2.92,4.180532931,11.02,0.7858938405,271.454,-0.1274820351,6.349419765
3.519,1.28,2.56,3.719353549,6.31,0.4361772617,271.066,-0.1351344731,12.3549
3.52,1.07,2.14,3.162034297,0.35,0.0232539451,270.652,-0.1433117921,-26.33758956
3.521,0.91,1.82,2.723476319,-8,-0.5027319434,270.278,-0.150709793,-4.167894653
3.522,0.89,1.78,2.667809247,-8.85,-0.5530000139,270.027,-0.1556805044,-3.764473805
3.523,1.01,2.02,2.998987263,-2.72,-0.177057616,269.923,-0.1577414359,-8.957573942
3.524,1.17,2.34,3.430013465,2.86,0.1932180047,270.049,-0.1552446398,90.32682434
3.525,1.31,2.62,3.797275935,6.48,0.448433957,270.568,-0.1449724846,12.51320606
3.526,1.42,2.84,4.079366685,9.28,0.6542302888,271.328,-0.1299659052,7.781124968
3.527,1.47,2.94,4.205706809,10.85,0.7729009945,272.299,-0.1108540674,6.352581119
3.528,1.47,2.94,4.205706809,10.83,0.7713742715,273.088,-0.09537458977,6.221462706
3.529,1.44,2.88,4.130043955,9.77,0.6910124414,273.598,-0.08539262282,6.819532367
3.53,1.43,2.86,4.104728857,9.69,0.6849914265,274.098,-0.07562442753,6.736053747
3.531,1.52,3.04,4.330870093,11.98,0.859794194,274.517,-0.06745239273,5.465911411
3.532,1.69,3.38,4.747622495,16.11,1.188121682,274.795,-0.06203725479,4.216044889
3.533,1.88,3.76,5.197305421,19.85,1.500364454,275.045,-0.0571722028,3.601256462
3.534,2.01,4.02,5.495191903,22.22,1.705772166,275.343,-0.05137883465,3.321575225
3.535,2.02,4.04,5.517776733,22.52,1.732197378,275.705,-0.04434968191,3.269120042
3.536,1.95,3.9,5.35869438,21.26,1.621854462,275.697,-0.04450492255,3.397277678
3.537,1.86,3.72,5.150770627,19.53,1.473082471,275.59,-0.04658169929,3.61077311
3.538,1.78,3.56,4.962748509,17.99,1.343276753,275.5,-0.04832914527,3.832393281
3.539,1.7,3.4,4.77171368,16.5,1.220011443,274.961,-0.05880636681,4.109277316
3.54,1.63,3.26,4.602086841,15.02,1.099810913,274.053,-0.07650283513,4.497264254
3.541,1.56,3.12,4.430153395,13.17,0.9526555674,273.266,-0.09188857142,5.146750997
3.542,1.49,2.98,4.255913343,11.23,0.8019826584,272.332,-0.1102057386,6.15214706
3.543,1.42,2.84,4.079366685,9.48,0.6692155509,271.32,-0.1301236502,7.567108093
3.544,1.38,2.76,3.977447261,8.31,0.5820946737,270.459,-0.1471281996,9.14426168
3.545,1.38,2.76,3.977447261,8.1,0.5665957586,269.817,-0.1598428181,9.778533514
3.546,1.4,2.8,4.02850112,8.81,0.6191657777,269.44,-0.1673232971,8.915720174
3.547,1.45,2.9,4.15531198,9.98,0.7068469357,269.27,-0.170699882,7.750321394
3.548,1.49,2.98,4.255913343,11.08,0.7904862633,269.484,-0.1664497045,6.819974381
3.549,1.52,3.04,4.330870093,11.97,0.8590197516,270.091,-0.1544126333,6.146503463
3.55,1.55,3.1,4.40540318,12.74,0.9189394541,270.73,-0.1417701819,5.668524654
3.551,1.57,3.14,4.454856537,13.48,0.9770761329,271.221,-0.1320761294,5.272019549
3.552,1.6,3.2,4.52868352,14.16,1.030978503,271.457,-0.1274229094,5.012069598
3.553,1.61,3.22,4.553198367,14.61,1.066902987,271.589,-0.1248220247,4.833128518
3.554,1.62,3.24,4.577666141,14.69,1.073310795,271.674,-0.1231478816,4.817769749
3.555,1.61,3.22,4.553198367,14.5,1.058102728,271.526,-0.1260631983,4.885198774
3.556,1.59,3.18,4.504121599,13.86,1.007141264,271.306,-0.1303997151,5.137342479
3.557,1.55,3.1,4.40540318,12.77,0.9212858102,271.104,-0.1343845239,5.598419085
3.558,1.5,3,4.280946,11.42,0.8165762495,271.034,-0.1357660909,6.288017219
3.559,1.47,2.94,4.205706809,10.43,0.7409213337,270.866,-0.1390833082,6.988104159
3.56,1.46,2.92,4.180532931,10.37,0.7363667681,270.797,-0.1404463329,7.015253521
3.561,1.49,2.98,4.255913343,11.18,0.7981480909,270.964,-0.1371480149,6.438597358
3.562,1.54,3.08,4.380605891,12.34,0.8877395187,271.335,-0.1298278822,5.779837227
3.563,1.57,3.14,4.454856537,13.27,0.9605227547,271.859,-0.1195059682,5.296988846
3.564,1.59,3.18,4.504121599,13.96,1.015077035,272.525,-0.1064155696,4.956875327
3.565,1.62,3.24,4.577666141,14.79,1.081329584,273.096,-0.09521786603,4.642137457
3.566,1.68,3.36,4.723484237,15.78,1.16125862,273.727,-0.0828707208,4.38013468
3.567,1.75,3.5,4.8914635,17.15,1.273505381,274.547,-0.06686776143,4.053796618
3.568,1.83,3.66,5.080615385,18.7,1.402816872,275.7,-0.04444670679,3.740228926
3.569,1.91,3.82,5.266754559,20.32,1.540629039,276.517,-0.02861614312,3.483273571
3.57,1.99,3.98,5.449881023,21.72,1.661943022,277.025,-0.01879646995,3.316734602
3.571,2,4,5.47256,22.11,1.696106948,277.255,-0.01435647546,3.254085603
3.572,1.94,3.88,5.335780035,20.87,1.588041573,277.341,-0.01269724964,3.387056375
3.573,1.81,3.62,5.033609855,18.31,1.370047273,277.272,-0.01402844815,3.71205013
3.574,1.68,3.36,4.723484237,15.82,1.164508873,276.797,-0.02320149564,4.138660917
3.575,1.61,3.22,4.553198367,14.62,1.067703612,276.236,-0.03405564369,4.404979747
3.576,1.61,3.22,4.553198367,14.64,1.069305163,275.539,-0.0475718486,4.456347173
3.577,1.62,3.24,4.577666141,14.66,1.070907115,274.876,-0.06046049341,4.5303394
3.578,1.56,3.12,4.430153395,13.18,0.9534418402,273.881,-0.07986163393,5.071261189
3.579,1.45,2.9,4.15531198,10.02,0.7098678504,272.74,-0.1021965199,6.838091204
3.58,1.32,2.64,3.823155917,6.7,0.4643357186,271.595,-0.1247038327,11.25676379
3.581,1.26,2.52,3.667169923,4.89,0.334848915,270.78,-0.1407822038,18.89643979
3.582,1.27,2.54,3.693285273,5.05,0.3461727334,270.593,-0.144478177,18.31127889
3.583,1.3,2.6,3.77134888,5.99,0.4131790684,270.514,-0.1460403449,14.1175672
3.584,1.31,2.62,3.797275935,6.09,0.4203557404,270.512,-0.1460798994,13.84473354
3.585,1.25,2.5,3.6410075,4.45,0.3038301318,270.634,-0.1436676114,22.73320557
3.586,1.17,2.34,3.430013465,2.3,0.1548075169,270.898,-0.1384512987,209.7070014
3.587,1.15,2.3,3.37679422,1.82,0.1221093445,271.308,-0.1303602764,-409.2621598
3.588,1.23,2.46,3.588541433,3.94,0.2680991864,271.915,-0.1184040398,23.97232987
3.589,1.39,2.78,4.002997727,7.94,0.5548151612,272.621,-0.1045313037,8.889942778
3.59,1.54,3.08,4.380605891,11.91,0.8543751566,273.303,-0.0911642347,5.739705454
3.591,1.63,3.26,4.602086841,14.49,1.057303305,273.872,-0.08003744309,4.709145196
3.592,1.67,3.34,4.699298905,15.4,1.130461916,274.426,-0.06922616525,4.428138519
3.593,1.7,3.4,4.77171368,15.93,1.173455422,274.808,-0.06178416301,4.292378384
3.594,1.73,3.46,4.843704793,16.48,1.218372308,275.059,-0.05689989066,4.170314093
3.595,1.76,3.52,4.915272243,17.06,1.26607279,275.129,-0.0555385378,4.060415667
3.596,1.78,3.56,4.962748509,17.42,1.295852912,275.003,-0.05798922241,4.009123581
3.597,1.78,3.56,4.962748509,17.35,1.290051935,274.733,-0.06324447263,4.045254582
3.598,1.75,3.5,4.8914635,16.82,1.246293028,274.439,-0.06897273317,4.154743209
3.599,1.7,3.4,4.77171368,15.9,1.171014238,274.243,-0.07279498375,4.3449554
3.6,1.64,3.28,4.626460467,14.68,1.072509468,273.95,-0.07851395553,4.654407801
3.601,1.55,3.1,4.40540318,12.34,0.8877395187,273.814,-0.08117057413,5.461905284
3.602,1.47,2.94,4.205706809,9.87,0.6985473763,273.825,-0.08095565152,6.809849679
3.603,1.43,2.86,4.104728857,8.63,0.6057927298,273.778,-0.08187401757,7.834667403
3.604,1.45,2.9,4.15531198,9.35,0.6594707644,274.16,-0.07441441326,7.102413249
3.605,1.54,3.08,4.380605891,11.82,0.8474148814,274.743,-0.06304974165,5.584906403
3.606,1.67,3.34,4.699298905,15.21,1.11511823,275.279,-0.05262251907,4.422887412
3.607,1.83,3.66,5.080615385,18.2,1.36083299,275.9,-0.0405670837,3.848175855
3.608,2.02,4.04,5.517776733,21.9,1.677690909,276.427,-0.03035772998,3.349520792
3.609,2.19,4.38,5.894516575,25.35,1.986233201,276.27,-0.0333971893,3.0184391
3.61,2.26,4.52,6.045690563,26.95,2.133710792,275.676,-0.04491245067,2.894339029
3.611,2.22,4.44,5.959587869,26.17,2.061464585,274.879,-0.06040210376,2.978211787
3.612,2.11,4.22,5.718921887,23.92,1.856788793,274.26,-0.07246335384,3.205089027
3.613,1.99,3.98,5.449881023,21.65,1.655828128,273.489,-0.08752445928,3.475016434
3.614,1.91,3.82,5.266754559,20.12,1.52346689,271.606,-0.1244871541,3.764711113
3.615,1.85,3.7,5.12743262,18.98,1.426440919,270.695,-0.1424618751,3.993392762
3.616,1.78,3.56,4.962748509,17.66,1.315780144,269.73,-0.1615681544,4.299685458
3.617,1.68,3.36,4.723484237,15.7,1.154762973,268.788,-0.1802850966,4.847194945
3.618,1.54,3.08,4.380605891,12.4,0.8924094601,267.881,-0.1983686998,6.311741532
3.619,1.39,2.78,4.002997727,8.35,0.5850516001,267.398,-0.2080236674,10.61724445
3.62,1.27,2.54,3.693285273,5.13,0.3518435126,266.956,-0.2168743564,27.36392058
3.621,1.2,2.4,3.50948928,3.25,0.2201359582,266.797,-0.2200617859,47315.31986
3.622,1.18,2.36,3.456552477,2.45,0.1650682554,266.715,-0.22170636,-61.02874569
3.623,1.16,2.32,3.403427379,2.15,0.1445670651,266.635,-0.2233113098,-43.2212842
3.624,1.16,2.32,3.403427379,1.98,0.1329857094,266.645,-0.2231106648,-37.76342928
3.625,1.16,2.32,3.403427379,2.06,0.1384325202,266.95,-0.2169946023,-43.3215018
3.626,1.17,2.34,3.430013465,2.3,0.1548075169,267.263,-0.2107253794,-61.34021067
3.627,1.16,2.32,3.403427379,2.01,0.135027589,267.364,-0.20870397,-46.19428004
3.628,1.1,2.2,3.24292232,0.42,0.02791774195,267.466,-0.2066633216,-18.14267143
3.629,0.99,1.98,2.944261663,-5.22,-0.3341757968,267.69,-0.2021846272,-5.489334282
3.63,0.86,1.72,2.583955587,-12.01,-0.7347854367,267.764,-0.2007058821,-2.76213743
3.631,0.79,1.58,2.386649471,-15.28,-0.9146562267,267.903,-0.1979293436,-2.145137898
3.632,0.84,1.68,2.527817779,-13.1,-0.7956600827,268.134,-0.193318281,-2.55598896
3.633,0.99,1.98,2.944261663,-5.87,-0.3741614048,268.408,-0.1878540299,-5.23875588
3.634,1.18,2.36,3.456552477,2.16,0.1452491313,268.862,-0.1788123913,-102.9861962
3.635,1.37,2.74,3.951849721,6.99,0.485366489,269.165,-0.1727864849,12.64268241
3.636,1.56,3.12,4.430153395,12.14,0.8721986198,269.776,-0.1606558383,6.226123727
3.637,1.74,3.48,4.867607683,16.32,1.205273881,270.473,-0.1468512702,4.598926398
3.638,1.86,3.72,5.150770627,18.64,1.39776515,271.189,-0.1327073862,4.071569515
3.639,1.9,3.8,5.24365192,19.5,1.470530264,271.917,-0.1183646895,3.877965848
3.64,1.89,3.78,5.220502207,19.23,1.447602604,272.838,-0.1002745216,3.874707487
3.641,1.87,3.74,5.174061561,18.83,1.413775067,273.609,-0.08517753054,3.894378409
3.642,1.87,3.74,5.174061561,18.9,1.419682892,274.227,-0.07310712479,3.84238428
3.643,1.89,3.78,5.220502207,19.23,1.447602604,275.052,-0.057036045,3.754226775
3.644,1.9,3.8,5.24365192,19.52,1.472231631,275.98,-0.03901602186,3.658662302
3.645,1.91,3.82,5.266754559,19.64,1.482448594,276.42,-0.0304932105,3.627352892
3.646,1.9,3.8,5.24365192,19.52,1.472231631,276.734,-0.02441931361,3.621776011
3.647,1.9,3.8,5.24365192,19.41,1.462879273,276.913,-0.02095988899,3.636577729
3.648,1.91,3.82,5.266754559,19.75,1.491827347,277.189,-0.01563018391,3.567785315
3.649,1.97,3.94,5.404381849,20.79,1.581125425,277.153,-0.0163250618,3.453719706
3.65,2.04,4.08,5.562805171,22.23,1.706651462,276.817,-0.02281494472,3.303649206
3.651,2.09,4.18,5.674552479,23.18,1.790671302,276.161,-0.03550840321,3.233063143
3.652,2.08,4.16,5.652297165,23.09,1.782670121,275.244,-0.05330278129,3.268419054
3.653,2.03,4.06,5.540314489,22.11,1.696106948,274.245,-0.0727559674,3.412887635
3.654,1.95,3.9,5.35869438,20.64,1.56817581,273.082,-0.09549213559,3.638727361
3.655,1.87,3.74,5.174061561,19.01,1.428976892,272.101,-0.1147456914,3.936949266
3.656,1.78,3.56,4.962748509,17.26,1.282600916,271.133,-0.1338122649,4.319983928
3.657,1.68,3.36,4.723484237,15.44,1.133696805,270.327,-0.1497399537,4.800499362
3.658,1.59,3.18,4.504121599,13.31,0.9636724055,269.61,-0.1639488419,5.632098146
3.659,1.51,3.02,4.305931583,10.95,0.7805404415,269.025,-0.1755698886,7.11758872
3.66,1.43,2.86,4.104728857,8.74,0.6139614739,268.38,-0.1884121645,9.645718527
3.661,1.36,2.72,3.926205107,6.76,0.4686804357,267.755,-0.2008857076,14.66124869
3.662,1.29,2.58,3.745374751,5.02,0.3440477163,267.09,-0.2141895689,28.84204668
3.663,1.24,2.48,3.614798003,3.49,0.2367695741,266.538,-0.2252579576,314.0130646
3.664,1.18,2.36,3.456552477,2.05,0.1377513541,266.056,-0.234941509,-35.56484172
3.665,1.13,2.26,3.323386681,0.6,0.03993030927,265.676,-0.2425882196,-16.39899808
3.666,1.08,2.16,3.189044045,-1.73,-0.11335941,265.274,-0.2506895489,-8.759931779
3.667,1.04,2.08,3.080722611,-4,-0.2581659283,265.024,-0.2557338829,-5.994792262
3.668,1.03,2.06,3.053524569,-4.79,-0.307528872,264.765,-0.2609648337,-5.37125484
3.669,1.04,2.08,3.080722611,-4.01,-0.2587940821,264.602,-0.2642595235,-5.889879312
3.67,1.08,2.16,3.189044045,-2.12,-0.1385538279,264.814,-0.259974802,-8.002045036
3.671,1.11,2.22,3.269790847,0.08,0.005305640709,265.355,-0.2490562043,-13.41449553
3.672,1.15,2.3,3.37679422,1.03,0.06874350944,266.355,-0.2289324289,-21.08007364
3.673,1.19,2.38,3.483044415,2.07,0.1391137764,267.329,-0.2094043719,-49.55206862
3.674,1.24,2.48,3.614798003,3.14,0.2125297309,268.341,-0.1891896635,154.875217
3.675,1.27,2.54,3.693285273,4.12,0.2806828744,269.174,-0.1726076013,34.173268
3.676,1.3,2.6,3.77134888,4.85,0.3320216532,270.098,-0.1542739781,21.21743014
3.677,1.33,2.66,3.848988825,5.54,0.3809992462,270.948,-0.1374639333,15.8046436
3.678,1.38,2.76,3.977447261,6.78,0.4701294253,271.955,-0.1176170871,11.2831434
3.679,1.46,2.92,4.180532931,9.04,0.6362985958,273.212,-0.09294588755,7.693958027
3.68,1.59,3.18,4.504121599,12.5,0.9002005719,274.367,-0.07037650792,5.427803066
3.681,1.72,3.44,4.819754829,15.68,1.153140073,275.314,-0.05194234333,4.37682961
3.682,1.81,3.62,5.033609855,17.39,1.293366164,276.087,-0.03694217935,4.006298763
3.683,1.84,3.68,5.104047539,17.99,1.343276753,276.754,-0.0240326747,3.868918288
3.684,1.83,3.66,5.080615385,17.67,1.316611729,277.285,-0.01377761731,3.899664077
3.685,1.82,3.64,5.057136157,17.52,1.30414874,277.527,-0.009110450479,3.905008985
3.686,1.87,3.74,5.174061561,18.54,1.389353898,278.025,0.0004810934763,3.722788383
3.687,2,4,5.47256,21.02,1.601027535,278.361,0.006942795311,3.403396131
3.688,2.17,4.34,5.850900345,24.51,1.909927218,278.077,0.001481629352,3.061040735
3.689,2.29,4.58,6.109773311,27.04,2.142090029,277.604,-0.007626296278,2.862439506
3.69,2.28,4.56,6.088459469,26.81,2.120694191,276.968,-0.01989738639,2.89816676
3.691,2.12,4.24,5.741035981,23.82,1.847819547,275.99,-0.03882217075,3.173601054
3.692,1.89,3.78,5.220502207,19.34,1.456934338,274.875,-0.06047995676,3.738397959
3.693,1.7,3.4,4.77171368,15.58,1.145031639,273.864,-0.08019372276,4.481164325
3.694,1.6,3.2,4.52868352,13.21,0.955801253,273.233,-0.09253468423,5.245985057
3.695,1.58,3.16,4.479512605,12.7,0.9158123613,272.741,-0.1021769042,5.505552353
3.696,1.61,3.22,4.553198367,13.4,0.9707649231,272.703,-0.102922352,5.246571808
3.697,1.65,3.3,4.65078702,14.56,1.062901366,272.825,-0.1005294408,4.832629566
3.698,1.71,3.42,4.795757791,15.79,1.162071032,273.165,-0.09386631429,4.489549347
3.699,1.82,3.64,5.057136157,17.78,1.325765949,273.657,-0.08423904724,4.073319838
3.7,1.92,3.84,5.289810125,19.85,1.500364454,274.036,-0.07683471553,3.715981466
3.701,1.97,3.94,5.404381849,20.77,1.579397441,274.22,-0.07324369223,3.588200643
3.702,1.94,3.88,5.335780035,20.1,1.521752981,274.203,-0.07357537051,3.684479028
3.703,1.84,3.68,5.104047539,18.25,1.365019752,274.283,-0.07201471079,3.947430502
3.704,1.74,3.48,4.867607683,16.24,1.198734428,273.979,-0.07794764128,4.343027364
3.705,1.66,3.32,4.675066499,14.71,1.07491375,273.447,-0.08834612764,4.73871876
3.706,1.59,3.18,4.504121599,13,0.9393040821,272.777,-0.1014707864,5.375916214
3.707,1.54,3.08,4.380605891,11.49,0.8219617179,272.038,-0.1159845293,6.205024698
3.708,1.49,2.98,4.255913343,10.09,0.7151581665,271.178,-0.1329243979,7.309629865
3.709,1.44,2.88,4.130043955,8.77,0.616191317,270.403,-0.1482360608,8.825724042
3.71,1.4,2.8,4.02850112,7.53,0.5247380588,269.478,-0.1665688224,11.24747943
3.711,1.36,2.72,3.926205107,6.43,0.4448262407,268.678,-0.1824750026,14.96545294
3.712,1.33,2.66,3.848988825,5.52,0.3795733999,268.211,-0.1917821429,20.49610235
3.713,1.3,2.6,3.77134888,4.72,0.3228432436,268.153,-0.192939193,29.03180357
3.714,1.28,2.56,3.719353549,4.2,0.286285154,268.476,-0.1864988023,37.27316897
3.715,1.29,2.58,3.745374751,4.39,0.2996141022,269.132,-0.1734424425,29.68475457
3.716,1.33,2.66,3.848988825,5.49,0.3774353265,270.279,-0.1506899986,16.97494215
3.717,1.41,2.82,4.053957439,7.43,0.5174262867,271.67,-0.123226653,10.28402133
3.718,1.51,3.02,4.305931583,10.13,0.7181833282,273.149,-0.09417968719,6.900491119
3.719,1.64,3.28,4.626460467,13.79,1.001592152,274.757,-0.06277713018,4.927978736
3.72,1.8,3.6,5.01003648,17.21,1.278465046,276.294,-0.03293244675,4.02240494
3.721,1.95,3.9,5.35869438,20.02,1.514901535,277.805,-0.003754014602,3.546109368
3.722,1.99,3.98,5.449881023,20.87,1.588041573,278.96,0.01844299442,3.392426627
3.723,1.92,3.84,5.289810125,19.5,1.470530264,279.59,0.03051174898,3.524091983
3.724,1.81,3.62,5.033609855,17.29,1.285083667,280.061,0.03951682748,3.800096615
3.725,1.74,3.48,4.867607683,15.99,1.178340525,280.39,0.0457980196,3.97635358
3.726,1.75,3.5,4.8914635,16.25,1.199551504,280.3,0.04408049297,3.933208146
3.727,1.83,3.66,5.080615385,17.68,1.317443417,279.89,0.03624922004,3.753152854
3.728,1.95,3.9,5.35869438,19.98,1.511478325,279.336,0.0256492087,3.486174219
3.729,2.08,4.16,5.652297165,22.59,1.738377076,278.856,0.01644807134,3.221003058
3.73,2.16,4.32,5.829021619,24.26,1.887364977,278.47,0.009037326713,3.073726291
3.731,2.15,4.3,5.80709582,24.01,1.864870339,278.069,0.001327712935,3.111725369
3.732,2.06,4.12,5.607645315,22.37,1.718972778,277.831,-0.003253327101,3.268392925
3.733,1.98,3.96,5.427154973,20.74,1.576806255,277.21,-0.01522488014,3.475422454
3.734,1.94,3.88,5.335780035,20.05,1.517470042,276.687,-0.02532802507,3.5759197
3.735,1.95,3.9,5.35869438,20.11,1.522609883,276.305,-0.03271945324,3.596703671
3.736,1.95,3.9,5.35869438,20.27,1.536334569,276.009,-0.03845387298,3.577517484
3.737,1.95,3.9,5.35869438,20.2,1.530326717,275.798,-0.04254533994,3.601802296
3.738,1.95,3.9,5.35869438,20.1,1.521752981,275.534,-0.04766893193,3.635270582
3.739,1.95,3.9,5.35869438,20.13,1.524324002,275.516,-0.04801844649,3.629800322
3.74,1.95,3.9,5.35869438,20.25,1.534617516,275.581,-0.0467564182,3.601609309
3.741,1.95,3.9,5.35869438,20.19,1.529468872,275.69,-0.04464076181,3.608966145
3.742,1.93,3.86,5.312818617,19.73,1.490121179,275.554,-0.04728060919,3.682193811
3.743,1.88,3.76,5.197305421,18.74,1.406186759,275.387,-0.05052396929,3.833774491
3.744,1.8,3.6,5.01003648,17.2,1.277638179,275.499,-0.04834856455,4.075554223
3.745,1.68,3.36,4.723484237,15.01,1.099006271,275.42,-0.0498829099,4.502315371
3.746,1.57,3.14,4.454856537,12.03,0.8636678778,275.554,-0.04728060919,5.45679325
3.747,1.53,3.06,4.355761529,10.72,0.7629842395,275.816,-0.04219618274,6.043054526
3.748,1.58,3.16,4.479512605,12.19,0.8760801584,276.012,-0.03839572302,5.347494135
3.749,1.71,3.42,4.795757791,15.31,1.123189317,276.087,-0.03694217935,4.414978531
3.75,1.82,3.64,5.057136157,17.47,1.299999544,276.129,-0.03612836736,4.001306662
3.751,1.87,3.74,5.174061561,18.54,1.389353898,276.008,-0.03847325644,3.830139689
3.752,1.89,3.78,5.220502207,18.89,1.418838606,275.708,-0.04429146783,3.797979758
3.753,1.91,3.82,5.266754559,19.28,1.45184274,275.267,-0.05285574209,3.764691572
3.754,1.96,3.92,5.381561651,20.16,1.526895965,275.032,-0.05742507649,3.66224448
3.755,2.02,4.04,5.517776733,21.47,1.640127965,275.042,-0.05723055721,3.485871355
3.756,2.1,4.2,5.69676072,23.01,1.77556525,275.102,-0.05606359001,3.313030079
3.757,2.18,4.36,5.872731997,24.65,1.92259165,275.092,-0.05625806687,3.146667911
3.758,2.25,4.5,6.0242355,26.05,2.050409136,275.125,-0.05561632007,3.019980548
3.759,2.28,4.56,6.088459469,26.64,2.104917369,275.518,-0.04797961041,2.959962908
3.76,2.26,4.52,6.045690563,26.22,2.066075685,276.013,-0.03837633984,2.981551766
3.761,2.21,4.42,5.937944511,25.33,1.984407469,276.359,-0.03167397172,3.040837124
3.762,2.18,4.36,5.872731997,24.82,1.937998476,276.851,-0.02215787225,3.06535522
3.763,2.19,4.38,5.894516575,25.06,1.959802742,277.381,-0.01192569199,3.026123531
3.764,2.23,4.46,5.981184153,25.87,2.033855557,277.755,-0.0047170069,2.947646996
3.765,2.29,4.58,6.109773311,26.94,2.132780318,277.931,-0.001328042516,2.86648375
3.766,2.33,4.66,6.194557945,27.89,2.221669313,277.773,-0.004370309704,2.793740464
3.767,2.34,4.68,6.215636419,28.08,2.239567251,277.38,-0.01194497957,2.790256005
3.768,2.28,4.56,6.088459469,27.04,2.142090029,276.801,-0.02312418322,2.873316473
3.769,2.17,4.34,5.850900345,24.79,1.935277345,276.316,-0.03250646821,3.074936882
3.77,2.02,4.04,5.517776733,21.89,1.676815123,275.966,-0.03928742523,3.36957765
3.771,1.86,3.72,5.150770627,18.93,1.422216374,275.802,-0.04246774748,3.73312249
3.772,1.72,3.44,4.819754829,16.14,1.190569254,275.726,-0.04394219666,4.203419757
3.773,1.58,3.16,4.479512605,13.17,0.9526555674,275.874,-0.04107127563,4.913986172
3.774,1.47,2.94,4.205706809,10.1,0.7159143121,275.956,-0.0394812932,6.217477106
3.775,1.39,2.78,4.002997727,7.69,0.5364565434,276.121,-0.03628336963,8.003223558
3.776,1.32,2.64,3.823155917,5.94,0.4095942274,276.229,-0.03419121789,10.18413763
3.777,1.28,2.56,3.719353549,4.67,0.3193172337,276.252,-0.0337457727,13.02424807
3.778,1.24,2.48,3.614798003,3.6,0.2444108522,276.245,-0.03388133905,17.17002975
3.779,1.22,2.44,3.562237789,3.01,0.2035547251,276.098,-0.03672902615,21.35305178
3.78,1.24,2.48,3.614798003,3.66,0.248583474,275.925,-0.04008232857,17.33706544
3.781,1.34,2.68,3.874774659,6.13,0.4232290204,275.486,-0.04860102151,10.3429927
3.782,1.51,3.02,4.305931583,10.55,0.7500409241,275.187,-0.05441082209,6.189973049
3.783,1.69,3.38,4.747622495,15.29,1.121574293,274.956,-0.05890365422,4.467633076
3.784,1.82,3.64,5.057136157,17.8,1.327431689,274.694,-0.06400399118,4.002711169
3.785,1.89,3.78,5.220502207,19.09,1.435744057,274.401,-0.06971356839,3.82165863
3.786,1.9,3.8,5.24365192,19.43,1.464578764,274.037,-0.07681519259,3.778490823
3.787,1.9,3.8,5.24365192,19.33,1.456085478,273.684,-0.08371122272,3.820861475
3.788,1.88,3.76,5.197305421,18.94,1.423061075,273.323,-0.09077274216,3.901036504
3.789,1.83,3.66,5.080615385,18.08,1.350795287,273.129,-0.09457142912,4.044355115
3.79,1.77,3.54,4.939033913,16.78,1.24300212,273.151,-0.09414051457,4.299067782
3.791,1.69,3.38,4.747622495,15.39,1.129653446,273.246,-0.09228014562,4.576580576
3.792,1.64,3.28,4.626460467,14.19,1.033367167,273.22,-0.09278923494,4.918742304
3.793,1.61,3.22,4.553198367,13.41,0.9715534768,273.604,-0.08527529869,5.137437071
3.794,1.62,3.24,4.577666141,13.52,0.9802341214,274.069,-0.0761904959,5.063545621
3.795,1.64,3.28,4.626460467,14.07,1.023817902,274.566,-0.06649752798,4.832719112
3.796,1.64,3.28,4.626460467,14.31,1.04293082,275.154,-0.0550524243,4.683228713
3.797,1.63,3.26,4.602086841,13.94,1.013489083,275.885,-0.04085795786,4.731584997
3.798,1.6,3.2,4.52868352,13.08,0.9455835699,276.607,-0.026875123,4.929402288
3.799,1.56,3.12,4.430153395,12,0.8613433732,276.943,-0.02038031596,5.267952447
3.8,1.53,3.06,4.355761529,11.15,0.7958485199,277.078,-0.01777301401,5.5981219
3.801,1.52,3.04,4.330870093,10.79,0.7683219911,276.914,-0.02094056887,5.794725376
3.802,1.53,3.06,4.355761529,10.99,0.783598943,276.539,-0.0281905081,5.766101261
3.803,1.55,3.1,4.40540318,11.66,0.8350606483,275.972,-0.03917110781,5.535194215
3.804,1.57,3.14,4.454856537,12.28,0.8830731195,275.31,-0.05202007333,5.360496008
3.805,1.58,3.16,4.479512605,12.32,0.8861836588,274.713,-0.06363395585,5.445886843
3.806,1.55,3.1,4.40540318,11.64,0.8335181309,274.636,-0.06513373105,5.733332406
3.807,1.5,3,4.280946,10.28,0.7295414516,274.983,-0.05837832322,6.378398662
3.808,1.45,2.9,4.15531198,8.84,0.621397626,275.129,-0.0555385378,7.343368812
3.809,1.43,2.86,4.104728857,8.18,0.5724951674,275.395,-0.0503685539,7.861558386
3.81,1.45,2.9,4.15531198,8.63,0.6057927298,275.859,-0.04136217721,7.361954382
3.811,1.5,3,4.280946,10.08,0.7144021175,276.392,-0.0310351669,6.264490837
3.812,1.57,3.14,4.454856537,12.07,0.8667685913,277.123,-0.01690419566,5.241843946
3.813,1.64,3.28,4.626460467,13.99,1.017459711,278.125,0.00240503488,4.536347086
3.814,1.7,3.4,4.77171368,15.24,1.117538498,279.202,0.02308214965,4.183436176
3.815,1.74,3.48,4.867607683,16.05,1.183229278,279.887,0.03619187577,3.9917363
3.816,1.77,3.54,4.939033913,16.7,1.2364252,280.239,0.042916078,3.860607014
3.817,1.81,3.62,5.033609855,17.36,1.290880339,280.248,0.04308789287,3.773410593
3.818,1.84,3.68,5.104047539,17.99,1.343276753,280.073,0.03974605835,3.690501342
3.819,1.86,3.72,5.150770627,18.36,1.374239714,279.73,0.0331900012,3.65970007
3.82,1.86,3.72,5.150770627,18.36,1.374239714,279.125,0.02160649111,3.690070302
3.821,1.85,3.7,5.12743262,18.08,1.350795287,278.336,0.006462282572,3.77778893
3.822,1.83,3.66,5.080615385,17.77,1.324933233,277.289,-0.01370044096,3.874686034
3.823,1.81,3.62,5.033609855,17.33,1.288395436,276.296,-0.03289372003,4.009241718
3.824,1.76,3.52,4.915272243,16.38,1.21018274,275.204,-0.05408032977,4.251588961
3.825,1.68,3.36,4.723484237,14.8,1.082132014,273.975,-0.07802575003,4.70416768
3.826,1.57,3.14,4.454856537,11.97,0.8590197516,272.761,-0.101784605,5.883055689
3.827,1.46,2.92,4.180532931,8.82,0.6199096316,272.051,-0.1157288726,8.291734376
3.828,1.35,2.7,3.90051342,5.89,0.4060117151,271.579,-0.1250190171,13.88119139
3.829,1.26,2.52,3.667169923,3.42,0.2319126851,271.522,-0.1261420127,34.67095215
3.83,1.19,2.38,3.483044415,1.35,0.09029280197,271.739,-0.1218680079,-110.309476
3.831,1.1,2.2,3.24292232,-2.12,-0.1385538279,272.248,-0.1118561848,-12.95044988
3.832,1.09,2.18,3.216006719,-3.05,-0.1981025445,273.142,-0.0943167936,-10.99792763
3.833,1.21,2.42,3.535887071,1.75,0.1173581633,274.416,-0.06942112118,73.76106058
3.834,1.43,2.86,4.104728857,7.39,0.5145042206,275.894,-0.04068343147,8.66304086
3.835,1.67,3.34,4.699298905,13.97,1.015871161,277.536,-0.008936956659,4.666937409
3.836,1.84,3.68,5.104047539,17.35,1.290051935,279.185,0.02275638992,3.887884805
3.837,1.94,3.88,5.335780035,19.33,1.456085478,280.35,0.0450347425,3.554532117
3.838,2.04,4.08,5.562805171,21.33,1.627940446,281.149,0.06026060358,3.295108229
3.839,2.13,4.26,5.763103001,23.06,1.78000499,281.863,0.07383012625,3.108746268
3.84,2.2,4.4,5.91625408,24.53,1.911735122,282.689,0.08948538264,2.956322937
3.841,2.27,4.54,6.067098553,25.89,2.035693091,283.346,0.1019049382,2.838278511
3.842,2.32,4.64,6.173432397,27.12,2.149545749,283.57,0.1061327253,2.736840586
3.843,2.37,4.74,6.278589401,28.1,2.241453581,283.275,0.1005641831,2.680846191
3.844,2.4,4.8,6.34111872,28.83,2.310609865,282.664,0.08901222693,2.642548901
3.845,2.43,4.86,6.403224377,29.39,2.364065313,282.155,0.07936966626,2.620583085
3.846,2.45,4.9,6.44439278,29.8,2.403425703,281.637,0.06953873294,2.605938317
3.847,2.47,4.94,6.485372889,30.16,2.438142236,281.043,0.05824314333,2.597905333
3.848,2.47,4.94,6.485372889,30.34,2.455555396,280.374,0.04549272183,2.593062021
3.849,2.44,4.88,6.423832115,29.76,2.399577333,279.83,0.03510221796,2.638471298
3.85,2.35,4.7,6.23666782,27.91,2.223551416,279.515,0.02907641929,2.768618821
3.851,2.18,4.36,5.872731997,24.7,1.927119813,279.352,0.02595564091,3.00691506
3.852,1.98,3.96,5.427154973,20.79,1.581125425,279.402,0.02691312847,3.375015457
3.853,1.82,3.64,5.057136157,17.83,1.329931071,279.615,0.03099010665,3.71596551
3.854,1.78,3.56,4.962748509,17.02,1.262772076,280.024,0.03880997049,3.812858762
3.855,1.86,3.72,5.150770627,18.5,1.385992295,280.483,0.04757221806,3.592981398
3.856,2.02,4.04,5.517776733,21.58,1.64971843,281.199,0.06121197178,3.225015306
3.857,2.17,4.34,5.850900345,24.63,1.920781144,281.831,0.07322270449,2.934247268
3.858,2.25,4.5,6.0242355,26.42,2.084547538,282.15,0.07927485938,2.784071145
3.859,2.28,4.56,6.088459469,26.89,2.128129601,282.058,0.07753011274,2.76038023
3.86,2.26,4.52,6.045690563,26.56,2.097503996,281.489,0.06672657361,2.793459555
3.861,2.22,4.44,5.959587869,25.84,2.031100078,280.504,0.0479727621,2.866464202
3.862,2.15,4.3,5.80709582,24.54,1.912639236,279.166,0.02239228204,3.001034229
3.863,2.03,4.06,5.540314489,22.24,1.707530863,278.019,0.0003656349874,3.243940423
3.864,1.88,3.76,5.197305421,19.28,1.45184274,276.83,-0.0225637016,3.636312632
3.865,1.74,3.48,4.867607683,16.68,1.23478199,275.78,-0.04289451993,4.083949034
3.866,1.66,3.32,4.675066499,15.13,1.108668614,274.919,-0.05962363603,4.456497668
3.867,1.63,3.26,4.602086841,14.49,1.057303305,274.235,-0.07295105199,4.675243872
3.868,1.61,3.22,4.553198367,14.09,1.025408448,273.488,-0.08754402135,4.854857738
3.869,1.58,3.16,4.479512605,13.21,0.955801253,272.766,-0.1016865347,5.244626406
3.87,1.52,3.04,4.330870093,11.55,0.8265816437,272.151,-0.1137626909,6.075694362
3.871,1.45,2.9,4.15531198,9.48,0.6692155509,271.718,-0.122281472,7.597464009
3.872,1.39,2.78,4.002997727,7.76,0.5415909922,271.422,-0.12811275,9.681277801
3.873,1.35,2.7,3.90051342,6.78,0.4701294253,271.265,-0.1312082729,11.50861607
3.874,1.33,2.66,3.848988825,6.19,0.4275417395,271.55,-0.1255903363,12.74704732
3.875,1.33,2.66,3.848988825,6.17,0.4261037932,271.906,-0.1185811202,12.51611397
3.876,1.38,2.76,3.977447261,7.39,0.5145042206,272.61,-0.1047471755,9.706842893
3.877,1.49,2.98,4.255913343,10.41,0.7394027579,273.456,-0.08817004522,6.535165173
3.878,1.67,3.34,4.699298905,15.08,1.104640877,274.486,-0.06805657887,4.533445966
3.879,1.84,3.68,5.104047539,18.49,1.385152153,275.378,-0.050698817,3.824822796
3.88,1.96,3.92,5.381561651,20.76,1.578533607,276.225,-0.0342686904,3.484869464
3.881,2.01,4.02,5.495191903,21.65,1.655828128,277.077,-0.01779232269,3.35474468
3.882,1.99,3.98,5.449881023,21.43,1.6366437,277.817,-0.00352292224,3.337096127
3.883,1.95,3.9,5.35869438,20.56,1.561279029,278.278,0.005347326782,3.420531233
3.884,1.87,3.74,5.174061561,18.98,1.426440919,278.68,0.01307035212,3.5943182
3.885,1.76,3.52,4.915272243,16.89,1.252056047,279.081,0.02076307488,3.861720929
3.886,1.71,3.42,4.795757791,15.96,1.175897517,279.484,0.02848303719,3.981928947
3.887,1.81,3.62,5.033609855,17.9,1.335766563,279.95,0.03739597626,3.665705778
3.888,2,4,5.47256,21.56,1.647973756,280.233,0.04280153169,3.23671634
3.889,2.09,4.18,5.674552479,23.39,1.809374529,280.394,0.04587434132,3.058647587
3.89,2,4,5.47256,21.73,1.662817002,280.372,0.04545455838,3.203565596
3.891,1.8,3.6,5.01003648,17.95,1.339937861,280.163,0.04146497682,3.626774424
3.892,1.64,3.28,4.626460467,14.76,1.078922893,279.788,0.03429917017,4.155918769
3.893,1.57,3.14,4.454856537,13.03,0.9416581478,279.538,0.029516628,4.58708015
3.894,1.58,3.16,4.479512605,13.3,0.962884844,279.217,0.02336956824,4.541944299
3.895,1.63,3.26,4.602086841,14.71,1.07491375,279.001,0.01922925009,4.206110939
3.896,1.7,3.4,4.77171368,16,1.179155063,278.917,0.01761826065,3.987149099
3.897,1.76,3.52,4.915272243,17.01,1.261947153,278.938,0.01802105349,3.840151825
3.898,1.79,3.58,4.986416031,17.6,1.310792792,278.88,0.01690850423,3.755676104
3.899,1.81,3.62,5.033609855,18.02,1.345782003,278.738,0.01418369974,3.701277058
3.9,1.82,3.64,5.057136157,18.23,1.363344738,278.74,0.0142220869,3.67106413
3.901,1.8,3.6,5.01003648,17.93,1.338269033,278.794,0.01525843626,3.701466423
3.902,1.77,3.54,4.939033913,17.25,1.281773537,278.743,0.01427966714,3.810826513
3.903,1.75,3.5,4.8914635,16.89,1.252056047,278.738,0.01418369974,3.862983697
3.904,1.78,3.56,4.962748509,17.46,1.299170012,278.885,0.01700442277,3.770585705
3.905,1.85,3.7,5.12743262,18.81,1.41208805,279.216,0.02335040748,3.572032358
3.906,1.92,3.84,5.289810125,20.11,1.522609883,279.785,0.034241805,3.397761113
3.907,1.95,3.9,5.35869438,20.81,1.58285383,280.495,0.04780110404,3.286222161
3.908,1.96,3.92,5.381561651,21.05,1.603627575,281.006,0.05753875635,3.239628417
3.909,1.97,3.94,5.404381849,21.1,1.607963086,281.304,0.06320929448,3.23388653
3.91,1.97,3.94,5.404381849,21.07,1.605361462,281.358,0.06423619874,3.236936643
3.911,1.96,3.92,5.381561651,20.97,1.596696244,281.188,0.06100268529,3.246404733
3.912,1.88,3.76,5.197305421,19.44,1.465428666,280.748,0.05262450528,3.423664941
3.913,1.72,3.44,4.819754829,16.47,1.217552894,280.177,0.0417323145,3.827373496
3.914,1.6,3.2,4.52868352,13.91,1.011107903,279.562,0.02997593761,4.349970043
3.915,1.57,3.14,4.454856537,12.88,0.9298967213,278.99,0.01901831479,4.694684316
3.916,1.61,3.22,4.553198367,13.99,1.017459711,278.505,0.009709708777,4.432762776
3.917,1.63,3.26,4.602086841,14.61,1.066902987,278.179,0.003443675626,4.29962273
3.918,1.58,3.16,4.479512605,13.27,0.9605227547,277.571,-0.00826231195,4.704083467
3.919,1.55,3.1,4.40540318,12.37,0.8900740465,276.907,-0.02107581113,5.069519132
3.92,1.57,3.14,4.454856537,12.97,0.9369509069,276.554,-0.02790032182,4.900559562
3.921,1.63,3.26,4.602086841,14.53,1.060501596,276.51,-0.02875157954,4.460466941
3.922,1.69,3.38,4.747622495,15.86,1.167760745,276.652,-0.02600482536,4.158176378
3.923,1.77,3.54,4.939033913,17.27,1.283428397,277.009,-0.01910547625,3.906465533
3.924,1.84,3.68,5.104047539,18.56,1.39103532,277.687,-0.00602695466,3.68521062
3.925,1.88,3.76,5.197305421,19.46,1.467128782,278.493,0.009479187303,3.519759835
3.926,1.91,3.82,5.266754559,19.94,1.50805679,279.373,0.02635780656,3.432419486
3.927,1.92,3.84,5.289810125,20.19,1.529468872,280.157,0.04135039943,3.367548528
3.928,1.94,3.88,5.335780035,20.53,1.558694471,281.087,0.05908067202,3.298221053
3.929,1.97,3.94,5.404381849,21.18,1.614905393,281.969,0.07584171838,3.196446004
3.93,2.02,4.04,5.517776733,22.15,1.699620083,282.521,0.08630497173,3.089590305
3.931,2.08,4.16,5.652297165,23.37,1.807591229,282.927,0.09398773079,2.972423068
3.932,2.14,4.28,5.785122947,24.6,1.918066199,283.355,0.1020748691,2.863722261
3.933,2.19,4.38,5.894516575,25.54,2.003599427,283.628,0.1072268758,2.792516166
3.934,2.21,4.42,5.937944511,26.12,2.056856228,284.574,0.1250413315,2.72145889
3.935,2.23,4.46,5.981184153,26.52,2.093799951,284.327,0.1203957075,2.701289803
3.936,2.24,4.48,6.002733363,26.62,2.103063365,284.442,0.1225591517,2.697103088
3.937,2.2,4.4,5.91625408,25.82,2.029263639,283.663,0.1078870309,2.768290586
3.938,2.08,4.16,5.652297165,23.62,1.829913388,282.398,0.08397525716,2.953305136
3.939,1.89,3.78,5.220502207,20,1.513189721,281.505,0.06703066211,3.303654517
3.94,1.67,3.34,4.699298905,15.95,1.175083384,280.619,0.05016568596,3.835382553
3.941,1.52,3.04,4.330870093,12.24,0.8799641537,279.648,0.03162147329,4.750919677
3.942,1.46,2.92,4.180532931,10.58,0.752323002,278.708,0.01360785921,5.458107439
3.943,1.48,2.96,4.230833613,11.27,0.8050520669,277.881,-0.002290598203,5.270349634
3.944,1.53,3.06,4.355761529,12.56,0.9048799677,277.324,-0.01302519533,4.883935887
3.945,1.54,3.08,4.380605891,12.76,0.9205035928,277.128,-0.016807669,4.847433496
3.946,1.5,3,4.280946,11.79,0.8450965533,277.216,-0.01510908471,5.157844139
3.947,1.47,2.94,4.205706809,10.75,0.7652712648,277.525,-0.009149005425,5.562204732
3.948,1.46,2.92,4.180532931,10.53,0.7485200235,278.032,0.0006157918975,5.580473988
3.949,1.49,2.98,4.255913343,11.37,0.8127324157,278.676,0.01299356099,5.154147336
3.95,1.56,3.12,4.430153395,13.46,0.9754977346,279.703,0.03267358547,4.3942466
3.951,1.69,3.38,4.747622495,16.26,1.200368681,280.875,0.05504409996,3.781722288
3.952,1.86,3.72,5.150770627,19.47,1.467978996,281.671,0.0701845608,3.348649501
3.953,2,4,5.47256,22.23,1.706651462,282.217,0.08054513209,3.062091781
3.954,2.05,4.1,5.58524878,23.19,1.791560859,282.565,0.08713811925,2.972934379
3.955,1.99,3.98,5.449881023,22.11,1.696106948,282.81,0.09177486506,3.048233381
3.956,1.86,3.72,5.150770627,19.65,1.483300686,283.001,0.09538684871,3.262691644
3.957,1.71,3.42,4.795757791,16.96,1.257824071,283.117,0.09757932451,3.538251275
3.958,1.61,3.22,4.553198367,14.98,1.096592949,283.072,0.09672890177,3.815566071
3.959,1.56,3.12,4.430153395,13.86,1.007141264,282.836,0.09226669211,4.029580987
3.96,1.57,3.14,4.454856537,14.04,1.021432832,282.422,0.08442991529,4.028399137
3.961,1.59,3.18,4.504121599,14.66,1.070907115,281.805,0.07272912353,3.938421543
3.962,1.6,3.2,4.52868352,14.85,1.086145675,281.013,0.05767202586,3.959270358
3.963,1.6,3.2,4.52868352,14.79,1.081329584,280.337,0.044786654,4.021506279
3.964,1.59,3.18,4.504121599,14.63,1.068504338,279.804,0.03460510735,4.083113983
3.965,1.58,3.16,4.479512605,14.29,1.041335878,279.318,0.02530445148,4.19964676
3.966,1.55,3.1,4.40540318,13.66,0.991299604,278.9,0.01729216804,4.36787539
3.967,1.52,3.04,4.330870093,12.66,0.9126868475,278.551,0.01059328242,4.69074331
3.968,1.47,2.94,4.205706809,11.4,0.8150384231,278.376,0.00723108224,5.11475469
3.969,1.44,2.88,4.130043955,10.52,0.7477597185,278.476,0.009152598211,5.456436451
3.97,1.45,2.9,4.15531198,10.67,0.7591744718,278.858,0.01648644226,5.357124363
3.971,1.49,2.98,4.255913343,12.01,0.8621181099,279.371,0.02631950637,4.790334476
3.972,1.55,3.1,4.40540318,13.46,0.9754977346,279.69,0.03242492308,4.370775026
3.973,1.55,3.1,4.40540318,13.44,0.9739197336,279.791,0.03435653472,4.369242159
3.974,1.47,2.94,4.205706809,11.5,0.8227314612,279.765,0.03385935481,4.909820103
3.975,1.34,2.68,3.874774659,8.06,0.5636483326,279.711,0.03282660273,6.496123189
3.976,1.23,2.46,3.588541433,4.97,0.340507869,279.581,0.03033952975,9.676598637
3.977,1.19,2.38,3.483044415,4.05,0.2757856919,279.27,0.02438499027,11.60354632
3.978,1.26,2.52,3.667169923,5.73,0.3945633126,278.92,0.01767580434,8.895734956
3.979,1.37,2.74,3.951849721,8.6,0.6035668934,278.522,0.01003626386,6.440399914
3.98,1.4,2.8,4.02850112,9.42,0.6647159412,278.259,0.004982032111,6.015399897
3.981,1.27,2.54,3.693285273,6.18,0.4268227197,277.771,-0.004408830505,8.743285596
3.982,1.07,2.14,3.162034297,0.79,0.05264144509,277.193,-0.01555298082,85.25654429
3.983,0.94,1.88,2.806623875,-5.8,-0.3698722461,276.379,-0.03128680818,-6.996286998
3.984,0.95,1.9,2.83424558,-5,-0.3205619313,275.74,-0.04367055707,-7.78141893
3.985,1.07,2.14,3.162034297,0.67,0.04460962798,275.224,-0.0536915414,-348.1682934
3.986,1.19,2.38,3.483044415,3.81,0.2590294088,275.395,-0.0503685539,16.69237105
3.987,1.26,2.52,3.667169923,5.42,0.3724497354,275.041,-0.05725000882,11.63443244
3.988,1.24,2.48,3.614798003,4.88,0.3341419612,274.42,-0.06934313796,13.65111053
3.989,1.15,2.3,3.37679422,2.57,0.1732914714,273.917,-0.07915845502,35.87258063
3.99,1.06,2.12,3.134977475,0.22,0.01460411943,273.249,-0.09222140767,-40.39019587
3.991,1.06,2.12,3.134977475,0.21,0.01393936766,272.661,-0.1037463888,-34.90793299
3.992,1.12,2.24,3.296612301,1.73,0.1160014906,272.037,-0.1160041957,-1218643.09
3.993,1.13,2.26,3.323386681,1.75,0.1173581633,271.46,-0.1273637843,-332.1519672
3.994,0.99,1.98,2.944261663,-3.16,-0.2050967478,270.932,-0.1377798704,-8.586942086
3.995,0.74,1.48,2.244304323,-14.71,-0.8838935973,270.715,-0.1420666109,-2.187515954
3.996,0.48,0.96,1.485138893,-26,-1.449046214,270.943,-0.1375626616,-0.9360460005
3.997,0.33,0.66,1.032683705,-32.49,-1.734527922,271.206,-0.1323720218,-0.5531542857
3.998,0.29,0.58,0.9102401912,-33.83,-1.790163921,271.604,-0.1245265496,-0.4753980893
3.999,0.36,0.72,1.124022067,-31.41,-1.688882305,272.025,-0.1162401982,-0.6226846463
4,0.47,0.94,1.455304729,-27.37,-1.511582996,272.499,-0.1069260059,-0.8991638151
