# age_ma,DST_anomaly_K,GMSST_anomaly_K,GMST_anomaly_K,BSL_m,R_LI_Wm2,CO2_ppm,R_CO2_Wm2,S_CO2_LI_K_per_Wm2
0,0,0,0,2.68,0.1808408527,284.1331213,0.116746372,0
0.001,0.11,0.11,0.1756738918,5.47,0.3760104081,280.4281497,0.04652588879,0.4157604757
0.002,0.25,0.25,0.397199375,9.1,0.6407763474,277.8286438,-0.003298699906,0.62307969
0.003,0.35,0.35,0.554019655,11.83,0.8481878533,275.6131949,-0.0461314373,0.6907489847
0.004,0.38,0.38,0.6008362552,12.83,0.9259811889,273.0683738,-0.09575909614,0.7237054524
0.005,0.38,0.38,0.6008362552,12.63,0.910343748,269.4465361,-0.1671935172,0.8084990494
0.006,0.31,0.31,0.4914327638,11.09,0.7912520078,264.5748721,-0.2648080518,0.93349493
0.007,0.18,0.18,0.2867249592,7.82,0.5459956392,260.6641348,-0.3444778049,1.42282672
0.008,0.03,0.03,0.0480522822,4.34,0.2961032708,259.775696,-0.362743711,-0.7210678995
0.009,-0.04,-0.04,-0.0642344672,2.62,0.1767216519,261.0143677,-0.3372942771,0.4000337364
0.01,-0.01,-0.01,-0.0160409642,3.3,0.2235969714,264.0627076,-0.2751746288,0.3110060636
0.011,-0.05,-0.05,-0.080322505,2.24,0.1507089033,266.7807626,-0.2203873986,1.152758891
0.012,-0.24,-0.24,-0.3882312192,-3.47,-0.2247519371,253.8849024,-0.4854594796,0.5466417605
0.013,-0.54,-0.54,-0.8830526472,-13.3,-0.8067294021,239.9331786,-0.7878444864,0.5537859698
0.014,-1.01,-1.01,-1.679567804,-27.8,-1.530955522,239.2774205,-0.8024865159,0.7197812401
0.015,-1.6,-1.6,-2.71624832,-46.17,-2.253944599,229.3619873,-1.028910009,0.8274043918
0.016,-2.32,-2.32,-4.036849741,-68.85,-2.91727768,223.1368569,-1.176121649,0.9861851767
0.017,-2.98,-2.98,-5.300994337,-90.11,-3.388540537,202.7709168,-1.688161793,1.04418065
0.018,-3.27,-3.27,-5.872662782,-99.21,-3.565755134,189.1388285,-2.060498069,1.04379639
0.019,-3.21,-3.21,-5.753574532,-97.75,-3.53787174,190.4689123,-2.023006854,1.034652067
0.02,-3.05,-3.05,-5.438077105,-93.11,-3.447979365,192.6774503,-1.961329072,1.005318364
0.021,-2.94,-2.94,-5.222920231,-89.89,-3.384133323,189.9359501,-2.037997987,0.9632596358
0.022,-3,-3,-5.340102,-91.83,-3.422763279,187.8078073,-2.098280569,0.9672268773
0.023,-3.09,-3.09,-5.51666902,-94.69,-3.478837199,189.1669059,-2.059703929,0.9960509263
0.024,-3.1,-3.1,-5.53634642,-94.93,-3.483500382,185.8835609,-2.153378491,0.9821652274
0.025,-3.05,-3.05,-5.438077105,-93.33,-3.452293175,182.3536751,-2.255950778,0.95267076
0.026,-2.91,-2.91,-5.16448822,-89.41,-3.374492945,184.28066,-2.199712379,0.9264976657
0.027,-2.7,-2.7,-4.75842978,-83.44,-3.251416159,187.9789179,-2.093408433,0.8902873608
0.028,-2.51,-2.51,-4.395515564,-77.81,-3.128886795,190.4100577,-2.024660251,0.8529107282
0.029,-2.34,-2.34,-4.074403975,-72.82,-3.013841541,192.2133617,-1.974230783,0.8168293703
0.03,-2.2,-2.2,-3.81251288,-68.56,-2.910033422,189.1471418,-2.060262923,0.76705947
0.031,-2.15,-2.15,-3.719539345,-66.95,-2.86931913,187.4855496,-2.107468469,0.7473775544
0.032,-2.15,-2.15,-3.719539345,-66.99,-2.870341011,193.3200869,-1.943514921,0.77267359
0.033,-2.19,-2.19,-3.793894636,-68.48,-2.908030267,196.536714,-1.855229453,0.7964912391
0.034,-2.31,-2.31,-4.018090276,-72.17,-2.998353416,196.0784924,-1.867717438,0.825736081
0.035,-2.36,-2.36,-4.112005283,-73.81,-3.037199829,201.3470268,-1.725862883,0.8633111786
0.036,-2.32,-2.32,-4.036849741,-72.54,-3.007184673,201.3615358,-1.725477377,0.8529765486
0.037,-2.18,-2.18,-3.775288161,-68.59,-2.910784076,205.7149062,-1.611044718,0.8349029414
0.038,-2.08,-2.08,-3.589870669,-65.55,-2.833212889,211.0896059,-1.473060427,0.8336374412
0.039,-2.1,-2.1,-3.62686002,-66.02,-2.845408655,205.8566438,-1.607359837,0.8145179851
0.04,-2.14,-2.14,-3.700979943,-67.46,-2.882308264,196.0447982,-1.868636863,0.7789986718
0.041,-2.17,-2.17,-3.756693454,-68.27,-2.902762185,201.1705722,-1.730553519,0.8108002332
0.042,-2.17,-2.17,-3.756693454,-68.22,-2.901505782,202.6543116,-1.691239244,0.8179625544
0.043,-2.18,-2.18,-3.775288161,-68.76,-2.915032337,203.8689373,-1.65926928,0.8253255856
0.044,-2.19,-2.19,-3.793894636,-69.15,-2.924743563,203.4644055,-1.669895691,0.8257219831
0.045,-2.19,-2.19,-3.793894636,-68.94,-2.919520444,210.6769938,-1.483528186,0.8616517679
0.046,-2.13,-2.13,-3.68243231,-67.34,-2.879259755,219.3042736,-1.268811194,0.8877457389
0.047,-1.97,-1.97,-3.387270678,-62.49,-2.751906617,211.9368298,-1.45163078,0.8058143314
0.048,-1.83,-1.83,-3.131475614,-58.19,-2.631735519,203.8553812,-1.659625034,0.7297162695
0.049,-1.8,-1.8,-3.07696248,-57.08,-2.599522353,201.381293,-1.724952472,0.7115228101
0.05,-1.91,-1.91,-3.27736178,-60.69,-2.702473674,204.6049713,-1.6399888,0.7547242606
0.051,-2.1,-2.1,-3.62686002,-66.85,-2.866762089,208.6966644,-1.534055162,0.8241332946
0.052,-2.16,-2.16,-3.738110515,-68.94,-2.919520444,215.1221019,-1.371822022,0.8710818457
0.053,-2.06,-2.06,-3.552928391,-65.98,-2.844373667,222.1049741,-1.200919781,0.8782869367
0.054,-1.88,-1.88,-3.222566205,-60.64,-2.701082938,220.709609,-1.234636955,0.8187996841
0.055,-1.75,-1.75,-2.986342625,-56.41,-2.579831685,214.4606805,-1.388296644,0.752582169
0.056,-1.77,-1.77,-3.022555262,-57.29,-2.605655603,210.519141,-1.487538253,0.7384344275
0.057,-1.96,-1.96,-3.368923107,-63.37,-2.775633918,214.0221889,-1.399246583,0.8069507872
0.058,-2.17,-2.17,-3.756693454,-70.34,-2.954080274,222.7038757,-1.18651303,0.9072838547
0.059,-2.28,-2.28,-3.961882493,-74.11,-3.044223987,227.9449383,-1.062066018,0.9648326075
0.06,-2.31,-2.31,-4.018090276,-75.02,-3.06537995,220.4035745,-1.242060378,0.9328255229
0.061,-2.31,-2.31,-4.018090276,-75.2,-3.069538176,211.7642755,-1.455988407,0.8878724282
0.062,-2.32,-2.32,-4.036849741,-75.29,-3.071614049,206.5125042,-1.590341802,0.8659133355
0.063,-2.31,-2.31,-4.018090276,-74.95,-3.063760522,200.4155511,-1.750670588,0.8345929529
0.064,-2.3,-2.3,-3.99934258,-74.76,-3.059358292,198.8842458,-1.791705035,0.8244259681
0.065,-2.25,-2.25,-3.905780625,-73.32,-3.025673177,201.1105048,-1.732151211,0.8209173578
0.066,-2.21,-2.21,-3.831142892,-72.22,-2.999549149,201.3717274,-1.7252066,0.8108658088
0.067,-2.19,-2.19,-3.793894636,-71.45,-2.981053623,203.9316042,-1.657625006,0.8178826213
0.068,-2.1,-2.1,-3.62686002,-68.96,-2.920018486,202.4275371,-1.697229361,0.7855025635
0.069,-2.05,-2.05,-3.534474905,-67.26,-2.87722477,205.1636743,-1.625399775,0.7849810415
0.07,-1.98,-1.98,-3.405630017,-65.19,-2.823819884,214.6656983,-1.383184652,0.8095142251
0.071,-1.82,-1.82,-3.113292801,-60.37,-2.693556272,228.3339548,-1.052943356,0.8309870839
0.072,-1.66,-1.66,-2.823968295,-55.39,-2.549491691,236.8358262,-0.8573585215,0.828908851
0.073,-1.56,-1.56,-2.644670371,-52.48,-2.460452295,232.5534562,-0.9549803292,0.7743295394
0.074,-1.56,-1.56,-2.644670371,-52.46,-2.459827311,233.2822229,-0.9382409288,0.7782864217
0.075,-1.58,-1.58,-2.680435809,-53.18,-2.482213165,243.5458835,-0.7078892936,0.8402350219
0.076,-1.53,-1.53,-2.591110478,-51.38,-2.425807486,245.9205829,-0.6559766799,0.8407825916
0.077,-1.4,-1.4,-2.36024152,-47.22,-2.289645163,233.620664,-0.9304848818,0.7329646589
0.078,-1.28,-1.28,-2.148896973,-43.33,-2.154570265,225.5603955,-1.118327413,0.6565732218
0.079,-1.18,-1.18,-1.974071041,-40.12,-2.037116283,227.2289447,-1.078897251,0.6335245401
0.08,-1.07,-1.07,-1.783121766,-36.55,-1.899774315,231.895557,-0.9701370527,0.6213159703
0.081,-1,-1,-1.66235,-34.16,-1.803697724,232.0150893,-0.9673800677,0.5998929388
0.082,-0.97,-0.97,-1.610767198,-33.1,-1.759990826,236.8894844,-0.8561465467,0.6157043643
0.083,-1,-1,-1.66235,-34.13,-1.802470095,245.3631222,-0.6681179988,0.6728559909
0.084,-1.11,-1.11,-1.852393108,-37.9,-1.952564105,247.2924334,-0.6262150203,0.71832174
0.085,-1.27,-1.27,-2.131361422,-43.5,-2.160636602,238.7470059,-0.814359213,0.7164250152
0.086,-1.45,-1.45,-2.448801905,-49.72,-2.372464338,228.3187425,-1.053299802,0.7148191775
0.087,-1.63,-1.63,-2.77005535,-55.93,-2.565609054,222.3102894,-1.195976492,0.7364063148
0.088,-1.74,-1.74,-2.968253959,-59.5,-2.669110496,221.2242129,-1.222177479,0.7627947297
0.089,-1.75,-1.75,-2.986342625,-60.11,-2.686281645,225.0700255,-1.129971015,0.7825327331
0.09,-1.71,-1.71,-2.914058572,-58.84,-2.65036625,229.4378181,-1.027141504,0.7924003884
0.091,-1.6,-1.6,-2.71624832,-55.45,-2.55128866,231.3171465,-0.9834980755,0.768433437
0.092,-1.45,-1.45,-2.448801905,-50.66,-2.402829111,232.617117,-0.953515982,0.7296037317
0.093,-1.3,-1.3,-2.18400338,-45.98,-2.247425364,234.1103146,-0.9192834351,0.6896761017
0.094,-1.22,-1.22,-2.043860193,-43.47,-2.159567178,238.5191848,-0.8194668134,0.686081528
0.095,-1.24,-1.24,-2.078825379,-43.95,-2.176621253,243.0130777,-0.7196063199,0.7177700394
0.096,-1.23,-1.23,-2.061336902,-43.69,-2.167398631,245.4643837,-0.6659105073,0.727536884
0.097,-1.16,-1.16,-1.939247075,-41.25,-2.079100039,243.6203339,-0.706254083,0.6962299908
0.098,-1.08,-1.08,-1.800421949,-38.58,-1.978758381,241.290828,-0.7576571172,0.6579490396
0.099,-1.07,-1.07,-1.783121766,-38.24,-1.96569415,242.8574549,-0.7230334967,0.6631842269
0.1,-1.07,-1.07,-1.783121766,-38.36,-1.970312553,245.578258,-0.663429144,0.6770298574
0.101,-1.07,-1.07,-1.783121766,-38.51,-1.97607405,245.7957324,-0.658693491,0.6767662565
0.102,-1.15,-1.15,-1.921852745,-41.28,-2.080205123,240.8253989,-0.7679867682,0.674762382
0.103,-1.28,-1.28,-2.148896973,-46,-2.248112458,239.3079643,-0.8018036321,0.7045757683
0.104,-1.4,-1.4,-2.36024152,-50.2,-2.388021791,242.7191663,-0.726080776,0.7579202899
0.105,-1.43,-1.43,-2.413342446,-51.33,-2.424219533,244.8831102,-0.6785946328,0.7777914876
0.106,-1.48,-1.48,-2.502079357,-53.23,-2.4837591,245.6947368,-0.6608922169,0.7956619365
0.107,-1.62,-1.62,-2.752107905,-58.24,-2.63317471,241.5288629,-0.7523819092,0.8128967299
0.108,-1.76,-1.76,-3.004443059,-63.16,-2.769997491,239.0043913,-0.808594658,0.8395600654
0.109,-1.85,-1.85,-3.167876545,-66.6,-2.860354819,241.5225299,-0.7525221917,0.8768293344
0.11,-1.77,-1.77,-3.022555262,-64.05,-2.793775647,245.2622454,-0.6703180108,0.8725385513
0.111,-1.54,-1.54,-2.608952007,-57.04,-2.598352043,250.2120958,-0.563420121,0.8251549674
0.112,-1.26,-1.26,-2.113837639,-48.43,-2.330108616,256.1604878,-0.437720736,0.7637167508
0.113,-0.93,-0.93,-1.542154886,-37.79,-1.948302005,260.9767107,-0.3380661873,0.6744997989
0.114,-0.69,-0.69,-1.134435196,-29.05,-1.586585709,266.2893699,-0.2302508356,0.6244013527
0.115,-0.49,-0.49,-0.7998468842,-21.56,-1.237626668,273.6434237,-0.08450447066,0.604967889
0.116,-0.28,-0.28,-0.4535954528,-12.2,-0.7454633753,275.0012054,-0.05802413542,0.5645332961
0.117,-0.07,-0.07,-0.1125338858,-1.64,-0.1075265695,274.50663,-0.06765449485,0.642386129
0.118,0.12,0.12,0.1915736352,4.1,0.2792832213,274.5117124,-0.06755544344,0.9048110605
0.119,0.24,0.24,0.3814526208,7.14,0.4962754837,273.346726,-0.09030835184,0.9396145424
0.12,0.26,0.26,0.4129343608,7.61,0.5305942766,272.9912014,-0.09727128279,0.9529481858
0.121,0.27,0.27,0.4286575782,7.96,0.5562864082,276.4382249,-0.03014048727,0.8147123472
0.122,0.26,0.26,0.4129343608,7.76,0.5415909922,278.2898488,0.00557512027,0.7546782438
0.123,0.21,0.21,0.3341417478,6.34,0.4383382443,278.5466743,0.01051020023,0.7444422541
0.124,0.16,0.16,0.2550549248,5.16,0.3539715806,278.0110037,0.0002117585017,0.720121182
0.125,0.16,0.16,0.2550549248,5.21,0.3575202108,277.0647469,-0.01802892029,0.7512856204
0.126,0.23,0.23,0.3656940982,7.04,0.489000469,275.1865078,-0.05442039099,0.8414884085
0.127,0.25,0.25,0.397199375,7.69,0.5364565434,275.3976155,-0.05031774279,0.8170493171
0.128,0.19,0.19,0.3025423238,6.07,0.4189196601,277.6580374,-0.006584985388,0.7337300071
0.129,-0.03,-0.03,-0.0481581978,0.79,0.05264144509,271.7693453,-0.1212706022,0.7017162945
0.13,-0.44,-0.44,-0.7169353312,-13.25,-0.8039649764,258.5638584,-0.387759525,0.6015948572
0.131,-0.95,-0.95,-1.576437505,-30.09,-1.632101682,246.2152272,-0.6495705333,0.6909132234
0.132,-1.48,-1.48,-2.502079357,-47.38,-2.295037028,234.1531314,-0.918305056,0.778653281
0.133,-1.9,-1.9,-3.25908482,-60.78,-2.704974573,225.7057229,-1.114881546,0.8531957011
0.134,-2.19,-2.19,-3.793894636,-70.27,-2.952366723,218.7852212,-1.281488657,0.8960850798
0.135,-2.46,-2.46,-4.300717927,-79.01,-3.155604707,211.1456635,-1.471639856,0.9294338929
0.136,-2.64,-2.64,-4.643366323,-85.04,-3.28502433,205.9686822,-1.604448867,0.9496659734
0.137,-2.69,-2.69,-4.739223116,-86.53,-3.315893744,202.5158729,-1.694895225,0.9458037738
0.138,-2.53,-2.53,-4.433516998,-82.09,-3.222664721,199.7457837,-1.76857966,0.8882588508
0.139,-2.25,-2.25,-3.905780625,-73.61,-3.032503182,197.1556248,-1.83840832,0.8018582606
0.14,-2.02,-2.02,-3.479185057,-67.05,-2.871872832,193.5133999,-1.93816779,0.7233171879
0.141,-2.03,-2.03,-3.497603238,-67.4,-2.880784604,193.5195159,-1.937998707,0.7258270423
0.142,-2.24,-2.24,-3.887103539,-74.12,-3.044457697,195.3528796,-1.8875525,0.7881377742
0.143,-2.44,-2.44,-4.262881251,-80.78,-3.194399681,196.0547222,-1.868366048,0.8420064208
0.144,-2.51,-2.51,-4.395515564,-83.19,-3.246119757,195.2907073,-1.889255442,0.8559288062
0.145,-2.49,-2.49,-4.357561204,-82.51,-3.231649659,194.9859571,-1.897610612,0.8495496375
0.146,-2.42,-2.42,-4.225091649,-80.67,-3.192009306,193.9935328,-1.924910157,0.8257100153
0.147,-2.34,-2.34,-4.074403975,-78.16,-3.136715329,194.2848457,-1.916882289,0.8062383046
0.148,-2.22,-2.22,-3.849784673,-74.71,-3.058198193,196.040856,-1.868744447,0.7813739583
0.149,-2.1,-2.1,-3.62686002,-71.12,-2.973073263,199.4744313,-1.775852514,0.7637221953
0.15,-2.05,-2.05,-3.534474905,-69.52,-2.933912345,202.0128957,-1.708199245,0.7613937831
0.151,-2.07,-2.07,-3.571393646,-70.36,-2.954569584,202.5737296,-1.693367002,0.7683826101
0.152,-2.12,-2.12,-3.663896445,-71.89,-2.991643825,201.999816,-1.70854565,0.7795210096
0.153,-2.14,-2.14,-3.700979943,-72.5,-3.006231852,200.8034467,-1.740325903,0.7797187213
0.154,-2.15,-2.15,-3.719539345,-72.84,-3.014316172,198.5731339,-1.800080521,0.7725868021
0.155,-2.2,-2.2,-3.81251288,-74.67,-3.057269627,195.3196141,-1.888463598,0.7708690919
0.156,-2.29,-2.29,-3.980606652,-77.6,-3.124175293,191.4772184,-1.994759677,0.7776239931
0.157,-2.35,-2.35,-4.093198745,-79.65,-3.169714912,189.0723814,-2.062377929,0.7823253274
0.158,-2.36,-2.36,-4.112005283,-80.16,-3.180891462,187.9854175,-2.093223455,0.7796578852
0.159,-2.36,-2.36,-4.112005283,-80.08,-3.179142188,187.4694579,-2.107927675,0.7777474839
0.16,-2.35,-2.35,-4.093198745,-79.74,-3.171691558,187.2982267,-2.112816501,0.7745657115
0.161,-2.32,-2.32,-4.036849741,-78.8,-3.150953915,191.4924982,-1.994332765,0.7845723653
0.162,-2.26,-2.26,-3.924469479,-77.11,-3.11313935,197.1057128,-1.839762899,0.7923575476
0.163,-2.18,-2.18,-3.775288161,-74.75,-3.059126326,200.8080178,-1.740204116,0.7866280945
0.164,-2.09,-2.09,-3.60835946,-72.1,-2.996678165,200.5946519,-1.745891709,0.7608447647
0.165,-2.01,-2.01,-3.460778644,-69.69,-2.938110641,196.4338754,-1.858029593,0.721575783
0.166,-1.95,-1.95,-3.350587305,-67.83,-2.891677997,192.6732168,-1.961446623,0.6903979533
0.167,-1.9,-1.9,-3.25908482,-66.54,-2.858813947,189.3114907,-2.055616358,0.6631663526
0.168,-1.87,-1.87,-3.20432455,-65.6,-2.834513924,186.7142777,-2.129522517,0.645507862
0.169,-1.84,-1.84,-3.149670195,-64.53,-2.80648182,189.3368314,-2.054900268,0.6478960382
0.17,-1.78,-1.78,-3.040679233,-62.88,-2.7624572,194.8026845,-1.902641589,0.6517931067
0.171,-1.71,-1.71,-2.914058572,-60.72,-2.703307654,197.6057849,-1.826206733,0.6433490047
0.172,-1.64,-1.64,-2.788014563,-58.39,-2.637486208,198.2370864,-1.809142055,0.626995197
0.173,-1.57,-1.57,-2.662547206,-56.39,-2.579241016,198.7104849,-1.79638126,0.6084956694
0.174,-1.52,-1.52,-2.573280717,-54.94,-2.535965106,198.5134133,-1.801689767,0.5932423838
0.175,-1.5,-1.5,-2.5376565,-54.09,-2.510175365,197.025069,-1.841952245,0.5830841206
0.176,-1.5,-1.5,-2.5376565,-54.14,-2.511701147,194.1593917,-1.920338015,0.5725708656
0.177,-1.54,-1.54,-2.608952007,-55.45,-2.55128866,190.7459707,-2.015230336,0.5713218339
0.178,-1.59,-1.59,-2.69833618,-57.38,-2.608278556,191.9913331,-1.980414222,0.5880402787
0.179,-1.63,-1.63,-2.77005535,-58.79,-2.648939152,199.3681373,-1.778704132,0.625627489
0.18,-1.64,-1.64,-2.788014563,-59.04,-2.656064638,207.4665522,-1.565682749,0.6603935071
0.181,-1.62,-1.62,-2.752107905,-58.57,-2.642648004,212.9610753,-1.425837648,0.6764452772
0.182,-1.61,-1.61,-2.734172228,-58.05,-2.627700383,213.4746063,-1.412952269,0.6766659903
0.183,-1.59,-1.59,-2.69833618,-57.67,-2.616707599,205.861855,-1.607224404,0.6388209323
0.184,-1.59,-1.59,-2.69833618,-57.73,-2.618447227,199.954328,-1.762996912,0.6158554337
0.185,-1.64,-1.64,-2.788014563,-59.29,-2.663165197,199.3154933,-1.780117007,0.6274673621
0.186,-1.74,-1.74,-2.968253959,-62.78,-2.759757269,201.5184842,-1.72130902,0.6623990292
0.187,-1.81,-1.81,-3.095121756,-65.53,-2.832692234,204.5455297,-1.641543303,0.6917654939
0.188,-1.75,-1.75,-2.986342625,-63.68,-2.783925094,209.6374174,-1.509992877,0.6954819923
0.189,-1.53,-1.53,-2.591110478,-56.98,-2.596595332,219.7391492,-1.258212765,0.6721762569
0.19,-1.24,-1.24,-2.078825379,-47.92,-2.313141326,229.0874426,-1.035317756,0.6208304561
0.191,-1.02,-1.02,-1.696797377,-40.58,-2.054291705,229.8252456,-1.01811514,0.5522697554
0.192,-0.93,-0.93,-1.542154886,-37.53,-1.938200368,223.5616238,-1.165946985,0.496804665
0.193,-0.93,-0.93,-1.542154886,-37.79,-1.948302005,219.4519802,-1.265209057,0.4798971767
0.194,-0.98,-0.98,-1.627949697,-39.66,-2.019823652,220.6435772,-1.236237804,0.4999751136
0.195,-1.03,-1.03,-1.714038718,-41.48,-2.087559837,222.7437617,-1.185554938,0.5236720481
0.196,-1.03,-1.03,-1.714038718,-41.51,-2.08866117,222.8925307,-1.181982901,0.5240676394
0.197,-0.95,-0.95,-1.576437505,-38.8,-1.987176787,225.3291115,-1.123815983,0.5067313303
0.198,-0.76,-0.76,-1.252653219,-32.44,-1.732430652,233.7202325,-0.9282052118,0.4708097174
0.199,-0.52,-0.52,-0.8497350368,-23.42,-1.32784712,242.7524366,-0.7253474857,0.4138599596
0.2,-0.33,-0.33,-0.5355655338,-15.7,-0.9371658512,248.259511,-0.6053337708,0.3472062658
0.201,-0.3,-0.3,-0.48634818,-13.91,-0.8402999449,249.425883,-0.5802572795,0.3423643706
0.202,-0.38,-0.38,-0.6178298248,-18,-1.05809012,247.2558258,-0.6270070592,0.3666434391
0.203,-0.49,-0.49,-0.7998468842,-23.04,-1.309610961,244.4294782,-0.688514394,0.400298651
0.204,-0.53,-0.53,-0.8663879578,-24.92,-1.398862235,244.7226413,-0.682101572,0.4163397533
0.205,-0.5,-0.5,-0.8164645,-23.72,-1.342173603,240.9259827,-0.7657527384,0.3873306594
0.206,-0.43,-0.43,-0.7003883258,-20.94,-1.207012975,232.4267693,-0.9578956124,0.3235186603
0.207,-0.36,-0.36,-0.5848888032,-17.78,-1.046693248,229.0255816,-1.036762624,0.2807301134
0.208,-0.28,-0.28,-0.4535954528,-14.53,-0.8741277059,233.4958547,-0.9333438245,0.2509557939
0.209,-0.21,-0.21,-0.3393316122,-11.1,-0.6832501861,237.8409933,-0.8347003597,0.2235458943
0.21,-0.14,-0.14,-0.2256444232,-7.75,-0.4878350763,243.7981731,-0.702350088,0.1895876625
0.211,-0.08,-0.08,-0.1286572288,-4.68,-0.3006871903,247.6281777,-0.6189563529,0.1398990182
0.212,-0.03,-0.03,-0.0481581978,-1.8,-0.1178911993,247.542576,-0.6208060938,0.06519341312
0.213,0.02,0.02,0.0320466232,0.54,0.0359229268,248.320627,-0.6040168815,-0.05641078018
0.214,0.09,0.09,0.1438390998,2.18,0.1466135339,247.1726558,-0.628806953,-0.298301665
0.215,0.14,0.14,0.2233378168,3.49,0.2367695741,243.6191293,-0.7062805356,-0.4756817947
0.216,0.11,0.11,0.1756738918,2.9,0.1959724686,242.5662798,-0.7294517526,-0.3292984322
0.217,-0.01,-0.01,-0.0160409642,-0.36,-0.02380552739,247.4302981,-0.6232332433,0.02479134934
0.218,-0.24,-0.24,-0.3882312192,-9.08,-0.5665011204,248.0415079,-0.6100338094,0.3299784897
0.219,-0.58,-0.58,-0.9498290888,-21,-1.209987506,240.5895908,-0.773227873,0.4789339064
0.22,-0.97,-0.97,-1.610767198,-34.77,-1.828542159,228.2945856,-1.053865879,0.5588269172
0.221,-1.35,-1.35,-2.271975345,-47.96,-2.314476686,217.6805647,-1.308569474,0.6270898146
0.222,-1.63,-1.63,-2.77005535,-57.65,-2.616127395,211.8291847,-1.454348796,0.6805236585
0.223,-1.77,-1.77,-3.022555262,-62.37,-2.748648968,208.0479718,-1.550710484,0.7030245541
0.224,-1.77,-1.77,-3.022555262,-62.35,-2.748105507,205.6555239,-1.612589288,0.6931361638
0.225,-1.65,-1.65,-2.805985545,-58.8,-2.649224652,203.6665382,-1.664583345,0.6504660261
0.226,-1.46,-1.46,-2.466549287,-52.77,-2.469494259,205.8505983,-1.607516956,0.6049895762
0.227,-1.27,-1.27,-2.131361422,-47,-2.282210621,218.2534782,-1.294507306,0.5958986606
0.228,-1.2,-1.2,-2.00894208,-44.73,-2.20407776,231.3846013,-0.98193818,0.6305499149
0.229,-1.24,-1.24,-2.078825379,-46.09,-2.25120188,231.7368501,-0.9737997903,0.6445966829
0.23,-1.3,-1.3,-2.18400338,-48.22,-2.323137449,228.9907247,-1.037576936,0.6498628355
0.231,-1.3,-1.3,-2.18400338,-48.32,-2.326459729,230.6480926,-0.9989946576,0.6567533714
0.232,-1.24,-1.24,-2.078825379,-46.15,-2.253259222,234.5627663,-0.9089537723,0.6573957488
0.233,-1.13,-1.13,-1.88709939,-42.57,-2.127263144,240.2590127,-0.7805840073,0.648967876
0.234,-0.99,-0.99,-1.645143964,-38.13,-1.961453412,243.8816306,-0.7005189767,0.6180169153
0.235,-0.85,-0.85,-1.405495145,-33.06,-1.758328118,246.8231696,-0.6363768603,0.5869178699
0.236,-0.71,-0.71,-1.168152932,-28.08,-1.543505053,247.0252209,-0.6319991025,0.5369573436
0.237,-0.6,-0.6,-0.98328792,-23.99,-1.355014463,245.6614075,-0.6616180122,0.4875890535
0.238,-0.52,-0.52,-0.8497350368,-20.82,-1.20105623,243.1946832,-0.7156097184,0.4433401854
0.239,-0.46,-0.46,-0.7500646472,-18.28,-1.072543774,243.8162476,-0.7019534675,0.4226913571
0.24,-0.42,-0.42,-0.6838530888,-16.32,-0.9701514024,249.6649913,-0.5751310409,0.4425424567
0.241,-0.38,-0.38,-0.6178298248,-14.58,-0.8768429335,257.5250198,-0.4092976518,0.480375032
0.242,-0.39,-0.39,-0.6343179882,-14.89,-0.8936347933,268.1587601,-0.1928242721,0.5838397491
0.243,-0.53,-0.53,-0.8663879578,-19.76,-1.14799135,275.7076837,-0.04429760505,0.7266593839
0.244,-0.79,-0.79,-1.303494612,-28.94,-1.581730906,266.6296438,-0.223418783,0.7220977962
0.245,-1.08,-1.08,-1.800421949,-38.64,-1.981057025,249.4064809,-0.5806734572,0.7028147422
0.246,-1.26,-1.26,-2.113837639,-44.66,-2.201626598,232.9290746,-0.9463460241,0.6714917481
0.247,-1.33,-1.33,-2.236751254,-47.03,-2.283225838,221.1119195,-1.224893827,0.6375926329
0.248,-1.42,-1.42,-2.395630369,-50.03,-2.382524325,216.2337101,-1.344247955,0.6428164076
0.249,-1.59,-1.59,-2.69833618,-55.7,-2.558759454,213.8981608,-1.402347864,0.6812075422
0.25,-1.78,-1.78,-3.040679233,-62.34,-2.74783372,209.9275185,-1.50259454,0.7153818502
0.251,-1.93,-1.93,-3.313951006,-67.38,-2.880276453,206.5438462,-1.589529906,0.7414081819
0.252,-2,-2,-3.442384,-69.52,-2.933912345,205.4301605,-1.618455192,0.7561744459
0.253,-1.99,-1.99,-3.424001124,-69.49,-2.933170532,199.9345068,-1.763527276,0.7290230848
0.254,-1.97,-1.97,-3.387270678,-68.73,-2.914283315,196.1541613,-1.865653212,0.708643443
0.255,-1.96,-1.96,-3.368923107,-68.44,-2.907027918,196.0659199,-1.868060491,0.7055205723
0.256,-1.98,-1.98,-3.405630017,-68.98,-2.920516401,198.3024027,-1.807379596,0.7203267624
0.257,-1.99,-1.99,-3.424001124,-69.32,-2.928961593,201.2719874,-1.727857129,0.7352661396
0.258,-1.97,-1.97,-3.387270678,-68.83,-2.916778938,203.4395857,-1.670548355,0.7383974288
0.259,-1.94,-1.94,-3.332263271,-67.92,-2.893950341,204.6386138,-1.639109191,0.7351024727
0.26,-1.92,-1.92,-3.295650509,-67.42,-2.881292622,205.6670612,-1.612289162,0.7334128246
0.261,-1.92,-1.92,-3.295650509,-67.31,-2.878496884,207.2816224,-1.570453715,0.7407703087
0.262,-1.9,-1.9,-3.25908482,-66.78,-2.864970168,209.8602427,-1.504309337,0.7459089802
0.263,-1.86,-1.86,-3.186094663,-65.44,-2.830347572,216.3605392,-1.3411109,0.7637843418
0.264,-1.8,-1.8,-3.07696248,-63.74,-2.785525826,222.3921308,-1.194007302,0.7731968503
0.265,-1.76,-1.76,-3.004443059,-62.52,-2.752720196,219.9888416,-1.252136945,0.7501998084
0.266,-1.76,-1.76,-3.004443059,-62.47,-2.751364047,209.7902671,-1.506093534,0.7056894878
0.267,-1.77,-1.77,-3.022555262,-62.93,-2.763805788,203.8529385,-1.659689142,0.6832957447
0.268,-1.74,-1.74,-2.968253959,-61.99,-2.738297715,194.848149,-1.901393112,0.639752533
0.269,-1.68,-1.68,-2.859969101,-60.24,-2.689922246,189.7911343,-2.042078626,0.6043889632
0.27,-1.68,-1.68,-2.859969101,-60.28,-2.691041107,192.9468072,-1.953855165,0.615722921
0.271,-1.75,-1.75,-2.986342625,-62.42,-2.750006971,194.5425786,-1.909789829,0.6408740023
0.272,-1.82,-1.82,-3.113292801,-65.01,-2.819106472,190.0959263,-2.033493773,0.6415720736
0.273,-1.86,-1.86,-3.186094663,-66.44,-2.856243126,189.6455232,-2.046184814,0.6499013759
0.274,-1.88,-1.88,-3.222566205,-66.84,-2.866506201,192.3038172,-1.97171367,0.6660644391
0.275,-1.89,-1.89,-3.240819628,-67.15,-2.874423202,194.8823232,-1.900454864,0.6787230131
0.276,-1.84,-1.84,-3.149670195,-65.83,-2.840487587,196.2522821,-1.862977688,0.6696488677
0.277,-1.71,-1.71,-2.914058572,-61.82,-2.733649404,196.0051497,-1.869718967,0.6330274567
0.278,-1.53,-1.53,-2.591110478,-56.25,-2.575101615,197.8658897,-1.819169259,0.5896565214
0.279,-1.34,-1.34,-2.254357415,-50.55,-2.39929726,202.1464243,-1.704664112,0.5493125327
0.28,-1.2,-1.2,-2.00894208,-45.88,-2.243986856,207.1143973,-1.574771585,0.5260720496
0.281,-1.08,-1.08,-1.800421949,-41.97,-2.105487265,213.0534889,-1.42351654,0.510178523
0.282,-0.94,-0.94,-1.559290311,-37.35,-1.931184161,219.4909337,-1.264259498,0.487973026
0.283,-0.79,-0.79,-1.303494612,-32.09,-1.717706526,225.719734,-1.114549446,0.4602319229
0.284,-0.67,-0.67,-1.100764534,-27.9,-1.535443382,229.2422747,-1.031703101,0.4287891404
0.285,-0.66,-0.66,-1.083946855,-27.39,-1.512486738,229.9160148,-1.016002581,0.4286934681
0.286,-0.73,-0.73,-1.201917742,-30.11,-1.632970217,228.143836,-1.057399808,0.4467481167
0.287,-0.78,-0.78,-1.286535713,-31.72,-1.702058465,228.6095847,-1.04648908,0.4680783911
0.288,-0.75,-0.75,-1.235729625,-30.66,-1.656755457,231.1776812,-0.9867246619,0.4674631809
0.289,-0.7,-0.7,-1.15128818,-28.91,-1.580405513,233.2800028,-0.9382918437,0.4570966721
0.29,-0.7,-0.7,-1.15128818,-28.99,-1.583938602,231.5631865,-0.9778105842,0.4494148709
0.291,-0.79,-0.79,-1.303494612,-32.19,-1.721921151,222.8095787,-1.183974337,0.4485689928
0.292,-0.93,-0.93,-1.542154886,-37.41,-1.93352497,213.7351713,-1.406426096,0.4617297845
0.293,-1.07,-1.07,-1.783121766,-42.77,-2.134478977,207.9104389,-1.554248343,0.4833975546
0.294,-1.16,-1.16,-1.939247075,-46.05,-2.249829309,206.5550627,-1.589239379,0.5051347691
0.295,-1.17,-1.17,-1.956653174,-46.44,-2.26317747,209.3843817,-1.516454311,0.5176835436
0.296,-1.12,-1.12,-1.869740365,-44.97,-2.212462562,212.0801613,-1.448013832,0.5107915374
0.297,-1.07,-1.07,-1.783121766,-43.07,-2.145262831,213.5506206,-1.411047574,0.5013965494
0.298,-1.02,-1.02,-1.696797377,-41.41,-2.08498816,215.5093774,-1.362199294,0.4922266048
0.299,-0.96,-0.96,-1.593596467,-39.46,-2.012268357,220.7592385,-1.233434072,0.4909866207
0.3,-0.92,-0.92,-1.525031229,-38.06,-1.958751168,228.8711577,-1.040371157,0.5084925066
0.301,-0.94,-0.94,-1.559290311,-39.15,-2.00051341,235.1837808,-0.8948081463,0.5385551418
0.302,-1.04,-1.04,-1.731291827,-42.79,-2.135199388,237.6527374,-0.8389366679,0.58211588
0.303,-1.11,-1.11,-1.852393108,-45.58,-2.233640897,237.6155492,-0.8397739085,0.6027149686
0.304,-1.07,-1.07,-1.783121766,-44.22,-2.186161207,239.178897,-0.8046898546,0.5961920969
0.305,-0.93,-0.93,-1.542154886,-39.42,-2.010754615,243.266171,-0.7140373005,0.5659716168
0.306,-0.78,-0.78,-1.286535713,-34.34,-1.811052112,247.6849409,-0.6177301256,0.529704019
0.307,-0.69,-0.69,-1.134435196,-31.24,-1.681631171,245.6755918,-0.661309117,0.4841929613
0.308,-0.65,-0.65,-1.067140945,-29.84,-1.621223509,235.073605,-0.8973150327,0.4237143595
0.309,-0.63,-0.63,-1.03356443,-29.1,-1.588789859,227.6990232,-1.067840902,0.3890508403
0.31,-0.63,-0.63,-1.03356443,-29.03,-1.585703598,228.0664272,-1.059215361,0.3907735721
0.311,-0.62,-0.62,-1.016793825,-28.79,-1.575098129,232.8572529,-0.9479959051,0.4029948195
0.312,-0.56,-0.56,-0.9164173312,-26.32,-1.463765073,237.3469796,-0.8458242691,0.396787998
0.313,-0.41,-0.41,-0.6673296202,-20.31,-1.175625491,241.9417847,-0.7432432703,0.3477724135
0.314,-0.28,-0.28,-0.4535954528,-14.96,-0.8974163772,249.3442984,-0.5820074956,0.3066027669
0.315,-0.26,-0.26,-0.4208897992,-14.15,-0.8534295104,255.0519542,-0.4609230829,0.3202259434
0.316,-0.34,-0.34,-0.5519948552,-17.67,-1.04098144,256.3271687,-0.4342406803,0.3741774527
0.317,-0.55,-0.55,-0.899729105,-26.61,-1.477045032,259.2811247,-0.3729389606,0.486344265
0.318,-0.71,-0.71,-1.168152932,-33.64,-1.782341839,254.1961975,-0.478903719,0.5165971152
0.319,-0.69,-0.69,-1.134435196,-32.72,-1.744155528,244.2526514,-0.6923861268,0.465592367
0.32,-0.46,-0.46,-0.7500646472,-24.25,-1.367332459,241.2513482,-0.7585325507,0.3528279753
0.321,-0.03,-0.03,-0.0481581978,-5.28,-0.3378816095,248.5687175,-0.5986745073,0.05142051494
0.322,0.36,0.36,0.5696369568,7.55,0.5262015464,252.2828799,-0.5193251227,82.83913018
0.323,0.57,0.57,0.8948817942,13.17,0.9526555674,255.7990567,-0.4452746809,1.763727838
0.324,0.63,0.63,0.9868556502,14.89,1.089358412,258.6373304,-0.3862395156,1.403540219
0.325,0.57,0.57,0.8948817942,13.51,0.9794444752,260.372532,-0.3504661563,1.422754596
0.326,0.47,0.47,0.7406505622,10.93,0.7790117743,262.3210618,-0.3105778431,1.581120651
0.327,0.39,0.39,0.6164182518,9.06,0.6377907968,264.531056,-0.2656941352,1.656607853
0.328,0.26,0.26,0.4129343608,5.62,0.3867063448,266.6335333,-0.2233407382,2.527670111
0.329,0.02,0.02,0.0320466232,-0.56,-0.03698152532,270.4863092,-0.1465880185,-0.1745748371
0.33,-0.22,-0.22,-0.3556197128,-9.26,-0.5770373704,272.1765298,-0.1132608439,0.5151682352
0.331,-0.38,-0.38,-0.6178298248,-14.55,-0.875214026,269.1335084,-0.1734124571,0.5891800701
0.332,-0.41,-0.41,-0.6673296202,-15.45,-0.9237833285,269.1870934,-0.1723473686,0.6088047912
0.333,-0.41,-0.41,-0.6673296202,-15.7,-0.9371658512,273.589815,-0.08555267574,0.6525056529
0.334,-0.58,-0.58,-0.9498290888,-21.37,-1.228273985,282.5418272,0.08669935441,0.8320341597
0.335,-0.99,-0.99,-1.645143964,-34.86,-1.832188857,290.0202514,0.2264635696,1.02454883
0.336,-1.45,-1.45,-2.448801905,-49.71,-2.372139063,285.5781535,0.1438862202,1.098978472
0.337,-1.79,-1.79,-3.058814972,-60.91,-2.708581485,276.7540644,-0.02403143015,1.119373679
0.338,-1.96,-1.96,-3.368923107,-66.56,-2.859327706,261.0794778,-0.3359598841,1.054341123
0.339,-2.04,-2.04,-3.516033187,-68.87,-2.917776295,245.716509,-0.660418149,0.9826277589
0.34,-2.15,-2.15,-3.719539345,-72.67,-3.01027816,238.551305,-0.8187464043,0.9714064985
0.341,-2.24,-2.24,-3.887103539,-75.46,-3.075529277,239.0508783,-0.8075541697,1.001035283
0.342,-2.27,-2.27,-3.943170102,-76.49,-3.099089112,242.6207981,-0.7282494418,1.030264255
0.343,-2.26,-2.26,-3.924469479,-76.1,-3.090200805,234.5465928,-0.909322677,0.9812342638
0.344,-2.15,-2.15,-3.719539345,-73.09,-3.020239435,212.3754493,-1.440569986,0.833826105
0.345,-2.04,-2.04,-3.516033187,-69.82,-2.941315025,203.4074388,-1.671393812,0.762249106
0.346,-1.96,-1.96,-3.368923107,-67.19,-2.875442418,203.6637181,-1.664657426,0.7420372289
0.347,-1.96,-1.96,-3.368923107,-67.39,-2.880530545,208.3937827,-1.541825261,0.7617937712
0.348,-2.04,-2.04,-3.516033187,-69.84,-2.941807541,213.9895854,-1.40006165,0.8097971248
0.349,-2.08,-2.08,-3.589870669,-71.17,-2.9742845,219.0373873,-1.27532594,0.8447528826
0.35,-2.08,-2.08,-3.589870669,-71.35,-2.978638763,222.1132134,-1.20072132,0.8589522314
0.351,-2.11,-2.11,-3.645372348,-72.16,-2.998114182,221.974584,-1.204061504,0.8674964164
0.352,-2.15,-2.15,-3.719539345,-73.59,-3.032032904,220.0570887,-1.250477471,0.8685418175
0.353,-2.16,-2.16,-3.738110515,-74.06,-3.04305502,216.4657625,-1.338509649,0.8531451199
0.354,-2.15,-2.15,-3.719539345,-73.58,-3.031797723,212.6051707,-1.43478615,0.832748125
0.355,-2.1,-2.1,-3.62686002,-72.19,-2.998831796,209.9651838,-1.501634725,0.805885346
0.356,-2.07,-2.07,-3.571393646,-71.39,-2.979605064,208.0686722,-1.550178194,0.7884248412
0.357,-2.21,-2.21,-3.831142892,-75.92,-3.086085252,203.8292653,-1.660310467,0.8071688747
0.358,-2.42,-2.42,-4.225091649,-83.01,-3.242298582,199.2457918,-1.781988253,0.8409336065
0.359,-2.47,-2.47,-4.319653918,-84.63,-3.276458879,193.5358711,-1.937546573,0.8284713082
0.36,-2.23,-2.23,-3.868438222,-77.66,-3.125522543,188.6552188,-2.07419502,0.7439708359
0.361,-1.77,-1.77,-3.022555262,-64.11,-2.795368408,185.5639203,-2.162586132,0.6096375506
0.362,-1.38,-1.38,-2.324899745,-52.24,-2.452940514,185.5629659,-2.162613649,0.5037097741
0.363,-1.2,-1.2,-2.00894208,-46.57,-2.267609861,188.0147675,-2.092388228,0.4607667341
0.364,-1.15,-1.15,-1.921852745,-44.76,-2.205127484,193.9426802,-1.926312768,0.4651774268
0.365,-1.19,-1.19,-1.991500676,-46.23,-2.25599952,199.1559194,-1.784401985,0.4928967267
0.366,-1.35,-1.35,-2.271975345,-51.76,-2.437838289,203.9879465,-1.656147109,0.554954433
0.367,-1.61,-1.61,-2.734172228,-61.18,-2.716052075,206.0708119,-1.601796724,0.633225561
0.368,-1.85,-1.85,-3.167876545,-69.67,-2.937617192,205.9663154,-1.604510344,0.697443328
0.369,-1.93,-1.93,-3.313951006,-72.34,-3.002415946,206.0191071,-1.603139249,0.7195551602
0.37,-1.81,-1.81,-3.095121756,-68.99,-2.920765311,204.0833103,-1.653646585,0.6766163228
0.371,-1.57,-1.57,-2.662547206,-61.78,-2.732554106,202.5381016,-1.694308024,0.6014524798
0.372,-1.35,-1.35,-2.271975345,-54.9,-2.534758516,200.7982571,-1.740464169,0.5314285388
0.373,-1.23,-1.23,-2.061336902,-51.14,-2.418174768,200.4781923,-1.748998671,0.4946606932
0.374,-1.19,-1.19,-1.991500676,-49.98,-2.380904825,204.075113,-1.65386148,0.4935851362
0.375,-1.2,-1.2,-2.00894208,-50.12,-2.385436447,211.9064847,-1.452396848,0.5234573588
0.376,-1.19,-1.19,-1.991500676,-50.03,-2.382524325,218.7649529,-1.281984306,0.5434564022
0.377,-1.16,-1.16,-1.939247075,-49.06,-2.350893876,224.2352898,-1.149849885,0.5539528762
0.378,-1.1,-1.1,-1.83505762,-47.09,-2.28525493,227.8915797,-1.063318522,0.5480117568
0.379,-1.03,-1.03,-1.714038718,-44.92,-2.210718174,229.1745177,-1.033284633,0.5283715274
0.38,-1.01,-1.01,-1.679567804,-44.08,-2.181219309,228.8900691,-1.039929111,0.5214189429
0.381,-1.03,-1.03,-1.714038718,-45.02,-2.214205664,227.461383,-1.073427396,0.5213594968
0.382,-1.06,-1.06,-1.765833351,-46.22,-2.255657159,226.3396725,-1.099875829,0.5262452664
0.383,-1.05,-1.05,-1.748556705,-45.65,-2.236059045,229.037009,-1.036495688,0.5343093845
0.384,-0.97,-0.97,-1.610767198,-43.03,-2.143827743,234.657414,-0.9067954471,0.5280125068
0.385,-0.85,-0.85,-1.405495145,-39.3,-2.006208015,239.0241071,-0.8081533473,0.4994010947
0.386,-0.73,-0.73,-1.201917742,-35.16,-1.844309623,240.3703995,-0.7781042614,0.4583249612
0.387,-0.6,-0.6,-0.98328792,-30.38,-1.644670562,242.6019104,-0.7286659473,0.4143061534
0.388,-0.47,-0.47,-0.7666469578,-25.64,-1.432405519,245.3018554,-0.6694540538,0.3647469925
0.389,-0.39,-0.39,-0.6343179882,-22.64,-1.290306744,246.1442834,-0.6511122909,0.3267290455
0.39,-0.39,-0.39,-0.6343179882,-22.47,-1.282068703,247.7401258,-0.6165382624,0.3340965244
0.391,-0.44,-0.44,-0.7169353312,-24.96,-1.40073495,251.1461126,-0.5434862884,0.3687519286
0.392,-0.47,-0.47,-0.7666469578,-26.18,-1.457333993,255.9464007,-0.4421938894,0.4035986863
0.393,-0.38,-0.38,-0.6178298248,-22.64,-1.290306744,261.8979023,-0.3192150881,0.3838592385
0.394,-0.21,-0.21,-0.3393316122,-15.61,-0.9323535792,266.904607,-0.2179044095,0.2950047863
0.395,-0.01,-0.01,-0.0160409642,-5.96,-0.3796700283,265.1799605,-0.2525864582,0.02537097609
0.396,0.22,0.22,0.3499238072,3.24,0.2194440285,265.678616,-0.242535541,-15.15378461
0.397,0.46,0.46,0.7251627128,9.5,0.6707161892,269.7071637,-0.1620211234,1.425535181
0.398,0.66,0.66,1.032683705,14.87,1.087751843,273.8899761,-0.07968629791,1.02442119
0.399,0.75,0.75,1.169532375,16.53,1.222470909,276.7793846,-0.02354198085,0.9754809874
0.4,0.75,0.75,1.169532375,16.46,1.216733581,279.2486882,0.02397670216,0.9426313228
0.401,0.79,0.79,1.230048028,17.31,1.286739346,281.9160475,0.07483691876,0.903400022
0.402,0.9,0.9,1.39549518,19.36,1.45863237,281.2671458,0.06250833469,0.9174004585
0.403,0.96,0.96,1.485138893,20.45,1.55180694,277.7558159,-0.004701292118,0.9599466557
0.404,0.89,0.89,1.380513372,19.19,1.444212368,276.7871485,-0.02339191056,0.9716311197
0.405,0.72,0.72,1.124022067,16.3,1.203638408,278.5424101,0.01042829723,0.9258322155
0.406,0.58,0.58,0.9102401912,13.45,0.9747086845,280.3477119,0.04499107732,0.8926550984
0.407,0.51,0.51,0.8024842758,11.8,0.8458692314,282.6984874,0.08966493165,0.8577819042
0.408,0.48,0.48,0.7561266432,11.14,0.795082191,283.674074,0.1080958872,0.8371844505
0.409,0.44,0.44,0.6941517088,10.24,0.7265104923,281.4927808,0.06679843101,0.8750080686
0.41,0.38,0.38,0.6008362552,8.63,0.6057927298,279.8882139,0.03621507962,0.9358706333
0.411,0.29,0.29,0.4600687078,6.55,0.4534886908,281.6466131,0.06972134088,0.8793193555
0.412,0.19,0.19,0.3025423238,4.2,0.286285154,280.0423263,0.03916009266,0.9296258799
0.413,0.08,0.08,0.1279040512,1.66,0.1112559608,275.2878938,-0.05244967322,2.17500639
0.414,-0.02,-0.02,-0.0320936968,-1.38,-0.09063656521,270.0608996,-0.1550088996,0.1306504756
0.415,-0.14,-0.14,-0.2256444232,-5.37,-0.3434346626,270.5450627,-0.145426048,0.461572015
0.416,-0.3,-0.3,-0.48634818,-10.75,-0.6632546824,273.5010948,-0.08728786583,0.6479954816
0.417,-0.54,-0.54,-0.8830526472,-18.69,-1.09360443,273.0132381,-0.09683943281,0.7417843672
0.418,-0.88,-0.88,-1.456654285,-29.41,-1.602419676,273.0701627,-0.09572404649,0.8577921087
0.419,-1.24,-1.24,-2.078825379,-40.9,-2.066171118,273.7221838,-0.0829648536,0.9672842511
0.42,-1.54,-1.54,-2.608952007,-50.22,-2.388667655,272.7807481,-0.1013972757,1.047744569
0.421,-1.73,-1.73,-2.950177062,-56.29,-2.576285143,271.6328919,-0.1239574737,1.092559996
0.422,-1.84,-1.84,-3.149670195,-59.7,-2.674756488,268.7814543,-0.1804153842,1.103145568
0.423,-1.92,-1.92,-3.295650509,-62.49,-2.751906617,268.7676889,-0.1806893879,1.123799699
0.424,-2.05,-2.05,-3.534474905,-66.55,-2.859070843,269.2319711,-0.1714555139,1.166290766
0.425,-2.23,-2.23,-3.868438222,-72.07,-2.995959763,269.4948129,-0.1662350438,1.223339629
0.426,-2.41,-2.41,-4.2062145,-78.1,-3.13537541,268.9995254,-0.1760765155,1.270202496
0.427,-2.57,-2.57,-4.509661086,-83.16,-3.245483348,260.3254293,-0.3514340863,1.253757187
0.428,-2.68,-2.68,-4.720028221,-86.71,-3.319596321,252.361072,-0.5176672116,1.230050577
0.429,-2.75,-2.75,-4.854639625,-88.99,-3.366029317,245.3044954,-0.6693964746,1.20300555
0.43,-2.8,-2.8,-4.95114368,-90.32,-3.392740913,232.9069494,-0.946854229,1.140922947
0.431,-2.81,-2.81,-4.970479796,-90.84,-3.403114974,223.5982826,-1.165069783,1.088064529
0.432,-2.81,-2.81,-4.970479796,-90.81,-3.402517497,223.0635663,-1.177879178,1.085163611
0.433,-2.82,-2.82,-4.989827681,-91.13,-3.408884206,218.9724588,-1.276912056,1.064883619
0.434,-2.86,-2.86,-5.067336903,-92.37,-3.433426305,211.1968805,-1.470342279,1.033355636
0.435,-2.91,-2.91,-5.16448822,-94.07,-3.466761943,207.9702637,-1.552709139,1.02889092
0.436,-2.95,-2.95,-5.242421105,-95.36,-3.491840255,209.029611,-1.525526779,1.044855014
0.437,-2.92,-2.92,-5.183953789,-94.55,-3.47611418,208.3971174,-1.541739654,1.033101792
0.438,-2.74,-2.74,-4.835374119,-89.21,-3.37046598,205.2942408,-1.621996109,0.9685349697
0.439,-2.46,-2.46,-4.300717927,-81.05,-3.20025567,201.5219512,-1.721216975,0.8738680955
0.44,-2.25,-2.25,-3.905780625,-74.91,-3.062834544,200.8636924,-1.738721019,0.8134406807
0.441,-2.18,-2.18,-3.775288161,-72.96,-3.017161559,201.4683606,-1.722639888,0.7965076604
0.442,-2.21,-2.21,-3.831142892,-73.76,-3.036026711,201.6592834,-1.717572326,0.8059457396
0.443,-2.17,-2.17,-3.756693454,-72.62,-3.009088933,201.8334765,-1.712952995,0.7955654591
0.444,-2.03,-2.03,-3.497603238,-68.56,-2.910033422,201.3199219,-1.726583135,0.7543438614
0.445,-1.92,-1.92,-3.295650509,-65.14,-2.822511737,199.8377798,-1.766116197,0.7182213411
0.446,-1.9,-1.9,-3.25908482,-64.47,-2.804898025,199.7193315,-1.769288203,0.7124950006
0.447,-1.93,-1.93,-3.313951006,-65.7,-2.837113405,200.7505356,-1.741735796,0.7237519429
0.448,-1.96,-1.96,-3.368923107,-66.47,-2.857014727,202.69903,-1.690058825,0.740899189
0.449,-1.93,-1.93,-3.313951006,-65.76,-2.838671442,205.4033408,-1.619153699,0.7434008515
0.45,-1.88,-1.88,-3.222566205,-64.02,-2.792978784,205.3638941,-1.62018124,0.7302173925
0.451,-1.82,-1.82,-3.113292801,-62.43,-2.750278461,202.4414478,-1.696861723,0.7000662611
0.452,-1.83,-1.83,-3.131475614,-62.72,-2.758135543,202.5646238,-1.693607494,0.7034268573
0.453,-1.87,-1.87,-3.20432455,-63.9,-2.789788106,203.8509017,-1.659742596,0.7201488796
0.454,-1.93,-1.93,-3.313951006,-65.98,-2.844373667,201.623295,-1.718527181,0.7262816169
0.455,-2.05,-2.05,-3.534474905,-69.74,-2.939343718,197.6371166,-1.825358523,0.7418039419
0.456,-2.18,-2.18,-3.775288161,-74.19,-3.046092902,193.4358335,-1.940312674,0.7571161438
0.457,-2.3,-2.3,-3.99934258,-78.21,-3.137831261,193.5902495,-1.936043579,0.7882225529
0.458,-2.34,-2.34,-4.074403975,-79.37,-3.16355341,200.5816516,-1.746238447,0.829852689
0.459,-2.27,-2.27,-3.943170102,-77.42,-3.120128207,205.7424504,-1.610328428,0.8335707113
0.46,-2.19,-2.19,-3.793894636,-75.13,-3.067922116,204.0801454,-1.653729552,0.8035100645
0.461,-2.15,-2.15,-3.719539345,-73.97,-3.040949143,198.0312876,-1.814699015,0.7660232423
0.462,-2.17,-2.17,-3.756693454,-74.45,-3.052154758,192.5362246,-1.96525187,0.7487321105
0.463,-2.21,-2.21,-3.831142892,-75.69,-3.080814204,192.2730483,-1.972569744,0.7581341397
0.464,-2.23,-2.23,-3.868438222,-76.34,-3.095675163,196.7560962,-1.849260896,0.7823029813
0.465,-2.2,-2.2,-3.81251288,-75.46,-3.075529277,203.8212906,-1.660519787,0.8049986028
0.466,-2.1,-2.1,-3.62686002,-72.73,-3.011704286,209.0041147,-1.526179384,0.7992404134
0.467,-1.97,-1.97,-3.387270678,-68.64,-2.912034524,207.5135097,-1.564471979,0.7566772605
0.468,-1.83,-1.83,-3.131475614,-64.47,-2.804898025,204.2295012,-1.649815592,0.7029577841
0.469,-1.71,-1.71,-2.914058572,-60.92,-2.708858671,203.3876204,-1.671915098,0.6651926636
0.47,-1.6,-1.6,-2.71624832,-57.64,-2.615837232,204.7187612,-1.637014257,0.6386887309
0.471,-1.49,-1.49,-2.519862044,-54.11,-2.51078581,210.282756,-1.493548968,0.62928356
0.472,-1.35,-1.35,-2.271975345,-49.92,-2.378959864,222.2435266,-1.19758341,0.635243354
0.473,-1.21,-1.21,-2.026395252,-45.39,-2.227064769,236.3635775,-0.8680370256,0.6547103735
0.474,-1.1,-1.1,-1.83505762,-41.67,-2.094526705,244.6256537,-0.6842222849,0.6603898469
0.475,-1.04,-1.04,-1.731291827,-39.86,-2.02735664,241.0235142,-0.7635873941,0.6203248097
0.476,-1.05,-1.05,-1.748556705,-39.98,-2.031865753,234.1772624,-0.9177537316,0.5928075517
0.477,-1.07,-1.07,-1.783121766,-40.7,-2.058753072,233.1777109,-0.9406383002,0.5944945305
0.478,-1.06,-1.06,-1.765833351,-40.49,-2.050940481,237.1034768,-0.8513158436,0.6084346638
0.479,-1.02,-1.02,-1.696797377,-39.1,-1.9986124,237.8227345,-0.8351110893,0.5987872081
0.48,-0.96,-0.96,-1.593596467,-37.01,-1.917880312,227.9233201,-1.062573432,0.5346825028
0.481,-0.89,-0.89,-1.473730868,-34.78,-1.828947586,220.5455227,-1.238615885,0.4804239202
0.482,-0.83,-0.83,-1.371447894,-32.6,-1.739136492,222.6130283,-1.188695896,0.4684174885
0.483,-0.77,-0.77,-1.269588582,-30.33,-1.642507322,225.545835,-1.118672781,0.4597992649
0.484,-0.7,-0.7,-1.15128818,-27.85,-1.533200271,229.8592966,-1.01732254,0.4513930146
0.485,-0.64,-0.64,-1.050346803,-25.33,-1.418006195,231.5697732,-0.9776584082,0.4384364998
0.486,-0.58,-0.58,-0.9498290888,-23.23,-1.318741538,232.0913053,-0.965622902,0.4157957776
0.487,-0.54,-0.54,-0.8830526472,-21.63,-1.241065966,232.2368168,-0.962269729,0.4007798944
0.488,-0.52,-0.52,-0.8497350368,-20.78,-1.19906837,233.3316327,-0.9371079028,0.3977832015
0.489,-0.57,-0.57,-0.9331173258,-22.66,-1.2912746,239.1388096,-0.8055866121,0.4450067179
0.49,-0.78,-0.78,-1.286535713,-29.84,-1.621223509,244.566583,-0.6855143246,0.5577294889
0.491,-1.1,-1.1,-1.83505762,-41.24,-2.078731569,244.4695676,-0.6876370002,0.6633453113
0.492,-1.36,-1.36,-2.289605043,-50.33,-2.392216543,244.9979731,-0.6760857931,0.7462123326
0.493,-1.36,-1.36,-2.289605043,-50.24,-2.389313331,243.0752827,-0.7182370346,0.7367877504
0.494,-1.11,-1.11,-1.852393108,-42.26,-2.116036381,239.7264862,-0.7924552737,0.6368913265
0.495,-0.83,-0.83,-1.371447894,-32.83,-1.748748536,238.5102395,-0.8196674619,0.5339664193
0.496,-0.71,-0.71,-1.168152932,-28.54,-1.564011148,238.0142607,-0.8308042972,0.487784115
0.497,-0.73,-0.73,-1.201917742,-29.19,-1.59275327,237.0253398,-0.8530792181,0.4914145788
0.498,-0.71,-0.71,-1.168152932,-28.69,-1.570668195,235.4411566,-0.8889565193,0.4749313689
0.499,-0.58,-0.58,-0.9498290888,-23.55,-1.334062883,232.3914323,-0.9587090622,0.4142710707
0.5,-0.42,-0.42,-0.6838530888,-17.19,-1.015952553,230.478464,-1.002930728,0.3387283927
0.501,-0.42,-0.42,-0.6838530888,-16.9,-1.000748161,229.4809793,-1.02613517,0.3373914414
0.502,-0.61,-0.61,-1.000034988,-23.62,-1.337405003,230.4779819,-1.002941918,0.4273020291
0.503,-0.91,-0.91,-1.50791934,-33.64,-1.782341839,231.4457692,-0.9805240626,0.5457808644
0.504,-1.16,-1.16,-1.939247075,-41.92,-2.103663878,232.4207206,-0.9580348448,0.6333892556
0.505,-1.29,-1.29,-2.166444292,-46.47,-2.264201082,233.6357606,-0.9301391758,0.6782133766
0.506,-1.36,-1.36,-2.289605043,-48.63,-2.336727903,234.500566,-0.9103726496,0.7051229262
0.507,-1.4,-1.4,-2.36024152,-50.16,-2.386729496,235.970622,-0.8769388279,0.7231866984
0.508,-1.47,-1.47,-2.484308438,-52.34,-2.456073599,237.3739488,-0.8452163949,0.7525265707
0.509,-1.56,-1.56,-2.644670371,-55.3,-2.546793344,238.2043781,-0.8265326109,0.7839949079
0.51,-1.65,-1.65,-2.805985545,-58.35,-2.636337365,237.8424405,-0.8346678046,0.8084071926
0.511,-1.71,-1.71,-2.914058572,-60.4,-2.694393962,234.9726584,-0.8996129525,0.8108105081
0.512,-1.72,-1.72,-2.932111933,-60.78,-2.704974573,235.775378,-0.8813672925,0.8175773651
0.513,-1.69,-1.69,-2.877987156,-59.84,-2.678699315,239.1042497,-0.8063598408,0.8258072611
0.514,-1.65,-1.65,-2.805985545,-58.49,-2.640355486,239.4383666,-0.7988891355,0.8158726273
0.515,-1.55,-1.55,-2.626805305,-55.59,-2.555475594,239.6797373,-0.7934986759,0.7843611487
0.516,-1.39,-1.39,-2.342564748,-50.59,-2.400582225,242.0024736,-0.7419014377,0.7454500961
0.517,-1.23,-1.23,-2.061336902,-45.29,-2.223596247,245.1380859,-0.673027036,0.7116344447
0.518,-1.12,-1.12,-1.869740365,-41.74,-2.097088518,246.0350928,-0.653486099,0.6797635496
0.519,-1.11,-1.11,-1.852393108,-41.35,-2.082781747,245.5571937,-0.6638880562,0.6744141965
0.52,-1.14,-1.14,-1.904470183,-42.57,-2.127263144,246.5846212,-0.6415500028,0.687829074
0.521,-1.15,-1.15,-1.921852745,-42.85,-2.137359345,245.2222613,-0.6711902706,0.6842865564
0.522,-1.13,-1.13,-1.88709939,-42.27,-2.116399338,243.3815919,-0.711499523,0.6673150217
0.523,-1.11,-1.11,-1.852393108,-41.48,-2.087559837,243.0267912,-0.7193044223,0.6599510831
0.524,-1.1,-1.1,-1.83505762,-41.04,-2.071350716,240.2292102,-0.78124768,0.6432933646
0.525,-1.09,-1.09,-1.8177339,-41.01,-2.070241704,236.4059121,-0.8670788846,0.6188408262
0.526,-1.1,-1.1,-1.83505762,-41.32,-2.081677806,233.7929,-0.9265420657,0.6100144598
0.527,-1.12,-1.12,-1.869740365,-42.02,-2.107309305,230.3270758,-1.006445993,0.600477618
0.528,-1.16,-1.16,-1.939247075,-43.34,-2.15492753,226.7572487,-1.090014658,0.5976214561
0.529,-1.22,-1.22,-2.043860193,-45.37,-2.226371474,223.6914572,-1.162840875,0.6030487272
0.53,-1.29,-1.29,-2.166444292,-47.85,-2.31080256,221.7119036,-1.210396338,0.6152575742
0.531,-1.37,-1.37,-2.30724651,-50.37,-2.393505636,221.0567653,-1.2262285,0.6374077275
0.532,-1.44,-1.44,-2.431066291,-52.79,-2.470116445,219.6483757,-1.260423291,0.6516661029
0.533,-1.51,-1.51,-2.555462724,-55.15,-2.542288365,211.3245682,-1.467108693,0.6373683343
0.534,-1.58,-1.58,-2.680435809,-57.57,-2.613804938,200.3674422,-1.751954987,0.6139677524
0.535,-1.64,-1.64,-2.788014563,-59.78,-2.677010475,194.0634931,-1.922981123,0.6060912295
0.536,-1.69,-1.69,-2.877987156,-61.26,-2.718260238,195.4870431,-1.883879515,0.6253584877
0.537,-1.7,-1.7,-2.89601698,-61.84,-2.734196827,199.3120421,-1.780209644,0.6415055885
0.538,-1.7,-1.7,-2.89601698,-61.74,-2.731458205,202.4853308,-1.695702136,0.6541477508
0.539,-1.69,-1.69,-2.877987156,-61.46,-2.723769997,205.870238,-1.60700655,0.664542981
0.54,-1.68,-1.68,-2.859969101,-61.16,-2.715499653,209.4932939,-1.513672208,0.6762480208
0.541,-1.66,-1.66,-2.823968295,-60.67,-2.701917495,212.1854809,-1.445357666,0.6809213725
0.542,-1.65,-1.65,-2.805985545,-60.08,-2.685440571,209.3379305,-1.517641322,0.6676019206
0.543,-1.64,-1.64,-2.788014563,-59.9,-2.680386743,204.8317716,-1.634061724,0.6462041636
0.544,-1.66,-1.66,-2.823968295,-60.64,-2.701082938,204.6076526,-1.639918691,0.6505338023
0.545,-1.71,-1.71,-2.914058572,-62.38,-2.748920643,207.8826672,-1.554963018,0.6770765201
0.546,-1.79,-1.79,-3.058814972,-64.97,-2.818057509,210.0277747,-1.500040123,0.7083709617
0.547,-1.85,-1.85,-3.167876545,-67.14,-2.874168314,210.1113221,-1.497912358,0.7245695546
0.548,-1.85,-1.85,-3.167876545,-67.29,-2.877988138,208.1014358,-1.549335822,0.7155285165
0.549,-1.78,-1.78,-3.040679233,-65.13,-2.822250003,204.448215,-1.644089229,0.6807989889
0.55,-1.64,-1.64,-2.788014563,-60.83,-2.706362615,206.6011643,-1.588045431,0.6492197605
0.551,-1.49,-1.49,-2.519862044,-56.22,-2.574213526,213.8757507,-1.402908412,0.6335893351
0.552,-1.4,-1.4,-2.36024152,-53.46,-2.490856045,218.8301683,-1.28038967,0.6258519593
0.553,-1.39,-1.39,-2.342564748,-53.15,-2.481285067,222.6525669,-1.187745759,0.6384696285
0.554,-1.45,-1.45,-2.448801905,-55.34,-2.547993038,222.1292977,-1.200333915,0.6533053107
0.555,-1.53,-1.53,-2.591110478,-58.03,-2.627123284,223.4913822,-1.167628184,0.6828142765
0.556,-1.56,-1.56,-2.644670371,-58.98,-2.6543568,229.319247,-1.029907043,0.7178287127
0.557,-1.52,-1.52,-2.573280717,-57.89,-2.62307903,241.2947566,-0.7575700104,0.7611794912
0.558,-1.44,-1.44,-2.431066291,-55.41,-2.550090852,245.7777969,-0.6590838903,0.7575362784
0.559,-1.36,-1.36,-2.289605043,-52.76,-2.469183099,236.8922452,-0.8560841968,0.6885476684
0.56,-1.3,-1.3,-2.18400338,-50.88,-2.409875854,229.8982077,-1.016416957,0.6374246162
0.561,-1.23,-1.23,-2.061336902,-48.94,-2.346949549,229.3905832,-1.028243035,0.61073164
0.562,-1.12,-1.12,-1.869740365,-45.31,-2.224290361,232.3915148,-0.958707163,0.5874149605
0.563,-0.96,-0.96,-1.593596467,-39.97,-2.031490299,237.7730324,-0.8362292908,0.5557016358
0.564,-0.8,-0.8,-1.32046528,-34.4,-1.813499243,244.5798904,-0.6852232272,0.5284561593
0.565,-0.69,-0.69,-1.134435196,-30.75,-1.660629365,249.5102179,-0.5784486662,0.5066528189
0.566,-0.68,-0.68,-1.117593981,-30.3,-1.641208617,252.2533344,-0.5199517132,0.5171268254
0.567,-0.72,-0.72,-1.185029453,-31.91,-1.710104579,253.8432103,-0.486338109,0.5395221369
0.568,-0.74,-0.74,-1.218817799,-32.67,-1.742065339,253.6781263,-0.4898185529,0.5460937299
0.569,-0.68,-0.68,-1.117593981,-30.5,-1.649855876,252.1524951,-0.5220908246,0.5145586585
0.57,-0.55,-0.55,-0.899729105,-25.72,-1.436110971,250.7884832,-0.5511100605,0.452757439
0.571,-0.42,-0.42,-0.6838530888,-20.36,-1.17812692,251.3566608,-0.5390029979,0.3982535518
0.572,-0.31,-0.31,-0.5027421962,-16.08,-0.9574170638,249.9948099,-0.568068117,0.3295621632
0.573,-0.23,-0.23,-0.3719195818,-12.03,-0.7359107627,247.990096,-0.611142826,0.2760985791
0.574,-0.14,-0.14,-0.2256444232,-7.7,-0.4848495626,249.6327264,-0.5758224806,0.2127372213
0.575,-0.11,-0.11,-0.1770978682,-6.21,-0.3949363368,251.3471592,-0.5392052377,0.1895835418
0.576,-0.18,-0.18,-0.2905379208,-8.82,-0.5512358423,251.4752793,-0.536478858,0.2671085724
0.577,-0.35,-0.35,-0.568435945,-14.63,-0.8795562528,251.9590477,-0.5261968349,0.4043640024
0.578,-0.58,-0.58,-0.9498290888,-22.24,-1.270890974,251.137833,-0.5436626654,0.5234505435
0.579,-0.84,-0.84,-1.388465635,-31.17,-1.678640148,251.2346181,-0.5416012457,0.6253669709
0.58,-1.15,-1.15,-1.921852745,-41.36,-2.083149618,248.0429969,-0.6100016926,0.7136074149
0.581,-1.43,-1.43,-2.413342446,-50.62,-2.401545457,233.9719819,-0.922445614,0.7260375839
0.582,-1.62,-1.62,-2.752107905,-56.79,-2.591022532,219.5918246,-1.261800888,0.7143093791
0.583,-1.71,-1.71,-2.914058572,-59.83,-2.67841794,210.1696253,-1.496428006,0.698003857
0.584,-1.73,-1.73,-2.950177062,-60.5,-2.697183742,209.0882238,-1.524026826,0.6988936026
0.585,-1.7,-1.7,-2.89601698,-59.52,-2.669675806,213.0156717,-1.424466255,0.7073562512
0.586,-1.62,-1.62,-2.752107905,-57.02,-2.597766639,218.3000941,-1.293364741,0.7072770451
0.587,-1.5,-1.5,-2.5376565,-53.27,-2.484995045,225.2687945,-1.125248285,0.7029045601
0.588,-1.37,-1.37,-2.30724651,-49.45,-2.363665212,235.2401764,-0.8935254033,0.7083547701
0.589,-1.27,-1.27,-2.131361422,-46.22,-2.255657159,246.2768332,-0.648232067,0.733967881
0.59,-1.18,-1.18,-1.974071041,-43.27,-2.152425566,247.9725246,-0.6115219138,0.7142216179
0.591,-1.1,-1.1,-1.83505762,-40.49,-2.050940481,238.547267,-0.8188369663,0.6394424841
0.592,-1.03,-1.03,-1.714038718,-38.21,-1.964538269,229.2424086,-1.031699977,0.5720635601
0.593,-0.99,-0.99,-1.645143964,-36.77,-1.908449051,229.5679737,-1.024107412,0.5609931079
0.594,-0.97,-0.97,-1.610767198,-36.08,-1.881147249,236.3258136,-0.8688918667,0.5857251952
0.595,-0.95,-0.95,-1.576437505,-35.62,-1.862790943,236.4853827,-0.8652807221,0.5778578053
0.596,-0.94,-0.94,-1.559290311,-35.27,-1.848740485,225.9294715,-1.109580563,0.5270862378
0.597,-0.95,-0.95,-1.576437505,-35.45,-1.855975496,216.6101825,-1.334941467,0.494039025
0.598,-0.98,-0.98,-1.627949697,-36.4,-1.893843543,217.1329397,-1.322045575,0.5062207174
0.599,-1.02,-1.02,-1.696797377,-37.82,-1.949465083,223.6382334,-1.164113974,0.544966852
0.6,-1.05,-1.05,-1.748556705,-38.91,-1.991375735,229.3601645,-1.028952527,0.5789293591
0.601,-1.06,-1.06,-1.765833351,-39.11,-1.998992715,232.2666576,-0.9615823342,0.5964494472
0.602,-1.04,-1.04,-1.731291827,-38.51,-1.97607405,235.3590164,-0.8908233422,0.6038904049
0.603,-1.01,-1.01,-1.679567804,-37.56,-1.939367923,238.0503518,-0.8299931166,0.6064820657
0.604,-0.98,-0.98,-1.627949697,-36.6,-1.901748321,239.7002862,-0.7930400135,0.6041104142
0.605,-0.95,-0.95,-1.576437505,-35.35,-1.851958417,243.0371732,-0.7190758766,0.6131530447
0.606,-0.89,-0.89,-1.473730868,-33.33,-1.769532425,246.4391185,-0.6447078188,0.6104325664
0.607,-0.81,-0.81,-1.337447716,-30.4,-1.645535415,250.1560741,-0.564618105,0.6051379256
0.608,-0.7,-0.7,-1.15128818,-26.56,-1.474759377,254.4828895,-0.4728731871,0.5911218579
0.609,-0.6,-0.6,-0.98328792,-22.53,-1.28497855,257.8289816,-0.4029866658,0.5825285443
0.61,-0.54,-0.54,-0.8830526472,-20.09,-1.164597913,258.4247538,-0.3906385418,0.5677931768
0.611,-0.56,-0.56,-0.9164173312,-20.64,-1.192101881,258.3600073,-0.3919791155,0.5785167131
0.612,-0.65,-0.65,-1.067140945,-23.64,-1.338359275,258.5693387,-0.3876461316,0.6182720756
0.613,-0.79,-0.79,-1.303494612,-27.89,-1.534994891,257.7386392,-0.4048616169,0.6719541404
0.614,-0.92,-0.92,-1.525031229,-31.89,-1.709258677,256.0386403,-0.4402661697,0.7094736454
0.615,-1.03,-1.03,-1.714038718,-35.15,-1.843906461,253.5150787,-0.4932582851,0.7333837808
0.616,-1.12,-1.12,-1.869740365,-37.88,-1.951789693,252.7710457,-0.5089829089,0.7598184259
0.617,-1.21,-1.21,-2.026395252,-40.76,-2.06098079,252.7294045,-0.5098643356,0.7882214422
0.618,-1.33,-1.33,-2.236751254,-44.39,-2.192148375,251.5459556,-0.5349754702,0.8201869006
0.619,-1.49,-1.49,-2.519862044,-49.49,-2.364970979,248.630925,-0.5973357696,0.8506418336
0.62,-1.74,-1.74,-2.968253959,-56.99,-2.596888221,246.3313378,-0.6470481668,0.9150160805
0.621,-2.06,-2.06,-3.552928391,-67.08,-2.872638292,244.7379358,-0.6817672204,0.9995844252
0.622,-2.38,-2.38,-4.149653665,-77.24,-3.11607308,242.8576205,-0.7230298472,1.080891485
0.623,-2.58,-2.58,-4.528726529,-83.43,-3.251204542,240.7755859,-0.7690934911,1.126465374
0.624,-2.62,-2.62,-4.605105985,-84.7,-3.277923508,239.2612072,-0.8028490413,1.128488768
0.625,-2.61,-2.61,-4.585993468,-84.48,-3.273317267,236.7420352,-0.8594776317,1.1096591
0.626,-2.72,-2.72,-4.796878413,-87.77,-3.341288916,229.1642082,-1.03352531,1.096475911
0.627,-2.89,-2.89,-5.125592388,-93.16,-3.448960281,216.3441976,-1.341514998,1.069954877
0.628,-2.93,-2.93,-5.203431126,-94.55,-3.47611418,205.1611316,-1.625466079,1.019964572
0.629,-2.84,-2.84,-5.028558755,-91.91,-3.424345348,201.04899,-1.733787895,0.9748795772
0.63,-2.74,-2.74,-4.835374119,-89.17,-3.369659862,202.3319512,-1.699756216,0.9538325607
0.631,-2.76,-2.76,-4.873916899,-89.61,-3.378513914,201.5589091,-1.720235909,0.9559043036
0.632,-2.83,-2.83,-5.009187334,-91.79,-3.421971932,198.6714442,-1.79743248,0.9597239337
0.633,-2.79,-2.79,-4.931819332,-90.68,-3.399926988,195.1981045,-1.891792904,0.9319879799
0.634,-2.65,-2.65,-4.662514145,-86.73,-3.320007373,193.9509856,-1.926083665,0.8887596709
0.635,-2.54,-2.54,-4.452535367,-83.47,-3.252050889,194.9173413,-1.899493616,0.864310764
0.636,-2.51,-2.51,-4.395515564,-82.46,-3.230581945,194.7417632,-1.904314973,0.8560085302
0.637,-2.51,-2.51,-4.395515564,-82.46,-3.230581945,194.695218,-1.90559383,0.8557953926
0.638,-2.47,-2.47,-4.319653918,-81.36,-3.206959587,193.8307144,-1.929402288,0.8409948564
0.639,-2.39,-2.39,-4.168495508,-79.11,-3.15781572,190.5435263,-2.020911465,0.8049266469
0.64,-2.34,-2.34,-4.074403975,-77.49,-3.121703027,189.5426847,-2.049086731,0.7879655075
0.641,-2.34,-2.34,-4.074403975,-77.55,-3.123051906,190.3685389,-2.025826944,0.7913186723
0.642,-2.37,-2.37,-4.13082359,-78.68,-3.148291635,190.9803276,-2.008661179,0.8010202418
0.643,-2.4,-2.4,-4.18734912,-79.51,-3.166636425,192.4460749,-1.967757442,0.8155488706
0.644,-2.41,-2.41,-4.2062145,-79.83,-3.173666348,194.7573774,-1.903886032,0.8283941129
0.645,-2.42,-2.42,-4.225091649,-80.02,-3.177829281,195.2444806,-1.890521978,0.8336225002
0.646,-2.42,-2.42,-4.225091649,-80.01,-3.177610384,192.5807904,-1.964013664,0.8217426263
0.647,-2.39,-2.39,-4.168495508,-79.38,-3.163773776,191.2365051,-2.001489598,0.8070247742
0.648,-2.34,-2.34,-4.074403975,-77.85,-3.129782997,193.0051544,-1.952237569,0.8017291394
0.649,-2.27,-2.27,-3.943170102,-75.61,-3.078977548,194.5934534,-1.908390935,0.7906313952
0.65,-2.19,-2.19,-3.793894636,-73.25,-3.024021012,192.8223615,-1.957306892,0.7616231474
0.651,-2.12,-2.12,-3.663896445,-71.31,-2.977671984,191.43753,-1.995868713,0.7366776845
0.652,-2.08,-2.08,-3.589870669,-70,-2.945743207,188.1609548,-2.088230055,0.7131286723
0.653,-2.07,-2.07,-3.571393646,-69.78,-2.94032962,188.2463648,-2.085802134,0.7105650668
0.654,-2.09,-2.09,-3.60835946,-70.45,-2.956769967,192.9651605,-1.953346294,0.734882693
0.655,-2.11,-2.11,-3.645372348,-70.92,-2.96822081,198.006458,-1.815369852,0.7620577524
0.656,-2.09,-2.09,-3.60835946,-70.46,-2.957014301,199.845016,-1.765922477,0.764007572
0.657,-2.04,-2.04,-3.516033187,-68.94,-2.919520444,195.0075953,-1.897016941,0.7299918813
0.658,-1.98,-1.98,-3.405630017,-67.23,-2.876461104,188.5771636,-2.076409015,0.6876073741
0.659,-1.93,-1.93,-3.313951006,-65.54,-2.832952579,185.4056468,-2.167151271,0.6627764354
0.66,-1.83,-1.83,-3.131475614,-62.6,-2.754888108,187.569381,-2.105076831,0.6443411944
0.661,-1.74,-1.74,-2.968253959,-59.99,-2.682915241,191.3119297,-1.999379947,0.6339314034
0.662,-1.73,-1.73,-2.950177062,-59.49,-2.668827782,191.7796166,-1.986317136,0.6337454824
0.663,-1.74,-1.74,-2.968253959,-59.98,-2.682634453,191.8028179,-1.985669938,0.6358312807
0.664,-1.76,-1.76,-3.004443059,-60.58,-2.699412781,191.0467883,-2.006799716,0.6383993627
0.665,-1.78,-1.78,-3.040679233,-61.13,-2.714670734,184.7504033,-2.186092235,0.6204501731
0.666,-1.83,-1.83,-3.131475614,-62.78,-2.759757269,178.6388368,-2.366064344,0.6109216923
0.667,-1.92,-1.92,-3.295650509,-65.81,-2.83996886,174.5199984,-2.490862495,0.6182244925
0.668,-1.96,-1.96,-3.368923107,-67.1,-2.873148433,175.6175222,-2.457322693,0.6320122608
0.669,-1.91,-1.91,-3.27736178,-65.49,-2.831650508,181.1258094,-2.292096458,0.6396416142
0.67,-1.81,-1.81,-3.095121756,-62.4,-2.749463881,188.770015,-2.070940549,0.6420875677
0.671,-1.75,-1.75,-2.986342625,-60.73,-2.70358557,194.5897002,-1.908494123,0.6475045585
0.672,-1.79,-1.79,-3.058814972,-61.88,-2.735291223,195.9685899,-1.870716967,0.6640923866
0.673,-1.85,-1.85,-3.167876545,-63.81,-2.787391706,197.6076238,-1.826156946,0.6866463938
0.674,-1.89,-1.89,-3.240819628,-65.1,-2.821464592,202.9933496,-1.682296241,0.7195807567
0.675,-1.89,-1.89,-3.240819628,-65.09,-2.821202718,211.3792795,-1.465723774,0.7559774197
0.676,-1.86,-1.86,-3.186094663,-64.26,-2.799344687,219.4999351,-1.264040097,0.7840986844
0.677,-1.85,-1.85,-3.167876545,-63.95,-2.791118183,220.3309885,-1.243822596,0.7851110386
0.678,-1.84,-1.84,-3.149670195,-63.66,-2.783391229,217.8449748,-1.304530242,0.7704820696
0.679,-1.82,-1.82,-3.113292801,-62.87,-2.762187372,223.7915064,-1.160448546,0.7936736586
0.68,-1.76,-1.76,-3.004443059,-61.19,-2.716328229,232.3321597,-0.9600737798,0.8172237563
0.681,-1.64,-1.64,-2.788014563,-57.52,-2.612352067,230.2579266,-1.008052419,0.7700837223
0.682,-1.45,-1.45,-2.448801905,-51.55,-2.4311979,223.9041514,-1.157756312,0.6823162848
0.683,-1.23,-1.23,-2.061336902,-44.77,-2.205477289,220.094713,-1.249562833,0.5966173558
0.684,-1.08,-1.08,-1.800421949,-39.53,-2.014915252,222.7164046,-1.186212056,0.5624337228
0.685,-1,-1,-1.66235,-37.09,-1.921016643,223.2955026,-1.172319262,0.5373971825
0.686,-1.01,-1.01,-1.679567804,-37.29,-1.928841275,221.054549,-1.226282137,0.5323303036
0.687,-1.05,-1.05,-1.748556705,-38.68,-1.982588323,222.449744,-1.192621504,0.5506901276
0.688,-1.09,-1.09,-1.8177339,-40.02,-2.033367014,225.8538317,-1.11137201,0.5780237681
0.689,-1.13,-1.13,-1.88709939,-41.18,-2.076519604,229.1665478,-1.03347069,0.6067862634
0.69,-1.16,-1.16,-1.939247075,-42.31,-2.11785063,233.0075736,-0.9445433348,0.6332454602
0.691,-1.2,-1.2,-2.00894208,-43.44,-2.15849728,237.4530777,-0.8434332642,0.6692167091
0.692,-1.23,-1.23,-2.061336902,-44.56,-2.198120546,240.6587236,-0.771690786,0.6940969212
0.693,-1.27,-1.27,-2.131361422,-45.69,-2.237439725,240.3835461,-0.7778116607,0.7068602744
0.694,-1.3,-1.3,-2.18400338,-46.81,-2.275770505,239.698879,-0.7930714229,0.7116702103
0.695,-1.34,-1.34,-2.254357415,-47.94,-2.313809104,239.3278346,-0.8013594275,0.7236710927
0.696,-1.37,-1.37,-2.30724651,-49.06,-2.350893876,237.9804113,-0.8315652055,0.7249885862
0.697,-1.41,-1.41,-2.37793006,-50.18,-2.387375738,238.6300915,-0.8169797493,0.7420930886
0.698,-1.44,-1.44,-2.431066291,-51.3,-2.423266207,240.5149957,-0.7748869061,0.7601469365
0.699,-1.48,-1.48,-2.502079357,-52.42,-2.458576799,240.4250392,-0.7768882655,0.7733291218
0.7,-1.51,-1.51,-2.555462724,-53.54,-2.49331903,238.3190624,-0.8239574557,0.7703496333
0.701,-1.55,-1.55,-2.626805305,-54.66,-2.527504417,235.536315,-0.8867946451,0.7693541946
0.702,-1.58,-1.58,-2.680435809,-55.77,-2.560846497,232.0033963,-0.9676497015,0.7596538746
0.703,-1.62,-1.62,-2.752107905,-56.89,-2.593957459,231.3956094,-0.9816836615,0.7696823624
0.704,-1.65,-1.65,-2.805985545,-58,-2.626257331,232.7578744,-0.9502796597,0.7845537604
0.705,-1.69,-1.69,-2.877987156,-59.11,-2.658055301,234.2821201,-0.9153586934,0.8053886732
0.706,-1.72,-1.72,-2.932111933,-60.23,-2.689642433,236.5997445,-0.8626941441,0.8254037502
0.707,-1.75,-1.75,-2.986342625,-61.34,-2.720465965,236.8208951,-0.8576958165,0.83460246
0.708,-1.79,-1.79,-3.058814972,-62.45,-2.750821328,234.6007473,-0.9080875577,0.8359910202
0.709,-1.82,-1.82,-3.113292801,-63.55,-2.780452385,233.2806535,-0.9382769189,0.8371926394
0.71,-1.86,-1.86,-3.186094663,-64.66,-2.809909008,229.7263852,-1.020416961,0.8318077073
0.711,-1.89,-1.89,-3.240819628,-65.79,-2.839449996,225.7426701,-1.114005841,0.8197434755
0.712,-1.93,-1.93,-3.313951006,-66.95,-2.86931913,224.3292789,-1.147607883,0.8249965696
0.713,-1.96,-1.96,-3.368923107,-68.13,-2.899242218,224.0878145,-1.153369637,0.8312967606
0.714,-2,-2,-3.442384,-69.31,-2.928713725,226.3269735,-1.100176005,0.8544249733
0.715,-2.04,-2.04,-3.516033187,-70.5,-2.957991332,225.9866197,-1.108227467,0.8646935545
0.716,-2.07,-2.07,-3.571393646,-71.69,-2.986837183,219.8651524,-1.255145839,0.8419160631
0.717,-2.11,-2.11,-3.645372348,-72.97,-3.017398489,203.9560705,-1.656983187,0.779861937
0.718,-2.15,-2.15,-3.719539345,-74.16,-3.045392265,192.3015021,-1.971778076,0.7413619815
0.719,-2.17,-2.17,-3.756693454,-74.77,-3.059590231,196.3074187,-1.861474829,0.7633903247
0.72,-2.17,-2.17,-3.756693454,-74.93,-3.063297586,209.7269314,-1.507708943,0.8218525678
0.721,-2.18,-2.18,-3.775288161,-75.21,-3.069768935,218.2721646,-1.294049269,0.8651341519
0.722,-2.15,-2.15,-3.719539345,-74.15,-3.045158664,217.9141284,-1.302832186,0.8554616312
0.723,-1.99,-1.99,-3.424001124,-69.52,-2.933912345,213.6235513,-1.409220782,0.7883712113
0.724,-1.73,-1.73,-2.950177062,-61.65,-2.728990225,212.7424287,-1.431333299,0.7091220297
0.725,-1.46,-1.46,-2.466549287,-53.39,-2.4886986,211.2735317,-1.468400916,0.6233225313
0.726,-1.3,-1.3,-2.18400338,-48.58,-2.335074899,211.2026027,-1.470197325,0.5739414295
0.727,-1.29,-1.29,-2.166444292,-48.2,-2.322472409,210.9059411,-1.477717381,0.5700884461
0.728,-1.34,-1.34,-2.254357415,-49.87,-2.377337761,210.3856946,-1.490930651,0.5827820552
0.729,-1.4,-1.4,-2.36024152,-51.87,-2.441308513,210.6446025,-1.484350805,0.6012344241
0.73,-1.46,-1.46,-2.466549287,-53.69,-2.497929472,210.7967893,-1.480486926,0.6199826867
0.731,-1.5,-1.5,-2.5376565,-55.03,-2.538677405,210.8202994,-1.479890275,0.6314828323
0.732,-1.53,-1.53,-2.591110478,-56.09,-2.570360749,211.452746,-1.463864663,0.6422820277
0.733,-1.56,-1.56,-2.644670371,-57.1,-2.600107259,209.2521648,-1.519833666,0.6419194885
0.734,-1.59,-1.59,-2.69833618,-58.15,-2.630583435,211.0505298,-1.474050892,0.6573877147
0.735,-1.63,-1.63,-2.77005535,-59.27,-2.662598066,215.6894041,-1.357732015,0.6890119204
0.736,-1.66,-1.66,-2.823968295,-60.4,-2.694393962,216.6130675,-1.334870212,0.7008645185
0.737,-1.68,-1.68,-2.859969101,-61.18,-2.716052075,210.5252678,-1.487382555,0.6803886233
0.738,-1.68,-1.68,-2.859969101,-61.17,-2.715775883,199.7415694,-1.768692536,0.6377498587
0.739,-1.66,-1.66,-2.823968295,-60.36,-2.693276965,188.4033537,-2.081342336,0.5914541281
0.74,-1.61,-1.61,-2.734172228,-58.86,-2.650936808,184.0269198,-2.20708399,0.5628160812
0.741,-1.56,-1.56,-2.644670371,-57.57,-2.613804938,185.0941962,-2.176145936,0.5521289133
0.742,-1.57,-1.57,-2.662547206,-57.85,-2.621922061,187.7404145,-2.100200702,0.5638454016
0.743,-1.62,-1.62,-2.752107905,-59.31,-2.663732168,188.02489,-2.092100199,0.5786805951
0.744,-1.65,-1.65,-2.805985545,-60.54,-2.698298571,188.1661595,-2.088082069,0.5862437102
0.745,-1.7,-1.7,-2.89601698,-62.12,-2.741844999,188.354894,-2.082718601,0.6002650644
0.746,-1.8,-1.8,-3.07696248,-65.4,-2.8293046,188.5098701,-2.078318496,0.6269761186
0.747,-1.96,-1.96,-3.368923107,-70.83,-2.966033276,188.7645498,-2.071095442,0.6688181493
0.748,-2.12,-2.12,-3.663896445,-76.2,-3.092483594,187.7094287,-2.10108377,0.7054681664
0.749,-2.18,-2.18,-3.775288161,-78.2,-3.137608123,188.3716216,-2.082243494,0.723255839
0.75,-2.14,-2.14,-3.700979943,-77.01,-3.110879752,190.0570583,-2.034587773,0.719269906
0.751,-2.05,-2.05,-3.534474905,-74.49,-3.053085713,191.9392563,-1.981865583,0.7019879037
0.752,-1.96,-1.96,-3.368923107,-71.88,-2.991403772,194.285555,-1.916862757,0.6863773773
0.753,-1.9,-1.9,-3.25908482,-70.05,-2.946971479,196.6260765,-1.852797435,0.6790086937
0.754,-1.87,-1.87,-3.20432455,-69.17,-2.925240275,199.4168308,-1.777397611,0.6813887499
0.755,-1.87,-1.87,-3.20432455,-69.01,-2.921263036,200.9395752,-1.736700264,0.687923958
0.756,-1.86,-1.86,-3.186094663,-68.68,-2.913034307,204.4721175,-1.643463783,0.6992419618
0.757,-1.82,-1.82,-3.113292801,-67.41,-2.88103863,209.9341519,-1.502425491,0.7102357212
0.758,-1.74,-1.74,-2.968253959,-65.2,-2.824081408,215.537105,-1.361511004,0.7091598194
0.759,-1.65,-1.65,-2.805985545,-62.37,-2.748648968,222.0627845,-1.201936129,0.7102708779
0.76,-1.55,-1.55,-2.626805305,-59.22,-2.661179545,224.8323448,-1.135623761,0.6918465596
0.761,-1.43,-1.43,-2.413342446,-55.7,-2.558759454,222.2764086,-1.196791911,0.6426066937
0.762,-1.31,-1.31,-2.201574236,-51.9,-2.442253977,216.3269342,-1.341941923,0.5817812541
0.763,-1.21,-1.21,-2.026395252,-48.79,-2.342009385,215.2272909,-1.369206653,0.5460192107
0.764,-1.17,-1.17,-1.956653174,-47.39,-2.295373599,219.8745064,-1.254918233,0.5511246022
0.765,-1.18,-1.18,-1.974071041,-47.76,-2.307792043,224.4122274,-1.14563002,0.5716275058
0.766,-1.2,-1.2,-2.00894208,-48.51,-2.332758659,230.2304552,-1.008690752,0.6012187626
0.767,-1.18,-1.18,-1.974071041,-47.83,-2.3101339,229.7060725,-1.020890038,0.5926318986
0.768,-1.1,-1.1,-1.83505762,-45.46,-2.229489695,224.472338,-1.144197172,0.5439324076
0.769,-1,-1,-1.66235,-42.15,-2.112040313,222.6207375,-1.188510627,0.5036583377
0.77,-0.9,-0.9,-1.49081922,-38.87,-1.989849635,226.2532759,-1.101918379,0.482189871
0.771,-0.84,-0.84,-1.388465635,-36.56,-1.900169232,231.0264851,-0.9902248423,0.4803724334
0.772,-0.82,-0.82,-1.354441921,-36.02,-1.878760009,238.3687637,-0.8228418336,0.5013477187
0.773,-0.83,-0.83,-1.371447894,-36.25,-1.887899623,243.7105596,-0.7042730567,0.5290727368
0.774,-0.78,-0.78,-1.286535713,-34.82,-1.830568699,239.6951476,-0.793154705,0.4903473097
0.775,-0.66,-0.66,-1.083946855,-30.31,-1.641641582,239.3782521,-0.8002324997,0.4438995701
0.776,-0.48,-0.48,-0.7832410368,-23.68,-1.34026699,243.7132416,-0.7042141802,0.383100147
0.777,-0.34,-0.34,-0.5519948552,-17.9,-1.05291414,248.2101006,-0.6063986728,0.3326647338
0.778,-0.27,-0.27,-0.4372367418,-14.81,-0.8893084186,251.0246534,-0.5460742787,0.3046133568
0.779,-0.24,-0.24,-0.3882312192,-13.46,-0.81556257,254.2747953,-0.4772497462,0.300299753
0.78,-0.22,-0.22,-0.3556197128,-12.43,-0.7583514979,254.3985685,-0.4746461645,0.2884188054
0.781,-0.2,-0.2,-0.32305528,-11.46,-0.703715802,253.9116886,-0.4848950549,0.2717923012
0.782,-0.19,-0.19,-0.3067907162,-11.39,-0.6997443954,254.4148446,-0.4743038882,0.2613101356
0.783,-0.22,-0.22,-0.3556197128,-12.27,-0.7493902264,256.1213111,-0.4385390182,0.2993610221
0.784,-0.29,-0.29,-0.4699659322,-14.52,-0.8735844314,257.4376594,-0.4111128447,0.3658184235
0.785,-0.42,-0.42,-0.6838530888,-18.94,-1.106386066,257.5374023,-0.4090404156,0.4512611446
0.786,-0.61,-0.61,-1.000034988,-25.41,-1.421728351,261.5028243,-0.3272917603,0.5717687188
0.787,-0.84,-0.84,-1.388465635,-32.91,-1.752084242,267.0227633,-0.2155365374,0.7056571316
0.788,-1.03,-1.03,-1.714038718,-39.27,-2.005070104,264.2230037,-0.2719279595,0.7527624839
0.789,-1.12,-1.12,-1.869740365,-42.24,-2.115310306,249.6594592,-0.575249588,0.6949261262
0.79,-1.09,-1.09,-1.8177339,-41.3,-2.080941573,234.7282256,-0.9051812436,0.6087271059
0.791,-0.97,-0.97,-1.610767198,-37.33,-1.93040343,227.7922002,-1.065652072,0.537629292
0.792,-0.94,-0.94,-1.559290311,-36.21,-1.886312353,222.0950532,-1.201158759,0.5050380245
0.793,-1.19,-1.19,-1.991500676,-44.48,-2.195311978,216.3481049,-1.341418375,0.5630908996
0.794,-1.65,-1.65,-2.805985545,-59.72,-2.675320221,214.5639206,-1.385721805,0.6909521071
0.795,-2.08,-2.08,-3.589870669,-73.99,-3.041417309,210.0495664,-1.499485054,0.7905632805
0.796,-2.28,-2.28,-3.961882493,-80.68,-3.192226724,203.4010765,-1.671561155,0.8145672861
0.797,-2.26,-2.26,-3.924469479,-80.08,-3.179142188,198.9183628,-1.790787364,0.7896428789
0.798,-2.2,-2.2,-3.81251288,-78.21,-3.137831261,198.6375737,-1.79834465,0.7723616314
0.799,-2.17,-2.17,-3.756693454,-77.44,-3.120578279,200.063381,-1.760079874,0.7697104234
0.8,-2.16,-2.16,-3.738110515,-77.09,-3.112687631,199.6891503,-1.770096747,0.7655694428
0.801,-2.14,-2.14,-3.700979943,-76.54,-3.100225814,178.434,-2.372202459,0.6762957427
0.802,-2.09,-2.09,-3.60835946,-75.11,-3.067460145,178.351,-2.374691633,0.663039108
0.803,-2,-2,-3.442384,-72.44,-3.004801754,178.428,-2.37238236,0.6401833984
0.804,-1.89,-1.89,-3.240819628,-69.05,-2.922258106,178.66,-2.365430571,0.6128990994
0.805,-1.8,-1.8,-3.07696248,-66.44,-2.856243126,178.978,-2.355916479,0.590343104
0.806,-1.78,-1.78,-3.040679233,-65.96,-2.843855968,179.499,-2.340365401,0.5865257319
0.807,-1.78,-1.78,-3.040679233,-65.76,-2.838671442,180.325,-2.315802794,0.5899106473
0.808,-1.65,-1.65,-2.805985545,-61.81,-2.733375636,181.616,-2.277637019,0.5599637714
0.809,-1.42,-1.42,-2.395630369,-54.84,-2.532947333,182.747,-2.244423606,0.5014537074
0.81,-1.28,-1.28,-2.148896973,-50.41,-2.394793978,184.347,-2.197786755,0.4679061944
0.811,-1.33,-1.33,-2.236751254,-52.24,-2.452940514,187.301,-2.112737284,0.489905629
0.812,-1.51,-1.51,-2.555462724,-58.28,-2.634325334,198.743,-1.795505908,0.5768758639
0.813,-1.61,-1.61,-2.734172228,-61.83,-2.733923134,204.139,-1.652186889,0.6233706436
0.814,-1.56,-1.56,-2.644670371,-60.38,-2.693835541,208.225,-1.5461601,0.6237436533
0.815,-1.45,-1.45,-2.448801905,-56.82,-2.591903448,212.646,-1.433758818,0.6082979006
0.816,-1.32,-1.32,-2.219156861,-52.84,-2.471671122,217.749,-1.306887784,0.587302439
0.817,-1.18,-1.18,-1.974071041,-48.59,-2.335405597,220.837,-1.231549889,0.5534330464
0.818,-1.05,-1.05,-1.748556705,-44.19,-2.185103088,224.736,-1.137916825,0.5261950727
0.819,-0.9,-0.9,-1.49081922,-39.51,-2.014159276,223.935,-1.157019261,0.4701151962
0.82,-0.77,-0.77,-1.269588582,-34.84,-1.831378897,227.452,-1.073648093,0.4370315959
0.821,-0.7,-0.7,-1.15128818,-32.38,-1.729911893,226.908,-1.086459086,0.408784279
0.822,-0.76,-0.76,-1.252653219,-34.55,-1.819607612,229.663,-1.021893317,0.4408420938
0.823,-0.91,-0.91,-1.50791934,-40.25,-2.041982054,227.539,-1.071602119,0.4843033805
0.824,-1.06,-1.06,-1.765833351,-45.75,-2.239509219,224.561,-1.142084447,0.5221896908
0.825,-1.13,-1.13,-1.88709939,-48.15,-2.320808953,222.48,-1.191893885,0.5372214721
0.826,-1.11,-1.11,-1.852393108,-47.71,-2.306117815,219.824,-1.256147298,0.5200042808
0.827,-1.08,-1.08,-1.800421949,-46.72,-2.272713638,217.406,-1.315321792,0.5017848859
0.828,-1.06,-1.06,-1.765833351,-46.09,-2.25120188,213.152,-1.421043393,0.4808593163
0.829,-1.05,-1.05,-1.748556705,-45.52,-2.231566214,217.715,-1.307723214,0.4940417393
0.83,-1.03,-1.03,-1.714038718,-44.95,-2.211764961,216.166,-1.345923482,0.4817843792
0.831,-1.01,-1.01,-1.679567804,-44.38,-2.191796604,214.88,-1.377846388,0.4705142246
0.832,-0.99,-0.99,-1.645143964,-43.8,-2.17130483,211.883,-1.452989798,0.4539211442
0.833,-0.97,-0.97,-1.610767198,-43.2,-2.149921015,214.035,-1.398926349,0.4538846088
0.834,-0.96,-0.96,-1.593596467,-42.78,-2.134839209,217.841,-1.30462786,0.4633265664
0.835,-0.96,-0.96,-1.593596467,-42.86,-2.137719152,219.468,-1.264818526,0.4683552743
0.836,-0.98,-0.98,-1.627949697,-43.42,-2.157783752,220.505,-1.239598977,0.4791775984
0.837,-0.99,-0.99,-1.645143964,-43.8,-2.17130483,217.631,-1.309787779,0.472594139
0.838,-0.98,-0.98,-1.627949697,-43.5,-2.160636602,216.221,-1.344562433,0.4644385898
0.839,-0.94,-0.94,-1.559290311,-42.01,-2.106945005,213.767,-1.405629451,0.4439166573
0.84,-0.84,-0.84,-1.388465635,-38.81,-1.987558792,215.108,-1.372172741,0.4132668404
0.841,-0.7,-0.7,-1.15128818,-33.94,-1.7946825,220.939,-1.229079406,0.3807469688
0.842,-0.53,-0.53,-0.8663879578,-28.05,-1.542162911,225.589,-1.117648995,0.3257327919
0.843,-0.39,-0.39,-0.6343179882,-22.35,-1.276241461,230.792,-0.9956576931,0.2792016481
0.844,-0.28,-0.28,-0.4535954528,-18.05,-1.060675352,230.689,-0.9980458738,0.2203287396
0.845,-0.23,-0.23,-0.3719195818,-15.71,-0.937700171,233.984,-0.9221708156,0.1999706348
0.846,-0.22,-0.22,-0.3556197128,-15.28,-0.9146562267,240.509,-0.775020275,0.2104661528
0.847,-0.25,-0.25,-0.404554625,-16.5,-0.9796738376,245.379,-0.6677718041,0.245564779
0.848,-0.31,-0.31,-0.5027421962,-18.98,-1.108426905,247.375,-0.6244290473,0.2901234782
0.849,-0.39,-0.39,-0.6343179882,-22.13,-1.265532011,248.233,-0.6059051147,0.3389469939
0.85,-0.49,-0.49,-0.7998468842,-26.1,-1.453653211,248.729,-0.5952258238,0.3903826778
0.851,-0.63,-0.63,-1.03356443,-31.44,-1.690160039,245.708,-0.6606034194,0.4396718121
0.852,-0.78,-0.78,-1.286535713,-37.02,-1.918272556,246.247,-0.648880188,0.5011527717
0.853,-0.84,-0.84,-1.388465635,-39.57,-2.016426534,248.666,-0.5965810847,0.531366853
0.854,-0.75,-0.75,-1.235729625,-36.5,-1.89779885,250.876,-0.5492434149,0.5049890812
0.855,-0.51,-0.51,-0.8330938842,-27.89,-1.534994891,257.361,-0.4127061966,0.4277318987
0.856,-0.24,-0.24,-0.3882312192,-17.11,-1.011764478,262.583,-0.3052383177,0.294783899
0.857,-0.07,-0.07,-0.1125338858,-9.22,-0.5746982424,265.592,-0.2442800211,0.1374076588
0.858,-0.01,-0.01,-0.0160409642,-6.43,-0.4083276759,267.367,-0.2086439398,0.02599951731
0.859,-0.02,-0.02,-0.0320936968,-6.87,-0.4349899143,263.398,-0.2886588082,0.04434982858
0.86,-0.08,-0.08,-0.1286572288,-8.67,-0.5424040379,261.486,-0.3276359736,0.1478750714
0.861,-0.18,-0.18,-0.2905379208,-12.23,-0.747146781,258.803,-0.3828136815,0.2571222007
0.862,-0.35,-0.35,-0.568435945,-17.92,-1.053949925,253.773,-0.4878180667,0.3686909757
0.863,-0.58,-0.58,-0.9498290888,-25.52,-1.426839268,242.423,-0.7326128404,0.439847258
0.864,-0.86,-0.86,-1.422536423,-34.68,-1.824890619,235.686,-0.8833957613,0.5252533238
0.865,-1.19,-1.19,-1.991500676,-45.49,-2.230528184,233.242,-0.939163463,0.6282947674
0.866,-1.52,-1.52,-2.573280717,-56.12,-2.571250485,228.279,-1.054231135,0.7097762411
0.867,-1.74,-1.74,-2.968253959,-63.33,-2.774561551,229.646,-1.022289347,0.7817673223
0.868,-1.82,-1.82,-3.113292801,-65.81,-2.83996886,229.523,-1.025155612,0.805483193
0.869,-1.81,-1.81,-3.095121756,-65.72,-2.837632888,223.871,-1.158548495,0.7745198376
0.87,-1.85,-1.85,-3.167876545,-67.09,-2.872893379,217.21,-1.320147201,0.7555082009
0.871,-2,-2,-3.442384,-72.01,-2.994522171,210.725,-1.482309241,0.7689331323
0.872,-2.21,-2.21,-3.831142892,-78.79,-3.150732189,208,-1.551944232,0.8146728692
0.873,-2.37,-2.37,-4.13082359,-84.05,-3.264287485,204.909,-1.632044975,0.8436566805
0.874,-2.42,-2.42,-4.225091649,-85.67,-3.298125237,199.55,-1.77382611,0.8330307923
0.875,-2.38,-2.38,-4.149653665,-84.64,-3.276668168,196.811,-1.847768214,0.8097775745
0.876,-2.34,-2.34,-4.074403975,-83.44,-3.251416159,196.78,-1.848610967,0.798898491
0.877,-2.35,-2.35,-4.093198745,-83.83,-3.259653779,194.556,-1.909420748,0.7918629773
0.878,-2.4,-2.4,-4.18734912,-85.33,-3.291063938,197.896,-1.818355183,0.8195352584
0.879,-2.43,-2.43,-4.243980566,-86.19,-3.308884612,198.017,-1.81508502,0.8282602885
0.88,-2.4,-2.4,-4.18734912,-85.36,-3.291687842,200.594,-1.745909097,0.8312195619
0.881,-2.32,-2.32,-4.036849741,-82.98,-3.241661084,201.011,-1.734798922,0.8111890252
0.882,-2.21,-2.21,-3.831142892,-79.77,-3.172350027,201.831,-1.713018641,0.7842075292
0.883,-2.09,-2.09,-3.60835946,-76.41,-3.097269057,204.061,-1.654231475,0.7594147229
0.884,-1.99,-1.99,-3.424001124,-73.23,-3.023548711,205.884,-1.606648925,0.7394935148
0.885,-1.9,-1.9,-3.25908482,-70.77,-2.964573561,203.683,-1.664150938,0.7040999785
0.886,-1.86,-1.86,-3.186094663,-69.56,-2.934900992,200.782,-1.740897337,0.6814012153
0.887,-1.87,-1.87,-3.20432455,-69.9,-2.943284345,199.332,-1.779673955,0.6784570911
0.888,-1.92,-1.92,-3.295650509,-71.41,-2.980088036,195.784,-1.875758701,0.6786973905
0.889,-1.96,-1.96,-3.368923107,-72.8,-3.013366796,197.036,-1.841655434,0.6939047749
0.89,-1.97,-1.97,-3.387270678,-73.21,-3.023076297,197.093,-1.840107971,0.6965129206
0.891,-1.96,-1.96,-3.368923107,-72.89,-3.015502249,194.639,-1.907138858,0.6843730904
0.892,-1.94,-1.94,-3.332263271,-72.29,-3.001221955,194.334,-1.915528902,0.6777368567
0.893,-1.92,-1.92,-3.295650509,-71.64,-2.98563368,194.457,-1.912143793,0.6728869425
0.894,-1.89,-1.89,-3.240819628,-70.9,-2.967734903,193.859,-1.928621623,0.6618839153
0.895,-1.86,-1.86,-3.186094663,-70.04,-2.946725886,192.753,-1.959231724,0.6494337939
0.896,-1.84,-1.84,-3.149670195,-69.2,-2.925985106,187.963,-2.093861486,0.627443516
0.897,-1.82,-1.82,-3.113292801,-68.7,-2.913534006,190.453,-2.023453828,0.6306057267
0.898,-1.83,-1.83,-3.131475614,-69.17,-2.925240275,186.427,-2.137760341,0.6185019224
0.899,-1.84,-1.84,-3.149670195,-69.22,-2.926481502,187.716,-2.100896483,0.6265035581
0.9,-1.7,-1.7,-2.89601698,-65.04,-2.819892826,189.912,-2.038672641,0.5960642086
0.901,-1.43,-1.431192661,-2.415455681,-57,-2.597181069,196.593,-1.853697489,0.5426918865
0.902,-1.2,-1.202003339,-2.012437599,-49.95,-2.379932558,204.058,-1.654310129,0.4988390029
0.903,-1.14,-1.142857143,-1.909435429,-47.81,-2.309465044,207.73,-1.558893455,0.4936035348
0.904,-1.2,-1.204013378,-2.015945284,-50.08,-2.384142643,209.545,-1.512351911,0.5173740796
0.905,-1.23,-1.235146444,-2.070335778,-51.04,-2.414986594,212.064,-1.448421538,0.5358832686
0.906,-1.17,-1.175879397,-1.966892404,-49.1,-2.352207112,214.544,-1.386218535,0.5261285336
0.907,-1.12,-1.126571668,-1.881146814,-47.68,-2.305112688,216.598,-1.335242368,0.5167481702
0.908,-1.13,-1.137583893,-1.900272135,-48.01,-2.316144783,216.975,-1.325938512,0.5217541667
0.909,-1.17,-1.17884131,-1.972052247,-49.19,-2.355159087,214.868,-1.378145168,0.5282323948
0.91,-1.19,-1.2,-2.00894208,-49.98,-2.380904825,208.367,-1.542512886,0.5120387957
0.911,-1.21,-1.221194281,-2.045946784,-50.55,-2.39929726,204.52,-1.642211088,0.5062334673
0.912,-1.24,-1.252525253,-2.10074674,-51.62,-2.433413615,204.183,-1.651033878,0.5143282522
0.913,-1.28,-1.294018534,-2.173499057,-53.17,-2.481903844,206.126,-1.600364125,0.5324243959
0.914,-1.33,-1.345699831,-2.264397896,-54.82,-2.532343258,206.752,-1.584140919,0.5500805538
0.915,-1.37,-1.387341772,-2.337867839,-56.42,-2.580126957,205.891,-1.60646703,0.5584176175
0.916,-1.42,-1.439189189,-2.429628784,-58.08,-2.628565725,203.613,-1.665989895,0.5657462609
0.917,-1.47,-1.49112426,-2.521862017,-59.83,-2.67841794,198.906,-1.791119879,0.5642332876
0.918,-1.52,-1.543147208,-2.614569543,-61.64,-2.728715816,192.975,-1.953073498,0.5584551904
0.919,-1.57,-1.595258256,-2.707753374,-63.42,-2.77697356,186.104,-2.147037692,0.5499080396
0.92,-1.63,-1.657627119,-2.819700137,-65.21,-2.824342898,180.123,-2.321799221,0.547925042
0.921,-1.68,-1.709923664,-2.913920806,-67.28,-2.877733715,179.175,-2.350031005,0.5573932573
0.922,-1.76,-1.79286927,-3.064020778,-69.91,-2.94353037,182.644,-2.247439827,0.5902597514
0.923,-1.84,-1.87595582,-3.215187534,-72.81,-3.013604183,179.35,-2.344808217,0.6000261447
0.924,-1.9,-1.93877551,-3.330020321,-74.81,-3.060517716,182.219,-2.259903415,0.6258941235
0.925,-1.92,-1.960851064,-3.370484144,-75.4,-3.074148306,178.942,-2.356992697,0.6205849088
0.926,-1.89,-1.931856899,-3.31735052,-74.49,-3.053085713,185.894,-2.153078048,0.6371967292
0.927,-1.78,-1.820971867,-3.115059412,-71.29,-2.977188417,189.357,-2.054330404,0.6191091643
0.928,-1.61,-1.648464164,-2.803224732,-66.42,-2.855728556,192.108,-1.977164189,0.580030404
0.929,-1.46,-1.496157131,-2.530816931,-61.66,-2.729264596,192.947,-1.95384982,0.5404132178
0.93,-1.36,-1.394871795,-2.351175039,-58.76,-2.648082413,193.921,-1.926910859,0.513918797
0.931,-1.34,-1.375534645,-2.317015494,-58.03,-2.627123284,198.093,-1.813032055,0.5218320796
0.932,-1.31,-1.345890411,-2.264733675,-57.24,-2.604196961,199.976,-1.762417086,0.5186475496
0.933,-1.24,-1.275064267,-2.140240423,-54.93,-2.535663524,204.065,-1.654126606,0.5108228233
0.934,-1.13,-1.162950257,-1.944381098,-51.64,-2.434046262,206.297,-1.595927661,0.4824798213
0.935,-1.03,-1.060944206,-1.767465231,-48.29,-2.325463557,207.856,-1.555649361,0.4554016511
0.936,-0.94,-0.9690721649,-1.609173542,-45.6,-2.234332051,209.483,-1.513935099,0.4293113264
0.937,-0.89,-0.9183147034,-1.522146543,-43.81,-2.171659624,210.724,-1.482334629,0.4165705904
0.938,-0.83,-0.8571428571,-1.417666286,-41.72,-2.096356842,212.647,-1.433733659,0.4015948842
0.939,-0.69,-0.7131782946,-1.173515512,-37.15,-1.92336646,215.693,-1.357642821,0.3576690619
0.94,-0.44,-0.4551724138,-0.7420636058,-28.26,-1.551545578,219.404,-1.266378889,0.2633369397
0.941,-0.15,-0.1553062985,-0.2504541639,-16.85,-0.9981203935,223.583,-1.165435461,0.1157604336
0.942,-4.440892099e-15,-4.601960724e-15,-7.37604422e-15,-9.78,-0.6073287432,228.404,-1.051302408,4.447067219e-15
0.943,-0.04,-0.04148660328,-0.06662537548,-11.93,-0.730280995,233.04,-0.9437988556,0.03979820643
0.944,-0.19,-0.1972318339,-0.3185518006,-18.86,-1.102300896,237.902,-0.833328249,0.1645727445
0.945,-0.28,-0.2909090909,-0.4714547412,-23.01,-1.308167003,241.586,-0.7511164404,0.2289411604
0.946,-0.24,-0.2495667244,-0.4038471278,-21.48,-1.233691807,245.655,-0.661757556,0.2130614174
0.947,-0.13,-0.1352992194,-0.2180305353,-17.12,-1.012288247,249.948,-0.5690699634,0.1378754882
0.948,-0.03,-0.03125,-0.05016708789,-12.29,-0.7505114797,254.643,-0.4695082395,0.04111989921
0.949,0.07,0.07298001738,0.1167106443,-7.44,-0.4692918355,260.819,-0.3413002194,-0.1439819742
0.95,0.18,0.187826087,0.2991047674,-1.54,-0.1010373766,266.425,-0.2275265954,-0.9103395165
0.951,0.29,0.3028720627,0.4802601113,2.19,0.1472958702,269.251,-0.1710773975,-20.19467069
0.952,0.4,0.4181184669,0.6601693686,4.89,0.334848915,272.81,-0.1008235935,2.820931361
0.953,0.51,0.5335658239,0.8388251917,7.61,0.5305942766,274.375,-0.07022051476,1.822052561
0.954,0.51,0.5340314136,0.8395425204,7.83,0.5467300784,274.703,-0.0638287081,1.738538286
0.955,0.28,0.2934497817,0.4654820246,1.78,0.1193938454,268.873,-0.1785935102,-7.862916553
0.956,-0.18,-0.1888111888,-0.3048579493,-14.68,-0.882267665,260.121,-0.3556370038,0.2462693267
0.957,-0.62,-0.6509186352,-1.068684304,-30.5,-1.649855876,253.734,-0.4886403214,0.4997363592
0.958,-0.79,-0.8301225919,-1.371656446,-36.64,-1.903326477,246.853,-0.6357303132,0.5402228306
0.959,-0.71,-0.7467134093,-1.230170102,-33.81,-1.789341574,236.498,-0.8649952891,0.4634566617
0.96,-0.61,-0.6421052632,-1.053881434,-30.32,-1.642074484,226.189,-1.103438467,0.3838559326
0.961,-0.65,-0.6848112379,-1.125695221,-31.85,-1.707566127,214.714,-1.38198099,0.3643560622
0.962,-0.81,-0.8541300527,-1.412531856,-37.24,-1.926887284,200.817,-1.739964814,0.3852164795
0.963,-0.98,-1.034300792,-1.721457478,-43.49,-2.16028018,198.698,-1.796717408,0.4350413261
0.964,-1.13,-1.193661972,-1.997886303,-48.78,-2.341679655,197.145,-1.838696641,0.4779202067
0.965,-1.21,-1.279295154,-2.147660601,-51.57,-2.431831192,194.351,-1.915060914,0.4940680719
0.966,-1.19,-1.259259259,-2.112540049,-50.89,-2.410195624,192.207,-1.974407856,0.4818086878
0.967,-1.08,-1.143865843,-1.911188613,-47.31,-2.292679647,191.76,-1.986864401,0.4465869709
0.968,-0.94,-0.9964664311,-1.656268784,-42.78,-2.134839209,190.226,-2.02983427,0.3976947515
0.969,-0.83,-0.8806366048,-1.457741038,-39.17,-2.00127342,192.766,-1.958870912,0.3681030072
0.97,-0.76,-0.807079646,-1.332487027,-36.69,-1.905297862,191.222,-2.001895405,0.3410343273
0.971,-0.71,-0.7546501329,-1.243597857,-34.93,-1.835021833,196.775,-1.848746908,0.3375884711
0.972,-0.66,-0.7021276596,-1.15487544,-33.4,-1.772429985,207.161,-1.573567921,0.3451512739
0.973,-0.62,-0.6601597161,-1.084215368,-31.92,-1.710527437,215.649,-1.358734298,0.3532495634
0.974,-0.59,-0.6287744227,-1.03150843,-30.66,-1.656755457,223.234,-1.173793023,0.3644199833
0.975,-0.55,-0.5866666667,-0.9609768021,-29.45,-1.604173865,226.787,-1.089312765,0.3567780108
0.976,-0.51,-0.5444839858,-0.8905288918,-27.87,-1.534097712,229.804,-1.01860973,0.3488566208
0.977,-0.45,-0.4808548531,-0.7846601328,-25.63,-1.431942035,231.255,-0.9849356201,0.324658607
0.978,-0.37,-0.3957219251,-0.6437576853,-22.43,-1.280127407,239.429,-0.7990984258,0.3096141242
0.979,-0.3,-0.3211418376,-0.5210220036,-19.5,-1.134852121,243.074,-0.7182652663,0.2811597405
0.98,-0.29,-0.3107142857,-0.5039136477,-19,-1.109446888,243.381,-0.7115125339,0.2767297511
0.981,-0.35,-0.3753351206,-0.6101423209,-21.31,-1.225315202,238.389,-0.8223876647,0.2979642851
0.982,-0.48,-0.5152057245,-0.8417553412,-25.88,-1.443508978,232.019,-0.9672898912,0.3491603352
0.983,-0.61,-0.6553267681,-1.076091599,-30.67,-1.657186144,224.285,-1.148663988,0.3835171333
0.984,-0.71,-0.7634408602,-1.258479113,-34.09,-1.800832412,216.08,-1.348052363,0.3996586737
0.985,-0.77,-0.8286995516,-1.369235689,-36.18,-1.885121286,211.303,-1.467654754,0.4083886526
0.986,-0.8,-0.8617594255,-1.425535927,-37.35,-1.931184161,206.5,-1.590665752,0.4047690736
0.987,-0.83,-0.8948787062,-1.482066303,-38.23,-1.965308913,205.343,-1.620725587,0.4132883559
0.988,-0.84,-0.9064748201,-1.501889897,-38.62,-1.980291037,204.511,-1.642446522,0.4145731985
0.989,-0.81,-0.8748874887,-1.447928409,-37.75,-1.946750432,200.981,-1.735597445,0.3932079361
0.99,-0.75,-0.8108108108,-1.338825186,-35.46,-1.856376878,206.613,-1.58773895,0.3887282697
0.991,-0.65,-0.703336339,-1.156913525,-32,-1.713908066,210.733,-1.482106136,0.3619863529
0.992,-0.55,-0.59566787,-0.9760365258,-28.6,-1.566675717,214.896,-1.377448041,0.3315202098
0.993,-0.51,-0.5528455285,-0.9044765893,-26.77,-1.484347965,218.209,-1.295597701,0.3253576501
0.994,-0.52,-0.5641952984,-0.9234220443,-27.19,-1.503437456,222.91,-1.18156361,0.3439186882
0.995,-0.58,-0.6298642534,-1.033336696,-29.47,-1.605050575,228.062,-1.059319217,0.3878353144
0.996,-0.67,-0.7282608696,-1.198979803,-32.46,-1.733269745,232.863,-0.947863865,0.4471913665
0.997,-0.75,-0.8159564823,-1.347568867,-35.15,-1.843906461,235.971,-0.876930257,0.4952773748
0.998,-0.81,-0.8820326679,-1.460124434,-37.47,-1.935863705,237.185,-0.8494766719,0.5242175951
0.999,-0.87,-0.9482288828,-1.573399678,-39.54,-2.015293156,235.363,-0.8907327911,0.5414265761
1,-0.93,-1.014545455,-1.687397969,-41.61,-2.092328755,231.647,-0.9758745208,0.5499628993
1.001,-0.99,-1.080982712,-1.802122693,-43.5,-2.160636602,225.459,-1.120732924,0.549198339
1.002,-1.02,-1.114754098,-1.860638697,-44.71,-2.203377687,218.786,-1.281469614,0.5339225903
1.003,-1.03,-1.126709207,-1.881385595,-44.94,-2.211416083,213.404,-1.414722065,0.5188400214
1.004,-1,-1.094890511,-1.826204614,-44.07,-2.180865926,206.718,-1.585020789,0.484933497
1.005,-1.01,-1.106849315,-1.846929972,-44.2,-2.185455846,202.511,-1.695023956,0.4759540228
1.006,-1.08,-1.18464351,-1.982163046,-46.96,-2.280856301,198.605,-1.799222046,0.485814947
1.007,-1.2,-1.31747484,-2.214715856,-51.05,-2.415305621,200.447,-1.74983114,0.5317270436
1.008,-1.31,-1.43956044,-2.430286974,-54.65,-2.52720162,200.31,-1.753488967,0.5677324544
1.009,-1.35,-1.48487626,-2.510749188,-56.26,-2.57539756,201.712,-1.716173943,0.5850419097
1.01,-1.35,-1.486238532,-2.513171763,-56.09,-2.570360749,202.124,-1.705257626,0.5877914121
1.011,-1.31,-1.443526171,-2.437318828,-54.85,-2.533249305,204.919,-1.63178389,0.5851859311
1.012,-1.21,-1.334558824,-2.244776132,-51.8,-2.43910083,206.261,-1.596861348,0.5561935503
1.013,-1.06,-1.170193192,-1.956989562,-46.9,-2.278823328,209.726,-1.507732703,0.5168257239
1.014,-0.86,-0.9502762431,-1.576911351,-40.68,-2.058010061,215.31,-1.36715111,0.4603904087
1.015,-0.67,-0.7410138249,-1.220531826,-34.02,-1.797964144,221.901,-1.205835308,0.4063293324
1.016,-0.58,-0.6420664207,-1.053816215,-30.86,-1.665357204,227.126,-1.081321585,0.3836692586
1.017,-0.65,-0.7202216066,-1.185403581,-33.27,-1.767046425,231.092,-0.9887078952,0.4301557552
1.018,-0.77,-0.853974122,-1.412266148,-37.78,-1.947914198,233.91,-0.9238630792,0.4917742609
1.019,-0.83,-0.9213691027,-1.527374938,-39.79,-2.024722628,234.963,-0.8998328643,0.5222588328
1.02,-0.73,-0.8111111111,-1.33933538,-36.52,-1.898589211,236.639,-0.861806572,0.485196865
1.021,-0.54,-0.6005560704,-0.9842188659,-29.7,-1.615114317,239.985,-0.7866891038,0.4097832725
1.022,-0.35,-0.3896103896,-0.6336753719,-22.57,-1.286917052,245.777,-0.6591012373,0.3256266272
1.023,-0.26,-0.2896935933,-0.469464155,-19,-1.109446888,248.661,-0.5966886598,0.2751622844
1.024,-0.33,-0.3680297398,-0.598108539,-21.37,-1.228273985,249.267,-0.5836662887,0.3300928555
1.025,-0.48,-0.5358139535,-0.8760752986,-26.75,-1.483436028,244.237,-0.6927289586,0.4025776097
1.026,-0.59,-0.6592178771,-1.082632002,-30.98,-1.670506155,238.298,-0.8244303049,0.433931693
1.027,-0.57,-0.6374650513,-1.046091444,-30,-1.628190126,233.44,-0.9346237547,0.4081808093
1.028,-0.61,-0.6828358209,-1.122368652,-31.59,-1.696540279,228.886,-1.040024221,0.4101378397
1.029,-0.89,-0.9971988796,-1.657529196,-41.36,-2.083149618,229.768,-1.019447901,0.5342391933
1.03,-1.22,-1.368224299,-2.304113054,-53,-2.476638538,229.739,-1.02012319,0.6589276687
1.031,-1.42,-1.594013096,-2.705523081,-60.05,-2.684599146,228.535,-1.048234821,0.7247906295
1.032,-1.39,-1.561797753,-2.647883317,-59.28,-2.662881651,225.847,-1.111533841,0.7015346672
1.033,-1.31,-1.473289597,-2.490153055,-56.83,-2.592197003,222.259,-1.197210937,0.6571351236
1.034,-1.38,-1.553470919,-2.633004792,-59.17,-2.659760031,215.434,-1.364070858,0.654352746
1.035,-1.52,-1.712676056,-2.9188886,-64.21,-2.798020152,208.844,-1.530279503,0.6743730409
1.036,-1.66,-1.872180451,-3.20830105,-69.07,-2.92275545,202.397,-1.698036492,0.6943184394
1.037,-1.75,-1.975540922,-3.39744199,-72.26,-3.000505213,199.202,-1.783164247,0.710216711
1.038,-1.78,-2.011299435,-3.463169773,-73.53,-3.030621398,196.688,-1.851112823,0.7094138304
1.039,-1.76,-1.990574929,-3.425057691,-72.98,-3.017635391,196.339,-1.860614208,0.7021079224
1.04,-1.71,-1.935849057,-3.324660525,-71.28,-2.976946588,188.927,-2.066493229,0.6592049565
1.041,-1.64,-1.858356941,-3.18310051,-69.17,-2.925240275,190.751,-2.015089276,0.6443093477
1.042,-1.57,-1.780718336,-3.041981597,-67.14,-2.874168314,198.534,-1.801134978,0.6506490395
1.043,-1.49,-1.691579943,-2.880834983,-64.78,-2.813067275,199.632,-1.771628115,0.6283590813
1.044,-1.41,-1.602272727,-2.720320902,-62.21,-2.744297111,202.147,-1.704648876,0.6114528947
1.045,-1.35,-1.535545024,-2.601002195,-60.62,-2.700526373,200.205,-1.756294106,0.5836003956
1.046,-1.35,-1.537001898,-2.603601699,-60.65,-2.701361162,196.407,-1.858761611,0.5709499125
1.047,-1.38,-1.572649573,-2.667285775,-61.57,-2.726793898,195.895,-1.872726371,0.5799052117
1.048,-1.38,-1.574144487,-2.669959686,-61.63,-2.72844137,189.918,-2.038503618,0.560098699
1.049,-1.34,-1.529971456,-2.591059567,-60.34,-2.692718233,190.599,-2.019354125,0.5498768632
1.05,-1.29,-1.474285714,-2.491923105,-58.68,-2.645796009,185.067,-2.176932077,0.5167040439
1.051,-1.25,-1.42993327,-2.413224214,-57.72,-2.618157391,183.983,-2.208360971,0.4999927551
1.052,-1.25,-1.43129771,-2.415641822,-57.63,-2.615547027,182.756,-2.244160134,0.4970755937
1.053,-1.27,-1.455587393,-2.458716613,-58.17,-2.631159558,182.732,-2.244862756,0.5042463826
1.054,-1.28,-1.468451243,-2.481557206,-58.72,-2.646939532,182.652,-2.247205497,0.5070461116
1.055,-1.28,-1.469856459,-2.484053439,-58.68,-2.645796009,182.89,-2.240238854,0.5083986316
1.056,-1.26,-1.448275862,-2.445743201,-58.11,-2.629430702,182.912,-2.239595337,0.5023064534
1.057,-1.23,-1.41514861,-2.387041789,-57.01,-2.597473875,182.885,-2.240385119,0.4934087148
1.058,-1.17,-1.347408829,-2.267409109,-55.29,-2.546493313,186.876,-2.124890628,0.485382734
1.059,-1.08,-1.244956772,-2.087498382,-52.53,-2.462013965,199.276,-1.781177186,0.4919642569
1.06,-0.93,-1.073076923,-1.788443646,-47.9,-2.312473353,204.663,-1.638471685,0.4526622438
1.061,-0.74,-0.85466795,-1.413448464,-41.45,-2.086458016,208.852,-1.530074569,0.3908297328
1.062,-0.53,-0.612716763,-1.004586803,-34.45,-1.815536867,215.046,-1.373714979,0.3149913682
1.063,-0.36,-0.4165863067,-0.6782111603,-28.21,-1.549314217,223.408,-1.169624584,0.2494396564
1.064,-0.21,-0.2432432432,-0.3935240073,-22.59,-1.287885884,232.939,-0.9461180588,0.1761518858
1.065,-0.05,-0.05797101449,-0.0931547322,-15.73,-0.9387685842,243.589,-0.7069422315,0.05660455732
1.066,0.17,0.1972920696,0.3140690365,-5.56,-0.3551354707,253.28,-0.4982215189,-0.3680394493
1.067,0.42,0.4878993224,0.7683433787,4,0.2722904524,261.464,-0.3280861123,-13.77066569
1.068,0.74,0.8604651163,1.336196068,12.45,0.8963037849,269.656,-0.1630361198,1.822248725
1.069,1.07,1.245392823,1.905733219,19.3,1.453539523,275.256,-0.05306953879,1.360781195
1.07,1.16,1.351456311,2.059599967,21.15,1.612301236,278.36,0.00692357563,1.271966655
1.071,0.81,0.944606414,1.462180327,14.85,1.086145675,278.047,0.0009044199523,1.345090105
1.072,0.12,0.140077821,0.2234613209,-3.99,-0.2575376895,279.214,0.02331208576,-0.9540430993
1.073,-0.55,-0.6426484907,-1.05479357,-32.26,-1.724867705,276.171,-0.03531467915,0.5992524298
1.074,-0.81,-0.9473684211,-1.571923945,-42.41,-2.121475107,272.066,-0.1154338993,0.7027214517
1.075,-0.54,-0.632195122,-1.037247357,-33.48,-1.775737829,266.101,-0.2340367008,0.5161013547
1.076,-0.1,-0.1171875,-0.1887191656,-16.62,-0.9860086693,261.824,-0.3207249639,0.1444205314
1.077,0.18,0.211143695,0.3359473301,-2.88,-0.1872729021,259.687,-0.3645706891,-0.608772731
1.078,0.22,0.2583170254,0.4102870264,-0.72,-0.04749702857,257.82,-0.4031730397,-0.9103933348
1.079,0.07,0.08227228208,0.131525977,-6.71,-0.4253131045,253.189,-0.5001440453,-0.1421200074
1.08,-0.11,-0.1294117647,-0.2084982508,-13.81,-0.8348162301,248.566,-0.5987329977,0.1454419888
1.081,-0.24,-0.2826300294,-0.4578997965,-18.55,-1.086426804,247.387,-0.6241695285,0.2676843086
1.082,-0.27,-0.3182711198,-0.5163107758,-19.64,-1.141933154,245.774,-0.6591665408,0.2866641848
1.083,-0.16,-0.1887905605,-0.3048244133,-14.93,-0.8957961546,245.551,-0.6640230007,0.1954229195
1.084,-0.09,-0.1062992126,-0.1711165243,-11.78,-0.7218216224,244.607,-0.6846302589,0.1216653954
1.085,-0.29,-0.3428571429,-0.5566911086,-18.86,-1.102300896,242.412,-0.7328556034,0.3033480299
1.086,-0.7,-0.8284023669,-1.368730173,-32.88,-1.750833812,237.666,-0.8386381104,0.52857502
1.087,-1.1,-1.303060217,-2.189379194,-46.16,-2.253601936,234.1,-0.9195191547,0.6899765662
1.088,-1.31,-1.553359684,-2.63280609,-53.14,-2.480975612,232.426,-0.9579133211,0.7655978838
1.089,-1.35,-1.602373887,-2.720502188,-54.56,-2.524474492,232.172,-0.9637631101,0.7799073627
1.09,-1.36,-1.615841584,-2.744648075,-55.03,-2.538677405,227.323,-1.076683221,0.7591630157
1.091,-1.37,-1.629335976,-2.768863232,-55.22,-2.544391893,225.307,-1.124341004,0.7547192205
1.092,-1.32,-1.571428571,-2.665102,-53.61,-2.495471811,223.694,-1.162780059,0.7285179081
1.093,-1.22,-1.453823237,-2.455585761,-50.73,-2.405073707,222.07,-1.201762294,0.6808143648
1.094,-1.18,-1.407554672,-2.373603545,-49.22,-2.356142214,219.686,-1.259506949,0.6564806035
1.095,-1.23,-1.468656716,-2.481922196,-51.04,-2.414986594,214.864,-1.378244765,0.6543028782
1.096,-1.36,-1.625498008,-2.761973968,-55.52,-2.553383175,209.691,-1.508625609,0.6799527315
1.097,-1.47,-1.758723829,-3.002132478,-59.2,-2.660611859,205.764,-1.609768095,0.7030129662
1.098,-1.47,-1.760479042,-3.005310441,-59.15,-2.659191947,201.357,-1.72559789,0.6853944095
1.099,-1.35,-1.618381618,-2.74920443,-55.3,-2.546793344,202.094,-1.706051752,0.6464388821
1.1,-1.12,-1.344,-2.261403175,-48.15,-2.320808953,203.403,-1.671510563,0.566438424
1.101,-0.87,-1.045045045,-1.740000565,-40.06,-2.034867387,208.081,-1.549861224,0.485392551
1.102,-0.71,-0.8537074148,-1.411811681,-34.7,-1.825702491,212.021,-1.449506462,0.4310600335
1.103,-0.69,-0.8304914744,-1.372283997,-33.98,-1.796323806,217.261,-1.318891191,0.4405102052
1.104,-0.74,-0.8915662651,-1.47640658,-35.5,-1.857981814,223.057,-1.178036667,0.4862969673
1.105,-0.73,-0.8804020101,-1.457340554,-35.17,-1.844712726,231.817,-0.9719497282,0.517399787
1.106,-0.65,-0.7847082495,-1.29451892,-32.34,-1.728231485,239.106,-0.8063206781,0.5107485805
1.107,-0.56,-0.6767371601,-1.112101508,-29.3,-1.597590361,240.358,-0.7783802478,0.4680619803
1.108,-0.55,-0.6653225806,-1.092896735,-28.79,-1.575098129,242.464,-0.7317080935,0.4737704991
1.109,-0.66,-0.7991927346,-1.31909486,-32.52,-1.735785544,242.543,-0.729965232,0.5349668235
1.11,-0.85,-1.03030303,-1.714561366,-39.16,-2.000893443,240.097,-0.7841928635,0.6156223462
1.111,-1.06,-1.286147624,-2.159683011,-46.33,-2.259420357,238.817,-0.812790968,0.7029734554
1.112,-1.23,-1.493927126,-2.526848747,-52.09,-2.448232362,235.786,-0.8811262734,0.7589596146
1.113,-1.32,-1.604863222,-2.724963644,-55.46,-2.551588005,231.822,-0.9718343367,0.7733854703
1.114,-1.38,-1.679513185,-2.859092254,-57.47,-2.610898169,228.08,-1.05889698,0.7790876981
1.115,-1.44,-1.754314721,-2.994151014,-59.34,-2.664582329,222.821,-1.1837001,0.778048667
1.116,-1.49,-1.817073171,-3.107973228,-60.94,-2.709412928,219.362,-1.267403126,0.7815230038
1.117,-1.53,-1.86775178,-3.200225045,-62.64,-2.755971177,217.471,-1.313722489,0.786355266
1.118,-1.62,-1.979633401,-3.404956758,-65.41,-2.829565395,212.074,-1.448169262,0.795971941
1.119,-1.7,-2.079510703,-3.58896632,-68.44,-2.907027918,206.034,-1.602752518,0.7958184154
1.12,-1.74,-2.130612245,-3.683567541,-69.65,-2.937123618,202.348,-1.699331876,0.7944792193
1.121,-1.7,-2.083758938,-3.59681911,-68.52,-2.909032101,194.103,-1.921892097,0.7445405811
1.122,-1.64,-2.012269939,-3.464955754,-66.56,-2.859327706,193.848,-1.928925203,0.7236367461
1.123,-1.61,-1.977482088,-3.401006188,-65.85,-2.841006176,195.331,-1.888151737,0.7191568247
1.124,-1.64,-2.016393443,-3.472545322,-66.65,-2.861637953,192.015,-1.979754765,0.7172616483
1.125,-1.65,-2.030769231,-3.499020508,-67.27,-2.877479259,191.372,-1.997700357,0.7177213527
1.126,-1.63,-2.008213552,-3.457491674,-66.49,-2.857528959,190.399,-2.024970952,0.7081396287
1.127,-1.55,-1.911613566,-3.280311992,-64.08,-2.794572188,189.041,-2.063265972,0.6752616871
1.128,-1.44,-1.777777778,-3.036650667,-60.75,-2.704141287,188.665,-2.073917646,0.6355406473
1.129,-1.36,-1.680741504,-2.861304742,-58.43,-2.638634404,192.28,-1.972376318,0.6205374298
1.13,-1.38,-1.707216495,-2.909035504,-58.87,-2.651222028,195.906,-1.872425963,0.6430729159
1.131,-1.43,-1.770897833,-3.024182011,-60.72,-2.703307654,200.443,-1.749937902,0.6790961721
1.132,-1.4,-1.73553719,-2.960185129,-59.98,-2.682634453,204.357,-1.646476674,0.6837858957
1.133,-1.25,-1.551189245,-2.628929283,-55.16,-2.542588998,203.663,-1.664676289,0.624854651
1.134,-1.01,-1.254658385,-2.104481931,-47.84,-2.310468255,202.159,-1.704331295,0.5241810719
1.135,-0.82,-1.019689119,-1.696261565,-41.69,-2.095258922,200.775,-1.741083861,0.442155892
1.136,-0.73,-0.9087136929,-1.50571908,-38.45,-1.973770984,201.238,-1.728760622,0.4066728499
1.137,-0.68,-0.8473520249,-1.400984628,-36.85,-1.91159652,202.736,-1.689083134,0.3890889394
1.138,-0.65,-0.8108108108,-1.338825186,-35.73,-1.867191837,205.585,-1.614424239,0.3845413041
1.139,-0.62,-0.7741935484,-1.27669401,-34.68,-1.824890619,210.042,-1.499677776,0.3840179713
1.14,-0.59,-0.7375,-1.214591682,-33.65,-1.782754074,213.884,-1.402702064,0.3812928601
1.141,-0.57,-0.7132429614,-1.173624633,-33.1,-1.759990826,213.685,-1.407682079,0.3705005752
1.142,-0.6,-0.751565762,-1.23837868,-33.96,-1.795503274,214.526,-1.386667412,0.3891616139
1.143,-0.68,-0.8526645768,-1.410034774,-37.14,-1.922974969,214.498,-1.387365742,0.4259485345
1.144,-0.78,-0.9790794979,-1.626367552,-40.95,-2.068022205,215.054,-1.373515956,0.4725699604
1.145,-0.81,-1.017801047,-1.693007666,-42.27,-2.116399338,216.339,-1.341643531,0.4895855053
1.146,-0.75,-0.9433962264,-1.565112567,-40.06,-2.034867387,217.598,-1.310599076,0.4678308942
1.147,-0.62,-0.7806925498,-1.287709822,-35.69,-1.865592339,217.068,-1.323645882,0.4037672111
1.148,-0.5,-0.6302521008,-1.03398737,-31.59,-1.696540279,218.832,-1.280344888,0.3473386819
1.149,-0.41,-0.5173501577,-0.8453242478,-28.19,-1.548421217,220.066,-1.250260826,0.3020436887
1.15,-0.29,-0.3663157895,-0.5952861456,-23.71,-1.341697053,221.595,-1.213218014,0.2329964519
1.151,-0.16,-0.2023182297,-0.3268274598,-18.47,-1.082318874,230.14,-1.010793124,0.156144277
1.152,-0.08,-0.1012658228,-0.162983968,-14.99,-0.8990359156,232.855,-0.9480476672,0.08823854506
1.153,-0.08,-0.1013727561,-0.1631567114,-14.75,-0.88606044,231.977,-0.9682584341,0.08798740802
1.154,-0.11,-0.1395348837,-0.2248909551,-16.3,-0.9690918569,233.275,-0.9384065774,0.1178983694
1.155,-0.17,-0.2158730159,-0.3488962133,-18.49,-1.083346295,235.939,-0.8776558191,0.177917306
1.156,-0.26,-0.3305084746,-0.536400639,-22.41,-1.27915634,239.049,-0.8075962059,0.2570504299
1.157,-0.39,-0.4962884411,-0.8102954007,-27.89,-1.534994891,241.025,-0.7635544136,0.3525246986
1.158,-0.5,-0.6369426752,-1.045214638,-32.15,-1.720236044,245.868,-0.6571207432,0.4396540911
1.159,-0.5,-0.6376195537,-1.046350782,-32.28,-1.725709021,249.165,-0.5858559555,0.4526590395
1.16,-0.38,-0.485106383,-0.7917191481,-27.94,-1.537236694,252.222,-0.5206163196,0.3847306599
1.161,-0.19,-0.2428115016,-0.3928193581,-20.38,-1.179126991,252.873,-0.5068254409,0.2329955168
1.162,-0.02,-0.02558635394,-0.04106644483,-12.98,-0.7890036076,253.545,-0.4926268852,0.03204234377
1.163,0.04,0.05122732124,0.08198900399,-10.46,-0.6466132496,253.504,-0.4934920875,-0.07191353405
1.164,-0.06,-0.07692307692,-0.1236949467,-14.5,-0.8724976531,254.219,-0.4784238219,0.09156338769
1.165,-0.22,-0.2823529412,-0.4574462716,-21.86,-1.25234219,255.578,-0.4499000478,0.268731595
1.166,-0.36,-0.4625267666,-0.7542534989,-27.79,-1.530506376,257.434,-0.4111888936,0.3884510152
1.167,-0.41,-0.5273311897,-0.8619424578,-29.86,-1.622095229,259.575,-0.3668785799,0.4333603862
1.168,-0.37,-0.4763948498,-0.7772572655,-28.54,-1.564011148,261.019,-0.3371993296,0.4088223134
1.169,-0.26,-0.3351235231,-0.5439816644,-24.36,-1.372529991,258.608,-0.3868462593,0.3091900691
1.17,-0.09,-0.1161290323,-0.1870073727,-17.36,-1.024836452,254.778,-0.4666726673,0.1253813136
1.171,0.08,0.1033369214,0.1650732348,-9.35,-0.5822956888,251.06,-0.5453210023,-0.1463912658
1.172,0.19,0.2456896552,0.390413424,-3.92,-0.2531376369,247.033,-0.6318306277,-0.4411609316
1.173,0.21,0.2718446602,0.4315566919,-2.46,-0.1604107785,244.551,-0.685855221,-0.5099539531
1.174,0.17,0.2203023758,0.3504008352,-4.18,-0.2694597005,242.057,-0.7406961477,-0.3468779949
1.175,0.07,0.09081081081,0.145130615,-8.26,-0.5181705062,240.765,-0.7693287142,-0.112722876
1.176,-0.11,-0.1428571429,-0.2302734286,-14.8,-0.8887672793,240.137,-0.7833016314,0.1377176665
1.177,-0.33,-0.429035753,-0.6987934078,-23.3,-1.322099131,241.755,-0.7473751892,0.3376671075
1.178,-0.52,-0.6767895879,-1.112189752,-30.25,-1.63904284,243.276,-0.7138211414,0.4726961529
1.179,-0.58,-0.7557003257,-1.245375183,-32.39,-1.73033184,242.85,-0.7231977252,0.5075851542
1.18,-0.49,-0.6391304348,-1.048886999,-29.1,-1.588789859,243.179,-0.7159547407,0.4550990159
1.181,-0.35,-0.4570184984,-0.745122906,-23.74,-1.343126497,243.541,-0.7079965702,0.3632755722
1.182,-0.31,-0.4052287582,-0.6594500208,-22.06,-1.262117344,244.019,-0.6975063708,0.3365186978
1.183,-0.42,-0.5496183206,-0.899092383,-26.06,-1.451811216,243.239,-0.7146348882,0.4150079623
1.184,-0.64,-0.8384279476,-1.385789577,-34.05,-1.799193764,244.553,-0.6858114675,0.5576606277
1.185,-0.86,-1.127868852,-1.883398939,-42.07,-2.10913,244.452,-0.6880214654,0.673327477
1.186,-1.01,-1.326039387,-2.229781389,-47.28,-2.291668598,242.58,-0.7291491503,0.7381383369
1.187,-1.09,-1.43263965,-2.418019777,-49.96,-2.380256694,237.814,-0.8353075812,0.7519737034
1.188,-1.11,-1.460526316,-2.467483686,-50.96,-2.412432712,234.065,-0.9203190863,0.7403742718
1.189,-1.13,-1.488474204,-2.517148008,-51.42,-2.427077018,234.996,-0.8990815222,0.7567733102
1.19,-1.14,-1.503296703,-2.543525383,-51.74,-2.437206744,232.597,-0.9539786768,0.7500401978
1.191,-1.13,-1.491749175,-2.522973757,-51.67,-2.434994889,225.671,-1.115704661,0.7105568132
1.192,-1.12,-1.480176211,-2.502392606,-51.33,-2.424219533,220.407,-1.241977229,0.6825581846
1.193,-1.11,-1.468577729,-2.481781887,-50.89,-2.410195624,219.156,-1.272429602,0.6739164957
1.194,-1.09,-1.443708609,-2.437642364,-50.39,-2.394149901,215.779,-1.355510122,0.650096902
1.195,-1.08,-1.432044199,-2.416964595,-49.91,-2.378635538,211.762,-1.456045895,0.6302908436
1.196,-1.06,-1.407079646,-2.372763164,-49.27,-2.357779802,207.544,-1.563685953,0.6050704791
1.197,-1.02,-1.355481728,-2.281638008,-47.9,-2.312473353,204.06,-1.654257693,0.5751935237
1.198,-0.93,-1.237250554,-2.074015844,-45.27,-2.22290193,201.114,-1.732058232,0.5244087828
1.199,-0.8,-1.065482797,-1.77531078,-40.95,-2.068022205,199.489,-1.775461789,0.461901437
1.2,-0.67,-0.8933333333,-1.479425678,-36.57,-1.900564092,199.192,-1.783432825,0.4015816818
1.201,-0.63,-0.8409343715,-1.390056326,-35.1,-1.841889758,199.721,-1.769243508,0.3849363132
1.202,-0.72,-0.9621380846,-1.597266726,-38.25,-1.96607933,200.2,-1.75642772,0.4290835999
1.203,-0.89,-1.190635452,-1.992608643,-44.74,-2.20442772,201.142,-1.731313433,0.5062854912
1.204,-1.05,-1.40625,-2.371295479,-50.57,-2.399939836,201.94,-1.710130122,0.5769477169
1.205,-1.11,-1.488268156,-2.516781518,-52.92,-2.474156267,200.224,-1.7557864,0.5949918749
1.206,-1.09,-1.463087248,-2.472030722,-52.3,-2.45482091,198.7,-1.796663558,0.5814511945
1.207,-1.05,-1.410974244,-2.379653985,-50.82,-2.407956254,197.641,-1.825253401,0.5621394117
1.208,-1.03,-1.385650224,-2.334879422,-50.28,-2.390604118,196.503,-1.856147272,0.5498036516
1.209,-1.06,-1.427609428,-2.409107175,-51.23,-2.42104016,195.787,-1.875676723,0.5606855747
1.21,-1.11,-1.496629213,-2.531657054,-53.14,-2.480975612,194.372,-1.914482868,0.5759710997
1.211,-1.15,-1.552305962,-2.630923877,-54.55,-2.52417126,198.05,-1.814193504,0.6064321513
1.212,-1.14,-1.540540541,-2.609916749,-54.39,-2.519313618,198.363,-1.805744991,0.6034407821
1.213,-1.09,-1.474633596,-2.492541301,-52.83,-2.471360276,198.864,-1.792249677,0.5846081908
1.214,-1.01,-1.367945824,-2.303621682,-50.37,-2.393505636,203.998,-1.655883442,0.5688812897
1.215,-0.93,-1.261016949,-2.115619181,-47.57,-2.301423432,208.499,-1.539124747,0.5508638566
1.216,-0.83,-1.126696833,-1.881364112,-44.43,-2.193554939,212.734,-1.431545268,0.5189826499
1.217,-0.71,-0.9648924122,-1.601995626,-40.67,-2.057638472,215.806,-1.354840729,0.469452129
1.218,-0.58,-0.7891156463,-1.301994371,-36.15,-1.88392969,217.217,-1.31997479,0.4063773996
1.219,-0.45,-0.6129398411,-1.004960599,-31.69,-1.700785973,212.137,-1.446580194,0.3193020911
1.22,-0.36,-0.4909090909,-0.8013570902,-28.46,-1.560454755,207.826,-1.556421586,0.2571026254
1.221,-0.32,-0.4368600683,-0.711738417,-26.97,-1.493452755,207.3,-1.569979404,0.2323336637
1.222,-0.33,-0.4510250569,-0.7351921386,-27.05,-1.497087256,209.396,-1.516157459,0.2439868673
1.223,-0.34,-0.4652223489,-0.7587230402,-27.49,-1.517001501,214.666,-1.383177133,0.2616125198
1.224,-0.32,-0.4383561644,-0.7142144673,-26.75,-1.483436028,218.065,-1.299129427,0.2566748129
1.225,-0.25,-0.3428571429,-0.5566911086,-24.18,-1.36402063,224.642,-1.14015503,0.2223051351
1.226,-0.13,-0.1784897025,-0.2880842881,-19.21,-1.120139165,232.374,-0.9591103951,0.1385520496
1.227,0,0,0,-13.44,-0.8144595062,238.799,-0.8131942209,-0
1.228,0.07,0.09633027523,0.1539203413,-10.57,-0.6529333971,242.807,-0.7241451017,-0.1117731062
1.229,0.02,0.02755453502,0.04413924141,-12.69,-0.7728709424,247.587,-0.6198460689,-0.03169290032
1.23,-0.1,-0.1379310345,-0.2222929845,-18.5,-1.083859896,252.327,-0.5183895785,0.1387380605
1.231,-0.21,-0.2899884925,-0.4699470871,-23.28,-1.321140165,259.691,-0.3644882828,0.2787963669
1.232,-0.21,-0.2903225806,-0.4704942081,-23.26,-1.320180922,266.672,-0.2225689607,0.3049711515
1.233,-0.1,-0.1384083045,-0.2230660514,-18.77,-1.097699508,269.89,-0.1583955514,0.1775869188
1.234,0.07,0.09699769053,0.1549829547,-11.41,-0.7008794776,272.204,-0.1127209075,-0.1904902672
1.235,0.2,0.2774566474,0.4403741677,-4.79,-0.307528872,272.73,-0.1023926811,-1.074288884
1.236,0.27,0.375,0.5930408438,-1.09,-0.07172820793,273.36,-0.09004855648,-3.665797409
1.237,0.27,0.3754345307,0.5937184296,-0.63,-0.04158482232,274.299,-0.07170263347,-5.240813517
1.238,0.21,0.2923433875,0.4637460493,-2.86,-0.1859971949,276.244,-0.03390070595,-2.108915308
1.239,0.07,0.09756097561,0.1558797383,-8.1,-0.5086763819,275.303,-0.05215610353,-0.2779434899
1.24,-0.15,-0.2093023256,-0.3381956723,-15.96,-0.9510336805,272.438,-0.108123759,0.3193063275
1.241,-0.4,-0.5587892899,-0.9143962446,-24.58,-1.382900269,264.816,-0.2599343964,0.5565966336
1.242,-0.64,-0.8951048951,-1.482452822,-32.65,-1.741228833,256.947,-0.4213193252,0.6855120504
1.243,-0.89,-1.246207701,-2.089687624,-41.25,-2.079100039,250.978,-0.5470686787,0.7957172018
1.244,-1.17,-1.640186916,-2.788350361,-50.63,-2.401866441,243.405,-0.710984992,0.8957543981
1.245,-1.4,-1.964912281,-3.377934478,-58.28,-2.634325334,233.88,-0.9245492845,0.9491580459
1.246,-1.52,-2.135831382,-3.693246712,-62.42,-2.750006971,224.907,-1.133847597,0.9509230193
1.247,-1.61,-2.264947245,-3.933719665,-65.4,-2.8293046,217.588,-1.310844948,0.9501395104
1.248,-1.73,-2.436619718,-4.25649097,-69.43,-2.931686059,209.694,-1.508549068,0.9586183722
1.249,-1.81,-2.552291422,-4.47592777,-72.31,-3.001699638,207.091,-1.575375999,0.9779012025
1.25,-1.76,-2.484705882,-4.347522341,-70.64,-2.961407104,205.061,-1.628077855,0.9472789169
1.251,-1.57,-2.219081272,-3.848071509,-65.17,-2.82329673,204.867,-1.633141672,0.8634858519
1.252,-1.41,-1.995283019,-3.433711366,-60.33,-2.692438809,204.912,-1.631966648,0.7940308557
1.253,-1.37,-1.940968123,-3.334036748,-58.94,-2.653217442,204.369,-1.646162527,0.7754692007
1.254,-1.37,-1.943262411,-3.338240031,-58.99,-2.654641539,204.598,-1.640171089,0.7772725658
1.255,-1.34,-1.90295858,-3.264490979,-58.16,-2.630871517,206.556,-1.589215101,0.7735601835
1.256,-1.29,-1.834123223,-3.138976219,-56.45,-2.58101252,209.867,-1.504137076,0.7683870922
1.257,-1.24,-1.765124555,-3.013723287,-54.88,-2.534154962,215.024,-1.374262332,0.7710853425
1.258,-1.19,-1.695961995,-2.888735112,-53.56,-2.493934332,219.219,-1.270891877,0.76729574
1.259,-1.15,-1.640903686,-2.789638092,-52.13,-2.449488871,219.409,-1.26625697,0.750761277
1.26,-1.09,-1.557142857,-2.639564866,-50.43,-2.395437867,218.636,-1.285138839,0.7171606725
1.261,-1.04,-1.487485101,-2.515388771,-48.61,-2.336066847,215.22,-1.369387888,0.6788340301
1.262,-0.98,-1.403341289,-2.366150463,-46.73,-2.27305349,210.158,-1.496723944,0.6276631722
1.263,-0.92,-1.318996416,-2.217391765,-44.77,-2.205477289,204.59,-1.640380284,0.5765662724
1.264,-0.86,-1.234449761,-2.069117403,-42.75,-2.133758352,202.584,-1.693095766,0.5406836369
1.265,-0.8,-1.149700599,-1.921332138,-40.78,-2.061722923,201.622,-1.718561542,0.5082506769
1.266,-0.74,-1.064748201,-1.774040771,-38.94,-1.992519718,197.721,-1.823088297,0.46494314
1.267,-0.69,-0.993997599,-1.652020835,-37.2,-1.925323051,198.719,-1.796152007,0.4439156005
1.268,-0.64,-0.9230769231,-1.530298793,-35.54,-1.859585803,199.708,-1.769591755,0.4216654513
1.269,-0.6,-0.8664259928,-1.433493347,-34.05,-1.799193764,201.182,-1.730249613,0.4061528105
1.27,-0.56,-0.8096385542,-1.336833688,-32.85,-1.749582831,203.155,-1.678037554,0.390018012
1.271,-0.54,-0.7816646562,-1.28935797,-31.96,-1.712218248,209.762,-1.506814441,0.4005420555
1.272,-0.52,-0.7536231884,-1.241860003,-31.17,-1.678640148,215.392,-1.365113971,0.4080027341
1.273,-0.49,-0.7110036276,-1.169846175,-30.19,-1.636441812,221.413,-1.217613872,0.4098890508
1.274,-0.46,-0.6682808717,-1.097872521,-28.92,-1.580847375,224.849,-1.135227456,0.4042129136
1.275,-0.42,-0.6109090909,-1.001558033,-27.45,-1.515196385,228.557,-1.047719826,0.3907884417
1.276,-0.37,-0.5388349515,-0.8811105243,-25.82,-1.440736739,233.454,-0.934302911,0.3709877114
1.277,-0.32,-0.4665856622,-0.7609838737,-23.79,-1.345507527,237.097,-0.8514619887,0.3463788952
1.278,-0.25,-0.3649635036,-0.5930595557,-20.99,-1.209491929,240.486,-0.7755319228,0.2987669671
1.279,-0.19,-0.2777101096,-0.4498484484,-18.58,-1.087966071,240.631,-0.7723071353,0.2418184849
1.28,-0.2,-0.2926829268,-0.4743600143,-18.74,-1.096164401,239.994,-0.78648847,0.2519636103
1.281,-0.27,-0.3956043956,-0.6435637532,-21.35,-1.227288007,236.298,-0.8695215544,0.3069252282
1.282,-0.37,-0.5427872861,-0.8876996701,-24.93,-1.399330515,230.042,-1.013071788,0.3679733139
1.283,-0.47,-0.6903304774,-1.134991961,-28.24,-1.550653229,229.731,-1.020309491,0.4414657404
1.284,-0.56,-0.8235294118,-1.360442685,-31.56,-1.695265355,228.167,-1.056856637,0.4943249932
1.285,-0.71,-1.045398773,-1.740611281,-36.52,-1.898589211,222.36,-1.194780316,0.5626910286
1.286,-0.91,-1.341523342,-2.257040468,-43.68,-2.167043207,214.835,-1.378966898,0.6365014201
1.287,-1.14,-1.682656827,-2.864755038,-51.64,-2.434046262,205.967,-1.604492563,0.7093543388
1.288,-1.34,-1.980295567,-3.406172836,-58.47,-2.639781953,197.862,-1.819274432,0.7638774983
1.289,-1.45,-2.145499383,-3.711185014,-62.4,-2.749463881,195.276,-1.889658366,0.7999756884
1.29,-1.47,-2.177777778,-3.771154987,-62.95,-2.764344966,193.465,-1.939506054,0.8017165022
1.291,-1.43,-2.121137206,-3.666003762,-61.73,-2.731184136,197.542,-1.827933931,0.8041037122
1.292,-1.38,-2.04950495,-3.533561672,-60.12,-2.686561925,201.965,-1.709467838,0.803807495
1.293,-1.33,-1.977695167,-3.401397453,-58.73,-2.647225312,205.732,-1.610600181,0.7988578813
1.294,-1.29,-1.920595533,-3.296740035,-57.38,-2.608278556,209.009,-1.526054332,0.7974055607
1.295,-1.25,-1.863354037,-3.192207723,-56.26,-2.57539756,208.892,-1.529050018,0.7777435727
1.296,-1.27,-1.895522388,-3.250904921,-56.84,-2.592490517,208.936,-1.527923239,0.7889753588
1.297,-1.33,-1.9875467,-3.419493051,-59.07,-2.656918019,208.362,-1.542641267,0.814250453
1.298,-1.34,-2.004987531,-3.451556915,-59.42,-2.666847679,205.721,-1.61088624,0.8068657332
1.299,-1.25,-1.872659176,-3.209174178,-56.69,-2.588083433,205.962,-1.604622439,0.76541839
1.3,-1.12,-1.68,-2.859969101,-52.6,-2.464198403,208.276,-1.544849899,0.7133785591
1.301,-1.04,-1.561952441,-2.648159792,-49.97,-2.380580783,209.927,-1.502607754,0.681954988
1.302,-1.03,-1.54887218,-2.624791186,-49.82,-2.375714473,209.529,-1.512760431,0.6750181629
1.303,-1.03,-1.550815558,-2.628261865,-49.68,-2.371162954,208.705,-1.53384148,0.6730496493
1.304,-0.97,-1.462311558,-2.470653372,-47.8,-2.309130542,210.925,-1.477233941,0.6525133497
1.305,-0.88,-1.328301887,-2.233762697,-45.02,-2.214205664,213.769,-1.405579397,0.617098159
1.306,-0.79,-1.19395466,-1.998396752,-41.9,-2.102934146,217.313,-1.317610857,0.5842334335
1.307,-0.68,-1.029003783,-1.712320578,-38.39,-1.971465875,222.121,-1.200533769,0.5398236983
1.308,-0.56,-0.8484848485,-1.40291416,-34.35,-1.811460118,227.684,-1.068193899,0.4871814988
1.309,-0.45,-0.6826801517,-1.122106528,-30.43,-1.646832218,232.096,-0.9655146846,0.4295396322
1.31,-0.38,-0.5772151899,-0.9451739978,-27.54,-1.519256417,235.856,-0.8795382045,0.3940203923
1.311,-0.32,-0.4866920152,-0.7943523925,-25.47,-1.424517135,237.602,-0.8400789817,0.3507700056
1.312,-0.27,-0.4111675127,-0.6692581493,-23.68,-1.34026699,240.524,-0.7746866181,0.3164410542
1.313,-0.26,-0.3964421855,-0.6449462017,-23.21,-1.317781603,240.683,-0.7711511332,0.3087443605
1.314,-0.26,-0.3969465649,-0.6457785248,-23.14,-1.314419647,242.174,-0.7381108113,0.3146255502
1.315,-0.24,-0.3668789809,-0.5962135251,-22.27,-1.272351038,242.339,-0.7344669461,0.2970939715
1.316,-0.22,-0.3367346939,-0.5466288848,-21.63,-1.241065966,242.226,-0.7369621738,0.2763504087
1.317,-0.26,-0.398467433,-0.6482884312,-23.16,-1.315380552,242.686,-0.7268118755,0.3174472799
1.318,-0.43,-0.6598465473,-1.083688875,-29.35,-1.599786467,242.136,-0.7389503563,0.4633650371
1.319,-0.68,-1.044814341,-1.739602258,-39.03,-1.995948625,239.541,-0.7965963901,0.6229451088
1.32,-0.91,-1.4,-2.36024152,-47.52,-2.299744527,235.863,-0.8793794235,0.7424188415
1.321,-1.05,-1.61745828,-2.747548042,-52.73,-2.468249347,231.495,-0.9793861869,0.7969369195
1.322,-1.11,-1.712082262,-2.917816785,-54.87,-2.533853119,227.8,-1.065468885,0.8106573353
1.323,-1.11,-1.714285714,-2.921794286,-55,-2.537773694,226.502,-1.096040262,0.8040572029
1.324,-1.09,-1.68556701,-2.869998319,-54.25,-2.515054007,224.976,-1.132206504,0.7868915067
1.325,-1.06,-1.641290323,-2.790332738,-53.32,-2.486538973,223.854,-1.158954771,0.7654197028
1.326,-1.04,-1.612403101,-2.738481278,-52.73,-2.468249347,221.77,-1.208994631,0.7447102487
1.327,-1.05,-1.630012937,-2.770078575,-53.19,-2.482522441,219.111,-1.273528247,0.7374976552
1.328,-1.09,-1.694300518,-2.885739472,-54.55,-2.52417126,216.427,-1.33946776,0.7468967618
1.329,-1.12,-1.743190661,-2.974024162,-55.58,-2.555176805,214.948,-1.376153618,0.756493055
1.33,-1.12,-1.745454545,-2.978119045,-55.67,-2.557864367,212.125,-1.446882837,0.7436472
1.331,-1.1,-1.716514954,-2.925818918,-55.21,-2.544091518,208.561,-1.537534089,0.7168268726
1.332,-1.08,-1.6875,-2.873481539,-54.5,-2.522654446,205.58,-1.614554357,0.6945459308
1.333,-1.05,-1.642764016,-2.792980594,-53.67,-2.497315323,202.492,-1.695525927,0.6661307756
1.334,-1.02,-1.597911227,-2.712505909,-52.71,-2.467626621,196.714,-1.850405658,0.628181017
1.335,-0.99,-1.552941176,-2.632058515,-51.74,-2.437206744,191.428,-1.996135049,0.5936962765
1.336,-0.96,-1.507853403,-2.551639454,-50.8,-2.407316014,187.612,-2.103861356,0.5656260537
1.337,-0.93,-1.462647444,-2.471249778,-49.89,-2.377986745,187.126,-2.117738259,0.5496888213
1.338,-0.9,-1.417322835,-2.39089055,-48.97,-2.34793628,184.1,-2.204959836,0.5251361966
1.339,-0.88,-1.387647832,-2.338408584,-48.05,-2.317478381,179.313,-2.345912039,0.5014395908
1.34,-0.85,-1.342105263,-2.258065475,-47.14,-2.286944474,179.333,-2.34531535,0.4874652029
1.341,-0.82,-1.296442688,-2.177755716,-46.28,-2.257710568,180.668,-2.305636112,0.4772277604
1.342,-0.79,-1.250659631,-2.097480409,-45.34,-2.225331147,183.037,-2.235940456,0.4701530404
1.343,-0.75,-1.188903567,-1.989589059,-44.12,-2.182632322,190.513,-2.021768638,0.4732158226
1.344,-0.7,-1.111111111,-1.85432,-42.47,-2.123647225,200.95,-1.736422711,0.4803850787
1.345,-0.62,-0.9854304636,-1.637285521,-39.66,-2.019823652,207.958,-1.553024629,0.4582577797
1.346,-0.48,-0.7639257294,-1.259300181,-34.81,-1.830163511,216.872,-1.328478808,0.3986840085
1.347,-0.28,-0.4462151394,-0.7272254558,-27.83,-1.532302568,223.79,-1.160484558,0.2700642204
1.348,-0.08,-0.1276595745,-0.2056620951,-20.02,-1.161081853,231.506,-0.9791319758,0.096094181
1.349,0.06,0.09587217044,0.1531909476,-13.68,-0.8276758944,237.615,-0.8397862733,-0.09187071862
1.35,0.14,0.224,0.3562333358,-9.81,-0.6090696898,241.22,-0.7592277744,-0.260347874
1.351,0.2,0.3204272363,0.5077661161,-7.17,-0.4530769328,249.725,-0.5738452868,-0.4944543086
1.352,0.26,0.4171122995,0.6586054208,-4.05,-0.2613058477,254.83,-0.4655808477,-0.9060633864
1.353,0.34,0.546184739,0.8582579842,0.27,0.0179292053,258.925,-0.3802922803,-2.368502873
1.354,0.4,0.6434316354,1.007386936,1.8,0.1207514154,261.361,-0.3301940834,-4.809845794
1.355,0.37,0.5959731544,0.9347479838,1.05,0.07008766376,260,-0.3581262323,-3.245218127
1.356,0.23,0.3709677419,0.5867520786,-3.99,-0.2575376895,259.203,-0.3745512273,-0.9282745876
1.357,0.03,0.04845222073,0.07755538503,-11.63,-0.7133445598,254.838,-0.4654128953,-0.06579418412
1.358,-0.13,-0.2102425876,-0.339726602,-17.88,-1.051878061,250.539,-0.5564348641,0.2112316557
1.359,-0.24,-0.3886639676,-0.6321144351,-21.72,-1.24548284,246.562,-0.6420408234,0.3348908664
1.36,-0.32,-0.5189189189,-0.8479354259,-24.87,-1.396519814,241.621,-0.7503414102,0.3949651782
1.361,-0.43,-0.698240866,-1.148322661,-28.68,-1.570224845,237.472,-0.8430069467,0.4758443285
1.362,-0.54,-0.8780487805,-1.453323641,-32.94,-1.75333412,233.942,-0.9231312238,0.5430011056
1.363,-0.65,-1.05834464,-1.762972632,-36.88,-1.912775862,228.685,-1.044724476,0.5961022589
1.364,-0.75,-1.222826087,-2.04879807,-40.41,-2.04795787,223.019,-1.178948171,0.6349109779
1.365,-0.85,-1.387755102,-2.338598111,-44.15,-2.183691534,217.564,-1.311435087,0.6691025432
1.366,-0.98,-1.602179837,-2.720154436,-48.77,-2.341349877,212.754,-1.431042316,0.721068833
1.367,-1.12,-1.833560709,-3.137952826,-53.56,-2.493934332,211.972,-1.450743039,0.7954903611
1.368,-1.21,-1.983606557,-3.412254305,-57.07,-2.599229838,209.523,-1.512913634,0.829799429
1.369,-1.25,-2.051983584,-3.538134374,-58.51,-2.640928857,206.531,-1.589862664,0.8362819003
1.37,-1.24,-2.038356164,-3.513002798,-58.13,-2.63000715,202.819,-1.686893295,0.81377897
1.371,-1.21,-1.991769547,-3.427253204,-57.05,-2.598644683,201.335,-1.726182456,0.7924601595
1.372,-1.17,-1.928571429,-3.311335929,-55.8,-2.561740305,201.734,-1.715590469,0.7741594239
1.373,-1.11,-1.83218707,-3.135453891,-54.22,-2.514140117,203.749,-1.662417642,0.7507268118
1.374,-1.07,-1.768595041,-3.020009862,-52.83,-2.471360276,202.413,-1.697613578,0.7244012478
1.375,-1.06,-1.754482759,-2.994455157,-52.46,-2.459827311,201.949,-1.70989169,0.7181431546
1.376,-1.08,-1.790055249,-3.058915202,-53.39,-2.4886986,202.276,-1.701235866,0.7300627797
1.377,-1.12,-1.858921162,-3.184128657,-54.54,-2.523867984,202.931,-1.683939752,0.7567191412
1.378,-1.1,-1.828254848,-3.128301588,-54.2,-2.513530638,203.041,-1.681040538,0.7457977127
1.379,-1.05,-1.747572816,-2.981951091,-52.55,-2.462638316,202.539,-1.694284294,0.7173458278
1.38,-1.01,-1.683333333,-2.865973812,-51.18,-2.419448739,204.106,-1.653051811,0.703738103
1.381,-0.99,-1.652294854,-2.810111283,-50.58,-2.400261054,207.155,-1.573722875,0.7071269873
1.382,-0.95,-1.587743733,-2.69429635,-49.31,-2.35908901,210.559,-1.486525399,0.7006153147
1.383,-0.83,-1.389121339,-2.341012121,-45.59,-2.2339865,215.451,-1.363648704,0.6507085875
1.384,-0.67,-1.122905028,-1.874781997,-40.15,-2.038239983,221.008,-1.227408843,0.5740917339
1.385,-0.55,-0.9230769231,-1.530298793,-36.13,-1.883135,226.789,-1.089265585,0.5148359883
1.386,-0.53,-0.8907563025,-1.475022853,-35.35,-1.851958417,231.828,-0.9716958702,0.522380824
1.387,-0.56,-0.9424964937,-1.563569995,-36.55,-1.899774315,234.461,-0.9112754025,0.556222818
1.388,-0.56,-0.9438202247,-1.565839535,-36.61,-1.902142947,236.614,-0.8623718088,0.5664066476
1.389,-0.49,-0.8270042194,-1.366352043,-34.41,-1.813906888,237.496,-0.8424662787,0.5143675067
1.39,-0.39,-0.6591549296,-1.082526182,-30.65,-1.656324707,238.033,-0.8303830988,0.4353250429
1.391,-0.27,-0.4569816643,-0.7450618613,-26.18,-1.457333993,238.01,-0.8309000689,0.3256056161
1.392,-0.14,-0.2372881356,-0.3838065613,-21.21,-1.220378231,238.681,-0.8158385201,0.1884900324
1.393,-0.01,-0.01697312588,-0.02723349476,-15.8,-0.9425056566,240.305,-0.7795600765,0.01581443393
1.394,0.09,0.1529745042,0.243918868,-10.99,-0.6769763532,242.655,-0.7274953125,-0.173673043
1.395,0.16,0.2723404255,0.4323357807,-7.66,-0.4824596762,245.227,-0.671086888,-0.3747883216
1.396,0.18,0.3068181818,0.4864461764,-6.53,-0.4144013617,248.003,-0.6108644489,-0.4744585954
1.397,0.15,0.2560455192,0.4067133976,-7.6,-0.4788723866,250.807,-0.5507150613,-0.3950255983
1.398,0.09,0.1538461538,0.2453008284,-10.23,-0.6333672186,253.381,-0.4960885345,-0.2171849829
1.399,-0.02,-0.03423680456,-0.05496796218,-14.26,-0.8594324604,251.903,-0.5273870619,0.03963598817
1.4,-0.15,-0.2571428571,-0.4162214057,-19.25,-1.12217216,249.786,-0.5725386089,0.2456002601
1.401,-0.29,-0.4978540773,-0.8128974963,-24.6,-1.383841386,244.443,-0.6882184402,0.392313719
1.402,-0.43,-0.7392550143,-1.217558363,-29.94,-1.625579557,239.205,-0.8041060102,0.5011176672
1.403,-0.56,-0.9641319943,-1.600689977,-34.79,-1.829352954,236.489,-0.8651988888,0.5940468285
1.404,-0.68,-1.172413793,-1.960856409,-39.04,-1.996329333,233.37,-0.9362282619,0.6686506046
1.405,-0.79,-1.364028777,-2.296710981,-43.13,-2.147413873,229.455,-1.026740873,0.7235661664
1.406,-0.91,-1.573487032,-2.668783682,-47.45,-2.297391987,224.483,-1.143943063,0.7755082383
1.407,-1.03,-1.783549784,-3.04711568,-51.83,-2.440047255,219.52,-1.263551065,0.8227446438
1.408,-1.13,-1.959537572,-3.368074949,-55.64,-2.556968897,213.736,-1.406405352,0.8497998769
1.409,-1.21,-2.10130246,-3.62927051,-58.47,-2.639781953,207.061,-1.576151076,0.8608463382
1.41,-1.27,-2.208695652,-3.828712223,-60.48,-2.696626096,199.24,-1.782143772,0.8548579935
1.411,-1.31,-2.281567489,-3.964816707,-61.94,-2.736931691,193.386,-1.941691133,0.8474324295
1.412,-1.33,-2.319767442,-4.036413341,-62.9,-2.762996745,189.328,-2.055149819,0.8377522947
1.413,-1.34,-2.340611354,-4.075552663,-63.24,-2.772146596,188.973,-2.065190768,0.8425198319
1.414,-1.34,-2.344023324,-4.081964304,-63.18,-2.770534986,189.972,-2.036982651,0.8490794235
1.415,-1.32,-2.312408759,-4.022607903,-62.71,-2.757865126,194.935,-1.899008951,0.8638000163
1.416,-1.28,-2.245614035,-3.897587472,-61.42,-2.72266926,199.806,-1.766967066,0.8681298861
1.417,-1.2,-2.108345534,-3.642308735,-59.05,-2.656349138,202.636,-1.691722685,0.8376836637
1.418,-1.1,-1.935483871,-3.323991759,-55.75,-2.560250412,204.396,-1.645455764,0.7903528254
1.419,-0.98,-1.726872247,-2.94452547,-52.01,-2.445717156,204.135,-1.652291721,0.7185258887
1.42,-0.85,-1.5,-2.5376565,-48.04,-2.317145055,203.777,-1.661682474,0.6377900226
1.421,-0.72,-1.272459499,-2.135673198,-43.9,-2.17485042,204.796,-1.634996123,0.5605667247
1.422,-0.62,-1.097345133,-1.830457255,-40.36,-2.046091946,201.807,-1.713654854,0.4868565231
1.423,-0.56,-0.9926144756,-1.649641304,-38.29,-1.96761948,205.33,-1.621064299,0.459678647
1.424,-0.53,-0.9408284024,-1.560710342,-37.43,-1.934304779,208.377,-1.542256134,0.4489236291
1.425,-0.48,-0.8533333333,-1.411174263,-35.75,-1.867991233,211.12,-1.472290155,0.4224716722
1.426,-0.35,-0.6231454006,-1.022067583,-31,-1.671363433,215.44,-1.363921859,0.3367286712
1.427,-0.13,-0.2317979198,-0.3748514156,-22.68,-1.292242177,218.807,-1.280956123,0.1456752928
1.428,0.1,0.1785714286,0.284464375,-13.08,-0.794551446,224.126,-1.152458052,-0.1461032292
1.429,0.24,0.4292101341,0.6774019317,-6.21,-0.3949363368,231.081,-0.9889625618,-0.48948802
1.43,0.28,0.5014925373,0.7893488406,-4.14,-0.2669523509,238.322,-0.8238915108,-0.7236130378
1.431,0.27,0.4843049327,0.7627853684,-4.86,-0.3118773546,244.159,-0.6944378178,-0.7579984773
1.432,0.26,0.4670658683,0.7361074431,-5.24,-0.3354114036,249.333,-0.5822499229,-0.8021558955
1.433,0.27,0.4857571214,0.7650310731,-4.61,-0.2963280737,254.032,-0.4823606564,-0.9824606977
1.434,0.3,0.5405405405,0.8495683857,-2.82,-0.1834447491,258.936,-0.3800649992,-1.507637424
1.435,0.38,0.6857142857,1.071880594,0.74,0.04929329924,262.959,-0.2975829815,-4.31705653
1.436,0.53,0.9578313253,1.481906138,4.4,0.300316544,268.116,-0.1936774419,13.89646114
1.437,0.69,1.248868778,1.910796785,8.72,0.612475389,270.535,-0.1456250406,4.092953538
1.438,0.78,1.413897281,2.149564234,11.04,0.7874242588,271.568,-0.1252357172,3.246151359
1.439,0.75,1.361573374,2.07420767,10.36,0.7356080126,270.292,-0.1504326781,3.544591762
1.44,0.68,1.236363636,1.892573392,8.61,0.6043087435,269.263,-0.1708389636,4.366102275
1.441,0.67,1.220030349,1.868743635,8.3,0.5813556798,269.064,-0.1747943663,4.596462016
1.442,0.73,1.331306991,2.030471126,9.89,0.7000555195,268.553,-0.1849646207,3.941966614
1.443,0.8,1.461187215,2.217393712,11.68,0.836603557,268.286,-0.1902863284,3.430813251
1.444,0.81,1.481707317,2.246744481,12.16,0.8737509405,267.725,-0.2014851698,3.34204801
1.445,0.74,1.355725191,2.065765135,10.43,0.7409213337,267.734,-0.2013053241,3.828213208
1.446,0.57,1.04587156,1.612699249,6.11,0.4217921938,268.719,-0.1816586601,6.715843572
1.447,0.3,0.5513016845,0.8661326038,-0.82,-0.05405781652,265.028,-0.2556531361,-2.796583707
1.448,-0.01,-0.01840490798,-0.02953234935,-13.11,-0.7962142848,259.932,-0.3595256461,0.0255527637
1.449,-0.3,-0.5529953917,-0.9047266478,-23.98,-1.354539769,252.766,-0.5090897046,0.4854648742
1.45,-0.55,-1.015384615,-1.688843804,-33.17,-1.76289821,243.757,-0.7032536816,0.6848093215
1.451,-0.78,-1.442218798,-2.43500045,-41.47,-2.087192618,237.879,-0.8338455037,0.8336078986
1.452,-1,-1.851851852,-3.171249383,-49.71,-2.372139063,230.266,-1.007864839,0.938238379
1.453,-1.21,-2.244204019,-3.894953987,-57.3,-2.605947207,217.628,-1.309861528,0.9946742168
1.454,-1.37,-2.544891641,-4.461842757,-62.83,-2.761107694,205.87,-1.607012735,1.021455985
1.455,-1.45,-2.697674419,-4.753962064,-65.9,-2.84230205,197.615,-1.825957249,1.018358613
1.456,-1.48,-2.757763975,-4.869605431,-66.81,-2.865738335,186.169,-2.145169439,0.9718010489
1.457,-1.47,-2.743390358,-4.841904496,-66.43,-2.855985858,184.619,-2.189898763,0.9595749525
1.458,-1.43,-2.672897196,-4.706401611,-65.25,-2.82538851,190.433,-2.024015676,0.9705113105
1.459,-1.36,-2.546021841,-4.463993604,-63.1,-2.76838413,194.472,-1.911731121,0.9538212979
1.46,-1.27,-2.38125,-4.152008252,-60.38,-2.693835541,197.469,-1.829911345,0.9178250589
1.461,-1.18,-2.215962441,-3.842256528,-57.54,-2.612933339,196.894,-1.845512464,0.8617928079
1.462,-1.08,-2.031347962,-3.500086839,-54.74,-2.529925227,196.835,-1.847115852,0.7996467881
1.463,-0.99,-1.864992151,-3.195193826,-51.72,-2.436575014,197.724,-1.823007122,0.7501190783
1.464,-0.86,-1.622641509,-2.756847596,-47.82,-2.309799497,199.099,-1.78593125,0.6731027419
1.465,-0.69,-1.303937008,-2.190919635,-42.3,-2.117487887,200.045,-1.760571433,0.5649525845
1.466,-0.49,-0.927444795,-1.537778321,-35.59,-1.861589459,204.361,-1.646371956,0.4383680831
1.467,-0.33,-0.6255924171,-1.026171196,-29.64,-1.612492258,210.383,-1.490999175,0.3306505651
1.468,-0.24,-0.4556962025,-0.7429315789,-26.3,-1.462847148,218.032,-1.299939109,0.2689066434
1.469,-0.22,-0.4183835182,-0.6811813028,-25.69,-1.434721931,226.043,-1.106892889,0.2680112256
1.47,-0.24,-0.4571428571,-0.7453290057,-26.57,-1.475216641,235.183,-0.8948259087,0.3144791665
1.471,-0.25,-0.4769475358,-0.7781745057,-27,-1.494816189,242.94,-0.7212153871,0.3511567768
1.472,-0.22,-0.4203821656,-0.6844847924,-25.67,-1.433795568,250.34,-0.5606859909,0.3431893313
1.473,-0.12,-0.2296650718,-0.3713734627,-21.78,-1.248424252,255.878,-0.4436238474,0.2194816228
1.474,0.03,0.05750798722,0.09201991716,-15.74,-0.9393026778,260.37,-0.3505181829,-0.07134317637
1.475,0.16,0.3072,0.4870446298,-9.41,-0.5857976064,261.6,-0.3253040435,-0.5345667301
1.476,0.26,0.5,0.7870435,-4.45,-0.2863488262,262.38,-0.3093759429,-1.32115289
1.477,0.33,0.6356340289,0.9954702807,-0.3,-0.0198458683,261.645,-0.3243838245,-2.891878015
1.478,0.41,0.7909967846,1.23155365,1.87,0.1255057383,260.969,-0.3382242574,-5.789593002
1.479,0.49,0.9468599034,1.465543007,3.94,0.2680991864,259.532,-0.3677649097,-14.70458406
1.48,0.54,1.04516129,1.611647718,5.21,0.3575202108,257.967,-0.400123525,-37.82916301
1.481,0.55,1.066235864,1.642822686,5.36,0.3681799878,255.875,-0.4436865729,-21.75734319
1.482,0.53,1.029126214,1.587892509,4.83,0.3306085758,254.677,-0.4687939538,-11.49103134
1.483,0.51,0.9918962723,1.532621423,4.37,0.298209494,254.487,-0.4727867736,-8.779042877
1.484,0.5,0.974025974,1.506033471,4.27,0.2911919638,255.224,-0.4573154467,-9.065747027
1.485,0.47,0.9170731707,1.421046679,3.37,0.2284462113,257.798,-0.4036295792,-8.111767088
1.486,0.35,0.6840390879,1.069329421,0.4,0.02658478558,260.236,-0.3532722811,-3.273248702
1.487,0.13,0.2544861338,0.4042597556,-7.7,-0.4848495626,260.931,-0.3390033339,-0.4906941001
1.488,-0.15,-0.2941176471,-0.4767101384,-18.1,-1.063258747,261.043,-0.336707434,0.3405154674
1.489,-0.43,-0.8445171849,-1.396156722,-28.14,-1.546187575,255.331,-0.4550729851,0.6976386535
1.49,-0.66,-1.298360656,-2.181124035,-36.4,-1.893843543,250.468,-0.5579512102,0.8896030271
1.491,-0.85,-1.674876847,-2.850742735,-43.14,-2.147772195,246.308,-0.6475550568,1.019824328
1.492,-1.02,-2.013157895,-3.466589924,-48.98,-2.348265094,240.114,-0.7838140717,1.106801502
1.493,-1.18,-2.332784185,-4.060849326,-54.67,-2.52780717,231.863,-0.9708882202,1.160675301
1.494,-1.32,-2.613861386,-4.593372154,-59.5,-2.669110496,223.683,-1.163043149,1.198639872
1.495,-1.4,-2.776859504,-4.906444073,-62.09,-2.741026956,215.767,-1.355807657,1.197618292
1.496,-1.4,-2.781456954,-4.915319774,-62.18,-2.743480076,208.281,-1.544721465,1.146242714
1.497,-1.35,-2.686567164,-4.732632497,-60.83,-2.706362615,205.817,-1.608390237,1.096849034
1.498,-1.3,-2.591362126,-4.550403208,-59.22,-2.661179545,204.446,-1.64414719,1.056924012
1.499,-1.26,-2.515806988,-4.406544409,-57.84,-2.621632716,204.718,-1.637034149,1.034723905
1.5,-1.21,-2.42,-4.225091649,-56.5,-2.582487618,204.013,-1.655490071,0.9969593893
1.501,-1.17,-2.34,-4.074403975,-55.18,-2.543190135,203.407,-1.671405354,0.9667366621
1.502,-1.13,-2.26,-3.924469479,-53.88,-2.503755071,202.629,-1.691907502,0.9353634643
1.503,-1.09,-2.18,-3.775288161,-52.6,-2.464198403,203.088,-1.679802261,0.9110249894
1.504,-1.05,-2.1,-3.62686002,-51.33,-2.424219533,204.065,-1.654126606,0.8892967631
1.505,-1.01,-2.02,-3.479185057,-50.17,-2.387052641,205.887,-1.606570969,0.8711850181
1.506,-0.97,-1.94,-3.332263271,-48.91,-2.345962384,207.821,-1.556550301,0.853876346
1.507,-0.91,-1.82,-3.113292801,-46.9,-2.278823328,208.398,-1.541716994,0.8148828537
1.508,-0.81,-1.62,-2.752107905,-43.64,-2.165620988,210.137,-1.497258569,0.7513509145
1.509,-0.67,-1.34,-2.254357415,-39.1,-1.9986124,213.713,-1.406981093,0.6619572827
1.51,-0.51,-1.02,-1.696797377,-33.67,-1.78357836,218.941,-1.277680722,0.5542808796
1.511,-0.36,-0.72,-1.185029453,-28.15,-1.546634434,225.845,-1.111581219,0.4457988394
1.512,-0.23,-0.46,-0.7500646472,-23.19,-1.31682139,232.793,-0.9494723485,0.3309653265
1.513,-0.12,-0.24,-0.3882312192,-18.93,-1.105875675,237.847,-0.8345652458,0.2000737127
1.514,-0.03,-0.06,-0.0964223112,-14.94,-0.8963363049,241.281,-0.7578750311,0.05828899192
1.515,0.04,0.08,0.1279040512,-11.38,-0.6991767359,241.205,-0.7595604686,-0.08768135261
1.516,0.08,0.16,0.2550549248,-9.62,-0.5980314896,241.275,-0.7580080727,-0.1880881148
1.517,0.06,0.12,0.1915736352,-10.41,-0.6437372678,241.564,-0.7516036596,-0.1372952168
1.518,-0.01,-0.02,-0.0320936968,-12.89,-0.7840039152,242.63,-0.728046535,0.02122528173
1.519,-0.1,-0.2,-0.32305528,-15.95,-0.9505012434,244.188,-0.693802409,0.1964693562
1.52,-0.19,-0.38,-0.6178298248,-19.07,-1.113014539,246.139,-0.6512271273,0.3501956883
1.521,-0.29,-0.58,-0.9498290888,-22.52,-1.28449375,247.812,-0.6149863494,0.5000468755
1.522,-0.4,-0.8,-1.32046528,-26.36,-1.465600122,249.03,-0.5887554227,0.642763753
1.523,-0.51,-1.02,-1.696797377,-30.11,-1.632970217,247.356,-0.6248399776,0.7515234811
1.524,-0.6,-1.2,-2.00894208,-33.22,-1.764973081,245.153,-0.6727015542,0.8241223217
1.525,-0.67,-1.34,-2.254357415,-35.57,-1.860788174,240.145,-0.7831234027,0.8526599131
1.526,-0.73,-1.46,-2.466549287,-37.36,-1.93157444,235.518,-0.8872106697,0.8750398457
1.527,-0.77,-1.54,-2.608952007,-39.01,-1.99518704,230.776,-0.9960286027,0.872204588
1.528,-0.82,-1.64,-2.788014563,-40.7,-2.058753072,227.901,-1.063097374,0.8930647419
1.529,-0.87,-1.74,-2.968253959,-42.22,-2.114584017,225.252,-1.125647159,0.9160624034
1.53,-0.92,-1.84,-3.149670195,-44.08,-2.181219309,221.89,-1.206100523,0.9298413941
1.531,-1.02,-2.04,-3.516033187,-47.17,-2.287957604,216.611,-1.334921276,0.9705080691
1.532,-1.16,-2.32,-4.036849741,-51.96,-2.444143669,211.386,-1.465553682,1.03252231
1.533,-1.33,-2.66,-4.681673735,-57.92,-2.623946329,205.326,-1.621168523,1.102837944
1.534,-1.48,-2.96,-5.261933747,-62.92,-2.763536144,198.384,-1.805178635,1.151731724
1.535,-1.55,-3.1,-5.53634642,-65.22,-2.824604353,193.572,-1.936547939,1.162816495
1.536,-1.54,-3.08,-5.497003389,-64.83,-2.814381723,189.812,-2.041490477,1.132032138
1.537,-1.48,-2.96,-5.261933747,-63.05,-2.767038657,188.253,-2.085613563,1.084341821
1.538,-1.43,-2.86,-5.067336903,-61.5,-2.724870127,186.463,-2.136727329,1.04231931
1.539,-1.41,-2.82,-4.989827681,-61,-2.71107478,186.817,-2.126579983,1.031455928
1.54,-1.41,-2.82,-4.989827681,-61.06,-2.712735254,186.576,-2.133486112,1.029632636
1.541,-1.38,-2.76,-4.873916899,-59.93,-2.681229928,186.635,-2.131794576,1.012651586
1.542,-1.25,-2.5,-4.3765325,-55.93,-2.565609054,188.169,-2.088001309,0.9404595912
1.543,-1.01,-2.02,-3.479185057,-48.49,-2.332096439,190.456,-2.023369556,0.798808913
1.544,-0.72,-1.44,-2.431066291,-39.2,-2.002413015,193.543,-1.93734951,0.6170590933
1.545,-0.5,-1,-1.66235,-31.39,-1.688030169,197.479,-1.829640423,0.4725712532
1.546,-0.38,-0.76,-1.252653219,-27.17,-1.502531077,202.81,-1.687130704,0.3927228983
1.547,-0.36,-0.72,-1.185029453,-26.34,-1.464682731,207.061,-1.576151076,0.3897054321
1.548,-0.4,-0.8,-1.32046528,-27.75,-1.528709137,211.883,-1.452989798,0.4428566762
1.549,-0.49,-0.98,-1.627949697,-30.9,-1.667074528,216.692,-1.332921059,0.5426506971
1.55,-0.64,-1.28,-2.148896973,-36.41,-1.894239337,222.574,-1.189633935,0.6968175355
1.551,-0.81,-1.62,-2.752107905,-42.5,-2.124732562,227.596,-1.070262077,0.8613810714
1.552,-0.9,-1.8,-3.07696248,-45.52,-2.231566214,230.74,-0.9968632433,0.9530833865
1.553,-0.85,-1.7,-2.89601698,-43.86,-2.173432812,232.794,-0.9494493668,0.9273539041
1.554,-0.7,-1.4,-2.36024152,-39.01,-1.99518704,232.901,-0.9469908907,0.8022089675
1.555,-0.56,-1.12,-1.869740365,-34,-1.797144096,231.26,-0.9848199482,0.6720936487
1.556,-0.47,-0.94,-1.559290311,-30.92,-1.667932812,229.813,-1.018400207,0.5804530934
1.557,-0.42,-0.84,-1.388465635,-29.28,-1.596711468,228.591,-1.046924023,0.5252106956
1.558,-0.39,-0.78,-1.286535713,-27.93,-1.536788464,229.907,-1.016212354,0.5039307875
1.559,-0.34,-0.68,-1.117593981,-26.04,-1.450889816,232.04,-0.9668056855,0.4622558879
1.56,-0.28,-0.56,-0.9164173312,-23.74,-1.343126497,234.848,-0.9024520027,0.4080985507
1.561,-0.23,-0.46,-0.7500646472,-21.91,-1.254788614,239.305,-0.8018699022,0.3647006254
1.562,-0.22,-0.44,-0.7169353312,-21.48,-1.233691807,244.326,-0.6907797729,0.372536201
1.563,-0.25,-0.5,-0.8164645,-22.51,-1.28400888,247.462,-0.6225478217,0.4282403451
1.564,-0.3,-0.6,-0.98328792,-24.44,-1.376304822,249.976,-0.5684706723,0.5056048489
1.565,-0.36,-0.72,-1.185029453,-26.52,-1.472929657,246.256,-0.6486846562,0.5585508382
1.566,-0.42,-0.84,-1.388465635,-28.44,-1.559565008,242.394,-0.7332528757,0.6055717052
1.567,-0.47,-0.94,-1.559290311,-30.39,-1.64510302,240.018,-0.7859534834,0.641404389
1.568,-0.53,-1.06,-1.765833351,-32.44,-1.732430652,237.14,-0.8504917987,0.6836571306
1.569,-0.6,-1.2,-2.00894208,-34.81,-1.830163511,232.729,-0.9509433853,0.7223534208
1.57,-0.7,-1.4,-2.36024152,-38.48,-1.974922773,226.771,-1.089690225,0.7701597302
1.571,-0.85,-1.7,-2.89601698,-43.63,-2.165265302,219.266,-1.269744973,0.8430883018
1.572,-1,-2,-3.442384,-48.79,-2.342009385,211.614,-1.459786305,0.9054626498
1.573,-1.09,-2.18,-3.775288161,-52.19,-2.451372268,204.619,-1.639621992,0.9228290046
1.574,-1.12,-2.24,-3.887103539,-53.1,-2.479737343,198.081,-1.813356155,0.9054318385
1.575,-1.1,-2.2,-3.81251288,-52.52,-2.461701721,196.393,-1.859142976,0.8823536015
1.576,-1.08,-2.16,-3.738110515,-51.74,-2.437206744,196.338,-1.860641457,0.8697632724
1.577,-1.05,-2.1,-3.62686002,-51.01,-2.414029237,197.437,-1.830778387,0.8544227069
1.578,-1.02,-2.04,-3.516033187,-50.03,-2.382524325,199.15,-1.784561002,0.843763185
1.579,-0.97,-1.94,-3.332263271,-48.33,-2.326791689,201.811,-1.713548813,0.8247481293
1.58,-0.88,-1.76,-3.004443059,-45.4,-2.227411341,205.088,-1.627373477,0.7794061669
1.581,-0.74,-1.48,-2.502079357,-40.9,-2.066171118,207.937,-1.55356491,0.6912325477
1.582,-0.6,-1.2,-2.00894208,-36.21,-1.886312353,211.934,-1.451702214,0.6018374215
1.583,-0.51,-1.02,-1.696797377,-33.21,-1.764558229,215.755,-1.356105208,0.5437296943
1.584,-0.49,-0.98,-1.627949697,-32.16,-1.720657414,219.843,-1.255684903,0.546963193
1.585,-0.49,-0.98,-1.627949697,-32.16,-1.720657414,224.626,-1.140536095,0.5689757411
1.586,-0.47,-0.94,-1.559290311,-31.74,-1.702906482,228.34,-1.052801716,0.5658401395
1.587,-0.44,-0.88,-1.456654285,-30.54,-1.651582289,232.148,-0.9643161769,0.5568466452
1.588,-0.41,-0.82,-1.354441921,-29.5,-1.606365158,234.318,-0.914539414,0.5372840906
1.589,-0.41,-0.82,-1.354441921,-29.44,-1.603735414,232.102,-0.9653763816,0.5272024063
1.59,-0.42,-0.84,-1.388465635,-29.88,-1.622966693,228.108,-1.058240233,0.5178509803
1.591,-0.41,-0.82,-1.354441921,-29.58,-1.609867895,225.093,-1.12942493,0.4944494829
1.592,-0.38,-0.76,-1.252653219,-28.19,-1.548421217,223.123,-1.176453898,0.4597103231
1.593,-0.32,-0.64,-1.050346803,-26.14,-1.455494137,224.156,-1.151741985,0.4028583351
1.594,-0.28,-0.56,-0.9164173312,-24.71,-1.389012656,227.103,-1.081863382,0.3708876192
1.595,-0.27,-0.54,-0.8830526472,-24.16,-1.363073778,230.533,-1.001664955,0.3734250363
1.596,-0.25,-0.5,-0.8164645,-23.45,-1.329282563,236.577,-0.8632084688,0.372391261
1.597,-0.22,-0.44,-0.7169353312,-22.31,-1.27429681,241.407,-0.7550819224,0.3532782323
1.598,-0.2,-0.4,-0.65081792,-21.24,-1.221860066,245.858,-0.657338344,0.3463274109
1.599,-0.19,-0.38,-0.6178298248,-20.78,-1.19906837,250.318,-0.5611561721,0.350994893
1.6,-0.19,-0.38,-0.6178298248,-20.87,-1.203539452,255.124,-0.4594120554,0.3715260619
1.601,-0.19,-0.38,-0.6178298248,-20.75,-1.197576727,259.741,-0.3634583116,0.3957821634
1.602,-0.15,-0.3,-0.48634818,-19.47,-1.133332914,263.326,-0.2901214338,0.3416675644
1.603,-0.14,-0.28,-0.4535954528,-18.91,-1.104854673,262.472,-0.3075003665,0.3211624839
1.604,-0.17,-0.34,-0.5519948552,-19.88,-1.154039167,259.524,-0.3679298245,0.3626846922
1.605,-0.2,-0.4,-0.65081792,-21.12,-1.215928896,253.657,-0.4902641184,0.3814444876
1.606,-0.24,-0.48,-0.7832410368,-22.31,-1.27429681,249.592,-0.5766953801,0.4231465919
1.607,-0.27,-0.54,-0.8830526472,-23.6,-1.336450457,249.014,-0.5890991674,0.4585977095
1.608,-0.33,-0.66,-1.083946855,-25.81,-1.440274464,246.977,-0.6330435586,0.5228078101
1.609,-0.36,-0.72,-1.185029453,-26.67,-1.479785624,244.071,-0.6963664171,0.5445526923
1.61,-0.35,-0.7,-1.15128818,-26.45,-1.469725083,239.575,-0.795837075,0.508168878
1.611,-0.4,-0.8,-1.32046528,-27.98,-1.53902896,235.526,-0.8870289457,0.5442843209
1.612,-0.48,-0.96,-1.593596467,-31.13,-1.676929612,231.136,-0.9876893502,0.5980579173
1.613,-0.58,-1.16,-1.939247075,-34.52,-1.818387019,227.849,-1.064318219,0.6727177825
1.614,-0.58,-1.16,-1.939247075,-34.6,-1.821640736,225.006,-1.131493142,0.6566742841
1.615,-0.49,-0.98,-1.627949697,-31.45,-1.690585826,224.213,-1.150381721,0.5730265023
1.616,-0.41,-0.82,-1.354441921,-28.32,-1.554221063,223.698,-1.162684394,0.4985237588
1.617,-0.35,-0.7,-1.15128818,-26.01,-1.449507215,225.027,-1.130993845,0.4461490823
1.618,-0.34,-0.68,-1.117593981,-25.92,-1.445355796,226.433,-1.097670298,0.4394740517
1.619,-0.4,-0.8,-1.32046528,-28.08,-1.543505053,230.015,-1.013699754,0.5163705608
1.62,-0.49,-0.98,-1.627949697,-31.03,-1.672648878,234.205,-0.9171200771,0.6286080823
1.621,-0.54,-1.08,-1.800421949,-32.98,-1.754999765,237.762,-0.8364775309,0.6947473363
1.622,-0.56,-1.12,-1.869740365,-33.37,-1.77118854,239.426,-0.7991654607,0.7274252358
1.623,-0.53,-1.06,-1.765833351,-32.64,-1.740810488,237.022,-0.8531546017,0.6807467681
1.624,-0.49,-0.98,-1.627949697,-31.01,-1.671791978,233.336,-0.9370077676,0.6240224838
1.625,-0.45,-0.9,-1.49081922,-29.55,-1.608554849,227.735,-1.066995662,0.5572009252
1.626,-0.49,-0.98,-1.627949697,-30.99,-1.670934826,223.872,-1.158524597,0.5753571454
1.627,-0.7,-1.4,-2.36024152,-38.21,-1.964538269,224.396,-1.146016895,0.7587846527
1.628,-0.94,-1.88,-3.222566205,-46.74,-2.273393291,226.779,-1.089501492,0.9582714929
1.629,-0.94,-1.88,-3.222566205,-46.73,-2.27305349,233.439,-0.9346466728,1.004634486
1.63,-0.7,-1.4,-2.36024152,-38.78,-1.986412608,240.344,-0.7786918754,0.8535813145
1.631,-0.53,-1.06,-1.765833351,-32.79,-1.747079211,246.143,-0.6511401852,0.7363101782
1.632,-0.62,-1.24,-2.078825379,-36.12,-1.882737567,250.57,-0.5557729323,0.8524980226
1.633,-0.87,-1.74,-2.968253959,-44.96,-2.212113787,250.773,-0.5514403693,1.074071211
1.634,-1.03,-2.06,-3.552928391,-50.7,-2.404112018,251.005,-0.5464931612,1.204135483
1.635,-1.13,-2.26,-3.924469479,-53.91,-2.504673445,250.111,-0.5655821749,1.278222391
1.636,-1.22,-2.44,-4.262881251,-57.33,-2.606821773,249.52,-0.5782389214,1.33839875
1.637,-1.15,-2.3,-3.99934258,-54.97,-2.536869595,247.471,-0.6223532499,1.265926076
1.638,-0.76,-1.52,-2.573280717,-42.68,-2.13123449,244.735,-0.6818313983,0.9147602007
1.639,-0.26,-0.52,-0.8497350368,-25.41,-1.421728351,239.668,-0.7937606753,0.3835428778
1.64,-0.03,-0.06,-0.0964223112,-15.84,-0.9446394691,236.215,-0.8714010795,0.05309480082
1.641,-0.19,-0.38,-0.6178298248,-21.63,-1.241065966,234.265,-0.9157496585,0.2864546315
1.642,-0.55,-1.1,-1.83505762,-34.87,-1.832593747,232.249,-0.9619890732,0.6566481433
1.643,-0.91,-1.82,-3.113292801,-47.51,-2.299408598,228.191,-1.056293921,0.9277618571
1.644,-1.15,-2.3,-3.99934258,-56.14,-2.571843432,223.464,-1.168283707,1.069306585
1.645,-1.28,-2.56,-4.490607411,-60.61,-2.700248033,218.674,-1.284209064,1.127031187
1.646,-1.31,-2.62,-4.605105985,-61.71,-2.730635884,213.809,-1.40457841,1.113631763
1.647,-1.3,-2.6,-4.56689272,-61.59,-2.727343206,211.229,-1.469528695,1.08816586
1.648,-1.31,-2.62,-4.605105985,-61.77,-2.732280187,208.8,-1.531406779,1.080076005
1.649,-1.32,-2.64,-4.643366323,-62.13,-2.742117605,207.136,-1.574213593,1.075766921
1.65,-1.32,-2.64,-4.643366323,-62.25,-2.745385969,204.402,-1.645298718,1.057549484
1.651,-1.31,-2.62,-4.605105985,-61.95,-2.737204971,201.329,-1.726341894,1.031714492
1.652,-1.29,-2.58,-4.528726529,-61.25,-2.717984351,197.278,-1.835088585,0.9946527526
1.653,-1.26,-2.52,-4.414510397,-60.3,-2.691600304,195.128,-1.893714677,0.9627496507
1.654,-1.23,-2.46,-4.300717927,-59.33,-2.664298981,193.353,-1.942604152,0.9335377373
1.655,-1.2,-2.4,-4.18734912,-58.39,-2.637486208,196.183,-1.864866709,0.9300357385
1.656,-1.17,-2.34,-4.074403975,-57.45,-2.610316321,199.261,-1.781579909,0.9277095272
1.657,-1.14,-2.28,-3.961882493,-56.51,-2.582782512,199.079,-1.786468698,0.9067646382
1.658,-1.1,-2.2,-3.81251288,-55.5,-2.552784956,198.914,-1.790904706,0.8777129991
1.659,-1.07,-2.14,-3.700979943,-54.57,-2.52477768,201.234,-1.728866965,0.8700726677
1.66,-1.05,-2.1,-3.62686002,-53.95,-2.505897326,203.435,-1.67066895,0.8683832076
1.661,-1.05,-2.1,-3.62686002,-53.71,-2.498543445,203.251,-1.675510032,0.8689059784
1.662,-1.05,-2.1,-3.62686002,-53.79,-2.500997565,202.324,-1.699966464,0.863339937
1.663,-1.05,-2.1,-3.62686002,-53.96,-2.506203187,201.629,-1.718375802,0.8585139561
1.664,-1.06,-2.12,-3.663896445,-54.07,-2.509564744,202.597,-1.692752463,0.8718752689
1.665,-1.06,-2.12,-3.663896445,-54.14,-2.511701147,204.631,-1.639308247,0.8826519279
1.666,-1.06,-2.12,-3.663896445,-54.19,-2.513225832,207.158,-1.573645397,0.8965040098
1.667,-1.06,-2.12,-3.663896445,-54.25,-2.515054007,210.004,-1.500645765,0.9123930205
1.668,-1.09,-2.18,-3.775288161,-55.26,-2.545592962,213.18,-1.420340654,0.9519292369
1.669,-1.15,-2.3,-3.99934258,-57.36,-2.607695966,214.787,-1.380162368,1.002879803
1.67,-1.17,-2.34,-4.074403975,-58.26,-2.633750103,217.91,-1.302933544,1.034983844
1.671,-1.13,-2.26,-3.924469479,-56.79,-2.591022532,222.124,-1.200461511,1.035074771
1.672,-0.97,-1.94,-3.332263271,-51.89,-2.441938868,226.315,-1.100459046,0.9406801134
1.673,-0.72,-1.44,-2.431066291,-44.11,-2.182279147,232.728,-0.9509663735,0.7758939654
1.674,-0.49,-0.98,-1.627949697,-36.4,-1.893843543,237.653,-0.838930756,0.5957131905
1.675,-0.32,-0.64,-1.050346803,-30.2,-1.636875475,241.798,-0.7464236906,0.4407112704
1.676,-0.22,-0.44,-0.7169353312,-26.47,-1.470641008,243.946,-0.6991071004,0.3304233004
1.677,-0.17,-0.34,-0.5519948552,-24.68,-1.387603126,242.499,-0.7309358696,0.2605544936
1.678,-0.12,-0.24,-0.3882312192,-22.91,-1.303349294,241.475,-0.7535751361,0.18874355
1.679,-0.09,-0.18,-0.2905379208,-21.48,-1.233691807,242.033,-0.7412266276,0.1471138837
1.68,-0.07,-0.14,-0.2256444232,-20.7,-1.19508923,243.318,-0.7128975789,0.1182630939
1.681,-0.06,-0.12,-0.1932682848,-20.38,-1.179126991,245.688,-0.6610389134,0.1050276414
1.682,-0.06,-0.12,-0.1932682848,-20.14,-1.167107229,247.761,-0.616087499,0.108383163
1.683,-0.05,-0.1,-0.16093922,-19.82,-1.151016555,249.047,-0.5883902181,0.09252534972
1.684,-0.04,-0.08,-0.1286572288,-19.49,-1.134345791,249.558,-0.5774242191,0.07516034751
1.685,-0.03,-0.06,-0.0964223112,-19.15,-1.117087496,246.591,-0.6414116069,0.05483216399
1.686,-0.02,-0.04,-0.0642344672,-18.85,-1.101789922,243.632,-0.7059978962,0.03553208322
1.687,-0.02,-0.04,-0.0642344672,-18.79,-1.098722549,240.043,-0.7853962626,0.03409257782
1.688,-0.02,-0.04,-0.0642344672,-18.47,-1.082318874,237.685,-0.8382104265,0.03344623129
1.689,0.04,0.08,0.1279040512,-16.2,-0.963789633,236.57,-0.8633667706,-0.07000169824
1.69,0.16,0.32,0.5070971392,-10.6,-0.6546554013,235.59,-0.8855753759,-0.3292345191
1.691,0.23,0.46,0.7251627128,-7.13,-0.45066962,232.683,-0.952000943,-0.51698719
1.692,0.15,0.3,0.47575662,-10.17,-0.6299047856,230.362,-1.00563484,-0.2908866361
1.693,-0.06,-0.12,-0.1932682848,-18.26,-1.071513278,226.716,-1.090987947,0.08937256661
1.694,-0.34,-0.68,-1.117593981,-28.77,-1.57421266,224.276,-1.148878674,0.4104136967
1.695,-0.57,-1.14,-1.904470183,-37.19,-1.924931849,225.813,-1.112339314,0.6270333075
1.696,-0.73,-1.46,-2.466549287,-42.93,-2.140236312,226.776,-1.089572266,0.7636828089
1.697,-0.85,-1.7,-2.89601698,-47.36,-2.294363738,225.945,-1.109212862,0.85087463
1.698,-0.91,-1.82,-3.113292801,-49.66,-2.370511976,223.092,-1.177197261,0.8775501577
1.699,-0.94,-1.88,-3.222566205,-50.65,-2.402508268,214.96,-1.375854949,0.8529000574
1.7,-0.93,-1.86,-3.186094663,-50.44,-2.395759741,210.246,-1.494484194,0.8189961135
1.701,-0.89,-1.78,-3.040679233,-49.01,-2.349251248,206.829,-1.582148806,0.7734341942
1.702,-0.83,-1.66,-2.823968295,-47.28,-2.291668598,200.526,-1.747723018,0.699107332
1.703,-0.8,-1.6,-2.71624832,-46.13,-2.252573643,199.835,-1.766190619,0.675891429
1.704,-0.78,-1.56,-2.644670371,-45.61,-2.234677552,199.871,-1.765226911,0.6611833848
1.705,-0.77,-1.54,-2.608952007,-45.43,-2.228450748,198.939,-1.790232347,0.6492057089
1.706,-0.77,-1.54,-2.608952007,-45.3,-2.22394333,197.747,-1.822384826,0.6447702476
1.707,-0.77,-1.54,-2.608952007,-45.23,-2.221512679,198.508,-1.80183566,0.6484529271
1.708,-0.76,-1.52,-2.573280717,-44.99,-2.213159957,201.006,-1.734932001,0.6517783133
1.709,-0.73,-1.46,-2.466549287,-44.09,-2.181572641,204.365,-1.646267241,0.6443710719
1.71,-0.68,-1.36,-2.289605043,-42.33,-2.118575954,208.729,-1.533226293,0.6269794717
1.711,-0.61,-1.22,-2.043860193,-39.85,-2.02698052,213.666,-1.408157801,0.5949862864
1.712,-0.52,-1.04,-1.731291827,-37.12,-1.922191812,216.374,-1.340778062,0.530587745
1.713,-0.45,-0.9,-1.49081922,-34.45,-1.815536867,217.64,-1.309566538,0.4770463652
1.714,-0.37,-0.74,-1.218817799,-31.72,-1.702058465,221.904,-1.205762979,0.4191515272
1.715,-0.29,-0.58,-0.9498290888,-28.92,-1.580847375,225.807,-1.112481469,0.3526599029
1.716,-0.22,-0.44,-0.7169353312,-26,-1.449046214,230.478,-1.002941498,0.292389447
1.717,-0.13,-0.26,-0.4208897992,-22.82,-1.299007415,236.453,-0.866013365,0.1944045078
1.718,-0.05,-0.1,-0.16093922,-19.42,-1.130799456,241.982,-0.742354072,0.0859188623
1.719,0.01,0.02,0.0320466232,-16.87,-0.9991717239,244.562,-0.6856145813,-0.01902117978
1.72,0.02,0.04,0.0640461728,-16.58,-0.9838982539,245.23,-0.6710214389,-0.03870047174
1.721,-0.03,-0.06,-0.0964223112,-18.65,-1.09155514,241.265,-0.7582298159,0.05212622738
1.722,-0.12,-0.24,-0.3882312192,-22.24,-1.270890974,235.968,-0.8769982743,0.1807501106
1.723,-0.23,-0.46,-0.7500646472,-26.38,-1.466517247,230.48,-1.002895073,0.3037421663
1.724,-0.33,-0.66,-1.083946855,-30.59,-1.653738882,226.009,-1.107697663,0.3925300609
1.725,-0.37,-0.74,-1.218817799,-32.07,-1.716862858,224.521,-1.143037503,0.4261749171
1.726,-0.25,-0.5,-0.8164645,-27.66,-1.524661514,224.031,-1.15472623,0.3047205473
1.727,0,0,0,-17.95,-1.055503049,225.624,-1.11681901,-0
1.728,0.11,0.22,0.3499238072,-12.63,-0.7695249792,226.382,-1.098875426,-0.1872852341
1.729,-0.02,-0.04,-0.0642344672,-17.91,-1.053432069,226.09,-1.105780605,0.02974902286
1.73,-0.24,-0.48,-0.7832410368,-26.86,-1.4884484,225.698,-1.115064608,0.3008400704
1.731,-0.36,-0.72,-1.185029453,-31.29,-1.683765736,225.265,-1.125338403,0.4218531582
1.732,-0.27,-0.54,-0.8830526472,-28.21,-1.549314217,226.132,-1.104786846,0.3327125178
1.733,-0.12,-0.24,-0.3882312192,-22.27,-1.272351038,228.939,-1.038785538,0.1679828112
1.734,-0.03,-0.06,-0.0964223112,-18.51,-1.084373424,233.168,-0.940861111,0.04761044192
1.735,0.03,0.06,0.0959986488,-16.28,-0.9680320117,238.626,-0.8170714792,-0.0537776377
1.736,0.04,0.08,0.1279040512,-15.66,-0.9350278181,242.897,-0.7221624126,-0.07718127275
1.737,0.02,0.04,0.0640461728,-16.3,-0.9690918569,241.036,-0.7633102536,-0.03696957676
1.738,0,0,0,-17.04,-1.008096015,239.037,-0.8078647768,-0
1.739,-0.02,-0.04,-0.0642344672,-17.9,-1.05291414,237.772,-0.8362525207,0.03400148252
1.74,-0.07,-0.14,-0.2256444232,-19.99,-1.159573893,236.785,-0.8585067815,0.1118113989
1.741,-0.17,-0.34,-0.5519948552,-23.73,-1.342650085,236.99,-0.8538769463,0.2513034656
1.742,-0.31,-0.62,-1.016793825,-29.12,-1.589671068,234.876,-0.9018141813,0.4081075034
1.743,-0.44,-0.88,-1.456654285,-34.09,-1.800832412,228.548,-1.0479305,0.511328717
1.744,-0.49,-0.98,-1.627949697,-36.04,-1.879555991,220.928,-1.229345776,0.5236414075
1.745,-0.43,-0.86,-1.422536423,-33.84,-1.790575003,212.487,-1.437760625,0.4406408091
1.746,-0.36,-0.72,-1.185029453,-31.31,-1.684619123,204.229,-1.649828722,0.3553900099
1.747,-0.44,-0.88,-1.456654285,-34.41,-1.813906888,200.861,-1.738792731,0.4100133534
1.748,-0.64,-1.28,-2.148896973,-41.99,-2.106216243,199.017,-1.78813513,0.5517984298
1.749,-0.79,-1.58,-2.680435809,-47.84,-2.310468255,199.656,-1.77098497,0.6567356432
1.75,-0.76,-1.52,-2.573280717,-46.98,-2.281533561,201.457,-1.722941577,0.6426012469
1.751,-0.57,-1.14,-1.904470183,-40.79,-2.062093908,205.781,-1.609326102,0.5187284969
1.752,-0.37,-0.74,-1.218817799,-33.94,-1.7946825,210.855,-1.479009748,0.3723067737
1.753,-0.24,-0.48,-0.7832410368,-29.34,-1.599347375,216.061,-1.348522811,0.2656972619
1.754,-0.21,-0.42,-0.6838530888,-28.09,-1.543952303,220.477,-1.24027837,0.2456165344
1.755,-0.25,-0.5,-0.8164645,-29.83,-1.620787553,221.413,-1.217613872,0.2876494117
1.756,-0.32,-0.64,-1.050346803,-32.75,-1.745408904,223.442,-1.16881044,0.3604213271
1.757,-0.35,-0.7,-1.15128818,-33.88,-1.792218728,226.194,-1.103320204,0.3976075635
1.758,-0.26,-0.52,-0.8497350368,-30.84,-1.664498164,229.41,-1.027790201,0.3156181365
1.759,-0.06,-0.12,-0.1932682848,-23.05,-1.310092142,233.533,-0.9324927964,0.0861810322
1.76,0.19,0.38,0.6008362552,-12.33,-0.752753048,237.147,-0.8503338774,-0.3747995481
1.761,0.37,0.74,1.154374041,-3.42,-0.2215873049,239.696,-0.7931356805,-1.137624807
1.762,0.41,0.82,1.275311199,-1.32,-0.08673051104,241.652,-0.7496550487,-1.524788639
1.763,0.35,0.7,1.09362302,-4.3,-0.2769736057,242.601,-0.7286860242,-1.087468352
1.764,0.27,0.54,0.8487359928,-7.82,-0.4920113549,243.699,-0.7045268221,-0.7093262957
1.765,0.21,0.42,0.6630936312,-10.87,-0.6701212323,245.529,-0.6645023523,-0.4968394376
1.766,0.12,0.24,0.3814526208,-15.18,-0.9092771192,247.301,-0.6260296909,-0.248453676
1.767,-1.33226763e-14,-2.664535259e-14,-4.272276977e-14,-20.58,-1.189111962,247.832,-0.6145545879,2.36866231e-14
1.768,-0.06,-0.12,-0.1932682848,-23.6,-1.336450457,249.006,-0.589271048,0.1003614927
1.769,0.02,0.04,0.0640461728,-20.47,-1.183623767,251.823,-0.5290863985,-0.03739463576
1.77,0.22,0.44,0.6941517088,-11.64,-0.7139102482,254.792,-0.466378694,-0.5881201492
1.771,0.42,0.84,1.305427805,-1.2,-0.07890898373,257.458,-0.4106901482,-2.666319688
1.772,0.52,1.04,1.604004813,1.91,0.1282244698,259.332,-0.3718893048,-6.582832575
1.773,0.5,1,1.544666,1.47,0.09839736986,258.395,-0.3912545512,-5.274468575
1.774,0.43,0.86,1.335497337,-0.23,-0.01522226044,256.707,-0.4263187999,-3.024627734
1.775,0.36,0.72,1.124022067,-3.18,-0.2063673069,253.124,-0.5015177015,-1.587859686
1.776,0.26,0.52,0.8179132832,-7.42,-0.468092788,250.475,-0.5578016922,-0.7972684315
1.777,0.09,0.18,0.2867249592,-13.77,-0.8326205898,248.565,-0.5987545212,-0.200314339
1.778,-0.12,-0.24,-0.3882312192,-21.81,-1.249894007,246.28,-0.648163273,0.204541361
1.779,-0.32,-0.64,-1.050346803,-29.38,-1.601103361,242.282,-0.7357254553,0.4494752872
1.78,-0.44,-0.88,-1.456654285,-33.79,-1.788518985,238.62,-0.817206001,0.5590207303
1.781,-0.51,-1.02,-1.696797377,-36.37,-1.892655812,235.517,-0.8872333856,0.6103830967
1.782,-0.62,-1.24,-2.078825379,-40.74,-2.060238437,233.099,-0.9424445385,0.6923226316
1.783,-0.77,-1.54,-2.608952007,-46.16,-2.253601936,232.314,-0.9604919673,0.811722397
1.784,-0.84,-1.68,-2.859969101,-48.86,-2.344316145,230.957,-0.9918341871,0.8572662548
1.785,-0.79,-1.58,-2.680435809,-47.06,-2.284240608,230.041,-1.013095045,0.8129096007
1.786,-0.66,-1.32,-2.219156861,-42.94,-2.140595694,228.313,-1.053434362,0.6947827108
1.787,-0.58,-1.16,-1.939247075,-40.19,-2.039737475,225.117,-1.12885453,0.6120217031
1.788,-0.56,-1.12,-1.869740365,-39.58,-2.016804215,221.107,-1.22501286,0.5767568994
1.789,-0.56,-1.12,-1.869740365,-39.67,-2.020200831,216.9,-1.327788123,0.5584667066
1.79,-0.58,-1.16,-1.939247075,-40.29,-2.043477333,211.618,-1.459685179,0.5535704006
1.791,-0.62,-1.24,-2.078825379,-41.74,-2.097088518,204.425,-1.644696752,0.5555704642
1.792,-0.66,-1.32,-2.219156861,-43.48,-2.159923705,195.904,-1.872480581,0.5503309448
1.793,-0.69,-1.38,-2.324899745,-44.57,-2.198471384,194.823,-1.902083679,0.5669719609
1.794,-0.69,-1.38,-2.324899745,-44.66,-2.201626598,193.206,-1.94667313,0.5604464231
1.795,-0.68,-1.36,-2.289605043,-44.06,-2.18051249,196.262,-1.862712776,0.56628184
1.796,-0.64,-1.28,-2.148896973,-42.89,-2.138798253,200.569,-1.746575908,0.5530733679
1.797,-0.6,-1.2,-2.00894208,-41.49,-2.087927002,206.774,-1.583571668,0.5471722205
1.798,-0.56,-1.12,-1.869740365,-40.29,-2.043477333,211.051,-1.474038972,0.5315512999
1.799,-0.54,-1.08,-1.800421949,-39.6,-2.017559409,210.558,-1.486550808,0.5138028879
1.8,-0.49,-0.98,-1.627949697,-37.94,-1.954112242,211.256,-1.468844883,0.4755974548
1.801,-0.34,-0.68,-1.117593981,-32.62,-1.739973613,214.115,-1.39692705,0.3562733095
1.802,-0.1,-0.2,-0.32305528,-23.71,-1.341697053,216.156,-1.346170983,0.1201901565
1.803,0.11,0.22,0.3499238072,-15.18,-0.9092771192,220.612,-1.23700352,-0.1630373031
1.804,0.16,0.32,0.5070971392,-12.72,-0.7745428726,224.148,-1.151932927,-0.2632252839
1.805,0.09,0.18,0.2867249592,-15.55,-0.9291420015,226.321,-1.10031721,-0.1412814594
1.806,0.04,0.08,0.1279040512,-17.98,-1.057055512,228.389,-1.05165377,-0.06065513737
1.807,0.03,0.06,0.0959986488,-18.39,-1.078206264,231.694,-0.9747891431,-0.04676028425
1.808,0.06,0.12,0.1915736352,-16.98,-1.004948719,235.708,-0.8828963914,-0.1014774115
1.809,0.11,0.22,0.3499238072,-14.72,-0.8844354223,235.884,-0.8789031089,-0.1984439182
1.81,0.14,0.28,0.4443690272,-13.25,-0.8039649764,236.837,-0.8573320049,-0.2674831967
1.811,0.13,0.26,0.4129343608,-13.73,-0.8304237177,237.006,-0.8535157618,-0.2452192408
1.812,0.06,0.12,0.1915736352,-16.79,-0.9949646151,237.34,-0.8459815978,-0.1040625923
1.813,0.01,0.02,0.0320466232,-18.68,-1.093092217,236.328,-0.8688423705,-0.01633419555
1.814,0,0,0,-19.32,-1.125727111,233.461,-0.9341424964,-0
1.815,-0.12,-0.24,-0.3882312192,-23.86,-1.348838081,227.687,-1.068123407,0.1606278053
1.816,-0.36,-0.72,-1.185029453,-33.69,-1.784402404,221.729,-1.209983811,0.3957503701
1.817,-0.6,-1.2,-2.00894208,-43.3,-2.153498153,216.581,-1.335662287,0.5757666105
1.818,-0.63,-1.26,-2.113837639,-44.27,-2.187923698,213,-1.424859872,0.5850994389
1.819,-0.4,-0.8,-1.32046528,-36.68,-1.904903701,214.596,-1.384921988,0.4013784938
1.82,-0.1,-0.2,-0.32305528,-26.1,-1.453653211,216.652,-1.333908727,0.1158916957
1.821,0.1,0.2,0.31834792,-18.11,-1.063775206,220.388,-1.242438441,-0.1380392144
1.822,0.17,0.34,0.5383905848,-14.98,-0.8984961455,222.394,-1.193962336,-0.2573004863
1.823,0.19,0.38,0.6008362552,-13.79,-0.8337185639,223.383,-1.170223298,-0.299827189
1.824,0.27,0.54,0.8487359928,-10.41,-0.6437372678,224.219,-1.150238556,-0.4731033616
1.825,0.45,0.9,1.39549518,-0.88,-0.05799008367,224.621,-1.140655183,-1.164226998
1.826,0.65,1.3,1.98511742,4.72,0.3228432436,225.437,-1.121254995,-2.486332918
1.827,0.71,1.42,2.158332351,6.29,0.4347370739,227.812,-1.065187067,-3.423479064
1.828,0.59,1.18,1.810207839,3.32,0.2249820134,231.218,-0.9857916701,-2.379317643
1.829,0.4,0.8,1.24514752,-2.97,-0.1930093327,234.597,-0.9081730142,-1.130736906
1.83,0.27,0.54,0.8487359928,-8.91,-0.5565261699,237.104,-0.8513040388,-0.6028681496
1.831,0.23,0.46,0.7251627128,-10.91,-0.6724075418,234.968,-0.8997190178,-0.4612623
1.832,0.17,0.34,0.5383905848,-13.53,-0.8194208608,230.019,-1.013606717,-0.2937165765
1.833,0.07,0.14,0.2233378168,-18.2,-1.06842003,226.584,-1.094103765,-0.1032764668
1.834,-0.08,-0.16,-0.2580676352,-24.65,-1.386192984,224.626,-1.140536095,0.1021350636
1.835,-0.18,-0.36,-0.5848888032,-28.97,-1.583055717,225.44,-1.121183801,0.2162858723
1.836,-0.19,-0.38,-0.6178298248,-29.69,-1.614677467,226.097,-1.105614966,0.2271188999
1.837,-0.17,-0.34,-0.5519948552,-28.66,-1.569337952,227.504,-1.072425118,0.2089494178
1.838,-0.1,-0.2,-0.32305528,-26.27,-1.461469761,228.823,-1.041496991,0.1290689458
1.839,-0.05,-0.1,-0.16093922,-24.19,-1.364493954,229.53,-1.02499245,0.06735305953
1.84,0,0,0,-22.31,-1.27429681,230.739,-0.9968864296,-0
1.841,0.06,0.12,0.1915736352,-19.85,-1.152528185,232.333,-0.9600544308,-0.09068219806
1.842,0.08,0.16,0.2550549248,-18.85,-1.101789922,233.23,-0.9394387206,-0.1249516686
1.843,0.08,0.16,0.2550549248,-18.88,-1.103322625,232.641,-0.9529667216,-0.1240364957
1.844,0.08,0.16,0.2550549248,-18.75,-1.096676176,230.71,-0.9975588767,-0.121789063
1.845,0.1,0.2,0.31834792,-18.09,-1.062742215,226.512,-1.095804067,-0.1474825547
1.846,0.15,0.3,0.47575662,-16.03,-0.9547586358,222.975,-1.18000379,-0.2228616235
1.847,0.25,0.5,0.7870435,-11.56,-0.7093825356,221.193,-1.222932372,-0.4073060229
1.848,0.38,0.76,1.184678941,-4.63,-0.297573958,220.87,-1.23075049,-0.7751488517
1.849,0.52,1.04,1.604004813,1.36,0.09096769082,222.979,-1.179907816,-1.472996334
1.85,0.56,1.12,1.722117555,2.4,0.1616457535,225.686,-1.115349067,-1.805716234
1.851,0.5,1,1.544666,0.94,0.06269922562,228.988,-1.037640596,-1.584368093
1.852,0.42,0.84,1.305427805,-1.66,-0.1088233646,232.423,-0.9579823758,-1.223679022
1.853,0.37,0.74,1.154374041,-3.82,-0.2468446163,232.498,-0.9562562761,-0.9594989482
1.854,0.36,0.72,1.124022067,-4.22,-0.2719656925,232.359,-0.9594557547,-0.9127842217
1.855,0.3,0.6,0.94092168,-6.6,-0.4186480073,232.037,-0.9668748551,-0.6791094579
1.856,0.08,0.16,0.2550549248,-15.19,-0.9098153711,231.954,-0.9687889009,-0.1357683087
1.857,-0.18,-0.36,-0.5848888032,-24.91,-1.398393886,232.317,-0.9604228802,0.2479585577
1.858,-0.38,-0.76,-1.252653219,-32.03,-1.715174777,230.35,-1.005913539,0.4603500781
1.859,-0.52,-1.04,-1.731291827,-37.25,-1.927278198,223.903,-1.157783824,0.5611854203
1.86,-0.65,-1.3,-2.18400338,-41.67,-2.094526705,216.711,-1.332451981,0.6372970422
1.861,-0.8,-1.6,-2.71624832,-47.15,-2.287282234,209.133,-1.522881248,0.712895479
1.862,-0.91,-1.82,-3.113292801,-51.13,-2.417856159,201.29,-1.727378358,0.7510534779
1.863,-0.93,-1.86,-3.186094663,-51.93,-2.443199029,197.643,-1.825199263,0.7464379952
1.864,-0.98,-1.96,-3.368923107,-53.81,-2.501610653,195.431,-1.885413497,0.7679290088
1.865,-1.12,-2.24,-3.887103539,-58.57,-2.642648004,197.332,-1.833624355,0.8683795864
1.866,-1.23,-2.46,-4.300717927,-62.7,-2.757594673,199.886,-1.764825417,0.9509770968
1.867,-1.21,-2.42,-4.225091649,-61.93,-2.736658373,202.002,-1.708487807,0.9504955467
1.868,-1.02,-2.04,-3.516033187,-56.22,-2.574213526,204.732,-1.636668292,0.8349873825
1.869,-0.76,-1.52,-2.573280717,-47.99,-2.315477691,206.693,-1.585667845,0.6596218195
1.87,-0.54,-1.08,-1.800421949,-41.03,-2.0709811,209.874,-1.503958632,0.5036230213
1.871,-0.43,-0.86,-1.422536423,-37.26,-1.927669054,212.396,-1.440052314,0.4224032418
1.872,-0.41,-0.82,-1.354441921,-36.45,-1.895821927,215.614,-1.359602678,0.4160569158
1.873,-0.45,-0.9,-1.49081922,-38.29,-1.96761948,217.609,-1.31032863,0.4548025685
1.874,-0.52,-1.04,-1.731291827,-41.09,-2.073197976,220.051,-1.250625502,0.520873578
1.875,-0.55,-1.1,-1.83505762,-42.1,-2.11022177,221.735,-1.209839041,0.5527180748
1.876,-0.43,-0.86,-1.422536423,-38.3,-1.968004376,222.826,-1.18358005,0.451371828
1.877,-0.17,-0.34,-0.5519948552,-29.03,-1.585703598,222.679,-1.18711065,0.1990738671
1.878,0.14,0.28,0.4443690272,-16.69,-0.9896990223,224.297,-1.148377753,-0.2078358609
1.879,0.37,0.74,1.154374041,-5.85,-0.3729363483,226.444,-1.097410404,-0.7851032684
1.88,0.44,0.88,1.365519795,-2.27,-0.1482089132,228.203,-1.056012585,-1.133944043
1.881,0.36,0.72,1.124022067,-5.46,-0.3489809216,228.814,-1.04170742,-0.8082487166
1.882,0.23,0.46,0.7251627128,-11.32,-0.6957691206,228.851,-1.040842377,-0.4175733686
1.883,0.13,0.26,0.4129343608,-16.13,-0.9600736144,229.448,-1.026904088,-0.2078203295
1.884,0.1,0.2,0.31834792,-17.18,-1.015429303,231.606,-0.9768215195,-0.1597930925
1.885,0.12,0.24,0.3814526208,-16.16,-0.961666644,233.179,-0.9406087238,-0.2005243969
1.886,0.13,0.26,0.4129343608,-15.76,-0.9403706388,234.407,-0.9125077323,-0.2228610184
1.887,0.11,0.22,0.3499238072,-16.66,-0.9881178902,235.873,-0.8791526017,-0.1873985632
1.888,0.1,0.2,0.31834792,-17.19,-1.015952553,237.163,-0.8499729321,-0.1706112718
1.889,0.15,0.3,0.47575662,-15.12,-0.9060460152,237.553,-0.8411824111,-0.2722921702
1.89,0.23,0.46,0.7251627128,-11.53,-0.7076833433,237.672,-0.8385030486,-0.4690008375
1.891,0.28,0.56,0.8795116288,-8.94,-0.5582881546,236.828,-0.8575353132,-0.6212014766
1.892,0.3,0.6,0.94092168,-8.12,-0.5098642897,236.263,-0.8703140447,-0.6817392047
1.893,0.28,0.56,0.8795116288,-8.71,-0.5447609703,236.273,-0.8700876069,-0.6216295107
1.894,0.25,0.5,0.7870435,-9.91,-0.6148676309,236.059,-0.8749354685,-0.5282869262
1.895,0.22,0.44,0.6941517088,-11.35,-0.6974732837,235.666,-0.8838497745,-0.4389689414
1.896,0.14,0.28,0.4443690272,-14.54,-0.8746709042,233.523,-0.9327218909,-0.2458619003
1.897,-0.03,-0.06,-0.0964223112,-21.01,-1.210483013,229.26,-1.031289449,0.0430116405
1.898,-0.24,-0.48,-0.7832410368,-29.52,-1.607241227,224.105,-1.152959356,0.2837623619
1.899,-0.44,-0.88,-1.456654285,-37.29,-1.928841275,218.209,-1.295597701,0.4517543348
1.9,-0.57,-1.14,-1.904470183,-42.07,-2.10913,212.711,-1.432123721,0.5377954627
1.901,-0.62,-1.24,-2.078825379,-44.19,-2.185103088,209.911,-1.50301553,0.5636546961
1.902,-0.65,-1.3,-2.18400338,-45.26,-2.222554694,206.686,-1.585849035,0.5734694995
1.903,-0.65,-1.3,-2.18400338,-45.04,-2.214902545,206.06,-1.60207743,0.5721809898
1.904,-0.59,-1.18,-1.974071041,-43.12,-2.147055498,204.186,-1.650955272,0.5197644662
1.905,-0.5,-1,-1.66235,-40.4,-2.047584795,203.611,-1.666042446,0.4476351265
1.906,-0.46,-0.92,-1.525031229,-38.79,-1.986794726,204.657,-1.63862853,0.4206491549
1.907,-0.44,-0.88,-1.456654285,-38.31,-1.968389214,206.81,-1.582640297,0.4102061895
1.908,-0.39,-0.78,-1.286535713,-36.47,-1.896612871,209.493,-1.513679715,0.3772508313
1.909,-0.26,-0.52,-0.8497350368,-31.94,-1.711372967,210.316,-1.492703244,0.2652043775
1.91,-0.12,-0.24,-0.3882312192,-26.98,-1.493907299,209.498,-1.513552027,0.129089433
1.911,-0.08,-0.16,-0.2580676352,-25.45,-1.42358781,210.187,-1.495985741,0.08839223629
1.912,-0.15,-0.3,-0.48634818,-28.33,-1.55466675,211.102,-1.472746313,0.1606481078
1.913,-0.25,-0.5,-0.8164645,-32.58,-1.738299124,213.437,-1.413894825,0.2590146778
1.914,-0.31,-0.62,-1.016793825,-34.85,-1.831783907,216.34,-1.341618802,0.3204112173
1.915,-0.29,-0.58,-0.9498290888,-34.24,-1.806968749,218.644,-1.284943084,0.3071979863
1.916,-0.22,-0.44,-0.7169353312,-31.64,-1.698663905,220.147,-1.248292006,0.2432799651
1.917,-0.1,-0.2,-0.32305528,-27.51,-1.517903665,218.929,-1.27797396,0.1155470029
1.918,0.01,0.02,0.0320466232,-22.96,-1.305759017,220.096,-1.249531549,-0.01254128342
1.919,0.1,0.2,0.31834792,-19.49,-1.134345791,221.298,-1.220393337,-0.1351945599
1.92,0.15,0.3,0.47575662,-17.4,-1.02692367,220.968,-1.228377222,-0.2109503977
1.921,0.18,0.36,0.5696369568,-15.85,-0.945172734,219.842,-1.255709238,-0.2588221286
1.922,0.24,0.48,0.7561266432,-13.4,-0.8122524512,220.376,-1.242729754,-0.3679480248
1.923,0.34,0.68,1.063176899,-8.51,-0.5329633153,224.878,-1.134537482,-0.6375870409
1.924,0.46,0.92,1.425423491,-2.02,-0.1321062886,227.95,-1.061947218,-1.193768524
1.925,0.54,1.08,1.663155331,1.01,0.06739971161,230.509,-1.002221955,-1.779113991
1.926,0.54,1.08,1.663155331,1.19,0.07950673123,233.338,-0.9369619112,-1.939641126
1.927,0.52,1.04,1.604004813,0.49,0.03258588131,235.186,-0.8947576644,-1.860423693
1.928,0.51,1.02,1.574358943,0.25,0.01659890551,237.264,-0.8476950262,-1.894316318
1.929,0.54,1.08,1.663155331,1.07,0.07143217463,238.497,-0.819964444,-2.22188862
1.93,0.59,1.18,1.810207839,2.34,0.1575417291,239.334,-0.8012216057,-2.812279683
1.931,0.64,1.28,1.956083507,3.61,0.245106061,240.456,-0.7761993629,-3.683125922
1.932,0.68,1.36,2.071936717,4.63,0.3164980837,241.097,-0.7619564778,-4.651246321
1.933,0.7,1.4,2.12958088,5.08,0.3482985823,241.431,-0.754550067,-5.242026084
1.934,0.71,1.42,2.158332351,5.34,0.3667574801,242.496,-0.7310020559,-5.925503067
1.935,0.74,1.48,2.244304323,6.17,0.4261037932,241.961,-0.7428183829,-7.086204413
1.936,0.8,1.6,2.41497728,7.6,0.5298619186,241.65,-0.7496993274,-10.98528814
1.937,0.85,1.7,2.55591022,8.92,0.6273534251,240.336,-0.7788699565,-16.86885382
1.938,0.84,1.68,2.527817779,8.67,0.6087618467,238.322,-0.8238915108,-11.75020557
1.939,0.69,1.38,2.100782335,5.02,0.3440477163,236.714,-0.8601112199,-4.070782608
1.94,0.37,0.74,1.154374041,-5.25,-0.336029081,233.777,-0.9269059263,-0.9140407338
1.941,-0.05,-0.1,-0.16093922,-22.2,-1.268943242,229.034,-1.036565975,0.06980636591
1.942,-0.43,-0.86,-1.422536423,-36.71,-1.906086008,222.218,-1.198197939,0.4582494537
1.943,-0.66,-1.32,-2.219156861,-45.15,-2.218731721,212.342,-1.441412682,0.6063030897
1.944,-0.7,-1.4,-2.36024152,-46.8,-2.275431052,205.259,-1.622914568,0.6054469639
1.945,-0.62,-1.24,-2.078825379,-44.02,-2.179098226,200.943,-1.736609079,0.5308939656
1.946,-0.46,-0.92,-1.525031229,-38.97,-1.993663194,195.281,-1.889521382,0.3927269484
1.947,-0.3,-0.6,-0.98328792,-33.33,-1.769532425,190.46,-2.023257195,0.2592519012
1.948,-0.19,-0.38,-0.6178298248,-29.51,-1.606803225,188.603,-2.075676078,0.1677755051
1.949,-0.16,-0.32,-0.5191479808,-28.33,-1.55466675,189.83,-2.040983157,0.1443822381
1.95,-0.17,-0.34,-0.5519948552,-28.73,-1.572440945,189.821,-2.041236811,0.1527515436
1.951,-0.19,-0.38,-0.6178298248,-29.68,-1.614240553,190.515,-2.021712474,0.169922389
1.952,-0.22,-0.44,-0.7169353312,-30.83,-1.66406855,194.053,-1.923270409,0.1998515723
1.953,-0.25,-0.5,-0.8164645,-31.88,-1.708835633,194.918,-1.899475537,0.2262733067
1.954,-0.26,-0.52,-0.8497350368,-32.57,-1.737880348,196.843,-1.846898415,0.237039743
1.955,-0.26,-0.52,-0.8497350368,-32.55,-1.737042611,202.366,-1.698855984,0.2473108601
1.956,-0.24,-0.48,-0.7832410368,-31.52,-1.693564582,205.869,-1.607038722,0.2373023852
1.957,-0.17,-0.34,-0.5519948552,-29.21,-1.59363332,206.278,-1.59642042,0.1730362246
1.958,-0.1,-0.2,-0.32305528,-26.71,-1.481611357,210.03,-1.499983438,0.1083498269
1.959,-0.09,-0.18,-0.2905379208,-26.06,-1.451811216,208.906,-1.528691472,0.09747950305
1.96,-0.15,-0.3,-0.48634818,-28.47,-1.560899531,208.055,-1.550529755,0.1563102148
1.961,-0.24,-0.48,-0.7832410368,-32.57,-1.737880348,205.4,-1.619240717,0.2333073552
1.962,-0.31,-0.62,-1.016793825,-35.52,-1.858783927,204.614,-1.639752724,0.2906340354
1.963,-0.32,-0.64,-1.050346803,-35.96,-1.876370655,207.027,-1.577029634,0.3041485827
1.964,-0.29,-0.58,-0.9498290888,-34.92,-1.834617301,210.386,-1.490922886,0.2856164819
1.965,-0.26,-0.52,-0.8497350368,-33.75,-1.78687308,216.68,-1.333217341,0.2723430806
1.966,-0.25,-0.5,-0.8164645,-33.32,-1.769118245,221.755,-1.209356505,0.2741216793
1.967,-0.24,-0.48,-0.7832410368,-33,-1.755832221,223.151,-1.175782561,0.2671705169
1.968,-0.2,-0.4,-0.65081792,-31.73,-1.702482505,224.694,-1.138916759,0.2290483877
1.969,-0.13,-0.26,-0.4208897992,-28.85,-1.577752985,225.772,-1.113310782,0.1564027596
1.97,-0.02,-0.04,-0.0642344672,-24.98,-1.401670901,227.271,-1.07790717,0.0259054022
1.971,0.05,0.1,0.15976238,-22,-1.259187749,230.689,-0.9980458738,-0.07077795509
1.972,0.11,0.22,0.3499238072,-19.44,-1.131813056,234.435,-0.911868711,-0.1712222582
1.973,0.24,0.48,0.7561266432,-13.84,-0.8364621522,238.361,-0.8230160863,-0.4556411923
1.974,0.45,0.9,1.39549518,-3.83,-0.2474743014,241.355,-0.7562344572,-1.390338749
1.975,0.65,1.3,1.98511742,3.43,0.2326062531,243.18,-0.7159327404,-4.107197664
1.976,0.74,1.48,2.244304323,5.67,0.3902762999,245.874,-0.6569901869,-8.414651176
1.977,0.64,1.28,1.956083507,3.29,0.2229045868,250.038,-0.5671439095,-5.682336033
1.978,0.49,0.98,1.514925983,-1.6,-0.104931936,254.077,-0.4814130251,-2.583676988
1.979,0.41,0.82,1.275311199,-5.8,-0.3698722461,256.845,-0.4234435312,-1.6075707
1.98,0.48,0.96,1.485138893,-1.96,-0.1282336076,259.464,-0.3691668473,-2.985801235
1.981,0.67,1.34,2.043044025,3.79,0.2576354299,260.664,-0.3444805724,-23.52513872
1.982,0.78,1.56,2.358274589,6.61,0.4578249719,261.475,-0.3278610382,18.14560796
1.983,0.67,1.34,2.043044025,4.02,0.2736882735,260.762,-0.3424695488,-29.70349147
1.984,0.43,0.86,1.335497337,-4.06,-0.2619335767,260.044,-0.3572209243,-2.156969439
1.985,0.19,0.38,0.6008362552,-15.16,-0.908200388,257.961,-0.400247961,-0.459197534
1.986,0.08,0.16,0.2550549248,-20.14,-1.167107229,254.182,-0.4792025379,-0.1549252333
1.987,0.11,0.22,0.3499238072,-18.87,-1.102811797,248.234,-0.6058835624,-0.2047900495
1.988,0.22,0.44,0.6941517088,-14.34,-0.8637924207,240.771,-0.7691953908,-0.4250807654
1.989,0.34,0.68,1.063176899,-8.58,-0.5370961905,234.782,-0.9039557397,-0.7377783388
1.99,0.4,0.8,1.24514752,-5.19,-0.3323217565,230.032,-1.013304359,-0.9253294844
1.991,0.38,0.76,1.184678941,-6.18,-0.3931071275,228.911,-1.039439901,-0.8269738565
1.992,0.32,0.64,1.002143437,-8.94,-0.5582881546,226.585,-1.094080153,-0.6064891417
1.993,0.27,0.54,0.8487359928,-10.97,-0.6758346262,226.162,-1.10407713,-0.4768416129
1.994,0.24,0.48,0.7561266432,-12.17,-0.7437792651,228.362,-1.052286281,-0.4209905617
1.995,0.21,0.42,0.6630936312,-13.73,-0.8304237177,230.011,-1.013792792,-0.3595530285
1.996,0.18,0.36,0.5696369568,-15.08,-0.9038904282,230.133,-1.010955854,-0.297484431
1.997,0.18,0.36,0.5696369568,-14.78,-0.8876847721,226.73,-1.090657588,-0.2879364908
1.998,0.21,0.42,0.6630936312,-13.41,-0.8128043309,221.98,-1.203930969,-0.3287955694
1.999,0.2,0.4,0.63198848,-14.12,-0.8517907325,217.961,-1.301681568,-0.2934741626
2,0.1,0.2,0.31834792,-18.14,-1.065324141,214.693,-1.382504269,-0.1300532009
2.001,-0.01,-0.02,-0.0320936968,-22.83,-1.299490124,213.299,-1.417355044,0.01181285455
2.002,-0.1,-0.2,-0.32305528,-26.42,-1.468350696,211.784,-1.455490111,0.1104900374
2.003,-0.17,-0.34,-0.5519948552,-29.35,-1.599786467,210.39,-1.490821169,0.1786039899
2.004,-0.24,-0.48,-0.7832410368,-32.48,-1.734108591,208.765,-1.532303645,0.2397863405
2.005,-0.33,-0.66,-1.083946855,-36.07,-1.880749522,206.947,-1.579097396,0.313293299
2.006,-0.32,-0.64,-1.050346803,-35.56,-1.860387443,206.445,-1.592090881,0.3042298038
2.007,-0.1,-0.2,-0.32305528,-27.74,-1.528259664,208.943,-1.527744,0.1057116795
2.008,0.2,0.4,0.63198848,-15.92,-0.9489034806,212.102,-1.447462951,-0.2637278138
2.009,0.34,0.68,1.063176899,-8.99,-0.5612231769,218.435,-1.29005955,-0.5742920212
2.01,0.28,0.56,0.8795116288,-12.34,-0.7533132446,223.863,-1.15873968,-0.4599828893
2.011,0.12,0.24,0.3814526208,-19.56,-1.137888583,226.362,-1.099348099,-0.1705016836
2.012,0.08,0.16,0.2550549248,-21.52,-1.235659803,226.289,-1.101073711,-0.1091501976
2.013,0.18,0.36,0.5696369568,-17.33,-1.023270261,221.798,-1.208319199,-0.2552606413
2.014,0.33,0.66,1.032683705,-10.81,-0.6666893869,218.955,-1.277338632,-0.5312082413
2.015,0.47,0.94,1.455304729,-3.7,-0.2392817514,220.896,-1.230120745,-0.9904057823
2.016,0.58,1.16,1.780891485,1.29,0.0862453457,223.554,-1.166129432,-1.649150597
2.017,0.63,1.26,1.927002521,2.46,0.1657530267,228.018,-1.060351492,-2.154041837
2.018,0.63,1.26,1.927002521,2.58,0.1739773267,231.817,-0.9719497282,-2.414873644
2.019,0.69,1.38,2.100782335,3.93,0.2674009624,234.002,-0.9217592648,-3.210446521
2.02,0.81,1.62,2.443258015,7.06,0.4904547193,236.657,-0.8613996385,-6.586579
2.021,0.91,1.82,2.723476319,9.69,0.6849914265,240.372,-0.7780686384,-29.26039858
2.022,0.88,1.76,2.639905101,8.98,0.6318242889,245.243,-0.6707378351,-67.84026032
2.023,0.72,1.44,2.187036749,5.12,0.3511343416,252.631,-0.5119478538,-13.599832
2.024,0.54,1.08,1.663155331,0.5,0.03325311302,258.255,-0.3941539996,-4.608343711
2.025,0.41,0.82,1.275311199,-4.95,-0.317462192,259.399,-0.3705072782,-1.853732258
2.026,0.35,0.7,1.09362302,-7.19,-0.4542800947,260.125,-0.355554735,-1.350427247
2.027,0.37,0.74,1.154374041,-6.6,-0.4186480073,257.979,-0.3998746618,-1.410314075
2.028,0.37,0.74,1.154374041,-6.64,-0.4210728386,257.226,-0.4155133022,-1.379862736
2.029,0.31,0.62,0.9715560952,-8.88,-0.5547634564,258.821,-0.3824415968,-1.036652643
2.03,0.27,0.54,0.8487359928,-10.84,-0.6684056668,260.546,-0.3469030126,-0.8359388726
2.031,0.27,0.54,0.8487359928,-10.56,-0.6523592365,260.905,-0.3395364516,-0.8556706144
2.032,0.26,0.52,0.8179132832,-10.88,-0.6706929287,259.844,-0.3613371957,-0.7925284968
2.033,0.13,0.26,0.4129343608,-16.39,-0.9738574527,256.397,-0.4327833771,-0.2935606248
2.034,-0.06,-0.12,-0.1932682848,-24.43,-1.375833207,252.705,-0.5103809755,0.1024635943
2.035,-0.09,-0.18,-0.2905379208,-25.55,-1.42823174,247.556,-0.6205159764,0.141812444
2.036,0.06,0.12,0.1915736352,-19.78,-1.14900004,241.661,-0.7494557989,-0.1009102404
2.037,0.11,0.22,0.3499238072,-17.5,-1.032136534,237.682,-0.8382779532,-0.1870835633
2.038,-0.06,-0.12,-0.1932682848,-24.42,-1.375361524,234.609,-0.9078993604,0.0846457302
2.039,-0.25,-0.5,-0.8164645,-32.44,-1.732430652,234.395,-0.9127816219,0.3086574594
2.04,-0.2,-0.4,-0.65081792,-30.38,-1.644670562,233.932,-0.9233599179,0.2534307614
2.041,0.1,0.2,0.31834792,-18.99,-1.108936933,232.47,-0.9569006215,-0.1541011389
2.042,0.35,0.7,1.09362302,-7.39,-0.4662936004,230.036,-1.01321133,-0.7391817342
2.043,0.38,0.76,1.184678941,-5.83,-0.3717109579,225.462,-1.120661736,-0.793822445
2.044,0.22,0.44,0.6941517088,-12.02,-0.7353481389,221.164,-1.223633842,-0.3543430801
2.045,-0.02,-0.04,-0.0642344672,-20.49,-1.184622264,217.9,-1.303179064,0.02581977366
2.046,-0.21,-0.42,-0.6838530888,-27.3,-1.508417823,216.194,-1.345230541,0.2396416802
2.047,-0.3,-0.6,-0.98328792,-30.47,-1.648560403,218.308,-1.293170991,0.3342548276
2.048,-0.29,-0.58,-0.9498290888,-30.26,-1.639476122,220.839,-1.231501437,0.3308382143
2.049,-0.26,-0.52,-0.8497350368,-29.26,-1.595832319,224.092,-1.153269711,0.3090954893
2.05,-0.29,-0.58,-0.9498290888,-30.29,-1.640775588,227.468,-1.073271763,0.3499677661
2.051,-0.41,-0.82,-1.354441921,-34.4,-1.813499243,230.397,-1.004822051,0.4805846386
2.052,-0.58,-1.16,-1.939247075,-40.47,-2.050195159,233.205,-0.9400122196,0.6485326366
2.053,-0.71,-1.42,-2.395630369,-44.93,-2.211067154,235.137,-0.8958724302,0.7710579184
2.054,-0.67,-1.34,-2.254357415,-43.81,-2.171659624,236.979,-0.8541252748,0.7450488024
2.055,-0.48,-0.96,-1.593596467,-37.36,-1.93157444,236.126,-0.8734172077,0.5681287746
2.056,-0.27,-0.54,-0.8830526472,-29.88,-1.622966693,235.165,-0.8952353927,0.3506679039
2.057,-0.17,-0.34,-0.5519948552,-26.37,-1.466058718,230.909,-0.9929461979,0.2244789556
2.058,-0.21,-0.42,-0.6838530888,-27.66,-1.524661514,227.449,-1.073718658,0.2631843854
2.059,-0.29,-0.58,-0.9498290888,-30.48,-1.648992291,226.482,-1.096512685,0.3459578828
2.06,-0.35,-0.7,-1.15128818,-32.59,-1.738717839,225.663,-1.115894321,0.4033080908
2.061,-0.37,-0.74,-1.218817799,-33.42,-1.773257312,226.902,-1.086600555,0.4261812496
2.062,-0.34,-0.68,-1.117593981,-32.49,-1.734527922,226.025,-1.107318931,0.3932632682
2.063,-0.29,-0.58,-0.9498290888,-30.61,-1.654601076,219.484,-1.264428506,0.3253920737
2.064,-0.29,-0.58,-0.9498290888,-30.36,-1.643805456,212.552,-1.436124304,0.3083931007
2.065,-0.38,-0.76,-1.252653219,-33.77,-1.787696154,207.31,-1.56972133,0.3731002251
2.066,-0.57,-1.14,-1.904470183,-40.44,-2.049076763,202.977,-1.682727162,0.5103350073
2.067,-0.79,-1.58,-2.680435809,-48.08,-2.318478066,201.481,-1.722304258,0.6633457568
2.068,-0.99,-1.98,-3.405630017,-54.93,-2.535663524,199.231,-1.782385446,0.7886964786
2.069,-1.14,-2.28,-3.961882493,-60.18,-2.688242787,197.295,-1.834627581,0.8759664043
2.07,-1.23,-2.46,-4.300717927,-63.42,-2.77697356,195.052,-1.895798843,0.9203782158
2.071,-1.27,-2.54,-4.452535367,-64.95,-2.817532817,193.589,-1.936078109,0.9366638196
2.072,-1.26,-2.52,-4.414510397,-64.49,-2.805426099,192.426,-1.968315555,0.9247484924
2.073,-1.17,-2.34,-4.074403975,-61.8,-2.73310183,192.161,-1.9756884,0.86527617
2.074,-1,-2,-3.442384,-56.63,-2.586317967,192.234,-1.973656375,0.7549130196
2.075,-0.75,-1.5,-2.5376565,-48.74,-2.340360252,192.772,-1.958704391,0.5902810753
2.076,-0.49,-0.98,-1.627949697,-40.42,-2.048330889,193.859,-1.928621623,0.4093460236
2.077,-0.34,-0.68,-1.117593981,-35.25,-1.847935408,195.368,-1.887138425,0.2992160345
2.078,-0.33,-0.66,-1.083946855,-34.95,-1.835830718,197.097,-1.839999394,0.2948849164
2.079,-0.45,-0.9,-1.49081922,-39.49,-2.013403076,198.801,-1.793944823,0.3915636973
2.08,-0.62,-1.24,-2.078825379,-45.8,-2.241232402,200.54,-1.747349513,0.5211941045
2.081,-0.75,-1.5,-2.5376565,-50.68,-2.403470658,201.948,-1.709918182,0.6169259943
2.082,-0.82,-1.64,-2.788014563,-53.5,-2.492087893,203.091,-1.679723232,0.6682983672
2.083,-0.85,-1.7,-2.89601698,-54.62,-2.526292969,204.082,-1.653680933,0.6928313544
2.084,-0.83,-1.66,-2.823968295,-54,-2.507426187,205.059,-1.628130035,0.6828509016
2.085,-0.75,-1.5,-2.5376565,-51.44,-2.427711506,206.335,-1.594942279,0.6308413886
2.086,-0.6,-1.2,-2.00894208,-46.64,-2.269993025,207.834,-1.556215648,0.5250477043
2.087,-0.41,-0.82,-1.354441921,-40.35,-2.045718595,209.387,-1.516387411,0.3802362755
2.088,-0.23,-0.46,-0.7500646472,-34.45,-1.815536867,211.355,-1.466338323,0.2285475845
2.089,-0.1,-0.2,-0.32305528,-29.71,-1.615551103,214.335,-1.391432826,0.1074349872
2.09,0.02,0.04,0.0640461728,-25.11,-1.407747973,218.335,-1.292509352,-0.02371854423
2.091,0.17,0.34,0.5383905848,-19.11,-1.115051599,222.169,-1.199377767,-0.2326234677
2.092,0.37,0.74,1.154374041,-10.31,-0.6379793222,226.416,-1.098071977,-0.6649423559
2.093,0.58,1.16,1.780891485,0.49,0.03258588131,230.079,-1.012211362,-1.817930954
2.094,0.78,1.56,2.358274589,5.57,0.3831387118,233.715,-0.928324988,-4.325630874
2.095,0.86,1.72,2.583955587,7.59,0.5291296552,236.879,-0.8563833353,-7.895879388
2.096,0.65,1.3,1.98511742,2.26,0.1520747473,239.639,-0.7944080683,-3.090478658
2.097,0.23,0.46,0.7251627128,-14.17,-0.8545216457,240.949,-0.7652416416,-0.4476967212
2.098,-0.17,-0.34,-0.5519948552,-30.12,-1.633404388,242.262,-0.7361671077,0.23295134
2.099,-0.34,-0.68,-1.117593981,-36.86,-1.911989692,242.688,-0.7267677858,0.4235303889
2.1,-0.26,-0.52,-0.8497350368,-34.04,-1.798783951,242.459,-0.7318184203,0.3357837036
2.101,-0.11,-0.22,-0.3556197128,-28.71,-1.571554699,239.656,-0.7940285526,0.150330669
2.102,-0.01,-0.02,-0.0320936968,-24.8,-1.393237573,236.18,-0.8721938482,0.01416670419
2.103,0.07,0.14,0.2233378168,-21.85,-1.251852694,232.497,-0.9562792871,-0.1011433278
2.104,0.11,0.22,0.3499238072,-20.08,-1.164095834,229.163,-1.033553515,-0.1592264059
2.105,0.12,0.24,0.3814526208,-19.66,-1.142943575,227.467,-1.073295283,-0.1721171071
2.106,0.1,0.2,0.31834792,-20.64,-1.192101881,226.659,-1.092333191,-0.139355206
2.107,0.05,0.1,0.15976238,-22.44,-1.280612836,228.514,-1.048726453,-0.06858699407
2.108,0.03,0.06,0.0959986488,-23.51,-1.332151583,230.1,-1.011723074,-0.04095724509
2.109,0.05,0.1,0.15976238,-22.7,-1.293209475,231.919,-0.9695962339,-0.07060366666
2.11,0.11,0.22,0.3499238072,-20.3,-1.17512499,234.603,-0.9080361856,-0.1679773084
2.111,0.15,0.3,0.47575662,-18.5,-1.083859896,236.375,-0.8677784889,-0.2437729364
2.112,0.12,0.24,0.3814526208,-19.73,-1.146477775,237.564,-0.8409346827,-0.191934301
2.113,0.01,0.02,0.0320466232,-24.51,-1.379604216,237.292,-0.8470636993,-0.01439218797
2.114,-0.15,-0.3,-0.48634818,-31.04,-1.673077235,236.477,-0.8654703671,0.1915852118
2.115,-0.27,-0.54,-0.8830526472,-36,-1.877963793,232.202,-0.9630718569,0.3108206851
2.116,-0.31,-0.62,-1.016793825,-37.55,-1.938978796,228.213,-1.05577815,0.339524657
2.117,-0.27,-0.54,-0.8830526472,-36.27,-1.888692906,224.461,-1.144467404,0.2911328637
2.118,-0.2,-0.4,-0.65081792,-33.76,-1.787284647,221.296,-1.220441689,0.2163820266
2.119,-0.14,-0.28,-0.4535954528,-31.58,-1.696115367,220.2,-1.247004158,0.1541206359
2.12,-0.1,-0.2,-0.32305528,-30.24,-1.638609494,219.857,-1.255344216,0.1116311152
2.121,-0.08,-0.16,-0.2580676352,-29.51,-1.606803225,221.531,-1.214763398,0.09146253471
2.122,-0.06,-0.12,-0.1932682848,-28.92,-1.580847375,223.485,-1.167780966,0.07031444809
2.123,-0.04,-0.08,-0.1286572288,-28.05,-1.542162911,226.588,-1.094009319,0.04880456115
2.124,-0.01,-0.02,-0.0320936968,-26.93,-1.491633917,229.683,-1.021427437,0.01277075737
2.125,0.03,0.06,0.0959986488,-25.55,-1.42823174,233.267,-0.9385900549,-0.04056015076
2.126,0.08,0.16,0.2550549248,-23.34,-1.324016234,237.275,-0.8474469961,-0.1174576301
2.127,0.18,0.36,0.5696369568,-19.44,-1.131813056,241.407,-0.7550819224,-0.3018911828
2.128,0.32,0.64,1.002143437,-13.13,-0.7973224563,245.187,-0.67195962,-0.6820633376
2.129,0.49,0.98,1.514925983,-4.96,-0.3180823083,248.948,-0.5905173479,-1.667319565
2.13,0.62,1.24,1.897874461,1.16,0.07748688771,252.793,-0.508518258,-4.403100544
2.131,0.7,1.4,2.12958088,3.04,0.2056245185,255.955,-0.4420141426,-9.008774761
2.132,0.72,1.44,2.187036749,3.69,0.2506710171,258.29,-0.3934289902,-15.31989213
2.133,0.72,1.44,2.187036749,3.68,0.2499750781,258.823,-0.3824002556,-16.51526386
2.134,0.71,1.42,2.158332351,3.47,0.235381436,258.457,-0.3899710116,-13.961694
2.135,0.7,1.4,2.12958088,3.05,0.2063146311,257.591,-0.4079271101,-10.56274339
2.136,0.67,1.34,2.043044025,2.41,0.1623300733,257.439,-0.4110849845,-8.213080158
2.137,0.63,1.26,1.927002521,1.43,0.0956944162,258.77,-0.3834959042,-6.695596102
2.138,0.57,1.14,1.751528057,-0.14,-0.00927127891,259.606,-0.3662396891,-4.66438588
2.139,0.49,0.98,1.514925983,-3.54,-0.2291788342,259.085,-0.3769873247,-2.499192607
2.14,0.39,0.78,1.214936767,-7.65,-0.4818619997,259.309,-0.3723638141,-1.42226651
2.141,0.26,0.52,0.8179132832,-12.79,-0.7784413185,254.727,-0.4677437069,-0.6563337438
2.142,0.08,0.16,0.2550549248,-19.51,-1.135358379,249.691,-0.5745737376,-0.1491608482
2.143,-0.13,-0.26,-0.4208897992,-27.44,-1.514744942,242.575,-0.7292594244,0.1875619342
2.144,-0.34,-0.68,-1.117593981,-35.01,-1.838255943,233.79,-0.9266084288,0.4042129489
2.145,-0.5,-1,-1.66235,-40.85,-2.064318663,230.333,-1.006308388,0.541371509
2.146,-0.6,-1.2,-2.00894208,-44.47,-2.194960674,224.458,-1.144538909,0.6015697951
2.147,-0.64,-1.28,-2.148896973,-46.18,-2.254287212,215.201,-1.369860216,0.5929386195
2.148,-0.65,-1.3,-2.18400338,-46.28,-2.257710568,205.301,-1.621819965,0.5629555848
2.149,-0.63,-1.26,-2.113837639,-45.74,-2.239164431,195.85,-1.873955487,0.5139256043
2.15,-0.66,-1.32,-2.219156861,-46.79,-2.27509155,189.958,-2.037376934,0.5145908587
2.151,-0.77,-1.54,-2.608952007,-50.87,-2.409556037,186.489,-2.135981388,0.5739589763
2.152,-0.93,-1.86,-3.186094663,-56.81,-2.591609851,181.628,-2.277283538,0.6543775779
2.153,-1.07,-2.14,-3.700979943,-61.9,-2.735838196,182.654,-2.247146916,0.74272346
2.154,-1.12,-2.24,-3.887103539,-63.67,-2.783658179,180.44,-2.312391986,0.762767911
2.155,-1.08,-2.16,-3.738110515,-62.49,-2.751906617,178.977,-2.355946371,0.7318359638
2.156,-1.03,-2.06,-3.552928391,-60.92,-2.708858671,176.89,-2.418697781,0.6929086835
2.157,-1.02,-2.04,-3.516033187,-60.69,-2.702473674,177.911,-2.387906633,0.69072112
2.158,-1.03,-2.06,-3.552928391,-61.05,-2.712458604,182.52,-2.251073263,0.7158065035
2.159,-0.99,-1.98,-3.405630017,-59.78,-2.677010475,182.434,-2.253594677,0.6907123795
2.16,-0.89,-1.78,-3.040679233,-56.57,-2.584550994,182.825,-2.242140609,0.6299717246
2.161,-0.78,-1.56,-2.644670371,-53.35,-2.487464795,184.505,-2.193203344,0.5650198418
2.162,-0.72,-1.44,-2.431066291,-51.44,-2.427711506,187.655,-2.102635296,0.5366181437
2.163,-0.66,-1.32,-2.219156861,-49.58,-2.367906163,191.915,-1.982541732,0.5100984805
2.164,-0.57,-1.14,-1.904470183,-46.55,-2.266928506,197.145,-1.838696641,0.4638685011
2.165,-0.47,-0.94,-1.559290311,-43.33,-2.154570265,200.533,-1.747536262,0.3996021894
2.166,-0.41,-0.82,-1.354441921,-41.19,-2.076888401,203.81,-1.660816156,0.3623726541
2.167,-0.35,-0.7,-1.15128818,-39.49,-2.013403076,207.225,-1.571915355,0.3211118349
2.168,-0.28,-0.56,-0.9164173312,-37.01,-1.917880312,210.304,-1.493008507,0.2686740553
2.169,-0.19,-0.38,-0.6178298248,-33.88,-1.792218728,212.862,-1.428327192,0.1918400917
2.17,-0.11,-0.22,-0.3556197128,-31.16,-1.678212608,215.101,-1.372346842,0.1165752442
2.171,-0.06,-0.12,-0.1932682848,-29.05,-1.586585709,216.656,-1.333809952,0.06617880151
2.172,0,0,0,-26.92,-1.491179042,218.304,-1.293269019,-0
2.173,0.06,0.12,0.1915736352,-24.51,-1.379604216,219.953,-1.253008662,-0.07276939074
2.174,0.13,0.26,0.4129343608,-22.02,-1.260164562,221.97,-1.204171987,-0.1675641101
2.175,0.19,0.38,0.6008362552,-19.4,-1.129785566,223.568,-1.1657944,-0.2617361469
2.176,0.26,0.52,0.8179132832,-16.27,-0.9675019767,227.431,-1.074142066,-0.4006150269
2.177,0.35,0.7,1.09362302,-12.15,-0.7426561335,232.164,-0.9639474594,-0.6408184212
2.178,0.44,0.88,1.365519795,-7.83,-0.4926076386,236.896,-0.8559993978,-1.01254091
2.179,0.49,0.98,1.514925983,-5.3,-0.3391162088,240.801,-0.7685288238,-1.367699885
2.18,0.48,0.96,1.485138893,-5.8,-0.3698722461,243.813,-0.7020247298,-1.385523913
2.181,0.45,0.9,1.39549518,-7.54,-0.4752821432,244.519,-0.6865553253,-1.201110498
2.182,0.46,0.92,1.425423491,-6.77,-0.4289443897,244.875,-0.6787718202,-1.286812884
2.183,0.53,1.06,1.633603609,-2.97,-0.1930093327,243.843,-0.7013664789,-1.826529282
2.184,0.57,1.14,1.751528057,-0.7,-0.04618381899,243.998,-0.6979668056,-2.35372786
2.185,0.5,1,1.544666,-4.04,-0.2606780338,245.239,-0.6708250962,-1.658251004
2.186,0.35,0.7,1.09362302,-10.82,-0.6672615596,246.617,-0.6408475447,-0.8360334902
2.187,0.24,0.48,0.7561266432,-15.64,-0.9339583489,244.388,-0.6894223328,-0.4657728478
2.188,0.2,0.4,0.63198848,-17.13,-1.012811942,241.849,-0.7452953884,-0.3594709316
2.189,0.15,0.3,0.47575662,-19.35,-1.127249575,236.934,-0.8551412841,-0.2399913306
2.19,0.03,0.06,0.0959986488,-24.58,-1.382900269,232.657,-0.9525987854,-0.04110412659
2.191,-0.1,-0.2,-0.32305528,-29.82,-1.620351533,230.424,-1.004195126,0.1230899359
2.192,-0.14,-0.28,-0.4535954528,-31.28,-1.683338948,231.065,-0.9893330075,0.169716097
2.193,-0.08,-0.16,-0.2580676352,-29.44,-1.603735414,227.227,-1.078943038,0.09619775154
2.194,-0.04,-0.08,-0.1286572288,-27.84,-1.532751452,222.683,-1.187014548,0.04730452134
2.195,-0.06,-0.12,-0.1932682848,-28.52,-1.563122439,219.432,-1.265696174,0.06832120091
2.196,-0.11,-0.22,-0.3556197128,-30.63,-1.655463018,216.204,-1.344983084,0.1185222799
2.197,-0.16,-0.32,-0.5191479808,-32.87,-1.75041688,213.971,-1.400526327,0.1647595487
2.198,-0.2,-0.4,-0.65081792,-34.38,-1.812683774,211.807,-1.454909126,0.1991735017
2.199,-0.21,-0.42,-0.6838530888,-34.75,-1.827731124,210.645,-1.48434071,0.2064729037
2.2,-0.17,-0.34,-0.5519948552,-33.62,-1.781517189,209.659,-1.509442111,0.1677306843
2.201,-0.09,-0.18,-0.2905379208,-30.5,-1.649855876,209.69,-1.508651123,0.09198584042
2.202,0.05,0.1,0.15976238,-25.5,-1.425910617,210.506,-1.487872222,-0.05482988569
2.203,0.19,0.38,0.6008362552,-20,-1.160076618,212.174,-1.445647152,-0.2305832499
2.204,0.27,0.54,0.8487359928,-16.51,-0.9802021512,214.274,-1.392955659,-0.3576399298
2.205,0.28,0.56,0.8795116288,-16.14,-0.9606046993,217.818,-1.305192752,-0.3881686902
2.206,0.28,0.56,0.8795116288,-16.11,-0.9590112194,221.948,-1.204702265,-0.4064824826
2.207,0.35,0.7,1.09362302,-12.61,-0.7684090348,224.415,-1.145563921,-0.5713889618
2.208,0.52,1.04,1.604004813,-4.19,-0.2700863258,227.174,-1.080191055,-1.187907637
2.209,0.69,1.38,2.100782335,2.48,0.16712284,229.84,-1.01777169,-2.469623436
2.21,0.77,1.54,2.329852633,4.47,0.3052362103,232.121,-0.9649384455,-3.531673092
2.211,0.74,1.48,2.244304323,3.57,0.242325773,233.935,-0.9232913086,-3.295767856
2.212,0.66,1.32,2.014104259,1.46,0.09772149724,234.841,-0.9026114699,-2.502334887
2.213,0.6,1.2,1.83947712,0.1,0.00663293416,234.071,-0.9201819467,-2.013550554
2.214,0.6,1.2,1.83947712,0.06,0.003978700632,232.573,-0.9545307331,-1.935167205
2.215,0.62,1.24,1.897874461,0.5,0.03325311302,229.817,-1.018307089,-1.926670525
2.216,0.62,1.24,1.897874461,0.56,0.03725836599,227.521,-1.072025359,-1.834108039
2.217,0.6,1.2,1.83947712,-0.09,-0.005962092718,226.559,-1.094694086,-1.67125498
2.218,0.56,1.12,1.722117555,-2.27,-0.1482089132,226.483,-1.096489063,-1.383562589
2.219,0.51,1.02,1.574358943,-4.8,-0.3081503368,228.122,-1.05791189,-1.152479669
2.22,0.46,0.92,1.425423491,-7.15,-0.4518734412,231.129,-0.9878513785,-0.9900666236
2.221,0.43,0.86,1.335497337,-8.84,-0.5524120377,235.558,-0.8863021114,-0.9282575956
2.222,0.42,0.84,1.305427805,-9.36,-0.5828795432,239.801,-0.7907926002,-0.9503197769
2.223,0.43,0.86,1.335497337,-9.01,-0.5623966193,243.869,-0.7007960603,-1.057239611
2.224,0.43,0.86,1.335497337,-8.85,-0.5530000139,246.798,-0.636922451,-1.122339796
2.225,0.42,0.84,1.305427805,-9.65,-0.5997762913,248.428,-0.6017040598,-1.086516149
2.226,0.39,0.78,1.214936767,-11.23,-0.6906523648,249.599,-0.5765453373,-0.9587586572
2.227,0.35,0.7,1.09362302,-12.95,-0.7873377425,248.789,-0.5939354182,-0.7917499964
2.228,0.35,0.7,1.09362302,-13.28,-0.805623864,248.045,-0.6099584882,-0.7725605072
2.229,0.4,0.8,1.24514752,-10.85,-0.6689776014,246.824,-0.6363588619,-0.9538900928
2.23,0.5,1,1.544666,-5.88,-0.3747738078,245.874,-0.6569901869,-1.49711175
2.231,0.6,1.2,1.83947712,-0.17,-0.0112557326,243.092,-0.7178691053,-2.522856203
2.232,0.65,1.3,1.98511742,1.18,0.07883336081,240.108,-0.7839477599,-2.815312554
2.233,0.6,1.2,1.83947712,-0.13,-0.008609618032,237.765,-0.8364100268,-2.176845392
2.234,0.45,0.9,1.39549518,-6.62,-0.4198605886,235.262,-0.8930290992,-1.062918837
2.235,0.2,0.4,0.63198848,-16.64,-0.987063429,232.753,-0.9503916991,-0.3261951571
2.236,-0.14,-0.28,-0.4535954528,-29.97,-1.626885128,227.891,-1.06333213,0.1686092271
2.237,-0.49,-0.98,-1.627949697,-43.2,-2.149921015,219.42,-1.265988756,0.4765786587
2.238,-0.73,-1.46,-2.466549287,-52.16,-2.450430774,210.756,-1.481522254,0.6273089402
2.239,-0.81,-1.62,-2.752107905,-55.24,-2.544992513,205.62,-1.613513501,0.661802074
2.24,-0.75,-1.5,-2.5376565,-53.5,-2.492087893,201.363,-1.725438474,0.6016930967
2.241,-0.66,-1.32,-2.219156861,-50.62,-2.401545457,200.812,-1.740098022,0.5358155216
2.242,-0.62,-1.24,-2.078825379,-49.38,-2.361378283,201.034,-1.734186802,0.5075796225
2.243,-0.6,-1.2,-2.00894208,-48.64,-2.337058358,203.404,-1.671484261,0.5011652042
2.244,-0.51,-1.02,-1.696797377,-45.83,-2.242265703,205.724,-1.610808223,0.4403749863
2.245,-0.34,-0.68,-1.117593981,-40.11,-2.036741606,207.481,-1.565310193,0.3102659382
2.246,-0.13,-0.26,-0.4208897992,-32.93,-1.752917555,209.512,-1.513194518,0.1288656941
2.247,0.04,0.08,0.1279040512,-26.66,-1.479329025,211.673,-1.458294882,-0.0435399681
2.248,0.17,0.34,0.5383905848,-21.66,-1.242538892,214.851,-1.378568468,-0.2054057736
2.249,0.28,0.56,0.8795116288,-16.94,-1.002849035,218.706,-1.283426221,-0.3846919248
2.25,0.35,0.7,1.09362302,-13.85,-0.837010639,223.284,-1.172594863,-0.5441978632
2.251,0.36,0.72,1.124022067,-13.54,-0.8199717364,228.086,-1.058756241,-0.5982888851
2.252,0.34,0.68,1.063176899,-14.27,-0.8599777234,232.74,-0.9506905221,-0.5871737696
2.253,0.38,0.76,1.184678941,-12.87,-0.7828920179,236.837,-0.8573320049,-0.7222665467
2.254,0.48,0.96,1.485138893,-7.83,-0.4926076386,240.539,-0.7743529819,-1.172206041
2.255,0.63,1.26,1.927002521,0.19,0.01261012947,243.044,-0.7189255998,-2.728246232
2.256,0.79,1.58,2.386649471,4.25,0.2897895594,245.999,-0.654270989,-6.548068783
2.257,0.93,1.86,2.778955097,7.85,0.5481992408,249.481,-0.5790751923,-90.00386916
2.258,1.01,2.02,2.998987263,9.9,0.7008097356,253.276,-0.4983060111,14.80954126
2.259,1.02,2.04,3.026279453,10.17,0.7212100352,256.845,-0.4234435312,10.16326354
2.26,0.99,1.98,2.944261663,9.61,0.6789765698,259.061,-0.3774829379,9.765584914
2.261,0.98,1.96,2.916828253,9.2,0.6482469267,257.315,-0.4136625264,12.43402481
2.262,0.98,1.96,2.916828253,9.17,0.6460047472,254.83,-0.4655808477,16.16652927
2.263,0.97,1.94,2.889347769,8.95,0.6295884267,250.816,-0.5505230845,36.54379638
2.264,0.93,1.86,2.778955097,8.02,0.5607024247,247.953,-0.6119431736,-54.23330362
2.265,0.86,1.72,2.583955587,6.25,0.4318578194,247.351,-0.6249481225,-13.38210954
2.266,0.77,1.54,2.329852633,3.93,0.2674009624,246.94,-0.6338451103,-6.35800202
2.267,0.68,1.36,2.071936717,1.58,0.1058378764,246.598,-0.6412597381,-3.869727527
2.268,0.59,1.18,1.810207839,-1.16,-0.07629901523,245.718,-0.6603856857,-2.457235554
2.269,0.49,0.98,1.514925983,-5.71,-0.3643515993,243.567,-0.7074254443,-1.413471199
2.27,0.34,0.68,1.063176899,-11.85,-0.7257715294,241.524,-0.7524896266,-0.7192077631
2.271,0.13,0.26,0.4129343608,-19.93,-1.15655603,238.69,-0.8156367903,-0.2093782902
2.272,-0.08,-0.16,-0.2580676352,-28.28,-1.552437667,234.777,-0.9040696764,0.1050546972
2.273,-0.23,-0.46,-0.7500646472,-34.15,-1.803288575,228.204,-1.055989141,0.2623266159
2.274,-0.29,-0.58,-0.9498290888,-36.35,-1.891863699,220.561,-1.23824045,0.3034496757
2.275,-0.29,-0.58,-0.9498290888,-36.24,-1.887502893,213.956,-1.400901391,0.2888419448
2.276,-0.3,-0.6,-0.98328792,-36.69,-1.905297862,208.693,-1.5341491,0.2858854725
2.277,-0.37,-0.74,-1.218817799,-39.32,-2.006966342,207.68,-1.560181339,0.3416785366
2.278,-0.48,-0.96,-1.593596467,-43.6,-2.164197929,206.316,-1.595434947,0.4238702341
2.279,-0.62,-1.24,-2.078825379,-48.73,-2.34003028,204.64,-1.639072951,0.5224356491
2.28,-0.72,-1.44,-2.431066291,-52.8,-2.47042747,202.666,-1.690930683,0.5842002062
2.281,-0.74,-1.48,-2.502079357,-53.59,-2.494856952,200.524,-1.747776377,0.5897467828
2.282,-0.65,-1.3,-2.18400338,-50.77,-2.406355306,198.864,-1.792249677,0.5201735788
2.283,-0.49,-0.98,-1.627949697,-45.69,-2.237439725,199.253,-1.781794707,0.4050397468
2.284,-0.36,-0.72,-1.185029453,-41.24,-2.078731569,200.076,-1.759742433,0.3087241055
2.285,-0.29,-0.58,-0.9498290888,-38.83,-1.988322632,202.796,-1.687500028,0.2583990515
2.286,-0.24,-0.48,-0.7832410368,-37.37,-1.931964661,205.021,-1.629121549,0.2199444188
2.287,-0.19,-0.38,-0.6178298248,-35.37,-1.852762307,206.512,-1.590354865,0.1794390937
2.288,-0.09,-0.18,-0.2905379208,-31.91,-1.710104579,208.471,-1.539843264,0.08939771799
2.289,0.05,0.1,0.15976238,-27.01,-1.495270535,211.283,-1.46816116,-0.05391127466
2.29,0.19,0.38,0.6008362552,-21.53,-1.236151625,214.927,-1.376676328,-0.2299563025
2.291,0.29,0.58,0.9102401912,-17.18,-1.015429303,219.097,-1.273870094,-0.3976064435
2.292,0.36,0.72,1.124022067,-14.25,-0.8588871208,223.533,-1.166632018,-0.554930361
2.293,0.44,0.88,1.365519795,-10.24,-0.6339440111,227.905,-1.063003475,-0.8046918404
2.294,0.59,1.18,1.810207839,-2.28,-0.1488518939,232.552,-0.955013829,-1.639880469
2.295,0.77,1.54,2.329852633,3.48,0.2360754595,237.385,-0.8449673264,-3.826381595
2.296,0.88,1.76,2.639905101,6.27,0.4332972598,243.787,-0.7025952795,-9.802913159
2.297,0.88,1.76,2.639905101,6.24,0.4311382393,251.158,-0.5432330643,-23.55064205
2.298,0.81,1.62,2.443258015,4.33,0.2954013801,256.729,-0.4258603202,-18.72817618
2.299,0.73,1.46,2.215694073,2.21,0.1486608132,257.393,-0.4120410245,-8.412530546
2.3,0.67,1.34,2.043044025,0.81,0.05398132586,257.422,-0.4114382837,-5.715496593
2.301,0.65,1.3,1.98511742,0.28,0.01859448794,255.358,-0.4545072787,-4.553932488
2.302,0.66,1.32,2.014104259,0.5,0.03325311302,253.755,-0.4881975532,-4.427143364
2.303,0.68,1.36,2.071936717,0.89,0.05934440726,252.237,-0.520298157,-4.494890687
2.304,0.68,1.36,2.071936717,1.01,0.06739971161,251.242,-0.5414440516,-4.370765648
2.305,0.66,1.32,2.014104259,0.55,0.03659060203,249.179,-0.58555536,-3.668913587
2.306,0.6,1.2,1.83947712,-1.92,-0.125650087,246.494,-0.6435165178,-2.391519742
2.307,0.48,0.96,1.485138893,-7.71,-0.4854468292,242.711,-0.7262607802,-1.225657808
2.308,0.3,0.6,0.94092168,-15.6,-0.931818505,239.25,-0.803099646,-0.5423435564
2.309,0.13,0.26,0.4129343608,-22.94,-1.304795336,234.616,-0.9077397355,-0.1866340408
2.31,0.02,0.04,0.0640461728,-27.47,-1.516099075,228.987,-1.03766396,-0.02507913692
2.311,-0.02,-0.04,-0.0642344672,-29.15,-1.590992398,224.626,-1.140536095,0.02351594259
2.312,-0.03,-0.06,-0.0964223112,-29.56,-1.608992595,220.352,-1.243312426,0.03380504907
2.313,-0.04,-0.08,-0.1286572288,-30.18,-1.636008085,217.863,-1.304087585,0.04375953821
2.314,-0.07,-0.14,-0.2256444232,-31.31,-1.684619123,215.206,-1.369735915,0.07387629151
2.315,-0.1,-0.2,-0.32305528,-32.88,-1.750833812,213.738,-1.406355291,0.102323703
2.316,-0.14,-0.28,-0.4535954528,-34.36,-1.811868063,211.921,-1.452030392,0.1389735186
2.317,-0.14,-0.28,-0.4535954528,-34.37,-1.812275948,210.438,-1.489600718,0.1373750441
2.318,-0.08,-0.16,-0.2580676352,-32.16,-1.720657414,209.62,-1.510437391,0.07987002883
2.319,0.04,0.08,0.1279040512,-27.88,-1.534546334,209.391,-1.516285209,-0.04192432437
2.32,0.17,0.34,0.5383905848,-22.78,-1.297075882,210.988,-1.475636218,-0.1941747161
2.321,0.29,0.58,0.9102401912,-17.88,-1.051878061,213.603,-1.409735495,-0.3697737969
2.322,0.41,0.82,1.275311199,-12.38,-0.7555532496,217.046,-1.324188136,-0.6132066267
2.323,0.54,1.08,1.663155331,-6.12,-0.3894464619,220.084,-1.249823248,-1.014570892
2.324,0.62,1.24,1.897874461,-1.91,-0.1250039901,223.066,-1.177820807,-1.456738055
2.325,0.62,1.24,1.897874461,-1.8,-0.1178911993,223.097,-1.177077357,-1.46557571
2.326,0.58,1.16,1.780891485,-4.11,-0.2650709474,222.358,-1.194828437,-1.219872756
2.327,0.57,1.14,1.751528057,-4.89,-0.3137397254,220.087,-1.249750322,-1.120268121
2.328,0.63,1.26,1.927002521,-1.41,-0.0925884157,218.755,-1.282227714,-1.401643812
2.329,0.66,1.32,2.014104259,0.34,0.02258804273,218.678,-1.284111202,-1.596565425
2.33,0.62,1.24,1.897874461,-1.69,-0.1107679054,219.456,-1.265111059,-1.379390564
2.331,0.57,1.14,1.751528057,-4.43,-0.2850998976,222.516,-1.191028259,-1.186569099
2.332,0.56,1.12,1.722117555,-5.03,-0.3224207647,226.25,-1.101995841,-1.208998511
2.333,0.59,1.18,1.810207839,-3.03,-0.1968297564,231.364,-0.982414539,-1.535057533
2.334,0.6,1.2,1.83947712,-2.78,-0.1808909279,236.84,-0.8572642372,-1.771871086
2.335,0.51,1.02,1.574358943,-7.21,-0.4554829271,242.847,-0.7232638158,-1.335621034
2.336,0.4,0.8,1.24514752,-12.65,-0.7706406119,249.03,-0.5887554227,-0.9159564162
2.337,0.33,0.66,1.032683705,-16.46,-0.9775598357,255.331,-0.4550729851,-0.720829294
2.338,0.32,0.64,1.002143437,-16.65,-0.9875906969,262.322,-0.3105587095,-0.7719785041
2.339,0.42,0.84,1.305427805,-12.15,-0.7426561335,273.122,-0.09470854557,-1.558971661
2.34,0.61,1.22,1.868699327,-2.46,-0.1604107785,273.348,-0.09028341677,-7.454098907
2.341,0.84,1.68,2.527817779,4.68,0.3200222514,269.405,-0.1680183022,16.62994805
2.342,1.05,2.1,3.10787358,10.02,0.7098678504,257.885,-0.4018244005,10.08907536
2.343,1.18,2.36,3.456552477,13.85,1.006348235,254.805,-0.4661057332,6.398149846
2.344,1.26,2.52,3.667169923,15.54,1.141791095,253.849,-0.4862160873,5.593822036
2.345,1.26,2.52,3.667169923,15.51,1.139361748,255.659,-0.448204748,5.305842125
2.346,1.15,2.3,3.37679422,13.11,0.9479400111,257.111,-0.4179057025,6.37089744
2.347,0.96,1.92,2.861820211,8.19,0.5732330208,254.724,-0.4678067159,27.14521972
2.348,0.74,1.48,2.244304323,2.35,0.1582255076,250.9,-0.5487316327,-5.747168044
2.349,0.54,1.08,1.663155331,-5.13,-0.3286114071,243.618,-0.7063053359,-1.607042636
2.35,0.36,0.72,1.124022067,-12.41,-0.7572324329,236.28,-0.8699291062,-0.6907870179
2.351,0.19,0.38,0.6008362552,-19.57,-1.138394407,230.945,-0.9921121681,-0.2820156775
2.352,0,0,0,-27.2,-1.503890546,225.412,-1.12184832,-0
2.353,-0.18,-0.36,-0.5848888032,-34.54,-1.819200808,221.577,-1.213652608,0.1928509964
2.354,-0.35,-0.7,-1.15128818,-40.96,-2.068392259,216.388,-1.340431913,0.3377376251
2.355,-0.46,-0.92,-1.525031229,-45.25,-2.222207407,211.807,-1.454909126,0.4147356265
2.356,-0.48,-0.96,-1.593596467,-46.06,-2.250172528,206.839,-1.581890144,0.415858665
2.357,-0.41,-0.82,-1.354441921,-43.7,-2.167754002,202.97,-1.682911669,0.3517422795
2.358,-0.28,-0.56,-0.9164173312,-39.63,-2.018691782,200.193,-1.756614787,0.242739845
2.359,-0.19,-0.38,-0.6178298248,-36.55,-1.899774315,200.986,-1.73546435,0.1699557806
2.36,-0.16,-0.32,-0.5191479808,-35.36,-1.852360392,201.853,-1.712435511,0.1456318945
2.361,-0.12,-0.24,-0.3882312192,-34.05,-1.799193764,203.49,-1.669222738,0.1119332753
2.362,-0.03,-0.06,-0.0964223112,-30.83,-1.66406855,204.774,-1.635570872,0.02922207517
2.363,0.09,0.18,0.2867249592,-26.6,-1.476588034,205.181,-1.624947995,-0.09244611589
2.364,0.14,0.28,0.4443690272,-24.54,-1.38101722,206.098,-1.601090915,-0.1490117082
2.365,0.12,0.24,0.3814526208,-25.22,-1.412881174,207.764,-1.55801787,-0.1283963592
2.366,0.12,0.24,0.3814526208,-25.44,-1.423123046,210.209,-1.495425793,-0.1306994132
2.367,0.18,0.36,0.5696369568,-22.94,-1.304795336,212.97,-1.425613446,-0.2086269867
2.368,0.29,0.58,0.9102401912,-18.66,-1.092067572,215.167,-1.370705539,-0.3695996952
2.369,0.36,0.72,1.124022067,-15.59,-0.9312833553,215.608,-1.359751557,-0.4906176074
2.37,0.4,0.8,1.24514752,-13.69,-0.8282256132,216.371,-1.340852239,-0.5740446423
2.371,0.49,0.98,1.514925983,-9.39,-0.5846306229,218.25,-1.294592566,-0.8061447899
2.372,0.63,1.26,1.927002521,-1.84,-0.1204788833,221.654,-1.211793758,-1.446402531
2.373,0.74,1.48,2.244304323,1.94,0.1302644618,227.836,-1.064623474,-2.401972149
2.374,0.78,1.56,2.358274589,2.91,0.1966613113,234.036,-0.9209819775,-3.255843301
2.375,0.81,1.62,2.443258015,3.71,0.252063169,239.683,-0.7934258476,-4.513163008
2.376,0.92,1.84,2.751239245,6.47,0.4477122266,244.148,-0.6946788547,-11.14012555
2.377,1.09,2.18,3.216006719,11.08,0.7904862633,245.612,-0.6626941139,25.16591774
2.378,1.24,2.48,3.614798003,14.93,1.092572757,247.389,-0.6241262766,7.716565618
2.379,1.3,2.6,3.77134888,16.13,1.189753296,249.628,-0.5759237764,6.14396793
2.38,1.3,2.6,3.77134888,16.23,1.197917453,252.43,-0.5162061516,5.532178899
2.381,1.29,2.58,3.745374751,15.91,1.171827865,256.079,-0.4394229084,5.113803121
2.382,1.25,2.5,3.6410075,15.31,1.123189317,261.363,-0.330153144,4.591224997
2.383,1.18,2.36,3.456552477,13.64,0.9897176276,268.317,-0.1896681805,4.320423556
2.384,1.04,2.08,3.080722611,10.22,0.7249955928,266.002,-0.2360274809,6.300457097
2.385,0.86,1.72,2.583955587,5.79,0.3988536725,252.831,-0.5077141031,-23.73640792
2.386,0.68,1.36,2.071936717,1.1,0.07344960963,248.178,-0.6070906243,-3.882641439
2.387,0.49,0.98,1.514925983,-6.35,-0.403462751,243.448,-0.7100399429,-1.360505001
2.388,0.32,0.64,1.002143437,-13.89,-0.8392038172,238.735,-0.8146282549,-0.6059523538
2.389,0.19,0.38,0.6008362552,-19.18,-1.118613657,234.63,-0.9074205,-0.2965578113
2.39,0.12,0.24,0.3814526208,-22.16,-1.266994388,231.387,-0.9818827195,-0.1696191488
2.391,0.06,0.12,0.1915736352,-24.71,-1.389012656,230.362,-1.00563484,-0.0800007665
2.392,0.01,0.02,0.0320466232,-26.97,-1.493452755,230.28,-1.007539573,-0.01281356317
2.393,0.02,0.04,0.0640461728,-26.26,-1.461010498,232.276,-0.9613671475,-0.02643938402
2.394,0.12,0.24,0.3814526208,-22.71,-1.29369302,234.499,-0.9104083776,-0.1730649149
2.395,0.15,0.3,0.47575662,-21.22,-1.220872247,237.276,-0.8474244484,-0.2300233913
2.396,0.04,0.08,0.1279040512,-25.98,-1.448124012,239.194,-0.8043520391,-0.05678375632
2.397,-0.15,-0.3,-0.48634818,-33.81,-1.789341574,239.23,-0.8035468956,0.1875700346
2.398,-0.24,-0.48,-0.7832410368,-37.69,-1.944421352,238.93,-0.8102601305,0.2843308897
2.399,-0.19,-0.38,-0.6178298248,-35.86,-1.872383693,236.988,-0.8539220961,0.2266179485
2.4,-0.07,-0.14,-0.2256444232,-31.75,-1.703330398,233.388,-0.9358156284,0.08549902923
2.401,0.02,0.04,0.0640461728,-28.32,-1.554221063,228.28,-1.054207699,-0.02455354493
2.402,0.06,0.12,0.1915736352,-26.82,-1.486626648,223.239,-1.173673195,-0.07201204621
2.403,0.06,0.12,0.1915736352,-26.78,-1.484803834,220.464,-1.240593831,-0.07029199358
2.404,0.05,0.1,0.15976238,-27.31,-1.508870189,219.29,-1.269159415,-0.05750924316
2.405,0.06,0.12,0.1915736352,-26.86,-1.4884484,223.031,-1.178660311,-0.07182820648
2.406,0.13,0.26,0.4129343608,-24.09,-1.359757635,228.387,-1.05170062,-0.1712384445
2.407,0.27,0.54,0.8487359928,-18.51,-1.084373424,235.919,-0.8781093454,-0.4324807362
2.408,0.45,0.9,1.39549518,-10.5,-0.6489126003,242.897,-0.7221624126,-1.017810964
2.409,0.64,1.28,1.956083507,-0.46,-0.03039792141,247.603,-0.619500343,-3.009830329
2.41,0.77,1.54,2.329852633,3.09,0.2090759895,250.742,-0.5521017653,-6.792062863
2.411,0.77,1.54,2.329852633,3.2,0.2166772187,250.163,-0.5644699843,-6.698968072
2.412,0.66,1.32,2.014104259,0.41,0.02725121946,248.863,-0.5923443465,-3.564198824
2.413,0.52,1.04,1.604004813,-6.97,-0.4410271742,246.49,-0.6436033361,-1.478849062
2.414,0.42,0.84,1.305427805,-11.84,-0.7252074927,244.343,-0.6904075373,-0.9221630013
2.415,0.42,0.84,1.305427805,-11.81,-0.7235149112,244.182,-0.6939338667,-0.9209700027
2.416,0.47,0.94,1.455304729,-9.4,-0.585214155,244.324,-0.690823567,-1.140487231
2.417,0.53,1.06,1.633603609,-6.44,-0.4089354179,245.425,-0.6667689598,-1.5186362
2.418,0.59,1.18,1.810207839,-2.99,-0.1942831505,246.941,-0.6338234452,-2.185959934
2.419,0.64,1.28,1.956083507,-0.34,-0.02248599305,245.054,-0.6748624781,-2.80503018
2.42,0.63,1.26,1.927002521,-0.94,-0.06191919878,244.069,-0.696410257,-2.541115219
2.421,0.5,1,1.544666,-5.92,-0.3772225855,240.821,-0.7680844919,-1.34869157
2.422,0.21,0.42,0.6630936312,-16.65,-0.9875906969,239.879,-0.7890526902,-0.3732283226
2.423,-0.12,-0.24,-0.3882312192,-28.46,-1.560454755,237.767,-0.8363650246,0.1619776433
2.424,-0.28,-0.56,-0.9164173312,-34.27,-1.80819439,235.076,-0.8972605245,0.3387294781
2.425,-0.28,-0.56,-0.9164173312,-34.06,-1.799603517,232.001,-0.9677049595,0.331158358
2.426,-0.27,-0.54,-0.8830526472,-33.87,-1.791807888,227.895,-1.063238227,0.3092954061
2.427,-0.43,-0.86,-1.422536423,-39.41,-2.01037604,227.259,-1.078189659,0.460581565
2.428,-0.75,-1.5,-2.5376565,-50.66,-2.402829111,224.964,-1.132491875,0.7178008758
2.429,-0.97,-1.94,-3.332263271,-58.52,-2.641215482,217.332,-1.317143118,0.841829558
2.43,-0.83,-1.66,-2.823968295,-54.33,-2.517489121,209.289,-1.518891973,0.6996287589
2.431,-0.41,-0.82,-1.354441921,-40.86,-2.064689263,202.883,-1.685205357,0.3611946622
2.432,-0.01,-0.02,-0.0320936968,-27.07,-1.49799522,196.411,-1.858652655,0.0095612343
2.433,0.05,0.1,0.15976238,-24.74,-1.390421573,192.986,-1.952768545,-0.04778740495
2.434,-0.25,-0.5,-0.8164645,-35.82,-1.870787259,189.967,-2.037123463,0.2089260881
2.435,-0.6,-1.2,-2.00894208,-48.97,-2.34793628,189.613,-2.04710239,0.4570931522
2.436,-0.78,-1.56,-2.644670371,-55.81,-2.562038156,191.187,-2.002874723,0.579347392
2.437,-0.82,-1.64,-2.788014563,-56.94,-2.59542336,192.414,-1.9686492,0.6108611392
2.438,-0.77,-1.54,-2.608952007,-55.66,-2.55756592,191.944,-1.981733362,0.5747477408
2.439,-0.69,-1.38,-2.324899745,-53.03,-2.47756865,192.481,-1.966786614,0.5231129392
2.44,-0.56,-1.12,-1.869740365,-49.06,-2.350893876,193.477,-1.939174222,0.4358299967
2.441,-0.43,-0.86,-1.422536423,-44.83,-2.207575034,195.232,-1.890863975,0.3470922515
2.442,-0.33,-0.66,-1.083946855,-41.62,-2.092695215,196.016,-1.869422814,0.2735776287
2.443,-0.29,-0.58,-0.9498290888,-40.21,-2.040485889,196.147,-1.865848535,0.2431509916
2.444,-0.3,-0.6,-0.98328792,-40.33,-2.044971729,195.946,-1.871333714,0.2510753909
2.445,-0.31,-0.62,-1.016793825,-40.88,-2.0654303,196.319,-1.861159212,0.2589508839
2.446,-0.32,-0.64,-1.050346803,-41.14,-2.07504387,196.746,-1.84953543,0.2676329672
2.447,-0.32,-0.64,-1.050346803,-41.15,-2.075412886,197.635,-1.825415819,0.269262478
2.448,-0.3,-0.6,-0.98328792,-40.63,-2.05615157,199.335,-1.779593437,0.256348615
2.449,-0.29,-0.58,-0.9498290888,-40.13,-2.037490905,201.547,-1.720552023,0.252745673
2.45,-0.32,-0.64,-1.050346803,-41.35,-2.082781747,204.164,-1.651531739,0.2812690491
2.451,-0.36,-0.72,-1.185029453,-43.23,-2.150994711,207.658,-1.560748106,0.3192649683
2.452,-0.34,-0.68,-1.117593981,-42.41,-2.121475107,213.087,-1.422675107,0.3153348231
2.453,-0.2,-0.4,-0.65081792,-37.85,-1.950627645,219.018,-1.275799496,0.2017147425
2.454,0,0,0,-30.69,-1.658047328,224.632,-1.140393192,-0
2.455,0.19,0.38,0.6008362552,-23.71,-1.341697053,230.259,-1.00802748,-0.2557049759
2.456,0.33,0.66,1.032683705,-17.81,-1.048249465,235.133,-0.8959634417,-0.5311577251
2.457,0.48,0.96,1.485138893,-10.95,-0.6746925819,237.12,-0.850943028,-0.9734558391
2.458,0.64,1.28,1.956083507,-2.89,-0.1879106268,239.457,-0.7984728071,-1.983086333
2.459,0.76,1.52,2.301383603,1.81,0.1214303351,242.44,-0.7322376829,-3.767773278
2.46,0.83,1.66,2.499678265,3.59,0.2437157346,246.303,-0.6476636618,-6.188120043
2.461,0.85,1.7,2.55591022,4.02,0.2736882735,251.514,-0.5356551594,-9.756615655
2.462,0.81,1.62,2.443258015,3.1,0.2097665561,257.133,-0.4174479432,-11.76445347
2.463,0.76,1.52,2.301383603,1.69,0.1132892213,264.148,-0.2734468544,-14.3694906
2.464,0.75,1.5,2.2728675,1.43,0.0956944162,272.3,-0.11083442,-150.1233114
2.465,0.82,1.64,2.471491677,3.2,0.2166772187,270.907,-0.1382735595,31.52265726
2.466,0.93,1.86,2.778955097,5.97,0.4117448525,269.152,-0.1730448828,11.6420421
2.467,0.99,1.98,2.944261663,7.58,0.5283974863,266.54,-0.2252178133,9.7112766
2.468,0.97,1.94,2.889347769,7,0.4860930969,255.716,-0.4470120811,73.93225864
2.469,0.87,1.74,2.611953881,4.48,0.3059393875,254.999,-0.4620339721,-16.7331486
2.47,0.71,1.42,2.158332351,0.39,0.0259184403,254.411,-0.4743847363,-4.812696897
2.471,0.5,1,1.544666,-7.92,-0.497970509,252.307,-0.5188136482,-1.519168045
2.472,0.28,0.56,0.8795116288,-16.44,-0.976502386,249.315,-0.5826361673,-0.5641010075
2.473,0.12,0.24,0.3814526208,-22.25,-1.271377732,244.327,-0.690757876,-0.1944068591
2.474,0.07,0.14,0.2233378168,-24.3,-1.369695999,239.339,-0.8011098384,-0.1028824471
2.475,0.06,0.12,0.1915736352,-24.44,-1.376304822,233.161,-0.9410217272,-0.08267010761
2.476,0.02,0.04,0.0640461728,-26.07,-1.452271815,228.166,-1.056880085,-0.02552502812
2.477,-0.12,-0.24,-0.3882312192,-30.95,-1.669219767,227.093,-1.082098963,0.1411073224
2.478,-0.3,-0.6,-0.98328792,-37.87,-1.951402401,225.372,-1.122797777,0.3198516242
2.479,-0.48,-0.96,-1.593596467,-44.43,-2.193554939,222.768,-1.184972798,0.4716837012
2.48,-0.61,-1.22,-2.043860193,-49.19,-2.355159087,218.803,-1.281053927,0.5620848353
2.481,-0.71,-1.42,-2.395630369,-52.68,-2.466692194,214.196,-1.39490352,0.6203731685
2.482,-0.8,-1.6,-2.71624832,-55.86,-2.563526774,208.971,-1.527027106,0.6640294687
2.483,-0.88,-1.76,-3.004443059,-58.92,-2.652647524,204.129,-1.652448972,0.6978805381
2.484,-0.94,-1.88,-3.222566205,-61.1,-2.713841472,198.627,-1.798629445,0.7141466979
2.485,-0.95,-1.9,-3.25908482,-61.21,-2.716880422,194.669,-1.906314318,0.7049421457
2.486,-0.88,-1.76,-3.004443059,-59.2,-2.660611859,191.611,-1.991023036,0.6458896983
2.487,-0.77,-1.54,-2.608952007,-55.91,-2.565014329,190.687,-2.016884587,0.5694040953
2.488,-0.66,-1.32,-2.219156861,-52.31,-2.45513415,191.172,-2.003294485,0.4977441701
2.489,-0.55,-1.1,-1.83505762,-48.92,-2.346291487,194.545,-1.90972324,0.4311680616
2.49,-0.46,-0.92,-1.525031229,-45.96,-2.246738067,198.921,-1.790716437,0.3777209693
2.491,-0.4,-0.8,-1.32046528,-44,-2.17839078,204.71,-1.637243221,0.3460670703
2.492,-0.4,-0.8,-1.32046528,-44.13,-2.182985445,210.859,-1.478908258,0.3605962891
2.493,-0.41,-0.82,-1.354441921,-44.39,-2.192148375,214.224,-1.394204207,0.3776655781
2.494,-0.29,-0.58,-0.9498290888,-40.53,-2.052430465,217.928,-1.302491637,0.2831150948
2.495,-0.03,-0.06,-0.0964223112,-31.54,-1.694415094,221.278,-1.22087687,0.0330746671
2.496,0.27,0.54,0.8487359928,-20.23,-1.171619478,226.592,-1.093914876,-0.3746294958
2.497,0.46,0.92,1.425423491,-11.53,-0.7076833433,234.715,-0.905482693,-0.8836185855
2.498,0.53,1.06,1.633603609,-8.15,-0.5116455393,242.368,-0.7338267656,-1.31163383
2.499,0.57,1.14,1.751528057,-6.47,-0.4107581458,248.968,-0.5900875565,-1.750048037
2.5,0.59,1.18,1.810207839,-5.2,-0.3329398539,253.586,-0.4917618227,-2.194985036
2.501,0.56,1.12,1.722117555,-6.39,-0.4058958778,252.577,-0.5130915412,-1.873929414
2.502,0.47,0.94,1.455304729,-10.15,-0.6287500019,250.804,-0.5507790551,-1.233801508
2.503,0.33,0.66,1.032683705,-15.31,-0.9162684814,245.493,-0.6652868385,-0.6529545263
2.504,0.2,0.4,0.63198848,-20.37,-1.178626991,241.626,-0.7502307008,-0.3276490964
2.505,0.07,0.14,0.2233378168,-25.27,-1.415211742,240.291,-0.7798717729,-0.1017445647
2.506,-0.08,-0.16,-0.2580676352,-30.86,-1.665357204,239.575,-0.795837075,0.104854638
2.507,-0.24,-0.48,-0.7832410368,-36.69,-1.905297862,238.582,-0.8180580511,0.2876014233
2.508,-0.37,-0.74,-1.218817799,-41.61,-2.092328755,236.161,-0.8726242576,0.4110749122
2.509,-0.46,-0.92,-1.525031229,-45.05,-2.215250909,230.989,-0.9910929749,0.4756293411
2.51,-0.53,-1.06,-1.765833351,-47.34,-2.29369025,226.146,-1.104455633,0.5196461282
2.511,-0.59,-1.18,-1.974071041,-49.68,-2.371162954,222.991,-1.179619905,0.5559537487
2.512,-0.69,-1.38,-2.324899745,-53.44,-2.490239855,219.717,-1.258752061,0.6201399729
2.513,-0.8,-1.6,-2.71624832,-57.43,-2.609734308,217.508,-1.31281233,0.6924706244
2.514,-0.87,-1.74,-2.968253959,-59.95,-2.681791855,213.892,-1.402501959,0.7267483912
2.515,-0.89,-1.78,-3.040679233,-60.58,-2.699412781,207.239,-1.571553924,0.711941685
2.516,-0.86,-1.72,-2.932111933,-59.79,-2.677292046,201.847,-1.71259454,0.6679243017
2.517,-0.84,-1.68,-2.859969101,-59.03,-2.655780098,195.407,-1.886070547,0.629692459
2.518,-0.82,-1.64,-2.788014563,-58.66,-2.645224006,188.652,-2.074286301,0.5907423401
2.519,-0.81,-1.62,-2.752107905,-58.19,-2.631735519,186.575,-2.133514787,0.5775369032
2.52,-0.8,-1.6,-2.71624832,-57.99,-2.625968598,186.453,-2.137014256,0.5702830354
2.521,-0.8,-1.6,-2.71624832,-58.04,-2.627411854,187.57,-2.105059175,0.5739598412
2.522,-0.8,-1.6,-2.71624832,-57.97,-2.625391011,188.219,-2.086579903,0.5764569369
2.523,-0.79,-1.58,-2.680435809,-57.56,-2.613514446,188.872,-2.068050936,0.5725511854
2.524,-0.77,-1.54,-2.608952007,-57.11,-2.60039965,188.352,-2.082800802,0.5570874093
2.525,-0.75,-1.5,-2.5376565,-56.46,-2.581307624,188.04,-2.09167028,0.5430491118
2.526,-0.68,-1.36,-2.289605043,-54.25,-2.515054007,188.171,-2.087944445,0.4974159924
2.527,-0.56,-1.12,-1.869740365,-50.41,-2.394793978,190.168,-2.031465736,0.4224199405
2.528,-0.46,-0.92,-1.525031229,-47.27,-2.291331483,191.453,-1.995436398,0.3557531621
2.529,-0.43,-0.86,-1.422536423,-46.41,-2.262153406,191.677,-1.989180557,0.3346094274
2.53,-0.44,-0.88,-1.456654285,-46.79,-2.27509155,191.805,-1.985609073,0.3418813978
2.531,-0.42,-0.84,-1.388465635,-46.1,-2.251544897,192.578,-1.964091183,0.3293608862
2.532,-0.38,-0.76,-1.252653219,-44.65,-2.201276226,193.225,-1.946147034,0.3020316811
2.533,-0.39,-0.78,-1.286535713,-45.12,-2.217688016,194.783,-1.903182225,0.3122000057
2.534,-0.44,-0.88,-1.456654285,-46.93,-2.279840039,196.671,-1.85157525,0.3525799715
2.535,-0.4,-0.8,-1.32046528,-45.83,-2.242265703,198.491,-1.802293847,0.3264793765
2.536,-0.24,-0.48,-0.7832410368,-40.59,-2.054663788,201.397,-1.724535206,0.2072505412
2.537,-0.01,-0.02,-0.0320936968,-32.82,-1.748331297,203.658,-1.664807635,0.009402985766
2.538,0.18,0.36,0.5696369568,-25.78,-1.438887238,207.988,-1.552252895,-0.1904414142
2.539,0.29,0.58,0.9102401912,-21.34,-1.226794912,212.35,-1.441211125,-0.341168715
2.54,0.35,0.7,1.09362302,-18.8,-1.09923396,218.344,-1.292288824,-0.4572914911
2.541,0.39,0.78,1.214936767,-17.27,-1.02013588,225.225,-1.12628848,-0.5660282236
2.542,0.42,0.84,1.305427805,-15.75,-0.939836696,232.833,-0.9485531559,-0.6912914743
2.543,0.47,0.94,1.455304729,-13.72,-0.8298743071,240.211,-0.7816532431,-0.9030591681
2.544,0.53,1.06,1.633603609,-10.81,-0.6666893869,247.14,-0.6295138277,-1.260298995
2.545,0.63,1.26,1.927002521,-5.69,-0.3631238695,252.567,-0.513303362,-2.198702244
2.546,0.79,1.58,2.386649471,1.46,0.09772149724,258.852,-0.3818008448,-8.401348044
2.547,0.97,1.94,2.889347769,6.1,0.4210739205,269.641,-0.1633337295,11.21031127
2.548,1.11,2.22,3.269790847,9.71,0.6864961027,270.594,-0.1444584056,6.032404876
2.549,1.16,2.32,3.403427379,11.15,0.7958485199,269.387,-0.1683757685,5.424024186
2.55,1.15,2.3,3.37679422,10.88,0.7751918079,267.501,-0.2059632784,5.932229403
2.551,1.14,2.28,3.350113987,10.45,0.7424402967,262.948,-0.2978067854,7.534551269
2.552,1.15,2.3,3.37679422,10.86,0.7736645018,250.348,-0.5605150261,15.84237638
2.553,1.21,2.42,3.535887071,12.48,0.8986415616,246.084,-0.6524227236,14.36074956
2.554,1.21,2.42,3.535887071,12.48,0.8986415616,241.929,-0.7435259817,22.79517682
2.555,1.04,2.08,3.080722611,8.06,0.5636483326,238.999,-0.8087153404,-12.57093984
2.556,0.71,1.42,2.158332351,-0.72,-0.04749702857,236.697,-0.8604954526,-2.377037691
2.557,0.36,0.72,1.124022067,-17.18,-1.015429303,236.498,-0.8649952891,-0.5977490785
2.558,0.16,0.32,0.5070971392,-26.14,-1.455494137,236.692,-0.8606084675,-0.21894416
2.559,0.14,0.28,0.4443690272,-27.12,-1.500263974,238.158,-0.8275743518,-0.1908934234
2.56,0.19,0.38,0.6008362552,-25.43,-1.422658215,238.767,-0.8139111898,-0.2686419003
2.561,0.25,0.5,0.7870435,-22.95,-1.305277211,237.069,-0.8520938349,-0.3648160113
2.562,0.33,0.66,1.032683705,-19.65,-1.142438401,234.284,-0.9153157658,-0.5018498914
2.563,0.43,0.86,1.335497337,-15.26,-0.9135810115,229.018,-1.036939732,-0.6846875848
2.564,0.52,1.04,1.604004813,-11.1,-0.6832501861,224.133,-1.152290961,-0.8738593604
2.565,0.57,1.14,1.751528057,-8.98,-0.5606363342,220.615,-1.236930769,-0.974388135
2.566,0.56,1.12,1.722117555,-9.14,-0.5700161114,218.654,-1.284698399,-0.9285081587
2.567,0.55,1.1,1.69265998,-9.95,-0.6171845625,220.177,-1.247562998,-0.9077153477
2.568,0.54,1.08,1.663155331,-10.51,-0.6494872388,221.815,-1.207909157,-0.8954229343
2.569,0.53,1.06,1.633603609,-11.01,-0.6781177632,223.644,-1.163976023,-0.8868189127
2.57,0.53,1.06,1.633603609,-10.96,-0.6752636437,225.227,-1.126240972,-0.9067995689
2.571,0.57,1.14,1.751528057,-9.18,-0.5723578229,226.147,-1.104431976,-1.044572228
2.572,0.64,1.28,1.956083507,-5.21,-0.3335578673,227.163,-1.080450113,-1.383361009
2.573,0.71,1.42,2.158332351,-1.33,-0.08738173801,228.372,-1.052052009,-1.894214873
2.574,0.74,1.48,2.244304323,0.15,0.009952714238,230.263,-1.007934542,-2.248842876
2.575,0.77,1.54,2.329852633,0.88,0.05867371064,233.195,-0.9402416364,-2.642850953
2.576,0.85,1.7,2.55591022,2.97,0.2007962711,236.905,-0.8557961479,-3.902153742
2.577,0.98,1.96,2.916828253,6.18,0.4268227197,241.957,-0.7429068276,-9.228012986
2.578,1.07,2.14,3.162034297,8.53,0.5983766111,247.034,-0.6318089707,-94.58005164
2.579,1.06,2.12,3.134977475,8.34,0.5843122259,250.913,-0.5484544378,87.4280776
2.58,1,2,2.971648,6.84,0.4744786461,254.258,-0.4776031358,-951.0826746
2.581,0.98,1.96,2.916828253,6.24,0.4311382393,259.252,-0.3735399535,50.64088647
2.582,1,2,2.971648,6.85,0.4752038448,270.819,-0.1400117076,8.865506288
2.583,1.04,2.08,3.080722611,7.72,0.5386564538,271.688,-0.1228721906,7.409425714
2.584,1.03,2.06,3.053524569,7.63,0.532059276,272.335,-0.1101468035,7.237341315
2.585,0.97,1.94,2.889347769,5.99,0.4131790684,271.762,-0.1214152028,9.903034988
2.586,0.9,1.8,2.69566632,4.17,0.2841836115,270.427,-0.147761235,19.75970797
2.587,0.87,1.74,2.611953881,3.39,0.2298325276,265.496,-0.2462141638,-159.4440168
2.588,0.84,1.68,2.527817779,2.59,0.1746632724,257.987,-0.3997087593,-11.23247488
2.589,0.74,1.48,2.244304323,-0.03,-0.001988158449,246.245,-0.6489236405,-3.447939224
2.59,0.53,1.06,1.633603609,-8.82,-0.5512358423,242.073,-0.7403425237,-1.264811839
2.591,0.26,0.52,0.8179132832,-19.5,-1.134852121,238.161,-0.82750696,-0.4168010285
2.592,0.04,0.08,0.1279040512,-28.27,-1.551991655,233.984,-0.9221708156,-0.05169589819
2.593,-0.08,-0.16,-0.2580676352,-32.92,-1.752500929,231.578,-0.9774683467,0.09453133319
2.594,-0.11,-0.22,-0.3556197128,-34.01,-1.79755415,229.364,-1.028863061,0.1258199644
2.595,-0.16,-0.32,-0.5191479808,-35.92,-1.874776576,227.709,-1.067606494,0.1764379309
2.596,-0.3,-0.6,-0.98328792,-41.43,-2.085723197,223.745,-1.161560452,0.3028032123
2.597,-0.5,-1,-1.66235,-48.82,-2.342998286,214.104,-1.397201909,0.4444548187
2.598,-0.62,-1.24,-2.078825379,-53.54,-2.49331903,204.134,-1.652317929,0.501448969
2.599,-0.58,-1.16,-1.939247075,-52.28,-2.454194293,196.452,-1.857535981,0.4497607578
2.6,-0.46,-0.92,-1.525031229,-48.45,-2.330771418,191.249,-2.001140053,0.3520457976
2.601,-0.38,-0.76,-1.252653219,-45.82,-2.24192132,189.988,-2.036532078,0.2927817842
2.602,-0.34,-0.68,-1.117593981,-44.4,-2.192500093,190.701,-2.016491811,0.2655253339
2.603,-0.31,-0.62,-1.016793825,-43.5,-2.160636602,192.713,-1.960342068,0.2467360077
2.604,-0.31,-0.62,-1.016793825,-43.46,-2.159210598,194.309,-1.916217195,0.2494937652
2.605,-0.31,-0.62,-1.016793825,-43.68,-2.167043207,194.641,-1.907083885,0.2495734183
2.606,-0.28,-0.56,-0.9164173312,-42.48,-2.124009057,194.24,-1.918117341,0.2267166439
2.607,-0.18,-0.36,-0.5848888032,-39.2,-2.002413015,194.529,-1.910163259,0.1494894316
2.608,-0.04,-0.08,-0.1286572288,-34.65,-1.823672362,194.976,-1.897883822,0.03457081458
2.609,0.07,0.14,0.2233378168,-30.73,-1.659768938,197.14,-1.838832329,-0.06383631621
2.61,0.16,0.32,0.5070971392,-27.36,-1.511131026,199.573,-1.773209508,-0.1543984657
2.611,0.28,0.56,0.8795116288,-22.47,-1.282068703,202.858,-1.685864644,-0.2963380662
2.612,0.43,0.86,1.335497337,-16.42,-0.9754446372,206.611,-1.587790738,-0.5210201724
2.613,0.55,1.1,1.69265998,-10.74,-0.6626819535,209.618,-1.510488436,-0.7788896758
2.614,0.64,1.28,1.956083507,-6.1,-0.3882255741,214.317,-1.391882142,-1.098856822
2.615,0.7,1.4,2.12958088,-3.1,-0.2012830138,217.568,-1.311336726,-1.407875902
2.616,0.71,1.42,2.158332351,-2.38,-0.1552769498,221.411,-1.217662198,-1.57205245
2.617,0.69,1.38,2.100782335,-3.56,-0.2304428934,225.016,-1.131255376,-1.542766399
2.618,0.66,1.32,2.014104259,-5.37,-0.3434346626,228.642,-1.045730539,-1.449866623
2.619,0.63,1.26,1.927002521,-7.07,-0.4470561776,234.143,-0.9185365452,-1.411110713
2.62,0.62,1.24,1.897874461,-7.66,-0.4824596762,239.411,-0.7995006478,-1.480447113
2.621,0.65,1.3,1.98511742,-5.73,-0.3655789946,242.504,-0.730825561,-1.810570204
2.622,0.74,1.48,2.244304323,-1.06,-0.06976797991,245.905,-0.656315697,-3.090972011
2.623,0.83,1.66,2.499678265,1.9,0.1275446522,247.136,-0.629600419,-4.978885674
2.624,0.89,1.78,2.667809247,3.32,0.2249820134,248.378,-0.6027809389,-7.061452712
2.625,0.89,1.78,2.667809247,3.38,0.2291393239,249.806,-0.5721102593,-7.77852865
2.626,0.87,1.74,2.611953881,2.71,0.1829016744,252.249,-0.5200436405,-7.747341308
2.627,0.84,1.68,2.527817779,2.03,0.1363892916,260.53,-0.3472315635,-11.98914125
2.628,0.81,1.62,2.443258015,1.28,0.08557108238,264.177,-0.2728595265,-13.04542855
2.629,0.75,1.5,2.2728675,-0.45,-0.0297390777,262.075,-0.3155985937,-6.581579967
2.63,0.64,1.28,1.956083507,-5.19,-0.3323217565,259.152,-0.3756039808,-2.763119638
2.631,0.5,1,1.544666,-10.92,-0.6729789208,246.247,-0.648880188,-1.168555703
2.632,0.41,0.82,1.275311199,-14.71,-0.8838935973,241.979,-0.7424203996,-0.7841727991
2.633,0.38,0.76,1.184678941,-15.9,-0.9478379292,237.381,-0.845057476,-0.6607629967
2.634,0.3,0.6,0.94092168,-18.88,-1.103322625,232.128,-0.9647771097,-0.4549691991
2.635,0.05,0.1,0.15976238,-28.79,-1.575098129,228.172,-1.0567394,-0.06070373959
2.636,-0.27,-0.54,-0.8830526472,-41.2,-2.077257144,225.702,-1.114969792,0.2766258994
2.637,-0.38,-0.76,-1.252653219,-45.3,-2.22394333,222.224,-1.198053489,0.366059142
2.638,-0.2,-0.4,-0.65081792,-39.16,-2.000893443,217.079,-1.323374775,0.1957778005
2.639,0.08,0.16,0.2550549248,-29.65,-1.612929428,212.914,-1.427020402,-0.08390103097
2.64,0.17,0.34,0.5383905848,-26.28,-1.461928957,210.153,-1.496851231,-0.1819636981
2.641,0.05,0.1,0.15976238,-31.2,-1.679922391,207.255,-1.571140891,-0.04914157804
2.642,-0.08,-0.16,-0.2580676352,-36.48,-1.897008256,202.301,-1.700574681,0.07173361663
2.643,-0.12,-0.24,-0.3882312192,-38.23,-1.965308913,199.491,-1.775408153,0.1037852402
2.644,-0.13,-0.26,-0.4208897992,-38.68,-1.982588323,196.428,-1.858189615,0.109584518
2.645,-0.14,-0.28,-0.4535954528,-39.04,-1.996329333,194.171,-1.920018163,0.1158210433
2.646,-0.11,-0.22,-0.3556197128,-38.07,-1.959137374,192.603,-1.963396704,0.09066070701
2.647,-0.02,-0.04,-0.0642344672,-34.8,-1.829758262,195.634,-1.879859177,0.01731565808
2.648,0.12,0.24,0.3814526208,-29.79,-1.619043092,199.511,-1.774871815,-0.112393101
2.649,0.25,0.5,0.7870435,-24.84,-1.395113547,204.079,-1.653759579,-0.2581424243
2.65,0.34,0.68,1.063176899,-21.25,-1.22235387,211.13,-1.472036751,-0.3945889995
2.651,0.4,0.8,1.24514752,-18.94,-1.106386066,216.928,-1.327097527,-0.5116728642
2.652,0.44,0.88,1.365519795,-17.29,-1.02118097,220.919,-1.229563724,-0.6066968851
2.653,0.49,0.98,1.514925983,-15.13,-0.9065847222,226.548,-1.094953848,-0.7568807345
2.654,0.58,1.16,1.780891485,-10.99,-0.6769763532,230.996,-0.9909308484,-1.067740149
2.655,0.72,1.44,2.187036749,-3.83,-0.2474743014,238.197,-0.8266983245,-2.036019813
2.656,0.89,1.78,2.667809247,2.56,0.1726057065,245.293,-0.6696471914,-5.367377429
2.657,1.05,2.1,3.10787358,6.83,0.4737535413,249.525,-0.5781317167,-29.77512845
2.658,1.2,2.4,3.50948928,10.88,0.7751918079,254.171,-0.4794340699,11.86609454
2.659,1.32,2.64,3.823155917,14.03,1.020638008,260.526,-0.3473137044,5.678030476
2.66,1.36,2.72,3.926205107,14.96,1.094984571,269.286,-0.1703819949,4.246370505
2.661,1.32,2.64,3.823155917,14.1,1.02620387,270.966,-0.1371085264,4.300051668
2.662,1.24,2.48,3.614798003,11.95,0.857471161,271.969,-0.117341681,4.884007597
2.663,1.17,2.34,3.430013465,10.2,0.7234810798,270.759,-0.1411971324,5.890619997
2.664,1.13,2.26,3.323386681,9.25,0.6519858091,268.186,-0.1922808407,7.22939039
2.665,1.09,2.18,3.216006719,8.18,0.5724951674,257.345,-0.4130388137,20.16857055
2.666,1.04,2.08,3.080722611,6.76,0.4686804357,252.148,-0.5221861989,-57.57739785
2.667,1.01,2.02,2.998987263,5.95,0.4103110093,253.799,-0.4872699671,-38.9686574
2.668,1.05,2.1,3.10787358,6.97,0.4839135551,255.767,-0.4459451835,81.8542763
2.669,1.11,2.22,3.269790847,8.76,0.6154479405,260.159,-0.3548555015,12.5475277
2.67,1.11,2.22,3.269790847,8.6,0.6035668934,269.403,-0.1680580195,7.507977548
2.671,1,2,2.971648,5.77,0.3974231805,274.545,-0.06690673487,8.990923262
2.672,0.87,1.74,2.611953881,2.47,0.1664378882,274.563,-0.06655598419,26.15042141
2.673,0.83,1.66,2.499678265,1.17,0.07816007964,273.281,-0.09159490958,-186.059539
2.674,0.82,1.64,2.471491677,1.01,0.06739971161,271.811,-0.1204506589,-46.5871356
2.675,0.74,1.48,2.244304323,-1.88,-0.123065179,268.959,-0.176882567,-7.482317679
2.676,0.59,1.18,1.810207839,-7.95,-0.4997566601,265.492,-0.2462947683,-2.426384791
2.677,0.49,0.98,1.514925983,-11.7,-0.7173027255,259.351,-0.3714973505,-1.39137204
2.678,0.46,0.92,1.425423491,-12.82,-0.780110914,247.452,-0.6227640209,-1.016073105
2.679,0.39,0.78,1.214936767,-15.68,-0.9360969855,244.073,-0.6963225776,-0.7442552115
2.68,0.19,0.38,0.6008362552,-23.54,-1.333585162,240.819,-0.7681289235,-0.285879159
2.681,-0.09,-0.18,-0.2905379208,-34.18,-1.804515842,236.407,-0.8670542651,0.1087517487
2.682,-0.29,-0.58,-0.9498290888,-41.68,-2.09489284,231.95,-0.9688811613,0.3100193057
2.683,-0.35,-0.7,-1.15128818,-43.86,-2.173432812,224.287,-1.148616281,0.3465596528
2.684,-0.31,-0.62,-1.016793825,-42.8,-2.135559514,217.087,-1.323177616,0.2939783472
2.685,-0.23,-0.46,-0.7500646472,-39.95,-2.030739225,212.669,-1.433180188,0.2165364022
2.686,-0.1,-0.2,-0.32305528,-35.78,-1.869189884,208.57,-1.537303226,0.09483514853
2.687,0.05,0.1,0.15976238,-30.25,-1.63904284,209.067,-1.524569913,-0.05049997976
2.688,0.24,0.48,0.7561266432,-23.23,-1.318741538,209.881,-1.503780195,-0.2678904592
2.689,0.4,0.8,1.24514752,-16.52,-0.9807303901,219.499,-1.264062888,-0.5546824878
2.69,0.48,0.96,1.485138893,-12.94,-0.7867822989,223.289,-1.172475062,-0.7580111336
2.691,0.47,0.94,1.455304729,-13.41,-0.8128043309,226.183,-1.103580385,-0.7594011351
2.692,0.42,0.84,1.305427805,-15.41,-0.9216377426,227.989,-1.061031964,-0.6584192015
2.693,0.36,0.72,1.124022067,-17.46,-1.030052276,227.961,-1.061689053,-0.5373618867
2.694,0.26,0.52,0.8179132832,-21.58,-1.238609678,227.672,-1.068475876,-0.3545223028
2.695,0.09,0.18,0.2867249592,-28.1,-1.544399488,226.492,-1.096276469,-0.1085801378
2.696,-0.07,-0.14,-0.2256444232,-34.19,-1.80492481,225.887,-1.110586381,0.07739446306
2.697,-0.12,-0.24,-0.3882312192,-36.37,-1.892655812,225.247,-1.125765917,0.1286206018
2.698,-0.08,-0.16,-0.2580676352,-35,-1.837851888,225.458,-1.120756653,0.08722601576
2.699,-0.07,-0.14,-0.2256444232,-34.49,-1.817165885,225.734,-1.114211323,0.07697556716
2.7,-0.13,-0.26,-0.4208897992,-36.85,-1.91159652,226.257,-1.101830319,0.1396714842
2.701,-0.21,-0.42,-0.6838530888,-39.99,-2.032241151,227.035,-1.083465538,0.219485708
2.702,-0.26,-0.52,-0.8497350368,-41.8,-2.099282249,227.666,-1.06861687,0.268232985
2.703,-0.29,-0.58,-0.9498290888,-42.96,-2.141314298,226.506,-1.095945783,0.2934052455
2.704,-0.3,-0.6,-0.98328792,-43.27,-2.152425566,223.433,-1.169025937,0.2960416309
2.705,-0.21,-0.42,-0.6838530888,-40.55,-2.053175126,217.792,-1.305831396,0.2035879015
2.706,-0.06,-0.12,-0.1932682848,-35.35,-1.851958417,213.009,-1.42463382,0.05898453967
2.707,0.1,0.2,0.31834792,-29.57,-1.609430277,212.227,-1.444310916,-0.1042484939
2.708,0.23,0.46,0.7251627128,-24.82,-1.394175695,211.893,-1.452737306,-0.2547189578
2.709,0.32,0.64,1.002143437,-21.2,-1.219884144,212.177,-1.445571507,-0.3759745304
2.71,0.42,0.84,1.305427805,-16.95,-1.003374068,212.019,-1.449556929,-0.5321910019
2.711,0.5,1,1.544666,-13.31,-0.807282055,210.435,-1.489676988,-0.6724830399
2.712,0.52,1.04,1.604004813,-12.39,-0.7561130555,208.276,-1.544849899,-0.6971015372
2.713,0.51,1.02,1.574358943,-12.71,-0.7739856404,205.262,-1.622836375,-0.6568526713
2.714,0.51,1.02,1.574358943,-12.83,-0.7806672903,201.498,-1.72185287,-0.6291093947
2.715,0.48,0.96,1.485138893,-14.29,-0.8610680197,198.332,-1.806581149,-0.556721967
2.716,0.38,0.76,1.184678941,-18.17,-1.066872416,196.869,-1.846191807,-0.4066779344
2.717,0.28,0.56,0.8795116288,-22.38,-1.277699216,196.896,-1.845458121,-0.2816097731
2.718,0.2,0.4,0.63198848,-25.69,-1.434721931,196.534,-1.855303331,-0.192092288
2.719,0.15,0.3,0.47575662,-27.79,-1.530506376,196.044,-1.868658646,-0.1399627899
2.72,0.14,0.28,0.4443690272,-28.37,-1.556448844,195.725,-1.87737118,-0.1294095276
2.721,0.14,0.28,0.4443690272,-28.13,-1.545740651,195.223,-1.89111061,-0.1292953909
2.722,0.19,0.38,0.6008362552,-26.25,-1.460551169,195.635,-1.87983183,-0.1798704686
2.723,0.32,0.64,1.002143437,-21.41,-1.230245092,197.936,-1.817273917,-0.3288391094
2.724,0.4,0.8,1.24514752,-17.74,-1.044617259,201.698,-1.716545277,-0.4509504615
2.725,0.32,0.64,1.002143437,-21.41,-1.230245092,205.043,-1.628547492,-0.350547795
2.726,0.11,0.22,0.3499238072,-30.08,-1.631667319,208.628,-1.535815683,-0.1104737759
2.727,-0.06,-0.12,-0.1932682848,-37.09,-1.921016643,212.38,-1.44045535,0.05749513463
2.728,-0.08,-0.16,-0.2580676352,-38.2,-1.964152861,216.168,-1.345873983,0.07796542063
2.729,0.01,0.02,0.0320466232,-35.08,-1.84108266,220.429,-1.241443244,-0.01039622187
2.73,0.08,0.16,0.2550549248,-32.61,-1.739555083,224.686,-1.139107243,-0.0886018907
2.731,0.13,0.26,0.4129343608,-30.71,-1.658908259,228.738,-1.043484704,-0.1528032253
2.732,0.32,0.64,1.002143437,-23.54,-1.333585162,233.135,-0.9416183439,-0.4404632088
2.733,0.73,1.46,2.215694073,-5.16,-0.33046696,238.223,-0.826114386,-1.915726966
2.734,1.23,2.46,3.588541433,10.48,0.7447194677,244.134,-0.6949856447,72.15494834
2.735,1.59,3.18,4.504121599,18.68,1.401132551,251.217,-0.5419764333,5.242494942
2.736,1.7,3.4,4.77171368,20.8,1.581989574,258.451,-0.3900952117,4.003470298
2.737,1.64,3.28,4.626460467,19.54,1.473933415,268.346,-0.1890899778,3.600797057
2.738,1.6,3.2,4.52868352,18.83,1.413775067,274.302,-0.071644121,3.374248641
2.739,1.67,3.34,4.699298905,20.27,1.536334569,275.683,-0.04477660452,3.150597574
2.74,1.76,3.52,4.915272243,21.88,1.675939444,277.034,-0.01862266174,2.965801285
2.741,1.76,3.52,4.915272243,21.91,1.6785668,278.413,0.007942123587,2.914465601
2.742,1.67,3.34,4.699298905,20.28,1.537193253,279.527,0.02930609792,2.99987287
2.743,1.56,3.12,4.430153395,18.22,1.362507385,279.775,0.03405058332,3.17219442
2.744,1.49,2.98,4.255913343,17.05,1.265247458,279.582,0.03035866549,3.284882084
2.745,1.49,2.98,4.255913343,17.05,1.265247458,278.562,0.01080455016,3.335219345
2.746,1.51,3.02,4.305931583,17.44,1.297511257,277.85,-0.002887469711,3.326009939
2.747,1.51,3.02,4.305931583,17.32,1.28756734,277.979,-0.0004041519556,3.345288013
2.748,1.46,2.92,4.180532931,16.44,1.21509526,277.995,-9.622388691e-05,3.440770575
2.749,1.38,2.76,3.977447261,14.97,1.09578871,277,-0.01927930014,3.694763116
2.75,1.31,2.62,3.797275935,13.14,0.9502973436,275.498,-0.04836798389,4.210170003
2.751,1.29,2.58,3.745374751,12.7,0.9158123613,273.254,-0.09212351251,4.547074732
2.752,1.33,2.66,3.848988825,13.84,1.005555305,271.266,-0.1311885505,4.40203016
2.753,1.39,2.78,4.002997727,15.09,1.105446223,270.044,-0.1553436968,4.213227116
2.754,1.39,2.78,4.002997727,15.22,1.115924885,269.132,-0.1734424425,4.247291564
2.755,1.34,2.68,3.874774659,13.99,1.017459711,269.492,-0.1662908849,4.552298606
2.756,1.25,2.5,3.6410075,11.66,0.8350606483,269.28,-0.1705012004,5.478828886
2.757,1.16,2.32,3.403427379,9.55,0.674469466,267.895,-0.1980891053,7.144348635
2.758,1.11,2.22,3.269790847,8.27,0.5791392686,265.74,-0.2412995869,9.678528083
2.759,1.08,2.16,3.189044045,7.37,0.5130437536,261.28,-0.3318523919,17.60041988
2.76,1.01,2.02,2.998987263,5.69,0.3917049323,252.232,-0.5204042091,-23.30228529
2.761,0.91,1.82,2.723476319,3,0.2028649755,251.438,-0.5372720135,-8.144195576
2.762,0.81,1.62,2.443258015,0.48,0.03191873829,251.216,-0.5419977297,-4.789960097
2.763,0.77,1.54,2.329852633,-1.15,-0.07564630481,252.278,-0.519428609,-3.915225762
2.764,0.78,1.56,2.358274589,-0.91,-0.05995503512,254,-0.4830346297,-4.34312979
2.765,0.77,1.54,2.329852633,-1.46,-0.09583975751,257.737,-0.4048956427,-4.652861835
2.766,0.72,1.44,2.187036749,-3.72,-0.240543081,268.313,-0.1897479375,-5.082692073
2.767,0.69,1.38,2.100782335,-5.67,-0.3618958053,270.377,-0.1487505029,-4.113967538
2.768,0.66,1.32,2.014104259,-6.96,-0.4404238199,271.377,-0.1289998187,-3.537092812
2.769,0.6,1.2,1.83947712,-10.16,-0.6293274337,270.772,-0.1409402681,-2.388101066
2.77,0.5,1,1.544666,-15.1,-0.9049683735,269.239,-0.171315842,-1.435184106
2.771,0.45,0.9,1.39549518,-17.33,-1.023270261,265.642,-0.2432729319,-1.101814125
2.772,0.53,1.06,1.633603609,-13.95,-0.8424912778,257.682,-0.4060374322,-1.308422943
2.773,0.69,1.38,2.100782335,-6.35,-0.403462751,249.894,-0.5702259287,-2.157550333
2.774,0.81,1.62,2.443258015,0.33,0.02192222892,248.015,-0.6106055873,-4.150377245
2.775,0.88,1.76,2.639905101,2.01,0.135027589,249.27,-0.5836019003,-5.885100939
2.776,0.95,1.9,2.83424558,3.8,0.2583323737,251.362,-0.5388893564,-10.10221008
2.777,1.05,2.1,3.10787358,6.43,0.4448262407,255.03,-0.4613836169,-187.7032654
2.778,1.15,2.3,3.37679422,9.07,0.6385370409,259.626,-0.3658275419,12.38238577
2.779,1.21,2.42,3.535887071,10.57,0.7515622124,269.256,-0.1709780487,6.090223076
2.78,1.21,2.42,3.535887071,10.71,0.7622220918,273.657,-0.08423904724,5.215303096
2.781,1.18,2.36,3.456552477,9.79,0.6925186578,274.596,-0.06591300101,5.516312276
2.782,1.08,2.16,3.189044045,7.42,0.5166956286,275.477,-0.04877580639,6.815364285
2.783,0.96,1.92,2.861820211,4.2,0.286285154,275.724,-0.04398100344,11.81085922
2.784,0.87,1.74,2.611953881,2.04,0.1370702779,275.579,-0.0467952454,28.93329206
2.785,0.88,1.76,2.639905101,2.24,0.1507089033,274.493,-0.06792014378,31.88724068
2.786,0.95,1.9,2.83424558,3.97,0.2701944075,273.114,-0.09486525439,16.16528415
2.787,1,2,2.971648,5.11,0.3504252631,271.782,-0.1210214904,12.95378871
2.788,0.97,1.94,2.889347769,4.36,0.2975073278,270.709,-0.1421851871,18.6022917
2.789,0.89,1.78,2.667809247,2.49,0.1678078821,270.132,-0.1536005612,187.7770803
2.79,0.83,1.66,2.499678265,0.99,0.0660562702,268.932,-0.1774196647,-22.44613929
2.791,0.81,1.62,2.443258015,0.38,0.02525218363,266.721,-0.2215860081,-12.44440698
2.792,0.8,1.6,2.41497728,0.04,0.002652113866,263.409,-0.2884353867,-8.450380093
2.793,0.75,1.5,2.2728675,-2.14,-0.1398422971,255.102,-0.4598734195,-3.78990818
2.794,0.63,1.26,1.927002521,-7.65,-0.4818619997,246.573,-0.6418021463,-1.714927479
2.795,0.44,0.88,1.365519795,-15.66,-0.9350278181,241.953,-0.7429952738,-0.8137669868
2.796,0.32,0.64,1.002143437,-20.79,-1.199565442,237.259,-0.847807771,-0.4894776539
2.797,0.39,0.78,1.214936767,-18.27,-1.072028563,234.752,-0.9046393963,-0.6146387721
2.798,0.54,1.08,1.663155331,-11.41,-0.7008794776,232.465,-0.9570156913,-1.003172795
2.799,0.58,1.16,1.780891485,-9.34,-0.5817117538,228.965,-1.038177987,-1.099390557
2.8,0.38,0.76,1.184678941,-17.69,-1.042020615,223.464,-1.168283707,-0.5359800137
2.801,-0.02,-0.04,-0.0642344672,-33.6,-1.780692295,215.828,-1.354295359,0.02048954391
2.802,-0.34,-0.68,-1.117593981,-45.78,-2.240543281,208.243,-1.54569764,0.2951724426
2.803,-0.4,-0.8,-1.32046528,-48.13,-2.32014323,202.732,-1.689188691,0.3293479577
2.804,-0.29,-0.58,-0.9498290888,-44.55,-2.197769656,198.428,-1.803992179,0.2373527281
2.805,-0.14,-0.28,-0.4535954528,-39.72,-2.022085888,197.375,-1.83245868,0.1176780927
2.806,-0.09,-0.18,-0.2905379208,-37.95,-1.954499134,196.442,-1.857808319,0.0762105167
2.807,-0.12,-0.24,-0.3882312192,-39.12,-1.999372973,197.047,-1.841356766,0.1010826706
2.808,-0.12,-0.24,-0.3882312192,-39.41,-2.01037604,197.534,-1.828150599,0.1011406865
2.809,-0.08,-0.16,-0.2580676352,-37.94,-1.954112242,199.513,-1.774818184,0.06920687857
2.81,0.03,0.06,0.0959986488,-34.25,-1.807377356,202.399,-1.697983626,-0.02738623762
2.811,0.19,0.38,0.6008362552,-28.32,-1.554221063,202.745,-1.688845638,-0.1852679302
2.812,0.37,0.74,1.154374041,-21.6,-1.239592405,203.283,-1.67466779,-0.3961122081
2.813,0.5,1,1.544666,-15.94,-0.949968731,204.742,-1.636406981,-0.5972318688
2.814,0.59,1.18,1.810207839,-12.04,-0.736473308,207.569,-1.563041551,-0.7872129343
2.815,0.63,1.26,1.927002521,-9.85,-0.6113898286,212.085,-1.447891771,-0.9357644534
2.816,0.65,1.3,1.98511742,-9.03,-0.5635697383,215.861,-1.353477409,-1.035507876
2.817,0.64,1.28,1.956083507,-9.59,-0.5962859644,220.642,-1.236276048,-1.067403719
2.818,0.62,1.24,1.897874461,-10.58,-0.6535074781,225.951,-1.109070794,-1.076760386
2.819,0.63,1.26,1.927002521,-9.95,-0.6171845625,230.791,-0.9956808742,-1.194769555
2.82,0.7,1.4,2.12958088,-6.67,-0.4228905923,235.671,-0.8837362676,-1.629830938
2.821,0.8,1.6,2.41497728,-1.24,-0.08151755551,240.624,-0.7724627701,-2.827907397
2.822,0.88,1.76,2.639905101,1.62,0.1085462017,246.327,-0.6471423781,-4.901455333
2.823,0.93,1.86,2.778955097,2.74,0.1849633106,253.352,-0.4967008886,-8.914405234
2.824,0.94,1.88,2.806623875,3.02,0.2042445655,263.359,-0.2894510141,-32.93910168
2.825,0.94,1.88,2.806623875,3.01,0.2035547251,271.698,-0.1226752771,34.70132333
2.826,0.94,1.88,2.806623875,3.12,0.2111479618,273.359,-0.09006812777,23.17994484
2.827,0.94,1.88,2.806623875,3.19,0.2159857435,273.366,-0.0899311302,22.26514208
2.828,0.93,1.86,2.778955097,2.89,0.1952837167,273.276,-0.09169279507,26.82624165
2.829,0.9,1.8,2.69566632,2.14,0.143885089,272.484,-0.1072205105,73.52235942
2.83,0.87,1.74,2.611953881,1.39,0.09299289374,271.832,-0.1200373362,-96.58006012
2.831,0.87,1.74,2.611953881,1.27,0.08489690838,271.597,-0.1246644359,-65.68057013
2.832,0.87,1.74,2.611953881,1.36,0.09096769082,271.549,-0.125610038,-75.39771672
2.833,0.84,1.68,2.527817779,0.49,0.03258588131,270.809,-0.1402092601,-23.48762701
2.834,0.77,1.54,2.329852633,-2.59,-0.1687414774,268.796,-0.1801258657,-6.678333984
2.835,0.69,1.38,2.100782335,-6.13,-0.390056781,265.695,-0.2422056244,-3.322643126
2.836,0.64,1.28,1.956083507,-8.37,-0.5246856107,261.984,-0.3174565907,-2.32274728
2.837,0.6,1.2,1.83947712,-10.01,-0.6206575565,256.171,-0.4375011905,-1.738375386
2.838,0.54,1.08,1.663155331,-12.98,-0.7890036076,244.103,-0.6956650278,-1.120219887
2.839,0.43,0.86,1.335497337,-18.06,-1.061192178,239.831,-0.7901233371,-0.7213774887
2.84,0.32,0.64,1.002143437,-22.64,-1.290306744,236.369,-0.8679142918,-0.4643377208
2.841,0.31,0.62,0.9715560952,-23.27,-1.320660578,234.333,-0.9141969417,-0.4347284275
2.842,0.39,0.78,1.214936767,-19.99,-1.159573893,232.158,-0.9640857255,-0.5720958089
2.843,0.51,1.02,1.574358943,-14.96,-0.8974163772,230.625,-0.9995303291,-0.8299436869
2.844,0.56,1.12,1.722117555,-12.4,-0.7566727833,228.806,-1.041894475,-0.9574941097
2.845,0.51,1.02,1.574358943,-14.95,-0.896876379,227.212,-1.079296221,-0.7966707683
2.846,0.4,0.8,1.24514752,-19.92,-1.156052802,225.922,-1.109757491,-0.5495374101
2.847,0.31,0.62,0.9715560952,-23.94,-1.352640305,224.781,-1.136845676,-0.3902637343
2.848,0.31,0.62,0.9715560952,-24.14,-1.362126651,224.394,-1.146064579,-0.3873532782
2.849,0.38,0.76,1.184678941,-21.15,-1.217412646,225.632,-1.116629317,-0.5075653993
2.85,0.41,0.82,1.275311199,-19.87,-1.153535578,226.912,-1.086364776,-0.5693606847
2.851,0.36,0.72,1.124022067,-22.3,-1.273810472,228,-1.060773843,-0.4814656125
2.852,0.34,0.68,1.063176899,-23.41,-1.327368501,228.653,-1.045473156,-0.4480606179
2.853,0.44,0.88,1.365519795,-19.09,-1.114033214,228.271,-1.054418628,-0.6297210611
2.854,0.65,1.3,1.98511742,-9.8,-0.6084894545,228.451,-1.050201621,-1.196797553
2.855,0.81,1.62,2.443258015,-1.2,-0.07890898373,229.75,-1.019867036,-2.223617891
2.856,0.86,1.72,2.583955587,0.77,0.05130192003,232.225,-0.9625419566,-2.835647561
2.857,0.88,1.76,2.639905101,1.25,0.08354882834,237.16,-0.8500406075,-3.444140137
2.858,0.93,1.86,2.778955097,2.52,0.1698635505,241.63,-0.7501421349,-4.789001648
2.859,0.97,1.94,2.889347769,3.55,0.2409361762,246.132,-0.6513792792,-7.039581729
2.86,0.97,1.94,2.889347769,3.57,0.242325773,250.792,-0.551035038,-9.359446236
2.861,1,2,2.971648,4.41,0.3010190778,257.495,-0.4099213402,-27.28729352
2.862,1.08,2.16,3.189044045,6.24,0.4311382393,250.421,-0.5589552251,-24.95008018
2.863,1.08,2.16,3.189044045,6.26,0.4325774929,243.613,-0.7064151401,-11.64574731
2.864,1,2,2.971648,4.41,0.3010190778,240.678,-0.7712622764,-6.319385391
2.865,0.94,1.88,2.806623875,2.69,0.1815277028,239.215,-0.8038823573,-4.509685683
2.866,0.96,1.92,2.861820211,3.1,0.2097665561,238.305,-0.824273151,-4.65710252
2.867,1.04,2.08,3.080722611,5.27,0.3617816212,239.068,-0.8071709962,-6.916919856
2.868,1.06,2.12,3.134977475,5.79,0.3988536725,240.149,-0.7830342906,-8.160165628
2.869,1.01,2.02,2.998987263,4.37,0.298209494,241.613,-0.75051855,-6.630394027
2.87,0.95,1.9,2.83424558,2.88,0.1945950554,243.292,-0.7134692893,-5.462297788
2.871,0.86,1.72,2.583955587,0.67,0.04460962798,245.714,-0.6604727782,-4.1956652
2.872,0.72,1.44,2.187036749,-5.4,-0.3452841702,248.377,-0.6028024787,-2.306789945
2.873,0.53,1.06,1.633603609,-13.96,-0.8430389189,253.964,-0.4837929512,-1.231206188
2.874,0.36,0.72,1.124022067,-21.39,-1.22925968,255.143,-0.4590136365,-0.6657820485
2.875,0.27,0.54,0.8487359928,-25.32,-1.417540621,243.8,-0.702309997,-0.400375378
2.876,0.22,0.44,0.6941517088,-27.69,-1.526011312,238.621,-0.8171835805,-0.2962415593
2.877,0.15,0.3,0.47575662,-30.44,-1.647264359,232.469,-0.9569236352,-0.1826890459
2.878,0.08,0.16,0.2550549248,-33.47,-1.775324561,227.321,-1.07673029,-0.08942847808
2.879,0.06,0.12,0.1915736352,-34.2,-1.805333719,225.236,-1.126027192,-0.06535313838
2.88,0.17,0.34,0.5383905848,-30.45,-1.647696437,223.647,-1.163904258,-0.1914889927
2.881,0.34,0.68,1.063176899,-24.07,-1.358809549,223.48,-1.167900662,-0.4207751623
2.882,0.47,0.94,1.455304729,-18.78,-1.098211065,223.054,-1.178108622,-0.639323526
2.883,0.51,1.02,1.574358943,-16.74,-0.9923327507,222.399,-1.193842055,-0.7201432104
2.884,0.51,1.02,1.574358943,-16.83,-0.9970687654,221.906,-1.20571476,-0.7147134182
2.885,0.55,1.1,1.69265998,-15.22,-0.9114296718,221.488,-1.215801954,-0.7957102364
2.886,0.64,1.28,1.956083507,-10.92,-0.6729789208,221.138,-1.224262824,-1.031014373
2.887,0.73,1.46,2.215694073,-6.48,-0.4113655559,221.096,-1.225279028,-1.353802832
2.888,0.78,1.56,2.358274589,-3.85,-0.2487334161,221.369,-1.218677149,-1.607099366
2.889,0.8,1.6,2.41497728,-2.67,-0.1738608231,222.704,-1.186510043,-1.775234489
2.89,0.83,1.66,2.499678265,-1.2,-0.07890898373,224.59,-1.141393588,-2.048408585
2.891,0.87,1.74,2.611953881,0.6,0.03993030927,227.5,-1.072519183,-2.529519684
2.892,0.91,1.82,2.723476319,1.62,0.1085462017,231.138,-0.9876430574,-3.098038972
2.893,0.94,1.88,2.806623875,2.22,0.1493434198,235.818,-0.8804002405,-3.839132329
2.894,0.96,1.92,2.861820211,2.9,0.1959724686,240.683,-0.7711511332,-4.975532626
2.895,1.01,2.02,2.998987263,4.02,0.2736882735,246.015,-0.6539230314,-7.887199159
2.896,1.03,2.06,3.053524569,4.53,0.3094566527,251.951,-0.526367719,-14.07731114
2.897,0.97,1.94,2.889347769,3.07,0.2076951287,263.357,-0.2894916432,-35.323605
2.898,0.86,1.72,2.583955587,0.11,0.007296713423,264.708,-0.2621167338,-10.14031623
2.899,0.76,1.52,2.301383603,-5.35,-0.3422012381,264.013,-0.2761818159,-3.721614925
2.9,0.74,1.48,2.244304323,-6.66,-0.4222847572,262.671,-0.3034456612,-3.092476581
2.901,0.79,1.58,2.386649471,-4,-0.2581659283,260.053,-0.3570357665,-3.879458544
2.902,0.86,1.72,2.583955587,0.1,0.00663293416,255.692,-0.4475142242,-5.860887376
2.903,0.93,1.86,2.778955097,1.94,0.1302644618,245.96,-0.6551192304,-5.294712486
2.904,0.98,1.96,2.916828253,3.13,0.2118388009,243.844,-0.7013445386,-5.958721274
2.905,0.96,1.92,2.861820211,2.58,0.1739773267,241.932,-0.7434596403,-5.0253013
2.906,0.86,1.72,2.583955587,-0.03,-0.001988158449,240.698,-0.7708177175,-3.343602407
2.907,0.72,1.44,2.187036749,-6.7,-0.4247076006,241.053,-0.7629329374,-1.84149722
2.908,0.59,1.18,1.810207839,-12.73,-0.7751000269,241.469,-0.7537080708,-1.18406479
2.909,0.5,1,1.544666,-16.71,-0.9907527374,242.285,-0.7356592106,-0.8947261989
2.91,0.45,0.9,1.39549518,-18.76,-1.097187879,242.449,-0.7320390807,-0.7628879362
2.911,0.44,0.88,1.365519795,-19.05,-1.111995574,240.54,-0.7743307403,-0.7239043346
2.912,0.48,0.96,1.485138893,-17.68,-1.041501064,238.04,-0.83022577,-0.7934592087
2.913,0.52,1.04,1.604004813,-15.93,-0.9494361434,233.767,-0.9271347818,-0.8547530985
2.914,0.52,1.04,1.604004813,-15.84,-0.9446394691,229.737,-1.020169765,-0.8163666911
2.915,0.47,0.94,1.455304729,-18.02,-1.059124433,226.936,-1.085798947,-0.6784879787
2.916,0.39,0.78,1.214936767,-21.46,-1.232707384,224.634,-1.140345559,-0.5119720445
2.917,0.32,0.64,1.002143437,-24.76,-1.391360512,223.734,-1.161823481,-0.3925073319
2.918,0.24,0.48,0.7561266432,-27.99,-1.539476864,222.535,-1.190571458,-0.2769645641
2.919,0.17,0.34,0.5383905848,-31.08,-1.67479003,221.057,-1.226222819,-0.1855871079
2.92,0.13,0.26,0.4129343608,-32.57,-1.737880348,219.69,-1.259409538,-0.1377692437
2.921,0.16,0.32,0.5070971392,-31.61,-1.697389917,218.044,-1.299644665,-0.169199629
2.922,0.24,0.48,0.7561266432,-28.85,-1.577752985,216.914,-1.327442814,-0.2602670167
2.923,0.31,0.62,0.9715560952,-26,-1.449046214,217.508,-1.31281233,-0.3517761969
2.924,0.39,0.78,1.214936767,-23.03,-1.309129711,218.709,-1.283352835,-0.4686383594
2.925,0.53,1.06,1.633603609,-17.22,-1.017521857,221.571,-1.213797481,-0.7321245244
2.926,0.72,1.44,2.187036749,-8.15,-0.5116455393,224.153,-1.151813587,-1.314752322
2.927,0.89,1.78,2.667809247,0.45,0.02991784121,226.737,-1.090492416,-2.515437678
2.928,0.97,1.94,2.889347769,2.36,0.1589093763,228.029,-1.060093404,-3.206168418
2.929,0.97,1.94,2.889347769,2.52,0.1698635505,226.073,-1.106182894,-3.08585718
2.93,1,2,2.971648,3.16,0.2139118633,224.167,-1.151479451,-3.169529365
2.931,1.07,2.14,3.162034297,5.09,0.3490073834,222.504,-1.191316786,-3.754005699
2.932,1.15,2.3,3.37679422,7.06,0.4904547193,222.342,-1.195213415,-4.791419019
2.933,1.2,2.4,3.50948928,8.25,0.5776621365,225.584,-1.117767574,-6.497785495
2.934,1.22,2.44,3.562237789,8.78,0.6169347889,229.521,-1.02520223,-8.725255623
2.935,1.22,2.44,3.562237789,8.98,0.6318242889,236.065,-0.8747994873,-14.66091112
2.936,1.22,2.44,3.562237789,8.85,0.6221417664,242.599,-0.7287301297,-33.42051308
2.937,1.2,2.4,3.50948928,8.22,0.5754471511,248.992,-0.5895718525,-248.4646707
2.938,1.15,2.3,3.37679422,7.09,0.4926368002,256.513,-0.4303634594,54.2253583
2.939,1.13,2.26,3.323386681,6.37,0.4405000682,269.212,-0.1718523811,12.37079953
2.94,1.16,2.32,3.403427379,7.22,0.5021022725,276.129,-0.03612836736,7.303901231
2.941,1.26,2.52,3.667169923,9.95,0.7045822624,279.971,0.03779728287,4.93975076
2.942,1.42,2.84,4.079366685,14.34,1.045323983,283.385,0.1026412664,3.55356287
2.943,1.61,3.22,4.553198367,17.91,1.336600617,285.384,0.1402477254,3.083050735
2.944,1.76,3.52,4.915272243,20.91,1.591502177,286.396,0.1591857983,2.807623239
2.945,1.84,3.68,5.104047539,22.37,1.718972778,284.631,0.126112826,2.76629308
2.946,1.8,3.6,5.01003648,21.77,1.666313985,283.155,0.09829735401,2.83917278
2.947,1.69,3.38,4.747622495,19.57,1.476486873,282.117,0.07864909179,3.052866503
2.948,1.56,3.12,4.430153395,17.15,1.273505381,281.892,0.07438054265,3.286742089
2.949,1.47,2.94,4.205706809,15.48,1.136933309,283.833,0.1110923399,3.36988812
2.95,1.43,2.86,4.104728857,14.73,1.076517106,285.775,0.1475726571,3.353290731
2.951,1.46,2.92,4.180532931,15.3,1.122381755,286.693,0.1647310108,3.247992751
2.952,1.47,2.94,4.205706809,15.63,1.149084592,286.159,0.1547567039,3.22562786
2.953,1.43,2.86,4.104728857,14.92,1.09176902,281.461,0.06619437714,3.544782907
2.954,1.35,2.7,3.90051342,12.91,0.9322472266,276.592,-0.02716525368,4.309569229
2.955,1.17,2.34,3.430013465,7.98,0.5577580344,271.724,-0.1221633362,7.874323261
2.956,0.99,1.98,2.944261663,3.26,0.220827979,268.012,-0.1957530656,117.4186178
2.957,0.93,1.86,2.778955097,1.81,0.1214303351,267.974,-0.1965116675,-37.01259695
2.958,1,2,2.971648,3.56,0.241630929,267.805,-0.1998867533,71.18712848
2.959,1.17,2.34,3.430013465,7.83,0.5467300784,268.268,-0.1906452857,9.632574982
2.96,1.24,2.48,3.614798003,9.71,0.6864961027,268.543,-0.1851638402,7.210383758
2.961,1.2,2.4,3.50948928,8.71,0.6117324897,268.231,-0.1913832181,8.348983851
2.962,1.23,2.46,3.588541433,9.4,0.6632168394,267.231,-0.2113659852,7.941871526
2.963,1.24,2.48,3.614798003,9.72,0.6872485852,265.134,-0.2535137899,8.334120395
2.964,1.11,2.22,3.269790847,6.41,0.4433838091,262.428,-0.3083972992,24.22309348
2.965,0.9,1.8,2.69566632,0.82,0.05465139965,258.35,-0.3921863454,-7.986332538
2.966,0.76,1.52,2.301383603,-6.4,-0.4065039518,249.466,-0.5793968698,-2.334295248
2.967,0.81,1.62,2.443258015,-3.59,-0.2323383421,240.791,-0.7687510036,-2.440599359
2.968,0.96,1.92,2.861820211,2.05,0.1377513541,237.505,-0.8422635423,-4.062130165
2.969,0.98,1.96,2.916828253,2.56,0.1726057065,236.821,-0.8576934472,-4.257598085
2.97,0.86,1.72,2.583955587,-1.1,-0.07238144249,235.97,-0.8769529293,-2.721860352
2.971,0.69,1.38,2.100782335,-10.04,-0.6223929723,234.754,-0.9045938164,-1.375769817
2.972,0.55,1.1,1.69265998,-16.8,-0.9954907644,232.92,-0.946554457,-0.8715862851
2.973,0.57,1.14,1.751528057,-16.06,-0.9563539179,229.422,-1.02751036,-0.8828870383
2.974,0.72,1.44,2.187036749,-9,-0.5618099385,226.237,-1.102303254,-1.31423557
2.975,0.88,1.76,2.639905101,-0.34,-0.02248599305,224.047,-1.154344154,-2.243233748
2.976,0.97,1.94,2.889347769,1.96,0.1316249058,222.507,-1.191244653,-2.726777957
2.977,0.99,1.98,2.944261663,2.59,0.1746632724,222.585,-1.189369535,-2.901590118
2.978,1.1,2.2,3.24292232,5.29,0.3632028321,223.177,-1.175159253,-3.993961052
2.979,1.39,2.78,4.002997727,13.27,0.9605227547,224.979,-1.132135163,-23.32580589
2.98,1.71,3.42,4.795757791,19.75,1.491827347,228.031,-1.060046481,11.10692522
2.981,1.81,3.62,5.033609855,21.69,1.659321717,234.193,-0.917394203,6.784503557
2.982,1.7,3.4,4.77171368,19.67,1.485005183,241.779,-0.7468440994,6.464325726
2.983,1.58,3.16,4.479512605,17.35,1.290051935,253.124,-0.5015177015,5.680809296
2.984,1.62,3.24,4.577666141,18.04,1.347452685,267.872,-0.1985484468,3.98437571
2.985,1.77,3.54,4.939033913,21,1.599294702,269.819,-0.1598031618,3.431096172
2.986,1.84,3.68,5.104047539,22.32,1.71456991,270.758,-0.1412168917,3.244057423
2.987,1.77,3.54,4.939033913,21.1,1.607963086,268.982,-0.1764250819,3.45015913
2.988,1.67,3.34,4.699298905,19.21,1.445907278,267.924,-0.1975099919,3.764265557
2.989,1.58,3.16,4.479512605,17.6,1.310792792,266.382,-0.2283901351,4.13849003
2.99,1.51,3.02,4.305931583,16.28,1.202003341,265.225,-0.2516778637,4.531007202
2.991,1.45,2.9,4.15531198,15.06,1.103030487,264.846,-0.2593283496,4.925093581
2.992,1.36,2.72,3.926205107,13.01,0.9400886718,264.069,-0.2750471437,5.903699155
2.993,1.25,2.5,3.6410075,9.93,0.7030729625,263.622,-0.284110973,8.690543751
2.994,1.12,2.24,3.296612301,6.48,0.448433957,263.163,-0.2934341337,21.26849071
2.995,1.01,2.02,2.998987263,3.54,0.2402415146,262.495,-0.3070315751,-44.90170005
2.996,0.94,1.88,2.806623875,1.68,0.1126113781,260.86,-0.3404592808,-12.31797108
2.997,0.9,1.8,2.69566632,0.8,0.05331134101,256.571,-0.4291539108,-7.172328354
2.998,0.87,1.74,2.611953881,-0.09,-0.005962092718,245.718,-0.6603856857,-3.919805791
2.999,0.81,1.62,2.443258015,-2.94,-0.191097962,241.702,-0.7485481994,-2.600189428
3,0.74,1.48,2.244304323,-6.35,-0.403462751,237.658,-0.8388181981,-1.806599646
3.001,0.69,1.38,2.100782335,-8.95,-0.5588753209,234.733,-0.9050724239,-1.435011832
3.002,0.67,1.34,2.043044025,-9.6,-0.5968678865,231.789,-0.9725959666,-1.301746466
3.003,0.71,1.42,2.158332351,-7.79,-0.4902220126,230.095,-1.011839329,-1.436913588
3.004,0.74,1.48,2.244304323,-6.11,-0.3888360597,228.236,-1.055238988,-1.554146598
3.005,0.68,1.36,2.071936717,-8.85,-0.5530000139,226.653,-1.092474816,-1.259172538
3.006,0.5,1,1.544666,-17,-1.005998115,225.222,-1.126359742,-0.7243934196
3.007,0.3,0.6,0.94092168,-25.78,-1.438887238,224.263,-1.149188792,-0.3635602931
3.008,0.25,0.5,0.7870435,-27.86,-1.533649024,223.274,-1.172834473,-0.2907992976
3.009,0.39,0.78,1.214936767,-22.49,-1.283038931,222.295,-1.19634445,-0.4900156936
3.01,0.56,1.12,1.722117555,-15.26,-0.9135810115,221.338,-1.219426403,-0.8073659489
3.011,0.58,1.16,1.780891485,-14.28,-0.8605229098,220.11,-1.249191254,-0.8441387537
3.012,0.46,0.92,1.425423491,-19.81,-1.150512535,218.927,-1.278022834,-0.5869477997
3.013,0.37,0.74,1.154374041,-23.93,-1.352165267,217.16,-1.32137887,-0.431776691
3.014,0.43,0.86,1.335497337,-21.83,-1.250873491,215.99,-1.350281168,-0.5134248101
3.015,0.59,1.18,1.810207839,-14.99,-0.8990359156,215.55,-1.361190937,-0.8008965283
3.016,0.74,1.48,2.244304323,-7.74,-0.4872381374,214.994,-1.375008812,-1.20515935
3.017,0.82,1.64,2.471491677,-3.65,-0.2361269356,214.949,-1.376128728,-1.532940298
3.018,0.83,1.66,2.499678265,-2.63,-0.1713018392,215.567,-1.36076901,-1.631568322
3.019,0.83,1.66,2.499678265,-2.93,-0.1904606668,216.987,-1.325642633,-1.648751945
3.02,0.81,1.62,2.443258015,-3.71,-0.2399124588,218.772,-1.281811968,-1.605585066
3.021,0.78,1.56,2.358274589,-5.72,-0.3649653387,221.03,-1.22687631,-1.481475617
3.022,0.73,1.46,2.215694073,-8.37,-0.5246856107,223.436,-1.168954103,-1.308244046
3.023,0.69,1.38,2.100782335,-10.42,-0.6443126236,226.573,-1.094363498,-1.208265478
3.024,0.7,1.4,2.12958088,-10.1,-0.625861643,230.178,-1.009909822,-1.301881666
3.025,0.78,1.56,2.358274589,-5.82,-0.3710981375,234.202,-0.9171886073,-1.830551
3.026,0.9,1.8,2.69566632,0.41,0.02725121946,238.751,-0.8142697103,-3.425162625
3.027,0.96,1.92,2.861820211,1.92,0.1289043773,244.473,-0.6875618857,-5.122673853
3.028,0.98,1.96,2.916828253,2.49,0.1678078821,250.086,-0.5661169642,-7.323027228
3.029,1.11,2.22,3.269790847,5.64,0.3881340481,258.116,-0.3970342932,-367.3821146
3.03,1.37,2.74,3.951849721,12.63,0.910343748,266.661,-0.2227896483,5.74769276
3.031,1.63,3.26,4.602086841,18.29,1.36837102,267.732,-0.2013452893,3.943432198
3.032,1.74,3.48,4.867607683,20.31,1.539769935,268.158,-0.1928394374,3.613852156
3.033,1.67,3.34,4.699298905,18.96,1.424750789,268.072,-0.1945554921,3.819961688
3.034,1.57,3.14,4.454856537,17.17,1.275158193,267.635,-0.2032839594,4.15613735
3.035,1.54,3.08,4.380605891,16.66,1.233139188,266.116,-0.2337351321,4.383218044
3.036,1.55,3.1,4.40540318,16.79,1.243824694,264.309,-0.2701869864,4.524684229
3.037,1.56,3.12,4.430153395,16.96,1.257824071,261.406,-0.329273023,4.771039143
3.038,1.55,3.1,4.40540318,16.8,1.24464737,257.442,-0.41102264,5.284635906
3.039,1.5,3,4.280946,15.82,1.164508873,245.48,-0.6655701535,8.580103797
3.04,1.4,2.8,4.02850112,13.65,0.990508566,242.457,-0.7318625516,15.57534582
3.041,1.29,2.58,3.745374751,10.78,0.7675591639,239.598,-0.7953234818,-134.8988569
3.042,1.24,2.48,3.614798003,9.42,0.6647159412,237.173,-0.8497473536,-19.5361315
3.043,1.22,2.44,3.562237789,9.03,0.6355526388,235.688,-0.8833503621,-14.37558724
3.044,1.14,2.28,3.350113987,6.86,0.4759291374,234.509,-0.9101802365,-7.714693167
3.045,0.99,1.98,2.944261663,2.93,0.1980392685,233.533,-0.9324927964,-4.008778706
3.046,0.91,1.82,2.723476319,0.77,0.05130192003,232.62,-0.9534496764,-3.018880555
3.047,0.95,1.9,2.83424558,1.88,0.1261852864,232.458,-0.9571767933,-3.410679359
3.048,1,2,2.971648,3.04,0.2056245185,232.663,-0.9524608158,-3.978981753
3.049,0.9,1.8,2.69566632,0.47,0.03125168393,234.052,-0.9206162343,-3.031002662
3.05,0.73,1.46,2.215694073,-8.33,-0.5223176222,235.561,-0.8862339757,-1.573030108
3.051,0.68,1.36,2.071936717,-10.98,-0.6764055293,238.544,-0.8189102369,-1.385618184
3.052,0.84,1.68,2.527817779,-3.18,-0.2063673069,242.263,-0.7361450242,-2.681999689
3.053,1.11,2.22,3.269790847,5.58,0.3838520527,246.685,-0.6393725861,-12.79658743
3.054,1.38,2.76,3.977447261,12.76,0.9205035928,252.27,-0.5195982658,9.92116341
3.055,1.55,3.1,4.40540318,16.67,1.233960538,260.449,-0.3488951622,4.977489007
3.056,1.6,3.2,4.52868352,17.55,1.30663949,272.298,-0.110873715,3.787266383
3.057,1.5,3,4.280946,15.62,1.148273799,275.965,-0.03930681171,3.860300665
3.058,1.33,2.66,3.848988825,11.45,0.8188837214,279.221,0.02344621059,4.569455125
3.059,1.26,2.52,3.667169923,9.4,0.6632168394,281.359,0.06425521362,5.040977049
3.06,1.36,2.72,3.926205107,12.15,0.8729747311,282.842,0.09238018423,4.067110495
3.061,1.57,3.14,4.454856537,17.03,1.263597101,282.748,0.09060186423,3.289661749
3.062,1.75,3.5,4.8914635,20.37,1.544926132,282.293,0.08198567346,3.006594139
3.063,1.77,3.54,4.939033913,20.82,1.58371819,280.665,0.05104260389,3.021257869
3.064,1.67,3.34,4.699298905,18.95,1.42390588,278.998,0.01917172311,3.256442269
3.065,1.56,3.12,4.430153395,16.87,1.25040896,277.683,-0.0061040204,3.560343815
3.066,1.51,3.02,4.305931583,15.97,1.176711751,276.834,-0.02248639839,3.730581356
3.067,1.54,3.08,4.380605891,16.5,1.220011443,276.228,-0.03421058591,3.694217173
3.068,1.62,3.24,4.577666141,18.13,1.354975858,275.881,-0.04093552698,3.483657261
3.069,1.73,3.46,4.843704793,20.11,1.522609883,275.633,-0.04574700988,3.279725477
3.07,1.8,3.6,5.01003648,21.64,1.654954996,275.559,-0.04718353291,3.116137209
3.071,1.83,3.66,5.080615385,22.04,1.689963058,275.829,-0.04194402782,3.082862086
3.072,1.76,3.52,4.915272243,20.85,1.586311904,276.003,-0.0385701748,3.175770318
3.073,1.64,3.28,4.626460467,18.64,1.39776515,276.106,-0.03657401098,3.398832341
3.074,1.54,3.08,4.380605891,16.82,1.246293028,275.951,-0.03957822982,3.630191573
3.075,1.51,3.02,4.305931583,16.24,1.198734428,276.043,-0.03779487709,3.709005848
3.076,1.53,3.06,4.355761529,16.57,1.225751623,276.035,-0.03794992764,3.667078054
3.077,1.55,3.1,4.40540318,16.94,1.256175553,276.096,-0.03676778065,3.612739954
3.078,1.55,3.1,4.40540318,16.94,1.256175553,276.09,-0.03688404582,3.613084445
3.079,1.54,3.08,4.380605891,16.89,1.252056047,276.623,-0.02656566762,3.574573871
3.08,1.56,3.12,4.430153395,17.12,1.27102693,277.646,-0.006816931126,3.504285997
3.081,1.56,3.12,4.430153395,17.17,1.275158193,279.452,0.02787044469,3.399889509
3.082,1.49,2.98,4.255913343,15.91,1.171827865,281.643,0.06965270823,3.428094999
3.083,1.33,2.66,3.848988825,12.21,0.8776334616,284.115,0.1164051507,3.872071746
3.084,1.14,2.28,3.350113987,7.27,0.5057470766,286.026,0.1522695712,5.091229832
3.085,1.04,2.08,3.080722611,4.61,0.3150890612,285.879,0.1495192892,6.630794752
3.086,1.06,2.12,3.134977475,5.07,0.3475898736,284.596,0.1254549162,6.627231803
3.087,1.13,2.26,3.323386681,6.77,0.4694048836,280.946,0.05639631001,6.320614562
3.088,1.16,2.32,3.403427379,7.67,0.5349904093,277.443,-0.01072999749,6.491864162
3.089,1.14,2.28,3.350113987,7.08,0.4919093458,274.675,-0.0643740521,7.835877029
3.09,1.08,2.16,3.189044045,5.57,0.3831387118,272.318,-0.1104807776,11.69613514
3.091,1.02,2.04,3.026279453,3.88,0.2639112146,270.944,-0.1375429158,23.94809048
3.092,0.98,1.96,2.916828253,2.96,0.2001068844,269.642,-0.1633138883,79.27672562
3.093,1.02,2.04,3.026279453,3.78,0.2569385775,269.592,-0.1643060365,32.66972295
3.094,1.09,2.18,3.216006719,5.6,0.385279013,269.927,-0.1576621547,14.12903571
3.095,1.11,2.22,3.269790847,6.22,0.4296993593,270.952,-0.1373849519,11.18586962
3.096,1.05,2.1,3.10787358,4.52,0.3087530157,271.961,-0.1174990541,16.24998277
3.097,0.96,1.92,2.861820211,2.3,0.1548075169,273.195,-0.09327878958,46.51193575
3.098,0.98,1.96,2.916828253,2.58,0.1739773267,274.423,-0.06928465129,27.86086268
3.099,1.11,2.22,3.269790847,5.98,0.4124619138,275.606,-0.04627110197,8.92919959
3.1,1.3,2.6,3.77134888,10.96,0.781304921,276.777,-0.02358807448,4.977253571
3.101,1.46,2.92,4.180532931,15.28,1.120766932,277.566,-0.008358684557,3.758092354
3.102,1.54,3.08,4.380605891,16.84,1.247939095,278.105,0.002020301945,3.504598552
3.103,1.5,3,4.280946,16.09,1.186490475,278.044,0.000846695587,3.605501543
3.104,1.36,2.72,3.926205107,13.06,0.9440131042,277.817,-0.00352292224,4.174636995
3.105,1.23,2.46,3.588541433,9.49,0.669965822,277.174,-0.01591970539,5.486679519
3.106,1.22,2.44,3.562237789,9.15,0.6445104399,276.467,-0.02958362138,5.792945895
3.107,1.29,2.58,3.745374751,11.19,0.7989148095,275.104,-0.05602469549,5.041626858
3.108,1.29,2.58,3.745374751,11.07,0.7897206161,273.426,-0.08875700914,5.343180036
3.109,1.14,2.28,3.350113987,7.12,0.4948197279,271.546,-0.1256691437,9.075196221
3.11,0.96,1.92,2.861820211,2.49,0.1678078821,269.614,-0.1638694686,726.6428947
3.111,0.95,1.9,2.83424558,2.18,0.1466135339,267.76,-0.2007858038,-52.31912162
3.112,1.1,2.2,3.24292232,6.06,0.4182017598,265.58,-0.2445217507,18.6718226
3.113,1.21,2.42,3.535887071,9.11,0.6415229744,263.089,-0.2949387361,10.20210004
3.114,1.15,2.3,3.37679422,7.51,0.523274949,260.177,-0.3544853561,20.00593852
3.115,0.98,1.96,2.916828253,3.03,0.2049344966,255.982,-0.4414498154,-12.33251304
3.116,0.89,1.78,2.667809247,0.75,0.04996275061,246.117,-0.6517053337,-4.433472588
3.117,0.94,1.88,2.806623875,1.84,0.1234676326,245.196,-0.6717632429,-5.118815147
3.118,0.96,1.92,2.861820211,2.43,0.1636989839,243.966,-0.6986684967,-5.3495015
3.119,0.82,1.64,2.471491677,-2.51,-0.1636166177,242.826,-0.7237264728,-2.785271789
3.12,0.59,1.18,1.810207839,-14.11,-0.8512443198,241.513,-0.7527332932,-1.128574255
3.121,0.5,1,1.544666,-18.54,-1.085913568,238.948,-0.8098570988,-0.8147958119
3.122,0.64,1.28,1.956083507,-12.18,-0.7443407134,236.575,-0.8632536974,-1.216776753
3.123,0.9,1.8,2.69566632,0.76,0.05063229087,234.28,-0.9154071087,-3.117188734
3.124,1.1,2.2,3.24292232,5.86,0.4038633251,232.987,-0.9450157378,-5.992622861
3.125,1.15,2.3,3.37679422,7,0.4860930969,231.902,-0.9699884111,-6.978356933
3.126,1.05,2.1,3.10787358,4.53,0.3094566527,230.236,-1.008561905,-4.445501691
3.127,0.87,1.74,2.611953881,-0.58,-0.038297192,229.931,-1.015653896,-2.478249617
3.128,0.67,1.34,2.043044025,-9.59,-0.5962859644,230.151,-1.010537417,-1.271480145
3.129,0.53,1.06,1.633603609,-15.42,-0.9221742525,230.577,-1.000643941,-0.8495881797
3.13,0.49,0.98,1.514925983,-17.27,-1.02013588,228.975,-1.037944332,-0.7360869486
3.131,0.48,0.96,1.485138893,-17.61,-1.037862146,226.692,-1.091554325,-0.6974393752
3.132,0.44,0.88,1.365519795,-19.25,-1.12217216,225.005,-1.131516919,-0.6059042517
3.133,0.33,0.66,1.032683705,-23.84,-1.347886838,224.608,-1.140964824,-0.4149237661
3.134,0.17,0.34,0.5383905848,-30.39,-1.64510302,224.035,-1.154630709,-0.1923006389
3.135,0.04,0.08,0.1279040512,-36.07,-1.880749522,223.541,-1.166440551,-0.041974425
3.136,-0.03,-0.06,-0.0964223112,-38.58,-1.978758381,223.855,-1.158930872,0.0307303571
3.137,-0.01,-0.02,-0.0320936968,-38.09,-1.959909615,224.463,-1.144419735,0.01033836722
3.138,0.03,0.06,0.0959986488,-36.81,-1.91002325,225.166,-1.127690151,-0.0316022732
3.139,0.08,0.16,0.2550549248,-35.13,-1.843099958,226.455,-1.097150522,-0.08674598525
3.14,0.19,0.38,0.6008362552,-30.98,-1.670506155,227.64,-1.069227888,-0.2193045915
3.141,0.39,0.78,1.214936767,-23.53,-1.333107371,228.388,-1.051677195,-0.5094534677
3.142,0.6,1.2,1.83947712,-14.78,-0.8876847721,228.829,-1.04135671,-0.9535705361
3.143,0.73,1.46,2.215694073,-8.4,-0.5264607472,230.692,-0.9979763001,-1.453450686
3.144,0.76,1.52,2.301383603,-6.9,-0.4368019597,232.01,-0.9674974214,-1.638812659
3.145,0.71,1.42,2.158332351,-9.5,-0.5910450453,234.352,-0.9137631749,-1.434290644
3.146,0.66,1.32,2.014104259,-12.34,-0.7533132446,237.129,-0.8507399701,-1.255634315
3.147,0.68,1.36,2.071936717,-11.31,-0.6952009083,240.662,-0.7716179502,-1.41253755
3.148,0.83,1.66,2.499678265,-3.85,-0.2487334161,244.808,-0.6802358286,-2.690808419
3.149,1.05,2.1,3.10787358,3.83,0.2604237534,249.81,-0.5720245935,-9.973893453
3.15,1.21,2.42,3.535887071,8.09,0.5658587598,255.854,-0.4441256725,29.04622853
3.151,1.25,2.5,3.6410075,9.21,0.6489945115,269.97,-0.1568099551,7.397646781
3.152,1.22,2.44,3.562237789,8.39,0.5880100486,273.728,-0.08285117581,7.051717748
3.153,1.21,2.42,3.535887071,8.08,0.5651218558,277.127,-0.01682697419,6.448878495
3.154,1.27,2.54,3.693285273,9.59,0.6774738173,280.866,0.05487266864,5.043084583
3.155,1.36,2.72,3.926205107,11.95,0.857471161,281.705,0.07083031071,4.229450482
3.156,1.4,2.8,4.02850112,13.27,0.9605227547,281.649,0.06976668109,3.910067385
3.157,1.37,2.74,3.951849721,12.44,0.895524723,281.053,0.05843350227,4.142581526
3.158,1.28,2.56,3.719353549,10.13,0.7181833282,280.19,0.04198054468,4.892831245
3.159,1.2,2.4,3.50948928,7.86,0.5489339641,278.474,0.009114174654,6.28886477
3.16,1.15,2.3,3.37679422,6.59,0.4563791702,277.763,-0.004562916484,7.473821919
3.161,1.14,2.28,3.350113987,6.18,0.4268227197,278.079,0.001520107765,7.821104435
3.162,1.14,2.28,3.350113987,6.23,0.4304187526,278.214,0.004116761018,7.709643705
3.163,1.15,2.3,3.37679422,6.54,0.4527663051,277.902,-0.001886303721,7.48934131
3.164,1.16,2.32,3.403427379,6.91,0.479557009,276.954,-0.02016782157,7.408592698
3.165,1.15,2.3,3.37679422,6.6,0.4571020242,275.906,-0.04045073846,8.104605304
3.166,1.09,2.18,3.216006719,4.86,0.3327283302,274.465,-0.06846590502,12.16974648
3.167,0.98,1.96,2.916828253,2.01,0.135027589,272.408,-0.1087129163,110.8441777
3.168,0.88,1.76,2.639905101,-1.33,-0.08738173801,270.549,-0.1453481889,-11.34321286
3.169,0.84,1.68,2.527817779,-3.96,-0.2556524629,268.835,-0.1793496827,-5.811046692
3.17,0.84,1.68,2.527817779,-3.59,-0.2323383421,267.123,-0.2135285966,-5.669444311
3.171,0.87,1.74,2.611953881,-1.91,-0.1250039901,265.473,-0.2466776561,-7.027395375
3.172,0.9,1.8,2.69566632,-0.44,-0.02908014608,263.444,-0.2877245623,-8.508921266
3.173,0.9,1.8,2.69566632,-0.14,-0.00927127891,261.329,-0.3308491562,-7.925622931
3.174,0.88,1.76,2.639905101,-1.27,-0.08347306807,256.192,-0.4370626342,-5.071515919
3.175,0.83,1.66,2.499678265,-3.79,-0.2449550501,251.255,-0.541167234,-3.179757546
3.176,0.77,1.54,2.329852633,-7.31,-0.4614921484,252.032,-0.5246480181,-2.362597846
3.177,0.7,1.4,2.12958088,-10.8,-0.6661171347,253.726,-0.4888090046,-1.843910885
3.178,0.66,1.32,2.014104259,-12.8,-0.7789979281,256.465,-0.4313646719,-1.66405031
3.179,0.67,1.34,2.043044025,-12.34,-0.7533132446,262.893,-0.298925945,-1.941615599
3.18,0.73,1.46,2.215694073,-9.8,-0.6084894545,269.809,-0.1600014465,-2.883175416
3.181,0.79,1.58,2.386649471,-6.48,-0.4113655559,271.273,-0.131050496,-4.400034739
3.182,0.85,1.7,2.55591022,-3.45,-0.2234863406,272.794,-0.1011373742,-7.87345503
3.183,0.91,1.82,2.723476319,0.14,0.009288581452,274.198,-0.07367292686,-42.30028747
3.184,1.02,2.04,3.026279453,2.74,0.1849633106,275.592,-0.04654287364,21.86295261
3.185,1.16,2.32,3.403427379,6.47,0.4477122266,277.205,-0.01532137825,7.871182733
3.186,1.31,2.62,3.797275935,10.3,0.7310575115,278.996,0.01913337144,5.061746312
3.187,1.4,2.8,4.02850112,12.98,0.9377351997,281.487,0.06668856133,4.010758483
3.188,1.45,2.9,4.15531198,14.22,1.035756731,283.746,0.1094522158,3.628431293
3.189,1.46,2.92,4.180532931,14.58,1.064501714,285.241,0.1375662796,3.47778408
3.19,1.47,2.94,4.205706809,14.78,1.080527253,286.056,0.1528306795,3.409964535
3.191,1.49,2.98,4.255913343,15.12,1.107862866,285.036,0.133719903,3.42781283
3.192,1.49,2.98,4.255913343,15.22,1.115924885,283.701,0.1086036784,3.475552527
3.193,1.46,2.92,4.180532931,14.63,1.068504338,281.486,0.06666955509,3.682724698
3.194,1.38,2.76,3.977447261,12.54,0.9033197749,279.934,0.03709019863,4.229482218
3.195,1.27,2.54,3.693285273,9.63,0.6804797069,279.504,0.02886587189,5.20660928
3.196,1.19,2.38,3.483044415,7.3,0.5079350898,279.868,0.03582868116,6.405436701
3.197,1.16,2.32,3.403427379,6.55,0.4534886908,280.388,0.04575985833,6.81710019
3.198,1.19,2.38,3.483044415,7.32,0.5093942366,280.584,0.0494983695,6.232045973
3.199,1.26,2.52,3.667169923,9.14,0.6437634298,281.966,0.07578479692,5.096489418
3.2,1.32,2.64,3.823155917,10.82,0.7706110557,283.231,0.09973312397,4.3926943
3.201,1.33,2.66,3.848988825,11.21,0.800448539,284.363,0.1210730537,4.176775515
3.202,1.29,2.58,3.745374751,10.05,0.7121345496,284.993,0.1329127511,4.432148056
3.203,1.2,2.4,3.50948928,7.64,0.5327919175,284.769,0.1287060821,5.305366429
3.204,1.09,2.18,3.216006719,4.71,0.3221378573,284.69,0.1272216908,7.156867441
3.205,0.98,1.96,2.916828253,1.79,0.1200725855,284,0.1142392159,12.44849058
3.206,0.89,1.78,2.667809247,-0.92,-0.06060984386,283.735,0.109244808,54.8537312
3.207,0.9,1.8,2.69566632,-0.38,-0.0251247098,283.846,0.1113373727,31.26763781
3.208,1.03,2.06,3.053524569,3,0.2028649755,283.629,0.1072457385,9.846562631
3.209,1.2,2.4,3.50948928,7.32,0.5093942366,283.012,0.09559479446,5.8009139
3.21,1.28,2.56,3.719353549,9.6,0.6782251455,281.726,0.07122911731,4.962749208
3.211,1.23,2.46,3.588541433,8.22,0.5754471511,279.113,0.02137648169,6.012733471
3.212,1.13,2.26,3.323386681,5.43,0.3731616845,276.608,-0.02685578152,9.596679273
3.213,1.1,2.2,3.24292232,4.74,0.3242542925,273.876,-0.07995930497,13.27461669
3.214,1.18,2.36,3.456552477,6.75,0.4679560817,271.199,-0.1325101105,10.30434935
3.215,1.29,2.58,3.745374751,9.63,0.6804797069,269.93,-0.1576026945,7.163012836
3.216,1.35,2.7,3.90051342,11.32,0.8088910218,268.913,-0.1777976546,6.180564751
3.217,1.35,2.7,3.90051342,11.25,0.8035171676,269.67,-0.1627583657,6.087334904
3.218,1.32,2.64,3.823155917,10.49,0.7454793851,270.561,-0.1451108989,6.368015652
3.219,1.27,2.54,3.693285273,9.28,0.6542302888,270.837,-0.1396561313,7.177362523
3.22,1.19,2.38,3.483044415,7.08,0.4919093458,270.968,-0.1370690382,9.815808239
3.221,1.06,2.12,3.134977475,3.46,0.2346875036,270.389,-0.1485130619,36.37943471
3.222,0.99,1.98,2.944261663,1.57,0.105161019,268.954,-0.1769820255,-40.99443611
3.223,1.06,2.12,3.134977475,3.47,0.235381436,266.545,-0.2251174541,305.4348216
3.224,1.22,2.44,3.562237789,7.5,0.5225435358,264.118,-0.2740545028,14.33559359
3.225,1.36,2.72,3.926205107,11.47,0.8204225243,258.288,-0.3934704167,9.195891149
3.226,1.42,2.84,4.079366685,12.94,0.9345986218,259.698,-0.3643440749,7.153589055
3.227,1.37,2.74,3.951849721,11.75,0.8420068204,266.868,-0.2186382336,6.339507323
3.228,1.3,2.6,3.77134888,9.64,0.6812314197,267.48,-0.2063832933,7.942221251
3.229,1.22,2.44,3.562237789,7.41,0.515965065,267.58,-0.2043835176,11.43276237
3.23,1.21,2.42,3.535887071,7.28,0.5064763201,267.268,-0.2106252916,11.95157945
3.231,1.3,2.6,3.77134888,9.63,0.6804797069,265.811,-0.2398703732,8.559393984
3.232,1.39,2.78,4.002997727,12.26,0.8815184399,263.442,-0.2877651783,6.741853874
3.233,1.41,2.82,4.053957439,12.8,0.9236330551,255.89,-0.4433729524,8.441170559
3.234,1.36,2.72,3.926205107,11.32,0.8088910218,251.402,-0.5380380623,14.49570687
3.235,1.29,2.58,3.745374751,9.49,0.669965822,253.577,-0.4919517025,21.03976224
3.236,1.26,2.52,3.667169923,8.47,0.5939315134,258.084,-0.3976976019,18.68774819
3.237,1.24,2.48,3.614798003,8.1,0.5665957586,270.991,-0.1366149448,8.40688209
3.238,1.24,2.48,3.614798003,8.13,0.5688073248,273.923,-0.07904126752,7.380662562
3.239,1.25,2.5,3.6410075,8.2,0.5739709692,277.348,-0.01256221901,6.485484059
3.24,1.24,2.48,3.614798003,8.07,0.5643850467,280.167,0.04154136038,5.965737688
3.241,1.23,2.46,3.588541433,7.72,0.5386564538,281.567,0.06820884181,5.91324213
3.242,1.21,2.42,3.535887071,7.1,0.4933643487,282.83,0.09215319757,6.038908815
3.243,1.18,2.36,3.456552477,6.43,0.4448262407,282.891,0.09330694651,6.423228597
3.244,1.18,2.36,3.456552477,6.4,0.4426627336,283.32,0.1014139965,6.353060673
3.245,1.23,2.46,3.588541433,7.57,0.5276654118,283.829,0.1110169429,5.61866381
3.246,1.32,2.64,3.823155917,10.08,0.7144021175,284.128,0.1166499403,4.600380784
3.247,1.45,2.9,4.15531198,13.79,1.001592152,284.485,0.1233678671,3.693741918
3.248,1.57,3.14,4.454856537,16.32,1.205273881,284.429,0.1223146323,3.355600394
3.249,1.62,3.24,4.577666141,17.19,1.276811415,283.859,0.1115823944,3.297094895
3.25,1.57,3.14,4.454856537,16.28,1.202003341,283.136,0.09793835131,3.426966426
3.251,1.46,2.92,4.180532931,13.95,1.014283009,281.781,0.07227346991,3.84750633
3.252,1.37,2.74,3.951849721,11.51,0.8235013023,280.297,0.04402323258,4.555317529
3.253,1.38,2.76,3.977447261,11.68,0.836603557,277.862,-0.002656414776,4.769423695
3.254,1.47,2.94,4.205706809,14.22,1.035756731,275.783,-0.04283632168,4.235693786
3.255,1.58,3.16,4.479512605,16.39,1.211001239,274.396,-0.06981105434,3.925298926
3.256,1.63,3.26,4.602086841,17.33,1.288395436,272.643,-0.1040995863,3.885926682
3.257,1.6,3.2,4.52868352,16.77,1.242179648,270.671,-0.1429362307,4.11981864
3.258,1.52,3.04,4.330870093,15.39,1.129653446,269.434,-0.1674424344,4.500956694
3.259,1.46,2.92,4.180532931,13.94,1.013489083,268.973,-0.1766040932,4.995349398
3.26,1.42,2.84,4.079366685,12.94,0.9345986218,267.192,-0.2121468274,5.646559004
3.261,1.4,2.8,4.02850112,12.38,0.8908524193,264.563,-0.2650481244,6.43731779
3.262,1.39,2.78,4.002997727,12.05,0.8652180382,262.038,-0.3163539652,7.293240574
3.263,1.39,2.78,4.002997727,12.12,0.8706466921,255.992,-0.4412408204,9.322177434
3.264,1.42,2.84,4.079366685,12.79,0.9228505414,245.794,-0.6587311992,15.44516449
3.265,1.46,2.92,4.180532931,13.99,1.017459711,244.554,-0.6857895909,12.60449067
3.266,1.51,3.02,4.305931583,15.14,1.109474464,244.009,-0.6977256205,10.45766528
3.267,1.55,3.1,4.40540318,15.95,1.175083384,244.82,-0.6799735887,8.897830791
3.268,1.57,3.14,4.454856537,16.35,1.207727853,245.72,-0.6603421401,8.138423118
3.269,1.57,3.14,4.454856537,16.22,1.197100581,246.672,-0.639654532,7.991547429
3.27,1.54,3.08,4.380605891,15.67,1.152328775,247.244,-0.6272629457,8.342965112
3.271,1.5,3,4.280946,14.98,1.096592949,246.712,-0.6387870536,9.351006703
3.272,1.47,2.94,4.205706809,14.25,1.038147194,245.927,-0.6558370782,11.00077301
3.273,1.43,2.86,4.104728857,13.38,0.9691881135,244.793,-0.6805636465,14.22169403
3.274,1.4,2.8,4.02850112,12.5,0.9002005719,243.955,-0.6989097243,20.01333477
3.275,1.36,2.72,3.926205107,11.6,0.8304342699,243.795,-0.7024197193,30.66999094
3.276,1.33,2.66,3.848988825,10.68,0.7599362313,244.425,-0.6886124116,53.96498452
3.277,1.3,2.6,3.77134888,9.87,0.6985473763,245.804,-0.6585135416,94.20403788
3.278,1.27,2.54,3.693285273,9.35,0.6594707644,246.961,-0.6333901608,141.6104217
3.279,1.27,2.54,3.693285273,9.15,0.6445104399,247.492,-0.6218992766,163.339021
3.28,1.27,2.54,3.693285273,9.24,0.6512378409,247.71,-0.6171888753,108.4698228
3.281,1.27,2.54,3.693285273,9.22,0.6497421922,247.806,-0.6151158847,106.6612509
3.282,1.25,2.5,3.6410075,8.71,0.6117324897,247.237,-0.6274144177,-232.1785629
3.283,1.21,2.42,3.535887071,7.75,0.5408572157,243.71,-0.7042853412,-21.63573167
3.284,1.18,2.36,3.456552477,6.92,0.4802828651,239.374,-0.8003275325,-10.80021893
3.285,1.11,2.22,3.269790847,5.17,0.3546811216,234.993,-0.8991498216,-6.00547074
3.286,0.91,1.82,2.723476319,-0.03,-0.001988158449,231.256,-0.9849124855,-2.759625638
3.287,0.56,1.12,1.722117555,-14.78,-0.8876847721,227.093,-1.082098963,-0.874267324
3.288,0.16,0.32,0.5070971392,-30.26,-1.639476122,221.893,-1.20602819,-0.1782099352
3.289,-0.1,-0.2,-0.32305528,-40.33,-2.044971729,216.936,-1.32690023,0.09580888123
3.29,-0.18,-0.36,-0.5848888032,-43.03,-2.143827743,211.516,-1.462264504,0.1621946315
3.291,-0.14,-0.28,-0.4535954528,-41.73,-2.096722707,207.704,-1.559563116,0.1240590793
3.292,-0.07,-0.14,-0.2256444232,-39.58,-2.016804215,203.942,-1.657352286,0.061413939
3.293,0,0,0,-37.15,-1.92336646,201.127,-1.731712419,-0
3.294,0.1,0.2,0.31834792,-33.67,-1.78357836,198.363,-1.805744991,-0.08869301784
3.295,0.22,0.44,0.6941517088,-29.54,-1.608117039,196.292,-1.861895054,-0.2000430229
3.296,0.3,0.6,0.94092168,-26.21,-1.458713183,194.566,-1.90914577,-0.2793827453
3.297,0.34,0.68,1.063176899,-24.79,-1.392768409,193.467,-1.939450747,-0.3190597164
3.298,0.33,0.66,1.032683705,-25.18,-1.411015502,192.711,-1.960397591,-0.3063058949
3.299,0.29,0.58,0.9102401912,-27.05,-1.497087256,192.457,-1.967453734,-0.2627303858
3.3,0.21,0.42,0.6630936312,-30.24,-1.638609494,194.741,-1.904335941,-0.1871588608
3.301,0.09,0.18,0.2867249592,-35.12,-1.842696617,198.407,-1.804558409,-0.07861390474
3.302,-0.05,-0.1,-0.16093922,-40.38,-2.046838481,203.597,-1.666410317,0.04334188975
3.303,-0.12,-0.24,-0.3882312192,-43.19,-2.14956301,209.532,-1.512683831,0.1060090256
3.304,-0.09,-0.18,-0.2905379208,-42.32,-2.118213318,215.443,-1.363847361,0.08343850024
3.305,0.02,0.04,0.0640461728,-38.81,-1.987558792,220.646,-1.236179059,-0.01986705364
3.306,0.15,0.3,0.47575662,-34.24,-1.806968749,224.088,-1.153365208,-0.1607104559
3.307,0.27,0.54,0.8487359928,-29.76,-1.617734075,225.655,-1.116083988,-0.3104581114
3.308,0.39,0.78,1.214936767,-25.22,-1.412881174,227.16,-1.080520768,-0.4872606967
3.309,0.5,1,1.544666,-20.95,-1.207508908,228.523,-1.048515748,-0.684684893
3.31,0.58,1.16,1.780891485,-17.59,-1.036821791,230.136,-1.010886112,-0.8696999618
3.311,0.63,1.26,1.927002521,-15.41,-0.9216377426,232.337,-0.9599623224,-1.024129706
3.312,0.66,1.32,2.014104259,-14.07,-0.8490579017,235.448,-0.888801018,-1.158957287
3.313,0.69,1.38,2.100782335,-12.82,-0.780110914,239.369,-0.8004392835,-1.329146229
3.314,0.72,1.44,2.187036749,-11.27,-0.6929272689,243.746,-0.703495116,-1.566171362
3.315,0.75,1.5,2.2728675,-9.83,-0.6102299196,248.944,-0.5906033103,-1.892742009
3.316,0.76,1.52,2.301383603,-9.13,-0.5694304816,255.053,-0.4609011464,-2.233633852
3.317,0.76,1.52,2.301383603,-9.54,-0.5933751472,266.23,-0.2314437652,-2.790168325
3.318,0.74,1.48,2.244304323,-10.57,-0.6529333971,268.114,-0.1937173501,-2.650802979
3.319,0.73,1.46,2.215694073,-11.03,-0.6792588562,268.686,-0.1823157065,-2.571680002
3.32,0.74,1.48,2.244304323,-10.49,-0.6483378822,268.703,-0.181977218,-2.702954966
3.321,0.77,1.54,2.329852633,-9.01,-0.5623966193,267.8,-0.1999866403,-3.056012318
3.322,0.82,1.64,2.471491677,-6.35,-0.403462751,266.43,-0.2274261928,-3.917475018
3.323,0.91,1.82,2.723476319,-1.79,-0.1172440613,264.158,-0.2732443202,-6.974538675
3.324,1.01,2.02,2.998987263,1.89,0.1268649244,261.471,-0.3279428822,-14.91455004
3.325,1.08,2.16,3.189044045,3.55,0.2409361762,258.205,-0.3951898979,-20.67401687
3.326,1.03,2.06,3.053524569,2.34,0.1575417291,248.341,-0.6035779691,-6.845911375
3.327,0.88,1.76,2.639905101,-3.17,-0.2057320702,247.313,-0.6257700946,-3.174862571
3.328,0.74,1.48,2.244304323,-9.95,-0.6171845625,246.015,-0.6539230314,-1.765628916
3.329,0.78,1.56,2.358274589,-8.35,-0.5235017793,244.905,-0.6781164239,-1.962582276
3.33,0.88,1.76,2.639905101,-2.77,-0.1802522577,243.974,-0.6984930653,-3.004175421
3.331,0.78,1.56,2.358274589,-7.21,-0.4554829271,242.931,-0.7214135879,-2.003807946
3.332,0.43,0.86,1.335497337,-21.49,-1.234183912,242.552,-0.7297667142,-0.6800055558
3.333,0.09,0.18,0.2867249592,-35.13,-1.843099958,242.529,-0.7302740522,-0.111419855
3.334,-0.03,-0.06,-0.0964223112,-40.02,-2.033367014,241.796,-0.7464679426,0.03468634387
3.335,-0.01,-0.02,-0.0320936968,-39.14,-2.00013332,239.943,-0.7876254943,0.01151236493
3.336,-0.02,-0.04,-0.0642344672,-39.4,-2.009997408,237.458,-0.8433223616,0.02251218664
3.337,-0.01,-0.02,-0.0320936968,-39.39,-2.009618721,234.158,-0.9181938169,0.01096166383
3.338,0.1,0.2,0.31834792,-35.43,-1.855172554,231.355,-0.9826226567,-0.1121814283
3.339,0.27,0.54,0.8487359928,-29.36,-1.600225496,229.689,-1.021287681,-0.3237580494
3.34,0.36,0.72,1.124022067,-26.23,-1.459632309,228.917,-1.039299674,-0.4498009849
3.341,0.32,0.64,1.002143437,-27.65,-1.524211451,229.615,-1.023011594,-0.3934258678
3.342,0.27,0.54,0.8487359928,-29.78,-1.618606817,230.549,-1.001293655,-0.3239573419
3.343,0.25,0.5,0.7870435,-30.74,-1.660199183,232.632,-0.9531736969,-0.3011600472
3.344,0.26,0.52,0.8179132832,-30.45,-1.647696437,234.79,-0.903773446,-0.3205655252
3.345,0.33,0.66,1.032683705,-27.67,-1.525111513,237.122,-0.8508979033,-0.4346294665
3.346,0.45,0.9,1.39549518,-22.98,-1.30672242,239.589,-0.7955244472,-0.6638112783
3.347,0.54,1.08,1.663155331,-19.54,-1.136876718,242.615,-0.7283772957,-0.8916508523
3.348,0.54,1.08,1.663155331,-19.54,-1.136876718,245.73,-0.660124417,-0.9255171289
3.349,0.5,1,1.544666,-21.39,-1.22925968,248.246,-0.6056249417,-0.8418327678
3.35,0.5,1,1.544666,-21.1,-1.214939374,250.529,-0.556648408,-0.8719105063
3.351,0.58,1.16,1.780891485,-18.06,-1.061192178,254.012,-0.4827818798,-1.153446508
3.352,0.67,1.34,2.043044025,-14.16,-0.8539756164,256.063,-0.4397571907,-1.57918545
3.353,0.73,1.46,2.215694073,-11.01,-0.6781177632,248.787,-0.5939784267,-1.741766142
3.354,0.78,1.56,2.358274589,-8.92,-0.5571135791,248.771,-0.5943225072,-2.048115928
3.355,0.79,1.58,2.386649471,-8.15,-0.5116455393,249.62,-0.5760952343,-2.19413442
3.356,0.74,1.48,2.244304323,-10.47,-0.6471882068,250.959,-0.5474737097,-1.878610419
3.357,0.59,1.18,1.810207839,-17.8,-1.0477308,254.016,-0.4826976324,-1.182811166
3.358,0.43,0.86,1.335497337,-24.97,-1.401202959,264.507,-0.2661806778,-0.800953846
3.359,0.48,0.96,1.485138893,-23.15,-1.314900134,265.314,-0.2498828967,-0.9491021204
3.36,0.77,1.54,2.329852633,-10.57,-0.6529333971,265.976,-0.2365504348,-2.619331065
3.361,1.12,2.24,3.296612301,3.76,0.2555451469,266.616,-0.2236925562,103.4958924
3.362,1.27,2.54,3.693285273,7.69,0.5364565434,267.169,-0.2126073775,11.40433777
3.363,1.2,2.4,3.50948928,5.78,0.39813838,267.548,-0.2050233645,18.17305231
3.364,1.11,2.22,3.269790847,3.43,0.2326062531,267.459,-0.2068033412,126.721777
3.365,1.13,2.26,3.323386681,3.85,0.2618184636,266.803,-0.219941471,79.36068187
3.366,1.21,2.42,3.535887071,5.93,0.4088775387,266.245,-0.2311423426,19.89412986
3.367,1.27,2.54,3.693285273,7.54,0.5254697554,265.129,-0.2536146833,13.58549335
3.368,1.28,2.56,3.719353549,7.93,0.5540796799,263.885,-0.2787762566,13.51001562
3.369,1.28,2.56,3.719353549,7.71,0.5379230557,262.181,-0.3134351468,16.56816872
3.37,1.26,2.52,3.667169923,7.32,0.5093942366,259.74,-0.3634789091,25.13217758
3.371,1.24,2.48,3.614798003,6.76,0.4686804357,255.696,-0.4474305304,170.1088994
3.372,1.22,2.44,3.562237789,6.23,0.4304187526,242.963,-0.7207089075,-12.27130073
3.373,1.22,2.44,3.562237789,6.11,0.4217921938,238.769,-0.8138663764,-9.085621922
3.374,1.24,2.48,3.614798003,6.66,0.4614411161,235.413,-0.8895963695,-8.442727197
3.375,1.26,2.52,3.667169923,7.37,0.5130437536,233.482,-0.9336612813,-8.718538059
3.376,1.26,2.52,3.667169923,7.18,0.4991881248,231.931,-0.9693194203,-7.800310164
3.377,1.21,2.42,3.535887071,5.96,0.4110278843,231.154,-0.9872727286,-6.136084523
3.378,1.17,2.34,3.430013465,4.9,0.3355559612,230.629,-0.9994375386,-5.166604379
3.379,1.19,2.38,3.483044415,5.23,0.3589403106,230.828,-0.9948232405,-5.477493186
3.38,1.25,2.5,3.6410075,6.83,0.4737535413,231.697,-0.9747198711,-7.267968491
3.381,1.29,2.58,3.745374751,8.1,0.5665957586,233.304,-0.9377415238,-10.09138485
3.382,1.23,2.46,3.588541433,6.22,0.4296993593,234.9,-0.9012675378,-7.609804045
3.383,1.01,2.02,2.998987263,0.41,0.02725121946,237.106,-0.8512589111,-3.639513676
3.384,0.81,1.62,2.443258015,-10.19,-0.6310592496,239.417,-0.7993665704,-1.708063418
3.385,0.78,1.56,2.358274589,-11.76,-0.7206923701,241.835,-0.7456050947,-1.608319352
3.386,0.91,1.82,2.723476319,-4.98,-0.3193222882,244.376,-0.6896850362,-2.699164073
3.387,1.06,2.12,3.134977475,1.51,0.1011017552,246.913,-0.6344301022,-5.878137724
3.388,1.11,2.22,3.269790847,2.68,0.1808408527,249.582,-0.5769097342,-8.255611586
3.389,1.11,2.22,3.269790847,2.67,0.1801540931,252.497,-0.5147863424,-9.771296265
3.39,1.13,2.26,3.323386681,3.3,0.2235969714,256.993,-0.4203616259,-16.89016093
3.391,1.14,2.28,3.350113987,3.62,0.2458013611,268.283,-0.1903461529,60.4111696
3.392,1.12,2.24,3.296612301,2.89,0.1952837167,270.128,-0.1536797823,79.23799394
3.393,1.11,2.22,3.269790847,2.72,0.1835887959,271.486,-0.1268513945,57.63025382
3.394,1.22,2.44,3.562237789,5.46,0.3752980881,272.231,-0.1121902656,13.53907974
3.395,1.45,2.9,4.15531198,11.66,0.8350606483,272.353,-0.1097932066,5.729351327
3.396,1.71,3.42,4.795757791,17.52,1.30414874,272.171,-0.1133695413,4.02741146
3.397,1.87,3.74,5.174061561,20.71,1.574216016,271.468,-0.1272061207,3.575691898
3.398,1.82,3.64,5.057136157,19.77,1.493533932,270.797,-0.1404463329,3.737478756
3.399,1.55,3.1,4.40540318,14.48,1.056503983,270.005,-0.1561164044,4.892785379
3.4,1.19,2.38,3.483044415,4.85,0.3320216532,269.085,-0.174376824,22.09425093
3.401,0.91,1.82,2.723476319,-5.25,-0.336029081,268.398,-0.188053357,-5.19665633
3.402,0.84,1.68,2.527817779,-9.29,-0.5787908691,267.913,-0.1977296482,-3.255313572
3.403,0.93,1.86,2.778955097,-4.26,-0.2744703274,267.602,-0.2039436672,-5.808682707
3.404,1.06,2.12,3.134977475,1.23,0.08220110551,267.43,-0.2073834616,-25.04328545
3.405,1.13,2.26,3.323386681,2.99,0.2021753167,267.76,-0.2007858038,2391.763922
3.406,1.15,2.3,3.37679422,3.62,0.2458013611,268.233,-0.1913433273,62.00727391
3.407,1.17,2.34,3.430013465,4.15,0.2827830416,269.114,-0.1738002714,31.47298842
3.408,1.2,2.4,3.50948928,4.91,0.3362630996,269.972,-0.1567703212,19.55225893
3.409,1.24,2.48,3.614798003,6,0.4138963161,270.735,-0.1416713759,13.27871723
3.41,1.31,2.62,3.797275935,7.82,0.5459956392,271.857,-0.119545327,8.904380714
3.411,1.37,2.74,3.951849721,9.24,0.6512378409,273.1,-0.09513950588,7.106386536
3.412,1.35,2.7,3.90051342,8.85,0.6221417664,274.171,-0.0741997619,7.118478575
3.413,1.28,2.56,3.719353549,6.94,0.4817348592,275.094,-0.05621917093,8.74081415
3.414,1.21,2.42,3.535887071,4.97,0.340507869,275.891,-0.0407416063,11.79548039
3.415,1.17,2.34,3.430013465,3.92,0.2667028299,275.807,-0.04237075849,15.28989343
3.416,1.1,2.2,3.24292232,2.04,0.1370702779,275.033,-0.05740562425,40.7071665
3.417,0.99,1.98,2.944261663,-1.79,-0.1172440613,273.048,-0.09615827735,-13.79676381
3.418,0.94,1.88,2.806623875,-4.82,-0.3093930134,270.961,-0.1372072481,-6.284420581
3.419,0.95,1.9,2.83424558,-4.02,-0.259422151,268.726,-0.181519297,-6.427714139
3.42,0.97,1.94,2.889347769,-3.26,-0.2114461169,266.313,-0.2297761064,-6.548509155
3.421,0.91,1.82,2.723476319,-6.44,-0.4089354179,263.624,-0.2840703847,-3.929947353
3.422,0.81,1.62,2.443258015,-11.25,-0.6917899749,259.56,-0.3671877481,-2.30718547
3.423,0.78,1.56,2.358274589,-13.04,-0.7923332418,249.742,-0.5734810986,-1.726643599
3.424,0.81,1.62,2.443258015,-11.44,-0.702581509,248.801,-0.5936773744,-1.88485344
3.425,0.9,1.8,2.69566632,-7.11,-0.449465469,249.367,-0.5815204262,-2.614649078
3.426,0.98,1.96,2.916828253,-2.62,-0.170661878,250.664,-0.5537662847,-4.026387161
3.427,1.03,2.06,3.053524569,0.12,0.007960581053,253.766,-0.4879656416,-6.361442451
3.428,1.08,2.16,3.189044045,1.24,0.08287492228,257.901,-0.4014924799,-10.00900286
3.429,1.12,2.24,3.296612301,2.34,0.1575417291,266.135,-0.2333531695,-43.48436442
3.43,1.19,2.38,3.483044415,4.15,0.2827830416,274.464,-0.06848539752,16.25330241
3.431,1.36,2.72,3.926205107,8.46,0.5931909971,277.492,-0.009785202155,6.729801351
3.432,1.55,3.1,4.40540318,13.6,0.9865548682,280.328,0.04461489368,4.272238523
3.433,1.65,3.3,4.65078702,15.92,1.172641592,283.82,0.1108472958,3.623550669
3.434,1.66,3.32,4.675066499,15.99,1.178340525,287.077,0.1718920694,3.462415676
3.435,1.6,3.2,4.52868352,14.86,1.086948709,289.369,0.2144364348,3.479894896
3.436,1.6,3.2,4.52868352,14.95,1.094180532,290.853,0.241803261,3.389774294
3.437,1.7,3.4,4.77171368,16.82,1.246293028,291.187,0.2479433895,3.193412785
3.438,1.79,3.58,4.986416031,18.51,1.38683254,291.265,0.2493762972,3.047542536
3.439,1.84,3.68,5.104047539,19.43,1.464578764,290.214,0.2300364548,3.011921221
3.44,1.87,3.74,5.174061561,19.97,1.510622784,289.093,0.2093311725,3.008255855
3.441,1.88,3.76,5.197305421,20.33,1.541488248,286.975,0.1699908479,3.036733218
3.442,1.86,3.72,5.150770627,19.89,1.503782224,284.839,0.1300210215,3.152626022
3.443,1.72,3.44,4.819754829,17.14,1.272679128,282.268,0.08151185398,3.559139658
3.444,1.46,2.92,4.180532931,11.3,0.8073551473,279.78,0.03414619501,4.967945648
3.445,1.24,2.48,3.614798003,5.17,0.3546811216,277.54,-0.008859850101,10.45279253
3.446,1.17,2.34,3.430013465,3.26,0.220827979,275.474,-0.04883406928,19.9426449
3.447,1.27,2.54,3.693285273,5.77,0.3974231805,273.654,-0.08429769763,11.79490484
3.448,1.42,2.84,4.079366685,9.65,0.6819832286,272.202,-0.1127602164,7.166552646
3.449,1.48,2.96,4.230833613,11.28,0.8058196629,271.567,-0.1252554176,6.216655727
3.45,1.46,2.92,4.180532931,10.85,0.7729009945,271.378,-0.1289801045,6.492308288
3.451,1.46,2.92,4.180532931,10.85,0.7729009945,272.299,-0.1108540674,6.314556809
3.452,1.53,3.06,4.355761529,12.8,0.9236330551,272.965,-0.09778479541,5.274287955
3.453,1.67,3.34,4.699298905,15.93,1.173455422,273.946,-0.07859207254,4.292132812
3.454,1.81,3.62,5.033609855,18.61,1.395240688,274.572,-0.06638061748,3.787915649
3.455,1.88,3.76,5.197305421,20.01,1.514045576,274.555,-0.06671187054,3.590951694
3.456,1.84,3.68,5.104047539,19.34,1.456934338,274.52,-0.06739392673,3.673191149
3.457,1.73,3.46,4.843704793,17.11,1.270200984,273.71,-0.08320299647,4.080634376
3.458,1.61,3.22,4.553198367,14.9,1.090161848,272.517,-0.1065726217,4.629166574
3.459,1.58,3.16,4.479512605,14.1,1.02620387,270.869,-0.1390240542,5.049159734
3.46,1.62,3.24,4.577666141,15,1.09820173,268.888,-0.1782950505,4.976228831
3.461,1.63,3.26,4.602086841,15.3,1.122381755,266.266,-0.2307203795,5.161249516
3.462,1.57,3.14,4.454856537,13.97,1.015871161,263.004,-0.2966675179,6.194151798
3.463,1.46,2.92,4.180532931,10.87,0.7744281063,256.112,-0.4387335171,12.45338193
3.464,1.35,2.7,3.90051342,7.79,0.5437928897,248.47,-0.6007996489,-68.4219464
3.465,1.29,2.58,3.745374751,6,0.4138963161,248.484,-0.6004982125,-20.07147206
3.466,1.29,2.58,3.745374751,5.97,0.4117448525,249.826,-0.5716819441,-23.41779954
3.467,1.35,2.7,3.90051342,7.6,0.5298619186,253.858,-0.4860264109,88.98068315
3.468,1.46,2.92,4.180532931,10.63,0.7561284042,259.152,-0.3756039808,10.98624076
3.469,1.58,3.16,4.479512605,13.93,1.012695257,272.448,-0.1079273876,4.951007609
3.47,1.67,3.34,4.699298905,15.77,1.16044631,275.516,-0.04801844649,4.224362817
3.471,1.7,3.4,4.77171368,16.36,1.208546047,278.355,0.00682747619,3.926129367
3.472,1.65,3.3,4.65078702,15.49,1.137742688,281.172,0.06069825396,3.880697712
3.473,1.61,3.22,4.553198367,14.67,1.071708241,283.991,0.114069671,3.839840766
3.474,1.71,3.42,4.795757791,16.44,1.21509526,286.545,0.1619684583,3.482596867
3.475,1.91,3.82,5.266754559,20.39,1.546645704,288.73,0.202609217,3.010855934
3.476,2.07,4.14,5.629994777,23.67,1.834385889,290.754,0.239981928,2.714077384
3.477,2.08,4.16,5.652297165,23.74,1.840651913,292.036,0.2635194323,2.686234264
3.478,1.93,3.86,5.312818617,21,1.599294702,292.738,0.2763644008,2.832507575
3.479,1.81,3.62,5.033609855,18.62,1.396082072,292.548,0.2728908851,3.015992461
3.48,1.79,3.58,4.986416031,18.3,1.369209095,291.988,0.2626400164,3.055684498
3.481,1.83,3.66,5.080615385,19.09,1.435744057,290.532,0.2358954712,3.039300817
3.482,1.88,3.76,5.197305421,20.04,1.516613769,288.977,0.2071840277,3.015031944
3.483,1.89,3.78,5.220502207,20.26,1.53547599,286.91,0.1687789326,3.063216739
3.484,1.84,3.68,5.104047539,19.28,1.45184274,284.921,0.1315609682,3.223465698
3.485,1.75,3.5,4.8914635,17.5,1.302488754,283.73,0.109150529,3.46509449
3.486,1.64,3.28,4.626460467,15.42,1.132079159,282.965,0.09470624245,3.771206002
3.487,1.56,3.12,4.430153395,13.47,0.9762868841,283.159,0.09837293046,4.122377459
3.488,1.54,3.08,4.380605891,12.83,0.9259811889,283.381,0.1025657502,4.259023798
3.489,1.58,3.16,4.479512605,13.97,1.015871161,283.467,0.1041891131,3.999349597
3.49,1.66,3.32,4.675066499,15.71,1.155574575,283.126,0.09774939284,3.730134123
3.491,1.71,3.42,4.795757791,16.71,1.237246958,282.159,0.07944551056,3.642276313
3.492,1.73,3.46,4.843704793,16.99,1.260297613,281.201,0.06125002299,3.665176086
3.493,1.73,3.46,4.843704793,17.1,1.269375141,279.989,0.03814123601,3.704507935
3.494,1.74,3.48,4.867607683,17.18,1.275984753,279.016,0.01951687574,3.757314986
3.495,1.74,3.48,4.867607683,17.17,1.275158193,278.999,0.01919089884,3.760660639
3.496,1.74,3.48,4.867607683,17.21,1.278465046,279.486,0.02852132189,3.72429874
3.497,1.8,3.6,5.01003648,18.46,1.382632347,281.509,0.06710668153,3.455819553
3.498,1.93,3.86,5.312818617,20.96,1.595830303,283.522,0.1052270521,3.123244846
3.499,2.02,4.04,5.517776733,22.66,1.744562006,285.353,0.139666547,2.928400976
3.5,2,4,5.47256,22.25,1.708410371,286.496,0.1610535151,2.927341919
3.501,1.93,3.86,5.312818617,20.96,1.595830303,286.776,0.166279656,3.015032399
3.502,1.92,3.84,5.289810125,20.83,1.584582656,286.839,0.1674548344,3.019233409
3.503,1.95,3.9,5.35869438,21.34,1.628810296,286.134,0.154289286,3.005269271
3.504,1.92,3.84,5.289810125,20.75,1.577669878,285.527,0.142927828,3.074402637
3.505,1.84,3.68,5.104047539,19.37,1.459481542,284.944,0.1319928248,3.207118911
3.506,1.81,3.62,5.033609855,18.76,1.407872324,284.573,0.1250225315,3.283728064
3.507,1.85,3.7,5.12743262,19.52,1.472231631,284.045,0.11508686,3.23024815
3.508,1.9,3.8,5.24365192,20.53,1.558694471,283.503,0.1048685142,3.152060948
3.509,1.91,3.82,5.266754559,20.64,1.56817581,282.882,0.0931367369,3.170237033
3.51,1.88,3.76,5.197305421,20.16,1.526895965,282.11,0.0785163438,3.237364876
3.511,1.86,3.72,5.150770627,19.67,1.485005183,281.046,0.05830025173,3.337492704
3.512,1.83,3.66,5.080615385,19.1,1.436590421,279.895,0.03634479244,3.449313548
3.513,1.78,3.56,4.962748509,18.25,1.365019752,278.473,0.009094962772,3.611596947
3.514,1.72,3.44,4.819754829,17.17,1.275158193,276.861,-0.021964631,3.845977967
3.515,1.67,3.34,4.699298905,16.04,1.182414232,275.203,-0.05409976993,4.164884049
3.516,1.61,3.22,4.553198367,15.01,1.099006271,273.682,-0.08375031905,4.484778796
3.517,1.55,3.1,4.40540318,13.62,0.988136049,272.14,-0.1139789355,5.039601134
3.518,1.46,2.92,4.180532931,11.02,0.7858938405,270.617,-0.1440036847,6.512847865
3.519,1.28,2.56,3.719353549,6.31,0.4361772617,269.245,-0.1711966184,14.03632168
3.52,1.07,2.14,3.162034297,0.35,0.0232539451,267.461,-0.2067633352,-17.23091279
3.521,0.91,1.82,2.723476319,-8,-0.5027319434,265.56,-0.2449246576,-3.64268344
3.522,0.89,1.78,2.667809247,-8.85,-0.5530000139,263.33,-0.2900401664,-3.164510197
3.523,1.01,2.02,2.998987263,-2.72,-0.177057616,260.369,-0.3505387306,-5.684245697
3.524,1.17,2.34,3.430013465,2.86,0.1932180047,250.988,-0.5468555169,-9.699235366
3.525,1.31,2.62,3.797275935,6.48,0.448433957,251.156,-0.5432756672,-40.03803736
3.526,1.42,2.84,4.079366685,9.28,0.6542302888,251.71,-0.5314876314,33.23511785
3.527,1.47,2.94,4.205706809,10.85,0.7729009945,253.026,-0.5035894194,15.61650964
3.528,1.47,2.94,4.205706809,10.83,0.7713742715,255.072,-0.4605026166,13.52875614
3.529,1.44,2.88,4.130043955,9.77,0.6910124414,258.392,-0.3913166658,13.78078802
3.53,1.43,2.86,4.104728857,9.69,0.6849914265,265.838,-0.2393269695,9.210357237
3.531,1.52,3.04,4.330870093,11.98,0.859794194,273.365,-0.08995070107,5.625650061
3.532,1.69,3.38,4.747622495,16.11,1.188121682,275.28,-0.05260308428,4.181016941
3.533,1.88,3.76,5.197305421,19.85,1.500364454,277.069,-0.01794679462,3.505965669
3.534,2.01,4.02,5.495191903,22.22,1.705772166,278.935,0.01796351351,3.187955072
3.535,2.02,4.04,5.517776733,22.52,1.732197378,280.936,0.05620587857,3.085309038
3.536,1.95,3.9,5.35869438,21.26,1.621854462,282.805,0.09168027775,3.127275016
3.537,1.86,3.72,5.150770627,19.53,1.473082471,284.791,0.1291193836,3.214807555
3.538,1.78,3.56,4.962748509,17.99,1.343276753,286.722,0.1652721546,3.289749829
3.539,1.7,3.4,4.77171368,16.5,1.220011443,287.623,0.1820577241,3.403336862
3.54,1.63,3.26,4.602086841,15.02,1.099810913,288.039,0.1897900406,3.568613087
3.541,1.56,3.12,4.430153395,13.17,0.9526555674,287.461,0.1790435557,3.914603542
3.542,1.49,2.98,4.255913343,11.23,0.8019826584,286.567,0.1623791983,4.413191287
3.543,1.42,2.84,4.079366685,9.48,0.6692155509,284.906,0.1312793037,5.096056097
3.544,1.38,2.76,3.977447261,8.31,0.5820946737,283.018,0.09570821601,5.868147394
3.545,1.38,2.76,3.977447261,8.1,0.5665957586,280.93,0.05609161645,6.387550832
3.546,1.4,2.8,4.02850112,8.81,0.6191657777,278.859,0.01650562762,6.337395526
3.547,1.45,2.9,4.15531198,9.98,0.7068469357,276.855,-0.02208057491,6.068218619
3.548,1.49,2.98,4.255913343,11.08,0.7904862633,275.182,-0.0545080296,5.782661971
3.549,1.52,3.04,4.330870093,11.97,0.8590197516,273.898,-0.0795295657,5.556029019
3.55,1.55,3.1,4.40540318,12.74,0.9189394541,272.853,-0.09998039911,5.379271593
3.551,1.57,3.14,4.454856537,13.48,0.9770761329,272.354,-0.109773563,5.13645029
3.552,1.6,3.2,4.52868352,14.16,1.030978503,271.846,-0.1197618055,4.969930351
3.553,1.61,3.22,4.553198367,14.61,1.066902987,271.68,-0.1230297265,4.823951007
3.554,1.62,3.24,4.577666141,14.69,1.073310795,271.541,-0.1257676546,4.831089949
3.555,1.61,3.22,4.553198367,14.5,1.058102728,271.15,-0.1334768312,4.924368205
3.556,1.59,3.18,4.504121599,13.86,1.007141264,270.913,-0.13815507,5.183191209
3.557,1.55,3.1,4.40540318,12.77,0.9212858102,270.563,-0.1450713516,5.675497449
3.558,1.5,3,4.280946,11.42,0.8165762495,270.363,-0.1490275306,6.412934186
3.559,1.47,2.94,4.205706809,10.43,0.7409213337,270.757,-0.1412366511,7.013196987
3.56,1.46,2.92,4.180532931,10.37,0.7363667681,271.602,-0.1245659453,6.833160035
3.561,1.49,2.98,4.255913343,11.18,0.7981480909,273.225,-0.09269132938,6.032847901
3.562,1.54,3.08,4.380605891,12.34,0.8877395187,274.94,-0.05921498581,5.287237393
3.563,1.57,3.14,4.454856537,13.27,0.9605227547,276.805,-0.02304687192,4.751969217
3.564,1.59,3.18,4.504121599,13.96,1.015077035,278.691,0.01328152206,4.37991357
3.565,1.62,3.24,4.577666141,14.79,1.081329584,280.752,0.05270072968,4.036634724
3.566,1.68,3.36,4.723484237,15.78,1.16125862,283.036,0.09604846623,3.756826226
3.567,1.75,3.5,4.8914635,17.15,1.273505381,285.958,0.1509975076,3.433803848
3.568,1.83,3.66,5.080615385,18.7,1.402816872,288.877,0.2053323489,3.159293502
3.569,1.91,3.82,5.266754559,20.32,1.540629039,290.955,0.2436791376,2.951706789
3.57,1.99,3.98,5.449881023,21.72,1.661943022,292.409,0.270348305,2.820424099
3.571,2,4,5.47256,22.11,1.696106948,292.763,0.2768212745,2.773826203
3.572,1.94,3.88,5.335780035,20.87,1.588041573,293.01,0.2813330907,2.854312802
3.573,1.81,3.62,5.033609855,18.31,1.370047273,292.165,0.2658821465,3.076911385
3.574,1.68,3.36,4.723484237,15.82,1.164508873,290.701,0.239006616,3.365466412
3.575,1.61,3.22,4.553198367,14.62,1.067703612,288.282,0.1943015891,3.607907766
3.576,1.61,3.22,4.553198367,14.64,1.069305163,285.464,0.1417472489,3.75970381
3.577,1.62,3.24,4.577666141,14.66,1.070907115,281.528,0.06746775904,4.021229075
3.578,1.56,3.12,4.430153395,13.18,0.9534418402,277.547,-0.008724916297,4.689397727
3.579,1.45,2.9,4.15531198,10.02,0.7098678504,274.331,-0.07107853344,6.504980389
3.58,1.32,2.64,3.823155917,6.7,0.4643357186,271.571,-0.1251766163,11.27245558
3.581,1.26,2.52,3.667169923,4.89,0.334848915,269.277,-0.1705608041,22.32157825
3.582,1.27,2.54,3.693285273,5.05,0.3461727334,261.594,-0.3254267513,178.024123
3.583,1.3,2.6,3.77134888,5.99,0.4131790684,270.714,-0.1420863734,13.91165808
3.584,1.31,2.62,3.797275935,6.09,0.4203557404,270.971,-0.1370098064,13.40155435
3.585,1.25,2.5,3.6410075,4.45,0.3038301318,271.285,-0.1308138392,21.04430425
3.586,1.17,2.34,3.430013465,2.3,0.1548075169,271.756,-0.1215333222,103.08329
3.587,1.15,2.3,3.37679422,1.82,0.1221093445,272.022,-0.1162992005,581.1894169
3.588,1.23,2.46,3.588541433,3.94,0.2680991864,272.448,-0.1079273876,22.40432748
3.589,1.39,2.78,4.002997727,7.94,0.5548151612,273.281,-0.09159490958,8.641672537
3.59,1.54,3.08,4.380605891,11.91,0.8543751566,274.554,-0.06673135666,5.561658571
3.591,1.63,3.26,4.602086841,14.49,1.057303305,276.795,-0.02324015226,4.450489148
3.592,1.67,3.34,4.699298905,15.4,1.130461916,278.703,0.01351187976,4.107872858
3.593,1.7,3.4,4.77171368,15.93,1.173455422,281.208,0.06138320009,3.864240717
3.594,1.73,3.46,4.843704793,16.48,1.218372308,283.464,0.1041324925,3.66252341
3.595,1.76,3.52,4.915272243,17.06,1.26607279,284.963,0.1323495497,3.514869652
3.596,1.78,3.56,4.962748509,17.42,1.295852912,285.946,0.1507729944,3.430567977
3.597,1.78,3.56,4.962748509,17.35,1.290051935,285.994,0.1516709907,3.442234579
3.598,1.75,3.5,4.8914635,16.82,1.246293028,285.934,0.1505484718,3.501802818
3.599,1.7,3.4,4.77171368,15.9,1.171014238,285.498,0.1423844192,3.633103821
3.6,1.64,3.28,4.626460467,14.68,1.072509468,284.71,0.127597525,3.855040004
3.601,1.55,3.1,4.40540318,12.34,0.8877395187,283.434,0.1035662531,4.444040684
3.602,1.47,2.94,4.205706809,9.87,0.6985473763,282.223,0.08065887315,5.397424381
3.603,1.43,2.86,4.104728857,8.63,0.6057927298,280.64,0.05056603589,6.253788433
3.604,1.45,2.9,4.15531198,9.35,0.6594707644,279.623,0.03114317207,6.016837716
3.605,1.54,3.08,4.380605891,11.82,0.8474148814,279.785,0.034241805,4.968607349
3.606,1.67,3.34,4.699298905,15.21,1.11511823,280.332,0.04469123228,4.051785279
3.607,1.83,3.66,5.080615385,18.2,1.36083299,282.498,0.08586941115,3.51185937
3.608,2.02,4.04,5.517776733,21.9,1.677690909,284.697,0.1273532357,3.056865257
3.609,2.19,4.38,5.894516575,25.35,1.986233201,286.057,0.1528493821,2.755628334
3.61,2.26,4.52,6.045690563,26.95,2.133710792,286.441,0.1600263515,2.63573818
3.611,2.22,4.44,5.959587869,26.17,2.061464585,285.306,0.1387852852,2.708595941
3.612,2.11,4.22,5.718921887,23.92,1.856788793,284.137,0.1168194035,2.897698691
3.613,1.99,3.98,5.449881023,21.65,1.655828128,281.556,0.06799982886,3.161499384
3.614,1.91,3.82,5.266754559,20.12,1.52346689,278.111,0.002135724731,3.452245367
3.615,1.85,3.7,5.12743262,18.98,1.426440919,275.214,-0.05388593205,3.735684668
3.616,1.78,3.56,4.962748509,17.66,1.315780144,272.139,-0.1139985945,4.129493009
3.617,1.68,3.36,4.723484237,15.7,1.154762973,269.095,-0.1741780057,4.817006577
3.618,1.54,3.08,4.380605891,12.4,0.8924094601,265.851,-0.2390653504,6.704898424
3.619,1.39,2.78,4.002997727,8.35,0.5850516001,262.536,-0.3061960054,14.35509204
3.62,1.27,2.54,3.693285273,5.13,0.3518435126,258.717,-0.3845917771,-112.7780459
3.621,1.2,2.4,3.50948928,3.25,0.2201359582,250.291,-0.5617332692,-10.27376144
3.622,1.18,2.36,3.456552477,2.45,0.1650682554,242.957,-0.720841028,-6.219362746
3.623,1.16,2.32,3.403427379,2.15,0.1445670651,240.077,-0.7846385353,-5.31726149
3.624,1.16,2.32,3.403427379,1.98,0.1329857094,237.303,-0.8468156984,-4.767840287
3.625,1.16,2.32,3.403427379,2.06,0.1384325202,235.091,-0.8969191565,-4.487128997
3.626,1.17,2.34,3.430013465,2.3,0.1548075169,232.975,-0.9452912968,-4.339132
3.627,1.16,2.32,3.403427379,2.01,0.135027589,231,-0.990838207,-3.976846405
3.628,1.1,2.2,3.24292232,0.42,0.02791774195,229.434,-1.027230534,-3.245152415
3.629,0.99,1.98,2.944261663,-5.22,-0.3341757968,228.892,-1.039883978,-2.142746419
3.63,0.86,1.72,2.583955587,-12.01,-0.7347854367,228.733,-1.043601651,-1.452977029
3.631,0.79,1.58,2.386649471,-15.28,-0.9146562267,229.838,-1.017818244,-1.23502251
3.632,0.84,1.68,2.527817779,-13.1,-0.7956600827,231.505,-0.9791550854,-1.424271003
3.633,0.99,1.98,2.944261663,-5.87,-0.3741614048,234.332,-0.9142197725,-2.285241134
3.634,1.18,2.36,3.456552477,2.16,0.1452491313,237.684,-0.8382329353,-4.987926784
3.635,1.37,2.74,3.951849721,6.99,0.485366489,242.134,-0.7389945465,-15.58127977
3.636,1.56,3.12,4.430153395,12.14,0.8721986198,247.574,-0.6201269876,17.57497802
3.637,1.74,3.48,4.867607683,16.32,1.205273881,254.83,-0.4655808477,6.580577978
3.638,1.86,3.72,5.150770627,18.64,1.39776515,264.967,-0.2568846571,4.514732838
3.639,1.9,3.8,5.24365192,19.5,1.470530264,275.309,-0.052039506,3.696641582
3.64,1.89,3.78,5.220502207,19.23,1.447602604,278.511,0.00982496579,3.581997703
3.641,1.87,3.74,5.174061561,18.83,1.413775067,280.842,0.0544154916,3.524107637
3.642,1.87,3.74,5.174061561,18.9,1.419682892,282.546,0.08677836692,3.4345799
3.643,1.89,3.78,5.220502207,19.23,1.447602604,283.601,0.1067175577,3.358704555
3.644,1.9,3.8,5.24365192,19.52,1.472231631,284.681,0.1270525568,3.278749305
3.645,1.91,3.82,5.266754559,19.64,1.482448594,285.44,0.141297436,3.243582717
3.646,1.9,3.8,5.24365192,19.52,1.472231631,286.245,0.1563643097,3.219737805
3.647,1.9,3.8,5.24365192,19.41,1.462879273,286.663,0.1641711492,3.2227962
3.648,1.91,3.82,5.266754559,19.75,1.491827347,286.944,0.1694128918,3.170375023
3.649,1.97,3.94,5.404381849,20.79,1.581125425,286.592,0.16284591,3.098893738
3.65,2.04,4.08,5.562805171,22.23,1.706651462,285.679,0.1457751371,3.002982777
3.651,2.09,4.18,5.674552479,23.18,1.790671302,283.118,0.09759822126,3.005160232
3.652,2.08,4.16,5.652297165,23.09,1.782670121,280.376,0.045530885,3.091726318
3.653,2.03,4.06,5.540314489,22.11,1.696106948,276.945,-0.02034167999,3.306139944
3.654,1.95,3.9,5.35869438,20.64,1.56817581,273.292,-0.0913795678,3.628594268
3.655,1.87,3.74,5.174061561,19.01,1.428976892,270.403,-0.1482360608,4.039897405
3.656,1.78,3.56,4.962748509,17.26,1.282600916,267.689,-0.2022046131,4.593451955
3.657,1.68,3.36,4.723484237,15.44,1.133696805,266.042,-0.2352230361,5.257231096
3.658,1.59,3.18,4.504121599,13.31,0.9636724055,263.968,-0.2770937806,6.560241516
3.659,1.51,3.02,4.305931583,10.95,0.7805404415,261.545,-0.3264289706,9.482102653
3.66,1.43,2.86,4.104728857,8.74,0.6139614739,257.924,-0.4010153801,19.27590586
3.661,1.36,2.72,3.926205107,6.76,0.4686804357,245.006,-0.675910513,-18.94611612
3.662,1.29,2.58,3.745374751,5.02,0.3440477163,240.7,-0.7707732636,-8.777010833
3.663,1.24,2.48,3.614798003,3.49,0.2367695741,235.971,-0.876930257,-5.646704179
3.664,1.18,2.36,3.456552477,2.05,0.1377513541,231.57,-0.9776531688,-4.115424465
3.665,1.13,2.26,3.323386681,0.6,0.03993030927,228.323,-1.05320004,-3.279863771
3.666,1.08,2.16,3.189044045,-1.73,-0.11335941,225.488,-1.120044816,-2.585562768
3.667,1.04,2.08,3.080722611,-4,-0.2581659283,223.823,-1.159695707,-2.172794957
3.668,1.03,2.06,3.053524569,-4.79,-0.307528872,222.471,-1.192110313,-2.036172833
3.669,1.04,2.08,3.080722611,-4.01,-0.2587940821,222.527,-1.190763791,-2.125284315
3.67,1.08,2.16,3.189044045,-2.12,-0.1385538279,223.66,-1.163593286,-2.449065863
3.671,1.11,2.22,3.269790847,0.08,0.005305640709,226.831,-1.088274888,-3.019283194
3.672,1.15,2.3,3.37679422,1.03,0.06874350944,230.589,-1.000365516,-3.624639817
3.673,1.19,2.38,3.483044415,2.07,0.1391137764,235.889,-0.8787897069,-4.708878945
3.674,1.24,2.48,3.614798003,3.14,0.2125297309,241.373,-0.7558354748,-6.653340304
3.675,1.27,2.54,3.693285273,4.12,0.2806828744,246.699,-0.6390689686,-10.30532527
3.676,1.3,2.6,3.77134888,4.85,0.3320216532,252.694,-0.5106138608,-21.11709648
3.677,1.33,2.66,3.848988825,5.54,0.3809992462,259.598,-0.3664045568,263.7252991
3.678,1.38,2.76,3.977447261,6.78,0.4701294253,272.936,-0.0983532135,10.69849855
3.679,1.46,2.92,4.180532931,9.04,0.6362985958,275.904,-0.04048951993,7.016564703
3.68,1.59,3.18,4.504121599,12.5,0.9002005719,277.952,-0.0009238207638,5.008604518
3.681,1.72,3.44,4.819754829,15.68,1.153140073,279.542,0.02959318234,4.075098766
3.682,1.81,3.62,5.033609855,17.39,1.293366164,281.1,0.05932809859,3.721173361
3.683,1.84,3.68,5.104047539,17.99,1.343276753,282.637,0.08850117176,3.564831845
3.684,1.83,3.66,5.080615385,17.67,1.316611729,284.135,0.1167817455,3.544466662
3.685,1.82,3.64,5.057136157,17.52,1.30414874,285.298,0.1386352687,3.505123515
3.686,1.87,3.74,5.174061561,18.54,1.389353898,286.693,0.1647310108,3.329330033
3.687,2,4,5.47256,21.02,1.601027535,287.887,0.1869660666,3.060726837
3.688,2.17,4.34,5.850900345,24.51,1.909927218,288.368,0.1958973578,2.778436728
3.689,2.29,4.58,6.109773311,27.04,2.142090029,288.307,0.1947655244,2.614527588
3.69,2.28,4.56,6.088459469,26.81,2.120694191,288.162,0.1920741394,2.632541871
3.691,2.12,4.24,5.741035981,23.82,1.847819547,286.76,0.1659811568,2.850846148
3.692,1.89,3.78,5.220502207,19.34,1.456934338,285.243,0.1376037916,3.273990199
3.693,1.7,3.4,4.77171368,15.58,1.145031639,283.169,0.0985618669,3.837036507
3.694,1.6,3.2,4.52868352,13.21,0.955801253,281.465,0.06627040845,4.430886493
3.695,1.58,3.16,4.479512605,12.7,0.9158123613,280.322,0.04450038373,4.664639336
3.696,1.61,3.22,4.553198367,13.4,0.9707649231,279.323,0.0254002196,4.570726451
3.697,1.65,3.3,4.65078702,14.56,1.062901366,278.605,0.01163033489,4.328198987
3.698,1.71,3.42,4.795757791,15.79,1.162071032,277.835,-0.003176302413,4.138216932
3.699,1.82,3.64,5.057136157,17.78,1.325765949,276.803,-0.02308552743,3.882100379
3.7,1.92,3.84,5.289810125,19.85,1.500364454,275.522,-0.0479019391,3.641959823
3.701,1.97,3.94,5.404381849,20.77,1.579397441,274.284,-0.07199520543,3.585228761
3.702,1.94,3.88,5.335780035,20.1,1.521752981,273.088,-0.09537458977,3.740788606
3.703,1.84,3.68,5.104047539,18.25,1.365019752,271.683,-0.12297065,4.109376618
3.704,1.74,3.48,4.867607683,16.24,1.198734428,269.622,-0.1637107255,4.702894892
3.705,1.66,3.32,4.675066499,14.71,1.07491375,267.062,-0.2147504579,5.435091852
3.706,1.59,3.18,4.504121599,13,0.9393040821,263.911,-0.278249159,6.813536124
3.707,1.54,3.08,4.380605891,11.49,0.8219617179,258.661,-0.3857499245,10.04238298
3.708,1.49,2.98,4.255913343,10.09,0.7151581665,246.716,-0.6387003134,55.66352143
3.709,1.44,2.88,4.130043955,8.77,0.616191317,243.727,-0.7039121647,-47.08166942
3.71,1.4,2.8,4.02850112,7.53,0.5247380588,241.028,-0.7634878234,-16.87331976
3.711,1.36,2.72,3.926205107,6.43,0.4448262407,239.504,-0.797422826,-11.13511948
3.712,1.33,2.66,3.848988825,5.52,0.3795733999,238.483,-0.8202785033,-8.733706044
3.713,1.3,2.6,3.77134888,4.72,0.3228432436,238.787,-0.813463073,-7.686906754
3.714,1.28,2.56,3.719353549,4.2,0.286285154,240.378,-0.7779350971,-7.565044197
3.715,1.29,2.58,3.745374751,4.39,0.2996141022,244.378,-0.6896412514,-9.602856514
3.716,1.33,2.66,3.848988825,5.49,0.3774353265,250.221,-0.5632297368,-20.71638656
3.717,1.41,2.82,4.053957439,7.43,0.5174262867,259.293,-0.3726939324,28.01002898
3.718,1.51,3.02,4.305931583,10.13,0.7181833282,274.308,-0.07152709798,6.658764552
3.719,1.64,3.28,4.626460467,13.79,1.001592152,281.139,0.06007030964,4.357750822
3.72,1.8,3.6,5.01003648,17.21,1.278465046,285.283,0.1383539765,3.536116046
3.721,1.95,3.9,5.35869438,20.02,1.514901535,289.182,0.2109779669,3.104906439
3.722,1.99,3.98,5.449881023,20.87,1.588041573,292.818,0.2778262593,2.920829079
3.723,1.92,3.84,5.289810125,19.5,1.470530264,295.387,0.3245590731,2.946822765
3.724,1.81,3.62,5.033609855,17.29,1.285083667,297.122,0.3558911762,3.067450959
3.725,1.74,3.48,4.867607683,15.99,1.178340525,297.218,0.3576194799,3.169097938
3.726,1.75,3.5,4.8914635,16.25,1.199551504,296.514,0.3449322683,3.167053995
3.727,1.83,3.66,5.080615385,17.68,1.317443417,293.398,0.2884128042,3.163804653
3.728,1.95,3.9,5.35869438,19.98,1.511478325,290.487,0.2350667548,3.068168375
3.729,2.08,4.16,5.652297165,22.59,1.738377076,288.106,0.1910343454,2.929544784
3.73,2.16,4.32,5.829021619,24.26,1.887364977,286.327,0.1578966934,2.850012643
3.731,2.15,4.3,5.80709582,24.01,1.864870339,285.952,0.1508852522,2.880853138
3.732,2.06,4.12,5.607645315,22.37,1.718972778,285.945,0.1507542845,2.999178558
3.733,1.98,3.96,5.427154973,20.74,1.576806255,286.788,0.1665035194,3.113132877
3.734,1.94,3.88,5.335780035,20.05,1.517470042,287.584,0.1813322462,3.140907021
3.735,1.95,3.9,5.35869438,20.11,1.522609883,287.921,0.1875978744,3.133358714
3.736,1.95,3.9,5.35869438,20.27,1.536334569,288.067,0.1903100838,3.103530521
3.737,1.95,3.9,5.35869438,20.2,1.530326717,287.71,0.1836757436,3.126421638
3.738,1.95,3.9,5.35869438,20.1,1.521752981,286.841,0.1674921375,3.172242039
3.739,1.95,3.9,5.35869438,20.13,1.524324002,285.546,0.1432838245,3.213402034
3.74,1.95,3.9,5.35869438,20.25,1.534617516,283.565,0.1060383915,3.266190282
3.741,1.95,3.9,5.35869438,20.19,1.529468872,279.937,0.03714753327,3.420552959
3.742,1.93,3.86,5.312818617,19.73,1.490121179,276.161,-0.03550840321,3.652393754
3.743,1.88,3.76,5.197305421,18.74,1.406186759,272.092,-0.1149226507,4.024974743
3.744,1.8,3.6,5.01003648,17.2,1.277638179,268.003,-0.1959327248,4.63160878
3.745,1.68,3.36,4.723484237,15.01,1.099006271,258.204,-0.3952106179,6.711442751
3.746,1.57,3.14,4.454856537,12.03,0.8636678778,257.946,-0.4005590636,9.619459617
3.747,1.53,3.06,4.355761529,10.72,0.7629842395,262.116,-0.314761685,9.717854414
3.748,1.58,3.16,4.479512605,12.19,0.8760801584,271.395,-0.1286449736,5.993178667
3.749,1.71,3.42,4.795757791,15.31,1.123189317,277.216,-0.01510908471,4.327987859
3.75,1.82,3.64,5.057136157,17.47,1.299999544,279.278,0.02453824478,3.818038414
3.751,1.87,3.74,5.174061561,18.54,1.389353898,281.082,0.05898550491,3.572409582
3.752,1.89,3.78,5.220502207,18.89,1.418838606,282.825,0.09205861695,3.455233174
3.753,1.91,3.82,5.266754559,19.28,1.45184274,284.443,0.1225779605,3.345201545
3.754,1.96,3.92,5.381561651,20.16,1.526895965,286.068,0.1530551064,3.203403803
3.755,2.02,4.04,5.517776733,21.47,1.640127965,287.483,0.1794529868,3.032443666
3.756,2.1,4.2,5.69676072,23.01,1.77556525,288.689,0.2018494567,2.880913498
3.757,2.18,4.36,5.872731997,24.65,1.92259165,289.543,0.2176524677,2.743954275
3.758,2.25,4.5,6.0242355,26.05,2.050409136,290.53,0.2358586421,2.634964967
3.759,2.28,4.56,6.088459469,26.64,2.104917369,291.609,0.2556912134,2.579190601
3.76,2.26,4.52,6.045690563,26.22,2.066075685,292.682,0.2753408621,2.582065361
3.761,2.21,4.42,5.937944511,25.33,1.984407469,293.428,0.2889598147,2.611960045
3.762,2.18,4.36,5.872731997,24.82,1.937998476,293.969,0.2988146516,2.62549067
3.763,2.19,4.38,5.894516575,25.06,1.959802742,294.376,0.3062166023,2.601264897
3.764,2.23,4.46,5.981184153,25.87,2.033855557,294.457,0.3076884968,2.554376093
3.765,2.29,4.58,6.109773311,26.94,2.132780318,293.392,0.2883033954,2.523569622
3.766,2.33,4.66,6.194557945,27.89,2.221669313,291.806,0.2593042506,2.496825455
3.767,2.34,4.68,6.215636419,28.08,2.239567251,288.396,0.1964168077,2.551591582
3.768,2.28,4.56,6.088459469,27.04,2.142090029,285.077,0.1344893996,2.674389215
3.769,2.17,4.34,5.850900345,24.79,1.935277345,282.307,0.08225099404,2.900033785
3.77,2.02,4.04,5.517776733,21.89,1.676815123,280.007,0.03848516704,3.216799276
3.771,1.86,3.72,5.150770627,18.93,1.422216374,278.954,0.01832792292,3.575572538
3.772,1.72,3.44,4.819754829,16.14,1.190569254,278.184,0.003539835867,4.036276809
3.773,1.58,3.16,4.479512605,13.17,0.9526555674,278.385,0.007404046941,4.665869221
3.774,1.47,2.94,4.205706809,10.1,0.7159143121,278.539,0.01036279902,5.790774271
3.775,1.39,2.78,4.002997727,7.69,0.5364565434,278.888,0.01706197306,7.231912951
3.776,1.32,2.64,3.823155917,5.94,0.4095942274,279.204,0.02312047302,8.835280875
3.777,1.28,2.56,3.719353549,4.67,0.3193172337,279.513,0.02903813856,10.67689447
3.778,1.24,2.48,3.614798003,3.6,0.2444108522,279.91,0.03663149942,12.86211129
3.779,1.22,2.44,3.562237789,3.01,0.2035547251,280.3,0.04408049297,14.3850209
3.78,1.24,2.48,3.614798003,3.66,0.248583474,280.77,0.05304372603,11.9843237
3.781,1.34,2.68,3.874774659,6.13,0.4232290204,281.536,0.06761978439,7.894028918
3.782,1.51,3.02,4.305931583,10.55,0.7500409241,282.692,0.08954215851,5.128654534
3.783,1.69,3.38,4.747622495,15.29,1.121574293,283.965,0.1135798443,3.843749012
3.784,1.82,3.64,5.057136157,17.8,1.327431689,284.609,0.1256992922,3.480165397
3.785,1.89,3.78,5.220502207,19.09,1.435744057,284.253,0.1190031154,3.357782088
3.786,1.9,3.8,5.24365192,19.43,1.464578764,283.626,0.1071891502,3.336148977
3.787,1.9,3.8,5.24365192,19.33,1.456085478,282.118,0.07866805552,3.416608469
3.788,1.88,3.76,5.197305421,18.94,1.423061075,280.247,0.0430688026,3.544914744
3.789,1.83,3.66,5.080615385,18.08,1.350795287,277.942,-0.001116303503,3.76431392
3.79,1.77,3.54,4.939033913,16.78,1.24300212,275.566,-0.04704762908,4.129784161
3.791,1.69,3.38,4.747622495,15.39,1.129653446,272.731,-0.1023730646,4.621544987
3.792,1.64,3.28,4.626460467,14.19,1.033367167,269.314,-0.169825738,5.357543147
3.793,1.61,3.22,4.553198367,13.41,0.9715534768,264.399,-0.2683655651,6.475080546
3.794,1.62,3.24,4.577666141,13.52,0.9802341214,254.925,-0.4635867525,8.860329921
3.795,1.64,3.28,4.626460467,14.07,1.023817902,256.174,-0.4374385374,7.889875986
3.796,1.64,3.28,4.626460467,14.31,1.04293082,259.869,-0.3608224885,6.782589003
3.797,1.63,3.26,4.602086841,13.94,1.013489083,273.635,-0.08466916499,4.954767604
3.798,1.6,3.2,4.52868352,13.08,0.9455835699,276.812,-0.02291157983,4.908226941
3.799,1.56,3.12,4.430153395,12,0.8613433732,278.841,0.01616028066,5.048586836
3.8,1.53,3.06,4.355761529,11.15,0.7958485199,280.32,0.04446221321,5.183512905
3.801,1.52,3.04,4.330870093,10.79,0.7683219911,280.19,0.04198054468,5.344756929
3.802,1.53,3.06,4.355761529,10.99,0.783598943,279.745,0.03347687729,5.330914734
3.803,1.55,3.1,4.40540318,11.66,0.8350606483,278.244,0.004693623963,5.246062242
3.804,1.57,3.14,4.454856537,12.28,0.8830731195,276.934,-0.02055418127,5.164937649
3.805,1.58,3.16,4.479512605,12.32,0.8861836588,276.232,-0.03413311424,5.257332013
3.806,1.55,3.1,4.40540318,11.64,0.8335181309,276.059,-0.03748478946,5.534194299
3.807,1.5,3,4.280946,10.28,0.7295414516,276.895,-0.02130766294,6.044537931
3.808,1.45,2.9,4.15531198,8.84,0.621397626,277.441,-0.01076856411,6.804969235
3.809,1.43,2.86,4.104728857,8.18,0.5724951674,278.105,0.002020301945,7.144679432
3.81,1.45,2.9,4.15531198,8.63,0.6057927298,278.985,0.01892243236,6.65153054
3.811,1.5,3,4.280946,10.08,0.7144021175,279.845,0.03538899153,5.709518222
3.812,1.57,3.14,4.454856537,12.07,0.8667685913,280.587,0.04955557131,4.861660009
3.813,1.64,3.28,4.626460467,13.99,1.017459711,281.076,0.05887130214,4.298362132
3.814,1.7,3.4,4.77171368,15.24,1.117538498,281.374,0.06454042881,4.036713262
3.815,1.74,3.48,4.867607683,16.05,1.183229278,281.425,0.06551004674,3.898017455
3.816,1.77,3.54,4.939033913,16.7,1.2364252,281.64,0.06959572089,3.781741802
3.817,1.81,3.62,5.033609855,17.36,1.290880339,281.566,0.06818984097,3.703715916
3.818,1.84,3.68,5.104047539,17.99,1.343276753,280.985,0.05713892788,3.644666088
3.819,1.86,3.72,5.150770627,18.36,1.374239714,279.789,0.03431829175,3.656768558
3.82,1.86,3.72,5.150770627,18.36,1.374239714,277.749,-0.004832577625,3.761314287
3.821,1.85,3.7,5.12743262,18.08,1.350795287,274.214,-0.0733607528,4.013851578
3.822,1.83,3.66,5.080615385,17.77,1.324933233,270.443,-0.147444708,4.314789722
3.823,1.81,3.62,5.033609855,17.33,1.288395436,265.782,-0.2404540904,4.803331673
3.824,1.76,3.52,4.915272243,16.38,1.21018274,256.847,-0.423401872,6.2473205
3.825,1.68,3.36,4.723484237,14.8,1.082132014,249.098,-0.5872947539,9.545530649
3.826,1.57,3.14,4.454856537,11.97,0.8590197516,246.573,-0.6418021463,20.50872687
3.827,1.46,2.92,4.180532931,8.82,0.6199096316,245.439,-0.6664637836,-89.79935735
3.828,1.35,2.7,3.90051342,5.89,0.4060117151,244.983,-0.6764127692,-14.42491943
3.829,1.26,2.52,3.667169923,3.42,0.2319126851,246.203,-0.6498362242,-8.774738871
3.83,1.19,2.38,3.483044415,1.35,0.09029280197,248.209,-0.6064223957,-6.748391214
3.831,1.1,2.2,3.24292232,-2.12,-0.1385538279,252.293,-0.519110517,-4.93096873
3.832,1.09,2.18,3.216006719,-3.05,-0.1981025445,257.52,-0.4094019378,-5.293799161
3.833,1.21,2.42,3.535887071,1.75,0.1173581633,265.473,-0.2466776561,-27.34225906
3.834,1.43,2.86,4.104728857,7.39,0.5145042206,278.924,0.0177525283,7.711933884
3.835,1.67,3.34,4.699298905,13.97,1.015871161,282.763,0.09088567834,4.246008463
3.836,1.84,3.68,5.104047539,17.35,1.290051935,286.34,0.158139592,3.524428533
3.837,1.94,3.88,5.335780035,19.33,1.456085478,290.031,0.2266618457,3.170874177
3.838,2.04,4.08,5.562805171,21.33,1.627940446,293.324,0.2870632724,2.904853456
3.839,2.13,4.26,5.763103001,23.06,1.78000499,296.309,0.3412321755,2.716859337
3.84,2.2,4.4,5.91625408,24.53,1.911735122,298.902,0.3878463603,2.572752532
3.841,2.27,4.54,6.067098553,25.89,2.035693091,300.185,0.410761431,2.479955584
3.842,2.32,4.64,6.173432397,27.12,2.149545749,300.891,0.4233292319,2.399429604
3.843,2.37,4.74,6.278589401,28.1,2.241453581,300.382,0.414271281,2.36417164
3.844,2.4,4.8,6.34111872,28.83,2.310609865,299.83,0.4044307552,2.335552063
3.845,2.43,4.86,6.403224377,29.39,2.364065313,299.248,0.3940357783,2.321606121
3.846,2.45,4.9,6.44439278,29.8,2.403425703,298.684,0.3839429889,2.311998696
3.847,2.47,4.94,6.485372889,30.16,2.438142236,298.108,0.3736157695,2.306518867
3.848,2.47,4.94,6.485372889,30.34,2.455555396,297.587,0.3642574545,2.299930255
3.849,2.44,4.88,6.423832115,29.76,2.399577333,297.207,0.3574214734,2.33000903
3.85,2.35,4.7,6.23666782,27.91,2.223551416,296.858,0.3511354602,2.422301476
3.851,2.18,4.36,5.872731997,24.7,1.927119813,296.694,0.3481790216,2.581081618
3.852,1.98,3.96,5.427154973,20.79,1.581125425,296.579,0.3461049343,2.816038544
3.853,1.82,3.64,5.057136157,17.83,1.329931071,296.626,0.3469527019,3.015794082
3.854,1.78,3.56,4.962748509,17.02,1.262772076,296.87,0.3513517209,3.074577377
3.855,1.86,3.72,5.150770627,18.5,1.385992295,296.895,0.3518022358,2.963969869
3.856,2.02,4.04,5.517776733,21.58,1.64971843,296.867,0.3512976565,2.757487444
3.857,2.17,4.34,5.850900345,24.63,1.920781144,296.477,0.3442646359,2.58312675
3.858,2.25,4.5,6.0242355,26.42,2.084547538,296.044,0.3364453336,2.488332605
3.859,2.28,4.56,6.088459469,26.89,2.128129601,295.074,0.3188870638,2.488115245
3.86,2.26,4.52,6.045690563,26.56,2.097503996,293.41,0.2886316151,2.533674338
3.861,2.22,4.44,5.959587869,25.84,2.031100078,289.45,0.2159337941,2.652202062
3.862,2.15,4.3,5.80709582,24.54,1.912639236,284.936,0.1318426178,2.84037533
3.863,2.03,4.06,5.540314489,22.24,1.707530863,279.683,0.03229102316,3.184414757
3.864,1.88,3.76,5.197305421,19.28,1.45184274,274.84,-0.06116121887,3.737236271
3.865,1.74,3.48,4.867607683,16.68,1.23478199,271.596,-0.1246841343,4.384845585
3.866,1.66,3.32,4.675066499,15.13,1.108668614,268.573,-0.1845662039,5.059035066
3.867,1.63,3.26,4.602086841,14.49,1.057303305,267.211,-0.2117664029,5.44279833
3.868,1.61,3.22,4.553198367,14.09,1.025408448,265.973,-0.2366107789,5.772327363
3.869,1.58,3.16,4.479512605,13.21,0.955801253,264.738,-0.2615104397,6.451925503
3.87,1.52,3.04,4.330870093,11.55,0.8265816437,261.288,-0.3316885855,8.751123138
3.871,1.45,2.9,4.15531198,9.48,0.6692155509,253.015,-0.5038220093,25.1237862
3.872,1.39,2.78,4.002997727,7.76,0.5415909922,251.766,-0.5302975051,354.4518806
3.873,1.35,2.7,3.90051342,6.78,0.4701294253,250.661,-0.553830315,-46.60062075
3.874,1.33,2.66,3.848988825,6.19,0.4275417395,250.49,-0.5574813106,-29.62137549
3.875,1.33,2.66,3.848988825,6.17,0.4261037932,252.5,-0.5147227776,-43.43300533
3.876,1.38,2.76,3.977447261,7.39,0.5145042206,256.27,-0.4354340256,50.30273748
3.877,1.49,2.98,4.255913343,10.41,0.7394027579,263.615,-0.2842530343,9.350578771
3.878,1.67,3.34,4.699298905,15.08,1.104640877,278.151,0.002905146336,4.24298296
3.879,1.84,3.68,5.104047539,18.49,1.385152153,282.122,0.07874390976,3.486618804
3.88,1.96,3.92,5.381561651,20.76,1.578533607,285.126,0.1354088967,3.139872919
3.881,2.01,4.02,5.495191903,21.65,1.655828128,287.256,0.1752268944,3.001106922
3.882,1.99,3.98,5.449881023,21.43,1.6366437,289.149,0.2103674168,2.950648739
3.883,1.95,3.9,5.35869438,20.56,1.561279029,290.215,0.2300548894,2.991454762
3.884,1.87,3.74,5.174061561,18.98,1.426440919,291.221,0.2485680375,3.08897546
3.885,1.76,3.52,4.915272243,16.89,1.252056047,292.218,0.2668525717,3.236055271
3.886,1.71,3.42,4.795757791,15.96,1.175897517,293.368,0.2878657377,3.276320659
3.887,1.81,3.62,5.033609855,17.9,1.335766563,294.888,0.3155136261,3.048307542
3.888,2,4,5.47256,21.56,1.647973756,295.856,0.3330467864,2.762495332
3.889,2.09,4.18,5.674552479,23.39,1.809374529,295.994,0.3355416753,2.645582363
3.89,2,4,5.47256,21.73,1.662817002,295.606,0.3285240949,2.748178104
3.891,1.8,3.6,5.01003648,17.95,1.339937861,293.625,0.2925504617,3.068957009
3.892,1.64,3.28,4.626460467,14.76,1.078922893,291.62,0.2558930209,3.465991392
3.893,1.57,3.14,4.454856537,13.03,0.9416581478,288.958,0.206832258,3.878880062
3.894,1.58,3.16,4.479512605,13.3,0.962884844,286.939,0.1693196672,3.956451825
3.895,1.63,3.26,4.602086841,14.71,1.07491375,286.47,0.1605679714,3.724933167
3.896,1.7,3.4,4.77171368,16,1.179155063,286.662,0.1641524861,3.55221236
3.897,1.76,3.52,4.915272243,17.01,1.261947153,288.593,0.2000700837,3.361979682
3.898,1.79,3.58,4.986416031,17.6,1.310792792,290.528,0.2358218127,3.224084407
3.899,1.81,3.62,5.033609855,18.02,1.345782003,292.576,0.2734029134,3.108730698
3.9,1.82,3.64,5.057136157,18.23,1.363344738,294.337,0.305507768,3.030307435
3.901,1.8,3.6,5.01003648,17.93,1.338269033,295.31,0.3231642802,3.015490565
3.902,1.77,3.54,4.939033913,17.25,1.281773537,296.085,0.3371862194,3.050745328
3.903,1.75,3.5,4.8914635,16.89,1.252056047,296.138,0.3381437979,3.076005519
3.904,1.78,3.56,4.962748509,17.46,1.299170012,296.28,0.3407085411,3.02629027
3.905,1.85,3.7,5.12743262,18.81,1.41208805,296.669,0.3477282015,2.913618177
3.906,1.92,3.84,5.289810125,20.11,1.522609883,297.22,0.3576554803,2.813331686
3.907,1.95,3.9,5.35869438,20.81,1.58285383,298.187,0.3750333564,2.736978115
3.908,1.96,3.92,5.381561651,21.05,1.603627575,298.68,0.3838713408,2.707705453
3.909,1.97,3.94,5.404381849,21.1,1.607963086,298.333,0.3776522125,2.721766827
3.91,1.97,3.94,5.404381849,21.07,1.605361462,297.458,0.361937798,2.747107142
3.911,1.96,3.92,5.381561651,20.97,1.596696244,294.935,0.3163662547,2.813061075
3.912,1.88,3.76,5.197305421,19.44,1.465428666,292.252,0.267475016,2.999188862
3.913,1.72,3.44,4.819754829,16.47,1.217552894,288.762,0.2032021256,3.392389795
3.914,1.6,3.2,4.52868352,13.91,1.011107903,285.94,0.1506607343,3.898094142
3.915,1.57,3.14,4.454856537,12.88,0.9298967213,284.047,0.11512453,4.262933918
3.916,1.61,3.22,4.553198367,13.99,1.017459711,282.587,0.08755464436,4.120487979
3.917,1.63,3.26,4.602086841,14.61,1.066902987,282.089,0.07811808006,4.019215866
3.918,1.58,3.16,4.479512605,13.27,0.9605227547,281.9,0.0745323717,4.327800994
3.919,1.55,3.1,4.40540318,12.37,0.8900740465,282.422,0.08442991529,4.520662155
3.92,1.57,3.14,4.454856537,12.97,0.9369509069,283.432,0.1035285016,4.28154224
3.921,1.63,3.26,4.602086841,14.53,1.060501596,285.548,0.1433212964,3.822893608
3.922,1.69,3.38,4.747622495,15.86,1.167760745,288.021,0.1894557004,3.498058479
3.923,1.77,3.54,4.939033913,17.27,1.283428397,291.23,0.2487333733,3.223572085
3.924,1.84,3.68,5.104047539,18.56,1.39103532,294.207,0.3031443083,3.012695615
3.925,1.88,3.76,5.197305421,19.46,1.467128782,296.407,0.3430013196,2.871233077
3.926,1.91,3.82,5.266754559,19.94,1.50805679,298.188,0.3750512981,2.796841346
3.927,1.92,3.84,5.289810125,20.19,1.529468872,298.841,0.3867544194,2.76053952
3.928,1.94,3.88,5.335780035,20.53,1.558694471,299.407,0.3968776489,2.72850077
3.929,1.97,3.94,5.404381849,21.18,1.614905393,299.784,0.4036098938,2.677404468
3.93,2.02,4.04,5.517776733,22.15,1.699620083,300.388,0.4143781439,2.610114173
3.931,2.08,4.16,5.652297165,23.37,1.807591229,301.56,0.4352111989,2.520193975
3.932,2.14,4.28,5.785122947,24.6,1.918066199,302.802,0.4572003689,2.435567875
3.933,2.19,4.38,5.894516575,25.54,2.003599427,303.837,0.4754558894,2.377726925
3.934,2.21,4.42,5.937944511,26.12,2.056856228,304.36,0.4846570223,2.336381488
3.935,2.23,4.46,5.981184153,26.52,2.093799951,303.762,0.474135117,2.329180449
3.936,2.24,4.48,6.002733363,26.62,2.103063365,302.604,0.453700899,2.347785225
3.937,2.2,4.4,5.91625408,25.82,2.029263639,299.887,0.4054477349,2.429961163
3.938,2.08,4.16,5.652297165,23.62,1.829913388,297.197,0.3572414612,2.584315037
3.939,1.89,3.78,5.220502207,20,1.513189721,294.637,0.3109579242,2.86188578
3.94,1.67,3.34,4.699298905,15.95,1.175083384,292.379,0.2697993882,3.252373823
3.941,1.52,3.04,4.330870093,12.24,0.8799641537,290.776,0.2403867222,3.865637262
3.942,1.46,2.92,4.180532931,10.58,0.752323002,289.269,0.2125872648,4.332561353
3.943,1.48,2.96,4.230833613,11.27,0.8050520669,288.309,0.1948026375,4.231448423
3.944,1.53,3.06,4.355761529,12.56,0.9048799677,287.598,0.1815926855,4.009085287
3.945,1.54,3.08,4.380605891,12.76,0.9205035928,287.36,0.1771634921,3.990832878
3.946,1.5,3,4.280946,11.79,0.8450965533,287.242,0.174966145,4.196747913
3.947,1.47,2.94,4.205706809,10.75,0.7652712648,287.529,0.180308969,4.447752458
3.948,1.46,2.92,4.180532931,10.53,0.7485200235,287.946,0.1880623914,4.463603912
3.949,1.49,2.98,4.255913343,11.37,0.8127324157,288.677,0.2016270675,4.195665752
3.95,1.56,3.12,4.430153395,13.46,0.9754977346,289.802,0.2224359735,3.698162398
3.951,1.69,3.38,4.747622495,16.26,1.200368681,291.653,0.2564983978,3.258789057
3.952,1.86,3.72,5.150770627,19.47,1.467978996,293.484,0.2899807514,2.929970743
3.953,2,4,5.47256,22.23,1.706651462,295.574,0.3279449143,2.689752162
3.954,2.05,4.1,5.58524878,23.19,1.791560859,297.38,0.3605347269,2.595260553
3.955,1.99,3.98,5.449881023,22.11,1.696106948,298.899,0.3877926635,2.615232036
3.956,1.86,3.72,5.150770627,19.65,1.483300686,300.308,0.4129531302,2.716287548
3.957,1.71,3.42,4.795757791,16.96,1.257824071,301.052,0.4261911308,2.847811461
3.958,1.61,3.22,4.553198367,14.98,1.096592949,301.541,0.4348741078,2.97309586
3.959,1.56,3.12,4.430153395,13.86,1.007141264,301.426,0.4328333659,3.076549617
3.96,1.57,3.14,4.454856537,14.04,1.021432832,301.065,0.4264221491,3.076866534
3.961,1.59,3.18,4.504121599,14.66,1.070907115,300.26,0.4120979398,3.037158629
3.962,1.6,3.2,4.52868352,14.85,1.086145675,299.389,0.3965560035,3.054345715
3.963,1.6,3.2,4.52868352,14.79,1.081329584,298.231,0.3758227357,3.107899881
3.964,1.59,3.18,4.504121599,14.63,1.068504338,297.025,0.3541443021,3.166011251
3.965,1.58,3.16,4.479512605,14.29,1.041335878,295.82,0.3323957544,3.260835303
3.966,1.55,3.1,4.40540318,13.66,0.991299604,294.583,0.3099773057,3.385446362
3.967,1.52,3.04,4.330870093,12.66,0.9126868475,293.192,0.2846551539,3.617070217
3.968,1.47,2.94,4.205706809,11.4,0.8150384231,291.817,0.2595059218,3.913944388
3.969,1.44,2.88,4.130043955,10.52,0.7477597185,290.56,0.2364110522,4.196470854
3.97,1.45,2.9,4.15531198,10.67,0.7591744718,289.475,0.2163958574,4.259366911
3.971,1.49,2.98,4.255913343,12.01,0.8621181099,288.864,0.2050915835,3.987888575
3.972,1.55,3.1,4.40540318,13.46,0.9754977346,288.468,0.1977523045,3.754871539
3.973,1.55,3.1,4.40540318,13.44,0.9739197336,288.458,0.1975668387,3.760523837
3.974,1.47,2.94,4.205706809,11.5,0.8227314612,288.223,0.1932065422,4.139727812
3.975,1.34,2.68,3.874774659,8.06,0.5636483326,287.593,0.1814996729,5.200006752
3.976,1.23,2.46,3.588541433,4.97,0.340507869,286.783,0.1664102441,7.079134362
3.977,1.19,2.38,3.483044415,4.05,0.2757856919,285.564,0.1436210625,8.304693186
3.978,1.26,2.52,3.667169923,5.73,0.3945633126,284.323,0.1203204415,7.12232595
3.979,1.37,2.74,3.951849721,8.6,0.6035668934,283.083,0.09693679537,5.641440273
3.98,1.4,2.8,4.02850112,9.42,0.6647159412,282.317,0.08244050068,5.391777269
3.981,1.27,2.54,3.693285273,6.18,0.4268227197,281.597,0.06877883563,7.452126074
3.982,1.07,2.14,3.162034297,0.79,0.05264144509,280.568,0.04919328282,31.05064806
3.983,0.94,1.88,2.806623875,-5.8,-0.3698722461,279.6,0.03070309718,-8.274997547
3.984,0.95,1.9,2.83424558,-5,-0.3205619313,278.487,0.009363922841,-9.107531227
3.985,1.07,2.14,3.162034297,0.67,0.04460962798,276.267,-0.03345528495,283.4801017
3.986,1.19,2.38,3.483044415,3.81,0.2590294088,274.277,-0.07213174448,18.63610456
3.987,1.26,2.52,3.667169923,5.42,0.3724497354,270.861,-0.1391820665,15.72086668
3.988,1.24,2.48,3.614798003,4.88,0.3341419612,266.741,-0.2211848549,32.00151034
3.989,1.15,2.3,3.37679422,2.57,0.1732914714,260.767,-0.3423669658,-19.9721091
3.99,1.06,2.12,3.134977475,0.22,0.01460411943,249.785,-0.5725600272,-5.618683181
3.991,1.06,2.12,3.134977475,0.21,0.01393936766,247.031,-0.6318739419,-5.073316182
3.992,1.12,2.24,3.296612301,1.73,0.1160014906,244.499,-0.686992937,-5.773488064
3.993,1.13,2.26,3.323386681,1.75,0.1173581633,242.786,-0.7246078348,-5.472850521
3.994,0.99,1.98,2.944261663,-3.16,-0.2050967478,241.395,-0.75534787,-3.065519457
3.995,0.74,1.48,2.244304323,-14.71,-0.8838935973,241.014,-0.7637985847,-1.362089562
3.996,0.48,0.96,1.485138893,-26,-1.449046214,241.114,-0.761579257,-0.6718184116
3.997,0.33,0.66,1.032683705,-32.49,-1.734527922,242.174,-0.7381108113,-0.4176443938
3.998,0.29,0.58,0.9102401912,-33.83,-1.790163921,243.452,-0.7099520398,-0.364079189
3.999,0.36,0.72,1.124022067,-31.41,-1.688882305,244.744,-0.6816346585,-0.4741674852
4,0.47,0.94,1.455304729,-27.37,-1.511582996,246.322,-0.6472509746,-0.6741160963
