# age_ma,DST_anomaly_K,GMSST_anomaly_K,GMST_anomaly_K,BSL_m,R_LI_Wm2,CO2_ppm,R_CO2_Wm2,S_CO2_LI_K_per_Wm2
0,0,0,0,2.68,0.1808408527,284.1331213,0.116746372,0
0.001,0.11,0.11,0.1756738918,5.47,0.3760104081,280.4281497,0.04652588879,0.4157604757
0.002,0.25,0.25,0.397199375,9.1,0.6407763474,277.8286438,-0.003298699906,0.62307969
0.003,0.35,0.35,0.554019655,11.83,0.8481878533,275.6131949,-0.0461314373,0.6907489847
0.004,0.38,0.38,0.6008362552,12.83,0.9259811889,273.0683738,-0.09575909614,0.7237054524
0.005,0.38,0.38,0.6008362552,12.63,0.910343748,269.4465361,-0.1671935172,0.8084990494
0.006,0.31,0.31,0.4914327638,11.09,0.7912520078,264.5748721,-0.2648080518,0.93349493
0.007,0.18,0.18,0.2867249592,7.82,0.5459956392,260.6641348,-0.3444778049,1.42282672
0.008,0.03,0.03,0.0480522822,4.34,0.2961032708,259.775696,-0.362743711,-0.7210678995
0.009,-0.04,-0.04,-0.0642344672,2.62,0.1767216519,261.0143677,-0.3372942771,0.4000337364
0.01,-0.01,-0.01,-0.0160409642,3.3,0.2235969714,264.0627076,-0.2751746288,0.3110060636
0.011,-0.05,-0.05,-0.080322505,2.24,0.1507089033,266.7807626,-0.2203873986,1.152758891
0.012,-0.24,-0.24,-0.3882312192,-3.47,-0.2247519371,253.8849024,-0.4854594796,0.5466417605
0.013,-0.54,-0.54,-0.8830526472,-13.3,-0.8067294021,239.9331786,-0.7878444864,0.5537859698
0.014,-1.01,-1.01,-1.679567804,-27.8,-1.530955522,239.2774205,-0.8024865159,0.7197812401
0.015,-1.6,-1.6,-2.71624832,-46.17,-2.253944599,229.3619873,-1.028910009,0.8274043918
0.016,-2.32,-2.32,-4.036849741,-68.85,-2.91727768,223.1368569,-1.176121649,0.9861851767
0.017,-2.98,-2.98,-5.300994337,-90.11,-3.388540537,202.7709168,-1.688161793,1.04418065
0.018,-3.27,-3.27,-5.872662782,-99.21,-3.565755134,189.1388285,-2.060498069,1.04379639
0.019,-3.21,-3.21,-5.753574532,-97.75,-3.53787174,190.4689123,-2.023006854,1.034652067
0.02,-3.05,-3.05,-5.438077105,-93.11,-3.447979365,192.6774503,-1.961329072,1.005318364
0.021,-2.94,-2.94,-5.222920231,-89.89,-3.384133323,189.9359501,-2.037997987,0.9632596358
0.022,-3,-3,-5.340102,-91.83,-3.422763279,187.8078073,-2.098280569,0.9672268773
0.023,-3.09,-3.09,-5.51666902,-94.69,-3.478837199,189.1669059,-2.059703929,0.9960509263
0.024,-3.1,-3.1,-5.53634642,-94.93,-3.483500382,185.8835609,-2.153378491,0.9821652274
0.025,-3.05,-3.05,-5.438077105,-93.33,-3.452293175,182.3536751,-2.255950778,0.95267076
0.026,-2.91,-2.91,-5.16448822,-89.41,-3.374492945,184.28066,-2.199712379,0.9264976657
0.027,-2.7,-2.7,-4.75842978,-83.44,-3.251416159,187.9789179,-2.093408433,0.8902873608
0.028,-2.51,-2.51,-4.395515564,-77.81,-3.128886795,190.4100577,-2.024660251,0.8529107282
0.029,-2.34,-2.34,-4.074403975,-72.82,-3.013841541,192.2133617,-1.974230783,0.8168293703
0.03,-2.2,-2.2,-3.81251288,-68.56,-2.910033422,189.1471418,-2.060262923,0.76705947
0.031,-2.15,-2.15,-3.719539345,-66.95,-2.86931913,187.4855496,-2.107468469,0.7473775544
0.032,-2.15,-2.15,-3.719539345,-66.99,-2.870341011,193.3200869,-1.943514921,0.77267359
0.033,-2.19,-2.19,-3.793894636,-68.48,-2.908030267,196.536714,-1.855229453,0.7964912391
0.034,-2.31,-2.31,-4.018090276,-72.17,-2.998353416,196.0784924,-1.867717438,0.825736081
0.035,-2.36,-2.36,-4.112005283,-73.81,-3.037199829,201.3470268,-1.725862883,0.8633111786
0.036,-2.32,-2.32,-4.036849741,-72.54,-3.007184673,201.3615358,-1.725477377,0.8529765486
0.037,-2.18,-2.18,-3.775288161,-68.59,-2.910784076,205.7149062,-1.611044718,0.8349029414
0.038,-2.08,-2.08,-3.589870669,-65.55,-2.833212889,211.0896059,-1.473060427,0.8336374412
0.039,-2.1,-2.1,-3.62686002,-66.02,-2.845408655,205.8566438,-1.607359837,0.8145179851
0.04,-2.14,-2.14,-3.700979943,-67.46,-2.882308264,196.0447982,-1.868636863,0.7789986718
0.041,-2.17,-2.17,-3.756693454,-68.27,-2.902762185,201.1705722,-1.730553519,0.8108002332
0.042,-2.17,-2.17,-3.756693454,-68.22,-2.901505782,202.6543116,-1.691239244,0.8179625544
0.043,-2.18,-2.18,-3.775288161,-68.76,-2.915032337,203.8689373,-1.65926928,0.8253255856
0.044,-2.19,-2.19,-3.793894636,-69.15,-2.924743563,203.4644055,-1.669895691,0.8257219831
0.045,-2.19,-2.19,-3.793894636,-68.94,-2.919520444,210.6769938,-1.483528186,0.8616517679
0.046,-2.13,-2.13,-3.68243231,-67.34,-2.879259755,219.3042736,-1.268811194,0.8877457389
0.047,-1.97,-1.97,-3.387270678,-62.49,-2.751906617,211.9368298,-1.45163078,0.8058143314
0.048,-1.83,-1.83,-3.131475614,-58.19,-2.631735519,203.8553812,-1.659625034,0.7297162695
0.049,-1.8,-1.8,-3.07696248,-57.08,-2.599522353,201.381293,-1.724952472,0.7115228101
0.05,-1.91,-1.91,-3.27736178,-60.69,-2.702473674,204.6049713,-1.6399888,0.7547242606
0.051,-2.1,-2.1,-3.62686002,-66.85,-2.866762089,208.6966644,-1.534055162,0.8241332946
0.052,-2.16,-2.16,-3.738110515,-68.94,-2.919520444,215.1221019,-1.371822022,0.8710818457
0.053,-2.06,-2.06,-3.552928391,-65.98,-2.844373667,222.1049741,-1.200919781,0.8782869367
0.054,-1.88,-1.88,-3.222566205,-60.64,-2.701082938,220.709609,-1.234636955,0.8187996841
0.055,-1.75,-1.75,-2.986342625,-56.41,-2.579831685,214.4606805,-1.388296644,0.752582169
0.056,-1.77,-1.77,-3.022555262,-57.29,-2.605655603,210.519141,-1.487538253,0.7384344275
0.057,-1.96,-1.96,-3.368923107,-63.37,-2.775633918,214.0221889,-1.399246583,0.8069507872
0.058,-2.17,-2.17,-3.756693454,-70.34,-2.954080274,222.7038757,-1.18651303,0.9072838547
0.059,-2.28,-2.28,-3.961882493,-74.11,-3.044223987,227.9449383,-1.062066018,0.9648326075
0.06,-2.31,-2.31,-4.018090276,-75.02,-3.06537995,220.4035745,-1.242060378,0.9328255229
0.061,-2.31,-2.31,-4.018090276,-75.2,-3.069538176,211.7642755,-1.455988407,0.8878724282
0.062,-2.32,-2.32,-4.036849741,-75.29,-3.071614049,206.5125042,-1.590341802,0.8659133355
0.063,-2.31,-2.31,-4.018090276,-74.95,-3.063760522,200.4155511,-1.750670588,0.8345929529
0.064,-2.3,-2.3,-3.99934258,-74.76,-3.059358292,198.8842458,-1.791705035,0.8244259681
0.065,-2.25,-2.25,-3.905780625,-73.32,-3.025673177,201.1105048,-1.732151211,0.8209173578
0.066,-2.21,-2.21,-3.831142892,-72.22,-2.999549149,201.3717274,-1.7252066,0.8108658088
0.067,-2.19,-2.19,-3.793894636,-71.45,-2.981053623,203.9316042,-1.657625006,0.8178826213
0.068,-2.1,-2.1,-3.62686002,-68.96,-2.920018486,202.4275371,-1.697229361,0.7855025635
0.069,-2.05,-2.05,-3.534474905,-67.26,-2.87722477,205.1636743,-1.625399775,0.7849810415
0.07,-1.98,-1.98,-3.405630017,-65.19,-2.823819884,214.6656983,-1.383184652,0.8095142251
0.071,-1.82,-1.82,-3.113292801,-60.37,-2.693556272,228.3339548,-1.052943356,0.8309870839
0.072,-1.66,-1.66,-2.823968295,-55.39,-2.549491691,236.8358262,-0.8573585215,0.828908851
0.073,-1.56,-1.56,-2.644670371,-52.48,-2.460452295,232.5534562,-0.9549803292,0.7743295394
0.074,-1.56,-1.56,-2.644670371,-52.46,-2.459827311,233.2822229,-0.9382409288,0.7782864217
0.075,-1.58,-1.58,-2.680435809,-53.18,-2.482213165,243.5458835,-0.7078892936,0.8402350219
0.076,-1.53,-1.53,-2.591110478,-51.38,-2.425807486,245.9205829,-0.6559766799,0.8407825916
0.077,-1.4,-1.4,-2.36024152,-47.22,-2.289645163,233.620664,-0.9304848818,0.7329646589
0.078,-1.28,-1.28,-2.148896973,-43.33,-2.154570265,225.5603955,-1.118327413,0.6565732218
0.079,-1.18,-1.18,-1.974071041,-40.12,-2.037116283,227.2289447,-1.078897251,0.6335245401
0.08,-1.07,-1.07,-1.783121766,-36.55,-1.899774315,231.895557,-0.9701370527,0.6213159703
0.081,-1,-1,-1.66235,-34.16,-1.803697724,232.0150893,-0.9673800677,0.5998929388
0.082,-0.97,-0.97,-1.610767198,-33.1,-1.759990826,236.8894844,-0.8561465467,0.6157043643
0.083,-1,-1,-1.66235,-34.13,-1.802470095,245.3631222,-0.6681179988,0.6728559909
0.084,-1.11,-1.11,-1.852393108,-37.9,-1.952564105,247.2924334,-0.6262150203,0.71832174
0.085,-1.27,-1.27,-2.131361422,-43.5,-2.160636602,238.7470059,-0.814359213,0.7164250152
0.086,-1.45,-1.45,-2.448801905,-49.72,-2.372464338,228.3187425,-1.053299802,0.7148191775
0.087,-1.63,-1.63,-2.77005535,-55.93,-2.565609054,222.3102894,-1.195976492,0.7364063148
0.088,-1.74,-1.74,-2.968253959,-59.5,-2.669110496,221.2242129,-1.222177479,0.7627947297
0.089,-1.75,-1.75,-2.986342625,-60.11,-2.686281645,225.0700255,-1.129971015,0.7825327331
0.09,-1.71,-1.71,-2.914058572,-58.84,-2.65036625,229.4378181,-1.027141504,0.7924003884
0.091,-1.6,-1.6,-2.71624832,-55.45,-2.55128866,231.3171465,-0.9834980755,0.768433437
0.092,-1.45,-1.45,-2.448801905,-50.66,-2.402829111,232.617117,-0.953515982,0.7296037317
0.093,-1.3,-1.3,-2.18400338,-45.98,-2.247425364,234.1103146,-0.9192834351,0.6896761017
0.094,-1.22,-1.22,-2.043860193,-43.47,-2.159567178,238.5191848,-0.8194668134,0.686081528
0.095,-1.24,-1.24,-2.078825379,-43.95,-2.176621253,243.0130777,-0.7196063199,0.7177700394
0.096,-1.23,-1.23,-2.061336902,-43.69,-2.167398631,245.4643837,-0.6659105073,0.727536884
0.097,-1.16,-1.16,-1.939247075,-41.25,-2.079100039,243.6203339,-0.706254083,0.6962299908
0.098,-1.08,-1.08,-1.800421949,-38.58,-1.978758381,241.290828,-0.7576571172,0.6579490396
0.099,-1.07,-1.07,-1.783121766,-38.24,-1.96569415,242.8574549,-0.7230334967,0.6631842269
0.1,-1.07,-1.07,-1.783121766,-38.36,-1.970312553,245.578258,-0.663429144,0.6770298574
0.101,-1.07,-1.07,-1.783121766,-38.51,-1.97607405,245.7957324,-0.658693491,0.6767662565
0.102,-1.15,-1.15,-1.921852745,-41.28,-2.080205123,240.8253989,-0.7679867682,0.674762382
0.103,-1.28,-1.28,-2.148896973,-46,-2.248112458,239.3079643,-0.8018036321,0.7045757683
0.104,-1.4,-1.4,-2.36024152,-50.2,-2.388021791,242.7191663,-0.726080776,0.7579202899
0.105,-1.43,-1.43,-2.413342446,-51.33,-2.424219533,244.8831102,-0.6785946328,0.7777914876
0.106,-1.48,-1.48,-2.502079357,-53.23,-2.4837591,245.6947368,-0.6608922169,0.7956619365
0.107,-1.62,-1.62,-2.752107905,-58.24,-2.63317471,241.5288629,-0.7523819092,0.8128967299
0.108,-1.76,-1.76,-3.004443059,-63.16,-2.769997491,239.0043913,-0.808594658,0.8395600654
0.109,-1.85,-1.85,-3.167876545,-66.6,-2.860354819,241.5225299,-0.7525221917,0.8768293344
0.11,-1.77,-1.77,-3.022555262,-64.05,-2.793775647,245.2622454,-0.6703180108,0.8725385513
0.111,-1.54,-1.54,-2.608952007,-57.04,-2.598352043,250.2120958,-0.563420121,0.8251549674
0.112,-1.26,-1.26,-2.113837639,-48.43,-2.330108616,256.1604878,-0.437720736,0.7637167508
0.113,-0.93,-0.93,-1.542154886,-37.79,-1.948302005,260.9767107,-0.3380661873,0.6744997989
0.114,-0.69,-0.69,-1.134435196,-29.05,-1.586585709,266.2893699,-0.2302508356,0.6244013527
0.115,-0.49,-0.49,-0.7998468842,-21.56,-1.237626668,273.6434237,-0.08450447066,0.604967889
0.116,-0.28,-0.28,-0.4535954528,-12.2,-0.7454633753,275.0012054,-0.05802413542,0.5645332961
0.117,-0.07,-0.07,-0.1125338858,-1.64,-0.1075265695,274.50663,-0.06765449485,0.642386129
0.118,0.12,0.12,0.1915736352,4.1,0.2792832213,274.5117124,-0.06755544344,0.9048110605
0.119,0.24,0.24,0.3814526208,7.14,0.4962754837,273.346726,-0.09030835184,0.9396145424
0.12,0.26,0.26,0.4129343608,7.61,0.5305942766,272.9912014,-0.09727128279,0.9529481858
0.121,0.27,0.27,0.4286575782,7.96,0.5562864082,276.4382249,-0.03014048727,0.8147123472
0.122,0.26,0.26,0.4129343608,7.76,0.5415909922,278.2898488,0.00557512027,0.7546782438
0.123,0.21,0.21,0.3341417478,6.34,0.4383382443,278.5466743,0.01051020023,0.7444422541
0.124,0.16,0.16,0.2550549248,5.16,0.3539715806,278.0110037,0.0002117585017,0.720121182
0.125,0.16,0.16,0.2550549248,5.21,0.3575202108,277.0647469,-0.01802892029,0.7512856204
0.126,0.23,0.23,0.3656940982,7.04,0.489000469,275.1865078,-0.05442039099,0.8414884085
0.127,0.25,0.25,0.397199375,7.69,0.5364565434,275.3976155,-0.05031774279,0.8170493171
0.128,0.19,0.19,0.3025423238,6.07,0.4189196601,277.6580374,-0.006584985388,0.7337300071
0.129,-0.03,-0.03,-0.0481581978,0.79,0.05264144509,271.7693453,-0.1212706022,0.7017162945
0.13,-0.44,-0.44,-0.7169353312,-13.25,-0.8039649764,258.5638584,-0.387759525,0.6015948572
0.131,-0.95,-0.95,-1.576437505,-30.09,-1.632101682,246.2152272,-0.6495705333,0.6909132234
0.132,-1.48,-1.48,-2.502079357,-47.38,-2.295037028,234.1531314,-0.918305056,0.778653281
0.133,-1.9,-1.9,-3.25908482,-60.78,-2.704974573,225.7057229,-1.114881546,0.8531957011
0.134,-2.19,-2.19,-3.793894636,-70.27,-2.952366723,218.7852212,-1.281488657,0.8960850798
0.135,-2.46,-2.46,-4.300717927,-79.01,-3.155604707,211.1456635,-1.471639856,0.9294338929
0.136,-2.64,-2.64,-4.643366323,-85.04,-3.28502433,205.9686822,-1.604448867,0.9496659734
0.137,-2.69,-2.69,-4.739223116,-86.53,-3.315893744,202.5158729,-1.694895225,0.9458037738
0.138,-2.53,-2.53,-4.433516998,-82.09,-3.222664721,199.7457837,-1.76857966,0.8882588508
0.139,-2.25,-2.25,-3.905780625,-73.61,-3.032503182,197.1556248,-1.83840832,0.8018582606
0.14,-2.02,-2.02,-3.479185057,-67.05,-2.871872832,193.5133999,-1.93816779,0.7233171879
0.141,-2.03,-2.03,-3.497603238,-67.4,-2.880784604,193.5195159,-1.937998707,0.7258270423
0.142,-2.24,-2.24,-3.887103539,-74.12,-3.044457697,195.3528796,-1.8875525,0.7881377742
0.143,-2.44,-2.44,-4.262881251,-80.78,-3.194399681,196.0547222,-1.868366048,0.8420064208
0.144,-2.51,-2.51,-4.395515564,-83.19,-3.246119757,195.2907073,-1.889255442,0.8559288062
0.145,-2.49,-2.49,-4.357561204,-82.51,-3.231649659,194.9859571,-1.897610612,0.8495496375
0.146,-2.42,-2.42,-4.225091649,-80.67,-3.192009306,193.9935328,-1.924910157,0.8257100153
0.147,-2.34,-2.34,-4.074403975,-78.16,-3.136715329,194.2848457,-1.916882289,0.8062383046
0.148,-2.22,-2.22,-3.849784673,-74.71,-3.058198193,196.040856,-1.868744447,0.7813739583
0.149,-2.1,-2.1,-3.62686002,-71.12,-2.973073263,199.4744313,-1.775852514,0.7637221953
0.15,-2.05,-2.05,-3.534474905,-69.52,-2.933912345,202.0128957,-1.708199245,0.7613937831
0.151,-2.07,-2.07,-3.571393646,-70.36,-2.954569584,202.5737296,-1.693367002,0.7683826101
0.152,-2.12,-2.12,-3.663896445,-71.89,-2.991643825,201.999816,-1.70854565,0.7795210096
0.153,-2.14,-2.14,-3.700979943,-72.5,-3.006231852,200.8034467,-1.740325903,0.7797187213
0.154,-2.15,-2.15,-3.719539345,-72.84,-3.014316172,198.5731339,-1.800080521,0.7725868021
0.155,-2.2,-2.2,-3.81251288,-74.67,-3.057269627,195.3196141,-1.888463598,0.7708690919
0.156,-2.29,-2.29,-3.980606652,-77.6,-3.124175293,191.4772184,-1.994759677,0.7776239931
0.157,-2.35,-2.35,-4.093198745,-79.65,-3.169714912,189.0723814,-2.062377929,0.7823253274
0.158,-2.36,-2.36,-4.112005283,-80.16,-3.180891462,187.9854175,-2.093223455,0.7796578852
0.159,-2.36,-2.36,-4.112005283,-80.08,-3.179142188,187.4694579,-2.107927675,0.7777474839
0.16,-2.35,-2.35,-4.093198745,-79.74,-3.171691558,187.2982267,-2.112816501,0.7745657115
0.161,-2.32,-2.32,-4.036849741,-78.8,-3.150953915,191.4924982,-1.994332765,0.7845723653
0.162,-2.26,-2.26,-3.924469479,-77.11,-3.11313935,197.1057128,-1.839762899,0.7923575476
0.163,-2.18,-2.18,-3.775288161,-74.75,-3.059126326,200.8080178,-1.740204116,0.7866280945
0.164,-2.09,-2.09,-3.60835946,-72.1,-2.996678165,200.5946519,-1.745891709,0.7608447647
0.165,-2.01,-2.01,-3.460778644,-69.69,-2.938110641,196.4338754,-1.858029593,0.721575783
0.166,-1.95,-1.95,-3.350587305,-67.83,-2.891677997,192.6732168,-1.961446623,0.6903979533
0.167,-1.9,-1.9,-3.25908482,-66.54,-2.858813947,189.3114907,-2.055616358,0.6631663526
0.168,-1.87,-1.87,-3.20432455,-65.6,-2.834513924,186.7142777,-2.129522517,0.645507862
0.169,-1.84,-1.84,-3.149670195,-64.53,-2.80648182,189.3368314,-2.054900268,0.6478960382
0.17,-1.78,-1.78,-3.040679233,-62.88,-2.7624572,194.8026845,-1.902641589,0.6517931067
0.171,-1.71,-1.71,-2.914058572,-60.72,-2.703307654,197.6057849,-1.826206733,0.6433490047
0.172,-1.64,-1.64,-2.788014563,-58.39,-2.637486208,198.2370864,-1.809142055,0.626995197
0.173,-1.57,-1.57,-2.662547206,-56.39,-2.579241016,198.7104849,-1.79638126,0.6084956694
0.174,-1.52,-1.52,-2.573280717,-54.94,-2.535965106,198.5134133,-1.801689767,0.5932423838
0.175,-1.5,-1.5,-2.5376565,-54.09,-2.510175365,197.025069,-1.841952245,0.5830841206
0.176,-1.5,-1.5,-2.5376565,-54.14,-2.511701147,194.1593917,-1.920338015,0.5725708656
0.177,-1.54,-1.54,-2.608952007,-55.45,-2.55128866,190.7459707,-2.015230336,0.5713218339
0.178,-1.59,-1.59,-2.69833618,-57.38,-2.608278556,191.9913331,-1.980414222,0.5880402787
0.179,-1.63,-1.63,-2.77005535,-58.79,-2.648939152,199.3681373,-1.778704132,0.625627489
0.18,-1.64,-1.64,-2.788014563,-59.04,-2.656064638,207.4665522,-1.565682749,0.6603935071
0.181,-1.62,-1.62,-2.752107905,-58.57,-2.642648004,212.9610753,-1.425837648,0.6764452772
0.182,-1.61,-1.61,-2.734172228,-58.05,-2.627700383,213.4746063,-1.412952269,0.6766659903
0.183,-1.59,-1.59,-2.69833618,-57.67,-2.616707599,205.861855,-1.607224404,0.6388209323
0.184,-1.59,-1.59,-2.69833618,-57.73,-2.618447227,199.954328,-1.762996912,0.6158554337
0.185,-1.64,-1.64,-2.788014563,-59.29,-2.663165197,199.3154933,-1.780117007,0.6274673621
0.186,-1.74,-1.74,-2.968253959,-62.78,-2.759757269,201.5184842,-1.72130902,0.6623990292
0.187,-1.81,-1.81,-3.095121756,-65.53,-2.832692234,204.5455297,-1.641543303,0.6917654939
0.188,-1.75,-1.75,-2.986342625,-63.68,-2.783925094,209.6374174,-1.509992877,0.6954819923
0.189,-1.53,-1.53,-2.591110478,-56.98,-2.596595332,219.7391492,-1.258212765,0.6721762569
0.19,-1.24,-1.24,-2.078825379,-47.92,-2.313141326,229.0874426,-1.035317756,0.6208304561
0.191,-1.02,-1.02,-1.696797377,-40.58,-2.054291705,229.8252456,-1.01811514,0.5522697554
0.192,-0.93,-0.93,-1.542154886,-37.53,-1.938200368,223.5616238,-1.165946985,0.496804665
0.193,-0.93,-0.93,-1.542154886,-37.79,-1.948302005,219.4519802,-1.265209057,0.4798971767
0.194,-0.98,-0.98,-1.627949697,-39.66,-2.019823652,220.6435772,-1.236237804,0.4999751136
0.195,-1.03,-1.03,-1.714038718,-41.48,-2.087559837,222.7437617,-1.185554938,0.5236720481
0.196,-1.03,-1.03,-1.714038718,-41.51,-2.08866117,222.8925307,-1.181982901,0.5240676394
0.197,-0.95,-0.95,-1.576437505,-38.8,-1.987176787,225.3291115,-1.123815983,0.5067313303
0.198,-0.76,-0.76,-1.252653219,-32.44,-1.732430652,233.7202325,-0.9282052118,0.4708097174
0.199,-0.52,-0.52,-0.8497350368,-23.42,-1.32784712,242.7524366,-0.7253474857,0.4138599596
0.2,-0.33,-0.33,-0.5355655338,-15.7,-0.9371658512,248.259511,-0.6053337708,0.3472062658
0.201,-0.3,-0.3,-0.48634818,-13.91,-0.8402999449,249.425883,-0.5802572795,0.3423643706
0.202,-0.38,-0.38,-0.6178298248,-18,-1.05809012,247.2558258,-0.6270070592,0.3666434391
0.203,-0.49,-0.49,-0.7998468842,-23.04,-1.309610961,244.4294782,-0.688514394,0.400298651
0.204,-0.53,-0.53,-0.8663879578,-24.92,-1.398862235,244.7226413,-0.682101572,0.4163397533
0.205,-0.5,-0.5,-0.8164645,-23.72,-1.342173603,240.9259827,-0.7657527384,0.3873306594
0.206,-0.43,-0.43,-0.7003883258,-20.94,-1.207012975,232.4267693,-0.9578956124,0.3235186603
0.207,-0.36,-0.36,-0.5848888032,-17.78,-1.046693248,229.0255816,-1.036762624,0.2807301134
0.208,-0.28,-0.28,-0.4535954528,-14.53,-0.8741277059,233.4958547,-0.9333438245,0.2509557939
0.209,-0.21,-0.21,-0.3393316122,-11.1,-0.6832501861,237.8409933,-0.8347003597,0.2235458943
0.21,-0.14,-0.14,-0.2256444232,-7.75,-0.4878350763,243.7981731,-0.702350088,0.1895876625
0.211,-0.08,-0.08,-0.1286572288,-4.68,-0.3006871903,247.6281777,-0.6189563529,0.1398990182
0.212,-0.03,-0.03,-0.0481581978,-1.8,-0.1178911993,247.542576,-0.6208060938,0.06519341312
0.213,0.02,0.02,0.0320466232,0.54,0.0359229268,248.320627,-0.6040168815,-0.05641078018
0.214,0.09,0.09,0.1438390998,2.18,0.1466135339,247.1726558,-0.628806953,-0.298301665
0.215,0.14,0.14,0.2233378168,3.49,0.2367695741,243.6191293,-0.7062805356,-0.4756817947
0.216,0.11,0.11,0.1756738918,2.9,0.1959724686,242.5662798,-0.7294517526,-0.3292984322
0.217,-0.01,-0.01,-0.0160409642,-0.36,-0.02380552739,247.4302981,-0.6232332433,0.02479134934
0.218,-0.24,-0.24,-0.3882312192,-9.08,-0.5665011204,248.0415079,-0.6100338094,0.3299784897
0.219,-0.58,-0.58,-0.9498290888,-21,-1.209987506,240.5895908,-0.773227873,0.4789339064
0.22,-0.97,-0.97,-1.610767198,-34.77,-1.828542159,228.2945856,-1.053865879,0.5588269172
0.221,-1.35,-1.35,-2.271975345,-47.96,-2.314476686,217.6805647,-1.308569474,0.6270898146
0.222,-1.63,-1.63,-2.77005535,-57.65,-2.616127395,211.8291847,-1.454348796,0.6805236585
0.223,-1.77,-1.77,-3.022555262,-62.37,-2.748648968,208.0479718,-1.550710484,0.7030245541
0.224,-1.77,-1.77,-3.022555262,-62.35,-2.748105507,205.6555239,-1.612589288,0.6931361638
0.225,-1.65,-1.65,-2.805985545,-58.8,-2.649224652,203.6665382,-1.664583345,0.6504660261
0.226,-1.46,-1.46,-2.466549287,-52.77,-2.469494259,205.8505983,-1.607516956,0.6049895762
0.227,-1.27,-1.27,-2.131361422,-47,-2.282210621,218.2534782,-1.294507306,0.5958986606
0.228,-1.2,-1.2,-2.00894208,-44.73,-2.20407776,231.3846013,-0.98193818,0.6305499149
0.229,-1.24,-1.24,-2.078825379,-46.09,-2.25120188,231.7368501,-0.9737997903,0.6445966829
0.23,-1.3,-1.3,-2.18400338,-48.22,-2.323137449,228.9907247,-1.037576936,0.6498628355
0.231,-1.3,-1.3,-2.18400338,-48.32,-2.326459729,230.6480926,-0.9989946576,0.6567533714
0.232,-1.24,-1.24,-2.078825379,-46.15,-2.253259222,234.5627663,-0.9089537723,0.6573957488
0.233,-1.13,-1.13,-1.88709939,-42.57,-2.127263144,240.2590127,-0.7805840073,0.648967876
0.234,-0.99,-0.99,-1.645143964,-38.13,-1.961453412,243.8816306,-0.7005189767,0.6180169153
0.235,-0.85,-0.85,-1.405495145,-33.06,-1.758328118,246.8231696,-0.6363768603,0.5869178699
0.236,-0.71,-0.71,-1.168152932,-28.08,-1.543505053,247.0252209,-0.6319991025,0.5369573436
0.237,-0.6,-0.6,-0.98328792,-23.99,-1.355014463,245.6614075,-0.6616180122,0.4875890535
0.238,-0.52,-0.52,-0.8497350368,-20.82,-1.20105623,243.1946832,-0.7156097184,0.4433401854
0.239,-0.46,-0.46,-0.7500646472,-18.28,-1.072543774,243.8162476,-0.7019534675,0.4226913571
0.24,-0.42,-0.42,-0.6838530888,-16.32,-0.9701514024,249.6649913,-0.5751310409,0.4425424567
0.241,-0.38,-0.38,-0.6178298248,-14.58,-0.8768429335,257.5250198,-0.4092976518,0.480375032
0.242,-0.39,-0.39,-0.6343179882,-14.89,-0.8936347933,268.1587601,-0.1928242721,0.5838397491
0.243,-0.53,-0.53,-0.8663879578,-19.76,-1.14799135,275.7076837,-0.04429760505,0.7266593839
0.244,-0.79,-0.79,-1.303494612,-28.94,-1.581730906,266.6296438,-0.223418783,0.7220977962
0.245,-1.08,-1.08,-1.800421949,-38.64,-1.981057025,249.4064809,-0.5806734572,0.7028147422
0.246,-1.26,-1.26,-2.113837639,-44.66,-2.201626598,232.9290746,-0.9463460241,0.6714917481
0.247,-1.33,-1.33,-2.236751254,-47.03,-2.283225838,221.1119195,-1.224893827,0.6375926329
0.248,-1.42,-1.42,-2.395630369,-50.03,-2.382524325,216.2337101,-1.344247955,0.6428164076
0.249,-1.59,-1.59,-2.69833618,-55.7,-2.558759454,213.8981608,-1.402347864,0.6812075422
0.25,-1.78,-1.78,-3.040679233,-62.34,-2.74783372,209.9275185,-1.50259454,0.7153818502
0.251,-1.93,-1.93,-3.313951006,-67.38,-2.880276453,206.5438462,-1.589529906,0.7414081819
0.252,-2,-2,-3.442384,-69.52,-2.933912345,205.4301605,-1.618455192,0.7561744459
0.253,-1.99,-1.99,-3.424001124,-69.49,-2.933170532,199.9345068,-1.763527276,0.7290230848
0.254,-1.97,-1.97,-3.387270678,-68.73,-2.914283315,196.1541613,-1.865653212,0.708643443
0.255,-1.96,-1.96,-3.368923107,-68.44,-2.907027918,196.0659199,-1.868060491,0.7055205723
0.256,-1.98,-1.98,-3.405630017,-68.98,-2.920516401,198.3024027,-1.807379596,0.7203267624
0.257,-1.99,-1.99,-3.424001124,-69.32,-2.928961593,201.2719874,-1.727857129,0.7352661396
0.258,-1.97,-1.97,-3.387270678,-68.83,-2.916778938,203.4395857,-1.670548355,0.7383974288
0.259,-1.94,-1.94,-3.332263271,-67.92,-2.893950341,204.6386138,-1.639109191,0.7351024727
0.26,-1.92,-1.92,-3.295650509,-67.42,-2.881292622,205.6670612,-1.612289162,0.7334128246
0.261,-1.92,-1.92,-3.295650509,-67.31,-2.878496884,207.2816224,-1.570453715,0.7407703087
0.262,-1.9,-1.9,-3.25908482,-66.78,-2.864970168,209.8602427,-1.504309337,0.7459089802
0.263,-1.86,-1.86,-3.186094663,-65.44,-2.830347572,216.3605392,-1.3411109,0.7637843418
0.264,-1.8,-1.8,-3.07696248,-63.74,-2.785525826,222.3921308,-1.194007302,0.7731968503
0.265,-1.76,-1.76,-3.004443059,-62.52,-2.752720196,219.9888416,-1.252136945,0.7501998084
0.266,-1.76,-1.76,-3.004443059,-62.47,-2.751364047,209.7902671,-1.506093534,0.7056894878
0.267,-1.77,-1.77,-3.022555262,-62.93,-2.763805788,203.8529385,-1.659689142,0.6832957447
0.268,-1.74,-1.74,-2.968253959,-61.99,-2.738297715,194.848149,-1.901393112,0.639752533
0.269,-1.68,-1.68,-2.859969101,-60.24,-2.689922246,189.7911343,-2.042078626,0.6043889632
0.27,-1.68,-1.68,-2.859969101,-60.28,-2.691041107,192.9468072,-1.953855165,0.615722921
0.271,-1.75,-1.75,-2.986342625,-62.42,-2.750006971,194.5425786,-1.909789829,0.6408740023
0.272,-1.82,-1.82,-3.113292801,-65.01,-2.819106472,190.0959263,-2.033493773,0.6415720736
0.273,-1.86,-1.86,-3.186094663,-66.44,-2.856243126,189.6455232,-2.046184814,0.6499013759
0.274,-1.88,-1.88,-3.222566205,-66.84,-2.866506201,192.3038172,-1.97171367,0.6660644391
0.275,-1.89,-1.89,-3.240819628,-67.15,-2.874423202,194.8823232,-1.900454864,0.6787230131
0.276,-1.84,-1.84,-3.149670195,-65.83,-2.840487587,196.2522821,-1.862977688,0.6696488677
0.277,-1.71,-1.71,-2.914058572,-61.82,-2.733649404,196.0051497,-1.869718967,0.6330274567
0.278,-1.53,-1.53,-2.591110478,-56.25,-2.575101615,197.8658897,-1.819169259,0.5896565214
0.279,-1.34,-1.34,-2.254357415,-50.55,-2.39929726,202.1464243,-1.704664112,0.5493125327
0.28,-1.2,-1.2,-2.00894208,-45.88,-2.243986856,207.1143973,-1.574771585,0.5260720496
0.281,-1.08,-1.08,-1.800421949,-41.97,-2.105487265,213.0534889,-1.42351654,0.510178523
0.282,-0.94,-0.94,-1.559290311,-37.35,-1.931184161,219.4909337,-1.264259498,0.487973026
0.283,-0.79,-0.79,-1.303494612,-32.09,-1.717706526,225.719734,-1.114549446,0.4602319229
0.284,-0.67,-0.67,-1.100764534,-27.9,-1.535443382,229.2422747,-1.031703101,0.4287891404
0.285,-0.66,-0.66,-1.083946855,-27.39,-1.512486738,229.9160148,-1.016002581,0.4286934681
0.286,-0.73,-0.73,-1.201917742,-30.11,-1.632970217,228.143836,-1.057399808,0.4467481167
0.287,-0.78,-0.78,-1.286535713,-31.72,-1.702058465,228.6095847,-1.04648908,0.4680783911
0.288,-0.75,-0.75,-1.235729625,-30.66,-1.656755457,231.1776812,-0.9867246619,0.4674631809
0.289,-0.7,-0.7,-1.15128818,-28.91,-1.580405513,233.2800028,-0.9382918437,0.4570966721
0.29,-0.7,-0.7,-1.15128818,-28.99,-1.583938602,231.5631865,-0.9778105842,0.4494148709
0.291,-0.79,-0.79,-1.303494612,-32.19,-1.721921151,222.8095787,-1.183974337,0.4485689928
0.292,-0.93,-0.93,-1.542154886,-37.41,-1.93352497,213.7351713,-1.406426096,0.4617297845
0.293,-1.07,-1.07,-1.783121766,-42.77,-2.134478977,207.9104389,-1.554248343,0.4833975546
0.294,-1.16,-1.16,-1.939247075,-46.05,-2.249829309,206.5550627,-1.589239379,0.5051347691
0.295,-1.17,-1.17,-1.956653174,-46.44,-2.26317747,209.3843817,-1.516454311,0.5176835436
0.296,-1.12,-1.12,-1.869740365,-44.97,-2.212462562,212.0801613,-1.448013832,0.5107915374
0.297,-1.07,-1.07,-1.783121766,-43.07,-2.145262831,213.5506206,-1.411047574,0.5013965494
0.298,-1.02,-1.02,-1.696797377,-41.41,-2.08498816,215.5093774,-1.362199294,0.4922266048
0.299,-0.96,-0.96,-1.593596467,-39.46,-2.012268357,220.7592385,-1.233434072,0.4909866207
0.3,-0.92,-0.92,-1.525031229,-38.06,-1.958751168,228.8711577,-1.040371157,0.5084925066
0.301,-0.94,-0.94,-1.559290311,-39.15,-2.00051341,235.1837808,-0.8948081463,0.5385551418
0.302,-1.04,-1.04,-1.731291827,-42.79,-2.135199388,237.6527374,-0.8389366679,0.58211588
0.303,-1.11,-1.11,-1.852393108,-45.58,-2.233640897,237.6155492,-0.8397739085,0.6027149686
0.304,-1.07,-1.07,-1.783121766,-44.22,-2.186161207,239.178897,-0.8046898546,0.5961920969
0.305,-0.93,-0.93,-1.542154886,-39.42,-2.010754615,243.266171,-0.7140373005,0.5659716168
0.306,-0.78,-0.78,-1.286535713,-34.34,-1.811052112,247.6849409,-0.6177301256,0.529704019
0.307,-0.69,-0.69,-1.134435196,-31.24,-1.681631171,245.6755918,-0.661309117,0.4841929613
0.308,-0.65,-0.65,-1.067140945,-29.84,-1.621223509,235.073605,-0.8973150327,0.4237143595
0.309,-0.63,-0.63,-1.03356443,-29.1,-1.588789859,227.6990232,-1.067840902,0.3890508403
0.31,-0.63,-0.63,-1.03356443,-29.03,-1.585703598,228.0664272,-1.059215361,0.3907735721
0.311,-0.62,-0.62,-1.016793825,-28.79,-1.575098129,232.8572529,-0.9479959051,0.4029948195
0.312,-0.56,-0.56,-0.9164173312,-26.32,-1.463765073,237.3469796,-0.8458242691,0.396787998
0.313,-0.41,-0.41,-0.6673296202,-20.31,-1.175625491,241.9417847,-0.7432432703,0.3477724135
0.314,-0.28,-0.28,-0.4535954528,-14.96,-0.8974163772,249.3442984,-0.5820074956,0.3066027669
0.315,-0.26,-0.26,-0.4208897992,-14.15,-0.8534295104,255.0519542,-0.4609230829,0.3202259434
0.316,-0.34,-0.34,-0.5519948552,-17.67,-1.04098144,256.3271687,-0.4342406803,0.3741774527
0.317,-0.55,-0.55,-0.899729105,-26.61,-1.477045032,259.2811247,-0.3729389606,0.486344265
0.318,-0.71,-0.71,-1.168152932,-33.64,-1.782341839,254.1961975,-0.478903719,0.5165971152
0.319,-0.69,-0.69,-1.134435196,-32.72,-1.744155528,244.2526514,-0.6923861268,0.465592367
0.32,-0.46,-0.46,-0.7500646472,-24.25,-1.367332459,241.2513482,-0.7585325507,0.3528279753
0.321,-0.03,-0.03,-0.0481581978,-5.28,-0.3378816095,248.5687175,-0.5986745073,0.05142051494
0.322,0.36,0.36,0.5696369568,7.55,0.5262015464,252.2828799,-0.5193251227,82.83913018
0.323,0.57,0.57,0.8948817942,13.17,0.9526555674,255.7990567,-0.4452746809,1.763727838
0.324,0.63,0.63,0.9868556502,14.89,1.089358412,258.6373304,-0.3862395156,1.403540219
0.325,0.57,0.57,0.8948817942,13.51,0.9794444752,260.372532,-0.3504661563,1.422754596
0.326,0.47,0.47,0.7406505622,10.93,0.7790117743,262.3210618,-0.3105778431,1.581120651
0.327,0.39,0.39,0.6164182518,9.06,0.6377907968,264.531056,-0.2656941352,1.656607853
0.328,0.26,0.26,0.4129343608,5.62,0.3867063448,266.6335333,-0.2233407382,2.527670111
0.329,0.02,0.02,0.0320466232,-0.56,-0.03698152532,270.4863092,-0.1465880185,-0.1745748371
0.33,-0.22,-0.22,-0.3556197128,-9.26,-0.5770373704,272.1765298,-0.1132608439,0.5151682352
0.331,-0.38,-0.38,-0.6178298248,-14.55,-0.875214026,269.1335084,-0.1734124571,0.5891800701
0.332,-0.41,-0.41,-0.6673296202,-15.45,-0.9237833285,269.1870934,-0.1723473686,0.6088047912
0.333,-0.41,-0.41,-0.6673296202,-15.7,-0.9371658512,273.589815,-0.08555267574,0.6525056529
0.334,-0.58,-0.58,-0.9498290888,-21.37,-1.228273985,282.5418272,0.08669935441,0.8320341597
0.335,-0.99,-0.99,-1.645143964,-34.86,-1.832188857,290.0202514,0.2264635696,1.02454883
0.336,-1.45,-1.45,-2.448801905,-49.71,-2.372139063,285.5781535,0.1438862202,1.098978472
0.337,-1.79,-1.79,-3.058814972,-60.91,-2.708581485,276.7540644,-0.02403143015,1.119373679
0.338,-1.96,-1.96,-3.368923107,-66.56,-2.859327706,261.0794778,-0.3359598841,1.054341123
0.339,-2.04,-2.04,-3.516033187,-68.87,-2.917776295,245.716509,-0.660418149,0.9826277589
0.34,-2.15,-2.15,-3.719539345,-72.67,-3.01027816,238.551305,-0.8187464043,0.9714064985
0.341,-2.24,-2.24,-3.887103539,-75.46,-3.075529277,239.0508783,-0.8075541697,1.001035283
0.342,-2.27,-2.27,-3.943170102,-76.49,-3.099089112,242.6207981,-0.7282494418,1.030264255
0.343,-2.26,-2.26,-3.924469479,-76.1,-3.090200805,234.5465928,-0.909322677,0.9812342638
0.344,-2.15,-2.15,-3.719539345,-73.09,-3.020239435,212.3754493,-1.440569986,0.833826105
0.345,-2.04,-2.04,-3.516033187,-69.82,-2.941315025,203.4074388,-1.671393812,0.762249106
0.346,-1.96,-1.96,-3.368923107,-67.19,-2.875442418,203.6637181,-1.664657426,0.7420372289
0.347,-1.96,-1.96,-3.368923107,-67.39,-2.880530545,208.3937827,-1.541825261,0.7617937712
0.348,-2.04,-2.04,-3.516033187,-69.84,-2.941807541,213.9895854,-1.40006165,0.8097971248
0.349,-2.08,-2.08,-3.589870669,-71.17,-2.9742845,219.0373873,-1.27532594,0.8447528826
0.35,-2.08,-2.08,-3.589870669,-71.35,-2.978638763,222.1132134,-1.20072132,0.8589522314
0.351,-2.11,-2.11,-3.645372348,-72.16,-2.998114182,221.974584,-1.204061504,0.8674964164
0.352,-2.15,-2.15,-3.719539345,-73.59,-3.032032904,220.0570887,-1.250477471,0.8685418175
0.353,-2.16,-2.16,-3.738110515,-74.06,-3.04305502,216.4657625,-1.338509649,0.8531451199
0.354,-2.15,-2.15,-3.719539345,-73.58,-3.031797723,212.6051707,-1.43478615,0.832748125
0.355,-2.1,-2.1,-3.62686002,-72.19,-2.998831796,209.9651838,-1.501634725,0.805885346
0.356,-2.07,-2.07,-3.571393646,-71.39,-2.979605064,208.0686722,-1.550178194,0.7884248412
0.357,-2.21,-2.21,-3.831142892,-75.92,-3.086085252,203.8292653,-1.660310467,0.8071688747
0.358,-2.42,-2.42,-4.225091649,-83.01,-3.242298582,199.2457918,-1.781988253,0.8409336065
0.359,-2.47,-2.47,-4.319653918,-84.63,-3.276458879,193.5358711,-1.937546573,0.8284713082
0.36,-2.23,-2.23,-3.868438222,-77.66,-3.125522543,188.6552188,-2.07419502,0.7439708359
0.361,-1.77,-1.77,-3.022555262,-64.11,-2.795368408,185.5639203,-2.162586132,0.6096375506
0.362,-1.38,-1.38,-2.324899745,-52.24,-2.452940514,185.5629659,-2.162613649,0.5037097741
0.363,-1.2,-1.2,-2.00894208,-46.57,-2.267609861,188.0147675,-2.092388228,0.4607667341
0.364,-1.15,-1.15,-1.921852745,-44.76,-2.205127484,193.9426802,-1.926312768,0.4651774268
0.365,-1.19,-1.19,-1.991500676,-46.23,-2.25599952,199.1559194,-1.784401985,0.4928967267
0.366,-1.35,-1.35,-2.271975345,-51.76,-2.437838289,203.9879465,-1.656147109,0.554954433
0.367,-1.61,-1.61,-2.734172228,-61.18,-2.716052075,206.0708119,-1.601796724,0.633225561
0.368,-1.85,-1.85,-3.167876545,-69.67,-2.937617192,205.9663154,-1.604510344,0.697443328
0.369,-1.93,-1.93,-3.313951006,-72.34,-3.002415946,206.0191071,-1.603139249,0.7195551602
0.37,-1.81,-1.81,-3.095121756,-68.99,-2.920765311,204.0833103,-1.653646585,0.6766163228
0.371,-1.57,-1.57,-2.662547206,-61.78,-2.732554106,202.5381016,-1.694308024,0.6014524798
0.372,-1.35,-1.35,-2.271975345,-54.9,-2.534758516,200.7982571,-1.740464169,0.5314285388
0.373,-1.23,-1.23,-2.061336902,-51.14,-2.418174768,200.4781923,-1.748998671,0.4946606932
0.374,-1.19,-1.19,-1.991500676,-49.98,-2.380904825,204.075113,-1.65386148,0.4935851362
0.375,-1.2,-1.2,-2.00894208,-50.12,-2.385436447,211.9064847,-1.452396848,0.5234573588
0.376,-1.19,-1.19,-1.991500676,-50.03,-2.382524325,218.7649529,-1.281984306,0.5434564022
0.377,-1.16,-1.16,-1.939247075,-49.06,-2.350893876,224.2352898,-1.149849885,0.5539528762
0.378,-1.1,-1.1,-1.83505762,-47.09,-2.28525493,227.8915797,-1.063318522,0.5480117568
0.379,-1.03,-1.03,-1.714038718,-44.92,-2.210718174,229.1745177,-1.033284633,0.5283715274
0.38,-1.01,-1.01,-1.679567804,-44.08,-2.181219309,228.8900691,-1.039929111,0.5214189429
0.381,-1.03,-1.03,-1.714038718,-45.02,-2.214205664,227.461383,-1.073427396,0.5213594968
0.382,-1.06,-1.06,-1.765833351,-46.22,-2.255657159,226.3396725,-1.099875829,0.5262452664
0.383,-1.05,-1.05,-1.748556705,-45.65,-2.236059045,229.037009,-1.036495688,0.5343093845
0.384,-0.97,-0.97,-1.610767198,-43.03,-2.143827743,234.657414,-0.9067954471,0.5280125068
0.385,-0.85,-0.85,-1.405495145,-39.3,-2.006208015,239.0241071,-0.8081533473,0.4994010947
0.386,-0.73,-0.73,-1.201917742,-35.16,-1.844309623,240.3703995,-0.7781042614,0.4583249612
0.387,-0.6,-0.6,-0.98328792,-30.38,-1.644670562,242.6019104,-0.7286659473,0.4143061534
0.388,-0.47,-0.47,-0.7666469578,-25.64,-1.432405519,245.3018554,-0.6694540538,0.3647469925
0.389,-0.39,-0.39,-0.6343179882,-22.64,-1.290306744,246.1442834,-0.6511122909,0.3267290455
0.39,-0.39,-0.39,-0.6343179882,-22.47,-1.282068703,247.7401258,-0.6165382624,0.3340965244
0.391,-0.44,-0.44,-0.7169353312,-24.96,-1.40073495,251.1461126,-0.5434862884,0.3687519286
0.392,-0.47,-0.47,-0.7666469578,-26.18,-1.457333993,255.9464007,-0.4421938894,0.4035986863
0.393,-0.38,-0.38,-0.6178298248,-22.64,-1.290306744,261.8979023,-0.3192150881,0.3838592385
0.394,-0.21,-0.21,-0.3393316122,-15.61,-0.9323535792,266.904607,-0.2179044095,0.2950047863
0.395,-0.01,-0.01,-0.0160409642,-5.96,-0.3796700283,265.1799605,-0.2525864582,0.02537097609
0.396,0.22,0.22,0.3499238072,3.24,0.2194440285,265.678616,-0.242535541,-15.15378461
0.397,0.46,0.46,0.7251627128,9.5,0.6707161892,269.7071637,-0.1620211234,1.425535181
0.398,0.66,0.66,1.032683705,14.87,1.087751843,273.8899761,-0.07968629791,1.02442119
0.399,0.75,0.75,1.169532375,16.53,1.222470909,276.7793846,-0.02354198085,0.9754809874
0.4,0.75,0.75,1.169532375,16.46,1.216733581,279.2486882,0.02397670216,0.9426313228
0.401,0.79,0.79,1.230048028,17.31,1.286739346,281.9160475,0.07483691876,0.903400022
0.402,0.9,0.9,1.39549518,19.36,1.45863237,281.2671458,0.06250833469,0.9174004585
0.403,0.96,0.96,1.485138893,20.45,1.55180694,277.7558159,-0.004701292118,0.9599466557
0.404,0.89,0.89,1.380513372,19.19,1.444212368,276.7871485,-0.02339191056,0.9716311197
0.405,0.72,0.72,1.124022067,16.3,1.203638408,278.5424101,0.01042829723,0.9258322155
0.406,0.58,0.58,0.9102401912,13.45,0.9747086845,280.3477119,0.04499107732,0.8926550984
0.407,0.51,0.51,0.8024842758,11.8,0.8458692314,282.6984874,0.08966493165,0.8577819042
0.408,0.48,0.48,0.7561266432,11.14,0.795082191,283.674074,0.1080958872,0.8371844505
0.409,0.44,0.44,0.6941517088,10.24,0.7265104923,281.4927808,0.06679843101,0.8750080686
0.41,0.38,0.38,0.6008362552,8.63,0.6057927298,279.8882139,0.03621507962,0.9358706333
0.411,0.29,0.29,0.4600687078,6.55,0.4534886908,281.6466131,0.06972134088,0.8793193555
0.412,0.19,0.19,0.3025423238,4.2,0.286285154,280.0423263,0.03916009266,0.9296258799
0.413,0.08,0.08,0.1279040512,1.66,0.1112559608,275.2878938,-0.05244967322,2.17500639
0.414,-0.02,-0.02,-0.0320936968,-1.38,-0.09063656521,270.0608996,-0.1550088996,0.1306504756
0.415,-0.14,-0.14,-0.2256444232,-5.37,-0.3434346626,270.5450627,-0.145426048,0.461572015
0.416,-0.3,-0.3,-0.48634818,-10.75,-0.6632546824,273.5010948,-0.08728786583,0.6479954816
0.417,-0.54,-0.54,-0.8830526472,-18.69,-1.09360443,273.0132381,-0.09683943281,0.7417843672
0.418,-0.88,-0.88,-1.456654285,-29.41,-1.602419676,273.0701627,-0.09572404649,0.8577921087
0.419,-1.24,-1.24,-2.078825379,-40.9,-2.066171118,273.7221838,-0.0829648536,0.9672842511
0.42,-1.54,-1.54,-2.608952007,-50.22,-2.388667655,272.7807481,-0.1013972757,1.047744569
0.421,-1.73,-1.73,-2.950177062,-56.29,-2.576285143,271.6328919,-0.1239574737,1.092559996
0.422,-1.84,-1.84,-3.149670195,-59.7,-2.674756488,268.7814543,-0.1804153842,1.103145568
0.423,-1.92,-1.92,-3.295650509,-62.49,-2.751906617,268.7676889,-0.1806893879,1.123799699
0.424,-2.05,-2.05,-3.534474905,-66.55,-2.859070843,269.2319711,-0.1714555139,1.166290766
0.425,-2.23,-2.23,-3.868438222,-72.07,-2.995959763,269.4948129,-0.1662350438,1.223339629
0.426,-2.41,-2.41,-4.2062145,-78.1,-3.13537541,268.9995254,-0.1760765155,1.270202496
0.427,-2.57,-2.57,-4.509661086,-83.16,-3.245483348,260.3254293,-0.3514340863,1.253757187
0.428,-2.68,-2.68,-4.720028221,-86.71,-3.319596321,252.361072,-0.5176672116,1.230050577
0.429,-2.75,-2.75,-4.854639625,-88.99,-3.366029317,245.3044954,-0.6693964746,1.20300555
0.43,-2.8,-2.8,-4.95114368,-90.32,-3.392740913,232.9069494,-0.946854229,1.140922947
0.431,-2.81,-2.81,-4.970479796,-90.84,-3.403114974,223.5982826,-1.165069783,1.088064529
0.432,-2.81,-2.81,-4.970479796,-90.81,-3.402517497,223.0635663,-1.177879178,1.085163611
0.433,-2.82,-2.82,-4.989827681,-91.13,-3.408884206,218.9724588,-1.276912056,1.064883619
0.434,-2.86,-2.86,-5.067336903,-92.37,-3.433426305,211.1968805,-1.470342279,1.033355636
0.435,-2.91,-2.91,-5.16448822,-94.07,-3.466761943,207.9702637,-1.552709139,1.02889092
0.436,-2.95,-2.95,-5.242421105,-95.36,-3.491840255,209.029611,-1.525526779,1.044855014
0.437,-2.92,-2.92,-5.183953789,-94.55,-3.47611418,208.3971174,-1.541739654,1.033101792
0.438,-2.74,-2.74,-4.835374119,-89.21,-3.37046598,205.2942408,-1.621996109,0.9685349697
0.439,-2.46,-2.46,-4.300717927,-81.05,-3.20025567,201.5219512,-1.721216975,0.8738680955
0.44,-2.25,-2.25,-3.905780625,-74.91,-3.062834544,200.8636924,-1.738721019,0.8134406807
0.441,-2.18,-2.18,-3.775288161,-72.96,-3.017161559,201.4683606,-1.722639888,0.7965076604
0.442,-2.21,-2.21,-3.831142892,-73.76,-3.036026711,201.6592834,-1.717572326,0.8059457396
0.443,-2.17,-2.17,-3.756693454,-72.62,-3.009088933,201.8334765,-1.712952995,0.7955654591
0.444,-2.03,-2.03,-3.497603238,-68.56,-2.910033422,201.3199219,-1.726583135,0.7543438614
0.445,-1.92,-1.92,-3.295650509,-65.14,-2.822511737,199.8377798,-1.766116197,0.7182213411
0.446,-1.9,-1.9,-3.25908482,-64.47,-2.804898025,199.7193315,-1.769288203,0.7124950006
0.447,-1.93,-1.93,-3.313951006,-65.7,-2.837113405,200.7505356,-1.741735796,0.7237519429
0.448,-1.96,-1.96,-3.368923107,-66.47,-2.857014727,202.69903,-1.690058825,0.740899189
0.449,-1.93,-1.93,-3.313951006,-65.76,-2.838671442,205.4033408,-1.619153699,0.7434008515
0.45,-1.88,-1.88,-3.222566205,-64.02,-2.792978784,205.3638941,-1.62018124,0.7302173925
0.451,-1.82,-1.82,-3.113292801,-62.43,-2.750278461,202.4414478,-1.696861723,0.7000662611
0.452,-1.83,-1.83,-3.131475614,-62.72,-2.758135543,202.5646238,-1.693607494,0.7034268573
0.453,-1.87,-1.87,-3.20432455,-63.9,-2.789788106,203.8509017,-1.659742596,0.7201488796
0.454,-1.93,-1.93,-3.313951006,-65.98,-2.844373667,201.623295,-1.718527181,0.7262816169
0.455,-2.05,-2.05,-3.534474905,-69.74,-2.939343718,197.6371166,-1.825358523,0.7418039419
0.456,-2.18,-2.18,-3.775288161,-74.19,-3.046092902,193.4358335,-1.940312674,0.7571161438
0.457,-2.3,-2.3,-3.99934258,-78.21,-3.137831261,193.5902495,-1.936043579,0.7882225529
0.458,-2.34,-2.34,-4.074403975,-79.37,-3.16355341,200.5816516,-1.746238447,0.829852689
0.459,-2.27,-2.27,-3.943170102,-77.42,-3.120128207,205.7424504,-1.610328428,0.8335707113
0.46,-2.19,-2.19,-3.793894636,-75.13,-3.067922116,204.0801454,-1.653729552,0.8035100645
0.461,-2.15,-2.15,-3.719539345,-73.97,-3.040949143,198.0312876,-1.814699015,0.7660232423
0.462,-2.17,-2.17,-3.756693454,-74.45,-3.052154758,192.5362246,-1.96525187,0.7487321105
0.463,-2.21,-2.21,-3.831142892,-75.69,-3.080814204,192.2730483,-1.972569744,0.7581341397
0.464,-2.23,-2.23,-3.868438222,-76.34,-3.095675163,196.7560962,-1.849260896,0.7823029813
0.465,-2.2,-2.2,-3.81251288,-75.46,-3.075529277,203.8212906,-1.660519787,0.8049986028
0.466,-2.1,-2.1,-3.62686002,-72.73,-3.011704286,209.0041147,-1.526179384,0.7992404134
0.467,-1.97,-1.97,-3.387270678,-68.64,-2.912034524,207.5135097,-1.564471979,0.7566772605
0.468,-1.83,-1.83,-3.131475614,-64.47,-2.804898025,204.2295012,-1.649815592,0.7029577841
0.469,-1.71,-1.71,-2.914058572,-60.92,-2.708858671,203.3876204,-1.671915098,0.6651926636
0.47,-1.6,-1.6,-2.71624832,-57.64,-2.615837232,204.7187612,-1.637014257,0.6386887309
0.471,-1.49,-1.49,-2.519862044,-54.11,-2.51078581,210.282756,-1.493548968,0.62928356
0.472,-1.35,-1.35,-2.271975345,-49.92,-2.378959864,222.2435266,-1.19758341,0.635243354
0.473,-1.21,-1.21,-2.026395252,-45.39,-2.227064769,236.3635775,-0.8680370256,0.6547103735
0.474,-1.1,-1.1,-1.83505762,-41.67,-2.094526705,244.6256537,-0.6842222849,0.6603898469
0.475,-1.04,-1.04,-1.731291827,-39.86,-2.02735664,241.0235142,-0.7635873941,0.6203248097
0.476,-1.05,-1.05,-1.748556705,-39.98,-2.031865753,234.1772624,-0.9177537316,0.5928075517
0.477,-1.07,-1.07,-1.783121766,-40.7,-2.058753072,233.1777109,-0.9406383002,0.5944945305
0.478,-1.06,-1.06,-1.765833351,-40.49,-2.050940481,237.1034768,-0.8513158436,0.6084346638
0.479,-1.02,-1.02,-1.696797377,-39.1,-1.9986124,237.8227345,-0.8351110893,0.5987872081
0.48,-0.96,-0.96,-1.593596467,-37.01,-1.917880312,227.9233201,-1.062573432,0.5346825028
0.481,-0.89,-0.89,-1.473730868,-34.78,-1.828947586,220.5455227,-1.238615885,0.4804239202
0.482,-0.83,-0.83,-1.371447894,-32.6,-1.739136492,222.6130283,-1.188695896,0.4684174885
0.483,-0.77,-0.77,-1.269588582,-30.33,-1.642507322,225.545835,-1.118672781,0.4597992649
0.484,-0.7,-0.7,-1.15128818,-27.85,-1.533200271,229.8592966,-1.01732254,0.4513930146
0.485,-0.64,-0.64,-1.050346803,-25.33,-1.418006195,231.5697732,-0.9776584082,0.4384364998
0.486,-0.58,-0.58,-0.9498290888,-23.23,-1.318741538,232.0913053,-0.965622902,0.4157957776
0.487,-0.54,-0.54,-0.8830526472,-21.63,-1.241065966,232.2368168,-0.962269729,0.4007798944
0.488,-0.52,-0.52,-0.8497350368,-20.78,-1.19906837,233.3316327,-0.9371079028,0.3977832015
0.489,-0.57,-0.57,-0.9331173258,-22.66,-1.2912746,239.1388096,-0.8055866121,0.4450067179
0.49,-0.78,-0.78,-1.286535713,-29.84,-1.621223509,244.566583,-0.6855143246,0.5577294889
0.491,-1.1,-1.1,-1.83505762,-41.24,-2.078731569,244.4695676,-0.6876370002,0.6633453113
0.492,-1.36,-1.36,-2.289605043,-50.33,-2.392216543,244.9979731,-0.6760857931,0.7462123326
0.493,-1.36,-1.36,-2.289605043,-50.24,-2.389313331,243.0752827,-0.7182370346,0.7367877504
0.494,-1.11,-1.11,-1.852393108,-42.26,-2.116036381,239.7264862,-0.7924552737,0.6368913265
0.495,-0.83,-0.83,-1.371447894,-32.83,-1.748748536,238.5102395,-0.8196674619,0.5339664193
0.496,-0.71,-0.71,-1.168152932,-28.54,-1.564011148,238.0142607,-0.8308042972,0.487784115
0.497,-0.73,-0.73,-1.201917742,-29.19,-1.59275327,237.0253398,-0.8530792181,0.4914145788
0.498,-0.71,-0.71,-1.168152932,-28.69,-1.570668195,235.4411566,-0.8889565193,0.4749313689
0.499,-0.58,-0.58,-0.9498290888,-23.55,-1.334062883,232.3914323,-0.9587090622,0.4142710707
0.5,-0.42,-0.42,-0.6838530888,-17.19,-1.015952553,230.478464,-1.002930728,0.3387283927
0.501,-0.42,-0.42,-0.6838530888,-16.9,-1.000748161,229.4809793,-1.02613517,0.3373914414
0.502,-0.61,-0.61,-1.000034988,-23.62,-1.337405003,230.4779819,-1.002941918,0.4273020291
0.503,-0.91,-0.91,-1.50791934,-33.64,-1.782341839,231.4457692,-0.9805240626,0.5457808644
0.504,-1.16,-1.16,-1.939247075,-41.92,-2.103663878,232.4207206,-0.9580348448,0.6333892556
0.505,-1.29,-1.29,-2.166444292,-46.47,-2.264201082,233.6357606,-0.9301391758,0.6782133766
0.506,-1.36,-1.36,-2.289605043,-48.63,-2.336727903,234.500566,-0.9103726496,0.7051229262
0.507,-1.4,-1.4,-2.36024152,-50.16,-2.386729496,235.970622,-0.8769388279,0.7231866984
0.508,-1.47,-1.47,-2.484308438,-52.34,-2.456073599,237.3739488,-0.8452163949,0.7525265707
0.509,-1.56,-1.56,-2.644670371,-55.3,-2.546793344,238.2043781,-0.8265326109,0.7839949079
0.51,-1.65,-1.65,-2.805985545,-58.35,-2.636337365,237.8424405,-0.8346678046,0.8084071926
0.511,-1.71,-1.71,-2.914058572,-60.4,-2.694393962,234.9726584,-0.8996129525,0.8108105081
0.512,-1.72,-1.72,-2.932111933,-60.78,-2.704974573,235.775378,-0.8813672925,0.8175773651
0.513,-1.69,-1.69,-2.877987156,-59.84,-2.678699315,239.1042497,-0.8063598408,0.8258072611
0.514,-1.65,-1.65,-2.805985545,-58.49,-2.640355486,239.4383666,-0.7988891355,0.8158726273
0.515,-1.55,-1.55,-2.626805305,-55.59,-2.555475594,239.6797373,-0.7934986759,0.7843611487
0.516,-1.39,-1.39,-2.342564748,-50.59,-2.400582225,242.0024736,-0.7419014377,0.7454500961
0.517,-1.23,-1.23,-2.061336902,-45.29,-2.223596247,245.1380859,-0.673027036,0.7116344447
0.518,-1.12,-1.12,-1.869740365,-41.74,-2.097088518,246.0350928,-0.653486099,0.6797635496
0.519,-1.11,-1.11,-1.852393108,-41.35,-2.082781747,245.5571937,-0.6638880562,0.6744141965
0.52,-1.14,-1.14,-1.904470183,-42.57,-2.127263144,246.5846212,-0.6415500028,0.687829074
0.521,-1.15,-1.15,-1.921852745,-42.85,-2.137359345,245.2222613,-0.6711902706,0.6842865564
0.522,-1.13,-1.13,-1.88709939,-42.27,-2.116399338,243.3815919,-0.711499523,0.6673150217
0.523,-1.11,-1.11,-1.852393108,-41.48,-2.087559837,243.0267912,-0.7193044223,0.6599510831
0.524,-1.1,-1.1,-1.83505762,-41.04,-2.071350716,240.2292102,-0.78124768,0.6432933646
0.525,-1.09,-1.09,-1.8177339,-41.01,-2.070241704,236.4059121,-0.8670788846,0.6188408262
0.526,-1.1,-1.1,-1.83505762,-41.32,-2.081677806,233.7929,-0.9265420657,0.6100144598
0.527,-1.12,-1.12,-1.869740365,-42.02,-2.107309305,230.3270758,-1.006445993,0.600477618
0.528,-1.16,-1.16,-1.939247075,-43.34,-2.15492753,226.7572487,-1.090014658,0.5976214561
0.529,-1.22,-1.22,-2.043860193,-45.37,-2.226371474,223.6914572,-1.162840875,0.6030487272
0.53,-1.29,-1.29,-2.166444292,-47.85,-2.31080256,221.7119036,-1.210396338,0.6152575742
0.531,-1.37,-1.37,-2.30724651,-50.37,-2.393505636,221.0567653,-1.2262285,0.6374077275
0.532,-1.44,-1.44,-2.431066291,-52.79,-2.470116445,219.6483757,-1.260423291,0.6516661029
0.533,-1.51,-1.51,-2.555462724,-55.15,-2.542288365,211.3245682,-1.467108693,0.6373683343
0.534,-1.58,-1.58,-2.680435809,-57.57,-2.613804938,200.3674422,-1.751954987,0.6139677524
0.535,-1.64,-1.64,-2.788014563,-59.78,-2.677010475,194.0634931,-1.922981123,0.6060912295
0.536,-1.69,-1.69,-2.877987156,-61.26,-2.718260238,195.4870431,-1.883879515,0.6253584877
0.537,-1.7,-1.7,-2.89601698,-61.84,-2.734196827,199.3120421,-1.780209644,0.6415055885
0.538,-1.7,-1.7,-2.89601698,-61.74,-2.731458205,202.4853308,-1.695702136,0.6541477508
0.539,-1.69,-1.69,-2.877987156,-61.46,-2.723769997,205.870238,-1.60700655,0.664542981
0.54,-1.68,-1.68,-2.859969101,-61.16,-2.715499653,209.4932939,-1.513672208,0.6762480208
0.541,-1.66,-1.66,-2.823968295,-60.67,-2.701917495,212.1854809,-1.445357666,0.6809213725
0.542,-1.65,-1.65,-2.805985545,-60.08,-2.685440571,209.3379305,-1.517641322,0.6676019206
0.543,-1.64,-1.64,-2.788014563,-59.9,-2.680386743,204.8317716,-1.634061724,0.6462041636
0.544,-1.66,-1.66,-2.823968295,-60.64,-2.701082938,204.6076526,-1.639918691,0.6505338023
0.545,-1.71,-1.71,-2.914058572,-62.38,-2.748920643,207.8826672,-1.554963018,0.6770765201
0.546,-1.79,-1.79,-3.058814972,-64.97,-2.818057509,210.0277747,-1.500040123,0.7083709617
0.547,-1.85,-1.85,-3.167876545,-67.14,-2.874168314,210.1113221,-1.497912358,0.7245695546
0.548,-1.85,-1.85,-3.167876545,-67.29,-2.877988138,208.1014358,-1.549335822,0.7155285165
0.549,-1.78,-1.78,-3.040679233,-65.13,-2.822250003,204.448215,-1.644089229,0.6807989889
0.55,-1.64,-1.64,-2.788014563,-60.83,-2.706362615,206.6011643,-1.588045431,0.6492197605
0.551,-1.49,-1.49,-2.519862044,-56.22,-2.574213526,213.8757507,-1.402908412,0.6335893351
0.552,-1.4,-1.4,-2.36024152,-53.46,-2.490856045,218.8301683,-1.28038967,0.6258519593
0.553,-1.39,-1.39,-2.342564748,-53.15,-2.481285067,222.6525669,-1.187745759,0.6384696285
0.554,-1.45,-1.45,-2.448801905,-55.34,-2.547993038,222.1292977,-1.200333915,0.6533053107
0.555,-1.53,-1.53,-2.591110478,-58.03,-2.627123284,223.4913822,-1.167628184,0.6828142765
0.556,-1.56,-1.56,-2.644670371,-58.98,-2.6543568,229.319247,-1.029907043,0.7178287127
0.557,-1.52,-1.52,-2.573280717,-57.89,-2.62307903,241.2947566,-0.7575700104,0.7611794912
0.558,-1.44,-1.44,-2.431066291,-55.41,-2.550090852,245.7777969,-0.6590838903,0.7575362784
0.559,-1.36,-1.36,-2.289605043,-52.76,-2.469183099,236.8922452,-0.8560841968,0.6885476684
0.56,-1.3,-1.3,-2.18400338,-50.88,-2.409875854,229.8982077,-1.016416957,0.6374246162
0.561,-1.23,-1.23,-2.061336902,-48.94,-2.346949549,229.3905832,-1.028243035,0.61073164
0.562,-1.12,-1.12,-1.869740365,-45.31,-2.224290361,232.3915148,-0.958707163,0.5874149605
0.563,-0.96,-0.96,-1.593596467,-39.97,-2.031490299,237.7730324,-0.8362292908,0.5557016358
0.564,-0.8,-0.8,-1.32046528,-34.4,-1.813499243,244.5798904,-0.6852232272,0.5284561593
0.565,-0.69,-0.69,-1.134435196,-30.75,-1.660629365,249.5102179,-0.5784486662,0.5066528189
0.566,-0.68,-0.68,-1.117593981,-30.3,-1.641208617,252.2533344,-0.5199517132,0.5171268254
0.567,-0.72,-0.72,-1.185029453,-31.91,-1.710104579,253.8432103,-0.486338109,0.5395221369
0.568,-0.74,-0.74,-1.218817799,-32.67,-1.742065339,253.6781263,-0.4898185529,0.5460937299
0.569,-0.68,-0.68,-1.117593981,-30.5,-1.649855876,252.1524951,-0.5220908246,0.5145586585
0.57,-0.55,-0.55,-0.899729105,-25.72,-1.436110971,250.7884832,-0.5511100605,0.452757439
0.571,-0.42,-0.42,-0.6838530888,-20.36,-1.17812692,251.3566608,-0.5390029979,0.3982535518
0.572,-0.31,-0.31,-0.5027421962,-16.08,-0.9574170638,249.9948099,-0.568068117,0.3295621632
0.573,-0.23,-0.23,-0.3719195818,-12.03,-0.7359107627,247.990096,-0.611142826,0.2760985791
0.574,-0.14,-0.14,-0.2256444232,-7.7,-0.4848495626,249.6327264,-0.5758224806,0.2127372213
0.575,-0.11,-0.11,-0.1770978682,-6.21,-0.3949363368,251.3471592,-0.5392052377,0.1895835418
0.576,-0.18,-0.18,-0.2905379208,-8.82,-0.5512358423,251.4752793,-0.536478858,0.2671085724
0.577,-0.35,-0.35,-0.568435945,-14.63,-0.8795562528,251.9590477,-0.5261968349,0.4043640024
0.578,-0.58,-0.58,-0.9498290888,-22.24,-1.270890974,251.137833,-0.5436626654,0.5234505435
0.579,-0.84,-0.84,-1.388465635,-31.17,-1.678640148,251.2346181,-0.5416012457,0.6253669709
0.58,-1.15,-1.15,-1.921852745,-41.36,-2.083149618,248.0429969,-0.6100016926,0.7136074149
0.581,-1.43,-1.43,-2.413342446,-50.62,-2.401545457,233.9719819,-0.922445614,0.7260375839
0.582,-1.62,-1.62,-2.752107905,-56.79,-2.591022532,219.5918246,-1.261800888,0.7143093791
0.583,-1.71,-1.71,-2.914058572,-59.83,-2.67841794,210.1696253,-1.496428006,0.698003857
0.584,-1.73,-1.73,-2.950177062,-60.5,-2.697183742,209.0882238,-1.524026826,0.6988936026
0.585,-1.7,-1.7,-2.89601698,-59.52,-2.669675806,213.0156717,-1.424466255,0.7073562512
0.586,-1.62,-1.62,-2.752107905,-57.02,-2.597766639,218.3000941,-1.293364741,0.7072770451
0.587,-1.5,-1.5,-2.5376565,-53.27,-2.484995045,225.2687945,-1.125248285,0.7029045601
0.588,-1.37,-1.37,-2.30724651,-49.45,-2.363665212,235.2401764,-0.8935254033,0.7083547701
0.589,-1.27,-1.27,-2.131361422,-46.22,-2.255657159,246.2768332,-0.648232067,0.733967881
0.59,-1.18,-1.18,-1.974071041,-43.27,-2.152425566,247.9725246,-0.6115219138,0.7142216179
0.591,-1.1,-1.1,-1.83505762,-40.49,-2.050940481,238.547267,-0.8188369663,0.6394424841
0.592,-1.03,-1.03,-1.714038718,-38.21,-1.964538269,229.2424086,-1.031699977,0.5720635601
0.593,-0.99,-0.99,-1.645143964,-36.77,-1.908449051,229.5679737,-1.024107412,0.5609931079
0.594,-0.97,-0.97,-1.610767198,-36.08,-1.881147249,236.3258136,-0.8688918667,0.5857251952
0.595,-0.95,-0.95,-1.576437505,-35.62,-1.862790943,236.4853827,-0.8652807221,0.5778578053
0.596,-0.94,-0.94,-1.559290311,-35.27,-1.848740485,225.9294715,-1.109580563,0.5270862378
0.597,-0.95,-0.95,-1.576437505,-35.45,-1.855975496,216.6101825,-1.334941467,0.494039025
0.598,-0.98,-0.98,-1.627949697,-36.4,-1.893843543,217.1329397,-1.322045575,0.5062207174
0.599,-1.02,-1.02,-1.696797377,-37.82,-1.949465083,223.6382334,-1.164113974,0.544966852
0.6,-1.05,-1.05,-1.748556705,-38.91,-1.991375735,229.3601645,-1.028952527,0.5789293591
0.601,-1.06,-1.06,-1.765833351,-39.11,-1.998992715,232.2666576,-0.9615823342,0.5964494472
0.602,-1.04,-1.04,-1.731291827,-38.51,-1.97607405,235.3590164,-0.8908233422,0.6038904049
0.603,-1.01,-1.01,-1.679567804,-37.56,-1.939367923,238.0503518,-0.8299931166,0.6064820657
0.604,-0.98,-0.98,-1.627949697,-36.6,-1.901748321,239.7002862,-0.7930400135,0.6041104142
0.605,-0.95,-0.95,-1.576437505,-35.35,-1.851958417,243.0371732,-0.7190758766,0.6131530447
0.606,-0.89,-0.89,-1.473730868,-33.33,-1.769532425,246.4391185,-0.6447078188,0.6104325664
0.607,-0.81,-0.81,-1.337447716,-30.4,-1.645535415,250.1560741,-0.564618105,0.6051379256
0.608,-0.7,-0.7,-1.15128818,-26.56,-1.474759377,254.4828895,-0.4728731871,0.5911218579
0.609,-0.6,-0.6,-0.98328792,-22.53,-1.28497855,257.8289816,-0.4029866658,0.5825285443
0.61,-0.54,-0.54,-0.8830526472,-20.09,-1.164597913,258.4247538,-0.3906385418,0.5677931768
0.611,-0.56,-0.56,-0.9164173312,-20.64,-1.192101881,258.3600073,-0.3919791155,0.5785167131
0.612,-0.65,-0.65,-1.067140945,-23.64,-1.338359275,258.5693387,-0.3876461316,0.6182720756
0.613,-0.79,-0.79,-1.303494612,-27.89,-1.534994891,257.7386392,-0.4048616169,0.6719541404
0.614,-0.92,-0.92,-1.525031229,-31.89,-1.709258677,256.0386403,-0.4402661697,0.7094736454
0.615,-1.03,-1.03,-1.714038718,-35.15,-1.843906461,253.5150787,-0.4932582851,0.7333837808
0.616,-1.12,-1.12,-1.869740365,-37.88,-1.951789693,252.7710457,-0.5089829089,0.7598184259
0.617,-1.21,-1.21,-2.026395252,-40.76,-2.06098079,252.7294045,-0.5098643356,0.7882214422
0.618,-1.33,-1.33,-2.236751254,-44.39,-2.192148375,251.5459556,-0.5349754702,0.8201869006
0.619,-1.49,-1.49,-2.519862044,-49.49,-2.364970979,248.630925,-0.5973357696,0.8506418336
0.62,-1.74,-1.74,-2.968253959,-56.99,-2.596888221,246.3313378,-0.6470481668,0.9150160805
0.621,-2.06,-2.06,-3.552928391,-67.08,-2.872638292,244.7379358,-0.6817672204,0.9995844252
0.622,-2.38,-2.38,-4.149653665,-77.24,-3.11607308,242.8576205,-0.7230298472,1.080891485
0.623,-2.58,-2.58,-4.528726529,-83.43,-3.251204542,240.7755859,-0.7690934911,1.126465374
0.624,-2.62,-2.62,-4.605105985,-84.7,-3.277923508,239.2612072,-0.8028490413,1.128488768
0.625,-2.61,-2.61,-4.585993468,-84.48,-3.273317267,236.7420352,-0.8594776317,1.1096591
0.626,-2.72,-2.72,-4.796878413,-87.77,-3.341288916,229.1642082,-1.03352531,1.096475911
0.627,-2.89,-2.89,-5.125592388,-93.16,-3.448960281,216.3441976,-1.341514998,1.069954877
0.628,-2.93,-2.93,-5.203431126,-94.55,-3.47611418,205.1611316,-1.625466079,1.019964572
0.629,-2.84,-2.84,-5.028558755,-91.91,-3.424345348,201.04899,-1.733787895,0.9748795772
0.63,-2.74,-2.74,-4.835374119,-89.17,-3.369659862,202.3319512,-1.699756216,0.9538325607
0.631,-2.76,-2.76,-4.873916899,-89.61,-3.378513914,201.5589091,-1.720235909,0.9559043036
0.632,-2.83,-2.83,-5.009187334,-91.79,-3.421971932,198.6714442,-1.79743248,0.9597239337
0.633,-2.79,-2.79,-4.931819332,-90.68,-3.399926988,195.1981045,-1.891792904,0.9319879799
0.634,-2.65,-2.65,-4.662514145,-86.73,-3.320007373,193.9509856,-1.926083665,0.8887596709
0.635,-2.54,-2.54,-4.452535367,-83.47,-3.252050889,194.9173413,-1.899493616,0.864310764
0.636,-2.51,-2.51,-4.395515564,-82.46,-3.230581945,194.7417632,-1.904314973,0.8560085302
0.637,-2.51,-2.51,-4.395515564,-82.46,-3.230581945,194.695218,-1.90559383,0.8557953926
0.638,-2.47,-2.47,-4.319653918,-81.36,-3.206959587,193.8307144,-1.929402288,0.8409948564
0.639,-2.39,-2.39,-4.168495508,-79.11,-3.15781572,190.5435263,-2.020911465,0.8049266469
0.64,-2.34,-2.34,-4.074403975,-77.49,-3.121703027,189.5426847,-2.049086731,0.7879655075
0.641,-2.34,-2.34,-4.074403975,-77.55,-3.123051906,190.3685389,-2.025826944,0.7913186723
0.642,-2.37,-2.37,-4.13082359,-78.68,-3.148291635,190.9803276,-2.008661179,0.8010202418
0.643,-2.4,-2.4,-4.18734912,-79.51,-3.166636425,192.4460749,-1.967757442,0.8155488706
0.644,-2.41,-2.41,-4.2062145,-79.83,-3.173666348,194.7573774,-1.903886032,0.8283941129
0.645,-2.42,-2.42,-4.225091649,-80.02,-3.177829281,195.2444806,-1.890521978,0.8336225002
0.646,-2.42,-2.42,-4.225091649,-80.01,-3.177610384,192.5807904,-1.964013664,0.8217426263
0.647,-2.39,-2.39,-4.168495508,-79.38,-3.163773776,191.2365051,-2.001489598,0.8070247742
0.648,-2.34,-2.34,-4.074403975,-77.85,-3.129782997,193.0051544,-1.952237569,0.8017291394
0.649,-2.27,-2.27,-3.943170102,-75.61,-3.078977548,194.5934534,-1.908390935,0.7906313952
0.65,-2.19,-2.19,-3.793894636,-73.25,-3.024021012,192.8223615,-1.957306892,0.7616231474
0.651,-2.12,-2.12,-3.663896445,-71.31,-2.977671984,191.43753,-1.995868713,0.7366776845
0.652,-2.08,-2.08,-3.589870669,-70,-2.945743207,188.1609548,-2.088230055,0.7131286723
0.653,-2.07,-2.07,-3.571393646,-69.78,-2.94032962,188.2463648,-2.085802134,0.7105650668
0.654,-2.09,-2.09,-3.60835946,-70.45,-2.956769967,192.9651605,-1.953346294,0.734882693
0.655,-2.11,-2.11,-3.645372348,-70.92,-2.96822081,198.006458,-1.815369852,0.7620577524
0.656,-2.09,-2.09,-3.60835946,-70.46,-2.957014301,199.845016,-1.765922477,0.764007572
0.657,-2.04,-2.04,-3.516033187,-68.94,-2.919520444,195.0075953,-1.897016941,0.7299918813
0.658,-1.98,-1.98,-3.405630017,-67.23,-2.876461104,188.5771636,-2.076409015,0.6876073741
0.659,-1.93,-1.93,-3.313951006,-65.54,-2.832952579,185.4056468,-2.167151271,0.6627764354
0.66,-1.83,-1.83,-3.131475614,-62.6,-2.754888108,187.569381,-2.105076831,0.6443411944
0.661,-1.74,-1.74,-2.968253959,-59.99,-2.682915241,191.3119297,-1.999379947,0.6339314034
0.662,-1.73,-1.73,-2.950177062,-59.49,-2.668827782,191.7796166,-1.986317136,0.6337454824
0.663,-1.74,-1.74,-2.968253959,-59.98,-2.682634453,191.8028179,-1.985669938,0.6358312807
0.664,-1.76,-1.76,-3.004443059,-60.58,-2.699412781,191.0467883,-2.006799716,0.6383993627
0.665,-1.78,-1.78,-3.040679233,-61.13,-2.714670734,184.7504033,-2.186092235,0.6204501731
0.666,-1.83,-1.83,-3.131475614,-62.78,-2.759757269,178.6388368,-2.366064344,0.6109216923
0.667,-1.92,-1.92,-3.295650509,-65.81,-2.83996886,174.5199984,-2.490862495,0.6182244925
0.668,-1.96,-1.96,-3.368923107,-67.1,-2.873148433,175.6175222,-2.457322693,0.6320122608
0.669,-1.91,-1.91,-3.27736178,-65.49,-2.831650508,181.1258094,-2.292096458,0.6396416142
0.67,-1.81,-1.81,-3.095121756,-62.4,-2.749463881,188.770015,-2.070940549,0.6420875677
0.671,-1.75,-1.75,-2.986342625,-60.73,-2.70358557,194.5897002,-1.908494123,0.6475045585
0.672,-1.79,-1.79,-3.058814972,-61.88,-2.735291223,195.9685899,-1.870716967,0.6640923866
0.673,-1.85,-1.85,-3.167876545,-63.81,-2.787391706,197.6076238,-1.826156946,0.6866463938
0.674,-1.89,-1.89,-3.240819628,-65.1,-2.821464592,202.9933496,-1.682296241,0.7195807567
0.675,-1.89,-1.89,-3.240819628,-65.09,-2.821202718,211.3792795,-1.465723774,0.7559774197
0.676,-1.86,-1.86,-3.186094663,-64.26,-2.799344687,219.4999351,-1.264040097,0.7840986844
0.677,-1.85,-1.85,-3.167876545,-63.95,-2.791118183,220.3309885,-1.243822596,0.7851110386
0.678,-1.84,-1.84,-3.149670195,-63.66,-2.783391229,217.8449748,-1.304530242,0.7704820696
0.679,-1.82,-1.82,-3.113292801,-62.87,-2.762187372,223.7915064,-1.160448546,0.7936736586
0.68,-1.76,-1.76,-3.004443059,-61.19,-2.716328229,232.3321597,-0.9600737798,0.8172237563
0.681,-1.64,-1.64,-2.788014563,-57.52,-2.612352067,230.2579266,-1.008052419,0.7700837223
0.682,-1.45,-1.45,-2.448801905,-51.55,-2.4311979,223.9041514,-1.157756312,0.6823162848
0.683,-1.23,-1.23,-2.061336902,-44.77,-2.205477289,220.094713,-1.249562833,0.5966173558
0.684,-1.08,-1.08,-1.800421949,-39.53,-2.014915252,222.7164046,-1.186212056,0.5624337228
0.685,-1,-1,-1.66235,-37.09,-1.921016643,223.2955026,-1.172319262,0.5373971825
0.686,-1.01,-1.01,-1.679567804,-37.29,-1.928841275,221.054549,-1.226282137,0.5323303036
0.687,-1.05,-1.05,-1.748556705,-38.68,-1.982588323,222.449744,-1.192621504,0.5506901276
0.688,-1.09,-1.09,-1.8177339,-40.02,-2.033367014,225.8538317,-1.11137201,0.5780237681
0.689,-1.13,-1.13,-1.88709939,-41.18,-2.076519604,229.1665478,-1.03347069,0.6067862634
0.69,-1.16,-1.16,-1.939247075,-42.31,-2.11785063,233.0075736,-0.9445433348,0.6332454602
0.691,-1.2,-1.2,-2.00894208,-43.44,-2.15849728,237.4530777,-0.8434332642,0.6692167091
0.692,-1.23,-1.23,-2.061336902,-44.56,-2.198120546,240.6587236,-0.771690786,0.6940969212
0.693,-1.27,-1.27,-2.131361422,-45.69,-2.237439725,240.3835461,-0.7778116607,0.7068602744
0.694,-1.3,-1.3,-2.18400338,-46.81,-2.275770505,239.698879,-0.7930714229,0.7116702103
0.695,-1.34,-1.34,-2.254357415,-47.94,-2.313809104,239.3278346,-0.8013594275,0.7236710927
0.696,-1.37,-1.37,-2.30724651,-49.06,-2.350893876,237.9804113,-0.8315652055,0.7249885862
0.697,-1.41,-1.41,-2.37793006,-50.18,-2.387375738,238.6300915,-0.8169797493,0.7420930886
0.698,-1.44,-1.44,-2.431066291,-51.3,-2.423266207,240.5149957,-0.7748869061,0.7601469365
0.699,-1.48,-1.48,-2.502079357,-52.42,-2.458576799,240.4250392,-0.7768882655,0.7733291218
0.7,-1.51,-1.51,-2.555462724,-53.54,-2.49331903,238.3190624,-0.8239574557,0.7703496333
0.701,-1.55,-1.55,-2.626805305,-54.66,-2.527504417,235.536315,-0.8867946451,0.7693541946
0.702,-1.58,-1.58,-2.680435809,-55.77,-2.560846497,232.0033963,-0.9676497015,0.7596538746
0.703,-1.62,-1.62,-2.752107905,-56.89,-2.593957459,231.3956094,-0.9816836615,0.7696823624
0.704,-1.65,-1.65,-2.805985545,-58,-2.626257331,232.7578744,-0.9502796597,0.7845537604
0.705,-1.69,-1.69,-2.877987156,-59.11,-2.658055301,234.2821201,-0.9153586934,0.8053886732
0.706,-1.72,-1.72,-2.932111933,-60.23,-2.689642433,236.5997445,-0.8626941441,0.8254037502
0.707,-1.75,-1.75,-2.986342625,-61.34,-2.720465965,236.8208951,-0.8576958165,0.83460246
0.708,-1.79,-1.79,-3.058814972,-62.45,-2.750821328,234.6007473,-0.9080875577,0.8359910202
0.709,-1.82,-1.82,-3.113292801,-63.55,-2.780452385,233.2806535,-0.9382769189,0.8371926394
0.71,-1.86,-1.86,-3.186094663,-64.66,-2.809909008,229.7263852,-1.020416961,0.8318077073
0.711,-1.89,-1.89,-3.240819628,-65.79,-2.839449996,225.7426701,-1.114005841,0.8197434755
0.712,-1.93,-1.93,-3.313951006,-66.95,-2.86931913,224.3292789,-1.147607883,0.8249965696
0.713,-1.96,-1.96,-3.368923107,-68.13,-2.899242218,224.0878145,-1.153369637,0.8312967606
0.714,-2,-2,-3.442384,-69.31,-2.928713725,226.3269735,-1.100176005,0.8544249733
0.715,-2.04,-2.04,-3.516033187,-70.5,-2.957991332,225.9866197,-1.108227467,0.8646935545
0.716,-2.07,-2.07,-3.571393646,-71.69,-2.986837183,219.8651524,-1.255145839,0.8419160631
0.717,-2.11,-2.11,-3.645372348,-72.97,-3.017398489,203.9560705,-1.656983187,0.779861937
0.718,-2.15,-2.15,-3.719539345,-74.16,-3.045392265,192.3015021,-1.971778076,0.7413619815
0.719,-2.17,-2.17,-3.756693454,-74.77,-3.059590231,196.3074187,-1.861474829,0.7633903247
0.72,-2.17,-2.17,-3.756693454,-74.93,-3.063297586,209.7269314,-1.507708943,0.8218525678
0.721,-2.18,-2.18,-3.775288161,-75.21,-3.069768935,218.2721646,-1.294049269,0.8651341519
0.722,-2.15,-2.15,-3.719539345,-74.15,-3.045158664,217.9141284,-1.302832186,0.8554616312
0.723,-1.99,-1.99,-3.424001124,-69.52,-2.933912345,213.6235513,-1.409220782,0.7883712113
0.724,-1.73,-1.73,-2.950177062,-61.65,-2.728990225,212.7424287,-1.431333299,0.7091220297
0.725,-1.46,-1.46,-2.466549287,-53.39,-2.4886986,211.2735317,-1.468400916,0.6233225313
0.726,-1.3,-1.3,-2.18400338,-48.58,-2.335074899,211.2026027,-1.470197325,0.5739414295
0.727,-1.29,-1.29,-2.166444292,-48.2,-2.322472409,210.9059411,-1.477717381,0.5700884461
0.728,-1.34,-1.34,-2.254357415,-49.87,-2.377337761,210.3856946,-1.490930651,0.5827820552
0.729,-1.4,-1.4,-2.36024152,-51.87,-2.441308513,210.6446025,-1.484350805,0.6012344241
0.73,-1.46,-1.46,-2.466549287,-53.69,-2.497929472,210.7967893,-1.480486926,0.6199826867
0.731,-1.5,-1.5,-2.5376565,-55.03,-2.538677405,210.8202994,-1.479890275,0.6314828323
0.732,-1.53,-1.53,-2.591110478,-56.09,-2.570360749,211.452746,-1.463864663,0.6422820277
0.733,-1.56,-1.56,-2.644670371,-57.1,-2.600107259,209.2521648,-1.519833666,0.6419194885
0.734,-1.59,-1.59,-2.69833618,-58.15,-2.630583435,211.0505298,-1.474050892,0.6573877147
0.735,-1.63,-1.63,-2.77005535,-59.27,-2.662598066,215.6894041,-1.357732015,0.6890119204
0.736,-1.66,-1.66,-2.823968295,-60.4,-2.694393962,216.6130675,-1.334870212,0.7008645185
0.737,-1.68,-1.68,-2.859969101,-61.18,-2.716052075,210.5252678,-1.487382555,0.6803886233
0.738,-1.68,-1.68,-2.859969101,-61.17,-2.715775883,199.7415694,-1.768692536,0.6377498587
0.739,-1.66,-1.66,-2.823968295,-60.36,-2.693276965,188.4033537,-2.081342336,0.5914541281
0.74,-1.61,-1.61,-2.734172228,-58.86,-2.650936808,184.0269198,-2.20708399,0.5628160812
0.741,-1.56,-1.56,-2.644670371,-57.57,-2.613804938,185.0941962,-2.176145936,0.5521289133
0.742,-1.57,-1.57,-2.662547206,-57.85,-2.621922061,187.7404145,-2.100200702,0.5638454016
0.743,-1.62,-1.62,-2.752107905,-59.31,-2.663732168,188.02489,-2.092100199,0.5786805951
0.744,-1.65,-1.65,-2.805985545,-60.54,-2.698298571,188.1661595,-2.088082069,0.5862437102
0.745,-1.7,-1.7,-2.89601698,-62.12,-2.741844999,188.354894,-2.082718601,0.6002650644
0.746,-1.8,-1.8,-3.07696248,-65.4,-2.8293046,188.5098701,-2.078318496,0.6269761186
0.747,-1.96,-1.96,-3.368923107,-70.83,-2.966033276,188.7645498,-2.071095442,0.6688181493
0.748,-2.12,-2.12,-3.663896445,-76.2,-3.092483594,187.7094287,-2.10108377,0.7054681664
0.749,-2.18,-2.18,-3.775288161,-78.2,-3.137608123,188.3716216,-2.082243494,0.723255839
0.75,-2.14,-2.14,-3.700979943,-77.01,-3.110879752,190.0570583,-2.034587773,0.719269906
0.751,-2.05,-2.05,-3.534474905,-74.49,-3.053085713,191.9392563,-1.981865583,0.7019879037
0.752,-1.96,-1.96,-3.368923107,-71.88,-2.991403772,194.285555,-1.916862757,0.6863773773
0.753,-1.9,-1.9,-3.25908482,-70.05,-2.946971479,196.6260765,-1.852797435,0.6790086937
0.754,-1.87,-1.87,-3.20432455,-69.17,-2.925240275,199.4168308,-1.777397611,0.6813887499
0.755,-1.87,-1.87,-3.20432455,-69.01,-2.921263036,200.9395752,-1.736700264,0.687923958
0.756,-1.86,-1.86,-3.186094663,-68.68,-2.913034307,204.4721175,-1.643463783,0.6992419618
0.757,-1.82,-1.82,-3.113292801,-67.41,-2.88103863,209.9341519,-1.502425491,0.7102357212
0.758,-1.74,-1.74,-2.968253959,-65.2,-2.824081408,215.537105,-1.361511004,0.7091598194
0.759,-1.65,-1.65,-2.805985545,-62.37,-2.748648968,222.0627845,-1.201936129,0.7102708779
0.76,-1.55,-1.55,-2.626805305,-59.22,-2.661179545,224.8323448,-1.135623761,0.6918465596
0.761,-1.43,-1.43,-2.413342446,-55.7,-2.558759454,222.2764086,-1.196791911,0.6426066937
0.762,-1.31,-1.31,-2.201574236,-51.9,-2.442253977,216.3269342,-1.341941923,0.5817812541
0.763,-1.21,-1.21,-2.026395252,-48.79,-2.342009385,215.2272909,-1.369206653,0.5460192107
0.764,-1.17,-1.17,-1.956653174,-47.39,-2.295373599,219.8745064,-1.254918233,0.5511246022
0.765,-1.18,-1.18,-1.974071041,-47.76,-2.307792043,224.4122274,-1.14563002,0.5716275058
0.766,-1.2,-1.2,-2.00894208,-48.51,-2.332758659,230.2304552,-1.008690752,0.6012187626
0.767,-1.18,-1.18,-1.974071041,-47.83,-2.3101339,229.7060725,-1.020890038,0.5926318986
0.768,-1.1,-1.1,-1.83505762,-45.46,-2.229489695,224.472338,-1.144197172,0.5439324076
0.769,-1,-1,-1.66235,-42.15,-2.112040313,222.6207375,-1.188510627,0.5036583377
0.77,-0.9,-0.9,-1.49081922,-38.87,-1.989849635,226.2532759,-1.101918379,0.482189871
0.771,-0.84,-0.84,-1.388465635,-36.56,-1.900169232,231.0264851,-0.9902248423,0.4803724334
0.772,-0.82,-0.82,-1.354441921,-36.02,-1.878760009,238.3687637,-0.8228418336,0.5013477187
0.773,-0.83,-0.83,-1.371447894,-36.25,-1.887899623,243.7105596,-0.7042730567,0.5290727368
0.774,-0.78,-0.78,-1.286535713,-34.82,-1.830568699,239.6951476,-0.793154705,0.4903473097
0.775,-0.66,-0.66,-1.083946855,-30.31,-1.641641582,239.3782521,-0.8002324997,0.4438995701
0.776,-0.48,-0.48,-0.7832410368,-23.68,-1.34026699,243.7132416,-0.7042141802,0.383100147
0.777,-0.34,-0.34,-0.5519948552,-17.9,-1.05291414,248.2101006,-0.6063986728,0.3326647338
0.778,-0.27,-0.27,-0.4372367418,-14.81,-0.8893084186,251.0246534,-0.5460742787,0.3046133568
0.779,-0.24,-0.24,-0.3882312192,-13.46,-0.81556257,254.2747953,-0.4772497462,0.300299753
0.78,-0.22,-0.22,-0.3556197128,-12.43,-0.7583514979,254.3985685,-0.4746461645,0.2884188054
0.781,-0.2,-0.2,-0.32305528,-11.46,-0.703715802,253.9116886,-0.4848950549,0.2717923012
0.782,-0.19,-0.19,-0.3067907162,-11.39,-0.6997443954,254.4148446,-0.4743038882,0.2613101356
0.783,-0.22,-0.22,-0.3556197128,-12.27,-0.7493902264,256.1213111,-0.4385390182,0.2993610221
0.784,-0.29,-0.29,-0.4699659322,-14.52,-0.8735844314,257.4376594,-0.4111128447,0.3658184235
0.785,-0.42,-0.42,-0.6838530888,-18.94,-1.106386066,257.5374023,-0.4090404156,0.4512611446
0.786,-0.61,-0.61,-1.000034988,-25.41,-1.421728351,261.5028243,-0.3272917603,0.5717687188
0.787,-0.84,-0.84,-1.388465635,-32.91,-1.752084242,267.0227633,-0.2155365374,0.7056571316
0.788,-1.03,-1.03,-1.714038718,-39.27,-2.005070104,264.2230037,-0.2719279595,0.7527624839
0.789,-1.12,-1.12,-1.869740365,-42.24,-2.115310306,249.6594592,-0.575249588,0.6949261262
0.79,-1.09,-1.09,-1.8177339,-41.3,-2.080941573,234.7282256,-0.9051812436,0.6087271059
0.791,-0.97,-0.97,-1.610767198,-37.33,-1.93040343,227.7922002,-1.065652072,0.537629292
0.792,-0.94,-0.94,-1.559290311,-36.21,-1.886312353,222.0950532,-1.201158759,0.5050380245
0.793,-1.19,-1.19,-1.991500676,-44.48,-2.195311978,216.3481049,-1.341418375,0.5630908996
0.794,-1.65,-1.65,-2.805985545,-59.72,-2.675320221,214.5639206,-1.385721805,0.6909521071
0.795,-2.08,-2.08,-3.589870669,-73.99,-3.041417309,210.0495664,-1.499485054,0.7905632805
0.796,-2.28,-2.28,-3.961882493,-80.68,-3.192226724,203.4010765,-1.671561155,0.8145672861
0.797,-2.26,-2.26,-3.924469479,-80.08,-3.179142188,198.9183628,-1.790787364,0.7896428789
0.798,-2.2,-2.2,-3.81251288,-78.21,-3.137831261,198.6375737,-1.79834465,0.7723616314
0.799,-2.17,-2.17,-3.756693454,-77.44,-3.120578279,200.063381,-1.760079874,0.7697104234
0.8,-2.16,-2.16,-3.738110515,-77.09,-3.112687631,199.6891503,-1.770096747,0.7655694428
0.801,-2.14,-2.14,-3.700979943,-76.54,-3.100225814,180.63,-2.306761498,0.6844809742
0.802,-2.09,-2.09,-3.60835946,-75.11,-3.067460145,182.42,-2.254005252,0.67807628
0.803,-2,-2,-3.442384,-72.44,-3.004801754,184.304,-2.199034818,0.6615088602
0.804,-1.89,-1.89,-3.240819628,-69.05,-2.922258106,186.031,-2.149136662,0.6390391159
0.805,-1.8,-1.8,-3.07696248,-66.44,-2.856243126,187.796,-2.098616928,0.620998867
0.806,-1.78,-1.78,-3.040679233,-65.96,-2.843855968,189.611,-2.047158821,0.6216867794
0.807,-1.78,-1.78,-3.040679233,-65.76,-2.838671442,191.478,-1.994737839,0.629096163
0.808,-1.65,-1.65,-2.805985545,-61.81,-2.733375636,193.431,-1.940446359,0.6003620909
0.809,-1.42,-1.42,-2.395630369,-54.84,-2.532947333,195.532,-1.882649297,0.5425383181
0.81,-1.28,-1.28,-2.148896973,-50.41,-2.394793978,198.055,-1.814058439,0.510566007
0.811,-1.33,-1.33,-2.236751254,-52.24,-2.452940514,201.286,-1.727484673,0.5350535301
0.812,-1.51,-1.51,-2.555462724,-58.28,-2.634325334,211.849,-1.45384836,0.6250866318
0.813,-1.61,-1.61,-2.734172228,-61.83,-2.733923134,216.771,-1.33097095,0.6726306199
0.814,-1.56,-1.56,-2.644670371,-60.38,-2.693835541,219.631,-1.260846528,0.6687441177
0.815,-1.45,-1.45,-2.448801905,-56.82,-2.591903448,221.104,-1.22508545,0.6415533213
0.816,-1.32,-1.32,-2.219156861,-52.84,-2.471671122,223.563,-1.165914052,0.6100632026
0.817,-1.18,-1.18,-1.974071041,-48.59,-2.335405597,224.943,-1.132991311,0.5691594973
0.818,-1.05,-1.05,-1.748556705,-44.19,-2.185103088,227.25,-1.078401536,0.5357910916
0.819,-0.9,-0.9,-1.49081922,-39.51,-2.014159276,225.24,-1.125932181,0.4747693628
0.82,-0.77,-0.77,-1.269588582,-34.84,-1.831378897,227.322,-1.076706755,0.4365719354
0.821,-0.7,-0.7,-1.15128818,-32.38,-1.729911893,226.271,-1.10149929,0.4066128534
0.822,-0.76,-0.76,-1.252653219,-34.55,-1.819607612,228.914,-1.039369787,0.4381472968
0.823,-0.91,-0.91,-1.50791934,-40.25,-2.041982054,228.01,-1.060539199,0.4860303016
0.824,-1.06,-1.06,-1.765833351,-45.75,-2.239509219,226.346,-1.099726268,0.5288136635
0.825,-1.13,-1.13,-1.88709939,-48.15,-2.320808953,225.837,-1.111770733,0.5497612765
0.826,-1.11,-1.11,-1.852393108,-47.71,-2.306117815,224.567,-1.141941504,0.537227738
0.827,-1.08,-1.08,-1.800421949,-46.72,-2.272713638,223.121,-1.176501853,0.5219801295
0.828,-1.06,-1.06,-1.765833351,-46.09,-2.25120188,220.053,-1.250576877,0.5042675376
0.829,-1.05,-1.05,-1.748556705,-45.52,-2.231566214,225.054,-1.130351961,0.5201068599
0.83,-1.03,-1.03,-1.714038718,-44.95,-2.211764961,224.64,-1.140202662,0.5113530054
0.831,-1.01,-1.01,-1.679567804,-44.38,-2.191796604,224.945,-1.132943744,0.5051726236
0.832,-0.99,-0.99,-1.645143964,-43.8,-2.17130483,223.225,-1.17400872,0.4917757154
0.833,-0.97,-0.97,-1.610767198,-43.2,-2.149921015,224.426,-1.14530169,0.4888189182
0.834,-0.96,-0.96,-1.593596467,-42.78,-2.134839209,227.13,-1.081227365,0.4955110321
0.835,-0.96,-0.96,-1.593596467,-42.86,-2.137719152,228.758,-1.04301694,0.5010149918
0.836,-0.98,-0.98,-1.627949697,-43.42,-2.157783752,230.691,-0.9979994912,0.51586233
0.837,-0.99,-0.99,-1.645143964,-43.8,-2.17130483,231.228,-0.9855602917,0.5211321678
0.838,-0.98,-0.98,-1.627949697,-43.5,-2.160636602,233.079,-0.9429035906,0.5245460332
0.839,-0.94,-0.94,-1.559290311,-42.01,-2.106945005,234.101,-0.9194963013,0.5152223861
0.84,-0.84,-0.84,-1.388465635,-38.81,-1.987558792,236.869,-0.8566091937,0.4881798973
0.841,-0.7,-0.7,-1.15128818,-33.94,-1.7946825,240.475,-0.7757766411,0.4478920367
0.842,-0.53,-0.53,-0.8663879578,-28.05,-1.542162911,242.769,-0.7249824577,0.3821492745
0.843,-0.39,-0.39,-0.6343179882,-22.35,-1.276241461,244.599,-0.6848052363,0.3234588901
0.844,-0.28,-0.28,-0.4535954528,-18.05,-1.060675352,242.49,-0.7311344308,0.2531493338
0.845,-0.23,-0.23,-0.3719195818,-15.71,-0.937700171,243.881,-0.7005328107,0.2270248408
0.846,-0.22,-0.22,-0.3556197128,-15.28,-0.9146562267,248.383,-0.6026732413,0.2343721125
0.847,-0.25,-0.25,-0.404554625,-16.5,-0.9796738376,251.625,-0.5332945791,0.2673913219
0.848,-0.31,-0.31,-0.5027421962,-18.98,-1.108426905,252.763,-0.5091532025,0.3107989483
0.849,-0.39,-0.39,-0.6343179882,-22.13,-1.265532011,253.597,-0.4915297566,0.3610106371
0.85,-0.49,-0.49,-0.7998468842,-26.1,-1.453653211,254.394,-0.4747422406,0.4147732683
0.851,-0.63,-0.63,-1.03356443,-31.44,-1.690160039,252.287,-0.5192377515,0.4678036857
0.852,-0.78,-0.78,-1.286535713,-37.02,-1.918272556,253.242,-0.4990242481,0.5322208306
0.853,-0.84,-0.84,-1.388465635,-39.57,-2.016426534,255.289,-0.4559530916,0.5615907933
0.854,-0.75,-0.75,-1.235729625,-36.5,-1.89779885,256.426,-0.4321782951,0.5303612645
0.855,-0.51,-0.51,-0.8330938842,-27.89,-1.534994891,259.823,-0.361769588,0.439218413
0.856,-0.24,-0.24,-0.3882312192,-17.11,-1.011764478,262.429,-0.3083769127,0.2940830595
0.857,-0.07,-0.07,-0.1125338858,-9.22,-0.5746982424,263.632,-0.2839080347,0.1310657618
0.858,-0.01,-0.01,-0.0160409642,-6.43,-0.4083276759,264.434,-0.267657402,0.0237297608
0.859,-0.02,-0.02,-0.0320936968,-6.87,-0.4349899143,261.428,-0.3288227845,0.04201775756
0.86,-0.08,-0.08,-0.1286572288,-8.67,-0.5424040379,259.776,-0.3627374497,0.1421404615
0.861,-0.18,-0.18,-0.2905379208,-12.23,-0.747146781,256.06,-0.4398198709,0.2447734486
0.862,-0.35,-0.35,-0.568435945,-17.92,-1.053949925,251.009,-0.5464079047,0.3551930291
0.863,-0.58,-0.58,-0.9498290888,-25.52,-1.426839268,241.438,-0.7543949525,0.4354548814
0.864,-0.86,-0.86,-1.422536423,-34.68,-1.824890619,234.723,-0.9053003473,0.5210391657
0.865,-1.19,-1.19,-1.991500676,-45.49,-2.230528184,229.518,-1.025272159,0.6116777647
0.866,-1.52,-1.52,-2.573280717,-56.12,-2.571250485,221.251,-1.221529709,0.6784681909
0.867,-1.74,-1.74,-2.968253959,-63.33,-2.774561551,217.387,-1.31578937,0.7256722018
0.868,-1.82,-1.82,-3.113292801,-65.81,-2.83996886,213.232,-1.419035813,0.7309906985
0.869,-1.81,-1.81,-3.095121756,-65.72,-2.837632888,207.972,-1.552664473,0.7049913711
0.87,-1.85,-1.85,-3.167876545,-67.09,-2.872893379,202.183,-1.703696189,0.6921915321
0.871,-2,-2,-3.442384,-72.01,-2.994522171,197.892,-1.818463322,0.715228418
0.872,-2.21,-2.21,-3.831142892,-78.79,-3.150732189,197.302,-1.834437767,0.76850798
0.873,-2.37,-2.37,-4.13082359,-84.05,-3.264287485,196.029,-1.869068008,0.8047024203
0.874,-2.42,-2.42,-4.225091649,-85.67,-3.298125237,192.145,-1.976133878,0.8010777545
0.875,-2.38,-2.38,-4.149653665,-84.64,-3.276668168,189.836,-2.040814061,0.7803794137
0.876,-2.34,-2.34,-4.074403975,-83.44,-3.251416159,190.612,-2.018989235,0.7730722157
0.877,-2.35,-2.35,-4.093198745,-83.83,-3.259653779,190.182,-2.031071888,0.7736554496
0.878,-2.4,-2.4,-4.18734912,-85.33,-3.291063938,194.666,-1.906396766,0.8056528675
0.879,-2.43,-2.43,-4.243980566,-86.19,-3.308884612,195.468,-1.884400703,0.8172053542
0.88,-2.4,-2.4,-4.18734912,-85.36,-3.291687842,198.246,-1.8089015,0.8209539799
0.881,-2.32,-2.32,-4.036849741,-82.98,-3.241661084,198.663,-1.797659876,0.8010701785
0.882,-2.21,-2.21,-3.831142892,-79.77,-3.172350027,199.173,-1.783943161,0.7729855249
0.883,-2.09,-2.09,-3.60835946,-76.41,-3.097269057,200.377,-1.75169979,0.7441498541
0.884,-1.99,-1.99,-3.424001124,-73.23,-3.023548711,201.86,-1.712249983,0.7230039419
0.885,-1.9,-1.9,-3.25908482,-70.77,-2.964573561,200.914,-1.737381245,0.6931340165
0.886,-1.86,-1.86,-3.186094663,-69.56,-2.934900992,199.241,-1.78211692,0.6754468019
0.887,-1.87,-1.87,-3.20432455,-69.9,-2.943284345,198.509,-1.801808709,0.6752922469
0.888,-1.92,-1.92,-3.295650509,-71.41,-2.980088036,195.584,-1.881226701,0.6779339926
0.889,-1.96,-1.96,-3.368923107,-72.8,-3.013366796,196.373,-1.859687829,0.6913370291
0.89,-1.97,-1.97,-3.387270678,-73.21,-3.023076297,196.228,-1.863639679,0.6931589015
0.891,-1.96,-1.96,-3.368923107,-72.89,-3.015502249,194.081,-1.922498511,0.6822443477
0.892,-1.94,-1.94,-3.332263271,-72.29,-3.001221955,194.484,-1.911401007,0.6783063339
0.893,-1.92,-1.92,-3.295650509,-71.64,-2.98563368,196.258,-1.862821815,0.6797320326
0.894,-1.89,-1.89,-3.240819628,-70.9,-2.967734903,197.665,-1.824603778,0.6762501243
0.895,-1.86,-1.86,-3.186094663,-70.04,-2.946725886,198.905,-1.791146776,0.6724736798
0.896,-1.84,-1.84,-3.149670195,-69.2,-2.925985106,196.427,-1.858216852,0.6583480846
0.897,-1.82,-1.82,-3.113292801,-68.7,-2.913534006,200.45,-1.749751069,0.6676179454
0.898,-1.83,-1.83,-3.131475614,-69.17,-2.925240275,198.119,-1.812329906,0.6609876993
0.899,-1.84,-1.84,-3.149670195,-69.22,-2.926481502,200.31,-1.753488967,0.6730106987
0.9,-1.7,-1.7,-2.89601698,-65.04,-2.819892826,203.099,-1.679512493,0.6436443873
0.901,-1.43,-1.431192661,-2.415455681,-57,-2.597181069,208.804,-1.531304289,0.5850706667
0.902,-1.2,-1.202003339,-2.012437599,-49.95,-2.379932558,215.502,-1.36238244,0.5377520599
0.903,-1.14,-1.142857143,-1.909435429,-47.81,-2.309465044,218.387,-1.291235315,0.5302955642
0.904,-1.2,-1.204013378,-2.015945284,-50.08,-2.384142643,219.812,-1.256439358,0.5537425839
0.905,-1.23,-1.235146444,-2.070335778,-51.04,-2.414986594,221.2,-1.222763066,0.5691254131
0.906,-1.17,-1.175879397,-1.966892404,-49.1,-2.352207112,222.497,-1.1914851,0.5550404171
0.907,-1.12,-1.126571668,-1.881146814,-47.68,-2.305112688,222.757,-1.18523698,0.5389565497
0.908,-1.13,-1.137583893,-1.900272135,-48.01,-2.316144783,221.875,-1.206462201,0.5394505101
0.909,-1.17,-1.17884131,-1.972052247,-49.19,-2.355159087,219.572,-1.262283905,0.5451508847
0.91,-1.19,-1.2,-2.00894208,-49.98,-2.380904825,213.333,-1.416502319,0.5290299417
0.911,-1.21,-1.221194281,-2.045946784,-50.55,-2.39929726,209.04,-1.525260885,0.5213190144
0.912,-1.24,-1.252525253,-2.10074674,-51.62,-2.433413615,206.902,-1.580260864,0.5233973884
0.913,-1.28,-1.294018534,-2.173499057,-53.17,-2.481903844,204.585,-1.640511035,0.5272392812
0.914,-1.33,-1.345699831,-2.264397896,-54.82,-2.532343258,201.558,-1.720260039,0.5324733434
0.915,-1.37,-1.387341772,-2.337867839,-56.42,-2.580126957,198.484,-1.802482524,0.5334419709
0.916,-1.42,-1.439189189,-2.429628784,-58.08,-2.628565725,195.084,-1.894921201,0.5371141387
0.917,-1.47,-1.49112426,-2.521862017,-59.83,-2.67841794,191.181,-2.003042624,0.5386912873
0.918,-1.52,-1.543147208,-2.614569543,-61.64,-2.728715816,187.254,-2.114079944,0.5398884595
0.919,-1.57,-1.595258256,-2.707753374,-63.42,-2.77697356,185.292,-2.170431627,0.547307785
0.92,-1.63,-1.657627119,-2.819700137,-65.21,-2.824342898,184.053,-2.206325844,0.5605020488
0.921,-1.68,-1.709923664,-2.913920806,-67.28,-2.877733715,187.075,-2.119196566,0.5831421776
0.922,-1.76,-1.79286927,-3.064020778,-69.91,-2.94353037,192.993,-1.952574493,0.6258078338
0.923,-1.84,-1.87595582,-3.215187534,-72.81,-3.013604183,191.893,-1.983155059,0.6434545628
0.924,-1.9,-1.93877551,-3.330020321,-74.81,-3.060517716,196.881,-1.845865712,0.6787117986
0.925,-1.92,-1.960851064,-3.370484144,-75.4,-3.074148306,196.064,-1.868112878,0.681972081
0.926,-1.89,-1.931856899,-3.31735052,-74.49,-3.053085713,204.573,-1.64082485,0.7067349229
0.927,-1.78,-1.820971867,-3.115059412,-71.29,-2.977188417,209.437,-1.515110025,0.6934221874
0.928,-1.61,-1.648464164,-2.803224732,-66.42,-2.855728556,213.065,-1.423227492,0.6551188421
0.929,-1.46,-1.496157131,-2.530816931,-61.66,-2.729264596,214.745,-1.381208623,0.6156996522
0.93,-1.36,-1.394871795,-2.351175039,-58.76,-2.648082413,216.39,-1.340382465,0.5894937302
0.931,-1.34,-1.375534645,-2.317015494,-58.03,-2.627123284,221.718,-1.210249231,0.6038025981
0.932,-1.31,-1.345890411,-2.264733675,-57.24,-2.604196961,224.455,-1.144610415,0.6041211106
0.933,-1.24,-1.275064267,-2.140240423,-54.93,-2.535663524,228.963,-1.03822472,0.5988548822
0.934,-1.13,-1.162950257,-1.944381098,-51.64,-2.434046262,231.335,-0.9830851694,0.569009749
0.935,-1.03,-1.060944206,-1.767465231,-48.29,-2.325463557,232.732,-0.9508744215,0.5394636458
0.936,-0.94,-0.9690721649,-1.609173542,-45.6,-2.234332051,234.089,-0.9197705489,0.510184273
0.937,-0.89,-0.9183147034,-1.522146543,-43.81,-2.171659624,235.515,-0.8872788178,0.4976061377
0.938,-0.83,-0.8571428571,-1.417666286,-41.72,-2.096356842,237.11,-0.8511686569,0.4809682856
0.939,-0.69,-0.7131782946,-1.173515512,-37.15,-1.92336646,239.078,-0.8069472152,0.4298097769
0.94,-0.44,-0.4551724138,-0.7420636058,-28.26,-1.551545578,241.437,-0.7544171114,0.3218020868
0.941,-0.15,-0.1553062985,-0.2504541639,-16.85,-0.9981203935,243.953,-0.698953585,0.1475799918
0.942,-4.440892099e-15,-4.601960724e-15,-7.37604422e-15,-9.78,-0.6073287432,246.718,-0.6386569439,5.919846669e-15
0.943,-0.04,-0.04148660328,-0.06662537548,-11.93,-0.730280995,249.064,-0.5880250384,0.05053862592
0.944,-0.19,-0.1972318339,-0.3185518006,-18.86,-1.102300896,251.552,-0.5348469155,0.1945772999
0.945,-0.28,-0.2909090909,-0.4714547412,-23.01,-1.308167003,253.217,-0.4995524251,0.2608008377
0.946,-0.24,-0.2495667244,-0.4038471278,-21.48,-1.233691807,255.159,-0.4586781489,0.2386281596
0.947,-0.13,-0.1352992194,-0.2180305353,-17.12,-1.012288247,257.005,-0.4201118195,0.1522134356
0.948,-0.03,-0.03125,-0.05016708789,-12.29,-0.7505114797,258.982,-0.3791146557,0.04441034632
0.949,0.07,0.07298001738,0.1167106443,-7.44,-0.4692918355,262.027,-0.3165785557,-0.1485113139
0.95,0.18,0.187826087,0.2991047674,-1.54,-0.1010373766,265.237,-0.2514358105,-0.8485887105
0.951,0.29,0.3028720627,0.4802601113,2.19,0.1472958702,266.523,-0.2255590488,-6.136475928
0.952,0.4,0.4181184669,0.6601693686,4.89,0.334848915,268.426,-0.1874952597,4.480169612
0.953,0.51,0.5335658239,0.8388251917,7.61,0.5305942766,268.138,-0.1932384708,2.4864703
0.954,0.51,0.5340314136,0.8395425204,7.83,0.5467300784,267.17,-0.2125873527,2.512526702
0.955,0.28,0.2934497817,0.4654820246,1.78,0.1193938454,261.072,-0.3361131205,-2.147857058
0.956,-0.18,-0.1888111888,-0.3048579493,-14.68,-0.882267665,251.842,-0.5286827571,0.2160656707
0.957,-0.62,-0.6509186352,-1.068684304,-30.5,-1.649855876,244.43,-0.6885029722,0.4570232258
0.958,-0.79,-0.8301225919,-1.371656446,-36.64,-1.903326477,237.295,-0.8469960615,0.4987256684
0.959,-0.71,-0.7467134093,-1.230170102,-33.81,-1.789341574,228.412,-1.051115024,0.4330888572
0.96,-0.61,-0.6421052632,-1.053881434,-30.32,-1.642074484,220.891,-1.230241844,0.3669099479
0.961,-0.65,-0.6848112379,-1.125695221,-31.85,-1.707566127,215.195,-1.370009381,0.3657733883
0.962,-0.81,-0.8541300527,-1.412531856,-37.24,-1.926887284,207.714,-1.559305544,0.4051789232
0.963,-0.98,-1.034300792,-1.721457478,-43.49,-2.16028018,210.643,-1.484391506,0.4723216867
0.964,-1.13,-1.193661972,-1.997886303,-48.78,-2.341679655,211.405,-1.465072829,0.524826952
0.965,-1.21,-1.279295154,-2.147660601,-51.57,-2.431831192,210.732,-1.482131524,0.5487176954
0.966,-1.19,-1.259259259,-2.112540049,-50.89,-2.410195624,210.444,-1.489448181,0.5417264127
0.967,-1.08,-1.143865843,-1.911188613,-47.31,-2.292679647,210.652,-1.484162925,0.5060281377
0.968,-0.94,-0.9964664311,-1.656268784,-42.78,-2.134839209,209.103,-1.523648757,0.452719484
0.969,-0.83,-0.8806366048,-1.457741038,-39.17,-2.00127342,211.664,-1.458522361,0.4213373071
0.97,-0.76,-0.807079646,-1.332487027,-36.69,-1.905297862,210.739,-1.481953813,0.3933829414
0.971,-0.71,-0.7546501329,-1.243597857,-34.93,-1.835021833,215.264,-1.368294235,0.388222027
0.972,-0.66,-0.7021276596,-1.15487544,-33.4,-1.772429985,223.938,-1.156947589,0.3942391891
0.973,-0.62,-0.6601597161,-1.084215368,-31.92,-1.710527437,230.884,-0.9935254618,0.4009593778
0.974,-0.59,-0.6287744227,-1.03150843,-30.66,-1.656755457,236.819,-0.8577386292,0.4102250371
0.975,-0.55,-0.5866666667,-0.9609768021,-29.45,-1.604173865,238.262,-0.8252385976,0.3955593448
0.976,-0.51,-0.5444839858,-0.8905288918,-27.87,-1.534097712,239.086,-0.8067681971,0.3804271268
0.977,-0.45,-0.4808548531,-0.7846601328,-25.63,-1.431942035,237.54,-0.8414751959,0.3451456786
0.978,-0.37,-0.3957219251,-0.6437576853,-22.43,-1.280127407,241.588,-0.7510721499,0.316934731
0.979,-0.3,-0.3211418376,-0.5210220036,-19.5,-1.134852121,240.647,-0.7719514158,0.2732436739
0.98,-0.29,-0.3107142857,-0.5039136477,-19,-1.109446888,238.055,-0.8298886524,0.2598382988
0.981,-0.35,-0.3753351206,-0.6101423209,-21.31,-1.225315202,233.619,-0.9305229878,0.2830186067
0.982,-0.48,-0.5152057245,-0.8417553412,-25.88,-1.443508978,228.706,-1.044233211,0.3383611634
0.983,-0.61,-0.6553267681,-1.076091599,-30.67,-1.657186144,224.324,-1.147733779,0.3836443209
0.984,-0.71,-0.7634408602,-1.258479113,-34.09,-1.800832412,219.818,-1.256293326,0.4116543513
0.985,-0.77,-0.8286995516,-1.369235689,-36.18,-1.885121286,218.795,-1.28124954,0.4324306168
0.986,-0.8,-0.8617594255,-1.425535927,-37.35,-1.931184161,217.241,-1.319383709,0.4385498116
0.987,-0.83,-0.8948787062,-1.482066303,-38.23,-1.965308913,217.513,-1.312689347,0.4521254086
0.988,-0.84,-0.9064748201,-1.501889897,-38.62,-1.980291037,217.669,-1.308853711,0.4566201893
0.989,-0.81,-0.8748874887,-1.447928409,-37.75,-1.946750432,214.378,-1.390359614,0.4338869227
0.99,-0.75,-0.8108108108,-1.338825186,-35.46,-1.856376878,218.747,-1.28242337,0.4265404233
0.991,-0.65,-0.703336339,-1.156913525,-32,-1.713908066,221.596,-1.213193871,0.3952419663
0.992,-0.55,-0.59566787,-0.9760365258,-28.6,-1.566675717,224.506,-1.143394942,0.3601516893
0.993,-0.51,-0.5528455285,-0.9044765893,-26.77,-1.484347965,226.322,-1.100293571,0.3499427587
0.994,-0.52,-0.5641952984,-0.9234220443,-27.19,-1.503437456,229.375,-1.028606488,0.36469432
0.995,-0.58,-0.6298642534,-1.033336696,-29.47,-1.605050575,232.694,-0.9517480297,0.4041525578
0.996,-0.67,-0.7282608696,-1.198979803,-32.46,-1.733269745,235.293,-0.892324187,0.4566508888
0.997,-0.75,-0.8159564823,-1.347568867,-35.15,-1.843906461,235.088,-0.8969874283,0.4916530597
0.998,-0.81,-0.8820326679,-1.460124434,-37.47,-1.935863705,233.981,-0.9222394104,0.5108718528
0.999,-0.87,-0.9482288828,-1.573399678,-39.54,-2.015293156,231.776,-0.9728960324,0.5265395125
1,-0.93,-1.014545455,-1.687397969,-41.61,-2.092328755,228.6,-1.046713388,0.5375518684
1.001,-0.99,-1.080982712,-1.802122693,-43.5,-2.160636602,224.85,-1.135203663,0.546787025
1.002,-1.02,-1.114754098,-1.860638697,-44.71,-2.203377687,220.701,-1.234845641,0.541162839
1.003,-1.03,-1.126709207,-1.881385595,-44.94,-2.211416083,217.838,-1.304701538,0.5350747037
1.004,-1,-1.094890511,-1.826204614,-44.07,-2.180865926,213.647,-1.408633564,0.5087630237
1.005,-1.01,-1.106849315,-1.846929972,-44.2,-2.185455846,211.857,-1.453646333,0.5075235268
1.006,-1.08,-1.18464351,-1.982163046,-46.96,-2.280856301,210.049,-1.499499481,0.5243324068
1.007,-1.2,-1.31747484,-2.214715856,-51.05,-2.415305621,212.219,-1.44451259,0.5737876073
1.008,-1.31,-1.43956044,-2.430286974,-54.65,-2.52720162,213.209,-1.419612915,0.615759102
1.009,-1.35,-1.48487626,-2.510749188,-56.26,-2.57539756,215.813,-1.354667196,0.6388569511
1.01,-1.35,-1.486238532,-2.513171763,-56.09,-2.570360749,217.648,-1.309369886,0.6477696518
1.011,-1.31,-1.443526171,-2.437318828,-54.85,-2.533249305,221.712,-1.210394012,0.6510553015
1.012,-1.21,-1.334558824,-2.244776132,-51.8,-2.43910083,223.59,-1.165267964,0.6227931326
1.013,-1.06,-1.170193192,-1.956989562,-46.9,-2.278823328,225.859,-1.111249586,0.5772706404
1.014,-0.86,-0.9502762431,-1.576911351,-40.68,-2.058010061,229.534,-1.024899217,0.5115010562
1.015,-0.67,-0.7410138249,-1.220531826,-34.02,-1.797964144,233.378,-0.9360448653,0.4464256781
1.016,-0.58,-0.6420664207,-1.053816215,-30.86,-1.665357204,237.036,-0.8528386067,0.418480648
1.017,-0.65,-0.7202216066,-1.185403581,-33.27,-1.767046425,240.442,-0.7765108635,0.4660416285
1.018,-0.77,-0.853974122,-1.412266148,-37.78,-1.947914198,242.737,-0.7256877013,0.5282260416
1.019,-0.83,-0.9213691027,-1.527374938,-39.79,-2.024722628,243.267,-0.7140190684,0.5576922205
1.02,-0.73,-0.8111111111,-1.33933538,-36.52,-1.898589211,243.776,-0.7028366842,0.5148466395
1.021,-0.54,-0.6005560704,-0.9842188659,-29.7,-1.615114317,244.684,-0.6829463939,0.4282823605
1.022,-0.35,-0.3896103896,-0.6336753719,-22.57,-1.286917052,248.106,-0.6086429613,0.3342945449
1.023,-0.26,-0.2896935933,-0.469464155,-19,-1.109446888,249.669,-0.575045141,0.2786977598
1.024,-0.33,-0.3680297398,-0.598108539,-21.37,-1.228273985,250.06,-0.5666732017,0.3332179037
1.025,-0.48,-0.5358139535,-0.8760752986,-26.75,-1.483436028,246.637,-0.6404136911,0.4124940154
1.026,-0.59,-0.6592178771,-1.082632002,-30.98,-1.670506155,242.471,-0.7315536398,0.4507098468
1.027,-0.57,-0.6374650513,-1.046091444,-30,-1.628190126,238.948,-0.8098570988,0.4290693934
1.028,-0.61,-0.6828358209,-1.122368652,-31.59,-1.696540279,234.08,-0.9199762438,0.4289553085
1.029,-0.89,-0.9971988796,-1.657529196,-41.36,-2.083149618,230.771,-0.9961445172,0.5382821915
1.03,-1.22,-1.368224299,-2.304113054,-53,-2.476638538,226.851,-1.087803192,0.6464162492
1.031,-1.42,-1.594013096,-2.705523081,-60.05,-2.684599146,222.39,-1.194058562,0.6975410784
1.032,-1.39,-1.561797753,-2.647883317,-59.28,-2.662881651,217.381,-1.315937035,0.6654948428
1.033,-1.31,-1.473289597,-2.490153055,-56.83,-2.592197003,213.868,-1.403102296,0.6232707161
1.034,-1.38,-1.553470919,-2.633004792,-59.17,-2.659760031,208.109,-1.54914136,0.6255800616
1.035,-1.52,-1.712676056,-2.9188886,-64.21,-2.798020152,204.556,-1.641269453,0.6575125436
1.036,-1.66,-1.872180451,-3.20830105,-69.07,-2.92275545,201.142,-1.731313433,0.6893540107
1.037,-1.75,-1.975540922,-3.39744199,-72.26,-3.000505213,200.144,-1.757924433,0.7139838651
1.038,-1.78,-2.011299435,-3.463169773,-73.53,-3.030621398,199.17,-1.784023745,0.7192990697
1.039,-1.76,-1.990574929,-3.425057691,-72.98,-3.017635391,199.018,-1.788108248,0.7127008737
1.04,-1.71,-1.935849057,-3.324660525,-71.28,-2.976946588,192.054,-1.978668242,0.670887597
1.041,-1.64,-1.858356941,-3.18310051,-69.17,-2.925240275,192.861,-1.956234945,0.6520775723
1.042,-1.57,-1.780718336,-3.041981597,-67.14,-2.874168314,200.085,-1.75950178,0.6564950751
1.043,-1.49,-1.691579943,-2.880834983,-64.78,-2.813067275,201.862,-1.712196977,0.6366114382
1.044,-1.41,-1.602272727,-2.720320902,-62.21,-2.744297111,205.081,-1.627556085,0.6222351896
1.045,-1.35,-1.535545024,-2.601002195,-60.62,-2.700526373,204.705,-1.637373895,0.5995993531
1.046,-1.35,-1.537001898,-2.603601699,-60.65,-2.701361162,201.979,-1.709096994,0.5903245437
1.047,-1.38,-1.572649573,-2.667285775,-61.57,-2.726793898,201.028,-1.734346478,0.5978932628
1.048,-1.38,-1.574144487,-2.669959686,-61.63,-2.72844137,195.43,-1.885440872,0.5786796337
1.049,-1.34,-1.529971456,-2.591059567,-60.34,-2.692718233,196.498,-1.856283404,0.5695886205
1.05,-1.29,-1.474285714,-2.491923105,-58.68,-2.645796009,192.114,-1.976997098,0.5390514019
1.051,-1.25,-1.42993327,-2.413224214,-57.72,-2.618157391,192.574,-1.964202308,0.526633519
1.052,-1.25,-1.43129771,-2.415641822,-57.63,-2.615547027,193.069,-1.950468095,0.5290481432
1.053,-1.27,-1.455587393,-2.458716613,-58.17,-2.631159558,194.655,-1.906699088,0.5418230944
1.054,-1.28,-1.468451243,-2.481557206,-58.72,-2.646939532,196.406,-1.858788851,0.5507560589
1.055,-1.28,-1.469856459,-2.484053439,-58.68,-2.645796009,198.642,-1.798225437,0.558965223
1.056,-1.26,-1.448275862,-2.445743201,-58.11,-2.629430702,201.239,-1.728734036,0.5611864965
1.057,-1.23,-1.41514861,-2.387041789,-57.01,-2.597473875,204.563,-1.641086377,0.5631727867
1.058,-1.17,-1.347408829,-2.267409109,-55.29,-2.546493313,211.01,-1.475078396,0.5638116819
1.059,-1.08,-1.244956772,-2.087498382,-52.53,-2.462013965,223.544,-1.166368753,0.5753247505
1.06,-0.93,-1.073076923,-1.788443646,-47.9,-2.312473353,229.38,-1.028489868,0.5353077923
1.061,-0.74,-0.85466795,-1.413448464,-41.45,-2.086458016,232.419,-0.9580744501,0.4642579705
1.062,-0.53,-0.612716763,-1.004586803,-34.45,-1.815536867,236.611,-0.8624396412,0.3751290571
1.063,-0.36,-0.4165863067,-0.6782111603,-28.21,-1.549314217,241.794,-0.746512195,0.2954104704
1.064,-0.21,-0.2432432432,-0.3935240073,-22.59,-1.287885884,247.321,-0.6255970373,0.2056584895
1.065,-0.05,-0.05797101449,-0.0931547322,-15.73,-0.9387685842,252.508,-0.5145532754,0.06409779883
1.066,0.17,0.1972920696,0.3140690365,-5.56,-0.3551354707,257.845,-0.4026542921,-0.4144540504
1.067,0.42,0.4878993224,0.7683433787,4,0.2722904524,262.627,-0.3043419144,-23.97217887
1.068,0.74,0.8604651163,1.336196068,12.45,0.8963037849,267.684,-0.2023045434,1.925356669
1.069,1.07,1.245392823,1.905733219,19.3,1.453539523,271.012,-0.1362003714,1.446653443
1.07,1.16,1.351456311,2.059599967,21.15,1.612301236,272.749,-0.1020199811,1.36371948
1.071,0.81,0.944606414,1.462180327,14.85,1.086145675,272.367,-0.1095182029,1.497173045
1.072,0.12,0.140077821,0.2234613209,-3.99,-0.2575376895,273.805,-0.08134642632,-0.6594033491
1.073,-0.55,-0.6426484907,-1.05479357,-32.26,-1.724867705,271.838,-0.1199192499,0.5717698555
1.074,-0.81,-0.9473684211,-1.571923945,-42.41,-2.121475107,268.924,-0.1775788151,0.683726436
1.075,-0.54,-0.632195122,-1.037247357,-33.48,-1.775737829,264.924,-0.2577529489,0.5100821546
1.076,-0.1,-0.1171875,-0.1887191656,-16.62,-0.9860086693,261.888,-0.319417375,0.1445651912
1.077,0.18,0.211143695,0.3359473301,-2.88,-0.1872729021,259.432,-0.3698267098,-0.6030291942
1.078,0.22,0.2583170254,0.4102870264,-0.72,-0.04749702857,257.438,-0.4111057661,-0.8946457176
1.079,0.07,0.08227228208,0.131525977,-6.71,-0.4253131045,253.157,-0.5008202628,-0.1420162383
1.08,-0.11,-0.1294117647,-0.2084982508,-13.81,-0.8348162301,248.607,-0.5978506087,0.1455315675
1.081,-0.24,-0.2826300294,-0.4578997965,-18.55,-1.086426804,246.874,-0.6352752034,0.2659576365
1.082,-0.27,-0.3182711198,-0.5163107758,-19.64,-1.141933154,244.309,-0.6911520344,0.281662183
1.083,-0.16,-0.1887905605,-0.3048244133,-14.93,-0.8957961546,242.312,-0.7350630452,0.186910319
1.084,-0.09,-0.1062992126,-0.1711165243,-11.78,-0.7218216224,239.943,-0.7876254943,0.1133637094
1.085,-0.29,-0.3428571429,-0.5566911086,-18.86,-1.102300896,237.12,-0.850943028,0.2850084937
1.086,-0.7,-0.8284023669,-1.368730173,-32.88,-1.750833812,232.264,-0.96164355,0.5046051968
1.087,-1.1,-1.303060217,-2.189379194,-46.16,-2.253601936,230.106,-1.011583571,0.6705221462
1.088,-1.31,-1.553359684,-2.63280609,-53.14,-2.480975612,229.841,-1.017748413,0.7525046477
1.089,-1.35,-1.602373887,-2.720502188,-54.56,-2.524474492,230.377,-1.005286487,0.7707326941
1.09,-1.36,-1.615841584,-2.744648075,-55.03,-2.538677405,226.608,-1.093537118,0.7556404112
1.091,-1.37,-1.629335976,-2.768863232,-55.22,-2.544391893,225.684,-1.115396478,0.756563755
1.092,-1.32,-1.571428571,-2.665102,-53.61,-2.495471811,224.653,-1.139893064,0.733104404
1.093,-1.22,-1.453823237,-2.455585761,-50.73,-2.405073707,223.044,-1.17834848,0.6852627553
1.094,-1.18,-1.407554672,-2.373603545,-49.22,-2.356142214,221.331,-1.219595604,0.663808049
1.095,-1.23,-1.468656716,-2.481922196,-51.04,-2.414986594,218.516,-1.288076033,0.6702350043
1.096,-1.36,-1.625498008,-2.761973968,-55.52,-2.553383175,215.905,-1.352387004,0.7071521983
1.097,-1.47,-1.758723829,-3.002132478,-59.2,-2.660611859,215.476,-1.363027949,0.7461235651
1.098,-1.47,-1.760479042,-3.005310441,-59.15,-2.659191947,214.337,-1.391382905,0.7419466498
1.099,-1.35,-1.618381618,-2.74920443,-55.3,-2.546793344,216.663,-1.3336371,0.7084792446
1.1,-1.12,-1.344,-2.261403175,-48.15,-2.320808953,218.705,-1.283450683,0.6274251589
1.101,-0.87,-1.045045045,-1.740000565,-40.06,-2.034867387,222.237,-1.197740525,0.5382652683
1.102,-0.71,-0.8537074148,-1.411811681,-34.7,-1.825702491,225.093,-1.12942493,0.4777498496
1.103,-0.69,-0.8304914744,-1.372283997,-33.98,-1.796323806,229.178,-1.033203339,0.4849870409
1.104,-0.74,-0.8915662651,-1.47640658,-35.5,-1.857981814,233.036,-0.9438906861,0.526935676
1.105,-0.73,-0.8804020101,-1.457340554,-35.17,-1.844712726,238.643,-0.8166903524,0.547583553
1.106,-0.65,-0.7847082495,-1.29451892,-32.34,-1.728231485,243.77,-0.702968364,0.5324609246
1.107,-0.56,-0.6767371601,-1.112101508,-29.3,-1.597590361,244.408,-0.6889845223,0.4863612893
1.108,-0.55,-0.6653225806,-1.092896735,-28.79,-1.575098129,245.516,-0.6647856257,0.4879256493
1.109,-0.66,-0.7991927346,-1.31909486,-32.52,-1.735785544,244.432,-0.6884591971,0.5441261098
1.11,-0.85,-1.03030303,-1.714561366,-39.16,-2.000893443,240.9,-0.7663297418,0.6195963433
1.111,-1.06,-1.286147624,-2.159683011,-46.33,-2.259420357,238.189,-0.8268780107,0.6997648165
1.112,-1.23,-1.493927126,-2.526848747,-52.09,-2.448232362,233.783,-0.9267686177,0.7486957077
1.113,-1.32,-1.604863222,-2.724963644,-55.46,-2.551588005,228.656,-1.045402963,0.7575675527
1.114,-1.38,-1.679513185,-2.859092254,-57.47,-2.610898169,224.275,-1.148902529,0.7604371839
1.115,-1.44,-1.754314721,-2.994151014,-59.34,-2.664582329,219.943,-1.253251901,0.7642362688
1.116,-1.49,-1.817073171,-3.107973228,-60.94,-2.709412928,216.633,-1.334377933,0.7685791215
1.117,-1.53,-1.86775178,-3.200225045,-62.64,-2.755971177,213.134,-1.421495202,0.7660684143
1.118,-1.62,-1.979633401,-3.404956758,-65.41,-2.829565395,206.921,-1.579769591,0.7722154857
1.119,-1.7,-2.079510703,-3.58896632,-68.44,-2.907027918,201.73,-1.715696551,0.7763746996
1.12,-1.74,-2.130612245,-3.683567541,-69.65,-2.937123618,198.589,-1.79965307,0.7776527761
1.121,-1.7,-2.083758938,-3.59681911,-68.52,-2.909032101,190.726,-2.015790498,0.7303449084
1.122,-1.64,-2.012269939,-3.464955754,-66.56,-2.859327706,191.58,-1.991888662,0.7142447361
1.123,-1.61,-1.977482088,-3.401006188,-65.85,-2.841006176,196.531,-1.855384997,0.7241743847
1.124,-1.64,-2.016393443,-3.472545322,-66.65,-2.861637953,196.289,-1.861976821,0.7351457491
1.125,-1.65,-2.030769231,-3.499020508,-67.27,-2.877479259,197.585,-1.826769496,0.7438000605
1.126,-1.63,-2.008213552,-3.457491674,-66.49,-2.857528959,198.879,-1.79184615,0.7436465316
1.127,-1.55,-1.911613566,-3.280311992,-64.08,-2.794572188,200.194,-1.756588062,0.7207638955
1.128,-1.44,-1.777777778,-3.036650667,-60.75,-2.704141287,201.303,-1.727032847,0.6852925601
1.129,-1.36,-1.680741504,-2.861304742,-58.43,-2.638634404,203.503,-1.668880963,0.6642587428
1.13,-1.38,-1.707216495,-2.909035504,-58.87,-2.651222028,205.702,-1.611380379,0.6824552765
1.131,-1.43,-1.770897833,-3.024182011,-60.72,-2.703307654,208.786,-1.531765507,0.7140802285
1.132,-1.4,-1.73553719,-2.960185129,-59.98,-2.682634453,212.379,-1.440480541,0.7179487193
1.133,-1.25,-1.551189245,-2.628929283,-55.16,-2.542588998,213.292,-1.417530622,0.663850978
1.134,-1.01,-1.254658385,-2.104481931,-47.84,-2.310468255,213.711,-1.407031161,0.5661014828
1.135,-0.82,-1.019689119,-1.696261565,-41.69,-2.095258922,214.781,-1.38031182,0.4880526656
1.136,-0.73,-0.9087136929,-1.50571908,-38.45,-1.973770984,216.733,-1.331908889,0.4554945239
1.137,-0.68,-0.8473520249,-1.400984628,-36.85,-1.91159652,218.027,-1.300061799,0.4362184544
1.138,-0.65,-0.8108108108,-1.338825186,-35.73,-1.867191837,220.315,-1.244210837,0.4302963411
1.139,-0.62,-0.7741935484,-1.27669401,-34.68,-1.824890619,223.36,-1.170774174,0.4261805305
1.14,-0.59,-0.7375,-1.214591682,-33.65,-1.782754074,226.523,-1.095544263,0.4219825533
1.141,-0.57,-0.7132429614,-1.173624633,-33.1,-1.759990826,227.115,-1.081580699,0.4130195644
1.142,-0.6,-0.751565762,-1.23837868,-33.96,-1.795503274,228.095,-1.058545141,0.4339024782
1.143,-0.68,-0.8526645768,-1.410034774,-37.14,-1.922974969,227.669,-1.068546373,0.4713437123
1.144,-0.78,-0.9790794979,-1.626367552,-40.95,-2.068022205,227.946,-1.062041099,0.519595738
1.145,-0.81,-1.017801047,-1.693007666,-42.27,-2.116399338,229.452,-1.026810822,0.5386237571
1.146,-0.75,-0.9433962264,-1.565112567,-40.06,-2.034867387,231.01,-0.9906066102,0.5173115249
1.147,-0.62,-0.7806925498,-1.287709822,-35.69,-1.865592339,230.792,-0.9956576931,0.4500514836
1.148,-0.5,-0.6302521008,-1.03398737,-31.59,-1.696540279,232.118,-0.9650075909,0.3884909912
1.149,-0.41,-0.5173501577,-0.8453242478,-28.19,-1.548421217,232.835,-0.9485072004,0.3385456475
1.15,-0.29,-0.3663157895,-0.5952861456,-23.71,-1.341697053,233.112,-0.9421461757,0.2606510543
1.151,-0.16,-0.2023182297,-0.3268274598,-18.47,-1.082318874,239.304,-0.8018922587,0.1734558586
1.152,-0.08,-0.1012658228,-0.162983968,-14.99,-0.8990359156,241.011,-0.7638651788,0.09801182314
1.153,-0.08,-0.1013727561,-0.1631567114,-14.75,-0.88606044,240.305,-0.7795600765,0.09795551252
1.154,-0.11,-0.1395348837,-0.2248909551,-16.3,-0.9690918569,241.314,-0.7571433617,0.13027828
1.155,-0.17,-0.2158730159,-0.3488962133,-18.49,-1.083346295,243.769,-0.702990311,0.1953138127
1.156,-0.26,-0.3305084746,-0.536400639,-22.41,-1.27915634,246.25,-0.64881501,0.2782202334
1.157,-0.39,-0.4962884411,-0.8102954007,-27.89,-1.534994891,246.991,-0.6327403001,0.3737981485
1.158,-0.5,-0.6369426752,-1.045214638,-32.15,-1.720236044,250.237,-0.5628876502,0.4578002673
1.159,-0.5,-0.6376195537,-1.046350782,-32.28,-1.725709021,252.002,-0.5252848799,0.4648394568
1.16,-0.38,-0.485106383,-0.7917191481,-27.94,-1.537236694,253.964,-0.4837929512,0.3917404922
1.161,-0.19,-0.2428115016,-0.3928193581,-20.38,-1.179126991,254.485,-0.4728288192,0.2377904758
1.162,-0.02,-0.02558635394,-0.04106644483,-12.98,-0.7890036076,254.999,-0.4620339721,0.03282590827
1.163,0.04,0.05122732124,0.08198900399,-10.46,-0.6466132496,254.753,-0.4671976599,-0.07361124162
1.164,-0.06,-0.07692307692,-0.1236949467,-14.5,-0.8724976531,254.948,-0.4631040833,0.09261364625
1.165,-0.22,-0.2823529412,-0.4574462716,-21.86,-1.25234219,255.215,-0.4575041079,0.2675364868
1.166,-0.36,-0.4625267666,-0.7542534989,-27.79,-1.530506376,255.885,-0.4434774906,0.3820970939
1.167,-0.41,-0.5273311897,-0.8619424578,-29.86,-1.622095229,256.532,-0.4299671978,0.4200371523
1.168,-0.37,-0.4763948498,-0.7772572655,-28.54,-1.564011148,256.893,-0.4224437998,0.3912785772
1.169,-0.26,-0.3351235231,-0.5439816644,-24.36,-1.372529991,254.476,-0.4730180281,0.2947534601
1.17,-0.09,-0.1161290323,-0.1870073727,-17.36,-1.024836452,251.259,-0.5410820622,0.119423438
1.171,0.08,0.1033369214,0.1650732348,-9.35,-0.5822956888,249.166,-0.5858344839,-0.1413140749
1.172,0.19,0.2456896552,0.390413424,-3.92,-0.2531376369,246.814,-0.6365756199,-0.4388081453
1.173,0.21,0.2718446602,0.4315566919,-2.46,-0.1604107785,245.976,-0.6547712177,-0.5293991941
1.174,0.17,0.2203023758,0.3504008352,-4.18,-0.2694597005,245.146,-0.6728543181,-0.3718514511
1.175,0.07,0.09081081081,0.145130615,-8.26,-0.5181705062,245.387,-0.6675973829,-0.1223937807
1.176,-0.11,-0.1428571429,-0.2302734286,-14.8,-0.8887672793,245.642,-0.6620406841,0.1484861014
1.177,-0.33,-0.429035753,-0.6987934078,-23.3,-1.322099131,246.88,-0.6351451792,0.3570292191
1.178,-0.52,-0.6767895879,-1.112189752,-30.25,-1.63904284,248.208,-0.6064439501,0.4953000646
1.179,-0.58,-0.7557003257,-1.245375183,-32.39,-1.73033184,248.102,-0.6087292154,0.5324252566
1.18,-0.49,-0.6391304348,-1.048886999,-29.1,-1.588789859,248.608,-0.5978290888,0.4796844006
1.181,-0.35,-0.4570184984,-0.745122906,-23.74,-1.343126497,249.064,-0.5880250384,0.3858438306
1.182,-0.31,-0.4052287582,-0.6594500208,-22.06,-1.262117344,249.775,-0.5727742157,0.3593945469
1.183,-0.42,-0.5496183206,-0.899092383,-26.06,-1.451811216,249.245,-0.584138494,0.4416083456
1.184,-0.64,-0.8384279476,-1.385789577,-34.05,-1.799193764,250.026,-0.5674006766,0.5855627621
1.185,-0.86,-1.127868852,-1.883398939,-42.07,-2.10913,248.368,-0.6029963408,0.6944362844
1.186,-1.01,-1.326039387,-2.229781389,-47.28,-2.291668598,245.555,-0.6639358504,0.7544248317
1.187,-1.09,-1.43263965,-2.418019777,-49.96,-2.380256694,241.055,-0.762888549,0.7692994085
1.188,-1.11,-1.460526316,-2.467483686,-50.96,-2.412432712,235.975,-0.8768395687,0.7501609703
1.189,-1.13,-1.488474204,-2.517148008,-51.42,-2.427077018,232.376,-0.9590643488,0.7433676672
1.19,-1.14,-1.503296703,-2.543525383,-51.74,-2.437206744,227.064,-1.082782207,0.7225947067
1.191,-1.13,-1.491749175,-2.522973757,-51.67,-2.434994889,221.244,-1.221698976,0.6899603439
1.192,-1.12,-1.480176211,-2.502392606,-51.33,-2.424219533,217.017,-1.324903009,0.6674608734
1.193,-1.11,-1.468577729,-2.481781887,-50.89,-2.410195624,216.479,-1.338182492,0.6620948608
1.194,-1.09,-1.443708609,-2.437642364,-50.39,-2.394149901,214.016,-1.399401293,0.6425753179
1.195,-1.08,-1.432044199,-2.416964595,-49.91,-2.378635538,210.797,-1.480481578,0.6262998822
1.196,-1.06,-1.407079646,-2.372763164,-49.27,-2.357779802,207.976,-1.552561575,0.6067918207
1.197,-1.02,-1.355481728,-2.281638008,-47.9,-2.312473353,207.193,-1.572741574,0.5872617219
1.198,-0.93,-1.237250554,-2.074015844,-45.27,-2.22290193,206.51,-1.590406678,0.5438888004
1.199,-0.8,-1.065482797,-1.77531078,-40.95,-2.068022205,206.166,-1.599326026,0.4840856849
1.2,-0.67,-0.8933333333,-1.479425678,-36.57,-1.900564092,206.92,-1.579795447,0.4250784039
1.201,-0.63,-0.8409343715,-1.390056326,-35.1,-1.841889758,207.805,-1.556962209,0.40897819
1.202,-0.72,-0.9621380846,-1.597266726,-38.25,-1.96607933,208.347,-1.543026428,0.4551777108
1.203,-0.89,-1.190635452,-1.992608643,-44.74,-2.20442772,208.759,-1.532457409,0.5332271596
1.204,-1.05,-1.40625,-2.371295479,-50.57,-2.399939836,209.716,-1.507987804,0.6067910404
1.205,-1.11,-1.488268156,-2.516781518,-52.92,-2.474156267,209.676,-1.509008329,0.6318547622
1.206,-1.09,-1.463087248,-2.472030722,-52.3,-2.45482091,209.724,-1.507783722,0.6238398608
1.207,-1.05,-1.410974244,-2.379653985,-50.82,-2.407956254,210.013,-1.500416489,0.6088605519
1.208,-1.03,-1.385650224,-2.334879422,-50.28,-2.390604118,210.239,-1.494662322,0.6009573495
1.209,-1.06,-1.427609428,-2.409107175,-51.23,-2.42104016,210.788,-1.480710002,0.6174427052
1.21,-1.11,-1.496629213,-2.531657054,-53.14,-2.480975612,210.45,-1.489295649,0.6376534216
1.211,-1.15,-1.552305962,-2.630923877,-54.55,-2.52417126,214.337,-1.391382905,0.6719160984
1.212,-1.14,-1.540540541,-2.609916749,-54.39,-2.519313618,215.168,-1.370680675,0.6709307399
1.213,-1.09,-1.474633596,-2.492541301,-52.83,-2.471360276,215.509,-1.362208663,0.6501882034
1.214,-1.01,-1.367945824,-2.303621682,-50.37,-2.393505636,219.468,-1.264818526,0.6296931545
1.215,-0.93,-1.261016949,-2.115619181,-47.57,-2.301423432,221.712,-1.210394012,0.6024285759
1.216,-0.83,-1.126696833,-1.881364112,-44.43,-2.193554939,224.297,-1.148377753,0.562956913
1.217,-0.71,-0.9648924122,-1.601995626,-40.67,-2.057638472,227.146,-1.080850502,0.5104353207
1.218,-0.58,-0.7891156463,-1.301994371,-36.15,-1.88392969,229.926,-1.015770237,0.4490100369
1.219,-0.45,-0.6129398411,-1.004960599,-31.69,-1.700785973,229.492,-1.025878246,0.3685677876
1.22,-0.36,-0.4909090909,-0.8013570902,-28.46,-1.560454755,229.46,-1.026624294,0.309753616
1.221,-0.32,-0.4368600683,-0.711738417,-26.97,-1.493452755,231.475,-0.9798484199,0.2877686002
1.222,-0.33,-0.4510250569,-0.7351921386,-27.05,-1.497087256,234.591,-0.9083098464,0.3056427306
1.223,-0.34,-0.4652223489,-0.7587230402,-27.49,-1.517001501,237.62,-0.8396736974,0.3219463763
1.224,-0.32,-0.4383561644,-0.7142144673,-26.75,-1.483436028,239.145,-0.8054481237,0.3120360927
1.225,-0.25,-0.3428571429,-0.5566911086,-24.18,-1.36402063,242.291,-0.7355267237,0.2651481556
1.226,-0.13,-0.1784897025,-0.2880842881,-19.21,-1.120139165,246.642,-0.6403052332,0.1636429349
1.227,0,0,0,-13.44,-0.8144595062,250.263,-0.562331806,-0
1.228,0.07,0.09633027523,0.1539203413,-10.57,-0.6529333971,251.962,-0.5261341469,-0.1305441254
1.229,0.02,0.02755453502,0.04413924141,-12.69,-0.7728709424,254.492,-0.4726816612,-0.03543747673
1.23,-0.1,-0.1379310345,-0.2222929845,-18.5,-1.083859896,256.964,-0.4209653729,0.1477201301
1.231,-0.21,-0.2899884925,-0.4699470871,-23.28,-1.321140165,261.638,-0.3245269592,0.2855663094
1.232,-0.21,-0.2903225806,-0.4704942081,-23.26,-1.320180922,266.45,-0.2270246015,0.3040928959
1.233,-0.1,-0.1384083045,-0.2230660514,-18.77,-1.097699508,268.326,-0.1894887316,0.1732971484
1.234,0.07,0.09699769053,0.1549829547,-11.41,-0.7008794776,269.63,-0.1635519871,-0.1792888865
1.235,0.2,0.2774566474,0.4403741677,-4.79,-0.307528872,269.754,-0.161092144,-0.9397234708
1.236,0.27,0.375,0.5930408438,-1.09,-0.07172820793,270.074,-0.1547493822,-2.618540949
1.237,0.27,0.3754345307,0.5937184296,-0.63,-0.04158482232,270.462,-0.1470688564,-3.147134123
1.238,0.21,0.2923433875,0.4637460493,-2.86,-0.1859971949,271.606,-0.1244871541,-1.49362134
1.239,0.07,0.09756097561,0.1558797383,-8.1,-0.5086763819,269.515,-0.1658343045,-0.2311004724
1.24,-0.15,-0.2093023256,-0.3381956723,-15.96,-0.9510336805,266.104,-0.2339763857,0.2853947674
1.241,-0.4,-0.5587892899,-0.9143962446,-24.58,-1.382900269,259.118,-0.3763059315,0.5197777521
1.242,-0.64,-0.8951048951,-1.482452822,-32.65,-1.741228833,251.531,-0.5352935615,0.6511918467
1.243,-0.89,-1.246207701,-2.089687624,-41.25,-2.079100039,244.855,-0.6792087957,0.7575974079
1.244,-1.17,-1.640186916,-2.788350361,-50.63,-2.401866441,237.371,-0.8452828569,0.8587071631
1.245,-1.4,-1.964912281,-3.377934478,-58.28,-2.634325334,229.881,-1.016817415,0.9251718463
1.246,-1.52,-2.135831382,-3.693246712,-62.42,-2.750006971,223.481,-1.167876722,0.9426636933
1.247,-1.61,-2.264947245,-3.933719665,-65.4,-2.8293046,219.557,-1.262649401,0.9613303727
1.248,-1.73,-2.436619718,-4.25649097,-69.43,-2.931686059,215.096,-1.372471204,0.9889255225
1.249,-1.81,-2.552291422,-4.47592777,-72.31,-3.001699638,215.11,-1.372122998,1.023344598
1.25,-1.76,-2.484705882,-4.347522341,-70.64,-2.961407104,215.244,-1.368791323,1.004000721
1.251,-1.57,-2.219081272,-3.848071509,-65.17,-2.82329673,216.514,-1.337317582,0.9248806117
1.252,-1.41,-1.995283019,-3.433711366,-60.33,-2.692438809,217.968,-1.301509751,0.8597284902
1.253,-1.37,-1.940968123,-3.334036748,-58.94,-2.653217442,219.119,-1.273332916,0.8491007231
1.254,-1.37,-1.943262411,-3.338240031,-58.99,-2.654641539,220.381,-1.242608372,0.8565629888
1.255,-1.34,-1.90295858,-3.264490979,-58.16,-2.630871517,222.053,-1.202171865,0.8516707621
1.256,-1.29,-1.834123223,-3.138976219,-56.45,-2.58101252,224.07,-1.153794967,0.8404653332
1.257,-1.24,-1.765124555,-3.013723287,-54.88,-2.534154962,226.102,-1.105496655,0.8280252081
1.258,-1.19,-1.695961995,-2.888735112,-53.56,-2.493934332,228.126,-1.057818081,0.813326712
1.259,-1.15,-1.640903686,-2.789638092,-52.13,-2.449488871,228.02,-1.060304566,0.7948154621
1.26,-1.09,-1.557142857,-2.639564866,-50.43,-2.395437867,227.546,-1.071437534,0.7613670988
1.261,-1.04,-1.487485101,-2.515388771,-48.61,-2.336066847,225.842,-1.111652286,0.7295805355
1.262,-0.98,-1.403341289,-2.366150463,-46.73,-2.27305349,222.683,-1.187014548,0.683845068
1.263,-0.92,-1.318996416,-2.217391765,-44.77,-2.205477289,218.465,-1.289324829,0.6344827806
1.264,-0.86,-1.234449761,-2.069117403,-42.75,-2.133758352,216.96,-1.326308383,0.597999276
1.265,-0.8,-1.149700599,-1.921332138,-40.78,-2.061722923,215.644,-1.358858344,0.5616975561
1.266,-0.74,-1.064748201,-1.774040771,-38.94,-1.992519718,211.949,-1.451323572,0.5151340006
1.267,-0.69,-0.993997599,-1.652020835,-37.2,-1.925323051,212.871,-1.428100994,0.4926370221
1.268,-0.64,-0.9230769231,-1.530298793,-35.54,-1.859585803,213.824,-1.404203088,0.4688718676
1.269,-0.6,-0.8664259928,-1.433493347,-34.05,-1.799193764,215.338,-1.366455414,0.4528276086
1.27,-0.56,-0.8096385542,-1.336833688,-32.85,-1.749582831,217.356,-1.31655235,0.4359995921
1.271,-0.54,-0.7816646562,-1.28935797,-31.96,-1.712218248,223.579,-1.165531176,0.4480438635
1.272,-0.52,-0.7536231884,-1.241860003,-31.17,-1.678640148,228.874,-1.040304717,0.4567433559
1.273,-0.49,-0.7110036276,-1.169846175,-30.19,-1.636441812,234.393,-0.9128272715,0.4588947407
1.274,-0.46,-0.6682808717,-1.097872521,-28.92,-1.580847375,237.442,-0.8436828585,0.4528186557
1.275,-0.42,-0.6109090909,-1.001558033,-27.45,-1.515196385,240.03,-0.7856860102,0.4352930139
1.276,-0.37,-0.5388349515,-0.8811105243,-25.82,-1.440736739,243.217,-0.7151187963,0.4087057365
1.277,-0.32,-0.4665856622,-0.7609838737,-23.79,-1.345507527,244.576,-0.6853083283,0.3747183043
1.278,-0.25,-0.3649635036,-0.5930595557,-20.99,-1.209491929,245.774,-0.6591665408,0.3173718287
1.279,-0.19,-0.2777101096,-0.4498484484,-18.58,-1.087966071,244.018,-0.6975282954,0.2519461595
1.28,-0.2,-0.2926829268,-0.4743600143,-18.74,-1.096164401,242,-0.7419561233,0.2580679602
1.281,-0.27,-0.3956043956,-0.6435637532,-21.35,-1.227288007,238.201,-0.8266084836,0.3133379681
1.282,-0.37,-0.5427872861,-0.8876996701,-24.93,-1.399330515,231.063,-0.989379315,0.3716230657
1.283,-0.47,-0.6903304774,-1.134991961,-28.24,-1.550653229,227.63,-1.069462913,0.4331838359
1.284,-0.56,-0.8235294118,-1.360442685,-31.56,-1.695265355,223.941,-1.156875918,0.4769899366
1.285,-0.71,-1.045398773,-1.740611281,-36.52,-1.898589211,218.323,-1.292803404,0.5454080682
1.286,-0.91,-1.341523342,-2.257040468,-43.68,-2.167043207,212.19,-1.445243725,0.6248231412
1.287,-1.14,-1.682656827,-2.864755038,-51.64,-2.434046262,207.8,-1.557090937,0.7177791427
1.288,-1.34,-1.980295567,-3.406172836,-58.47,-2.639781953,204.333,-1.647105023,0.7945562492
1.289,-1.45,-2.145499383,-3.711185014,-62.4,-2.749463881,205.943,-1.605116,0.8522486933
1.29,-1.47,-2.177777778,-3.771154987,-62.95,-2.764344966,206.555,-1.589241002,0.8662181049
1.291,-1.43,-2.121137206,-3.666003762,-61.73,-2.731184136,208.9,-1.528845131,0.8605583512
1.292,-1.38,-2.04950495,-3.533561672,-60.12,-2.686561925,211.571,-1.460873537,0.8519871386
1.293,-1.33,-1.977695167,-3.401397453,-58.73,-2.647225312,213.502,-1.412265787,0.8378876489
1.294,-1.29,-1.920595533,-3.296740035,-57.38,-2.608278556,215.919,-1.352040103,0.8324431236
1.295,-1.25,-1.863354037,-3.192207723,-56.26,-2.57539756,217.149,-1.321649875,0.8191349416
1.296,-1.27,-1.895522388,-3.250904921,-56.84,-2.592490517,218.746,-1.282447828,0.8389565542
1.297,-1.33,-1.9875467,-3.419493051,-59.07,-2.656918019,220.526,-1.239089489,0.8776915969
1.298,-1.34,-2.004987531,-3.451556915,-59.42,-2.666847679,219.937,-1.25339785,0.8804440665
1.299,-1.25,-1.872659176,-3.209174178,-56.69,-2.588083433,220.872,-1.230702045,0.8403651362
1.3,-1.12,-1.68,-2.859969101,-52.6,-2.464198403,223.367,-1.17060651,0.7868287762
1.301,-1.04,-1.561952441,-2.648159792,-49.97,-2.380580783,225.437,-1.121254995,0.7562204397
1.302,-1.03,-1.54887218,-2.624791186,-49.82,-2.375714473,225.667,-1.11579949,0.7517630501
1.303,-1.03,-1.550815558,-2.628261865,-49.68,-2.371162954,225.444,-1.121088876,0.752598035
1.304,-0.97,-1.462311558,-2.470653372,-47.8,-2.309130542,227.686,-1.068146904,0.7315517932
1.305,-0.88,-1.328301887,-2.233762697,-45.02,-2.214205664,230.384,-1.00512393,0.6938595854
1.306,-0.79,-1.19395466,-1.998396752,-41.9,-2.102934146,233.428,-0.9348987789,0.6578362934
1.307,-0.68,-1.029003783,-1.712320578,-38.39,-1.971465875,236.733,-0.859681816,0.6048149957
1.308,-0.56,-0.8484848485,-1.40291416,-34.35,-1.811460118,240.526,-0.7746421321,0.5424820924
1.309,-0.45,-0.6826801517,-1.122106528,-30.43,-1.646832218,242.78,-0.7247400517,0.4731487806
1.31,-0.38,-0.5772151899,-0.9451739978,-27.54,-1.519256417,244.893,-0.6783785728,0.4300868899
1.311,-0.32,-0.4866920152,-0.7943523925,-25.47,-1.424517135,245.787,-0.6588835647,0.3812768195
1.312,-0.27,-0.4111675127,-0.6692581493,-23.68,-1.34026699,247.817,-0.6148784058,0.3423060765
1.313,-0.26,-0.3964421855,-0.6449462017,-23.21,-1.317781603,247.119,-0.6299684476,0.3311236992
1.314,-0.26,-0.3969465649,-0.6457785248,-23.14,-1.314419647,247.547,-0.6207104814,0.3337132296
1.315,-0.24,-0.3668789809,-0.5962135251,-22.27,-1.272351038,246.632,-0.6405221512,0.3116848144
1.316,-0.22,-0.3367346939,-0.5466288848,-21.63,-1.241065966,244.997,-0.6761070424,0.2851223559
1.317,-0.26,-0.398467433,-0.6482884312,-23.16,-1.315380552,243.042,-0.7189696249,0.3186710127
1.318,-0.43,-0.6598465473,-1.083688875,-29.35,-1.599786467,240.54,-0.7743307403,0.4564597197
1.319,-0.68,-1.044814341,-1.739602258,-39.03,-1.995948625,236.947,-0.8548477505,0.6102162446
1.32,-0.91,-1.4,-2.36024152,-47.52,-2.299744527,232.862,-0.9478868399,0.7267578286
1.321,-1.05,-1.61745828,-2.747548042,-52.73,-2.468249347,230.111,-1.011467322,0.7895895855
1.322,-1.11,-1.712082262,-2.917816785,-54.87,-2.533853119,227.267,-1.078001331,0.807844509
1.323,-1.11,-1.714285714,-2.921794286,-55,-2.537773694,225.713,-1.114709056,0.7999474564
1.324,-1.09,-1.68556701,-2.869998319,-54.25,-2.515054007,224.529,-1.142846878,0.7846025381
1.325,-1.06,-1.641290323,-2.790332738,-53.32,-2.486538973,223.798,-1.160293311,0.7651387618
1.326,-1.04,-1.612403101,-2.738481278,-52.73,-2.468249347,222.519,-1.19095613,0.748381389
1.327,-1.05,-1.630012937,-2.770078575,-53.19,-2.482522441,221.046,-1.226489046,0.7468509021
1.328,-1.09,-1.694300518,-2.885739472,-54.55,-2.52417126,219.185,-1.271721705,0.7602267765
1.329,-1.12,-1.743190661,-2.974024162,-55.58,-2.555176805,218.079,-1.298785962,0.7716795261
1.33,-1.12,-1.745454545,-2.978119045,-55.67,-2.557864367,215.778,-1.355534916,0.7610056705
1.331,-1.1,-1.716514954,-2.925818918,-55.21,-2.544091518,213.189,-1.420114794,0.7380591949
1.332,-1.08,-1.6875,-2.873481539,-54.5,-2.522654446,211.265,-1.468616966,0.7199414028
1.333,-1.05,-1.642764016,-2.792980594,-53.67,-2.497315323,209.818,-1.505386346,0.69777386
1.334,-1.02,-1.597911227,-2.712505909,-52.71,-2.467626621,206.167,-1.599300076,0.6669670024
1.335,-0.99,-1.552941176,-2.632058515,-51.74,-2.437206744,203.113,-1.67914372,0.6394155546
1.336,-0.96,-1.507853403,-2.551639454,-50.8,-2.407316014,201.522,-1.721215681,0.6180501065
1.337,-0.93,-1.462647444,-2.471249778,-49.89,-2.377986745,202.725,-1.689373421,0.6075807594
1.338,-0.9,-1.417322835,-2.39089055,-48.97,-2.34793628,202.122,-1.705310564,0.5898704524
1.339,-0.88,-1.387647832,-2.338408584,-48.05,-2.317478381,199.805,-1.766993842,0.5725118097
1.34,-0.85,-1.342105263,-2.258065475,-47.14,-2.286944474,201.875,-1.711852445,0.5646862095
1.341,-0.82,-1.296442688,-2.177755716,-46.28,-2.257710568,204.42,-1.644827608,0.5580357237
1.342,-0.79,-1.250659631,-2.097480409,-45.34,-2.225331147,207.69,-1.559923737,0.5541186717
1.343,-0.75,-1.188903567,-1.989589059,-44.12,-2.182632322,213.972,-1.400501324,0.555265099
1.344,-0.7,-1.111111111,-1.85432,-42.47,-2.123647225,222.929,-1.181107615,0.561106675
1.345,-0.62,-0.9854304636,-1.637285521,-39.66,-2.019823652,228.268,-1.05448894,0.5325696304
1.346,-0.48,-0.7639257294,-1.259300181,-34.81,-1.830163511,235.112,-0.8964412778,0.4618565135
1.347,-0.28,-0.4462151394,-0.7272254558,-27.83,-1.532302568,239.726,-0.7924661243,0.3128162635
1.348,-0.08,-0.1276595745,-0.2056620951,-20.02,-1.161081853,244.851,-0.6792961951,0.1117499175
1.349,0.06,0.09587217044,0.1531909476,-13.68,-0.8276758944,247.997,-0.6109938844,-0.1064809659
1.35,0.14,0.224,0.3562333358,-9.81,-0.6090696898,249.013,-0.5891206522,-0.2973094702
1.351,0.2,0.3204272363,0.5077661161,-7.17,-0.4530769328,254.549,-0.4714835259,-0.5491973092
1.352,0.26,0.4171122995,0.6586054208,-4.05,-0.2613058477,257.448,-0.4108979531,-0.9797704505
1.353,0.34,0.546184739,0.8582579842,0.27,0.0179292053,259.957,-0.3590111132,-2.516281176
1.354,0.4,0.6434316354,1.007386936,1.8,0.1207514154,261.39,-0.329600493,-4.823516328
1.355,0.37,0.5959731544,0.9347479838,1.05,0.07008766376,259.98,-0.3585377866,-3.240587921
1.356,0.23,0.3709677419,0.5867520786,-3.99,-0.2575376895,259.348,-0.3715592361,-0.9326894707
1.357,0.03,0.04845222073,0.07755538503,-11.63,-0.7133445598,255.721,-0.4469074739,-0.06684356741
1.358,-0.13,-0.2102425876,-0.339726602,-17.88,-1.051878061,251.932,-0.5267711857,0.2152008134
1.359,-0.24,-0.3886639676,-0.6321144351,-21.72,-1.24548284,248.11,-0.6085567085,0.3409390244
1.36,-0.32,-0.5189189189,-0.8479354259,-24.87,-1.396519814,243.041,-0.7189916376,0.4008181688
1.361,-0.43,-0.698240866,-1.148322661,-28.68,-1.570224845,237.957,-0.8320915381,0.4780064231
1.362,-0.54,-0.8780487805,-1.453323641,-32.94,-1.75333412,233.826,-0.925784676,0.5424633066
1.363,-0.65,-1.05834464,-1.762972632,-36.88,-1.912775862,229.199,-1.032713131,0.5985330911
1.364,-0.75,-1.222826087,-2.04879807,-40.41,-2.04795787,224.643,-1.140131215,0.6426414116
1.365,-0.85,-1.387755102,-2.338598111,-44.15,-2.183691534,221.192,-1.222956559,0.6864806833
1.366,-0.98,-1.602179837,-2.720154436,-48.77,-2.341349877,217.645,-1.30944363,0.7450858097
1.367,-1.12,-1.833560709,-3.137952826,-53.56,-2.493934332,216.754,-1.331390534,0.820310153
1.368,-1.21,-1.983606557,-3.412254305,-57.07,-2.599229838,214.509,-1.387091387,0.8559908027
1.369,-1.25,-2.051983584,-3.538134374,-58.51,-2.640928857,212.682,-1.432853164,0.8685134244
1.37,-1.24,-2.038356164,-3.513002798,-58.13,-2.63000715,210.768,-1.481217645,0.8544905651
1.371,-1.21,-1.991769547,-3.427253204,-57.05,-2.598644683,211.759,-1.456121688,0.8452406108
1.372,-1.17,-1.928571429,-3.311335929,-55.8,-2.561740305,214.333,-1.391482748,0.8376294187
1.373,-1.11,-1.83218707,-3.135453891,-54.22,-2.514140117,218.436,-1.290035058,0.8242138562
1.374,-1.07,-1.768595041,-3.020009862,-52.83,-2.471360276,219.198,-1.271404403,0.8068927974
1.375,-1.06,-1.754482759,-2.994455157,-52.46,-2.459827311,220.551,-1.238483019,0.8096819603
1.376,-1.08,-1.790055249,-3.058915202,-53.39,-2.4886986,222.143,-1.200003903,0.8292659003
1.377,-1.12,-1.858921162,-3.184128657,-54.54,-2.523867984,223.806,-1.160102071,0.8643199075
1.378,-1.1,-1.828254848,-3.128301588,-54.2,-2.513530638,224.832,-1.135631965,0.8572656054
1.379,-1.05,-1.747572816,-2.981951091,-52.55,-2.462638316,224.728,-1.138107274,0.8281482309
1.38,-1.01,-1.683333333,-2.865973812,-51.18,-2.419448739,225.825,-1.112055016,0.8115448858
1.381,-0.99,-1.652294854,-2.810111283,-50.58,-2.400261054,227.202,-1.079531689,0.8075513374
1.382,-0.95,-1.587743733,-2.69429635,-49.31,-2.35908901,228.661,-1.045285976,0.7914217324
1.383,-0.83,-1.389121339,-2.341012121,-45.59,-2.2339865,231.277,-0.9844266824,0.7273808517
1.384,-0.67,-1.122905028,-1.874781997,-40.15,-2.038239983,234.407,-0.9125077323,0.6353582813
1.385,-0.55,-0.9230769231,-1.530298793,-36.13,-1.883135,237.676,-0.8384130094,0.5622898392
1.386,-0.53,-0.8907563025,-1.475022853,-35.35,-1.851958417,240.769,-0.7692398316,0.5627284598
1.387,-0.56,-0.9424964937,-1.563569995,-36.55,-1.899774315,242.984,-0.7202465113,0.5967776972
1.388,-0.56,-0.9438202247,-1.565839535,-36.61,-1.902142947,244.731,-0.6819188406,0.6059605628
1.389,-0.49,-0.8270042194,-1.366352043,-34.41,-1.813906888,245.477,-0.665635536,0.5510500765
1.39,-0.39,-0.6591549296,-1.082526182,-30.65,-1.656324707,245.966,-0.654988723,0.4683597508
1.391,-0.27,-0.4569816643,-0.7450618613,-26.18,-1.457333993,246.374,-0.6461216779,0.3542084921
1.392,-0.14,-0.2372881356,-0.3838065613,-21.21,-1.220378231,247.11,-0.6301632966,0.2074022958
1.393,-0.01,-0.01697312588,-0.02723349476,-15.8,-0.9425056566,247.988,-0.6111880435,0.01752822629
1.394,0.09,0.1529745042,0.243918868,-10.99,-0.6769763532,249.478,-0.5791395263,-0.1941850047
1.395,0.16,0.2723404255,0.4323357807,-7.66,-0.4824596762,250.868,-0.5494140198,-0.4189812982
1.396,0.18,0.3068181818,0.4864461764,-6.53,-0.4144013617,252.363,-0.5176263377,-0.5219224458
1.397,0.15,0.2560455192,0.4067133976,-7.6,-0.4788723866,253.565,-0.492204886,-0.4188270173
1.398,0.09,0.1538461538,0.2453008284,-10.23,-0.6333672186,254.772,-0.4667986609,-0.2229671298
1.399,-0.02,-0.03423680456,-0.05496796218,-14.26,-0.8594324604,252.795,-0.508475931,0.04018394984
1.4,-0.15,-0.2571428571,-0.4162214057,-19.25,-1.12217216,250.521,-0.5568192492,0.2478996636
1.401,-0.29,-0.4978540773,-0.8128974963,-24.6,-1.383841386,245.793,-0.6587529654,0.3979730463
1.402,-0.43,-0.7392550143,-1.217558363,-29.94,-1.625579557,240.6,-0.7729964093,0.5076171781
1.403,-0.56,-0.9641319943,-1.600689977,-34.79,-1.829352954,236.545,-0.8639321722,0.5943262229
1.404,-0.68,-1.172413793,-1.960856409,-39.04,-1.996329333,232.206,-0.9629796966,0.6626061656
1.405,-0.79,-1.364028777,-2.296710981,-43.13,-2.147413873,227.571,-1.070849773,0.7136491082
1.406,-0.91,-1.573487032,-2.668783682,-47.45,-2.297391987,222.603,-1.188936909,0.765499688
1.407,-1.03,-1.783549784,-3.04711568,-51.83,-2.440047255,219.227,-1.270696642,0.8211603293
1.408,-1.13,-1.959537572,-3.368074949,-55.64,-2.556968897,215.697,-1.357543607,0.8604072527
1.409,-1.21,-2.10130246,-3.62927051,-58.47,-2.639781953,212.242,-1.443932796,0.888717928
1.41,-1.27,-2.208695652,-3.828712223,-60.48,-2.696626096,208.777,-1.531996131,0.9054278244
1.411,-1.31,-2.281567489,-3.964816707,-61.94,-2.736931691,208.715,-1.533585143,0.9284161287
1.412,-1.33,-2.319767442,-4.036413341,-62.9,-2.762996745,209.473,-1.514190496,0.943707421
1.413,-1.34,-2.340611354,-4.075552663,-63.24,-2.772146596,210.856,-1.478984375,0.9586984476
1.414,-1.34,-2.344023324,-4.081964304,-63.18,-2.770534986,212.207,-1.444815117,0.9683571245
1.415,-1.32,-2.312408759,-4.022607903,-62.71,-2.757865126,214.54,-1.386318282,0.97066358
1.416,-1.28,-2.245614035,-3.897587472,-61.42,-2.72266926,217.323,-1.317364674,0.964741271
1.417,-1.2,-2.108345534,-3.642308735,-59.05,-2.656349138,218.989,-1.276507932,0.9261228338
1.418,-1.1,-1.935483871,-3.323991759,-55.75,-2.560250412,220.376,-1.242729754,0.8740491967
1.419,-0.98,-1.726872247,-2.94452547,-52.01,-2.445717156,221.384,-1.218314644,0.8036298894
1.42,-0.85,-1.5,-2.5376565,-48.04,-2.317145055,222.141,-1.200052071,0.7214996513
1.421,-0.72,-1.272459499,-2.135673198,-43.9,-2.17485042,224.059,-1.154057615,0.6415536795
1.422,-0.62,-1.097345133,-1.830457255,-40.36,-2.046091946,222.4,-1.193818,0.5649716461
1.423,-0.56,-0.9926144756,-1.649641304,-38.29,-1.96761948,225.626,-1.116771586,0.5348353269
1.424,-0.53,-0.9408284024,-1.560710342,-37.43,-1.934304779,228.753,-1.043133878,0.5241788402
1.425,-0.48,-0.8533333333,-1.411174263,-35.75,-1.867991233,231.462,-0.9801488927,0.4954722034
1.426,-0.35,-0.6231454006,-1.022067583,-31,-1.671363433,235.231,-0.8937341044,0.3984517424
1.427,-0.13,-0.2317979198,-0.3748514156,-22.68,-1.292242177,237.382,-0.8450349385,0.1753873716
1.428,0.1,0.1785714286,0.284464375,-13.08,-0.794551446,240.591,-0.7731965377,-0.1814477696
1.429,0.24,0.4292101341,0.6774019317,-6.21,-0.3949363368,244.374,-0.6897288214,-0.6245263127
1.43,0.28,0.5014925373,0.7893488406,-4.14,-0.2669523509,248.564,-0.5987760448,-0.911774229
1.431,0.27,0.4843049327,0.7627853684,-4.86,-0.3118773546,251.879,-0.5278968062,-0.9083220275
1.432,0.26,0.4670658683,0.7361074431,-5.24,-0.3354114036,254.853,-0.4650979986,-0.9195487787
1.433,0.27,0.4857571214,0.7650310731,-4.61,-0.2963280737,257.398,-0.4119370988,-1.080147807
1.434,0.3,0.5405405405,0.8495683857,-2.82,-0.1834447491,260.376,-0.3503948982,-1.591429917
1.435,0.38,0.6857142857,1.071880594,0.74,0.04929329924,262.81,-0.3006153019,-4.264969175
1.436,0.53,0.9578313253,1.481906138,4.4,0.300316544,266.63,-0.2234116352,19.26933093
1.437,0.69,1.248868778,1.910796785,8.72,0.612475389,268.258,-0.1908447169,4.531920734
1.438,0.78,1.413897281,2.149564234,11.04,0.7874242588,268.784,-0.1803647138,3.540944627
1.439,0.75,1.361573374,2.07420767,10.36,0.7356080126,267.96,-0.1967911796,3.849559892
1.44,0.68,1.236363636,1.892573392,8.61,0.6043087435,267.128,-0.2134284564,4.841823583
1.441,0.67,1.220030349,1.868743635,8.3,0.5813556798,266.683,-0.2223482821,5.205306762
1.442,0.73,1.331306991,2.030471126,9.89,0.7000555195,266.166,-0.2327300258,4.344875582
1.443,0.8,1.461187215,2.217393712,11.68,0.836603557,265.829,-0.2395080979,3.713633521
1.444,0.81,1.481707317,2.246744481,12.16,0.8737509405,265.065,-0.254906286,3.630546801
1.445,0.74,1.355725191,2.065765135,10.43,0.7409213337,264.471,-0.2669088744,4.358039741
1.446,0.57,1.04587156,1.612699249,6.11,0.4217921938,264.924,-0.2577529489,9.831179421
1.447,0.3,0.5513016845,0.8661326038,-0.82,-0.05405781652,260.991,-0.337773265,-2.210474474
1.448,-0.01,-0.01840490798,-0.02953234935,-13.11,-0.7962142848,256.002,-0.4410318336,0.02386942171
1.449,-0.3,-0.5529953917,-0.9047266478,-23.98,-1.354539769,249.614,-0.5762238313,0.4685848893
1.45,-0.55,-1.015384615,-1.688843804,-33.17,-1.76289821,240.713,-0.7704843225,0.6666359233
1.451,-0.78,-1.442218798,-2.43500045,-41.47,-2.087192618,233.377,-0.9360677895,0.8054220021
1.452,-1,-1.851851852,-3.171249383,-49.71,-2.372139063,225.469,-1.120495635,0.907981984
1.453,-1.21,-2.244204019,-3.894953987,-57.3,-2.605947207,216.138,-1.346616513,0.9854247174
1.454,-1.37,-2.544891641,-4.461842757,-62.83,-2.761107694,208.342,-1.543154821,1.036610277
1.455,-1.45,-2.697674419,-4.753962064,-65.9,-2.84230205,204.558,-1.641217145,1.060319329
1.456,-1.48,-2.757763975,-4.869605431,-66.81,-2.865738335,197.292,-1.834708931,1.035987674
1.457,-1.47,-2.743390358,-4.841904496,-66.43,-2.855985858,197.359,-1.83289239,1.032636004
1.458,-1.43,-2.672897196,-4.706401611,-65.25,-2.82538851,203.766,-1.661971278,1.048813074
1.459,-1.36,-2.546021841,-4.463993604,-63.1,-2.76838413,207.351,-1.568663358,1.02927017
1.46,-1.27,-2.38125,-4.152008252,-60.38,-2.693835541,210.679,-1.483477241,0.9939423903
1.461,-1.18,-2.215962441,-3.842256528,-57.54,-2.612933339,212.236,-1.444084041,0.94706435
1.462,-1.08,-2.031347962,-3.500086839,-54.74,-2.529925227,214.52,-1.386817047,0.8936219427
1.463,-0.99,-1.864992151,-3.195193826,-51.72,-2.436575014,218.234,-1.294984792,0.8562622582
1.464,-0.86,-1.622641509,-2.756847596,-47.82,-2.309799497,222.088,-1.201328665,0.7851742998
1.465,-0.69,-1.303937008,-2.190919635,-42.3,-2.117487887,224.687,-1.139083432,0.6727688174
1.466,-0.49,-0.927444795,-1.537778321,-35.59,-1.861589459,228.942,-1.038715433,0.5302126426
1.467,-0.33,-0.6255924171,-1.026171196,-29.64,-1.612492258,233.171,-0.9407922769,0.4019024054
1.468,-0.24,-0.4556962025,-0.7429315789,-26.3,-1.462847148,238.503,-0.8198298528,0.3254650477
1.469,-0.22,-0.4183835182,-0.6811813028,-25.69,-1.434721931,243.274,-0.7138651246,0.3170368644
1.47,-0.24,-0.4571428571,-0.7453290057,-26.57,-1.475216641,248.867,-0.5922583561,0.3605020649
1.471,-0.25,-0.4769475358,-0.7781745057,-27,-1.494816189,252.618,-0.5122231636,0.3877225948
1.472,-0.22,-0.4203821656,-0.6844847924,-25.67,-1.433795568,256.588,-0.4287994398,0.3674898674
1.473,-0.12,-0.2296650718,-0.3713734627,-21.78,-1.248424252,259.511,-0.3681978218,0.2297218804
1.474,0.03,0.05750798722,0.09201991716,-15.74,-0.9393026778,262.112,-0.3148433289,-0.07337257119
1.475,0.16,0.3072,0.4870446298,-9.41,-0.5857976064,262.867,-0.2994550837,-0.5501758257
1.476,0.26,0.5,0.7870435,-4.45,-0.2863488262,263.46,-0.2873996454,-1.371757031
1.477,0.33,0.6356340289,0.9954702807,-0.3,-0.0198458683,263.12,-0.2943083782,-3.16873094
1.478,0.41,0.7909967846,1.23155365,1.87,0.1255057383,262.905,-0.2986817447,-7.111572066
1.479,0.49,0.9468599034,1.465543007,3.94,0.2680991864,262.124,-0.3145984011,-31.51758621
1.48,0.54,1.04516129,1.611647718,5.21,0.3575202108,261.344,-0.3305420809,59.73904501
1.481,0.55,1.066235864,1.642822686,5.36,0.3681799878,260.255,-0.3528816884,107.3859674
1.482,0.53,1.029126214,1.587892509,4.83,0.3306085758,259.677,-0.3647767103,-46.47290625
1.483,0.51,0.9918962723,1.532621423,4.37,0.298209494,259.18,-0.3750259729,-19.95172711
1.484,0.5,0.974025974,1.506033471,4.27,0.2911919638,259.196,-0.3746957107,-18.03551971
1.485,0.47,0.9170731707,1.421046679,3.37,0.2284462113,260.178,-0.3544647932,-11.27648524
1.486,0.35,0.6840390879,1.069329421,0.4,0.02658478558,260.959,-0.3384292665,-3.429047124
1.487,0.13,0.2544861338,0.4042597556,-7.7,-0.4848495626,259.708,-0.3641380704,-0.4761668368
1.488,-0.15,-0.2941176471,-0.4767101384,-18.1,-1.063258747,258.657,-0.3858326589,0.3289717519
1.489,-0.43,-0.8445171849,-1.396156722,-28.14,-1.546187575,253.486,-0.4938719767,0.684370572
1.49,-0.66,-1.298360656,-2.181124035,-36.4,-1.893843543,248.592,-0.5981734171,0.8752444583
1.491,-0.85,-1.674876847,-2.850742735,-43.14,-2.147772195,243.138,-0.7168568272,0.9951525007
1.492,-1.02,-2.013157895,-3.466589924,-48.98,-2.348265094,236.167,-0.8724883351,1.076328878
1.493,-1.18,-2.332784185,-4.060849326,-54.67,-2.52780717,228.595,-1.046830406,1.136017076
1.494,-1.32,-2.613861386,-4.593372154,-59.5,-2.669110496,221.923,-1.205304918,1.185565218
1.495,-1.4,-2.776859504,-4.906444073,-62.09,-2.741026956,217.263,-1.318841942,1.208522787
1.496,-1.4,-2.781456954,-4.915319774,-62.18,-2.743480076,212.711,-1.432123721,1.177151859
1.497,-1.35,-2.686567164,-4.732632497,-60.83,-2.706362615,211.789,-1.455363804,1.137180107
1.498,-1.3,-2.591362126,-4.550403208,-59.22,-2.661179545,211.591,-1.46036782,1.104052145
1.499,-1.26,-2.515806988,-4.406544409,-57.84,-2.621632716,212.424,-1.439347075,1.085093902
1.5,-1.21,-2.42,-4.225091649,-56.5,-2.582487618,212.695,-1.43252616,1.052323076
1.501,-1.17,-2.34,-4.074403975,-55.18,-2.543190135,214.003,-1.399726278,1.033347793
1.502,-1.13,-2.26,-3.924469479,-53.88,-2.503755071,214.921,-1.376825683,1.011309834
1.503,-1.09,-2.18,-3.775288161,-52.6,-2.464198403,216.712,-1.332427294,0.9943798685
1.504,-1.05,-2.1,-3.62686002,-51.33,-2.424219533,218.877,-1.279244842,0.9793154875
1.505,-1.01,-2.02,-3.479185057,-50.17,-2.387052641,221.604,-1.21300073,0.9664259661
1.506,-0.97,-1.94,-3.332263271,-48.91,-2.345962384,224.664,-1.139631111,0.9560102967
1.507,-0.91,-1.82,-3.113292801,-46.9,-2.278823328,226.712,-1.091082339,0.9238516171
1.508,-0.81,-1.62,-2.752107905,-43.64,-2.165620988,229.298,-1.030402756,0.8611037103
1.509,-0.67,-1.34,-2.254357415,-39.1,-1.9986124,232.653,-0.9526907671,0.7638515216
1.51,-0.51,-1.02,-1.696797377,-33.67,-1.78357836,236.516,-0.864588113,0.6407442258
1.511,-0.36,-0.72,-1.185029453,-28.15,-1.546634434,240.083,-0.7845048299,0.5083477728
1.512,-0.23,-0.46,-0.7500646472,-23.19,-1.31682139,243.815,-0.7019808439,0.3715394378
1.513,-0.12,-0.24,-0.3882312192,-18.93,-1.105875675,246.27,-0.6483805098,0.2213081662
1.514,-0.03,-0.06,-0.0964223112,-14.94,-0.8963363049,248.113,-0.6084920198,0.06407528993
1.515,0.04,0.08,0.1279040512,-11.38,-0.6991767359,248.184,-0.6069612832,-0.09792537184
1.516,0.08,0.16,0.2550549248,-9.62,-0.5980314896,248.341,-0.6035779691,-0.2122610828
1.517,0.06,0.12,0.1915736352,-10.41,-0.6437372678,248.552,-0.5990343346,-0.154150316
1.518,-0.01,-0.02,-0.0320936968,-12.89,-0.7840039152,249.238,-0.5842887499,0.02345528674
1.519,-0.1,-0.2,-0.32305528,-15.95,-0.9505012434,249.855,-0.5710609479,0.2123181569
1.52,-0.19,-0.38,-0.6178298248,-19.07,-1.113014539,250.739,-0.5521657757,0.3710287824
1.521,-0.29,-0.58,-0.9498290888,-22.52,-1.28449375,251.199,-0.542359781,0.5199262408
1.522,-0.4,-0.8,-1.32046528,-26.36,-1.465600122,251.505,-0.5358466034,0.6597553975
1.523,-0.51,-1.02,-1.696797377,-30.11,-1.632970217,249.535,-0.5779173136,0.7674734032
1.524,-0.6,-1.2,-2.00894208,-33.22,-1.764973081,247.333,-0.6253374619,0.8404523362
1.525,-0.67,-1.34,-2.254357415,-35.57,-1.860788174,242.939,-0.7212374091,0.8730964674
1.526,-0.73,-1.46,-2.466549287,-37.36,-1.93157444,238.294,-0.8245201091,0.8949436398
1.527,-0.77,-1.54,-2.608952007,-39.01,-1.99518704,232.001,-0.9677049595,0.8805423916
1.528,-0.82,-1.64,-2.788014563,-40.7,-2.058753072,227.25,-1.078401536,0.8887080527
1.529,-0.87,-1.74,-2.968253959,-42.22,-2.114584017,222.672,-1.187278832,0.8989634321
1.53,-0.92,-1.84,-3.149670195,-44.08,-2.181219309,218.037,-1.299816422,0.9048083498
1.531,-1.02,-2.04,-3.516033187,-47.17,-2.287957604,213.234,-1.418985633,0.9484993327
1.532,-1.16,-2.32,-4.036849741,-51.96,-2.444143669,209.127,-1.523034741,1.017561935
1.533,-1.33,-2.66,-4.681673735,-57.92,-2.623946329,205.311,-1.621559379,1.102736413
1.534,-1.48,-2.96,-5.261933747,-62.92,-2.763536144,201.068,-1.733282056,1.170145982
1.535,-1.55,-3.1,-5.53634642,-65.22,-2.824604353,199.323,-1.779915517,1.202372142
1.536,-1.54,-3.08,-5.497003389,-64.83,-2.814381723,198.633,-1.798467838,1.191671941
1.537,-1.48,-2.96,-5.261933747,-63.05,-2.767038657,199.725,-1.769136359,1.159993547
1.538,-1.43,-2.86,-5.067336903,-61.5,-2.724870127,200.691,-1.743322655,1.134090929
1.539,-1.41,-2.82,-4.989827681,-61,-2.71107478,203.93,-1.657667091,1.142165829
1.54,-1.41,-2.82,-4.989827681,-61.06,-2.712735254,206.702,-1.585434896,1.160919067
1.541,-1.38,-2.76,-4.873916899,-59.93,-2.681229928,208.886,-1.529203688,1.157580749
1.542,-1.25,-2.5,-4.3765325,-55.93,-2.565609054,211.968,-1.450843997,1.089651104
1.543,-1.01,-2.02,-3.479185057,-48.49,-2.332096439,214.746,-1.381183709,0.9369573309
1.544,-0.72,-1.44,-2.431066291,-39.2,-2.002413015,217.482,-1.313451885,0.7331620451
1.545,-0.5,-1,-1.66235,-31.39,-1.688030169,219.686,-1.259506949,0.563979327
1.546,-0.38,-0.76,-1.252653219,-27.17,-1.502531077,222.923,-1.181251609,0.4667491245
1.547,-0.36,-0.72,-1.185029453,-26.34,-1.464682731,225.199,-1.12690612,0.4572598205
1.548,-0.4,-0.8,-1.32046528,-27.75,-1.528709137,227.712,-1.06753601,0.5086057769
1.549,-0.49,-0.98,-1.627949697,-30.9,-1.667074528,229.899,-1.016398519,0.6066577409
1.55,-0.64,-1.28,-2.148896973,-36.41,-1.894239337,233.069,-0.9431331314,0.7573545584
1.551,-0.81,-1.62,-2.752107905,-42.5,-2.124732562,235.893,-0.878698987,0.916321168
1.552,-0.9,-1.8,-3.07696248,-45.52,-2.231566214,237.581,-0.8405518522,1.001576897
1.553,-0.85,-1.7,-2.89601698,-43.86,-2.173432812,239.304,-0.8018922587,0.9733447309
1.554,-0.7,-1.4,-2.36024152,-39.01,-1.99518704,239.988,-0.7866222251,0.8484555536
1.555,-0.56,-1.12,-1.869740365,-34,-1.797144096,239.954,-0.7873802333,0.7234369372
1.556,-0.47,-0.94,-1.559290311,-30.92,-1.667932812,240.153,-0.78294518,0.6362170275
1.557,-0.42,-0.84,-1.388465635,-29.28,-1.596711468,240.391,-0.7776457689,0.5847753714
1.558,-0.39,-0.78,-1.286535713,-27.93,-1.536788464,242.379,-0.7335839585,0.5666628522
1.559,-0.34,-0.68,-1.117593981,-26.04,-1.450889816,243.922,-0.6996334722,0.5196846678
1.56,-0.28,-0.56,-0.9164173312,-23.74,-1.343126497,245.69,-0.6609953624,0.4572662719
1.561,-0.23,-0.46,-0.7500646472,-21.91,-1.254788614,247.934,-0.6123531461,0.4017181036
1.562,-0.22,-0.44,-0.7169353312,-21.48,-1.233691807,250.747,-0.551995083,0.4014899451
1.563,-0.25,-0.5,-0.8164645,-22.51,-1.28400888,251.54,-0.5351021372,0.4488260981
1.564,-0.3,-0.6,-0.98328792,-24.44,-1.376304822,252.461,-0.5155491781,0.5197483103
1.565,-0.36,-0.72,-1.185029453,-26.52,-1.472929657,248.729,-0.5952258238,0.5729885708
1.566,-0.42,-0.84,-1.388465635,-28.44,-1.559565008,244.616,-0.6844334162,0.6187462614
1.567,-0.47,-0.94,-1.559290311,-30.39,-1.64510302,241.419,-0.7548159881,0.6497262224
1.568,-0.53,-1.06,-1.765833351,-32.44,-1.732430652,237.669,-0.8385705791,0.6868271122
1.569,-0.6,-1.2,-2.00894208,-34.81,-1.830163511,232.428,-0.9578672851,0.7205595013
1.57,-0.7,-1.4,-2.36024152,-38.48,-1.974922773,226.559,-1.094694086,0.7689042732
1.571,-0.85,-1.7,-2.89601698,-43.63,-2.165265302,221.186,-1.223101684,0.8546940139
1.572,-1,-2,-3.442384,-48.79,-2.342009385,216.352,-1.341322055,0.9345843717
1.573,-1.09,-2.18,-3.775288161,-52.19,-2.451372268,213.462,-1.413268213,0.9768795259
1.574,-1.12,-2.24,-3.887103539,-53.1,-2.479737343,210.776,-1.481014582,0.9814054535
1.575,-1.1,-2.2,-3.81251288,-52.52,-2.461701721,211.712,-1.457309254,0.9728252622
1.576,-1.08,-2.16,-3.738110515,-51.74,-2.437206744,213.665,-1.40818284,0.9721018987
1.577,-1.05,-2.1,-3.62686002,-51.01,-2.414029237,215.274,-1.368045709,0.958960378
1.578,-1.02,-2.04,-3.516033187,-50.03,-2.382524325,217.189,-1.320664467,0.9494609604
1.579,-0.97,-1.94,-3.332263271,-48.33,-2.326791689,219.316,-1.268525133,0.9268343892
1.58,-0.88,-1.76,-3.004443059,-45.4,-2.227411341,221.981,-1.203906868,0.875594415
1.581,-0.74,-1.48,-2.502079357,-40.9,-2.066171118,224.266,-1.149117225,0.7781819512
1.582,-0.6,-1.2,-2.00894208,-36.21,-1.886312353,227.45,-1.073695136,0.6786949314
1.583,-0.51,-1.02,-1.696797377,-33.21,-1.764558229,230.155,-1.010444435,0.6114579271
1.584,-0.49,-0.98,-1.627949697,-32.16,-1.720657414,232.612,-0.9536336706,0.6087406515
1.585,-0.49,-0.98,-1.627949697,-32.16,-1.720657414,234.786,-0.9038645921,0.6202842625
1.586,-0.47,-0.94,-1.559290311,-31.74,-1.702906482,236.201,-0.8717181729,0.6056379162
1.587,-0.44,-0.88,-1.456654285,-30.54,-1.651582289,238.184,-0.8269903177,0.5876988558
1.588,-0.41,-0.82,-1.354441921,-29.5,-1.606365158,239.688,-0.793314243,0.5644261979
1.589,-0.41,-0.82,-1.354441921,-29.44,-1.603735414,238.904,-0.8108423411,0.5609435926
1.59,-0.42,-0.84,-1.388465635,-29.88,-1.622966693,236.804,-0.8580775063,0.5596295444
1.591,-0.41,-0.82,-1.354441921,-29.58,-1.609867895,236.343,-0.8685028108,0.5465049751
1.592,-0.38,-0.76,-1.252653219,-28.19,-1.548421217,236.346,-0.8684349015,0.5182986317
1.593,-0.32,-0.64,-1.050346803,-26.14,-1.455494137,238.176,-0.8271700137,0.4601407539
1.594,-0.28,-0.56,-0.9164173312,-24.71,-1.389012656,241.061,-0.762755386,0.4258903903
1.595,-0.27,-0.54,-0.8830526472,-24.16,-1.363073778,242.814,-0.7239908661,0.4231074729
1.596,-0.25,-0.5,-0.8164645,-23.45,-1.329282563,246.819,-0.6364672398,0.4153450754
1.597,-0.22,-0.44,-0.7169353312,-22.31,-1.27429681,249.743,-0.5734596765,0.3880031468
1.598,-0.2,-0.4,-0.65081792,-21.24,-1.221860066,252.25,-0.5200224313,0.3736290599
1.599,-0.19,-0.38,-0.6178298248,-20.78,-1.19906837,254.269,-0.477371683,0.3685367835
1.6,-0.19,-0.38,-0.6178298248,-20.87,-1.203539452,256.586,-0.428841141,0.3784839316
1.601,-0.19,-0.38,-0.6178298248,-20.75,-1.197576727,258.825,-0.3823589148,0.3910474632
1.602,-0.15,-0.3,-0.48634818,-19.47,-1.133332914,260.801,-0.3416694537,0.3297270504
1.603,-0.14,-0.28,-0.4535954528,-18.91,-1.104854673,259.666,-0.3650033428,0.308598142
1.604,-0.17,-0.34,-0.5519948552,-19.88,-1.154039167,257.242,-0.4151805312,0.3517639091
1.605,-0.2,-0.4,-0.65081792,-21.12,-1.215928896,253.533,-0.4928801007,0.3808605417
1.606,-0.24,-0.48,-0.7832410368,-22.31,-1.27429681,250.637,-0.5543425852,0.4283190218
1.607,-0.27,-0.54,-0.8830526472,-23.6,-1.336450457,249.157,-0.586027732,0.4593303853
1.608,-0.33,-0.66,-1.083946855,-25.81,-1.440274464,246.678,-0.6395244013,0.5211786933
1.609,-0.36,-0.72,-1.185029453,-26.67,-1.479785624,244.044,-0.6969582858,0.5444046254
1.61,-0.35,-0.7,-1.15128818,-26.45,-1.469725083,240.609,-0.7727962884,0.5133900593
1.611,-0.4,-0.8,-1.32046528,-27.98,-1.53902896,238.555,-0.8186635376,0.5600667946
1.612,-0.48,-0.96,-1.593596467,-31.13,-1.676929612,236.207,-0.8715822734,0.6253047028
1.613,-0.58,-1.16,-1.939247075,-34.52,-1.818387019,235.058,-0.897670195,0.7139934554
1.614,-0.58,-1.16,-1.939247075,-34.6,-1.821640736,234.107,-0.9193591827,0.7074962176
1.615,-0.49,-0.98,-1.627949697,-31.45,-1.690585826,234.378,-0.9131696562,0.6252314044
1.616,-0.41,-0.82,-1.354441921,-28.32,-1.554221063,234.547,-0.909313389,0.5497962164
1.617,-0.35,-0.7,-1.15128818,-26.01,-1.449507215,235.582,-0.8857570505,0.4930012405
1.618,-0.34,-0.68,-1.117593981,-25.92,-1.445355796,236.516,-0.864588113,0.4838186661
1.619,-0.4,-0.8,-1.32046528,-28.08,-1.543505053,238.579,-0.818125324,0.5591329164
1.62,-0.49,-0.98,-1.627949697,-31.03,-1.672648878,241.251,-0.758540272,0.6696104647
1.621,-0.54,-1.08,-1.800421949,-32.98,-1.754999765,243.417,-0.7107212406,0.7301807238
1.622,-0.56,-1.12,-1.869740365,-33.37,-1.77118854,244.66,-0.6834711781,0.7617106157
1.623,-0.53,-1.06,-1.765833351,-32.64,-1.740810488,243.677,-0.7050098168,0.7219800031
1.624,-0.49,-0.98,-1.627949697,-31.01,-1.671791978,242.046,-0.7409392778,0.6747331237
1.625,-0.45,-0.9,-1.49081922,-29.55,-1.608554849,239.864,-0.7893872443,0.6217077652
1.626,-0.49,-0.98,-1.627949697,-30.99,-1.670934826,238.573,-0.8182598723,0.6540065741
1.627,-0.7,-1.4,-2.36024152,-38.21,-1.964538269,239.23,-0.8035468956,0.8526621762
1.628,-0.94,-1.88,-3.222566205,-46.74,-2.273393291,240.463,-0.7760436194,1.056774185
1.629,-0.94,-1.88,-3.222566205,-46.73,-2.27305349,243.727,-0.7039121647,1.082500297
1.63,-0.7,-1.4,-2.36024152,-38.78,-1.986412608,247.442,-0.6229802288,0.9045175132
1.631,-0.53,-1.06,-1.765833351,-32.79,-1.747079211,250.55,-0.5561999757,0.7666605773
1.632,-0.62,-1.24,-2.078825379,-36.12,-1.882737567,253.309,-0.4976089908,0.8733288739
1.633,-0.87,-1.74,-2.968253959,-44.96,-2.212113787,253.48,-0.4939986124,1.096870167
1.634,-1.03,-2.06,-3.552928391,-50.7,-2.404112018,253.675,-0.4898844854,1.227689248
1.635,-1.13,-2.26,-3.924469479,-53.91,-2.504673445,252.759,-0.5092378674,1.302118434
1.636,-1.22,-2.44,-4.262881251,-57.33,-2.606821773,252.132,-0.5225256928,1.362226885
1.637,-1.15,-2.3,-3.99934258,-54.97,-2.536869595,249.931,-0.5694338515,1.287492561
1.638,-0.76,-1.52,-2.573280717,-42.68,-2.13123449,247.169,-0.6288860827,0.9323073571
1.639,-0.26,-0.52,-0.8497350368,-25.41,-1.421728351,242.269,-0.7360125252,0.3938077302
1.64,-0.03,-0.06,-0.0964223112,-15.84,-0.9446394691,238.292,-0.8245650118,0.054500377
1.641,-0.19,-0.38,-0.6178298248,-21.63,-1.241065966,234.504,-0.9102943058,0.2871810142
1.642,-0.55,-1.1,-1.83505762,-34.87,-1.832593747,230.983,-0.9912319444,0.6498480504
1.643,-0.91,-1.82,-3.113292801,-47.51,-2.299408598,226.489,-1.096347333,0.9168187776
1.644,-1.15,-2.3,-3.99934258,-56.14,-2.571843432,222.062,-1.20195503,1.059765809
1.645,-1.28,-2.56,-4.490607411,-60.61,-2.700248033,219.204,-1.271257962,1.130706442
1.646,-1.31,-2.62,-4.605105985,-61.71,-2.730635884,216.178,-1.345626496,1.129737381
1.647,-1.3,-2.6,-4.56689272,-61.59,-2.727343206,215.192,-1.370083965,1.114575691
1.648,-1.31,-2.62,-4.605105985,-61.77,-2.732280187,213.782,-1.405254056,1.113007341
1.649,-1.32,-2.64,-4.643366323,-62.13,-2.742117605,212.353,-1.441135542,1.109989322
1.65,-1.32,-2.64,-4.643366323,-62.25,-2.745385969,210.383,-1.490999175,1.096068031
1.651,-1.31,-2.62,-4.605105985,-61.95,-2.737204971,209.124,-1.523111489,1.080930496
1.652,-1.29,-2.58,-4.528726529,-61.25,-2.717984351,207.06,-1.576176914,1.054624233
1.653,-1.26,-2.52,-4.414510397,-60.3,-2.691600304,207.174,-1.573232202,1.035095843
1.654,-1.23,-2.46,-4.300717927,-59.33,-2.664298981,207.087,-1.575479336,1.014373301
1.655,-1.2,-2.4,-4.18734912,-58.39,-2.637486208,210.198,-1.49570576,1.013102985
1.656,-1.17,-2.34,-4.074403975,-57.45,-2.610316321,213.509,-1.412090381,1.012926906
1.657,-1.14,-2.28,-3.961882493,-56.51,-2.582782512,213.397,-1.414897557,0.9910454125
1.658,-1.1,-2.2,-3.81251288,-55.5,-2.552784956,213.421,-1.414295895,0.961037353
1.659,-1.07,-2.14,-3.700979943,-54.57,-2.52477768,215.647,-1.358783916,0.9529860288
1.66,-1.05,-2.1,-3.62686002,-53.95,-2.505897326,217.954,-1.301853391,0.952494081
1.661,-1.05,-2.1,-3.62686002,-53.71,-2.498543445,218.746,-1.282447828,0.9592352266
1.662,-1.05,-2.1,-3.62686002,-53.79,-2.500997565,218.927,-1.278022834,0.9597354967
1.663,-1.05,-2.1,-3.62686002,-53.96,-2.506203187,219.221,-1.270843068,0.9602371207
1.664,-1.06,-2.12,-3.663896445,-54.07,-2.509564744,220.482,-1.240157043,0.9771115439
1.665,-1.06,-2.12,-3.663896445,-54.14,-2.511701147,222.049,-1.20226824,0.986517675
1.666,-1.06,-2.12,-3.663896445,-54.19,-2.513225832,223.479,-1.167924601,0.9953128813
1.667,-1.06,-2.12,-3.663896445,-54.25,-2.515054007,224.516,-1.143156647,1.001554255
1.668,-1.09,-2.18,-3.775288161,-55.26,-2.545592962,226.362,-1.099348099,1.035761099
1.669,-1.15,-2.3,-3.99934258,-57.36,-2.607695966,227.642,-1.069180884,1.087700987
1.67,-1.17,-2.34,-4.074403975,-58.26,-2.633750103,230.089,-1.011978839,1.117582805
1.671,-1.13,-2.26,-3.924469479,-56.79,-2.591022532,233.383,-0.9359302456,1.112708257
1.672,-0.97,-1.94,-3.332263271,-51.89,-2.441938868,236.053,-0.8750714532,1.004598403
1.673,-0.72,-1.44,-2.431066291,-44.11,-2.182279147,239.924,-0.7880491533,0.8184503683
1.674,-0.49,-0.98,-1.627949697,-36.4,-1.893843543,242.743,-0.725555461,0.6214974099
1.675,-0.32,-0.64,-1.050346803,-30.2,-1.636875475,245.407,-0.6671613548,0.4558724017
1.676,-0.22,-0.44,-0.7169353312,-26.47,-1.470641008,246.97,-0.6331951943,0.3407752611
1.677,-0.17,-0.34,-0.5519948552,-24.68,-1.387603126,246.518,-0.642995638,0.271838467
1.678,-0.12,-0.24,-0.3882312192,-22.91,-1.303349294,246.143,-0.6511401852,0.1986356147
1.679,-0.09,-0.18,-0.2905379208,-21.48,-1.233691807,246.522,-0.6429088296,0.154821391
1.68,-0.07,-0.14,-0.2256444232,-20.7,-1.19508923,247.235,-0.6274576962,0.1238071953
1.681,-0.06,-0.12,-0.1932682848,-20.38,-1.179126991,248.259,-0.6053447834,0.1083055992
1.682,-0.06,-0.12,-0.1932682848,-20.14,-1.167107229,249.141,-0.5863713015,0.1102199322
1.683,-0.05,-0.1,-0.16093922,-19.82,-1.151016555,249.526,-0.578110276,0.09307542807
1.684,-0.04,-0.08,-0.1286572288,-19.49,-1.134345791,249.88,-0.5705256642,0.07546447471
1.685,-0.03,-0.06,-0.0964223112,-19.15,-1.117087496,248.047,-0.609915351,0.0558321669
1.686,-0.02,-0.04,-0.0642344672,-18.85,-1.101789922,246.373,-0.6461433929,0.03674880881
1.687,-0.02,-0.04,-0.0642344672,-18.79,-1.098722549,244.369,-0.6898382859,0.03591405221
1.688,-0.02,-0.04,-0.0642344672,-18.47,-1.082318874,243.274,-0.7138651246,0.03576162979
1.689,0.04,0.08,0.1279040512,-16.2,-0.963789633,242.641,-0.7278039901,-0.07561157092
1.69,0.16,0.32,0.5070971392,-10.6,-0.6546554013,241.909,-0.7439682785,-0.3625686784
1.691,0.23,0.46,0.7251627128,-7.13,-0.45066962,239.389,-0.7999922936,-0.579823136
1.692,0.15,0.3,0.47575662,-10.17,-0.6299047856,237.597,-0.8401915661,-0.3236227472
1.693,-0.06,-0.12,-0.1932682848,-18.26,-1.071513278,234.251,-0.9160693915,0.09723785972
1.694,-0.34,-0.68,-1.117593981,-28.77,-1.57421266,230.973,-0.9914635682,0.4355943157
1.695,-0.57,-1.14,-1.904470183,-37.19,-1.924931849,229.477,-1.026227943,0.6453294019
1.696,-0.73,-1.46,-2.466549287,-42.93,-2.140236312,227.95,-1.061947218,0.7702710555
1.697,-0.85,-1.7,-2.89601698,-47.36,-2.294363738,225.873,-1.110917973,0.8504485754
1.698,-0.91,-1.82,-3.113292801,-49.66,-2.370511976,223.004,-1.179308018,0.8770283581
1.699,-0.94,-1.88,-3.222566205,-50.65,-2.402508268,217.274,-1.318571079,0.866029962
1.7,-0.93,-1.86,-3.186094663,-50.44,-2.395759741,214.936,-1.376452303,0.8446223665
1.701,-0.89,-1.78,-3.040679233,-49.01,-2.349251248,213.756,-1.405904758,0.8097344632
1.702,-0.83,-1.66,-2.823968295,-47.28,-2.291668598,209.718,-1.507936783,0.7432267334
1.703,-0.8,-1.6,-2.71624832,-46.13,-2.252573643,210.641,-1.484442303,0.7268495395
1.704,-0.78,-1.56,-2.644670371,-45.61,-2.234677552,212.481,-1.437911695,0.7201105797
1.705,-0.77,-1.54,-2.608952007,-45.43,-2.228450748,213.854,-1.403452524,0.7183429217
1.706,-0.77,-1.54,-2.608952007,-45.3,-2.22394333,214.831,-1.37906651,0.7241034921
1.707,-0.77,-1.54,-2.608952007,-45.23,-2.221512679,216.83,-1.329515004,0.7347033704
1.708,-0.76,-1.52,-2.573280717,-44.99,-2.213159957,219.776,-1.257315633,0.7414778321
1.709,-0.73,-1.46,-2.466549287,-44.09,-2.181572641,222.281,-1.196681401,0.7301254604
1.71,-0.68,-1.36,-2.289605043,-42.33,-2.118575954,225.68,-1.115491301,0.707964573
1.711,-0.61,-1.22,-2.043860193,-39.85,-2.02698052,229.758,-1.019680749,0.6708524553
1.712,-0.52,-1.04,-1.731291827,-37.12,-1.922191812,232.382,-0.9589262124,0.6009097206
1.713,-0.45,-0.9,-1.49081922,-34.45,-1.815536867,233.816,-0.9260134835,0.5437869196
1.714,-0.37,-0.74,-1.218817799,-31.72,-1.702058465,237.248,-0.848055818,0.4779463443
1.715,-0.29,-0.58,-0.9498290888,-28.92,-1.580847375,238.919,-0.8105064427,0.3971930384
1.716,-0.22,-0.44,-0.7169353312,-26,-1.449046214,241.049,-0.7630217153,0.3241018603
1.717,-0.13,-0.26,-0.4208897992,-22.82,-1.299007415,243.756,-0.7032756297,0.210204946
1.718,-0.05,-0.1,-0.16093922,-19.42,-1.130799456,246.539,-0.6425399098,0.09075489054
1.719,0.01,0.02,0.0320466232,-16.87,-0.9991717239,247.205,-0.6281069155,-0.01969338405
1.72,0.02,0.04,0.0640461728,-16.58,-0.9838982539,246.805,-0.6367707096,-0.03951835584
1.721,-0.03,-0.06,-0.0964223112,-18.65,-1.09155514,243.898,-0.7001598959,0.05381565109
1.722,-0.12,-0.24,-0.3882312192,-22.24,-1.270890974,240.53,-0.7745531611,0.1898028954
1.723,-0.23,-0.46,-0.7500646472,-26.38,-1.466517247,238.116,-0.8285179263,0.3268205455
1.724,-0.33,-0.66,-1.083946855,-30.59,-1.653738882,236.075,-0.8745728596,0.4287235777
1.725,-0.37,-0.74,-1.218817799,-32.07,-1.716862858,235.595,-0.8854618323,0.4683573129
1.726,-0.25,-0.5,-0.8164645,-27.66,-1.524661514,235.508,-0.8874378334,0.3384870945
1.727,0,0,0,-17.95,-1.055503049,236.268,-0.8702008246,-0
1.728,0.11,0.22,0.3499238072,-12.63,-0.7695249792,236.694,-0.8605632613,-0.2146655614
1.729,-0.02,-0.04,-0.0642344672,-17.91,-1.053432069,237.017,-0.8532674617,0.0336888252
1.73,-0.24,-0.48,-0.7832410368,-26.86,-1.4884484,237.373,-0.8452377799,0.335623977
1.731,-0.36,-0.72,-1.185029453,-31.29,-1.683765736,237.922,-0.8328785028,0.4708768266
1.732,-0.27,-0.54,-0.8830526472,-28.21,-1.549314217,239.031,-0.8079990674,0.3746013111
1.733,-0.12,-0.24,-0.3882312192,-22.27,-1.272351038,240.54,-0.7743307403,0.1896881202
1.734,-0.03,-0.06,-0.0964223112,-18.51,-1.084373424,242.737,-0.7256877013,0.05327019616
1.735,0.03,0.06,0.0959986488,-16.28,-0.9680320117,245.162,-0.6725051499,-0.05851659508
1.736,0.04,0.08,0.1279040512,-15.66,-0.9350278181,247.456,-0.6226775402,-0.08211055481
1.737,0.02,0.04,0.0640461728,-16.3,-0.9690918569,245.374,-0.6678808203,-0.03912476591
1.738,0,0,0,-17.04,-1.008096015,243.046,-0.718881575,-0
1.739,-0.02,-0.04,-0.0642344672,-17.9,-1.05291414,241.157,-0.7606252291,0.03541939496
1.74,-0.07,-0.14,-0.2256444232,-19.99,-1.159573893,238.943,-0.809969049,0.1145668969
1.741,-0.17,-0.34,-0.5519948552,-23.73,-1.342650085,236.599,-0.8627109795,0.2502968172
1.742,-0.31,-0.62,-1.016793825,-29.12,-1.589671068,233.182,-0.940539893,0.4018612838
1.743,-0.44,-0.88,-1.456654285,-34.09,-1.800832412,228.634,-1.045917735,0.5116902466
1.744,-0.49,-0.98,-1.627949697,-36.04,-1.879555991,223.619,-1.164574105,0.5347832206
1.745,-0.43,-0.86,-1.422536423,-33.84,-1.790575003,219.63,-1.260870887,0.4661843841
1.746,-0.36,-0.72,-1.185029453,-31.31,-1.684619123,216.091,-1.347780017,0.3907894041
1.747,-0.44,-0.88,-1.456654285,-34.41,-1.813906888,216.714,-1.33237792,0.4629759776
1.748,-0.64,-1.28,-2.148896973,-41.99,-2.106216243,218.163,-1.296725638,0.6314821258
1.749,-0.79,-1.58,-2.680435809,-47.84,-2.310468255,220.178,-1.247538699,0.7533531675
1.75,-0.76,-1.52,-2.573280717,-46.98,-2.281533561,222.44,-1.192855856,0.7406425729
1.751,-0.57,-1.14,-1.904470183,-40.79,-2.062093908,225.245,-1.12581342,0.5974045
1.752,-0.37,-0.74,-1.218817799,-33.94,-1.7946825,228.706,-1.044233211,0.4293251097
1.753,-0.24,-0.48,-0.7832410368,-29.34,-1.599347375,232.16,-0.9640396364,0.3055492727
1.754,-0.21,-0.42,-0.6838530888,-28.09,-1.543952303,235.542,-0.8866655162,0.2813494921
1.755,-0.25,-0.5,-0.8164645,-29.83,-1.620787553,236.936,-0.855096124,0.3297669061
1.756,-0.32,-0.64,-1.050346803,-32.75,-1.745408904,238.733,-0.8146730746,0.4102785818
1.757,-0.35,-0.7,-1.15128818,-33.88,-1.792218728,240.408,-0.7772674404,0.4480616374
1.758,-0.26,-0.52,-0.8497350368,-30.84,-1.664498164,242.307,-0.7351734412,0.3541047179
1.759,-0.06,-0.12,-0.1932682848,-23.05,-1.310092142,244.431,-0.6884810846,0.09670312912
1.76,0.19,0.38,0.6008362552,-12.33,-0.752753048,246.454,-0.6443847636,-0.4300479525
1.761,0.37,0.74,1.154374041,-3.42,-0.2215873049,247.912,-0.6128278902,-1.383452803
1.762,0.41,0.82,1.275311199,-1.32,-0.08673051104,249.073,-0.5878317181,-1.890576057
1.763,0.35,0.7,1.09362302,-4.3,-0.2769736057,249.739,-0.5735453653,-1.285830249
1.764,0.27,0.54,0.8487359928,-7.82,-0.4920113549,250.415,-0.5590834108,-0.8074780891
1.765,0.21,0.42,0.6630936312,-10.87,-0.6701212323,251.338,-0.5394001978,-0.5482280964
1.766,0.12,0.24,0.3814526208,-15.18,-0.9092771192,252.452,-0.515739904,-0.2676828519
1.767,-1.33226763e-14,-2.664535259e-14,-4.272276977e-14,-20.58,-1.189111962,252.735,-0.5097458853,2.514793679e-14
1.768,-0.06,-0.12,-0.1932682848,-23.6,-1.336450457,253.369,-0.4963419139,0.1054501797
1.769,0.02,0.04,0.0640461728,-20.47,-1.183623767,254.763,-0.4669876567,-0.03880148403
1.77,0.22,0.44,0.6941517088,-11.64,-0.7139102482,256.114,-0.4386917387,-0.6022475379
1.771,0.42,0.84,1.305427805,-1.2,-0.07890898373,256.854,-0.4232560673,-2.59959908
1.772,0.52,1.04,1.604004813,1.91,0.1282244698,257.381,-0.4122904543,-5.646592342
1.773,0.5,1,1.544666,1.47,0.09839736986,256.596,-0.428632638,-4.677471333
1.774,0.43,0.86,1.335497337,-0.23,-0.01522226044,255.607,-0.4492930269,-2.875034199
1.775,0.36,0.72,1.124022067,-3.18,-0.2063673069,253.437,-0.4949062561,-1.602829661
1.776,0.26,0.52,0.8179132832,-7.42,-0.468092788,251.839,-0.528746488,-0.8205066784
1.777,0.09,0.18,0.2867249592,-13.77,-0.8326205898,250.289,-0.5617760196,-0.2056265465
1.778,-0.12,-0.24,-0.3882312192,-21.81,-1.249894007,248.579,-0.5984532001,0.2100423653
1.779,-0.32,-0.64,-1.050346803,-29.38,-1.601103361,245.608,-0.6627812439,0.4639577481
1.78,-0.44,-0.88,-1.456654285,-33.79,-1.788518985,242.781,-0.7247180153,0.5795928854
1.781,-0.51,-1.02,-1.696797377,-36.37,-1.892655812,239.966,-0.7871126887,0.6331880445
1.782,-0.62,-1.24,-2.078825379,-40.74,-2.060238437,237.335,-0.8460943065,0.7152743897
1.783,-0.77,-1.54,-2.608952007,-46.16,-2.253601936,235.257,-0.8931428035,0.8290955331
1.784,-0.84,-1.68,-2.859969101,-48.86,-2.344316145,232.826,-0.9487140032,0.8684916238
1.785,-0.79,-1.58,-2.680435809,-47.06,-2.284240608,231.389,-0.9818364768,0.8206896957
1.786,-0.66,-1.32,-2.219156861,-42.94,-2.140595694,229.365,-1.028839735,0.7001741826
1.787,-0.58,-1.16,-1.939247075,-40.19,-2.039737475,226.951,-1.085445335,0.6205227639
1.788,-0.56,-1.12,-1.869740365,-39.58,-2.016804215,223.953,-1.156589243,0.5891927331
1.789,-0.56,-1.12,-1.869740365,-39.67,-2.020200831,221.617,-1.212686891,0.5783499229
1.79,-0.58,-1.16,-1.939247075,-40.29,-2.043477333,218.616,-1.28562826,0.5825129366
1.791,-0.62,-1.24,-2.078825379,-41.74,-2.097088518,214.336,-1.391407865,0.5959087099
1.792,-0.66,-1.32,-2.219156861,-43.48,-2.159923705,208.832,-1.530586918,0.6013143132
1.793,-0.69,-1.38,-2.324899745,-44.57,-2.198471384,209.841,-1.504799917,0.6277962255
1.794,-0.69,-1.38,-2.324899745,-44.66,-2.201626598,209.666,-1.50926349,0.626507304
1.795,-0.68,-1.36,-2.289605043,-44.06,-2.18051249,212.5,-1.43743332,0.6328466934
1.796,-0.64,-1.28,-2.148896973,-42.89,-2.138798253,216,-1.350033477,0.6159359748
1.797,-0.6,-1.2,-2.00894208,-41.49,-2.087927002,221.252,-1.221505528,0.6070352127
1.798,-0.56,-1.12,-1.869740365,-40.29,-2.043477333,225.063,-1.130138016,0.5891515382
1.799,-0.54,-1.08,-1.800421949,-39.6,-2.017559409,225.423,-1.121587249,0.5735386539
1.8,-0.49,-0.98,-1.627949697,-37.94,-1.954112242,226.415,-1.098095606,0.5333679021
1.801,-0.34,-0.68,-1.117593981,-32.62,-1.739973613,229.485,-1.026041435,0.4040447942
1.802,-0.1,-0.2,-0.32305528,-23.71,-1.341697053,231.355,-0.9826226567,0.1389891755
1.803,0.11,0.22,0.3499238072,-15.18,-0.9092771192,234.234,-0.9164576643,-0.1916619053
1.804,0.16,0.32,0.5070971392,-12.72,-0.7745428726,236.435,-0.8664206496,-0.3090240169
1.805,0.09,0.18,0.2867249592,-15.55,-0.9291420015,237.362,-0.8454857077,-0.161569076
1.806,0.04,0.08,0.1279040512,-17.98,-1.057055512,238.116,-0.8285179263,-0.0678329725
1.807,0.03,0.06,0.0959986488,-18.39,-1.078206264,239.627,-0.794675978,-0.05125717285
1.808,0.06,0.12,0.1915736352,-16.98,-1.004948719,242.121,-0.7392817918,-0.1098327509
1.809,0.11,0.22,0.3499238072,-14.72,-0.8844354223,241.529,-0.7523788727,-0.2137834501
1.81,0.14,0.28,0.4443690272,-13.25,-0.8039649764,241.629,-0.7501642762,-0.2859279731
1.811,0.13,0.26,0.4129343608,-13.73,-0.8304237177,240.855,-0.7673292125,-0.2584469432
1.812,0.06,0.12,0.1915736352,-16.79,-0.9949646151,240.276,-0.7802057533,-0.1079184503
1.813,0.01,0.02,0.0320466232,-18.68,-1.093092217,238.803,-0.8131046065,-0.0168118123
1.814,0,0,0,-19.32,-1.125727111,236.446,-0.8661717498,-0
1.815,-0.12,-0.24,-0.3882312192,-23.86,-1.348838081,233.561,-0.9318513837,0.1702253749
1.816,-0.36,-0.72,-1.185029453,-33.69,-1.784402404,230.741,-0.9968400571,0.4260791604
1.817,-0.6,-1.2,-2.00894208,-43.3,-2.153498153,229,-1.037360239,0.6295929913
1.818,-0.63,-1.26,-2.113837639,-44.27,-2.187923698,227.827,-1.064834814,0.6498599978
1.819,-0.4,-0.8,-1.32046528,-36.68,-1.904903701,229.239,-1.031779526,0.4496451192
1.82,-0.1,-0.2,-0.32305528,-26.1,-1.453653211,230.525,-1.001850615,0.1315637453
1.821,0.1,0.2,0.31834792,-18.11,-1.063775206,232.366,-0.9592945841,-0.1573588423
1.822,0.17,0.34,0.5383905848,-14.98,-0.8984961455,233.124,-0.9418707787,-0.2925452407
1.823,0.19,0.38,0.6008362552,-13.79,-0.8337185639,233.874,-0.9246865362,-0.3416938766
1.824,0.27,0.54,0.8487359928,-10.41,-0.6437372678,234.519,-0.9099521051,-0.546271351
1.825,0.45,0.9,1.39549518,-0.88,-0.05799008367,235.188,-0.8947121687,-1.464775775
1.826,0.65,1.3,1.98511742,4.72,0.3228432436,235.702,-0.8830325786,-3.543654433
1.827,0.71,1.42,2.158332351,6.29,0.4347370739,236.298,-0.8695215544,-4.964143036
1.828,0.59,1.18,1.810207839,3.32,0.2249820134,237.525,-0.8418130444,-2.934689969
1.829,0.4,0.8,1.24514752,-2.97,-0.1930093327,238.264,-0.8251936893,-1.222887276
1.83,0.27,0.54,0.8487359928,-8.91,-0.5565261699,239.159,-0.8051349338,-0.6233092731
1.831,0.23,0.46,0.7251627128,-10.91,-0.6724075418,237.539,-0.8414977185,-0.4790013826
1.832,0.17,0.34,0.5383905848,-13.53,-0.8194208608,233.763,-0.9272263267,-0.308242322
1.833,0.07,0.14,0.2233378168,-18.2,-1.06842003,232.905,-0.946899007,-0.11082008
1.834,-0.08,-0.16,-0.2580676352,-24.65,-1.386192984,232.786,-0.9496332235,0.1104823785
1.835,-0.18,-0.36,-0.5848888032,-28.97,-1.583055717,233.857,-0.9250754349,0.233197057
1.836,-0.19,-0.38,-0.6178298248,-29.69,-1.614677467,234.631,-0.9073976982,0.2449688389
1.837,-0.17,-0.34,-0.5519948552,-28.66,-1.569337952,235.653,-0.8841449037,0.2249841909
1.838,-0.1,-0.2,-0.32305528,-26.27,-1.461469761,236.663,-0.8612640009,0.1390840764
1.839,-0.05,-0.1,-0.16093922,-24.19,-1.364493954,237.18,-0.8495894543,0.07268886953
1.84,0,0,0,-22.31,-1.27429681,237.844,-0.8346327266,-0
1.841,0.06,0.12,0.1915736352,-19.85,-1.152528185,238.405,-0.8220285998,-0.09702108173
1.842,0.08,0.16,0.2550549248,-18.85,-1.101789922,238.851,-0.8120293512,-0.1332701203
1.843,0.08,0.16,0.2550549248,-18.88,-1.103322625,238.487,-0.8201887702,-0.1325986035
1.844,0.08,0.16,0.2550549248,-18.75,-1.096676176,237.432,-0.8439081815,-0.1314320214
1.845,0.1,0.2,0.31834792,-18.09,-1.062742215,235.94,-0.8776331438,-0.164065122
1.846,0.15,0.3,0.47575662,-16.03,-0.9547586358,234.709,-0.9056194564,-0.2557311452
1.847,0.25,0.5,0.7870435,-11.56,-0.7093825356,234.386,-0.9129870483,-0.4851197334
1.848,0.38,0.76,1.184678941,-4.63,-0.297573958,234.686,-0.9061437483,-0.9841833634
1.849,0.52,1.04,1.604004813,1.36,0.09096769082,235.844,-0.8798104114,-2.033364536
1.85,0.56,1.12,1.722117555,2.4,0.1616457535,237.4,-0.8446292786,-2.521462805
1.851,0.5,1,1.544666,0.94,0.06269922562,239.093,-0.8066115612,-2.076408639
1.852,0.42,0.84,1.305427805,-1.66,-0.1088233646,241.188,-0.7599375471,-1.502631837
1.853,0.37,0.74,1.154374041,-3.82,-0.2468446163,240.377,-0.7779573537,-1.126436204
1.854,0.36,0.72,1.124022067,-4.22,-0.2719656925,239.346,-0.8009533681,-1.04762988
1.855,0.3,0.6,0.94092168,-6.6,-0.4186480073,238,-0.8311248541,-0.7528741494
1.856,0.08,0.16,0.2550549248,-15.19,-0.9098153711,236.277,-0.8699970345,-0.1433043865
1.857,-0.18,-0.36,-0.5848888032,-24.91,-1.398393886,233.789,-0.9266313127,0.2515623502
1.858,-0.38,-0.76,-1.252653219,-32.03,-1.715174777,230.328,-1.006424525,0.4602636464
1.859,-0.52,-1.04,-1.731291827,-37.25,-1.927278198,225.506,-1.119617759,0.5682149478
1.86,-0.65,-1.3,-2.18400338,-41.67,-2.094526705,220.599,-1.237318789,0.6554935948
1.861,-0.8,-1.6,-2.71624832,-47.15,-2.287282234,216.605,-1.33506947,0.7498577007
1.862,-0.91,-1.82,-3.113292801,-51.13,-2.417856159,212.589,-1.435193084,0.8080075297
1.863,-0.93,-1.86,-3.186094663,-51.93,-2.443199029,212.534,-1.436577389,0.8212057398
1.864,-0.98,-1.96,-3.368923107,-53.81,-2.501610653,212.891,-1.427598366,0.8574049105
1.865,-1.12,-2.24,-3.887103539,-58.57,-2.642648004,215.008,-1.374660442,0.9675890194
1.866,-1.23,-2.46,-4.300717927,-62.7,-2.757594673,217.369,-1.316232378,1.055694774
1.867,-1.21,-2.42,-4.225091649,-61.93,-2.736658373,218.789,-1.281396255,1.051526681
1.868,-1.02,-2.04,-3.516033187,-56.22,-2.574213526,220.811,-1.232179802,0.923717778
1.869,-0.76,-1.52,-2.573280717,-47.99,-2.315477691,222.203,-1.198559083,0.7322862229
1.87,-0.54,-1.08,-1.800421949,-41.03,-2.0709811,224.632,-1.140393192,0.5606390863
1.871,-0.43,-0.86,-1.422536423,-37.26,-1.927669054,226.317,-1.100411767,0.4697815242
1.872,-0.41,-0.82,-1.354441921,-36.45,-1.895821927,228.531,-1.048328462,0.4600450868
1.873,-0.45,-0.9,-1.49081922,-38.29,-1.96761948,229.454,-1.026764189,0.4978718109
1.874,-0.52,-1.04,-1.731291827,-41.09,-2.073197976,230.827,-0.994846418,0.5642981669
1.875,-0.55,-1.1,-1.83505762,-42.1,-2.11022177,231.579,-0.9774452444,0.5943184972
1.876,-0.43,-0.86,-1.422536423,-38.3,-1.968004376,231.902,-0.9699884111,0.4841864928
1.877,-0.17,-0.34,-0.5519948552,-29.03,-1.585703598,231.158,-0.9871801505,0.2145432554
1.878,0.14,0.28,0.4443690272,-16.69,-0.9896990223,231.957,-0.9687197066,-0.2269019493
1.879,0.37,0.74,1.154374041,-5.85,-0.3729363483,233.35,-0.9366867809,-0.8814551416
1.88,0.44,0.88,1.365519795,-2.27,-0.1482089132,234.613,-0.9078081456,-1.293084978
1.881,0.36,0.72,1.124022067,-5.46,-0.3489809216,235.226,-0.8938478236,-0.9044062357
1.882,0.23,0.46,0.7251627128,-11.32,-0.6957691206,235.276,-0.8927107403,-0.4565136333
1.883,0.13,0.26,0.4129343608,-16.13,-0.9600736144,235.784,-0.8811716537,-0.2242690683
1.884,0.1,0.2,0.31834792,-17.18,-1.015429303,237.667,-0.8386155999,-0.1717045361
1.885,0.12,0.24,0.3814526208,-16.16,-0.961666644,238.83,-0.8124997488,-0.2150038589
1.886,0.13,0.26,0.4129343608,-15.76,-0.9403706388,239.875,-0.7891419026,-0.2387576562
1.887,0.11,0.22,0.3499238072,-16.66,-0.9881178902,241.017,-0.7637319915,-0.1997453154
1.888,0.1,0.2,0.31834792,-17.19,-1.015952553,242.067,-0.74047513,-0.1812473825
1.889,0.15,0.3,0.47575662,-15.12,-0.9060460152,242.345,-0.7343344887,-0.2900282092
1.89,0.23,0.46,0.7251627128,-11.53,-0.7076833433,242.353,-0.7341578839,-0.5029421403
1.891,0.28,0.56,0.8795116288,-8.94,-0.5582881546,241.84,-0.7454944832,-0.6745845537
1.892,0.3,0.6,0.94092168,-8.12,-0.5098642897,241.37,-0.7559019698,-0.743361322
1.893,0.28,0.56,0.8795116288,-8.71,-0.5447609703,240.804,-0.7684621717,-0.6697350973
1.894,0.25,0.5,0.7870435,-9.91,-0.6148676309,239.93,-0.7879153626,-0.5610586268
1.895,0.22,0.44,0.6941517088,-11.35,-0.6974732837,238.729,-0.8147627153,-0.4590233993
1.896,0.14,0.28,0.4443690272,-14.54,-0.8746709042,236.598,-0.8627335917,-0.2557660166
1.897,-0.03,-0.06,-0.0964223112,-21.01,-1.210483013,233.981,-0.9222394104,0.04521090516
1.898,-0.24,-0.48,-0.7832410368,-29.52,-1.607241227,230.808,-0.9952868092,0.3009539286
1.899,-0.44,-0.88,-1.456654285,-37.29,-1.928841275,227.782,-1.065891641,0.4864054075
1.9,-0.57,-1.14,-1.904470183,-42.07,-2.10913,224.894,-1.134156845,0.5872037456
1.901,-0.62,-1.24,-2.078825379,-44.19,-2.185103088,223.991,-1.15568154,0.6222566284
1.902,-0.65,-1.3,-2.18400338,-45.26,-2.222554694,222.34,-1.19526154,0.6390055026
1.903,-0.65,-1.3,-2.18400338,-45.04,-2.214902545,222.185,-1.198992489,0.6397394643
1.904,-0.59,-1.18,-1.974071041,-43.12,-2.147055498,220.737,-1.233973039,0.5838670154
1.905,-0.5,-1,-1.66235,-40.4,-2.047584795,220.091,-1.249653088,0.5041644123
1.906,-0.46,-0.92,-1.525031229,-38.79,-1.986794726,220.443,-1.241103463,0.472453324
1.907,-0.44,-0.88,-1.456654285,-38.31,-1.968389214,221.156,-1.223827367,0.4563143659
1.908,-0.39,-0.78,-1.286535713,-36.47,-1.896612871,222.658,-1.187615212,0.4171337781
1.909,-0.26,-0.52,-0.8497350368,-31.94,-1.711372967,223.114,-1.176669702,0.2942252363
1.91,-0.12,-0.24,-0.3882312192,-26.98,-1.493907299,222.434,-1.193000166,0.1444899849
1.911,-0.08,-0.16,-0.2580676352,-25.45,-1.42358781,223.397,-1.169888009,0.09950647439
1.912,-0.15,-0.3,-0.48634818,-28.33,-1.55466675,224.442,-1.144920286,0.1801565105
1.913,-0.25,-0.5,-0.8164645,-32.58,-1.738299124,226.324,-1.100246293,0.2876348199
1.914,-0.31,-0.62,-1.016793825,-34.85,-1.831783907,228.464,-1.049897188,0.3528474496
1.915,-0.29,-0.58,-0.9498290888,-34.24,-1.806968749,229.967,-1.014816319,0.3366057534
1.916,-0.22,-0.44,-0.7169353312,-31.64,-1.698663905,230.89,-0.9933864328,0.2663157227
1.917,-0.1,-0.2,-0.32305528,-27.51,-1.517903665,230.004,-1.013955613,0.1275960646
1.918,0.01,0.02,0.0320466232,-22.96,-1.305759017,231.461,-0.9801720067,-0.01401906832
1.919,0.1,0.2,0.31834792,-19.49,-1.134345791,233.634,-0.9301794908,-0.1541990901
1.92,0.15,0.3,0.47575662,-17.4,-1.02692367,234.283,-0.9153386014,-0.2449497306
1.921,0.18,0.36,0.5696369568,-15.85,-0.945172734,233.44,-0.9346237547,-0.3030311846
1.922,0.24,0.48,0.7561266432,-13.4,-0.8122524512,233.588,-0.9312329515,-0.4336868218
1.923,0.34,0.68,1.063176899,-8.51,-0.5329633153,236.215,-0.8714010795,-0.7570520181
1.924,0.46,0.92,1.425423491,-2.02,-0.1321062886,237.79,-0.8358475262,-1.47261519
1.925,0.54,1.08,1.663155331,1.01,0.06739971161,238.849,-0.8120741492,-2.233399251
1.926,0.54,1.08,1.663155331,1.19,0.07950673123,240.584,-0.7733521984,-2.397011165
1.927,0.52,1.04,1.604004813,0.49,0.03258588131,242.155,-0.7385305673,-2.27213951
1.928,0.51,1.02,1.574358943,0.25,0.01659890551,244.113,-0.6954458625,-2.319166238
1.929,0.54,1.08,1.663155331,1.07,0.07143217463,245.468,-0.6658316883,-2.798042887
1.93,0.59,1.18,1.810207839,2.34,0.1575417291,246.38,-0.6459913897,-3.706027427
1.931,0.64,1.28,1.956083507,3.61,0.245106061,247.213,-0.6279337826,-5.109565992
1.932,0.68,1.36,2.071936717,4.63,0.3164980837,247.631,-0.6188953765,-6.851703922
1.933,0.7,1.4,2.12958088,5.08,0.3482985823,247.71,-0.6171888753,-7.919887536
1.934,0.71,1.42,2.158332351,5.34,0.3667574801,248.538,-0.5993356885,-9.280028278
1.935,0.74,1.48,2.244304323,6.17,0.4261037932,247.777,-0.6157420159,-11.83466229
1.936,0.8,1.6,2.41497728,7.6,0.5298619186,247.027,-0.6319605714,-23.65337067
1.937,0.85,1.7,2.55591022,8.92,0.6273534251,244.763,-0.6812193427,-47.44948811
1.938,0.84,1.68,2.527817779,8.67,0.6087618467,241.653,-0.7496329094,-17.94419471
1.939,0.69,1.38,2.100782335,5.02,0.3440477163,238.654,-0.8164437555,-4.44707864
1.94,0.37,0.74,1.154374041,-5.25,-0.336029081,234.615,-0.9077625388,-0.9281088748
1.941,-0.05,-0.1,-0.16093922,-22.2,-1.268943242,229.427,-1.027393764,0.07008519202
1.942,-0.43,-0.86,-1.422536423,-36.71,-1.906086008,223.436,-1.168954103,0.4626074365
1.943,-0.66,-1.32,-2.219156861,-45.15,-2.218731721,217.535,-1.312148258,0.6284996585
1.944,-0.7,-1.4,-2.36024152,-46.8,-2.275431052,214.205,-1.394678731,0.6430983429
1.945,-0.62,-1.24,-2.078825379,-44.02,-2.179098226,212.133,-1.446681073,0.5733458128
1.946,-0.46,-0.92,-1.525031229,-38.97,-1.993663194,208.894,-1.528998796,0.4329201136
1.947,-0.3,-0.6,-0.98328792,-33.33,-1.769532425,206.276,-1.596472292,0.2921231557
1.948,-0.19,-0.38,-0.6178298248,-29.51,-1.606803225,206.001,-1.603609484,0.1924456077
1.949,-0.16,-0.32,-0.5191479808,-28.33,-1.55466675,207.604,-1.562139517,0.166564084
1.95,-0.17,-0.34,-0.5519948552,-28.73,-1.572440945,208.04,-1.550915485,0.1767313042
1.951,-0.19,-0.38,-0.6178298248,-29.68,-1.614240553,208.356,-1.542795328,0.1956993357
1.952,-0.22,-0.44,-0.7169353312,-30.83,-1.66406855,211.011,-1.475053041,0.2283872448
1.953,-0.25,-0.5,-0.8164645,-31.88,-1.708835633,210.936,-1.476954939,0.2562831679
1.954,-0.26,-0.52,-0.8497350368,-32.57,-1.737880348,211.754,-1.456248012,0.2660303347
1.955,-0.26,-0.52,-0.8497350368,-32.55,-1.737042611,215.348,-1.366206974,0.2738210426
1.956,-0.24,-0.48,-0.7832410368,-31.52,-1.693564582,217.584,-1.3109433,0.2606886277
1.957,-0.17,-0.34,-0.5519948552,-29.21,-1.59363332,217.75,-1.306863214,0.1903104688
1.958,-0.1,-0.2,-0.32305528,-26.71,-1.481611357,221.737,-1.209790786,0.1200323337
1.959,-0.09,-0.18,-0.2905379208,-26.06,-1.451811216,222.62,-1.188528349,0.1100380893
1.96,-0.15,-0.3,-0.48634818,-28.47,-1.560899531,223.885,-1.158213938,0.1788627748
1.961,-0.24,-0.48,-0.7832410368,-32.57,-1.737880348,224.018,-1.155036687,0.2707443827
1.962,-0.31,-0.62,-1.016793825,-35.52,-1.858783927,225.16,-1.127832714,0.3404500634
1.963,-0.32,-0.64,-1.050346803,-35.96,-1.876370655,227.882,-1.06354342,0.3572712591
1.964,-0.29,-0.58,-0.9498290888,-34.92,-1.834617301,230.567,-1.000875973,0.3349784313
1.965,-0.26,-0.52,-0.8497350368,-33.75,-1.78687308,233.818,-0.9259677212,0.3132270188
1.966,-0.25,-0.5,-0.8164645,-33.32,-1.769118245,237.016,-0.8532900339,0.3113414897
1.967,-0.24,-0.48,-0.7832410368,-33,-1.755832221,238.091,-0.8290796568,0.3030049278
1.968,-0.2,-0.4,-0.65081792,-31.73,-1.702482505,239.294,-0.8021158284,0.2598492187
1.969,-0.13,-0.26,-0.4208897992,-28.85,-1.577752985,240.041,-0.7854408381,0.1781021071
1.97,-0.02,-0.04,-0.0642344672,-24.98,-1.401670901,240.855,-0.7673292125,0.02961478278
1.971,0.05,0.1,0.15976238,-22,-1.259187749,242.818,-0.7239027336,-0.08056232501
1.972,0.11,0.22,0.3499238072,-19.44,-1.131813056,244.902,-0.6781819599,-0.1933286026
1.973,0.24,0.48,0.7561266432,-13.84,-0.8364621522,246.936,-0.6339317717,-0.514234064
1.974,0.45,0.9,1.39549518,-3.83,-0.2474743014,248.506,-0.6000245611,-1.646604192
1.975,0.65,1.3,1.98511742,3.43,0.2326062531,249.571,-0.5771455337,-5.761657761
1.976,0.74,1.48,2.244304323,5.67,0.3902762999,251.187,-0.5426153614,-14.73229716
1.977,0.64,1.28,1.956083507,3.29,0.2229045868,253.533,-0.4928801007,-7.245410813
1.978,0.49,0.98,1.514925983,-1.6,-0.104931936,255.979,-0.4415125155,-2.772332996
1.979,0.41,0.82,1.275311199,-5.8,-0.3698722461,257.47,-0.410440793,-1.634358437
1.98,0.48,0.96,1.485138893,-1.96,-0.1282336076,259.101,-0.3766569414,-2.941506621
1.981,0.67,1.34,2.043044025,3.79,0.2576354299,259.703,-0.3642410716,-19.16450191
1.982,0.78,1.56,2.358274589,6.61,0.4578249719,259.923,-0.3597108901,24.03604605
1.983,0.67,1.34,2.043044025,4.02,0.2736882735,258.922,-0.3803542677,-19.15365848
1.984,0.43,0.86,1.335497337,-4.06,-0.2619335767,258.045,-0.3985061207,-2.022133651
1.985,0.19,0.38,0.6008362552,-15.16,-0.908200388,255.929,-0.4425576251,-0.4448141335
1.986,0.08,0.16,0.2550549248,-20.14,-1.167107229,252.448,-0.5158246733,-0.1515539187
1.987,0.11,0.22,0.3499238072,-18.87,-1.102811797,247.981,-0.611339061,-0.2041382796
1.988,0.22,0.44,0.6941517088,-14.34,-0.8637924207,242.374,-0.733694324,-0.4345273669
1.989,0.34,0.68,1.063176899,-8.58,-0.5370961905,238.723,-0.8148971791,-0.7863773027
1.99,0.4,0.8,1.24514752,-5.19,-0.3323217565,235.943,-0.8775651184,-1.029143754
1.991,0.38,0.76,1.184678941,-6.18,-0.3931071275,235.678,-0.883577362,-0.9279339967
1.992,0.32,0.64,1.002143437,-8.94,-0.5582881546,233.787,-0.9266770806,-0.6748598641
1.993,0.27,0.54,0.8487359928,-10.97,-0.6758346262,232.522,-0.9557040417,-0.5202058704
1.994,0.24,0.48,0.7561266432,-12.17,-0.7437792651,233.504,-0.9331571977,-0.45089761
1.995,0.21,0.42,0.6630936312,-13.73,-0.8304237177,233.347,-0.9367555622,-0.3752271424
1.996,0.18,0.36,0.5696369568,-15.08,-0.9038904282,232.875,-0.9475881735,-0.3076659683
1.997,0.18,0.36,0.5696369568,-14.78,-0.8876847721,230.964,-0.9916720382,-0.3031020792
1.998,0.21,0.42,0.6630936312,-13.41,-0.8128043309,227.998,-1.060820773,-0.3539094506
1.999,0.2,0.4,0.63198848,-14.12,-0.8517907325,226.318,-1.100388127,-0.3237349267
2,0.1,0.2,0.31834792,-18.14,-1.065324141,225.023,-1.131088946,-0.1449399122
2.001,-0.01,-0.02,-0.0320936968,-22.83,-1.299490124,224.778,-1.136917079,0.01317255045
2.002,-0.1,-0.2,-0.32305528,-26.42,-1.468350696,224.459,-1.144515074,0.1236402129
2.003,-0.17,-0.34,-0.5519948552,-29.35,-1.599786467,224.389,-1.146183791,0.2010199687
2.004,-0.24,-0.48,-0.7832410368,-32.48,-1.734108591,224.238,-1.149785224,0.2715914965
2.005,-0.33,-0.66,-1.083946855,-36.07,-1.880749522,224.298,-1.1483539,0.3578441222
2.006,-0.32,-0.64,-1.050346803,-35.56,-1.860387443,224.673,-1.139416795,0.350138449
2.007,-0.1,-0.2,-0.32305528,-27.74,-1.528259664,225.874,-1.110894287,0.1224086529
2.008,0.2,0.4,0.63198848,-15.92,-0.9489034806,227.227,-1.078943038,-0.3116549868
2.009,0.34,0.68,1.063176899,-8.99,-0.5612231769,230.392,-1.004938156,-0.6788425156
2.01,0.28,0.56,0.8795116288,-12.34,-0.7533132446,233.626,-0.9303626864,-0.52237584
2.011,0.12,0.24,0.3814526208,-19.56,-1.137888583,235.94,-0.8776331438,-0.1892575087
2.012,0.08,0.16,0.2550549248,-21.52,-1.235659803,236.806,-0.8580323214,-0.1218206449
2.013,0.18,0.36,0.5696369568,-17.33,-1.023270261,235.576,-0.8858933105,-0.2983699067
2.014,0.33,0.66,1.032683705,-10.81,-0.6666893869,235.099,-0.8967371024,-0.6605259102
2.015,0.47,0.94,1.455304729,-3.7,-0.2392817514,237.23,-0.8484617377,-1.337911689
2.016,0.58,1.16,1.780891485,1.29,0.0862453457,239.246,-0.8031890929,-2.484004487
2.017,0.63,1.26,1.927002521,2.46,0.1657530267,241.674,-0.7491680068,-3.30297059
2.018,0.63,1.26,1.927002521,2.58,0.1739773267,243.752,-0.7033634231,-3.640070137
2.019,0.69,1.38,2.100782335,3.93,0.2674009624,244.758,-0.6813286332,-5.075240152
2.02,0.81,1.62,2.443258015,7.06,0.4904547193,246.109,-0.6518792376,-15.13560666
2.021,0.91,1.82,2.723476319,9.69,0.6849914265,248.046,-0.6099369196,36.28664593
2.022,0.88,1.76,2.639905101,8.98,0.6318242889,250.752,-0.5518884028,33.02528101
2.023,0.72,1.44,2.187036749,5.12,0.3511343416,255.014,-0.4617192742,-19.77698677
2.024,0.54,1.08,1.663155331,0.5,0.03325311302,258.422,-0.3906955526,-4.652931905
2.025,0.41,0.82,1.275311199,-4.95,-0.317462192,258.852,-0.3818008448,-1.82379324
2.026,0.35,0.7,1.09362302,-7.19,-0.4542800947,259.402,-0.3704454048,-1.326044873
2.027,0.37,0.74,1.154374041,-6.6,-0.4186480073,258.189,-0.3955214277,-1.417854799
2.028,0.37,0.74,1.154374041,-6.64,-0.4210728386,257.783,-0.4039408785,-1.399217997
2.029,0.31,0.62,0.9715560952,-8.88,-0.5547634564,258.331,-0.3925798184,-1.025558656
2.03,0.27,0.54,0.8487359928,-10.84,-0.6684056668,258.963,-0.3795071685,-0.8099299524
2.031,0.27,0.54,0.8487359928,-10.56,-0.6523592365,258.402,-0.39110962,-0.8133793237
2.032,0.26,0.52,0.8179132832,-10.88,-0.6706929287,257.011,-0.4199869206,-0.7499114279
2.033,0.13,0.26,0.4129343608,-16.39,-0.9738574527,254.258,-0.4776031358,-0.2844957445
2.034,-0.06,-0.12,-0.1932682848,-24.43,-1.375833207,251.437,-0.5372932911,0.1010222194
2.035,-0.09,-0.18,-0.2905379208,-25.55,-1.42823174,247.548,-0.6206888693,0.1418004775
2.036,0.06,0.12,0.1915736352,-19.78,-1.14900004,243.068,-0.7183973265,-0.1025885752
2.037,0.11,0.22,0.3499238072,-17.5,-1.032136534,240.933,-0.7655969153,-0.1946472139
2.038,-0.06,-0.12,-0.1932682848,-24.42,-1.375361524,239.217,-0.8038376279,0.08868775698
2.039,-0.25,-0.5,-0.8164645,-32.44,-1.732430652,239.193,-0.804374406,0.3218475529
2.04,-0.2,-0.4,-0.65081792,-30.38,-1.644670562,239.078,-0.8069472152,0.2654646764
2.041,0.1,0.2,0.31834792,-18.99,-1.108936933,238.354,-0.8231732032,-0.1647669633
2.042,0.35,0.7,1.09362302,-7.39,-0.4662936004,237.206,-0.849003012,-0.8314649408
2.043,0.38,0.76,1.184678941,-5.83,-0.3717109579,235.169,-0.8951443935,-0.9351335489
2.044,0.22,0.44,0.6941517088,-12.02,-0.7353481389,233.34,-0.9369160552,-0.4150969155
2.045,-0.02,-0.04,-0.0642344672,-20.49,-1.184622264,232.217,-0.9627262638,0.02991338685
2.046,-0.21,-0.42,-0.6838530888,-27.3,-1.508417823,231.875,-0.9706113398,0.2758552013
2.047,-0.3,-0.6,-0.98328792,-30.47,-1.648560403,233.258,-0.9387964747,0.380035676
2.048,-0.29,-0.58,-0.9498290888,-30.26,-1.639476122,234.838,-0.9026798145,0.3736313242
2.049,-0.26,-0.52,-0.8497350368,-29.26,-1.595832319,236.581,-0.8631180128,0.3455681987
2.05,-0.29,-0.58,-0.9498290888,-30.29,-1.640775588,238.459,-0.8208169335,0.3858595931
2.051,-0.41,-0.82,-1.354441921,-34.4,-1.813499243,239.967,-0.7870903939,0.5208210866
2.052,-0.58,-1.16,-1.939247075,-40.47,-2.050195159,241.508,-0.7528440545,0.6918372978
2.053,-0.71,-1.42,-2.395630369,-44.93,-2.211067154,242.372,-0.7337384708,0.8135105245
2.054,-0.67,-1.34,-2.254357415,-43.81,-2.171659624,243.385,-0.7114246066,0.7819256167
2.055,-0.48,-0.96,-1.593596467,-37.36,-1.93157444,242.57,-0.7293697007,0.5988838484
2.056,-0.27,-0.54,-0.8830526472,-29.88,-1.622966693,242.005,-0.7418455873,0.3734134225
2.057,-0.17,-0.34,-0.5519948552,-26.37,-1.466058718,238.619,-0.8172284217,0.2417544625
2.058,-0.21,-0.42,-0.6838530888,-27.66,-1.524661514,235.334,-0.8913920262,0.2830455026
2.059,-0.29,-0.58,-0.9498290888,-30.48,-1.648992291,233.004,-0.944625387,0.3662178497
2.06,-0.35,-0.7,-1.15128818,-32.59,-1.738717839,230.124,-1.011165085,0.4186680713
2.061,-0.37,-0.74,-1.218817799,-33.42,-1.773257312,227.726,-1.067207096,0.4290910304
2.062,-0.34,-0.68,-1.117593981,-32.49,-1.734527922,224.853,-1.135132282,0.3894516777
2.063,-0.29,-0.58,-0.9498290888,-30.61,-1.654601076,219.963,-1.252765434,0.3266974032
2.064,-0.29,-0.58,-0.9498290888,-30.36,-1.643805456,215.124,-1.371774816,0.3149739032
2.065,-0.38,-0.76,-1.252653219,-33.77,-1.787696154,212.336,-1.441563856,0.3879072034
2.066,-0.57,-1.14,-1.904470183,-40.44,-2.049076763,209.819,-1.505360848,0.5358007066
2.067,-0.79,-1.58,-2.680435809,-48.08,-2.318478066,208.855,-1.529997721,0.6964928344
2.068,-0.99,-1.98,-3.405630017,-54.93,-2.535663524,207.341,-1.568921381,0.8297136242
2.069,-1.14,-2.28,-3.961882493,-60.18,-2.688242787,206.988,-1.578037568,0.928650291
2.07,-1.23,-2.46,-4.300717927,-63.42,-2.77697356,206.514,-1.590303052,0.9847596819
2.071,-1.27,-2.54,-4.452535367,-64.95,-2.817532817,206.931,-1.579511045,1.012620185
2.072,-1.26,-2.52,-4.414510397,-64.49,-2.805426099,207.476,-1.565439122,1.009985477
2.073,-1.17,-2.34,-4.074403975,-61.8,-2.73310183,208.643,-1.535431041,0.9545209323
2.074,-1,-2,-3.442384,-56.63,-2.586317967,209.716,-1.507987804,0.8407735506
2.075,-0.75,-1.5,-2.5376565,-48.74,-2.340360252,210.979,-1.475864435,0.6649651706
2.076,-0.49,-0.98,-1.627949697,-40.42,-2.048330889,212.439,-1.438969306,0.4668223571
2.077,-0.34,-0.68,-1.117593981,-35.25,-1.847935408,213.683,-1.407732153,0.3432764432
2.078,-0.33,-0.66,-1.083946855,-34.95,-1.835830718,215.053,-1.373540833,0.3377442711
2.079,-0.45,-0.9,-1.49081922,-39.49,-2.013403076,216.228,-1.344389233,0.4439879191
2.08,-0.62,-1.24,-2.078825379,-45.8,-2.241232402,217.419,-1.315001893,0.5845580485
2.081,-0.75,-1.5,-2.5376565,-50.68,-2.403470658,218.717,-1.283157145,0.6883408458
2.082,-0.82,-1.64,-2.788014563,-53.5,-2.492087893,219.762,-1.257656445,0.7435212408
2.083,-0.85,-1.7,-2.89601698,-54.62,-2.526292969,220.913,-1.229709028,0.7710371246
2.084,-0.83,-1.66,-2.823968295,-54,-2.507426187,222.149,-1.199859404,0.7617347587
2.085,-0.75,-1.5,-2.5376565,-51.44,-2.427711506,223.744,-1.161584363,0.7070067758
2.086,-0.6,-1.2,-2.00894208,-46.64,-2.269993025,225.632,-1.116629317,0.5931993229
2.087,-0.41,-0.82,-1.354441921,-40.35,-2.045718595,227.397,-1.074941929,0.4340241145
2.088,-0.23,-0.46,-0.7500646472,-34.45,-1.815536867,229.548,-1.024572913,0.2640970615
2.089,-0.1,-0.2,-0.32305528,-29.71,-1.615551103,232.171,-0.9637861534,0.125247398
2.09,0.02,0.04,0.0640461728,-25.11,-1.407747973,235.235,-0.8936431308,-0.02782933014
2.091,0.17,0.34,0.5383905848,-19.11,-1.115051599,237.654,-0.8389082442,-0.2755382035
2.092,0.37,0.74,1.154374041,-10.31,-0.6379793222,240.228,-0.781274631,-0.8133667961
2.093,0.58,1.16,1.780891485,0.49,0.03258588131,242.128,-0.7391271193,-2.520576845
2.094,0.78,1.56,2.358274589,5.57,0.3831387118,244.124,-0.6952047911,-7.556971889
2.095,0.86,1.72,2.583955587,7.59,0.5291296552,245.815,-0.6582741286,-20.00825524
2.096,0.65,1.3,1.98511742,2.26,0.1520747473,247.4,-0.6238883975,-4.207418372
2.097,0.23,0.46,0.7251627128,-14.17,-0.8545216457,248.011,-0.6106918731,-0.49491948
2.098,-0.17,-0.34,-0.5519948552,-30.12,-1.633404388,248.726,-0.5952903522,0.2476762946
2.099,-0.34,-0.68,-1.117593981,-36.86,-1.911989692,248.902,-0.5915059991,0.446413383
2.1,-0.26,-0.52,-0.8497350368,-34.04,-1.798783951,248.849,-0.5926453238,0.3553251796
2.101,-0.11,-0.22,-0.3556197128,-28.71,-1.571554699,246.784,-0.6372259467,0.1610027295
2.102,-0.01,-0.02,-0.0320936968,-24.8,-1.393237573,244.211,-0.6932985177,0.01538132839
2.103,0.07,0.14,0.2233378168,-21.85,-1.251852694,242.411,-0.7328776733,-0.1125280393
2.104,0.11,0.22,0.3499238072,-20.08,-1.164095834,240.728,-0.7701509483,-0.1809095977
2.105,0.12,0.24,0.3814526208,-19.66,-1.142943575,239.791,-0.7910157065,-0.1972392203
2.106,0.1,0.2,0.31834792,-20.64,-1.192101881,239.291,-0.8021829011,-0.1596301205
2.107,0.05,0.1,0.15976238,-22.44,-1.280612836,240.356,-0.778424765,-0.07759080258
2.108,0.03,0.06,0.0959986488,-23.51,-1.332151583,241.183,-0.7600484575,-0.04588406793
2.109,0.05,0.1,0.15976238,-22.7,-1.293209475,242.12,-0.7393038883,-0.07860336019
2.11,0.11,0.22,0.3499238072,-20.3,-1.17512499,243.94,-0.6992386885,-0.1866893876
2.111,0.15,0.3,0.47575662,-18.5,-1.083859896,244.981,-0.6764564459,-0.2702676835
2.112,0.12,0.24,0.3814526208,-19.73,-1.146477775,245.554,-0.6639576379,-0.2106966192
2.113,0.01,0.02,0.0320466232,-24.51,-1.379604216,245.083,-0.6742293898,-0.0156033201
2.114,-0.15,-0.3,-0.48634818,-31.04,-1.673077235,244.593,-0.6849364731,0.2062533303
2.115,-0.27,-0.54,-0.8830526472,-36,-1.877963793,241.86,-0.7450520602,0.3366554747
2.116,-0.31,-0.62,-1.016793825,-37.55,-1.938978796,239.559,-0.7961943863,0.3717475118
2.117,-0.27,-0.54,-0.8830526472,-36.27,-1.888692906,237.874,-0.833957957,0.3243356168
2.118,-0.2,-0.4,-0.65081792,-33.76,-1.787284647,236.459,-0.8658776104,0.2452989515
2.119,-0.14,-0.28,-0.4535954528,-31.58,-1.696115367,236.288,-0.8697479682,0.1767808311
2.12,-0.1,-0.2,-0.32305528,-30.24,-1.638609494,236.412,-0.8669411139,0.1289358431
2.121,-0.08,-0.16,-0.2580676352,-29.51,-1.606803225,237.73,-0.8371976271,0.1055922853
2.122,-0.06,-0.12,-0.1932682848,-28.92,-1.580847375,239.194,-0.8043520391,0.08102814533
2.123,-0.04,-0.08,-0.1286572288,-28.05,-1.542162911,241.195,-0.7597822762,0.05589065697
2.124,-0.01,-0.02,-0.0320936968,-26.93,-1.491633917,243.021,-0.7194319107,0.01451503452
2.125,0.03,0.06,0.0959986488,-25.55,-1.42823174,244.713,-0.6823123483,-0.04548526105
2.126,0.08,0.16,0.2550549248,-23.34,-1.324016234,246.91,-0.6344951052,-0.1302289753
2.127,0.18,0.36,0.5696369568,-19.44,-1.131813056,249.265,-0.5837092147,-0.3320487099
2.128,0.32,0.64,1.002143437,-13.13,-0.7973224563,251.396,-0.5381657478,-0.7503948247
2.129,0.49,0.98,1.514925983,-4.96,-0.3180823083,253.465,-0.4943152148,-1.864759481
2.13,0.62,1.24,1.897874461,1.16,0.07748688771,255.722,-0.4468865527,-5.137726535
2.131,0.7,1.4,2.12958088,3.04,0.2056245185,257.518,-0.4094434882,-10.4483939
2.132,0.72,1.44,2.187036749,3.69,0.2506710171,258.94,-0.379982354,-16.91295444
2.133,0.72,1.44,2.187036749,3.68,0.2499750781,259.364,-0.3712291879,-18.03680513
2.134,0.71,1.42,2.158332351,3.47,0.235381436,259.082,-0.3770492738,-15.23516123
2.135,0.7,1.4,2.12958088,3.05,0.2063146311,258.693,-0.3850880953,-11.9121755
2.136,0.67,1.34,2.043044025,2.41,0.1623300733,258.82,-0.3824622675,-9.280986966
2.137,0.63,1.26,1.927002521,1.43,0.0956944162,259.686,-0.3645912908,-7.166325467
2.138,0.57,1.14,1.751528057,-0.14,-0.00927127891,260.002,-0.3580850786,-4.76792635
2.139,0.49,0.98,1.514925983,-3.54,-0.2291788342,258.931,-0.3801683076,-2.486146039
2.14,0.39,0.78,1.214936767,-7.65,-0.4818619997,258.894,-0.3809328516,-1.408140957
2.141,0.26,0.52,0.8179132832,-12.79,-0.7784413185,254.636,-0.4696553102,-0.6553284933
2.142,0.08,0.16,0.2550549248,-19.51,-1.135358379,250.185,-0.5639995118,-0.1500889991
2.143,-0.13,-0.26,-0.4208897992,-27.44,-1.514744942,244.322,-0.6908673615,0.1908267371
2.144,-0.34,-0.68,-1.117593981,-35.01,-1.838255943,235.98,-0.8767262104,0.4116395312
2.145,-0.5,-1,-1.66235,-40.85,-2.064318663,230.87,-0.993849877,0.5435769737
2.146,-0.6,-1.2,-2.00894208,-44.47,-2.194960674,224.169,-1.151431719,0.6003306978
2.147,-0.64,-1.28,-2.148896973,-46.18,-2.254287212,216.302,-1.342558609,0.5974392787
2.148,-0.65,-1.3,-2.18400338,-46.28,-2.257710568,208.103,-1.549295609,0.5736800201
2.149,-0.63,-1.26,-2.113837639,-45.74,-2.239164431,200.777,-1.741030567,0.5310889643
2.15,-0.66,-1.32,-2.219156861,-46.79,-2.27509155,197.21,-1.836933001,0.5396750026
2.151,-0.77,-1.54,-2.608952007,-50.87,-2.409556037,196.186,-1.864784898,0.6103752712
2.152,-0.93,-1.86,-3.186094663,-56.81,-2.591609851,193.62,-1.935221465,0.7038244724
2.153,-1.07,-2.14,-3.700979943,-61.9,-2.735838196,196.746,-1.84953543,0.8071272366
2.154,-1.12,-2.24,-3.887103539,-63.67,-2.783658179,196.351,-1.860287233,0.8370261048
2.155,-1.08,-2.16,-3.738110515,-62.49,-2.751906617,196.425,-1.858271325,0.8108386621
2.156,-1.03,-2.06,-3.552928391,-60.92,-2.708858671,195.831,-1.874474531,0.7751843984
2.157,-1.02,-2.04,-3.516033187,-60.69,-2.702473674,198.389,-1.805043797,0.7800376171
2.158,-1.03,-2.06,-3.552928391,-61.05,-2.712458604,204.163,-1.651557943,0.8141418239
2.159,-0.99,-1.98,-3.405630017,-59.78,-2.677010475,205.764,-1.609768095,0.7944497159
2.16,-0.89,-1.78,-3.040679233,-56.57,-2.584550994,207.618,-1.561778746,0.7333423591
2.161,-0.78,-1.56,-2.644670371,-53.35,-2.487464795,209.334,-1.517741774,0.660308108
2.162,-0.72,-1.44,-2.431066291,-51.44,-2.427711506,212.039,-1.449052281,0.6270865145
2.163,-0.66,-1.32,-2.219156861,-49.58,-2.367906163,214.813,-1.379514788,0.5921824341
2.164,-0.57,-1.14,-1.904470183,-46.55,-2.266928506,218.518,-1.288027066,0.5357226396
2.165,-0.47,-0.94,-1.559290311,-43.33,-2.154570265,220.865,-1.230871603,0.4605869402
2.166,-0.41,-0.82,-1.354441921,-41.19,-2.076888401,223.159,-1.175590766,0.416433696
2.167,-0.35,-0.7,-1.15128818,-39.49,-2.013403076,225.259,-1.125480904,0.3667826487
2.168,-0.28,-0.56,-0.9164173312,-37.01,-1.917880312,227.323,-1.076683221,0.3060270124
2.169,-0.19,-0.38,-0.6178298248,-33.88,-1.792218728,229.358,-1.029003015,0.2189937131
2.17,-0.11,-0.22,-0.3556197128,-31.16,-1.678212608,231.155,-0.987249584,0.1334176541
2.171,-0.06,-0.12,-0.1932682848,-29.05,-1.586585709,232.411,-0.9582586034,0.0759450328
2.172,0,0,0,-26.92,-1.491179042,233.807,-0.9262194186,-0
2.173,0.06,0.12,0.1915736352,-24.51,-1.379604216,235.004,-0.8988993945,-0.08407870599
2.174,0.13,0.26,0.4129343608,-22.02,-1.260164562,236.195,-0.8718540758,-0.193682341
2.175,0.19,0.38,0.6008362552,-19.4,-1.129785566,236.561,-0.8635703083,-0.301419462
2.176,0.26,0.52,0.8179132832,-16.27,-0.9675019767,238.702,-0.8153678289,-0.458762205
2.177,0.35,0.7,1.09362302,-12.15,-0.7426561335,241.314,-0.7571433617,-0.7291794827
2.178,0.44,0.88,1.365519795,-7.83,-0.4926076386,243.98,-0.6983614955,-1.146561868
2.179,0.49,0.98,1.514925983,-5.3,-0.3391162088,245.971,-0.6548799692,-1.524076266
2.18,0.48,0.96,1.485138893,-5.8,-0.3698722461,247.518,-0.6213372677,-1.498309764
2.181,0.45,0.9,1.39549518,-7.54,-0.4752821432,247.734,-0.6166705523,-1.27798135
2.182,0.46,0.92,1.425423491,-6.77,-0.4289443897,247.851,-0.6141444468,-1.366540837
2.183,0.53,1.06,1.633603609,-2.97,-0.1930093327,247.064,-0.631159302,-1.982123003
2.184,0.57,1.14,1.751528057,-0.7,-0.04618381899,247.156,-0.6291674765,-2.593506622
2.185,0.5,1,1.544666,-4.04,-0.2606780338,247.603,-0.619500343,-1.754946544
2.186,0.35,0.7,1.09362302,-10.82,-0.6672615596,248.383,-0.6026732413,-0.8611646986
2.187,0.24,0.48,0.7561266432,-15.64,-0.9339583489,246.007,-0.6540970074,-0.4761336815
2.188,0.2,0.4,0.63198848,-17.13,-1.012811942,243.677,-0.7050098168,-0.3679010798
2.189,0.15,0.3,0.47575662,-19.35,-1.127249575,239.809,-0.7906141218,-0.2480659188
2.19,0.03,0.06,0.0959986488,-24.58,-1.382900269,236.242,-0.8707895952,-0.04259621091
2.191,-0.1,-0.2,-0.32305528,-29.82,-1.620351533,233.87,-0.9247780392,0.1269307793
2.192,-0.14,-0.28,-0.4535954528,-31.28,-1.683338948,234.877,-0.9017914034,0.1754632808
2.193,-0.08,-0.16,-0.2580676352,-29.44,-1.603735414,232.153,-0.96420095,0.1004961177
2.194,-0.04,-0.08,-0.1286572288,-27.84,-1.532751452,228.983,-1.037757416,0.05005126823
2.195,-0.06,-0.12,-0.1932682848,-28.52,-1.563122439,227.507,-1.07235457,0.07333332226
2.196,-0.11,-0.22,-0.3556197128,-30.63,-1.655463018,226.01,-1.107673992,0.1287014403
2.197,-0.16,-0.32,-0.5191479808,-32.87,-1.75041688,225.356,-1.123177607,0.1806615315
2.198,-0.2,-0.4,-0.65081792,-34.38,-1.812683774,224.696,-1.138869139,0.2205001704
2.199,-0.21,-0.42,-0.6838530888,-34.75,-1.827731124,224.828,-1.135727148,0.2307618417
2.2,-0.17,-0.34,-0.5519948552,-33.62,-1.781517189,225.025,-1.131041395,0.1895223184
2.201,-0.09,-0.18,-0.2905379208,-30.5,-1.649855876,226.002,-1.107863367,0.1053544234
2.202,0.05,0.1,0.15976238,-25.5,-1.425910617,227.293,-1.077389311,-0.0638207105
2.203,0.19,0.38,0.6008362552,-20,-1.160076618,229.11,-1.034790987,-0.2737460126
2.204,0.27,0.54,0.8487359928,-16.51,-0.9802021512,231.031,-0.9901202898,-0.4307599483
2.205,0.28,0.56,0.8795116288,-16.14,-0.9606046993,233.671,-0.9293322925,-0.4653655824
2.206,0.28,0.56,0.8795116288,-16.11,-0.9590112194,236.679,-0.8609023174,-0.4832711066
2.207,0.35,0.7,1.09362302,-12.61,-0.7684090348,238.124,-0.828338185,-0.6849067945
2.208,0.52,1.04,1.604004813,-4.19,-0.2700863258,239.779,-0.7912834463,-1.511259181
2.209,0.69,1.38,2.100782335,2.48,0.16712284,241.216,-0.7593164908,-3.54745839
2.21,0.77,1.54,2.329852633,4.47,0.3052362103,242.404,-0.7330321652,-5.446177333
2.211,0.74,1.48,2.244304323,3.57,0.242325773,243.238,-0.7146568831,-4.751548808
2.212,0.66,1.32,2.014104259,1.46,0.09772149724,243.634,-0.7059539777,-3.3114053
2.213,0.6,1.2,1.83947712,0.1,0.00663293416,243.397,-0.7111608335,-2.610935808
2.214,0.6,1.2,1.83947712,0.06,0.003978700632,242.758,-0.7252248747,-2.550415082
2.215,0.62,1.24,1.897874461,0.5,0.03325311302,241.694,-0.7487252799,-2.652618157
2.216,0.62,1.24,1.897874461,0.56,0.03725836599,240.984,-0.7644645626,-2.609816129
2.217,0.6,1.2,1.83947712,-0.09,-0.005962092718,240.833,-0.7678179105,-2.377261124
2.218,0.56,1.12,1.722117555,-2.27,-0.1482089132,241.03,-0.7634434304,-1.889006887
2.219,0.51,1.02,1.574358943,-4.8,-0.3081503368,242.079,-0.7402099207,-1.501734668
2.22,0.46,0.92,1.425423491,-7.15,-0.4518734412,243.902,-0.700072155,-1.237405218
2.221,0.43,0.86,1.335497337,-8.84,-0.5524120377,245.901,-0.6564027231,-1.104798998
2.222,0.42,0.84,1.305427805,-9.36,-0.5828795432,247.76,-0.6161090924,-1.088774127
2.223,0.43,0.86,1.335497337,-9.01,-0.5623966193,249.551,-0.5775742865,-1.17151879
2.224,0.43,0.86,1.335497337,-8.85,-0.5530000139,250.864,-0.5494993243,-1.21133618
2.225,0.42,0.84,1.305427805,-9.65,-0.5997762913,251.95,-0.5263889533,-1.159179624
2.226,0.39,0.78,1.214936767,-11.23,-0.6906523648,252.744,-0.509555373,-1.012272067
2.227,0.35,0.7,1.09362302,-12.95,-0.7873377425,252.098,-0.523247189,-0.8344541385
2.228,0.35,0.7,1.09362302,-13.28,-0.805623864,251.524,-0.5354424518,-0.8154876512
2.229,0.4,0.8,1.24514752,-10.85,-0.6689776014,250.47,-0.5579084904,-1.014884371
2.23,0.5,1,1.544666,-5.88,-0.3747738078,249.729,-0.5737595932,-1.628478236
2.231,0.6,1.2,1.83947712,-0.17,-0.0112557326,247.261,-0.6268951031,-2.882511496
2.232,0.65,1.3,1.98511742,1.18,0.07883336081,244.477,-0.6874743512,-3.261557226
2.233,0.6,1.2,1.83947712,-0.13,-0.008609618032,242.13,-0.739082928,-2.46020524
2.234,0.45,0.9,1.39549518,-6.62,-0.4198605886,239.39,-0.7999699451,-1.144007419
2.235,0.2,0.4,0.63198848,-16.64,-0.987063429,236.212,-0.8714690265,-0.3400470506
2.236,-0.14,-0.28,-0.4535954528,-29.97,-1.626885128,231.836,-0.9715112537,0.1745674586
2.237,-0.49,-0.98,-1.627949697,-43.2,-2.149921015,226.673,-1.092002749,0.5021554531
2.238,-0.73,-1.46,-2.466549287,-52.16,-2.450430774,221.7,-1.210683584,0.6737154444
2.239,-0.81,-1.62,-2.752107905,-55.24,-2.544992513,220.137,-1.248535031,0.7254746071
2.24,-0.75,-1.5,-2.5376565,-53.5,-2.492087893,218.845,-1.280027074,0.6727410278
2.241,-0.66,-1.32,-2.219156861,-50.62,-2.401545457,219.465,-1.264891657,0.605262491
2.242,-0.62,-1.24,-2.078825379,-49.38,-2.361378283,220.41,-1.24190441,0.5769254196
2.243,-0.6,-1.2,-2.00894208,-48.64,-2.337058358,222.405,-1.193697722,0.5689835362
2.244,-0.51,-1.02,-1.696797377,-45.83,-2.242265703,224.681,-1.1392263,0.5017895579
2.245,-0.34,-0.68,-1.117593981,-40.11,-2.036741606,226.61,-1.0934899,0.3570323725
2.246,-0.13,-0.26,-0.4208897992,-32.93,-1.752917555,228.765,-1.042853233,0.1505451738
2.247,0.04,0.08,0.1279040512,-26.66,-1.479329025,231.048,-0.9897266341,-0.05180282216
2.248,0.17,0.34,0.5383905848,-21.66,-1.242538892,233.948,-0.9229940121,-0.2486180578
2.249,0.28,0.56,0.8795116288,-16.94,-1.002849035,236.342,-0.8685254475,-0.4699816295
2.25,0.35,0.7,1.09362302,-13.85,-0.837010639,239.183,-0.8045980794,-0.666189822
2.251,0.36,0.72,1.124022067,-13.54,-0.8199717364,241.549,-0.7519358801,-0.7150687836
2.252,0.34,0.68,1.063176899,-14.27,-0.8599777234,244.075,-0.6962787384,-0.6831630424
2.253,0.38,0.76,1.184678941,-12.87,-0.7828920179,246.353,-0.6465777113,-0.8287541293
2.254,0.48,0.96,1.485138893,-7.83,-0.4926076386,248.609,-0.5978075691,-1.361993929
2.255,0.63,1.26,1.927002521,0.19,0.01261012947,250.17,-0.564320284,-3.492780593
2.256,0.79,1.58,2.386649471,4.25,0.2897895594,251.953,-0.5263252506,-10.09001838
2.257,0.93,1.86,2.778955097,7.85,0.5481992408,253.823,-0.4867640789,45.23395086
2.258,1.01,2.02,2.998987263,9.9,0.7008097356,256.046,-0.4401123885,11.50371224
2.259,1.02,2.04,3.026279453,10.17,0.7212100352,258.067,-0.3980500182,9.364646905
2.26,0.99,1.98,2.944261663,9.61,0.6789765698,259.445,-0.3695586309,9.515484698
2.261,0.98,1.96,2.916828253,9.2,0.6482469267,258.276,-0.3937189822,11.45975644
2.262,0.98,1.96,2.916828253,9.17,0.6460047472,256.652,-0.4274651712,13.34691092
2.263,0.97,1.94,2.889347769,8.95,0.6295884267,254.023,-0.4825502028,19.65031739
2.264,0.93,1.86,2.778955097,8.02,0.5607024247,252.053,-0.52420226,76.13541251
2.265,0.86,1.72,2.583955587,6.25,0.4318578194,251.154,-0.5433182703,-23.18271248
2.266,0.77,1.54,2.329852633,3.93,0.2674009624,250.445,-0.5584425131,-8.005223402
2.267,0.68,1.36,2.071936717,1.58,0.1058378764,249.667,-0.5750879979,-4.415420735
2.268,0.59,1.18,1.810207839,-1.16,-0.07629901523,248.642,-0.5970974649,-2.68817538
2.269,0.49,0.98,1.514925983,-5.71,-0.3643515993,246.86,-0.6355786057,-1.515031725
2.27,0.34,0.68,1.063176899,-11.85,-0.7257715294,245.014,-0.6757358263,-0.7585953045
2.271,0.13,0.26,0.4129343608,-19.93,-1.15655603,242.172,-0.7381549946,-0.2179405489
2.272,-0.08,-0.16,-0.2580676352,-28.28,-1.552437667,238.72,-0.8149644122,0.1090087896
2.273,-0.23,-0.46,-0.7500646472,-34.15,-1.803288575,233.708,-0.9284852283,0.2745705543
2.274,-0.29,-0.58,-0.9498290888,-36.35,-1.891863699,228.222,-1.055567167,0.3222566133
2.275,-0.29,-0.58,-0.9498290888,-36.24,-1.887502893,224.812,-1.136107897,0.3141373525
2.276,-0.3,-0.6,-0.98328792,-36.69,-1.905297862,221.928,-1.205184382,0.3161207308
2.277,-0.37,-0.74,-1.218817799,-39.32,-2.006966342,221.376,-1.218507977,0.377872424
2.278,-0.48,-0.96,-1.593596467,-43.6,-2.164197929,220.683,-1.235281996,0.4687765489
2.279,-0.62,-1.24,-2.078825379,-48.73,-2.34003028,220.067,-1.250236515,0.5790169639
2.28,-0.72,-1.44,-2.431066291,-52.8,-2.47042747,219.316,-1.268525133,0.6501998151
2.281,-0.74,-1.48,-2.502079357,-53.59,-2.494856952,218.721,-1.283059302,0.6622908471
2.282,-0.65,-1.3,-2.18400338,-50.77,-2.406355306,218.222,-1.295278979,0.5900105769
2.283,-0.49,-0.98,-1.627949697,-45.69,-2.237439725,218.862,-1.279611499,0.4628734679
2.284,-0.36,-0.72,-1.185029453,-41.24,-2.078731569,219.77,-1.257461693,0.3552040783
2.285,-0.29,-0.58,-0.9498290888,-38.83,-1.988322632,221.491,-1.21572949,0.2964462039
2.286,-0.24,-0.48,-0.7832410368,-37.37,-1.931964661,223.249,-1.173433547,0.2522191952
2.287,-0.19,-0.38,-0.6178298248,-35.37,-1.852762307,224.871,-1.134704019,0.2068072933
2.288,-0.09,-0.18,-0.2905379208,-31.91,-1.710104579,226.87,-1.087355119,0.1038577682
2.289,0.05,0.1,0.15976238,-27.01,-1.495270535,229.056,-1.036052102,-0.06311419084
2.29,0.19,0.38,0.6008362552,-21.53,-1.236151625,231.827,-0.9717189477,-0.272133821
2.291,0.29,0.58,0.9102401912,-17.18,-1.015429303,234.245,-0.9162064257,-0.4712276634
2.292,0.36,0.72,1.124022067,-14.25,-0.8588871208,236.905,-0.8557961479,-0.655527518
2.293,0.44,0.88,1.365519795,-10.24,-0.6339440111,239.2,-0.8042178401,-0.9494896517
2.294,0.59,1.18,1.810207839,-2.28,-0.1488518939,241.755,-0.7473751892,-2.019809347
2.295,0.77,1.54,2.329852633,3.48,0.2360754595,244.525,-0.6864240488,-5.173442725
2.296,0.88,1.76,2.639905101,6.27,0.4332972598,248.893,-0.5916994522,-16.66583688
2.297,0.88,1.76,2.639905101,6.24,0.4311382393,254.185,-0.4791393945,-54.9966993
2.298,0.81,1.62,2.443258015,4.33,0.2954013801,258.523,-0.3886050013,-26.21419622
2.299,0.73,1.46,2.215694073,2.21,0.1486608132,258.869,-0.3814494973,-9.518048875
2.3,0.67,1.34,2.043044025,0.81,0.05398132586,258.713,-0.3846744936,-6.178065422
2.301,0.65,1.3,1.98511742,0.28,0.01859448794,257.011,-0.4199869206,-4.94557759
2.302,0.66,1.32,2.014104259,0.5,0.03325311302,255.697,-0.4474096072,-4.863147838
2.303,0.68,1.36,2.071936717,0.89,0.05934440726,254.467,-0.4732072438,-5.006336722
2.304,0.68,1.36,2.071936717,1.01,0.06739971161,253.767,-0.4879445592,-4.926791349
2.305,0.66,1.32,2.014104259,0.55,0.03659060203,252.137,-0.5224195986,-4.14570615
2.306,0.6,1.2,1.83947712,-1.92,-0.125650087,249.986,-0.5682566561,-2.650899618
2.307,0.48,0.96,1.485138893,-7.71,-0.4854468292,247.168,-0.6289077278,-1.332734616
2.308,0.3,0.6,0.94092168,-15.6,-0.931818505,244.602,-0.6847396191,-0.5820524892
2.309,0.13,0.26,0.4129343608,-22.94,-1.304795336,240.722,-0.7702842955,-0.1989968744
2.31,0.02,0.04,0.0640461728,-27.47,-1.516099075,236.087,-0.874300919,-0.02679307771
2.311,-0.02,-0.04,-0.0642344672,-29.15,-1.590992398,233.354,-0.936595074,0.02541335084
2.312,-0.03,-0.06,-0.0964223112,-29.56,-1.608992595,230.693,-0.997953109,0.03698669713
2.313,-0.04,-0.08,-0.1286572288,-30.18,-1.636008085,229.422,-1.02751036,0.04830348708
2.314,-0.07,-0.14,-0.2256444232,-31.31,-1.684619123,228.093,-1.058592051,0.08225557889
2.315,-0.1,-0.2,-0.32305528,-32.88,-1.750833812,227.849,-1.064318219,0.1147558911
2.316,-0.14,-0.28,-0.4535954528,-34.36,-1.811868063,227.469,-1.073248244,0.1572191221
2.317,-0.14,-0.28,-0.4535954528,-34.37,-1.812275948,227.678,-1.068334886,0.1574650236
2.318,-0.08,-0.16,-0.2580676352,-32.16,-1.720657414,228.194,-1.056223586,0.09293435161
2.319,0.04,0.08,0.1279040512,-27.88,-1.534546334,228.97,-1.038061159,-0.04971767033
2.32,0.17,0.34,0.5383905848,-22.78,-1.297075882,230.668,-0.9985329153,-0.2345306332
2.321,0.29,0.58,0.9102401912,-17.88,-1.051878061,232.202,-0.9630718569,-0.4517433327
2.322,0.41,0.82,1.275311199,-12.38,-0.7555532496,234.263,-0.9157953335,-0.7630432168
2.323,0.54,1.08,1.663155331,-6.12,-0.3894464619,235.397,-0.8899599982,-1.29994289
2.324,0.62,1.24,1.897874461,-1.91,-0.1250039901,236.958,-0.8545993885,-1.937390685
2.325,0.62,1.24,1.897874461,-1.8,-0.1178911993,237.045,-0.8526354768,-1.955509836
2.326,0.58,1.16,1.780891485,-4.11,-0.2650709474,236.795,-0.8582808429,-1.585337292
2.327,0.57,1.14,1.751528057,-4.89,-0.3137397254,235.841,-0.8798784653,-1.46741066
2.328,0.63,1.26,1.927002521,-1.41,-0.0925884157,235.704,-0.8829871824,-1.975246741
2.329,0.66,1.32,2.014104259,0.34,0.02258804273,236.113,-0.8737117619,-2.366405981
2.33,0.62,1.24,1.897874461,-1.69,-0.1107679054,236.764,-0.8589812836,-1.957077647
2.331,0.57,1.14,1.751528057,-4.43,-0.2850998976,238.647,-0.8166006795,-1.589840373
2.332,0.56,1.12,1.722117555,-5.03,-0.3224207647,240.92,-0.7658855925,-1.582383071
2.333,0.59,1.18,1.810207839,-3.03,-0.1968297564,243.776,-0.7028366842,-2.012087767
2.334,0.6,1.2,1.83947712,-2.78,-0.1808909279,246.937,-0.6339101062,-2.257578283
2.335,0.51,1.02,1.574358943,-7.21,-0.4554829271,250.562,-0.5559437456,-1.556572499
2.336,0.4,0.8,1.24514752,-12.65,-0.7706406119,254.469,-0.4731651953,-1.001078716
2.337,0.33,0.66,1.032683705,-16.46,-0.9775598357,258.464,-0.3898261152,-0.7552247441
2.338,0.32,0.64,1.002143437,-16.65,-0.9875906969,263.519,-0.286201685,-0.7867400143
2.339,0.42,0.84,1.305427805,-12.15,-0.7426561335,273.351,-0.09022470073,-1.567364443
2.34,0.61,1.22,1.868699327,-2.46,-0.1604107785,273.037,-0.09637381156,-7.277303231
2.341,0.84,1.68,2.527817779,4.68,0.3200222514,269.953,-0.157146855,15.51994859
2.342,1.05,2.1,3.10787358,10.02,0.7098678504,259.391,-0.3706722776,9.162482734
2.343,1.18,2.36,3.456552477,13.85,1.006348235,257.482,-0.4101914493,5.798059441
2.344,1.26,2.52,3.667169923,15.54,1.141791095,257.02,-0.4197995778,5.079242398
2.345,1.26,2.52,3.667169923,15.51,1.139361748,257.84,-0.4027580376,4.978484189
2.346,1.15,2.3,3.37679422,13.11,0.9479400111,258.502,-0.3890396031,6.041853202
2.347,0.96,1.92,2.861820211,8.19,0.5732330208,256.032,-0.4404049221,21.54529229
2.348,0.74,1.48,2.244304323,2.35,0.1582255076,252.554,-0.5135787415,-6.315699729
2.349,0.54,1.08,1.663155331,-5.13,-0.3286114071,246.756,-0.6378329897,-1.720901209
2.35,0.36,0.72,1.124022067,-12.41,-0.7572324329,240.651,-0.7718624896,-0.7350897911
2.351,0.19,0.38,0.6008362552,-19.57,-1.138394407,235.768,-0.8815347102,-0.2974541285
2.352,0,0,0,-27.2,-1.503890546,230.843,-0.9944755904,-0
2.353,-0.18,-0.36,-0.5848888032,-34.54,-1.819200808,228.156,-1.057114569,0.2033465481
2.354,-0.35,-0.7,-1.15128818,-40.96,-2.068392259,224.565,-1.141989151,0.3586141436
2.355,-0.46,-0.92,-1.525031229,-45.25,-2.222207407,222.386,-1.194154791,0.4463903827
2.356,-0.48,-0.96,-1.593596467,-46.06,-2.250172528,220.023,-1.251306296,0.4551209781
2.357,-0.41,-0.82,-1.354441921,-43.7,-2.167754002,218.9,-1.278682684,0.3929977667
2.358,-0.28,-0.56,-0.9164173312,-39.63,-2.018691782,218.102,-1.298221747,0.2762861689
2.359,-0.19,-0.38,-0.6178298248,-36.55,-1.899774315,219.403,-1.266403274,0.1951342929
2.36,-0.16,-0.32,-0.5191479808,-35.36,-1.852360392,220.344,-1.243506664,0.1676906571
2.361,-0.12,-0.24,-0.3882312192,-34.05,-1.799193764,221.826,-1.207643853,0.1291161242
2.362,-0.03,-0.06,-0.0964223112,-30.83,-1.66406855,223.203,-1.174536017,0.0339682083
2.363,0.09,0.18,0.2867249592,-26.6,-1.476588034,224.296,-1.148401605,-0.109228987
2.364,0.14,0.28,0.4443690272,-24.54,-1.38101722,225.74,-1.114069123,-0.1780976553
2.365,0.12,0.24,0.3814526208,-25.22,-1.412881174,227.331,-1.076494945,-0.1532322166
2.366,0.12,0.24,0.3814526208,-25.44,-1.423123046,229.332,-1.029609524,-0.1555214887
2.367,0.18,0.36,0.5696369568,-22.94,-1.304795336,231.012,-0.9905602921,-0.2481693685
2.368,0.29,0.58,0.9102401912,-18.66,-1.092067572,232.54,-0.9552899034,-0.4445927017
2.369,0.36,0.72,1.124022067,-15.59,-0.9312833553,233.203,-0.9400581022,-0.6006504386
2.37,0.4,0.8,1.24514752,-13.69,-0.8282256132,234.12,-0.9190621046,-0.7126173368
2.371,0.49,0.98,1.514925983,-9.39,-0.5846306229,235.381,-0.8903236515,-1.027100304
2.372,0.63,1.26,1.927002521,-1.84,-0.1204788833,237.234,-0.8483715307,-1.988957731
2.373,0.74,1.48,2.244304323,1.94,0.1302644618,240.376,-0.7779796105,-3.464955742
2.374,0.78,1.56,2.358274589,2.91,0.1966613113,243.819,-0.7018930732,-4.667708498
2.375,0.81,1.62,2.443258015,3.71,0.252063169,246.942,-0.6338017801,-6.400342915
2.376,0.92,1.84,2.751239245,6.47,0.4477122266,249.614,-0.5762238313,-21.40848876
2.377,1.09,2.18,3.216006719,11.08,0.7904862633,250.562,-0.5559437456,13.71182825
2.378,1.24,2.48,3.614798003,14.93,1.092572757,251.777,-0.5300637614,6.426204794
2.379,1.3,2.6,3.77134888,16.13,1.189753296,253.222,-0.4994467856,5.463296124
2.38,1.3,2.6,3.77134888,16.23,1.197917453,255.079,-0.4603557974,5.11326592
2.381,1.29,2.58,3.745374751,15.91,1.171827865,257.537,-0.409048773,4.910169658
2.382,1.25,2.5,3.6410075,15.31,1.123189317,261.835,-0.3205001993,4.536012038
2.383,1.18,2.36,3.456552477,13.64,0.9897176276,268.373,-0.1885517073,4.314402784
2.384,1.04,2.08,3.080722611,10.22,0.7249955928,266.042,-0.2352230361,6.290108683
2.385,0.86,1.72,2.583955587,5.79,0.3988536725,253.768,-0.4879234769,-29.01045539
2.386,0.68,1.36,2.071936717,1.1,0.07344960963,250.394,-0.5595320848,-4.262520915
2.387,0.49,0.98,1.514925983,-6.35,-0.403462751,247.516,-0.6213804971,-1.478202629
2.388,0.32,0.64,1.002143437,-13.89,-0.8392038172,244.728,-0.6819844232,-0.6587898921
2.389,0.19,0.38,0.6008362552,-19.18,-1.118613657,242.497,-0.7309799937,-0.3248477064
2.39,0.12,0.24,0.3814526208,-22.16,-1.266994388,240.762,-0.7693953771,-0.1873180799
2.391,0.06,0.12,0.1915736352,-24.71,-1.389012656,240.268,-0.7803838848,-0.08830733875
2.392,0.01,0.02,0.0320466232,-26.97,-1.493452755,240.225,-0.781341443,-0.01408770219
2.393,0.02,0.04,0.0640461728,-26.26,-1.461010498,241.139,-0.7610245689,-0.02882320525
2.394,0.12,0.24,0.3814526208,-22.71,-1.29369302,242.172,-0.7381549946,-0.1877367884
2.395,0.15,0.3,0.47575662,-21.22,-1.220872247,243.558,-0.7076231348,-0.2466983455
2.396,0.04,0.08,0.1279040512,-25.98,-1.448124012,244.452,-0.6880214654,-0.05987609579
2.397,-0.15,-0.3,-0.48634818,-33.81,-1.789341574,244.123,-0.6952267062,0.1957475606
2.398,-0.24,-0.48,-0.7832410368,-37.69,-1.944421352,243.786,-0.7026172249,0.2958933216
2.399,-0.19,-0.38,-0.6178298248,-35.86,-1.872383693,242.847,-0.7232638158,0.2380253185
2.4,-0.07,-0.14,-0.2256444232,-31.75,-1.703330398,240.793,-0.7687065669,0.09127874156
2.401,0.02,0.04,0.0640461728,-28.32,-1.554221063,238.533,-0.8191569476,-0.02698523897
2.402,0.06,0.12,0.1915736352,-26.82,-1.486626648,236.178,-0.8722391528,-0.08121430018
2.403,0.06,0.12,0.1915736352,-26.78,-1.484803834,235.726,-0.8824878506,-0.0809252347
2.404,0.05,0.1,0.15976238,-27.31,-1.508870189,235.761,-0.8816935551,-0.06683042041
2.405,0.06,0.12,0.1915736352,-26.86,-1.4884484,237.975,-0.8316868584,-0.08257002883
2.406,0.13,0.26,0.4129343608,-24.09,-1.359757635,241.101,-0.7618677176,-0.1946311399
2.407,0.27,0.54,0.8487359928,-18.51,-1.084373424,245.082,-0.6742512192,-0.4826134992
2.408,0.45,0.9,1.39549518,-10.5,-0.6489126003,249.153,-0.5861136223,-1.12993162
2.409,0.64,1.28,1.956083507,-0.46,-0.03039792141,251.927,-0.5268773662,-3.510084784
2.41,0.77,1.54,2.329852633,3.09,0.2090759895,253.805,-0.4871434906,-8.37873043
2.411,0.77,1.54,2.329852633,3.2,0.2166772187,253.354,-0.496658655,-8.321453963
2.412,0.66,1.32,2.014104259,0.41,0.02725121946,252.363,-0.5176263377,-4.107272544
2.413,0.52,1.04,1.604004813,-6.97,-0.4410271742,250.726,-0.552443163,-1.614547262
2.414,0.42,0.84,1.305427805,-11.84,-0.7252074927,249.042,-0.5884976286,-0.9936992584
2.415,0.42,0.84,1.305427805,-11.81,-0.7235149112,248.464,-0.6009288411,-0.985642314
2.416,0.47,0.94,1.455304729,-9.4,-0.585214155,247.903,-0.6130221159,-1.214539039
2.417,0.53,1.06,1.633603609,-6.44,-0.4089354179,247.783,-0.6156124655,-1.594462919
2.418,0.59,1.18,1.810207839,-2.99,-0.1942831505,248.615,-0.5976784522,-2.285726774
2.419,0.64,1.28,1.956083507,-0.34,-0.02248599305,247.325,-0.6255105108,-3.018663674
2.42,0.63,1.26,1.927002521,-0.94,-0.06191919878,247.111,-0.6301416463,-2.784440898
2.421,0.5,1,1.544666,-5.92,-0.3772225855,245.119,-0.6734435913,-1.470177716
2.422,0.21,0.42,0.6630936312,-16.65,-0.9875906969,245.207,-0.6715232362,-0.3996673272
2.423,-0.12,-0.24,-0.3882312192,-28.46,-1.560454755,243.631,-0.7060198556,0.1712929928
2.424,-0.28,-0.56,-0.9164173312,-34.27,-1.80819439,241.305,-0.757342898,0.357202889
2.425,-0.28,-0.56,-0.9164173312,-34.06,-1.799603517,238.311,-0.8241384514,0.3492787562
2.426,-0.27,-0.54,-0.8830526472,-33.87,-1.791807888,233.574,-0.9315536111,0.3242509845
2.427,-0.43,-0.86,-1.422536423,-39.41,-2.01037604,230.583,-1.000504727,0.4724652132
2.428,-0.75,-1.5,-2.5376565,-50.66,-2.402829111,226.928,-1.08598755,0.727368832
2.429,-0.97,-1.94,-3.332263271,-58.52,-2.641215482,220.598,-1.237343041,0.8591499267
2.43,-0.83,-1.66,-2.823968295,-54.33,-2.517489121,214.765,-1.38071038,0.7244288792
2.431,-0.41,-0.82,-1.354441921,-40.86,-2.064689263,211.859,-1.453595827,0.3849721912
2.432,-0.01,-0.02,-0.0320936968,-27.07,-1.49799522,208.693,-1.5341491,0.01058448854
2.433,0.05,0.1,0.15976238,-24.74,-1.390421573,207.396,-1.567502409,-0.0540116585
2.434,-0.25,-0.5,-0.8164645,-35.82,-1.870787259,206.127,-1.600338171,0.2352160751
2.435,-0.6,-1.2,-2.00894208,-48.97,-2.34793628,206.521,-1.590121712,0.51013522
2.436,-0.78,-1.56,-2.644670371,-55.81,-2.562038156,208.469,-1.53989459,0.6447376236
2.437,-0.82,-1.64,-2.788014563,-56.94,-2.59542336,210.115,-1.497818709,0.6811262359
2.438,-0.77,-1.54,-2.608952007,-55.66,-2.55756592,210.034,-1.499881549,0.6430032742
2.439,-0.69,-1.38,-2.324899745,-53.03,-2.47756865,210.502,-1.487973883,0.5862753269
2.44,-0.56,-1.12,-1.869740365,-49.06,-2.350893876,211.502,-1.462618626,0.490293493
2.441,-0.43,-0.86,-1.422536423,-44.83,-2.207575034,213.184,-1.42024027,0.392119307
2.442,-0.33,-0.66,-1.083946855,-41.62,-2.092695215,214.225,-1.394179233,0.3108648939
2.443,-0.29,-0.58,-0.9498290888,-40.21,-2.040485889,215.202,-1.369835356,0.2785160167
2.444,-0.3,-0.6,-0.98328792,-40.33,-2.044971729,215.922,-1.35196577,0.2894630591
2.445,-0.31,-0.62,-1.016793825,-40.88,-2.0654303,217.164,-1.321280326,0.3002305
2.446,-0.32,-0.64,-1.050346803,-41.14,-2.07504387,218.333,-1.29255836,0.3118975257
2.447,-0.32,-0.64,-1.050346803,-41.15,-2.075412886,219.47,-1.264769772,0.3144578938
2.448,-0.3,-0.6,-0.98328792,-40.63,-2.05615157,221.281,-1.220804337,0.3000613825
2.449,-0.29,-0.58,-0.9498290888,-40.13,-2.037490905,223.5,-1.167421893,0.2963665936
2.45,-0.32,-0.64,-1.050346803,-41.35,-2.082781747,225.939,-1.109354934,0.3290419266
2.451,-0.36,-0.72,-1.185029453,-43.23,-2.150994711,228.781,-1.042479063,0.3710784984
2.452,-0.34,-0.68,-1.117593981,-42.41,-2.121475107,232.837,-0.9484612453,0.3640446747
2.453,-0.2,-0.4,-0.65081792,-37.85,-1.950627645,236.394,-0.8673484692,0.2309522485
2.454,0,0,0,-30.69,-1.658047328,239.785,-0.7911495747,-0
2.455,0.19,0.38,0.6008362552,-23.71,-1.341697053,242.913,-0.7218100114,-0.2911723761
2.456,0.33,0.66,1.032683705,-17.81,-1.048249465,245.952,-0.6552932453,-0.6061977186
2.457,0.48,0.96,1.485138893,-10.95,-0.6746925819,247.306,-0.6259215242,-1.141875123
2.458,0.64,1.28,1.956083507,-2.89,-0.1879106268,248.766,-0.5944300369,-2.500296352
2.459,0.76,1.52,2.301383603,1.81,0.1214303351,250.65,-0.5540650994,-5.319460647
2.46,0.83,1.66,2.499678265,3.59,0.2437157346,253.229,-0.4992988937,-9.780293324
2.461,0.85,1.7,2.55591022,4.02,0.2736882735,256.564,-0.4292998763,-16.42493345
2.462,0.81,1.62,2.443258015,3.1,0.2097665561,260.45,-0.3488746208,-17.56374097
2.463,0.76,1.52,2.301383603,1.69,0.1132892213,265.995,-0.2361682711,-18.72885252
2.464,0.75,1.5,2.2728675,1.43,0.0956944162,273.443,-0.08842438835,312.6353223
2.465,0.82,1.64,2.471491677,3.2,0.2166772187,271.901,-0.1186795007,25.21989008
2.466,0.93,1.86,2.778955097,5.97,0.4117448525,270.316,-0.1499576574,10.61532095
2.467,0.99,1.98,2.944261663,7.58,0.5283974863,267.565,-0.2046834363,9.095254479
2.468,0.97,1.94,2.889347769,7,0.4860930969,256.712,-0.4262145966,48.2535092
2.469,0.87,1.74,2.611953881,4.48,0.3059393875,256.165,-0.4376264989,-19.83454457
2.47,0.71,1.42,2.158332351,0.39,0.0259184403,255.742,-0.4464681459,-5.132169449
2.471,0.5,1,1.544666,-7.92,-0.497970509,254.109,-0.480739256,-1.57826769
2.472,0.28,0.56,0.8795116288,-16.44,-0.976502386,251.782,-0.5299575177,-0.583826776
2.473,0.12,0.24,0.3814526208,-22.25,-1.271377732,247.823,-0.6147488763,-0.2022412595
2.474,0.07,0.14,0.2233378168,-24.3,-1.369695999,244.088,-0.6959937926,-0.1081177908
2.475,0.06,0.12,0.1915736352,-24.44,-1.376304822,239.697,-0.7931133607,-0.08830645779
2.476,0.02,0.04,0.0640461728,-26.07,-1.452271815,235.586,-0.8856662124,-0.02739429876
2.477,-0.12,-0.24,-0.3882312192,-30.95,-1.669219767,233.364,-0.9363658135,0.1489996038
2.478,-0.3,-0.6,-0.98328792,-37.87,-1.951402401,230.703,-0.9977212041,0.3334169915
2.479,-0.48,-0.96,-1.593596467,-44.43,-2.193554939,227.539,-1.071602119,0.4880611986
2.48,-0.61,-1.22,-2.043860193,-49.19,-2.355159087,223.602,-1.164980839,0.5806190197
2.481,-0.71,-1.42,-2.395630369,-52.68,-2.466692194,220.611,-1.237027771,0.6468173597
2.482,-0.8,-1.6,-2.71624832,-55.86,-2.563526774,217.161,-1.321354234,0.6991844318
2.483,-0.88,-1.76,-3.004443059,-58.92,-2.652647524,214.982,-1.375307433,0.745897879
2.484,-0.94,-1.88,-3.222566205,-61.1,-2.713841472,212.573,-1.435595754,0.7766272941
2.485,-0.95,-1.9,-3.25908482,-61.21,-2.716880422,212.587,-1.435243416,0.7849199464
2.486,-0.88,-1.76,-3.004443059,-59.2,-2.660611859,213.323,-1.416753106,0.7368589972
2.487,-0.77,-1.54,-2.608952007,-55.91,-2.565014329,214.928,-1.376651436,0.661890724
2.488,-0.66,-1.32,-2.219156861,-52.31,-2.45513415,217.082,-1.32330084,0.5873216998
2.489,-0.55,-1.1,-1.83505762,-48.92,-2.346291487,219.785,-1.257096551,0.5092589532
2.49,-0.46,-0.92,-1.525031229,-45.96,-2.246738067,223.062,-1.177916744,0.4453094729
2.491,-0.4,-0.8,-1.32046528,-44,-2.17839078,227.009,-1.084078254,0.4047441573
2.492,-0.4,-0.8,-1.32046528,-44.13,-2.182985445,231.458,-0.9802413493,0.4174424934
2.493,-0.41,-0.82,-1.354441921,-44.39,-2.192148375,233.515,-0.9329051737,0.4334139879
2.494,-0.29,-0.58,-0.9498290888,-40.53,-2.052430465,235.791,-0.8810128243,0.3237932338
2.495,-0.03,-0.06,-0.0964223112,-31.54,-1.694415094,237.395,-0.8447419588,0.03797414229
2.496,0.27,0.54,0.8487359928,-20.23,-1.171619478,240.349,-0.7785805778,-0.4352045782
2.497,0.46,0.92,1.425423491,-11.53,-0.7076833433,244.778,-0.6808914846,-1.026537038
2.498,0.53,1.06,1.633603609,-8.15,-0.5116455393,249.149,-0.586199514,-1.488009263
2.499,0.57,1.14,1.751528057,-6.47,-0.4107581458,252.909,-0.506063848,-1.910434161
2.5,0.59,1.18,1.810207839,-5.2,-0.3329398539,255.906,-0.4430384442,-2.332807301
2.501,0.56,1.12,1.722117555,-6.39,-0.4058958778,255.275,-0.4562464926,-1.997486279
2.502,0.47,0.94,1.455304729,-10.15,-0.6287500019,254.218,-0.4784448668,-1.314407039
2.503,0.33,0.66,1.032683705,-15.31,-0.9162684814,250.962,-0.5474097554,-0.7055401104
2.504,0.2,0.4,0.63198848,-20.37,-1.178626991,248.631,-0.5973341558,-0.3558571543
2.505,0.07,0.14,0.2233378168,-25.27,-1.415211742,247.423,-0.6233910479,-0.1095543565
2.506,-0.08,-0.16,-0.2580676352,-30.86,-1.665357204,246.603,-0.6411512631,0.1118867062
2.507,-0.24,-0.48,-0.7832410368,-36.69,-1.905297862,245.027,-0.6754519725,0.3034935918
2.508,-0.37,-0.74,-1.218817799,-41.61,-2.092328755,242.321,-0.7348643381,0.431105255
2.509,-0.46,-0.92,-1.525031229,-45.05,-2.215250909,237.549,-0.841272497,0.4989430887
2.51,-0.53,-1.06,-1.765833351,-47.34,-2.29369025,232.817,-0.948920814,0.5445714322
2.511,-0.59,-1.18,-1.974071041,-49.68,-2.371162954,229.12,-1.03455748,0.5796339069
2.512,-0.69,-1.38,-2.324899745,-53.44,-2.490239855,225.071,-1.129947851,0.6422041988
2.513,-0.8,-1.6,-2.71624832,-57.43,-2.609734308,221.608,-1.212904162,0.7105689802
2.514,-0.87,-1.74,-2.968253959,-59.95,-2.681791855,217.718,-1.307649495,0.7440274712
2.515,-0.89,-1.78,-3.040679233,-60.58,-2.699412781,213.041,-1.423830159,0.7374484786
2.516,-0.86,-1.72,-2.932111933,-59.79,-2.677292046,209.91,-1.503041018,0.7014062966
2.517,-0.84,-1.68,-2.859969101,-59.03,-2.655780098,206.189,-1.59872921,0.6722206707
2.518,-0.82,-1.64,-2.788014563,-58.66,-2.645224006,201.708,-1.716280036,0.6392323695
2.519,-0.81,-1.62,-2.752107905,-58.19,-2.631735519,200.822,-1.73983161,0.6295472135
2.52,-0.8,-1.6,-2.71624832,-57.99,-2.625968598,201.524,-1.721162585,0.62483698
2.521,-0.8,-1.6,-2.71624832,-58.04,-2.627411854,202.985,-1.682516305,0.6302305328
2.522,-0.8,-1.6,-2.71624832,-57.97,-2.625391011,204.2,-1.650588463,0.6352341813
2.523,-0.79,-1.58,-2.680435809,-57.56,-2.613514446,206.01,-1.603375753,0.6356427799
2.524,-0.77,-1.54,-2.608952007,-57.11,-2.60039965,206.836,-1.581967742,0.6237979027
2.525,-0.75,-1.5,-2.5376565,-56.46,-2.581307624,207.952,-1.55317899,0.6137778973
2.526,-0.68,-1.36,-2.289605043,-54.25,-2.515054007,208.957,-1.527385541,0.5663919066
2.527,-0.56,-1.12,-1.869740365,-50.41,-2.394793978,210.778,-1.480963817,0.4824193006
2.528,-0.46,-0.92,-1.525031229,-47.27,-2.291331483,211.952,-1.451247847,0.407481337
2.529,-0.43,-0.86,-1.422536423,-46.41,-2.262153406,212.346,-1.441311903,0.3841095582
2.53,-0.44,-0.88,-1.456654285,-46.79,-2.27509155,212.758,-1.430941731,0.3930494343
2.531,-0.42,-0.84,-1.388465635,-46.1,-2.251544897,213.988,-1.400101286,0.3802300567
2.532,-0.38,-0.76,-1.252653219,-44.65,-2.201276226,214.994,-1.375008812,0.3502666051
2.533,-0.39,-0.78,-1.286535713,-45.12,-2.217688016,216.611,-1.334921276,0.3621382502
2.534,-0.44,-0.88,-1.456654285,-46.93,-2.279840039,218.539,-1.287512946,0.4083291704
2.535,-0.4,-0.8,-1.32046528,-45.83,-2.242265703,220.191,-1.247222828,0.3784122712
2.536,-0.24,-0.48,-0.7832410368,-40.59,-2.054663788,223.166,-1.175422951,0.2424829734
2.537,-0.01,-0.02,-0.0320936968,-32.82,-1.748331297,225.932,-1.109520689,0.01123000665
2.538,0.18,0.36,0.5696369568,-25.78,-1.438887238,229.949,-1.015235091,-0.2321143286
2.539,0.29,0.58,0.9102401912,-21.34,-1.226794912,232.35,-0.9596629812,-0.4163081274
2.54,0.35,0.7,1.09362302,-18.8,-1.09923396,235.5,-0.8876195713,-0.5504296128
2.541,0.39,0.78,1.214936767,-17.27,-1.02013588,238.306,-0.8242507008,-0.6587213224
2.542,0.42,0.84,1.305427805,-15.75,-0.939836696,241.824,-0.745848448,-0.7744197126
2.543,0.47,0.94,1.455304729,-13.72,-0.8298743071,246.324,-0.6472075357,-0.9852566639
2.544,0.53,1.06,1.633603609,-10.81,-0.6666893869,250.789,-0.5510990357,-1.341451092
2.545,0.63,1.26,1.927002521,-5.69,-0.3631238695,254.641,-0.4695502593,-2.314233689
2.546,0.79,1.58,2.386649471,1.46,0.09772149724,259.877,-0.3606577927,-9.076911451
2.547,0.97,1.94,2.889347769,6.1,0.4210739205,270.341,-0.149462889,10.6378145
2.548,1.11,2.22,3.269790847,9.71,0.6864961027,271.821,-0.1202538346,5.774543921
2.549,1.16,2.32,3.403427379,11.15,0.7958485199,271.169,-0.1331019595,5.135337673
2.55,1.15,2.3,3.37679422,10.88,0.7751918079,269.448,-0.1671644515,5.553687978
2.551,1.14,2.28,3.350113987,10.45,0.7424402967,265.398,-0.2481893227,6.778163653
2.552,1.15,2.3,3.37679422,10.86,0.7736645018,253.775,-0.4877759032,11.81157359
2.553,1.21,2.42,3.535887071,12.48,0.8986415616,250.864,-0.5494993243,10.12735411
2.554,1.21,2.42,3.535887071,12.48,0.8986415616,248.074,-0.6093330334,12.22185565
2.555,1.04,2.08,3.080722611,8.06,0.5636483326,246.235,-0.6491409082,-36.03497249
2.556,0.71,1.42,2.158332351,-0.72,-0.04749702857,244.708,-0.6824216612,-2.956949016
2.557,0.36,0.72,1.124022067,-17.18,-1.015429303,244.609,-0.6845865155,-0.6611832989
2.558,0.16,0.32,0.5070971392,-26.14,-1.455494137,244.8,-0.6804106623,-0.2374156092
2.559,0.14,0.28,0.4443690272,-27.12,-1.500263974,245.606,-0.6628248095,-0.2054326344
2.56,0.19,0.38,0.6008362552,-25.43,-1.422658215,245.884,-0.6567726002,-0.2889426523
2.561,0.25,0.5,0.7870435,-22.95,-1.305277211,244.785,-0.680738491,-0.3962926875
2.562,0.33,0.66,1.032683705,-19.65,-1.142438401,243.11,-0.7174729737,-0.5552327488
2.563,0.43,0.86,1.335497337,-15.26,-0.9135810115,240.161,-0.7827669633,-0.7872779386
2.564,0.52,1.04,1.604004813,-11.1,-0.6832501861,237.578,-0.8406194085,-1.052586664
2.565,0.57,1.14,1.751528057,-8.98,-0.5606363342,235.985,-0.8766128545,-1.21866693
2.566,0.56,1.12,1.722117555,-9.14,-0.5700161114,234.936,-0.9004476773,-1.171139044
2.567,0.55,1.1,1.69265998,-9.95,-0.6171845625,235.731,-0.8823743726,-1.128771894
2.568,0.54,1.08,1.663155331,-10.51,-0.6494872388,236.566,-0.8634572308,-1.09928379
2.569,0.53,1.06,1.633603609,-11.01,-0.6781177632,237.451,-0.843480076,-1.073610626
2.57,0.53,1.06,1.633603609,-10.96,-0.6752636437,238.182,-0.8270352411,-1.08740253
2.571,0.57,1.14,1.751528057,-9.18,-0.5723578229,238.482,-0.8203009368,-1.257686454
2.572,0.64,1.28,1.956083507,-5.21,-0.3335578673,238.773,-0.8137767508,-1.704893652
2.573,0.71,1.42,2.158332351,-1.33,-0.08738173801,238.786,-0.8134854779,-2.395838491
2.574,0.74,1.48,2.244304323,0.15,0.009952714238,239.945,-0.7875809005,-2.886089217
2.575,0.77,1.54,2.329852633,0.88,0.05867371064,242.014,-0.7416466281,-3.411339708
2.576,0.85,1.7,2.55591022,2.97,0.2007962711,244.529,-0.6863365329,-5.26405413
2.577,0.98,1.96,2.916828253,6.18,0.4268227197,248.081,-0.6091820725,-15.99494738
2.578,1.07,2.14,3.162034297,8.53,0.5983766111,252.057,-0.5241173578,42.58101391
2.579,1.06,2.12,3.134977475,8.34,0.5843122259,255.75,-0.4463007924,22.71534609
2.58,1,2,2.971648,6.84,0.4744786461,258.327,-0.3926626585,36.32111628
2.581,0.98,1.96,2.916828253,6.24,0.4311382393,262.573,-0.3054420667,23.20538639
2.582,1,2,2.971648,6.85,0.4752038448,273.382,-0.08961800605,7.706839052
2.583,1.04,2.08,3.080722611,7.72,0.5386564538,273.904,-0.07941237007,6.708246705
2.584,1.03,2.06,3.053524569,7.63,0.532059276,274.218,-0.07328271213,6.655798943
2.585,0.97,1.94,2.889347769,5.99,0.4131790684,273.606,-0.08523619122,8.810521497
2.586,0.9,1.8,2.69566632,4.17,0.2841836115,272.026,-0.1162205309,16.0491598
2.587,0.87,1.74,2.611953881,3.39,0.2298325276,267.162,-0.2127475528,152.8801711
2.588,0.84,1.68,2.527817779,2.59,0.1746632724,260.357,-0.3507853094,-14.352649
2.589,0.74,1.48,2.244304323,-0.03,-0.001988158449,250.136,-0.565047439,-3.957960194
2.59,0.53,1.06,1.633603609,-8.82,-0.5512358423,247.373,-0.6244723016,-1.389463548
2.591,0.26,0.52,0.8179132832,-19.5,-1.134852121,244.129,-0.6950952167,-0.4469600116
2.592,0.04,0.08,0.1279040512,-28.27,-1.551991655,240.468,-0.7759323768,-0.05494339567
2.593,-0.08,-0.16,-0.2580676352,-32.92,-1.752500929,238.193,-0.8267881668,0.1000537844
2.594,-0.11,-0.22,-0.3556197128,-34.01,-1.79755415,235.567,-0.886097707,0.1325133556
2.595,-0.16,-0.32,-0.5191479808,-35.92,-1.874776576,232.429,-0.9578442673,0.1832747867
2.596,-0.3,-0.6,-0.98328792,-41.43,-2.085723197,228.127,-1.057794629,0.3127985825
2.597,-0.5,-1,-1.66235,-48.82,-2.342998286,220.979,-1.2281109,0.4654996286
2.598,-0.62,-1.24,-2.078825379,-53.54,-2.49331903,213.97,-1.40055133,0.5338712352
2.599,-0.58,-1.16,-1.939247075,-52.28,-2.454194293,209.806,-1.505692334,0.4897228779
2.6,-0.46,-0.92,-1.525031229,-48.45,-2.330771418,207.533,-1.563969515,0.391561661
2.601,-0.38,-0.76,-1.252653219,-45.82,-2.24192132,207.834,-1.556215648,0.3298072792
2.602,-0.34,-0.68,-1.117593981,-44.4,-2.192500093,209.587,-1.511279695,0.3017441761
2.603,-0.31,-0.62,-1.016793825,-43.5,-2.160636602,212.042,-1.448976588,0.2816905223
2.604,-0.31,-0.62,-1.016793825,-43.46,-2.159210598,214.523,-1.386742229,0.2867477021
2.605,-0.31,-0.62,-1.016793825,-43.68,-2.167043207,216.161,-1.346047231,0.2894300168
2.606,-0.28,-0.56,-0.9164173312,-42.48,-2.124009057,217.361,-1.316429281,0.2663664455
2.607,-0.18,-0.36,-0.5848888032,-39.2,-2.002413015,218.789,-1.281396255,0.1781129034
2.608,-0.04,-0.08,-0.1286572288,-34.65,-1.823672362,219.865,-1.255149547,0.04178781124
2.609,0.07,0.14,0.2233378168,-30.73,-1.659768938,221.379,-1.218435476,-0.07759623176
2.61,0.16,0.32,0.5070971392,-27.36,-1.511131026,222.908,-1.181611611,-0.1883199427
2.611,0.28,0.56,0.8795116288,-22.47,-1.282068703,224.502,-1.143490264,-0.3626016275
2.612,0.43,0.86,1.335497337,-16.42,-0.9754446372,226.487,-1.096394576,-0.6445950673
2.613,0.55,1.1,1.69265998,-10.74,-0.6626819535,227.468,-1.073271763,-0.9750605466
2.614,0.64,1.28,1.956083507,-6.1,-0.3882255741,229.803,-1.01863301,-1.390390995
2.615,0.7,1.4,2.12958088,-3.1,-0.2012830138,231.193,-0.9863701598,-1.793099978
2.616,0.71,1.42,2.158332351,-2.38,-0.1552769498,233.635,-0.9301565918,-1.988451866
2.617,0.69,1.38,2.100782335,-3.56,-0.2304428934,236.006,-0.8761367861,-1.898446514
2.618,0.66,1.32,2.014104259,-5.37,-0.3434346626,238.166,-0.8273946422,-1.720237315
2.619,0.63,1.26,1.927002521,-7.07,-0.4470561776,241.742,-0.7476628849,-1.612933602
2.62,0.62,1.24,1.897874461,-7.66,-0.4824596762,245.469,-0.6658098933,-1.652812642
2.621,0.65,1.3,1.98511742,-5.73,-0.3655789946,247.762,-0.6160659057,-2.022235759
2.622,0.74,1.48,2.244304323,-1.06,-0.06976797991,250.935,-0.5479853715,-3.633010356
2.623,0.83,1.66,2.499678265,1.9,0.1275446522,252.537,-0.5139388747,-6.469243378
2.624,0.89,1.78,2.667809247,3.32,0.2249820134,253.452,-0.4945896187,-9.895155757
2.625,0.89,1.78,2.667809247,3.38,0.2291393239,254.338,-0.475920071,-10.81044319
2.626,0.87,1.74,2.611953881,2.71,0.1829016744,256.021,-0.4406347811,-10.13433592
2.627,0.84,1.68,2.527817779,2.03,0.1363892916,263.264,-0.2913812375,-16.30934927
2.628,0.81,1.62,2.443258015,1.28,0.08557108238,266.19,-0.2322476418,-16.65745382
2.629,0.75,1.5,2.2728675,-0.45,-0.0297390777,264.081,-0.2748040309,-7.463204505
2.63,0.64,1.28,1.956083507,-5.19,-0.3323217565,261.401,-0.3293753552,-2.956161471
2.631,0.5,1,1.544666,-10.92,-0.6729789208,249.227,-0.5845248748,-1.228358917
2.632,0.41,0.82,1.275311199,-14.71,-0.8838935973,246.057,-0.6530097505,-0.8297927134
2.633,0.38,0.76,1.184678941,-15.9,-0.9478379292,242.796,-0.7243874807,-0.7084445277
2.634,0.3,0.6,0.94092168,-18.88,-1.103322625,238.636,-0.8168472837,-0.490020011
2.635,0.05,0.1,0.15976238,-28.79,-1.575098129,235.206,-0.8943027247,-0.06469681897
2.636,-0.27,-0.54,-0.8830526472,-41.2,-2.077257144,232.885,-0.9473584415,0.2919553319
2.637,-0.38,-0.76,-1.252653219,-45.3,-2.22394333,228.971,-1.038037793,0.3840160847
2.638,-0.2,-0.4,-0.65081792,-39.16,-2.000893443,223.733,-1.161847393,0.205776557
2.639,0.08,0.16,0.2550549248,-29.65,-1.612929428,220.554,-1.238410247,-0.08945090866
2.64,0.17,0.34,0.5383905848,-26.28,-1.461928957,219.116,-1.273406164,-0.196828016
2.641,0.05,0.1,0.15976238,-31.2,-1.679922391,218.905,-1.278560483,-0.05400145506
2.642,-0.08,-0.16,-0.2580676352,-36.48,-1.897008256,216.653,-1.333884033,0.07987503516
2.643,-0.12,-0.24,-0.3882312192,-38.23,-1.965308913,216.449,-1.338923955,0.1174951145
2.644,-0.13,-0.26,-0.4208897992,-38.68,-1.982588323,215.909,-1.352287887,0.1262085225
2.645,-0.14,-0.28,-0.4535954528,-39.04,-1.996329333,215.509,-1.362208663,0.1350574129
2.646,-0.11,-0.22,-0.3556197128,-38.07,-1.959137374,215.233,-1.36906474,0.1068503957
2.647,-0.02,-0.04,-0.0642344672,-34.8,-1.829758262,217.647,-1.309394467,0.02046235807
2.648,0.12,0.24,0.3814526208,-29.79,-1.619043092,220.407,-1.241977229,-0.1333274769
2.649,0.25,0.5,0.7870435,-24.84,-1.395113547,222.367,-1.194611898,-0.3039100155
2.65,0.34,0.68,1.063176899,-21.25,-1.22235387,225.987,-1.108218464,-0.456187042
2.651,0.4,0.8,1.24514752,-18.94,-1.106386066,229.717,-1.020635535,-0.5853948636
2.652,0.44,0.88,1.365519795,-17.29,-1.02118097,231.683,-0.9750431479,-0.6840513462
2.653,0.49,0.98,1.514925983,-15.13,-0.9065847222,235.194,-0.8945756838,-0.841083325
2.654,0.58,1.16,1.780891485,-10.99,-0.6769763532,237.611,-0.8398763357,-1.174070164
2.655,0.72,1.44,2.187036749,-3.83,-0.2474743014,242.045,-0.7409613811,-2.212624238
2.656,0.89,1.78,2.667809247,2.56,0.1726057065,246.759,-0.637767946,-5.735223155
2.657,1.05,2.1,3.10787358,6.83,0.4737535413,249.519,-0.5782603627,-29.73847582
2.658,1.2,2.4,3.50948928,10.88,0.7751918079,252.785,-0.5086875691,13.16860586
2.659,1.32,2.64,3.823155917,14.03,1.020638008,258.029,-0.3988378561,6.148528437
2.66,1.36,2.72,3.926205107,14.96,1.094984571,266.075,-0.2345594602,4.56309917
2.661,1.32,2.64,3.823155917,14.1,1.02620387,267.598,-0.2040236373,4.65002169
2.662,1.24,2.48,3.614798003,11.95,0.857471161,268.799,-0.1800661553,5.336243418
2.663,1.17,2.34,3.430013465,10.2,0.7234810798,268.13,-0.1933980925,6.470710335
2.664,1.13,2.26,3.323386681,9.25,0.6519858091,266.584,-0.2243347167,7.771257317
2.665,1.09,2.18,3.216006719,8.18,0.5724951674,257.638,-0.4069510392,19.42688488
2.666,1.04,2.08,3.080722611,6.76,0.4686804357,253.887,-0.4854152774,-184.0903353
2.667,1.01,2.02,2.998987263,5.95,0.4103110093,255.959,-0.4419305348,-94.84605504
2.668,1.05,2.1,3.10787358,6.97,0.4839135551,257.907,-0.4013680149,37.65041181
2.669,1.11,2.22,3.269790847,8.76,0.6154479405,261.966,-0.317824183,10.98632339
2.67,1.11,2.22,3.269790847,8.6,0.6035668934,270.991,-0.1366149448,7.002413968
2.671,1,2,2.971648,5.77,0.3974231805,276.789,-0.02335612382,7.944158532
2.672,0.87,1.74,2.611953881,2.47,0.1664378882,276.699,-0.02509599896,18.47968705
2.673,0.83,1.66,2.499678265,1.17,0.07816007964,275.361,-0.05102910049,92.13372842
2.674,0.82,1.64,2.471491677,1.01,0.06739971161,273.603,-0.08529485253,-138.1096515
2.675,0.74,1.48,2.244304323,-1.88,-0.123065179,270.748,-0.1414144888,-8.485734808
2.676,0.59,1.18,1.810207839,-7.95,-0.4997566601,267.479,-0.2064032948,-2.563452978
2.677,0.49,0.98,1.514925983,-11.7,-0.7173027255,261.638,-0.3245269592,-1.454101381
2.678,0.46,0.92,1.425423491,-12.82,-0.780110914,250.016,-0.5676146586,-1.057651142
2.679,0.39,0.78,1.214936767,-15.68,-0.9360969855,247.277,-0.6265489215,-0.7774869289
2.68,0.19,0.38,0.6008362552,-23.54,-1.333585162,244.544,-0.686008361,-0.2975035562
2.681,-0.09,-0.18,-0.2905379208,-34.18,-1.804515842,240.544,-0.7742417745,0.1126658508
2.682,-0.29,-0.58,-0.9498290888,-41.68,-2.09489284,236.878,-0.8564059207,0.3218342722
2.683,-0.35,-0.7,-1.15128818,-43.86,-2.173432812,230.971,-0.9915098941,0.363762724
2.684,-0.31,-0.62,-1.016793825,-42.8,-2.135559514,225.891,-1.110491644,0.3132402342
2.685,-0.23,-0.46,-0.7500646472,-39.95,-2.030739225,223.884,-1.158237834,0.235205407
2.686,-0.1,-0.2,-0.32305528,-35.78,-1.869189884,221.938,-1.204943318,0.1050882505
2.687,0.05,0.1,0.15976238,-30.25,-1.63904284,222.734,-1.185789404,-0.05655641334
2.688,0.24,0.48,0.7561266432,-23.23,-1.318741538,223.061,-1.177940728,-0.302852571
2.689,0.4,0.8,1.24514752,-16.52,-0.9807303901,231.118,-0.9881060043,-0.6324281304
2.69,0.48,0.96,1.485138893,-12.94,-0.7867822989,233.653,-0.9297444263,-0.8651999827
2.691,0.47,0.94,1.455304729,-13.41,-0.8128043309,235.483,-0.8880057848,-0.8556538531
2.692,0.42,0.84,1.305427805,-15.41,-0.9216377426,236.674,-0.8610153409,-0.7322949243
2.693,0.36,0.72,1.124022067,-17.46,-1.030052276,236.888,-0.8561800708,-0.5959085948
2.694,0.26,0.52,0.8179132832,-21.58,-1.238609678,237.016,-0.8532900339,-0.3909906764
2.695,0.09,0.18,0.2867249592,-28.1,-1.544399488,236.63,-0.8620100504,-0.1191505247
2.696,-0.07,-0.14,-0.2256444232,-34.19,-1.80492481,236.75,-0.8592976417,0.08469428783
2.697,-0.12,-0.24,-0.3882312192,-36.37,-1.892655812,236.697,-0.8604954526,0.1410133995
2.698,-0.08,-0.16,-0.2580676352,-35,-1.837851888,237.152,-0.8502210794,0.09600469867
2.699,-0.07,-0.14,-0.2256444232,-34.49,-1.817165885,236.957,-0.8546219663,0.08445446859
2.7,-0.13,-0.26,-0.4208897992,-36.85,-1.91159652,236.812,-0.8578967691,0.1519735761
2.701,-0.21,-0.42,-0.6838530888,-39.99,-2.032241151,236.533,-0.8642035863,0.2361008584
2.702,-0.26,-0.52,-0.8497350368,-41.8,-2.099282249,236.059,-0.8749354685,0.285700348
2.703,-0.29,-0.58,-0.9498290888,-42.96,-2.141314298,233.742,-0.9277069633,0.3094892501
2.704,-0.3,-0.6,-0.98328792,-43.27,-2.152425566,230.541,-1.001479302,0.3117684144
2.705,-0.21,-0.42,-0.6838530888,-40.55,-2.053175126,227.081,-1.082381674,0.218096221
2.706,-0.06,-0.12,-0.1932682848,-35.35,-1.851958417,223.661,-1.163569366,0.06409103107
2.707,0.1,0.2,0.31834792,-29.57,-1.609430277,222.907,-1.181635612,-0.1140596219
2.708,0.23,0.46,0.7251627128,-24.82,-1.394175695,222.691,-1.18682235,-0.2809621317
2.709,0.32,0.64,1.002143437,-21.2,-1.219884144,222.567,-1.189802196,-0.4158812789
2.71,0.42,0.84,1.305427805,-16.95,-1.003374068,221.944,-1.204798685,-0.5911801072
2.711,0.5,1,1.544666,-13.31,-0.807282055,220.903,-1.229951211,-0.7582175424
2.712,0.52,1.04,1.604004813,-12.39,-0.7561130555,219.628,-1.260919606,-0.7952299651
2.713,0.51,1.02,1.574358943,-12.71,-0.7739856404,218.283,-1.293783693,-0.7613803522
2.714,0.51,1.02,1.574358943,-12.83,-0.7806672903,216.248,-1.343894408,-0.7410276408
2.715,0.48,0.96,1.485138893,-14.29,-0.8610680197,214.546,-1.386168662,-0.6608733762
2.716,0.38,0.76,1.184678941,-18.17,-1.066872416,214.121,-1.396777133,-0.4808634173
2.717,0.28,0.56,0.8795116288,-22.38,-1.277699216,214.917,-1.376925255,-0.3313130119
2.718,0.2,0.4,0.63198848,-25.69,-1.434721931,215.22,-1.369387888,-0.2253793613
2.719,0.15,0.3,0.47575662,-27.79,-1.530506376,215.708,-1.357270778,-0.1647483842
2.72,0.14,0.28,0.4443690272,-28.37,-1.556448844,216.518,-1.337218744,-0.1535660243
2.721,0.14,0.28,0.4443690272,-28.13,-1.545740651,217.167,-1.321206419,-0.1549972903
2.722,0.19,0.38,0.6008362552,-26.25,-1.460551169,218.384,-1.291308809,-0.2183382367
2.723,0.32,0.64,1.002143437,-21.41,-1.230245092,220.362,-1.243069638,-0.4051823347
2.724,0.4,0.8,1.24514752,-17.74,-1.044617259,223.276,-1.172786551,-0.56153395
2.725,0.32,0.64,1.002143437,-21.41,-1.230245092,224.955,-1.132705913,-0.4241067353
2.726,0.11,0.22,0.3499238072,-30.08,-1.631667319,226.628,-1.093064957,-0.1284250237
2.727,-0.06,-0.12,-0.1932682848,-37.09,-1.921016643,227.984,-1.061149295,0.06480802505
2.728,-0.08,-0.16,-0.2580676352,-38.2,-1.964152861,229.571,-1.024036887,0.08636253284
2.729,0.01,0.02,0.0320466232,-35.08,-1.84108266,231.959,-0.9686735775,-0.01140548165
2.73,0.08,0.16,0.2550549248,-32.61,-1.739555083,234.518,-0.9099749178,-0.09626421468
2.731,0.13,0.26,0.4129343608,-30.71,-1.658908259,236.832,-0.857444953,-0.1641003174
2.732,0.32,0.64,1.002143437,-23.54,-1.333585162,239.327,-0.8013780839,-0.4693961073
2.733,0.73,1.46,2.215694073,-5.16,-0.33046696,242.207,-0.7373818397,-2.074913671
2.734,1.23,2.46,3.588541433,10.48,0.7447194677,245.684,-0.6611260165,42.92849954
2.735,1.59,3.18,4.504121599,18.68,1.401132551,250.088,-0.566074179,5.393780546
2.736,1.7,3.4,4.77171368,20.8,1.581989574,254.859,-0.4649720451,4.271834196
2.737,1.64,3.28,4.626460467,19.54,1.473933415,263.12,-0.2943083782,3.921975477
2.738,1.6,3.2,4.52868352,18.83,1.413775067,268.203,-0.1919417211,3.706465808
2.739,1.67,3.34,4.699298905,20.27,1.536334569,269.487,-0.1663901466,3.430284344
2.74,1.76,3.52,4.915272243,21.88,1.675939444,270.707,-0.1422247131,3.204815174
2.741,1.76,3.52,4.915272243,21.91,1.6785668,271.983,-0.117066289,3.147787791
2.742,1.67,3.34,4.699298905,20.28,1.537193253,273.143,-0.09429720675,3.25685202
2.743,1.56,3.12,4.430153395,18.22,1.362507385,273.496,-0.08738752683,3.474303506
2.744,1.49,2.98,4.255913343,17.05,1.265247458,273.419,-0.08889397665,3.617886469
2.745,1.49,2.98,4.255913343,17.05,1.265247458,272.458,-0.1077310235,3.676762779
2.746,1.51,3.02,4.305931583,17.44,1.297511257,271.793,-0.120804961,3.659308698
2.747,1.51,3.02,4.305931583,17.32,1.28756734,272.027,-0.1162008637,3.675990112
2.748,1.46,2.92,4.180532931,16.44,1.21509526,271.93,-0.118108919,3.810925237
2.749,1.38,2.76,3.977447261,14.97,1.09578871,270.843,-0.1395376112,4.159417194
2.75,1.31,2.62,3.797275935,13.14,0.9502973436,269.456,-0.1670056106,4.847843754
2.751,1.29,2.58,3.745374751,12.7,0.9158123613,267.318,-0.2096245172,5.303652254
2.752,1.33,2.66,3.848988825,13.84,1.005555305,265.437,-0.2474032028,5.076802943
2.753,1.39,2.78,4.002997727,15.09,1.105446223,264.49,-0.2665245361,4.771598814
2.754,1.39,2.78,4.002997727,15.22,1.115924885,264.032,-0.2757968109,4.764747007
2.755,1.34,2.68,3.874774659,13.99,1.017459711,264.445,-0.2674348558,5.166195005
2.756,1.25,2.5,3.6410075,11.66,0.8350606483,264.278,-0.2708145084,6.452870907
2.757,1.16,2.32,3.403427379,9.55,0.674469466,263.003,-0.2966878598,9.008981178
2.758,1.11,2.22,3.269790847,8.27,0.5791392686,261.4,-0.3293958219,13.09259918
2.759,1.08,2.16,3.189044045,7.37,0.5130437536,258.036,-0.3986927194,27.8881959
2.76,1.01,2.02,2.998987263,5.69,0.3917049323,249.998,-0.5679998479,-17.01119544
2.761,0.91,1.82,2.723476319,3,0.2028649755,249.725,-0.5738452868,-7.341296118
2.762,0.81,1.62,2.443258015,0.48,0.03191873829,249.875,-0.5706327167,-4.535352921
2.763,0.77,1.54,2.329852633,-1.15,-0.07564630481,250.871,-0.5493500423,-3.727786
2.764,0.78,1.56,2.358274589,-0.91,-0.05995503512,252.243,-0.5201708972,-4.065108035
2.765,0.77,1.54,2.329852633,-1.46,-0.09583975751,255.189,-0.4580491663,-4.206353535
2.766,0.72,1.44,2.187036749,-3.72,-0.240543081,264.953,-0.2571673413,-4.394195201
2.767,0.69,1.38,2.100782335,-5.67,-0.3618958053,266.618,-0.2236524237,-3.587718707
2.768,0.66,1.32,2.014104259,-6.96,-0.4404238199,267.794,-0.2001065072,-3.144432315
2.769,0.6,1.2,1.83947712,-10.16,-0.6293274337,267.663,-0.2027242712,-2.210772611
2.77,0.5,1,1.544666,-15.1,-0.9049683735,266.63,-0.2234116352,-1.368923579
2.771,0.45,0.9,1.39549518,-17.33,-1.023270261,263.47,-0.2871965824,-1.064884004
2.772,0.53,1.06,1.633603609,-13.95,-0.8424912778,257.15,-0.4170942469,-1.296937427
2.773,0.69,1.38,2.100782335,-6.35,-0.403462751,251.164,-0.5431052579,-2.219367563
2.774,0.81,1.62,2.443258015,0.33,0.02192222892,250.541,-0.5563921564,-4.571366675
2.775,0.88,1.76,2.639905101,2.01,0.135027589,251.817,-0.5292138705,-6.697100393
2.776,0.95,1.9,2.83424558,3.8,0.2583323737,253.546,-0.4926057844,-12.098025
2.777,1.05,2.1,3.10787358,6.43,0.4448262407,256.33,-0.4341815871,291.9656847
2.778,1.15,2.3,3.37679422,9.07,0.6385370409,260.13,-0.3554519008,11.92854637
2.779,1.21,2.42,3.535887071,10.57,0.7515622124,269.015,-0.1757687586,6.140894878
2.78,1.21,2.42,3.535887071,10.71,0.7622220918,273.169,-0.09378797393,5.289806394
2.781,1.18,2.36,3.456552477,9.79,0.6925186578,274.337,-0.07096152279,5.561117847
2.782,1.08,2.16,3.189044045,7.42,0.5166956286,275.512,-0.04809611949,6.805478842
2.783,0.96,1.92,2.861820211,4.2,0.286285154,276.317,-0.03248710636,11.2759741
2.784,0.87,1.74,2.611953881,2.04,0.1370702779,277.038,-0.01854541546,22.03718129
2.785,0.88,1.76,2.639905101,2.24,0.1507089033,277.385,-0.01184854234,19.01122165
2.786,0.95,1.9,2.83424558,3.97,0.2701944075,276.311,-0.03260327854,11.9290884
2.787,1,2,2.971648,5.11,0.3504252631,275.215,-0.05386649267,10.0204354
2.788,0.97,1.94,2.889347769,4.36,0.2975073278,274.082,-0.07593673371,13.04030339
2.789,0.89,1.78,2.667809247,2.49,0.1678078821,273.24,-0.09239762347,35.37727219
2.79,0.83,1.66,2.499678265,0.99,0.0660562702,272.266,-0.1115024749,-55.00301471
2.791,0.81,1.62,2.443258015,0.38,0.02525218363,269.877,-0.1586532551,-18.31513036
2.792,0.8,1.6,2.41497728,0.04,0.002652113866,266.813,-0.2197409523,-11.12437331
2.793,0.75,1.5,2.2728675,-2.14,-0.1398422971,259.094,-0.3768014816,-4.399293273
2.794,0.63,1.26,1.927002521,-7.65,-0.4818619997,251.321,-0.5397620734,-1.886214873
2.795,0.44,0.88,1.365519795,-15.66,-0.9350278181,247.729,-0.6167785321,-0.8799550247
2.796,0.32,0.64,1.002143437,-20.79,-1.199565442,243.898,-0.7001598959,-0.5275201719
2.797,0.39,0.78,1.214936767,-18.27,-1.072028563,241.905,-0.7440567423,-0.6689866186
2.798,0.54,1.08,1.663155331,-11.41,-0.7008794776,239.833,-0.7900787225,-1.115494271
2.799,0.58,1.16,1.780891485,-9.34,-0.5817117538,235.973,-0.8768849126,-1.220962262
2.8,0.38,0.76,1.184678941,-17.69,-1.042020615,230.966,-0.9916257108,-0.5825393167
2.801,-0.02,-0.04,-0.0642344672,-33.6,-1.780692295,226.088,-1.105827932,0.0222532538
2.802,-0.34,-0.68,-1.117593981,-45.78,-2.240543281,221.369,-1.218677149,0.3230768329
2.803,-0.4,-0.8,-1.32046528,-48.13,-2.32014323,218.846,-1.280002628,0.3667810507
2.804,-0.29,-0.58,-0.9498290888,-44.55,-2.197769656,216.884,-1.328182789,0.2693822743
2.805,-0.14,-0.28,-0.4535954528,-39.72,-2.022085888,216.971,-1.326037142,0.1354775344
2.806,-0.09,-0.18,-0.2905379208,-37.95,-1.954499134,216.909,-1.327566136,0.08852289547
2.807,-0.12,-0.24,-0.3882312192,-39.12,-1.999372973,217.659,-1.309099502,0.1173445516
2.808,-0.12,-0.24,-0.3882312192,-39.41,-2.01037604,218.225,-1.295205431,0.1174471792
2.809,-0.08,-0.16,-0.2580676352,-37.94,-1.954112242,219.615,-1.261236287,0.08026117008
2.81,0.03,0.06,0.0959986488,-34.25,-1.807377356,222.045,-1.202364616,-0.03189597304
2.811,0.19,0.38,0.6008362552,-28.32,-1.554221063,222.744,-1.185549213,-0.2193016912
2.812,0.37,0.74,1.154374041,-21.6,-1.239592405,223.219,-1.174152523,-0.4782502192
2.813,0.5,1,1.544666,-15.94,-0.949968731,224.219,-1.150238556,-0.7354826401
2.814,0.59,1.18,1.810207839,-12.04,-0.736473308,225.698,-1.115064608,-0.9776779744
2.815,0.63,1.26,1.927002521,-9.85,-0.6113898286,227.767,-1.066243963,-1.148643125
2.816,0.65,1.3,1.98511742,-9.03,-0.5635697383,229.839,-1.017794967,-1.255319164
2.817,0.64,1.28,1.956083507,-9.59,-0.5962859644,232.356,-0.9595248293,-1.257275959
2.818,0.62,1.24,1.897874461,-10.58,-0.6535074781,235.336,-0.8913465591,-1.228513772
2.819,0.63,1.26,1.927002521,-9.95,-0.6171845625,238.123,-0.8283606524,-1.333062779
2.82,0.7,1.4,2.12958088,-6.67,-0.4228905923,241.119,-0.7614683148,-1.798087444
2.821,0.8,1.6,2.41497728,-1.24,-0.08151755551,244.038,-0.6970898211,-3.101662471
2.822,0.88,1.76,2.639905101,1.62,0.1085462017,247.565,-0.6203214785,-5.158328706
2.823,0.93,1.86,2.778955097,2.74,0.1849633106,252.292,-0.5191317225,-8.316031669
2.824,0.94,1.88,2.806623875,3.02,0.2042445655,260.221,-0.3535806639,-18.79400831
2.825,0.94,1.88,2.806623875,3.01,0.2035547251,267.417,-0.2076435359,-686.4156871
2.826,0.94,1.88,2.806623875,3.12,0.2111479618,269.209,-0.1719119999,71.53192466
2.827,0.94,1.88,2.806623875,3.19,0.2159857435,269.446,-0.1672041624,57.53449999
2.828,0.93,1.86,2.778955097,2.89,0.1952837167,269.624,-0.1636710405,87.90635363
2.829,0.9,1.8,2.69566632,2.14,0.143885089,269.035,-0.175371026,-85.61493081
2.83,0.87,1.74,2.611953881,1.39,0.09299289374,268.679,-0.1824550903,-29.19617426
2.831,0.87,1.74,2.611953881,1.27,0.08489690838,268.817,-0.179707907,-27.5490599
2.832,0.87,1.74,2.611953881,1.36,0.09096769082,268.959,-0.176882567,-30.40164865
2.833,0.84,1.68,2.527817779,0.49,0.03258588131,268.557,-0.184884935,-16.5977248
2.834,0.77,1.54,2.329852633,-2.59,-0.1687414774,267.325,-0.2094844237,-6.159949983
2.835,0.69,1.38,2.100782335,-6.13,-0.390056781,264.768,-0.2609042143,-3.227201554
2.836,0.64,1.28,1.956083507,-8.37,-0.5246856107,261.922,-0.3187228484,-2.319260005
2.837,0.6,1.2,1.83947712,-10.01,-0.6206575565,257.908,-0.4013472711,-1.799871263
2.838,0.54,1.08,1.663155331,-12.98,-0.7890036076,247.912,-0.6128278902,-1.186416009
2.839,0.43,0.86,1.335497337,-18.06,-1.061192178,244.952,-0.6770897978,-0.7682857877
2.84,0.32,0.64,1.002143437,-22.64,-1.290306744,242.618,-0.7283111419,-0.496450291
2.841,0.31,0.62,0.9715560952,-23.27,-1.320660578,241.397,-0.7553035445,-0.4680023536
2.842,0.39,0.78,1.214936767,-19.99,-1.159573893,239.859,-0.789498767,-0.6233409315
2.843,0.51,1.02,1.574358943,-14.96,-0.8974163772,238.497,-0.819964444,-0.9167209298
2.844,0.56,1.12,1.722117555,-12.4,-0.7566727833,236.706,-0.8602920319,-1.065030939
2.845,0.51,1.02,1.574358943,-14.95,-0.896876379,235.044,-0.8979888492,-0.8771460489
2.846,0.4,0.8,1.24514752,-19.92,-1.156052802,233.332,-0.9370994817,-0.5948671436
2.847,0.31,0.62,0.9715560952,-23.94,-1.352640305,232.557,-0.9548988022,-0.4210355925
2.848,0.31,0.62,0.9715560952,-24.14,-1.362126651,232.431,-0.9577982319,-0.4187877385
2.849,0.38,0.76,1.184678941,-21.15,-1.217412646,233.203,-0.9400581022,-0.5491054476
2.85,0.41,0.82,1.275311199,-19.87,-1.153535578,234.054,-0.9205705181,-0.6148726921
2.851,0.36,0.72,1.124022067,-22.3,-1.273810472,234.83,-0.9028620709,-0.5163946552
2.852,0.34,0.68,1.063176899,-23.41,-1.327368501,235.421,-0.8894145645,-0.4796034919
2.853,0.44,0.88,1.365519795,-19.09,-1.114033214,235.409,-0.8896872744,-0.6814921557
2.854,0.65,1.3,1.98511742,-9.8,-0.6084894545,235.593,-0.8855072495,-1.328729451
2.855,0.81,1.62,2.443258015,-1.2,-0.07890898373,236.289,-0.8697253264,-2.575553076
2.856,0.86,1.72,2.583955587,0.77,0.05130192003,237.647,-0.8390658286,-3.280114206
2.857,0.88,1.76,2.639905101,1.25,0.08354882834,240.516,-0.7748645659,-3.818667734
2.858,0.93,1.86,2.778955097,2.52,0.1698635505,242.965,-0.720664868,-5.045294934
2.859,0.97,1.94,2.889347769,3.55,0.2409361762,245.619,-0.6625416398,-6.853202859
2.86,0.97,1.94,2.889347769,3.57,0.242325773,249.252,-0.5839882423,-8.456731505
2.861,1,2,2.971648,4.41,0.3010190778,256.196,-0.4369791038,-21.85677723
2.862,1.08,2.16,3.189044045,6.24,0.4311382393,250.143,-0.5648977226,-23.84162952
2.863,1.08,2.16,3.189044045,6.26,0.4325774929,245.176,-0.6721996463,-13.30863611
2.864,1,2,2.971648,4.41,0.3010190778,243.855,-0.7011032012,-7.42755792
2.865,0.94,1.88,2.806623875,2.69,0.1815277028,243.348,-0.7122379889,-5.288429391
2.866,0.96,1.92,2.861820211,3.1,0.2097665561,243.107,-0.7175389936,-5.636029056
2.867,1.04,2.08,3.080722611,5.27,0.3617816212,243.887,-0.7004011908,-9.097887093
2.868,1.06,2.12,3.134977475,5.79,0.3988536725,244.88,-0.6786625819,-11.20399447
2.869,1.01,2.02,2.998987263,4.37,0.298209494,246.022,-0.6537708071,-8.434515098
2.87,0.95,1.9,2.83424558,2.88,0.1945950554,247.288,-0.6263109345,-6.565071421
2.871,0.86,1.72,2.583955587,0.67,0.04460962798,249.104,-0.5871658905,-4.76255785
2.872,0.72,1.44,2.187036749,-5.4,-0.3452841702,251.43,-0.5374422371,-2.477592979
2.873,0.53,1.06,1.633603609,-13.96,-0.8430389189,257.388,-0.4121449522,-1.301485501
2.874,0.36,0.72,1.124022067,-21.39,-1.22925968,259.531,-0.3677855238,-0.7038135579
2.875,0.27,0.54,0.8487359928,-25.32,-1.417540621,249.739,-0.5735453653,-0.4262678751
2.876,0.22,0.44,0.6941517088,-27.69,-1.526011312,246.258,-0.6486412057,-0.3192012071
2.877,0.15,0.3,0.47575662,-30.44,-1.647264359,242.329,-0.7346877158,-0.1997339178
2.878,0.08,0.16,0.2550549248,-33.47,-1.775324561,238.975,-0.8092526081,-0.09868342405
2.879,0.06,0.12,0.1915736352,-34.2,-1.805333719,237.45,-0.843502607,-0.07232369677
2.88,0.17,0.34,0.5383905848,-30.45,-1.647696437,236.131,-0.8733039219,-0.2135622801
2.881,0.34,0.68,1.063176899,-24.07,-1.358809549,235.751,-0.8819204847,-0.4744779081
2.882,0.47,0.94,1.455304729,-18.78,-1.098211065,235.261,-0.8930518399,-0.7308450959
2.883,0.51,1.02,1.574358943,-16.74,-0.9923327507,234.566,-0.908880018,-0.8280814063
2.884,0.51,1.02,1.574358943,-16.83,-0.9970687654,233.878,-0.9245950347,-0.8192686687
2.885,0.55,1.1,1.69265998,-15.22,-0.9114296718,233.07,-0.9431101769,-0.9127115717
2.886,0.64,1.28,1.956083507,-10.92,-0.6729789208,232.065,-0.9662293074,-1.193309961
2.887,0.73,1.46,2.215694073,-6.48,-0.4113655559,231.425,-0.981004177,-1.591311575
2.888,0.78,1.56,2.358274589,-3.85,-0.2487334161,231.657,-0.9756435709,-1.926101694
2.889,0.8,1.6,2.41497728,-2.67,-0.1738608231,232.37,-0.9592024888,-2.131370114
2.89,0.83,1.66,2.499678265,-1.2,-0.07890898373,233.343,-0.9368472719,-2.460903638
2.891,0.87,1.74,2.611953881,0.6,0.03993030927,234.913,-0.9009714626,-3.033483209
2.892,0.91,1.82,2.723476319,1.62,0.1085462017,236.857,-0.8568802365,-3.639385879
2.893,0.94,1.88,2.806623875,2.22,0.1493434198,239.528,-0.7968867449,-4.334264236
2.894,0.96,1.92,2.861820211,2.9,0.1959724686,242.449,-0.7320390807,-5.338553357
2.895,1.01,2.02,2.998987263,4.02,0.2736882735,245.785,-0.6589270985,-7.784748235
2.896,1.03,2.06,3.053524569,4.53,0.3094566527,249.92,-0.5696693217,-11.73472676
2.897,0.97,1.94,2.889347769,3.07,0.2076951287,260.291,-0.3521416961,-20.00288287
2.898,0.86,1.72,2.583955587,0.11,0.007296713423,261.238,-0.332712458,-7.940475009
2.899,0.76,1.52,2.301383603,-5.35,-0.3422012381,260.721,-0.3433108035,-3.357174584
2.9,0.74,1.48,2.244304323,-6.66,-0.4222847572,259.747,-0.3633347284,-2.856731999
2.901,0.79,1.58,2.386649471,-4,-0.2581659283,257.826,-0.4030485357,-3.609493744
2.902,0.86,1.72,2.583955587,0.1,0.00663293416,254.554,-0.4713784391,-5.559936696
2.903,0.93,1.86,2.778955097,1.94,0.1302644618,246.099,-0.6520966253,-5.325381015
2.904,0.98,1.96,2.916828253,3.13,0.2118388009,245.075,-0.6744040274,-6.305766379
2.905,0.96,1.92,2.861820211,2.58,0.1739773267,244.165,-0.6943063477,-5.500020363
2.906,0.86,1.72,2.583955587,-0.03,-0.001988158449,243.726,-0.7039341156,-3.660396735
2.907,0.72,1.44,2.187036749,-6.7,-0.4247076006,244.288,-0.6916119226,-1.959149422
2.908,0.59,1.18,1.810207839,-12.73,-0.7751000269,244.836,-0.6796239555,-1.244365159
2.909,0.5,1,1.544666,-16.71,-0.9907527374,245.802,-0.6585570724,-0.9365529695
2.91,0.45,0.9,1.39549518,-18.76,-1.097187879,246.707,-0.6388954807,-0.8038180727
2.911,0.44,0.88,1.365519795,-19.05,-1.111995574,246.01,-0.6540317658,-0.7732155469
2.912,0.48,0.96,1.485138893,-17.68,-1.041501064,244.212,-0.6932766105,-0.856097536
2.913,0.52,1.04,1.604004813,-15.93,-0.9494361434,241.342,-0.7565226297,-0.9402365626
2.914,0.52,1.04,1.604004813,-15.84,-0.9446394691,238.505,-0.8197849898,-0.9090810347
2.915,0.47,0.94,1.455304729,-18.02,-1.059124433,236.422,-0.8667148189,-0.755673002
2.916,0.39,0.78,1.214936767,-21.46,-1.232707384,234.597,-0.9081730142,-0.5674939936
2.917,0.32,0.64,1.002143437,-24.76,-1.391360512,233.81,-0.9261507727,-0.4324222469
2.918,0.24,0.48,0.7561266432,-27.99,-1.539476864,232.74,-0.9506905221,-0.3036449066
2.919,0.17,0.34,0.5383905848,-31.08,-1.67479003,231.233,-0.9854446063,-0.2023846233
2.92,0.13,0.26,0.4129343608,-32.57,-1.737880348,229.641,-1.022405832,-0.1495983872
2.921,0.16,0.32,0.5070971392,-31.61,-1.697389917,228.822,-1.041520372,-0.1851455819
2.922,0.24,0.48,0.7561266432,-28.85,-1.577752985,228.241,-1.055121786,-0.28718671
2.923,0.31,0.62,0.9715560952,-26,-1.449046214,228.724,-1.043812163,-0.3897357764
2.924,0.39,0.78,1.214936767,-23.03,-1.309129711,229.457,-1.026694241,-0.5201319929
2.925,0.53,1.06,1.633603609,-17.22,-1.017521857,231.125,-0.9879439683,-0.8145756405
2.926,0.72,1.44,2.187036749,-8.15,-0.5116455393,232.583,-0.9543007027,-1.491894236
2.927,0.89,1.78,2.667809247,0.45,0.02991784121,234.099,-0.9195420082,-2.998804828
2.928,0.97,1.94,2.889347769,2.36,0.1589093763,235.164,-0.8952581427,-3.92388485
2.929,0.97,1.94,2.889347769,2.52,0.1698635505,234.501,-0.9103627486,-3.901891827
2.93,1,2,2.971648,3.16,0.2139118633,233.713,-0.9283707705,-4.159298695
2.931,1.07,2.14,3.162034297,5.09,0.3490073834,233.222,-0.9396222336,-5.353800867
2.932,1.15,2.3,3.37679422,7.06,0.4904547193,233.462,-0.9341195804,-7.611137406
2.933,1.2,2.4,3.50948928,8.25,0.5776621365,235.523,-0.8870970915,-11.3416058
2.934,1.22,2.44,3.562237789,8.78,0.6169347889,237.896,-0.8334631802,-16.4515968
2.935,1.22,2.44,3.562237789,8.98,0.6318242889,241.614,-0.7504964072,-30.01747874
2.936,1.22,2.44,3.562237789,8.85,0.6221417664,245.512,-0.6648727898,-83.36420495
2.937,1.2,2.4,3.50948928,8.22,0.5754471511,249.434,-0.5800831796,-757.0033764
2.938,1.15,2.3,3.37679422,7.09,0.4926368002,254.416,-0.4742795925,183.9492299
2.939,1.13,2.26,3.323386681,6.37,0.4405000682,264.836,-0.2595303576,18.36432555
2.94,1.16,2.32,3.403427379,7.22,0.5021022725,270.673,-0.1428966995,9.474873541
2.941,1.26,2.52,3.667169923,9.95,0.7045822624,274.411,-0.06951860181,5.774491835
2.942,1.42,2.84,4.079366685,14.34,1.045323983,277.821,-0.003445893671,3.915397327
2.943,1.61,3.22,4.553198367,17.91,1.336600617,279.827,0.0350448614,3.319515457
2.944,1.76,3.52,4.915272243,20.91,1.591502177,280.855,0.05466313401,2.98589225
2.945,1.84,3.68,5.104047539,22.37,1.718972778,279.034,0.0198620061,2.935326338
2.946,1.8,3.6,5.01003648,21.77,1.666313985,277.494,-0.009746642623,3.024348212
2.947,1.69,3.38,4.747622495,19.57,1.476486873,276.396,-0.0309577412,3.284349232
2.948,1.56,3.12,4.430153395,17.15,1.273505381,276.035,-0.03794992764,3.585556103
2.949,1.47,2.94,4.205706809,15.48,1.136933309,277.806,-0.003734756523,3.711359142
2.95,1.43,2.86,4.104728857,14.73,1.076517106,279.702,0.032654458,3.700715913
2.951,1.46,2.92,4.180532931,15.3,1.122381755,280.74,0.05247205322,3.558343092
2.952,1.47,2.94,4.205706809,15.63,1.149084592,280.376,0.045530885,3.520552755
2.953,1.43,2.86,4.104728857,14.92,1.09176902,275.93,-0.03998538281,3.902636162
2.954,1.35,2.7,3.90051342,12.91,0.9322472266,271.381,-0.1289209622,4.855453621
2.955,1.17,2.34,3.430013465,7.98,0.5577580344,266.708,-0.2218467739,10.21107021
2.956,0.99,1.98,2.944261663,3.26,0.220827979,263.227,-0.2921331971,-41.29097054
2.957,0.93,1.86,2.778955097,1.81,0.1214303351,263.116,-0.2943897105,-16.0670972
2.958,1,2,2.971648,3.56,0.241630929,263.091,-0.2948980656,-55.78764299
2.959,1.17,2.34,3.430013465,7.83,0.5467300784,264.027,-0.2758981253,12.66472965
2.96,1.24,2.48,3.614798003,9.71,0.6864961027,264.431,-0.267718098,8.631776174
2.961,1.2,2.4,3.50948928,8.71,0.6117324897,264.095,-0.2745204133,10.40736535
2.962,1.23,2.46,3.588541433,9.4,0.6632168394,263.539,-0.2857956575,9.508055205
2.963,1.24,2.48,3.614798003,9.72,0.6872485852,261.589,-0.32552901,9.993371249
2.964,1.11,2.22,3.269790847,6.41,0.4433838091,259.154,-0.3755626924,48.21198777
2.965,0.9,1.8,2.69566632,0.82,0.05465139965,255.687,-0.4476188433,-6.859770099
2.966,0.76,1.52,2.301383603,-6.4,-0.4065039518,248.467,-0.6008642446,-2.284550586
2.967,0.81,1.62,2.443258015,-3.59,-0.2323383421,241.638,-0.7499650075,-2.487274441
2.968,0.96,1.92,2.861820211,2.05,0.1377513541,239.682,-0.7934481688,-4.364547985
2.969,0.98,1.96,2.916828253,2.56,0.1726057065,239.347,-0.8009310155,-4.642226265
2.97,0.86,1.72,2.583955587,-1.1,-0.07238144249,238.904,-0.8108423411,-2.925595568
2.971,0.69,1.38,2.100782335,-10.04,-0.6223929723,238.28,-0.824834436,-1.451591038
2.972,0.55,1.1,1.69265998,-16.8,-0.9954907644,237.557,-0.8410923267,-0.9216353936
2.973,0.57,1.14,1.751528057,-16.06,-0.9563539179,235.787,-0.8811035834,-0.9532345948
2.974,0.72,1.44,2.187036749,-9,-0.5618099385,234.175,-0.9178054181,-1.478111686
2.975,0.88,1.76,2.639905101,-0.34,-0.02248599305,233.17,-0.9408152215,-2.740477289
2.976,0.97,1.94,2.889347769,1.96,0.1316249058,232.669,-0.9523228498,-3.520598279
2.977,0.99,1.98,2.944261663,2.59,0.1746632724,232.988,-0.9449927752,-3.822080879
2.978,1.1,2.2,3.24292232,5.29,0.3632028321,233.468,-0.9339820865,-5.681570055
2.979,1.39,2.78,4.002997727,13.27,0.9605227547,234.691,-0.9060297674,73.45895184
2.98,1.71,3.42,4.795757791,19.75,1.491827347,236.536,-0.8641357315,7.640308833
2.981,1.81,3.62,5.033609855,21.69,1.659321717,240.061,-0.7849950995,5.75712755
2.982,1.7,3.4,4.77171368,19.67,1.485005183,244.567,-0.6855052032,5.968372487
2.983,1.58,3.16,4.479512605,17.35,1.290051935,252.04,-0.5244782011,5.851183767
2.984,1.62,3.24,4.577666141,18.04,1.347452685,264.376,-0.2688309804,4.243995944
2.985,1.77,3.54,4.939033913,21,1.599294702,266.622,-0.2235721597,3.590138099
2.986,1.84,3.68,5.104047539,22.32,1.71456991,267.783,-0.2003262702,3.370691086
2.987,1.77,3.54,4.939033913,21.1,1.607963086,266.136,-0.2333330669,3.592991457
2.988,1.67,3.34,4.699298905,19.21,1.445907278,265.269,-0.250790389,3.932083087
2.989,1.58,3.16,4.479512605,17.6,1.310792792,264,-0.2764452564,4.330761616
2.99,1.51,3.02,4.305931583,16.28,1.202003341,263.168,-0.2933324867,4.738714312
2.991,1.45,2.9,4.15531198,15.06,1.103030487,263.171,-0.2932714993,5.131541663
2.992,1.36,2.72,3.926205107,13.01,0.9400886718,262.914,-0.2984986018,6.119491699
2.993,1.25,2.5,3.6410075,9.93,0.7030729625,262.778,-0.3012667627,9.061601096
2.994,1.12,2.24,3.296612301,6.48,0.448433957,262.635,-0.3041789481,22.85267129
2.995,1.01,2.02,2.998987263,3.54,0.2402415146,262.456,-0.3078265064,-44.37356847
2.996,0.94,1.88,2.806623875,1.68,0.1126113781,261.655,-0.3241793528,-13.26582569
2.997,0.9,1.8,2.69566632,0.8,0.05331134101,258.993,-0.3788874247,-8.279681632
2.998,0.87,1.74,2.611953881,-0.09,-0.005962092718,250.28,-0.5619684007,-4.599073146
2.999,0.81,1.62,2.443258015,-2.94,-0.191097962,248.111,-0.6085351455,-3.055473807
3,0.74,1.48,2.244304323,-6.35,-0.403462751,244.919,-0.6778105998,-2.075612352
3.001,0.69,1.38,2.100782335,-8.95,-0.5588753209,242.814,-0.7239908661,-1.63756934
3.002,0.67,1.34,2.043044025,-9.6,-0.5968678865,240.705,-0.7706621306,-1.493966494
3.003,0.71,1.42,2.158332351,-7.79,-0.4902220126,239.588,-0.7955467771,-1.678631779
3.004,0.74,1.48,2.244304323,-6.11,-0.3888360597,238.244,-0.8256427898,-1.847956697
3.005,0.68,1.36,2.071936717,-8.85,-0.5530000139,237.018,-0.8532448895,-1.473382561
3.006,0.5,1,1.544666,-17,-1.005998115,235.841,-0.8798784653,-0.819070567
3.007,0.3,0.6,0.94092168,-25.78,-1.438887238,234.973,-0.8996051737,-0.4023625116
3.008,0.25,0.5,0.7870435,-27.86,-1.533649024,234.277,-0.9154756169,-0.3213570624
3.009,0.39,0.78,1.214936767,-22.49,-1.283038931,233.518,-0.9328364419,-0.5482874994
3.01,0.56,1.12,1.722117555,-15.26,-0.9135810115,232.541,-0.9552668967,-0.9214861989
3.011,0.58,1.16,1.780891485,-14.28,-0.8605229098,231.038,-0.9899581928,-0.9623937701
3.012,0.46,0.92,1.425423491,-19.81,-1.150512535,229.55,-1.0245263,-0.655355421
3.013,0.37,0.74,1.154374041,-23.93,-1.352165267,228.619,-1.046268744,-0.4813032318
3.014,0.43,0.86,1.335497337,-21.83,-1.250873491,228.091,-1.058638962,-0.5782594222
3.015,0.59,1.18,1.810207839,-14.99,-0.8990359156,227.911,-1.062862628,-0.9226816773
3.016,0.74,1.48,2.244304323,-7.74,-0.4872381374,227.667,-1.068593371,-1.442511166
3.017,0.82,1.64,2.471491677,-3.65,-0.2361269356,227.701,-1.067794457,-1.895429964
3.018,0.83,1.66,2.499678265,-2.63,-0.1713018392,228.28,-1.054207699,-2.039705271
3.019,0.83,1.66,2.499678265,-2.93,-0.1904606668,229.225,-1.03210627,-2.044614647
3.02,0.81,1.62,2.443258015,-3.71,-0.2399124588,230.373,-1.005379379,-1.96199633
3.021,0.78,1.56,2.358274589,-5.72,-0.3649653387,231.63,-0.9762671585,-1.758289181
3.022,0.73,1.46,2.215694073,-8.37,-0.5246856107,232.889,-0.9472665514,-1.505275871
3.023,0.69,1.38,2.100782335,-10.42,-0.6443126236,234.521,-0.90990648,-1.351664209
3.024,0.7,1.4,2.12958088,-10.1,-0.625861643,236.407,-0.8670542651,-1.426457357
3.025,0.78,1.56,2.358274589,-5.82,-0.3710981375,238.65,-0.8165334258,-1.985695448
3.026,0.9,1.8,2.69566632,0.41,0.02725121946,241.274,-0.7580302466,-3.688757093
3.027,0.96,1.92,2.861820211,1.92,0.1289043773,244.792,-0.6805855018,-5.187453556
3.028,0.98,1.96,2.916828253,2.49,0.1678078821,248.494,-0.6002829112,-6.744500969
3.029,1.11,2.22,3.269790847,5.64,0.3881340481,254.896,-0.4641953975,-42.98886192
3.03,1.37,2.74,3.951849721,12.63,0.910343748,262.288,-0.311252177,6.596403475
3.031,1.63,3.26,4.602086841,18.29,1.36837102,263.579,-0.2849836951,4.247868455
3.032,1.74,3.48,4.867607683,20.31,1.539769935,264.255,-0.2712801369,3.837325053
3.033,1.67,3.34,4.699298905,18.96,1.424750789,264.067,-0.2750876635,4.087544255
3.034,1.57,3.14,4.454856537,17.17,1.275158193,263.769,-0.2811285557,4.481613394
3.035,1.54,3.08,4.380605891,16.66,1.233139188,262.652,-0.3038326612,4.713843887
3.036,1.55,3.1,4.40540318,16.79,1.243824694,260.895,-0.339741511,4.87278523
3.037,1.56,3.12,4.430153395,16.96,1.257824071,258.175,-0.3958115331,5.139314339
3.038,1.55,3.1,4.40540318,16.8,1.24464737,255.111,-0.4596846748,5.61224528
3.039,1.5,3,4.280946,15.82,1.164508873,244.634,-0.6840397524,8.909929521
3.04,1.4,2.8,4.02850112,13.65,0.990508566,242.987,-0.720180458,14.90226506
3.041,1.29,2.58,3.745374751,10.78,0.7675591639,241.464,-0.7538188522,272.5829538
3.042,1.24,2.48,3.614798003,9.42,0.6647159412,240.071,-0.7847722441,-30.10918974
3.043,1.22,2.44,3.562237789,9.03,0.6355526388,239.258,-0.8029207566,-21.28384925
3.044,1.14,2.28,3.350113987,6.86,0.4759291374,238.745,-0.8144041617,-9.897669684
3.045,0.99,1.98,2.944261663,2.93,0.1980392685,238.342,-0.8234425573,-4.707780908
3.046,0.91,1.82,2.723476319,0.77,0.05130192003,238.007,-0.8309675035,-3.49313395
3.047,0.95,1.9,2.83424558,1.88,0.1261852864,238.395,-0.8222530125,-4.071795709
3.048,1,2,2.971648,3.04,0.2056245185,238.715,-0.8150764694,-4.875934839
3.049,0.9,1.8,2.69566632,0.47,0.03125168393,239.707,-0.7928901669,-3.539298999
3.05,0.73,1.46,2.215694073,-8.33,-0.5223176222,240.873,-0.7669294018,-1.718595453
3.051,0.68,1.36,2.071936717,-10.98,-0.6764055293,242.766,-0.7250485703,-1.478419248
3.052,0.84,1.68,2.527817779,-3.18,-0.2063673069,245.151,-0.6727452006,-2.875420106
3.053,1.11,2.22,3.269790847,5.58,0.3838520527,247.877,-0.6135832519,-14.23311617
3.054,1.38,2.76,3.977447261,12.76,0.9205035928,251.388,-0.5383359998,10.40759953
3.055,1.55,3.1,4.40540318,16.67,1.233960538,257.447,-0.4109187341,5.352587387
3.056,1.6,3.2,4.52868352,17.55,1.30663949,267.759,-0.2008057844,4.095266313
3.057,1.5,3,4.280946,15.62,1.148273799,270.99,-0.1366346872,4.231692852
3.058,1.33,2.66,3.848988825,11.45,0.8188837214,274.171,-0.0741997619,5.168620561
3.059,1.26,2.52,3.667169923,9.4,0.6632168394,276.355,-0.03175140779,5.807396161
3.06,1.36,2.72,3.926205107,12.15,0.8729747311,277.876,-0.002386863297,4.509832095
3.061,1.57,3.14,4.454856537,17.03,1.263597101,277.771,-0.004408830505,3.537879634
3.062,1.75,3.5,4.8914635,20.37,1.544926132,277.313,-0.0132374062,3.193510155
3.063,1.77,3.54,4.939033913,20.82,1.58371819,275.651,-0.04539764367,3.210666284
3.064,1.67,3.34,4.699298905,18.95,1.42390588,273.957,-0.0783772535,3.492529859
3.065,1.56,3.12,4.430153395,16.87,1.25040896,272.588,-0.1051789453,3.868352504
3.066,1.51,3.02,4.305931583,15.97,1.176711751,271.662,-0.1233841994,4.087932168
3.067,1.54,3.08,4.380605891,16.5,1.220011443,271.046,-0.1355292255,4.039352439
3.068,1.62,3.24,4.577666141,18.13,1.354975858,270.655,-0.1432524912,3.777814529
3.069,1.73,3.46,4.843704793,20.11,1.522609883,270.404,-0.1482162755,3.524248632
3.07,1.8,3.6,5.01003648,21.64,1.654954996,270.208,-0.1520955828,3.333669428
3.071,1.83,3.66,5.080615385,22.04,1.689963058,270.476,-0.14679193,3.292321436
3.072,1.76,3.52,4.915272243,20.85,1.586311904,270.72,-0.1419677994,3.403117185
3.073,1.64,3.28,4.626460467,18.64,1.39776515,270.85,-0.139399341,3.676562437
3.074,1.54,3.08,4.380605891,16.82,1.246293028,270.765,-0.1410785781,3.963580001
3.075,1.51,3.02,4.305931583,16.24,1.198734428,270.842,-0.1395573644,4.065355767
3.076,1.53,3.06,4.355761529,16.57,1.225751623,270.884,-0.1387277937,4.007052478
3.077,1.55,3.1,4.40540318,16.94,1.256175553,270.927,-0.1378786046,3.939385854
3.078,1.55,3.1,4.40540318,16.94,1.256175553,270.854,-0.139320331,3.944471129
3.079,1.54,3.08,4.380605891,16.89,1.252056047,271.327,-0.1299856231,3.904038282
3.08,1.56,3.12,4.430153395,17.12,1.27102693,272.279,-0.1112470323,3.819822541
3.081,1.56,3.12,4.430153395,17.17,1.275158193,274.046,-0.07663948927,3.696357329
3.082,1.49,2.98,4.255913343,15.91,1.171827865,276.147,-0.03577962869,3.746243521
3.083,1.33,2.66,3.848988825,12.21,0.8776334616,278.641,0.01232159153,4.324924962
3.084,1.14,2.28,3.350113987,7.27,0.5057470766,280.537,0.04860212787,6.043327853
3.085,1.04,2.08,3.080722611,4.61,0.3150890612,280.457,0.04707626483,8.50639857
3.086,1.06,2.12,3.134977475,5.07,0.3475898736,279.356,0.02603224623,8.390770538
3.087,1.13,2.26,3.323386681,6.77,0.4694048836,275.778,-0.04293331912,7.79275093
3.088,1.16,2.32,3.403427379,7.67,0.5349904093,272.405,-0.1087718356,7.985169087
3.089,1.14,2.28,3.350113987,7.08,0.4919093458,269.602,-0.1641075921,10.21993918
3.09,1.08,2.16,3.189044045,5.57,0.3831387118,267.242,-0.2111457683,18.54171445
3.091,1.02,2.04,3.026279453,3.88,0.2639112146,266.121,-0.233634613,99.95439677
3.092,0.98,1.96,2.916828253,2.96,0.2001068844,265.241,-0.2513551286,-56.9156719
3.093,1.02,2.04,3.026279453,3.78,0.2569385775,265.179,-0.2526058356,698.4675041
3.094,1.09,2.18,3.216006719,5.6,0.385279013,265.415,-0.2478466409,23.40064913
3.095,1.11,2.22,3.269790847,6.22,0.4296993593,266.155,-0.232951133,16.61916303
3.096,1.05,2.1,3.10787358,4.52,0.3087530157,266.838,-0.2192396884,34.7196744
3.097,0.96,1.92,2.861820211,2.3,0.1548075169,267.876,-0.1984685585,-65.546311
3.098,0.98,1.96,2.916828253,2.58,0.1739773267,269.108,-0.1739195531,50487.18183
3.099,1.11,2.22,3.269790847,5.98,0.4124619138,270.28,-0.1506702043,12.49004735
3.1,1.3,2.6,3.77134888,10.96,0.781304921,271.389,-0.1287632527,5.779475953
3.101,1.46,2.92,4.180532931,15.28,1.120766932,272.205,-0.1127012532,4.147083883
3.102,1.54,3.08,4.380605891,16.84,1.247939095,272.77,-0.1016080798,3.821414438
3.103,1.5,3,4.280946,16.09,1.186490475,272.781,-0.1013923346,3.945215498
3.104,1.36,2.72,3.926205107,13.06,0.9440131042,272.626,-0.1044331831,4.676392335
3.105,1.23,2.46,3.588541433,9.49,0.669965822,271.951,-0.1176957771,6.497802056
3.106,1.22,2.44,3.562237789,9.15,0.6445104399,271.316,-0.1302025245,6.926274479
3.107,1.29,2.58,3.745374751,11.19,0.7989148095,270.178,-0.1526896027,5.795773225
3.108,1.29,2.58,3.745374751,11.07,0.7897206161,268.807,-0.1799069309,6.141834534
3.109,1.14,2.28,3.350113987,7.12,0.4948197279,267.111,-0.2137689407,11.91995945
3.11,0.96,1.92,2.861820211,2.49,0.1678078821,265.328,-0.2496005971,-34.98869321
3.111,0.95,1.9,2.83424558,2.18,0.1466135339,263.413,-0.2883541449,-19.99600227
3.112,1.1,2.2,3.24292232,6.06,0.4182017598,261.432,-0.328740927,36.24963257
3.113,1.21,2.42,3.535887071,9.11,0.6415229744,259.408,-0.3703216601,13.03786849
3.114,1.15,2.3,3.37679422,7.51,0.523274949,256.966,-0.420923733,32.99222373
3.115,0.98,1.96,2.916828253,3.03,0.2049344966,253.491,-0.4937664492,-10.09870351
3.116,0.89,1.78,2.667809247,0.75,0.04996275061,244.384,-0.6895098992,-4.171403552
3.117,0.94,1.88,2.806623875,1.84,0.1234676326,243.727,-0.7039121647,-4.835300739
3.118,0.96,1.92,2.861820211,2.43,0.1636989839,242.88,-0.7225368642,-5.121020446
3.119,0.82,1.64,2.471491677,-2.51,-0.1636166177,242.225,-0.7369842607,-2.744269672
3.12,0.59,1.18,1.810207839,-14.11,-0.8512443198,241.536,-0.7522238211,-1.128932838
3.121,0.5,1,1.544666,-18.54,-1.085913568,239.751,-0.7919082247,-0.8225839138
3.122,0.64,1.28,1.956083507,-12.18,-0.7443407134,238.186,-0.8269453946,-1.244893274
3.123,0.9,1.8,2.69566632,0.76,0.05063229087,236.62,-0.8622361465,-3.321406498
3.124,1.1,2.2,3.24292232,5.86,0.4038633251,235.948,-0.8774517448,-6.847554089
3.125,1.15,2.3,3.37679422,7,0.4860930969,235.442,-0.8889373556,-8.382381397
3.126,1.05,2.1,3.10787358,4.53,0.3094566527,234.33,-0.9142654344,-5.138605249
3.127,0.87,1.74,2.611953881,-0.58,-0.038297192,234.347,-0.9138773206,-2.743146184
3.128,0.67,1.34,2.043044025,-9.59,-0.5962859644,234.82,-0.9030899001,-1.362596313
3.129,0.53,1.06,1.633603609,-15.42,-0.9221742525,235.605,-0.8852347525,-0.9038372633
3.13,0.49,0.98,1.514925983,-17.27,-1.02013588,234.714,-0.9055054867,-0.786712422
3.131,0.48,0.96,1.485138893,-17.61,-1.037862146,233.258,-0.9387964747,-0.75133808
3.132,0.44,0.88,1.365519795,-19.25,-1.12217216,232.305,-0.9606992339,-0.6555948672
3.133,0.33,0.66,1.032683705,-23.84,-1.347886838,232.489,-0.9564633786,-0.4481452938
3.134,0.17,0.34,0.5383905848,-30.39,-1.64510302,232.408,-0.9583276626,-0.2068004301
3.135,0.04,0.08,0.1279040512,-36.07,-1.880749522,232.05,-0.9665751268,-0.04492078248
3.136,-0.03,-0.06,-0.0964223112,-38.58,-1.978758381,232.45,-0.9573609157,0.03284005228
3.137,-0.01,-0.02,-0.0320936968,-38.09,-1.959909615,233.016,-0.9443498623,0.0110505611
3.138,0.03,0.06,0.0959986488,-36.81,-1.91002325,233.481,-0.9336841953,-0.03375827177
3.139,0.08,0.16,0.2550549248,-35.13,-1.843099958,234.41,-0.9124392621,-0.09256080369
3.14,0.19,0.38,0.6008362552,-30.98,-1.670506155,235.3,-0.8921650261,-0.2344570226
3.141,0.39,0.78,1.214936767,-23.53,-1.333107371,235.926,-0.8779506068,-0.5494820937
3.142,0.6,1.2,1.83947712,-14.78,-0.8876847721,236.257,-0.870449912,-1.046266328
3.143,0.73,1.46,2.215694073,-8.4,-0.5264607472,237.916,-0.8330134227,-1.62981697
3.144,0.76,1.52,2.301383603,-6.9,-0.4368019597,238.882,-0.8113350303,-1.843854979
3.145,0.71,1.42,2.158332351,-9.5,-0.5910450453,240.552,-0.7740638475,-1.581069732
3.146,0.66,1.32,2.014104259,-12.34,-0.7533132446,242.453,-0.7319508154,-1.356058033
3.147,0.68,1.36,2.071936717,-11.31,-0.6952009083,244.587,-0.6850677132,-1.501111222
3.148,0.83,1.66,2.499678265,-3.85,-0.2487334161,247.183,-0.6285830597,-2.8492321
3.149,1.05,2.1,3.10787358,3.83,0.2604237534,250.275,-0.5620752821,-10.30286037
3.15,1.21,2.42,3.535887071,8.09,0.5658587598,254.222,-0.4783606877,40.41102835
3.151,1.25,2.5,3.6410075,9.21,0.6489945115,266.205,-0.2319461739,8.730420845
3.152,1.22,2.44,3.562237789,8.39,0.5880100486,269.029,-0.1754903427,8.635315448
3.153,1.21,2.42,3.535887071,8.08,0.5651218558,272.334,-0.1101664484,7.771942072
3.154,1.27,2.54,3.693285273,9.59,0.6774738173,276.123,-0.03624461864,5.759696035
3.155,1.36,2.72,3.926205107,11.95,0.857471161,277.116,-0.01703933591,4.671652108
3.156,1.4,2.8,4.02850112,13.27,0.9605227547,277.123,-0.01690419566,4.269205053
3.157,1.37,2.74,3.951849721,12.44,0.895524723,276.507,-0.02880962477,4.5595718
3.158,1.28,2.56,3.719353549,10.13,0.7181833282,275.624,-0.04592170154,5.532598324
3.159,1.2,2.4,3.50948928,7.86,0.5489339641,273.935,-0.07880690022,7.46498032
3.16,1.15,2.3,3.37679422,6.59,0.4563791702,273.217,-0.09284797913,9.288870676
3.161,1.14,2.28,3.350113987,6.18,0.4268227197,273.433,-0.08862004513,9.905640136
3.162,1.14,2.28,3.350113987,6.23,0.4304187526,273.303,-0.0911642347,9.874928146
3.163,1.15,2.3,3.37679422,6.54,0.4527663051,273.152,-0.09412092837,9.415412659
3.164,1.16,2.32,3.403427379,6.91,0.479557009,272.559,-0.1057481495,9.104726368
3.165,1.15,2.3,3.37679422,6.6,0.4571020242,271.847,-0.1197421253,10.00947128
3.166,1.09,2.18,3.216006719,4.86,0.3327283302,270.726,-0.141849228,16.84839609
3.167,0.98,1.96,2.916828253,2.01,0.135027589,268.779,-0.1804642371,-64.19549803
3.168,0.88,1.76,2.639905101,-1.33,-0.08738173801,266.932,-0.2173553562,-8.662893856
3.169,0.84,1.68,2.527817779,-3.96,-0.2556524629,265.207,-0.252040964,-4.979024044
3.17,0.84,1.68,2.527817779,-3.59,-0.2323383421,263.53,-0.2859783661,-4.876975292
3.171,0.87,1.74,2.611953881,-1.91,-0.1250039901,262.04,-0.3163131316,-5.918541912
3.172,0.9,1.8,2.69566632,-0.44,-0.02908014608,260.53,-0.3472315635,-7.163386765
3.173,0.9,1.8,2.69566632,-0.14,-0.00927127891,259.161,-0.3754181857,-7.007382754
3.174,0.88,1.76,2.639905101,-1.27,-0.08347306807,254.754,-0.4671766592,-4.794164003
3.175,0.83,1.66,2.499678265,-3.79,-0.2449550501,250.013,-0.5676788549,-3.076020148
3.176,0.77,1.54,2.329852633,-7.31,-0.4614921484,250.746,-0.5520164193,-2.298799149
3.177,0.7,1.4,2.12958088,-10.8,-0.6661171347,252.105,-0.5230986377,-1.790743891
3.178,0.66,1.32,2.014104259,-12.8,-0.7789979281,254.168,-0.4794972167,-1.600406857
3.179,0.67,1.34,2.043044025,-12.34,-0.7533132446,259.707,-0.3641586705,-1.828273263
3.18,0.73,1.46,2.215694073,-9.8,-0.6084894545,266.075,-0.2345594602,-2.628191596
3.181,0.79,1.58,2.386649471,-6.48,-0.4113655559,267.091,-0.2141695382,-3.81537262
3.182,0.85,1.7,2.55591022,-3.45,-0.2234863406,268.2,-0.1920015642,-6.151587545
3.183,0.91,1.82,2.723476319,0.14,0.009288581452,269.491,-0.1663107371,-17.34453529
3.184,1.02,2.04,3.026279453,2.74,0.1849633106,270.865,-0.1391030597,65.9891605
3.185,1.16,2.32,3.403427379,6.47,0.4477122266,272.476,-0.1073775862,10.00023793
3.186,1.31,2.62,3.797275935,10.3,0.7310575115,274.236,-0.07293154321,5.769831489
3.187,1.4,2.8,4.02850112,12.98,0.9377351997,276.494,-0.02906116139,4.433384195
3.188,1.45,2.9,4.15531198,14.22,1.035756731,278.669,0.01285917385,3.962663507
3.189,1.46,2.92,4.180532931,14.58,1.064501714,280.283,0.04375600935,3.772166747
3.19,1.47,2.94,4.205706809,14.78,1.080527253,281.147,0.06022254534,3.68679163
3.191,1.49,2.98,4.255913343,15.12,1.107862866,280.146,0.04114033452,3.704004778
3.192,1.49,2.98,4.255913343,15.22,1.115924885,278.849,0.01631377095,3.758848296
3.193,1.46,2.92,4.180532931,14.63,1.068504338,276.615,-0.02672039308,4.012859819
3.194,1.38,2.76,3.977447261,12.54,0.9033197749,275.146,-0.05520797581,4.689767629
3.195,1.27,2.54,3.693285273,9.63,0.6804797069,274.737,-0.06316657938,5.982839354
3.196,1.19,2.38,3.483044415,7.3,0.5079350898,274.972,-0.05859234073,7.751420096
3.197,1.16,2.32,3.403427379,6.55,0.4534886908,275.357,-0.05110681722,8.458202526
3.198,1.19,2.38,3.483044415,7.32,0.5093942366,275.391,-0.05044626103,7.589192241
3.199,1.26,2.52,3.667169923,9.14,0.6437634298,276.724,-0.02461264355,5.922902796
3.2,1.32,2.64,3.823155917,10.82,0.7706110557,278.029,0.000558064418,4.957610227
3.201,1.33,2.66,3.848988825,11.21,0.800448539,279.242,0.02384856491,4.669419323
3.202,1.29,2.58,3.745374751,10.05,0.7121345496,279.986,0.03808391202,4.99237881
3.203,1.2,2.4,3.50948928,7.64,0.5327919175,279.827,0.0350448614,6.180454332
3.204,1.09,2.18,3.216006719,4.71,0.3221378573,279.799,0.03450950386,9.017329354
3.205,0.98,1.96,2.916828253,1.79,0.1200725855,279.189,0.02283304105,20.4108706
3.206,0.89,1.78,2.667809247,-0.92,-0.06060984386,278.947,0.01819366971,-62.89603673
3.207,0.9,1.8,2.69566632,-0.38,-0.0251247098,278.87,0.01671666201,-320.6054948
3.208,1.03,2.06,3.053524569,3,0.2028649755,278.57,0.01095819418,14.2806066
3.209,1.2,2.4,3.50948928,7.32,0.5093942366,278.138,0.002655096451,6.85381086
3.21,1.28,2.56,3.719353549,9.6,0.6782251455,277.025,-0.01879646995,5.640266623
3.211,1.23,2.46,3.588541433,8.22,0.5754471511,274.763,-0.06266030095,6.998115166
3.212,1.13,2.26,3.323386681,5.43,0.3731616845,272.439,-0.1081041215,12.53835825
3.213,1.1,2.2,3.24292232,4.74,0.3242542925,269.827,-0.1596445393,19.70066934
3.214,1.18,2.36,3.456552477,6.75,0.4679560817,267.259,-0.2108054509,13.44174216
3.215,1.29,2.58,3.745374751,9.63,0.6804797069,266.273,-0.2305797325,8.324905456
3.216,1.35,2.7,3.90051342,11.32,0.8088910218,265.547,-0.2451865634,6.919429786
3.217,1.35,2.7,3.90051342,11.25,0.8035171676,265.878,-0.2385220285,6.90362297
3.218,1.32,2.64,3.823155917,10.49,0.7454793851,266.426,-0.2275065147,7.380996449
3.219,1.27,2.54,3.693285273,9.28,0.6542302888,266.705,-0.2219069524,8.542877429
3.22,1.19,2.38,3.483044415,7.08,0.4919093458,266.984,-0.2163132447,12.63822094
3.221,1.06,2.12,3.134977475,3.46,0.2346875036,266.558,-0.2248565289,318.887758
3.222,0.99,1.98,2.944261663,1.57,0.105161019,265.367,-0.2488142698,-20.49561459
3.223,1.06,2.12,3.134977475,3.47,0.235381436,263.534,-0.2858971615,-62.05943681
3.224,1.22,2.44,3.562237789,7.5,0.5225435358,261.705,-0.3231571119,17.8659997
3.225,1.36,2.72,3.926205107,11.47,0.8204225243,256.252,-0.4358098144,10.20820427
3.226,1.42,2.84,4.079366685,12.94,0.9345986218,257.42,-0.4114798499,7.798165357
3.227,1.37,2.74,3.951849721,11.75,0.8420068204,264.022,-0.2759994417,6.981975623
3.228,1.3,2.6,3.77134888,9.64,0.6812314197,264.392,-0.268507209,9.137697238
3.229,1.22,2.44,3.562237789,7.41,0.515965065,264.539,-0.2655334751,14.22439474
3.23,1.21,2.42,3.535887071,7.28,0.5064763201,264.499,-0.2663424907,14.724652
3.231,1.3,2.6,3.77134888,9.63,0.6804797069,263.26,-0.2914625253,9.694556073
3.232,1.39,2.78,4.002997727,12.26,0.8815184399,261.593,-0.3254472029,7.19871387
3.233,1.41,2.82,4.053957439,12.8,0.9236330551,255.27,-0.4563512826,8.675616465
3.234,1.36,2.72,3.926205107,11.32,0.8088910218,251.406,-0.5379529404,14.49115269
3.235,1.29,2.58,3.745374751,9.49,0.669965822,253.068,-0.5027014421,22.39194473
3.236,1.26,2.52,3.667169923,8.47,0.5939315134,256.732,-0.4257978033,21.81103314
3.237,1.24,2.48,3.614798003,8.1,0.5665957586,268,-0.1959926125,9.753824383
3.238,1.24,2.48,3.614798003,8.13,0.5688073248,270.488,-0.1465545759,8.56074475
3.239,1.25,2.5,3.6410075,8.2,0.5739709692,274.001,-0.07751806356,7.334044092
3.24,1.24,2.48,3.614798003,8.07,0.5643850467,276.936,-0.02051554405,6.646443651
3.241,1.23,2.46,3.588541433,7.72,0.5386564538,278.47,0.009037326713,6.552094547
3.242,1.21,2.42,3.535887071,7.1,0.4933643487,279.775,0.03405058332,6.704184612
3.243,1.18,2.36,3.456552477,6.43,0.4448262407,279.947,0.03733864428,7.168818353
3.244,1.18,2.36,3.456552477,6.4,0.4426627336,280.421,0.04638948446,7.067859728
3.245,1.23,2.46,3.588541433,7.57,0.5276654118,280.989,0.05721508799,6.135512184
3.246,1.32,2.64,3.823155917,10.08,0.7144021175,281.379,0.06463549717,4.907536998
3.247,1.45,2.9,4.15531198,13.79,1.001592152,282.051,0.07739733698,3.851114418
3.248,1.57,3.14,4.454856537,16.32,1.205273881,282.4,0.08401314682,3.455286869
3.249,1.62,3.24,4.577666141,17.19,1.276811415,282.354,0.08314161691,3.366047234
3.25,1.57,3.14,4.454856537,16.28,1.202003341,282.004,0.07650575726,3.4844152
3.251,1.46,2.92,4.180532931,13.95,1.014283009,280.959,0.05664386075,3.903658642
3.252,1.37,2.74,3.951849721,11.51,0.8235013023,280.029,0.03890549716,4.582349911
3.253,1.38,2.76,3.977447261,11.68,0.836603557,278.333,0.006404618143,4.718159773
3.254,1.47,2.94,4.205706809,14.22,1.035756731,277.084,-0.01765716341,4.130938605
3.255,1.58,3.16,4.479512605,16.39,1.211001239,276.599,-0.02702985741,3.783463583
3.256,1.63,3.26,4.602086841,17.33,1.288395436,276.036,-0.03793054608,3.680300726
3.257,1.6,3.2,4.52868352,16.77,1.242179648,274.037,-0.07681519259,3.886066285
3.258,1.52,3.04,4.330870093,15.39,1.129653446,272.78,-0.1014119474,4.211919184
3.259,1.46,2.92,4.180532931,13.94,1.013489083,272.305,-0.1107361836,4.630871784
3.26,1.42,2.84,4.079366685,12.94,0.9345986218,270.455,-0.1472073249,5.180863316
3.261,1.4,2.8,4.02850112,12.38,0.8908524193,267.763,-0.2007258624,5.837336761
3.262,1.39,2.78,4.002997727,12.05,0.8652180382,265.369,-0.2487739484,6.493691469
3.263,1.39,2.78,4.002997727,12.12,0.8706466921,260.219,-0.353621783,7.74236919
3.264,1.42,2.84,4.079366685,12.79,0.9228505414,251.172,-0.542934854,10.73755788
3.265,1.46,2.92,4.180532931,13.99,1.017459711,250.602,-0.5550897337,9.041531974
3.266,1.51,3.02,4.305931583,15.14,1.109474464,250.441,-0.5585279617,7.815516691
3.267,1.55,3.1,4.40540318,15.95,1.175083384,250.98,-0.5470260457,7.014332789
3.268,1.57,3.14,4.454856537,16.35,1.207727853,251.576,-0.5343365086,6.615553611
3.269,1.57,3.14,4.454856537,16.22,1.197100581,252.167,-0.5217830778,6.596684549
3.27,1.54,3.08,4.380605891,15.67,1.152328775,252.552,-0.5136211089,6.858545978
3.271,1.5,3,4.280946,14.98,1.096592949,252.211,-0.5208496509,7.435511645
3.272,1.47,2.94,4.205706809,14.25,1.038147194,251.725,-0.5311688216,8.29563357
3.273,1.43,2.86,4.104728857,13.38,0.9691881135,251.099,-0.5444899906,9.665050622
3.274,1.4,2.8,4.02850112,12.5,0.9002005719,250.668,-0.5536809121,11.62560624
3.275,1.36,2.72,3.926205107,11.6,0.8304342699,250.619,-0.55472682,14.24047522
3.276,1.33,2.66,3.848988825,10.68,0.7599362313,251.202,-0.5422958878,17.68508891
3.277,1.3,2.6,3.77134888,9.87,0.6985473763,252.111,-0.5229713113,21.47985763
3.278,1.27,2.54,3.693285273,9.35,0.6594707644,252.709,-0.5102962925,24.75815885
3.279,1.27,2.54,3.693285273,9.15,0.6445104399,252.74,-0.5096400443,27.38395818
3.28,1.27,2.54,3.693285273,9.24,0.6512378409,252.615,-0.5122866987,26.57974028
3.281,1.27,2.54,3.693285273,9.22,0.6497421922,252.545,-0.5137693972,27.16194276
3.282,1.25,2.5,3.6410075,8.71,0.6117324897,252.03,-0.5246904732,41.83045897
3.283,1.21,2.42,3.535887071,7.75,0.5408572157,248.95,-0.5904743672,-71.26340306
3.284,1.18,2.36,3.456552477,6.92,0.4802828651,245.261,-0.6703451777,-18.18641702
3.285,1.11,2.22,3.269790847,5.17,0.3546811216,242.133,-0.7390166417,-8.507646772
3.286,0.91,1.82,2.723476319,-0.03,-0.001988158449,239.375,-0.8003051826,-3.394614139
3.287,0.56,1.12,1.722117555,-14.78,-0.8876847721,235.48,-0.888073943,-0.9697925403
3.288,0.16,0.32,0.5070971392,-30.26,-1.639476122,230.872,-0.9938035308,-0.1925724595
3.289,-0.1,-0.2,-0.32305528,-40.33,-2.044971729,227.415,-1.074518457,0.1035602809
3.29,-0.18,-0.36,-0.5848888032,-43.03,-2.143827743,223.698,-1.162684394,0.1768899611
3.291,-0.14,-0.28,-0.4535954528,-41.73,-2.096722707,221.477,-1.216067664,0.1369224738
3.292,-0.07,-0.14,-0.2256444232,-39.58,-2.016804215,219.375,-1.267086079,0.06871253392
3.293,0,0,0,-37.15,-1.92336646,218.095,-1.298393458,-0
3.294,0.1,0.2,0.31834792,-33.67,-1.78357836,216.777,-1.33082287,-0.1022180177
3.295,0.22,0.44,0.6941517088,-29.54,-1.608117039,215.992,-1.350231629,-0.2346416149
3.296,0.3,0.6,0.94092168,-26.21,-1.458713183,215.519,-1.361960419,-0.3335804891
3.297,0.34,0.68,1.063176899,-24.79,-1.392768409,215.583,-1.360371932,-0.386168799
3.298,0.33,0.66,1.032683705,-25.18,-1.411015502,215.768,-1.355782862,-0.3732414036
3.299,0.29,0.58,0.9102401912,-27.05,-1.497087256,216.019,-1.349562896,-0.3197583625
3.3,0.21,0.42,0.6630936312,-30.24,-1.638609494,217.513,-1.312689347,-0.2246785795
3.301,0.09,0.18,0.2867249592,-35.12,-1.842696617,218.479,-1.288981993,-0.09155631688
3.302,-0.05,-0.1,-0.16093922,-40.38,-2.046838481,220.896,-1.230120745,0.04911236574
3.303,-0.12,-0.24,-0.3882312192,-43.19,-2.14956301,224.099,-1.153102594,0.1175508712
3.304,-0.09,-0.18,-0.2905379208,-42.32,-2.118213318,227.463,-1.073389364,0.09103198291
3.305,0.02,0.04,0.0640461728,-38.81,-1.987558792,230.726,-0.997187861,-0.02145782549
3.306,0.15,0.3,0.47575662,-34.24,-1.806968749,232.873,-0.9476341211,-0.1727133247
3.307,0.27,0.54,0.8487359928,-29.76,-1.617734075,233.805,-0.9262651831,-0.3336227359
3.308,0.39,0.78,1.214936767,-25.22,-1.412881174,234.636,-0.9072836906,-0.5236424298
3.309,0.5,1,1.544666,-20.95,-1.207508908,235.432,-0.8891645926,-0.7367222411
3.31,0.58,1.16,1.780891485,-17.59,-1.036821791,236.31,-0.8692498705,-0.9343255667
3.311,0.63,1.26,1.927002521,-15.41,-0.9216377426,237.33,-0.8462070175,-1.090029263
3.312,0.66,1.32,2.014104259,-14.07,-0.8490579017,239.04,-0.8077976328,-1.215618512
3.313,0.69,1.38,2.100782335,-12.82,-0.780110914,241.357,-0.7561901244,-1.367428832
3.314,0.72,1.44,2.187036749,-11.27,-0.6929272689,244.11,-0.6955116112,-1.575176826
3.315,0.75,1.5,2.2728675,-9.83,-0.6102299196,247.751,-0.6163034373,-1.853082501
3.316,0.76,1.52,2.301383603,-9.13,-0.5694304816,252.391,-0.5170327812,-2.118234166
3.317,0.76,1.52,2.301383603,-9.54,-0.5933751472,262.22,-0.3126393818,-2.540117768
3.318,0.74,1.48,2.244304323,-10.57,-0.6529333971,263.725,-0.2820210777,-2.400442357
3.319,0.73,1.46,2.215694073,-11.03,-0.6792588562,264.578,-0.2647448026,-2.347124454
3.32,0.74,1.48,2.244304323,-10.49,-0.6483378822,264.725,-0.2617731587,-2.465967582
3.321,0.77,1.54,2.329852633,-9.01,-0.5623966193,263.716,-0.2822036573,-2.758526959
3.322,0.82,1.64,2.471491677,-6.35,-0.403462751,262.524,-0.3064405489,-3.481448357
3.323,0.91,1.82,2.723476319,-1.79,-0.1172440613,260.585,-0.3461022542,-5.877841752
3.324,1.01,2.02,2.998987263,1.89,0.1268649244,258.32,-0.3928076317,-11.27681708
3.325,1.08,2.16,3.189044045,3.55,0.2409361762,255.521,-0.4510933587,-15.17456604
3.326,1.03,2.06,3.053524569,2.34,0.1575417291,246.5,-0.6433862931,-6.284982472
3.327,0.88,1.76,2.639905101,-3.17,-0.2057320702,245.783,-0.6589706327,-3.052962703
3.328,0.74,1.48,2.244304323,-9.95,-0.6171845625,244.796,-0.6804980813,-1.729470864
3.329,0.78,1.56,2.358274589,-8.35,-0.5235017793,244.073,-0.6963225776,-1.933290293
3.33,0.88,1.76,2.639905101,-2.77,-0.1802522577,243.493,-0.7090511167,-2.968509034
3.331,0.78,1.56,2.358274589,-7.21,-0.4554829271,242.678,-0.726988238,-1.994361181
3.332,0.43,0.86,1.335497337,-21.49,-1.234183912,242.382,-0.7335177403,-0.6787092624
3.333,0.09,0.18,0.2867249592,-35.13,-1.843099958,242.43,-0.7324583606,-0.1113253608
3.334,-0.03,-0.06,-0.0964223112,-40.02,-2.033367014,242.011,-0.741712947,0.03474577762
3.335,-0.01,-0.02,-0.0320936968,-39.14,-2.00013332,240.936,-0.7655302996,0.01160433849
3.336,-0.02,-0.04,-0.0642344672,-39.4,-2.009997408,239.54,-0.7966187245,0.02288680181
3.337,-0.01,-0.02,-0.0320936968,-39.39,-2.009618721,237.713,-0.8375802177,0.01127202471
3.338,0.1,0.2,0.31834792,-35.43,-1.855172554,236.434,-0.8664432774,-0.1169701897
3.339,0.27,0.54,0.8487359928,-29.36,-1.600225496,235.699,-0.8831006734,-0.3417738689
3.34,0.36,0.72,1.124022067,-26.23,-1.459632309,235.421,-0.8894145645,-0.4785013359
3.341,0.32,0.64,1.002143437,-27.65,-1.524211451,235.99,-0.8764995011,-0.4174361083
3.342,0.27,0.54,0.8487359928,-29.78,-1.618606817,236.578,-0.8631858547,-0.3419850508
3.343,0.25,0.5,0.7870435,-30.74,-1.660199183,237.842,-0.8346777142,-0.3154638615
3.344,0.26,0.52,0.8179132832,-30.45,-1.647696437,239.152,-0.8052915265,-0.3334355062
3.345,0.33,0.66,1.032683705,-27.67,-1.525111513,240.556,-0.7739748861,-0.449171334
3.346,0.45,0.9,1.39549518,-22.98,-1.30672242,241.989,-0.7421993107,-0.6810875981
3.347,0.54,1.08,1.663155331,-19.54,-1.136876718,243.767,-0.7030342052,-0.9039325275
3.348,0.54,1.08,1.663155331,-19.54,-1.136876718,245.671,-0.6614091112,-0.9248559401
3.349,0.5,1,1.544666,-21.39,-1.22925968,247.162,-0.6290376006,-0.8312265297
3.35,0.5,1,1.544666,-21.1,-1.214939374,248.643,-0.5970759481,-0.8524574716
3.351,0.58,1.16,1.780891485,-18.06,-1.061192178,251.94,-0.5266013013,-1.121614056
3.352,0.67,1.34,2.043044025,-14.16,-0.8539756164,254.115,-0.4806129338,-1.530841865
3.353,0.73,1.46,2.215694073,-11.01,-0.6781177632,247.287,-0.6263325693,-1.698565302
3.354,0.78,1.56,2.358274589,-8.92,-0.5571135791,247.392,-0.6240613995,-1.996549734
3.355,0.79,1.58,2.386649471,-8.15,-0.5116455393,248.005,-0.6108213044,-2.126253871
3.356,0.74,1.48,2.244304323,-10.47,-0.6471882068,249.01,-0.589185107,-1.815231935
3.357,0.59,1.18,1.810207839,-17.8,-1.0477308,251.458,-0.5368464782,-1.142391642
3.358,0.43,0.86,1.335497337,-24.97,-1.401202959,261.264,-0.3321800198,-0.7704571656
3.359,0.48,0.96,1.485138893,-23.15,-1.314900134,261.838,-0.3204389015,-0.9081535145
3.36,0.77,1.54,2.329852633,-10.57,-0.6529333971,262.207,-0.3129046236,-2.412260216
3.361,1.12,2.24,3.296612301,3.76,0.2555451469,262.603,-0.304830843,-66.88781046
3.362,1.27,2.54,3.693285273,7.69,0.5364565434,262.965,-0.2974609107,15.45335884
3.363,1.2,2.4,3.50948928,5.78,0.39813838,263.559,-0.2853896609,31.12664435
3.364,1.11,2.22,3.269790847,3.43,0.2326062531,263.821,-0.2800739489,-68.88454968
3.365,1.13,2.26,3.323386681,3.85,0.2618184636,263.248,-0.2917063962,-111.1949333
3.366,1.21,2.42,3.535887071,5.93,0.4088775387,262.626,-0.3043622855,33.83130178
3.367,1.27,2.54,3.693285273,7.54,0.5254697554,261.916,-0.3188454053,17.87439511
3.368,1.28,2.56,3.719353549,7.93,0.5540796799,260.919,-0.3392493816,17.31298414
3.369,1.28,2.56,3.719353549,7.71,0.5379230557,259.244,-0.3737050463,22.64887733
3.37,1.26,2.52,3.667169923,7.32,0.5093942366,257.251,-0.4149933567,38.84677691
3.371,1.24,2.48,3.614798003,6.76,0.4686804357,253.791,-0.4874386072,-192.7052441
3.372,1.22,2.44,3.562237789,6.23,0.4304187526,242.865,-0.7228672845,-12.18073404
3.373,1.22,2.44,3.562237789,6.11,0.4217921938,240.448,-0.776377361,-10.04621208
3.374,1.24,2.48,3.614798003,6.66,0.4614411161,238.683,-0.8157936906,-10.20113374
3.375,1.26,2.52,3.667169923,7.37,0.5130437536,238.01,-0.8309000689,-11.53719384
3.376,1.26,2.52,3.667169923,7.18,0.4991881248,237.424,-0.8440884466,-10.63255002
3.377,1.21,2.42,3.535887071,5.96,0.4110278843,237.071,-0.8520487006,-8.017506069
3.378,1.17,2.34,3.430013465,4.9,0.3355559612,236.718,-0.8600208162,-6.540025383
3.379,1.19,2.38,3.483044415,5.23,0.3589403106,236.839,-0.8572868264,-6.989201901
3.38,1.25,2.5,3.6410075,6.83,0.4737535413,237.477,-0.842894303,-9.8634664
3.381,1.29,2.58,3.745374751,8.1,0.5665957586,238.714,-0.8150988811,-15.07174121
3.382,1.23,2.46,3.588541433,6.22,0.4296993593,239.952,-0.7874248254,-10.03155149
3.383,1.01,2.02,2.998987263,0.41,0.02725121946,241.381,-0.7556581588,-4.117186563
3.384,0.81,1.62,2.443258015,-10.19,-0.6310592496,242.876,-0.7226249743,-1.804895094
3.385,0.78,1.56,2.358274589,-11.76,-0.7206923701,244.432,-0.6884591971,-1.673542182
3.386,0.91,1.82,2.723476319,-4.98,-0.3193222882,245.952,-0.6552932453,-2.79441095
3.387,1.06,2.12,3.134977475,1.51,0.1011017552,247.581,-0.6199757219,-6.041886232
3.388,1.11,2.22,3.269790847,2.68,0.1808408527,249.348,-0.5819280738,-8.152318685
3.389,1.11,2.22,3.269790847,2.67,0.1801540931,251.316,-0.539868512,-9.089963246
3.39,1.13,2.26,3.323386681,3.3,0.2235969714,254.588,-0.4706639037,-13.45136174
3.391,1.14,2.28,3.350113987,3.62,0.2458013611,264.783,-0.2606011273,-226.3626295
3.392,1.12,2.24,3.296612301,2.89,0.1952837167,266.113,-0.2337954445,-85.60021813
3.393,1.11,2.22,3.269790847,2.72,0.1835887959,267.236,-0.2112658855,-118.1407039
3.394,1.22,2.44,3.562237789,5.46,0.3752980881,268.01,-0.1957929894,19.84477218
3.395,1.45,2.9,4.15531198,11.66,0.8350606483,268.164,-0.1927197332,6.469013389
3.396,1.71,3.42,4.795757791,17.52,1.30414874,268.019,-0.1956133349,4.326210754
3.397,1.87,3.74,5.174061561,20.71,1.574216016,267.333,-0.2093243214,3.79082207
3.398,1.82,3.64,5.057136157,19.77,1.493533932,266.691,-0.2221877944,3.977780721
3.399,1.55,3.1,4.40540318,14.48,1.056503983,265.963,-0.236811931,5.374461261
3.4,1.19,2.38,3.483044415,4.85,0.3320216532,265.308,-0.2500038868,42.46695035
3.401,0.91,1.82,2.723476319,-5.25,-0.336029081,264.853,-0.2591869485,-4.575609836
3.402,0.84,1.68,2.527817779,-9.29,-0.5787908691,264.55,-0.2653110172,-2.994683249
3.403,0.93,1.86,2.778955097,-4.26,-0.2744703274,264.35,-0.2693571509,-5.1099939
3.404,1.06,2.12,3.134977475,1.23,0.08220110551,264.216,-0.2720697734,-16.51129441
3.405,1.13,2.26,3.323386681,2.99,0.2021753167,264.436,-0.2676169384,-50.78399025
3.406,1.15,2.3,3.37679422,3.62,0.2458013611,264.74,-0.2614700225,-215.5126169
3.407,1.17,2.34,3.430013465,4.15,0.2827830416,265.33,-0.2495602698,103.2428445
3.408,1.2,2.4,3.50948928,4.91,0.3362630996,265.987,-0.2363291788,35.11809856
3.409,1.24,2.48,3.614798003,6,0.4138963161,266.774,-0.2205230178,18.69336685
3.41,1.31,2.62,3.797275935,7.82,0.5459956392,267.673,-0.2025243967,11.05558622
3.411,1.37,2.74,3.951849721,9.24,0.6512378409,268.823,-0.1795884963,8.378787685
3.412,1.35,2.7,3.90051342,8.85,0.6221417664,270.15,-0.1532440807,8.318474453
3.413,1.28,2.56,3.719353549,6.94,0.4817348592,271.383,-0.1288815344,10.54079213
3.414,1.21,2.42,3.535887071,4.97,0.340507869,272.154,-0.1137037166,15.59004557
3.415,1.17,2.34,3.430013465,3.92,0.2667028299,271.936,-0.1179908752,23.06481327
3.416,1.1,2.2,3.24292232,2.04,0.1370702779,271.322,-0.1300842135,464.1987483
3.417,0.99,1.98,2.944261663,-1.79,-0.1172440613,269.678,-0.1625996556,-10.52109261
3.418,0.94,1.88,2.806623875,-4.82,-0.3093930134,267.923,-0.1975299602,-5.536588439
3.419,0.95,1.9,2.83424558,-4.02,-0.259422151,265.968,-0.236711354,-5.712667158
3.42,0.97,1.94,2.889347769,-3.26,-0.2114461169,263.759,-0.2813313885,-5.863392174
3.421,0.91,1.82,2.723476319,-6.44,-0.4089354179,261.264,-0.3321800198,-3.67483415
3.422,0.81,1.62,2.443258015,-11.25,-0.6917899749,258.166,-0.3959980378,-2.246079187
3.423,0.78,1.56,2.358274589,-13.04,-0.7923332418,249.454,-0.5796542257,-1.718874731
3.424,0.81,1.62,2.443258015,-11.44,-0.702581509,249.075,-0.587788759,-1.893454984
3.425,0.9,1.8,2.69566632,-7.11,-0.449465469,249.684,-0.5747237251,-2.632000352
3.426,0.98,1.96,2.916828253,-2.62,-0.170661878,250.776,-0.5513763676,-4.039714337
3.427,1.03,2.06,3.053524569,0.12,0.007960581053,252.931,-0.5055984835,-6.136036974
3.428,1.08,2.16,3.189044045,1.24,0.08287492228,255.928,-0.4425785294,-8.865754976
3.429,1.12,2.24,3.296612301,2.34,0.1575417291,262.767,-0.3014907207,-22.90125317
3.43,1.19,2.38,3.483044415,4.15,0.2827830416,270.228,-0.1516996063,26.57120181
3.431,1.36,2.72,3.926205107,8.46,0.5931909971,273.044,-0.09623665242,7.900534826
3.432,1.55,3.1,4.40540318,13.6,0.9865548682,275.866,-0.04122642117,4.6601826
3.433,1.65,3.3,4.65078702,15.92,1.172641592,279.149,0.02206648029,3.892822963
3.434,1.66,3.32,4.675066499,15.99,1.178340525,282.401,0.08403209154,3.703396635
3.435,1.6,3.2,4.52868352,14.86,1.086948709,284.779,0.1288939504,3.724728266
3.436,1.6,3.2,4.52868352,14.95,1.094180532,286.374,0.1587748131,3.614401373
3.437,1.7,3.4,4.77171368,16.82,1.246293028,286.746,0.1657199564,3.379369547
3.438,1.79,3.58,4.986416031,18.51,1.38683254,286.859,0.167827853,3.207398897
3.439,1.84,3.68,5.104047539,19.43,1.464578764,285.838,0.1487519515,3.163670963
3.44,1.87,3.74,5.174061561,19.97,1.510622784,284.65,0.1264699431,3.160518322
3.441,1.88,3.76,5.197305421,20.33,1.541488248,282.594,0.08768716828,3.190144763
3.442,1.86,3.72,5.150770627,19.89,1.503782224,280.436,0.04667565367,3.32209646
3.443,1.72,3.44,4.819754829,17.14,1.272679128,277.877,-0.002367610139,3.794151876
3.444,1.46,2.92,4.180532931,11.3,0.8073551473,275.438,-0.04953327351,5.516511302
3.445,1.24,2.48,3.614798003,5.17,0.3546811216,273.23,-0.09259342562,13.79232241
3.446,1.17,2.34,3.430013465,3.26,0.220827979,271.197,-0.132549565,38.85449809
3.447,1.27,2.54,3.693285273,5.77,0.3974231805,269.409,-0.1679388684,16.09384641
3.448,1.42,2.84,4.079366685,9.65,0.6819832286,267.974,-0.1965116675,8.402895271
3.449,1.48,2.96,4.230833613,11.28,0.8058196629,267.46,-0.2067833382,7.06273299
3.45,1.46,2.92,4.180532931,10.85,0.7729009945,267.341,-0.2091642238,7.415753501
3.451,1.46,2.92,4.180532931,10.85,0.7729009945,268.149,-0.1930189988,7.209282167
3.452,1.53,3.06,4.355761529,12.8,0.9236330551,268.768,-0.1806831946,5.862793387
3.453,1.67,3.34,4.699298905,15.93,1.173455422,270.039,-0.1554427556,4.616149742
3.454,1.81,3.62,5.033609855,18.61,1.395240688,271.018,-0.1360819278,3.997597456
3.455,1.88,3.76,5.197305421,20.01,1.514045576,271.139,-0.1336938741,3.765203762
3.456,1.84,3.68,5.104047539,19.34,1.456934338,270.97,-0.1370295502,3.866981609
3.457,1.73,3.46,4.843704793,17.11,1.270200984,270.155,-0.1531450625,4.336134565
3.458,1.61,3.22,4.553198367,14.9,1.090161848,269.215,-0.171792763,4.957917729
3.459,1.58,3.16,4.479512605,14.1,1.02620387,267.991,-0.1961722797,5.396797731
3.46,1.62,3.24,4.577666141,15,1.09820173,266.346,-0.2291132058,5.267203527
3.461,1.63,3.26,4.602086841,15.3,1.122381755,263.803,-0.2804389815,5.466032833
3.462,1.57,3.14,4.454856537,13.97,1.015871161,260.905,-0.3395364516,6.586763148
3.463,1.46,2.92,4.180532931,10.87,0.7744281063,255.342,-0.4548425049,13.08110538
3.464,1.35,2.7,3.90051342,7.79,0.5437928897,248.861,-0.5923873422,-80.26663982
3.465,1.29,2.58,3.745374751,6,0.4138963161,249.131,-0.5865860437,-21.68846291
3.466,1.29,2.58,3.745374751,5.97,0.4117448525,250.205,-0.5635718454,-24.66870139
3.467,1.35,2.7,3.90051342,7.6,0.5298619186,252.93,-0.5056196355,160.8971153
3.468,1.46,2.92,4.180532931,10.63,0.7561284042,256.814,-0.4240892903,12.59048334
3.469,1.58,3.16,4.479512605,13.93,1.012695257,268.461,-0.18679772,5.423811556
3.47,1.67,3.34,4.699298905,15.77,1.16044631,270.776,-0.1408612354,4.609030693
3.471,1.7,3.4,4.77171368,16.36,1.208546047,273.645,-0.08447365264,4.245023457
3.472,1.65,3.3,4.65078702,15.49,1.137742688,276.582,-0.02735868287,4.188449221
3.473,1.61,3.22,4.553198367,14.67,1.071708241,279.559,0.02991852606,4.1331588
3.474,1.71,3.42,4.795757791,16.44,1.21509526,282.149,0.0792558978,3.705144282
3.475,1.91,3.82,5.266754559,20.39,1.546645704,284.141,0.1168947187,3.165991332
3.476,2.07,4.14,5.629994777,23.67,1.834385889,285.944,0.1507355746,2.836095866
3.477,2.08,4.16,5.652297165,23.74,1.840651913,287.249,0.1750965213,2.804068737
3.478,1.93,3.86,5.312818617,21,1.599294702,288.01,0.1892513711,2.970467855
3.479,1.81,3.62,5.033609855,18.62,1.396082072,287.84,0.1860925623,3.181450231
3.48,1.79,3.58,4.986416031,18.3,1.369209095,287.299,0.1760276881,3.226959186
3.481,1.83,3.66,5.080615385,19.09,1.435744057,285.849,0.1489578334,3.206038571
3.482,1.88,3.76,5.197305421,20.04,1.516613769,284.306,0.1200005493,3.1756446
3.483,1.89,3.78,5.220502207,20.26,1.53547599,282.272,0.08158766791,3.228383856
3.484,1.84,3.68,5.104047539,19.28,1.45184274,280.5,0.04789647031,3.403290055
3.485,1.75,3.5,4.8914635,17.5,1.302488754,279.361,0.02612800132,3.681621116
3.486,1.64,3.28,4.626460467,15.42,1.132079159,278.586,0.01126546898,4.046426909
3.487,1.56,3.12,4.430153395,13.47,0.9762868841,278.739,0.01420289336,4.472689669
3.488,1.54,3.08,4.380605891,12.83,0.9259811889,278.944,0.01813613159,4.639895695
3.489,1.58,3.16,4.479512605,13.97,1.015871161,279.076,0.02066722371,4.32160803
3.49,1.66,3.32,4.675066499,15.71,1.155574575,278.817,0.01569978336,3.99143588
3.491,1.71,3.42,4.795757791,16.71,1.237246958,277.916,-0.001616791038,3.881224268
3.492,1.73,3.46,4.843704793,16.99,1.260297613,276.952,-0.02020645629,3.905926403
3.493,1.73,3.46,4.843704793,17.1,1.269375141,275.68,-0.04483482387,3.955529047
3.494,1.74,3.48,4.867607683,17.18,1.275984753,274.695,-0.063984515,4.016177169
3.495,1.74,3.48,4.867607683,17.17,1.275158193,274.694,-0.06400399118,4.018982616
3.496,1.74,3.48,4.867607683,17.21,1.278465046,275.154,-0.0550524243,3.978712984
3.497,1.8,3.6,5.01003648,18.46,1.382632347,276.942,-0.02039963404,3.677812486
3.498,1.93,3.86,5.312818617,20.96,1.595830303,278.835,0.01604516005,3.296047827
3.499,2.02,4.04,5.517776733,22.66,1.744562006,280.758,0.05281506424,3.069904932
3.5,2,4,5.47256,22.25,1.708410371,282.071,0.07777668755,3.063822444
3.501,1.93,3.86,5.312818617,20.96,1.595830303,282.391,0.08384264127,3.163007796
3.502,1.92,3.84,5.289810125,20.83,1.584582656,282.497,0.08585047293,3.166729654
3.503,1.95,3.9,5.35869438,21.34,1.628810296,281.826,0.07312778861,3.148583623
3.504,1.92,3.84,5.289810125,20.75,1.577669878,281.251,0.06220121527,3.225747527
3.505,1.84,3.68,5.104047539,19.37,1.459481542,280.666,0.05106166572,3.378948389
3.506,1.81,3.62,5.033609855,18.76,1.407872324,280.079,0.03986067009,3.476891027
3.507,1.85,3.7,5.12743262,19.52,1.472231631,279.372,0.0263386565,3.421549635
3.508,1.9,3.8,5.24365192,20.53,1.558694471,278.861,0.01654399813,3.328798797
3.509,1.91,3.82,5.266754559,20.64,1.56817581,278.376,0.00723108224,3.343107476
3.51,1.88,3.76,5.197305421,20.16,1.526895965,277.799,-0.003869564526,3.412485442
3.511,1.86,3.72,5.150770627,19.67,1.485005183,276.902,-0.02117241483,3.518687886
3.512,1.83,3.66,5.080615385,19.1,1.436590421,275.875,-0.04105188276,3.640612744
3.513,1.78,3.56,4.962748509,18.25,1.365019752,274.55,-0.06680930182,3.822761177
3.514,1.72,3.44,4.819754829,17.17,1.275158193,273.062,-0.09588397364,4.087051806
3.515,1.67,3.34,4.699298905,16.04,1.182414232,271.526,-0.1260631983,4.448614859
3.516,1.61,3.22,4.553198367,15.01,1.099006271,270.14,-0.1534421225,4.815324663
3.517,1.55,3.1,4.40540318,13.62,0.988136049,268.597,-0.184088143,5.479030723
3.518,1.46,2.92,4.180532931,11.02,0.7858938405,267.046,-0.2150709923,7.323695862
3.519,1.28,2.56,3.719353549,6.31,0.4361772617,265.734,-0.241420383,19.09741815
3.52,1.07,2.14,3.162034297,0.35,0.0232539451,264.161,-0.2731835615,-12.65169908
3.521,0.91,1.82,2.723476319,-8,-0.5027319434,262.612,-0.3046474895,-3.373229746
3.522,0.89,1.78,2.667809247,-8.85,-0.5530000139,261.111,-0.3353139754,-3.003227777
3.523,1.01,2.02,2.998987263,-2.72,-0.177057616,258.838,-0.3820902072,-5.363496269
3.524,1.17,2.34,3.430013465,2.86,0.1932180047,250.251,-0.5625883423,-9.286109672
3.525,1.31,2.62,3.797275935,6.48,0.448433957,250.547,-0.5562640352,-35.21536846
3.526,1.42,2.84,4.079366685,9.28,0.6542302888,251.093,-0.5446178301,37.21626843
3.527,1.47,2.94,4.205706809,10.85,0.7729009945,252.152,-0.5221013288,16.76918825
3.528,1.47,2.94,4.205706809,10.83,0.7713742715,253.545,-0.4926268852,15.0878789
3.529,1.44,2.88,4.130043955,9.77,0.6910124414,255.956,-0.4419932406,16.58524299
3.53,1.43,2.86,4.104728857,9.69,0.6849914265,262.321,-0.3105791043,10.96312438
3.531,1.52,3.04,4.330870093,11.98,0.859794194,269.005,-0.1759676359,6.333287354
3.532,1.69,3.38,4.747622495,16.11,1.188121682,270.573,-0.1448736194,4.550808829
3.533,1.88,3.76,5.197305421,19.85,1.500364454,272.379,-0.1092824967,3.736160471
3.534,2.01,4.02,5.495191903,22.22,1.705772166,274.247,-0.07271695133,3.364976182
3.535,2.02,4.04,5.517776733,22.52,1.732197378,276.25,-0.03378450559,3.248784098
3.536,1.95,3.9,5.35869438,21.26,1.621854462,277.973,-0.0005196295508,3.305112721
3.537,1.86,3.72,5.150770627,19.53,1.473082471,279.783,0.03420356121,3.417248297
3.538,1.78,3.56,4.962748509,17.99,1.343276753,281.715,0.07102022232,3.508986158
3.539,1.7,3.4,4.77171368,16.5,1.220011443,282.658,0.08889866333,3.645562561
3.54,1.63,3.26,4.602086841,15.02,1.099810913,283.104,0.09733366072,3.844219772
3.541,1.56,3.12,4.430153395,13.17,0.9526555674,282.572,0.08727065348,4.260065095
3.542,1.49,2.98,4.255913343,11.23,0.8019826584,281.726,0.07122911731,4.873861601
3.543,1.42,2.84,4.079366685,9.48,0.6692155509,280.149,0.04119762577,5.742245243
3.544,1.38,2.76,3.977447261,8.31,0.5820946737,278.371,0.007134988323,6.75024955
3.545,1.38,2.76,3.977447261,8.1,0.5665957586,276.306,-0.03270009062,7.44985865
3.546,1.4,2.8,4.02850112,8.81,0.6191657777,274.26,-0.07246335384,7.368727381
3.547,1.45,2.9,4.15531198,9.98,0.7068469357,272.235,-0.1121116565,6.986826115
3.548,1.49,2.98,4.255913343,11.08,0.7904862633,270.537,-0.1455854895,6.599330496
3.549,1.52,3.04,4.330870093,11.97,0.8590197516,269.217,-0.1717530179,6.301585514
3.55,1.55,3.1,4.40540318,12.74,0.9189394541,268.134,-0.193318281,6.071216419
3.551,1.57,3.14,4.454856537,13.48,0.9770761329,267.6,-0.2039836521,5.762385028
3.552,1.6,3.2,4.52868352,14.16,1.030978503,267.235,-0.2112859053,5.524855944
3.553,1.61,3.22,4.553198367,14.61,1.066902987,267.166,-0.2126674521,5.330143947
3.554,1.62,3.24,4.577666141,14.69,1.073310795,267.088,-0.2142296304,5.328560711
3.555,1.61,3.22,4.553198367,14.5,1.058102728,266.849,-0.2190191471,5.426394309
3.556,1.59,3.18,4.504121599,13.86,1.007141264,266.657,-0.2228699006,5.743065235
3.557,1.55,3.1,4.40540318,12.77,0.9212858102,266.434,-0.2273458721,6.348392618
3.558,1.5,3,4.280946,11.42,0.8165762495,266.348,-0.2290730326,7.286676697
3.559,1.47,2.94,4.205706809,10.43,0.7409213337,266.693,-0.2221476732,8.107016854
3.56,1.46,2.92,4.180532931,10.37,0.7363667681,267.358,-0.2088240324,7.924538902
3.561,1.49,2.98,4.255913343,11.18,0.7981480909,268.574,-0.1845462839,6.935953079
3.562,1.54,3.08,4.380605891,12.34,0.8877395187,269.885,-0.1584946667,6.007043971
3.563,1.57,3.14,4.454856537,13.27,0.9605227547,271.59,-0.1248023258,5.330558382
3.564,1.59,3.18,4.504121599,13.96,1.015077035,273.465,-0.0879939686,4.858379753
3.565,1.62,3.24,4.577666141,14.79,1.081329584,275.527,-0.04780485154,4.429179099
3.566,1.68,3.36,4.723484237,15.78,1.16125862,277.67,-0.006354491722,4.089936229
3.567,1.75,3.5,4.8914635,17.15,1.273505381,280.538,0.0486211984,3.699693794
3.568,1.83,3.66,5.080615385,18.7,1.402816872,283.464,0.1041324925,3.371457266
3.569,1.91,3.82,5.266754559,20.32,1.540629039,285.523,0.1428528783,3.12848894
3.57,1.99,3.98,5.449881023,21.72,1.661943022,286.995,0.1703636897,2.974327928
3.571,2,4,5.47256,22.11,1.696106948,287.327,0.1765490707,2.922351967
3.572,1.94,3.88,5.335780035,20.87,1.588041573,287.543,0.1805694581,3.016932463
3.573,1.81,3.62,5.033609855,18.31,1.370047273,286.719,0.1652161768,3.27866195
3.574,1.68,3.36,4.723484237,15.82,1.164508873,285.358,0.1397602897,3.621556326
3.575,1.61,3.22,4.553198367,14.62,1.067703612,283.105,0.09735255833,3.908136347
3.576,1.61,3.22,4.553198367,14.64,1.069305163,280.526,0.0483923475,4.073730436
3.577,1.62,3.24,4.577666141,14.66,1.070907115,276.68,-0.02546337828,4.378682449
3.578,1.56,3.12,4.430153395,13.18,0.9534418402,272.868,-0.09968629278,5.189018576
3.579,1.45,2.9,4.15531198,10.02,0.7098678504,269.899,-0.1582171483,7.532505558
3.58,1.32,2.64,3.823155917,6.7,0.4643357186,267.16,-0.2127876035,15.19850751
3.581,1.26,2.52,3.667169923,4.89,0.334848915,265.529,-0.2455492234,41.06587443
3.582,1.27,2.54,3.693285273,5.05,0.3461727334,258.348,-0.3922277623,-80.19287721
3.583,1.3,2.6,3.77134888,5.99,0.4131790684,266.975,-0.2164935956,19.17451669
3.584,1.31,2.62,3.797275935,6.09,0.4203557404,267.192,-0.2121468274,18.23781643
3.585,1.25,2.5,3.6410075,4.45,0.3038301318,267.46,-0.2067833382,37.51806077
3.586,1.17,2.34,3.430013465,2.3,0.1548075169,267.78,-0.2003862071,-75.2547615
3.587,1.15,2.3,3.37679422,1.82,0.1221093445,267.997,-0.1960525009,-45.66743407
3.588,1.23,2.46,3.588541433,3.94,0.2680991864,268.34,-0.1892096008,45.48815167
3.589,1.39,2.78,4.002997727,7.94,0.5548151612,268.953,-0.1770019174,10.59517577
3.59,1.54,3.08,4.380605891,11.91,0.8543751566,269.852,-0.1591488742,6.300978548
3.591,1.63,3.26,4.602086841,14.49,1.057303305,271.559,-0.1254130238,4.938442789
3.592,1.67,3.34,4.699298905,15.4,1.130461916,273.388,-0.08950058922,4.514383758
3.593,1.7,3.4,4.77171368,15.93,1.173455422,275.747,-0.04353474244,4.223051908
3.594,1.73,3.46,4.843704793,16.48,1.218372308,278.025,0.0004810934763,3.973984718
3.595,1.76,3.52,4.915272243,17.06,1.26607279,279.527,0.02930609792,3.794466846
3.596,1.78,3.56,4.962748509,17.42,1.295852912,280.537,0.04860212787,3.691271453
3.597,1.78,3.56,4.962748509,17.35,1.290051935,280.601,0.04982250503,3.703890723
3.598,1.75,3.5,4.8914635,16.82,1.246293028,280.556,0.04896445639,3.776441023
3.599,1.7,3.4,4.77171368,15.9,1.171014238,280.114,0.04052918969,3.938541179
3.6,1.64,3.28,4.626460467,14.68,1.072509468,279.33,0.0255342921,4.213366202
3.601,1.55,3.1,4.40540318,12.34,0.8877395187,278.036,0.0006927609013,4.958625751
3.602,1.47,2.94,4.205706809,9.87,0.6985473763,276.81,-0.02295023436,6.225169628
3.603,1.43,2.86,4.104728857,8.63,0.6057927298,275.21,-0.05396369029,7.438406758
3.604,1.45,2.9,4.15531198,9.35,0.6594707644,274.167,-0.07427781594,7.100755385
3.605,1.54,3.08,4.380605891,11.82,0.8474148814,274.339,-0.07092251981,5.641531209
3.606,1.67,3.34,4.699298905,15.21,1.11511823,274.857,-0.0608303093,4.457320257
3.607,1.83,3.66,5.080615385,18.2,1.36083299,276.936,-0.02051554405,3.790606023
3.608,2.02,4.04,5.517776733,21.9,1.677690909,279.153,0.02214314131,3.246067893
3.609,2.19,4.38,5.894516575,25.35,1.986233201,280.614,0.05007036013,2.894714073
3.61,2.26,4.52,6.045690563,26.95,2.133710792,280.953,0.05652960799,2.760286297
3.611,2.22,4.44,5.959587869,26.17,2.061464585,280.014,0.03861891202,2.837786153
3.612,2.11,4.22,5.718921887,23.92,1.856788793,279.067,0.02049468729,3.046381618
3.613,1.99,3.98,5.449881023,21.65,1.655828128,276.766,-0.02380070476,3.339331769
3.614,1.91,3.82,5.266754559,20.12,1.52346689,273.416,-0.08895267809,3.671455127
3.615,1.85,3.7,5.12743262,18.98,1.426440919,270.896,-0.1384907971,3.981080116
3.616,1.78,3.56,4.962748509,17.66,1.315780144,268.302,-0.1899672754,4.4081469
3.617,1.68,3.36,4.723484237,15.7,1.154762973,265.381,-0.2485320266,5.212230122
3.618,1.54,3.08,4.380605891,12.4,0.8924094601,262.288,-0.311252177,7.53772863
3.619,1.39,2.78,4.002997727,8.35,0.5850516001,259.317,-0.3721987626,18.80640998
3.62,1.27,2.54,3.693285273,5.13,0.3518435126,256.051,-0.4400079161,-41.89088937
3.621,1.2,2.4,3.50948928,3.25,0.2201359582,249.119,-0.5868437456,-9.57026112
3.622,1.18,2.36,3.456552477,2.45,0.1650682554,243.304,-0.7132054153,-6.305999173
3.623,1.16,2.32,3.403427379,2.15,0.1445670651,241.687,-0.7488802302,-5.631893489
3.624,1.16,2.32,3.403427379,1.98,0.1329857094,240.137,-0.7833016314,-5.233498465
3.625,1.16,2.32,3.403427379,2.06,0.1384325202,238.988,-0.8089615814,-5.075734336
3.626,1.17,2.34,3.430013465,2.3,0.1548075169,238.057,-0.829843705,-5.081229014
3.627,1.16,2.32,3.403427379,2.01,0.135027589,237.212,-0.8488676883,-4.767772758
3.628,1.1,2.2,3.24292232,0.42,0.02791774195,236.541,-0.8640226421,-3.878607002
3.629,0.99,1.98,2.944261663,-5.22,-0.3341757968,236.487,-0.8652441342,-2.454737984
3.63,0.86,1.72,2.583955587,-12.01,-0.7347854367,236.547,-0.8638869379,-1.616313404
3.631,0.79,1.58,2.386649471,-15.28,-0.9146562267,237.45,-0.843502607,-1.35747091
3.632,0.84,1.68,2.527817779,-13.1,-0.7956600827,238.525,-0.8193363807,-1.565215675
3.633,0.99,1.98,2.944261663,-5.87,-0.3741614048,240.268,-0.7803838848,-2.550148262
3.634,1.18,2.36,3.456552477,2.16,0.1452491313,242.405,-0.7330100947,-5.880881332
3.635,1.37,2.74,3.951849721,6.99,0.485366489,245.148,-0.6728106708,-21.08280813
3.636,1.56,3.12,4.430153395,12.14,0.8721986198,248.591,-0.5981949383,16.16822581
3.637,1.74,3.48,4.867607683,16.32,1.205273881,253.297,-0.4978624422,6.880872175
3.638,1.86,3.72,5.150770627,18.64,1.39776515,261.003,-0.3375272852,4.858127403
3.639,1.9,3.8,5.24365192,19.5,1.470530264,269.965,-0.1569090411,3.991753351
3.64,1.89,3.78,5.220502207,19.23,1.447602604,273.129,-0.09457142912,3.858375405
3.641,1.87,3.74,5.174061561,18.83,1.413775067,275.438,-0.04953327351,3.792627953
3.642,1.87,3.74,5.174061561,18.9,1.419682892,277.162,-0.01615133386,3.686459011
3.643,1.89,3.78,5.220502207,19.23,1.447602604,278.248,0.004770534323,3.594463482
3.644,1.9,3.8,5.24365192,19.52,1.472231631,279.306,0.02507460099,3.502057099
3.645,1.91,3.82,5.266754559,19.64,1.482448594,280.064,0.03957413612,3.460365246
3.646,1.9,3.8,5.24365192,19.52,1.472231631,280.87,0.05494886102,3.433550878
3.647,1.9,3.8,5.24365192,19.41,1.462879273,281.311,0.06334242282,3.435707887
3.648,1.91,3.82,5.266754559,19.75,1.491827347,281.472,0.06640346064,3.379957921
3.649,1.97,3.94,5.404381849,20.79,1.581125425,281.334,0.06377982118,3.285527761
3.65,2.04,4.08,5.562805171,22.23,1.706651462,280.701,0.05172878723,3.163596256
3.651,2.09,4.18,5.674552479,23.18,1.790671302,278.526,0.01011309746,3.151155952
3.652,2.08,4.16,5.652297165,23.09,1.782670121,275.987,-0.03888032535,3.241386765
3.653,2.03,4.06,5.540314489,22.11,1.696106948,272.622,-0.1045116795,3.480982005
3.654,1.95,3.9,5.35869438,20.64,1.56817581,269.256,-0.1709780487,3.835315607
3.655,1.87,3.74,5.174061561,19.01,1.428976892,266.663,-0.2227495226,4.289457935
3.656,1.78,3.56,4.962748509,17.26,1.282600916,264.449,-0.2673539323,4.88821793
3.657,1.68,3.36,4.723484237,15.44,1.133696805,262.918,-0.298417207,5.654973793
3.658,1.59,3.18,4.504121599,13.31,0.9636724055,261.073,-0.3360926281,7.176970581
3.659,1.51,3.02,4.305931583,10.95,0.7805404415,259.047,-0.3777720668,10.69083834
3.66,1.43,2.86,4.104728857,8.74,0.6139614739,256.175,-0.4374176532,23.25048161
3.661,1.36,2.72,3.926205107,6.76,0.4686804357,245.066,-0.6746005014,-19.06664654
3.662,1.29,2.58,3.745374751,5.02,0.3440477163,242.606,-0.728575762,-9.740186168
3.663,1.24,2.48,3.614798003,3.49,0.2367695741,239.938,-0.7877369802,-6.560820047
3.664,1.18,2.36,3.456552477,2.05,0.1377513541,237.511,-0.8421283889,-4.907247548
3.665,1.13,2.26,3.323386681,0.6,0.03993030927,235.851,-0.8796516223,-3.957725771
3.666,1.08,2.16,3.189044045,-1.73,-0.11335941,234.566,-0.908880018,-3.119664491
3.667,1.04,2.08,3.080722611,-4,-0.2581659283,233.808,-0.9261965366,-2.601165355
3.668,1.03,2.06,3.053524569,-4.79,-0.307528872,233.23,-0.9394387206,-2.448760166
3.669,1.04,2.08,3.080722611,-4.01,-0.2587940821,233.518,-0.9328364419,-2.585300182
3.67,1.08,2.16,3.189044045,-2.12,-0.1385538279,234.371,-0.9133294432,-3.031747089
3.671,1.11,2.22,3.269790847,0.08,0.005305640709,236.229,-0.8710840048,-3.776706583
3.672,1.15,2.3,3.37679422,1.03,0.06874350944,238.529,-0.8192466634,-4.49937379
3.673,1.19,2.38,3.483044415,2.07,0.1391137764,241.716,-0.7482383227,-5.718115345
3.674,1.24,2.48,3.614798003,3.14,0.2125297309,245.074,-0.6744258575,-7.825997654
3.675,1.27,2.54,3.693285273,4.12,0.2806828744,248.443,-0.6013810384,-11.51639045
3.676,1.3,2.6,3.77134888,4.85,0.3320216532,252.238,-0.5202769468,-20.03316245
3.677,1.33,2.66,3.848988825,5.54,0.3809992462,257.093,-0.418280262,-103.2425952
3.678,1.38,2.76,3.977447261,6.78,0.4701294253,268.651,-0.183012662,13.85306527
3.679,1.46,2.92,4.180532931,9.04,0.6362985958,271.003,-0.1363780418,8.36239458
3.68,1.59,3.18,4.504121599,12.5,0.9002005719,273.045,-0.09621705855,5.602256171
3.681,1.72,3.44,4.819754829,15.68,1.153140073,274.638,-0.06509477053,4.429737271
3.682,1.81,3.62,5.033609855,17.39,1.293366164,276.162,-0.03548903049,4.00167053
3.683,1.84,3.68,5.104047539,17.99,1.343276753,277.477,-0.0100744075,3.828411762
3.684,1.83,3.66,5.080615385,17.67,1.316611729,278.942,0.0180977725,3.806532715
3.685,1.82,3.64,5.057136157,17.52,1.30414874,280.111,0.04047189129,3.761013359
3.686,1.87,3.74,5.174061561,18.54,1.389353898,281.504,0.06701165708,3.552721734
3.687,2,4,5.47256,21.02,1.601027535,282.724,0.09014773034,3.235950829
3.688,2.17,4.34,5.850900345,24.51,1.909927218,283.24,0.09990312385,2.911141414
3.689,2.29,4.58,6.109773311,27.04,2.142090029,283.202,0.09918530984,2.726025315
3.69,2.28,4.56,6.088459469,26.81,2.120694191,282.965,0.09470624245,2.748243332
3.691,2.12,4.24,5.741035981,23.82,1.847819547,281.596,0.06875983682,2.99545953
3.692,1.89,3.78,5.220502207,19.34,1.456934338,280.111,0.04047189129,3.486363357
3.693,1.7,3.4,4.77171368,15.58,1.145031639,278.127,0.002443506652,4.15844622
3.694,1.6,3.2,4.52868352,13.21,0.955801253,276.537,-0.02822920079,4.882298372
3.695,1.58,3.16,4.479512605,12.7,0.9158123613,275.605,-0.04629051377,5.151696438
3.696,1.61,3.22,4.553198367,13.4,0.9707649231,274.833,-0.06129748171,5.006444607
3.697,1.65,3.3,4.65078702,14.56,1.062901366,274.024,-0.07706899645,4.717624581
3.698,1.71,3.42,4.795757791,15.79,1.162071032,273.206,-0.09306338002,4.486177236
3.699,1.82,3.64,5.057136157,17.78,1.325765949,272.498,-0.106945639,4.149205685
3.7,1.92,3.84,5.289810125,19.85,1.500364454,271.604,-0.1245265496,3.844791677
3.701,1.97,3.94,5.404381849,20.77,1.579397441,270.592,-0.1444979484,3.766383553
3.702,1.94,3.88,5.335780035,20.1,1.521752981,269.368,-0.16875312,3.943666358
3.703,1.84,3.68,5.104047539,18.25,1.365019752,268.128,-0.1934379986,4.356544069
3.704,1.74,3.48,4.867607683,16.24,1.198734428,266.56,-0.2248163877,4.99796439
3.705,1.66,3.32,4.675066499,14.71,1.07491375,264.193,-0.2725355111,5.826512079
3.706,1.59,3.18,4.504121599,13,0.9393040821,261.385,-0.3297028315,7.388635758
3.707,1.54,3.08,4.380605891,11.49,0.8219617179,257.085,-0.4184467414,10.85611723
3.708,1.49,2.98,4.255913343,10.09,0.7151581665,246.983,-0.6329135886,51.74703853
3.709,1.44,2.88,4.130043955,8.77,0.616191317,245.362,-0.6681424681,-79.49860336
3.71,1.4,2.8,4.02850112,7.53,0.5247380588,243.984,-0.6982737841,-23.2142466
3.711,1.36,2.72,3.926205107,6.43,0.4448262407,243.43,-0.7104355245,-14.78188206
3.712,1.33,2.66,3.848988825,5.52,0.3795733999,243.2,-0.7154927553,-11.45807398
3.713,1.3,2.6,3.77134888,4.72,0.3228432436,243.725,-0.7039560665,-9.895623168
3.714,1.28,2.56,3.719353549,4.2,0.286285154,244.918,-0.6778324438,-9.499117082
3.715,1.29,2.58,3.745374751,4.39,0.2996141022,247.586,-0.6198676775,-11.69502869
3.716,1.33,2.66,3.848988825,5.49,0.3774353265,251.256,-0.5411459409,-23.51093018
3.717,1.41,2.82,4.053957439,7.43,0.5174262867,257.428,-0.4113135872,38.20426262
3.718,1.51,3.02,4.305931583,10.13,0.7181833282,269.873,-0.1587325511,7.696712132
3.719,1.64,3.28,4.626460467,13.79,1.001592152,276.076,-0.03715534105,4.797059188
3.72,1.8,3.6,5.01003648,17.21,1.278465046,280.319,0.04444312784,3.787138502
3.721,1.95,3.9,5.35869438,20.02,1.514901535,284.025,0.1147101459,3.28832595
3.722,1.99,3.98,5.449881023,20.87,1.588041573,287.69,0.1833038284,3.076690191
3.723,1.92,3.84,5.289810125,19.5,1.470530264,290.324,0.2320638846,3.10691196
3.724,1.81,3.62,5.033609855,17.29,1.285083667,292.126,0.2651679476,3.246963144
3.725,1.74,3.48,4.867607683,15.99,1.178340525,292.25,0.2674384036,3.366771771
3.726,1.75,3.5,4.8914635,16.25,1.199551504,291.588,0.2553059233,3.362160036
3.727,1.83,3.66,5.080615385,17.68,1.317443417,288.488,0.1981232166,3.3522877
3.728,1.95,3.9,5.35869438,19.98,1.511478325,285.61,0.1444827964,3.23600253
3.729,2.08,4.16,5.652297165,22.59,1.738377076,283.225,0.09961978772,3.075248537
3.73,2.16,4.32,5.829021619,24.26,1.887364977,281.435,0.0657001473,2.984550564
3.731,2.15,4.3,5.80709582,24.01,1.864870339,281.116,0.05963260789,3.017452288
3.732,2.06,4.12,5.607645315,22.37,1.718972778,281.163,0.06052700373,3.151248105
3.733,1.98,3.96,5.427154973,20.74,1.576806255,282.082,0.0779853189,3.279660749
3.734,1.94,3.88,5.335780035,20.05,1.517470042,282.769,0.09099919977,3.31730312
3.735,1.95,3.9,5.35869438,20.11,1.522609883,282.966,0.09472514935,3.313286531
3.736,1.95,3.9,5.35869438,20.27,1.536334569,283.277,0.1006019555,3.27361159
3.737,1.95,3.9,5.35869438,20.2,1.530326717,283.211,0.09935532713,3.288183974
3.738,1.95,3.9,5.35869438,20.1,1.521752981,282.531,0.08649433483,3.332008906
3.739,1.95,3.9,5.35869438,20.13,1.524324002,281.211,0.06144027497,3.379250282
3.74,1.95,3.9,5.35869438,20.25,1.534617516,279.37,0.02630035618,3.433040569
3.741,1.95,3.9,5.35869438,20.19,1.529468872,275.946,-0.0396751682,3.596937191
3.742,1.93,3.86,5.312818617,19.73,1.490121179,272.433,-0.1082219474,3.844577445
3.743,1.88,3.76,5.197305421,18.74,1.406186759,268.545,-0.1851239957,4.256378606
3.744,1.8,3.6,5.01003648,17.2,1.277638179,264.981,-0.2566019879,4.906815765
3.745,1.68,3.36,4.723484237,15.01,1.099006271,256.281,-0.43520439,7.115804231
3.746,1.57,3.14,4.454856537,12.03,0.8636678778,255.996,-0.4411572247,10.54377328
3.747,1.53,3.06,4.355761529,10.72,0.7629842395,259.067,-0.3773590303,11.29532361
3.748,1.58,3.16,4.479512605,12.19,0.8760801584,267.121,-0.2135686532,6.761411039
3.749,1.71,3.42,4.795757791,15.31,1.123189317,272.151,-0.1137626909,4.750972154
3.75,1.82,3.64,5.057136157,17.47,1.299999544,273.998,-0.07757664031,4.13697759
3.751,1.87,3.74,5.174061561,18.54,1.389353898,275.799,-0.04252594172,3.841664807
3.752,1.89,3.78,5.220502207,18.89,1.418838606,277.531,-0.00903334142,3.702995257
3.753,1.91,3.82,5.266754559,19.28,1.45184274,279.149,0.02206648029,3.573323572
3.754,1.96,3.92,5.381561651,20.16,1.526895965,280.775,0.0531389989,3.405976307
3.755,2.02,4.04,5.517776733,21.47,1.640127965,282.195,0.08012806088,3.20753228
3.756,2.1,4.2,5.69676072,23.01,1.77556525,283.416,0.1032264806,3.032140619
3.757,2.18,4.36,5.872731997,24.65,1.92259165,284.244,0.1188337214,2.876780155
3.758,2.25,4.5,6.0242355,26.05,2.050409136,285.131,0.135502714,2.755937071
3.759,2.28,4.56,6.088459469,26.64,2.104917369,286.181,0.1551679979,2.693906858
3.76,2.26,4.52,6.045690563,26.22,2.066075685,287.212,0.1744073536,2.698387115
3.761,2.21,4.42,5.937944511,25.33,1.984407469,287.907,0.1873377273,2.734181027
3.762,2.18,4.36,5.872731997,24.82,1.937998476,288.442,0.1972700802,2.750348184
3.763,2.19,4.38,5.894516575,25.06,1.959802742,288.862,0.2050545417,2.722819938
3.764,2.23,4.46,5.981184153,25.87,2.033855557,288.935,0.2064064006,2.669859269
3.765,2.29,4.58,6.109773311,26.94,2.132780318,287.937,0.18789517,2.63275643
3.766,2.33,4.66,6.194557945,27.89,2.221669313,286.397,0.1592044787,2.601800216
3.767,2.34,4.68,6.215636419,28.08,2.239567251,283.089,0.09705018847,2.660100158
3.768,2.28,4.56,6.088459469,27.04,2.142090029,279.843,0.03535075595,2.796153867
3.769,2.17,4.34,5.850900345,24.79,1.935277345,277.053,-0.01825575185,3.052078478
3.77,2.02,4.04,5.517776733,21.89,1.676815123,274.73,-0.0633028933,3.419730343
3.771,1.86,3.72,5.150770627,18.93,1.422216374,273.671,-0.08396535396,3.848882273
3.772,1.72,3.44,4.819754829,16.14,1.190569254,272.891,-0.09923536114,4.416388842
3.773,1.58,3.16,4.479512605,13.17,0.9526555674,273.1,-0.09513950588,5.223823559
3.774,1.47,2.94,4.205706809,10.1,0.7159143121,273.267,-0.09186899347,6.7394253
3.775,1.39,2.78,4.002997727,7.69,0.5364565434,273.634,-0.08468871662,8.860741049
3.776,1.32,2.64,3.823155917,5.94,0.4095942274,273.976,-0.07800622273,11.52983782
3.777,1.28,2.56,3.719353549,4.67,0.3193172337,274.321,-0.07127355688,14.99475253
3.778,1.24,2.48,3.614798003,3.6,0.2444108522,274.758,-0.06275765846,19.89944646
3.779,1.22,2.44,3.562237789,3.01,0.2035547251,275.204,-0.05408032977,23.83175915
3.78,1.24,2.48,3.614798003,3.66,0.248583474,275.732,-0.043825778,17.65402753
3.781,1.34,2.68,3.874774659,6.13,0.4232290204,276.463,-0.0296610272,9.845248411
3.782,1.51,3.02,4.305931583,10.55,0.7500409241,277.479,-0.01003584588,5.818786533
3.783,1.69,3.38,4.747622495,15.29,1.121574293,278.903,0.01734971524,4.168515599
3.784,1.82,3.64,5.057136157,17.8,1.327431689,279.744,0.03345775269,3.716052166
3.785,1.89,3.78,5.220502207,19.09,1.435744057,279.511,0.02899985756,3.564105749
3.786,1.9,3.8,5.24365192,19.43,1.464578764,278.895,0.01719625467,3.538763884
3.787,1.9,3.8,5.24365192,19.33,1.456085478,277.296,-0.01356538501,3.635063349
3.788,1.88,3.76,5.197305421,18.94,1.423061075,275.5,-0.04832914527,3.780595553
3.789,1.83,3.66,5.080615385,18.08,1.350795287,273.403,-0.08920705842,4.027158205
3.79,1.77,3.54,4.939033913,16.78,1.24300212,271.273,-0.131050496,4.441770493
3.791,1.69,3.38,4.747622495,15.39,1.129653446,268.629,-0.1834507948,5.017553577
3.792,1.64,3.28,4.626460467,14.19,1.033367167,265.524,-0.2456499666,5.87325053
3.793,1.61,3.22,4.553198367,13.41,0.9715534768,261.598,-0.3253449458,7.046020206
3.794,1.62,3.24,4.577666141,13.52,0.9802341214,253.21,-0.4997003241,9.526210573
3.795,1.64,3.28,4.626460467,14.07,1.023817902,254.279,-0.47716128,8.463192947
3.796,1.64,3.28,4.626460467,14.31,1.04293082,256.989,-0.4204448973,7.432233082
3.797,1.63,3.26,4.602086841,13.94,1.013489083,268.834,-0.1793695835,5.51729919
3.798,1.6,3.2,4.52868352,13.08,0.9455835699,271.382,-0.1289012482,5.54522046
3.799,1.56,3.12,4.430153395,12,0.8613433732,273.443,-0.08842438835,5.73171766
3.8,1.53,3.06,4.355761529,11.15,0.7958485199,274.969,-0.05865071063,5.908538352
3.801,1.52,3.04,4.330870093,10.79,0.7683219911,274.846,-0.06104442492,6.123296284
3.802,1.53,3.06,4.355761529,10.99,0.783598943,274.414,-0.06946011322,6.099320395
3.803,1.55,3.1,4.40540318,11.66,0.8350606483,272.901,-0.09903931576,5.985428663
3.804,1.57,3.14,4.454856537,12.28,0.8830731195,271.579,-0.1250190171,5.876699991
3.805,1.58,3.16,4.479512605,12.32,0.8861836588,270.89,-0.1386092941,5.992062885
3.806,1.55,3.1,4.40540318,11.64,0.8335181309,270.721,-0.1419480373,6.370147034
3.807,1.5,3,4.280946,10.28,0.7295414516,271.585,-0.1249008208,7.0801494
3.808,1.45,2.9,4.15531198,8.84,0.621397626,272.173,-0.1133302279,8.178662901
3.809,1.43,2.86,4.104728857,8.18,0.5724951674,272.908,-0.09890208827,8.667206169
3.81,1.45,2.9,4.15531198,8.63,0.6057927298,273.647,-0.08443455102,7.970167438
3.811,1.5,3,4.280946,10.08,0.7144021175,274.517,-0.06745239273,6.617123149
3.812,1.57,3.14,4.454856537,12.07,0.8667685913,275.347,-0.05130111397,5.462948138
3.813,1.64,3.28,4.626460467,13.99,1.017459711,275.996,-0.03870586345,4.726888666
3.814,1.7,3.4,4.77171368,15.24,1.117538498,276.386,-0.03115130756,4.392277195
3.815,1.74,3.48,4.867607683,16.05,1.183229278,276.444,-0.03002872014,4.220955021
3.816,1.77,3.54,4.939033913,16.7,1.2364252,276.554,-0.02790032182,4.086828497
3.817,1.81,3.62,5.033609855,17.36,1.290880339,276.835,-0.02246707277,3.968430472
3.818,1.84,3.68,5.104047539,17.99,1.343276753,276.499,-0.02896441514,3.883435766
3.819,1.86,3.72,5.150770627,18.36,1.374239714,275.294,-0.05233100459,3.896464703
3.82,1.86,3.72,5.150770627,18.36,1.374239714,273.702,-0.08335936864,3.990122435
3.821,1.85,3.7,5.12743262,18.08,1.350795287,270.565,-0.1450318046,4.252436482
3.822,1.83,3.66,5.080615385,17.77,1.324933233,267.056,-0.2148706561,4.576872955
3.823,1.81,3.62,5.033609855,17.33,1.288395436,262.685,-0.3031605212,5.109045346
3.824,1.76,3.52,4.915272243,16.38,1.21018274,255.316,-0.4553872922,6.512058678
3.825,1.68,3.36,4.723484237,14.8,1.082132014,249.286,-0.5832585086,9.468300444
3.826,1.57,3.14,4.454856537,11.97,0.8590197516,248.058,-0.6096781029,17.86647582
3.827,1.46,2.92,4.180532931,8.82,0.6199096316,247.627,-0.6189817961,4505.683039
3.828,1.35,2.7,3.90051342,5.89,0.4060117151,247.687,-0.6176856486,-18.42698983
3.829,1.26,2.52,3.667169923,3.42,0.2319126851,248.656,-0.5967962371,-10.05024727
3.83,1.19,2.38,3.483044415,1.35,0.09029280197,250.136,-0.565047439,-7.336514788
3.831,1.1,2.2,3.24292232,-2.12,-0.1385538279,252.797,-0.5084336044,-5.012342061
3.832,1.09,2.18,3.216006719,-3.05,-0.1981025445,256.213,-0.4366241139,-5.066758543
3.833,1.21,2.42,3.535887071,1.75,0.1173581633,262.069,-0.3157210792,-17.82534329
3.834,1.43,2.86,4.104728857,7.39,0.5145042206,273.635,-0.08466916499,9.549544187
3.835,1.67,3.34,4.699298905,13.97,1.015871161,277.079,-0.01775370541,4.708162231
3.836,1.84,3.68,5.104047539,17.35,1.290051935,280.635,0.05047071719,3.807505625
3.837,1.94,3.88,5.335780035,19.33,1.456085478,284.36,0.1210166114,3.383281318
3.838,2.04,4.08,5.562805171,21.33,1.627940446,287.673,0.1829876802,3.071797875
3.839,2.13,4.26,5.763103001,23.06,1.78000499,290.555,0.2363189878,2.858222718
3.84,2.2,4.4,5.91625408,24.53,1.911735122,293.182,0.2844726765,2.693849864
3.841,2.27,4.54,6.067098553,25.89,2.035693091,294.418,0.3069798574,2.589818846
3.842,2.32,4.64,6.173432397,27.12,2.149545749,295.1,0.3193584502,2.500474664
3.843,2.37,4.74,6.278589401,28.1,2.241453581,294.597,0.3102315574,2.460565885
3.844,2.4,4.8,6.34111872,28.83,2.310609865,294.053,0.3003431659,2.428660587
3.845,2.43,4.86,6.403224377,29.39,2.364065313,293.475,0.2898166854,2.412776597
3.846,2.45,4.9,6.44439278,29.8,2.403425703,292.916,0.2796164917,2.401897664
3.847,2.47,4.94,6.485372889,30.16,2.438142236,292.346,0.2691955145,2.395479799
3.848,2.47,4.94,6.485372889,30.34,2.455555396,291.833,0.2597992483,2.388407312
3.849,2.44,4.88,6.423832115,29.76,2.399577333,291.459,0.2529385327,2.421788385
3.85,2.35,4.7,6.23666782,27.91,2.223551416,291.114,0.246601987,2.524809922
3.851,2.18,4.36,5.872731997,24.7,1.927119813,290.967,0.2438997857,2.705057108
3.852,1.98,3.96,5.427154973,20.79,1.581125425,290.861,0.2419504123,2.976922223
3.853,1.82,3.64,5.057136157,17.83,1.329931071,290.933,0.2432745924,3.214542304
3.854,1.78,3.56,4.962748509,17.02,1.262772076,291.2,0.2481822341,3.284512627
3.855,1.86,3.72,5.150770627,18.5,1.385992295,291.205,0.2482740946,3.151732582
3.856,2.02,4.04,5.517776733,21.58,1.64971843,291.133,0.2469511515,2.909192401
3.857,2.17,4.34,5.850900345,24.63,1.920781144,290.767,0.2402211283,2.707493842
3.858,2.25,4.5,6.0242355,26.42,2.084547538,290.178,0.2293727654,2.603475794
3.859,2.28,4.56,6.088459469,26.89,2.128129601,289.381,0.2146582922,2.598809515
3.86,2.26,4.52,6.045690563,26.56,2.097503996,287.824,0.1857951666,2.647787317
3.861,2.22,4.44,5.959587869,25.84,2.031100078,284.236,0.1186831444,2.772180845
3.862,2.15,4.3,5.80709582,24.54,1.912639236,280.211,0.04238150756,2.970349976
3.863,2.03,4.06,5.540314489,22.24,1.707530863,275.164,-0.05485799126,3.352335833
3.864,1.88,3.76,5.197305421,19.28,1.45184274,270.583,-0.1446758946,3.976007684
3.865,1.74,3.48,4.867607683,16.68,1.23478199,267.55,-0.2049833718,4.726756859
3.866,1.66,3.32,4.675066499,15.13,1.108668614,265.166,-0.2528681177,5.46279947
3.867,1.63,3.26,4.602086841,14.49,1.057303305,264.329,-0.2697821725,5.843762978
3.868,1.61,3.22,4.553198367,14.09,1.025408448,263.304,-0.290568427,6.196176363
3.869,1.58,3.16,4.479512605,13.21,0.955801253,262.26,-0.3118233354,6.956003432
3.87,1.52,3.04,4.330870093,11.55,0.8265816437,259.375,-0.3710022915,9.506291432
3.871,1.45,2.9,4.15531198,9.48,0.6692155509,252.103,-0.5231410805,28.44653119
3.872,1.39,2.78,4.002997727,7.76,0.5415909922,251.731,-0.531041303,379.4422431
3.873,1.35,2.7,3.90051342,6.78,0.4701294253,251.333,-0.5395066293,-56.22183072
3.874,1.33,2.66,3.848988825,6.19,0.4275417395,251.487,-0.5362295121,-35.41326438
3.875,1.33,2.66,3.848988825,6.17,0.4261037932,252.948,-0.5052389113,-48.63818889
3.876,1.38,2.76,3.977447261,7.39,0.5145042206,255.381,-0.4540254279,65.76598314
3.877,1.49,2.98,4.255913343,10.41,0.7394027579,260.592,-0.345958541,10.81706926
3.878,1.67,3.34,4.699298905,15.08,1.104640877,273.088,-0.09537458977,4.656153648
3.879,1.84,3.68,5.104047539,18.49,1.385152153,276.507,-0.02880962477,3.763096293
3.88,1.96,3.92,5.381561651,20.76,1.578533607,279.557,0.02988025136,3.345881176
3.881,2.01,4.02,5.495191903,21.65,1.655828128,281.729,0.07128608725,3.181718878
3.882,1.99,3.98,5.449881023,21.43,1.6366437,283.639,0.1074343619,3.124791912
3.883,1.95,3.9,5.35869438,20.56,1.561279029,284.717,0.1277290607,3.17268722
3.884,1.87,3.74,5.174061561,18.98,1.426440919,285.741,0.1469361045,3.288507131
3.885,1.76,3.52,4.915272243,16.89,1.252056047,286.76,0.1659811568,3.466250553
3.886,1.71,3.42,4.795757791,15.96,1.175897517,287.853,0.1863341842,3.52051548
3.887,1.81,3.62,5.033609855,17.9,1.335766563,289.26,0.2124208082,3.251292413
3.888,2,4,5.47256,21.56,1.647973756,290.288,0.2314004467,2.911905459
3.889,2.09,4.18,5.674552479,23.39,1.809374529,290.457,0.2345142058,2.776350974
3.89,2,4,5.47256,21.73,1.662817002,290.104,0.2280082564,2.894270624
3.891,1.8,3.6,5.01003648,17.95,1.339937861,288.12,0.1912943129,3.271898649
3.892,1.64,3.28,4.626460467,14.76,1.078922893,286.153,0.1546445273,3.750472322
3.893,1.57,3.14,4.454856537,13.03,0.9416581478,283.425,0.1033963695,4.26279822
3.894,1.58,3.16,4.479512605,13.3,0.962884844,281.331,0.06372277125,4.363412601
3.895,1.63,3.26,4.602086841,14.71,1.07491375,280.823,0.05405353207,4.076368655
3.896,1.7,3.4,4.77171368,16,1.179155063,280.975,0.05694852287,3.860286252
3.897,1.76,3.52,4.915272243,17.01,1.261947153,282.974,0.09487640213,3.622631864
3.898,1.79,3.58,4.986416031,17.6,1.310792792,284.933,0.131786289,3.456598045
3.899,1.81,3.62,5.033609855,18.02,1.345782003,287.017,0.1707737856,3.319106288
3.9,1.82,3.64,5.057136157,18.23,1.363344738,288.828,0.2044247922,3.225688508
3.901,1.8,3.6,5.01003648,17.93,1.338269033,289.816,0.2226944196,3.209579617
3.902,1.77,3.54,4.939033913,17.25,1.281773537,290.476,0.2348641601,3.25656808
3.903,1.75,3.5,4.8914635,16.89,1.252056047,290.426,0.2339431786,3.291699898
3.904,1.78,3.56,4.962748509,17.46,1.299170012,290.562,0.2364478775,3.231760025
3.905,1.85,3.7,5.12743262,18.81,1.41208805,290.969,0.2439365595,3.096229723
3.906,1.92,3.84,5.289810125,20.11,1.522609883,291.545,0.2545169095,2.976608167
3.907,1.95,3.9,5.35869438,20.81,1.58285383,292.57,0.2732931972,2.886998876
3.908,1.96,3.92,5.381561651,21.05,1.603627575,293.114,0.2832316651,2.852126718
3.909,1.97,3.94,5.404381849,21.1,1.607963086,292.802,0.2775339195,2.866290339
3.91,1.97,3.94,5.404381849,21.07,1.605361462,291.971,0.2623285219,2.893618263
3.911,1.96,3.92,5.381561651,20.97,1.596696244,289.464,0.2161925544,2.96850069
3.912,1.88,3.76,5.197305421,19.44,1.465428666,286.809,0.1668952578,3.183991453
3.913,1.72,3.44,4.819754829,16.47,1.217552894,283.34,0.101791648,3.653143418
3.914,1.6,3.2,4.52868352,13.91,1.011107903,280.495,0.04780110404,4.276744733
3.915,1.57,3.14,4.454856537,12.88,0.9298967213,278.568,0.01091978358,4.735096072
3.916,1.61,3.22,4.553198367,13.99,1.017459711,277.068,-0.01796610392,4.555505244
3.917,1.63,3.26,4.602086841,14.61,1.066902987,276.53,-0.02836462742,4.431311368
3.918,1.58,3.16,4.479512605,13.27,0.9605227547,276.31,-0.03262264081,4.827580618
3.919,1.55,3.1,4.40540318,12.37,0.8900740465,276.876,-0.0216747822,5.07301579
3.92,1.57,3.14,4.454856537,12.97,0.9369509069,277.78,-0.004235489084,4.776222685
3.921,1.63,3.26,4.602086841,14.53,1.060501596,279.711,0.03282660273,4.209245536
3.922,1.69,3.38,4.747622495,15.86,1.167760745,282.146,0.07919901266,3.807358229
3.923,1.77,3.54,4.939033913,17.27,1.283428397,285.392,0.1403976967,3.468846325
3.924,1.84,3.68,5.104047539,18.56,1.39103532,288.423,0.196917658,3.214230905
3.925,1.88,3.76,5.197305421,19.46,1.467128782,290.643,0.2379390898,3.048151635
3.926,1.91,3.82,5.266754559,19.94,1.50805679,292.449,0.2710801066,2.960286288
3.927,1.92,3.84,5.289810125,20.19,1.529468872,293.116,0.2832681696,2.918134293
3.928,1.94,3.88,5.335780035,20.53,1.558694471,293.701,0.293935042,2.880111754
3.929,1.97,3.94,5.404381849,21.18,1.614905393,294.092,0.3010526848,2.820720302
3.93,2.02,4.04,5.517776733,22.15,1.699620083,294.556,0.3094869291,2.746382697
3.931,2.08,4.16,5.652297165,23.37,1.807591229,295.665,0.3295917948,2.644741748
3.932,2.14,4.28,5.785122947,24.6,1.918066199,296.895,0.3518022358,2.548660027
3.933,2.19,4.38,5.894516575,25.54,2.003599427,297.934,0.370492164,2.482851377
3.934,2.21,4.42,5.937944511,26.12,2.056856228,298.485,0.3803773314,2.436346114
3.935,2.23,4.46,5.981184153,26.52,2.093799951,297.905,0.3699713857,2.427653924
3.936,2.24,4.48,6.002733363,26.62,2.103063365,296.787,0.3498557392,2.447179507
3.937,2.2,4.4,5.91625408,25.82,2.029263639,294.076,0.3007616115,2.539137325
3.938,2.08,4.16,5.652297165,23.62,1.829913388,291.401,0.251873783,2.715117685
3.939,1.89,3.78,5.220502207,20,1.513189721,288.836,0.2045729752,3.039128873
3.94,1.67,3.34,4.699298905,15.95,1.175083384,286.51,0.1613149434,3.516390891
3.941,1.52,3.04,4.330870093,12.24,0.8799641537,284.912,0.1313919713,4.282240435
3.942,1.46,2.92,4.180532931,10.58,0.752323002,283.372,0.102395835,4.891120624
3.943,1.48,2.96,4.230833613,11.27,0.8050520669,282.389,0.08380475041,4.759859552
3.944,1.53,3.06,4.355761529,12.56,0.9048799677,281.648,0.06974768578,4.469154464
3.945,1.54,3.08,4.380605891,12.76,0.9205035928,281.389,0.0648256288,4.445829673
3.946,1.5,3,4.280946,11.79,0.8450965533,281.251,0.06220121527,4.718347326
3.947,1.47,2.94,4.205706809,10.75,0.7652712648,281.506,0.06704966706,5.052986952
3.948,1.46,2.92,4.180532931,10.53,0.7485200235,281.884,0.0742287093,5.081178208
3.949,1.49,2.98,4.255913343,11.37,0.8127324157,282.595,0.0877061,4.72648967
3.95,1.56,3.12,4.430153395,13.46,0.9754977346,283.672,0.1080567718,4.08853765
3.951,1.69,3.38,4.747622495,16.26,1.200368681,285.498,0.1423844192,3.535737503
3.952,1.86,3.72,5.150770627,19.47,1.467978996,287.326,0.1765304508,3.132101574
3.953,2,4,5.47256,22.23,1.706651462,289.439,0.2157304736,2.846760001
3.954,2.05,4.1,5.58524878,23.19,1.791560859,291.275,0.2495599756,2.736363613
3.955,1.99,3.98,5.449881023,22.11,1.696106948,292.785,0.277223291,2.761768363
3.956,1.86,3.72,5.150770627,19.65,1.483300686,294.187,0.3027806064,2.883838854
3.957,1.71,3.42,4.795757791,16.96,1.257824071,294.87,0.3151870514,3.048775513
3.958,1.61,3.22,4.553198367,14.98,1.096592949,295.269,0.3224214498,3.208704838
3.959,1.56,3.12,4.430153395,13.86,1.007141264,295.073,0.3188689327,3.340964804
3.96,1.57,3.14,4.454856537,14.04,1.021432832,294.697,0.3120472894,3.340774613
3.961,1.59,3.18,4.504121599,14.66,1.070907115,293.892,0.2974131298,3.291715968
3.962,1.6,3.2,4.52868352,14.85,1.086145675,293.011,0.2813513495,3.311658773
3.963,1.6,3.2,4.52868352,14.79,1.081329584,291.877,0.2606058132,3.374740342
3.964,1.59,3.18,4.504121599,14.63,1.068504338,290.691,0.238822575,3.445290964
3.965,1.58,3.16,4.479512605,14.29,1.041335878,289.555,0.2178741918,3.557398969
3.966,1.55,3.1,4.40540318,13.66,0.991299604,288.387,0.1962498472,3.709658723
3.967,1.52,3.04,4.330870093,12.66,0.9126868475,287.083,0.1720038849,3.992723422
3.968,1.47,2.94,4.205706809,11.4,0.8150384231,285.821,0.1484337548,4.365156468
3.969,1.44,2.88,4.130043955,10.52,0.7477597185,284.592,0.1253797214,4.730108121
3.97,1.45,2.9,4.15531198,10.67,0.7591744718,283.532,0.1054157467,4.806105703
3.971,1.49,2.98,4.255913343,12.01,0.8621181099,282.954,0.09449826216,4.448923798
3.972,1.55,3.1,4.40540318,13.46,0.9754977346,282.487,0.08566108704,4.151502197
3.973,1.55,3.1,4.40540318,13.44,0.9739197336,282.503,0.08596410125,4.156496245
3.974,1.47,2.94,4.205706809,11.5,0.8227314612,282.308,0.08226994501,4.647182623
3.975,1.34,2.68,3.874774659,8.06,0.5636483326,281.76,0.07187474116,6.096985018
3.976,1.23,2.46,3.588541433,4.97,0.340507869,281.048,0.05833832365,8.997306479
3.977,1.19,2.38,3.483044415,4.05,0.2757856919,279.946,0.03731953349,11.12419766
3.978,1.26,2.52,3.667169923,5.73,0.3945633126,278.838,0.01610272066,8.929810663
3.979,1.37,2.74,3.951849721,8.6,0.6035668934,277.695,-0.00587282651,6.611826919
3.98,1.4,2.8,4.02850112,9.42,0.6647159412,276.795,-0.02324015226,6.280051702
3.981,1.27,2.54,3.693285273,6.18,0.4268227197,276.302,-0.03277754154,9.372745761
3.982,1.07,2.14,3.162034297,0.79,0.05264144509,275.672,-0.04499007859,413.2639963
3.983,0.94,1.88,2.806623875,-5.8,-0.3698722461,274.834,-0.06127801537,-6.509618864
3.984,0.95,1.9,2.83424558,-5,-0.3205619313,273.766,-0.08210851927,-7.038623211
3.985,1.07,2.14,3.162034297,0.67,0.04460962798,272.013,-0.1164762111,-43.99867307
3.986,1.19,2.38,3.483044415,3.81,0.2590294088,270.434,-0.1476227521,31.26423966
3.987,1.26,2.52,3.667169923,5.42,0.3724497354,267.092,-0.2141495076,23.16591691
3.988,1.24,2.48,3.614798003,4.88,0.3341419612,263.364,-0.2893494427,80.7009324
3.989,1.15,2.3,3.37679422,2.57,0.1732914714,258.561,-0.3878186687,-15.74063458
3.99,1.06,2.12,3.134977475,0.22,0.01460411943,249.213,-0.5848254124,-5.497826043
3.991,1.06,2.12,3.134977475,0.21,0.01393936766,247.563,-0.6203646996,-5.16960178
3.992,1.12,2.24,3.296612301,1.73,0.1160014906,246.04,-0.653379393,-6.134625718
3.993,1.13,2.26,3.323386681,1.75,0.1173581633,245.03,-0.6753864699,-5.95558799
3.994,0.99,1.98,2.944261663,-3.16,-0.2050967478,244.238,-0.6927070537,-3.279404318
3.995,0.74,1.48,2.244304323,-14.71,-0.8838935973,244.282,-0.6917433265,-1.424379112
3.996,0.48,0.96,1.485138893,-26,-1.449046214,244.553,-0.6858114675,-0.6956617789
3.997,0.33,0.66,1.032683705,-32.49,-1.734527922,245.361,-0.6681642726,-0.4298027468
3.998,0.29,0.58,0.9102401912,-33.83,-1.790163921,246.223,-0.6494016411,-0.3731156914
3.999,0.36,0.72,1.124022067,-31.41,-1.688882305,247.095,-0.6304880606,-0.4846237945
4,0.47,0.94,1.455304729,-27.37,-1.511582996,248.199,-0.6066379442,-0.6870410453
