# age_ma,DST_anomaly_K,GMSST_anomaly_K,GMST_anomaly_K,BSL_m,R_LI_Wm2,CO2_ppm,R_CO2_Wm2,S_CO2_LI_K_per_Wm2
0,0,0,0,2.68,0.1808408527,284.1331213,0.116746372,0
0.001,0.11,0.11,0.1756738918,5.47,0.3760104081,280.4281497,0.04652588879,0.4157604757
0.002,0.25,0.25,0.397199375,9.1,0.6407763474,277.8286438,-0.003298699906,0.62307969
0.003,0.35,0.35,0.554019655,11.83,0.8481878533,275.6131949,-0.0461314373,0.6907489847
0.004,0.38,0.38,0.6008362552,12.83,0.9259811889,273.0683738,-0.09575909614,0.7237054524
0.005,0.38,0.38,0.6008362552,12.63,0.910343748,269.4465361,-0.1671935172,0.8084990494
0.006,0.31,0.31,0.4914327638,11.09,0.7912520078,264.5748721,-0.2648080518,0.93349493
0.007,0.18,0.18,0.2867249592,7.82,0.5459956392,260.6641348,-0.3444778049,1.42282672
0.008,0.03,0.03,0.0480522822,4.34,0.2961032708,259.775696,-0.362743711,-0.7210678995
0.009,-0.04,-0.04,-0.0642344672,2.62,0.1767216519,261.0143677,-0.3372942771,0.4000337364
0.01,-0.01,-0.01,-0.0160409642,3.3,0.2235969714,264.0627076,-0.2751746288,0.3110060636
0.011,-0.05,-0.05,-0.080322505,2.24,0.1507089033,266.7807626,-0.2203873986,1.152758891
0.012,-0.24,-0.24,-0.3882312192,-3.47,-0.2247519371,253.8849024,-0.4854594796,0.5466417605
0.013,-0.54,-0.54,-0.8830526472,-13.3,-0.8067294021,239.9331786,-0.7878444864,0.5537859698
0.014,-1.01,-1.01,-1.679567804,-27.8,-1.530955522,239.2774205,-0.8024865159,0.7197812401
0.015,-1.6,-1.6,-2.71624832,-46.17,-2.253944599,229.3619873,-1.028910009,0.8274043918
0.016,-2.32,-2.32,-4.036849741,-68.85,-2.91727768,223.1368569,-1.176121649,0.9861851767
0.017,-2.98,-2.98,-5.300994337,-90.11,-3.388540537,202.7709168,-1.688161793,1.04418065
0.018,-3.27,-3.27,-5.872662782,-99.21,-3.565755134,189.1388285,-2.060498069,1.04379639
0.019,-3.21,-3.21,-5.753574532,-97.75,-3.53787174,190.4689123,-2.023006854,1.034652067
0.02,-3.05,-3.05,-5.438077105,-93.11,-3.447979365,192.6774503,-1.961329072,1.005318364
0.021,-2.94,-2.94,-5.222920231,-89.89,-3.384133323,189.9359501,-2.037997987,0.9632596358
0.022,-3,-3,-5.340102,-91.83,-3.422763279,187.8078073,-2.098280569,0.9672268773
0.023,-3.09,-3.09,-5.51666902,-94.69,-3.478837199,189.1669059,-2.059703929,0.9960509263
0.024,-3.1,-3.1,-5.53634642,-94.93,-3.483500382,185.8835609,-2.153378491,0.9821652274
0.025,-3.05,-3.05,-5.438077105,-93.33,-3.452293175,182.3536751,-2.255950778,0.95267076
0.026,-2.91,-2.91,-5.16448822,-89.41,-3.374492945,184.28066,-2.199712379,0.9264976657
0.027,-2.7,-2.7,-4.75842978,-83.44,-3.251416159,187.9789179,-2.093408433,0.8902873608
0.028,-2.51,-2.51,-4.395515564,-77.81,-3.128886795,190.4100577,-2.024660251,0.8529107282
0.029,-2.34,-2.34,-4.074403975,-72.82,-3.013841541,192.2133617,-1.974230783,0.8168293703
0.03,-2.2,-2.2,-3.81251288,-68.56,-2.910033422,189.1471418,-2.060262923,0.76705947
0.031,-2.15,-2.15,-3.719539345,-66.95,-2.86931913,187.4855496,-2.107468469,0.7473775544
0.032,-2.15,-2.15,-3.719539345,-66.99,-2.870341011,193.3200869,-1.943514921,0.77267359
0.033,-2.19,-2.19,-3.793894636,-68.48,-2.908030267,196.536714,-1.855229453,0.7964912391
0.034,-2.31,-2.31,-4.018090276,-72.17,-2.998353416,196.0784924,-1.867717438,0.825736081
0.035,-2.36,-2.36,-4.112005283,-73.81,-3.037199829,201.3470268,-1.725862883,0.8633111786
0.036,-2.32,-2.32,-4.036849741,-72.54,-3.007184673,201.3615358,-1.725477377,0.8529765486
0.037,-2.18,-2.18,-3.775288161,-68.59,-2.910784076,205.7149062,-1.611044718,0.8349029414
0.038,-2.08,-2.08,-3.589870669,-65.55,-2.833212889,211.0896059,-1.473060427,0.8336374412
0.039,-2.1,-2.1,-3.62686002,-66.02,-2.845408655,205.8566438,-1.607359837,0.8145179851
0.04,-2.14,-2.14,-3.700979943,-67.46,-2.882308264,196.0447982,-1.868636863,0.7789986718
0.041,-2.17,-2.17,-3.756693454,-68.27,-2.902762185,201.1705722,-1.730553519,0.8108002332
0.042,-2.17,-2.17,-3.756693454,-68.22,-2.901505782,202.6543116,-1.691239244,0.8179625544
0.043,-2.18,-2.18,-3.775288161,-68.76,-2.915032337,203.8689373,-1.65926928,0.8253255856
0.044,-2.19,-2.19,-3.793894636,-69.15,-2.924743563,203.4644055,-1.669895691,0.8257219831
0.045,-2.19,-2.19,-3.793894636,-68.94,-2.919520444,210.6769938,-1.483528186,0.8616517679
0.046,-2.13,-2.13,-3.68243231,-67.34,-2.879259755,219.3042736,-1.268811194,0.8877457389
0.047,-1.97,-1.97,-3.387270678,-62.49,-2.751906617,211.9368298,-1.45163078,0.8058143314
0.048,-1.83,-1.83,-3.131475614,-58.19,-2.631735519,203.8553812,-1.659625034,0.7297162695
0.049,-1.8,-1.8,-3.07696248,-57.08,-2.599522353,201.381293,-1.724952472,0.7115228101
0.05,-1.91,-1.91,-3.27736178,-60.69,-2.702473674,204.6049713,-1.6399888,0.7547242606
0.051,-2.1,-2.1,-3.62686002,-66.85,-2.866762089,208.6966644,-1.534055162,0.8241332946
0.052,-2.16,-2.16,-3.738110515,-68.94,-2.919520444,215.1221019,-1.371822022,0.8710818457
0.053,-2.06,-2.06,-3.552928391,-65.98,-2.844373667,222.1049741,-1.200919781,0.8782869367
0.054,-1.88,-1.88,-3.222566205,-60.64,-2.701082938,220.709609,-1.234636955,0.8187996841
0.055,-1.75,-1.75,-2.986342625,-56.41,-2.579831685,214.4606805,-1.388296644,0.752582169
0.056,-1.77,-1.77,-3.022555262,-57.29,-2.605655603,210.519141,-1.487538253,0.7384344275
0.057,-1.96,-1.96,-3.368923107,-63.37,-2.775633918,214.0221889,-1.399246583,0.8069507872
0.058,-2.17,-2.17,-3.756693454,-70.34,-2.954080274,222.7038757,-1.18651303,0.9072838547
0.059,-2.28,-2.28,-3.961882493,-74.11,-3.044223987,227.9449383,-1.062066018,0.9648326075
0.06,-2.31,-2.31,-4.018090276,-75.02,-3.06537995,220.4035745,-1.242060378,0.9328255229
0.061,-2.31,-2.31,-4.018090276,-75.2,-3.069538176,211.7642755,-1.455988407,0.8878724282
0.062,-2.32,-2.32,-4.036849741,-75.29,-3.071614049,206.5125042,-1.590341802,0.8659133355
0.063,-2.31,-2.31,-4.018090276,-74.95,-3.063760522,200.4155511,-1.750670588,0.8345929529
0.064,-2.3,-2.3,-3.99934258,-74.76,-3.059358292,198.8842458,-1.791705035,0.8244259681
0.065,-2.25,-2.25,-3.905780625,-73.32,-3.025673177,201.1105048,-1.732151211,0.8209173578
0.066,-2.21,-2.21,-3.831142892,-72.22,-2.999549149,201.3717274,-1.7252066,0.8108658088
0.067,-2.19,-2.19,-3.793894636,-71.45,-2.981053623,203.9316042,-1.657625006,0.8178826213
0.068,-2.1,-2.1,-3.62686002,-68.96,-2.920018486,202.4275371,-1.697229361,0.7855025635
0.069,-2.05,-2.05,-3.534474905,-67.26,-2.87722477,205.1636743,-1.625399775,0.7849810415
0.07,-1.98,-1.98,-3.405630017,-65.19,-2.823819884,214.6656983,-1.383184652,0.8095142251
0.071,-1.82,-1.82,-3.113292801,-60.37,-2.693556272,228.3339548,-1.052943356,0.8309870839
0.072,-1.66,-1.66,-2.823968295,-55.39,-2.549491691,236.8358262,-0.8573585215,0.828908851
0.073,-1.56,-1.56,-2.644670371,-52.48,-2.460452295,232.5534562,-0.9549803292,0.7743295394
0.074,-1.56,-1.56,-2.644670371,-52.46,-2.459827311,233.2822229,-0.9382409288,0.7782864217
0.075,-1.58,-1.58,-2.680435809,-53.18,-2.482213165,243.5458835,-0.7078892936,0.8402350219
0.076,-1.53,-1.53,-2.591110478,-51.38,-2.425807486,245.9205829,-0.6559766799,0.8407825916
0.077,-1.4,-1.4,-2.36024152,-47.22,-2.289645163,233.620664,-0.9304848818,0.7329646589
0.078,-1.28,-1.28,-2.148896973,-43.33,-2.154570265,225.5603955,-1.118327413,0.6565732218
0.079,-1.18,-1.18,-1.974071041,-40.12,-2.037116283,227.2289447,-1.078897251,0.6335245401
0.08,-1.07,-1.07,-1.783121766,-36.55,-1.899774315,231.895557,-0.9701370527,0.6213159703
0.081,-1,-1,-1.66235,-34.16,-1.803697724,232.0150893,-0.9673800677,0.5998929388
0.082,-0.97,-0.97,-1.610767198,-33.1,-1.759990826,236.8894844,-0.8561465467,0.6157043643
0.083,-1,-1,-1.66235,-34.13,-1.802470095,245.3631222,-0.6681179988,0.6728559909
0.084,-1.11,-1.11,-1.852393108,-37.9,-1.952564105,247.2924334,-0.6262150203,0.71832174
0.085,-1.27,-1.27,-2.131361422,-43.5,-2.160636602,238.7470059,-0.814359213,0.7164250152
0.086,-1.45,-1.45,-2.448801905,-49.72,-2.372464338,228.3187425,-1.053299802,0.7148191775
0.087,-1.63,-1.63,-2.77005535,-55.93,-2.565609054,222.3102894,-1.195976492,0.7364063148
0.088,-1.74,-1.74,-2.968253959,-59.5,-2.669110496,221.2242129,-1.222177479,0.7627947297
0.089,-1.75,-1.75,-2.986342625,-60.11,-2.686281645,225.0700255,-1.129971015,0.7825327331
0.09,-1.71,-1.71,-2.914058572,-58.84,-2.65036625,229.4378181,-1.027141504,0.7924003884
0.091,-1.6,-1.6,-2.71624832,-55.45,-2.55128866,231.3171465,-0.9834980755,0.768433437
0.092,-1.45,-1.45,-2.448801905,-50.66,-2.402829111,232.617117,-0.953515982,0.7296037317
0.093,-1.3,-1.3,-2.18400338,-45.98,-2.247425364,234.1103146,-0.9192834351,0.6896761017
0.094,-1.22,-1.22,-2.043860193,-43.47,-2.159567178,238.5191848,-0.8194668134,0.686081528
0.095,-1.24,-1.24,-2.078825379,-43.95,-2.176621253,243.0130777,-0.7196063199,0.7177700394
0.096,-1.23,-1.23,-2.061336902,-43.69,-2.167398631,245.4643837,-0.6659105073,0.727536884
0.097,-1.16,-1.16,-1.939247075,-41.25,-2.079100039,243.6203339,-0.706254083,0.6962299908
0.098,-1.08,-1.08,-1.800421949,-38.58,-1.978758381,241.290828,-0.7576571172,0.6579490396
0.099,-1.07,-1.07,-1.783121766,-38.24,-1.96569415,242.8574549,-0.7230334967,0.6631842269
0.1,-1.07,-1.07,-1.783121766,-38.36,-1.970312553,245.578258,-0.663429144,0.6770298574
0.101,-1.07,-1.07,-1.783121766,-38.51,-1.97607405,245.7957324,-0.658693491,0.6767662565
0.102,-1.15,-1.15,-1.921852745,-41.28,-2.080205123,240.8253989,-0.7679867682,0.674762382
0.103,-1.28,-1.28,-2.148896973,-46,-2.248112458,239.3079643,-0.8018036321,0.7045757683
0.104,-1.4,-1.4,-2.36024152,-50.2,-2.388021791,242.7191663,-0.726080776,0.7579202899
0.105,-1.43,-1.43,-2.413342446,-51.33,-2.424219533,244.8831102,-0.6785946328,0.7777914876
0.106,-1.48,-1.48,-2.502079357,-53.23,-2.4837591,245.6947368,-0.6608922169,0.7956619365
0.107,-1.62,-1.62,-2.752107905,-58.24,-2.63317471,241.5288629,-0.7523819092,0.8128967299
0.108,-1.76,-1.76,-3.004443059,-63.16,-2.769997491,239.0043913,-0.808594658,0.8395600654
0.109,-1.85,-1.85,-3.167876545,-66.6,-2.860354819,241.5225299,-0.7525221917,0.8768293344
0.11,-1.77,-1.77,-3.022555262,-64.05,-2.793775647,245.2622454,-0.6703180108,0.8725385513
0.111,-1.54,-1.54,-2.608952007,-57.04,-2.598352043,250.2120958,-0.563420121,0.8251549674
0.112,-1.26,-1.26,-2.113837639,-48.43,-2.330108616,256.1604878,-0.437720736,0.7637167508
0.113,-0.93,-0.93,-1.542154886,-37.79,-1.948302005,260.9767107,-0.3380661873,0.6744997989
0.114,-0.69,-0.69,-1.134435196,-29.05,-1.586585709,266.2893699,-0.2302508356,0.6244013527
0.115,-0.49,-0.49,-0.7998468842,-21.56,-1.237626668,273.6434237,-0.08450447066,0.604967889
0.116,-0.28,-0.28,-0.4535954528,-12.2,-0.7454633753,275.0012054,-0.05802413542,0.5645332961
0.117,-0.07,-0.07,-0.1125338858,-1.64,-0.1075265695,274.50663,-0.06765449485,0.642386129
0.118,0.12,0.12,0.1915736352,4.1,0.2792832213,274.5117124,-0.06755544344,0.9048110605
0.119,0.24,0.24,0.3814526208,7.14,0.4962754837,273.346726,-0.09030835184,0.9396145424
0.12,0.26,0.26,0.4129343608,7.61,0.5305942766,272.9912014,-0.09727128279,0.9529481858
0.121,0.27,0.27,0.4286575782,7.96,0.5562864082,276.4382249,-0.03014048727,0.8147123472
0.122,0.26,0.26,0.4129343608,7.76,0.5415909922,278.2898488,0.00557512027,0.7546782438
0.123,0.21,0.21,0.3341417478,6.34,0.4383382443,278.5466743,0.01051020023,0.7444422541
0.124,0.16,0.16,0.2550549248,5.16,0.3539715806,278.0110037,0.0002117585017,0.720121182
0.125,0.16,0.16,0.2550549248,5.21,0.3575202108,277.0647469,-0.01802892029,0.7512856204
0.126,0.23,0.23,0.3656940982,7.04,0.489000469,275.1865078,-0.05442039099,0.8414884085
0.127,0.25,0.25,0.397199375,7.69,0.5364565434,275.3976155,-0.05031774279,0.8170493171
0.128,0.19,0.19,0.3025423238,6.07,0.4189196601,277.6580374,-0.006584985388,0.7337300071
0.129,-0.03,-0.03,-0.0481581978,0.79,0.05264144509,271.7693453,-0.1212706022,0.7017162945
0.13,-0.44,-0.44,-0.7169353312,-13.25,-0.8039649764,258.5638584,-0.387759525,0.6015948572
0.131,-0.95,-0.95,-1.576437505,-30.09,-1.632101682,246.2152272,-0.6495705333,0.6909132234
0.132,-1.48,-1.48,-2.502079357,-47.38,-2.295037028,234.1531314,-0.918305056,0.778653281
0.133,-1.9,-1.9,-3.25908482,-60.78,-2.704974573,225.7057229,-1.114881546,0.8531957011
0.134,-2.19,-2.19,-3.793894636,-70.27,-2.952366723,218.7852212,-1.281488657,0.8960850798
0.135,-2.46,-2.46,-4.300717927,-79.01,-3.155604707,211.1456635,-1.471639856,0.9294338929
0.136,-2.64,-2.64,-4.643366323,-85.04,-3.28502433,205.9686822,-1.604448867,0.9496659734
0.137,-2.69,-2.69,-4.739223116,-86.53,-3.315893744,202.5158729,-1.694895225,0.9458037738
0.138,-2.53,-2.53,-4.433516998,-82.09,-3.222664721,199.7457837,-1.76857966,0.8882588508
0.139,-2.25,-2.25,-3.905780625,-73.61,-3.032503182,197.1556248,-1.83840832,0.8018582606
0.14,-2.02,-2.02,-3.479185057,-67.05,-2.871872832,193.5133999,-1.93816779,0.7233171879
0.141,-2.03,-2.03,-3.497603238,-67.4,-2.880784604,193.5195159,-1.937998707,0.7258270423
0.142,-2.24,-2.24,-3.887103539,-74.12,-3.044457697,195.3528796,-1.8875525,0.7881377742
0.143,-2.44,-2.44,-4.262881251,-80.78,-3.194399681,196.0547222,-1.868366048,0.8420064208
0.144,-2.51,-2.51,-4.395515564,-83.19,-3.246119757,195.2907073,-1.889255442,0.8559288062
0.145,-2.49,-2.49,-4.357561204,-82.51,-3.231649659,194.9859571,-1.897610612,0.8495496375
0.146,-2.42,-2.42,-4.225091649,-80.67,-3.192009306,193.9935328,-1.924910157,0.8257100153
0.147,-2.34,-2.34,-4.074403975,-78.16,-3.136715329,194.2848457,-1.916882289,0.8062383046
0.148,-2.22,-2.22,-3.849784673,-74.71,-3.058198193,196.040856,-1.868744447,0.7813739583
0.149,-2.1,-2.1,-3.62686002,-71.12,-2.973073263,199.4744313,-1.775852514,0.7637221953
0.15,-2.05,-2.05,-3.534474905,-69.52,-2.933912345,202.0128957,-1.708199245,0.7613937831
0.151,-2.07,-2.07,-3.571393646,-70.36,-2.954569584,202.5737296,-1.693367002,0.7683826101
0.152,-2.12,-2.12,-3.663896445,-71.89,-2.991643825,201.999816,-1.70854565,0.7795210096
0.153,-2.14,-2.14,-3.700979943,-72.5,-3.006231852,200.8034467,-1.740325903,0.7797187213
0.154,-2.15,-2.15,-3.719539345,-72.84,-3.014316172,198.5731339,-1.800080521,0.7725868021
0.155,-2.2,-2.2,-3.81251288,-74.67,-3.057269627,195.3196141,-1.888463598,0.7708690919
0.156,-2.29,-2.29,-3.980606652,-77.6,-3.124175293,191.4772184,-1.994759677,0.7776239931
0.157,-2.35,-2.35,-4.093198745,-79.65,-3.169714912,189.0723814,-2.062377929,0.7823253274
0.158,-2.36,-2.36,-4.112005283,-80.16,-3.180891462,187.9854175,-2.093223455,0.7796578852
0.159,-2.36,-2.36,-4.112005283,-80.08,-3.179142188,187.4694579,-2.107927675,0.7777474839
0.16,-2.35,-2.35,-4.093198745,-79.74,-3.171691558,187.2982267,-2.112816501,0.7745657115
0.161,-2.32,-2.32,-4.036849741,-78.8,-3.150953915,191.4924982,-1.994332765,0.7845723653
0.162,-2.26,-2.26,-3.924469479,-77.11,-3.11313935,197.1057128,-1.839762899,0.7923575476
0.163,-2.18,-2.18,-3.775288161,-74.75,-3.059126326,200.8080178,-1.740204116,0.7866280945
0.164,-2.09,-2.09,-3.60835946,-72.1,-2.996678165,200.5946519,-1.745891709,0.7608447647
0.165,-2.01,-2.01,-3.460778644,-69.69,-2.938110641,196.4338754,-1.858029593,0.721575783
0.166,-1.95,-1.95,-3.350587305,-67.83,-2.891677997,192.6732168,-1.961446623,0.6903979533
0.167,-1.9,-1.9,-3.25908482,-66.54,-2.858813947,189.3114907,-2.055616358,0.6631663526
0.168,-1.87,-1.87,-3.20432455,-65.6,-2.834513924,186.7142777,-2.129522517,0.645507862
0.169,-1.84,-1.84,-3.149670195,-64.53,-2.80648182,189.3368314,-2.054900268,0.6478960382
0.17,-1.78,-1.78,-3.040679233,-62.88,-2.7624572,194.8026845,-1.902641589,0.6517931067
0.171,-1.71,-1.71,-2.914058572,-60.72,-2.703307654,197.6057849,-1.826206733,0.6433490047
0.172,-1.64,-1.64,-2.788014563,-58.39,-2.637486208,198.2370864,-1.809142055,0.626995197
0.173,-1.57,-1.57,-2.662547206,-56.39,-2.579241016,198.7104849,-1.79638126,0.6084956694
0.174,-1.52,-1.52,-2.573280717,-54.94,-2.535965106,198.5134133,-1.801689767,0.5932423838
0.175,-1.5,-1.5,-2.5376565,-54.09,-2.510175365,197.025069,-1.841952245,0.5830841206
0.176,-1.5,-1.5,-2.5376565,-54.14,-2.511701147,194.1593917,-1.920338015,0.5725708656
0.177,-1.54,-1.54,-2.608952007,-55.45,-2.55128866,190.7459707,-2.015230336,0.5713218339
0.178,-1.59,-1.59,-2.69833618,-57.38,-2.608278556,191.9913331,-1.980414222,0.5880402787
0.179,-1.63,-1.63,-2.77005535,-58.79,-2.648939152,199.3681373,-1.778704132,0.625627489
0.18,-1.64,-1.64,-2.788014563,-59.04,-2.656064638,207.4665522,-1.565682749,0.6603935071
0.181,-1.62,-1.62,-2.752107905,-58.57,-2.642648004,212.9610753,-1.425837648,0.6764452772
0.182,-1.61,-1.61,-2.734172228,-58.05,-2.627700383,213.4746063,-1.412952269,0.6766659903
0.183,-1.59,-1.59,-2.69833618,-57.67,-2.616707599,205.861855,-1.607224404,0.6388209323
0.184,-1.59,-1.59,-2.69833618,-57.73,-2.618447227,199.954328,-1.762996912,0.6158554337
0.185,-1.64,-1.64,-2.788014563,-59.29,-2.663165197,199.3154933,-1.780117007,0.6274673621
0.186,-1.74,-1.74,-2.968253959,-62.78,-2.759757269,201.5184842,-1.72130902,0.6623990292
0.187,-1.81,-1.81,-3.095121756,-65.53,-2.832692234,204.5455297,-1.641543303,0.6917654939
0.188,-1.75,-1.75,-2.986342625,-63.68,-2.783925094,209.6374174,-1.509992877,0.6954819923
0.189,-1.53,-1.53,-2.591110478,-56.98,-2.596595332,219.7391492,-1.258212765,0.6721762569
0.19,-1.24,-1.24,-2.078825379,-47.92,-2.313141326,229.0874426,-1.035317756,0.6208304561
0.191,-1.02,-1.02,-1.696797377,-40.58,-2.054291705,229.8252456,-1.01811514,0.5522697554
0.192,-0.93,-0.93,-1.542154886,-37.53,-1.938200368,223.5616238,-1.165946985,0.496804665
0.193,-0.93,-0.93,-1.542154886,-37.79,-1.948302005,219.4519802,-1.265209057,0.4798971767
0.194,-0.98,-0.98,-1.627949697,-39.66,-2.019823652,220.6435772,-1.236237804,0.4999751136
0.195,-1.03,-1.03,-1.714038718,-41.48,-2.087559837,222.7437617,-1.185554938,0.5236720481
0.196,-1.03,-1.03,-1.714038718,-41.51,-2.08866117,222.8925307,-1.181982901,0.5240676394
0.197,-0.95,-0.95,-1.576437505,-38.8,-1.987176787,225.3291115,-1.123815983,0.5067313303
0.198,-0.76,-0.76,-1.252653219,-32.44,-1.732430652,233.7202325,-0.9282052118,0.4708097174
0.199,-0.52,-0.52,-0.8497350368,-23.42,-1.32784712,242.7524366,-0.7253474857,0.4138599596
0.2,-0.33,-0.33,-0.5355655338,-15.7,-0.9371658512,248.259511,-0.6053337708,0.3472062658
0.201,-0.3,-0.3,-0.48634818,-13.91,-0.8402999449,249.425883,-0.5802572795,0.3423643706
0.202,-0.38,-0.38,-0.6178298248,-18,-1.05809012,247.2558258,-0.6270070592,0.3666434391
0.203,-0.49,-0.49,-0.7998468842,-23.04,-1.309610961,244.4294782,-0.688514394,0.400298651
0.204,-0.53,-0.53,-0.8663879578,-24.92,-1.398862235,244.7226413,-0.682101572,0.4163397533
0.205,-0.5,-0.5,-0.8164645,-23.72,-1.342173603,240.9259827,-0.7657527384,0.3873306594
0.206,-0.43,-0.43,-0.7003883258,-20.94,-1.207012975,232.4267693,-0.9578956124,0.3235186603
0.207,-0.36,-0.36,-0.5848888032,-17.78,-1.046693248,229.0255816,-1.036762624,0.2807301134
0.208,-0.28,-0.28,-0.4535954528,-14.53,-0.8741277059,233.4958547,-0.9333438245,0.2509557939
0.209,-0.21,-0.21,-0.3393316122,-11.1,-0.6832501861,237.8409933,-0.8347003597,0.2235458943
0.21,-0.14,-0.14,-0.2256444232,-7.75,-0.4878350763,243.7981731,-0.702350088,0.1895876625
0.211,-0.08,-0.08,-0.1286572288,-4.68,-0.3006871903,247.6281777,-0.6189563529,0.1398990182
0.212,-0.03,-0.03,-0.0481581978,-1.8,-0.1178911993,247.542576,-0.6208060938,0.06519341312
0.213,0.02,0.02,0.0320466232,0.54,0.0359229268,248.320627,-0.6040168815,-0.05641078018
0.214,0.09,0.09,0.1438390998,2.18,0.1466135339,247.1726558,-0.628806953,-0.298301665
0.215,0.14,0.14,0.2233378168,3.49,0.2367695741,243.6191293,-0.7062805356,-0.4756817947
0.216,0.11,0.11,0.1756738918,2.9,0.1959724686,242.5662798,-0.7294517526,-0.3292984322
0.217,-0.01,-0.01,-0.0160409642,-0.36,-0.02380552739,247.4302981,-0.6232332433,0.02479134934
0.218,-0.24,-0.24,-0.3882312192,-9.08,-0.5665011204,248.0415079,-0.6100338094,0.3299784897
0.219,-0.58,-0.58,-0.9498290888,-21,-1.209987506,240.5895908,-0.773227873,0.4789339064
0.22,-0.97,-0.97,-1.610767198,-34.77,-1.828542159,228.2945856,-1.053865879,0.5588269172
0.221,-1.35,-1.35,-2.271975345,-47.96,-2.314476686,217.6805647,-1.308569474,0.6270898146
0.222,-1.63,-1.63,-2.77005535,-57.65,-2.616127395,211.8291847,-1.454348796,0.6805236585
0.223,-1.77,-1.77,-3.022555262,-62.37,-2.748648968,208.0479718,-1.550710484,0.7030245541
0.224,-1.77,-1.77,-3.022555262,-62.35,-2.748105507,205.6555239,-1.612589288,0.6931361638
0.225,-1.65,-1.65,-2.805985545,-58.8,-2.649224652,203.6665382,-1.664583345,0.6504660261
0.226,-1.46,-1.46,-2.466549287,-52.77,-2.469494259,205.8505983,-1.607516956,0.6049895762
0.227,-1.27,-1.27,-2.131361422,-47,-2.282210621,218.2534782,-1.294507306,0.5958986606
0.228,-1.2,-1.2,-2.00894208,-44.73,-2.20407776,231.3846013,-0.98193818,0.6305499149
0.229,-1.24,-1.24,-2.078825379,-46.09,-2.25120188,231.7368501,-0.9737997903,0.6445966829
0.23,-1.3,-1.3,-2.18400338,-48.22,-2.323137449,228.9907247,-1.037576936,0.6498628355
0.231,-1.3,-1.3,-2.18400338,-48.32,-2.326459729,230.6480926,-0.9989946576,0.6567533714
0.232,-1.24,-1.24,-2.078825379,-46.15,-2.253259222,234.5627663,-0.9089537723,0.6573957488
0.233,-1.13,-1.13,-1.88709939,-42.57,-2.127263144,240.2590127,-0.7805840073,0.648967876
0.234,-0.99,-0.99,-1.645143964,-38.13,-1.961453412,243.8816306,-0.7005189767,0.6180169153
0.235,-0.85,-0.85,-1.405495145,-33.06,-1.758328118,246.8231696,-0.6363768603,0.5869178699
0.236,-0.71,-0.71,-1.168152932,-28.08,-1.543505053,247.0252209,-0.6319991025,0.5369573436
0.237,-0.6,-0.6,-0.98328792,-23.99,-1.355014463,245.6614075,-0.6616180122,0.4875890535
0.238,-0.52,-0.52,-0.8497350368,-20.82,-1.20105623,243.1946832,-0.7156097184,0.4433401854
0.239,-0.46,-0.46,-0.7500646472,-18.28,-1.072543774,243.8162476,-0.7019534675,0.4226913571
0.24,-0.42,-0.42,-0.6838530888,-16.32,-0.9701514024,249.6649913,-0.5751310409,0.4425424567
0.241,-0.38,-0.38,-0.6178298248,-14.58,-0.8768429335,257.5250198,-0.4092976518,0.480375032
0.242,-0.39,-0.39,-0.6343179882,-14.89,-0.8936347933,268.1587601,-0.1928242721,0.5838397491
0.243,-0.53,-0.53,-0.8663879578,-19.76,-1.14799135,275.7076837,-0.04429760505,0.7266593839
0.244,-0.79,-0.79,-1.303494612,-28.94,-1.581730906,266.6296438,-0.223418783,0.7220977962
0.245,-1.08,-1.08,-1.800421949,-38.64,-1.981057025,249.4064809,-0.5806734572,0.7028147422
0.246,-1.26,-1.26,-2.113837639,-44.66,-2.201626598,232.9290746,-0.9463460241,0.6714917481
0.247,-1.33,-1.33,-2.236751254,-47.03,-2.283225838,221.1119195,-1.224893827,0.6375926329
0.248,-1.42,-1.42,-2.395630369,-50.03,-2.382524325,216.2337101,-1.344247955,0.6428164076
0.249,-1.59,-1.59,-2.69833618,-55.7,-2.558759454,213.8981608,-1.402347864,0.6812075422
0.25,-1.78,-1.78,-3.040679233,-62.34,-2.74783372,209.9275185,-1.50259454,0.7153818502
0.251,-1.93,-1.93,-3.313951006,-67.38,-2.880276453,206.5438462,-1.589529906,0.7414081819
0.252,-2,-2,-3.442384,-69.52,-2.933912345,205.4301605,-1.618455192,0.7561744459
0.253,-1.99,-1.99,-3.424001124,-69.49,-2.933170532,199.9345068,-1.763527276,0.7290230848
0.254,-1.97,-1.97,-3.387270678,-68.73,-2.914283315,196.1541613,-1.865653212,0.708643443
0.255,-1.96,-1.96,-3.368923107,-68.44,-2.907027918,196.0659199,-1.868060491,0.7055205723
0.256,-1.98,-1.98,-3.405630017,-68.98,-2.920516401,198.3024027,-1.807379596,0.7203267624
0.257,-1.99,-1.99,-3.424001124,-69.32,-2.928961593,201.2719874,-1.727857129,0.7352661396
0.258,-1.97,-1.97,-3.387270678,-68.83,-2.916778938,203.4395857,-1.670548355,0.7383974288
0.259,-1.94,-1.94,-3.332263271,-67.92,-2.893950341,204.6386138,-1.639109191,0.7351024727
0.26,-1.92,-1.92,-3.295650509,-67.42,-2.881292622,205.6670612,-1.612289162,0.7334128246
0.261,-1.92,-1.92,-3.295650509,-67.31,-2.878496884,207.2816224,-1.570453715,0.7407703087
0.262,-1.9,-1.9,-3.25908482,-66.78,-2.864970168,209.8602427,-1.504309337,0.7459089802
0.263,-1.86,-1.86,-3.186094663,-65.44,-2.830347572,216.3605392,-1.3411109,0.7637843418
0.264,-1.8,-1.8,-3.07696248,-63.74,-2.785525826,222.3921308,-1.194007302,0.7731968503
0.265,-1.76,-1.76,-3.004443059,-62.52,-2.752720196,219.9888416,-1.252136945,0.7501998084
0.266,-1.76,-1.76,-3.004443059,-62.47,-2.751364047,209.7902671,-1.506093534,0.7056894878
0.267,-1.77,-1.77,-3.022555262,-62.93,-2.763805788,203.8529385,-1.659689142,0.6832957447
0.268,-1.74,-1.74,-2.968253959,-61.99,-2.738297715,194.848149,-1.901393112,0.639752533
0.269,-1.68,-1.68,-2.859969101,-60.24,-2.689922246,189.7911343,-2.042078626,0.6043889632
0.27,-1.68,-1.68,-2.859969101,-60.28,-2.691041107,192.9468072,-1.953855165,0.615722921
0.271,-1.75,-1.75,-2.986342625,-62.42,-2.750006971,194.5425786,-1.909789829,0.6408740023
0.272,-1.82,-1.82,-3.113292801,-65.01,-2.819106472,190.0959263,-2.033493773,0.6415720736
0.273,-1.86,-1.86,-3.186094663,-66.44,-2.856243126,189.6455232,-2.046184814,0.6499013759
0.274,-1.88,-1.88,-3.222566205,-66.84,-2.866506201,192.3038172,-1.97171367,0.6660644391
0.275,-1.89,-1.89,-3.240819628,-67.15,-2.874423202,194.8823232,-1.900454864,0.6787230131
0.276,-1.84,-1.84,-3.149670195,-65.83,-2.840487587,196.2522821,-1.862977688,0.6696488677
0.277,-1.71,-1.71,-2.914058572,-61.82,-2.733649404,196.0051497,-1.869718967,0.6330274567
0.278,-1.53,-1.53,-2.591110478,-56.25,-2.575101615,197.8658897,-1.819169259,0.5896565214
0.279,-1.34,-1.34,-2.254357415,-50.55,-2.39929726,202.1464243,-1.704664112,0.5493125327
0.28,-1.2,-1.2,-2.00894208,-45.88,-2.243986856,207.1143973,-1.574771585,0.5260720496
0.281,-1.08,-1.08,-1.800421949,-41.97,-2.105487265,213.0534889,-1.42351654,0.510178523
0.282,-0.94,-0.94,-1.559290311,-37.35,-1.931184161,219.4909337,-1.264259498,0.487973026
0.283,-0.79,-0.79,-1.303494612,-32.09,-1.717706526,225.719734,-1.114549446,0.4602319229
0.284,-0.67,-0.67,-1.100764534,-27.9,-1.535443382,229.2422747,-1.031703101,0.4287891404
0.285,-0.66,-0.66,-1.083946855,-27.39,-1.512486738,229.9160148,-1.016002581,0.4286934681
0.286,-0.73,-0.73,-1.201917742,-30.11,-1.632970217,228.143836,-1.057399808,0.4467481167
0.287,-0.78,-0.78,-1.286535713,-31.72,-1.702058465,228.6095847,-1.04648908,0.4680783911
0.288,-0.75,-0.75,-1.235729625,-30.66,-1.656755457,231.1776812,-0.9867246619,0.4674631809
0.289,-0.7,-0.7,-1.15128818,-28.91,-1.580405513,233.2800028,-0.9382918437,0.4570966721
0.29,-0.7,-0.7,-1.15128818,-28.99,-1.583938602,231.5631865,-0.9778105842,0.4494148709
0.291,-0.79,-0.79,-1.303494612,-32.19,-1.721921151,222.8095787,-1.183974337,0.4485689928
0.292,-0.93,-0.93,-1.542154886,-37.41,-1.93352497,213.7351713,-1.406426096,0.4617297845
0.293,-1.07,-1.07,-1.783121766,-42.77,-2.134478977,207.9104389,-1.554248343,0.4833975546
0.294,-1.16,-1.16,-1.939247075,-46.05,-2.249829309,206.5550627,-1.589239379,0.5051347691
0.295,-1.17,-1.17,-1.956653174,-46.44,-2.26317747,209.3843817,-1.516454311,0.5176835436
0.296,-1.12,-1.12,-1.869740365,-44.97,-2.212462562,212.0801613,-1.448013832,0.5107915374
0.297,-1.07,-1.07,-1.783121766,-43.07,-2.145262831,213.5506206,-1.411047574,0.5013965494
0.298,-1.02,-1.02,-1.696797377,-41.41,-2.08498816,215.5093774,-1.362199294,0.4922266048
0.299,-0.96,-0.96,-1.593596467,-39.46,-2.012268357,220.7592385,-1.233434072,0.4909866207
0.3,-0.92,-0.92,-1.525031229,-38.06,-1.958751168,228.8711577,-1.040371157,0.5084925066
0.301,-0.94,-0.94,-1.559290311,-39.15,-2.00051341,235.1837808,-0.8948081463,0.5385551418
0.302,-1.04,-1.04,-1.731291827,-42.79,-2.135199388,237.6527374,-0.8389366679,0.58211588
0.303,-1.11,-1.11,-1.852393108,-45.58,-2.233640897,237.6155492,-0.8397739085,0.6027149686
0.304,-1.07,-1.07,-1.783121766,-44.22,-2.186161207,239.178897,-0.8046898546,0.5961920969
0.305,-0.93,-0.93,-1.542154886,-39.42,-2.010754615,243.266171,-0.7140373005,0.5659716168
0.306,-0.78,-0.78,-1.286535713,-34.34,-1.811052112,247.6849409,-0.6177301256,0.529704019
0.307,-0.69,-0.69,-1.134435196,-31.24,-1.681631171,245.6755918,-0.661309117,0.4841929613
0.308,-0.65,-0.65,-1.067140945,-29.84,-1.621223509,235.073605,-0.8973150327,0.4237143595
0.309,-0.63,-0.63,-1.03356443,-29.1,-1.588789859,227.6990232,-1.067840902,0.3890508403
0.31,-0.63,-0.63,-1.03356443,-29.03,-1.585703598,228.0664272,-1.059215361,0.3907735721
0.311,-0.62,-0.62,-1.016793825,-28.79,-1.575098129,232.8572529,-0.9479959051,0.4029948195
0.312,-0.56,-0.56,-0.9164173312,-26.32,-1.463765073,237.3469796,-0.8458242691,0.396787998
0.313,-0.41,-0.41,-0.6673296202,-20.31,-1.175625491,241.9417847,-0.7432432703,0.3477724135
0.314,-0.28,-0.28,-0.4535954528,-14.96,-0.8974163772,249.3442984,-0.5820074956,0.3066027669
0.315,-0.26,-0.26,-0.4208897992,-14.15,-0.8534295104,255.0519542,-0.4609230829,0.3202259434
0.316,-0.34,-0.34,-0.5519948552,-17.67,-1.04098144,256.3271687,-0.4342406803,0.3741774527
0.317,-0.55,-0.55,-0.899729105,-26.61,-1.477045032,259.2811247,-0.3729389606,0.486344265
0.318,-0.71,-0.71,-1.168152932,-33.64,-1.782341839,254.1961975,-0.478903719,0.5165971152
0.319,-0.69,-0.69,-1.134435196,-32.72,-1.744155528,244.2526514,-0.6923861268,0.465592367
0.32,-0.46,-0.46,-0.7500646472,-24.25,-1.367332459,241.2513482,-0.7585325507,0.3528279753
0.321,-0.03,-0.03,-0.0481581978,-5.28,-0.3378816095,248.5687175,-0.5986745073,0.05142051494
0.322,0.36,0.36,0.5696369568,7.55,0.5262015464,252.2828799,-0.5193251227,82.83913018
0.323,0.57,0.57,0.8948817942,13.17,0.9526555674,255.7990567,-0.4452746809,1.763727838
0.324,0.63,0.63,0.9868556502,14.89,1.089358412,258.6373304,-0.3862395156,1.403540219
0.325,0.57,0.57,0.8948817942,13.51,0.9794444752,260.372532,-0.3504661563,1.422754596
0.326,0.47,0.47,0.7406505622,10.93,0.7790117743,262.3210618,-0.3105778431,1.581120651
0.327,0.39,0.39,0.6164182518,9.06,0.6377907968,264.531056,-0.2656941352,1.656607853
0.328,0.26,0.26,0.4129343608,5.62,0.3867063448,266.6335333,-0.2233407382,2.527670111
0.329,0.02,0.02,0.0320466232,-0.56,-0.03698152532,270.4863092,-0.1465880185,-0.1745748371
0.33,-0.22,-0.22,-0.3556197128,-9.26,-0.5770373704,272.1765298,-0.1132608439,0.5151682352
0.331,-0.38,-0.38,-0.6178298248,-14.55,-0.875214026,269.1335084,-0.1734124571,0.5891800701
0.332,-0.41,-0.41,-0.6673296202,-15.45,-0.9237833285,269.1870934,-0.1723473686,0.6088047912
0.333,-0.41,-0.41,-0.6673296202,-15.7,-0.9371658512,273.589815,-0.08555267574,0.6525056529
0.334,-0.58,-0.58,-0.9498290888,-21.37,-1.228273985,282.5418272,0.08669935441,0.8320341597
0.335,-0.99,-0.99,-1.645143964,-34.86,-1.832188857,290.0202514,0.2264635696,1.02454883
0.336,-1.45,-1.45,-2.448801905,-49.71,-2.372139063,285.5781535,0.1438862202,1.098978472
0.337,-1.79,-1.79,-3.058814972,-60.91,-2.708581485,276.7540644,-0.02403143015,1.119373679
0.338,-1.96,-1.96,-3.368923107,-66.56,-2.859327706,261.0794778,-0.3359598841,1.054341123
0.339,-2.04,-2.04,-3.516033187,-68.87,-2.917776295,245.716509,-0.660418149,0.9826277589
0.34,-2.15,-2.15,-3.719539345,-72.67,-3.01027816,238.551305,-0.8187464043,0.9714064985
0.341,-2.24,-2.24,-3.887103539,-75.46,-3.075529277,239.0508783,-0.8075541697,1.001035283
0.342,-2.27,-2.27,-3.943170102,-76.49,-3.099089112,242.6207981,-0.7282494418,1.030264255
0.343,-2.26,-2.26,-3.924469479,-76.1,-3.090200805,234.5465928,-0.909322677,0.9812342638
0.344,-2.15,-2.15,-3.719539345,-73.09,-3.020239435,212.3754493,-1.440569986,0.833826105
0.345,-2.04,-2.04,-3.516033187,-69.82,-2.941315025,203.4074388,-1.671393812,0.762249106
0.346,-1.96,-1.96,-3.368923107,-67.19,-2.875442418,203.6637181,-1.664657426,0.7420372289
0.347,-1.96,-1.96,-3.368923107,-67.39,-2.880530545,208.3937827,-1.541825261,0.7617937712
0.348,-2.04,-2.04,-3.516033187,-69.84,-2.941807541,213.9895854,-1.40006165,0.8097971248
0.349,-2.08,-2.08,-3.589870669,-71.17,-2.9742845,219.0373873,-1.27532594,0.8447528826
0.35,-2.08,-2.08,-3.589870669,-71.35,-2.978638763,222.1132134,-1.20072132,0.8589522314
0.351,-2.11,-2.11,-3.645372348,-72.16,-2.998114182,221.974584,-1.204061504,0.8674964164
0.352,-2.15,-2.15,-3.719539345,-73.59,-3.032032904,220.0570887,-1.250477471,0.8685418175
0.353,-2.16,-2.16,-3.738110515,-74.06,-3.04305502,216.4657625,-1.338509649,0.8531451199
0.354,-2.15,-2.15,-3.719539345,-73.58,-3.031797723,212.6051707,-1.43478615,0.832748125
0.355,-2.1,-2.1,-3.62686002,-72.19,-2.998831796,209.9651838,-1.501634725,0.805885346
0.356,-2.07,-2.07,-3.571393646,-71.39,-2.979605064,208.0686722,-1.550178194,0.7884248412
0.357,-2.21,-2.21,-3.831142892,-75.92,-3.086085252,203.8292653,-1.660310467,0.8071688747
0.358,-2.42,-2.42,-4.225091649,-83.01,-3.242298582,199.2457918,-1.781988253,0.8409336065
0.359,-2.47,-2.47,-4.319653918,-84.63,-3.276458879,193.5358711,-1.937546573,0.8284713082
0.36,-2.23,-2.23,-3.868438222,-77.66,-3.125522543,188.6552188,-2.07419502,0.7439708359
0.361,-1.77,-1.77,-3.022555262,-64.11,-2.795368408,185.5639203,-2.162586132,0.6096375506
0.362,-1.38,-1.38,-2.324899745,-52.24,-2.452940514,185.5629659,-2.162613649,0.5037097741
0.363,-1.2,-1.2,-2.00894208,-46.57,-2.267609861,188.0147675,-2.092388228,0.4607667341
0.364,-1.15,-1.15,-1.921852745,-44.76,-2.205127484,193.9426802,-1.926312768,0.4651774268
0.365,-1.19,-1.19,-1.991500676,-46.23,-2.25599952,199.1559194,-1.784401985,0.4928967267
0.366,-1.35,-1.35,-2.271975345,-51.76,-2.437838289,203.9879465,-1.656147109,0.554954433
0.367,-1.61,-1.61,-2.734172228,-61.18,-2.716052075,206.0708119,-1.601796724,0.633225561
0.368,-1.85,-1.85,-3.167876545,-69.67,-2.937617192,205.9663154,-1.604510344,0.697443328
0.369,-1.93,-1.93,-3.313951006,-72.34,-3.002415946,206.0191071,-1.603139249,0.7195551602
0.37,-1.81,-1.81,-3.095121756,-68.99,-2.920765311,204.0833103,-1.653646585,0.6766163228
0.371,-1.57,-1.57,-2.662547206,-61.78,-2.732554106,202.5381016,-1.694308024,0.6014524798
0.372,-1.35,-1.35,-2.271975345,-54.9,-2.534758516,200.7982571,-1.740464169,0.5314285388
0.373,-1.23,-1.23,-2.061336902,-51.14,-2.418174768,200.4781923,-1.748998671,0.4946606932
0.374,-1.19,-1.19,-1.991500676,-49.98,-2.380904825,204.075113,-1.65386148,0.4935851362
0.375,-1.2,-1.2,-2.00894208,-50.12,-2.385436447,211.9064847,-1.452396848,0.5234573588
0.376,-1.19,-1.19,-1.991500676,-50.03,-2.382524325,218.7649529,-1.281984306,0.5434564022
0.377,-1.16,-1.16,-1.939247075,-49.06,-2.350893876,224.2352898,-1.149849885,0.5539528762
0.378,-1.1,-1.1,-1.83505762,-47.09,-2.28525493,227.8915797,-1.063318522,0.5480117568
0.379,-1.03,-1.03,-1.714038718,-44.92,-2.210718174,229.1745177,-1.033284633,0.5283715274
0.38,-1.01,-1.01,-1.679567804,-44.08,-2.181219309,228.8900691,-1.039929111,0.5214189429
0.381,-1.03,-1.03,-1.714038718,-45.02,-2.214205664,227.461383,-1.073427396,0.5213594968
0.382,-1.06,-1.06,-1.765833351,-46.22,-2.255657159,226.3396725,-1.099875829,0.5262452664
0.383,-1.05,-1.05,-1.748556705,-45.65,-2.236059045,229.037009,-1.036495688,0.5343093845
0.384,-0.97,-0.97,-1.610767198,-43.03,-2.143827743,234.657414,-0.9067954471,0.5280125068
0.385,-0.85,-0.85,-1.405495145,-39.3,-2.006208015,239.0241071,-0.8081533473,0.4994010947
0.386,-0.73,-0.73,-1.201917742,-35.16,-1.844309623,240.3703995,-0.7781042614,0.4583249612
0.387,-0.6,-0.6,-0.98328792,-30.38,-1.644670562,242.6019104,-0.7286659473,0.4143061534
0.388,-0.47,-0.47,-0.7666469578,-25.64,-1.432405519,245.3018554,-0.6694540538,0.3647469925
0.389,-0.39,-0.39,-0.6343179882,-22.64,-1.290306744,246.1442834,-0.6511122909,0.3267290455
0.39,-0.39,-0.39,-0.6343179882,-22.47,-1.282068703,247.7401258,-0.6165382624,0.3340965244
0.391,-0.44,-0.44,-0.7169353312,-24.96,-1.40073495,251.1461126,-0.5434862884,0.3687519286
0.392,-0.47,-0.47,-0.7666469578,-26.18,-1.457333993,255.9464007,-0.4421938894,0.4035986863
0.393,-0.38,-0.38,-0.6178298248,-22.64,-1.290306744,261.8979023,-0.3192150881,0.3838592385
0.394,-0.21,-0.21,-0.3393316122,-15.61,-0.9323535792,266.904607,-0.2179044095,0.2950047863
0.395,-0.01,-0.01,-0.0160409642,-5.96,-0.3796700283,265.1799605,-0.2525864582,0.02537097609
0.396,0.22,0.22,0.3499238072,3.24,0.2194440285,265.678616,-0.242535541,-15.15378461
0.397,0.46,0.46,0.7251627128,9.5,0.6707161892,269.7071637,-0.1620211234,1.425535181
0.398,0.66,0.66,1.032683705,14.87,1.087751843,273.8899761,-0.07968629791,1.02442119
0.399,0.75,0.75,1.169532375,16.53,1.222470909,276.7793846,-0.02354198085,0.9754809874
0.4,0.75,0.75,1.169532375,16.46,1.216733581,279.2486882,0.02397670216,0.9426313228
0.401,0.79,0.79,1.230048028,17.31,1.286739346,281.9160475,0.07483691876,0.903400022
0.402,0.9,0.9,1.39549518,19.36,1.45863237,281.2671458,0.06250833469,0.9174004585
0.403,0.96,0.96,1.485138893,20.45,1.55180694,277.7558159,-0.004701292118,0.9599466557
0.404,0.89,0.89,1.380513372,19.19,1.444212368,276.7871485,-0.02339191056,0.9716311197
0.405,0.72,0.72,1.124022067,16.3,1.203638408,278.5424101,0.01042829723,0.9258322155
0.406,0.58,0.58,0.9102401912,13.45,0.9747086845,280.3477119,0.04499107732,0.8926550984
0.407,0.51,0.51,0.8024842758,11.8,0.8458692314,282.6984874,0.08966493165,0.8577819042
0.408,0.48,0.48,0.7561266432,11.14,0.795082191,283.674074,0.1080958872,0.8371844505
0.409,0.44,0.44,0.6941517088,10.24,0.7265104923,281.4927808,0.06679843101,0.8750080686
0.41,0.38,0.38,0.6008362552,8.63,0.6057927298,279.8882139,0.03621507962,0.9358706333
0.411,0.29,0.29,0.4600687078,6.55,0.4534886908,281.6466131,0.06972134088,0.8793193555
0.412,0.19,0.19,0.3025423238,4.2,0.286285154,280.0423263,0.03916009266,0.9296258799
0.413,0.08,0.08,0.1279040512,1.66,0.1112559608,275.2878938,-0.05244967322,2.17500639
0.414,-0.02,-0.02,-0.0320936968,-1.38,-0.09063656521,270.0608996,-0.1550088996,0.1306504756
0.415,-0.14,-0.14,-0.2256444232,-5.37,-0.3434346626,270.5450627,-0.145426048,0.461572015
0.416,-0.3,-0.3,-0.48634818,-10.75,-0.6632546824,273.5010948,-0.08728786583,0.6479954816
0.417,-0.54,-0.54,-0.8830526472,-18.69,-1.09360443,273.0132381,-0.09683943281,0.7417843672
0.418,-0.88,-0.88,-1.456654285,-29.41,-1.602419676,273.0701627,-0.09572404649,0.8577921087
0.419,-1.24,-1.24,-2.078825379,-40.9,-2.066171118,273.7221838,-0.0829648536,0.9672842511
0.42,-1.54,-1.54,-2.608952007,-50.22,-2.388667655,272.7807481,-0.1013972757,1.047744569
0.421,-1.73,-1.73,-2.950177062,-56.29,-2.576285143,271.6328919,-0.1239574737,1.092559996
0.422,-1.84,-1.84,-3.149670195,-59.7,-2.674756488,268.7814543,-0.1804153842,1.103145568
0.423,-1.92,-1.92,-3.295650509,-62.49,-2.751906617,268.7676889,-0.1806893879,1.123799699
0.424,-2.05,-2.05,-3.534474905,-66.55,-2.859070843,269.2319711,-0.1714555139,1.166290766
0.425,-2.23,-2.23,-3.868438222,-72.07,-2.995959763,269.4948129,-0.1662350438,1.223339629
0.426,-2.41,-2.41,-4.2062145,-78.1,-3.13537541,268.9995254,-0.1760765155,1.270202496
0.427,-2.57,-2.57,-4.509661086,-83.16,-3.245483348,260.3254293,-0.3514340863,1.253757187
0.428,-2.68,-2.68,-4.720028221,-86.71,-3.319596321,252.361072,-0.5176672116,1.230050577
0.429,-2.75,-2.75,-4.854639625,-88.99,-3.366029317,245.3044954,-0.6693964746,1.20300555
0.43,-2.8,-2.8,-4.95114368,-90.32,-3.392740913,232.9069494,-0.946854229,1.140922947
0.431,-2.81,-2.81,-4.970479796,-90.84,-3.403114974,223.5982826,-1.165069783,1.088064529
0.432,-2.81,-2.81,-4.970479796,-90.81,-3.402517497,223.0635663,-1.177879178,1.085163611
0.433,-2.82,-2.82,-4.989827681,-91.13,-3.408884206,218.9724588,-1.276912056,1.064883619
0.434,-2.86,-2.86,-5.067336903,-92.37,-3.433426305,211.1968805,-1.470342279,1.033355636
0.435,-2.91,-2.91,-5.16448822,-94.07,-3.466761943,207.9702637,-1.552709139,1.02889092
0.436,-2.95,-2.95,-5.242421105,-95.36,-3.491840255,209.029611,-1.525526779,1.044855014
0.437,-2.92,-2.92,-5.183953789,-94.55,-3.47611418,208.3971174,-1.541739654,1.033101792
0.438,-2.74,-2.74,-4.835374119,-89.21,-3.37046598,205.2942408,-1.621996109,0.9685349697
0.439,-2.46,-2.46,-4.300717927,-81.05,-3.20025567,201.5219512,-1.721216975,0.8738680955
0.44,-2.25,-2.25,-3.905780625,-74.91,-3.062834544,200.8636924,-1.738721019,0.8134406807
0.441,-2.18,-2.18,-3.775288161,-72.96,-3.017161559,201.4683606,-1.722639888,0.7965076604
0.442,-2.21,-2.21,-3.831142892,-73.76,-3.036026711,201.6592834,-1.717572326,0.8059457396
0.443,-2.17,-2.17,-3.756693454,-72.62,-3.009088933,201.8334765,-1.712952995,0.7955654591
0.444,-2.03,-2.03,-3.497603238,-68.56,-2.910033422,201.3199219,-1.726583135,0.7543438614
0.445,-1.92,-1.92,-3.295650509,-65.14,-2.822511737,199.8377798,-1.766116197,0.7182213411
0.446,-1.9,-1.9,-3.25908482,-64.47,-2.804898025,199.7193315,-1.769288203,0.7124950006
0.447,-1.93,-1.93,-3.313951006,-65.7,-2.837113405,200.7505356,-1.741735796,0.7237519429
0.448,-1.96,-1.96,-3.368923107,-66.47,-2.857014727,202.69903,-1.690058825,0.740899189
0.449,-1.93,-1.93,-3.313951006,-65.76,-2.838671442,205.4033408,-1.619153699,0.7434008515
0.45,-1.88,-1.88,-3.222566205,-64.02,-2.792978784,205.3638941,-1.62018124,0.7302173925
0.451,-1.82,-1.82,-3.113292801,-62.43,-2.750278461,202.4414478,-1.696861723,0.7000662611
0.452,-1.83,-1.83,-3.131475614,-62.72,-2.758135543,202.5646238,-1.693607494,0.7034268573
0.453,-1.87,-1.87,-3.20432455,-63.9,-2.789788106,203.8509017,-1.659742596,0.7201488796
0.454,-1.93,-1.93,-3.313951006,-65.98,-2.844373667,201.623295,-1.718527181,0.7262816169
0.455,-2.05,-2.05,-3.534474905,-69.74,-2.939343718,197.6371166,-1.825358523,0.7418039419
0.456,-2.18,-2.18,-3.775288161,-74.19,-3.046092902,193.4358335,-1.940312674,0.7571161438
0.457,-2.3,-2.3,-3.99934258,-78.21,-3.137831261,193.5902495,-1.936043579,0.7882225529
0.458,-2.34,-2.34,-4.074403975,-79.37,-3.16355341,200.5816516,-1.746238447,0.829852689
0.459,-2.27,-2.27,-3.943170102,-77.42,-3.120128207,205.7424504,-1.610328428,0.8335707113
0.46,-2.19,-2.19,-3.793894636,-75.13,-3.067922116,204.0801454,-1.653729552,0.8035100645
0.461,-2.15,-2.15,-3.719539345,-73.97,-3.040949143,198.0312876,-1.814699015,0.7660232423
0.462,-2.17,-2.17,-3.756693454,-74.45,-3.052154758,192.5362246,-1.96525187,0.7487321105
0.463,-2.21,-2.21,-3.831142892,-75.69,-3.080814204,192.2730483,-1.972569744,0.7581341397
0.464,-2.23,-2.23,-3.868438222,-76.34,-3.095675163,196.7560962,-1.849260896,0.7823029813
0.465,-2.2,-2.2,-3.81251288,-75.46,-3.075529277,203.8212906,-1.660519787,0.8049986028
0.466,-2.1,-2.1,-3.62686002,-72.73,-3.011704286,209.0041147,-1.526179384,0.7992404134
0.467,-1.97,-1.97,-3.387270678,-68.64,-2.912034524,207.5135097,-1.564471979,0.7566772605
0.468,-1.83,-1.83,-3.131475614,-64.47,-2.804898025,204.2295012,-1.649815592,0.7029577841
0.469,-1.71,-1.71,-2.914058572,-60.92,-2.708858671,203.3876204,-1.671915098,0.6651926636
0.47,-1.6,-1.6,-2.71624832,-57.64,-2.615837232,204.7187612,-1.637014257,0.6386887309
0.471,-1.49,-1.49,-2.519862044,-54.11,-2.51078581,210.282756,-1.493548968,0.62928356
0.472,-1.35,-1.35,-2.271975345,-49.92,-2.378959864,222.2435266,-1.19758341,0.635243354
0.473,-1.21,-1.21,-2.026395252,-45.39,-2.227064769,236.3635775,-0.8680370256,0.6547103735
0.474,-1.1,-1.1,-1.83505762,-41.67,-2.094526705,244.6256537,-0.6842222849,0.6603898469
0.475,-1.04,-1.04,-1.731291827,-39.86,-2.02735664,241.0235142,-0.7635873941,0.6203248097
0.476,-1.05,-1.05,-1.748556705,-39.98,-2.031865753,234.1772624,-0.9177537316,0.5928075517
0.477,-1.07,-1.07,-1.783121766,-40.7,-2.058753072,233.1777109,-0.9406383002,0.5944945305
0.478,-1.06,-1.06,-1.765833351,-40.49,-2.050940481,237.1034768,-0.8513158436,0.6084346638
0.479,-1.02,-1.02,-1.696797377,-39.1,-1.9986124,237.8227345,-0.8351110893,0.5987872081
0.48,-0.96,-0.96,-1.593596467,-37.01,-1.917880312,227.9233201,-1.062573432,0.5346825028
0.481,-0.89,-0.89,-1.473730868,-34.78,-1.828947586,220.5455227,-1.238615885,0.4804239202
0.482,-0.83,-0.83,-1.371447894,-32.6,-1.739136492,222.6130283,-1.188695896,0.4684174885
0.483,-0.77,-0.77,-1.269588582,-30.33,-1.642507322,225.545835,-1.118672781,0.4597992649
0.484,-0.7,-0.7,-1.15128818,-27.85,-1.533200271,229.8592966,-1.01732254,0.4513930146
0.485,-0.64,-0.64,-1.050346803,-25.33,-1.418006195,231.5697732,-0.9776584082,0.4384364998
0.486,-0.58,-0.58,-0.9498290888,-23.23,-1.318741538,232.0913053,-0.965622902,0.4157957776
0.487,-0.54,-0.54,-0.8830526472,-21.63,-1.241065966,232.2368168,-0.962269729,0.4007798944
0.488,-0.52,-0.52,-0.8497350368,-20.78,-1.19906837,233.3316327,-0.9371079028,0.3977832015
0.489,-0.57,-0.57,-0.9331173258,-22.66,-1.2912746,239.1388096,-0.8055866121,0.4450067179
0.49,-0.78,-0.78,-1.286535713,-29.84,-1.621223509,244.566583,-0.6855143246,0.5577294889
0.491,-1.1,-1.1,-1.83505762,-41.24,-2.078731569,244.4695676,-0.6876370002,0.6633453113
0.492,-1.36,-1.36,-2.289605043,-50.33,-2.392216543,244.9979731,-0.6760857931,0.7462123326
0.493,-1.36,-1.36,-2.289605043,-50.24,-2.389313331,243.0752827,-0.7182370346,0.7367877504
0.494,-1.11,-1.11,-1.852393108,-42.26,-2.116036381,239.7264862,-0.7924552737,0.6368913265
0.495,-0.83,-0.83,-1.371447894,-32.83,-1.748748536,238.5102395,-0.8196674619,0.5339664193
0.496,-0.71,-0.71,-1.168152932,-28.54,-1.564011148,238.0142607,-0.8308042972,0.487784115
0.497,-0.73,-0.73,-1.201917742,-29.19,-1.59275327,237.0253398,-0.8530792181,0.4914145788
0.498,-0.71,-0.71,-1.168152932,-28.69,-1.570668195,235.4411566,-0.8889565193,0.4749313689
0.499,-0.58,-0.58,-0.9498290888,-23.55,-1.334062883,232.3914323,-0.9587090622,0.4142710707
0.5,-0.42,-0.42,-0.6838530888,-17.19,-1.015952553,230.478464,-1.002930728,0.3387283927
0.501,-0.42,-0.42,-0.6838530888,-16.9,-1.000748161,229.4809793,-1.02613517,0.3373914414
0.502,-0.61,-0.61,-1.000034988,-23.62,-1.337405003,230.4779819,-1.002941918,0.4273020291
0.503,-0.91,-0.91,-1.50791934,-33.64,-1.782341839,231.4457692,-0.9805240626,0.5457808644
0.504,-1.16,-1.16,-1.939247075,-41.92,-2.103663878,232.4207206,-0.9580348448,0.6333892556
0.505,-1.29,-1.29,-2.166444292,-46.47,-2.264201082,233.6357606,-0.9301391758,0.6782133766
0.506,-1.36,-1.36,-2.289605043,-48.63,-2.336727903,234.500566,-0.9103726496,0.7051229262
0.507,-1.4,-1.4,-2.36024152,-50.16,-2.386729496,235.970622,-0.8769388279,0.7231866984
0.508,-1.47,-1.47,-2.484308438,-52.34,-2.456073599,237.3739488,-0.8452163949,0.7525265707
0.509,-1.56,-1.56,-2.644670371,-55.3,-2.546793344,238.2043781,-0.8265326109,0.7839949079
0.51,-1.65,-1.65,-2.805985545,-58.35,-2.636337365,237.8424405,-0.8346678046,0.8084071926
0.511,-1.71,-1.71,-2.914058572,-60.4,-2.694393962,234.9726584,-0.8996129525,0.8108105081
0.512,-1.72,-1.72,-2.932111933,-60.78,-2.704974573,235.775378,-0.8813672925,0.8175773651
0.513,-1.69,-1.69,-2.877987156,-59.84,-2.678699315,239.1042497,-0.8063598408,0.8258072611
0.514,-1.65,-1.65,-2.805985545,-58.49,-2.640355486,239.4383666,-0.7988891355,0.8158726273
0.515,-1.55,-1.55,-2.626805305,-55.59,-2.555475594,239.6797373,-0.7934986759,0.7843611487
0.516,-1.39,-1.39,-2.342564748,-50.59,-2.400582225,242.0024736,-0.7419014377,0.7454500961
0.517,-1.23,-1.23,-2.061336902,-45.29,-2.223596247,245.1380859,-0.673027036,0.7116344447
0.518,-1.12,-1.12,-1.869740365,-41.74,-2.097088518,246.0350928,-0.653486099,0.6797635496
0.519,-1.11,-1.11,-1.852393108,-41.35,-2.082781747,245.5571937,-0.6638880562,0.6744141965
0.52,-1.14,-1.14,-1.904470183,-42.57,-2.127263144,246.5846212,-0.6415500028,0.687829074
0.521,-1.15,-1.15,-1.921852745,-42.85,-2.137359345,245.2222613,-0.6711902706,0.6842865564
0.522,-1.13,-1.13,-1.88709939,-42.27,-2.116399338,243.3815919,-0.711499523,0.6673150217
0.523,-1.11,-1.11,-1.852393108,-41.48,-2.087559837,243.0267912,-0.7193044223,0.6599510831
0.524,-1.1,-1.1,-1.83505762,-41.04,-2.071350716,240.2292102,-0.78124768,0.6432933646
0.525,-1.09,-1.09,-1.8177339,-41.01,-2.070241704,236.4059121,-0.8670788846,0.6188408262
0.526,-1.1,-1.1,-1.83505762,-41.32,-2.081677806,233.7929,-0.9265420657,0.6100144598
0.527,-1.12,-1.12,-1.869740365,-42.02,-2.107309305,230.3270758,-1.006445993,0.600477618
0.528,-1.16,-1.16,-1.939247075,-43.34,-2.15492753,226.7572487,-1.090014658,0.5976214561
0.529,-1.22,-1.22,-2.043860193,-45.37,-2.226371474,223.6914572,-1.162840875,0.6030487272
0.53,-1.29,-1.29,-2.166444292,-47.85,-2.31080256,221.7119036,-1.210396338,0.6152575742
0.531,-1.37,-1.37,-2.30724651,-50.37,-2.393505636,221.0567653,-1.2262285,0.6374077275
0.532,-1.44,-1.44,-2.431066291,-52.79,-2.470116445,219.6483757,-1.260423291,0.6516661029
0.533,-1.51,-1.51,-2.555462724,-55.15,-2.542288365,211.3245682,-1.467108693,0.6373683343
0.534,-1.58,-1.58,-2.680435809,-57.57,-2.613804938,200.3674422,-1.751954987,0.6139677524
0.535,-1.64,-1.64,-2.788014563,-59.78,-2.677010475,194.0634931,-1.922981123,0.6060912295
0.536,-1.69,-1.69,-2.877987156,-61.26,-2.718260238,195.4870431,-1.883879515,0.6253584877
0.537,-1.7,-1.7,-2.89601698,-61.84,-2.734196827,199.3120421,-1.780209644,0.6415055885
0.538,-1.7,-1.7,-2.89601698,-61.74,-2.731458205,202.4853308,-1.695702136,0.6541477508
0.539,-1.69,-1.69,-2.877987156,-61.46,-2.723769997,205.870238,-1.60700655,0.664542981
0.54,-1.68,-1.68,-2.859969101,-61.16,-2.715499653,209.4932939,-1.513672208,0.6762480208
0.541,-1.66,-1.66,-2.823968295,-60.67,-2.701917495,212.1854809,-1.445357666,0.6809213725
0.542,-1.65,-1.65,-2.805985545,-60.08,-2.685440571,209.3379305,-1.517641322,0.6676019206
0.543,-1.64,-1.64,-2.788014563,-59.9,-2.680386743,204.8317716,-1.634061724,0.6462041636
0.544,-1.66,-1.66,-2.823968295,-60.64,-2.701082938,204.6076526,-1.639918691,0.6505338023
0.545,-1.71,-1.71,-2.914058572,-62.38,-2.748920643,207.8826672,-1.554963018,0.6770765201
0.546,-1.79,-1.79,-3.058814972,-64.97,-2.818057509,210.0277747,-1.500040123,0.7083709617
0.547,-1.85,-1.85,-3.167876545,-67.14,-2.874168314,210.1113221,-1.497912358,0.7245695546
0.548,-1.85,-1.85,-3.167876545,-67.29,-2.877988138,208.1014358,-1.549335822,0.7155285165
0.549,-1.78,-1.78,-3.040679233,-65.13,-2.822250003,204.448215,-1.644089229,0.6807989889
0.55,-1.64,-1.64,-2.788014563,-60.83,-2.706362615,206.6011643,-1.588045431,0.6492197605
0.551,-1.49,-1.49,-2.519862044,-56.22,-2.574213526,213.8757507,-1.402908412,0.6335893351
0.552,-1.4,-1.4,-2.36024152,-53.46,-2.490856045,218.8301683,-1.28038967,0.6258519593
0.553,-1.39,-1.39,-2.342564748,-53.15,-2.481285067,222.6525669,-1.187745759,0.6384696285
0.554,-1.45,-1.45,-2.448801905,-55.34,-2.547993038,222.1292977,-1.200333915,0.6533053107
0.555,-1.53,-1.53,-2.591110478,-58.03,-2.627123284,223.4913822,-1.167628184,0.6828142765
0.556,-1.56,-1.56,-2.644670371,-58.98,-2.6543568,229.319247,-1.029907043,0.7178287127
0.557,-1.52,-1.52,-2.573280717,-57.89,-2.62307903,241.2947566,-0.7575700104,0.7611794912
0.558,-1.44,-1.44,-2.431066291,-55.41,-2.550090852,245.7777969,-0.6590838903,0.7575362784
0.559,-1.36,-1.36,-2.289605043,-52.76,-2.469183099,236.8922452,-0.8560841968,0.6885476684
0.56,-1.3,-1.3,-2.18400338,-50.88,-2.409875854,229.8982077,-1.016416957,0.6374246162
0.561,-1.23,-1.23,-2.061336902,-48.94,-2.346949549,229.3905832,-1.028243035,0.61073164
0.562,-1.12,-1.12,-1.869740365,-45.31,-2.224290361,232.3915148,-0.958707163,0.5874149605
0.563,-0.96,-0.96,-1.593596467,-39.97,-2.031490299,237.7730324,-0.8362292908,0.5557016358
0.564,-0.8,-0.8,-1.32046528,-34.4,-1.813499243,244.5798904,-0.6852232272,0.5284561593
0.565,-0.69,-0.69,-1.134435196,-30.75,-1.660629365,249.5102179,-0.5784486662,0.5066528189
0.566,-0.68,-0.68,-1.117593981,-30.3,-1.641208617,252.2533344,-0.5199517132,0.5171268254
0.567,-0.72,-0.72,-1.185029453,-31.91,-1.710104579,253.8432103,-0.486338109,0.5395221369
0.568,-0.74,-0.74,-1.218817799,-32.67,-1.742065339,253.6781263,-0.4898185529,0.5460937299
0.569,-0.68,-0.68,-1.117593981,-30.5,-1.649855876,252.1524951,-0.5220908246,0.5145586585
0.57,-0.55,-0.55,-0.899729105,-25.72,-1.436110971,250.7884832,-0.5511100605,0.452757439
0.571,-0.42,-0.42,-0.6838530888,-20.36,-1.17812692,251.3566608,-0.5390029979,0.3982535518
0.572,-0.31,-0.31,-0.5027421962,-16.08,-0.9574170638,249.9948099,-0.568068117,0.3295621632
0.573,-0.23,-0.23,-0.3719195818,-12.03,-0.7359107627,247.990096,-0.611142826,0.2760985791
0.574,-0.14,-0.14,-0.2256444232,-7.7,-0.4848495626,249.6327264,-0.5758224806,0.2127372213
0.575,-0.11,-0.11,-0.1770978682,-6.21,-0.3949363368,251.3471592,-0.5392052377,0.1895835418
0.576,-0.18,-0.18,-0.2905379208,-8.82,-0.5512358423,251.4752793,-0.536478858,0.2671085724
0.577,-0.35,-0.35,-0.568435945,-14.63,-0.8795562528,251.9590477,-0.5261968349,0.4043640024
0.578,-0.58,-0.58,-0.9498290888,-22.24,-1.270890974,251.137833,-0.5436626654,0.5234505435
0.579,-0.84,-0.84,-1.388465635,-31.17,-1.678640148,251.2346181,-0.5416012457,0.6253669709
0.58,-1.15,-1.15,-1.921852745,-41.36,-2.083149618,248.0429969,-0.6100016926,0.7136074149
0.581,-1.43,-1.43,-2.413342446,-50.62,-2.401545457,233.9719819,-0.922445614,0.7260375839
0.582,-1.62,-1.62,-2.752107905,-56.79,-2.591022532,219.5918246,-1.261800888,0.7143093791
0.583,-1.71,-1.71,-2.914058572,-59.83,-2.67841794,210.1696253,-1.496428006,0.698003857
0.584,-1.73,-1.73,-2.950177062,-60.5,-2.697183742,209.0882238,-1.524026826,0.6988936026
0.585,-1.7,-1.7,-2.89601698,-59.52,-2.669675806,213.0156717,-1.424466255,0.7073562512
0.586,-1.62,-1.62,-2.752107905,-57.02,-2.597766639,218.3000941,-1.293364741,0.7072770451
0.587,-1.5,-1.5,-2.5376565,-53.27,-2.484995045,225.2687945,-1.125248285,0.7029045601
0.588,-1.37,-1.37,-2.30724651,-49.45,-2.363665212,235.2401764,-0.8935254033,0.7083547701
0.589,-1.27,-1.27,-2.131361422,-46.22,-2.255657159,246.2768332,-0.648232067,0.733967881
0.59,-1.18,-1.18,-1.974071041,-43.27,-2.152425566,247.9725246,-0.6115219138,0.7142216179
0.591,-1.1,-1.1,-1.83505762,-40.49,-2.050940481,238.547267,-0.8188369663,0.6394424841
0.592,-1.03,-1.03,-1.714038718,-38.21,-1.964538269,229.2424086,-1.031699977,0.5720635601
0.593,-0.99,-0.99,-1.645143964,-36.77,-1.908449051,229.5679737,-1.024107412,0.5609931079
0.594,-0.97,-0.97,-1.610767198,-36.08,-1.881147249,236.3258136,-0.8688918667,0.5857251952
0.595,-0.95,-0.95,-1.576437505,-35.62,-1.862790943,236.4853827,-0.8652807221,0.5778578053
0.596,-0.94,-0.94,-1.559290311,-35.27,-1.848740485,225.9294715,-1.109580563,0.5270862378
0.597,-0.95,-0.95,-1.576437505,-35.45,-1.855975496,216.6101825,-1.334941467,0.494039025
0.598,-0.98,-0.98,-1.627949697,-36.4,-1.893843543,217.1329397,-1.322045575,0.5062207174
0.599,-1.02,-1.02,-1.696797377,-37.82,-1.949465083,223.6382334,-1.164113974,0.544966852
0.6,-1.05,-1.05,-1.748556705,-38.91,-1.991375735,229.3601645,-1.028952527,0.5789293591
0.601,-1.06,-1.06,-1.765833351,-39.11,-1.998992715,232.2666576,-0.9615823342,0.5964494472
0.602,-1.04,-1.04,-1.731291827,-38.51,-1.97607405,235.3590164,-0.8908233422,0.6038904049
0.603,-1.01,-1.01,-1.679567804,-37.56,-1.939367923,238.0503518,-0.8299931166,0.6064820657
0.604,-0.98,-0.98,-1.627949697,-36.6,-1.901748321,239.7002862,-0.7930400135,0.6041104142
0.605,-0.95,-0.95,-1.576437505,-35.35,-1.851958417,243.0371732,-0.7190758766,0.6131530447
0.606,-0.89,-0.89,-1.473730868,-33.33,-1.769532425,246.4391185,-0.6447078188,0.6104325664
0.607,-0.81,-0.81,-1.337447716,-30.4,-1.645535415,250.1560741,-0.564618105,0.6051379256
0.608,-0.7,-0.7,-1.15128818,-26.56,-1.474759377,254.4828895,-0.4728731871,0.5911218579
0.609,-0.6,-0.6,-0.98328792,-22.53,-1.28497855,257.8289816,-0.4029866658,0.5825285443
0.61,-0.54,-0.54,-0.8830526472,-20.09,-1.164597913,258.4247538,-0.3906385418,0.5677931768
0.611,-0.56,-0.56,-0.9164173312,-20.64,-1.192101881,258.3600073,-0.3919791155,0.5785167131
0.612,-0.65,-0.65,-1.067140945,-23.64,-1.338359275,258.5693387,-0.3876461316,0.6182720756
0.613,-0.79,-0.79,-1.303494612,-27.89,-1.534994891,257.7386392,-0.4048616169,0.6719541404
0.614,-0.92,-0.92,-1.525031229,-31.89,-1.709258677,256.0386403,-0.4402661697,0.7094736454
0.615,-1.03,-1.03,-1.714038718,-35.15,-1.843906461,253.5150787,-0.4932582851,0.7333837808
0.616,-1.12,-1.12,-1.869740365,-37.88,-1.951789693,252.7710457,-0.5089829089,0.7598184259
0.617,-1.21,-1.21,-2.026395252,-40.76,-2.06098079,252.7294045,-0.5098643356,0.7882214422
0.618,-1.33,-1.33,-2.236751254,-44.39,-2.192148375,251.5459556,-0.5349754702,0.8201869006
0.619,-1.49,-1.49,-2.519862044,-49.49,-2.364970979,248.630925,-0.5973357696,0.8506418336
0.62,-1.74,-1.74,-2.968253959,-56.99,-2.596888221,246.3313378,-0.6470481668,0.9150160805
0.621,-2.06,-2.06,-3.552928391,-67.08,-2.872638292,244.7379358,-0.6817672204,0.9995844252
0.622,-2.38,-2.38,-4.149653665,-77.24,-3.11607308,242.8576205,-0.7230298472,1.080891485
0.623,-2.58,-2.58,-4.528726529,-83.43,-3.251204542,240.7755859,-0.7690934911,1.126465374
0.624,-2.62,-2.62,-4.605105985,-84.7,-3.277923508,239.2612072,-0.8028490413,1.128488768
0.625,-2.61,-2.61,-4.585993468,-84.48,-3.273317267,236.7420352,-0.8594776317,1.1096591
0.626,-2.72,-2.72,-4.796878413,-87.77,-3.341288916,229.1642082,-1.03352531,1.096475911
0.627,-2.89,-2.89,-5.125592388,-93.16,-3.448960281,216.3441976,-1.341514998,1.069954877
0.628,-2.93,-2.93,-5.203431126,-94.55,-3.47611418,205.1611316,-1.625466079,1.019964572
0.629,-2.84,-2.84,-5.028558755,-91.91,-3.424345348,201.04899,-1.733787895,0.9748795772
0.63,-2.74,-2.74,-4.835374119,-89.17,-3.369659862,202.3319512,-1.699756216,0.9538325607
0.631,-2.76,-2.76,-4.873916899,-89.61,-3.378513914,201.5589091,-1.720235909,0.9559043036
0.632,-2.83,-2.83,-5.009187334,-91.79,-3.421971932,198.6714442,-1.79743248,0.9597239337
0.633,-2.79,-2.79,-4.931819332,-90.68,-3.399926988,195.1981045,-1.891792904,0.9319879799
0.634,-2.65,-2.65,-4.662514145,-86.73,-3.320007373,193.9509856,-1.926083665,0.8887596709
0.635,-2.54,-2.54,-4.452535367,-83.47,-3.252050889,194.9173413,-1.899493616,0.864310764
0.636,-2.51,-2.51,-4.395515564,-82.46,-3.230581945,194.7417632,-1.904314973,0.8560085302
0.637,-2.51,-2.51,-4.395515564,-82.46,-3.230581945,194.695218,-1.90559383,0.8557953926
0.638,-2.47,-2.47,-4.319653918,-81.36,-3.206959587,193.8307144,-1.929402288,0.8409948564
0.639,-2.39,-2.39,-4.168495508,-79.11,-3.15781572,190.5435263,-2.020911465,0.8049266469
0.64,-2.34,-2.34,-4.074403975,-77.49,-3.121703027,189.5426847,-2.049086731,0.7879655075
0.641,-2.34,-2.34,-4.074403975,-77.55,-3.123051906,190.3685389,-2.025826944,0.7913186723
0.642,-2.37,-2.37,-4.13082359,-78.68,-3.148291635,190.9803276,-2.008661179,0.8010202418
0.643,-2.4,-2.4,-4.18734912,-79.51,-3.166636425,192.4460749,-1.967757442,0.8155488706
0.644,-2.41,-2.41,-4.2062145,-79.83,-3.173666348,194.7573774,-1.903886032,0.8283941129
0.645,-2.42,-2.42,-4.225091649,-80.02,-3.177829281,195.2444806,-1.890521978,0.8336225002
0.646,-2.42,-2.42,-4.225091649,-80.01,-3.177610384,192.5807904,-1.964013664,0.8217426263
0.647,-2.39,-2.39,-4.168495508,-79.38,-3.163773776,191.2365051,-2.001489598,0.8070247742
0.648,-2.34,-2.34,-4.074403975,-77.85,-3.129782997,193.0051544,-1.952237569,0.8017291394
0.649,-2.27,-2.27,-3.943170102,-75.61,-3.078977548,194.5934534,-1.908390935,0.7906313952
0.65,-2.19,-2.19,-3.793894636,-73.25,-3.024021012,192.8223615,-1.957306892,0.7616231474
0.651,-2.12,-2.12,-3.663896445,-71.31,-2.977671984,191.43753,-1.995868713,0.7366776845
0.652,-2.08,-2.08,-3.589870669,-70,-2.945743207,188.1609548,-2.088230055,0.7131286723
0.653,-2.07,-2.07,-3.571393646,-69.78,-2.94032962,188.2463648,-2.085802134,0.7105650668
0.654,-2.09,-2.09,-3.60835946,-70.45,-2.956769967,192.9651605,-1.953346294,0.734882693
0.655,-2.11,-2.11,-3.645372348,-70.92,-2.96822081,198.006458,-1.815369852,0.7620577524
0.656,-2.09,-2.09,-3.60835946,-70.46,-2.957014301,199.845016,-1.765922477,0.764007572
0.657,-2.04,-2.04,-3.516033187,-68.94,-2.919520444,195.0075953,-1.897016941,0.7299918813
0.658,-1.98,-1.98,-3.405630017,-67.23,-2.876461104,188.5771636,-2.076409015,0.6876073741
0.659,-1.93,-1.93,-3.313951006,-65.54,-2.832952579,185.4056468,-2.167151271,0.6627764354
0.66,-1.83,-1.83,-3.131475614,-62.6,-2.754888108,187.569381,-2.105076831,0.6443411944
0.661,-1.74,-1.74,-2.968253959,-59.99,-2.682915241,191.3119297,-1.999379947,0.6339314034
0.662,-1.73,-1.73,-2.950177062,-59.49,-2.668827782,191.7796166,-1.986317136,0.6337454824
0.663,-1.74,-1.74,-2.968253959,-59.98,-2.682634453,191.8028179,-1.985669938,0.6358312807
0.664,-1.76,-1.76,-3.004443059,-60.58,-2.699412781,191.0467883,-2.006799716,0.6383993627
0.665,-1.78,-1.78,-3.040679233,-61.13,-2.714670734,184.7504033,-2.186092235,0.6204501731
0.666,-1.83,-1.83,-3.131475614,-62.78,-2.759757269,178.6388368,-2.366064344,0.6109216923
0.667,-1.92,-1.92,-3.295650509,-65.81,-2.83996886,174.5199984,-2.490862495,0.6182244925
0.668,-1.96,-1.96,-3.368923107,-67.1,-2.873148433,175.6175222,-2.457322693,0.6320122608
0.669,-1.91,-1.91,-3.27736178,-65.49,-2.831650508,181.1258094,-2.292096458,0.6396416142
0.67,-1.81,-1.81,-3.095121756,-62.4,-2.749463881,188.770015,-2.070940549,0.6420875677
0.671,-1.75,-1.75,-2.986342625,-60.73,-2.70358557,194.5897002,-1.908494123,0.6475045585
0.672,-1.79,-1.79,-3.058814972,-61.88,-2.735291223,195.9685899,-1.870716967,0.6640923866
0.673,-1.85,-1.85,-3.167876545,-63.81,-2.787391706,197.6076238,-1.826156946,0.6866463938
0.674,-1.89,-1.89,-3.240819628,-65.1,-2.821464592,202.9933496,-1.682296241,0.7195807567
0.675,-1.89,-1.89,-3.240819628,-65.09,-2.821202718,211.3792795,-1.465723774,0.7559774197
0.676,-1.86,-1.86,-3.186094663,-64.26,-2.799344687,219.4999351,-1.264040097,0.7840986844
0.677,-1.85,-1.85,-3.167876545,-63.95,-2.791118183,220.3309885,-1.243822596,0.7851110386
0.678,-1.84,-1.84,-3.149670195,-63.66,-2.783391229,217.8449748,-1.304530242,0.7704820696
0.679,-1.82,-1.82,-3.113292801,-62.87,-2.762187372,223.7915064,-1.160448546,0.7936736586
0.68,-1.76,-1.76,-3.004443059,-61.19,-2.716328229,232.3321597,-0.9600737798,0.8172237563
0.681,-1.64,-1.64,-2.788014563,-57.52,-2.612352067,230.2579266,-1.008052419,0.7700837223
0.682,-1.45,-1.45,-2.448801905,-51.55,-2.4311979,223.9041514,-1.157756312,0.6823162848
0.683,-1.23,-1.23,-2.061336902,-44.77,-2.205477289,220.094713,-1.249562833,0.5966173558
0.684,-1.08,-1.08,-1.800421949,-39.53,-2.014915252,222.7164046,-1.186212056,0.5624337228
0.685,-1,-1,-1.66235,-37.09,-1.921016643,223.2955026,-1.172319262,0.5373971825
0.686,-1.01,-1.01,-1.679567804,-37.29,-1.928841275,221.054549,-1.226282137,0.5323303036
0.687,-1.05,-1.05,-1.748556705,-38.68,-1.982588323,222.449744,-1.192621504,0.5506901276
0.688,-1.09,-1.09,-1.8177339,-40.02,-2.033367014,225.8538317,-1.11137201,0.5780237681
0.689,-1.13,-1.13,-1.88709939,-41.18,-2.076519604,229.1665478,-1.03347069,0.6067862634
0.69,-1.16,-1.16,-1.939247075,-42.31,-2.11785063,233.0075736,-0.9445433348,0.6332454602
0.691,-1.2,-1.2,-2.00894208,-43.44,-2.15849728,237.4530777,-0.8434332642,0.6692167091
0.692,-1.23,-1.23,-2.061336902,-44.56,-2.198120546,240.6587236,-0.771690786,0.6940969212
0.693,-1.27,-1.27,-2.131361422,-45.69,-2.237439725,240.3835461,-0.7778116607,0.7068602744
0.694,-1.3,-1.3,-2.18400338,-46.81,-2.275770505,239.698879,-0.7930714229,0.7116702103
0.695,-1.34,-1.34,-2.254357415,-47.94,-2.313809104,239.3278346,-0.8013594275,0.7236710927
0.696,-1.37,-1.37,-2.30724651,-49.06,-2.350893876,237.9804113,-0.8315652055,0.7249885862
0.697,-1.41,-1.41,-2.37793006,-50.18,-2.387375738,238.6300915,-0.8169797493,0.7420930886
0.698,-1.44,-1.44,-2.431066291,-51.3,-2.423266207,240.5149957,-0.7748869061,0.7601469365
0.699,-1.48,-1.48,-2.502079357,-52.42,-2.458576799,240.4250392,-0.7768882655,0.7733291218
0.7,-1.51,-1.51,-2.555462724,-53.54,-2.49331903,238.3190624,-0.8239574557,0.7703496333
0.701,-1.55,-1.55,-2.626805305,-54.66,-2.527504417,235.536315,-0.8867946451,0.7693541946
0.702,-1.58,-1.58,-2.680435809,-55.77,-2.560846497,232.0033963,-0.9676497015,0.7596538746
0.703,-1.62,-1.62,-2.752107905,-56.89,-2.593957459,231.3956094,-0.9816836615,0.7696823624
0.704,-1.65,-1.65,-2.805985545,-58,-2.626257331,232.7578744,-0.9502796597,0.7845537604
0.705,-1.69,-1.69,-2.877987156,-59.11,-2.658055301,234.2821201,-0.9153586934,0.8053886732
0.706,-1.72,-1.72,-2.932111933,-60.23,-2.689642433,236.5997445,-0.8626941441,0.8254037502
0.707,-1.75,-1.75,-2.986342625,-61.34,-2.720465965,236.8208951,-0.8576958165,0.83460246
0.708,-1.79,-1.79,-3.058814972,-62.45,-2.750821328,234.6007473,-0.9080875577,0.8359910202
0.709,-1.82,-1.82,-3.113292801,-63.55,-2.780452385,233.2806535,-0.9382769189,0.8371926394
0.71,-1.86,-1.86,-3.186094663,-64.66,-2.809909008,229.7263852,-1.020416961,0.8318077073
0.711,-1.89,-1.89,-3.240819628,-65.79,-2.839449996,225.7426701,-1.114005841,0.8197434755
0.712,-1.93,-1.93,-3.313951006,-66.95,-2.86931913,224.3292789,-1.147607883,0.8249965696
0.713,-1.96,-1.96,-3.368923107,-68.13,-2.899242218,224.0878145,-1.153369637,0.8312967606
0.714,-2,-2,-3.442384,-69.31,-2.928713725,226.3269735,-1.100176005,0.8544249733
0.715,-2.04,-2.04,-3.516033187,-70.5,-2.957991332,225.9866197,-1.108227467,0.8646935545
0.716,-2.07,-2.07,-3.571393646,-71.69,-2.986837183,219.8651524,-1.255145839,0.8419160631
0.717,-2.11,-2.11,-3.645372348,-72.97,-3.017398489,203.9560705,-1.656983187,0.779861937
0.718,-2.15,-2.15,-3.719539345,-74.16,-3.045392265,192.3015021,-1.971778076,0.7413619815
0.719,-2.17,-2.17,-3.756693454,-74.77,-3.059590231,196.3074187,-1.861474829,0.7633903247
0.72,-2.17,-2.17,-3.756693454,-74.93,-3.063297586,209.7269314,-1.507708943,0.8218525678
0.721,-2.18,-2.18,-3.775288161,-75.21,-3.069768935,218.2721646,-1.294049269,0.8651341519
0.722,-2.15,-2.15,-3.719539345,-74.15,-3.045158664,217.9141284,-1.302832186,0.8554616312
0.723,-1.99,-1.99,-3.424001124,-69.52,-2.933912345,213.6235513,-1.409220782,0.7883712113
0.724,-1.73,-1.73,-2.950177062,-61.65,-2.728990225,212.7424287,-1.431333299,0.7091220297
0.725,-1.46,-1.46,-2.466549287,-53.39,-2.4886986,211.2735317,-1.468400916,0.6233225313
0.726,-1.3,-1.3,-2.18400338,-48.58,-2.335074899,211.2026027,-1.470197325,0.5739414295
0.727,-1.29,-1.29,-2.166444292,-48.2,-2.322472409,210.9059411,-1.477717381,0.5700884461
0.728,-1.34,-1.34,-2.254357415,-49.87,-2.377337761,210.3856946,-1.490930651,0.5827820552
0.729,-1.4,-1.4,-2.36024152,-51.87,-2.441308513,210.6446025,-1.484350805,0.6012344241
0.73,-1.46,-1.46,-2.466549287,-53.69,-2.497929472,210.7967893,-1.480486926,0.6199826867
0.731,-1.5,-1.5,-2.5376565,-55.03,-2.538677405,210.8202994,-1.479890275,0.6314828323
0.732,-1.53,-1.53,-2.591110478,-56.09,-2.570360749,211.452746,-1.463864663,0.6422820277
0.733,-1.56,-1.56,-2.644670371,-57.1,-2.600107259,209.2521648,-1.519833666,0.6419194885
0.734,-1.59,-1.59,-2.69833618,-58.15,-2.630583435,211.0505298,-1.474050892,0.6573877147
0.735,-1.63,-1.63,-2.77005535,-59.27,-2.662598066,215.6894041,-1.357732015,0.6890119204
0.736,-1.66,-1.66,-2.823968295,-60.4,-2.694393962,216.6130675,-1.334870212,0.7008645185
0.737,-1.68,-1.68,-2.859969101,-61.18,-2.716052075,210.5252678,-1.487382555,0.6803886233
0.738,-1.68,-1.68,-2.859969101,-61.17,-2.715775883,199.7415694,-1.768692536,0.6377498587
0.739,-1.66,-1.66,-2.823968295,-60.36,-2.693276965,188.4033537,-2.081342336,0.5914541281
0.74,-1.61,-1.61,-2.734172228,-58.86,-2.650936808,184.0269198,-2.20708399,0.5628160812
0.741,-1.56,-1.56,-2.644670371,-57.57,-2.613804938,185.0941962,-2.176145936,0.5521289133
0.742,-1.57,-1.57,-2.662547206,-57.85,-2.621922061,187.7404145,-2.100200702,0.5638454016
0.743,-1.62,-1.62,-2.752107905,-59.31,-2.663732168,188.02489,-2.092100199,0.5786805951
0.744,-1.65,-1.65,-2.805985545,-60.54,-2.698298571,188.1661595,-2.088082069,0.5862437102
0.745,-1.7,-1.7,-2.89601698,-62.12,-2.741844999,188.354894,-2.082718601,0.6002650644
0.746,-1.8,-1.8,-3.07696248,-65.4,-2.8293046,188.5098701,-2.078318496,0.6269761186
0.747,-1.96,-1.96,-3.368923107,-70.83,-2.966033276,188.7645498,-2.071095442,0.6688181493
0.748,-2.12,-2.12,-3.663896445,-76.2,-3.092483594,187.7094287,-2.10108377,0.7054681664
0.749,-2.18,-2.18,-3.775288161,-78.2,-3.137608123,188.3716216,-2.082243494,0.723255839
0.75,-2.14,-2.14,-3.700979943,-77.01,-3.110879752,190.0570583,-2.034587773,0.719269906
0.751,-2.05,-2.05,-3.534474905,-74.49,-3.053085713,191.9392563,-1.981865583,0.7019879037
0.752,-1.96,-1.96,-3.368923107,-71.88,-2.991403772,194.285555,-1.916862757,0.6863773773
0.753,-1.9,-1.9,-3.25908482,-70.05,-2.946971479,196.6260765,-1.852797435,0.6790086937
0.754,-1.87,-1.87,-3.20432455,-69.17,-2.925240275,199.4168308,-1.777397611,0.6813887499
0.755,-1.87,-1.87,-3.20432455,-69.01,-2.921263036,200.9395752,-1.736700264,0.687923958
0.756,-1.86,-1.86,-3.186094663,-68.68,-2.913034307,204.4721175,-1.643463783,0.6992419618
0.757,-1.82,-1.82,-3.113292801,-67.41,-2.88103863,209.9341519,-1.502425491,0.7102357212
0.758,-1.74,-1.74,-2.968253959,-65.2,-2.824081408,215.537105,-1.361511004,0.7091598194
0.759,-1.65,-1.65,-2.805985545,-62.37,-2.748648968,222.0627845,-1.201936129,0.7102708779
0.76,-1.55,-1.55,-2.626805305,-59.22,-2.661179545,224.8323448,-1.135623761,0.6918465596
0.761,-1.43,-1.43,-2.413342446,-55.7,-2.558759454,222.2764086,-1.196791911,0.6426066937
0.762,-1.31,-1.31,-2.201574236,-51.9,-2.442253977,216.3269342,-1.341941923,0.5817812541
0.763,-1.21,-1.21,-2.026395252,-48.79,-2.342009385,215.2272909,-1.369206653,0.5460192107
0.764,-1.17,-1.17,-1.956653174,-47.39,-2.295373599,219.8745064,-1.254918233,0.5511246022
0.765,-1.18,-1.18,-1.974071041,-47.76,-2.307792043,224.4122274,-1.14563002,0.5716275058
0.766,-1.2,-1.2,-2.00894208,-48.51,-2.332758659,230.2304552,-1.008690752,0.6012187626
0.767,-1.18,-1.18,-1.974071041,-47.83,-2.3101339,229.7060725,-1.020890038,0.5926318986
0.768,-1.1,-1.1,-1.83505762,-45.46,-2.229489695,224.472338,-1.144197172,0.5439324076
0.769,-1,-1,-1.66235,-42.15,-2.112040313,222.6207375,-1.188510627,0.5036583377
0.77,-0.9,-0.9,-1.49081922,-38.87,-1.989849635,226.2532759,-1.101918379,0.482189871
0.771,-0.84,-0.84,-1.388465635,-36.56,-1.900169232,231.0264851,-0.9902248423,0.4803724334
0.772,-0.82,-0.82,-1.354441921,-36.02,-1.878760009,238.3687637,-0.8228418336,0.5013477187
0.773,-0.83,-0.83,-1.371447894,-36.25,-1.887899623,243.7105596,-0.7042730567,0.5290727368
0.774,-0.78,-0.78,-1.286535713,-34.82,-1.830568699,239.6951476,-0.793154705,0.4903473097
0.775,-0.66,-0.66,-1.083946855,-30.31,-1.641641582,239.3782521,-0.8002324997,0.4438995701
0.776,-0.48,-0.48,-0.7832410368,-23.68,-1.34026699,243.7132416,-0.7042141802,0.383100147
0.777,-0.34,-0.34,-0.5519948552,-17.9,-1.05291414,248.2101006,-0.6063986728,0.3326647338
0.778,-0.27,-0.27,-0.4372367418,-14.81,-0.8893084186,251.0246534,-0.5460742787,0.3046133568
0.779,-0.24,-0.24,-0.3882312192,-13.46,-0.81556257,254.2747953,-0.4772497462,0.300299753
0.78,-0.22,-0.22,-0.3556197128,-12.43,-0.7583514979,254.3985685,-0.4746461645,0.2884188054
0.781,-0.2,-0.2,-0.32305528,-11.46,-0.703715802,253.9116886,-0.4848950549,0.2717923012
0.782,-0.19,-0.19,-0.3067907162,-11.39,-0.6997443954,254.4148446,-0.4743038882,0.2613101356
0.783,-0.22,-0.22,-0.3556197128,-12.27,-0.7493902264,256.1213111,-0.4385390182,0.2993610221
0.784,-0.29,-0.29,-0.4699659322,-14.52,-0.8735844314,257.4376594,-0.4111128447,0.3658184235
0.785,-0.42,-0.42,-0.6838530888,-18.94,-1.106386066,257.5374023,-0.4090404156,0.4512611446
0.786,-0.61,-0.61,-1.000034988,-25.41,-1.421728351,261.5028243,-0.3272917603,0.5717687188
0.787,-0.84,-0.84,-1.388465635,-32.91,-1.752084242,267.0227633,-0.2155365374,0.7056571316
0.788,-1.03,-1.03,-1.714038718,-39.27,-2.005070104,264.2230037,-0.2719279595,0.7527624839
0.789,-1.12,-1.12,-1.869740365,-42.24,-2.115310306,249.6594592,-0.575249588,0.6949261262
0.79,-1.09,-1.09,-1.8177339,-41.3,-2.080941573,234.7282256,-0.9051812436,0.6087271059
0.791,-0.97,-0.97,-1.610767198,-37.33,-1.93040343,227.7922002,-1.065652072,0.537629292
0.792,-0.94,-0.94,-1.559290311,-36.21,-1.886312353,222.0950532,-1.201158759,0.5050380245
0.793,-1.19,-1.19,-1.991500676,-44.48,-2.195311978,216.3481049,-1.341418375,0.5630908996
0.794,-1.65,-1.65,-2.805985545,-59.72,-2.675320221,214.5639206,-1.385721805,0.6909521071
0.795,-2.08,-2.08,-3.589870669,-73.99,-3.041417309,210.0495664,-1.499485054,0.7905632805
0.796,-2.28,-2.28,-3.961882493,-80.68,-3.192226724,203.4010765,-1.671561155,0.8145672861
0.797,-2.26,-2.26,-3.924469479,-80.08,-3.179142188,198.9183628,-1.790787364,0.7896428789
0.798,-2.2,-2.2,-3.81251288,-78.21,-3.137831261,198.6375737,-1.79834465,0.7723616314
0.799,-2.17,-2.17,-3.756693454,-77.44,-3.120578279,200.063381,-1.760079874,0.7697104234
0.8,-2.16,-2.16,-3.738110515,-77.09,-3.112687631,199.6891503,-1.770096747,0.7655694428
0.801,-2.14,-2.14,-3.700979943,-76.54,-3.100225814,186.871,-2.125033773,0.7082863312
0.802,-2.09,-2.09,-3.60835946,-75.11,-3.067460145,188.747,-2.071592866,0.7021448218
0.803,-2,-2,-3.442384,-72.44,-3.004801754,190.695,-2.01666014,0.6855342273
0.804,-1.89,-1.89,-3.240819628,-69.05,-2.922258106,192.485,-1.966675435,0.6628888696
0.805,-1.8,-1.8,-3.07696248,-66.44,-2.856243126,194.325,-1.915776677,0.6447924792
0.806,-1.78,-1.78,-3.040679233,-65.96,-2.843855968,196.213,-1.864048658,0.6458667867
0.807,-1.78,-1.78,-3.040679233,-65.76,-2.838671442,198.156,-1.811330852,0.6539091899
0.808,-1.65,-1.65,-2.805985545,-61.81,-2.733375636,200.19,-1.75669496,0.6249312756
0.809,-1.42,-1.42,-2.395630369,-54.84,-2.532947333,202.387,-1.698300831,0.566175813
0.81,-1.28,-1.28,-2.148896973,-50.41,-2.394793978,205.025,-1.629017171,0.5340451859
0.811,-1.33,-1.33,-2.236751254,-52.24,-2.452940514,208.384,-1.542076415,0.5598853005
0.812,-1.51,-1.51,-2.555462724,-58.28,-2.634325334,219.279,-1.269427788,0.654616889
0.813,-1.61,-1.61,-2.734172228,-61.83,-2.733923134,224.37,-1.146636818,0.7045818805
0.814,-1.56,-1.56,-2.644670371,-60.38,-2.693835541,227.365,-1.07569485,0.7015914707
0.815,-1.45,-1.45,-2.448801905,-56.82,-2.591903448,228.897,-1.039767112,0.6742907608
0.816,-1.32,-1.32,-2.219156861,-52.84,-2.471671122,231.433,-0.9808192391,0.6427698933
0.817,-1.18,-1.18,-1.974071041,-48.59,-2.335405597,232.869,-0.9477260175,0.6012768517
0.818,-1.05,-1.05,-1.748556705,-44.19,-2.185103088,235.247,-0.8933702192,0.5679947593
0.819,-0.9,-0.9,-1.49081922,-39.51,-2.014159276,233.191,-0.9403334059,0.5045939797
0.82,-0.77,-0.77,-1.269588582,-34.84,-1.831378897,235.329,-0.8915056957,0.4662660272
0.821,-0.7,-0.7,-1.15128818,-32.38,-1.729911893,234.246,-0.9161835864,0.4350894324
0.822,-0.76,-0.76,-1.252653219,-34.55,-1.819607612,236.973,-0.8542607316,0.4684797671
0.823,-0.91,-0.91,-1.50791934,-40.25,-2.041982054,236.041,-0.8753434329,0.5168841623
0.824,-1.06,-1.06,-1.765833351,-45.75,-2.239509219,234.326,-0.9143567594,0.5598948602
0.825,-1.13,-1.13,-1.88709939,-48.15,-2.320808953,233.809,-0.9261736546,0.5811855552
0.826,-1.11,-1.11,-1.852393108,-47.71,-2.306117815,232.522,-0.9557040417,0.5679013722
0.827,-1.08,-1.08,-1.800421949,-46.72,-2.272713638,231.047,-0.9897497895,0.5518596572
0.828,-1.06,-1.06,-1.765833351,-46.09,-2.25120188,227.909,-1.062909577,0.5328225602
0.829,-1.05,-1.05,-1.748556705,-45.52,-2.231566214,233.064,-0.9432479056,0.5507587655
0.83,-1.03,-1.03,-1.714038718,-44.95,-2.211764961,232.649,-0.9527827504,0.5416378182
0.831,-1.01,-1.01,-1.679567804,-44.38,-2.191796604,232.993,-0.9448779637,0.5354612881
0.832,-0.99,-0.99,-1.645143964,-43.8,-2.17130483,231.29,-0.9841259692,0.521369052
0.833,-0.97,-0.97,-1.610767198,-43.2,-2.149921015,232.533,-0.9554509534,0.5187034643
0.834,-0.96,-0.96,-1.593596467,-42.78,-2.134839209,235.319,-0.8917330418,0.5265350817
0.835,-0.96,-0.96,-1.593596467,-42.86,-2.137719152,237.003,-0.8535834821,0.5327433102
0.836,-0.98,-0.98,-1.627949697,-43.42,-2.157783752,238.986,-0.8090063537,0.5487242572
0.837,-0.99,-0.99,-1.645143964,-43.8,-2.17130483,239.591,-0.7954797876,0.5545208623
0.838,-0.98,-0.98,-1.627949697,-43.5,-2.160636602,241.559,-0.7517143975,0.5589812825
0.839,-0.94,-0.94,-1.559290311,-42.01,-2.106945005,242.686,-0.7268118755,0.5502555007
0.84,-0.84,-0.84,-1.388465635,-38.81,-1.987558792,245.642,-0.6620406841,0.5240284985
0.841,-0.7,-0.7,-1.15128818,-33.94,-1.7946825,249.411,-0.5805765193,0.4847000561
0.842,-0.53,-0.53,-0.8663879578,-28.05,-1.542162911,251.813,-0.5292988535,0.4182495534
0.843,-0.39,-0.39,-0.6343179882,-22.35,-1.276241461,253.697,-0.489420526,0.3592522197
0.844,-0.28,-0.28,-0.4535954528,-18.05,-1.060675352,251.515,-0.5356338882,0.2841526199
0.845,-0.23,-0.23,-0.3719195818,-15.71,-0.937700171,252.969,-0.5047947673,0.2578307708
0.846,-0.22,-0.22,-0.3556197128,-15.28,-0.9146562267,257.602,-0.407698652,0.2689291041
0.847,-0.25,-0.25,-0.404554625,-16.5,-0.9796738376,260.941,-0.3387983028,0.3068359297
0.848,-0.31,-0.31,-0.5027421962,-18.98,-1.108426905,262.103,-0.3150270322,0.3531847312
0.849,-0.39,-0.39,-0.6343179882,-22.13,-1.265532011,262.978,-0.2971964333,0.4059041674
0.85,-0.49,-0.49,-0.7998468842,-26.1,-1.453653211,263.803,-0.2804389815,0.4612481894
0.851,-0.63,-0.63,-1.03356443,-31.44,-1.690160039,261.675,-0.323770433,0.5132076027
0.852,-0.78,-0.78,-1.286535713,-37.02,-1.918272556,262.699,-0.3028753964,0.5792210787
0.853,-0.84,-0.84,-1.388465635,-39.57,-2.016426534,264.841,-0.2594293526,0.6100850425
0.854,-0.75,-0.75,-1.235729625,-36.5,-1.89779885,266.069,-0.2346801043,0.5794803379
0.855,-0.51,-0.51,-0.8330938842,-27.89,-1.534994891,269.527,-0.1655961041,0.4898849204
0.856,-0.24,-0.24,-0.3882312192,-17.11,-1.011764478,272.211,-0.1125833286,0.3452945938
0.857,-0.07,-0.07,-0.1125338858,-9.22,-0.5746982424,273.432,-0.0886396112,0.169647918
0.858,-0.01,-0.01,-0.0160409642,-6.43,-0.4083276759,274.178,-0.07406317005,0.03325304436
0.859,-0.02,-0.02,-0.0320936968,-6.87,-0.4349899143,271.07,-0.1350555262,0.05630024296
0.86,-0.08,-0.08,-0.1286572288,-8.67,-0.5424040379,269.407,-0.1679785852,0.1811097634
0.861,-0.18,-0.18,-0.2905379208,-12.23,-0.747146781,265.529,-0.2455492234,0.2926756223
0.862,-0.35,-0.35,-0.568435945,-17.92,-1.053949925,260.23,-0.3533956321,0.4039064481
0.863,-0.58,-0.58,-0.9498290888,-25.52,-1.426839268,250.376,-0.5599166925,0.4780804022
0.864,-0.86,-0.86,-1.422536423,-34.68,-1.824890619,243.485,-0.7092268947,0.5613537713
0.865,-1.19,-1.19,-1.991500676,-45.49,-2.230528184,238.073,-0.8294841393,0.6508145935
0.866,-1.52,-1.52,-2.573280717,-56.12,-2.571250485,229.497,-1.025761686,0.7153939421
0.867,-1.74,-1.74,-2.968253959,-63.33,-2.774561551,225.483,-1.120163449,0.7621215771
0.868,-1.82,-1.82,-3.113292801,-65.81,-2.83996886,221.26,-1.221312087,0.766579028
0.869,-1.81,-1.81,-3.095121756,-65.72,-2.837632888,215.845,-1.353873976,0.7384269802
0.87,-1.85,-1.85,-3.167876545,-67.09,-2.872893379,209.85,-1.504570463,0.7236785178
0.871,-2,-2,-3.442384,-72.01,-2.994522171,205.484,-1.617053238,0.746465946
0.872,-2.21,-2.21,-3.831142892,-78.79,-3.150732189,204.909,-1.632044975,0.8010289338
0.873,-2.37,-2.37,-4.13082359,-84.05,-3.264287485,203.683,-1.664150938,0.8381607389
0.874,-2.42,-2.42,-4.225091649,-85.67,-3.298125237,199.707,-1.769618544,0.8337224278
0.875,-2.38,-2.38,-4.149653665,-84.64,-3.276668168,197.276,-1.835142824,0.8117776012
0.876,-2.34,-2.34,-4.074403975,-83.44,-3.251416159,198.01,-1.815274149,0.8041549272
0.877,-2.35,-2.35,-4.093198745,-83.83,-3.259653779,197.709,-1.823413007,0.8052616496
0.878,-2.4,-2.4,-4.18734912,-85.33,-3.291063938,202.347,-1.699358315,0.8390771176
0.879,-2.43,-2.43,-4.243980566,-86.19,-3.308884612,203.203,-1.676773644,0.85123776
0.88,-2.4,-2.4,-4.18734912,-85.36,-3.291687842,206.083,-1.601480307,0.8557541848
0.881,-2.32,-2.32,-4.036849741,-82.98,-3.241661084,206.538,-1.589681339,0.8355544666
0.882,-2.21,-2.21,-3.831142892,-79.77,-3.172350027,207.088,-1.575453501,0.8069295347
0.883,-2.09,-2.09,-3.60835946,-76.41,-3.097269057,208.334,-1.543360257,0.7775582182
0.884,-1.99,-1.99,-3.424001124,-73.23,-3.023548711,209.843,-1.504748927,0.7561342911
0.885,-1.9,-1.9,-3.25908482,-70.77,-2.964573561,208.889,-1.529126853,0.7252563634
0.886,-1.86,-1.86,-3.186094663,-69.56,-2.934900992,207.191,-1.572793217,0.7068125112
0.887,-1.87,-1.87,-3.20432455,-69.9,-2.943284345,206.462,-1.591650346,0.7065867026
0.888,-1.92,-1.92,-3.295650509,-71.41,-2.980088036,203.472,-1.669696001,0.7087749631
0.889,-1.96,-1.96,-3.368923107,-72.8,-3.013366796,204.295,-1.64810006,0.7227173788
0.89,-1.97,-1.97,-3.387270678,-73.21,-3.023076297,204.151,-1.651872407,0.7245578278
0.891,-1.96,-1.96,-3.368923107,-72.89,-3.015502249,201.952,-1.709812215,0.7129521501
0.892,-1.94,-1.94,-3.332263271,-72.29,-3.001221955,202.37,-1.698750236,0.7089963803
0.893,-1.92,-1.92,-3.295650509,-71.64,-2.98563368,204.221,-1.650038295,0.7109326386
0.894,-1.89,-1.89,-3.240819628,-70.9,-2.967734903,205.686,-1.611796531,0.707674939
0.895,-1.86,-1.86,-3.186094663,-70.04,-2.946725886,207.01,-1.577468966,0.7042346245
0.896,-1.84,-1.84,-3.149670195,-69.2,-2.925985106,204.508,-1.642525003,0.6894304972
0.897,-1.82,-1.82,-3.113292801,-68.7,-2.913534006,208.68,-1.534482375,0.6999283577
0.898,-1.83,-1.83,-3.131475614,-69.17,-2.925240275,206.332,-1.595020066,0.6927644379
0.899,-1.84,-1.84,-3.149670195,-69.22,-2.926481502,208.636,-1.535610537,0.7058729779
0.9,-1.7,-1.7,-2.89601698,-65.04,-2.819892826,211.567,-1.460974686,0.6765023612
0.901,-1.43,-1.431192661,-2.415455681,-57,-2.597181069,217.504,-1.312910718,0.6177490997
0.902,-1.2,-1.202003339,-2.012437599,-49.95,-2.379932558,224.445,-1.144848776,0.5709397006
0.903,-1.14,-1.142857143,-1.909435429,-47.81,-2.309465044,227.45,-1.073695136,0.564394036
0.904,-1.2,-1.204013378,-2.015945284,-50.08,-2.384142643,228.942,-1.038715433,0.5889654901
0.905,-1.23,-1.235146444,-2.070335778,-51.04,-2.414986594,230.401,-1.004729169,0.6054116545
0.906,-1.17,-1.175879397,-1.966892404,-49.1,-2.352207112,231.762,-0.973219199,0.5914707528
0.907,-1.12,-1.126571668,-1.881146814,-47.68,-2.305112688,232.03,-0.9670362542,0.5748964511
0.908,-1.13,-1.137583893,-1.900272135,-48.01,-2.316144783,231.118,-0.9881060043,0.5750992454
0.909,-1.17,-1.17884131,-1.972052247,-49.19,-2.355159087,228.748,-1.043250817,0.5802867525
0.91,-1.19,-1.2,-2.00894208,-49.98,-2.380904825,222.31,-1.195983456,0.5616451849
0.911,-1.21,-1.221194281,-2.045946784,-50.55,-2.39929726,217.883,-1.303596473,0.5525264648
0.912,-1.24,-1.252525253,-2.10074674,-51.62,-2.433413615,215.695,-1.357593214,0.5541395295
0.913,-1.28,-1.294018534,-2.173499057,-53.17,-2.481903844,213.274,-1.417982135,0.5573237447
0.914,-1.33,-1.345699831,-2.264397896,-54.82,-2.532343258,210.098,-1.498251585,0.5618024098
0.915,-1.37,-1.387341772,-2.337867839,-56.42,-2.580126957,206.894,-1.580467729,0.5619071348
0.916,-1.42,-1.439189189,-2.429628784,-58.08,-2.628565725,203.336,-1.673273118,0.5647884248
0.917,-1.47,-1.49112426,-2.521862017,-59.83,-2.67841794,199.295,-1.780667114,0.5655559351
0.918,-1.52,-1.543147208,-2.614569543,-61.64,-2.728715816,195.223,-1.89111061,0.565945406
0.919,-1.57,-1.595258256,-2.707753374,-63.42,-2.77697356,193.217,-1.946368542,0.5732706452
0.92,-1.63,-1.657627119,-2.819700137,-65.21,-2.824342898,191.992,-1.980395639,0.5868581849
0.921,-1.68,-1.709923664,-2.913920806,-67.28,-2.877733715,195.175,-1.892426191,0.6108643867
0.922,-1.76,-1.79286927,-3.064020778,-69.91,-2.94353037,201.342,-1.725996451,0.6561737186
0.923,-1.84,-1.87595582,-3.215187534,-72.81,-3.013604183,200.284,-1.754183436,0.6743562824
0.924,-1.9,-1.93877551,-3.330020321,-74.81,-3.060517716,205.455,-1.617808338,0.7117973998
0.925,-1.92,-1.960851064,-3.370484144,-75.4,-3.074148306,204.666,-1.638393264,0.7152157906
0.926,-1.89,-1.931856899,-3.31735052,-74.49,-3.053085713,213.496,-1.412416139,0.7428841438
0.927,-1.78,-1.820971867,-3.115059412,-71.29,-2.977188417,218.555,-1.287121268,0.7304955884
0.928,-1.61,-1.648464164,-2.803224732,-66.42,-2.855728556,222.331,-1.195478104,0.6919480951
0.929,-1.46,-1.496157131,-2.530816931,-61.66,-2.729264596,224.094,-1.153221962,0.6518546537
0.93,-1.36,-1.394871795,-2.351175039,-58.76,-2.648082413,225.842,-1.111652286,0.6253566348
0.931,-1.34,-1.375534645,-2.317015494,-58.03,-2.627123284,231.38,-0.982044572,0.6419805304
0.932,-1.31,-1.345890411,-2.264733675,-57.24,-2.604196961,234.248,-0.9161379082,0.6433290467
0.933,-1.24,-1.275064267,-2.140240423,-54.93,-2.535663524,238.951,-0.8097899298,0.6397459874
0.934,-1.13,-1.162950257,-1.944381098,-51.64,-2.434046262,241.487,-0.7533092767,0.6100295604
0.935,-1.03,-1.060944206,-1.767465231,-48.29,-2.325463557,242.955,-0.7208850689,0.5801913858
0.936,-0.94,-0.9690721649,-1.609173542,-45.6,-2.234332051,244.401,-0.6891377519,0.5504327564
0.937,-0.89,-0.9183147034,-1.522146543,-43.81,-2.171659624,245.932,-0.6557283072,0.5383578697
0.938,-0.83,-0.8571428571,-1.417666286,-41.72,-2.096356842,247.666,-0.6181392645,0.5222576236
0.939,-0.69,-0.7131782946,-1.173515512,-37.15,-1.92336646,249.717,-0.5740166781,0.469898068
0.94,-0.44,-0.4551724138,-0.7420636058,-28.26,-1.551545578,252.239,-0.5202557367,0.3581731512
0.941,-0.15,-0.1553062985,-0.2504541639,-16.85,-0.9981203935,254.867,-0.4648041117,0.1712010176
0.942,-4.440892099e-15,-4.601960724e-15,-7.37604422e-15,-9.78,-0.6073287432,257.776,-0.4040861577,7.292797657e-15
0.943,-0.04,-0.04148660328,-0.06662537548,-11.93,-0.730280995,260.23,-0.3533956321,0.06148086413
0.944,-0.19,-0.1972318339,-0.3185518006,-18.86,-1.102300896,262.83,-0.3002081791,0.227129939
0.945,-0.28,-0.2909090909,-0.4714547412,-23.01,-1.308167003,264.588,-0.2645425976,0.299772279
0.946,-0.24,-0.2495667244,-0.4038471278,-21.48,-1.233691807,266.636,-0.223291245,0.2771803882
0.947,-0.13,-0.1352992194,-0.2180305353,-17.12,-1.012288247,268.561,-0.1848052504,0.182133255
0.948,-0.03,-0.03125,-0.05016708789,-12.29,-0.7505114797,270.616,-0.1440234543,0.05608175375
0.949,0.07,0.07298001738,0.1167106443,-7.44,-0.4692918355,273.768,-0.08206943494,-0.2116772624
0.95,0.18,0.187826087,0.2991047674,-1.54,-0.1010373766,277.055,-0.01821713122,-2.508121268
0.951,0.29,0.3028720627,0.4802601113,2.19,0.1472958702,278.378,0.007269519324,3.107164629
0.952,0.4,0.4181184669,0.6601693686,4.89,0.334848915,280.328,0.04461489368,1.739742641
0.953,0.51,0.5335658239,0.8388251917,7.61,0.5305942766,279.974,0.03785460993,1.475638728
0.954,0.51,0.5340314136,0.8395425204,7.83,0.5467300784,278.88,0.01690850423,1.489505059
0.955,0.28,0.2934497817,0.4654820246,1.78,0.1193938454,272.523,-0.1064548322,35.97507924
0.956,-0.18,-0.1888111888,-0.3048579493,-14.68,-0.882267665,262.907,-0.2986410458,0.2581553905
0.957,-0.62,-0.6509186352,-1.068684304,-30.5,-1.649855876,255.197,-0.4578814501,0.5070291685
0.958,-0.79,-0.8301225919,-1.371656446,-36.64,-1.903326477,247.704,-0.6173184639,0.5441688451
0.959,-0.71,-0.7467134093,-1.230170102,-33.81,-1.789341574,238.528,-0.8192690926,0.4715805687
0.96,-0.61,-0.6421052632,-1.053881434,-30.32,-1.642074484,230.752,-0.9965850153,0.3994003146
0.961,-0.65,-0.6848112379,-1.125695221,-31.85,-1.707566127,224.862,-1.134918146,0.3960251362
0.962,-0.81,-0.8541300527,-1.412531856,-37.24,-1.926887284,217.177,-1.320960071,0.4349132524
0.963,-0.98,-1.034300792,-1.721457478,-43.49,-2.16028018,220.284,-1.244963676,0.5055313368
0.964,-1.13,-1.193661972,-1.997886303,-48.78,-2.341679655,221.181,-1.223222624,0.5604322775
0.965,-1.21,-1.279295154,-2.147660601,-51.57,-2.431831192,220.52,-1.239235052,0.5850236577
0.966,-1.19,-1.259259259,-2.112540049,-50.89,-2.410195624,220.273,-1.245230837,0.5779189027
0.967,-1.08,-1.143865843,-1.911188613,-47.31,-2.292679647,220.505,-1.239598977,0.5410639468
0.968,-0.94,-0.9964664311,-1.656268784,-42.78,-2.134839209,218.919,-1.278218337,0.4852742041
0.969,-0.83,-0.8806366048,-1.457741038,-39.17,-2.00127342,221.636,-1.212228237,0.4536300874
0.97,-0.76,-0.807079646,-1.332487027,-36.69,-1.905297862,220.735,-1.234021513,0.4244509297
0.971,-0.71,-0.7546501329,-1.243597857,-34.93,-1.835021833,225.489,-1.12002109,0.4208391856
0.972,-0.66,-0.7021276596,-1.15487544,-33.4,-1.772429985,234.55,-0.9092449597,0.4306545212
0.973,-0.62,-0.6601597161,-1.084215368,-31.92,-1.710527437,241.812,-0.7461139369,0.4413405145
0.974,-0.59,-0.6287744227,-1.03150843,-30.66,-1.656755457,248.024,-0.6104114494,0.4549768378
0.975,-0.55,-0.5866666667,-0.9609768021,-29.45,-1.604173865,249.544,-0.5777243582,0.4404315434
0.976,-0.51,-0.5444839858,-0.8905288918,-27.87,-1.534097712,250.438,-0.558592049,0.4255427195
0.977,-0.45,-0.4808548531,-0.7846601328,-25.63,-1.431942035,248.827,-0.5931183223,0.3874749362
0.978,-0.37,-0.3957219251,-0.6437576853,-22.43,-1.280127407,252.99,-0.5043506602,0.3607540474
0.979,-0.3,-0.3211418376,-0.5210220036,-19.5,-1.134852121,251.943,-0.526537596,0.3136061325
0.98,-0.29,-0.3107142857,-0.5039136477,-19,-1.109446888,249.13,-0.5866075184,0.2971093649
0.981,-0.35,-0.3753351206,-0.6101423209,-21.31,-1.225315202,244.514,-0.6866647249,0.3191154427
0.982,-0.48,-0.5152057245,-0.8417553412,-25.88,-1.443508978,239.358,-0.8006851439,0.3750813413
0.983,-0.61,-0.6553267681,-1.076091599,-30.67,-1.657186144,234.829,-0.9028848534,0.4203366235
0.984,-0.71,-0.7634408602,-1.258479113,-34.09,-1.800832412,230.158,-1.0103747,0.4476650288
0.985,-0.77,-0.8286995516,-1.369235689,-36.18,-1.885121286,229.148,-1.033903714,0.4690729573
0.986,-0.8,-0.8617594255,-1.425535927,-37.35,-1.931184161,227.666,-1.06861687,0.4752101596
0.987,-0.83,-0.8948787062,-1.482066303,-38.23,-1.965308913,227.95,-1.061947218,0.4895741354
0.988,-0.84,-0.9064748201,-1.501889897,-38.62,-1.980291037,228.17,-1.056786295,0.4945181611
0.989,-0.81,-0.8748874887,-1.447928409,-37.75,-1.946750432,224.798,-1.136441075,0.4696200043
0.99,-0.75,-0.8108108108,-1.338825186,-35.46,-1.856376878,229.396,-1.028116701,0.4641456637
0.991,-0.65,-0.703336339,-1.156913525,-32,-1.713908066,232.377,-0.9590413259,0.4328228318
0.992,-0.55,-0.59566787,-0.9760365258,-28.6,-1.566675717,235.432,-0.8891645926,0.3974348504
0.993,-0.51,-0.5528455285,-0.9044765893,-26.77,-1.484347965,237.358,-0.8455758661,0.3882000678
0.994,-0.52,-0.5641952984,-0.9234220443,-27.19,-1.503437456,240.558,-0.773930406,0.405477771
0.995,-0.58,-0.6298642534,-1.033336696,-29.47,-1.605050575,244.029,-0.6972871301,0.4488206459
0.996,-0.67,-0.7282608696,-1.198979803,-32.46,-1.733269745,246.772,-0.6374860995,0.5057373603
0.997,-0.75,-0.8159564823,-1.347568867,-35.15,-1.843906461,246.505,-0.6432777749,0.5418050049
0.998,-0.81,-0.8820326679,-1.460124434,-37.47,-1.935863705,245.264,-0.6702797376,0.5602624975
0.999,-0.87,-0.9482288828,-1.573399678,-39.54,-2.015293156,242.946,-0.7210832574,0.5749938754
1,-0.93,-1.014545455,-1.687397969,-41.61,-2.092328755,239.595,-0.7953904694,0.5843358852
1.001,-0.99,-1.080982712,-1.802122693,-43.5,-2.160636602,235.687,-0.8833730617,0.5920226583
1.002,-1.02,-1.114754098,-1.860638697,-44.71,-2.203377687,231.385,-0.9819289626,0.5841317343
1.003,-1.03,-1.126709207,-1.881385595,-44.94,-2.211416083,228.415,-1.051044756,0.576676836
1.004,-1,-1.094890511,-1.826204614,-44.07,-2.180865926,224.079,-1.153580083,0.5476785677
1.005,-1.01,-1.106849315,-1.846929972,-44.2,-2.185455846,222.26,-1.197186866,0.5460020846
1.006,-1.08,-1.18464351,-1.982163046,-46.96,-2.280856301,220.437,-1.24124908,0.5627778931
1.007,-1.2,-1.31747484,-2.214715856,-51.05,-2.415305621,222.751,-1.185381085,0.615081521
1.008,-1.31,-1.43956044,-2.430286974,-54.65,-2.52720162,223.789,-1.160508465,0.6590233283
1.009,-1.35,-1.48487626,-2.510749188,-56.26,-2.57539756,226.565,-1.094552403,0.6841371716
1.01,-1.35,-1.486238532,-2.513171763,-56.09,-2.570360749,228.539,-1.048141182,0.694533763
1.011,-1.31,-1.443526171,-2.437318828,-54.85,-2.533249305,232.799,-0.9493344596,0.6998593553
1.012,-1.21,-1.334558824,-2.244776132,-51.8,-2.43910083,234.842,-0.9025886886,0.6717488623
1.013,-1.06,-1.170193192,-1.956989562,-46.9,-2.278823328,237.253,-0.8479430679,0.6258828815
1.014,-0.86,-0.9502762431,-1.576911351,-40.68,-2.058010061,241.153,-0.7607139687,0.559441554
1.015,-0.67,-0.7410138249,-1.220531826,-34.02,-1.797964144,245.164,-0.6724615054,0.4940572999
1.016,-0.58,-0.6420664207,-1.053816215,-30.86,-1.665357204,248.961,-0.5902379796,0.4672009509
1.017,-0.65,-0.7202216066,-1.185403581,-33.27,-1.767046425,252.546,-0.5137482129,0.5197327112
1.018,-0.77,-0.853974122,-1.412266148,-37.78,-1.947914198,254.974,-0.4625585097,0.5858876325
1.019,-0.83,-0.9213691027,-1.527374938,-39.79,-2.024722628,255.556,-0.4503605924,0.6171004374
1.02,-0.73,-0.8111111111,-1.33933538,-36.52,-1.898589211,256.155,-0.4378353527,0.5732414395
1.021,-0.54,-0.6005560704,-0.9842188659,-29.7,-1.615114317,257.092,-0.4183010717,0.4840225324
1.022,-0.35,-0.3896103896,-0.6336753719,-22.57,-1.286917052,260.6,-0.3457943021,0.388112308
1.023,-0.26,-0.2896935933,-0.469464155,-19,-1.109446888,262.2,-0.3130474516,0.3300288386
1.024,-0.33,-0.3680297398,-0.598108539,-21.37,-1.228273985,262.526,-0.3063997909,0.3897300835
1.025,-0.48,-0.5358139535,-0.8760752986,-26.75,-1.483436028,258.967,-0.3794245318,0.4702849572
1.026,-0.59,-0.6592178771,-1.082632002,-30.98,-1.670506155,254.643,-0.4695082395,0.5058994018
1.027,-0.57,-0.6374650513,-1.046091444,-30,-1.628190126,251.003,-0.54653579,0.4810221997
1.028,-0.61,-0.6828358209,-1.122368652,-31.59,-1.696540279,246.02,-0.6538142993,0.4775316298
1.029,-0.89,-0.9971988796,-1.657529196,-41.36,-2.083149618,242.524,-0.7303843494,0.5891271314
1.03,-1.22,-1.368224299,-2.304113054,-53,-2.476638538,238.367,-0.8228814183,0.6983176595
1.031,-1.42,-1.594013096,-2.705523081,-60.05,-2.684599146,233.687,-0.928965978,0.7487129712
1.032,-1.39,-1.561797753,-2.647883317,-59.28,-2.662881651,228.433,-1.050623172,0.7130415719
1.033,-1.31,-1.473289597,-2.490153055,-56.83,-2.592197003,224.745,-1.137702578,0.6676193288
1.034,-1.38,-1.553470919,-2.633004792,-59.17,-2.659760031,218.705,-1.283450683,0.6677311924
1.035,-1.52,-1.712676056,-2.9188886,-64.21,-2.798020152,215.036,-1.373963769,0.6996404242
1.036,-1.66,-1.872180451,-3.20830105,-69.07,-2.92275545,211.511,-1.462390973,0.7316291728
1.037,-1.75,-1.975540922,-3.39744199,-72.26,-3.000505213,210.51,-1.487770563,0.7569592779
1.038,-1.78,-2.011299435,-3.463169773,-73.53,-3.030621398,209.55,-1.512224255,0.7623348968
1.039,-1.76,-1.990574929,-3.425057691,-72.98,-3.017635391,209.403,-1.515978615,0.7554806577
1.04,-1.71,-1.935849057,-3.324660525,-71.28,-2.976946588,202.198,-1.703299286,0.7103602277
1.041,-1.64,-1.858356941,-3.18310051,-69.17,-2.925240275,203.076,-1.68011839,0.6911732054
1.042,-1.57,-1.780718336,-3.041981597,-67.14,-2.874168314,210.577,-1.486068065,0.697664377
1.043,-1.49,-1.691579943,-2.880834983,-64.78,-2.813067275,212.45,-1.438692292,0.6775630037
1.044,-1.41,-1.602272727,-2.720320902,-62.21,-2.744297111,215.811,-1.354716776,0.6636525215
1.045,-1.35,-1.535545024,-2.601002195,-60.62,-2.700526373,215.441,-1.363897026,0.6399437113
1.046,-1.35,-1.537001898,-2.603601699,-60.65,-2.701361162,212.662,-1.433356286,0.6296927737
1.047,-1.38,-1.572649573,-2.667285775,-61.57,-2.726793898,211.677,-1.458193784,0.6373461472
1.048,-1.38,-1.574144487,-2.669959686,-61.63,-2.72844137,205.838,-1.607844392,0.6157250311
1.049,-1.34,-1.529971456,-2.591059567,-60.34,-2.692718233,206.945,-1.579149101,0.6065402703
1.05,-1.29,-1.474285714,-2.491923105,-58.68,-2.645796009,202.399,-1.697983626,0.5736762254
1.051,-1.25,-1.42993327,-2.413224214,-57.72,-2.618157391,202.933,-1.683887025,0.560948233
1.052,-1.25,-1.43129771,-2.415641822,-57.63,-2.615547027,203.472,-1.669696001,0.5637117444
1.053,-1.27,-1.455587393,-2.458716613,-58.17,-2.631159558,205.172,-1.625182671,0.5776595209
1.054,-1.28,-1.468451243,-2.481557206,-58.72,-2.646939532,207.067,-1.575996052,0.5876379493
1.055,-1.28,-1.469856459,-2.484053439,-58.68,-2.645796009,209.449,-1.514803498,0.5970421894
1.056,-1.26,-1.448275862,-2.445743201,-58.11,-2.629430702,212.21,-1.444739483,0.6003046239
1.057,-1.23,-1.41514861,-2.387041789,-57.01,-2.597473875,215.77,-1.355733272,0.6038241105
1.058,-1.17,-1.347408829,-2.267409109,-55.29,-2.546493313,222.615,-1.18864851,0.6070476614
1.059,-1.08,-1.244956772,-2.087498382,-52.53,-2.462013965,235.755,-0.8818297117,0.624281092
1.06,-0.93,-1.073076923,-1.788443646,-47.9,-2.312473353,241.944,-0.7431942831,0.5852873607
1.061,-0.74,-0.85466795,-1.413448464,-41.45,-2.086458016,245.208,-0.671501418,0.5124979166
1.062,-0.53,-0.612716763,-1.004586803,-34.45,-1.815536867,249.683,-0.5747451523,0.4202796132
1.063,-0.36,-0.4165863067,-0.6782111603,-28.21,-1.549314217,255.156,-0.4587410512,0.3377452658
1.064,-0.21,-0.2432432432,-0.3935240073,-22.59,-1.287885884,261.016,-0.3372608198,0.2421467591
1.065,-0.05,-0.05797101449,-0.0931547322,-15.73,-0.9387685842,266.508,-0.225860157,0.07998663342
1.066,0.17,0.1972920696,0.3140690365,-5.56,-0.3551354707,272.071,-0.1153355784,-0.6675629395
1.067,0.42,0.4878993224,0.7683433787,4,0.2722904524,277.053,-0.01825575185,3.024560727
1.068,0.74,0.8604651163,1.336196068,12.45,0.8963037849,282.309,0.0822888959,1.365426182
1.069,1.07,1.245392823,1.905733219,19.3,1.453539523,285.805,0.1481342583,1.189838556
1.07,1.16,1.351456311,2.059599967,21.15,1.612301236,287.551,0.1807183033,1.148676811
1.071,0.81,0.944606414,1.462180327,14.85,1.086145675,287.156,0.17336412,1.160912231
1.072,0.12,0.140077821,0.2234613209,-3.99,-0.2575376895,288.623,0.2006262014,-3.926471234
1.073,-0.55,-0.6426484907,-1.05479357,-32.26,-1.724867705,286.557,0.1621925022,0.6749921984
1.074,-0.81,-0.9473684211,-1.571923945,-42.41,-2.121475107,283.473,0.1043023526,0.7792708586
1.075,-0.54,-0.632195122,-1.037247357,-33.48,-1.775737829,279.338,0.02568751369,0.5926957347
1.076,-0.1,-0.1171875,-0.1887191656,-16.62,-0.9860086693,276.259,-0.03361020979,0.1850879476
1.077,0.18,0.211143695,0.3359473301,-2.88,-0.1872729021,273.681,-0.08376986732,-1.239462432
1.078,0.22,0.2583170254,0.4102870264,-0.72,-0.04749702857,271.563,-0.1253342201,-2.373916924
1.079,0.07,0.08227228208,0.131525977,-6.71,-0.4253131045,267.101,-0.2139692357,-0.2057400443
1.08,-0.11,-0.1294117647,-0.2084982508,-13.81,-0.8348162301,262.382,-0.3093351625,0.1822296002
1.081,-0.24,-0.2826300294,-0.4578997965,-18.55,-1.086426804,260.561,-0.3465950144,0.3195344207
1.082,-0.27,-0.3182711198,-0.5163107758,-19.64,-1.141933154,257.887,-0.4017829093,0.3344596769
1.083,-0.16,-0.1887905605,-0.3048244133,-14.93,-0.8957961546,255.766,-0.445966101,0.2271821345
1.084,-0.09,-0.1062992126,-0.1711165243,-11.78,-0.7218216224,253.247,-0.498918619,0.1401743946
1.085,-0.29,-0.3428571429,-0.5566911086,-18.86,-1.102300896,250.256,-0.5624814507,0.3343927269
1.086,-0.7,-0.8284023669,-1.368730173,-32.88,-1.750833812,245.121,-0.6733999392,0.5646032164
1.087,-1.1,-1.303060217,-2.189379194,-46.16,-2.253601936,242.885,-0.7224267287,0.7356714067
1.088,-1.31,-1.553359684,-2.63280609,-53.14,-2.480975612,242.608,-0.7285316577,0.8203147301
1.089,-1.35,-1.602373887,-2.720502188,-54.56,-2.524474492,243.162,-0.7163287581,0.839453055
1.09,-1.36,-1.615841584,-2.744648075,-55.03,-2.538677405,239.239,-0.8033456286,0.8212534886
1.091,-1.37,-1.629335976,-2.768863232,-55.22,-2.544391893,238.282,-0.824789531,0.8218207582
1.092,-1.32,-1.571428571,-2.665102,-53.61,-2.495471811,237.233,-0.8483940823,0.7970122263
1.093,-1.22,-1.453823237,-2.455585761,-50.73,-2.405073707,235.541,-0.8866882298,0.7459791468
1.094,-1.18,-1.407554672,-2.373603545,-49.22,-2.356142214,233.712,-0.9283936619,0.7226602583
1.095,-1.23,-1.468656716,-2.481922196,-51.04,-2.414986594,230.765,-0.996283618,0.7275654057
1.096,-1.36,-1.625498008,-2.761973968,-55.52,-2.553383175,228.026,-1.06016379,0.7643387494
1.097,-1.47,-1.758723829,-3.002132478,-59.2,-2.660611859,227.704,-1.06772397,0.8052205102
1.098,-1.47,-1.760479042,-3.005310441,-59.15,-2.659191947,226.539,-1.09516639,0.8004857745
1.099,-1.35,-1.618381618,-2.74920443,-55.3,-2.546793344,229.06,-1.035958676,0.7673443248
1.1,-1.12,-1.344,-2.261403175,-48.15,-2.320808953,231.309,-0.9836864957,0.6843414402
1.101,-0.87,-1.045045045,-1.740000565,-40.06,-2.034867387,235.02,-0.8985351578,0.5931680151
1.102,-0.71,-0.8537074148,-1.411811681,-34.7,-1.825702491,238.054,-0.8299111262,0.5316329423
1.103,-0.69,-0.8304914744,-1.372283997,-33.98,-1.796323806,242.379,-0.7335839585,0.5424245171
1.104,-0.74,-0.8915662651,-1.47640658,-35.5,-1.857981814,246.481,-0.6437986822,0.5901423335
1.105,-0.73,-0.8804020101,-1.457340554,-35.17,-1.844712726,252.364,-0.5176051381,0.616911287
1.106,-0.65,-0.7847082495,-1.29451892,-32.34,-1.728231485,257.697,-0.4057260109,0.6066282586
1.107,-0.56,-0.6767371601,-1.112101508,-29.3,-1.597590361,258.395,-0.3912545512,0.5591695469
1.108,-0.55,-0.6653225806,-1.092896735,-28.79,-1.575098129,259.587,-0.3666312583,0.5628470901
1.109,-0.66,-0.7991927346,-1.31909486,-32.52,-1.735785544,258.426,-0.3906127429,0.6203423264
1.11,-0.85,-1.03030303,-1.714561366,-39.16,-2.000893443,254.702,-0.4682688046,0.6943899162
1.111,-1.06,-1.286147624,-2.159683011,-46.33,-2.259420357,251.837,-0.5287889756,0.7745770684
1.112,-1.23,-1.493927126,-2.526848747,-52.09,-2.448232362,247.197,-0.628280054,0.8213354621
1.113,-1.32,-1.604863222,-2.724963644,-55.46,-2.551588005,241.807,-0.7462245612,0.8262942754
1.114,-1.38,-1.679513185,-2.859092254,-57.47,-2.610898169,237.186,-0.8494541157,0.8262431162
1.115,-1.44,-1.754314721,-2.994151014,-59.34,-2.664582329,232.658,-0.9525757902,0.8277633754
1.116,-1.49,-1.817073171,-3.107973228,-60.94,-2.709412928,229.214,-1.03236301,0.8306144673
1.117,-1.53,-1.86775178,-3.200225045,-62.64,-2.755971177,225.52,-1.119285628,0.8258097995
1.118,-1.62,-1.979633401,-3.404956758,-65.41,-2.829565395,218.958,-1.27726533,0.829095959
1.119,-1.7,-2.079510703,-3.58896632,-68.44,-2.907027918,213.531,-1.411539145,0.8310549004
1.12,-1.74,-2.130612245,-3.683567541,-69.65,-2.937123618,210.232,-1.494840455,0.8311365977
1.121,-1.7,-2.083758938,-3.59681911,-68.52,-2.909032101,202.017,-1.708090549,0.7790174493
1.122,-1.64,-2.012269939,-3.464955754,-66.56,-2.859327706,202.876,-1.685389949,0.7624138654
1.123,-1.61,-1.977482088,-3.401006188,-65.85,-2.841006176,208.066,-1.550246905,0.7744955996
1.124,-1.64,-2.016393443,-3.472545322,-66.65,-2.861637953,207.869,-1.555314765,0.7861857582
1.125,-1.65,-2.030769231,-3.499020508,-67.27,-2.877479259,209.262,-1.519582212,0.7957633823
1.126,-1.63,-2.008213552,-3.457491674,-66.49,-2.857528959,210.646,-1.484315311,0.7963186745
1.127,-1.55,-1.911613566,-3.280311992,-64.08,-2.794572188,212.086,-1.447866546,0.7732137568
1.128,-1.44,-1.777777778,-3.036650667,-60.75,-2.704141287,213.343,-1.416251543,0.7369808638
1.129,-1.36,-1.680741504,-2.861304742,-58.43,-2.638634404,215.664,-1.358362179,0.7158636949
1.13,-1.38,-1.707216495,-2.909035504,-58.87,-2.651222028,217.99,-1.300969791,0.7360562537
1.131,-1.43,-1.770897833,-3.024182011,-60.72,-2.703307654,221.247,-1.221626432,0.7705051713
1.132,-1.4,-1.73553719,-2.960185129,-59.98,-2.682634453,224.962,-1.132539438,0.7758978263
1.133,-1.25,-1.551189245,-2.628929283,-55.16,-2.542588998,225.948,-1.109141827,0.7199132162
1.134,-1.01,-1.254658385,-2.104481931,-47.84,-2.310468255,226.425,-1.097859319,0.6174529547
1.135,-0.82,-1.019689119,-1.696261565,-41.69,-2.095258922,227.619,-1.069721453,0.5359469457
1.136,-0.73,-0.9087136929,-1.50571908,-38.45,-1.973770984,229.764,-1.019541039,0.5030277727
1.137,-0.68,-0.8473520249,-1.400984628,-36.85,-1.91159652,231.165,-0.9870181425,0.483329035
1.138,-0.65,-0.8108108108,-1.338825186,-35.73,-1.867191837,233.615,-0.9306145907,0.478526739
1.139,-0.62,-0.7741935484,-1.27669401,-34.68,-1.824890619,236.827,-0.8575579035,0.4759435269
1.14,-0.59,-0.7375,-1.214591682,-33.65,-1.782754074,240.189,-0.7821432514,0.4735439776
1.141,-0.57,-0.7132429614,-1.173624633,-33.1,-1.759990826,240.811,-0.7683066533,0.4641956269
1.142,-0.6,-0.751565762,-1.23837868,-33.96,-1.795503274,241.897,-0.7442336741,0.4876011593
1.143,-0.68,-0.8526645768,-1.410034774,-37.14,-1.922974969,241.467,-0.7537523831,0.5267756439
1.144,-0.78,-0.9790794979,-1.626367552,-40.95,-2.068022205,241.767,-0.7471096377,0.5777234045
1.145,-0.81,-1.017801047,-1.693007666,-42.27,-2.116399338,243.387,-0.7113806435,0.5987055841
1.146,-0.75,-0.9433962264,-1.565112567,-40.06,-2.034867387,245.134,-0.6731162093,0.5779623514
1.147,-0.62,-0.7806925498,-1.287709822,-35.69,-1.865592339,244.879,-0.6786844294,0.5061201824
1.148,-0.5,-0.6302521008,-1.03398737,-31.59,-1.696540279,246.315,-0.6474030136,0.4411315638
1.149,-0.41,-0.5173501577,-0.8453242478,-28.19,-1.548421217,247.138,-0.6295571232,0.3881233492
1.15,-0.29,-0.3663157895,-0.5952861456,-23.71,-1.341697053,247.475,-0.6222667758,0.3031044344
1.151,-0.16,-0.2023182297,-0.3268274598,-18.47,-1.082318874,253.961,-0.4838561495,0.2086787587
1.152,-0.08,-0.1012658228,-0.162983968,-14.99,-0.8990359156,255.729,-0.4467401066,0.121107796
1.153,-0.08,-0.1013727561,-0.1631567114,-14.75,-0.88606044,255.027,-0.461446551,0.1210804192
1.154,-0.11,-0.1395348837,-0.2248909551,-16.3,-0.9690918569,256.177,-0.437375885,0.1598976986
1.155,-0.17,-0.2158730159,-0.3488962133,-18.49,-1.083346295,258.783,-0.3832271394,0.2378989044
1.156,-0.26,-0.3305084746,-0.536400639,-22.41,-1.27915634,261.434,-0.3286999987,0.3336122923
1.157,-0.39,-0.4962884411,-0.8102954007,-27.89,-1.534994891,262.243,-0.3121701399,0.4386697383
1.158,-0.5,-0.6369426752,-1.045214638,-32.15,-1.720236044,265.677,-0.2425680823,0.5325109232
1.159,-0.5,-0.6376195537,-1.046350782,-32.28,-1.725709021,267.53,-0.205383312,0.5418439938
1.16,-0.38,-0.485106383,-0.7917191481,-27.94,-1.537236694,269.56,-0.1649411078,0.4651212976
1.161,-0.19,-0.2428115016,-0.3928193581,-20.38,-1.179126991,270.13,-0.1536401716,0.2947396733
1.162,-0.02,-0.02558635394,-0.04106644483,-12.98,-0.7890036076,270.694,-0.1424816391,0.04408705879
1.163,0.04,0.05122732124,0.08198900399,-10.46,-0.6466132496,270.457,-0.1471677621,-0.1032891979
1.164,-0.06,-0.07692307692,-0.1236949467,-14.5,-0.8724976531,270.693,-0.1425014031,0.1218670559
1.165,-0.22,-0.2823529412,-0.4574462716,-21.86,-1.25234219,270.987,-0.1366939148,0.3293264084
1.166,-0.36,-0.4625267666,-0.7542534989,-27.79,-1.530506376,271.71,-0.1224389906,0.4563087891
1.167,-0.41,-0.5273311897,-0.8619424578,-29.86,-1.622095229,272.343,-0.1099896464,0.4976329222
1.168,-0.37,-0.4763948498,-0.7772572655,-28.54,-1.564011148,272.643,-0.1040995863,0.4659506409
1.169,-0.26,-0.3351235231,-0.5439816644,-24.36,-1.372529991,270.062,-0.1549871001,0.3561214912
1.17,-0.09,-0.1161290323,-0.1870073727,-17.36,-1.024836452,266.582,-0.2243748543,0.1497003523
1.171,0.08,0.1033369214,0.1650732348,-9.35,-0.5822956888,264.409,-0.2681632232,-0.1940990122
1.172,0.19,0.2456896552,0.390413424,-3.92,-0.2531376369,261.964,-0.3178650281,-0.6837331031
1.173,0.21,0.2718446602,0.4315566919,-2.46,-0.1604107785,261.13,-0.3349246915,-0.8712412455
1.174,0.17,0.2203023758,0.3504008352,-4.18,-0.2694597005,260.315,-0.3516484248,-0.564154325
1.175,0.07,0.09081081081,0.145130615,-8.26,-0.5181705062,260.628,-0.3452195057,-0.1680939239
1.176,-0.11,-0.1428571429,-0.2302734286,-14.8,-0.8887672793,260.984,-0.3379167585,0.1877202454
1.177,-0.33,-0.429035753,-0.6987934078,-23.3,-1.322099131,262.306,-0.3108850359,0.4279241782
1.178,-0.52,-0.6767895879,-1.112189752,-30.25,-1.63904284,263.707,-0.2823862432,0.5788346612
1.179,-0.58,-0.7557003257,-1.245375183,-32.39,-1.73033184,263.625,-0.2840500907,0.6182418357
1.18,-0.49,-0.6391304348,-1.048886999,-29.1,-1.588789859,264.188,-0.2726367638,0.5634855473
1.181,-0.35,-0.4570184984,-0.745122906,-23.74,-1.343126497,264.687,-0.2625411806,0.4640579843
1.182,-0.31,-0.4052287582,-0.6594500208,-22.06,-1.262117344,265.448,-0.2471814975,0.4369247511
1.183,-0.42,-0.5496183206,-0.899092383,-26.06,-1.451811216,264.919,-0.2578539222,0.5258880017
1.184,-0.64,-0.8384279476,-1.385789577,-34.05,-1.799193764,265.79,-0.2402930586,0.6794795445
1.185,-0.86,-1.127868852,-1.883398939,-42.07,-2.10913,264.012,-0.2762020801,0.7895751517
1.186,-1.01,-1.326039387,-2.229781389,-47.28,-2.291668598,260.989,-0.3378142627,0.8479923646
1.187,-1.09,-1.43263965,-2.418019777,-49.96,-2.380256694,256.252,-0.4358098144,0.8586515159
1.188,-1.11,-1.460526316,-2.467483686,-50.96,-2.412432712,250.938,-0.5479214111,0.8335096354
1.189,-1.13,-1.488474204,-2.517148008,-51.42,-2.427077018,247.074,-0.6309427633,0.8231300609
1.19,-1.14,-1.503296703,-2.543525383,-51.74,-2.437206744,241.357,-0.7561901244,0.7964952333
1.191,-1.13,-1.491749175,-2.522973757,-51.67,-2.434994889,235.24,-0.8935294159,0.7579856795
1.192,-1.12,-1.480176211,-2.502392606,-51.33,-2.424219533,230.832,-0.9947305316,0.7319184425
1.193,-1.11,-1.468577729,-2.481781887,-50.89,-2.410195624,230.246,-1.00832954,0.7259802893
1.194,-1.09,-1.443708609,-2.437642364,-50.39,-2.394149901,227.649,-1.069016374,0.7038767911
1.195,-1.08,-1.432044199,-2.416964595,-49.91,-2.378635538,224.251,-1.149475071,0.6850591897
1.196,-1.06,-1.407079646,-2.372763164,-49.27,-2.357779802,221.232,-1.221989161,0.6628257823
1.197,-1.02,-1.355481728,-2.281638008,-47.9,-2.312473353,220.448,-1.240982117,0.6420899395
1.198,-0.93,-1.237250554,-2.074015844,-45.27,-2.22290193,219.783,-1.257145235,0.5959734872
1.199,-0.8,-1.065482797,-1.77531078,-40.95,-2.068022205,219.459,-1.265037924,0.5326368896
1.2,-0.67,-0.8933333333,-1.479425678,-36.57,-1.900564092,220.305,-1.244453676,0.4704029633
1.201,-0.63,-0.8409343715,-1.390056326,-35.1,-1.841889758,221.24,-1.221795703,0.4537203129
1.202,-0.72,-0.9621380846,-1.597266726,-38.25,-1.96607933,221.84,-1.207306211,0.5033320739
1.203,-0.89,-1.190635452,-1.992608643,-44.74,-2.20442772,222.266,-1.197042442,0.5858080617
1.204,-1.05,-1.40625,-2.371295479,-50.57,-2.399939836,223.241,-1.173625264,0.6635657703
1.205,-1.11,-1.488268156,-2.516781518,-52.92,-2.474156267,223.227,-1.173960787,0.6898850781
1.206,-1.09,-1.463087248,-2.472030722,-52.3,-2.45482091,223.309,-1.171995884,0.6815979033
1.207,-1.05,-1.410974244,-2.379653985,-50.82,-2.407956254,223.651,-1.163808572,0.6662403884
1.208,-1.03,-1.385650224,-2.334879422,-50.28,-2.390604118,223.981,-1.155920395,0.6583570516
1.209,-1.06,-1.427609428,-2.409107175,-51.23,-2.42104016,224.555,-1.142227395,0.6760949431
1.21,-1.11,-1.496629213,-2.531657054,-53.14,-2.480975612,224.304,-1.148210789,0.6975825363
1.211,-1.15,-1.552305962,-2.630923877,-54.55,-2.52417126,228.388,-1.051677195,0.7357481476
1.212,-1.14,-1.540540541,-2.609916749,-54.39,-2.519313618,229.344,-1.029329588,0.7354689096
1.213,-1.09,-1.474633596,-2.492541301,-52.83,-2.471360276,229.752,-1.019820463,0.7139536699
1.214,-1.01,-1.367945824,-2.303621682,-50.37,-2.393505636,233.975,-0.9223766028,0.6947236106
1.215,-0.93,-1.261016949,-2.115619181,-47.57,-2.301423432,236.347,-0.8684122652,0.6674223472
1.216,-0.83,-1.126696833,-1.881364112,-44.43,-2.193554939,239.041,-0.8077752517,0.6268434301
1.217,-0.71,-0.9648924122,-1.601995626,-40.67,-2.057638472,242.052,-0.74080666,0.5724591872
1.218,-0.58,-0.7891156463,-1.301994371,-36.15,-1.88392969,244.93,-0.6775703217,0.5082937205
1.219,-0.45,-0.6129398411,-1.004960599,-31.69,-1.700785973,244.612,-0.6845209009,0.4213129177
1.22,-0.36,-0.4909090909,-0.8013570902,-28.46,-1.560454755,244.706,-0.6824653869,0.3572829345
1.221,-0.32,-0.4368600683,-0.711738417,-26.97,-1.493452755,246.994,-0.6326753184,0.3347580166
1.222,-0.33,-0.4510250569,-0.7351921386,-27.05,-1.497087256,250.427,-0.5588270425,0.3575986309
1.223,-0.34,-0.4652223489,-0.7587230402,-27.49,-1.517001501,253.727,-0.4887879189,0.3782665481
1.224,-0.32,-0.4383561644,-0.7142144673,-26.75,-1.483436028,255.373,-0.4541930233,0.3686022703
1.225,-0.25,-0.3428571429,-0.5566911086,-24.18,-1.36402063,258.72,-0.3845297406,0.3183729321
1.226,-0.13,-0.1784897025,-0.2880842881,-19.21,-1.120139165,263.316,-0.2903246079,0.2042479173
1.227,0,0,0,-13.44,-0.8144595062,267.132,-0.2133483456,-0
1.228,0.07,0.09633027523,0.1539203413,-10.57,-0.6529333971,268.953,-0.1770019174,-0.1854606481
1.229,0.02,0.02755453502,0.04413924141,-12.69,-0.7728709424,271.667,-0.1232857324,-0.04925393366
1.23,-0.1,-0.1379310345,-0.2222929845,-18.5,-1.083859896,274.337,-0.07096152279,0.1924912206
1.231,-0.21,-0.2899884925,-0.4699470871,-23.28,-1.321140165,279.271,0.02440414732,0.3624076765
1.232,-0.21,-0.2903225806,-0.4704942081,-23.26,-1.320180922,284.291,0.1197182755,0.3919274036
1.233,-0.1,-0.1384083045,-0.2230660514,-18.77,-1.097699508,286.224,0.1559717994,0.2368689476
1.234,0.07,0.09699769053,0.1549829547,-11.41,-0.7008794776,287.494,0.1796576907,-0.2973455036
1.235,0.2,0.2774566474,0.4403741677,-4.79,-0.307528872,287.579,0.181239229,-3.487017282
1.236,0.27,0.375,0.5930408438,-1.09,-0.07172820793,287.943,0.1880066515,5.100178722
1.237,0.27,0.3754345307,0.5937184296,-0.63,-0.04158482232,288.34,0.1953778575,3.860502714
1.238,0.21,0.2923433875,0.4637460493,-2.86,-0.1859971949,289.531,0.2174307344,14.75322399
1.239,0.07,0.09756097561,0.1558797383,-8.1,-0.5086763819,287.212,0.1744073536,-0.4663301862
1.24,-0.15,-0.2093023256,-0.3381956723,-15.96,-0.9510336805,283.445,0.1037738811,0.3991640728
1.241,-0.4,-0.5587892899,-0.9143962446,-24.58,-1.382900269,276.061,-0.03744602977,0.643784016
1.242,-0.64,-0.8951048951,-1.482452822,-32.65,-1.741228833,268.039,-0.1952141244,0.7655546044
1.243,-0.89,-1.246207701,-2.089687624,-41.25,-2.079100039,260.966,-0.3382857593,0.8644410937
1.244,-1.17,-1.640186916,-2.788350361,-50.63,-2.401866441,253,-0.5041391936,0.9595130611
1.245,-1.4,-1.964912281,-3.377934478,-58.28,-2.634325334,245.124,-0.6733344617,1.021246043
1.246,-1.52,-2.135831382,-3.693246712,-62.42,-2.750006971,238.395,-0.8222530125,1.0338684
1.247,-1.61,-2.264947245,-3.933719665,-65.4,-2.8293046,234.272,-0.9155897992,1.050422053
1.248,-1.73,-2.436619718,-4.25649097,-69.43,-2.931686059,229.598,-1.023407706,1.076204819
1.249,-1.81,-2.552291422,-4.47592777,-72.31,-3.001699638,229.669,-1.021753549,1.112459264
1.25,-1.76,-2.484705882,-4.347522341,-70.64,-2.961407104,229.907,-1.016212354,1.092996046
1.251,-1.57,-2.219081272,-3.848071509,-65.17,-2.82329673,231.286,-0.9842184945,1.010651641
1.252,-1.41,-1.995283019,-3.433711366,-60.33,-2.692438809,232.885,-0.9473584415,0.9433798449
1.253,-1.37,-1.940968123,-3.334036748,-58.94,-2.653217442,234.161,-0.9181252739,0.9335527316
1.254,-1.37,-1.943262411,-3.338240031,-58.99,-2.654641539,235.619,-0.884916857,0.9431233103
1.255,-1.34,-1.90295858,-3.264490979,-58.16,-2.630871517,237.43,-0.8439532472,0.9394692395
1.256,-1.29,-1.834123223,-3.138976219,-56.45,-2.58101252,239.612,-0.795010884,0.9297850884
1.257,-1.24,-1.765124555,-3.013723287,-54.88,-2.534154962,241.745,-0.7475964922,0.9183277069
1.258,-1.19,-1.695961995,-2.888735112,-53.56,-2.493934332,243.847,-0.7012787183,0.9040821587
1.259,-1.15,-1.640903686,-2.789638092,-52.13,-2.449488871,243.763,-0.7031219947,0.8848659765
1.26,-1.09,-1.557142857,-2.639564866,-50.43,-2.395437867,243.245,-0.7145029208,0.8487508432
1.261,-1.04,-1.487485101,-2.515388771,-48.61,-2.336066847,241.479,-0.7534865148,0.8141593546
1.262,-0.98,-1.403341289,-2.366150463,-46.73,-2.27305349,238.188,-0.8269004719,0.7632856785
1.263,-0.92,-1.318996416,-2.217391765,-44.77,-2.205477289,233.772,-0.9270203528,0.7078670182
1.264,-0.86,-1.234449761,-2.069117403,-42.75,-2.133758352,232.234,-0.9623346186,0.6682995059
1.265,-0.8,-1.149700599,-1.921332138,-40.78,-2.061722923,230.858,-0.9941279628,0.628738839
1.266,-0.74,-1.064748201,-1.774040771,-38.94,-1.992519718,226.973,-1.084926746,0.5764651934
1.267,-0.69,-0.993997599,-1.652020835,-37.2,-1.925323051,227.973,-1.061407433,0.5531201573
1.268,-0.64,-0.9230769231,-1.530298793,-35.54,-1.859585803,229.032,-1.036612693,0.5283818754
1.269,-0.6,-0.8664259928,-1.433493347,-34.05,-1.799193764,230.665,-0.9986024963,0.5123651666
1.27,-0.56,-0.8096385542,-1.336833688,-32.85,-1.749582831,232.874,-0.9476111473,0.4956386893
1.271,-0.54,-0.7816646562,-1.28935797,-31.96,-1.712218248,239.504,-0.797422826,0.5137619014
1.272,-0.52,-0.7536231884,-1.241860003,-31.17,-1.678640148,245.15,-0.6727670239,0.5281348195
1.273,-0.49,-0.7110036276,-1.169846175,-30.19,-1.636441812,251.053,-0.5454701719,0.5361564462
1.274,-0.46,-0.6682808717,-1.097872521,-28.92,-1.580847375,254.357,-0.4755204209,0.5338891823
1.275,-0.42,-0.6109090909,-1.001558033,-27.45,-1.515196385,257.134,-0.4174271369,0.5182375258
1.276,-0.37,-0.5388349515,-0.8811105243,-25.82,-1.440736739,260.565,-0.3465128846,0.4929980192
1.277,-0.32,-0.4665856622,-0.7609838737,-23.79,-1.345507527,261.983,-0.3174770118,0.4576012921
1.278,-0.25,-0.3649635036,-0.5930595557,-20.99,-1.209491929,263.212,-0.2924380758,0.3948649764
1.279,-0.19,-0.2777101096,-0.4498484484,-18.58,-1.087966071,261.308,-0.3312790913,0.3169631719
1.28,-0.2,-0.2926829268,-0.4743600143,-18.74,-1.096164401,259.085,-0.3769873247,0.3220035018
1.281,-0.27,-0.3956043956,-0.6435637532,-21.35,-1.227288007,255.023,-0.4615304644,0.381073374
1.282,-0.37,-0.5427872861,-0.8876996701,-24.93,-1.399330515,247.47,-0.6223748687,0.4390845853
1.283,-0.47,-0.6903304774,-1.134991961,-28.24,-1.550653229,243.755,-0.7032975779,0.5035566692
1.284,-0.56,-0.8235294118,-1.360442685,-31.56,-1.695265355,239.716,-0.7926893004,0.5468116881
1.285,-0.71,-1.045398773,-1.740611281,-36.52,-1.898589211,233.722,-0.9281647525,0.6157632761
1.286,-0.91,-1.341523342,-2.257040468,-43.68,-2.167043207,227.165,-1.080403011,0.6950201223
1.287,-1.14,-1.682656827,-2.864755038,-51.64,-2.434046262,222.543,-1.190379132,0.79040254
1.288,-1.34,-1.980295567,-3.406172836,-58.47,-2.639781953,218.899,-1.278707124,0.8692566877
1.289,-1.45,-2.145499383,-3.711185014,-62.4,-2.749463881,220.68,-1.235354725,0.9313309789
1.29,-1.47,-2.177777778,-3.771154987,-62.95,-2.764344966,221.511,-1.215246423,0.9476236675
1.291,-1.43,-2.121137206,-3.666003762,-61.73,-2.731184136,223.99,-1.155705425,0.9431715783
1.292,-1.38,-2.04950495,-3.533561672,-60.12,-2.686561925,226.945,-1.085586777,0.9367503644
1.293,-1.33,-1.977695167,-3.401397453,-58.73,-2.647225312,228.874,-1.040304717,0.9224053567
1.294,-1.29,-1.920595533,-3.296740035,-57.38,-2.608278556,231.343,-0.9829001595,0.9180105743
1.295,-1.25,-1.863354037,-3.192207723,-56.26,-2.57539756,232.65,-0.9527597544,0.9047804388
1.296,-1.27,-1.895522388,-3.250904921,-56.84,-2.592490517,234.327,-0.914333928,0.9270224308
1.297,-1.33,-1.9875467,-3.419493051,-59.07,-2.656918019,236.258,-0.8704272672,0.9694239644
1.298,-1.34,-2.004987531,-3.451556915,-59.42,-2.666847679,235.747,-0.8820112592,0.9725821667
1.299,-1.25,-1.872659176,-3.209174178,-56.69,-2.588083433,236.783,-0.8585519703,0.9311034685
1.3,-1.12,-1.68,-2.859969101,-52.6,-2.464198403,239.498,-0.7975568547,0.8768190361
1.301,-1.04,-1.561952441,-2.648159792,-49.97,-2.380580783,241.733,-0.7478620679,0.8464785576
1.302,-1.03,-1.54887218,-2.624791186,-49.82,-2.375714473,242.033,-0.7412266276,0.8421048398
1.303,-1.03,-1.550815558,-2.628261865,-49.68,-2.371162954,241.869,-0.7448529818,0.8434686853
1.304,-0.97,-1.462311558,-2.470653372,-47.8,-2.309130542,244.358,-0.6900791156,0.8237681436
1.305,-0.88,-1.328301887,-2.233762697,-45.02,-2.214205664,247.281,-0.6264623795,0.7863511903
1.306,-0.79,-1.19395466,-1.998396752,-41.9,-2.102934146,250.601,-0.5551110824,0.751829476
1.307,-0.68,-1.029003783,-1.712320578,-38.39,-1.971465875,254.17,-0.4794551188,0.6986437274
1.308,-0.56,-0.8484848485,-1.40291416,-34.35,-1.811460118,258.246,-0.3943404465,0.6360113341
1.309,-0.45,-0.6826801517,-1.122106528,-30.43,-1.646832218,260.632,-0.345137397,0.5633150823
1.31,-0.38,-0.5772151899,-0.9451739978,-27.54,-1.519256417,262.84,-0.3000046294,0.5195373142
1.311,-0.32,-0.4866920152,-0.7943523925,-25.47,-1.424517135,263.818,-0.2801347859,0.4659909644
1.312,-0.27,-0.4111675127,-0.6692581493,-23.68,-1.34026699,265.997,-0.2361280449,0.4245497699
1.313,-0.26,-0.3964421855,-0.6449462017,-23.21,-1.317781603,265.263,-0.2509113996,0.4111360226
1.314,-0.26,-0.3969465649,-0.6457785248,-23.14,-1.314419647,265.722,-0.2416619835,0.415002987
1.315,-0.24,-0.3668789809,-0.5962135251,-22.27,-1.272351038,264.74,-0.2614700225,0.3887112652
1.316,-0.22,-0.3367346939,-0.5466288848,-21.63,-1.241065966,263.01,-0.2965454679,0.355505216
1.317,-0.26,-0.398467433,-0.6482884312,-23.16,-1.315380552,260.865,-0.3403567364,0.3915406361
1.318,-0.43,-0.6598465473,-1.083688875,-29.35,-1.599786467,258.101,-0.3973452089,0.5426226462
1.319,-0.68,-1.044814341,-1.739602258,-39.03,-1.995948625,254.254,-0.4776873029,0.7032571927
1.32,-0.91,-1.4,-2.36024152,-47.52,-2.299744527,249.86,-0.5709538869,0.8221837268
1.321,-1.05,-1.61745828,-2.747548042,-52.73,-2.468249347,246.966,-0.6332818452,0.8858682605
1.322,-1.11,-1.712082262,-2.917816785,-54.87,-2.533853119,244.007,-0.6977694715,0.9028952803
1.323,-1.11,-1.714285714,-2.921794286,-55,-2.537773694,242.331,-0.7346435611,0.8928550542
1.324,-1.09,-1.68556701,-2.869998319,-54.25,-2.515054007,241.056,-0.762866355,0.8755546205
1.325,-1.06,-1.641290323,-2.790332738,-53.32,-2.486538973,240.278,-0.7801612214,0.8541747244
1.326,-1.04,-1.612403101,-2.738481278,-52.73,-2.468249347,238.874,-0.8115142012,0.8349630201
1.327,-1.05,-1.630012937,-2.770078575,-53.19,-2.482522441,237.329,-0.84622956,0.832167303
1.328,-1.09,-1.694300518,-2.885739472,-54.55,-2.52417126,235.401,-0.8898690887,0.8452564053
1.329,-1.12,-1.743190661,-2.974024162,-55.58,-2.555176805,234.235,-0.9164348239,0.8566696047
1.33,-1.12,-1.745454545,-2.978119045,-55.67,-2.557864367,231.745,-0.9736116418,0.8433071717
1.331,-1.1,-1.716514954,-2.925818918,-55.21,-2.544091518,229.022,-1.03684629,0.817053821
1.332,-1.08,-1.6875,-2.873481539,-54.5,-2.522654446,226.994,-1.084431776,0.796621251
1.333,-1.05,-1.642764016,-2.792980594,-53.67,-2.497315323,225.424,-1.121563516,0.771780631
1.334,-1.02,-1.597911227,-2.712505909,-52.71,-2.467626621,221.546,-1.214401159,0.7366880617
1.335,-0.99,-1.552941176,-2.632058515,-51.74,-2.437206744,218.36,-1.291896797,0.7058153484
1.336,-0.96,-1.507853403,-2.551639454,-50.8,-2.407316014,216.737,-1.331810151,0.682415982
1.337,-0.93,-1.462647444,-2.471249778,-49.89,-2.377986745,218.05,-1.299497449,0.6719946703
1.338,-0.9,-1.417322835,-2.39089055,-48.97,-2.34793628,217.447,-1.314312945,0.6528475817
1.339,-0.88,-1.387647832,-2.338408584,-48.05,-2.317478381,215.139,-1.371401788,0.6339074398
1.34,-0.85,-1.342105263,-2.258065475,-47.14,-2.286944474,217.408,-1.315272575,0.6268543634
1.341,-0.82,-1.296442688,-2.177755716,-46.28,-2.257710568,220.191,-1.247222828,0.621340114
1.342,-0.79,-1.250659631,-2.097480409,-45.34,-2.225331147,223.784,-1.160627998,0.6194641808
1.343,-0.75,-1.188903567,-1.989589059,-44.12,-2.182632322,230.51,-1.002198745,0.6247078783
1.344,-0.7,-1.111111111,-1.85432,-42.47,-2.123647225,240.127,-0.7835244255,0.6378433141
1.345,-0.62,-0.9854304636,-1.637285521,-39.66,-2.019823652,245.862,-0.6572513026,0.6115949491
1.346,-0.48,-0.7639257294,-1.259300181,-34.81,-1.830163511,253.258,-0.4986862422,0.5407391265
1.347,-0.28,-0.4462151394,-0.7272254558,-27.83,-1.532302568,258.214,-0.3950034214,0.3773274508
1.348,-0.08,-0.1276595745,-0.2056620951,-20.02,-1.161081853,263.725,-0.2820210777,0.1425138087
1.349,0.06,0.09587217044,0.1531909476,-13.68,-0.8276758944,267.059,-0.2148105567,-0.1469476629
1.35,0.14,0.224,0.3562333358,-9.81,-0.6090696898,268.161,-0.192779585,-0.4442647104
1.351,0.2,0.3204272363,0.5077661161,-7.17,-0.4530769328,274.031,-0.07693233134,-0.9580325297
1.352,0.26,0.4171122995,0.6586054208,-4.05,-0.2613058477,277.065,-0.01802403225,-2.357805119
1.353,0.34,0.546184739,0.8582579842,0.27,0.0179292053,279.672,0.03208060223,17.16179339
1.354,0.4,0.6434316354,1.007386936,1.8,0.1207514154,281.134,0.05997516013,5.574094083
1.355,0.37,0.5959731544,0.9347479838,1.05,0.07008766376,279.62,0.03108577305,9.239065246
1.356,0.23,0.3709677419,0.5867520786,-3.99,-0.2575376895,278.894,0.01717707179,-2.441132346
1.357,0.03,0.04845222073,0.07755538503,-11.63,-0.7133445598,275.036,-0.05734726793,-0.1006308647
1.358,-0.13,-0.2102425876,-0.339726602,-17.88,-1.051878061,271.025,-0.1359437469,0.2860080525
1.359,-0.24,-0.3886639676,-0.6321144351,-21.72,-1.24548284,266.933,-0.2173353136,0.4321209942
1.36,-0.32,-0.5189189189,-0.8479354259,-24.87,-1.396519814,261.526,-0.3268176368,0.4920309866
1.361,-0.43,-0.698240866,-1.148322661,-28.68,-1.570224845,256.084,-0.4393184495,0.5714346461
1.362,-0.54,-0.8780487805,-1.453323641,-32.94,-1.75333412,251.627,-0.5332520556,0.6355866472
1.363,-0.65,-1.05834464,-1.762972632,-36.88,-1.912775862,246.687,-0.6393292111,0.690791555
1.364,-0.75,-1.222826087,-2.04879807,-40.41,-2.04795787,241.799,-0.7464015647,0.7331905997
1.365,-0.85,-1.387755102,-2.338598111,-44.15,-2.183691534,238.151,-0.8277316027,0.7765757267
1.366,-0.98,-1.602179837,-2.720154436,-48.77,-2.341349877,234.407,-0.9125077323,0.8359783256
1.367,-1.12,-1.833560709,-3.137952826,-53.56,-2.493934332,233.439,-0.9346466728,0.9152336847
1.368,-1.21,-1.983606557,-3.412254305,-57.07,-2.599229838,231.005,-0.9907224073,0.9505013081
1.369,-1.25,-2.051983584,-3.538134374,-58.51,-2.640928857,229.044,-1.03633239,0.9621656269
1.37,-1.24,-2.038356164,-3.513002798,-58.13,-2.63000715,227.005,-1.084172525,0.9458354485
1.371,-1.21,-1.991769547,-3.427253204,-57.05,-2.598644683,228.084,-1.058803154,0.9370614038
1.372,-1.17,-1.928571429,-3.311335929,-55.8,-2.561740305,230.928,-0.9925059994,0.9316562907
1.373,-1.11,-1.83218707,-3.135453891,-54.22,-2.514140117,235.285,-0.8925060909,0.9203931666
1.374,-1.07,-1.768595041,-3.020009862,-52.83,-2.471360276,236.192,-0.8719220286,0.9033068662
1.375,-1.06,-1.754482759,-2.994455157,-52.46,-2.459827311,237.697,-0.8379403279,0.9080249082
1.376,-1.08,-1.790055249,-3.058915202,-53.39,-2.4886986,239.473,-0.7981153436,0.9306627193
1.377,-1.12,-1.858921162,-3.184128657,-54.54,-2.523867984,241.359,-0.7561457919,0.9707668547
1.378,-1.1,-1.828254848,-3.128301588,-54.2,-2.513530638,242.482,-0.7313109359,0.9640845376
1.379,-1.05,-1.747572816,-2.981951091,-52.55,-2.462638316,242.513,-0.7306270113,0.9338250302
1.38,-1.01,-1.683333333,-2.865973812,-51.18,-2.419448739,243.737,-0.7036926613,0.9176573982
1.381,-0.99,-1.652294854,-2.810111283,-50.58,-2.400261054,245.241,-0.6707814654,0.9150349647
1.382,-0.95,-1.587743733,-2.69429635,-49.31,-2.35908901,246.849,-0.6358170052,0.8996263441
1.383,-0.83,-1.389121339,-2.341012121,-45.59,-2.2339865,249.726,-0.5738238633,0.8337500824
1.384,-0.67,-1.122905028,-1.874781997,-40.15,-2.038239983,253.03,-0.5035048438,0.7375964641
1.385,-0.55,-0.9230769231,-1.530298793,-36.13,-1.883135,256.504,-0.4305511724,0.6614115652
1.386,-0.53,-0.8907563025,-1.475022853,-35.35,-1.851958417,259.795,-0.3623461654,0.6661336769
1.387,-0.56,-0.9424964937,-1.563569995,-36.55,-1.899774315,262.143,-0.3142106215,0.7062243151
1.388,-0.56,-0.9438202247,-1.565839535,-36.61,-1.902142947,264.015,-0.2761412878,0.7188407785
1.389,-0.49,-0.8270042194,-1.366352043,-34.41,-1.813906888,264.823,-0.2597929794,0.6588957563
1.39,-0.39,-0.6591549296,-1.082526182,-30.65,-1.656324707,265.343,-0.2492981498,0.5680694783
1.391,-0.27,-0.4569816643,-0.7450618613,-26.18,-1.457333993,265.825,-0.2395886014,0.4390664983
1.392,-0.14,-0.2372881356,-0.3838065613,-21.21,-1.220378231,266.695,-0.2221075523,0.2660730288
1.393,-0.01,-0.01697312588,-0.02723349476,-15.8,-0.9425056566,267.687,-0.202244585,0.02378990086
1.394,0.09,0.1529745042,0.243918868,-10.99,-0.6769763532,269.334,-0.169428447,-0.2881822834
1.395,0.16,0.2723404255,0.4323357807,-7.66,-0.4824596762,270.85,-0.139399341,-0.6952311838
1.396,0.18,0.3068181818,0.4864461764,-6.53,-0.4144013617,272.462,-0.1076524799,-0.9317931172
1.397,0.15,0.2560455192,0.4067133976,-7.6,-0.4788723866,273.698,-0.08343755644,-0.7232904249
1.398,0.09,0.1538461538,0.2453008284,-10.23,-0.6333672186,274.891,-0.06016855155,-0.3536960009
1.399,-0.02,-0.03423680456,-0.05496796218,-14.26,-0.8594324604,272.742,-0.1021572886,0.05716363162
1.4,-0.15,-0.2571428571,-0.4162214057,-19.25,-1.12217216,270.243,-0.1514026431,0.3268134738
1.401,-0.29,-0.4978540773,-0.8128974963,-24.6,-1.383841386,265.189,-0.2524040889,0.4968065666
1.402,-0.43,-0.7392550143,-1.217558363,-29.94,-1.625579557,259.659,-0.3651475685,0.6116148958
1.403,-0.56,-0.9641319943,-1.600689977,-34.79,-1.829352954,255.278,-0.4561836196,0.7003563167
1.404,-0.68,-1.172413793,-1.960856409,-39.04,-1.996329333,250.581,-0.5555380729,0.7684005855
1.405,-0.79,-1.364028777,-2.296710981,-43.13,-2.147413873,245.593,-0.6631079941,0.8171831032
1.406,-0.91,-1.573487032,-2.668783682,-47.45,-2.297391987,240.243,-0.7809405838,0.8669575559
1.407,-1.03,-1.783549784,-3.04711568,-51.83,-2.440047255,236.608,-0.8625074745,0.9226541057
1.408,-1.13,-1.959537572,-3.368074949,-55.64,-2.556968897,232.792,-0.9494953304,0.9605330985
1.409,-1.21,-2.10130246,-3.62927051,-58.47,-2.639781953,229.095,-1.035141267,0.9875772344
1.41,-1.27,-2.208695652,-3.828712223,-60.48,-2.696626096,225.338,-1.123604948,1.00222007
1.411,-1.31,-2.281567489,-3.964816707,-61.94,-2.736931691,225.425,-1.121539783,1.027561493
1.412,-1.33,-2.319767442,-4.036413341,-62.9,-2.762996745,226.5,-1.096087503,1.045951081
1.413,-1.34,-2.340611354,-4.075552663,-63.24,-2.772146596,227.977,-1.061313564,1.063152477
1.414,-1.34,-2.344023324,-4.081964304,-63.18,-2.770534986,229.551,-1.024502994,1.075605653
1.415,-1.32,-2.312408759,-4.022607903,-62.71,-2.757865126,232.05,-0.9665751268,1.080057037
1.416,-1.28,-2.245614035,-3.897587472,-61.42,-2.72266926,234.971,-0.8996507111,1.075992045
1.417,-1.2,-2.108345534,-3.642308735,-59.05,-2.656349138,236.754,-0.8592072517,1.036054704
1.418,-1.1,-1.935483871,-3.323991759,-55.75,-2.560250412,238.25,-0.8255080557,0.9817569063
1.419,-0.98,-1.726872247,-2.94452547,-52.01,-2.445717156,239.344,-0.8009980734,0.9069244643
1.42,-0.85,-1.5,-2.5376565,-48.04,-2.317145055,240.23,-0.7812300902,0.8190281619
1.421,-0.72,-1.272459499,-2.135673198,-43.9,-2.17485042,242.372,-0.7337384708,0.734264373
1.422,-0.62,-1.097345133,-1.830457255,-40.36,-2.046091946,240.732,-0.7700620521,0.6499847865
1.423,-0.56,-0.9926144756,-1.649641304,-38.29,-1.96761948,244.253,-0.6923784908,0.6201663769
1.424,-0.53,-0.9408284024,-1.560710342,-37.43,-1.934304779,247.64,-0.6187009375,0.6113226977
1.425,-0.48,-0.8533333333,-1.411174263,-35.75,-1.867991233,250.631,-0.5544706604,0.5825372393
1.426,-0.35,-0.6231454006,-1.022067583,-31,-1.671363433,254.82,-0.4657907957,0.4782376346
1.427,-0.13,-0.2317979198,-0.3748514156,-22.68,-1.292242177,257.128,-0.417551976,0.2192377457
1.428,0.1,0.1785714286,0.284464375,-13.08,-0.794551446,260.632,-0.345137397,-0.2495982801
1.429,0.24,0.4292101341,0.6774019317,-6.21,-0.3949363368,264.659,-0.263107162,-1.029418166
1.43,0.28,0.5014925373,0.7893488406,-4.14,-0.2669523509,269.147,-0.17314427,-1.79358078
1.431,0.27,0.4843049327,0.7627853684,-4.86,-0.3118773546,272.736,-0.1022749835,-1.841799015
1.432,0.26,0.4670658683,0.7361074431,-5.24,-0.3354114036,275.958,-0.03944251904,-1.963718128
1.433,0.27,0.4857571214,0.7650310731,-4.61,-0.2963280737,278.713,0.01370383693,-2.706884172
1.434,0.3,0.5405405405,0.8495683857,-2.82,-0.1834447491,281.915,0.07481703954,-7.820917783
1.435,0.38,0.6857142857,1.071880594,0.74,0.04929329924,284.513,0.1238944067,6.189126349
1.436,0.53,0.9578313253,1.481906138,4.4,0.300316544,288.542,0.199124551,2.967128963
1.437,0.69,1.248868778,1.910796785,8.72,0.612475389,290.232,0.2303682686,2.267083305
1.438,0.78,1.413897281,2.149564234,11.04,0.7874242588,290.675,0.2385280961,2.095189142
1.439,0.75,1.361573374,2.07420767,10.36,0.7356080126,289.787,0.2221590532,2.16567028
1.44,0.68,1.236363636,1.892573392,8.61,0.6043087435,288.899,0.2057397732,2.336370419
1.441,0.67,1.220030349,1.868743635,8.3,0.5813556798,288.426,0.1969733052,2.400968833
1.442,0.73,1.331306991,2.030471126,9.89,0.7000555195,287.864,0.1865386249,2.290192349
1.443,0.8,1.461187215,2.217393712,11.68,0.836603557,287.488,0.179546035,2.182152834
1.444,0.81,1.481707317,2.246744481,12.16,0.8737509405,286.651,0.1639471881,2.165123381
1.445,0.74,1.355725191,2.065765135,10.43,0.7409213337,285.951,0.1508665427,2.316431059
1.446,0.57,1.04587156,1.612699249,6.11,0.4217921938,286.345,0.1582330116,2.780395117
1.447,0.3,0.5513016845,0.8661326038,-0.82,-0.05405781652,282.066,0.07768185243,36.66319367
1.448,-0.01,-0.01840490798,-0.02953234935,-13.11,-0.7962142848,276.615,-0.02672039308,0.03588662642
1.449,-0.3,-0.5529953917,-0.9047266478,-23.98,-1.354539769,269.751,-0.161151643,0.5969068907
1.45,-0.55,-1.015384615,-1.688843804,-33.17,-1.76289821,260.213,-0.353745142,0.7978877509
1.451,-0.78,-1.442218798,-2.43500045,-41.47,-2.087192618,252.35,-0.5179019398,0.9347071272
1.452,-1,-1.851851852,-3.171249383,-49.71,-2.372139063,243.813,-0.7020247298,1.031581138
1.453,-1.21,-2.244204019,-3.894953987,-57.3,-2.605947207,233.882,-0.9245035348,1.103245526
1.454,-1.37,-2.544891641,-4.461842757,-62.83,-2.761107694,225.615,-1.117032422,1.150510973
1.455,-1.45,-2.697674419,-4.753962064,-65.9,-2.84230205,221.584,-1.213483595,1.172143323
1.456,-1.48,-2.757763975,-4.869605431,-66.81,-2.865738335,213.952,-1.401001412,1.141294224
1.457,-1.47,-2.743390358,-4.841904496,-66.43,-2.855985858,214.107,-1.397126946,1.138437826
1.458,-1.43,-2.672897196,-4.706401611,-65.25,-2.82538851,221.037,-1.226706879,1.161473549
1.459,-1.36,-2.546021841,-4.463993604,-63.1,-2.76838413,224.883,-1.13441853,1.14379178
1.46,-1.27,-2.38125,-4.152008252,-60.38,-2.693835541,228.397,-1.051466374,1.108591069
1.461,-1.18,-2.215962441,-3.842256528,-57.54,-2.612933339,230.17,-1.010095768,1.060509428
1.462,-1.08,-2.031347962,-3.500086839,-54.74,-2.529925227,232.675,-0.9521848874,1.005162595
1.463,-0.99,-1.864992151,-3.195193826,-51.72,-2.436575014,236.718,-0.8600208162,0.9692403893
1.464,-0.86,-1.622641509,-2.756847596,-47.82,-2.309799497,241.007,-0.7639539721,0.896899385
1.465,-0.69,-1.303937008,-2.190919635,-42.3,-2.117487887,243.883,-0.700488937,0.7774796502
1.466,-0.49,-0.927444795,-1.537778321,-35.59,-1.861589459,248.594,-0.5981303748,0.6251843401
1.467,-0.33,-0.6255924171,-1.026171196,-29.64,-1.612492258,253.204,-0.4998270978,0.485803055
1.468,-0.24,-0.4556962025,-0.7429315789,-26.3,-1.462847148,259.01,-0.3785362684,0.4034638154
1.469,-0.22,-0.4183835182,-0.6811813028,-25.69,-1.434721931,264.154,-0.273325333,0.3988070572
1.47,-0.24,-0.4571428571,-0.7453290057,-26.57,-1.475216641,270.248,-0.151303659,0.4582352926
1.471,-0.25,-0.4769475358,-0.7781745057,-27,-1.494816189,274.304,-0.07160511305,0.4967849356
1.472,-0.22,-0.4203821656,-0.6844847924,-25.67,-1.433795568,278.531,0.0102091379,0.4808171658
1.473,-0.12,-0.2296650718,-0.3713734627,-21.78,-1.248424252,281.63,0.0694057587,0.3149852737
1.474,0.03,0.05750798722,0.09201991716,-15.74,-0.9393026778,284.282,0.1195489041,-0.1122531181
1.475,0.16,0.3072,0.4870446298,-9.41,-0.5857976064,285.074,0.1344330987,-1.079049463
1.476,0.26,0.5,0.7870435,-4.45,-0.2863488262,285.669,0.1455878607,-5.591347693
1.477,0.33,0.6356340289,0.9954702807,-0.3,-0.0198458683,285.326,0.139160308,8.343250687
1.478,0.41,0.7909967846,1.23155365,1.87,0.1255057383,285.101,0.1349397852,4.728642034
1.479,0.49,0.9468599034,1.465543007,3.94,0.2680991864,284.281,0.1195300848,3.780785188
1.48,0.54,1.04516129,1.611647718,5.21,0.3575202108,283.457,0.1040003753,3.492038637
1.481,0.55,1.066235864,1.642822686,5.36,0.3681799878,282.343,0.08293318655,3.64170851
1.482,0.53,1.029126214,1.587892509,4.83,0.3306085758,281.828,0.07316575517,3.932623714
1.483,0.51,0.9918962723,1.532621423,4.37,0.298209494,281.314,0.06339947681,4.238339052
1.484,0.5,0.974025974,1.506033471,4.27,0.2911919638,281.372,0.064502401,4.234066153
1.485,0.47,0.9170731707,1.421046679,3.37,0.2284462113,282.377,0.08357739961,4.554292141
1.486,0.35,0.6840390879,1.069329421,0.4,0.02658478558,283.163,0.09844850584,8.552357604
1.487,0.13,0.2544861338,0.4042597556,-7.7,-0.4848495626,281.689,0.07052643811,-0.975711303
1.488,-0.15,-0.2941176471,-0.4767101384,-18.1,-1.063258747,280.334,0.04472940117,0.4680377059
1.489,-0.43,-0.8445171849,-1.396156722,-28.14,-1.546187575,274.777,-0.06238770933,0.8679461484
1.49,-0.66,-1.298360656,-2.181124035,-36.4,-1.893843543,269.512,-0.1658938563,1.058933064
1.491,-0.85,-1.674876847,-2.850742735,-43.14,-2.147772195,263.587,-0.2848213174,1.171894408
1.492,-1.02,-2.013157895,-3.466589924,-48.98,-2.348265094,255.995,-0.4411781235,1.242753357
1.493,-1.18,-2.332784185,-4.060849326,-54.67,-2.52780717,247.901,-0.6130652781,1.292904883
1.494,-1.32,-2.613861386,-4.593372154,-59.5,-2.669110496,240.784,-0.7689065349,1.336052763
1.495,-1.4,-2.776859504,-4.906444073,-62.09,-2.741026956,235.79,-0.8810355139,1.354599517
1.496,-1.4,-2.781456954,-4.915319774,-62.18,-2.743480076,230.984,-0.9912087826,1.316125643
1.497,-1.35,-2.686567164,-4.732632497,-60.83,-2.706362615,230.02,-1.013583458,1.27223148
1.498,-1.3,-2.591362126,-4.550403208,-59.22,-2.661179545,229.845,-1.017655306,1.236914238
1.499,-1.26,-2.515806988,-4.406544409,-57.84,-2.621632716,230.745,-0.9967473132,1.217822443
1.5,-1.21,-2.42,-4.225091649,-56.5,-2.582487618,231.059,-0.9894719312,1.182849803
1.501,-1.17,-2.34,-4.074403975,-55.18,-2.543190135,232.523,-0.9556810332,1.164490997
1.502,-1.13,-2.26,-3.924469479,-53.88,-2.503755071,233.558,-0.9319201028,1.142270233
1.503,-1.09,-2.18,-3.775288161,-52.6,-2.464198403,235.608,-0.8851666305,1.127165335
1.504,-1.05,-2.1,-3.62686002,-51.33,-2.424219533,237.976,-0.8316643771,1.113940214
1.505,-1.01,-2.02,-3.479185057,-50.17,-2.387052641,240.961,-0.7649752018,1.103792616
1.506,-0.97,-1.94,-3.332263271,-48.91,-2.345962384,244.306,-0.6912177303,1.09715695
1.507,-0.91,-1.82,-3.113292801,-46.9,-2.278823328,246.642,-0.6403052332,1.066514453
1.508,-0.81,-1.62,-2.752107905,-43.64,-2.165620988,249.516,-0.5783246868,1.002974632
1.509,-0.67,-1.34,-2.254357415,-39.1,-1.9986124,253.256,-0.4987284918,0.9027031201
1.51,-0.51,-1.02,-1.696797377,-33.67,-1.78357836,257.641,-0.4068887429,0.774628103
1.511,-0.36,-0.72,-1.185029453,-28.15,-1.546634434,261.412,-0.3291502269,0.6317513293
1.512,-0.23,-0.46,-0.7500646472,-23.19,-1.31682139,265.412,-0.2479071125,0.4793576942
1.513,-0.12,-0.24,-0.3882312192,-18.93,-1.105875675,268.002,-0.1959526873,0.2982199732
1.514,-0.03,-0.06,-0.0964223112,-14.94,-0.8963363049,269.865,-0.1588911466,0.09137585557
1.515,0.04,0.08,0.1279040512,-11.38,-0.6991767359,269.972,-0.1567703212,-0.1494298627
1.516,0.08,0.16,0.2550549248,-9.62,-0.5980314896,270.176,-0.1527292063,-0.3397286594
1.517,0.06,0.12,0.1915736352,-10.41,-0.6437372678,270.435,-0.1476029692,-0.2420875703
1.518,-0.01,-0.02,-0.0320936968,-12.89,-0.7840039152,271.224,-0.1320169529,0.03503598872
1.519,-0.1,-0.2,-0.32305528,-15.95,-0.9505012434,271.884,-0.1190140079,0.3020576655
1.52,-0.19,-0.38,-0.6178298248,-19.07,-1.113014539,272.843,-0.100176479,0.5092601375
1.521,-0.29,-0.58,-0.9498290888,-22.52,-1.28449375,273.296,-0.09130126385,0.6903856165
1.522,-0.4,-0.8,-1.32046528,-26.36,-1.465600122,273.557,-0.08619440659,0.8509279132
1.523,-0.51,-1.02,-1.696797377,-30.11,-1.632970217,271.416,-0.1282310173,0.9634318579
1.524,-0.6,-1.2,-2.00894208,-33.22,-1.764973081,268.994,-0.1761864096,1.034918609
1.525,-0.67,-1.34,-2.254357415,-35.57,-1.860788174,264.28,-0.2707740209,1.057608087
1.526,-0.73,-1.46,-2.466549287,-37.36,-1.93157444,259.319,-0.3721575005,1.070675474
1.527,-0.77,-1.54,-2.608952007,-39.01,-1.99518704,252.523,-0.5142354731,1.03966231
1.528,-0.82,-1.64,-2.788014563,-40.7,-2.058753072,247.369,-0.6245588113,1.039019944
1.529,-0.87,-1.74,-2.968253959,-42.22,-2.114584017,242.39,-0.7333411624,1.042251384
1.53,-0.92,-1.84,-3.149670195,-44.08,-2.181219309,237.301,-0.8468607886,1.040154188
1.531,-1.02,-2.04,-3.516033187,-47.17,-2.287957604,232.12,-0.9649614939,1.080885531
1.532,-1.16,-2.32,-4.036849741,-51.96,-2.444143669,227.649,-1.069016374,1.149065141
1.533,-1.33,-2.66,-4.681673735,-57.92,-2.623946329,223.52,-1.166943167,1.23498027
1.534,-1.48,-2.96,-5.261933747,-62.92,-2.763536144,218.962,-1.277167595,1.302232009
1.535,-1.55,-3.1,-5.53634642,-65.22,-2.824604353,217.142,-1.32182234,1.335209044
1.536,-1.54,-3.08,-5.497003389,-64.83,-2.814381723,216.478,-1.338207206,1.323753322
1.537,-1.48,-2.96,-5.261933747,-63.05,-2.767038657,217.732,-1.307305483,1.291479945
1.538,-1.43,-2.86,-5.067336903,-61.5,-2.724870127,218.839,-1.280173755,1.265238797
1.539,-1.41,-2.82,-4.989827681,-61,-2.71107478,222.415,-1.193457175,1.277957957
1.54,-1.41,-2.82,-4.989827681,-61.06,-2.712735254,225.461,-1.120685465,1.301664504
1.541,-1.38,-2.76,-4.873916899,-59.93,-2.681229928,227.97,-1.061477837,1.302243511
1.542,-1.25,-2.5,-4.3765325,-55.93,-2.565609054,231.36,-0.9825070348,1.233480639
1.543,-1.01,-2.02,-3.479185057,-48.49,-2.332096439,234.414,-0.9123479698,1.07235157
1.544,-0.72,-1.44,-2.431066291,-39.2,-2.002413015,237.449,-0.8435251381,0.8542231632
1.545,-0.5,-1,-1.66235,-31.39,-1.688030169,239.827,-0.7902125673,0.6707777151
1.546,-0.38,-0.76,-1.252653219,-27.17,-1.502531077,243.469,-0.7095784679,0.5662708803
1.547,-0.36,-0.72,-1.185029453,-26.34,-1.464682731,245.842,-0.6576865238,0.5583521577
1.548,-0.4,-0.8,-1.32046528,-27.75,-1.528709137,248.577,-0.5984962449,0.6207511936
1.549,-0.49,-0.98,-1.627949697,-30.9,-1.667074528,250.924,-0.5482198995,0.7348683211
1.55,-0.64,-1.28,-2.148896973,-36.41,-1.894239337,254.308,-0.4765511583,0.906405259
1.551,-0.81,-1.62,-2.752107905,-42.5,-2.124732562,257.296,-0.4140575821,1.084023393
1.552,-0.9,-1.8,-3.07696248,-45.52,-2.231566214,259.024,-0.3782470982,1.178997159
1.553,-0.85,-1.7,-2.89601698,-43.86,-2.173432812,260.86,-0.3404592808,1.152005286
1.554,-0.7,-1.4,-2.36024152,-39.01,-1.99518704,261.542,-0.3264903371,1.016610466
1.555,-0.56,-1.12,-1.869740365,-34,-1.797144096,261.564,-0.3260403327,0.8806302174
1.556,-0.47,-0.94,-1.559290311,-30.92,-1.667932812,261.873,-0.3197238125,0.7844867628
1.557,-0.42,-0.84,-1.388465635,-29.28,-1.596711468,262.202,-0.3130066432,0.7270526612
1.558,-0.39,-0.78,-1.286535713,-27.93,-1.536788464,264.464,-0.2670504797,0.713220943
1.559,-0.34,-0.68,-1.117593981,-26.04,-1.450889816,266.169,-0.2326697254,0.6638280103
1.56,-0.28,-0.56,-0.9164173312,-23.74,-1.343126497,268.211,-0.1917821429,0.5970500832
1.561,-0.23,-0.46,-0.7500646472,-21.91,-1.254788614,270.663,-0.1430943586,0.5365718459
1.562,-0.22,-0.44,-0.7169353312,-21.48,-1.233691807,273.685,-0.08369167467,0.5442115689
1.563,-0.25,-0.5,-0.8164645,-22.51,-1.28400888,274.45,-0.06875830002,0.6035513812
1.564,-0.3,-0.6,-0.98328792,-24.44,-1.376304822,275.26,-0.05299179354,0.687952318
1.565,-0.36,-0.72,-1.185029453,-26.52,-1.472929657,271.214,-0.1322142105,0.7382699315
1.566,-0.42,-0.84,-1.388465635,-28.44,-1.559565008,266.764,-0.2207235659,0.7799104347
1.567,-0.47,-0.94,-1.559290311,-30.39,-1.64510302,263.256,-0.2915438144,0.8051495417
1.568,-0.53,-1.06,-1.765833351,-32.44,-1.732430652,259.127,-0.376120112,0.8374630487
1.569,-0.6,-1.2,-2.00894208,-34.81,-1.830163511,253.427,-0.4951173581,0.8639567404
1.57,-0.7,-1.4,-2.36024152,-38.48,-1.974922773,247.021,-0.6320905183,0.9053431097
1.571,-0.85,-1.7,-2.89601698,-43.63,-2.165265302,241.213,-0.7593830291,0.9902103268
1.572,-1,-2,-3.442384,-48.79,-2.342009385,235.971,-0.876930257,1.069415516
1.573,-1.09,-2.18,-3.775288161,-52.19,-2.451372268,232.927,-0.9463936746,1.111108954
1.574,-1.12,-2.24,-3.887103539,-53.1,-2.479737343,230.135,-1.010909359,1.113576901
1.575,-1.1,-2.2,-3.81251288,-52.52,-2.461701721,231.243,-0.9852132429,1.106065255
1.576,-1.08,-2.16,-3.738110515,-51.74,-2.437206744,233.508,-0.9330655512,1.109141989
1.577,-1.05,-2.1,-3.62686002,-51.01,-2.414029237,235.33,-0.8914829616,1.097215742
1.578,-1.02,-2.04,-3.516033187,-50.03,-2.382524325,237.446,-0.843592732,1.089865347
1.579,-0.97,-1.94,-3.332263271,-48.33,-2.326791689,239.772,-0.7914396341,1.068638894
1.58,-0.88,-1.76,-3.004443059,-45.4,-2.227411341,242.755,-0.7252909903,1.017523178
1.581,-0.74,-1.48,-2.502079357,-40.9,-2.066171118,245.25,-0.6705851316,0.9142499836
1.582,-0.6,-1.2,-2.00894208,-36.21,-1.886312353,248.8,-0.5936988776,0.810053622
1.583,-0.51,-1.02,-1.696797377,-33.21,-1.764558229,251.714,-0.5314026136,0.7390358517
1.584,-0.49,-0.98,-1.627949697,-32.16,-1.720657414,254.456,-0.4734385165,0.7419683316
1.585,-0.49,-0.98,-1.627949697,-32.16,-1.720657414,256.76,-0.4252143473,0.7586425836
1.586,-0.47,-0.94,-1.559290311,-31.74,-1.702906482,258.228,-0.3947133598,0.7433617283
1.587,-0.44,-0.88,-1.456654285,-30.54,-1.651582289,260.297,-0.352018374,0.7270182685
1.588,-0.41,-0.82,-1.354441921,-29.5,-1.606365158,261.765,-0.3219306806,0.7024035904
1.589,-0.41,-0.82,-1.354441921,-29.44,-1.603735414,260.95,-0.3386137815,0.697321534
1.59,-0.42,-0.84,-1.388465635,-29.88,-1.622966693,258.725,-0.3844263479,0.6916760229
1.591,-0.41,-0.82,-1.354441921,-29.58,-1.609867895,258.373,-0.3917100748,0.6766870645
1.592,-0.38,-0.76,-1.252653219,-28.19,-1.548421217,258.548,-0.3880876642,0.6468615928
1.593,-0.32,-0.64,-1.050346803,-26.14,-1.455494137,260.618,-0.3454247831,0.5832282573
1.594,-0.28,-0.56,-0.9164173312,-24.71,-1.389012656,263.963,-0.2771951196,0.5500018333
1.595,-0.27,-0.54,-0.8830526472,-24.16,-1.363073778,265.866,-0.2387634981,0.5512748771
1.596,-0.25,-0.5,-0.8164645,-23.45,-1.329282563,270.211,-0.1520361845,0.5511740815
1.597,-0.22,-0.44,-0.7169353312,-22.31,-1.27429681,273.368,-0.08989198868,0.5255396702
1.598,-0.2,-0.4,-0.65081792,-21.24,-1.221860066,276.127,-0.03616711751,0.5173321598
1.599,-0.19,-0.38,-0.6178298248,-20.78,-1.19906837,278.33,0.006346953093,0.5180001097
1.6,-0.19,-0.38,-0.6178298248,-20.87,-1.203539452,280.83,0.05418688843,0.5375459579
1.601,-0.19,-0.38,-0.6178298248,-20.75,-1.197576727,283.128,0.09778718507,0.5617709581
1.602,-0.15,-0.3,-0.48634818,-19.47,-1.133332914,285.058,0.1341328173,0.4867375231
1.603,-0.14,-0.28,-0.4535954528,-18.91,-1.104854673,283.727,0.1090939608,0.4555265609
1.604,-0.17,-0.34,-0.5519948552,-19.88,-1.154039167,280.968,0.05681523533,0.5030831349
1.605,-0.2,-0.4,-0.65081792,-21.12,-1.215928896,277.076,-0.01781163144,0.5275160422
1.606,-0.24,-0.48,-0.7832410368,-22.31,-1.27429681,274.15,-0.07460955835,0.5806489282
1.607,-0.27,-0.54,-0.8830526472,-23.6,-1.336450457,272.47,-0.107495396,0.6115552363
1.608,-0.33,-0.66,-1.083946855,-25.81,-1.440274464,269.678,-0.1625996556,0.6762520161
1.609,-0.36,-0.72,-1.185029453,-26.67,-1.479785624,266.775,-0.2205029635,0.696957835
1.61,-0.35,-0.7,-1.15128818,-26.45,-1.469725083,262.956,-0.297644018,0.6514135498
1.611,-0.4,-0.8,-1.32046528,-27.98,-1.53902896,260.778,-0.3421412902,0.7019382108
1.612,-0.48,-0.96,-1.593596467,-31.13,-1.676929612,258.309,-0.3930354548,0.7698663579
1.613,-0.58,-1.16,-1.939247075,-34.52,-1.818387019,257.231,-0.415409309,0.868139611
1.614,-0.58,-1.16,-1.939247075,-34.6,-1.821640736,256.231,-0.436248268,0.8588761766
1.615,-0.49,-0.98,-1.627949697,-31.45,-1.690585826,256.584,-0.4288828426,0.7680933061
1.616,-0.41,-0.82,-1.354441921,-28.32,-1.554221063,256.873,-0.4228603318,0.6850714008
1.617,-0.35,-0.7,-1.15128818,-26.01,-1.449507215,258.117,-0.3970135661,0.623490508
1.618,-0.34,-0.68,-1.117593981,-25.92,-1.445355796,259.133,-0.375996236,0.6136067939
1.619,-0.4,-0.8,-1.32046528,-28.08,-1.543505053,261.355,-0.3303169035,0.7046908996
1.62,-0.49,-0.98,-1.627949697,-31.03,-1.672648878,264.219,-0.272009028,0.8371393711
1.621,-0.54,-1.08,-1.800421949,-32.98,-1.754999765,266.496,-0.2261010557,0.9087987494
1.622,-0.56,-1.12,-1.869740365,-33.37,-1.77118854,267.704,-0.2019048333,0.9476187952
1.623,-0.53,-1.06,-1.765833351,-32.64,-1.740810488,266.668,-0.2226492097,0.8993478977
1.624,-0.49,-0.98,-1.627949697,-31.01,-1.671791978,264.899,-0.2582578345,0.8434754825
1.625,-0.45,-0.9,-1.49081922,-29.55,-1.608554849,262.808,-0.3006560159,0.7808562413
1.626,-0.49,-0.98,-1.627949697,-30.99,-1.670934826,261.559,-0.3261426031,0.8151660388
1.627,-0.7,-1.4,-2.36024152,-38.21,-1.964538269,262.358,-0.3098245477,1.037759456
1.628,-0.94,-1.88,-3.222566205,-46.74,-2.273393291,263.893,-0.2786140672,1.262757411
1.629,-0.94,-1.88,-3.222566205,-46.73,-2.27305349,267.49,-0.2061832821,1.299821881
1.63,-0.7,-1.4,-2.36024152,-38.78,-1.986412608,271.453,-0.1275017438,1.11652656
1.631,-0.53,-1.06,-1.765833351,-32.79,-1.747079211,274.726,-0.06338078853,0.9753506575
1.632,-0.62,-1.24,-2.078825379,-36.12,-1.882737567,277.532,-0.009014064329,1.098889169
1.633,-0.87,-1.74,-2.968253959,-44.96,-2.212113787,277.733,-0.005140778431,1.338706888
1.634,-1.03,-2.06,-3.552928391,-50.7,-2.404112018,277.956,-0.000846829607,1.477334382
1.635,-1.13,-2.26,-3.924469479,-53.91,-2.504673445,276.969,-0.01987807011,1.554521449
1.636,-1.22,-2.44,-4.262881251,-57.33,-2.606821773,276.28,-0.03320354166,1.614712264
1.637,-1.15,-2.3,-3.99934258,-54.97,-2.536869595,273.879,-0.07990070213,1.528350648
1.638,-0.76,-1.52,-2.573280717,-42.68,-2.13123449,270.858,-0.1392413223,1.133366276
1.639,-0.26,-0.52,-0.8497350368,-25.41,-1.421728351,265.554,-0.2450455356,0.5098082251
1.64,-0.03,-0.06,-0.0964223112,-15.84,-0.9446394691,261.26,-0.3322619299,0.07551273048
1.641,-0.19,-0.38,-0.6178298248,-21.63,-1.241065966,257.094,-0.4182594525,0.3723379501
1.642,-0.55,-1.1,-1.83505762,-34.87,-1.832593747,253.173,-0.5004821434,0.7865400469
1.643,-0.91,-1.82,-3.113292801,-47.51,-2.299408598,248.277,-0.6049568961,1.071935611
1.644,-1.15,-2.3,-3.99934258,-56.14,-2.571843432,243.415,-0.7107651983,1.218342797
1.645,-1.28,-2.56,-4.490607411,-60.61,-2.700248033,240.348,-0.7786028371,1.290830673
1.646,-1.31,-2.62,-4.605105985,-61.71,-2.730635884,237.038,-0.852793466,1.285111421
1.647,-1.3,-2.6,-4.56689272,-61.59,-2.727343206,235.98,-0.8767262104,1.267148934
1.648,-1.31,-2.62,-4.605105985,-61.77,-2.732280187,234.544,-0.9093818193,1.264561614
1.649,-1.32,-2.64,-4.643366323,-62.13,-2.742117605,232.967,-0.9454750107,1.25918636
1.65,-1.32,-2.64,-4.643366323,-62.25,-2.745385969,230.701,-0.9977675843,1.240495817
1.651,-1.31,-2.62,-4.605105985,-61.95,-2.737204971,229.396,-1.028116701,1.223031227
1.652,-1.29,-2.58,-4.528726529,-61.25,-2.717984351,227.369,-1.075600729,1.193785412
1.653,-1.26,-2.52,-4.414510397,-60.3,-2.691600304,227.431,-1.074142066,1.172281575
1.654,-1.23,-2.46,-4.300717927,-59.33,-2.664298981,227.425,-1.07428321,1.150360673
1.655,-1.2,-2.4,-4.18734912,-58.39,-2.637486208,230.901,-0.9931315556,1.153343423
1.656,-1.17,-2.34,-4.074403975,-57.45,-2.610316321,234.447,-0.9115948682,1.156873003
1.657,-1.14,-2.28,-3.961882493,-56.51,-2.582782512,234.415,-0.912325147,1.133550917
1.658,-1.1,-2.2,-3.81251288,-55.5,-2.552784956,234.436,-0.9118458903,1.100409553
1.659,-1.07,-2.14,-3.700979943,-54.57,-2.52477768,236.859,-0.8568350618,1.094442275
1.66,-1.05,-2.1,-3.62686002,-53.95,-2.505897326,239.413,-0.799455955,1.097268495
1.661,-1.05,-2.1,-3.62686002,-53.71,-2.498543445,240.338,-0.7788254357,1.106637718
1.662,-1.05,-2.1,-3.62686002,-53.79,-2.500997565,240.526,-0.7746421321,1.107221903
1.663,-1.05,-2.1,-3.62686002,-53.96,-2.506203187,240.92,-0.7658855925,1.108423476
1.664,-1.06,-2.12,-3.663896445,-54.07,-2.509564744,242.499,-0.7309358696,1.130657538
1.665,-1.06,-2.12,-3.663896445,-54.14,-2.511701147,244.142,-0.694810334,1.142642547
1.666,-1.06,-2.12,-3.663896445,-54.19,-2.513225832,245.778,-0.6590794696,1.154963377
1.667,-1.06,-2.12,-3.663896445,-54.25,-2.515054007,247.075,-0.6309211099,1.164629823
1.668,-1.09,-2.18,-3.775288161,-55.26,-2.545592962,248.922,-0.5910761283,1.203597846
1.669,-1.15,-2.3,-3.99934258,-57.36,-2.607695966,250.369,-0.5600662696,1.262513498
1.67,-1.17,-2.34,-4.074403975,-58.26,-2.633750103,253.182,-0.5002919606,1.300047636
1.671,-1.13,-2.26,-3.924469479,-56.79,-2.591022532,256.72,-0.4260478754,1.30075502
1.672,-0.97,-1.94,-3.332263271,-51.89,-2.441938868,259.836,-0.3615019124,1.188633373
1.673,-0.72,-1.44,-2.431066291,-44.11,-2.182279147,264.005,-0.2763439316,0.9887917804
1.674,-0.49,-0.98,-1.627949697,-36.4,-1.893843543,266.965,-0.2166939926,0.771343636
1.675,-0.32,-0.64,-1.050346803,-30.2,-1.636875475,269.803,-0.1601204209,0.5845015036
1.676,-0.22,-0.44,-0.7169353312,-26.47,-1.470641008,271.377,-0.1289998187,0.448185192
1.677,-0.17,-0.34,-0.5519948552,-24.68,-1.387603126,270.96,-0.1372269927,0.3620041658
1.678,-0.12,-0.24,-0.3882312192,-22.91,-1.303349294,270.662,-0.1431141249,0.2684003024
1.679,-0.09,-0.18,-0.2905379208,-21.48,-1.233691807,271.106,-0.1343450558,0.2123757983
1.68,-0.07,-0.14,-0.2256444232,-20.7,-1.19508923,271.946,-0.1177941414,0.1718693587
1.681,-0.06,-0.12,-0.1932682848,-20.38,-1.179126991,273.013,-0.09684409817,0.1514676049
1.682,-0.06,-0.12,-0.1932682848,-20.14,-1.167107229,273.9,-0.07949050021,0.155036609
1.683,-0.05,-0.1,-0.16093922,-19.82,-1.151016555,274.234,-0.07297056084,0.1314876749
1.684,-0.04,-0.08,-0.1286572288,-19.49,-1.134345791,274.488,-0.06801759706,0.1070036148
1.685,-0.03,-0.06,-0.0964223112,-19.15,-1.117087496,272.503,-0.106847474,0.07878058356
1.686,-0.02,-0.04,-0.0642344672,-18.85,-1.101789922,270.672,-0.1429164651,0.05160612002
1.687,-0.02,-0.04,-0.0642344672,-18.79,-1.098722549,268.557,-0.184884935,0.05004214139
1.688,-0.02,-0.04,-0.0642344672,-18.47,-1.082318874,267.475,-0.2064833017,0.04984043975
1.689,0.04,0.08,0.1279040512,-16.2,-0.963789633,266.831,-0.2193800375,-0.1081028819
1.69,0.16,0.32,0.5070971392,-10.6,-0.6546554013,266.096,-0.2341372275,-0.5705460675
1.691,0.23,0.46,0.7251627128,-7.13,-0.45066962,263.355,-0.2895322726,-0.9796823272
1.692,0.15,0.3,0.47575662,-10.17,-0.6299047856,261.438,-0.3286181431,-0.4963434945
1.693,-0.06,-0.12,-0.1932682848,-18.26,-1.071513278,257.851,-0.4025298001,0.1311144075
1.694,-0.34,-0.68,-1.117593981,-28.77,-1.57421266,254.391,-0.4748053321,0.5454290715
1.695,-0.57,-1.14,-1.904470183,-37.19,-1.924931849,252.656,-0.5114184517,0.7816898017
1.696,-0.73,-1.46,-2.466549287,-42.93,-2.140236312,250.825,-0.5503311145,0.9167394443
1.697,-0.85,-1.7,-2.89601698,-47.36,-2.294363738,248.472,-0.6007565855,1.000309713
1.698,-0.91,-1.82,-3.113292801,-49.66,-2.370511976,245.177,-0.6721778253,1.02320414
1.699,-0.94,-1.88,-3.222566205,-50.65,-2.402508268,238.98,-0.8091406729,1.003399271
1.7,-0.93,-1.86,-3.186094663,-50.44,-2.395759741,236.418,-0.8668053358,0.9765612604
1.701,-0.89,-1.78,-3.040679233,-49.01,-2.349251248,235.152,-0.8955311507,0.9370980421
1.702,-0.83,-1.66,-2.823968295,-47.28,-2.291668598,230.815,-0.9951245556,0.8591864967
1.703,-0.8,-1.6,-2.71624832,-46.13,-2.252573643,231.857,-0.9710266659,0.8426132459
1.704,-0.78,-1.56,-2.644670371,-45.61,-2.234677552,233.953,-0.9228796717,0.8375684696
1.705,-0.77,-1.54,-2.608952007,-45.43,-2.228450748,235.451,-0.8887328506,0.8369580825
1.706,-0.77,-1.54,-2.608952007,-45.3,-2.22394333,236.713,-0.8601338211,0.8459425234
1.707,-0.77,-1.54,-2.608952007,-45.23,-2.221512679,238.937,-0.8101033924,0.8605812693
1.708,-0.76,-1.52,-2.573280717,-44.99,-2.213159957,242.243,-0.7365867112,0.8723734634
1.709,-0.73,-1.46,-2.466549287,-44.09,-2.181572641,245.021,-0.6755829801,0.863288394
1.71,-0.68,-1.36,-2.289605043,-42.33,-2.118575954,248.791,-0.5938924101,0.8441038701
1.711,-0.61,-1.22,-2.043860193,-39.85,-2.02698052,253.308,-0.4976301113,0.8095744221
1.712,-0.52,-1.04,-1.731291827,-37.12,-1.922191812,256.178,-0.4373550011,0.7337391306
1.713,-0.45,-0.9,-1.49081922,-34.45,-1.815536867,257.866,-0.4022185829,0.6722198428
1.714,-0.37,-0.74,-1.218817799,-31.72,-1.702058465,261.721,-0.3228300361,0.6019184752
1.715,-0.29,-0.58,-0.9498290888,-28.92,-1.580847375,263.548,-0.2856129552,0.5088932634
1.716,-0.22,-0.44,-0.7169353312,-26,-1.449046214,265.937,-0.2373349616,0.4251324323
1.717,-0.13,-0.26,-0.4208897992,-22.82,-1.299007415,268.853,-0.1789914824,0.284770036
1.718,-0.05,-0.1,-0.16093922,-19.42,-1.130799456,271.767,-0.121316772,0.1285337706
1.719,0.01,0.02,0.0320466232,-16.87,-0.9991717239,272.353,-0.1097932066,-0.02889777875
1.72,0.02,0.04,0.0640461728,-16.58,-0.9838982539,271.667,-0.1232857324,-0.05784600716
1.721,-0.03,-0.06,-0.0964223112,-18.65,-1.09155514,268.507,-0.1858810919,0.07548111509
1.722,-0.12,-0.24,-0.3882312192,-22.24,-1.270890974,264.855,-0.2591465489,0.253739672
1.723,-0.23,-0.46,-0.7500646472,-26.38,-1.466517247,262.297,-0.3110686033,0.4219569183
1.724,-0.33,-0.66,-1.083946855,-30.59,-1.653738882,260.256,-0.3528611316,0.5401907944
1.725,-0.37,-0.74,-1.218817799,-32.07,-1.716862858,259.795,-0.3623461654,0.5861930116
1.726,-0.25,-0.5,-0.8164645,-27.66,-1.524661514,259.813,-0.3619755013,0.4327618366
1.727,0,0,0,-17.95,-1.055503049,260.617,-0.3454453112,-0
1.728,0.11,0.22,0.3499238072,-12.63,-0.7695249792,261.018,-0.3372198263,-0.3161738871
1.729,-0.02,-0.04,-0.0642344672,-17.91,-1.053432069,261.414,-0.3291092955,0.04646115396
1.73,-0.24,-0.48,-0.7832410368,-26.86,-1.4884484,261.905,-0.3190701004,0.4333239391
1.731,-0.36,-0.72,-1.185029453,-31.29,-1.683765736,262.58,-0.3052994416,0.5957720573
1.732,-0.27,-0.54,-0.8830526472,-28.21,-1.549314217,263.944,-0.2775802253,0.4833627092
1.733,-0.12,-0.24,-0.3882312192,-22.27,-1.272351038,265.624,-0.2436354622,0.2560914752
1.734,-0.03,-0.06,-0.0964223112,-18.51,-1.084373424,268.096,-0.1940765378,0.07542126332
1.735,0.03,0.06,0.0959986488,-16.28,-0.9680320117,270.621,-0.1439246067,-0.08633308819
1.736,0.04,0.08,0.1279040512,-15.66,-0.9350278181,272.907,-0.09892169198,-0.1237043492
1.737,0.02,0.04,0.0640461728,-16.3,-0.9690918569,270.634,-0.1436676114,-0.05755616971
1.738,0,0,0,-17.04,-1.008096015,268.105,-0.1938969409,-0
1.739,-0.02,-0.04,-0.0642344672,-17.9,-1.05291414,266.013,-0.2358062465,0.0498436029
1.74,-0.07,-0.14,-0.2256444232,-19.99,-1.159573893,263.589,-0.2847807238,0.1562250853
1.741,-0.17,-0.34,-0.5519948552,-23.73,-1.342650085,260.902,-0.3395979686,0.3281292876
1.742,-0.31,-0.62,-1.016793825,-29.12,-1.589671068,256.95,-0.4212568614,0.5056341454
1.743,-0.44,-0.88,-1.456654285,-34.09,-1.800832412,251.976,-0.5258368881,0.6260684681
1.744,-0.49,-0.98,-1.627949697,-36.04,-1.879555991,246.487,-0.6436684507,0.6451862427
1.745,-0.43,-0.86,-1.422536423,-33.84,-1.790575003,242.213,-0.7372493101,0.5627513019
1.746,-0.36,-0.72,-1.185029453,-31.31,-1.684619123,238.299,-0.824407854,0.4723063815
1.747,-0.44,-0.88,-1.456654285,-34.41,-1.813906888,239.111,-0.8062088042,0.5559503685
1.748,-0.64,-1.28,-2.148896973,-41.99,-2.106216243,240.995,-0.7642203611,0.748630703
1.749,-0.79,-1.58,-2.680435809,-47.84,-2.310468255,243.214,-0.7151847871,0.885903232
1.75,-0.76,-1.52,-2.573280717,-46.98,-2.281533561,245.836,-0.6578170971,0.8754589079
1.751,-0.57,-1.14,-1.904470183,-40.79,-2.062093908,248.972,-0.5900016024,0.7181001499
1.752,-0.37,-0.74,-1.218817799,-33.94,-1.7946825,252.764,-0.5091320364,0.5290433669
1.753,-0.24,-0.48,-0.7832410368,-29.34,-1.599347375,256.557,-0.4294458458,0.3860625267
1.754,-0.21,-0.42,-0.6838530888,-28.09,-1.543952303,260.283,-0.35230613,0.3606328531
1.755,-0.25,-0.5,-0.8164645,-29.83,-1.620787553,261.831,-0.3205819308,0.4205611074
1.756,-0.32,-0.64,-1.050346803,-32.75,-1.745408904,264.044,-0.275553664,0.5197260058
1.757,-0.35,-0.7,-1.15128818,-33.88,-1.792218728,265.932,-0.2374355503,0.5672336379
1.758,-0.26,-0.52,-0.8497350368,-30.84,-1.664498164,268.003,-0.1959327248,0.4567409851
1.759,-0.06,-0.12,-0.1932682848,-23.05,-1.310092142,270.302,-0.1502347477,0.1323459057
1.76,0.19,0.38,0.6008362552,-12.33,-0.752753048,272.464,-0.1076132085,-0.6983493956
1.761,0.37,0.74,1.154374041,-3.42,-0.2215873049,274.037,-0.07681519259,-3.868513336
1.762,0.41,0.82,1.275311199,-1.32,-0.08673051104,275.258,-0.05303066603,-9.12493173
1.763,0.35,0.7,1.09362302,-4.3,-0.2769736057,276.003,-0.0385701748,-3.465836083
1.764,0.27,0.54,0.8487359928,-7.82,-0.4920113549,276.771,-0.02370405359,-1.64574488
1.765,0.21,0.42,0.6630936312,-10.87,-0.6701212323,277.781,-0.004216229272,-0.9833261074
1.766,0.12,0.24,0.3814526208,-15.18,-0.9092771192,279.002,0.01924842562,-0.4285846328
1.767,-1.33226763e-14,-2.664535259e-14,-4.272276977e-14,-20.58,-1.189111962,279.379,0.02647270548,3.674636782e-14
1.768,-0.06,-0.12,-0.1932682848,-23.6,-1.336450457,280.196,0.04209510857,0.1493162485
1.769,0.02,0.04,0.0640461728,-20.47,-1.183623767,281.73,0.0713050771,-0.05757897749
1.77,0.22,0.44,0.6941517088,-11.64,-0.7139102482,283.215,0.09943088863,-1.1296583
1.771,0.42,0.84,1.305427805,-1.2,-0.07890898373,283.934,0.1129957616,38.29718993
1.772,0.52,1.04,1.604004813,1.91,0.1282244698,284.31,0.1200758198,6.459939356
1.773,0.5,1,1.544666,1.47,0.09839736986,283.43,0.1034907499,7.651099042
1.774,0.43,0.86,1.335497337,-0.23,-0.01522226044,282.283,0.0817961507,20.060377
1.775,0.36,0.72,1.124022067,-3.18,-0.2063673069,279.968,0.0377399552,-6.665716184
1.776,0.26,0.52,0.8179132832,-7.42,-0.468092788,278.325,0.006250843294,-1.770980944
1.777,0.09,0.18,0.2867249592,-13.77,-0.8326205898,276.627,-0.02648830657,-0.3337469329
1.778,-0.12,-0.24,-0.3882312192,-21.81,-1.249894007,274.712,-0.06365343076,0.2955593442
1.779,-0.32,-0.64,-1.050346803,-29.38,-1.601103361,271.509,-0.1263981675,0.6080149777
1.78,-0.44,-0.88,-1.456654285,-33.79,-1.788518985,268.491,-0.1861999012,0.7376514677
1.781,-0.51,-1.02,-1.696797377,-36.37,-1.892655812,265.423,-0.2476853864,0.7927695725
1.782,-0.62,-1.24,-2.078825379,-40.74,-2.060238437,262.592,-0.3050549503,0.8788869028
1.783,-0.77,-1.54,-2.608952007,-46.16,-2.253601936,260.258,-0.3528200184,1.0009707
1.784,-0.84,-1.68,-2.859969101,-48.86,-2.344316145,257.538,-0.4090279994,1.038725619
1.785,-0.79,-1.58,-2.680435809,-47.06,-2.284240608,255.895,-0.4432684164,0.9827413164
1.786,-0.66,-1.32,-2.219156861,-42.94,-2.140595694,253.581,-0.4918673106,0.8429964095
1.787,-0.58,-1.16,-1.939247075,-40.19,-2.039737475,250.903,-0.5486676634,0.7492053876
1.788,-0.56,-1.12,-1.869740365,-39.58,-2.016804215,247.586,-0.6198676775,0.7091289479
1.789,-0.56,-1.12,-1.869740365,-39.67,-2.020200831,245.008,-0.6758668408,0.6935064666
1.79,-0.58,-1.16,-1.939247075,-40.29,-2.043477333,241.703,-0.7485260648,0.6945718893
1.791,-0.62,-1.24,-2.078825379,-41.74,-2.097088518,237.13,-0.8507174086,0.7052110727
1.792,-0.66,-1.32,-2.219156861,-43.48,-2.159923705,231.419,-0.9811428847,0.7064978718
1.793,-0.69,-1.38,-2.324899745,-44.57,-2.198471384,232.465,-0.9570156913,0.7367799929
1.794,-0.69,-1.38,-2.324899745,-44.66,-2.201626598,232.426,-0.9579133211,0.7358349013
1.795,-0.68,-1.36,-2.289605043,-44.06,-2.18051249,235.545,-0.8865973759,0.7465024545
1.796,-0.64,-1.28,-2.148896973,-42.89,-2.138798253,239.497,-0.7975791931,0.7318190566
1.797,-0.6,-1.2,-2.00894208,-41.49,-2.087927002,245.152,-0.6727233774,0.727706085
1.798,-0.56,-1.12,-1.869740365,-40.29,-2.043477333,249.29,-0.5831726641,0.7118346056
1.799,-0.54,-1.08,-1.800421949,-39.6,-2.017559409,249.818,-0.5718532661,0.6953012806
1.8,-0.49,-0.98,-1.627949697,-37.94,-1.954112242,250.939,-0.5479000911,0.6506561438
1.801,-0.34,-0.68,-1.117593981,-32.62,-1.739973613,254.401,-0.4745950301,0.5046553804
1.802,-0.1,-0.2,-0.32305528,-23.71,-1.341697053,256.624,-0.4280488728,0.1825433105
1.803,0.11,0.22,0.3499238072,-15.18,-0.9092771192,259.754,-0.3631905516,-0.274996226
1.804,0.16,0.32,0.5070971392,-12.72,-0.7745428726,262.158,-0.3139044997,-0.465890361
1.805,0.09,0.18,0.2867249592,-15.55,-0.9291420015,263.171,-0.2932714993,-0.2345564402
1.806,0.04,0.08,0.1279040512,-17.98,-1.057055512,264.034,-0.2757562856,-0.09596557549
1.807,0.03,0.06,0.0959986488,-18.39,-1.078206264,265.722,-0.2416619835,-0.07273350881
1.808,0.06,0.12,0.1915736352,-16.98,-1.004948719,268.427,-0.1874753288,-0.1606589833
1.809,0.11,0.22,0.3499238072,-14.72,-0.8844354223,267.726,-0.2014651867,-0.3222429422
1.81,0.14,0.28,0.4443690272,-13.25,-0.8039649764,267.824,-0.1995071995,-0.4428314385
1.811,0.13,0.26,0.4129343608,-13.73,-0.8304237177,266.919,-0.2176159158,-0.394006436
1.812,0.06,0.12,0.1915736352,-16.79,-0.9949646151,266.177,-0.2325089278,-0.1560714985
1.813,0.01,0.02,0.0320466232,-18.68,-1.093092217,264.45,-0.2673337016,-0.02355631628
1.814,0,0,0,-19.32,-1.125727111,261.643,-0.3244247197,-0
1.815,-0.12,-0.24,-0.3882312192,-23.86,-1.348838081,258.574,-0.3875496867,0.223585553
1.816,-0.36,-0.72,-1.185029453,-33.69,-1.784402404,255.564,-0.450193117,0.5303104931
1.817,-0.6,-1.2,-2.00894208,-43.3,-2.153498153,253.822,-0.4867851566,0.7608812557
1.818,-0.63,-1.26,-2.113837639,-44.27,-2.187923698,252.969,-0.5047947673,0.785019922
1.819,-0.4,-0.8,-1.32046528,-36.68,-1.904903701,254.477,-0.4729970046,0.5553071567
1.82,-0.1,-0.2,-0.32305528,-26.1,-1.453653211,255.97,-0.4417006201,0.1704458949
1.821,0.1,0.2,0.31834792,-18.11,-1.063775206,257.949,-0.4004968416,-0.2174103648
1.822,0.17,0.34,0.5383905848,-14.98,-0.8984961455,258.706,-0.3848192506,-0.4195309948
1.823,0.19,0.38,0.6008362552,-13.79,-0.8337185639,259.555,-0.3672908081,-0.5002760755
1.824,0.27,0.54,0.8487359928,-10.41,-0.6437372678,260.377,-0.3503743511,-0.8537632764
1.825,0.45,0.9,1.39549518,-0.88,-0.05799008367,261.203,-0.3334292853,-3.565217489
1.826,0.65,1.3,1.98511742,4.72,0.3228432436,261.896,-0.3192539488,553.0661482
1.827,0.71,1.42,2.158332351,6.29,0.4347370739,262.549,-0.3059310959,16.75646104
1.828,0.59,1.18,1.810207839,3.32,0.2249820134,263.824,-0.2800131125,-32.89427016
1.829,0.4,0.8,1.24514752,-2.97,-0.1930093327,264.501,-0.266302037,-2.710900714
1.83,0.27,0.54,0.8487359928,-8.91,-0.5565261699,265.256,-0.2510525821,-1.050963749
1.831,0.23,0.46,0.7251627128,-10.91,-0.6724075418,263.436,-0.2878870281,-0.755146114
1.832,0.17,0.34,0.5383905848,-13.53,-0.8194208608,259.228,-0.3740352474,-0.4511188816
1.833,0.07,0.14,0.2233378168,-18.2,-1.06842003,258.393,-0.3912959608,-0.1530008702
1.834,-0.08,-0.16,-0.2580676352,-24.65,-1.386192984,258.507,-0.3889361233,0.1453796426
1.835,-0.18,-0.36,-0.5848888032,-28.97,-1.583055717,259.788,-0.3624903195,0.3006296392
1.836,-0.19,-0.38,-0.6178298248,-29.69,-1.614677467,260.622,-0.3453426712,0.3152160596
1.837,-0.17,-0.34,-0.5519948552,-28.66,-1.569337952,261.742,-0.3224007794,0.2917923316
1.838,-0.1,-0.2,-0.32305528,-26.27,-1.461469761,262.838,-0.3000453387,0.1833962593
1.839,-0.05,-0.1,-0.16093922,-24.19,-1.364493954,263.409,-0.2884353867,0.09736606159
1.84,0,0,0,-22.31,-1.27429681,264.16,-0.2732038143,-0
1.841,0.06,0.12,0.1915736352,-19.85,-1.152528185,264.698,-0.2623188471,-0.1354023657
1.842,0.08,0.16,0.2550549248,-18.85,-1.101789922,265.055,-0.2551081271,-0.1879691145
1.843,0.08,0.16,0.2550549248,-18.88,-1.103322625,264.613,-0.2640371186,-0.1865309593
1.844,0.08,0.16,0.2550549248,-18.75,-1.096676176,263.376,-0.2891056792,-0.1840512804
1.845,0.1,0.2,0.31834792,-18.09,-1.062742215,261.818,-0.3208475667,-0.2300883717
1.846,0.15,0.3,0.47575662,-16.03,-0.9547586358,260.601,-0.3457737726,-0.3658168123
1.847,0.25,0.5,0.7870435,-11.56,-0.7093825356,260.32,-0.3515456657,-0.7418442634
1.848,0.38,0.76,1.184678941,-4.63,-0.297573958,260.783,-0.3420387135,-1.852181787
1.849,0.52,1.04,1.604004813,1.36,0.09096769082,262.074,-0.3156190078,-7.139975116
1.85,0.56,1.12,1.722117555,2.4,0.1616457535,263.869,-0.2791006501,-14.66194773
1.851,0.5,1,1.544666,0.94,0.06269922562,265.745,-0.2411989256,-8.653605583
1.852,0.42,0.84,1.305427805,-1.66,-0.1088233646,268.012,-0.1957530656,-4.28604342
1.853,0.37,0.74,1.154374041,-3.82,-0.2468446163,267.103,-0.2139291761,-2.505294485
1.854,0.36,0.72,1.124022067,-4.22,-0.2719656925,265.95,-0.2370734399,-2.208125065
1.855,0.3,0.6,0.94092168,-6.6,-0.4186480073,264.419,-0.267960889,-1.370389584
1.856,0.08,0.16,0.2550549248,-15.19,-0.9098153711,262.49,-0.3071334828,-0.2095855746
1.857,-0.18,-0.36,-0.5848888032,-24.91,-1.398393886,259.605,-0.3662602973,0.3314466986
1.858,-0.38,-0.76,-1.252653219,-32.03,-1.715174777,255.55,-0.4504862023,0.5784161191
1.859,-0.52,-1.04,-1.731291827,-37.25,-1.927278198,250.241,-0.562802132,0.6952754924
1.86,-0.65,-1.3,-2.18400338,-41.67,-2.094526705,244.836,-0.6796239555,0.7872692032
1.861,-0.8,-1.6,-2.71624832,-47.15,-2.287282234,240.454,-0.7762438619,0.8866411564
1.862,-0.91,-1.82,-3.113292801,-51.13,-2.417856159,236.183,-0.872125892,0.9462947676
1.863,-0.93,-1.86,-3.186094663,-51.93,-2.443199029,236.257,-0.870449912,0.9615063998
1.864,-0.98,-1.96,-3.368923107,-53.81,-2.501610653,236.843,-0.8571964704,1.003011779
1.865,-1.12,-2.24,-3.887103539,-58.57,-2.642648004,239.22,-0.8037705344,1.127867523
1.866,-1.23,-2.46,-4.300717927,-62.7,-2.757594673,242.001,-0.7419340159,1.22894204
1.867,-1.21,-2.42,-4.225091649,-61.93,-2.736658373,243.531,-0.7082162503,1.226486334
1.868,-1.02,-2.04,-3.516033187,-56.22,-2.574213526,245.896,-0.6565115079,1.088310875
1.869,-0.76,-1.52,-2.573280717,-47.99,-2.315477691,247.415,-0.6235640338,0.8755509304
1.87,-0.54,-1.08,-1.800421949,-41.03,-2.0709811,250.31,-0.5613271574,0.6839707864
1.871,-0.43,-0.86,-1.422536423,-37.26,-1.927669054,252.055,-0.5241598087,0.5801940115
1.872,-0.41,-0.82,-1.354441921,-36.45,-1.895821927,254.505,-0.4724083787,0.5719215389
1.873,-0.45,-0.9,-1.49081922,-38.29,-1.96761948,255.522,-0.4510724211,0.6163741728
1.874,-0.52,-1.04,-1.731291827,-41.09,-2.073197976,257.018,-0.419841209,0.6944503071
1.875,-0.55,-1.1,-1.83505762,-42.1,-2.11022177,257.837,-0.4028202858,0.730213653
1.876,-0.43,-0.86,-1.422536423,-38.3,-1.968004376,258.175,-0.3958115331,0.6017966196
1.877,-0.17,-0.34,-0.5519948552,-29.03,-1.585703598,257.369,-0.4125398958,0.2762400362
1.878,0.14,0.28,0.4443690272,-16.69,-0.9896990223,258.229,-0.3946926417,-0.3209850498
1.879,0.37,0.74,1.154374041,-5.85,-0.3729363483,259.737,-0.363540702,-1.567427037
1.88,0.44,0.88,1.365519795,-2.27,-0.1482089132,261.084,-0.335867217,-2.820878184
1.881,0.36,0.72,1.124022067,-5.46,-0.3489809216,261.76,-0.3220328725,-1.675110224
1.882,0.23,0.46,0.7251627128,-11.32,-0.6957691206,261.83,-0.3206023639,-0.713481954
1.883,0.13,0.26,0.4129343608,-16.13,-0.9600736144,262.413,-0.3087031061,-0.3254586517
1.884,0.1,0.2,0.31834792,-17.18,-1.015429303,264.509,-0.2661402253,-0.2484047201
1.885,0.12,0.24,0.3814526208,-16.16,-0.961666644,265.951,-0.2370533234,-0.3182166237
1.886,0.13,0.26,0.4129343608,-15.76,-0.9403706388,266.989,-0.2162130523,-0.3570293823
1.887,0.11,0.22,0.3499238072,-16.66,-0.9881178902,268.242,-0.1911638222,-0.296726222
1.888,0.1,0.2,0.31834792,-17.19,-1.015952553,269.385,-0.1684154885,-0.2687913798
1.889,0.15,0.3,0.47575662,-15.12,-0.9060460152,269.685,-0.1624607881,-0.4452537116
1.89,0.23,0.46,0.7251627128,-11.53,-0.7076833433,269.675,-0.1626591713,-0.8331923359
1.891,0.28,0.56,0.8795116288,-8.94,-0.5582881546,269.122,-0.1736412334,-1.201634534
1.892,0.3,0.6,0.94092168,-8.12,-0.5098642897,268.66,-0.1828334362,-1.358343827
1.893,0.28,0.56,0.8795116288,-8.71,-0.5447609703,268,-0.1959926125,-1.187320114
1.894,0.25,0.5,0.7870435,-9.91,-0.6148676309,267,-0.2159926358,-0.9472633746
1.895,0.22,0.44,0.6941517088,-11.35,-0.6974732837,265.564,-0.2448440738,-0.7366432373
1.896,0.14,0.28,0.4443690272,-14.54,-0.8746709042,263.037,-0.2959962774,-0.3795861319
1.897,-0.03,-0.06,-0.0964223112,-21.01,-1.210483013,260.17,-0.3546292985,0.06160727925
1.898,-0.24,-0.48,-0.7832410368,-29.52,-1.607241227,256.663,-0.4272358773,0.3849839525
1.899,-0.44,-0.88,-1.456654285,-37.29,-1.928841275,253.431,-0.4950329163,0.6009611761
1.9,-0.57,-1.14,-1.904470183,-42.07,-2.10913,250.391,-0.5595961842,0.7136251725
1.901,-0.62,-1.24,-2.078825379,-44.19,-2.185103088,249.458,-0.579568439,0.7519249064
1.902,-0.65,-1.3,-2.18400338,-45.26,-2.222554694,247.761,-0.616087499,0.7693831176
1.903,-0.65,-1.3,-2.18400338,-45.04,-2.214902545,247.616,-0.6192194572,0.7706102201
1.904,-0.59,-1.18,-1.974071041,-43.12,-2.147055498,246.089,-0.652314022,0.7051841589
1.905,-0.5,-1,-1.66235,-40.4,-2.047584795,245.408,-0.6671395543,0.6123457802
1.906,-0.46,-0.92,-1.525031229,-38.79,-1.986794726,245.845,-0.6576212384,0.5766986924
1.907,-0.44,-0.88,-1.456654285,-38.31,-1.968389214,246.617,-0.6408475447,0.5582683442
1.908,-0.39,-0.78,-1.286535713,-36.47,-1.896612871,248.211,-0.606379287,0.5139990985
1.909,-0.26,-0.52,-0.8497350368,-31.94,-1.711372967,248.767,-0.5944085308,0.36852366
1.91,-0.12,-0.24,-0.3882312192,-26.98,-1.493907299,248.047,-0.609915351,0.1845360963
1.911,-0.08,-0.16,-0.2580676352,-25.45,-1.42358781,249.08,-0.5876813627,0.1283108391
1.912,-0.15,-0.3,-0.48634818,-28.33,-1.55466675,250.27,-0.5621821656,0.2297510118
1.913,-0.25,-0.5,-0.8164645,-32.58,-1.738299124,252.448,-0.5158246733,0.3622092544
1.914,-0.31,-0.62,-1.016793825,-34.85,-1.831783907,254.965,-0.4627473558,0.443137926
1.915,-0.29,-0.58,-0.9498290888,-34.24,-1.806968749,256.449,-0.431698451,0.4242832917
1.916,-0.22,-0.44,-0.7169353312,-31.64,-1.698663905,257.402,-0.4118539597,0.3396964049
1.917,-0.1,-0.2,-0.32305528,-27.51,-1.517903665,256.448,-0.4317193129,0.1657014119
1.918,0.01,0.02,0.0320466232,-22.96,-1.305759017,258.068,-0.3980292872,-0.01880904049
1.919,0.1,0.2,0.31834792,-19.49,-1.134345791,260.507,-0.3477038908,-0.2148024617
1.92,0.15,0.3,0.47575662,-17.4,-1.02692367,261.278,-0.3318933443,-0.3501255983
1.921,0.18,0.36,0.5696369568,-15.85,-0.945172734,260.453,-0.3488129971,-0.4402188858
1.922,0.24,0.48,0.7561266432,-13.4,-0.8122524512,261.003,-0.3375272852,-0.6576273866
1.923,0.34,0.68,1.063176899,-8.51,-0.5329633153,264.011,-0.2762223444,-1.313884998
1.924,0.46,0.92,1.425423491,-2.02,-0.1321062886,265.665,-0.2428097346,-3.801980719
1.925,0.54,1.08,1.663155331,1.01,0.06739971161,266.733,-0.2213453126,-10.80352618
1.926,0.54,1.08,1.663155331,1.19,0.07950673123,268.521,-0.1856021492,-15.67603354
1.927,0.52,1.04,1.604004813,0.49,0.03258588131,270.249,-0.1512838624,-13.51332852
1.928,0.51,1.02,1.574358943,0.25,0.01659890551,272.371,-0.109439633,-16.95763256
1.929,0.54,1.08,1.663155331,1.07,0.07143217463,273.881,-0.07986163393,-197.30273
1.93,0.59,1.18,1.810207839,2.34,0.1575417291,274.918,-0.05964309634,18.49063453
1.931,0.64,1.28,1.956083507,3.61,0.245106061,275.821,-0.04209919867,9.635553618
1.932,0.68,1.36,2.071936717,4.63,0.3164980837,276.266,-0.03347465031,7.320724974
1.933,0.7,1.4,2.12958088,5.08,0.3482985823,276.336,-0.03211924443,6.735357517
1.934,0.71,1.42,2.158332351,5.34,0.3667574801,277.231,-0.01481960708,6.132708404
1.935,0.74,1.48,2.244304323,6.17,0.4261037932,276.371,-0.03144167023,5.68664737
1.936,0.8,1.6,2.41497728,7.6,0.5298619186,275.545,-0.04745535093,5.006103651
1.937,0.85,1.7,2.55591022,8.92,0.6273534251,272.985,-0.09739281813,4.822830578
1.938,0.84,1.68,2.527817779,8.67,0.6087618467,269.502,-0.1660923669,5.710395441
1.939,0.69,1.38,2.100782335,5.02,0.3440477163,266.065,-0.2347605351,19.22258688
1.94,0.37,0.74,1.154374041,-5.25,-0.336029081,261.43,-0.3287818556,-1.73639448
1.941,-0.05,-0.1,-0.16093922,-22.2,-1.268943242,255.669,-0.4479954889,0.09373614627
1.942,-0.43,-0.86,-1.422536423,-36.71,-1.906086008,248.945,-0.5905818196,0.5697740033
1.943,-0.66,-1.32,-2.219156861,-45.15,-2.218731721,242.444,-0.7321494143,0.7520319386
1.944,-0.7,-1.4,-2.36024152,-46.8,-2.275431052,238.926,-0.8103496973,0.7648766103
1.945,-0.62,-1.24,-2.078825379,-44.02,-2.179098226,236.724,-0.8598852136,0.6840528818
1.946,-0.46,-0.92,-1.525031229,-38.97,-1.993663194,233.227,-0.9395075373,0.5199258306
1.947,-0.3,-0.6,-0.98328792,-33.33,-1.769532425,230.421,-1.004264781,0.3544916397
1.948,-0.19,-0.38,-0.6178298248,-29.51,-1.606803225,230.253,-1.00816689,0.2362664955
1.949,-0.16,-0.32,-0.5191479808,-28.33,-1.55466675,232.222,-0.9626110711,0.2062338835
1.95,-0.17,-0.34,-0.5519948552,-28.73,-1.572440945,232.63,-0.9532196925,0.2185546415
1.951,-0.19,-0.38,-0.6178298248,-29.68,-1.614240553,232.985,-0.9450616634,0.2414055756
1.952,-0.22,-0.44,-0.7169353312,-30.83,-1.66406855,235.921,-0.878063991,0.2820212242
1.953,-0.25,-0.5,-0.8164645,-31.88,-1.708835633,235.943,-0.8775651184,0.3156759445
1.954,-0.26,-0.52,-0.8497350368,-32.57,-1.737880348,236.809,-0.8579645449,0.3273443029
1.955,-0.26,-0.52,-0.8497350368,-32.55,-1.737042611,240.702,-0.7707288101,0.3388407052
1.956,-0.24,-0.48,-0.7832410368,-31.52,-1.693564582,243.046,-0.718881575,0.3246667431
1.957,-0.17,-0.34,-0.5519948552,-29.21,-1.59363332,243.223,-0.714986817,0.2391016376
1.958,-0.1,-0.2,-0.32305528,-26.71,-1.481611357,247.511,-0.621488572,0.1536090965
1.959,-0.09,-0.18,-0.2905379208,-26.06,-1.451811216,248.514,-0.5998523347,0.1416108995
1.96,-0.15,-0.3,-0.48634818,-28.47,-1.560899531,250.001,-0.5679356477,0.2284574141
1.961,-0.24,-0.48,-0.7832410368,-32.57,-1.737880348,250.252,-0.5625669638,0.3404733648
1.962,-0.31,-0.62,-1.016793825,-35.52,-1.858783927,251.798,-0.5296175518,0.4257214852
1.963,-0.32,-0.64,-1.050346803,-35.96,-1.876370655,254.883,-0.4644682608,0.4487052894
1.964,-0.29,-0.58,-0.9498290888,-34.92,-1.834617301,258.058,-0.3982366009,0.4253879252
1.965,-0.26,-0.52,-0.8497350368,-33.75,-1.78687308,261.854,-0.3201119918,0.4032942844
1.966,-0.25,-0.5,-0.8164645,-33.32,-1.769118245,265.208,-0.2520207911,0.4039625605
1.967,-0.24,-0.48,-0.7832410368,-33,-1.755832221,266.348,-0.2290730326,0.3945987021
1.968,-0.2,-0.4,-0.65081792,-31.73,-1.702482505,267.681,-0.2023645025,0.3416641428
1.969,-0.13,-0.26,-0.4208897992,-28.85,-1.577752985,268.544,-0.1851439179,0.2387489584
1.97,-0.02,-0.04,-0.0642344672,-24.98,-1.401670901,269.514,-0.165854155,0.04097827143
1.971,0.05,0.1,0.15976238,-22,-1.259187749,271.663,-0.1233645059,-0.1155561241
1.972,0.11,0.22,0.3499238072,-19.44,-1.131813056,273.968,-0.07816244308,-0.289199085
1.973,0.24,0.48,0.7561266432,-13.84,-0.8364621522,276.22,-0.03436553262,-0.8682850309
1.974,0.45,0.9,1.39549518,-3.83,-0.2474743014,277.926,-0.001424290292,-5.606681704
1.975,0.65,1.3,1.98511742,3.43,0.2326062531,279.186,0.02277555281,7.773135651
1.976,0.74,1.48,2.244304323,5.67,0.3902762999,281.123,0.05976582525,4.986876112
1.977,0.64,1.28,1.956083507,3.29,0.2229045868,283.72,0.1089619661,5.894186955
1.978,0.49,0.98,1.514925983,-1.6,-0.104931936,286.394,0.1591484373,27.94215686
1.979,0.41,0.82,1.275311199,-5.8,-0.3698722461,288.007,0.1891956436,-7.058529892
1.98,0.48,0.96,1.485138893,-1.96,-0.1282336076,289.699,0.2205341649,16.09024838
1.981,0.67,1.34,2.043044025,3.79,0.2576354299,290.326,0.2321007398,4.171723779
1.982,0.78,1.56,2.358274589,6.61,0.4578249719,290.497,0.2352509251,3.402620982
1.983,0.67,1.34,2.043044025,4.02,0.2736882735,289.367,0.2143994576,4.185813112
1.984,0.43,0.86,1.335497337,-4.06,-0.2619335767,288.348,0.1955262913,-20.11070516
1.985,0.19,0.38,0.6008362552,-15.16,-0.908200388,285.933,0.1505297611,-0.793004551
1.986,0.08,0.16,0.2550549248,-20.14,-1.167107229,281.903,0.07458930648,-0.2334560555
1.987,0.11,0.22,0.3499238072,-18.87,-1.102811797,277.02,-0.0188930325,-0.3119571192
1.988,0.22,0.44,0.6941517088,-14.34,-0.8637924207,270.844,-0.1395178581,-0.6918614545
1.989,0.34,0.68,1.063176899,-8.58,-0.5370961905,266.92,-0.2175958723,-1.408755904
1.99,0.4,0.8,1.24514752,-5.19,-0.3323217565,264.024,-0.2759589149,-2.046995045
1.991,0.38,0.76,1.184678941,-6.18,-0.3931071275,263.823,-0.2800333912,-1.75992814
1.992,0.32,0.64,1.002143437,-8.94,-0.5582881546,261.848,-0.3202345806,-1.140714288
1.993,0.27,0.54,0.8487359928,-10.97,-0.6758346262,260.433,-0.3492238355,-0.82798789
1.994,0.24,0.48,0.7561266432,-12.17,-0.7437792651,261.523,-0.3268790077,-0.7062259382
1.995,0.21,0.42,0.6630936312,-13.73,-0.8304237177,261.189,-0.3337160432,-0.5695996765
1.996,0.18,0.36,0.5696369568,-15.08,-0.9038904282,260.366,-0.3506003743,-0.4540782249
1.997,0.18,0.36,0.5696369568,-14.78,-0.8876847721,258.235,-0.3945683349,-0.4442468914
1.998,0.21,0.42,0.6630936312,-13.41,-0.8128043309,254.918,-0.4637336605,-0.5194468443
1.999,0.2,0.4,0.63198848,-14.12,-0.8517907325,253.131,-0.5013697524,-0.467046213
2,0.1,0.2,0.31834792,-18.14,-1.065324141,251.802,-0.5295325638,-0.1996091054
2.001,-0.01,-0.02,-0.0320936968,-22.83,-1.299490124,251.549,-0.5349107198,0.01749546557
2.002,-0.1,-0.2,-0.32305528,-26.42,-1.468350696,251.211,-0.5421042128,0.1606876526
2.003,-0.17,-0.34,-0.5519948552,-29.35,-1.599786467,251.173,-0.5429135539,0.2576164884
2.004,-0.24,-0.48,-0.7832410368,-32.48,-1.734108591,251.118,-0.5440851855,0.3437991293
2.005,-0.33,-0.66,-1.083946855,-36.07,-1.880749522,251.334,-0.5394853428,0.4478684572
2.006,-0.32,-0.64,-1.050346803,-35.56,-1.860387443,251.876,-0.5279605276,0.4397796369
2.007,-0.1,-0.2,-0.32305528,-27.74,-1.528259664,253.322,-0.497334432,0.1594866813
2.008,0.2,0.4,0.63198848,-15.92,-0.9489034806,254.985,-0.4623277068,-0.4478277448
2.009,0.34,0.68,1.063176899,-8.99,-0.5612231769,258.297,-0.3932840001,-1.113849036
2.01,0.28,0.56,0.8795116288,-12.34,-0.7533132446,261.645,-0.3243838245,-0.8161028308
2.011,0.12,0.24,0.3814526208,-19.56,-1.137888583,264.146,-0.2734873621,-0.2702700312
2.012,0.08,0.16,0.2550549248,-21.52,-1.235659803,264.97,-0.2568240839,-0.1708929169
2.013,0.18,0.36,0.5696369568,-17.33,-1.023270261,263.842,-0.2796481089,-0.4372008023
2.014,0.33,0.66,1.032683705,-10.81,-0.6666893869,263.698,-0.2825688353,-1.08788492
2.015,0.47,0.94,1.455304729,-3.7,-0.2392817514,266.092,-0.2342176502,-3.073509119
2.016,0.58,1.16,1.780891485,1.29,0.0862453457,268.487,-0.1862796065,-17.80281545
2.017,0.63,1.26,1.927002521,2.46,0.1657530267,271.131,-0.133851729,60.40514537
2.018,0.63,1.26,1.927002521,2.58,0.1739773267,273.355,-0.09014641368,22.98677721
2.019,0.69,1.38,2.100782335,3.93,0.2674009624,274.551,-0.06678981542,10.47191229
2.02,0.81,1.62,2.443258015,7.06,0.4904547193,276.237,-0.03403627622,5.353109745
2.021,0.91,1.82,2.723476319,9.69,0.6849914265,278.49,0.009421555383,3.921983589
2.022,0.88,1.76,2.639905101,8.98,0.6318242889,281.479,0.06653650952,3.780145029
2.023,0.72,1.44,2.187036749,5.12,0.3511343416,286.093,0.1535226322,4.333709554
2.024,0.54,1.08,1.663155331,0.5,0.03325311302,289.634,0.2193336464,6.584491346
2.025,0.41,0.82,1.275311199,-4.95,-0.317462192,290.068,0.2273443154,-14.15158953
2.026,0.35,0.7,1.09362302,-7.19,-0.4542800947,290.538,0.236005957,-5.01031882
2.027,0.37,0.74,1.154374041,-6.6,-0.4186480073,289.289,0.2129571499,-5.612179636
2.028,0.37,0.74,1.154374041,-6.64,-0.4210728386,289.044,0.208424294,-5.428553688
2.029,0.31,0.62,0.9715560952,-8.88,-0.5547634564,289.594,0.2185947318,-2.890084723
2.03,0.27,0.54,0.8487359928,-10.84,-0.6684056668,290.184,0.229483386,-1.933681724
2.031,0.27,0.54,0.8487359928,-10.56,-0.6523592365,289.431,0.2155825993,-1.94318084
2.032,0.26,0.52,0.8179132832,-10.88,-0.6706929287,287.665,0.1828388981,-1.676553296
2.033,0.13,0.26,0.4129343608,-16.39,-0.9738574527,284.599,0.1255113117,-0.4867522121
2.034,-0.06,-0.12,-0.1932682848,-24.43,-1.375833207,281.447,0.06592825906,0.1475437474
2.035,-0.09,-0.18,-0.2905379208,-25.55,-1.42823174,277.121,-0.01694280681,0.2010400207
2.036,0.06,0.12,0.1915736352,-19.78,-1.14900004,272.142,-0.1139396177,-0.1516886686
2.037,0.11,0.22,0.3499238072,-17.5,-1.032136534,269.875,-0.158692903,-0.2938488051
2.038,-0.06,-0.12,-0.1932682848,-24.42,-1.375361524,268.129,-0.1934180455,0.1231965845
2.039,-0.25,-0.5,-0.8164645,-32.44,-1.732430652,268.083,-0.194335966,0.4237485185
2.04,-0.2,-0.4,-0.65081792,-30.38,-1.644670562,267.923,-0.1975299602,0.3532828875
2.041,0.1,0.2,0.31834792,-18.99,-1.108936933,267.101,-0.2139692357,-0.240642857
2.042,0.35,0.7,1.09362302,-7.39,-0.4662936004,265.756,-0.2409774773,-1.546257234
2.043,0.38,0.76,1.184678941,-5.83,-0.3717109579,263.605,-0.2844559856,-1.805453555
2.044,0.22,0.44,0.6941517088,-12.02,-0.7353481389,261.706,-0.3231366691,-0.6557975169
2.045,-0.02,-0.04,-0.0642344672,-20.49,-1.184622264,260.698,-0.3437827847,0.04202712315
2.046,-0.21,-0.42,-0.6838530888,-27.3,-1.508417823,260.592,-0.345958541,0.3687779363
2.047,-0.3,-0.6,-0.98328792,-30.47,-1.648560403,262.091,-0.3152719796,0.5006984959
2.048,-0.29,-0.58,-0.9498290888,-30.26,-1.639476122,263.896,-0.2785532474,0.4952109201
2.049,-0.26,-0.52,-0.8497350368,-29.26,-1.595832319,265.817,-0.239749612,0.4629240583
2.05,-0.29,-0.58,-0.9498290888,-30.29,-1.640775588,267.877,-0.1984485866,0.5164292106
2.051,-0.41,-0.82,-1.354441921,-34.4,-1.813499243,269.508,-0.1659732596,0.6842438673
2.052,-0.58,-1.16,-1.939247075,-40.47,-2.050195159,271.154,-0.1333979086,0.8880991169
2.053,-0.71,-1.42,-2.395630369,-44.93,-2.211067154,272.051,-0.1157288726,1.029583316
2.054,-0.67,-1.34,-2.254357415,-43.81,-2.171659624,273.051,-0.0960994968,0.994090331
2.055,-0.48,-0.96,-1.593596467,-37.36,-1.93157444,272.119,-0.1143917904,0.7788967598
2.056,-0.27,-0.54,-0.8830526472,-29.88,-1.622966693,271.414,-0.1282704404,0.5042450449
2.057,-0.17,-0.34,-0.5519948552,-26.37,-1.466058718,267.722,-0.2015451197,0.331010785
2.058,-0.21,-0.42,-0.6838530888,-27.66,-1.524661514,264.216,-0.2720697734,0.380609551
2.059,-0.29,-0.58,-0.9498290888,-30.48,-1.648992291,261.56,-0.3261221488,0.4808982557
2.06,-0.35,-0.7,-1.15128818,-32.59,-1.738717839,258.32,-0.3928076317,0.5401240548
2.061,-0.37,-0.74,-1.218817799,-33.42,-1.773257312,255.49,-0.4517424641,0.5477833358
2.062,-0.34,-0.68,-1.117593981,-32.49,-1.734527922,252.006,-0.5251999606,0.4945701602
2.063,-0.29,-0.58,-0.9498290888,-30.61,-1.654601076,246.589,-0.6414549987,0.4136785243
2.064,-0.29,-0.58,-0.9498290888,-30.36,-1.643805456,241.245,-0.7586733301,0.395353788
2.065,-0.38,-0.76,-1.252653219,-33.77,-1.787696154,238.227,-0.8260245549,0.479260548
2.066,-0.57,-1.14,-1.904470183,-40.44,-2.049076763,235.487,-0.8879149085,0.6484424869
2.067,-0.79,-1.58,-2.680435809,-48.08,-2.318478066,234.389,-0.912918572,0.8294976165
2.068,-0.99,-1.98,-3.405630017,-54.93,-2.535663524,232.661,-0.9525068053,0.9763370752
2.069,-1.14,-2.28,-3.961882493,-60.18,-2.688242787,232.284,-0.9611828872,1.08561808
2.07,-1.23,-2.46,-4.300717927,-63.42,-2.77697356,231.769,-0.9730576132,1.14684858
2.071,-1.27,-2.54,-4.452535367,-64.95,-2.817532817,232.281,-0.9612519841,1.17829821
2.072,-1.26,-2.52,-4.414510397,-64.49,-2.805426099,233.008,-0.9445335438,1.177215442
2.073,-1.17,-2.34,-4.074403975,-61.8,-2.73310183,234.331,-0.9142426034,1.117087802
2.074,-1,-2,-3.442384,-56.63,-2.586317967,235.589,-0.8855980848,0.9914940191
2.075,-0.75,-1.5,-2.5376565,-48.74,-2.340360252,237.151,-0.8502436388,0.7953530389
2.076,-0.49,-0.98,-1.627949697,-40.42,-2.048330889,238.77,-0.8138439699,0.568780657
2.077,-0.34,-0.68,-1.117593981,-35.25,-1.847935408,240.26,-0.7805620222,0.4251835927
2.078,-0.33,-0.66,-1.083946855,-34.95,-1.835830718,241.725,-0.7480391257,0.4195052075
2.079,-0.45,-0.9,-1.49081922,-39.49,-2.013403076,243.063,-0.7185073791,0.5457057413
2.08,-0.62,-1.24,-2.078825379,-45.8,-2.241232402,244.566,-0.6855270787,0.710282274
2.081,-0.75,-1.5,-2.5376565,-50.68,-2.403470658,245.862,-0.6572513026,0.8291038953
2.082,-0.82,-1.64,-2.788014563,-53.5,-2.492087893,247.018,-0.6321554929,0.8923807203
2.083,-0.85,-1.7,-2.89601698,-54.62,-2.526292969,248.358,-0.6032117513,0.9253914721
2.084,-0.83,-1.66,-2.823968295,-54,-2.507426187,249.77,-0.5728813132,0.9167812936
2.085,-0.75,-1.5,-2.5376565,-51.44,-2.427711506,251.604,-0.5337410955,0.8568958687
2.086,-0.6,-1.2,-2.00894208,-46.64,-2.269993025,253.772,-0.4878391486,0.7284497219
2.087,-0.41,-0.82,-1.354441921,-40.35,-2.045718595,255.939,-0.4423485869,0.5443751401
2.088,-0.23,-0.46,-0.7500646472,-34.45,-1.815536867,258.446,-0.3901987139,0.3400519326
2.089,-0.1,-0.2,-0.32305528,-29.71,-1.615551103,261.418,-0.3290274336,0.1661312587
2.09,0.02,0.04,0.0640461728,-25.11,-1.407747973,265.106,-0.2540788171,-0.03853961989
2.091,0.17,0.34,0.5383905848,-19.11,-1.115051599,267.726,-0.2014651867,-0.4089507941
2.092,0.37,0.74,1.154374041,-10.31,-0.6379793222,270.601,-0.1443200082,-1.475616808
2.093,0.58,1.16,1.780891485,0.49,0.03258588131,272.676,-0.1034520753,-25.13033907
2.094,0.78,1.56,2.358274589,5.57,0.3831387118,274.841,-0.06114175304,7.3239033
2.095,0.86,1.72,2.583955587,7.59,0.5291296552,276.652,-0.02600482536,5.135814084
2.096,0.65,1.3,1.98511742,2.26,0.1520747473,278.306,0.005885610312,12.56718743
2.097,0.23,0.46,0.7251627128,-14.17,-0.8545216457,278.941,0.01807859285,-0.8669600523
2.098,-0.17,-0.34,-0.5519948552,-30.12,-1.633404388,279.684,0.03231015193,0.3447610032
2.099,-0.34,-0.68,-1.117593981,-36.86,-1.911989692,279.822,0.03494926577,0.5954021901
2.1,-0.26,-0.52,-0.8497350368,-34.04,-1.798783951,279.663,0.03190843349,0.4809252424
2.101,-0.11,-0.22,-0.3556197128,-28.71,-1.571554699,277.351,-0.01250434979,0.2244990255
2.102,-0.01,-0.02,-0.0320936968,-24.8,-1.393237573,274.438,-0.06899222752,0.02194846309
2.103,0.07,0.14,0.2233378168,-21.85,-1.251852694,272.542,-0.1060818492,-0.1644687646
2.104,0.11,0.22,0.3499238072,-20.08,-1.164095834,270.817,-0.1400512175,-0.26831622
2.105,0.12,0.24,0.3814526208,-19.66,-1.142943575,269.841,-0.1593669612,-0.2929045034
2.106,0.1,0.2,0.31834792,-20.64,-1.192101881,269.4,-0.168117596,-0.2340415833
2.107,0.05,0.1,0.15976238,-22.44,-1.280612836,270.56,-0.1451306727,-0.1120554848
2.108,0.03,0.06,0.0959986488,-23.51,-1.332151583,271.46,-0.1273637843,-0.06577433231
2.109,0.05,0.1,0.15976238,-22.7,-1.293209475,272.497,-0.1069652722,-0.1141017436
2.11,0.11,0.22,0.3499238072,-20.3,-1.17512499,274.507,-0.06764728403,-0.2815671178
2.111,0.15,0.3,0.47575662,-18.5,-1.083859896,275.628,-0.04584406009,-0.4211338885
2.112,0.12,0.24,0.3814526208,-19.73,-1.146477775,276.168,-0.03537279563,-0.3227587567
2.113,0.01,0.02,0.0320466232,-24.51,-1.379604216,275.601,-0.04636816169,-0.02247352311
2.114,-0.15,-0.3,-0.48634818,-31.04,-1.673077235,274.95,-0.05902040144,0.2807856612
2.115,-0.27,-0.54,-0.8830526472,-36,-1.877963793,271.961,-0.1174990541,0.4425302373
2.116,-0.31,-0.62,-1.016793825,-37.55,-1.938978796,269.426,-0.1676012883,0.4826751342
2.117,-0.27,-0.54,-0.8830526472,-36.27,-1.888692906,267.657,-0.2028441994,0.4222027163
2.118,-0.2,-0.4,-0.65081792,-33.76,-1.787284647,266.227,-0.2315040518,0.3223804058
2.119,-0.14,-0.28,-0.4535954528,-31.58,-1.696115367,266.106,-0.2339361761,0.2350172743
2.12,-0.1,-0.2,-0.32305528,-30.24,-1.638609494,266.459,-0.2268438952,0.173177889
2.121,-0.08,-0.16,-0.2580676352,-29.51,-1.606803225,268.022,-0.1955534514,0.1431834434
2.122,-0.06,-0.12,-0.1932682848,-28.92,-1.580847375,269.64,-0.1633535707,0.1108062034
2.123,-0.04,-0.08,-0.1286572288,-28.05,-1.542162911,271.882,-0.119053363,0.07744760922
2.124,-0.01,-0.02,-0.0320936968,-26.93,-1.491633917,273.958,-0.07835772492,0.02044195392
2.125,0.03,0.06,0.0959986488,-25.55,-1.42823174,275.857,-0.04140096528,-0.06532152454
2.126,0.08,0.16,0.2550549248,-23.34,-1.324016234,278.368,0.007077331145,-0.1936725571
2.127,0.18,0.36,0.5696369568,-19.44,-1.131813056,281.026,0.05791951758,-0.5304408086
2.128,0.32,0.64,1.002143437,-13.13,-0.7973224563,283.448,0.1038305056,-1.445068592
2.129,0.49,0.98,1.514925983,-4.96,-0.3180823083,285.752,0.1471420563,-8.862312798
2.13,0.62,1.24,1.897874461,1.16,0.07748688771,288.23,0.1933364748,7.007794466
2.131,0.7,1.4,2.12958088,3.04,0.2056245185,290.165,0.2291330796,4.898317797
2.132,0.72,1.44,2.187036749,3.69,0.2506710171,291.588,0.2553059233,4.322403995
2.133,0.72,1.44,2.187036749,3.68,0.2499750781,292.032,0.2634461531,4.259731806
2.134,0.71,1.42,2.158332351,3.47,0.235381436,291.656,0.2565534287,4.38743522
2.135,0.7,1.4,2.12958088,3.05,0.2063146311,291.247,0.2490456603,4.676694302
2.136,0.67,1.34,2.043044025,2.41,0.1623300733,291.446,0.2526999003,4.922642109
2.137,0.63,1.26,1.927002521,1.43,0.0956944162,292.321,0.2687379892,5.287681591
2.138,0.57,1.14,1.751528057,-0.14,-0.00927127891,292.572,0.2733297695,6.633106374
2.139,0.49,0.98,1.514925983,-3.54,-0.2291788342,291.284,0.2497252808,73.73177538
2.14,0.39,0.78,1.214936767,-7.65,-0.4818619997,291.07,0.2457933079,-5.146539164
2.141,0.26,0.52,0.8179132832,-12.79,-0.7784413185,286.252,0.1564951401,-1.315086918
2.142,0.08,0.16,0.2550549248,-19.51,-1.135358379,281.173,0.06071728143,-0.2373396341
2.143,-0.13,-0.26,-0.4208897992,-27.44,-1.514744942,274.689,-0.06410137315,0.2665806008
2.144,-0.34,-0.68,-1.117593981,-35.01,-1.838255943,265.571,-0.2447030551,0.5365415172
2.145,-0.5,-1,-1.66235,-40.85,-2.064318663,259.792,-0.3624079452,0.68501742
2.146,-0.6,-1.2,-2.00894208,-44.47,-2.194960674,252.201,-0.5210617791,0.7396632815
2.147,-0.64,-1.28,-2.148896973,-46.18,-2.254287212,243.499,-0.708919287,0.7251931223
2.148,-0.65,-1.3,-2.18400338,-46.28,-2.257710568,234.477,-0.9109103223,0.6892599196
2.149,-0.63,-1.26,-2.113837639,-45.74,-2.239164431,226.398,-1.098497317,0.6333288988
2.15,-0.66,-1.32,-2.219156861,-46.79,-2.27509155,222.415,-1.193457175,0.6397940569
2.151,-0.77,-1.54,-2.608952007,-50.87,-2.409556037,221.291,-1.220562569,0.7186960787
2.152,-0.93,-1.86,-3.186094663,-56.81,-2.591609851,218.51,-1.288222935,0.8211938089
2.153,-1.07,-2.14,-3.700979943,-61.9,-2.735838196,221.975,-1.204051477,0.9393613149
2.154,-1.12,-2.24,-3.887103539,-63.67,-2.783658179,221.738,-1.209766658,0.973375911
2.155,-1.08,-2.16,-3.738110515,-62.49,-2.751906617,221.794,-1.208415684,0.9438904792
2.156,-1.03,-2.06,-3.552928391,-60.92,-2.708858671,221.304,-1.220248286,0.9042585071
2.157,-1.02,-2.04,-3.516033187,-60.69,-2.702473674,224.244,-1.149642074,0.912753774
2.158,-1.03,-2.06,-3.552928391,-61.05,-2.712458604,230.597,-1.000179908,0.9569820439
2.159,-0.99,-1.98,-3.405630017,-59.78,-2.677010475,232.616,-0.9535416727,0.938047404
2.16,-0.89,-1.78,-3.040679233,-56.57,-2.584550994,234.725,-0.9052547619,0.871303289
2.161,-0.78,-1.56,-2.644670371,-53.35,-2.487464795,236.7,-0.8604276449,0.789950818
2.162,-0.72,-1.44,-2.431066291,-51.44,-2.427711506,239.817,-0.7904356494,0.7554242157
2.163,-0.66,-1.32,-2.219156861,-49.58,-2.367906163,242.939,-0.7212374091,0.7183728464
2.164,-0.57,-1.14,-1.904470183,-46.55,-2.266928506,247.041,-0.6316573743,0.6570342441
2.165,-0.47,-0.94,-1.559290311,-43.33,-2.154570265,249.847,-0.57123225,0.5720481593
2.166,-0.41,-0.82,-1.354441921,-41.19,-2.076888401,252.285,-0.5192801637,0.5217080043
2.167,-0.35,-0.7,-1.15128818,-39.49,-2.013403076,254.616,-0.4700755344,0.4635788588
2.168,-0.28,-0.56,-0.9164173312,-37.01,-1.917880312,257.036,-0.4194665402,0.3920758832
2.169,-0.19,-0.38,-0.6178298248,-33.88,-1.792218728,259.246,-0.3736637727,0.2852554673
2.17,-0.11,-0.22,-0.3556197128,-31.16,-1.678212608,261.237,-0.3327329374,0.1768420401
2.171,-0.06,-0.12,-0.1932682848,-29.05,-1.586585709,262.813,-0.3005542315,0.1024133296
2.172,0,0,0,-26.92,-1.491179042,264.417,-0.2680013552,-0
2.173,0.06,0.12,0.1915736352,-24.51,-1.379604216,265.75,-0.2410982661,-0.1182040734
2.174,0.13,0.26,0.4129343608,-22.02,-1.260164562,267.136,-0.213268236,-0.2802532708
2.175,0.19,0.38,0.6008362552,-19.4,-1.129785566,267.547,-0.2050433609,-0.4501222914
2.176,0.26,0.52,0.8179132832,-16.27,-0.9675019767,269.994,-0.1563343678,-0.7277868234
2.177,0.35,0.7,1.09362302,-12.15,-0.7426561335,272.923,-0.09860804121,-1.299975742
2.178,0.44,0.88,1.365519795,-7.83,-0.4926076386,275.895,-0.04066404,-2.560645634
2.179,0.49,0.98,1.514925983,-5.3,-0.3391162088,278.089,0.001712495676,-4.489950538
2.18,0.48,0.96,1.485138893,-5.8,-0.3698722461,279.68,0.03223363645,-4.398605048
2.181,0.45,0.9,1.39549518,-7.54,-0.4752821432,279.878,0.03601983929,-3.176906299
2.182,0.46,0.92,1.425423491,-6.77,-0.4289443897,279.93,0.0370137515,-3.636927946
2.183,0.53,1.06,1.633603609,-2.97,-0.1930093327,279.083,0.02080141487,-9.486228216
2.184,0.57,1.14,1.751528057,-0.7,-0.04618381899,279.27,0.02438499027,-80.34964077
2.185,0.5,1,1.544666,-4.04,-0.2606780338,279.676,0.03215711989,-6.759407591
2.186,0.35,0.7,1.09362302,-10.82,-0.6672615596,280.403,0.04604606121,-1.760456754
2.187,0.24,0.48,0.7561266432,-15.64,-0.9339583489,277.68,-0.006161820434,-0.8042872261
2.188,0.2,0.4,0.63198848,-17.13,-1.012811942,274.953,-0.05896202751,-0.5896658231
2.189,0.15,0.3,0.47575662,-19.35,-1.127249575,270.652,-0.1433117921,-0.3744459987
2.19,0.03,0.06,0.0959986488,-24.58,-1.382900269,266.719,-0.2216261251,-0.05982989693
2.191,-0.1,-0.2,-0.32305528,-29.82,-1.620351533,264.02,-0.2760399687,0.1703526301
2.192,-0.14,-0.28,-0.4535954528,-31.28,-1.683338948,264.94,-0.2574298471,0.2337194693
2.193,-0.08,-0.16,-0.2580676352,-29.44,-1.603735414,261.879,-0.3196012354,0.1341770486
2.194,-0.04,-0.08,-0.1286572288,-27.84,-1.532751452,258.321,-0.392786921,0.06681623727
2.195,-0.06,-0.12,-0.1932682848,-28.52,-1.563122439,256.721,-0.4260270356,0.09716126781
2.196,-0.11,-0.22,-0.3556197128,-30.63,-1.655463018,255.105,-0.4598105039,0.1681199661
2.197,-0.16,-0.32,-0.5191479808,-32.87,-1.75041688,254.423,-0.4741323947,0.2333722102
2.198,-0.2,-0.4,-0.65081792,-34.38,-1.812683774,253.747,-0.4883662224,0.2828351931
2.199,-0.21,-0.42,-0.6838530888,-34.75,-1.827731124,253.953,-0.4840246819,0.295815452
2.2,-0.17,-0.34,-0.5519948552,-33.62,-1.781517189,254.354,-0.4755835216,0.2445592493
2.201,-0.09,-0.18,-0.2905379208,-30.5,-1.649855876,255.439,-0.4528105186,0.1381759472
2.202,0.05,0.1,0.15976238,-25.5,-1.425910617,257.033,-0.4195289832,-0.08657144887
2.203,0.19,0.38,0.6008362552,-20,-1.160076618,259.098,-0.3767188867,-0.3909669525
2.204,0.27,0.54,0.8487359928,-16.51,-0.9802021512,261.42,-0.3289865032,-0.6482915888
2.205,0.28,0.56,0.8795116288,-16.14,-0.9606046993,264.318,-0.2700048164,-0.7146959435
2.206,0.28,0.56,0.8795116288,-16.11,-0.9590112194,267.69,-0.2021846272,-0.7574188552
2.207,0.35,0.7,1.09362302,-12.61,-0.7684090348,269.282,-0.1704614649,-1.164828398
2.208,0.52,1.04,1.604004813,-4.19,-0.2700863258,271.169,-0.1331019595,-3.978302126
2.209,0.69,1.38,2.100782335,2.48,0.16712284,272.781,-0.1013923346,31.96053829
2.21,0.77,1.54,2.329852633,4.47,0.3052362103,274.101,-0.07556587215,10.14433406
2.211,0.74,1.48,2.244304323,3.57,0.242325773,274.976,-0.0585145152,12.20983062
2.212,0.66,1.32,2.014104259,1.46,0.09772149724,275.259,-0.05301122975,45.04791343
2.213,0.6,1.2,1.83947712,0.1,0.00663293416,274.987,-0.0583005008,-35.60216282
2.214,0.6,1.2,1.83947712,0.06,0.003978700632,274.248,-0.0726974434,-26.76820102
2.215,0.62,1.24,1.897874461,0.5,0.03325311302,273.264,-0.09192772755,-32.34575081
2.216,0.62,1.24,1.897874461,0.56,0.03725836599,272.552,-0.1058855528,-27.65484861
2.217,0.6,1.2,1.83947712,-0.09,-0.005962092718,272.47,-0.107495396,-16.21291939
2.218,0.56,1.12,1.722117555,-2.27,-0.1482089132,272.82,-0.1006274899,-6.920681755
2.219,0.51,1.02,1.574358943,-4.8,-0.3081503368,274.037,-0.07681519259,-4.089610167
2.22,0.46,0.92,1.425423491,-7.15,-0.4518734412,276.288,-0.0330486286,-2.939489827
2.221,0.43,0.86,1.335497337,-8.84,-0.5524120377,278.541,0.01040121361,-2.463968019
2.222,0.42,0.84,1.305427805,-9.36,-0.5828795432,280.617,0.05012755583,-2.450348071
2.223,0.43,0.86,1.335497337,-9.01,-0.5623966193,282.507,0.08603985212,-2.803565371
2.224,0.43,0.86,1.335497337,-8.85,-0.5530000139,283.777,0.1100366855,-3.014916249
2.225,0.42,0.84,1.305427805,-9.65,-0.5997762913,284.924,0.1316172993,-2.788428348
2.226,0.39,0.78,1.214936767,-11.23,-0.6906523648,285.673,0.145662772,-2.229284345
2.227,0.35,0.7,1.09362302,-12.95,-0.7873377425,284.927,0.1316736298,-1.667962298
2.228,0.35,0.7,1.09362302,-13.28,-0.805623864,284.238,0.118720789,-1.592106747
2.229,0.4,0.8,1.24514752,-10.85,-0.6689776014,283.035,0.09602956401,-2.173229401
2.23,0.5,1,1.544666,-5.88,-0.3747738078,282.157,0.07940758855,-5.229663716
2.231,0.6,1.2,1.83947712,-0.17,-0.0112557326,279.389,0.02666419819,119.3809409
2.232,0.65,1.3,1.98511742,1.18,0.07883336081,276.289,-0.03302926479,43.33929915
2.233,0.6,1.2,1.83947712,-0.13,-0.008609618032,273.596,-0.08543173144,-19.56030119
2.234,0.45,0.9,1.39549518,-6.62,-0.4198605886,270.473,-0.1468512702,-2.462442171
2.235,0.2,0.4,0.63198848,-16.64,-0.987063429,266.774,-0.2205230178,-0.5233484374
2.236,-0.14,-0.28,-0.4535954528,-29.97,-1.626885128,261.591,-0.3254881063,0.2323302967
2.237,-0.49,-0.98,-1.627949697,-43.2,-2.149921015,255.922,-0.4427039568,0.6279156124
2.238,-0.73,-1.46,-2.466549287,-52.16,-2.450430774,250.534,-0.556541635,0.8202766608
2.239,-0.81,-1.62,-2.752107905,-55.24,-2.544992513,248.996,-0.5894859066,0.878011438
2.24,-0.75,-1.5,-2.5376565,-53.5,-2.492087893,247.709,-0.6172104732,0.8161508486
2.241,-0.66,-1.32,-2.219156861,-50.62,-2.401545457,248.539,-0.5993141627,0.7395070554
2.242,-0.62,-1.24,-2.078825379,-49.38,-2.361378283,249.708,-0.5742094998,0.7081462158
2.243,-0.6,-1.2,-2.00894208,-48.64,-2.337058358,252.072,-0.523798987,0.7022167964
2.244,-0.51,-1.02,-1.696797377,-45.83,-2.242265703,254.583,-0.4707689764,0.6254241385
2.245,-0.34,-0.68,-1.117593981,-40.11,-2.036741606,256.899,-0.4223188465,0.4544800759
2.246,-0.13,-0.26,-0.4208897992,-32.93,-1.752917555,259.367,-0.3711673061,0.1981511224
2.247,0.04,0.08,0.1279040512,-26.66,-1.479329025,262.093,-0.3152311543,-0.07127320259
2.248,0.17,0.34,0.5383905848,-21.66,-1.242538892,265.429,-0.2475644487,-0.3613109038
2.249,0.28,0.56,0.8795116288,-16.94,-1.002849035,268.112,-0.1937572587,-0.7350050165
2.25,0.35,0.7,1.09362302,-13.85,-0.837010639,271.358,-0.129374403,-1.131663853
2.251,0.36,0.72,1.124022067,-13.54,-0.8199717364,274.171,-0.0741997619,-1.257054233
2.252,0.34,0.68,1.063176899,-14.27,-0.8599777234,277.141,-0.01655670782,-1.212932272
2.253,0.38,0.76,1.184678941,-12.87,-0.7828920179,279.736,0.03330475348,-1.580441661
2.254,0.48,0.96,1.485138893,-7.83,-0.4926076386,282.187,0.07997639055,-3.59919153
2.255,0.63,1.26,1.927002521,0.19,0.01261012947,283.929,0.1129015487,15.3531731
2.256,0.79,1.58,2.386649471,4.25,0.2897895594,285.93,0.1504736288,5.420960769
2.257,0.93,1.86,2.778955097,7.85,0.5481992408,287.949,0.1881181308,3.774126761
2.258,1.01,2.02,2.998987263,9.9,0.7008097356,290.333,0.2322297312,3.214212656
2.259,1.02,2.04,3.026279453,10.17,0.7212100352,292.459,0.2712630414,3.04923078
2.26,0.99,1.98,2.944261663,9.61,0.6789765698,293.733,0.294517916,3.02442562
2.261,0.98,1.96,2.916828253,9.2,0.6482469267,292.392,0.2700372591,3.176389508
2.262,0.98,1.96,2.916828253,9.17,0.6460047472,290.476,0.2348641601,3.311307992
2.263,0.97,1.94,2.889347769,8.95,0.6295884267,287.64,0.1823739273,3.558475038
2.264,0.93,1.86,2.778955097,8.02,0.5607024247,285.641,0.1450634518,3.937502774
2.265,0.86,1.72,2.583955587,6.25,0.4318578194,284.619,0.125887266,4.632861238
2.266,0.77,1.54,2.329852633,3.93,0.2674009624,283.803,0.1105268367,6.164808831
2.267,0.68,1.36,2.071936717,1.58,0.1058378764,282.851,0.09255041791,10.44384561
2.268,0.59,1.18,1.810207839,-1.16,-0.07629901523,281.569,0.06824684329,-224.8098839
2.269,0.49,0.98,1.514925983,-5.71,-0.3643515993,279.554,0.02982283879,-4.52853734
2.27,0.34,0.68,1.063176899,-11.85,-0.7257715294,277.493,-0.009765922354,-1.445442236
2.271,0.13,0.26,0.4129343608,-19.93,-1.15655603,274.205,-0.07353634847,-0.3356937803
2.272,-0.08,-0.16,-0.2580676352,-28.28,-1.552437667,270.156,-0.1531252591,0.1513093602
2.273,-0.23,-0.46,-0.7500646472,-34.15,-1.803288575,264.558,-0.2651492355,0.3626237364
2.274,-0.29,-0.58,-0.9498290888,-36.35,-1.891863699,258.389,-0.3913787811,0.4160000951
2.275,-0.29,-0.58,-0.9498290888,-36.24,-1.887502893,254.712,-0.4680587593,0.4032282865
2.276,-0.3,-0.6,-0.98328792,-36.69,-1.905297862,251.705,-0.5315939055,0.4035008584
2.277,-0.37,-0.74,-1.218817799,-39.32,-2.006966342,251.088,-0.5447243654,0.477651071
2.278,-0.48,-0.96,-1.593596467,-43.6,-2.164197929,250.301,-0.5615195223,0.584652113
2.279,-0.62,-1.24,-2.078825379,-48.73,-2.34003028,249.634,-0.5757951866,0.7129457518
2.28,-0.72,-1.44,-2.431066291,-52.8,-2.47042747,248.807,-0.5935483572,0.7934352058
2.281,-0.74,-1.48,-2.502079357,-53.59,-2.494856952,248.212,-0.6063577328,0.8068062391
2.282,-0.65,-1.3,-2.18400338,-50.77,-2.406355306,247.86,-0.6139501803,0.7231067818
2.283,-0.49,-0.98,-1.627949697,-45.69,-2.237439725,248.74,-0.5949892261,0.5747539391
2.284,-0.36,-0.72,-1.185029453,-41.24,-2.078731569,249.723,-0.5738881341,0.4467392937
2.285,-0.29,-0.58,-0.9498290888,-38.83,-1.988322632,251.677,-0.5321890798,0.3768397839
2.286,-0.24,-0.48,-0.7832410368,-37.37,-1.931964661,253.724,-0.4888511763,0.3235442468
2.287,-0.19,-0.38,-0.6178298248,-35.37,-1.852762307,255.59,-0.4496488584,0.268340353
2.288,-0.09,-0.18,-0.2905379208,-31.91,-1.710104579,257.972,-0.4000198306,0.1376875787
2.289,0.05,0.1,0.15976238,-27.01,-1.495270535,260.572,-0.3463691604,-0.08675007409
2.29,0.19,0.38,0.6008362552,-21.53,-1.236151625,263.704,-0.2824471066,-0.3956517563
2.291,0.29,0.58,0.9102401912,-17.18,-1.015429303,266.402,-0.2279884714,-0.7320469514
2.292,0.36,0.72,1.124022067,-14.25,-0.8588871208,269.371,-0.1686935364,-1.093852886
2.293,0.44,0.88,1.365519795,-10.24,-0.6339440111,271.898,-0.1187385298,-1.814204158
2.294,0.59,1.18,1.810207839,-2.28,-0.1488518939,274.799,-0.06195937912,-8.586864512
2.295,0.77,1.54,2.329852633,3.48,0.2360754595,277.94,-0.001154800882,9.917614937
2.296,0.88,1.76,2.639905101,6.27,0.4332972598,282.859,0.09270173219,5.018840608
2.297,0.88,1.76,2.639905101,6.24,0.4311382393,288.653,0.2011822612,4.174947829
2.298,0.81,1.62,2.443258015,4.33,0.2954013801,293.211,0.2850018438,4.209587257
2.299,0.73,1.46,2.215694073,2.21,0.1486608132,293.51,0.2904546915,5.045811521
2.3,0.67,1.34,2.043044025,0.81,0.05398132586,293.163,0.2841259523,6.042591085
2.301,0.65,1.3,1.98511742,0.28,0.01859448794,291.242,0.2489538131,7.419659974
2.302,0.66,1.32,2.014104259,0.5,0.03325311302,289.83,0.2229528532,7.861269934
2.303,0.68,1.36,2.071936717,0.89,0.05934440726,288.451,0.1974370089,8.068873316
2.304,0.68,1.36,2.071936717,1.01,0.06739971161,287.614,0.1818903149,8.311350222
2.305,0.66,1.32,2.014104259,0.55,0.03659060203,285.729,0.1467114208,10.9878998
2.306,0.6,1.2,1.83947712,-1.92,-0.125650087,283.242,0.09994090086,-71.54941092
2.307,0.48,0.96,1.485138893,-7.71,-0.4854468292,280.099,0.04024269152,-3.33586049
2.308,0.3,0.6,0.94092168,-15.6,-0.931818505,277.236,-0.01472311802,-0.9940626562
2.309,0.13,0.26,0.4129343608,-22.94,-1.304795336,272.861,-0.09982354039,-0.2939832062
2.31,0.02,0.04,0.0640461728,-27.47,-1.516099075,267.6,-0.2039836521,-0.03723435611
2.311,-0.02,-0.04,-0.0642344672,-29.15,-1.590992398,264.583,-0.2646436992,0.03461587501
2.312,-0.03,-0.06,-0.0964223112,-29.56,-1.608992595,261.659,-0.3240975664,0.04987988306
2.313,-0.04,-0.08,-0.1286572288,-30.18,-1.636008085,260.26,-0.3527789055,0.06469130652
2.314,-0.07,-0.14,-0.2256444232,-31.31,-1.684619123,258.797,-0.3829377156,0.1091357775
2.315,-0.1,-0.2,-0.32305528,-32.88,-1.750833812,258.571,-0.3876117583,0.1510701439
2.316,-0.14,-0.28,-0.4535954528,-34.36,-1.811868063,258.223,-0.3948169514,0.2055551426
2.317,-0.14,-0.28,-0.4535954528,-34.37,-1.812275948,258.591,-0.3871979615,0.2062290672
2.318,-0.08,-0.16,-0.2580676352,-32.16,-1.720657414,259.302,-0.3725082383,0.1232905933
2.319,0.04,0.08,0.1279040512,-27.88,-1.534546334,260.27,-0.3525733458,-0.06777739249
2.32,0.17,0.34,0.5383905848,-22.78,-1.297075882,262.31,-0.3108034524,-0.3348451424
2.321,0.29,0.58,0.9102401912,-17.88,-1.051878061,264.02,-0.2760399687,-0.6854641407
2.322,0.41,0.82,1.275311199,-12.38,-0.7555532496,266.408,-0.2278679781,-1.296810729
2.323,0.54,1.08,1.663155331,-6.12,-0.3894464619,267.69,-0.2021846272,-2.811135793
2.324,0.62,1.24,1.897874461,-1.91,-0.1250039901,269.318,-0.1697462774,-6.438923626
2.325,0.62,1.24,1.897874461,-1.8,-0.1178911993,269.395,-0.1682168916,-6.633417652
2.326,0.58,1.16,1.780891485,-4.11,-0.2650709474,269.173,-0.172627477,-4.068763755
2.327,0.57,1.14,1.751528057,-4.89,-0.3137397254,268.331,-0.1893890404,-3.481271944
2.328,0.63,1.26,1.927002521,-1.41,-0.0925884157,268.213,-0.1917422491,-6.777329213
2.329,0.66,1.32,2.014104259,0.34,0.02258804273,268.759,-0.1808623484,-12.72540259
2.33,0.62,1.24,1.897874461,-1.69,-0.1107679054,269.769,-0.160794659,-6.988719027
2.331,0.57,1.14,1.751528057,-4.43,-0.2850998976,272.036,-0.1160238622,-4.366552751
2.332,0.56,1.12,1.722117555,-5.03,-0.3224207647,274.758,-0.06275765846,-4.470960603
2.333,0.59,1.18,1.810207839,-3.03,-0.1968297564,277.947,-0.001020061268,-9.149403627
2.334,0.6,1.2,1.83947712,-2.78,-0.1808909279,281.484,0.06663154241,-16.09913366
2.335,0.51,1.02,1.574358943,-7.21,-0.4554829271,285.481,0.1420658435,-5.023207176
2.336,0.4,0.8,1.24514752,-12.65,-0.7706406119,289.761,0.2216790239,-2.268186968
2.337,0.33,0.66,1.032683705,-16.46,-0.9775598357,294.068,0.3006160689,-1.525508846
2.338,0.32,0.64,1.002143437,-16.65,-0.9875906969,299.469,0.3979853908,-1.699685241
2.339,0.42,0.84,1.305427805,-12.15,-0.7426561335,310.071,0.5841140156,-8.233949577
2.34,0.61,1.22,1.868699327,-2.46,-0.1604107785,309.418,0.5728351993,4.53101037
2.341,0.84,1.68,2.527817779,4.68,0.3200222514,306.016,0.5136870684,3.03201334
2.342,1.05,2.1,3.10787358,10.02,0.7098678504,294.421,0.3070343715,3.056216727
2.343,1.18,2.36,3.456552477,13.85,1.006348235,292.382,0.2698542824,2.708467058
2.344,1.26,2.52,3.667169923,15.54,1.141791095,292.079,0.2643071196,2.608046782
2.345,1.26,2.52,3.667169923,15.51,1.139361748,292.811,0.2776983626,2.587871818
2.346,1.15,2.3,3.37679422,13.11,0.9479400111,293.324,0.2870632724,2.734239062
2.347,0.96,1.92,2.861820211,8.19,0.5732330208,290.419,0.2338142285,3.546037997
2.348,0.74,1.48,2.244304323,2.35,0.1582255076,286.302,0.1574295498,7.109990069
2.349,0.54,1.08,1.663155331,-5.13,-0.3286114071,279.87,0.03586691333,-5.681252309
2.35,0.36,0.72,1.124022067,-12.41,-0.7572324329,273.134,-0.09447349095,-1.319730245
2.351,0.19,0.38,0.6008362552,-19.57,-1.138394407,267.654,-0.2029041646,-0.447951163
2.352,0,0,0,-27.2,-1.503890546,262.112,-0.3148433289,-0
2.353,-0.18,-0.36,-0.5848888032,-34.54,-1.819200808,259.046,-0.3777927195,0.2662223607
2.354,-0.35,-0.7,-1.15128818,-40.96,-2.068392259,254.927,-0.4635447795,0.4547064807
2.355,-0.46,-0.92,-1.525031229,-45.25,-2.222207407,252.548,-0.5137058446,0.5574121285
2.356,-0.48,-0.96,-1.593596467,-46.06,-2.250172528,249.964,-0.5687275032,0.5653256411
2.357,-0.41,-0.82,-1.354441921,-43.7,-2.167754002,248.841,-0.5928173184,0.4906382642
2.358,-0.28,-0.56,-0.9164173312,-39.63,-2.018691782,248.248,-0.6055818395,0.3492079956
2.359,-0.19,-0.38,-0.6178298248,-36.55,-1.899774315,249.663,-0.5751737128,0.2496334541
2.36,-0.16,-0.32,-0.5191479808,-35.36,-1.852360392,250.851,-0.5497765733,0.2161192257
2.361,-0.12,-0.24,-0.3882312192,-34.05,-1.799193764,252.583,-0.5129644527,0.167908587
2.362,-0.03,-0.06,-0.0964223112,-30.83,-1.66406855,254.05,-0.4819815837,0.04493012987
2.363,0.09,0.18,0.2867249592,-26.6,-1.476588034,255.478,-0.4519937518,-0.1486714026
2.364,0.14,0.28,0.4443690272,-24.54,-1.38101722,257.135,-0.4174063306,-0.2470880829
2.365,0.12,0.24,0.3814526208,-25.22,-1.412881174,259.092,-0.3768427795,-0.2131348916
2.366,0.12,0.24,0.3814526208,-25.44,-1.423123046,261.339,-0.3306444373,-0.2175046717
2.367,0.18,0.36,0.5696369568,-22.94,-1.304795336,263.198,-0.2927226448,-0.3565762411
2.368,0.29,0.58,0.9102401912,-18.66,-1.092067572,264.905,-0.2581366576,-0.6741500075
2.369,0.36,0.72,1.124022067,-15.59,-0.9312833553,265.81,-0.2398905003,-0.9597397191
2.37,0.4,0.8,1.24514752,-13.69,-0.8282256132,266.844,-0.219119392,-1.188860895
2.371,0.49,0.98,1.514925983,-9.39,-0.5846306229,268.318,-0.1896482415,-1.956563782
2.372,0.63,1.26,1.927002521,-1.84,-0.1204788833,270.552,-0.1452888654,-7.250701146
2.373,0.74,1.48,2.244304323,1.94,0.1302644618,274.107,-0.07544876332,40.94272962
2.374,0.78,1.56,2.358274589,2.91,0.1966613113,278.01,0.000192442582,11.97983042
2.375,0.81,1.62,2.443258015,3.71,0.252063169,281.467,0.0663084237,7.67423373
2.376,0.92,1.84,2.751239245,6.47,0.4477122266,284.285,0.1196053619,4.849557463
2.377,1.09,2.18,3.216006719,11.08,0.7904862633,285.385,0.140266472,3.455275066
2.378,1.24,2.48,3.614798003,14.93,1.092572757,286.801,0.1667460275,2.870439199
2.379,1.3,2.6,3.77134888,16.13,1.189753296,288.434,0.1971216947,2.719314218
2.38,1.3,2.6,3.77134888,16.23,1.197917453,290.541,0.2360611991,2.629989556
2.381,1.29,2.58,3.745374751,15.91,1.171827865,293.185,0.2845274204,2.571745226
2.382,1.25,2.5,3.6410075,15.31,1.123189317,297.766,0.3674745376,2.442540945
2.383,1.18,2.36,3.456552477,13.64,0.9897176276,304.703,0.4906828363,2.334876651
2.384,1.04,2.08,3.080722611,10.22,0.7249955928,301.833,0.4400523227,2.644288334
2.385,0.86,1.72,2.583955587,5.79,0.3988536725,288.285,0.1943572635,4.355879891
2.386,0.68,1.36,2.071936717,1.1,0.07344960963,284.427,0.122277013,10.58587069
2.387,0.49,0.98,1.514925983,-6.35,-0.403462751,281.297,0.06307616283,-4.450604212
2.388,0.32,0.64,1.002143437,-13.89,-0.8392038172,278.272,0.005231973265,-1.201651404
2.389,0.19,0.38,0.6008362552,-19.18,-1.118613657,275.889,-0.04078038987,-0.518233
2.39,0.12,0.24,0.3814526208,-22.16,-1.266994388,274.138,-0.07484374184,-0.2842761823
2.391,0.06,0.12,0.1915736352,-24.71,-1.389012656,273.666,-0.08406309995,-0.1300500904
2.392,0.01,0.02,0.0320466232,-26.97,-1.493452755,273.794,-0.08156136462,-0.02034687994
2.393,0.02,0.04,0.0640461728,-26.26,-1.461010498,274.833,-0.06129748171,-0.04207175792
2.394,0.12,0.24,0.3814526208,-22.71,-1.29369302,276.007,-0.03849263997,-0.2863359307
2.395,0.15,0.3,0.47575662,-21.22,-1.220872247,277.484,-0.009939443059,-0.3865389189
2.396,0.04,0.08,0.1279040512,-25.98,-1.448124012,278.316,0.006077841305,-0.08869622473
2.397,-0.15,-0.3,-0.48634818,-33.81,-1.789341574,277.851,-0.002868214752,0.2713678851
2.398,-0.24,-0.48,-0.7832410368,-37.69,-1.944421352,277.339,-0.01273583044,0.400193221
2.399,-0.19,-0.38,-0.6178298248,-35.86,-1.872383693,276.229,-0.03419121789,0.324052216
2.4,-0.07,-0.14,-0.2256444232,-31.75,-1.703330398,273.865,-0.08017418755,0.1265174338
2.401,0.02,0.04,0.0640461728,-28.32,-1.554221063,271.473,-0.1271075832,-0.03809259596
2.402,0.06,0.12,0.1915736352,-26.82,-1.486626648,269.072,-0.1746352987,-0.1153181385
2.403,0.06,0.12,0.1915736352,-26.78,-1.484803834,268.781,-0.1804244275,-0.1150434686
2.404,0.05,0.1,0.15976238,-27.31,-1.508870189,269.13,-0.1734822001,-0.09496368364
2.405,0.06,0.12,0.1915736352,-26.86,-1.4884484,271.66,-0.1234235867,-0.1188516438
2.406,0.13,0.26,0.4129343608,-24.09,-1.359757635,275.447,-0.04935846389,-0.2930449528
2.407,0.27,0.54,0.8487359928,-18.51,-1.084373424,279.903,0.03649770475,-0.8099586404
2.408,0.45,0.9,1.39549518,-10.5,-0.6489126003,284.352,0.1208660959,-2.642750531
2.409,0.64,1.28,1.956083507,-0.46,-0.03039792141,287.348,0.1769400743,13.34826511
2.41,0.77,1.54,2.329852633,3.09,0.2090759895,289.17,0.2107559567,5.549488679
2.411,0.77,1.54,2.329852633,3.2,0.2166772187,288.647,0.2010710539,5.577168802
2.412,0.66,1.32,2.014104259,0.41,0.02725121946,287.49,0.1795832538,9.737759026
2.413,0.52,1.04,1.604004813,-6.97,-0.4410271742,285.724,0.1466177998,-5.448212428
2.414,0.42,0.84,1.305427805,-11.84,-0.7252074927,283.988,0.1140131548,-2.135863708
2.415,0.42,0.84,1.305427805,-11.81,-0.7235149112,283.356,0.10209375,-2.100713471
2.416,0.47,0.94,1.455304729,-9.4,-0.585214155,282.774,0.09109379912,-2.945243424
2.417,0.53,1.06,1.633603609,-6.44,-0.4089354179,282.527,0.08641859039,-5.065173255
2.418,0.59,1.18,1.810207839,-2.99,-0.1942831505,283.224,0.09960089811,-19.11876612
2.419,0.64,1.28,1.956083507,-0.34,-0.02248599305,281.783,0.07231144253,39.25872275
2.42,0.63,1.26,1.927002521,-0.94,-0.06191919878,281.425,0.06551004674,536.642748
2.421,0.5,1,1.544666,-5.92,-0.3772225855,279.201,0.02306298786,-4.361496937
2.422,0.21,0.42,0.6630936312,-16.65,-0.9875906969,279.32,0.02534275894,-0.6891089136
2.423,-0.12,-0.24,-0.3882312192,-28.46,-1.560454755,277.51,-0.009438176378,0.2472978962
2.424,-0.28,-0.56,-0.9164173312,-34.27,-1.80819439,274.909,-0.05981824234,0.4905841188
2.425,-0.28,-0.56,-0.9164173312,-34.06,-1.799603517,271.493,-0.1267134518,0.4757354818
2.426,-0.27,-0.54,-0.8830526472,-33.87,-1.791807888,266.202,-0.2320064662,0.4363308549
2.427,-0.43,-0.86,-1.422536423,-39.41,-2.01037604,262.643,-0.3040159867,0.614647997
2.428,-0.75,-1.5,-2.5376565,-50.66,-2.402829111,258.212,-0.3950448601,0.9069945702
2.429,-0.97,-1.94,-3.332263271,-58.52,-2.641215482,251.104,-0.5443834599,1.046039797
2.43,-0.83,-1.66,-2.823968295,-54.33,-2.517489121,244.533,-0.6862490184,0.881460398
2.431,-0.41,-0.82,-1.354441921,-40.86,-2.064689263,241.365,-0.7560127966,0.4801790093
2.432,-0.01,-0.02,-0.0320936968,-27.07,-1.49799522,237.967,-0.8318667123,0.01377493505
2.433,0.05,0.1,0.15976238,-24.74,-1.390421573,236.562,-0.8635476926,-0.07088046071
2.434,-0.25,-0.5,-0.8164645,-35.82,-1.870787259,235.23,-0.8937568481,0.2953342281
2.435,-0.6,-1.2,-2.00894208,-48.97,-2.34793628,235.69,-0.8833049633,0.6217245723
2.436,-0.78,-1.56,-2.644670371,-55.81,-2.562038156,237.88,-0.8338230134,0.778792253
2.437,-0.82,-1.64,-2.788014563,-56.94,-2.59542336,239.717,-0.7926669824,0.8228867242
2.438,-0.77,-1.54,-2.608952007,-55.66,-2.55756592,239.833,-0.7900787225,0.7793395912
2.439,-0.69,-1.38,-2.324899745,-53.03,-2.47756865,240.409,-0.7772451866,0.7142957666
2.44,-0.56,-1.12,-1.869740365,-49.06,-2.350893876,241.417,-0.7548603096,0.6020245819
2.441,-0.43,-0.86,-1.422536423,-44.83,-2.207575034,243.297,-0.7133593402,0.4870141677
2.442,-0.33,-0.66,-1.083946855,-41.62,-2.092695215,244.459,-0.6878682678,0.3898299254
2.443,-0.29,-0.58,-0.9498290888,-40.21,-2.040485889,245.795,-0.658709433,0.3518934258
2.444,-0.3,-0.6,-0.98328792,-40.33,-2.044971729,246.505,-0.6432777749,0.3657725664
2.445,-0.31,-0.62,-1.016793825,-40.88,-2.0654303,248.086,-0.6090742459,0.3801802566
2.446,-0.32,-0.64,-1.050346803,-41.14,-2.07504387,249.461,-0.5795040999,0.3956782153
2.447,-0.32,-0.64,-1.050346803,-41.15,-2.075412886,250.947,-0.5477295345,0.4004154693
2.448,-0.3,-0.6,-0.98328792,-40.63,-2.05615157,253.1,-0.5020249868,0.3843706242
2.449,-0.29,-0.58,-0.9498290888,-40.13,-2.037490905,255.622,-0.4489790775,0.3819990168
2.45,-0.32,-0.64,-1.050346803,-41.35,-2.082781747,258.598,-0.3870531401,0.4252700489
2.451,-0.36,-0.72,-1.185029453,-43.23,-2.150994711,261.911,-0.3189475383,0.4797802269
2.452,-0.34,-0.68,-1.117593981,-42.41,-2.121475107,266.723,-0.2215458915,0.4769884612
2.453,-0.2,-0.4,-0.65081792,-37.85,-1.950627645,270.897,-0.1384710479,0.3115304806
2.454,0,0,0,-30.69,-1.658047328,274.825,-0.06145321491,-0
2.455,0.19,0.38,0.6008362552,-23.71,-1.341697053,278.272,0.005231973265,-0.449571234
2.456,0.33,0.66,1.032683705,-17.81,-1.048249465,281.515,0.06722070864,-1.052653857
2.457,0.48,0.96,1.485138893,-10.95,-0.6746925819,283.058,0.09646429823,-2.568430038
2.458,0.64,1.28,1.956083507,-2.89,-0.1879106268,284.729,0.127954543,-32.62527142
2.459,0.76,1.52,2.301383603,1.81,0.1214303351,286.865,0.1679397535,7.953080481
2.46,0.83,1.66,2.499678265,3.59,0.2437157346,289.813,0.2226390394,5.360035759
2.461,0.85,1.7,2.55591022,4.02,0.2736882735,293.468,0.2896890751,4.53676426
2.462,0.81,1.62,2.443258015,3.1,0.2097665561,297.706,0.3663964013,4.240567679
2.463,0.76,1.52,2.301383603,1.69,0.1132892213,303.744,0.4738180831,3.919868798
2.464,0.75,1.5,2.2728675,1.43,0.0956944162,311.661,0.6114779555,3.214021915
2.465,0.82,1.64,2.471491677,3.2,0.2166772187,309.9,0.5811627484,3.097728591
2.466,0.93,1.86,2.778955097,5.97,0.4117448525,308.075,0.5495634818,2.890805164
2.467,0.99,1.98,2.944261663,7.58,0.5283974863,304.953,0.4950705568,2.876749971
2.468,0.97,1.94,2.889347769,7,0.4860930969,292.938,0.2800182983,3.771446015
2.469,0.87,1.74,2.611953881,4.48,0.3059393875,292.226,0.2669990357,4.55887365
2.47,0.71,1.42,2.158332351,0.39,0.0259184403,291.642,0.2562966131,7.64782858
2.471,0.5,1,1.544666,-7.92,-0.497970509,289.758,0.2216236331,-5.589590962
2.472,0.28,0.56,0.8795116288,-16.44,-0.976502386,287.074,0.1718361608,-1.093014223
2.473,0.12,0.24,0.3814526208,-22.25,-1.271377732,282.613,0.08804685951,-0.3223549977
2.474,0.07,0.14,0.2233378168,-24.3,-1.369695999,278.373,0.007173426097,-0.1639149481
2.475,0.06,0.12,0.1915736352,-24.44,-1.376304822,273.55,-0.08633130852,-0.1309783282
2.476,0.02,0.04,0.0640461728,-26.07,-1.452271815,269.164,-0.1728063612,-0.03941113341
2.477,-0.12,-0.24,-0.3882312192,-30.95,-1.669219767,266.538,-0.2252579576,0.2049278353
2.478,-0.3,-0.6,-0.98328792,-37.87,-1.951402401,263.384,-0.2889431763,0.4389001099
2.479,-0.48,-0.96,-1.593596467,-44.43,-2.193554939,259.716,-0.3639732724,0.6231002497
2.48,-0.61,-1.22,-2.043860193,-49.19,-2.355159087,255.09,-0.4601250895,0.7259871704
2.481,-0.71,-1.42,-2.395630369,-52.68,-2.466692194,251.727,-0.5311263151,0.7991245506
2.482,-0.8,-1.6,-2.71624832,-55.86,-2.563526774,247.813,-0.6149647605,0.8545715131
2.483,-0.88,-1.76,-3.004443059,-58.92,-2.652647524,245.386,-0.6676191852,0.9048800361
2.484,-0.94,-1.88,-3.222566205,-61.1,-2.713841472,242.752,-0.7253571068,0.937010798
2.485,-0.95,-1.9,-3.25908482,-61.21,-2.716880422,242.963,-0.7207089075,0.9480727649
2.486,-0.88,-1.76,-3.004443059,-59.2,-2.660611859,243.986,-0.6982299289,0.8944878172
2.487,-0.77,-1.54,-2.608952007,-55.91,-2.565014329,246.065,-0.6528358098,0.8107748634
2.488,-0.66,-1.32,-2.219156861,-52.31,-2.45513415,248.717,-0.5954839423,0.7274449943
2.489,-0.55,-1.1,-1.83505762,-48.92,-2.346291487,251.906,-0.5273233473,0.6385885812
2.49,-0.46,-0.92,-1.525031229,-45.96,-2.246738067,255.709,-0.4471585347,0.5661060738
2.491,-0.4,-0.8,-1.32046528,-44,-2.17839078,260.224,-0.3535189859,0.52152936
2.492,-0.4,-0.8,-1.32046528,-44.13,-2.182985445,265.164,-0.2529084699,0.5420865302
2.493,-0.41,-0.82,-1.354441921,-44.39,-2.192148375,267.504,-0.2059032789,0.5648093188
2.494,-0.29,-0.58,-0.9498290888,-40.53,-2.052430465,270.218,-0.1518975909,0.4308928004
2.495,-0.03,-0.06,-0.0964223112,-31.54,-1.694415094,272.364,-0.1095771311,0.0534494051
2.496,0.27,0.54,0.8487359928,-20.23,-1.171619478,275.898,-0.04060586601,-0.7001470452
2.497,0.46,0.92,1.425423491,-11.53,-0.7076833433,280.655,0.05085198178,-2.170151389
2.498,0.53,1.06,1.633603609,-8.15,-0.5116455393,285.462,0.141709766,-4.415911428
2.499,0.57,1.14,1.751528057,-6.47,-0.4107581458,289.47,0.2163034479,-9.007383598
2.5,0.59,1.18,1.810207839,-5.2,-0.3329398539,292.375,0.269726195,-28.63634015
2.501,0.56,1.12,1.722117555,-6.39,-0.4058958778,291.572,0.2550123504,-11.41355577
2.502,0.47,0.94,1.455304729,-10.15,-0.6287500019,290.152,0.228893383,-3.639566435
2.503,0.33,0.66,1.032683705,-15.31,-0.9162684814,286.623,0.1634245759,-1.371710254
2.504,0.2,0.4,0.63198848,-20.37,-1.178626991,284.269,0.1193042471,-0.5965967251
2.505,0.07,0.14,0.2233378168,-25.27,-1.415211742,282.913,0.09372299164,-0.1690047053
2.506,-0.08,-0.16,-0.2580676352,-30.86,-1.665357204,282.006,0.07654369985,0.1624278964
2.507,-0.24,-0.48,-0.7832410368,-36.69,-1.905297862,280.104,0.04033819262,0.4199774664
2.508,-0.37,-0.74,-1.218817799,-41.61,-2.092328755,276.87,-0.02179071984,0.5765132074
2.509,-0.46,-0.92,-1.525031229,-45.05,-2.215250909,271.493,-0.1267134518,0.6511761044
2.51,-0.53,-1.06,-1.765833351,-47.34,-2.29369025,266.19,-0.2322476418,0.6990802731
2.511,-0.59,-1.18,-1.974071041,-49.68,-2.371162954,261.963,-0.3178854508,0.7341151009
2.512,-0.69,-1.38,-2.324899745,-53.44,-2.490239855,257.366,-0.412602258,0.8009046495
2.513,-0.8,-1.6,-2.71624832,-57.43,-2.609734308,253.342,-0.4969120614,0.8743345707
2.514,-0.87,-1.74,-2.968253959,-59.95,-2.681791855,248.723,-0.5953548815,0.9057433791
2.515,-0.89,-1.78,-3.040679233,-60.58,-2.699412781,243.49,-0.7091170328,0.8920794004
2.516,-0.86,-1.72,-2.932111933,-59.79,-2.677292046,239.86,-0.7894764623,0.8457766723
2.517,-0.84,-1.68,-2.859969101,-59.03,-2.655780098,235.788,-0.8810808935,0.8086178981
2.518,-0.82,-1.64,-2.788014563,-58.66,-2.645224006,230.88,-0.9936181499,0.7661817808
2.519,-0.81,-1.62,-2.752107905,-58.19,-2.631735519,229.897,-1.016445062,0.7543782014
2.52,-0.8,-1.6,-2.71624832,-57.99,-2.625968598,230.693,-0.997953109,0.7495328375
2.521,-0.8,-1.6,-2.71624832,-58.04,-2.627411854,232.299,-0.9608374161,0.7569842884
2.522,-0.8,-1.6,-2.71624832,-57.97,-2.625391011,233.608,-0.9307748996,0.763813722
2.523,-0.79,-1.58,-2.680435809,-57.56,-2.613514446,235.691,-0.8832822641,0.7665403599
2.524,-0.77,-1.54,-2.608952007,-57.11,-2.60039965,236.745,-0.8594106313,0.7540737193
2.525,-0.75,-1.5,-2.5376565,-56.46,-2.581307624,237.979,-0.8315969338,0.7435474556
2.526,-0.68,-1.36,-2.289605043,-54.25,-2.515054007,239.385,-0.8000816886,0.6906519833
2.527,-0.56,-1.12,-1.869740365,-50.41,-2.394793978,241.345,-0.756456127,0.5933329005
2.528,-0.46,-0.92,-1.525031229,-47.27,-2.291331483,242.697,-0.7265693866,0.50532847
2.529,-0.43,-0.86,-1.422536423,-46.41,-2.262153406,243.324,-0.7127656544,0.4781765132
2.53,-0.44,-0.88,-1.456654285,-46.79,-2.27509155,243.727,-0.7039121647,0.4889736382
2.531,-0.42,-0.84,-1.388465635,-46.1,-2.251544897,245.156,-0.6726360853,0.4748220591
2.532,-0.38,-0.76,-1.252653219,-44.65,-2.201276226,246.483,-0.6437552714,0.4402950268
2.533,-0.39,-0.78,-1.286535713,-45.12,-2.217688016,248.341,-0.6035779691,0.4560136193
2.534,-0.44,-0.88,-1.456654285,-46.93,-2.279840039,250.609,-0.5549402957,0.5138508501
2.535,-0.4,-0.8,-1.32046528,-45.83,-2.242265703,252.675,-0.5110161412,0.4795968429
2.536,-0.24,-0.48,-0.7832410368,-40.59,-2.054663788,256.028,-0.440488506,0.3139051026
2.537,-0.01,-0.02,-0.0320936968,-32.82,-1.748331297,259.404,-0.3704041562,0.01514757151
2.538,0.18,0.36,0.5696369568,-25.78,-1.438887238,264.1,-0.274419125,-0.3324781657
2.539,0.29,0.58,0.9102401912,-21.34,-1.226794912,266.835,-0.2192998376,-0.6294471308
2.54,0.35,0.7,1.09362302,-18.8,-1.09923396,270.53,-0.1457239197,-0.8784417833
2.541,0.39,0.78,1.214936767,-17.27,-1.02013588,273.751,-0.08240166085,-1.101945941
2.542,0.42,0.84,1.305427805,-15.75,-0.939836696,277.726,-0.005275621867,-1.381240917
2.543,0.47,0.94,1.455304729,-13.72,-0.8298743071,282.663,0.08899329983,-1.964289426
2.544,0.53,1.06,1.633603609,-10.81,-0.6666893869,287.489,0.1795646445,-3.353563198
2.545,0.63,1.26,1.927002521,-5.69,-0.3631238695,291.793,0.259065902,-18.51854852
2.546,0.79,1.58,2.386649471,1.46,0.09772149724,297.549,0.3635742493,5.173794662
2.547,0.97,1.94,2.889347769,6.1,0.4210739205,309.008,0.5657413827,2.927951927
2.548,1.11,2.22,3.269790847,9.71,0.6864961027,310.505,0.5915970648,2.558335284
2.549,1.16,2.32,3.403427379,11.15,0.7958485199,309.685,0.5774497791,2.478287042
2.55,1.15,2.3,3.37679422,10.88,0.7751918079,307.595,0.5412213488,2.565147729
2.551,1.14,2.28,3.350113987,10.45,0.7424402967,303.062,0.4617921587,2.781949591
2.552,1.15,2.3,3.37679422,10.86,0.7736645018,290.204,0.2298521049,3.364960976
2.553,1.21,2.42,3.535887071,12.48,0.8986415616,287.028,0.1709788218,3.305740173
2.554,1.21,2.42,3.535887071,12.48,0.8986415616,284.013,0.1144841047,3.490077479
2.555,1.04,2.08,3.080722611,8.06,0.5636483326,282.034,0.07707486785,4.808195816
2.556,0.71,1.42,2.158332351,-0.72,-0.04749702857,280.459,0.04711441671,-5641.04932
2.557,0.36,0.72,1.124022067,-17.18,-1.015429303,280.228,0.04270607456,-1.155541509
2.558,0.16,0.32,0.5070971392,-26.14,-1.455494137,280.406,0.04610329995,-0.3597988052
2.559,0.14,0.28,0.4443690272,-27.12,-1.500263974,281.221,0.06163052019,-0.3088827289
2.56,0.19,0.38,0.6008362552,-25.43,-1.422658215,281.346,0.06400801482,-0.4422302775
2.561,0.25,0.5,0.7870435,-22.95,-1.305277211,280.047,0.03924937906,-0.6216636633
2.562,0.33,0.66,1.032683705,-19.65,-1.142438401,278.046,0.0008851785664,-0.9046303623
2.563,0.43,0.86,1.335497337,-15.26,-0.9135810115,274.983,-0.05837832322,-1.374025938
2.564,0.52,1.04,1.604004813,-11.1,-0.6832501861,272.424,-0.108398691,-2.026156872
2.565,0.57,1.14,1.751528057,-8.98,-0.5606363342,270.683,-0.1426990477,-2.490316998
2.566,0.56,1.12,1.722117555,-9.14,-0.5700161114,269.767,-0.1608343227,-2.356320083
2.567,0.55,1.1,1.69265998,-9.95,-0.6171845625,270.669,-0.1429757623,-2.226714451
2.568,0.54,1.08,1.663155331,-10.51,-0.6494872388,271.619,-0.1242310908,-2.149561756
2.569,0.53,1.06,1.633603609,-11.01,-0.6781177632,272.591,-0.1051200655,-2.085705706
2.57,0.53,1.06,1.633603609,-10.96,-0.6752636437,273.366,-0.0899311302,-2.134885998
2.571,0.57,1.14,1.751528057,-9.18,-0.5723578229,273.706,-0.08328118199,-2.671482391
2.572,0.64,1.28,1.956083507,-5.21,-0.3335578673,274.031,-0.07693233134,-4.765238034
2.573,0.71,1.42,2.158332351,-1.33,-0.08738173801,274.08,-0.07597577326,-13.2123239
2.574,0.74,1.48,2.244304323,0.15,0.009952714238,275.661,-0.04520356119,-63.66667803
2.575,0.77,1.54,2.329852633,0.88,0.05867371064,278.062,0.001193032437,38.91731056
2.576,0.85,1.7,2.55591022,2.97,0.2007962711,281.039,0.05816699786,9.869778947
2.577,0.98,1.96,2.916828253,6.18,0.4268227197,284.998,0.1330066122,5.210209767
2.578,1.07,2.14,3.162034297,8.53,0.5983766111,289.391,0.2148431664,3.888289961
2.579,1.06,2.12,3.134977475,8.34,0.5843122259,293.523,0.2906916458,3.582815547
2.58,1,2,2.971648,6.84,0.4744786461,296.302,0.3411057857,3.643581074
2.581,0.98,1.96,2.916828253,6.24,0.4311382393,301.021,0.425640201,3.404413692
2.582,1,2,2.971648,6.85,0.4752038448,312.922,0.6330807182,2.681304152
2.583,1.04,2.08,3.080722611,7.72,0.5386564538,313.366,0.6406663669,2.612281012
2.584,1.03,2.06,3.053524569,7.63,0.532059276,313.537,0.6435850003,2.597320151
2.585,0.97,1.94,2.889347769,5.99,0.4131790684,312.668,0.628736339,2.773111664
2.586,0.9,1.8,2.69566632,4.17,0.2841836115,310.556,0.5924757224,3.074930267
2.587,0.87,1.74,2.611953881,3.39,0.2298325276,305.069,0.4971052376,3.593091466
2.588,0.84,1.68,2.527817779,2.59,0.1746632724,297.521,0.3630707792,4.700869829
2.589,0.74,1.48,2.244304323,-0.03,-0.001988158449,286.29,0.1572053063,14.45912616
2.59,0.53,1.06,1.633603609,-8.82,-0.5512358423,283.276,0.1005830693,-3.624971834
2.591,0.26,0.52,0.8179132832,-19.5,-1.134852121,279.635,0.03137276199,-0.7412130337
2.592,0.04,0.08,0.1279040512,-28.27,-1.551991655,275.557,-0.04722236321,-0.07997932091
2.593,-0.08,-0.16,-0.2580676352,-32.92,-1.752500929,272.943,-0.0982160036,0.1394419809
2.594,-0.11,-0.22,-0.3556197128,-34.01,-1.79755415,269.983,-0.1565523401,0.1819858409
2.595,-0.16,-0.32,-0.5191479808,-35.92,-1.874776576,266.232,-0.2314035745,0.2464879277
2.596,-0.3,-0.6,-0.98328792,-41.43,-2.085723197,261.033,-0.336912385,0.4058752903
2.597,-0.5,-1,-1.66235,-48.82,-2.342998286,252.977,-0.5046255793,0.5837674069
2.598,-0.62,-1.24,-2.078825379,-53.54,-2.49331903,245.087,-0.6741420731,0.6563065217
2.599,-0.58,-1.16,-1.939247075,-52.28,-2.454194293,240.529,-0.7745754037,0.6006148649
2.6,-0.46,-0.92,-1.525031229,-48.45,-2.330771418,238.169,-0.8273272527,0.4828953709
2.601,-0.38,-0.76,-1.252653219,-45.82,-2.24192132,238.693,-0.8155695486,0.4096997418
2.602,-0.34,-0.68,-1.117593981,-44.4,-2.192500093,240.615,-0.7726628786,0.3769081131
2.603,-0.31,-0.62,-1.016793825,-43.5,-2.160636602,243.465,-0.7096663649,0.3542461673
2.604,-0.31,-0.62,-1.016793825,-43.46,-2.159210598,246.213,-0.6496189282,0.3619991229
2.605,-0.31,-0.62,-1.016793825,-43.68,-2.167043207,248.278,-0.6049353477,0.3668115769
2.606,-0.28,-0.56,-0.9164173312,-42.48,-2.124009057,249.719,-0.5739738297,0.3396675848
2.607,-0.18,-0.36,-0.5848888032,-39.2,-2.002413015,251.517,-0.5355913462,0.2304522452
2.608,-0.04,-0.08,-0.1286572288,-34.65,-1.823672362,253.064,-0.502786005,0.05530175421
2.609,0.07,0.14,0.2233378168,-30.73,-1.659768938,254.742,-0.467428673,-0.10499157
2.61,0.16,0.32,0.5070971392,-27.36,-1.511131026,256.515,-0.4303217462,-0.2611946819
2.611,0.28,0.56,0.8795116288,-22.47,-1.282068703,258.314,-0.3929318977,-0.5250813813
2.612,0.43,0.86,1.335497337,-16.42,-0.9754446372,260.564,-0.3465334169,-1.010226556
2.613,0.55,1.1,1.69265998,-10.74,-0.6626819535,261.75,-0.3222372621,-1.718577476
2.614,0.64,1.28,1.956083507,-6.1,-0.3882255741,264.525,-0.2658166166,-2.990760436
2.615,0.7,1.4,2.12958088,-3.1,-0.2012830138,266.174,-0.2325692263,-4.908539551
2.616,0.71,1.42,2.158332351,-2.38,-0.1552769498,268.872,-0.1786134081,-6.464194907
2.617,0.69,1.38,2.100782335,-3.56,-0.2304428934,271.566,-0.1252751182,-5.905751935
2.618,0.66,1.32,2.014104259,-5.37,-0.3434346626,274.126,-0.07507793559,-4.812529582
2.619,0.63,1.26,1.927002521,-7.07,-0.4470561776,278.193,0.003712919945,-4.346524927
2.62,0.62,1.24,1.897874461,-7.66,-0.4824596762,282.3,0.08211833539,-4.740640717
2.621,0.65,1.3,1.98511742,-5.73,-0.3655789946,284.868,0.1305656875,-8.446829857
2.622,0.74,1.48,2.244304323,-1.06,-0.06976797991,288.327,0.1951366437,17.9016371
2.623,0.83,1.66,2.499678265,1.9,0.1275446522,290.133,0.2285430379,7.019839029
2.624,0.89,1.78,2.667809247,3.32,0.2249820134,291.136,0.2470062807,5.652278415
2.625,0.89,1.78,2.667809247,3.38,0.2291393239,292.103,0.2647467087,5.40166976
2.626,0.87,1.74,2.611953881,2.71,0.1829016744,293.991,0.299215019,5.41767982
2.627,0.84,1.68,2.527817779,2.03,0.1363892916,301.919,0.4415764585,4.373646325
2.628,0.81,1.62,2.443258015,1.28,0.08557108238,304.827,0.4928595955,4.223942658
2.629,0.75,1.5,2.2728675,-0.45,-0.0297390777,302.349,0.4491906309,5.418665117
2.63,0.64,1.28,1.956083507,-5.19,-0.3323217565,299.166,0.3925695693,32.46729493
2.631,0.5,1,1.544666,-10.92,-0.6729789208,285.642,0.1450821816,-2.92607604
2.632,0.41,0.82,1.275311199,-14.71,-0.8838935973,282.023,0.076866201,-1.580257628
2.633,0.38,0.76,1.184678941,-15.9,-0.9478379292,278.405,0.007788392925,-1.260230334
2.634,0.3,0.6,0.94092168,-18.88,-1.103322625,273.842,-0.08062351539,-0.7947335167
2.635,0.05,0.1,0.15976238,-28.79,-1.575098129,269.983,-0.1565523401,-0.09226017771
2.636,-0.27,-0.54,-0.8830526472,-41.2,-2.077257144,267.408,-0.2078235948,0.3864426461
2.637,-0.38,-0.76,-1.252653219,-45.3,-2.22394333,262.854,-0.2997196727,0.4963631111
2.638,-0.2,-0.4,-0.65081792,-39.16,-2.000893443,256.754,-0.4253393682,0.2682421559
2.639,0.08,0.16,0.2550549248,-29.65,-1.612929428,253.049,-0.5031031279,-0.1205344994
2.64,0.17,0.34,0.5383905848,-26.28,-1.461928957,251.21,-0.5421255097,-0.2686506749
2.641,0.05,0.1,0.15976238,-31.2,-1.679922391,251.007,-0.5464505328,-0.07175903833
2.642,-0.08,-0.16,-0.2580676352,-36.48,-1.897008256,248.555,-0.598969761,0.1033933927
2.643,-0.12,-0.24,-0.3882312192,-38.23,-1.965308913,248.466,-0.6008857767,0.1512867363
2.644,-0.13,-0.26,-0.4208897992,-38.68,-1.982588323,248.157,-0.6075433427,0.1624974532
2.645,-0.14,-0.28,-0.4535954528,-39.04,-1.996329333,247.808,-0.6150727059,0.1736980542
2.646,-0.11,-0.22,-0.3556197128,-38.07,-1.959137374,247.807,-0.6150942952,0.1381459629
2.647,-0.02,-0.04,-0.0642344672,-34.8,-1.829758262,250.732,-0.5523151363,0.02696577999
2.648,0.12,0.24,0.3814526208,-29.79,-1.619043092,253.858,-0.4860264109,-0.1812066634
2.649,0.25,0.5,0.7870435,-24.84,-1.395113547,256.107,-0.4388379647,-0.4291517498
2.65,0.34,0.68,1.063176899,-21.25,-1.22235387,260.336,-0.3512168497,-0.6756460871
2.651,0.4,0.8,1.24514752,-18.94,-1.106386066,264.37,-0.2689523998,-0.905338977
2.652,0.44,0.88,1.365519795,-17.29,-1.02118097,266.722,-0.2215659498,-1.098791535
2.653,0.49,0.98,1.514925983,-15.13,-0.9065847222,270.908,-0.1382538111,-1.449913968
2.654,0.58,1.16,1.780891485,-10.99,-0.6769763532,273.75,-0.0824212042,-2.345137231
2.655,0.72,1.44,2.187036749,-3.83,-0.2474743014,278.57,0.01095819418,-9.246882907
2.656,0.89,1.78,2.667809247,2.56,0.1726057065,283.769,0.1098858607,9.443854462
2.657,1.05,2.1,3.10787358,6.83,0.4737535413,286.832,0.1673242718,4.847888223
2.658,1.2,2.4,3.50948928,10.88,0.7751918079,290.435,0.234108967,3.477149099
2.659,1.32,2.64,3.823155917,14.03,1.020638008,296.261,0.3403654425,2.809071436
2.66,1.36,2.72,3.926205107,14.96,1.094984571,305.05,0.4967720239,2.466586362
2.661,1.32,2.64,3.823155917,14.1,1.02620387,306.637,0.5245328527,2.465380396
2.662,1.24,2.48,3.614798003,11.95,0.857471161,307.784,0.5445076164,2.578354296
2.663,1.17,2.34,3.430013465,10.2,0.7234810798,307.022,0.5312458652,2.733673233
2.664,1.13,2.26,3.323386681,9.25,0.6519858091,305.265,0.5005413891,2.883564645
2.665,1.09,2.18,3.216006719,8.18,0.5724951674,295.505,0.3266958427,3.576555685
2.666,1.04,2.08,3.080722611,6.76,0.4686804357,291.845,0.2600192326,4.22769866
2.667,1.01,2.02,2.998987263,5.95,0.4103110093,294.27,0.3042898076,4.196730807
2.668,1.05,2.1,3.10787358,6.97,0.4839135551,296.626,0.3469527019,3.74052208
2.669,1.11,2.22,3.269790847,8.76,0.6154479405,301.262,0.4299217432,3.127879924
2.67,1.11,2.22,3.269790847,8.6,0.6035668934,311.383,0.6067036535,2.701702405
2.671,1,2,2.971648,5.77,0.3974231805,317.635,0.7130576895,2.676001073
2.672,0.87,1.74,2.611953881,2.47,0.1664378882,317.249,0.7065522483,2.991962648
2.673,0.83,1.66,2.499678265,1.17,0.07816007964,315.619,0.678993518,3.301415027
2.674,0.82,1.64,2.471491677,1.01,0.06739971161,313.465,0.6423562961,3.482170844
2.675,0.74,1.48,2.244304323,-1.88,-0.123065179,310.26,0.5873740494,4.833645158
2.676,0.59,1.18,1.810207839,-7.95,-0.4997566601,306.583,0.5235906134,75.95080078
2.677,0.49,0.98,1.514925983,-11.7,-0.7173027255,299.993,0.4073384464,-4.887421181
2.678,0.46,0.92,1.425423491,-12.82,-0.780110914,287.066,0.1716870682,-2.342813322
2.679,0.39,0.78,1.214936767,-15.68,-0.9360969855,283.969,0.1136552052,-1.477231333
2.68,0.19,0.38,0.6008362552,-23.54,-1.333585162,280.874,0.05502505231,-0.4699319576
2.681,-0.09,-0.18,-0.2905379208,-34.18,-1.804515842,276.303,-0.0327581787,0.1581353231
2.682,-0.29,-0.58,-0.9498290888,-41.68,-2.09489284,272.016,-0.1164172069,0.4295322992
2.683,-0.35,-0.7,-1.15128818,-43.86,-2.173432812,265.317,-0.2498224027,0.4750998464
2.684,-0.31,-0.62,-1.016793825,-42.8,-2.135559514,259.776,-0.3627374497,0.4069947807
2.685,-0.23,-0.46,-0.7500646472,-39.95,-2.030739225,257.677,-0.4061412433,0.3077970615
2.686,-0.1,-0.2,-0.32305528,-35.78,-1.869189884,255.537,-0.4507583674,0.1392510716
2.687,0.05,0.1,0.15976238,-30.25,-1.63904284,256.672,-0.4270482805,-0.07732591193
2.688,0.24,0.48,0.7561266432,-23.23,-1.318741538,257.443,-0.4110018586,-0.4371322617
2.689,0.4,0.8,1.24514752,-16.52,-0.9807303901,266.189,-0.2322677403,-1.026504072
2.69,0.48,0.96,1.485138893,-12.94,-0.7867822989,268.992,-0.1762261875,-1.542186714
2.691,0.47,0.94,1.455304729,-13.41,-0.8128043309,270.962,-0.1371875036,-1.531912882
2.692,0.42,0.84,1.305427805,-15.41,-0.9216377426,272.152,-0.1137430327,-1.260819049
2.693,0.36,0.72,1.124022067,-17.46,-1.030052276,272.382,-0.1092235718,-0.9866109857
2.694,0.26,0.52,0.8179132832,-21.58,-1.238609678,272.486,-0.1071812422,-0.6077565772
2.695,0.09,0.18,0.2867249592,-28.1,-1.544399488,272.102,-0.1147260296,-0.1728169184
2.696,-0.07,-0.14,-0.2256444232,-34.19,-1.80492481,272.287,-0.1110898429,0.1177675874
2.697,-0.12,-0.24,-0.3882312192,-36.37,-1.892655812,272.285,-0.1111291398,0.1937489444
2.698,-0.08,-0.16,-0.2580676352,-35,-1.837851888,272.944,-0.09819640248,0.1332960735
2.699,-0.07,-0.14,-0.2256444232,-34.49,-1.817165885,272.68,-0.1033735945,0.1174901248
2.7,-0.13,-0.26,-0.4208897992,-36.85,-1.91159652,272.524,-0.1064352009,0.2085645111
2.701,-0.21,-0.42,-0.6838530888,-39.99,-2.032241151,272.097,-0.1148243393,0.318505929
2.702,-0.26,-0.52,-0.8497350368,-41.8,-2.099282249,271.428,-0.1279944853,0.3815130037
2.703,-0.29,-0.58,-0.9498290888,-42.96,-2.141314298,268.629,-0.1834507948,0.4085699203
2.704,-0.3,-0.6,-0.98328792,-43.27,-2.152425566,264.731,-0.2616519022,0.4073141533
2.705,-0.21,-0.42,-0.6838530888,-40.55,-2.053175126,260.949,-0.3386342835,0.2859145407
2.706,-0.06,-0.12,-0.1932682848,-35.35,-1.851958417,257.284,-0.414307106,0.0852805123
2.707,0.1,0.2,0.31834792,-29.57,-1.609430277,256.395,-0.4328251094,-0.1558805633
2.708,0.23,0.46,0.7251627128,-24.82,-1.394175695,256.072,-0.4395691543,-0.3954545328
2.709,0.32,0.64,1.002143437,-21.2,-1.219884144,255.909,-0.4429757262,-0.6026625904
2.71,0.42,0.84,1.305427805,-16.95,-1.003374068,255.113,-0.4596427325,-0.8922849037
2.711,0.5,1,1.544666,-13.31,-0.807282055,253.811,-0.487017017,-1.193438235
2.712,0.52,1.04,1.604004813,-12.39,-0.7561130555,252.197,-0.5211466327,-1.2558173
2.713,0.51,1.02,1.574358943,-12.71,-0.7739856404,250.758,-0.5517603894,-1.187526802
2.714,0.51,1.02,1.574358943,-12.83,-0.7806672903,248.534,-0.5994217927,-1.140766174
2.715,0.48,0.96,1.485138893,-14.29,-0.8610680197,246.713,-0.6387653684,-0.9902025816
2.716,0.38,0.76,1.184678941,-18.17,-1.066872416,246.512,-0.6431258532,-0.6927954036
2.717,0.28,0.56,0.8795116288,-22.38,-1.277699216,247.277,-0.6265489215,-0.4618681839
2.718,0.2,0.4,0.63198848,-25.69,-1.434721931,247.608,-0.6193923083,-0.3076695872
2.719,0.15,0.3,0.47575662,-27.79,-1.530506376,248.319,-0.6040519351,-0.2228829343
2.72,0.14,0.28,0.4443690272,-28.37,-1.556448844,249.278,-0.5834302017,-0.2076608152
2.721,0.14,0.28,0.4443690272,-28.13,-1.545740651,250.256,-0.5624814507,-0.2107790383
2.722,0.19,0.38,0.6008362552,-26.25,-1.460551169,251.757,-0.5304887576,-0.3017700687
2.723,0.32,0.64,1.002143437,-21.41,-1.230245092,254.196,-0.4789078752,-0.5863392311
2.724,0.4,0.8,1.24514752,-17.74,-1.044617259,257.549,-0.4087994943,-0.8567037066
2.725,0.32,0.64,1.002143437,-21.41,-1.230245092,259.464,-0.3691668473,-0.6265699361
2.726,0.11,0.22,0.3499238072,-30.08,-1.631667319,261.383,-0.3297437674,-0.1784041141
2.727,-0.06,-0.12,-0.1932682848,-37.09,-1.921016643,262.905,-0.2986817447,0.08706961535
2.728,-0.08,-0.16,-0.2580676352,-38.2,-1.964152861,264.86,-0.2590455512,0.1160794438
2.729,0.01,0.02,0.0320466232,-35.08,-1.84108266,267.71,-0.2017849261,-0.01568707802
2.73,0.08,0.16,0.2550549248,-32.61,-1.739555083,270.46,-0.1471084185,-0.1351883495
2.731,0.13,0.26,0.4129343608,-30.71,-1.658908259,273.041,-0.09629543448,-0.2352629283
2.732,0.32,0.64,1.002143437,-23.54,-1.333585162,275.897,-0.04062525727,-0.7292503555
2.733,0.73,1.46,2.215694073,-5.16,-0.33046696,279.312,0.02518952747,-7.257968774
2.734,1.23,2.46,3.588541433,10.48,0.7447194677,283.316,0.101338463,4.241484303
2.735,1.59,3.18,4.504121599,18.68,1.401132551,288.182,0.1924454454,2.826420552
2.736,1.7,3.4,4.77171368,20.8,1.581989574,293.434,0.2890692101,2.550274593
2.737,1.64,3.28,4.626460467,19.54,1.473933415,302.642,0.4543726919,2.3992355
2.738,1.6,3.2,4.52868352,18.83,1.413775067,308.118,0.5503101635,2.305746945
2.739,1.67,3.34,4.699298905,20.27,1.536334569,309.492,0.5741145453,2.226681929
2.74,1.76,3.52,4.915272243,21.88,1.675939444,310.776,0.5962643573,2.163218035
2.741,1.76,3.52,4.915272243,21.91,1.6785668,312.077,0.6186142862,2.139697333
2.742,1.67,3.34,4.699298905,20.28,1.537193253,313.279,0.6391808368,2.159233068
2.743,1.56,3.12,4.430153395,18.22,1.362507385,313.634,0.6452398919,2.2065294
2.744,1.49,2.98,4.255913343,17.05,1.265247458,313.445,0.6420149393,2.231425182
2.745,1.49,2.98,4.255913343,17.05,1.265247458,312.416,0.6244226785,2.25219908
2.746,1.51,3.02,4.305931583,17.44,1.297511257,311.763,0.6132286099,2.253541499
2.747,1.51,3.02,4.305931583,17.32,1.28756734,311.941,0.6162823021,2.261697294
2.748,1.46,2.92,4.180532931,16.44,1.21509526,311.7,0.612147391,2.287891501
2.749,1.38,2.76,3.977447261,14.97,1.09578871,310.478,0.5911318347,2.357815413
2.75,1.31,2.62,3.797275935,13.14,0.9502973436,308.883,0.5635767614,2.508316856
2.751,1.29,2.58,3.745374751,12.7,0.9158123613,306.617,0.5241838945,2.600961451
2.752,1.33,2.66,3.848988825,13.84,1.005555305,304.683,0.4903316632,2.573047902
2.753,1.39,2.78,4.002997727,15.09,1.105446223,303.606,0.4713868655,2.538631232
2.754,1.39,2.78,4.002997727,15.22,1.115924885,303.121,0.4628335934,2.535535221
2.755,1.34,2.68,3.874774659,13.99,1.017459711,303.614,0.4715278358,2.602288158
2.756,1.25,2.5,3.6410075,11.66,0.8350606483,303.331,0.4665387508,2.797333421
2.757,1.16,2.32,3.403427379,9.55,0.674469466,301.932,0.4418068133,3.048911316
2.758,1.11,2.22,3.269790847,8.27,0.5791392686,300.05,0.4083548735,3.311200247
2.759,1.08,2.16,3.189044045,7.37,0.5130437536,296.163,0.3385954264,3.744595269
2.76,1.01,2.02,2.998987263,5.69,0.3917049323,287.619,0.1819833206,5.227555641
2.761,0.91,1.82,2.723476319,3,0.2028649755,287.438,0.1786154805,7.13922896
2.762,0.81,1.62,2.443258015,0.48,0.03191873829,287.561,0.1809043541,11.48022984
2.763,0.77,1.54,2.329852633,-1.15,-0.07564630481,288.648,0.2010895886,18.57295634
2.764,0.78,1.56,2.358274589,-0.91,-0.05995503512,290.259,0.2308659507,13.79826783
2.765,0.77,1.54,2.329852633,-1.46,-0.09583975751,293.561,0.2913842213,11.91469493
2.766,0.72,1.44,2.187036749,-3.72,-0.240543081,304.404,0.4854303926,8.930788348
2.767,0.69,1.38,2.100782335,-5.67,-0.3618958053,306.121,0.5155224419,13.67459694
2.768,0.66,1.32,2.014104259,-6.96,-0.4404238199,307.191,0.534189958,21.4800812
2.769,0.6,1.2,1.83947712,-10.16,-0.6293274337,306.964,0.530235093,-18.56326237
2.77,0.5,1,1.544666,-15.1,-0.9049683735,305.622,0.5067944284,-3.879374879
2.771,0.45,0.9,1.39549518,-17.33,-1.023270261,302.238,0.4472261494,-2.422549161
2.772,0.53,1.06,1.633603609,-13.95,-0.8424912778,295.351,0.3239070074,-3.150121788
2.773,0.69,1.38,2.100782335,-6.35,-0.403462751,288.974,0.2071284866,-10.70002906
2.774,0.81,1.62,2.443258015,0.33,0.02192222892,288.613,0.2004408352,10.98769719
2.775,0.88,1.76,2.639905101,2.01,0.135027589,290.13,0.2284877182,7.262156638
2.776,0.95,1.9,2.83424558,3.8,0.2583323737,292.215,0.2667976467,5.397226344
2.777,1.05,2.1,3.10787358,6.43,0.4448262407,295.422,0.3251929497,4.036098864
2.778,1.15,2.3,3.37679422,9.07,0.6385370409,299.706,0.4022177104,3.244562867
2.779,1.21,2.42,3.535887071,10.57,0.7515622124,309.623,0.5763785835,2.662684272
2.78,1.21,2.42,3.535887071,10.71,0.7622220918,314.082,0.6528764677,2.498686079
2.781,1.18,2.36,3.456552477,9.79,0.6925186578,315.343,0.6743130456,2.528879355
2.782,1.08,2.16,3.189044045,7.42,0.5166956286,316.587,0.6953767983,2.631067232
2.783,0.96,1.92,2.861820211,4.2,0.286285154,317.458,0.7100756065,2.872273101
2.784,0.87,1.74,2.611953881,2.04,0.1370702779,318.204,0.7226329147,3.038204235
2.785,0.88,1.76,2.639905101,2.24,0.1507089033,318.655,0.7302102604,2.996762029
2.786,0.95,1.9,2.83424558,3.97,0.2701944075,317.416,0.7093677495,2.893380027
2.787,1,2,2.971648,5.11,0.3504252631,316.142,0.6878514584,2.862096336
2.788,0.97,1.94,2.889347769,4.36,0.2975073278,314.865,0.6661973109,2.998167336
2.789,0.89,1.78,2.667809247,2.49,0.1678078821,313.857,0.6490424964,3.26597051
2.79,0.83,1.66,2.499678265,0.99,0.0660562702,312.567,0.6270078689,3.606705532
2.791,0.81,1.62,2.443258015,0.38,0.02525218363,309.82,0.5797814794,4.038218308
2.792,0.8,1.6,2.41497728,0.04,0.002652113866,306.208,0.5170427031,4.646914307
2.793,0.75,1.5,2.2728675,-2.14,-0.1398422971,297.531,0.3632505954,10.17360374
2.794,0.63,1.26,1.927002521,-7.65,-0.4818619997,288.841,0.2046655876,-6.951758525
2.795,0.44,0.88,1.365519795,-15.66,-0.9350278181,284.821,0.1296829251,-1.695571434
2.796,0.32,0.64,1.002143437,-20.79,-1.199565442,280.56,0.04904073296,-0.8710316511
2.797,0.39,0.78,1.214936767,-18.27,-1.072028563,278.269,0.005174295573,-1.138802932
2.798,0.54,1.08,1.663155331,-11.41,-0.7008794776,275.932,-0.039946605,-2.245001047
2.799,0.58,1.16,1.780891485,-9.34,-0.5817117538,271.386,-0.1288223932,-2.506412243
2.8,0.38,0.76,1.184678941,-17.69,-1.042020615,265.381,-0.2485320266,-0.9179625093
2.801,-0.02,-0.04,-0.0642344672,-33.6,-1.780692295,259.96,-0.3589493726,0.03002113306
2.802,-0.34,-0.68,-1.117593981,-45.78,-2.240543281,254.709,-0.468121772,0.4125995495
2.803,-0.4,-0.8,-1.32046528,-48.13,-2.32014323,251.995,-0.5254334919,0.4640413558
2.804,-0.29,-0.58,-0.9498290888,-44.55,-2.197769656,249.979,-0.5684064666,0.3433726006
2.805,-0.14,-0.28,-0.4535954528,-39.72,-2.022085888,250.143,-0.5648977226,0.1753375827
2.806,-0.09,-0.18,-0.2905379208,-37.95,-1.954499134,250.327,-0.5609638203,0.115500775
2.807,-0.12,-0.24,-0.3882312192,-39.12,-1.999372973,251.182,-0.5427218568,0.1527209822
2.808,-0.12,-0.24,-0.3882312192,-39.41,-2.01037604,251.842,-0.5286827571,0.1529035955
2.809,-0.08,-0.16,-0.2580676352,-37.94,-1.954112242,253.542,-0.4926901879,0.1054713826
2.81,0.03,0.06,0.0959986488,-34.25,-1.807377356,256.463,-0.4314063931,-0.04287982206
2.811,0.19,0.38,0.6008362552,-28.32,-1.554221063,257.147,-0.4171566622,-0.3047798742
2.812,0.37,0.74,1.154374041,-21.6,-1.239592405,257.746,-0.4047088276,-0.7020453541
2.813,0.5,1,1.544666,-15.94,-0.949968731,258.956,-0.3796517857,-1.16173448
2.814,0.59,1.18,1.810207839,-12.04,-0.736473308,260.794,-0.3418130517,-1.6787821
2.815,0.63,1.26,1.927002521,-9.85,-0.6113898286,263.36,-0.2894306997,-2.139163641
2.816,0.65,1.3,1.98511742,-9.03,-0.5635697383,265.688,-0.2423465773,-2.463180583
2.817,0.64,1.28,1.956083507,-9.59,-0.5962859644,268.475,-0.1865187296,-2.498814228
2.818,0.62,1.24,1.897874461,-10.58,-0.6535074781,271.825,-0.1201751069,-2.453040171
2.819,0.63,1.26,1.927002521,-9.95,-0.6171845625,275.084,-0.05641365344,-2.860759538
2.82,0.7,1.4,2.12958088,-6.67,-0.4228905923,278.472,0.009075750822,-5.146216778
2.821,0.8,1.6,2.41497728,-1.24,-0.08151755551,281.763,0.07193170423,-251.931436
2.822,0.88,1.76,2.639905101,1.62,0.1085462017,285.796,0.1479657841,10.29154678
2.823,0.93,1.86,2.778955097,2.74,0.1849633106,291.023,0.2449293566,6.464299833
2.824,0.94,1.88,2.806623875,3.02,0.2042445655,299.768,0.4033243472,4.619432984
2.825,0.94,1.88,2.806623875,3.01,0.2035547251,307.551,0.540456002,3.772289529
2.826,0.94,1.88,2.806623875,3.12,0.2111479618,309.294,0.5706907444,3.589773508
2.827,0.94,1.88,2.806623875,3.19,0.2159857435,309.535,0.5748578085,3.54889898
2.828,0.93,1.86,2.778955097,2.89,0.1952837167,309.691,0.5775534318,3.595783539
2.829,0.9,1.8,2.69566632,2.14,0.143885089,308.998,0.5655682452,3.799638666
2.83,0.87,1.74,2.611953881,1.39,0.09299289374,308.554,0.5578752885,4.013030522
2.831,0.87,1.74,2.611953881,1.27,0.08489690838,308.596,0.5586034745,4.058977975
2.832,0.87,1.74,2.611953881,1.36,0.09096769082,308.636,0.5592968929,4.016755558
2.833,0.84,1.68,2.527817779,0.49,0.03258588131,308.23,0.5522545196,4.322235221
2.834,0.77,1.54,2.329852633,-2.59,-0.1687414774,306.682,0.5253179254,6.53394986
2.835,0.69,1.38,2.100782335,-6.13,-0.390056781,303.781,0.4744697435,24.8869637
2.836,0.64,1.28,1.956083507,-8.37,-0.5246856107,300.627,0.4186331128,-18.44448311
2.837,0.6,1.2,1.83947712,-10.01,-0.6206575565,296.239,0.3399681429,-6.553425356
2.838,0.54,1.08,1.663155331,-12.98,-0.7890036076,285.232,0.1373974723,-2.552393602
2.839,0.43,0.86,1.335497337,-18.06,-1.061192178,281.979,0.07603145218,-1.35561366
2.84,0.32,0.64,1.002143437,-22.64,-1.290306744,279.415,0.02716204717,-0.7933718436
2.841,0.31,0.62,0.9715560952,-23.27,-1.320660578,277.999,-1.924463893e-05,-0.7356484733
2.842,0.39,0.78,1.214936767,-19.99,-1.159573893,276.348,-0.03188692361,-1.019703502
2.843,0.51,1.02,1.574358943,-14.96,-0.8974163772,274.844,-0.06108335596,-1.642524133
2.844,0.56,1.12,1.722117555,-12.4,-0.7566727833,272.836,-0.1003137392,-2.009503662
2.845,0.51,1.02,1.574358943,-14.95,-0.896876379,270.964,-0.1371480149,-1.522554934
2.846,0.4,0.8,1.24514752,-19.92,-1.156052802,269.111,-0.1738599119,-0.9362625887
2.847,0.31,0.62,0.9715560952,-23.94,-1.352640305,268.242,-0.1911638222,-0.6293260124
2.848,0.31,0.62,0.9715560952,-24.14,-1.362126651,268.149,-0.1930189988,-0.6247364004
2.849,0.38,0.76,1.184678941,-21.15,-1.217412646,269.017,-0.175728984,-0.8503650422
2.85,0.41,0.82,1.275311199,-19.87,-1.153535578,269.968,-0.1568495893,-0.9732338481
2.851,0.36,0.72,1.124022067,-22.3,-1.273810472,270.833,-0.1397351462,-0.7951791954
2.852,0.34,0.68,1.063176899,-23.41,-1.327368501,271.456,-0.1274426178,-0.7308006415
2.853,0.44,0.88,1.365519795,-19.09,-1.114033214,271.51,-0.1263784628,-1.100860158
2.854,0.65,1.3,1.98511742,-9.8,-0.6084894545,271.827,-0.1201357435,-2.7244699
2.855,0.81,1.62,2.443258015,-1.2,-0.07890898373,272.651,-0.1039426067,-13.361973
2.856,0.86,1.72,2.583955587,0.77,0.05130192003,274.352,-0.07066900736,-133.4199378
2.857,0.88,1.76,2.639905101,1.25,0.08354882834,277.598,-0.007741929868,34.82407477
2.858,0.93,1.86,2.778955097,2.52,0.1698635505,280.289,0.04387053523,13.00192755
2.859,0.97,1.94,2.889347769,3.55,0.2409361762,283.098,0.09722027362,8.544411234
2.86,0.97,1.94,2.889347769,3.57,0.242325773,286.873,0.1680889505,7.040068505
2.861,1,2,2.971648,4.41,0.3010190778,294.484,0.3081790383,4.877966497
2.862,1.08,2.16,3.189044045,6.24,0.4311382393,287.578,0.1812206254,5.20780253
2.863,1.08,2.16,3.189044045,6.26,0.4325774929,282.321,0.08251630146,6.191190963
2.864,1,2,2.971648,4.41,0.3010190778,281.081,0.05896647128,8.254909143
2.865,0.94,1.88,2.806623875,2.69,0.1815277028,280.555,0.04894538708,12.17766411
2.866,0.96,1.92,2.861820211,3.1,0.2097665561,280.443,0.04680919405,11.15389981
2.867,1.04,2.08,3.080722611,5.27,0.3617816212,281.339,0.06387490305,7.237578741
2.868,1.06,2.12,3.134977475,5.79,0.3988536725,282.485,0.08562320905,6.470850508
2.869,1.01,2.02,2.998987263,4.37,0.298209494,283.76,0.1097161777,7.351798307
2.87,0.95,1.9,2.83424558,2.88,0.1945950554,285.197,0.1367409489,8.553992152
2.871,0.86,1.72,2.583955587,0.67,0.04460962798,287.158,0.1734013818,11.85240869
2.872,0.72,1.44,2.187036749,-5.4,-0.3452841702,289.674,0.2200724589,-17.46671079
2.873,0.53,1.06,1.633603609,-13.96,-0.8430389189,296.224,0.3396972399,-3.245516271
2.874,0.36,0.72,1.124022067,-21.39,-1.22925968,298.234,0.3758765527,-1.317136502
2.875,0.27,0.54,0.8487359928,-25.32,-1.417540621,287.35,0.1769773113,-0.6841537113
2.876,0.22,0.44,0.6941517088,-27.69,-1.526011312,283.433,0.1035473774,-0.4879924839
2.877,0.15,0.3,0.47575662,-30.44,-1.647264359,279.172,0.02250726615,-0.2928170753
2.878,0.08,0.16,0.2550549248,-33.47,-1.775324561,275.638,-0.04564996142,-0.1400650704
2.879,0.06,0.12,0.1915736352,-34.2,-1.805333719,273.958,-0.07835772492,-0.1017011761
2.88,0.17,0.34,0.5383905848,-30.45,-1.647696437,272.547,-0.1059837001,-0.3070061486
2.881,0.34,0.68,1.063176899,-24.07,-1.358809549,271.931,-0.1180892448,-0.7198711945
2.882,0.47,0.94,1.455304729,-18.78,-1.098211065,271.285,-0.1308138392,-1.184113295
2.883,0.51,1.02,1.574358943,-16.74,-0.9923327507,270.533,-0.145664592,-1.383446942
2.884,0.51,1.02,1.574358943,-16.83,-0.9970687654,269.804,-0.1601005916,-1.360525954
2.885,0.55,1.1,1.69265998,-15.22,-0.9114296718,268.962,-0.1768228928,-1.555392595
2.886,0.64,1.28,1.956083507,-10.92,-0.6729789208,267.807,-0.199846799,-2.241092881
2.887,0.73,1.46,2.215694073,-6.48,-0.4113655559,267.098,-0.2140293257,-3.542872093
2.888,0.78,1.56,2.358274589,-3.85,-0.2487334161,267.442,-0.2071434041,-5.173052202
2.889,0.8,1.6,2.41497728,-2.67,-0.1738608231,268.278,-0.190445862,-6.628967787
2.89,0.83,1.66,2.499678265,-1.2,-0.07890898373,269.438,-0.1673630092,-10.15007121
2.891,0.87,1.74,2.611953881,0.6,0.03993030927,271.21,-0.1322931155,-28.27928239
2.892,0.91,1.82,2.723476319,1.62,0.1085462017,273.572,-0.08590105713,120.2675614
2.893,0.94,1.88,2.806623875,2.22,0.1493434198,276.672,-0.02561807185,22.6843078
2.894,0.96,1.92,2.861820211,2.9,0.1959724686,279.991,0.03817945166,12.22206595
2.895,1.01,2.02,2.998987263,4.02,0.2736882735,283.654,0.1077172845,7.862987837
2.896,1.03,2.06,3.053524569,4.53,0.3094566527,288.145,0.191758509,6.092243016
2.897,0.97,1.94,2.889347769,3.07,0.2076951287,299.521,0.3989142877,4.763110645
2.898,0.86,1.72,2.583955587,0.11,0.007296713423,300.365,0.4139684913,6.133797803
2.899,0.76,1.52,2.301383603,-5.35,-0.3422012381,299.703,0.4021641577,38.38011259
2.9,0.74,1.48,2.244304323,-6.66,-0.4222847572,298.486,0.3803952553,-53.57677269
2.901,0.79,1.58,2.386649471,-4,-0.2581659283,296.342,0.341827973,28.5272668
2.902,0.86,1.72,2.583955587,0.1,0.00663293416,292.687,0.2754322575,9.160845308
2.903,0.93,1.86,2.778955097,1.94,0.1302644618,283.383,0.1026035085,11.9336081
2.904,0.98,1.96,2.916828253,3.13,0.2118388009,282.302,0.0821562382,9.921351943
2.905,0.96,1.92,2.861820211,2.58,0.1739773267,281.386,0.06476859002,11.98688652
2.906,0.86,1.72,2.583955587,-0.03,-0.001988158449,281.098,0.05929003371,45.09373516
2.907,0.72,1.44,2.187036749,-6.7,-0.4247076006,281.683,0.07041248143,-6.17292373
2.908,0.59,1.18,1.810207839,-12.73,-0.7751000269,282.317,0.08244050068,-2.613416506
2.909,0.5,1,1.544666,-16.71,-0.9907527374,283.33,0.1016028256,-1.737239108
2.91,0.45,0.9,1.39549518,-18.76,-1.097187879,284.216,0.1183066834,-1.425602194
2.911,0.44,0.88,1.365519795,-19.05,-1.111995574,283.414,0.1031887268,-1.353598857
2.912,0.48,0.96,1.485138893,-17.68,-1.041501064,281.245,0.06208708112,-1.516354594
2.913,0.52,1.04,1.604004813,-15.93,-0.9494361434,278.066,0.001269993136,-1.691691707
2.914,0.52,1.04,1.604004813,-15.84,-0.9446394691,274.992,-0.05820322436,-1.599458044
2.915,0.47,0.94,1.455304729,-18.02,-1.059124433,272.7,-0.1029812075,-1.252299858
2.916,0.39,0.78,1.214936767,-21.46,-1.232707384,270.701,-0.1423432928,-0.8835578116
2.917,0.32,0.64,1.002143437,-24.76,-1.391360512,269.607,-0.1640083727,-0.6443123858
2.918,0.24,0.48,0.7561266432,-27.99,-1.539476864,268.386,-0.1882925594,-0.4376316846
2.919,0.17,0.34,0.5383905848,-31.08,-1.67479003,266.74,-0.2212049119,-0.2839620364
2.92,0.13,0.26,0.4129343608,-32.57,-1.737880348,264.916,-0.2579145071,-0.2069022073
2.921,0.16,0.32,0.5070971392,-31.61,-1.697389917,264.064,-0.2751484439,-0.2570784677
2.922,0.24,0.48,0.7561266432,-28.85,-1.577752985,263.518,-0.2862219871,-0.4056527876
2.923,0.31,0.62,0.9715560952,-26,-1.449046214,264.107,-0.2742773245,-0.56376883
2.924,0.39,0.78,1.214936767,-23.03,-1.309129711,265.039,-0.2554310887,-0.7765353493
2.925,0.53,1.06,1.633603609,-17.22,-1.017521857,266.916,-0.2176760467,-1.322544027
2.926,0.72,1.44,2.187036749,-8.15,-0.5116455393,268.579,-0.1844466847,-3.141877863
2.927,0.89,1.78,2.667809247,0.45,0.02991784121,270.257,-0.1511254923,-22.010238
2.928,0.97,1.94,2.889347769,2.36,0.1589093763,271.434,-0.1278762232,93.10519475
2.929,0.97,1.94,2.889347769,2.52,0.1698635505,270.646,-0.1434303959,109.3077165
2.93,1,2,2.971648,3.16,0.2139118633,269.873,-0.1587325511,53.85438639
2.931,1.07,2.14,3.162034297,5.09,0.3490073834,269.537,-0.1653976119,17.22149247
2.932,1.15,2.3,3.37679422,7.06,0.4904547193,270.213,-0.1519965859,9.976992389
2.933,1.2,2.4,3.50948928,8.25,0.5776621365,272.744,-0.1021180575,7.379945278
2.934,1.22,2.44,3.562237789,8.78,0.6169347889,275.547,-0.04741651894,6.254826186
2.935,1.22,2.44,3.562237789,8.98,0.6318242889,279.764,0.03384023159,5.351401012
2.936,1.22,2.44,3.562237789,8.85,0.6221417664,284.126,0.1166122811,4.821953667
2.937,1.2,2.4,3.50948928,8.22,0.5754471511,288.542,0.199124551,4.530877219
2.938,1.15,2.3,3.37679422,7.09,0.4926368002,294.195,0.3029260901,4.244534607
2.939,1.13,2.26,3.323386681,6.37,0.4405000682,305.881,0.511326377,3.491588932
2.94,1.16,2.32,3.403427379,7.22,0.5021022725,312.248,0.6215449714,3.028910895
2.941,1.26,2.52,3.667169923,9.95,0.7045822624,316.219,0.6891543534,2.631178575
2.942,1.42,2.84,4.079366685,14.34,1.045323983,319.697,0.7476761882,2.275162463
2.943,1.61,3.22,4.553198367,17.91,1.336600617,321.675,0.7806752388,2.150498413
2.944,1.76,3.52,4.915272243,20.91,1.591502177,322.412,0.7929187764,2.061411278
2.945,1.84,3.68,5.104047539,22.37,1.718972778,320.47,0.7605964168,2.05844126
2.946,1.8,3.6,5.01003648,21.77,1.666313985,318.878,0.7339529688,2.08728303
2.947,1.69,3.38,4.747622495,19.57,1.476486873,317.741,0.7148427743,2.166548744
2.948,1.56,3.12,4.430153395,17.15,1.273505381,317.55,0.7116258232,2.231667804
2.949,1.47,2.94,4.205706809,15.48,1.136933309,319.455,0.7436248825,2.236414075
2.95,1.43,2.86,4.104728857,14.73,1.076517106,321.339,0.7750840692,2.216853668
2.951,1.46,2.92,4.180532931,15.3,1.122381755,322.061,0.7870912237,2.189364803
2.952,1.47,2.94,4.205706809,15.63,1.149084592,321.141,0.7717865345,2.189478904
2.953,1.43,2.86,4.104728857,14.92,1.09176902,316.318,0.6908290381,2.302666514
2.954,1.35,2.7,3.90051342,12.91,0.9322472266,311.355,0.6062225523,2.535320143
2.955,1.17,2.34,3.430013465,7.98,0.5577580344,306.428,0.5208851154,3.17993348
2.956,0.99,1.98,2.944261663,3.26,0.220827979,303.009,0.4608564598,4.319097659
2.957,0.93,1.86,2.778955097,1.81,0.1214303351,302.832,0.4577303919,4.798245059
2.958,1,2,2.971648,3.56,0.241630929,302.817,0.457465387,4.250698984
2.959,1.17,2.34,3.430013465,7.83,0.5467300784,303.73,0.4735714882,3.361764382
2.96,1.24,2.48,3.614798003,9.71,0.6864961027,303.957,0.4775684473,3.105324359
2.961,1.2,2.4,3.50948928,8.71,0.6117324897,303.496,0.4694481468,3.245978666
2.962,1.23,2.46,3.588541433,9.4,0.6632168394,302.723,0.4558043902,3.20685733
2.963,1.24,2.48,3.614798003,9.72,0.6872485852,300.413,0.4148233828,3.280001768
2.964,1.11,2.22,3.269790847,6.41,0.4433838091,297.605,0.3645810476,4.046946869
2.965,0.9,1.8,2.69566632,0.82,0.05465139965,293.78,0.295373897,7.701347147
2.966,0.76,1.52,2.301383603,-6.4,-0.4065039518,285.757,0.1472356681,-8.876456348
2.967,0.81,1.62,2.443258015,-3.59,-0.2323383421,278.333,0.006404618143,-10.81404747
2.968,0.96,1.92,2.861820211,2.05,0.1377513541,276.349,-0.03186756399,27.02793514
2.969,0.98,1.96,2.916828253,2.56,0.1726057065,275.968,-0.03924865247,21.8723207
2.97,0.86,1.72,2.583955587,-1.1,-0.07238144249,275.447,-0.04935846389,-21.22521418
2.971,0.69,1.38,2.100782335,-10.04,-0.6223929723,274.763,-0.06266030095,-3.066597033
2.972,0.55,1.1,1.69265998,-16.8,-0.9954907644,273.925,-0.07900220559,-1.575310428
2.973,0.57,1.14,1.751528057,-16.06,-0.9563539179,272.007,-0.1165942215,-1.632444284
2.974,0.72,1.44,2.187036749,-9,-0.5618099385,270.343,-0.1494233095,-3.074992283
2.975,0.88,1.76,2.639905101,-0.34,-0.02248599305,269.483,-0.1664695573,-13.97103761
2.976,0.97,1.94,2.889347769,1.96,0.1316249058,269.093,-0.1742177688,-67.83643007
2.977,0.99,1.98,2.944261663,2.59,0.1746632724,269.412,-0.1678792939,434.0022126
2.978,1.1,2.2,3.24292232,5.29,0.3632028321,270.23,-0.1516600102,15.32986225
2.979,1.39,2.78,4.002997727,13.27,0.9605227547,271.738,-0.1218876959,4.773229649
2.98,1.71,3.42,4.795757791,19.75,1.491827347,274.054,-0.07648331339,3.388404288
2.981,1.81,3.62,5.033609855,21.69,1.659321717,278.107,0.002058776484,3.029775465
2.982,1.7,3.4,4.77171368,19.67,1.485005183,283.28,0.1006586135,3.009284624
2.983,1.58,3.16,4.479512605,17.35,1.290051935,291.484,0.2533974112,2.902273804
2.984,1.62,3.24,4.577666141,18.04,1.347452685,304.817,0.4926840832,2.487677122
2.985,1.77,3.54,4.939033913,21,1.599294702,307.192,0.5342073738,2.314989035
2.986,1.84,3.68,5.104047539,22.32,1.71456991,308.106,0.5501017977,2.253769286
2.987,1.77,3.54,4.939033913,21.1,1.607963086,306.224,0.5173222443,2.323939211
2.988,1.67,3.34,4.699298905,19.21,1.445907278,305.194,0.4992969156,2.415838358
2.989,1.58,3.16,4.479512605,17.6,1.310792792,303.809,0.4749628392,2.508468979
2.99,1.51,3.02,4.305931583,16.28,1.202003341,302.925,0.4593731299,2.591785581
2.991,1.45,2.9,4.15531198,15.06,1.103030487,302.916,0.4592141773,2.659834324
2.992,1.36,2.72,3.926205107,13.01,0.9400886718,302.66,0.4546908802,2.814928783
2.993,1.25,2.5,3.6410075,9.93,0.7030729625,302.474,0.4514020218,3.153821044
2.994,1.12,2.24,3.296612301,6.48,0.448433957,302.291,0.4481642351,3.676800076
2.995,1.01,2.02,2.998987263,3.54,0.2402415146,302.006,0.443117875,4.388594506
2.996,0.94,1.88,2.806623875,1.68,0.1126113781,300.969,0.4247159331,5.223303965
2.997,0.9,1.8,2.69566632,0.8,0.05331134101,298.024,0.3721080497,6.336491422
2.998,0.87,1.74,2.611953881,-0.09,-0.005962092718,288.43,0.1970475005,13.66903895
2.999,0.81,1.62,2.443258015,-2.94,-0.191097962,285.996,0.1517084039,-62.02806362
3,0.74,1.48,2.244304323,-6.35,-0.403462751,282.417,0.08433519803,-7.032624736
3.001,0.69,1.38,2.100782335,-8.95,-0.5588753209,280.016,0.03865712426,-4.038271534
3.002,0.67,1.34,2.043044025,-9.6,-0.5968678865,277.681,-0.006142553686,-3.388074051
3.003,0.71,1.42,2.158332351,-7.79,-0.4902220126,276.428,-0.0303383759,-4.146170932
3.004,0.74,1.48,2.244304323,-6.11,-0.3888360597,274.943,-0.05915660976,-5.009689837
3.005,0.68,1.36,2.071936717,-8.85,-0.5530000139,273.568,-0.08597928208,-3.242572537
3.006,0.5,1,1.544666,-17,-1.005998115,272.244,-0.1119347902,-1.381716195
3.007,0.3,0.6,0.94092168,-25.78,-1.438887238,271.203,-0.1324312022,-0.5988103087
3.008,0.25,0.5,0.7870435,-27.86,-1.533649024,270.27,-0.1508681508,-0.4672220099
3.009,0.39,0.78,1.214936767,-22.49,-1.283038931,269.418,-0.1677601469,-0.8374259301
3.01,0.56,1.12,1.722117555,-15.26,-0.9135810115,268.326,-0.1894887316,-1.561204598
3.011,0.58,1.16,1.780891485,-14.28,-0.8605229098,266.63,-0.2234116352,-1.642988032
3.012,0.46,0.92,1.425423491,-19.81,-1.150512535,264.916,-0.2579145071,-1.012067682
3.013,0.37,0.74,1.154374041,-23.93,-1.352165267,263.913,-0.2782086152,-0.7080425253
3.014,0.43,0.86,1.335497337,-21.83,-1.250873491,263.377,-0.2890853661,-0.8672292319
3.015,0.59,1.18,1.810207839,-14.99,-0.8990359156,263.21,-0.2924787276,-1.519249343
3.016,0.74,1.48,2.244304323,-7.74,-0.4872381374,262.993,-0.2968912834,-2.862160587
3.017,0.82,1.64,2.471491677,-3.65,-0.2361269356,263.252,-0.2916251047,-4.683054708
3.018,0.83,1.66,2.499678265,-2.63,-0.1713018392,263.965,-0.2771545837,-5.573960226
3.019,0.83,1.66,2.499678265,-2.93,-0.1904606668,264.969,-0.2568442749,-5.588309075
3.02,0.81,1.62,2.443258015,-3.71,-0.2399124588,266.31,-0.2298363742,-5.20120082
3.021,0.78,1.56,2.358274589,-5.72,-0.3649653387,267.756,-0.2008657267,-4.167806847
3.022,0.73,1.46,2.215694073,-8.37,-0.5246856107,269.436,-0.1674027217,-3.201461387
3.023,0.69,1.38,2.100782335,-10.42,-0.6443126236,271.403,-0.1284872722,-2.718404009
3.024,0.7,1.4,2.12958088,-10.1,-0.625861643,273.631,-0.08474737193,-2.996839099
3.025,0.78,1.56,2.358274589,-5.82,-0.3710981375,276.151,-0.03570213429,-5.797131301
3.026,0.9,1.8,2.69566632,0.41,0.02725121946,279.147,0.02202814937,54.70172171
3.027,0.96,1.92,2.861820211,1.92,0.1289043773,283.031,0.09595395445,12.72721446
3.028,0.98,1.96,2.916828253,2.49,0.1678078821,287.08,0.1719479775,8.585071222
3.029,1.11,2.22,3.269790847,5.64,0.3881340481,294.168,0.3024350667,4.734921932
3.03,1.37,2.74,3.951849721,12.63,0.910343748,302.135,0.4454026066,2.914888694
3.031,1.63,3.26,4.602086841,18.29,1.36837102,303.474,0.4690603187,2.504630646
3.032,1.74,3.48,4.867607683,20.31,1.539769935,304.042,0.479064338,2.4110982
3.033,1.67,3.34,4.699298905,18.96,1.424750789,303.712,0.4732544209,2.475914649
3.034,1.57,3.14,4.454856537,17.17,1.275158193,303.303,0.466044878,2.558493384
3.035,1.54,3.08,4.380605891,16.66,1.233139188,301.913,0.4414701375,2.615897227
3.036,1.55,3.1,4.40540318,16.79,1.243824694,299.81,0.4040738744,2.673346081
3.037,1.56,3.12,4.430153395,16.96,1.257824071,296.803,0.3501441537,2.755124963
3.038,1.55,3.1,4.40540318,16.8,1.24464737,293.42,0.2888139507,2.872849234
3.039,1.5,3,4.280946,15.82,1.164508873,281.876,0.07407687164,3.456317836
3.04,1.4,2.8,4.02850112,13.65,0.990508566,280.19,0.04198054468,3.90173715
3.041,1.29,2.58,3.745374751,10.78,0.7675591639,278.522,0.01003626386,4.816611078
3.042,1.24,2.48,3.614798003,9.42,0.6647159412,277.078,-0.01777301401,5.587506797
3.043,1.22,2.44,3.562237789,9.03,0.6355526388,276.232,-0.03413311424,5.92304979
3.044,1.14,2.28,3.350113987,6.86,0.4759291374,275.74,-0.04367055707,7.750254454
3.045,0.99,1.98,2.944261663,2.93,0.1980392685,275.445,-0.04939730997,19.80774267
3.046,0.91,1.82,2.723476319,0.77,0.05130192003,275.32,-0.05182575046,-5199.156403
3.047,0.95,1.9,2.83424558,1.88,0.1261852864,275.69,-0.04464076181,34.75703113
3.048,1,2,2.971648,3.04,0.2056245185,276.17,-0.03533405124,17.45046595
3.049,0.9,1.8,2.69566632,0.47,0.03125168393,277.431,-0.01096140138,132.855041
3.05,0.73,1.46,2.215694073,-8.33,-0.5223176222,278.883,0.01696605556,-4.384460678
3.051,0.68,1.36,2.071936717,-10.98,-0.6764055293,281.085,0.05904260538,-3.356108111
3.052,0.84,1.68,2.527817779,-3.18,-0.2063673069,283.922,0.1127696479,-27.00727568
3.053,1.11,2.22,3.269790847,5.58,0.3838520527,287.02,0.1708297054,5.894895225
3.054,1.38,2.76,3.977447261,12.76,0.9205035928,291.026,0.2449845066,3.412688008
3.055,1.55,3.1,4.40540318,16.67,1.233960538,297.891,0.3697199574,2.747057903
3.056,1.6,3.2,4.52868352,17.55,1.30663949,309.317,0.5710885711,2.411788807
3.057,1.5,3,4.280946,15.62,1.148273799,312.755,0.6302247717,2.407056193
3.058,1.33,2.66,3.848988825,11.45,0.8188837214,316.012,0.6856510451,2.55825848
3.059,1.26,2.52,3.667169923,9.4,0.6632168394,318.263,0.7236247965,2.644260043
3.06,1.36,2.72,3.926205107,12.15,0.8729747311,319.633,0.7466050668,2.424212201
3.061,1.57,3.14,4.454856537,17.03,1.263597101,319.437,0.7433234231,2.219747361
3.062,1.75,3.5,4.8914635,20.37,1.544926132,318.782,0.732342079,2.147952304
3.063,1.77,3.54,4.939033913,20.82,1.58371819,316.994,0.7022502692,2.160587077
3.064,1.67,3.34,4.699298905,18.95,1.42390588,315.187,0.6716657489,2.24249023
3.065,1.56,3.12,4.430153395,16.87,1.25040896,313.726,0.646809007,2.335078769
3.066,1.51,3.02,4.305931583,15.97,1.176711751,312.963,0.6337816456,2.378319407
3.067,1.54,3.08,4.380605891,16.5,1.220011443,312.432,0.6246966652,2.374687828
3.068,1.62,3.24,4.577666141,18.13,1.354975858,312.038,0.6179456594,2.32024746
3.069,1.73,3.46,4.843704793,20.11,1.522609883,311.81,0.6140350913,2.266967536
3.07,1.8,3.6,5.01003648,21.64,1.654954996,311.673,0.6116839445,2.210337249
3.071,1.83,3.66,5.080615385,22.04,1.689963058,311.887,0.6153560853,2.203866393
3.072,1.76,3.52,4.915272243,20.85,1.586311904,312.064,0.6183914199,2.229448375
3.073,1.64,3.28,4.626460467,18.64,1.39776515,312.162,0.6200712602,2.292782726
3.074,1.54,3.08,4.380605891,16.82,1.246293028,312.063,0.6183742759,2.349269428
3.075,1.51,3.02,4.305931583,16.24,1.198734428,312.193,0.6206025285,2.366758707
3.076,1.53,3.06,4.355761529,16.57,1.225751623,312.206,0.6208253027,2.35883026
3.077,1.55,3.1,4.40540318,16.94,1.256175553,312.276,0.6220246968,2.345544986
3.078,1.55,3.1,4.40540318,16.94,1.256175553,312.237,0.6213564961,2.34637975
3.079,1.54,3.08,4.380605891,16.89,1.252056047,312.701,0.6293009657,2.328428821
3.08,1.56,3.12,4.430153395,17.12,1.27102693,313.863,0.6491447713,2.307165236
3.081,1.56,3.12,4.430153395,17.17,1.275158193,315.792,0.681925206,2.263650797
3.082,1.49,2.98,4.255913343,15.91,1.171827865,318.069,0.7203626628,2.249199159
3.083,1.33,2.66,3.848988825,12.21,0.8776334616,320.606,0.7628663505,2.34622936
3.084,1.14,2.28,3.350113987,7.27,0.5057470766,322.446,0.7934829317,2.578538031
3.085,1.04,2.08,3.080722611,4.61,0.3150890612,322.076,0.7873403943,2.794485031
3.086,1.06,2.12,3.134977475,5.07,0.3475898736,320.518,0.7613976799,2.826882471
3.087,1.13,2.26,3.323386681,6.77,0.4694048836,316.69,0.697117111,2.848970441
3.088,1.16,2.32,3.403427379,7.67,0.5349904093,313.058,0.6354053931,2.907928559
3.089,1.14,2.28,3.350113987,7.08,0.4919093458,310.162,0.5856839095,3.108885445
3.09,1.08,2.16,3.189044045,5.57,0.3831387118,307.793,0.544664055,3.437200404
3.091,1.02,2.04,3.026279453,3.88,0.2639112146,306.639,0.5245677473,3.838123271
3.092,0.98,1.96,2.916828253,2.96,0.2001068844,305.812,0.510119399,4.106899901
3.093,1.02,2.04,3.026279453,3.78,0.2569385775,305.775,0.5094720667,3.948639643
3.094,1.09,2.18,3.216006719,5.6,0.385279013,306.099,0.5151379396,3.571686106
3.095,1.11,2.22,3.269790847,6.22,0.4296993593,306.934,0.5297122048,3.408121154
3.096,1.05,2.1,3.10787358,4.52,0.3087530157,307.736,0.5436731999,3.645915063
3.097,0.96,1.92,2.861820211,2.3,0.1548075169,308.834,0.5627279908,3.988402219
3.098,0.98,1.96,2.916828253,2.58,0.1739773267,310.133,0.5851836636,3.842173518
3.099,1.11,2.22,3.269790847,5.98,0.4124619138,311.353,0.6061881863,3.209925417
3.1,1.3,2.6,3.77134888,10.96,0.781304921,312.529,0.6263574088,2.679157352
3.101,1.46,2.92,4.180532931,15.28,1.120766932,313.36,0.6405639298,2.373508022
3.102,1.54,3.08,4.380605891,16.84,1.247939095,313.833,0.6486333773,2.309748747
3.103,1.5,3,4.280946,16.09,1.186490475,313.73,0.6468772189,2.335017692
3.104,1.36,2.72,3.926205107,13.06,0.9440131042,313.434,0.6418271838,2.475788474
3.105,1.23,2.46,3.588541433,9.49,0.669965822,312.737,0.629916854,2.760665635
3.106,1.22,2.44,3.562237789,9.15,0.6445104399,312.008,0.6174312743,2.822822757
3.107,1.29,2.58,3.745374751,11.19,0.7989148095,310.645,0.5940087206,2.688858843
3.108,1.29,2.58,3.745374751,11.07,0.7897206161,308.973,0.565135377,2.764408004
3.109,1.14,2.28,3.350113987,7.12,0.4948197279,307.055,0.5318208746,3.263180882
3.11,0.96,1.92,2.861820211,2.49,0.1678078821,305.036,0.4965264848,4.307800942
3.111,0.95,1.9,2.83424558,2.18,0.1466135339,302.888,0.4587196279,4.682125083
3.112,1.1,2.2,3.24292232,6.06,0.4182017598,300.708,0.4200744059,3.868560807
3.113,1.21,2.42,3.535887071,9.11,0.6415229744,298.436,0.3794989907,3.463086194
3.114,1.15,2.3,3.37679422,7.51,0.523274949,295.715,0.3304964585,3.955150278
3.115,0.98,1.96,2.916828253,3.03,0.2049344966,291.834,0.2598175807,6.276095138
3.116,0.89,1.78,2.667809247,0.75,0.04996275061,281.778,0.07221651048,21.83520528
3.117,0.94,1.88,2.806623875,1.84,0.1234676326,281.018,0.05776721634,15.48611589
3.118,0.96,1.92,2.861820211,2.43,0.1636989839,280.042,0.03915385853,14.1078635
3.119,0.82,1.64,2.471491677,-2.51,-0.1636166177,279.282,0.02461487039,-17.78029215
3.12,0.59,1.18,1.810207839,-14.11,-0.8512443198,278.456,0.008768350224,-2.148675932
3.121,0.5,1,1.544666,-18.54,-1.085913568,276.46,-0.0297190823,-1.384565071
3.122,0.64,1.28,1.956083507,-12.18,-0.7443407134,274.7,-0.06388713515,-2.420212952
3.123,0.9,1.8,2.69566632,0.76,0.05063229087,272.968,-0.09772599699,-57.24047951
3.124,1.1,2.2,3.24292232,5.86,0.4038633251,272.24,-0.1120133967,11.1116091
3.125,1.15,2.3,3.37679422,7,0.4860930969,271.685,-0.122931266,9.298318085
3.126,1.05,2.1,3.10787358,4.53,0.3094566527,270.475,-0.14681171,19.1083321
3.127,0.87,1.74,2.611953881,-0.58,-0.038297192,270.499,-0.1463370106,-14.14664154
3.128,0.67,1.34,2.043044025,-9.59,-0.5962859644,271.035,-0.1357463517,-2.790920537
3.129,0.53,1.06,1.633603609,-15.42,-0.9221742525,271.904,-0.1186204722,-1.569573298
3.13,0.49,0.98,1.514925983,-17.27,-1.02013588,270.892,-0.1385697948,-1.307429502
3.131,0.48,0.96,1.485138893,-17.61,-1.037862146,269.29,-0.1703025261,-1.229252044
3.132,0.44,0.88,1.365519795,-19.25,-1.12217216,268.255,-0.1909045477,-1.039939089
3.133,0.33,0.66,1.032683705,-23.84,-1.347886838,268.505,-0.185920942,-0.673281045
3.134,0.17,0.34,0.5383905848,-30.39,-1.64510302,268.534,-0.1853431441,-0.2941307946
3.135,0.04,0.08,0.1279040512,-36.07,-1.880749522,268.429,-0.1874354671,-0.06184362224
3.136,-0.03,-0.06,-0.0964223112,-38.58,-1.978758381,268.968,-0.1767035465,0.0447339431
3.137,-0.01,-0.02,-0.0320936968,-38.09,-1.959909615,269.473,-0.1666680893,0.01509171131
3.138,0.03,0.06,0.0959986488,-36.81,-1.91002325,270.031,-0.1556012536,-0.04647439484
3.139,0.08,0.16,0.2550549248,-35.13,-1.843099958,271.089,-0.1346805439,-0.1289601776
3.14,0.19,0.38,0.6008362552,-30.98,-1.670506155,272.099,-0.1147850152,-0.3365480461
3.141,0.39,0.78,1.214936767,-23.53,-1.333107371,272.935,-0.0983728152,-0.8487276167
3.142,0.6,1.2,1.83947712,-14.78,-0.8876847721,273.493,-0.08744621174,-1.886389778
3.143,0.73,1.46,2.215694073,-8.4,-0.5264607472,275.263,-0.05293348535,-3.824156245
3.144,0.76,1.52,2.301383603,-6.9,-0.4368019597,276.499,-0.02896441514,-4.941068586
3.145,0.71,1.42,2.158332351,-9.5,-0.5910450453,278.532,0.01022834578,-3.716030123
3.146,0.66,1.32,2.014104259,-12.34,-0.7533132446,280.795,0.05352007339,-2.878142202
3.147,0.68,1.36,2.071936717,-11.31,-0.6952009083,283.306,0.1011496246,-3.487807827
3.148,0.83,1.66,2.499678265,-3.85,-0.2487334161,286.3,0.1573921765,-27.36637115
3.149,1.05,2.1,3.10787358,3.83,0.2604237534,289.794,0.2222882845,6.438359387
3.15,1.21,2.42,3.535887071,8.09,0.5658587598,294.368,0.3060712081,4.055242051
3.151,1.25,2.5,3.6410075,9.21,0.6489945115,307.724,0.5434645755,3.053360522
3.152,1.22,2.44,3.562237789,8.39,0.5880100486,310.809,0.5968324212,3.006507514
3.153,1.21,2.42,3.535887071,8.08,0.5651218558,314.263,0.6559586917,2.895703382
3.154,1.27,2.54,3.693285273,9.59,0.6774738173,318.208,0.7227001667,2.637733107
3.155,1.36,2.72,3.926205107,11.95,0.857471161,319.181,0.7390341607,2.459249621
3.156,1.4,2.8,4.02850112,13.27,0.9605227547,318.912,0.734523376,2.376632144
3.157,1.37,2.74,3.951849721,12.44,0.895524723,318.211,0.7227506052,2.442013205
3.158,1.28,2.56,3.719353549,10.13,0.7181833282,317.195,0.7056415297,2.612226868
3.159,1.2,2.4,3.50948928,7.86,0.5489339641,315.348,0.6743978732,2.868795835
3.16,1.15,2.3,3.37679422,6.59,0.4563791702,314.599,0.6616756858,3.020240198
3.161,1.14,2.28,3.350113987,6.18,0.4268227197,314.854,0.6660104021,3.06553116
3.162,1.14,2.28,3.350113987,6.23,0.4304187526,314.748,0.6642089466,3.060505403
3.163,1.15,2.3,3.37679422,6.54,0.4527663051,314.49,0.6598217351,3.035080459
3.164,1.16,2.32,3.403427379,6.91,0.479557009,313.781,0.6477468451,3.019086085
3.165,1.15,2.3,3.37679422,6.6,0.4571020242,312.946,0.6334910283,3.096291703
3.166,1.09,2.18,3.216006719,4.86,0.3327283302,311.578,0.6100529804,3.411190573
3.167,0.98,1.96,2.916828253,2.01,0.135027589,309.47,0.5737342311,4.115385691
3.168,0.88,1.76,2.639905101,-1.33,-0.08738173801,307.484,0.5392903773,5.841678763
3.169,0.84,1.68,2.527817779,-3.96,-0.2556524629,305.634,0.5070044877,10.0568825
3.17,0.84,1.68,2.527817779,-3.59,-0.2323383421,303.853,0.475737612,10.38547807
3.171,0.87,1.74,2.611953881,-1.91,-0.1250039901,302.264,0.4476863629,8.094504381
3.172,0.9,1.8,2.69566632,-0.44,-0.02908014608,300.664,0.4192915294,6.908220609
3.173,0.9,1.8,2.69566632,-0.14,-0.00927127891,298.965,0.3889738686,7.099415157
3.174,0.88,1.76,2.639905101,-1.27,-0.08347306807,294.088,0.3009799179,12.13711247
3.175,0.83,1.66,2.499678265,-3.79,-0.2449550501,288.952,0.206721168,-65.37861524
3.176,0.77,1.54,2.329852633,-7.31,-0.4614921484,289.923,0.2246692738,-9.837954367
3.177,0.7,1.4,2.12958088,-10.8,-0.6661171347,291.525,0.2541498867,-5.169296565
3.178,0.66,1.32,2.014104259,-12.8,-0.7789979281,293.944,0.2983596523,-4.190478288
3.179,0.67,1.34,2.043044025,-12.34,-0.7533132446,300.236,0.4116702933,-5.980056128
3.18,0.73,1.46,2.215694073,-9.8,-0.6084894545,307.314,0.5363316818,-30.70624261
3.181,0.79,1.58,2.386649471,-6.48,-0.4113655559,308.455,0.5561584578,16.48319386
3.182,0.85,1.7,2.55591022,-3.45,-0.2234863406,309.725,0.5781407592,7.206762655
3.183,0.91,1.82,2.723476319,0.14,0.009288581452,311.175,0.6031287254,4.447092348
3.184,1.02,2.04,3.026279453,2.74,0.1849633106,312.716,0.6295575944,3.715410414
3.185,1.16,2.32,3.403427379,6.47,0.4477122266,314.47,0.6594814909,3.073922228
3.186,1.31,2.62,3.797275935,10.3,0.7310575115,316.41,0.6923848409,2.667671036
3.187,1.4,2.8,4.02850112,12.98,0.9377351997,318.771,0.7321574669,2.41243117
3.188,1.45,2.9,4.15531198,14.22,1.035756731,320.972,0.7689703635,2.302460019
3.189,1.46,2.92,4.180532931,14.58,1.064501714,322.592,0.7959048045,2.247107226
3.19,1.47,2.94,4.205706809,14.78,1.080527253,323.248,0.8067731348,2.228424704
3.191,1.49,2.98,4.255913343,15.12,1.107862866,322.116,0.7880047925,2.244836724
3.192,1.49,2.98,4.255913343,15.22,1.115924885,320.603,0.7628162888,2.265300512
3.193,1.46,2.92,4.180532931,14.63,1.068504338,318.277,0.7238601312,2.332412299
3.194,1.38,2.76,3.977447261,12.54,0.9033197749,316.867,0.7001064238,2.480592661
3.195,1.27,2.54,3.693285273,9.63,0.6804797069,316.505,0.6939909017,2.687060203
3.196,1.19,2.38,3.483044415,7.3,0.5079350898,316.929,0.7011531328,2.880719827
3.197,1.16,2.32,3.403427379,6.55,0.4534886908,317.318,0.7077157189,2.930945965
3.198,1.19,2.38,3.483044415,7.32,0.5093942366,317.33,0.7079180357,2.861257949
3.199,1.26,2.52,3.667169923,9.14,0.6437634298,318.724,0.7313685979,2.666776607
3.2,1.32,2.64,3.823155917,10.82,0.7706110557,320.125,0.7548338049,2.506256382
3.201,1.33,2.66,3.848988825,11.21,0.800448539,321.424,0.7764990542,2.440784235
3.202,1.29,2.58,3.745374751,10.05,0.7121345496,322.141,0.7884199995,2.495993733
3.203,1.2,2.4,3.50948928,7.64,0.5327919175,321.894,0.7843163403,2.664541247
3.204,1.09,2.18,3.216006719,4.71,0.3221378573,321.777,0.7823714026,2.911706435
3.205,0.98,1.96,2.916828253,1.79,0.1200725855,321.033,0.7699870222,3.277115631
3.206,0.89,1.78,2.667809247,-0.92,-0.06060984386,320.688,0.7642345218,3.791523139
3.207,0.9,1.8,2.69566632,-0.38,-0.0251247098,320.52,0.7614310632,3.661066223
3.208,1.03,2.06,3.053524569,3,0.2028649755,320.234,0.7566551271,3.182345592
3.209,1.2,2.4,3.50948928,7.32,0.5093942366,319.642,0.7467557062,2.79384583
3.21,1.28,2.56,3.719353549,9.6,0.6782251455,318.225,0.7229859785,2.654384828
3.211,1.23,2.46,3.588541433,8.22,0.5754471511,315.499,0.6769590331,2.865317561
3.212,1.13,2.26,3.323386681,5.43,0.3731616845,313.193,0.6377119763,3.28763802
3.213,1.1,2.2,3.24292232,4.74,0.3242542925,310.447,0.5905976316,3.544751051
3.214,1.18,2.36,3.456552477,6.75,0.4679560817,307.82,0.5451333433,3.411892762
3.215,1.29,2.58,3.745374751,9.63,0.6804797069,306.817,0.5276724525,3.100085301
3.216,1.35,2.7,3.90051342,11.32,0.8088910218,306.178,0.5165185239,2.942874097
3.217,1.35,2.7,3.90051342,11.25,0.8035171676,306.513,0.522368945,2.941816332
3.218,1.32,2.64,3.823155917,10.49,0.7454793851,307.083,0.5323087128,2.9920109
3.219,1.27,2.54,3.693285273,9.28,0.6542302888,307.323,0.5364883597,3.101727917
3.22,1.19,2.38,3.483044415,7.08,0.4919093458,307.517,0.5398645227,3.375782738
3.221,1.06,2.12,3.134977475,3.46,0.2346875036,307.045,0.5316466358,4.090875395
3.222,0.99,1.98,2.944261663,1.57,0.105161019,305.702,0.5081946679,4.800251675
3.223,1.06,2.12,3.134977475,3.47,0.235381436,303.733,0.4736243309,4.421652999
3.224,1.22,2.44,3.562237789,7.5,0.5225435358,301.806,0.4395737254,3.702498575
3.225,1.36,2.72,3.926205107,11.47,0.8204225243,295.766,0.3314190579,3.408632895
3.226,1.42,2.84,4.079366685,12.94,0.9345986218,297.324,0.3595271668,3.152218062
3.227,1.37,2.74,3.951849721,11.75,0.8420068204,304.566,0.4882768383,2.970682001
3.228,1.3,2.6,3.77134888,9.64,0.6812314197,304.913,0.4943687633,3.208019984
3.229,1.22,2.44,3.562237789,7.41,0.515965065,305.005,0.4959827508,3.520179335
3.23,1.21,2.42,3.535887071,7.28,0.5064763201,304.702,0.4906652782,3.54602303
3.231,1.3,2.6,3.77134888,9.63,0.6804797069,303.36,0.4670502138,3.286492851
3.232,1.39,2.78,4.002997727,12.26,0.8815184399,301.635,0.4365416145,3.037037435
3.233,1.41,2.82,4.053957439,12.8,0.9236330551,294.704,0.3121743676,3.280411951
3.234,1.36,2.72,3.926205107,11.32,0.8088910218,290.739,0.2397059143,3.744246213
3.235,1.29,2.58,3.745374751,9.49,0.669965822,292.876,0.2788858569,3.947271037
3.236,1.26,2.52,3.667169923,8.47,0.5939315134,297.278,0.3586993862,3.849518134
3.237,1.24,2.48,3.614798003,8.1,0.5665957586,309.779,0.5790734408,3.155184764
3.238,1.24,2.48,3.614798003,8.13,0.5688073248,312.494,0.6257582309,3.026035688
3.239,1.25,2.5,3.6410075,8.2,0.5739709692,316.278,0.6901524609,2.880262649
3.24,1.24,2.48,3.614798003,8.07,0.5643850467,319.335,0.7416148322,2.767839463
3.241,1.23,2.46,3.588541433,7.72,0.5386564538,320.926,0.768203575,2.745926384
3.242,1.21,2.42,3.535887071,7.1,0.4933643487,322.194,0.7893001317,2.756673413
3.243,1.18,2.36,3.456552477,6.43,0.4448262407,322.338,0.7916907035,2.795394348
3.244,1.18,2.36,3.456552477,6.4,0.4426627336,322.855,0.800264729,2.780976832
3.245,1.23,2.46,3.588541433,7.57,0.5276654118,323.465,0.8103634447,2.681961167
3.246,1.32,2.64,3.823155917,10.08,0.7144021175,323.948,0.8183461404,2.494314312
3.247,1.45,2.9,4.15531198,13.79,1.001592152,324.651,0.8299436034,2.268758318
3.248,1.57,3.14,4.454856537,16.32,1.205273881,324.954,0.8349344829,2.183530181
3.249,1.62,3.24,4.577666141,17.19,1.276811415,324.783,0.8321184203,2.170610925
3.25,1.57,3.14,4.454856537,16.28,1.202003341,324.259,0.8234798403,2.199404358
3.251,1.46,2.92,4.180532931,13.95,1.014283009,323.098,0.8042899446,2.298798584
3.252,1.37,2.74,3.951849721,11.51,0.8235013023,321.999,0.7860611955,2.45523223
3.253,1.38,2.76,3.977447261,11.68,0.836603557,320.232,0.7566217139,2.496475127
3.254,1.47,2.94,4.205706809,14.22,1.035756731,318.98,0.7356640079,2.374199825
3.255,1.58,3.16,4.479512605,16.39,1.211001239,318.524,0.7280104076,2.310204074
3.256,1.63,3.26,4.602086841,17.33,1.288395436,318.048,0.7200094259,2.291413912
3.257,1.6,3.2,4.52868352,16.77,1.242179648,315.721,0.680722222,2.355129812
3.258,1.52,3.04,4.330870093,15.39,1.129653446,314.224,0.6552947162,2.426328218
3.259,1.46,2.92,4.180532931,13.94,1.013489083,313.554,0.6438750699,2.522398547
3.26,1.42,2.84,4.079366685,12.94,0.9345986218,311.279,0.604916488,2.649773723
3.261,1.4,2.8,4.02850112,12.38,0.8908524193,308.227,0.5522024478,2.791647921
3.262,1.39,2.78,4.002997727,12.05,0.8652180382,305.455,0.5038702469,2.923841925
3.263,1.39,2.78,4.002997727,12.12,0.8706466921,299.756,0.4031101773,3.142670178
3.264,1.42,2.84,4.079366685,12.79,0.9228505414,289.857,0.2234512256,3.558719704
3.265,1.46,2.92,4.180532931,13.99,1.017459711,289.275,0.212698233,3.398370878
3.266,1.51,3.02,4.305931583,15.14,1.109474464,289.235,0.2119584014,3.258532232
3.267,1.55,3.1,4.40540318,15.95,1.175083384,289.84,0.223137441,3.150720617
3.268,1.57,3.14,4.454856537,16.35,1.207727853,290.511,0.2355087528,3.086712546
3.269,1.57,3.14,4.454856537,16.22,1.197100581,291.134,0.246969528,3.084930925
3.27,1.54,3.08,4.380605891,15.67,1.152328775,291.473,0.2531955095,3.116705945
3.271,1.5,3,4.280946,14.98,1.096592949,291.072,0.2458300687,3.188969455
3.272,1.47,2.94,4.205706809,14.25,1.038147194,290.484,0.2350115024,3.30336416
3.273,1.43,2.86,4.104728857,13.38,0.9691881135,289.815,0.2226759596,3.443957201
3.274,1.4,2.8,4.02850112,12.5,0.9002005719,289.409,0.2151759238,3.611785917
3.275,1.36,2.72,3.926205107,11.6,0.8304342699,289.388,0.2147877048,3.756336168
3.276,1.33,2.66,3.848988825,10.68,0.7599362313,290.121,0.2283217555,3.894720687
3.277,1.3,2.6,3.77134888,9.87,0.6985473763,291.086,0.2460873872,3.992388408
3.278,1.27,2.54,3.693285273,9.35,0.6594707644,291.655,0.2565350851,4.031945074
3.279,1.27,2.54,3.693285273,9.15,0.6445104399,291.624,0.2559664036,4.101477234
3.28,1.27,2.54,3.693285273,9.24,0.6512378409,291.37,0.2513046057,4.09209039
3.281,1.27,2.54,3.693285273,9.22,0.6497421922,291.154,0.2473370437,4.117011213
3.282,1.25,2.5,3.6410075,8.71,0.6117324897,290.355,0.2326351124,4.312111799
3.283,1.21,2.42,3.535887071,7.75,0.5408572157,286.799,0.1667087193,4.997254527
3.284,1.18,2.36,3.456552477,6.92,0.4802828651,282.479,0.0855095735,6.109223526
3.285,1.11,2.22,3.269790847,5.17,0.3546811216,278.975,0.01873066234,8.756528283
3.286,0.91,1.82,2.723476319,-0.03,-0.001988158449,275.943,-0.03973333207,-65.27754127
3.287,0.56,1.12,1.722117555,-14.78,-0.8876847721,271.42,-0.1281521722,-1.695269664
3.288,0.16,0.32,0.5070971392,-30.26,-1.639476122,266.029,-0.2354844674,-0.2704574923
3.289,-0.1,-0.2,-0.32305528,-40.33,-2.044971729,262.003,-0.3170686039,0.1367695867
3.29,-0.18,-0.36,-0.5848888032,-43.03,-2.143827743,257.779,-0.4040238947,0.2295615626
3.291,-0.14,-0.28,-0.4535954528,-41.73,-2.096722707,255.332,-0.4550520319,0.1777568552
3.292,-0.07,-0.14,-0.2256444232,-39.58,-2.016804215,252.994,-0.5042660725,0.08950342414
3.293,0,0,0,-37.15,-1.92336646,251.579,-0.5342727112,-0
3.294,0.1,0.2,0.31834792,-33.67,-1.78357836,250.176,-0.5641919728,-0.1355958526
3.295,0.22,0.44,0.6941517088,-29.54,-1.608117039,249.506,-0.5785391062,-0.3174489552
3.296,0.3,0.6,0.94092168,-26.21,-1.458713183,248.901,-0.5915274936,-0.4589323052
3.297,0.34,0.68,1.063176899,-24.79,-1.392768409,249.106,-0.5871229368,-0.5369874974
3.298,0.33,0.66,1.032683705,-25.18,-1.411015502,249.586,-0.5768239915,-0.5195005472
3.299,0.29,0.58,0.9102401912,-27.05,-1.497087256,249.868,-0.5707825937,-0.4401825343
3.3,0.21,0.42,0.6630936312,-30.24,-1.638609494,251.779,-0.5300212637,-0.3057660364
3.301,0.09,0.18,0.2867249592,-35.12,-1.842696617,253.032,-0.5034625565,-0.1222103608
3.302,-0.05,-0.1,-0.16093922,-40.38,-2.046838481,255.966,-0.4417842243,0.06466999584
3.303,-0.12,-0.24,-0.3882312192,-43.19,-2.14956301,259.393,-0.3706310272,0.1540481461
3.304,-0.09,-0.18,-0.2905379208,-42.32,-2.118213318,263.101,-0.2946947178,0.1204098608
3.305,0.02,0.04,0.0640461728,-38.81,-1.987558792,266.717,-0.2216662424,-0.02899033453
3.306,0.15,0.3,0.47575662,-34.24,-1.806968749,269.021,-0.1756494357,-0.2399638133
3.307,0.27,0.54,0.8487359928,-29.76,-1.617734075,270.068,-0.1548682398,-0.4788079004
3.308,0.39,0.78,1.214936767,-25.22,-1.412881174,270.997,-0.136496492,-0.7841450113
3.309,0.5,1,1.544666,-20.95,-1.207508908,271.908,-0.1185417685,-1.164861968
3.31,0.58,1.16,1.780891485,-17.59,-1.036821791,272.935,-0.0983728152,-1.568798403
3.311,0.63,1.26,1.927002521,-15.41,-0.9216377426,274.062,-0.07632714207,-1.930932191
3.312,0.66,1.32,2.014104259,-14.07,-0.8490579017,276.036,-0.03793054608,-2.270722087
3.313,0.69,1.38,2.100782335,-12.82,-0.780110914,278.725,0.01393417645,-2.741903052
3.314,0.72,1.44,2.187036749,-11.27,-0.6929272689,281.901,0.07455135002,-3.536743075
3.315,0.75,1.5,2.2728675,-9.83,-0.6102299196,285.963,0.151091052,-4.950283368
3.316,0.76,1.52,2.301383603,-9.13,-0.5694304816,291.138,0.2470430331,-7.138564526
3.317,0.76,1.52,2.301383603,-9.54,-0.5933751472,301.905,0.4413283729,-15.13602386
3.318,0.74,1.48,2.244304323,-10.57,-0.6529333971,303.394,0.4676497978,-12.11280616
3.319,0.73,1.46,2.215694073,-11.03,-0.6792588562,304.232,0.4824065819,-11.25561836
3.32,0.74,1.48,2.244304323,-10.49,-0.6483378822,304.179,0.4814744817,-13.44994958
3.321,0.77,1.54,2.329852633,-9.01,-0.5623966193,302.989,0.4605033233,-22.86561259
3.322,0.82,1.64,2.471491677,-6.35,-0.403462751,301.561,0.43522894,77.80258691
3.323,0.91,1.82,2.723476319,-1.79,-0.1172440613,299.411,0.3969491231,9.736957573
3.324,1.01,2.02,2.998987263,1.89,0.1268649244,296.93,0.352432893,6.257043438
3.325,1.08,2.16,3.189044045,3.55,0.2409361762,293.832,0.2963207804,5.935789208
3.326,1.03,2.06,3.053524569,2.34,0.1575417291,283.899,0.1123362367,11.31446415
3.327,0.88,1.76,2.639905101,-3.17,-0.2057320702,283.099,0.09723917164,-24.33251518
3.328,0.74,1.48,2.244304323,-9.95,-0.6171845625,282.001,0.07644884287,-4.150464343
3.329,0.78,1.56,2.358274589,-8.35,-0.5235017793,281.162,0.06050797559,-5.093533801
3.33,0.88,1.76,2.639905101,-2.77,-0.1802522577,280.468,0.04728609681,-19.85396197
3.331,0.78,1.56,2.358274589,-7.21,-0.4554829271,279.556,0.0298611139,-5.540774734
3.332,0.43,0.86,1.335497337,-21.49,-1.234183912,279.243,0.02386772388,-1.103428468
3.333,0.09,0.18,0.2867249592,-35.13,-1.843099958,279.239,0.02379108757,-0.157601034
3.334,-0.03,-0.06,-0.0964223112,-40.02,-2.033367014,278.657,0.01262878804,0.04771637908
3.335,-0.01,-0.02,-0.0320936968,-39.14,-2.00013332,277.427,-0.01103853823,0.01595770976
3.336,-0.02,-0.04,-0.0642344672,-39.4,-2.009997408,275.8,-0.04250654357,0.03129566067
3.337,-0.01,-0.02,-0.0320936968,-39.39,-2.009618721,273.983,-0.07786953367,0.01537431252
3.338,0.1,0.2,0.31834792,-35.43,-1.855172554,272.587,-0.105198572,-0.1623916593
3.339,0.27,0.54,0.8487359928,-29.36,-1.600225496,271.847,-0.1197421253,-0.4934604479
3.34,0.36,0.72,1.124022067,-26.23,-1.459632309,271.686,-0.1229115741,-0.710262811
3.341,0.32,0.64,1.002143437,-27.65,-1.524211451,272.362,-0.1096164169,-0.613371492
3.342,0.27,0.54,0.8487359928,-29.78,-1.618606817,273.102,-0.09510032623,-0.4952631471
3.343,0.25,0.5,0.7870435,-30.74,-1.660199183,274.503,-0.06772524254,-0.4554849091
3.344,0.26,0.52,0.8179132832,-30.45,-1.647696437,275.965,-0.03930681171,-0.4848320736
3.345,0.33,0.66,1.032683705,-27.67,-1.525111513,277.534,-0.008975510355,-0.6731584906
3.346,0.45,0.9,1.39549518,-22.98,-1.30672242,279.197,0.02298634002,-1.087057692
3.347,0.54,1.08,1.663155331,-19.54,-1.136876718,281.202,0.06126904849,-1.546247185
3.348,0.54,1.08,1.663155331,-19.54,-1.136876718,283.316,0.101338463,-1.606078117
3.349,0.5,1,1.544666,-21.39,-1.22925968,284.94,0.1319177218,-1.407643249
3.35,0.5,1,1.544666,-21.1,-1.214939374,286.461,0.1603998884,-1.464777773
3.351,0.58,1.16,1.780891485,-18.06,-1.061192178,290.115,0.2282111109,-2.137973545
3.352,0.67,1.34,2.043044025,-14.16,-0.8539756164,292.383,0.2698725803,-3.497745943
3.353,0.73,1.46,2.215694073,-11.01,-0.6781177632,284.952,0.1321430277,-4.058235534
3.354,0.78,1.56,2.358274589,-8.92,-0.5571135791,285.139,0.1356528183,-5.595478413
3.355,0.79,1.58,2.386649471,-8.15,-0.5116455393,285.856,0.149088845,-6.582831069
3.356,0.74,1.48,2.244304323,-10.47,-0.6471882068,287.032,0.1710533785,-4.713589911
3.357,0.59,1.18,1.810207839,-17.8,-1.0477308,289.781,0.222048281,-2.192377576
3.358,0.43,0.86,1.335497337,-24.97,-1.401202959,300.648,0.4190068186,-1.35970534
3.359,0.48,0.96,1.485138893,-23.15,-1.314900134,301.313,0.4308273567,-1.679883071
3.36,0.77,1.54,2.329852633,-10.57,-0.6529333971,301.722,0.4380844822,-10.84414428
3.361,1.12,2.24,3.296612301,3.76,0.2555451469,302.085,0.4445171675,4.709026943
3.362,1.27,2.54,3.693285273,7.69,0.5364565434,302.401,0.4501106806,3.743571835
3.363,1.2,2.4,3.50948928,5.78,0.39813838,302.976,0.4602737721,4.088349951
3.364,1.11,2.22,3.269790847,3.43,0.2326062531,303.131,0.4630100877,4.70056647
3.365,1.13,2.26,3.323386681,3.85,0.2618184636,302.377,0.4496860619,4.67092838
3.366,1.21,2.42,3.535887071,5.93,0.4088775387,301.568,0.4353531257,4.188295001
3.367,1.27,2.54,3.693285273,7.54,0.5254697554,300.729,0.4204480111,3.904446458
3.368,1.28,2.56,3.719353549,7.93,0.5540796799,299.436,0.3973958148,3.909037668
3.369,1.28,2.56,3.719353549,7.71,0.5379230557,297.503,0.3627470947,4.129540151
3.37,1.26,2.52,3.667169923,7.32,0.5093942366,295.2,0.3211710878,4.415269715
3.371,1.24,2.48,3.614798003,6.76,0.4686804357,291.337,0.2506986408,5.024886212
3.372,1.22,2.44,3.562237789,6.23,0.4304187526,279.261,0.0242125737,7.835442881
3.373,1.22,2.44,3.562237789,6.11,0.4217921938,276.681,-0.02544404189,8.987648287
3.374,1.24,2.48,3.614798003,6.66,0.4614411161,275.022,-0.05761960285,8.951474562
3.375,1.26,2.52,3.667169923,7.37,0.5130437536,274.301,-0.07166362509,8.308416456
3.376,1.26,2.52,3.667169923,7.18,0.4991881248,273.743,-0.0825580096,8.801979957
3.377,1.21,2.42,3.535887071,5.96,0.4110278843,273.392,-0.08942231277,10.99448326
3.378,1.17,2.34,3.430013465,4.9,0.3355559612,273.067,-0.09578601144,14.30543514
3.379,1.19,2.38,3.483044415,5.23,0.3589403106,273.254,-0.09212351251,13.05406721
3.38,1.25,2.5,3.6410075,6.83,0.4737535413,274.245,-0.0727559674,9.079874136
3.381,1.29,2.58,3.745374751,8.1,0.5665957586,275.678,-0.04487363713,7.178868974
3.382,1.23,2.46,3.588541433,6.22,0.4296993593,276.978,-0.01970422676,8.752643991
3.383,1.01,2.02,2.998987263,0.41,0.02725121946,278.58,0.011150243,78.09565239
3.384,0.81,1.62,2.443258015,-10.19,-0.6310592496,280.255,0.04322152284,-4.156347754
3.385,0.78,1.56,2.358274589,-11.76,-0.7206923701,281.989,0.07622117926,-3.659239734
3.386,0.91,1.82,2.723476319,-4.98,-0.3193222882,283.726,0.1090751047,-12.95368753
3.387,1.06,2.12,3.134977475,1.51,0.1011017552,285.562,0.1435835927,12.81228117
3.388,1.11,2.22,3.269790847,2.68,0.1808408527,287.535,0.1804206087,9.051036981
3.389,1.11,2.22,3.269790847,2.67,0.1801540931,289.762,0.2216974874,8.136812212
3.39,1.13,2.26,3.323386681,3.3,0.2235969714,293.432,0.2890327452,6.483016051
3.391,1.14,2.28,3.350113987,3.62,0.2458013611,304.724,0.4910515433,4.546516634
3.392,1.12,2.24,3.296612301,2.89,0.1952837167,306.223,0.5173047734,4.626249717
3.393,1.11,2.22,3.269790847,2.72,0.1835887959,307.397,0.5377764258,4.532781383
3.394,1.22,2.44,3.562237789,5.46,0.3752980881,308.142,0.5507268707,3.846805375
3.395,1.45,2.9,4.15531198,11.66,0.8350606483,308.255,0.5526884312,2.994281921
3.396,1.71,3.42,4.795757791,17.52,1.30414874,307.997,0.54820877,2.589002266
3.397,1.87,3.74,5.174061561,20.71,1.574216016,307.247,0.5351651581,2.452881264
3.398,1.82,3.64,5.057136157,19.77,1.493533932,306.545,0.5229274566,2.507926105
3.399,1.55,3.1,4.40540318,14.48,1.056503983,305.768,0.5093495896,2.813419631
3.4,1.19,2.38,3.483044415,4.85,0.3320216532,305.086,0.4974033586,4.199348182
3.401,0.91,1.82,2.723476319,-5.25,-0.336029081,304.61,0.4890496855,17.79810195
3.402,0.84,1.68,2.527817779,-9.29,-0.5787908691,304.317,0.4839011205,-26.63952448
3.403,0.93,1.86,2.778955097,-4.26,-0.2744703274,304.121,0.4804542614,13.49112546
3.404,1.06,2.12,3.134977475,1.23,0.08220110551,304.022,0.4787124013,5.589056846
3.405,1.13,2.26,3.323386681,2.99,0.2021753167,304.273,0.4831275291,4.849515366
3.406,1.15,2.3,3.37679422,3.62,0.2458013611,304.638,0.4895414393,4.5921361
3.407,1.17,2.34,3.430013465,4.15,0.2827830416,305.269,0.5006114916,4.37839852
3.408,1.2,2.4,3.50948928,4.91,0.3362630996,305.979,0.5130401677,4.13219802
3.409,1.24,2.48,3.614798003,6,0.4138963161,306.816,0.5276550154,3.839193767
3.41,1.31,2.62,3.797275935,7.82,0.5459956392,307.787,0.5445597631,3.481965178
3.411,1.37,2.74,3.951849721,9.24,0.6512378409,308.931,0.5644080796,3.250823002
3.412,1.35,2.7,3.90051342,8.85,0.6221417664,310.344,0.5888223159,3.22099844
3.413,1.28,2.56,3.719353549,6.94,0.4817348592,311.57,0.6099156134,3.40709196
3.414,1.21,2.42,3.535887071,4.97,0.340507869,312.195,0.620636802,3.67882919
3.415,1.17,2.34,3.430013465,3.92,0.2667028299,311.845,0.6146355835,3.891823405
3.416,1.1,2.2,3.24292232,2.04,0.1370702779,311.122,0.6022174242,4.386549798
3.417,0.99,1.98,2.944261663,-1.79,-0.1172440613,309.264,0.5701717954,6.500510879
3.418,0.94,1.88,2.806623875,-4.82,-0.3093930134,307.272,0.5356004579,12.4073011
3.419,0.95,1.9,2.83424558,-4.02,-0.259422151,305.097,0.4975962515,11.89988993
3.42,0.97,1.94,2.889347769,-3.26,-0.2114461169,302.658,0.4546555269,11.88008215
3.421,0.91,1.82,2.723476319,-6.44,-0.4089354179,299.941,0.406411011,-1078.857924
3.422,0.81,1.62,2.443258015,-11.25,-0.6917899749,296.585,0.3462131674,-7.070086771
3.423,0.78,1.56,2.358274589,-13.04,-0.7923332418,287.109,0.1724883919,-3.804620768
3.424,0.81,1.62,2.443258015,-11.44,-0.702581509,286.858,0.1678092027,-4.568781866
3.425,0.9,1.8,2.69566632,-7.11,-0.449465469,287.632,0.1822251281,-10.08704865
3.426,0.98,1.96,2.916828253,-2.62,-0.170661878,289.02,0.2079800526,78.16106452
3.427,1.03,2.06,3.053524569,0.12,0.007960581053,291.471,0.2531587993,11.69397907
3.428,1.08,2.16,3.189044045,1.24,0.08287492228,294.909,0.3158946046,7.997210995
3.429,1.12,2.24,3.296612301,2.34,0.1575417291,302.603,0.4536832191,5.393451807
3.43,1.19,2.38,3.483044415,4.15,0.2827830416,310.979,0.5997578557,3.946609642
3.431,1.36,2.72,3.926205107,8.46,0.5931909971,314.172,0.6544092873,3.147005621
3.432,1.55,3.1,4.40540318,13.6,0.9865548682,317.377,0.7087103698,2.59865128
3.433,1.65,3.3,4.65078702,15.92,1.172641592,320.837,0.7667196939,2.398102433
3.434,1.66,3.32,4.675066499,15.99,1.178340525,324.204,0.8225723097,2.336466846
3.435,1.6,3.2,4.52868352,14.86,1.086948709,326.606,0.8620638921,2.323578369
3.436,1.6,3.2,4.52868352,14.95,1.094180532,328.011,0.8850292643,2.288127074
3.437,1.7,3.4,4.77171368,16.82,1.246293028,328.262,0.8891216163,2.234560717
3.438,1.79,3.58,4.986416031,18.51,1.38683254,328.17,0.8876219941,2.192356873
3.439,1.84,3.68,5.104047539,19.43,1.464578764,327.058,0.8694628016,2.186785195
3.44,1.87,3.74,5.174061561,19.97,1.510622784,325.655,0.8464632242,2.19510936
3.441,1.88,3.76,5.197305421,20.33,1.541488248,323.331,0.8081466715,2.211962964
3.442,1.86,3.72,5.150770627,19.89,1.503782224,321.116,0.7713700346,2.263923484
3.443,1.72,3.44,4.819754829,17.14,1.272679128,318.366,0.725355946,2.412247358
3.444,1.46,2.92,4.180532931,11.3,0.8073551473,315.771,0.681569422,2.807753339
3.445,1.24,2.48,3.614798003,5.17,0.3546811216,313.398,0.6412126651,3.629702335
3.446,1.17,2.34,3.430013465,3.26,0.220827979,311.237,0.6041945789,4.157478401
3.447,1.27,2.54,3.693285273,5.77,0.3974231805,309.351,0.5716766086,3.811047442
3.448,1.42,2.84,4.079366685,9.65,0.6819832286,307.912,0.5467320908,3.3200259
3.449,1.48,2.96,4.230833613,11.28,0.8058196629,307.384,0.5375501664,3.149418366
3.45,1.46,2.92,4.180532931,10.85,0.7729009945,307.354,0.5370279927,3.191419514
3.451,1.46,2.92,4.180532931,10.85,0.7729009945,308.199,0.5517164203,3.156030477
3.452,1.53,3.06,4.355761529,12.8,0.9236330551,308.813,0.5623641908,2.931204308
3.453,1.67,3.34,4.699298905,15.93,1.173455422,310.053,0.5838034325,2.674221213
3.454,1.81,3.62,5.033609855,18.61,1.395240688,311.043,0.6008587814,2.521722957
3.455,1.88,3.76,5.197305421,20.01,1.514045576,311.112,0.6020454632,2.456087817
3.456,1.84,3.68,5.104047539,19.34,1.456934338,310.789,0.5964881473,2.485629517
3.457,1.73,3.46,4.843704793,17.11,1.270200984,309.831,0.5799714251,2.617974827
3.458,1.61,3.22,4.553198367,14.9,1.090161848,308.669,0.5598688953,2.759462747
3.459,1.58,3.16,4.479512605,14.1,1.02620387,307.266,0.5354959892,2.868356924
3.46,1.62,3.24,4.577666141,15,1.09820173,305.377,0.5025039138,2.859780096
3.461,1.63,3.26,4.602086841,15.3,1.122381755,302.651,0.4545317884,2.918414178
3.462,1.57,3.14,4.454856537,13.97,1.015871161,299.527,0.3990214578,3.148547444
3.463,1.46,2.92,4.180532931,10.87,0.7744281063,293.511,0.2904729192,3.925747869
3.464,1.35,2.7,3.90051342,7.79,0.5437928897,286.625,0.1634619071,5.515004547
3.465,1.29,2.58,3.745374751,6,0.4138963161,287.12,0.1726933623,6.384999411
3.466,1.29,2.58,3.745374751,5.97,0.4117448525,288.574,0.199717846,6.125271028
3.467,1.35,2.7,3.90051342,7.6,0.5298619186,291.712,0.2575805676,4.953394677
3.468,1.46,2.92,4.180532931,10.63,0.7561284042,296.346,0.3419001864,3.807307903
3.469,1.58,3.16,4.479512605,13.93,1.012695257,309.322,0.5711750513,2.828206692
3.47,1.67,3.34,4.699298905,15.77,1.16044631,311.763,0.6132286099,2.649470233
3.471,1.7,3.4,4.77171368,16.36,1.208546047,314.7,0.6633929935,2.549075359
3.472,1.65,3.3,4.65078702,15.49,1.137742688,317.984,0.7189327505,2.504900385
3.473,1.61,3.22,4.553198367,14.67,1.071708241,321.303,0.7744846686,2.466263597
3.474,1.71,3.42,4.795757791,16.44,1.21509526,324.035,0.8197827521,2.356779012
3.475,1.91,3.82,5.266754559,20.39,1.546645704,326.085,0.8535227889,2.194327013
3.476,2.07,4.14,5.629994777,23.67,1.834385889,327.869,0.882712682,2.072061293
3.477,2.08,4.16,5.652297165,23.74,1.840651913,329.205,0.9044685568,2.059034286
3.478,1.93,3.86,5.312818617,21,1.599294702,329.845,0.914859274,2.11316358
3.479,1.81,3.62,5.033609855,18.62,1.396082072,329.558,0.9102021824,2.182562642
3.48,1.79,3.58,4.986416031,18.3,1.369209095,328.804,0.8979478245,2.199413719
3.481,1.83,3.66,5.080615385,19.09,1.435744057,327.202,0.8718178287,2.201724433
3.482,1.88,3.76,5.197305421,20.04,1.516613769,325.471,0.843439539,2.202198316
3.483,1.89,3.78,5.220502207,20.26,1.53547599,323.345,0.8083783176,2.227315149
3.484,1.84,3.68,5.104047539,19.28,1.45184274,321.518,0.7780634255,2.288906869
3.485,1.75,3.5,4.8914635,17.5,1.302488754,320.319,0.758074994,2.373847208
3.486,1.64,3.28,4.626460467,15.42,1.132079159,319.572,0.7455839547,2.463945973
3.487,1.56,3.12,4.430153395,13.47,0.9762868841,319.712,0.7479272012,2.569375481
3.488,1.54,3.08,4.380605891,12.83,0.9259811889,319.907,0.7511892995,2.611902559
3.489,1.58,3.16,4.479512605,13.97,1.015871161,320.005,0.7528279623,2.532659482
3.49,1.66,3.32,4.675066499,15.71,1.155574575,319.632,0.7465883288,2.45776347
3.491,1.71,3.42,4.795757791,16.71,1.237246958,318.667,0.7304117284,2.4372915
3.492,1.73,3.46,4.843704793,16.99,1.260297613,317.625,0.7128892545,2.45476233
3.493,1.73,3.46,4.843704793,17.1,1.269375141,316.317,0.6908121247,2.471041863
3.494,1.74,3.48,4.867607683,17.18,1.275984753,315.387,0.6750594823,2.494873051
3.495,1.74,3.48,4.867607683,17.17,1.275158193,315.43,0.6757888539,2.494997335
3.496,1.74,3.48,4.867607683,17.21,1.278465046,316.059,0.6864466836,2.477265319
3.497,1.8,3.6,5.01003648,18.46,1.382632347,317.939,0.7181755833,2.384814151
3.498,1.93,3.86,5.312818617,20.96,1.595830303,319.901,0.7510889569,2.263741539
3.499,2.02,4.04,5.517776733,22.66,1.744562006,321.891,0.784266479,2.181949771
3.5,2,4,5.47256,22.25,1.708410371,323.142,0.8050184665,2.177328404
3.501,1.93,3.86,5.312818617,20.96,1.595830303,323.391,0.8091393701,2.209100047
3.502,1.92,3.84,5.289810125,20.83,1.584582656,323.359,0.8086099538,2.210357036
3.503,1.95,3.9,5.35869438,21.34,1.628810296,322.576,0.7956394473,2.210272412
3.504,1.92,3.84,5.289810125,20.75,1.577669878,321.895,0.7843329607,2.239544355
3.505,1.84,3.68,5.104047539,19.37,1.459481542,321.204,0.7728359706,2.286434394
3.506,1.81,3.62,5.033609855,18.76,1.407872324,320.513,0.7613142206,2.320505753
3.507,1.85,3.7,5.12743262,19.52,1.472231631,319.801,0.7494163031,2.307941119
3.508,1.9,3.8,5.24365192,20.53,1.558694471,319.223,0.7397381037,2.281403413
3.509,1.91,3.82,5.266754559,20.64,1.56817581,318.623,0.7296729753,2.292037053
3.51,1.88,3.76,5.197305421,20.16,1.526895965,317.883,0.7172331812,2.315956472
3.511,1.86,3.72,5.150770627,19.67,1.485005183,316.799,0.6989581848,2.358451018
3.512,1.83,3.66,5.080615385,19.1,1.436590421,315.584,0.6784002065,2.402192861
3.513,1.78,3.56,4.962748509,18.25,1.365019752,314.112,0.6533874564,2.458744939
3.514,1.72,3.44,4.819754829,17.17,1.275158193,312.462,0.6252103523,2.536221114
3.515,1.67,3.34,4.699298905,16.04,1.182414232,310.761,0.5960061265,2.642400534
3.516,1.61,3.22,4.553198367,15.01,1.099006271,309.227,0.5695316891,2.728855126
3.517,1.55,3.1,4.40540318,13.62,0.988136049,307.523,0.5399689062,2.882919243
3.518,1.46,2.92,4.180532931,11.02,0.7858938405,305.817,0.5102068703,3.225469206
3.519,1.28,2.56,3.719353549,6.31,0.4361772617,304.371,0.4848503753,4.038264868
3.52,1.07,2.14,3.162034297,0.35,0.0232539451,302.645,0.4544257246,6.619570598
3.521,0.91,1.82,2.723476319,-8,-0.5027319434,300.924,0.423915957,-34.55487199
3.522,0.89,1.78,2.667809247,-8.85,-0.5530000139,299.231,0.3937318412,-16.75042289
3.523,1.01,2.02,2.998987263,-2.72,-0.177057616,296.787,0.3498557392,17.35543887
3.524,1.17,2.34,3.430013465,2.86,0.1932180047,287.406,0.1780198406,9.239396005
3.525,1.31,2.62,3.797275935,6.48,0.448433957,287.799,0.1853304527,5.991620667
3.526,1.42,2.84,4.079366685,9.28,0.6542302888,288.517,0.1986609936,4.782985556
3.527,1.47,2.94,4.205706809,10.85,0.7729009945,289.756,0.2215867056,4.229018426
3.528,1.47,2.94,4.205706809,10.83,0.7713742715,291.382,0.2515249396,4.111555433
3.529,1.44,2.88,4.130043955,9.77,0.6910124414,294.125,0.3016529735,4.160559936
3.53,1.43,2.86,4.104728857,9.69,0.6849914265,301.33,0.4311291937,3.677674959
3.531,1.52,3.04,4.330870093,11.98,0.859794194,308.733,0.5609780592,3.048250754
3.532,1.69,3.38,4.747622495,16.11,1.188121682,310.587,0.5930097379,2.665509373
3.533,1.88,3.76,5.197305421,19.85,1.500364454,312.684,0.6290101048,2.440766186
3.534,2.01,4.02,5.495191903,22.22,1.705772166,314.774,0.6646508692,2.318232577
3.535,2.02,4.04,5.517776733,22.52,1.732197378,316.903,0.7007142152,2.267972559
3.536,1.95,3.9,5.35869438,21.26,1.621854462,318.702,0.7309993002,2.277529724
3.537,1.86,3.72,5.150770627,19.53,1.473082471,320.552,0.7619651686,2.304546237
3.538,1.78,3.56,4.962748509,17.99,1.343276753,322.501,0.7943954097,2.321566701
3.539,1.7,3.4,4.77171368,16.5,1.220011443,323.403,0.8093378877,2.351351543
3.54,1.63,3.26,4.602086841,15.02,1.099810913,323.683,0.8139678753,2.404712012
3.541,1.56,3.12,4.430153395,13.17,0.9526555674,323.021,0.8030147925,2.523340085
3.542,1.49,2.98,4.255913343,11.23,0.8019826584,321.977,0.7856956539,2.680589204
3.543,1.42,2.84,4.079366685,9.48,0.6692155509,320.211,0.756270863,2.861736629
3.544,1.38,2.76,3.977447261,8.31,0.5820946737,318.206,0.7226665408,3.048410097
3.545,1.38,2.76,3.977447261,8.1,0.5665957586,315.942,0.6844658323,3.179257752
3.546,1.4,2.8,4.02850112,8.81,0.6191657777,313.697,0.6463144443,3.183377385
3.547,1.45,2.9,4.15531198,9.98,0.7068469357,311.51,0.6088852481,3.158174613
3.548,1.49,2.98,4.255913343,11.08,0.7904862633,309.699,0.5776916323,3.110643256
3.549,1.52,3.04,4.330870093,11.97,0.8590197516,308.29,0.5532958483,3.066503049
3.55,1.55,3.1,4.40540318,12.74,0.9189394541,307.364,0.5372020563,3.025394956
3.551,1.57,3.14,4.454856537,13.48,0.9770761329,306.949,0.5299736553,2.956011521
3.552,1.6,3.2,4.52868352,14.16,1.030978503,306.471,0.52163581,2.916811653
3.553,1.61,3.22,4.553198367,14.61,1.066902987,306.338,0.519313553,2.870477171
3.554,1.62,3.24,4.577666141,14.69,1.073310795,306.261,0.5179686275,2.876720503
3.555,1.61,3.22,4.553198367,14.5,1.058102728,306.014,0.5136521028,2.896888419
3.556,1.59,3.18,4.504121599,13.86,1.007141264,305.814,0.5101543877,2.968519415
3.557,1.55,3.1,4.40540318,12.77,0.9212858102,305.62,0.5067594177,3.084918526
3.558,1.5,3,4.280946,11.42,0.8165762495,305.601,0.5064268048,3.235779378
3.559,1.47,2.94,4.205706809,10.43,0.7409213337,306.035,0.5140192303,3.35131952
3.56,1.46,2.92,4.180532931,10.37,0.7363667681,306.859,0.5284047608,3.305366096
3.561,1.49,2.98,4.255913343,11.18,0.7981480909,308.22,0.5520809451,3.151993647
3.562,1.54,3.08,4.380605891,12.34,0.8877395187,309.727,0.5781753059,2.98830861
3.563,1.57,3.14,4.454856537,13.27,0.9605227547,311.628,0.6109114446,2.834898552
3.564,1.59,3.18,4.504121599,13.96,1.015077035,313.714,0.6466043659,2.710580739
3.565,1.62,3.24,4.577666141,14.79,1.081329584,315.943,0.6844827658,2.592385393
3.566,1.68,3.36,4.723484237,15.78,1.16125862,318.287,0.7240282212,2.505445926
3.567,1.75,3.5,4.8914635,17.15,1.273505381,321.275,0.7740184217,2.38896539
3.568,1.83,3.66,5.080615385,18.7,1.402816872,324.295,0.824073777,2.281484
3.569,1.91,3.82,5.266754559,20.32,1.540629039,326.367,0.8581474972,2.195600332
3.57,1.99,3.98,5.449881023,21.72,1.661943022,327.714,0.8801828726,2.143828138
3.571,2,4,5.47256,22.11,1.696106948,328.074,0.8860567227,2.119369915
3.572,1.94,3.88,5.335780035,20.87,1.588041573,328,0.8848498466,2.157708985
3.573,1.81,3.62,5.033609855,18.31,1.370047273,326.926,0.8673031157,2.24980847
3.574,1.68,3.36,4.723484237,15.82,1.164508873,325.258,0.8399371593,2.356503573
3.575,1.61,3.22,4.553198367,14.62,1.067703612,322.736,0.7982924276,2.440090048
3.576,1.61,3.22,4.553198367,14.64,1.069305163,319.782,0.7490984397,2.503953666
3.577,1.62,3.24,4.577666141,14.66,1.070907115,315.709,0.6805188741,2.613679464
3.578,1.56,3.12,4.430153395,13.18,0.9534418402,311.752,0.6130398414,2.828091415
3.579,1.45,2.9,4.15531198,10.02,0.7098678504,308.617,0.5589675303,3.274902358
3.58,1.32,2.64,3.823155917,6.7,0.4643357186,305.84,0.51060922,3.92140701
3.581,1.26,2.52,3.667169923,4.89,0.334848915,304.147,0.4809116256,4.495399986
3.582,1.27,2.54,3.693285273,5.05,0.3461727334,296.405,0.3429652205,5.35928293
3.583,1.3,2.6,3.77134888,5.99,0.4131790684,305.94,0.5123582147,4.07476711
3.584,1.31,2.62,3.797275935,6.09,0.4203557404,306.19,0.5167282017,4.052226022
3.585,1.25,2.5,3.6410075,4.45,0.3038301318,306.496,0.522072212,4.408520605
3.586,1.17,2.34,3.430013465,2.3,0.1548075169,306.854,0.5283175865,5.021061952
3.587,1.15,2.3,3.37679422,1.82,0.1221093445,307.139,0.5332842558,5.152314912
3.588,1.23,2.46,3.588541433,3.94,0.2680991864,307.586,0.5410648095,4.434875317
3.589,1.39,2.78,4.002997727,7.94,0.5548151612,308.31,0.5536429129,3.611320825
3.59,1.54,3.08,4.380605891,11.91,0.8543751566,309.404,0.5725931265,3.069869137
3.591,1.63,3.26,4.602086841,14.49,1.057303305,311.26,0.6045899222,2.769183221
3.592,1.67,3.34,4.699298905,15.4,1.130461916,313.269,0.6390100598,2.655763397
3.593,1.7,3.4,4.77171368,15.93,1.173455422,315.657,0.6796376103,2.574999527
3.594,1.73,3.46,4.843704793,16.48,1.218372308,317.983,0.7189159257,2.500249941
3.595,1.76,3.52,4.915272243,17.06,1.26607279,319.562,0.7454165406,2.443598466
3.596,1.78,3.56,4.962748509,17.42,1.295852912,320.492,0.7609636773,2.412829872
3.597,1.78,3.56,4.962748509,17.35,1.290051935,320.484,0.7608301309,2.419811744
3.598,1.75,3.5,4.8914635,16.82,1.246293028,320.325,0.7581752056,2.44027988
3.599,1.7,3.4,4.77171368,15.9,1.171014238,319.789,0.7492155495,2.484970138
3.6,1.64,3.28,4.626460467,14.68,1.072509468,318.845,0.7333992801,2.561846202
3.601,1.55,3.1,4.40540318,12.34,0.8877395187,317.435,0.7096879821,2.757811029
3.602,1.47,2.94,4.205706809,9.87,0.6985473763,316.095,0.6870560288,3.035289025
3.603,1.43,2.86,4.104728857,8.63,0.6057927298,314.416,0.6585627234,3.246499113
3.604,1.45,2.9,4.15531198,9.35,0.6594707644,313.423,0.6416394217,3.193666474
3.605,1.54,3.08,4.380605891,11.82,0.8474148814,313.637,0.645291066,2.934674374
3.606,1.67,3.34,4.699298905,15.21,1.11511823,314.374,0.6578480174,2.650529254
3.607,1.83,3.66,5.080615385,18.2,1.36083299,316.535,0.6944979787,2.471920805
3.608,2.02,4.04,5.517776733,21.9,1.677690909,318.837,0.7332650439,2.288626106
3.609,2.19,4.38,5.894516575,25.35,1.986233201,320.19,0.7559199891,2.149594193
3.61,2.26,4.52,6.045690563,26.95,2.133710792,320.301,0.7577743477,2.090859981
3.611,2.22,4.44,5.959587869,26.17,2.061464585,319.222,0.7397213442,2.127523135
3.612,2.11,4.22,5.718921887,23.92,1.856788793,317.814,0.7160717788,2.222787332
3.613,1.99,3.98,5.449881023,21.65,1.655828128,315.163,0.6712583561,2.341933168
3.614,1.91,3.82,5.266754559,20.12,1.52346689,311.523,0.6091085108,2.469668625
3.615,1.85,3.7,5.12743262,18.98,1.426440919,308.696,0.5603368519,2.58077813
3.616,1.78,3.56,4.962748509,17.66,1.315780144,305.652,0.5073195611,2.722148708
3.617,1.68,3.36,4.723484237,15.7,1.154762973,302.415,0.4503583592,2.942758371
3.618,1.54,3.08,4.380605891,12.4,0.8924094601,298.995,0.3895106938,3.417222109
3.619,1.39,2.78,4.002997727,8.35,0.5850516001,295.724,0.3306592817,4.371464626
3.62,1.27,2.54,3.693285273,5.13,0.3518435126,292.118,0.2650214335,5.987186168
3.621,1.2,2.4,3.50948928,3.25,0.2201359582,284.46,0.1228976986,10.23074328
3.622,1.18,2.36,3.456552477,2.45,0.1650682554,278.144,0.002770505543,20.5944828
3.623,1.16,2.32,3.403427379,2.15,0.1445670651,276.388,-0.03111259373,29.99817757
3.624,1.16,2.32,3.403427379,1.98,0.1329857094,274.726,-0.06338078853,48.89636161
3.625,1.16,2.32,3.403427379,2.06,0.1384325202,273.65,-0.08437589914,62.96041651
3.626,1.17,2.34,3.430013465,2.3,0.1548075169,272.7,-0.1029812075,66.18286172
3.627,1.16,2.32,3.403427379,2.01,0.135027589,271.726,-0.1221239581,263.7573422
3.628,1.1,2.2,3.24292232,0.42,0.02791774195,271.078,-0.1348976357,-30.31338139
3.629,0.99,1.98,2.944261663,-5.22,-0.3341757968,271.141,-0.1336544111,-6.293440684
3.63,0.86,1.72,2.583955587,-12.01,-0.7347854367,271.511,-0.1263587582,-3.000607334
3.631,0.79,1.58,2.386649471,-15.28,-0.9146562267,272.43,-0.1082808613,-2.333134168
3.632,0.84,1.68,2.527817779,-13.1,-0.7956600827,273.681,-0.08376986732,-2.874382182
3.633,0.99,1.98,2.944261663,-5.87,-0.3741614048,275.788,-0.04273932601,-7.062260739
3.634,1.18,2.36,3.456552477,2.16,0.1452491313,278.254,0.004885897789,23.02295805
3.635,1.37,2.74,3.951849721,6.99,0.485366489,281.384,0.06473056383,7.18391364
3.636,1.56,3.12,4.430153395,12.14,0.8721986198,285.371,0.1400040131,4.376745575
3.637,1.74,3.48,4.867607683,16.32,1.205273881,290.614,0.2374052467,3.374005758
3.638,1.86,3.72,5.150770627,18.64,1.39776515,299.171,0.3926589838,2.876843832
3.639,1.9,3.8,5.24365192,19.5,1.470530264,308.774,0.5616884965,2.580259577
3.64,1.89,3.78,5.220502207,19.23,1.447602604,312.118,0.6193171114,2.525740196
3.641,1.87,3.74,5.174061561,18.83,1.413775067,314.63,0.6622028389,2.49234905
3.642,1.87,3.74,5.174061561,18.9,1.419682892,316.372,0.6917422815,2.450506712
3.643,1.89,3.78,5.220502207,19.23,1.447602604,317.466,0.7102104258,2.419348727
3.644,1.9,3.8,5.24365192,19.52,1.472231631,318.527,0.728060796,2.383161372
3.645,1.91,3.82,5.266754559,19.64,1.482448594,319.341,0.7417153527,2.367970476
3.646,1.9,3.8,5.24365192,19.52,1.472231631,320.077,0.7540315581,2.355360294
3.647,1.9,3.8,5.24365192,19.41,1.462879273,320.344,0.7584925302,2.360546718
3.648,1.91,3.82,5.266754559,19.75,1.491827347,320.467,0.7605463339,2.338312956
3.649,1.97,3.94,5.404381849,20.79,1.581125425,320.263,0.7571395946,2.311278578
3.65,2.04,4.08,5.562805171,22.23,1.706651462,319.193,0.7392352967,2.274351072
3.651,2.09,4.18,5.674552479,23.18,1.790671302,316.657,0.6965595967,2.28147394
3.652,2.08,4.16,5.652297165,23.09,1.782670121,313.723,0.6467578474,2.326595906
3.653,2.03,4.06,5.540314489,22.11,1.696106948,310.035,0.5834928314,2.430389114
3.654,1.95,3.9,5.35869438,20.64,1.56817581,306.386,0.5201517771,2.566021927
3.655,1.87,3.74,5.174061561,19.01,1.428976892,303.673,0.4725673772,2.720978756
3.656,1.78,3.56,4.962748509,17.26,1.282600916,301.241,0.429548799,2.89854822
3.657,1.68,3.36,4.723484237,15.44,1.133696805,299.43,0.3972886122,3.085257497
3.658,1.59,3.18,4.504121599,13.31,0.9636724055,297.308,0.3592392577,3.40470322
3.659,1.51,3.02,4.305931583,10.95,0.7805404415,295.031,0.318107372,3.919301099
3.66,1.43,2.86,4.104728857,8.74,0.6139614739,291.71,0.2575438875,4.709929553
3.661,1.36,2.72,3.926205107,6.76,0.4686804357,279.508,0.02894243554,7.88992093
3.662,1.29,2.58,3.745374751,5.02,0.3440477163,276.8,-0.02314351122,11.67131715
3.663,1.24,2.48,3.614798003,3.49,0.2367695741,273.934,-0.07882643043,22.88670415
3.664,1.18,2.36,3.456552477,2.05,0.1377513541,271.405,-0.1284478476,371.5322246
3.665,1.13,2.26,3.323386681,0.6,0.03993030927,269.83,-0.159585057,-27.77479994
3.666,1.08,2.16,3.189044045,-1.73,-0.11335941,268.362,-0.1887709962,-10.55519067
3.667,1.04,2.08,3.080722611,-4,-0.2581659283,267.601,-0.2039636596,-6.666360891
3.668,1.03,2.06,3.053524569,-4.79,-0.307528872,267.223,-0.2115261487,-5.882853352
3.669,1.04,2.08,3.080722611,-4.01,-0.2587940821,267.636,-0.2032639696,-6.667392982
3.67,1.08,2.16,3.189044045,-2.12,-0.1385538279,268.708,-0.1818776666,-9.952342698
3.671,1.11,2.22,3.269790847,0.08,0.005305640709,271.048,-0.135489749,-25.11666663
3.672,1.15,2.3,3.37679422,1.03,0.06874350944,273.75,-0.0824212042,-246.8832855
3.673,1.19,2.38,3.483044415,2.07,0.1391137764,277.22,-0.01503188914,28.07053063
3.674,1.24,2.48,3.614798003,3.14,0.2125297309,281.018,0.05776721634,13.37343259
3.675,1.27,2.54,3.693285273,4.12,0.2806828744,284.765,0.1286309329,9.02311431
3.676,1.3,2.6,3.77134888,4.85,0.3320216532,288.989,0.2074061861,6.99138718
3.677,1.33,2.66,3.848988825,5.54,0.3809992462,294.465,0.3078338471,5.58769441
3.678,1.38,2.76,3.977447261,6.78,0.4701294253,307.208,0.5344860197,3.959173912
3.679,1.46,2.92,4.180532931,9.04,0.6362985958,309.732,0.5782616716,3.442013578
3.68,1.59,3.18,4.504121599,12.5,0.9002005719,311.871,0.6150816199,2.972463891
3.681,1.72,3.44,4.819754829,15.68,1.153140073,313.556,0.6439091947,2.682038226
3.682,1.81,3.62,5.033609855,17.39,1.293366164,315.141,0.6708848856,2.562610241
3.683,1.84,3.68,5.104047539,17.99,1.343276753,316.507,0.6940247084,2.505298129
3.684,1.83,3.66,5.080615385,17.67,1.316611729,317.967,0.7186467221,2.496299859
3.685,1.82,3.64,5.057136157,17.52,1.30414874,319.232,0.7398889366,2.474091459
3.686,1.87,3.74,5.174061561,18.54,1.389353898,320.729,0.7649184762,2.401767586
3.687,2,4,5.47256,21.02,1.601027535,321.957,0.7853633217,2.29323708
3.688,2.17,4.34,5.850900345,24.51,1.909927218,322.359,0.7920392394,2.165423012
3.689,2.29,4.58,6.109773311,27.04,2.142090029,322.209,0.7895491995,2.084080897
3.69,2.28,4.56,6.088459469,26.81,2.120694191,321.895,0.7843329607,2.09583565
3.691,2.12,4.24,5.741035981,23.82,1.847819547,320.326,0.7581919074,2.202997217
3.692,1.89,3.78,5.220502207,19.34,1.456934338,318.59,0.7291188435,2.388094788
3.693,1.7,3.4,4.77171368,15.58,1.145031639,316.381,0.6918944736,2.597662284
3.694,1.6,3.2,4.52868352,13.21,0.955801253,314.643,0.6624238877,2.798549724
3.695,1.58,3.16,4.479512605,12.7,0.9158123613,313.546,0.6437385685,2.872309278
3.696,1.61,3.22,4.553198367,13.4,0.9707649231,312.64,0.6282572151,2.847489261
3.697,1.65,3.3,4.65078702,14.56,1.062901366,311.684,0.6118727609,2.776963738
3.698,1.71,3.42,4.795757791,15.79,1.162071032,310.808,0.5968152081,2.726587816
3.699,1.82,3.64,5.057136157,17.78,1.325765949,309.964,0.5822675069,2.650444175
3.7,1.92,3.84,5.289810125,19.85,1.500364454,308.888,0.5636633631,2.562857962
3.701,1.97,3.94,5.404381849,20.77,1.579397441,307.67,0.5425256648,2.54692634
3.702,1.94,3.88,5.335780035,20.1,1.521752981,306.238,0.5175668309,2.61645084
3.703,1.84,3.68,5.104047539,18.25,1.365019752,304.817,0.4926840832,2.747503365
3.704,1.74,3.48,4.867607683,16.24,1.198734428,303.015,0.4609623962,2.932829426
3.705,1.66,3.32,4.675066499,14.71,1.07491375,300.336,0.4134519281,3.141073843
3.706,1.59,3.18,4.504121599,13,0.9393040821,297.179,0.3569174238,3.474808571
3.707,1.54,3.08,4.380605891,11.49,0.8219617179,292.509,0.2721776213,4.0037002
3.708,1.49,2.98,4.255913343,10.09,0.7151581665,281.519,0.06729672536,5.43918044
3.709,1.44,2.88,4.130043955,8.77,0.616191317,279.885,0.03615364592,6.331073573
3.71,1.4,2.8,4.02850112,7.53,0.5247380588,278.68,0.01307035212,7.490587797
3.711,1.36,2.72,3.926205107,6.43,0.4448262407,278.058,0.00111607063,8.804289271
3.712,1.33,2.66,3.848988825,5.52,0.3795733999,277.963,-0.0007120977486,10.15936123
3.713,1.3,2.6,3.77134888,4.72,0.3228432436,278.665,0.01278237968,11.23677282
3.714,1.28,2.56,3.719353549,4.2,0.286285154,280.225,0.04264879946,11.30729592
3.715,1.29,2.58,3.745374751,4.39,0.2996141022,283.28,0.1006586135,9.357057338
3.716,1.33,2.66,3.848988825,5.49,0.3774353265,287.622,0.1820391233,6.879650761
3.717,1.41,2.82,4.053957439,7.43,0.5174262867,294.619,0.3106310713,4.895744721
3.718,1.51,3.02,4.305931583,10.13,0.7181833282,308.398,0.5551697295,3.381569281
3.719,1.64,3.28,4.626460467,13.79,1.001592152,314.997,0.6684397068,2.770282759
3.72,1.8,3.6,5.01003648,17.21,1.278465046,319.56,0.7453830572,2.475500247
3.721,1.95,3.9,5.35869438,20.02,1.514901535,323.489,0.8107603817,2.304158803
3.722,1.99,3.98,5.449881023,20.87,1.588041573,327.228,0.8722429314,2.215142603
3.723,1.92,3.84,5.289810125,19.5,1.470530264,329.827,0.9145673107,2.217859001
3.724,1.81,3.62,5.033609855,17.29,1.285083667,331.39,0.9398602647,2.262353574
3.725,1.74,3.48,4.867607683,15.99,1.178340525,331.347,0.9391660225,2.298745045
3.726,1.75,3.5,4.8914635,16.25,1.199551504,330.525,0.9258773435,2.30140073
3.727,1.83,3.66,5.080615385,17.68,1.317443417,327.222,0.8721448338,2.320351958
3.728,1.95,3.9,5.35869438,19.98,1.511478325,324.183,0.8222257575,2.296218454
3.729,2.08,4.16,5.652297165,22.59,1.738377076,321.687,0.7808748154,2.243641132
3.73,2.16,4.32,5.829021619,24.26,1.887364977,319.933,0.7516240957,2.208808547
3.731,2.15,4.3,5.80709582,24.01,1.864870339,319.579,0.7457011414,2.224453866
3.732,2.06,4.12,5.607645315,22.37,1.718972778,319.674,0.7472912786,2.273740843
3.733,1.98,3.96,5.427154973,20.74,1.576806255,320.563,0.762148755,2.320333204
3.734,1.94,3.88,5.335780035,20.05,1.517470042,321.164,0.7721696858,2.330401578
3.735,1.95,3.9,5.35869438,20.11,1.522609883,321.394,0.7759996905,2.331276456
3.736,1.95,3.9,5.35869438,20.27,1.536334569,321.587,0.7792114495,2.314224954
3.737,1.95,3.9,5.35869438,20.2,1.530326717,321.292,0.774301505,2.325188214
3.738,1.95,3.9,5.35869438,20.1,1.521752981,320.352,0.7586261349,2.349913811
3.739,1.95,3.9,5.35869438,20.13,1.524324002,318.805,0.7327280655,2.374200603
3.74,1.95,3.9,5.35869438,20.25,1.534617516,316.611,0.6957823586,2.402571145
3.741,1.95,3.9,5.35869438,20.19,1.529468872,312.919,0.6330294272,2.478010911
3.742,1.93,3.86,5.312818617,19.73,1.490121179,309.108,0.5674724494,2.582054369
3.743,1.88,3.76,5.197305421,18.74,1.406186759,305.012,0.4961055343,2.732127676
3.744,1.8,3.6,5.01003648,17.2,1.277638179,301.377,0.4319635959,2.930528356
3.745,1.68,3.36,4.723484237,15.01,1.099006271,291.902,0.2610640346,3.472970637
3.746,1.57,3.14,4.454856537,12.03,0.8636678778,291.875,0.2605691538,3.962559862
3.747,1.53,3.06,4.355761529,10.72,0.7629842395,295.318,0.3233092107,4.009746656
3.748,1.58,3.16,4.479512605,12.19,0.8760801584,304.309,0.4837604759,3.294145278
3.749,1.71,3.42,4.795757791,15.31,1.123189317,309.836,0.5800577618,2.815655962
3.75,1.82,3.64,5.057136157,17.47,1.299999544,311.956,0.6165395562,2.638681443
3.751,1.87,3.74,5.174061561,18.54,1.389353898,314.036,0.652092857,2.53450723
3.752,1.89,3.78,5.220502207,18.89,1.418838606,315.989,0.685261647,2.481109063
3.753,1.91,3.82,5.266754559,19.28,1.45184274,317.714,0.7143881394,2.43129881
3.754,1.96,3.92,5.381561651,20.16,1.526895965,319.407,0.742820953,2.371027685
3.755,2.02,4.04,5.517776733,21.47,1.640127965,320.883,0.767486695,2.291802266
3.756,2.1,4.2,5.69676072,23.01,1.77556525,322.115,0.7879881836,2.222212592
3.757,2.18,4.36,5.872731997,24.65,1.92259165,322.94,0.8016730706,2.155712678
3.758,2.25,4.5,6.0242355,26.05,2.050409136,323.806,0.8160004968,2.101665942
3.759,2.28,4.56,6.088459469,26.64,2.104917369,324.912,0.8342429557,2.071496209
3.76,2.26,4.52,6.045690563,26.22,2.066075685,325.969,0.8516192655,2.072077673
3.761,2.21,4.42,5.937944511,25.33,1.984407469,326.593,0.8618509401,2.086228184
3.762,2.18,4.36,5.872731997,24.82,1.937998476,327.036,0.8691029145,2.092098282
3.763,2.19,4.38,5.894516575,25.06,1.959802742,327.332,0.8739430048,2.080114838
3.764,2.23,4.46,5.981184153,25.87,2.033855557,327.308,0.8735507281,2.057223369
3.765,2.29,4.58,6.109773311,26.94,2.132780318,326.076,0.853375126,2.046033245
3.766,2.33,4.66,6.194557945,27.89,2.221669313,324.041,0.8198818146,2.036644359
3.767,2.34,4.68,6.215636419,28.08,2.239567251,320.605,0.7628496633,2.070210966
3.768,2.28,4.56,6.088459469,27.04,2.142090029,317.171,0.705236716,2.138307267
3.769,2.17,4.34,5.850900345,24.79,1.935277345,314.225,0.6553117422,2.258521189
3.77,2.02,4.04,5.517776733,21.89,1.676815123,311.856,0.6148242958,2.407785748
3.771,1.86,3.72,5.150770627,18.93,1.422216374,310.732,0.595506845,2.552763719
3.772,1.72,3.44,4.819754829,16.14,1.190569254,309.974,0.5824401048,2.718403489
3.773,1.58,3.16,4.479512605,13.17,0.9526555674,310.221,0.5867015067,2.909989294
3.774,1.47,2.94,4.205706809,10.1,0.7159143121,310.44,0.5904769978,3.219331587
3.775,1.39,2.78,4.002997727,7.69,0.5364565434,310.87,0.59788232,3.528925841
3.776,1.32,2.64,3.823155917,5.94,0.4095942274,311.26,0.6045899222,3.769686125
3.777,1.28,2.56,3.719353549,4.67,0.3193172337,311.623,0.6108256044,3.998690735
3.778,1.24,2.48,3.614798003,3.6,0.2444108522,312.086,0.6187685728,4.187771277
3.779,1.22,2.44,3.562237789,3.01,0.2035547251,312.544,0.6266141788,4.290979549
3.78,1.24,2.48,3.614798003,3.66,0.248583474,313.106,0.6362256255,4.085398766
3.781,1.34,2.68,3.874774659,6.13,0.4232290204,313.824,0.6484799495,3.615510151
3.782,1.51,3.02,4.305931583,10.55,0.7500409241,314.853,0.6659934101,3.040838403
3.783,1.69,3.38,4.747622495,15.29,1.121574293,316.295,0.6904400166,2.620080023
3.784,1.82,3.64,5.057136157,17.8,1.327431689,317.009,0.7025034226,2.491279711
3.785,1.89,3.78,5.220502207,19.09,1.435744057,316.634,0.6961709918,2.448738382
3.786,1.9,3.8,5.24365192,19.43,1.464578764,315.786,0.6818235558,2.442995831
3.787,1.9,3.8,5.24365192,19.33,1.456085478,313.992,0.6513432089,2.48817526
3.788,1.88,3.76,5.197305421,18.94,1.423061075,311.962,0.6166424543,2.548069043
3.789,1.83,3.66,5.080615385,18.08,1.350795287,309.646,0.5767759875,2.635760064
3.79,1.77,3.54,4.939033913,16.78,1.24300212,307.25,0.5352173959,2.777516425
3.791,1.69,3.38,4.747622495,15.39,1.129653446,304.391,0.4852019084,2.939967647
3.792,1.64,3.28,4.626460467,14.19,1.033367167,301.09,0.4268663868,3.16830171
3.793,1.61,3.22,4.553198367,13.41,0.9715534768,296.934,0.3525049633,3.43881979
3.794,1.62,3.24,4.577666141,13.52,0.9802341214,287.986,0.1888055347,3.915749237
3.795,1.64,3.28,4.626460467,14.07,1.023817902,289.299,0.2131420829,3.74018604
3.796,1.64,3.28,4.626460467,14.31,1.04293082,292.52,0.2723788079,3.517392688
3.797,1.63,3.26,4.602086841,13.94,1.013489083,305.431,0.5034498739,3.033798308
3.798,1.6,3.2,4.52868352,13.08,0.9455835699,308.185,0.55147339,3.02505759
3.799,1.56,3.12,4.430153395,12,0.8613433732,310.391,0.5896324845,3.053223368
3.8,1.53,3.06,4.355761529,11.15,0.7958485199,311.796,0.6137948755,3.089974062
3.801,1.52,3.04,4.330870093,10.79,0.7683219911,311.595,0.6103448737,3.141346328
3.802,1.53,3.06,4.355761529,10.99,0.783598943,311.002,0.6001535269,3.147789524
3.803,1.55,3.1,4.40540318,11.66,0.8350606483,309.401,0.5725412523,3.129722387
3.804,1.57,3.14,4.454856537,12.28,0.8830731195,308.049,0.5491119493,3.110531337
3.805,1.58,3.16,4.479512605,12.32,0.8861836588,307.329,0.536592809,3.148430344
3.806,1.55,3.1,4.40540318,11.64,0.8335181309,307.225,0.534782065,3.219617445
3.807,1.5,3,4.280946,10.28,0.7295414516,308.155,0.5509525736,3.343198731
3.808,1.45,2.9,4.15531198,8.84,0.621397626,308.793,0.5620176916,3.51128798
3.809,1.43,2.86,4.104728857,8.18,0.5724951674,309.546,0.575047929,3.576971418
3.81,1.45,2.9,4.15531198,8.63,0.6057927298,310.282,0.5877533952,3.481484203
3.811,1.5,3,4.280946,10.08,0.7144021175,311.068,0.601288769,3.253762752
3.812,1.57,3.14,4.454856537,12.07,0.8667685913,311.95,0.616436656,3.003533425
3.813,1.64,3.28,4.626460467,13.99,1.017459711,312.625,0.628000524,2.811651336
3.814,1.7,3.4,4.77171368,15.24,1.117538498,312.97,0.633901307,2.724452001
3.815,1.74,3.48,4.867607683,16.05,1.183229278,312.942,0.6334226455,2.679438819
3.816,1.77,3.54,4.939033913,16.7,1.2364252,313.002,0.6344482963,2.639961452
3.817,1.81,3.62,5.033609855,17.36,1.290880339,313.177,0.6374386554,2.6103616
3.818,1.84,3.68,5.104047539,17.99,1.343276753,312.602,0.6276069069,2.589725433
3.819,1.86,3.72,5.150770627,18.36,1.374239714,311.176,0.6031459183,2.604838704
3.82,1.86,3.72,5.150770627,18.36,1.374239714,309.284,0.570517767,2.648541362
3.821,1.85,3.7,5.12743262,18.08,1.350795287,305.799,0.5098919668,2.75566601
3.822,1.83,3.66,5.080615385,17.77,1.324933233,301.921,0.4416118983,2.876017881
3.823,1.81,3.62,5.033609855,17.33,1.288395436,297.251,0.3582134553,3.056955348
3.824,1.76,3.52,4.915272243,16.38,1.21018274,289.353,0.2141406105,3.450952512
3.825,1.68,3.36,4.723484237,14.8,1.082132014,282.973,0.09485749577,4.013191448
3.826,1.57,3.14,4.454856537,11.97,0.8590197516,281.697,0.07067837657,4.791723681
3.827,1.46,2.92,4.180532931,8.82,0.6199096316,281.414,0.06530092833,6.101092388
3.828,1.35,2.7,3.90051342,5.89,0.4060117151,281.662,0.07001361395,8.193919907
3.829,1.26,2.52,3.667169923,3.42,0.2319126851,282.846,0.09245584432,11.30556633
3.83,1.19,2.38,3.483044415,1.35,0.09029280197,284.679,0.1270149707,16.02816306
3.831,1.1,2.2,3.24292232,-2.12,-0.1385538279,287.687,0.1832480389,72.55799464
3.832,1.09,2.18,3.216006719,-3.05,-0.1981025445,291.667,0.2567552037,54.83138811
3.833,1.21,2.42,3.535887071,1.75,0.1173581633,298.341,0.3777956744,7.140986905
3.834,1.43,2.86,4.104728857,7.39,0.5145042206,311.031,0.6006523751,3.680854216
3.835,1.67,3.34,4.699298905,13.97,1.015871161,314.51,0.6601619577,2.803822224
3.836,1.84,3.68,5.104047539,17.35,1.290051935,318.372,0.7254567724,2.532386747
3.837,1.94,3.88,5.335780035,19.33,1.456085478,322.455,0.7936322569,2.371755333
3.838,2.04,4.08,5.562805171,21.33,1.627940446,325.965,0.8515536147,2.243524297
3.839,2.13,4.26,5.763103001,23.06,1.78000499,328.894,0.8994120224,2.150879454
3.84,2.2,4.4,5.91625408,24.53,1.911735122,331.5,0.9416358233,2.073426201
3.841,2.27,4.54,6.067098553,25.89,2.035693091,332.749,0.96175526,2.024087771
3.842,2.32,4.64,6.173432397,27.12,2.149545749,333.298,0.9705749099,1.978587713
3.843,2.37,4.74,6.278589401,28.1,2.241453581,332.715,0.9612085738,1.960428262
3.844,2.4,4.8,6.34111872,28.83,2.310609865,332.084,0.9510525687,1.944137031
3.845,2.43,4.86,6.403224377,29.39,2.364065313,331.423,0.9403929941,1.937753115
3.846,2.45,4.9,6.44439278,29.8,2.403425703,330.782,0.9300356242,1.933243601
3.847,2.47,4.94,6.485372889,30.16,2.438142236,330.135,0.9195609319,1.931490833
3.848,2.47,4.94,6.485372889,30.34,2.455555396,329.555,0.9101534806,1.926896569
3.849,2.44,4.88,6.423832115,29.76,2.399577333,329.117,0.9030382537,1.945074123
3.85,2.35,4.7,6.23666782,27.91,2.223551416,328.722,0.8966134286,1.998826386
3.851,2.18,4.36,5.872731997,24.7,1.927119813,328.508,0.8931294123,2.082345044
3.852,1.98,3.96,5.427154973,20.79,1.581125425,328.344,0.8904578819,2.19582118
3.853,1.82,3.64,5.057136157,17.83,1.329931071,328.443,0.8920707336,2.275937016
3.854,1.78,3.56,4.962748509,17.02,1.262772076,328.661,0.8956205523,2.299279772
3.855,1.86,3.72,5.150770627,18.5,1.385992295,328.553,0.8938622209,2.259254085
3.856,2.02,4.04,5.517776733,21.58,1.64971843,328.307,0.8898549741,2.172717955
3.857,2.17,4.34,5.850900345,24.63,1.920781144,327.764,0.8809990709,2.088279556
3.858,2.25,4.5,6.0242355,26.42,2.084547538,327.06,0.8694955174,2.039318787
3.859,2.28,4.56,6.088459469,26.89,2.128129601,325.987,0.8519146843,2.043076842
3.86,2.26,4.52,6.045690563,26.56,2.097503996,323.941,0.8182305341,2.073470853
3.861,2.22,4.44,5.959587869,25.84,2.031100078,319.999,0.7527276505,2.140789032
3.862,2.15,4.3,5.80709582,24.54,1.912639236,315.52,0.6773151238,2.242161449
3.863,2.03,4.06,5.540314489,22.24,1.707530863,310.165,0.5857356564,2.415905191
3.864,1.88,3.76,5.197305421,19.28,1.45184274,305.381,0.5025739906,2.65926163
3.865,1.74,3.48,4.867607683,16.68,1.23478199,302.219,0.4468898145,2.89450514
3.866,1.66,3.32,4.675066499,15.13,1.108668614,299.703,0.4021641577,3.094363973
3.867,1.63,3.26,4.602086841,14.49,1.057303305,298.8,0.3860203667,3.188534166
3.868,1.61,3.22,4.553198367,14.09,1.025408448,297.828,0.3685883836,3.266290328
3.869,1.58,3.16,4.479512605,13.21,0.955801253,296.677,0.347872468,3.436068805
3.87,1.52,3.04,4.330870093,11.55,0.8265816437,293.469,0.2897073053,3.879703455
3.871,1.45,2.9,4.15531198,9.48,0.6692155509,285.454,0.1415598315,5.125108717
3.872,1.39,2.78,4.002997727,7.76,0.5415909922,285.099,0.1349022545,5.917276701
3.873,1.35,2.7,3.90051342,6.78,0.4701294253,284.789,0.1290818121,6.509413004
3.874,1.33,2.66,3.848988825,6.19,0.4275417395,285.188,0.1365721155,6.823070893
3.875,1.33,2.66,3.848988825,6.17,0.4261037932,286.905,0.168685697,6.471178272
3.876,1.38,2.76,3.977447261,7.39,0.5145042206,289.862,0.2235435117,5.389146374
3.877,1.49,2.98,4.255913343,10.41,0.7394027579,295.74,0.330948733,3.976182945
3.878,1.67,3.34,4.699298905,15.08,1.104640877,309.338,0.5714517784,2.803722628
3.879,1.84,3.68,5.104047539,18.49,1.385152153,312.873,0.6322429039,2.530018859
3.88,1.96,3.92,5.381561651,20.76,1.578533607,316.163,0.6882068248,2.374141113
3.881,2.01,4.02,5.495191903,21.65,1.655828128,318.596,0.729219599,2.304017585
3.882,1.99,3.98,5.449881023,21.43,1.6366437,320.563,0.762148755,2.271926865
3.883,1.95,3.9,5.35869438,20.56,1.561279029,321.676,0.7806918705,2.288113136
3.884,1.87,3.74,5.174061561,18.98,1.426440919,322.721,0.7980437666,2.325959623
3.885,1.76,3.52,4.915272243,16.89,1.252056047,323.756,0.815174321,2.377708996
3.886,1.71,3.42,4.795757791,15.96,1.175897517,324.871,0.8335678072,2.386584
3.887,1.81,3.62,5.033609855,17.9,1.335766563,326.269,0.8565407823,2.296032929
3.888,2,4,5.47256,21.56,1.647973756,327.206,0.8718832313,2.171774044
3.889,2.09,4.18,5.674552479,23.39,1.809374529,327.251,0.8726189557,2.115796519
3.89,2,4,5.47256,21.73,1.662817002,326.648,0.8627518328,2.166862342
3.891,1.8,3.6,5.01003648,17.95,1.339937861,324.508,0.8275865537,2.31140948
3.892,1.64,3.28,4.626460467,14.76,1.078922893,322.37,0.7922217967,2.472529512
3.893,1.57,3.14,4.454856537,13.03,0.9416581478,319.55,0.7452156369,2.640894996
3.894,1.58,3.16,4.479512605,13.3,0.962884844,317.498,0.7107496689,2.676517824
3.895,1.63,3.26,4.602086841,14.71,1.07491375,317.003,0.7024021627,2.589346558
3.896,1.7,3.4,4.77171368,16,1.179155063,317.415,0.7093508946,2.526713596
3.897,1.76,3.52,4.915272243,17.01,1.261947153,319.679,0.747374957,2.44623409
3.898,1.79,3.58,4.986416031,17.6,1.310792792,321.908,0.7845490206,2.379762577
3.899,1.81,3.62,5.033609855,18.02,1.345782003,324.076,0.8204596424,2.323660366
3.9,1.82,3.64,5.057136157,18.23,1.363344738,325.869,0.8499777534,2.284861866
3.901,1.8,3.6,5.01003648,17.93,1.338269033,326.854,0.8661247376,2.272750244
3.902,1.77,3.54,4.939033913,17.25,1.281773537,327.442,0.8757405716,2.289224387
3.903,1.75,3.5,4.8914635,16.89,1.252056047,327.352,0.87426988,2.300429787
3.904,1.78,3.56,4.962748509,17.46,1.299170012,327.378,0.874694788,2.282914976
3.905,1.85,3.7,5.12743262,18.81,1.41208805,327.801,0.8816029774,2.235450441
3.906,1.92,3.84,5.289810125,20.11,1.522609883,328.433,0.8919078414,2.190835077
3.907,1.95,3.9,5.35869438,20.81,1.58285383,329.408,0.9077665483,2.151550042
3.908,1.96,3.92,5.381561651,21.05,1.603627575,329.799,0.9141131139,2.137456679
3.909,1.97,3.94,5.404381849,21.1,1.607963086,329.324,0.9064021088,2.149402108
3.91,1.97,3.94,5.404381849,21.07,1.605361462,328.201,0.8881273486,2.167397674
3.911,1.96,3.92,5.381561651,20.97,1.596696244,325.501,0.8439326478,2.204989734
3.912,1.88,3.76,5.197305421,19.44,1.465428666,322.608,0.7961701486,2.29806692
3.913,1.72,3.44,4.819754829,16.47,1.217552894,319.066,0.7371062237,2.465777683
3.914,1.6,3.2,4.52868352,13.91,1.011107903,316.128,0.6876145343,2.665934952
3.915,1.57,3.14,4.454856537,12.88,0.9298967213,314.135,0.6537791813,2.812984986
3.916,1.61,3.22,4.553198367,13.99,1.017459711,312.662,0.6286336732,2.766063221
3.917,1.63,3.26,4.602086841,14.61,1.066902987,312.285,0.6221788851,2.724608508
3.918,1.58,3.16,4.479512605,13.27,0.9605227547,312.216,0.6209966612,2.832410756
3.919,1.55,3.1,4.40540318,12.37,0.8900740465,312.866,0.6321232054,2.894107958
3.92,1.57,3.14,4.454856537,12.97,0.9369509069,313.978,0.6511046625,2.805227111
3.921,1.63,3.26,4.602086841,14.53,1.060501596,316.065,0.686548246,2.634204663
3.922,1.69,3.38,4.747622495,15.86,1.167760745,318.503,0.7276576753,2.504788623
3.923,1.77,3.54,4.939033913,17.27,1.283428397,321.919,0.7847318337,2.388129237
3.924,1.84,3.68,5.104047539,18.56,1.39103532,325.176,0.8385882138,2.289197015
3.925,1.88,3.76,5.197305421,19.46,1.467128782,327.573,0.8778805226,2.216326141
3.926,1.91,3.82,5.266754559,19.94,1.50805679,329.344,0.9067270069,2.181046008
3.927,1.92,3.84,5.289810125,20.19,1.529468872,330.005,0.9174538031,2.161821532
3.928,1.94,3.88,5.335780035,20.53,1.558694471,330.562,0.9264762057,2.14704772
3.929,1.97,3.94,5.404381849,21.18,1.614905393,330.938,0.9325581414,2.121475646
3.93,2.02,4.04,5.517776733,22.15,1.699620083,331.407,0.9401347077,2.090261093
3.931,2.08,4.16,5.652297165,23.37,1.807591229,332.511,0.9579272828,2.043847163
3.932,2.14,4.28,5.785122947,24.6,1.918066199,333.748,0.9777933037,1.997722245
3.933,2.19,4.38,5.894516575,25.54,2.003599427,334.683,0.9927604529,1.967225838
3.934,2.21,4.42,5.937944511,26.12,2.056856228,335.033,0.998352376,1.94354798
3.935,2.23,4.46,5.981184153,26.52,2.093799951,334.292,0.9865065563,1.941749673
3.936,2.24,4.48,6.002733363,26.62,2.103063365,332.892,0.9640539466,1.957125455
3.937,2.2,4.4,5.91625408,25.82,2.029263639,329.993,0.9172592571,2.0078765
3.938,2.08,4.16,5.652297165,23.62,1.829913388,327.139,0.8707876319,2.0929
3.939,1.89,3.78,5.220502207,20,1.513189721,324.418,0.8261025632,2.231658798
3.94,1.67,3.34,4.699298905,15.95,1.175083384,322.027,0.7865263941,2.395633911
3.941,1.52,3.04,4.330870093,12.24,0.8799641537,320.325,0.7581752056,2.643773906
3.942,1.46,2.92,4.180532931,10.58,0.752323002,318.737,0.7315868074,2.817241927
3.943,1.48,2.96,4.230833613,11.27,0.8050520669,317.705,0.7142365858,2.784746404
3.944,1.53,3.06,4.355761529,12.56,0.9048799677,316.963,0.7017270476,2.711155552
3.945,1.54,3.08,4.380605891,12.76,0.9205035928,316.696,0.697218471,2.707885359
3.946,1.5,3,4.280946,11.79,0.8450965533,316.582,0.6952923027,2.779133323
3.947,1.47,2.94,4.205706809,10.75,0.7652712648,316.854,0.6998869265,2.870479675
3.948,1.46,2.92,4.180532931,10.53,0.7485200235,317.281,0.7070918603,2.872010718
3.949,1.49,2.98,4.255913343,11.37,0.8127324157,318.064,0.7202785609,2.776179302
3.95,1.56,3.12,4.430153395,13.46,0.9754977346,319.371,0.7422179266,2.579095886
3.951,1.69,3.38,4.747622495,16.26,1.200368681,321.447,0.7768818682,2.401123366
3.952,1.86,3.72,5.150770627,19.47,1.467978996,323.483,0.8106611502,2.260458123
3.953,2,4,5.47256,22.23,1.706651462,325.659,0.8465289376,2.143428644
3.954,2.05,4.1,5.58524878,23.19,1.791560859,327.49,0.8765247751,2.093354392
3.955,1.99,3.98,5.449881023,22.11,1.696106948,328.974,0.9007131953,2.098674811
3.956,1.86,3.72,5.150770627,19.65,1.483300686,330.36,0.9232059256,2.140351746
3.957,1.71,3.42,4.795757791,16.96,1.257824071,331.032,0.9340775456,2.187943909
3.958,1.61,3.22,4.553198367,14.98,1.096592949,331.344,0.9391175836,2.23666297
3.959,1.56,3.12,4.430153395,13.86,1.007141264,331.06,0.9345300507,2.281618605
3.96,1.57,3.14,4.454856537,14.04,1.021432832,330.562,0.9264762057,2.286994131
3.961,1.59,3.18,4.504121599,14.66,1.070907115,329.639,0.9115169638,2.272027286
3.962,1.6,3.2,4.52868352,14.85,1.086145675,328.621,0.8949693859,2.285926551
3.963,1.6,3.2,4.52868352,14.79,1.081329584,327.367,0.8745150234,2.315461824
3.964,1.59,3.18,4.504121599,14.63,1.068504338,326.064,0.8531782357,2.343842663
3.965,1.58,3.16,4.479512605,14.29,1.041335878,324.789,0.8322172546,2.390918371
3.966,1.55,3.1,4.40540318,13.66,0.991299604,323.472,0.810479221,2.445029944
3.967,1.52,3.04,4.330870093,12.66,0.9126868475,322.029,0.786559621,2.548700364
3.968,1.47,2.94,4.205706809,11.4,0.8150384231,320.63,0.7632668271,2.664697978
3.969,1.44,2.88,4.130043955,10.52,0.7477597185,319.289,0.7408441127,2.774441304
3.97,1.45,2.9,4.15531198,10.67,0.7591744718,318.154,0.721792193,2.805810609
3.971,1.49,2.98,4.255913343,12.01,0.8621181099,317.493,0.7106654158,2.705975281
3.972,1.55,3.1,4.40540318,13.46,0.9754977346,316.965,0.7017608054,2.626549858
3.973,1.55,3.1,4.40540318,13.44,0.9739197336,316.93,0.7011700135,2.629950537
3.974,1.47,2.94,4.205706809,11.5,0.8227314612,316.644,0.6963399539,2.768603745
3.975,1.34,2.68,3.874774659,8.06,0.5636483326,315.981,0.6851261976,3.102861698
3.976,1.23,2.46,3.588541433,4.97,0.340507869,315.116,0.6704604555,3.549608179
3.977,1.19,2.38,3.483044415,4.05,0.2757856919,313.874,0.6493322702,3.764973288
3.978,1.26,2.52,3.667169923,5.73,0.3945633126,312.625,0.628000524,3.586250356
3.979,1.37,2.74,3.951849721,8.6,0.6035668934,311.34,0.6059648017,3.267256027
3.98,1.4,2.8,4.02850112,9.42,0.6647159412,310.342,0.588787838,3.21379256
3.981,1.27,2.54,3.693285273,6.18,0.4268227197,309.756,0.5786762074,3.673087234
3.982,1.07,2.14,3.162034297,0.79,0.05264144509,308.995,0.5655163029,5.115254653
3.983,0.94,1.88,2.806623875,-5.8,-0.3698722461,307.943,0.5472706916,15.82101729
3.984,0.95,1.9,2.83424558,-5,-0.3205619313,306.621,0.524253688,13.91438528
3.985,1.07,2.14,3.162034297,0.67,0.04460962798,304.673,0.4901560679,5.912934059
3.986,1.19,2.38,3.483044415,3.81,0.2590294088,302.789,0.4569706759,4.864586597
3.987,1.26,2.52,3.667169923,5.42,0.3724497354,299.172,0.3926768665,4.792892985
3.988,1.24,2.48,3.614798003,4.88,0.3341419612,295.143,0.3201379596,5.524849362
3.989,1.15,2.3,3.37679422,2.57,0.1732914714,289.948,0.2251305833,8.475419922
3.99,1.06,2.12,3.134977475,0.22,0.01460411943,279.871,0.03588602932,62.09087422
3.991,1.06,2.12,3.134977475,0.21,0.01393936766,278.1,0.001924114389,197.622279
3.992,1.12,2.24,3.296612301,1.73,0.1160014906,276.49,-0.02913855965,37.95188887
3.993,1.13,2.26,3.323386681,1.75,0.1173581633,275.463,-0.04904770532,48.65121355
3.994,0.99,1.98,2.944261663,-3.16,-0.2050967478,274.874,-0.06049942019,-11.08548247
3.995,0.74,1.48,2.244304323,-14.71,-0.8838935973,274.806,-0.06182309943,-2.373125409
3.996,0.48,0.96,1.485138893,-26,-1.449046214,275.105,-0.05600524833,-0.9867695089
3.997,0.33,0.66,1.032683705,-32.49,-1.734527922,275.98,-0.03901602186,-0.5822712815
3.998,0.29,0.58,0.9102401912,-33.83,-1.790163921,276.916,-0.02090192886,-0.5025991691
3.999,0.36,0.72,1.124022067,-31.41,-1.688882305,277.902,-0.001886303721,-0.6647994655
4,0.47,0.94,1.455304729,-27.37,-1.511582996,279.185,0.02275638992,-0.9774843645
