# age_ma,DST_anomaly_K,GMSST_anomaly_K,GMST_anomaly_K,BSL_m,R_LI_Wm2,CO2_ppm,R_CO2_Wm2,S_CO2_LI_K_per_Wm2
0,0,0,0,2.68,0.1808408527,284.1331213,0.116746372,0
0.001,0.11,0.11,0.1756738918,5.47,0.3760104081,280.4281497,0.04652588879,0.4157604757
0.002,0.25,0.25,0.397199375,9.1,0.6407763474,277.8286438,-0.003298699906,0.62307969
0.003,0.35,0.35,0.554019655,11.83,0.8481878533,275.6131949,-0.0461314373,0.6907489847
0.004,0.38,0.38,0.6008362552,12.83,0.9259811889,273.0683738,-0.09575909614,0.7237054524
0.005,0.38,0.38,0.6008362552,12.63,0.910343748,269.4465361,-0.1671935172,0.8084990494
0.006,0.31,0.31,0.4914327638,11.09,0.7912520078,264.5748721,-0.2648080518,0.93349493
0.007,0.18,0.18,0.2867249592,7.82,0.5459956392,260.6641348,-0.3444778049,1.42282672
0.008,0.03,0.03,0.0480522822,4.34,0.2961032708,259.775696,-0.362743711,-0.7210678995
0.009,-0.04,-0.04,-0.0642344672,2.62,0.1767216519,261.0143677,-0.3372942771,0.4000337364
0.01,-0.01,-0.01,-0.0160409642,3.3,0.2235969714,264.0627076,-0.2751746288,0.3110060636
0.011,-0.05,-0.05,-0.080322505,2.24,0.1507089033,266.7807626,-0.2203873986,1.152758891
0.012,-0.24,-0.24,-0.3882312192,-3.47,-0.2247519371,253.8849024,-0.4854594796,0.5466417605
0.013,-0.54,-0.54,-0.8830526472,-13.3,-0.8067294021,239.9331786,-0.7878444864,0.5537859698
0.014,-1.01,-1.01,-1.679567804,-27.8,-1.530955522,239.2774205,-0.8024865159,0.7197812401
0.015,-1.6,-1.6,-2.71624832,-46.17,-2.253944599,229.3619873,-1.028910009,0.8274043918
0.016,-2.32,-2.32,-4.036849741,-68.85,-2.91727768,223.1368569,-1.176121649,0.9861851767
0.017,-2.98,-2.98,-5.300994337,-90.11,-3.388540537,202.7709168,-1.688161793,1.04418065
0.018,-3.27,-3.27,-5.872662782,-99.21,-3.565755134,189.1388285,-2.060498069,1.04379639
0.019,-3.21,-3.21,-5.753574532,-97.75,-3.53787174,190.4689123,-2.023006854,1.034652067
0.02,-3.05,-3.05,-5.438077105,-93.11,-3.447979365,192.6774503,-1.961329072,1.005318364
0.021,-2.94,-2.94,-5.222920231,-89.89,-3.384133323,189.9359501,-2.037997987,0.9632596358
0.022,-3,-3,-5.340102,-91.83,-3.422763279,187.8078073,-2.098280569,0.9672268773
0.023,-3.09,-3.09,-5.51666902,-94.69,-3.478837199,189.1669059,-2.059703929,0.9960509263
0.024,-3.1,-3.1,-5.53634642,-94.93,-3.483500382,185.8835609,-2.153378491,0.9821652274
0.025,-3.05,-3.05,-5.438077105,-93.33,-3.452293175,182.3536751,-2.255950778,0.95267076
0.026,-2.91,-2.91,-5.16448822,-89.41,-3.374492945,184.28066,-2.199712379,0.9264976657
0.027,-2.7,-2.7,-4.75842978,-83.44,-3.251416159,187.9789179,-2.093408433,0.8902873608
0.028,-2.51,-2.51,-4.395515564,-77.81,-3.128886795,190.4100577,-2.024660251,0.8529107282
0.029,-2.34,-2.34,-4.074403975,-72.82,-3.013841541,192.2133617,-1.974230783,0.8168293703
0.03,-2.2,-2.2,-3.81251288,-68.56,-2.910033422,189.1471418,-2.060262923,0.76705947
0.031,-2.15,-2.15,-3.719539345,-66.95,-2.86931913,187.4855496,-2.107468469,0.7473775544
0.032,-2.15,-2.15,-3.719539345,-66.99,-2.870341011,193.3200869,-1.943514921,0.77267359
0.033,-2.19,-2.19,-3.793894636,-68.48,-2.908030267,196.536714,-1.855229453,0.7964912391
0.034,-2.31,-2.31,-4.018090276,-72.17,-2.998353416,196.0784924,-1.867717438,0.825736081
0.035,-2.36,-2.36,-4.112005283,-73.81,-3.037199829,201.3470268,-1.725862883,0.8633111786
0.036,-2.32,-2.32,-4.036849741,-72.54,-3.007184673,201.3615358,-1.725477377,0.8529765486
0.037,-2.18,-2.18,-3.775288161,-68.59,-2.910784076,205.7149062,-1.611044718,0.8349029414
0.038,-2.08,-2.08,-3.589870669,-65.55,-2.833212889,211.0896059,-1.473060427,0.8336374412
0.039,-2.1,-2.1,-3.62686002,-66.02,-2.845408655,205.8566438,-1.607359837,0.8145179851
0.04,-2.14,-2.14,-3.700979943,-67.46,-2.882308264,196.0447982,-1.868636863,0.7789986718
0.041,-2.17,-2.17,-3.756693454,-68.27,-2.902762185,201.1705722,-1.730553519,0.8108002332
0.042,-2.17,-2.17,-3.756693454,-68.22,-2.901505782,202.6543116,-1.691239244,0.8179625544
0.043,-2.18,-2.18,-3.775288161,-68.76,-2.915032337,203.8689373,-1.65926928,0.8253255856
0.044,-2.19,-2.19,-3.793894636,-69.15,-2.924743563,203.4644055,-1.669895691,0.8257219831
0.045,-2.19,-2.19,-3.793894636,-68.94,-2.919520444,210.6769938,-1.483528186,0.8616517679
0.046,-2.13,-2.13,-3.68243231,-67.34,-2.879259755,219.3042736,-1.268811194,0.8877457389
0.047,-1.97,-1.97,-3.387270678,-62.49,-2.751906617,211.9368298,-1.45163078,0.8058143314
0.048,-1.83,-1.83,-3.131475614,-58.19,-2.631735519,203.8553812,-1.659625034,0.7297162695
0.049,-1.8,-1.8,-3.07696248,-57.08,-2.599522353,201.381293,-1.724952472,0.7115228101
0.05,-1.91,-1.91,-3.27736178,-60.69,-2.702473674,204.6049713,-1.6399888,0.7547242606
0.051,-2.1,-2.1,-3.62686002,-66.85,-2.866762089,208.6966644,-1.534055162,0.8241332946
0.052,-2.16,-2.16,-3.738110515,-68.94,-2.919520444,215.1221019,-1.371822022,0.8710818457
0.053,-2.06,-2.06,-3.552928391,-65.98,-2.844373667,222.1049741,-1.200919781,0.8782869367
0.054,-1.88,-1.88,-3.222566205,-60.64,-2.701082938,220.709609,-1.234636955,0.8187996841
0.055,-1.75,-1.75,-2.986342625,-56.41,-2.579831685,214.4606805,-1.388296644,0.752582169
0.056,-1.77,-1.77,-3.022555262,-57.29,-2.605655603,210.519141,-1.487538253,0.7384344275
0.057,-1.96,-1.96,-3.368923107,-63.37,-2.775633918,214.0221889,-1.399246583,0.8069507872
0.058,-2.17,-2.17,-3.756693454,-70.34,-2.954080274,222.7038757,-1.18651303,0.9072838547
0.059,-2.28,-2.28,-3.961882493,-74.11,-3.044223987,227.9449383,-1.062066018,0.9648326075
0.06,-2.31,-2.31,-4.018090276,-75.02,-3.06537995,220.4035745,-1.242060378,0.9328255229
0.061,-2.31,-2.31,-4.018090276,-75.2,-3.069538176,211.7642755,-1.455988407,0.8878724282
0.062,-2.32,-2.32,-4.036849741,-75.29,-3.071614049,206.5125042,-1.590341802,0.8659133355
0.063,-2.31,-2.31,-4.018090276,-74.95,-3.063760522,200.4155511,-1.750670588,0.8345929529
0.064,-2.3,-2.3,-3.99934258,-74.76,-3.059358292,198.8842458,-1.791705035,0.8244259681
0.065,-2.25,-2.25,-3.905780625,-73.32,-3.025673177,201.1105048,-1.732151211,0.8209173578
0.066,-2.21,-2.21,-3.831142892,-72.22,-2.999549149,201.3717274,-1.7252066,0.8108658088
0.067,-2.19,-2.19,-3.793894636,-71.45,-2.981053623,203.9316042,-1.657625006,0.8178826213
0.068,-2.1,-2.1,-3.62686002,-68.96,-2.920018486,202.4275371,-1.697229361,0.7855025635
0.069,-2.05,-2.05,-3.534474905,-67.26,-2.87722477,205.1636743,-1.625399775,0.7849810415
0.07,-1.98,-1.98,-3.405630017,-65.19,-2.823819884,214.6656983,-1.383184652,0.8095142251
0.071,-1.82,-1.82,-3.113292801,-60.37,-2.693556272,228.3339548,-1.052943356,0.8309870839
0.072,-1.66,-1.66,-2.823968295,-55.39,-2.549491691,236.8358262,-0.8573585215,0.828908851
0.073,-1.56,-1.56,-2.644670371,-52.48,-2.460452295,232.5534562,-0.9549803292,0.7743295394
0.074,-1.56,-1.56,-2.644670371,-52.46,-2.459827311,233.2822229,-0.9382409288,0.7782864217
0.075,-1.58,-1.58,-2.680435809,-53.18,-2.482213165,243.5458835,-0.7078892936,0.8402350219
0.076,-1.53,-1.53,-2.591110478,-51.38,-2.425807486,245.9205829,-0.6559766799,0.8407825916
0.077,-1.4,-1.4,-2.36024152,-47.22,-2.289645163,233.620664,-0.9304848818,0.7329646589
0.078,-1.28,-1.28,-2.148896973,-43.33,-2.154570265,225.5603955,-1.118327413,0.6565732218
0.079,-1.18,-1.18,-1.974071041,-40.12,-2.037116283,227.2289447,-1.078897251,0.6335245401
0.08,-1.07,-1.07,-1.783121766,-36.55,-1.899774315,231.895557,-0.9701370527,0.6213159703
0.081,-1,-1,-1.66235,-34.16,-1.803697724,232.0150893,-0.9673800677,0.5998929388
0.082,-0.97,-0.97,-1.610767198,-33.1,-1.759990826,236.8894844,-0.8561465467,0.6157043643
0.083,-1,-1,-1.66235,-34.13,-1.802470095,245.3631222,-0.6681179988,0.6728559909
0.084,-1.11,-1.11,-1.852393108,-37.9,-1.952564105,247.2924334,-0.6262150203,0.71832174
0.085,-1.27,-1.27,-2.131361422,-43.5,-2.160636602,238.7470059,-0.814359213,0.7164250152
0.086,-1.45,-1.45,-2.448801905,-49.72,-2.372464338,228.3187425,-1.053299802,0.7148191775
0.087,-1.63,-1.63,-2.77005535,-55.93,-2.565609054,222.3102894,-1.195976492,0.7364063148
0.088,-1.74,-1.74,-2.968253959,-59.5,-2.669110496,221.2242129,-1.222177479,0.7627947297
0.089,-1.75,-1.75,-2.986342625,-60.11,-2.686281645,225.0700255,-1.129971015,0.7825327331
0.09,-1.71,-1.71,-2.914058572,-58.84,-2.65036625,229.4378181,-1.027141504,0.7924003884
0.091,-1.6,-1.6,-2.71624832,-55.45,-2.55128866,231.3171465,-0.9834980755,0.768433437
0.092,-1.45,-1.45,-2.448801905,-50.66,-2.402829111,232.617117,-0.953515982,0.7296037317
0.093,-1.3,-1.3,-2.18400338,-45.98,-2.247425364,234.1103146,-0.9192834351,0.6896761017
0.094,-1.22,-1.22,-2.043860193,-43.47,-2.159567178,238.5191848,-0.8194668134,0.686081528
0.095,-1.24,-1.24,-2.078825379,-43.95,-2.176621253,243.0130777,-0.7196063199,0.7177700394
0.096,-1.23,-1.23,-2.061336902,-43.69,-2.167398631,245.4643837,-0.6659105073,0.727536884
0.097,-1.16,-1.16,-1.939247075,-41.25,-2.079100039,243.6203339,-0.706254083,0.6962299908
0.098,-1.08,-1.08,-1.800421949,-38.58,-1.978758381,241.290828,-0.7576571172,0.6579490396
0.099,-1.07,-1.07,-1.783121766,-38.24,-1.96569415,242.8574549,-0.7230334967,0.6631842269
0.1,-1.07,-1.07,-1.783121766,-38.36,-1.970312553,245.578258,-0.663429144,0.6770298574
0.101,-1.07,-1.07,-1.783121766,-38.51,-1.97607405,245.7957324,-0.658693491,0.6767662565
0.102,-1.15,-1.15,-1.921852745,-41.28,-2.080205123,240.8253989,-0.7679867682,0.674762382
0.103,-1.28,-1.28,-2.148896973,-46,-2.248112458,239.3079643,-0.8018036321,0.7045757683
0.104,-1.4,-1.4,-2.36024152,-50.2,-2.388021791,242.7191663,-0.726080776,0.7579202899
0.105,-1.43,-1.43,-2.413342446,-51.33,-2.424219533,244.8831102,-0.6785946328,0.7777914876
0.106,-1.48,-1.48,-2.502079357,-53.23,-2.4837591,245.6947368,-0.6608922169,0.7956619365
0.107,-1.62,-1.62,-2.752107905,-58.24,-2.63317471,241.5288629,-0.7523819092,0.8128967299
0.108,-1.76,-1.76,-3.004443059,-63.16,-2.769997491,239.0043913,-0.808594658,0.8395600654
0.109,-1.85,-1.85,-3.167876545,-66.6,-2.860354819,241.5225299,-0.7525221917,0.8768293344
0.11,-1.77,-1.77,-3.022555262,-64.05,-2.793775647,245.2622454,-0.6703180108,0.8725385513
0.111,-1.54,-1.54,-2.608952007,-57.04,-2.598352043,250.2120958,-0.563420121,0.8251549674
0.112,-1.26,-1.26,-2.113837639,-48.43,-2.330108616,256.1604878,-0.437720736,0.7637167508
0.113,-0.93,-0.93,-1.542154886,-37.79,-1.948302005,260.9767107,-0.3380661873,0.6744997989
0.114,-0.69,-0.69,-1.134435196,-29.05,-1.586585709,266.2893699,-0.2302508356,0.6244013527
0.115,-0.49,-0.49,-0.7998468842,-21.56,-1.237626668,273.6434237,-0.08450447066,0.604967889
0.116,-0.28,-0.28,-0.4535954528,-12.2,-0.7454633753,275.0012054,-0.05802413542,0.5645332961
0.117,-0.07,-0.07,-0.1125338858,-1.64,-0.1075265695,274.50663,-0.06765449485,0.642386129
0.118,0.12,0.12,0.1915736352,4.1,0.2792832213,274.5117124,-0.06755544344,0.9048110605
0.119,0.24,0.24,0.3814526208,7.14,0.4962754837,273.346726,-0.09030835184,0.9396145424
0.12,0.26,0.26,0.4129343608,7.61,0.5305942766,272.9912014,-0.09727128279,0.9529481858
0.121,0.27,0.27,0.4286575782,7.96,0.5562864082,276.4382249,-0.03014048727,0.8147123472
0.122,0.26,0.26,0.4129343608,7.76,0.5415909922,278.2898488,0.00557512027,0.7546782438
0.123,0.21,0.21,0.3341417478,6.34,0.4383382443,278.5466743,0.01051020023,0.7444422541
0.124,0.16,0.16,0.2550549248,5.16,0.3539715806,278.0110037,0.0002117585017,0.720121182
0.125,0.16,0.16,0.2550549248,5.21,0.3575202108,277.0647469,-0.01802892029,0.7512856204
0.126,0.23,0.23,0.3656940982,7.04,0.489000469,275.1865078,-0.05442039099,0.8414884085
0.127,0.25,0.25,0.397199375,7.69,0.5364565434,275.3976155,-0.05031774279,0.8170493171
0.128,0.19,0.19,0.3025423238,6.07,0.4189196601,277.6580374,-0.006584985388,0.7337300071
0.129,-0.03,-0.03,-0.0481581978,0.79,0.05264144509,271.7693453,-0.1212706022,0.7017162945
0.13,-0.44,-0.44,-0.7169353312,-13.25,-0.8039649764,258.5638584,-0.387759525,0.6015948572
0.131,-0.95,-0.95,-1.576437505,-30.09,-1.632101682,246.2152272,-0.6495705333,0.6909132234
0.132,-1.48,-1.48,-2.502079357,-47.38,-2.295037028,234.1531314,-0.918305056,0.778653281
0.133,-1.9,-1.9,-3.25908482,-60.78,-2.704974573,225.7057229,-1.114881546,0.8531957011
0.134,-2.19,-2.19,-3.793894636,-70.27,-2.952366723,218.7852212,-1.281488657,0.8960850798
0.135,-2.46,-2.46,-4.300717927,-79.01,-3.155604707,211.1456635,-1.471639856,0.9294338929
0.136,-2.64,-2.64,-4.643366323,-85.04,-3.28502433,205.9686822,-1.604448867,0.9496659734
0.137,-2.69,-2.69,-4.739223116,-86.53,-3.315893744,202.5158729,-1.694895225,0.9458037738
0.138,-2.53,-2.53,-4.433516998,-82.09,-3.222664721,199.7457837,-1.76857966,0.8882588508
0.139,-2.25,-2.25,-3.905780625,-73.61,-3.032503182,197.1556248,-1.83840832,0.8018582606
0.14,-2.02,-2.02,-3.479185057,-67.05,-2.871872832,193.5133999,-1.93816779,0.7233171879
0.141,-2.03,-2.03,-3.497603238,-67.4,-2.880784604,193.5195159,-1.937998707,0.7258270423
0.142,-2.24,-2.24,-3.887103539,-74.12,-3.044457697,195.3528796,-1.8875525,0.7881377742
0.143,-2.44,-2.44,-4.262881251,-80.78,-3.194399681,196.0547222,-1.868366048,0.8420064208
0.144,-2.51,-2.51,-4.395515564,-83.19,-3.246119757,195.2907073,-1.889255442,0.8559288062
0.145,-2.49,-2.49,-4.357561204,-82.51,-3.231649659,194.9859571,-1.897610612,0.8495496375
0.146,-2.42,-2.42,-4.225091649,-80.67,-3.192009306,193.9935328,-1.924910157,0.8257100153
0.147,-2.34,-2.34,-4.074403975,-78.16,-3.136715329,194.2848457,-1.916882289,0.8062383046
0.148,-2.22,-2.22,-3.849784673,-74.71,-3.058198193,196.040856,-1.868744447,0.7813739583
0.149,-2.1,-2.1,-3.62686002,-71.12,-2.973073263,199.4744313,-1.775852514,0.7637221953
0.15,-2.05,-2.05,-3.534474905,-69.52,-2.933912345,202.0128957,-1.708199245,0.7613937831
0.151,-2.07,-2.07,-3.571393646,-70.36,-2.954569584,202.5737296,-1.693367002,0.7683826101
0.152,-2.12,-2.12,-3.663896445,-71.89,-2.991643825,201.999816,-1.70854565,0.7795210096
0.153,-2.14,-2.14,-3.700979943,-72.5,-3.006231852,200.8034467,-1.740325903,0.7797187213
0.154,-2.15,-2.15,-3.719539345,-72.84,-3.014316172,198.5731339,-1.800080521,0.7725868021
0.155,-2.2,-2.2,-3.81251288,-74.67,-3.057269627,195.3196141,-1.888463598,0.7708690919
0.156,-2.29,-2.29,-3.980606652,-77.6,-3.124175293,191.4772184,-1.994759677,0.7776239931
0.157,-2.35,-2.35,-4.093198745,-79.65,-3.169714912,189.0723814,-2.062377929,0.7823253274
0.158,-2.36,-2.36,-4.112005283,-80.16,-3.180891462,187.9854175,-2.093223455,0.7796578852
0.159,-2.36,-2.36,-4.112005283,-80.08,-3.179142188,187.4694579,-2.107927675,0.7777474839
0.16,-2.35,-2.35,-4.093198745,-79.74,-3.171691558,187.2982267,-2.112816501,0.7745657115
0.161,-2.32,-2.32,-4.036849741,-78.8,-3.150953915,191.4924982,-1.994332765,0.7845723653
0.162,-2.26,-2.26,-3.924469479,-77.11,-3.11313935,197.1057128,-1.839762899,0.7923575476
0.163,-2.18,-2.18,-3.775288161,-74.75,-3.059126326,200.8080178,-1.740204116,0.7866280945
0.164,-2.09,-2.09,-3.60835946,-72.1,-2.996678165,200.5946519,-1.745891709,0.7608447647
0.165,-2.01,-2.01,-3.460778644,-69.69,-2.938110641,196.4338754,-1.858029593,0.721575783
0.166,-1.95,-1.95,-3.350587305,-67.83,-2.891677997,192.6732168,-1.961446623,0.6903979533
0.167,-1.9,-1.9,-3.25908482,-66.54,-2.858813947,189.3114907,-2.055616358,0.6631663526
0.168,-1.87,-1.87,-3.20432455,-65.6,-2.834513924,186.7142777,-2.129522517,0.645507862
0.169,-1.84,-1.84,-3.149670195,-64.53,-2.80648182,189.3368314,-2.054900268,0.6478960382
0.17,-1.78,-1.78,-3.040679233,-62.88,-2.7624572,194.8026845,-1.902641589,0.6517931067
0.171,-1.71,-1.71,-2.914058572,-60.72,-2.703307654,197.6057849,-1.826206733,0.6433490047
0.172,-1.64,-1.64,-2.788014563,-58.39,-2.637486208,198.2370864,-1.809142055,0.626995197
0.173,-1.57,-1.57,-2.662547206,-56.39,-2.579241016,198.7104849,-1.79638126,0.6084956694
0.174,-1.52,-1.52,-2.573280717,-54.94,-2.535965106,198.5134133,-1.801689767,0.5932423838
0.175,-1.5,-1.5,-2.5376565,-54.09,-2.510175365,197.025069,-1.841952245,0.5830841206
0.176,-1.5,-1.5,-2.5376565,-54.14,-2.511701147,194.1593917,-1.920338015,0.5725708656
0.177,-1.54,-1.54,-2.608952007,-55.45,-2.55128866,190.7459707,-2.015230336,0.5713218339
0.178,-1.59,-1.59,-2.69833618,-57.38,-2.608278556,191.9913331,-1.980414222,0.5880402787
0.179,-1.63,-1.63,-2.77005535,-58.79,-2.648939152,199.3681373,-1.778704132,0.625627489
0.18,-1.64,-1.64,-2.788014563,-59.04,-2.656064638,207.4665522,-1.565682749,0.6603935071
0.181,-1.62,-1.62,-2.752107905,-58.57,-2.642648004,212.9610753,-1.425837648,0.6764452772
0.182,-1.61,-1.61,-2.734172228,-58.05,-2.627700383,213.4746063,-1.412952269,0.6766659903
0.183,-1.59,-1.59,-2.69833618,-57.67,-2.616707599,205.861855,-1.607224404,0.6388209323
0.184,-1.59,-1.59,-2.69833618,-57.73,-2.618447227,199.954328,-1.762996912,0.6158554337
0.185,-1.64,-1.64,-2.788014563,-59.29,-2.663165197,199.3154933,-1.780117007,0.6274673621
0.186,-1.74,-1.74,-2.968253959,-62.78,-2.759757269,201.5184842,-1.72130902,0.6623990292
0.187,-1.81,-1.81,-3.095121756,-65.53,-2.832692234,204.5455297,-1.641543303,0.6917654939
0.188,-1.75,-1.75,-2.986342625,-63.68,-2.783925094,209.6374174,-1.509992877,0.6954819923
0.189,-1.53,-1.53,-2.591110478,-56.98,-2.596595332,219.7391492,-1.258212765,0.6721762569
0.19,-1.24,-1.24,-2.078825379,-47.92,-2.313141326,229.0874426,-1.035317756,0.6208304561
0.191,-1.02,-1.02,-1.696797377,-40.58,-2.054291705,229.8252456,-1.01811514,0.5522697554
0.192,-0.93,-0.93,-1.542154886,-37.53,-1.938200368,223.5616238,-1.165946985,0.496804665
0.193,-0.93,-0.93,-1.542154886,-37.79,-1.948302005,219.4519802,-1.265209057,0.4798971767
0.194,-0.98,-0.98,-1.627949697,-39.66,-2.019823652,220.6435772,-1.236237804,0.4999751136
0.195,-1.03,-1.03,-1.714038718,-41.48,-2.087559837,222.7437617,-1.185554938,0.5236720481
0.196,-1.03,-1.03,-1.714038718,-41.51,-2.08866117,222.8925307,-1.181982901,0.5240676394
0.197,-0.95,-0.95,-1.576437505,-38.8,-1.987176787,225.3291115,-1.123815983,0.5067313303
0.198,-0.76,-0.76,-1.252653219,-32.44,-1.732430652,233.7202325,-0.9282052118,0.4708097174
0.199,-0.52,-0.52,-0.8497350368,-23.42,-1.32784712,242.7524366,-0.7253474857,0.4138599596
0.2,-0.33,-0.33,-0.5355655338,-15.7,-0.9371658512,248.259511,-0.6053337708,0.3472062658
0.201,-0.3,-0.3,-0.48634818,-13.91,-0.8402999449,249.425883,-0.5802572795,0.3423643706
0.202,-0.38,-0.38,-0.6178298248,-18,-1.05809012,247.2558258,-0.6270070592,0.3666434391
0.203,-0.49,-0.49,-0.7998468842,-23.04,-1.309610961,244.4294782,-0.688514394,0.400298651
0.204,-0.53,-0.53,-0.8663879578,-24.92,-1.398862235,244.7226413,-0.682101572,0.4163397533
0.205,-0.5,-0.5,-0.8164645,-23.72,-1.342173603,240.9259827,-0.7657527384,0.3873306594
0.206,-0.43,-0.43,-0.7003883258,-20.94,-1.207012975,232.4267693,-0.9578956124,0.3235186603
0.207,-0.36,-0.36,-0.5848888032,-17.78,-1.046693248,229.0255816,-1.036762624,0.2807301134
0.208,-0.28,-0.28,-0.4535954528,-14.53,-0.8741277059,233.4958547,-0.9333438245,0.2509557939
0.209,-0.21,-0.21,-0.3393316122,-11.1,-0.6832501861,237.8409933,-0.8347003597,0.2235458943
0.21,-0.14,-0.14,-0.2256444232,-7.75,-0.4878350763,243.7981731,-0.702350088,0.1895876625
0.211,-0.08,-0.08,-0.1286572288,-4.68,-0.3006871903,247.6281777,-0.6189563529,0.1398990182
0.212,-0.03,-0.03,-0.0481581978,-1.8,-0.1178911993,247.542576,-0.6208060938,0.06519341312
0.213,0.02,0.02,0.0320466232,0.54,0.0359229268,248.320627,-0.6040168815,-0.05641078018
0.214,0.09,0.09,0.1438390998,2.18,0.1466135339,247.1726558,-0.628806953,-0.298301665
0.215,0.14,0.14,0.2233378168,3.49,0.2367695741,243.6191293,-0.7062805356,-0.4756817947
0.216,0.11,0.11,0.1756738918,2.9,0.1959724686,242.5662798,-0.7294517526,-0.3292984322
0.217,-0.01,-0.01,-0.0160409642,-0.36,-0.02380552739,247.4302981,-0.6232332433,0.02479134934
0.218,-0.24,-0.24,-0.3882312192,-9.08,-0.5665011204,248.0415079,-0.6100338094,0.3299784897
0.219,-0.58,-0.58,-0.9498290888,-21,-1.209987506,240.5895908,-0.773227873,0.4789339064
0.22,-0.97,-0.97,-1.610767198,-34.77,-1.828542159,228.2945856,-1.053865879,0.5588269172
0.221,-1.35,-1.35,-2.271975345,-47.96,-2.314476686,217.6805647,-1.308569474,0.6270898146
0.222,-1.63,-1.63,-2.77005535,-57.65,-2.616127395,211.8291847,-1.454348796,0.6805236585
0.223,-1.77,-1.77,-3.022555262,-62.37,-2.748648968,208.0479718,-1.550710484,0.7030245541
0.224,-1.77,-1.77,-3.022555262,-62.35,-2.748105507,205.6555239,-1.612589288,0.6931361638
0.225,-1.65,-1.65,-2.805985545,-58.8,-2.649224652,203.6665382,-1.664583345,0.6504660261
0.226,-1.46,-1.46,-2.466549287,-52.77,-2.469494259,205.8505983,-1.607516956,0.6049895762
0.227,-1.27,-1.27,-2.131361422,-47,-2.282210621,218.2534782,-1.294507306,0.5958986606
0.228,-1.2,-1.2,-2.00894208,-44.73,-2.20407776,231.3846013,-0.98193818,0.6305499149
0.229,-1.24,-1.24,-2.078825379,-46.09,-2.25120188,231.7368501,-0.9737997903,0.6445966829
0.23,-1.3,-1.3,-2.18400338,-48.22,-2.323137449,228.9907247,-1.037576936,0.6498628355
0.231,-1.3,-1.3,-2.18400338,-48.32,-2.326459729,230.6480926,-0.9989946576,0.6567533714
0.232,-1.24,-1.24,-2.078825379,-46.15,-2.253259222,234.5627663,-0.9089537723,0.6573957488
0.233,-1.13,-1.13,-1.88709939,-42.57,-2.127263144,240.2590127,-0.7805840073,0.648967876
0.234,-0.99,-0.99,-1.645143964,-38.13,-1.961453412,243.8816306,-0.7005189767,0.6180169153
0.235,-0.85,-0.85,-1.405495145,-33.06,-1.758328118,246.8231696,-0.6363768603,0.5869178699
0.236,-0.71,-0.71,-1.168152932,-28.08,-1.543505053,247.0252209,-0.6319991025,0.5369573436
0.237,-0.6,-0.6,-0.98328792,-23.99,-1.355014463,245.6614075,-0.6616180122,0.4875890535
0.238,-0.52,-0.52,-0.8497350368,-20.82,-1.20105623,243.1946832,-0.7156097184,0.4433401854
0.239,-0.46,-0.46,-0.7500646472,-18.28,-1.072543774,243.8162476,-0.7019534675,0.4226913571
0.24,-0.42,-0.42,-0.6838530888,-16.32,-0.9701514024,249.6649913,-0.5751310409,0.4425424567
0.241,-0.38,-0.38,-0.6178298248,-14.58,-0.8768429335,257.5250198,-0.4092976518,0.480375032
0.242,-0.39,-0.39,-0.6343179882,-14.89,-0.8936347933,268.1587601,-0.1928242721,0.5838397491
0.243,-0.53,-0.53,-0.8663879578,-19.76,-1.14799135,275.7076837,-0.04429760505,0.7266593839
0.244,-0.79,-0.79,-1.303494612,-28.94,-1.581730906,266.6296438,-0.223418783,0.7220977962
0.245,-1.08,-1.08,-1.800421949,-38.64,-1.981057025,249.4064809,-0.5806734572,0.7028147422
0.246,-1.26,-1.26,-2.113837639,-44.66,-2.201626598,232.9290746,-0.9463460241,0.6714917481
0.247,-1.33,-1.33,-2.236751254,-47.03,-2.283225838,221.1119195,-1.224893827,0.6375926329
0.248,-1.42,-1.42,-2.395630369,-50.03,-2.382524325,216.2337101,-1.344247955,0.6428164076
0.249,-1.59,-1.59,-2.69833618,-55.7,-2.558759454,213.8981608,-1.402347864,0.6812075422
0.25,-1.78,-1.78,-3.040679233,-62.34,-2.74783372,209.9275185,-1.50259454,0.7153818502
0.251,-1.93,-1.93,-3.313951006,-67.38,-2.880276453,206.5438462,-1.589529906,0.7414081819
0.252,-2,-2,-3.442384,-69.52,-2.933912345,205.4301605,-1.618455192,0.7561744459
0.253,-1.99,-1.99,-3.424001124,-69.49,-2.933170532,199.9345068,-1.763527276,0.7290230848
0.254,-1.97,-1.97,-3.387270678,-68.73,-2.914283315,196.1541613,-1.865653212,0.708643443
0.255,-1.96,-1.96,-3.368923107,-68.44,-2.907027918,196.0659199,-1.868060491,0.7055205723
0.256,-1.98,-1.98,-3.405630017,-68.98,-2.920516401,198.3024027,-1.807379596,0.7203267624
0.257,-1.99,-1.99,-3.424001124,-69.32,-2.928961593,201.2719874,-1.727857129,0.7352661396
0.258,-1.97,-1.97,-3.387270678,-68.83,-2.916778938,203.4395857,-1.670548355,0.7383974288
0.259,-1.94,-1.94,-3.332263271,-67.92,-2.893950341,204.6386138,-1.639109191,0.7351024727
0.26,-1.92,-1.92,-3.295650509,-67.42,-2.881292622,205.6670612,-1.612289162,0.7334128246
0.261,-1.92,-1.92,-3.295650509,-67.31,-2.878496884,207.2816224,-1.570453715,0.7407703087
0.262,-1.9,-1.9,-3.25908482,-66.78,-2.864970168,209.8602427,-1.504309337,0.7459089802
0.263,-1.86,-1.86,-3.186094663,-65.44,-2.830347572,216.3605392,-1.3411109,0.7637843418
0.264,-1.8,-1.8,-3.07696248,-63.74,-2.785525826,222.3921308,-1.194007302,0.7731968503
0.265,-1.76,-1.76,-3.004443059,-62.52,-2.752720196,219.9888416,-1.252136945,0.7501998084
0.266,-1.76,-1.76,-3.004443059,-62.47,-2.751364047,209.7902671,-1.506093534,0.7056894878
0.267,-1.77,-1.77,-3.022555262,-62.93,-2.763805788,203.8529385,-1.659689142,0.6832957447
0.268,-1.74,-1.74,-2.968253959,-61.99,-2.738297715,194.848149,-1.901393112,0.639752533
0.269,-1.68,-1.68,-2.859969101,-60.24,-2.689922246,189.7911343,-2.042078626,0.6043889632
0.27,-1.68,-1.68,-2.859969101,-60.28,-2.691041107,192.9468072,-1.953855165,0.615722921
0.271,-1.75,-1.75,-2.986342625,-62.42,-2.750006971,194.5425786,-1.909789829,0.6408740023
0.272,-1.82,-1.82,-3.113292801,-65.01,-2.819106472,190.0959263,-2.033493773,0.6415720736
0.273,-1.86,-1.86,-3.186094663,-66.44,-2.856243126,189.6455232,-2.046184814,0.6499013759
0.274,-1.88,-1.88,-3.222566205,-66.84,-2.866506201,192.3038172,-1.97171367,0.6660644391
0.275,-1.89,-1.89,-3.240819628,-67.15,-2.874423202,194.8823232,-1.900454864,0.6787230131
0.276,-1.84,-1.84,-3.149670195,-65.83,-2.840487587,196.2522821,-1.862977688,0.6696488677
0.277,-1.71,-1.71,-2.914058572,-61.82,-2.733649404,196.0051497,-1.869718967,0.6330274567
0.278,-1.53,-1.53,-2.591110478,-56.25,-2.575101615,197.8658897,-1.819169259,0.5896565214
0.279,-1.34,-1.34,-2.254357415,-50.55,-2.39929726,202.1464243,-1.704664112,0.5493125327
0.28,-1.2,-1.2,-2.00894208,-45.88,-2.243986856,207.1143973,-1.574771585,0.5260720496
0.281,-1.08,-1.08,-1.800421949,-41.97,-2.105487265,213.0534889,-1.42351654,0.510178523
0.282,-0.94,-0.94,-1.559290311,-37.35,-1.931184161,219.4909337,-1.264259498,0.487973026
0.283,-0.79,-0.79,-1.303494612,-32.09,-1.717706526,225.719734,-1.114549446,0.4602319229
0.284,-0.67,-0.67,-1.100764534,-27.9,-1.535443382,229.2422747,-1.031703101,0.4287891404
0.285,-0.66,-0.66,-1.083946855,-27.39,-1.512486738,229.9160148,-1.016002581,0.4286934681
0.286,-0.73,-0.73,-1.201917742,-30.11,-1.632970217,228.143836,-1.057399808,0.4467481167
0.287,-0.78,-0.78,-1.286535713,-31.72,-1.702058465,228.6095847,-1.04648908,0.4680783911
0.288,-0.75,-0.75,-1.235729625,-30.66,-1.656755457,231.1776812,-0.9867246619,0.4674631809
0.289,-0.7,-0.7,-1.15128818,-28.91,-1.580405513,233.2800028,-0.9382918437,0.4570966721
0.29,-0.7,-0.7,-1.15128818,-28.99,-1.583938602,231.5631865,-0.9778105842,0.4494148709
0.291,-0.79,-0.79,-1.303494612,-32.19,-1.721921151,222.8095787,-1.183974337,0.4485689928
0.292,-0.93,-0.93,-1.542154886,-37.41,-1.93352497,213.7351713,-1.406426096,0.4617297845
0.293,-1.07,-1.07,-1.783121766,-42.77,-2.134478977,207.9104389,-1.554248343,0.4833975546
0.294,-1.16,-1.16,-1.939247075,-46.05,-2.249829309,206.5550627,-1.589239379,0.5051347691
0.295,-1.17,-1.17,-1.956653174,-46.44,-2.26317747,209.3843817,-1.516454311,0.5176835436
0.296,-1.12,-1.12,-1.869740365,-44.97,-2.212462562,212.0801613,-1.448013832,0.5107915374
0.297,-1.07,-1.07,-1.783121766,-43.07,-2.145262831,213.5506206,-1.411047574,0.5013965494
0.298,-1.02,-1.02,-1.696797377,-41.41,-2.08498816,215.5093774,-1.362199294,0.4922266048
0.299,-0.96,-0.96,-1.593596467,-39.46,-2.012268357,220.7592385,-1.233434072,0.4909866207
0.3,-0.92,-0.92,-1.525031229,-38.06,-1.958751168,228.8711577,-1.040371157,0.5084925066
0.301,-0.94,-0.94,-1.559290311,-39.15,-2.00051341,235.1837808,-0.8948081463,0.5385551418
0.302,-1.04,-1.04,-1.731291827,-42.79,-2.135199388,237.6527374,-0.8389366679,0.58211588
0.303,-1.11,-1.11,-1.852393108,-45.58,-2.233640897,237.6155492,-0.8397739085,0.6027149686
0.304,-1.07,-1.07,-1.783121766,-44.22,-2.186161207,239.178897,-0.8046898546,0.5961920969
0.305,-0.93,-0.93,-1.542154886,-39.42,-2.010754615,243.266171,-0.7140373005,0.5659716168
0.306,-0.78,-0.78,-1.286535713,-34.34,-1.811052112,247.6849409,-0.6177301256,0.529704019
0.307,-0.69,-0.69,-1.134435196,-31.24,-1.681631171,245.6755918,-0.661309117,0.4841929613
0.308,-0.65,-0.65,-1.067140945,-29.84,-1.621223509,235.073605,-0.8973150327,0.4237143595
0.309,-0.63,-0.63,-1.03356443,-29.1,-1.588789859,227.6990232,-1.067840902,0.3890508403
0.31,-0.63,-0.63,-1.03356443,-29.03,-1.585703598,228.0664272,-1.059215361,0.3907735721
0.311,-0.62,-0.62,-1.016793825,-28.79,-1.575098129,232.8572529,-0.9479959051,0.4029948195
0.312,-0.56,-0.56,-0.9164173312,-26.32,-1.463765073,237.3469796,-0.8458242691,0.396787998
0.313,-0.41,-0.41,-0.6673296202,-20.31,-1.175625491,241.9417847,-0.7432432703,0.3477724135
0.314,-0.28,-0.28,-0.4535954528,-14.96,-0.8974163772,249.3442984,-0.5820074956,0.3066027669
0.315,-0.26,-0.26,-0.4208897992,-14.15,-0.8534295104,255.0519542,-0.4609230829,0.3202259434
0.316,-0.34,-0.34,-0.5519948552,-17.67,-1.04098144,256.3271687,-0.4342406803,0.3741774527
0.317,-0.55,-0.55,-0.899729105,-26.61,-1.477045032,259.2811247,-0.3729389606,0.486344265
0.318,-0.71,-0.71,-1.168152932,-33.64,-1.782341839,254.1961975,-0.478903719,0.5165971152
0.319,-0.69,-0.69,-1.134435196,-32.72,-1.744155528,244.2526514,-0.6923861268,0.465592367
0.32,-0.46,-0.46,-0.7500646472,-24.25,-1.367332459,241.2513482,-0.7585325507,0.3528279753
0.321,-0.03,-0.03,-0.0481581978,-5.28,-0.3378816095,248.5687175,-0.5986745073,0.05142051494
0.322,0.36,0.36,0.5696369568,7.55,0.5262015464,252.2828799,-0.5193251227,82.83913018
0.323,0.57,0.57,0.8948817942,13.17,0.9526555674,255.7990567,-0.4452746809,1.763727838
0.324,0.63,0.63,0.9868556502,14.89,1.089358412,258.6373304,-0.3862395156,1.403540219
0.325,0.57,0.57,0.8948817942,13.51,0.9794444752,260.372532,-0.3504661563,1.422754596
0.326,0.47,0.47,0.7406505622,10.93,0.7790117743,262.3210618,-0.3105778431,1.581120651
0.327,0.39,0.39,0.6164182518,9.06,0.6377907968,264.531056,-0.2656941352,1.656607853
0.328,0.26,0.26,0.4129343608,5.62,0.3867063448,266.6335333,-0.2233407382,2.527670111
0.329,0.02,0.02,0.0320466232,-0.56,-0.03698152532,270.4863092,-0.1465880185,-0.1745748371
0.33,-0.22,-0.22,-0.3556197128,-9.26,-0.5770373704,272.1765298,-0.1132608439,0.5151682352
0.331,-0.38,-0.38,-0.6178298248,-14.55,-0.875214026,269.1335084,-0.1734124571,0.5891800701
0.332,-0.41,-0.41,-0.6673296202,-15.45,-0.9237833285,269.1870934,-0.1723473686,0.6088047912
0.333,-0.41,-0.41,-0.6673296202,-15.7,-0.9371658512,273.589815,-0.08555267574,0.6525056529
0.334,-0.58,-0.58,-0.9498290888,-21.37,-1.228273985,282.5418272,0.08669935441,0.8320341597
0.335,-0.99,-0.99,-1.645143964,-34.86,-1.832188857,290.0202514,0.2264635696,1.02454883
0.336,-1.45,-1.45,-2.448801905,-49.71,-2.372139063,285.5781535,0.1438862202,1.098978472
0.337,-1.79,-1.79,-3.058814972,-60.91,-2.708581485,276.7540644,-0.02403143015,1.119373679
0.338,-1.96,-1.96,-3.368923107,-66.56,-2.859327706,261.0794778,-0.3359598841,1.054341123
0.339,-2.04,-2.04,-3.516033187,-68.87,-2.917776295,245.716509,-0.660418149,0.9826277589
0.34,-2.15,-2.15,-3.719539345,-72.67,-3.01027816,238.551305,-0.8187464043,0.9714064985
0.341,-2.24,-2.24,-3.887103539,-75.46,-3.075529277,239.0508783,-0.8075541697,1.001035283
0.342,-2.27,-2.27,-3.943170102,-76.49,-3.099089112,242.6207981,-0.7282494418,1.030264255
0.343,-2.26,-2.26,-3.924469479,-76.1,-3.090200805,234.5465928,-0.909322677,0.9812342638
0.344,-2.15,-2.15,-3.719539345,-73.09,-3.020239435,212.3754493,-1.440569986,0.833826105
0.345,-2.04,-2.04,-3.516033187,-69.82,-2.941315025,203.4074388,-1.671393812,0.762249106
0.346,-1.96,-1.96,-3.368923107,-67.19,-2.875442418,203.6637181,-1.664657426,0.7420372289
0.347,-1.96,-1.96,-3.368923107,-67.39,-2.880530545,208.3937827,-1.541825261,0.7617937712
0.348,-2.04,-2.04,-3.516033187,-69.84,-2.941807541,213.9895854,-1.40006165,0.8097971248
0.349,-2.08,-2.08,-3.589870669,-71.17,-2.9742845,219.0373873,-1.27532594,0.8447528826
0.35,-2.08,-2.08,-3.589870669,-71.35,-2.978638763,222.1132134,-1.20072132,0.8589522314
0.351,-2.11,-2.11,-3.645372348,-72.16,-2.998114182,221.974584,-1.204061504,0.8674964164
0.352,-2.15,-2.15,-3.719539345,-73.59,-3.032032904,220.0570887,-1.250477471,0.8685418175
0.353,-2.16,-2.16,-3.738110515,-74.06,-3.04305502,216.4657625,-1.338509649,0.8531451199
0.354,-2.15,-2.15,-3.719539345,-73.58,-3.031797723,212.6051707,-1.43478615,0.832748125
0.355,-2.1,-2.1,-3.62686002,-72.19,-2.998831796,209.9651838,-1.501634725,0.805885346
0.356,-2.07,-2.07,-3.571393646,-71.39,-2.979605064,208.0686722,-1.550178194,0.7884248412
0.357,-2.21,-2.21,-3.831142892,-75.92,-3.086085252,203.8292653,-1.660310467,0.8071688747
0.358,-2.42,-2.42,-4.225091649,-83.01,-3.242298582,199.2457918,-1.781988253,0.8409336065
0.359,-2.47,-2.47,-4.319653918,-84.63,-3.276458879,193.5358711,-1.937546573,0.8284713082
0.36,-2.23,-2.23,-3.868438222,-77.66,-3.125522543,188.6552188,-2.07419502,0.7439708359
0.361,-1.77,-1.77,-3.022555262,-64.11,-2.795368408,185.5639203,-2.162586132,0.6096375506
0.362,-1.38,-1.38,-2.324899745,-52.24,-2.452940514,185.5629659,-2.162613649,0.5037097741
0.363,-1.2,-1.2,-2.00894208,-46.57,-2.267609861,188.0147675,-2.092388228,0.4607667341
0.364,-1.15,-1.15,-1.921852745,-44.76,-2.205127484,193.9426802,-1.926312768,0.4651774268
0.365,-1.19,-1.19,-1.991500676,-46.23,-2.25599952,199.1559194,-1.784401985,0.4928967267
0.366,-1.35,-1.35,-2.271975345,-51.76,-2.437838289,203.9879465,-1.656147109,0.554954433
0.367,-1.61,-1.61,-2.734172228,-61.18,-2.716052075,206.0708119,-1.601796724,0.633225561
0.368,-1.85,-1.85,-3.167876545,-69.67,-2.937617192,205.9663154,-1.604510344,0.697443328
0.369,-1.93,-1.93,-3.313951006,-72.34,-3.002415946,206.0191071,-1.603139249,0.7195551602
0.37,-1.81,-1.81,-3.095121756,-68.99,-2.920765311,204.0833103,-1.653646585,0.6766163228
0.371,-1.57,-1.57,-2.662547206,-61.78,-2.732554106,202.5381016,-1.694308024,0.6014524798
0.372,-1.35,-1.35,-2.271975345,-54.9,-2.534758516,200.7982571,-1.740464169,0.5314285388
0.373,-1.23,-1.23,-2.061336902,-51.14,-2.418174768,200.4781923,-1.748998671,0.4946606932
0.374,-1.19,-1.19,-1.991500676,-49.98,-2.380904825,204.075113,-1.65386148,0.4935851362
0.375,-1.2,-1.2,-2.00894208,-50.12,-2.385436447,211.9064847,-1.452396848,0.5234573588
0.376,-1.19,-1.19,-1.991500676,-50.03,-2.382524325,218.7649529,-1.281984306,0.5434564022
0.377,-1.16,-1.16,-1.939247075,-49.06,-2.350893876,224.2352898,-1.149849885,0.5539528762
0.378,-1.1,-1.1,-1.83505762,-47.09,-2.28525493,227.8915797,-1.063318522,0.5480117568
0.379,-1.03,-1.03,-1.714038718,-44.92,-2.210718174,229.1745177,-1.033284633,0.5283715274
0.38,-1.01,-1.01,-1.679567804,-44.08,-2.181219309,228.8900691,-1.039929111,0.5214189429
0.381,-1.03,-1.03,-1.714038718,-45.02,-2.214205664,227.461383,-1.073427396,0.5213594968
0.382,-1.06,-1.06,-1.765833351,-46.22,-2.255657159,226.3396725,-1.099875829,0.5262452664
0.383,-1.05,-1.05,-1.748556705,-45.65,-2.236059045,229.037009,-1.036495688,0.5343093845
0.384,-0.97,-0.97,-1.610767198,-43.03,-2.143827743,234.657414,-0.9067954471,0.5280125068
0.385,-0.85,-0.85,-1.405495145,-39.3,-2.006208015,239.0241071,-0.8081533473,0.4994010947
0.386,-0.73,-0.73,-1.201917742,-35.16,-1.844309623,240.3703995,-0.7781042614,0.4583249612
0.387,-0.6,-0.6,-0.98328792,-30.38,-1.644670562,242.6019104,-0.7286659473,0.4143061534
0.388,-0.47,-0.47,-0.7666469578,-25.64,-1.432405519,245.3018554,-0.6694540538,0.3647469925
0.389,-0.39,-0.39,-0.6343179882,-22.64,-1.290306744,246.1442834,-0.6511122909,0.3267290455
0.39,-0.39,-0.39,-0.6343179882,-22.47,-1.282068703,247.7401258,-0.6165382624,0.3340965244
0.391,-0.44,-0.44,-0.7169353312,-24.96,-1.40073495,251.1461126,-0.5434862884,0.3687519286
0.392,-0.47,-0.47,-0.7666469578,-26.18,-1.457333993,255.9464007,-0.4421938894,0.4035986863
0.393,-0.38,-0.38,-0.6178298248,-22.64,-1.290306744,261.8979023,-0.3192150881,0.3838592385
0.394,-0.21,-0.21,-0.3393316122,-15.61,-0.9323535792,266.904607,-0.2179044095,0.2950047863
0.395,-0.01,-0.01,-0.0160409642,-5.96,-0.3796700283,265.1799605,-0.2525864582,0.02537097609
0.396,0.22,0.22,0.3499238072,3.24,0.2194440285,265.678616,-0.242535541,-15.15378461
0.397,0.46,0.46,0.7251627128,9.5,0.6707161892,269.7071637,-0.1620211234,1.425535181
0.398,0.66,0.66,1.032683705,14.87,1.087751843,273.8899761,-0.07968629791,1.02442119
0.399,0.75,0.75,1.169532375,16.53,1.222470909,276.7793846,-0.02354198085,0.9754809874
0.4,0.75,0.75,1.169532375,16.46,1.216733581,279.2486882,0.02397670216,0.9426313228
0.401,0.79,0.79,1.230048028,17.31,1.286739346,281.9160475,0.07483691876,0.903400022
0.402,0.9,0.9,1.39549518,19.36,1.45863237,281.2671458,0.06250833469,0.9174004585
0.403,0.96,0.96,1.485138893,20.45,1.55180694,277.7558159,-0.004701292118,0.9599466557
0.404,0.89,0.89,1.380513372,19.19,1.444212368,276.7871485,-0.02339191056,0.9716311197
0.405,0.72,0.72,1.124022067,16.3,1.203638408,278.5424101,0.01042829723,0.9258322155
0.406,0.58,0.58,0.9102401912,13.45,0.9747086845,280.3477119,0.04499107732,0.8926550984
0.407,0.51,0.51,0.8024842758,11.8,0.8458692314,282.6984874,0.08966493165,0.8577819042
0.408,0.48,0.48,0.7561266432,11.14,0.795082191,283.674074,0.1080958872,0.8371844505
0.409,0.44,0.44,0.6941517088,10.24,0.7265104923,281.4927808,0.06679843101,0.8750080686
0.41,0.38,0.38,0.6008362552,8.63,0.6057927298,279.8882139,0.03621507962,0.9358706333
0.411,0.29,0.29,0.4600687078,6.55,0.4534886908,281.6466131,0.06972134088,0.8793193555
0.412,0.19,0.19,0.3025423238,4.2,0.286285154,280.0423263,0.03916009266,0.9296258799
0.413,0.08,0.08,0.1279040512,1.66,0.1112559608,275.2878938,-0.05244967322,2.17500639
0.414,-0.02,-0.02,-0.0320936968,-1.38,-0.09063656521,270.0608996,-0.1550088996,0.1306504756
0.415,-0.14,-0.14,-0.2256444232,-5.37,-0.3434346626,270.5450627,-0.145426048,0.461572015
0.416,-0.3,-0.3,-0.48634818,-10.75,-0.6632546824,273.5010948,-0.08728786583,0.6479954816
0.417,-0.54,-0.54,-0.8830526472,-18.69,-1.09360443,273.0132381,-0.09683943281,0.7417843672
0.418,-0.88,-0.88,-1.456654285,-29.41,-1.602419676,273.0701627,-0.09572404649,0.8577921087
0.419,-1.24,-1.24,-2.078825379,-40.9,-2.066171118,273.7221838,-0.0829648536,0.9672842511
0.42,-1.54,-1.54,-2.608952007,-50.22,-2.388667655,272.7807481,-0.1013972757,1.047744569
0.421,-1.73,-1.73,-2.950177062,-56.29,-2.576285143,271.6328919,-0.1239574737,1.092559996
0.422,-1.84,-1.84,-3.149670195,-59.7,-2.674756488,268.7814543,-0.1804153842,1.103145568
0.423,-1.92,-1.92,-3.295650509,-62.49,-2.751906617,268.7676889,-0.1806893879,1.123799699
0.424,-2.05,-2.05,-3.534474905,-66.55,-2.859070843,269.2319711,-0.1714555139,1.166290766
0.425,-2.23,-2.23,-3.868438222,-72.07,-2.995959763,269.4948129,-0.1662350438,1.223339629
0.426,-2.41,-2.41,-4.2062145,-78.1,-3.13537541,268.9995254,-0.1760765155,1.270202496
0.427,-2.57,-2.57,-4.509661086,-83.16,-3.245483348,260.3254293,-0.3514340863,1.253757187
0.428,-2.68,-2.68,-4.720028221,-86.71,-3.319596321,252.361072,-0.5176672116,1.230050577
0.429,-2.75,-2.75,-4.854639625,-88.99,-3.366029317,245.3044954,-0.6693964746,1.20300555
0.43,-2.8,-2.8,-4.95114368,-90.32,-3.392740913,232.9069494,-0.946854229,1.140922947
0.431,-2.81,-2.81,-4.970479796,-90.84,-3.403114974,223.5982826,-1.165069783,1.088064529
0.432,-2.81,-2.81,-4.970479796,-90.81,-3.402517497,223.0635663,-1.177879178,1.085163611
0.433,-2.82,-2.82,-4.989827681,-91.13,-3.408884206,218.9724588,-1.276912056,1.064883619
0.434,-2.86,-2.86,-5.067336903,-92.37,-3.433426305,211.1968805,-1.470342279,1.033355636
0.435,-2.91,-2.91,-5.16448822,-94.07,-3.466761943,207.9702637,-1.552709139,1.02889092
0.436,-2.95,-2.95,-5.242421105,-95.36,-3.491840255,209.029611,-1.525526779,1.044855014
0.437,-2.92,-2.92,-5.183953789,-94.55,-3.47611418,208.3971174,-1.541739654,1.033101792
0.438,-2.74,-2.74,-4.835374119,-89.21,-3.37046598,205.2942408,-1.621996109,0.9685349697
0.439,-2.46,-2.46,-4.300717927,-81.05,-3.20025567,201.5219512,-1.721216975,0.8738680955
0.44,-2.25,-2.25,-3.905780625,-74.91,-3.062834544,200.8636924,-1.738721019,0.8134406807
0.441,-2.18,-2.18,-3.775288161,-72.96,-3.017161559,201.4683606,-1.722639888,0.7965076604
0.442,-2.21,-2.21,-3.831142892,-73.76,-3.036026711,201.6592834,-1.717572326,0.8059457396
0.443,-2.17,-2.17,-3.756693454,-72.62,-3.009088933,201.8334765,-1.712952995,0.7955654591
0.444,-2.03,-2.03,-3.497603238,-68.56,-2.910033422,201.3199219,-1.726583135,0.7543438614
0.445,-1.92,-1.92,-3.295650509,-65.14,-2.822511737,199.8377798,-1.766116197,0.7182213411
0.446,-1.9,-1.9,-3.25908482,-64.47,-2.804898025,199.7193315,-1.769288203,0.7124950006
0.447,-1.93,-1.93,-3.313951006,-65.7,-2.837113405,200.7505356,-1.741735796,0.7237519429
0.448,-1.96,-1.96,-3.368923107,-66.47,-2.857014727,202.69903,-1.690058825,0.740899189
0.449,-1.93,-1.93,-3.313951006,-65.76,-2.838671442,205.4033408,-1.619153699,0.7434008515
0.45,-1.88,-1.88,-3.222566205,-64.02,-2.792978784,205.3638941,-1.62018124,0.7302173925
0.451,-1.82,-1.82,-3.113292801,-62.43,-2.750278461,202.4414478,-1.696861723,0.7000662611
0.452,-1.83,-1.83,-3.131475614,-62.72,-2.758135543,202.5646238,-1.693607494,0.7034268573
0.453,-1.87,-1.87,-3.20432455,-63.9,-2.789788106,203.8509017,-1.659742596,0.7201488796
0.454,-1.93,-1.93,-3.313951006,-65.98,-2.844373667,201.623295,-1.718527181,0.7262816169
0.455,-2.05,-2.05,-3.534474905,-69.74,-2.939343718,197.6371166,-1.825358523,0.7418039419
0.456,-2.18,-2.18,-3.775288161,-74.19,-3.046092902,193.4358335,-1.940312674,0.7571161438
0.457,-2.3,-2.3,-3.99934258,-78.21,-3.137831261,193.5902495,-1.936043579,0.7882225529
0.458,-2.34,-2.34,-4.074403975,-79.37,-3.16355341,200.5816516,-1.746238447,0.829852689
0.459,-2.27,-2.27,-3.943170102,-77.42,-3.120128207,205.7424504,-1.610328428,0.8335707113
0.46,-2.19,-2.19,-3.793894636,-75.13,-3.067922116,204.0801454,-1.653729552,0.8035100645
0.461,-2.15,-2.15,-3.719539345,-73.97,-3.040949143,198.0312876,-1.814699015,0.7660232423
0.462,-2.17,-2.17,-3.756693454,-74.45,-3.052154758,192.5362246,-1.96525187,0.7487321105
0.463,-2.21,-2.21,-3.831142892,-75.69,-3.080814204,192.2730483,-1.972569744,0.7581341397
0.464,-2.23,-2.23,-3.868438222,-76.34,-3.095675163,196.7560962,-1.849260896,0.7823029813
0.465,-2.2,-2.2,-3.81251288,-75.46,-3.075529277,203.8212906,-1.660519787,0.8049986028
0.466,-2.1,-2.1,-3.62686002,-72.73,-3.011704286,209.0041147,-1.526179384,0.7992404134
0.467,-1.97,-1.97,-3.387270678,-68.64,-2.912034524,207.5135097,-1.564471979,0.7566772605
0.468,-1.83,-1.83,-3.131475614,-64.47,-2.804898025,204.2295012,-1.649815592,0.7029577841
0.469,-1.71,-1.71,-2.914058572,-60.92,-2.708858671,203.3876204,-1.671915098,0.6651926636
0.47,-1.6,-1.6,-2.71624832,-57.64,-2.615837232,204.7187612,-1.637014257,0.6386887309
0.471,-1.49,-1.49,-2.519862044,-54.11,-2.51078581,210.282756,-1.493548968,0.62928356
0.472,-1.35,-1.35,-2.271975345,-49.92,-2.378959864,222.2435266,-1.19758341,0.635243354
0.473,-1.21,-1.21,-2.026395252,-45.39,-2.227064769,236.3635775,-0.8680370256,0.6547103735
0.474,-1.1,-1.1,-1.83505762,-41.67,-2.094526705,244.6256537,-0.6842222849,0.6603898469
0.475,-1.04,-1.04,-1.731291827,-39.86,-2.02735664,241.0235142,-0.7635873941,0.6203248097
0.476,-1.05,-1.05,-1.748556705,-39.98,-2.031865753,234.1772624,-0.9177537316,0.5928075517
0.477,-1.07,-1.07,-1.783121766,-40.7,-2.058753072,233.1777109,-0.9406383002,0.5944945305
0.478,-1.06,-1.06,-1.765833351,-40.49,-2.050940481,237.1034768,-0.8513158436,0.6084346638
0.479,-1.02,-1.02,-1.696797377,-39.1,-1.9986124,237.8227345,-0.8351110893,0.5987872081
0.48,-0.96,-0.96,-1.593596467,-37.01,-1.917880312,227.9233201,-1.062573432,0.5346825028
0.481,-0.89,-0.89,-1.473730868,-34.78,-1.828947586,220.5455227,-1.238615885,0.4804239202
0.482,-0.83,-0.83,-1.371447894,-32.6,-1.739136492,222.6130283,-1.188695896,0.4684174885
0.483,-0.77,-0.77,-1.269588582,-30.33,-1.642507322,225.545835,-1.118672781,0.4597992649
0.484,-0.7,-0.7,-1.15128818,-27.85,-1.533200271,229.8592966,-1.01732254,0.4513930146
0.485,-0.64,-0.64,-1.050346803,-25.33,-1.418006195,231.5697732,-0.9776584082,0.4384364998
0.486,-0.58,-0.58,-0.9498290888,-23.23,-1.318741538,232.0913053,-0.965622902,0.4157957776
0.487,-0.54,-0.54,-0.8830526472,-21.63,-1.241065966,232.2368168,-0.962269729,0.4007798944
0.488,-0.52,-0.52,-0.8497350368,-20.78,-1.19906837,233.3316327,-0.9371079028,0.3977832015
0.489,-0.57,-0.57,-0.9331173258,-22.66,-1.2912746,239.1388096,-0.8055866121,0.4450067179
0.49,-0.78,-0.78,-1.286535713,-29.84,-1.621223509,244.566583,-0.6855143246,0.5577294889
0.491,-1.1,-1.1,-1.83505762,-41.24,-2.078731569,244.4695676,-0.6876370002,0.6633453113
0.492,-1.36,-1.36,-2.289605043,-50.33,-2.392216543,244.9979731,-0.6760857931,0.7462123326
0.493,-1.36,-1.36,-2.289605043,-50.24,-2.389313331,243.0752827,-0.7182370346,0.7367877504
0.494,-1.11,-1.11,-1.852393108,-42.26,-2.116036381,239.7264862,-0.7924552737,0.6368913265
0.495,-0.83,-0.83,-1.371447894,-32.83,-1.748748536,238.5102395,-0.8196674619,0.5339664193
0.496,-0.71,-0.71,-1.168152932,-28.54,-1.564011148,238.0142607,-0.8308042972,0.487784115
0.497,-0.73,-0.73,-1.201917742,-29.19,-1.59275327,237.0253398,-0.8530792181,0.4914145788
0.498,-0.71,-0.71,-1.168152932,-28.69,-1.570668195,235.4411566,-0.8889565193,0.4749313689
0.499,-0.58,-0.58,-0.9498290888,-23.55,-1.334062883,232.3914323,-0.9587090622,0.4142710707
0.5,-0.42,-0.42,-0.6838530888,-17.19,-1.015952553,230.478464,-1.002930728,0.3387283927
0.501,-0.42,-0.42,-0.6838530888,-16.9,-1.000748161,229.4809793,-1.02613517,0.3373914414
0.502,-0.61,-0.61,-1.000034988,-23.62,-1.337405003,230.4779819,-1.002941918,0.4273020291
0.503,-0.91,-0.91,-1.50791934,-33.64,-1.782341839,231.4457692,-0.9805240626,0.5457808644
0.504,-1.16,-1.16,-1.939247075,-41.92,-2.103663878,232.4207206,-0.9580348448,0.6333892556
0.505,-1.29,-1.29,-2.166444292,-46.47,-2.264201082,233.6357606,-0.9301391758,0.6782133766
0.506,-1.36,-1.36,-2.289605043,-48.63,-2.336727903,234.500566,-0.9103726496,0.7051229262
0.507,-1.4,-1.4,-2.36024152,-50.16,-2.386729496,235.970622,-0.8769388279,0.7231866984
0.508,-1.47,-1.47,-2.484308438,-52.34,-2.456073599,237.3739488,-0.8452163949,0.7525265707
0.509,-1.56,-1.56,-2.644670371,-55.3,-2.546793344,238.2043781,-0.8265326109,0.7839949079
0.51,-1.65,-1.65,-2.805985545,-58.35,-2.636337365,237.8424405,-0.8346678046,0.8084071926
0.511,-1.71,-1.71,-2.914058572,-60.4,-2.694393962,234.9726584,-0.8996129525,0.8108105081
0.512,-1.72,-1.72,-2.932111933,-60.78,-2.704974573,235.775378,-0.8813672925,0.8175773651
0.513,-1.69,-1.69,-2.877987156,-59.84,-2.678699315,239.1042497,-0.8063598408,0.8258072611
0.514,-1.65,-1.65,-2.805985545,-58.49,-2.640355486,239.4383666,-0.7988891355,0.8158726273
0.515,-1.55,-1.55,-2.626805305,-55.59,-2.555475594,239.6797373,-0.7934986759,0.7843611487
0.516,-1.39,-1.39,-2.342564748,-50.59,-2.400582225,242.0024736,-0.7419014377,0.7454500961
0.517,-1.23,-1.23,-2.061336902,-45.29,-2.223596247,245.1380859,-0.673027036,0.7116344447
0.518,-1.12,-1.12,-1.869740365,-41.74,-2.097088518,246.0350928,-0.653486099,0.6797635496
0.519,-1.11,-1.11,-1.852393108,-41.35,-2.082781747,245.5571937,-0.6638880562,0.6744141965
0.52,-1.14,-1.14,-1.904470183,-42.57,-2.127263144,246.5846212,-0.6415500028,0.687829074
0.521,-1.15,-1.15,-1.921852745,-42.85,-2.137359345,245.2222613,-0.6711902706,0.6842865564
0.522,-1.13,-1.13,-1.88709939,-42.27,-2.116399338,243.3815919,-0.711499523,0.6673150217
0.523,-1.11,-1.11,-1.852393108,-41.48,-2.087559837,243.0267912,-0.7193044223,0.6599510831
0.524,-1.1,-1.1,-1.83505762,-41.04,-2.071350716,240.2292102,-0.78124768,0.6432933646
0.525,-1.09,-1.09,-1.8177339,-41.01,-2.070241704,236.4059121,-0.8670788846,0.6188408262
0.526,-1.1,-1.1,-1.83505762,-41.32,-2.081677806,233.7929,-0.9265420657,0.6100144598
0.527,-1.12,-1.12,-1.869740365,-42.02,-2.107309305,230.3270758,-1.006445993,0.600477618
0.528,-1.16,-1.16,-1.939247075,-43.34,-2.15492753,226.7572487,-1.090014658,0.5976214561
0.529,-1.22,-1.22,-2.043860193,-45.37,-2.226371474,223.6914572,-1.162840875,0.6030487272
0.53,-1.29,-1.29,-2.166444292,-47.85,-2.31080256,221.7119036,-1.210396338,0.6152575742
0.531,-1.37,-1.37,-2.30724651,-50.37,-2.393505636,221.0567653,-1.2262285,0.6374077275
0.532,-1.44,-1.44,-2.431066291,-52.79,-2.470116445,219.6483757,-1.260423291,0.6516661029
0.533,-1.51,-1.51,-2.555462724,-55.15,-2.542288365,211.3245682,-1.467108693,0.6373683343
0.534,-1.58,-1.58,-2.680435809,-57.57,-2.613804938,200.3674422,-1.751954987,0.6139677524
0.535,-1.64,-1.64,-2.788014563,-59.78,-2.677010475,194.0634931,-1.922981123,0.6060912295
0.536,-1.69,-1.69,-2.877987156,-61.26,-2.718260238,195.4870431,-1.883879515,0.6253584877
0.537,-1.7,-1.7,-2.89601698,-61.84,-2.734196827,199.3120421,-1.780209644,0.6415055885
0.538,-1.7,-1.7,-2.89601698,-61.74,-2.731458205,202.4853308,-1.695702136,0.6541477508
0.539,-1.69,-1.69,-2.877987156,-61.46,-2.723769997,205.870238,-1.60700655,0.664542981
0.54,-1.68,-1.68,-2.859969101,-61.16,-2.715499653,209.4932939,-1.513672208,0.6762480208
0.541,-1.66,-1.66,-2.823968295,-60.67,-2.701917495,212.1854809,-1.445357666,0.6809213725
0.542,-1.65,-1.65,-2.805985545,-60.08,-2.685440571,209.3379305,-1.517641322,0.6676019206
0.543,-1.64,-1.64,-2.788014563,-59.9,-2.680386743,204.8317716,-1.634061724,0.6462041636
0.544,-1.66,-1.66,-2.823968295,-60.64,-2.701082938,204.6076526,-1.639918691,0.6505338023
0.545,-1.71,-1.71,-2.914058572,-62.38,-2.748920643,207.8826672,-1.554963018,0.6770765201
0.546,-1.79,-1.79,-3.058814972,-64.97,-2.818057509,210.0277747,-1.500040123,0.7083709617
0.547,-1.85,-1.85,-3.167876545,-67.14,-2.874168314,210.1113221,-1.497912358,0.7245695546
0.548,-1.85,-1.85,-3.167876545,-67.29,-2.877988138,208.1014358,-1.549335822,0.7155285165
0.549,-1.78,-1.78,-3.040679233,-65.13,-2.822250003,204.448215,-1.644089229,0.6807989889
0.55,-1.64,-1.64,-2.788014563,-60.83,-2.706362615,206.6011643,-1.588045431,0.6492197605
0.551,-1.49,-1.49,-2.519862044,-56.22,-2.574213526,213.8757507,-1.402908412,0.6335893351
0.552,-1.4,-1.4,-2.36024152,-53.46,-2.490856045,218.8301683,-1.28038967,0.6258519593
0.553,-1.39,-1.39,-2.342564748,-53.15,-2.481285067,222.6525669,-1.187745759,0.6384696285
0.554,-1.45,-1.45,-2.448801905,-55.34,-2.547993038,222.1292977,-1.200333915,0.6533053107
0.555,-1.53,-1.53,-2.591110478,-58.03,-2.627123284,223.4913822,-1.167628184,0.6828142765
0.556,-1.56,-1.56,-2.644670371,-58.98,-2.6543568,229.319247,-1.029907043,0.7178287127
0.557,-1.52,-1.52,-2.573280717,-57.89,-2.62307903,241.2947566,-0.7575700104,0.7611794912
0.558,-1.44,-1.44,-2.431066291,-55.41,-2.550090852,245.7777969,-0.6590838903,0.7575362784
0.559,-1.36,-1.36,-2.289605043,-52.76,-2.469183099,236.8922452,-0.8560841968,0.6885476684
0.56,-1.3,-1.3,-2.18400338,-50.88,-2.409875854,229.8982077,-1.016416957,0.6374246162
0.561,-1.23,-1.23,-2.061336902,-48.94,-2.346949549,229.3905832,-1.028243035,0.61073164
0.562,-1.12,-1.12,-1.869740365,-45.31,-2.224290361,232.3915148,-0.958707163,0.5874149605
0.563,-0.96,-0.96,-1.593596467,-39.97,-2.031490299,237.7730324,-0.8362292908,0.5557016358
0.564,-0.8,-0.8,-1.32046528,-34.4,-1.813499243,244.5798904,-0.6852232272,0.5284561593
0.565,-0.69,-0.69,-1.134435196,-30.75,-1.660629365,249.5102179,-0.5784486662,0.5066528189
0.566,-0.68,-0.68,-1.117593981,-30.3,-1.641208617,252.2533344,-0.5199517132,0.5171268254
0.567,-0.72,-0.72,-1.185029453,-31.91,-1.710104579,253.8432103,-0.486338109,0.5395221369
0.568,-0.74,-0.74,-1.218817799,-32.67,-1.742065339,253.6781263,-0.4898185529,0.5460937299
0.569,-0.68,-0.68,-1.117593981,-30.5,-1.649855876,252.1524951,-0.5220908246,0.5145586585
0.57,-0.55,-0.55,-0.899729105,-25.72,-1.436110971,250.7884832,-0.5511100605,0.452757439
0.571,-0.42,-0.42,-0.6838530888,-20.36,-1.17812692,251.3566608,-0.5390029979,0.3982535518
0.572,-0.31,-0.31,-0.5027421962,-16.08,-0.9574170638,249.9948099,-0.568068117,0.3295621632
0.573,-0.23,-0.23,-0.3719195818,-12.03,-0.7359107627,247.990096,-0.611142826,0.2760985791
0.574,-0.14,-0.14,-0.2256444232,-7.7,-0.4848495626,249.6327264,-0.5758224806,0.2127372213
0.575,-0.11,-0.11,-0.1770978682,-6.21,-0.3949363368,251.3471592,-0.5392052377,0.1895835418
0.576,-0.18,-0.18,-0.2905379208,-8.82,-0.5512358423,251.4752793,-0.536478858,0.2671085724
0.577,-0.35,-0.35,-0.568435945,-14.63,-0.8795562528,251.9590477,-0.5261968349,0.4043640024
0.578,-0.58,-0.58,-0.9498290888,-22.24,-1.270890974,251.137833,-0.5436626654,0.5234505435
0.579,-0.84,-0.84,-1.388465635,-31.17,-1.678640148,251.2346181,-0.5416012457,0.6253669709
0.58,-1.15,-1.15,-1.921852745,-41.36,-2.083149618,248.0429969,-0.6100016926,0.7136074149
0.581,-1.43,-1.43,-2.413342446,-50.62,-2.401545457,233.9719819,-0.922445614,0.7260375839
0.582,-1.62,-1.62,-2.752107905,-56.79,-2.591022532,219.5918246,-1.261800888,0.7143093791
0.583,-1.71,-1.71,-2.914058572,-59.83,-2.67841794,210.1696253,-1.496428006,0.698003857
0.584,-1.73,-1.73,-2.950177062,-60.5,-2.697183742,209.0882238,-1.524026826,0.6988936026
0.585,-1.7,-1.7,-2.89601698,-59.52,-2.669675806,213.0156717,-1.424466255,0.7073562512
0.586,-1.62,-1.62,-2.752107905,-57.02,-2.597766639,218.3000941,-1.293364741,0.7072770451
0.587,-1.5,-1.5,-2.5376565,-53.27,-2.484995045,225.2687945,-1.125248285,0.7029045601
0.588,-1.37,-1.37,-2.30724651,-49.45,-2.363665212,235.2401764,-0.8935254033,0.7083547701
0.589,-1.27,-1.27,-2.131361422,-46.22,-2.255657159,246.2768332,-0.648232067,0.733967881
0.59,-1.18,-1.18,-1.974071041,-43.27,-2.152425566,247.9725246,-0.6115219138,0.7142216179
0.591,-1.1,-1.1,-1.83505762,-40.49,-2.050940481,238.547267,-0.8188369663,0.6394424841
0.592,-1.03,-1.03,-1.714038718,-38.21,-1.964538269,229.2424086,-1.031699977,0.5720635601
0.593,-0.99,-0.99,-1.645143964,-36.77,-1.908449051,229.5679737,-1.024107412,0.5609931079
0.594,-0.97,-0.97,-1.610767198,-36.08,-1.881147249,236.3258136,-0.8688918667,0.5857251952
0.595,-0.95,-0.95,-1.576437505,-35.62,-1.862790943,236.4853827,-0.8652807221,0.5778578053
0.596,-0.94,-0.94,-1.559290311,-35.27,-1.848740485,225.9294715,-1.109580563,0.5270862378
0.597,-0.95,-0.95,-1.576437505,-35.45,-1.855975496,216.6101825,-1.334941467,0.494039025
0.598,-0.98,-0.98,-1.627949697,-36.4,-1.893843543,217.1329397,-1.322045575,0.5062207174
0.599,-1.02,-1.02,-1.696797377,-37.82,-1.949465083,223.6382334,-1.164113974,0.544966852
0.6,-1.05,-1.05,-1.748556705,-38.91,-1.991375735,229.3601645,-1.028952527,0.5789293591
0.601,-1.06,-1.06,-1.765833351,-39.11,-1.998992715,232.2666576,-0.9615823342,0.5964494472
0.602,-1.04,-1.04,-1.731291827,-38.51,-1.97607405,235.3590164,-0.8908233422,0.6038904049
0.603,-1.01,-1.01,-1.679567804,-37.56,-1.939367923,238.0503518,-0.8299931166,0.6064820657
0.604,-0.98,-0.98,-1.627949697,-36.6,-1.901748321,239.7002862,-0.7930400135,0.6041104142
0.605,-0.95,-0.95,-1.576437505,-35.35,-1.851958417,243.0371732,-0.7190758766,0.6131530447
0.606,-0.89,-0.89,-1.473730868,-33.33,-1.769532425,246.4391185,-0.6447078188,0.6104325664
0.607,-0.81,-0.81,-1.337447716,-30.4,-1.645535415,250.1560741,-0.564618105,0.6051379256
0.608,-0.7,-0.7,-1.15128818,-26.56,-1.474759377,254.4828895,-0.4728731871,0.5911218579
0.609,-0.6,-0.6,-0.98328792,-22.53,-1.28497855,257.8289816,-0.4029866658,0.5825285443
0.61,-0.54,-0.54,-0.8830526472,-20.09,-1.164597913,258.4247538,-0.3906385418,0.5677931768
0.611,-0.56,-0.56,-0.9164173312,-20.64,-1.192101881,258.3600073,-0.3919791155,0.5785167131
0.612,-0.65,-0.65,-1.067140945,-23.64,-1.338359275,258.5693387,-0.3876461316,0.6182720756
0.613,-0.79,-0.79,-1.303494612,-27.89,-1.534994891,257.7386392,-0.4048616169,0.6719541404
0.614,-0.92,-0.92,-1.525031229,-31.89,-1.709258677,256.0386403,-0.4402661697,0.7094736454
0.615,-1.03,-1.03,-1.714038718,-35.15,-1.843906461,253.5150787,-0.4932582851,0.7333837808
0.616,-1.12,-1.12,-1.869740365,-37.88,-1.951789693,252.7710457,-0.5089829089,0.7598184259
0.617,-1.21,-1.21,-2.026395252,-40.76,-2.06098079,252.7294045,-0.5098643356,0.7882214422
0.618,-1.33,-1.33,-2.236751254,-44.39,-2.192148375,251.5459556,-0.5349754702,0.8201869006
0.619,-1.49,-1.49,-2.519862044,-49.49,-2.364970979,248.630925,-0.5973357696,0.8506418336
0.62,-1.74,-1.74,-2.968253959,-56.99,-2.596888221,246.3313378,-0.6470481668,0.9150160805
0.621,-2.06,-2.06,-3.552928391,-67.08,-2.872638292,244.7379358,-0.6817672204,0.9995844252
0.622,-2.38,-2.38,-4.149653665,-77.24,-3.11607308,242.8576205,-0.7230298472,1.080891485
0.623,-2.58,-2.58,-4.528726529,-83.43,-3.251204542,240.7755859,-0.7690934911,1.126465374
0.624,-2.62,-2.62,-4.605105985,-84.7,-3.277923508,239.2612072,-0.8028490413,1.128488768
0.625,-2.61,-2.61,-4.585993468,-84.48,-3.273317267,236.7420352,-0.8594776317,1.1096591
0.626,-2.72,-2.72,-4.796878413,-87.77,-3.341288916,229.1642082,-1.03352531,1.096475911
0.627,-2.89,-2.89,-5.125592388,-93.16,-3.448960281,216.3441976,-1.341514998,1.069954877
0.628,-2.93,-2.93,-5.203431126,-94.55,-3.47611418,205.1611316,-1.625466079,1.019964572
0.629,-2.84,-2.84,-5.028558755,-91.91,-3.424345348,201.04899,-1.733787895,0.9748795772
0.63,-2.74,-2.74,-4.835374119,-89.17,-3.369659862,202.3319512,-1.699756216,0.9538325607
0.631,-2.76,-2.76,-4.873916899,-89.61,-3.378513914,201.5589091,-1.720235909,0.9559043036
0.632,-2.83,-2.83,-5.009187334,-91.79,-3.421971932,198.6714442,-1.79743248,0.9597239337
0.633,-2.79,-2.79,-4.931819332,-90.68,-3.399926988,195.1981045,-1.891792904,0.9319879799
0.634,-2.65,-2.65,-4.662514145,-86.73,-3.320007373,193.9509856,-1.926083665,0.8887596709
0.635,-2.54,-2.54,-4.452535367,-83.47,-3.252050889,194.9173413,-1.899493616,0.864310764
0.636,-2.51,-2.51,-4.395515564,-82.46,-3.230581945,194.7417632,-1.904314973,0.8560085302
0.637,-2.51,-2.51,-4.395515564,-82.46,-3.230581945,194.695218,-1.90559383,0.8557953926
0.638,-2.47,-2.47,-4.319653918,-81.36,-3.206959587,193.8307144,-1.929402288,0.8409948564
0.639,-2.39,-2.39,-4.168495508,-79.11,-3.15781572,190.5435263,-2.020911465,0.8049266469
0.64,-2.34,-2.34,-4.074403975,-77.49,-3.121703027,189.5426847,-2.049086731,0.7879655075
0.641,-2.34,-2.34,-4.074403975,-77.55,-3.123051906,190.3685389,-2.025826944,0.7913186723
0.642,-2.37,-2.37,-4.13082359,-78.68,-3.148291635,190.9803276,-2.008661179,0.8010202418
0.643,-2.4,-2.4,-4.18734912,-79.51,-3.166636425,192.4460749,-1.967757442,0.8155488706
0.644,-2.41,-2.41,-4.2062145,-79.83,-3.173666348,194.7573774,-1.903886032,0.8283941129
0.645,-2.42,-2.42,-4.225091649,-80.02,-3.177829281,195.2444806,-1.890521978,0.8336225002
0.646,-2.42,-2.42,-4.225091649,-80.01,-3.177610384,192.5807904,-1.964013664,0.8217426263
0.647,-2.39,-2.39,-4.168495508,-79.38,-3.163773776,191.2365051,-2.001489598,0.8070247742
0.648,-2.34,-2.34,-4.074403975,-77.85,-3.129782997,193.0051544,-1.952237569,0.8017291394
0.649,-2.27,-2.27,-3.943170102,-75.61,-3.078977548,194.5934534,-1.908390935,0.7906313952
0.65,-2.19,-2.19,-3.793894636,-73.25,-3.024021012,192.8223615,-1.957306892,0.7616231474
0.651,-2.12,-2.12,-3.663896445,-71.31,-2.977671984,191.43753,-1.995868713,0.7366776845
0.652,-2.08,-2.08,-3.589870669,-70,-2.945743207,188.1609548,-2.088230055,0.7131286723
0.653,-2.07,-2.07,-3.571393646,-69.78,-2.94032962,188.2463648,-2.085802134,0.7105650668
0.654,-2.09,-2.09,-3.60835946,-70.45,-2.956769967,192.9651605,-1.953346294,0.734882693
0.655,-2.11,-2.11,-3.645372348,-70.92,-2.96822081,198.006458,-1.815369852,0.7620577524
0.656,-2.09,-2.09,-3.60835946,-70.46,-2.957014301,199.845016,-1.765922477,0.764007572
0.657,-2.04,-2.04,-3.516033187,-68.94,-2.919520444,195.0075953,-1.897016941,0.7299918813
0.658,-1.98,-1.98,-3.405630017,-67.23,-2.876461104,188.5771636,-2.076409015,0.6876073741
0.659,-1.93,-1.93,-3.313951006,-65.54,-2.832952579,185.4056468,-2.167151271,0.6627764354
0.66,-1.83,-1.83,-3.131475614,-62.6,-2.754888108,187.569381,-2.105076831,0.6443411944
0.661,-1.74,-1.74,-2.968253959,-59.99,-2.682915241,191.3119297,-1.999379947,0.6339314034
0.662,-1.73,-1.73,-2.950177062,-59.49,-2.668827782,191.7796166,-1.986317136,0.6337454824
0.663,-1.74,-1.74,-2.968253959,-59.98,-2.682634453,191.8028179,-1.985669938,0.6358312807
0.664,-1.76,-1.76,-3.004443059,-60.58,-2.699412781,191.0467883,-2.006799716,0.6383993627
0.665,-1.78,-1.78,-3.040679233,-61.13,-2.714670734,184.7504033,-2.186092235,0.6204501731
0.666,-1.83,-1.83,-3.131475614,-62.78,-2.759757269,178.6388368,-2.366064344,0.6109216923
0.667,-1.92,-1.92,-3.295650509,-65.81,-2.83996886,174.5199984,-2.490862495,0.6182244925
0.668,-1.96,-1.96,-3.368923107,-67.1,-2.873148433,175.6175222,-2.457322693,0.6320122608
0.669,-1.91,-1.91,-3.27736178,-65.49,-2.831650508,181.1258094,-2.292096458,0.6396416142
0.67,-1.81,-1.81,-3.095121756,-62.4,-2.749463881,188.770015,-2.070940549,0.6420875677
0.671,-1.75,-1.75,-2.986342625,-60.73,-2.70358557,194.5897002,-1.908494123,0.6475045585
0.672,-1.79,-1.79,-3.058814972,-61.88,-2.735291223,195.9685899,-1.870716967,0.6640923866
0.673,-1.85,-1.85,-3.167876545,-63.81,-2.787391706,197.6076238,-1.826156946,0.6866463938
0.674,-1.89,-1.89,-3.240819628,-65.1,-2.821464592,202.9933496,-1.682296241,0.7195807567
0.675,-1.89,-1.89,-3.240819628,-65.09,-2.821202718,211.3792795,-1.465723774,0.7559774197
0.676,-1.86,-1.86,-3.186094663,-64.26,-2.799344687,219.4999351,-1.264040097,0.7840986844
0.677,-1.85,-1.85,-3.167876545,-63.95,-2.791118183,220.3309885,-1.243822596,0.7851110386
0.678,-1.84,-1.84,-3.149670195,-63.66,-2.783391229,217.8449748,-1.304530242,0.7704820696
0.679,-1.82,-1.82,-3.113292801,-62.87,-2.762187372,223.7915064,-1.160448546,0.7936736586
0.68,-1.76,-1.76,-3.004443059,-61.19,-2.716328229,232.3321597,-0.9600737798,0.8172237563
0.681,-1.64,-1.64,-2.788014563,-57.52,-2.612352067,230.2579266,-1.008052419,0.7700837223
0.682,-1.45,-1.45,-2.448801905,-51.55,-2.4311979,223.9041514,-1.157756312,0.6823162848
0.683,-1.23,-1.23,-2.061336902,-44.77,-2.205477289,220.094713,-1.249562833,0.5966173558
0.684,-1.08,-1.08,-1.800421949,-39.53,-2.014915252,222.7164046,-1.186212056,0.5624337228
0.685,-1,-1,-1.66235,-37.09,-1.921016643,223.2955026,-1.172319262,0.5373971825
0.686,-1.01,-1.01,-1.679567804,-37.29,-1.928841275,221.054549,-1.226282137,0.5323303036
0.687,-1.05,-1.05,-1.748556705,-38.68,-1.982588323,222.449744,-1.192621504,0.5506901276
0.688,-1.09,-1.09,-1.8177339,-40.02,-2.033367014,225.8538317,-1.11137201,0.5780237681
0.689,-1.13,-1.13,-1.88709939,-41.18,-2.076519604,229.1665478,-1.03347069,0.6067862634
0.69,-1.16,-1.16,-1.939247075,-42.31,-2.11785063,233.0075736,-0.9445433348,0.6332454602
0.691,-1.2,-1.2,-2.00894208,-43.44,-2.15849728,237.4530777,-0.8434332642,0.6692167091
0.692,-1.23,-1.23,-2.061336902,-44.56,-2.198120546,240.6587236,-0.771690786,0.6940969212
0.693,-1.27,-1.27,-2.131361422,-45.69,-2.237439725,240.3835461,-0.7778116607,0.7068602744
0.694,-1.3,-1.3,-2.18400338,-46.81,-2.275770505,239.698879,-0.7930714229,0.7116702103
0.695,-1.34,-1.34,-2.254357415,-47.94,-2.313809104,239.3278346,-0.8013594275,0.7236710927
0.696,-1.37,-1.37,-2.30724651,-49.06,-2.350893876,237.9804113,-0.8315652055,0.7249885862
0.697,-1.41,-1.41,-2.37793006,-50.18,-2.387375738,238.6300915,-0.8169797493,0.7420930886
0.698,-1.44,-1.44,-2.431066291,-51.3,-2.423266207,240.5149957,-0.7748869061,0.7601469365
0.699,-1.48,-1.48,-2.502079357,-52.42,-2.458576799,240.4250392,-0.7768882655,0.7733291218
0.7,-1.51,-1.51,-2.555462724,-53.54,-2.49331903,238.3190624,-0.8239574557,0.7703496333
0.701,-1.55,-1.55,-2.626805305,-54.66,-2.527504417,235.536315,-0.8867946451,0.7693541946
0.702,-1.58,-1.58,-2.680435809,-55.77,-2.560846497,232.0033963,-0.9676497015,0.7596538746
0.703,-1.62,-1.62,-2.752107905,-56.89,-2.593957459,231.3956094,-0.9816836615,0.7696823624
0.704,-1.65,-1.65,-2.805985545,-58,-2.626257331,232.7578744,-0.9502796597,0.7845537604
0.705,-1.69,-1.69,-2.877987156,-59.11,-2.658055301,234.2821201,-0.9153586934,0.8053886732
0.706,-1.72,-1.72,-2.932111933,-60.23,-2.689642433,236.5997445,-0.8626941441,0.8254037502
0.707,-1.75,-1.75,-2.986342625,-61.34,-2.720465965,236.8208951,-0.8576958165,0.83460246
0.708,-1.79,-1.79,-3.058814972,-62.45,-2.750821328,234.6007473,-0.9080875577,0.8359910202
0.709,-1.82,-1.82,-3.113292801,-63.55,-2.780452385,233.2806535,-0.9382769189,0.8371926394
0.71,-1.86,-1.86,-3.186094663,-64.66,-2.809909008,229.7263852,-1.020416961,0.8318077073
0.711,-1.89,-1.89,-3.240819628,-65.79,-2.839449996,225.7426701,-1.114005841,0.8197434755
0.712,-1.93,-1.93,-3.313951006,-66.95,-2.86931913,224.3292789,-1.147607883,0.8249965696
0.713,-1.96,-1.96,-3.368923107,-68.13,-2.899242218,224.0878145,-1.153369637,0.8312967606
0.714,-2,-2,-3.442384,-69.31,-2.928713725,226.3269735,-1.100176005,0.8544249733
0.715,-2.04,-2.04,-3.516033187,-70.5,-2.957991332,225.9866197,-1.108227467,0.8646935545
0.716,-2.07,-2.07,-3.571393646,-71.69,-2.986837183,219.8651524,-1.255145839,0.8419160631
0.717,-2.11,-2.11,-3.645372348,-72.97,-3.017398489,203.9560705,-1.656983187,0.779861937
0.718,-2.15,-2.15,-3.719539345,-74.16,-3.045392265,192.3015021,-1.971778076,0.7413619815
0.719,-2.17,-2.17,-3.756693454,-74.77,-3.059590231,196.3074187,-1.861474829,0.7633903247
0.72,-2.17,-2.17,-3.756693454,-74.93,-3.063297586,209.7269314,-1.507708943,0.8218525678
0.721,-2.18,-2.18,-3.775288161,-75.21,-3.069768935,218.2721646,-1.294049269,0.8651341519
0.722,-2.15,-2.15,-3.719539345,-74.15,-3.045158664,217.9141284,-1.302832186,0.8554616312
0.723,-1.99,-1.99,-3.424001124,-69.52,-2.933912345,213.6235513,-1.409220782,0.7883712113
0.724,-1.73,-1.73,-2.950177062,-61.65,-2.728990225,212.7424287,-1.431333299,0.7091220297
0.725,-1.46,-1.46,-2.466549287,-53.39,-2.4886986,211.2735317,-1.468400916,0.6233225313
0.726,-1.3,-1.3,-2.18400338,-48.58,-2.335074899,211.2026027,-1.470197325,0.5739414295
0.727,-1.29,-1.29,-2.166444292,-48.2,-2.322472409,210.9059411,-1.477717381,0.5700884461
0.728,-1.34,-1.34,-2.254357415,-49.87,-2.377337761,210.3856946,-1.490930651,0.5827820552
0.729,-1.4,-1.4,-2.36024152,-51.87,-2.441308513,210.6446025,-1.484350805,0.6012344241
0.73,-1.46,-1.46,-2.466549287,-53.69,-2.497929472,210.7967893,-1.480486926,0.6199826867
0.731,-1.5,-1.5,-2.5376565,-55.03,-2.538677405,210.8202994,-1.479890275,0.6314828323
0.732,-1.53,-1.53,-2.591110478,-56.09,-2.570360749,211.452746,-1.463864663,0.6422820277
0.733,-1.56,-1.56,-2.644670371,-57.1,-2.600107259,209.2521648,-1.519833666,0.6419194885
0.734,-1.59,-1.59,-2.69833618,-58.15,-2.630583435,211.0505298,-1.474050892,0.6573877147
0.735,-1.63,-1.63,-2.77005535,-59.27,-2.662598066,215.6894041,-1.357732015,0.6890119204
0.736,-1.66,-1.66,-2.823968295,-60.4,-2.694393962,216.6130675,-1.334870212,0.7008645185
0.737,-1.68,-1.68,-2.859969101,-61.18,-2.716052075,210.5252678,-1.487382555,0.6803886233
0.738,-1.68,-1.68,-2.859969101,-61.17,-2.715775883,199.7415694,-1.768692536,0.6377498587
0.739,-1.66,-1.66,-2.823968295,-60.36,-2.693276965,188.4033537,-2.081342336,0.5914541281
0.74,-1.61,-1.61,-2.734172228,-58.86,-2.650936808,184.0269198,-2.20708399,0.5628160812
0.741,-1.56,-1.56,-2.644670371,-57.57,-2.613804938,185.0941962,-2.176145936,0.5521289133
0.742,-1.57,-1.57,-2.662547206,-57.85,-2.621922061,187.7404145,-2.100200702,0.5638454016
0.743,-1.62,-1.62,-2.752107905,-59.31,-2.663732168,188.02489,-2.092100199,0.5786805951
0.744,-1.65,-1.65,-2.805985545,-60.54,-2.698298571,188.1661595,-2.088082069,0.5862437102
0.745,-1.7,-1.7,-2.89601698,-62.12,-2.741844999,188.354894,-2.082718601,0.6002650644
0.746,-1.8,-1.8,-3.07696248,-65.4,-2.8293046,188.5098701,-2.078318496,0.6269761186
0.747,-1.96,-1.96,-3.368923107,-70.83,-2.966033276,188.7645498,-2.071095442,0.6688181493
0.748,-2.12,-2.12,-3.663896445,-76.2,-3.092483594,187.7094287,-2.10108377,0.7054681664
0.749,-2.18,-2.18,-3.775288161,-78.2,-3.137608123,188.3716216,-2.082243494,0.723255839
0.75,-2.14,-2.14,-3.700979943,-77.01,-3.110879752,190.0570583,-2.034587773,0.719269906
0.751,-2.05,-2.05,-3.534474905,-74.49,-3.053085713,191.9392563,-1.981865583,0.7019879037
0.752,-1.96,-1.96,-3.368923107,-71.88,-2.991403772,194.285555,-1.916862757,0.6863773773
0.753,-1.9,-1.9,-3.25908482,-70.05,-2.946971479,196.6260765,-1.852797435,0.6790086937
0.754,-1.87,-1.87,-3.20432455,-69.17,-2.925240275,199.4168308,-1.777397611,0.6813887499
0.755,-1.87,-1.87,-3.20432455,-69.01,-2.921263036,200.9395752,-1.736700264,0.687923958
0.756,-1.86,-1.86,-3.186094663,-68.68,-2.913034307,204.4721175,-1.643463783,0.6992419618
0.757,-1.82,-1.82,-3.113292801,-67.41,-2.88103863,209.9341519,-1.502425491,0.7102357212
0.758,-1.74,-1.74,-2.968253959,-65.2,-2.824081408,215.537105,-1.361511004,0.7091598194
0.759,-1.65,-1.65,-2.805985545,-62.37,-2.748648968,222.0627845,-1.201936129,0.7102708779
0.76,-1.55,-1.55,-2.626805305,-59.22,-2.661179545,224.8323448,-1.135623761,0.6918465596
0.761,-1.43,-1.43,-2.413342446,-55.7,-2.558759454,222.2764086,-1.196791911,0.6426066937
0.762,-1.31,-1.31,-2.201574236,-51.9,-2.442253977,216.3269342,-1.341941923,0.5817812541
0.763,-1.21,-1.21,-2.026395252,-48.79,-2.342009385,215.2272909,-1.369206653,0.5460192107
0.764,-1.17,-1.17,-1.956653174,-47.39,-2.295373599,219.8745064,-1.254918233,0.5511246022
0.765,-1.18,-1.18,-1.974071041,-47.76,-2.307792043,224.4122274,-1.14563002,0.5716275058
0.766,-1.2,-1.2,-2.00894208,-48.51,-2.332758659,230.2304552,-1.008690752,0.6012187626
0.767,-1.18,-1.18,-1.974071041,-47.83,-2.3101339,229.7060725,-1.020890038,0.5926318986
0.768,-1.1,-1.1,-1.83505762,-45.46,-2.229489695,224.472338,-1.144197172,0.5439324076
0.769,-1,-1,-1.66235,-42.15,-2.112040313,222.6207375,-1.188510627,0.5036583377
0.77,-0.9,-0.9,-1.49081922,-38.87,-1.989849635,226.2532759,-1.101918379,0.482189871
0.771,-0.84,-0.84,-1.388465635,-36.56,-1.900169232,231.0264851,-0.9902248423,0.4803724334
0.772,-0.82,-0.82,-1.354441921,-36.02,-1.878760009,238.3687637,-0.8228418336,0.5013477187
0.773,-0.83,-0.83,-1.371447894,-36.25,-1.887899623,243.7105596,-0.7042730567,0.5290727368
0.774,-0.78,-0.78,-1.286535713,-34.82,-1.830568699,239.6951476,-0.793154705,0.4903473097
0.775,-0.66,-0.66,-1.083946855,-30.31,-1.641641582,239.3782521,-0.8002324997,0.4438995701
0.776,-0.48,-0.48,-0.7832410368,-23.68,-1.34026699,243.7132416,-0.7042141802,0.383100147
0.777,-0.34,-0.34,-0.5519948552,-17.9,-1.05291414,248.2101006,-0.6063986728,0.3326647338
0.778,-0.27,-0.27,-0.4372367418,-14.81,-0.8893084186,251.0246534,-0.5460742787,0.3046133568
0.779,-0.24,-0.24,-0.3882312192,-13.46,-0.81556257,254.2747953,-0.4772497462,0.300299753
0.78,-0.22,-0.22,-0.3556197128,-12.43,-0.7583514979,254.3985685,-0.4746461645,0.2884188054
0.781,-0.2,-0.2,-0.32305528,-11.46,-0.703715802,253.9116886,-0.4848950549,0.2717923012
0.782,-0.19,-0.19,-0.3067907162,-11.39,-0.6997443954,254.4148446,-0.4743038882,0.2613101356
0.783,-0.22,-0.22,-0.3556197128,-12.27,-0.7493902264,256.1213111,-0.4385390182,0.2993610221
0.784,-0.29,-0.29,-0.4699659322,-14.52,-0.8735844314,257.4376594,-0.4111128447,0.3658184235
0.785,-0.42,-0.42,-0.6838530888,-18.94,-1.106386066,257.5374023,-0.4090404156,0.4512611446
0.786,-0.61,-0.61,-1.000034988,-25.41,-1.421728351,261.5028243,-0.3272917603,0.5717687188
0.787,-0.84,-0.84,-1.388465635,-32.91,-1.752084242,267.0227633,-0.2155365374,0.7056571316
0.788,-1.03,-1.03,-1.714038718,-39.27,-2.005070104,264.2230037,-0.2719279595,0.7527624839
0.789,-1.12,-1.12,-1.869740365,-42.24,-2.115310306,249.6594592,-0.575249588,0.6949261262
0.79,-1.09,-1.09,-1.8177339,-41.3,-2.080941573,234.7282256,-0.9051812436,0.6087271059
0.791,-0.97,-0.97,-1.610767198,-37.33,-1.93040343,227.7922002,-1.065652072,0.537629292
0.792,-0.94,-0.94,-1.559290311,-36.21,-1.886312353,222.0950532,-1.201158759,0.5050380245
0.793,-1.19,-1.19,-1.991500676,-44.48,-2.195311978,216.3481049,-1.341418375,0.5630908996
0.794,-1.65,-1.65,-2.805985545,-59.72,-2.675320221,214.5639206,-1.385721805,0.6909521071
0.795,-2.08,-2.08,-3.589870669,-73.99,-3.041417309,210.0495664,-1.499485054,0.7905632805
0.796,-2.28,-2.28,-3.961882493,-80.68,-3.192226724,203.4010765,-1.671561155,0.8145672861
0.797,-2.26,-2.26,-3.924469479,-80.08,-3.179142188,198.9183628,-1.790787364,0.7896428789
0.798,-2.2,-2.2,-3.81251288,-78.21,-3.137831261,198.6375737,-1.79834465,0.7723616314
0.799,-2.17,-2.17,-3.756693454,-77.44,-3.120578279,200.063381,-1.760079874,0.7697104234
0.8,-2.16,-2.16,-3.738110515,-77.09,-3.112687631,199.6891503,-1.770096747,0.7655694428
0.801,-2.14,-2.14,-3.700979943,-76.54,-3.100225814,191.99,-1.980451371,0.7284422545
0.802,-2.09,-2.09,-3.60835946,-75.11,-3.067460145,193.75,-1.931630583,0.7218031551
0.803,-2,-2,-3.442384,-72.44,-3.004801754,195.463,-1.884537556,0.7040591339
0.804,-1.89,-1.89,-3.240819628,-69.05,-2.922258106,197.106,-1.839755103,0.680556623
0.805,-1.8,-1.8,-3.07696248,-66.44,-2.856243126,198.676,-1.797309797,0.661207153
0.806,-1.78,-1.78,-3.040679233,-65.96,-2.843855968,200.188,-1.756748409,0.6609303872
0.807,-1.78,-1.78,-3.040679233,-65.76,-2.838671442,201.791,-1.714079039,0.6678774174
0.808,-1.65,-1.65,-2.805985545,-61.81,-2.733375636,203.538,-1.667960908,0.6375303313
0.809,-1.42,-1.42,-2.395630369,-54.84,-2.532947333,205.466,-1.617521908,0.5771950663
0.81,-1.28,-1.28,-2.148896973,-50.41,-2.394793978,208.019,-1.551455552,0.5445415847
0.811,-1.33,-1.33,-2.236751254,-52.24,-2.452940514,211.344,-1.466616772,0.5706642589
0.812,-1.51,-1.51,-2.555462724,-58.28,-2.634325334,222.143,-1.200003903,0.6664693004
0.813,-1.61,-1.61,-2.734172228,-61.83,-2.733923134,227.092,-1.082122522,0.7164935838
0.814,-1.56,-1.56,-2.644670371,-60.38,-2.693835541,229.901,-1.016351977,0.7128131282
0.815,-1.45,-1.45,-2.448801905,-56.82,-2.591903448,230.341,-1.006122573,0.6805959408
0.816,-1.32,-1.32,-2.219156861,-52.84,-2.471671122,231.584,-0.9773297343,0.6434202117
0.817,-1.18,-1.18,-1.974071041,-48.59,-2.335405597,232.187,-0.9634174723,0.5984167685
0.818,-1.05,-1.05,-1.748556705,-44.19,-2.185103088,233.688,-0.9289430842,0.5615063516
0.819,-0.9,-0.9,-1.49081922,-39.51,-2.014159276,230.982,-0.9912551063,0.4960444819
0.82,-0.77,-0.77,-1.269588582,-34.84,-1.831378897,232.512,-0.9559341324,0.4554883388
0.821,-0.7,-0.7,-1.15128818,-32.38,-1.729911893,231.232,-0.9854677432,0.4239879259
0.822,-0.76,-0.76,-1.252653219,-34.55,-1.819607612,233.814,-0.9260592462,0.4562291362
0.823,-0.91,-0.91,-1.50791934,-40.25,-2.041982054,233.5,-0.9332488457,0.5068243075
0.824,-1.06,-1.06,-1.765833351,-45.75,-2.239509219,232.495,-0.9563253093,0.5525421718
0.825,-1.13,-1.13,-1.88709939,-48.15,-2.320808953,232.718,-0.9511962605,0.5767409483
0.826,-1.11,-1.11,-1.852393108,-47.71,-2.306117815,232.021,-0.9672437745,0.5658993233
0.827,-1.08,-1.08,-1.800421949,-46.72,-2.272713638,230.731,-0.9970719238,0.5506238604
0.828,-1.06,-1.06,-1.765833351,-46.09,-2.25120188,227.899,-1.063144325,0.5327848215
0.829,-1.05,-1.05,-1.748556705,-45.52,-2.231566214,233.299,-0.9378561823,0.5516956992
0.83,-1.03,-1.03,-1.714038718,-44.95,-2.211764961,233.22,-0.9396681129,0.5438918351
0.831,-1.01,-1.01,-1.679567804,-44.38,-2.191796604,234.136,-0.9186964926,0.5399683433
0.832,-0.99,-0.99,-1.645143964,-43.8,-2.17130483,232.708,-0.9514261575,0.5268285904
0.833,-0.97,-0.97,-1.610767198,-43.2,-2.149921015,233.419,-0.9351050563,0.5221243389
0.834,-0.96,-0.96,-1.593596467,-42.78,-2.134839209,235.64,-0.8844400491,0.5278069139
0.835,-0.96,-0.96,-1.593596467,-42.86,-2.137719152,236.806,-0.8580323214,0.53195216
0.836,-0.98,-0.98,-1.627949697,-43.42,-2.157783752,238.692,-0.8155919624,0.5475089102
0.837,-0.99,-0.99,-1.645143964,-43.8,-2.17130483,240.625,-0.7724405363,0.5588608251
0.838,-0.98,-0.98,-1.627949697,-43.5,-2.160636602,243.835,-0.7015420046,0.5687799123
0.839,-0.94,-0.94,-1.559290311,-42.01,-2.106945005,246.249,-0.6488367359,0.565825039
0.84,-0.84,-0.84,-1.388465635,-38.81,-1.987558792,250.345,-0.5605791373,0.5448942223
0.841,-0.7,-0.7,-1.15128818,-33.94,-1.7946825,254.399,-0.4746370898,0.5073274761
0.842,-0.53,-0.53,-0.8663879578,-28.05,-1.542162911,257.425,-0.4113759351,0.4434966623
0.843,-0.39,-0.39,-0.6343179882,-22.35,-1.276241461,261.09,-0.3357442695,0.3935009945
0.844,-0.28,-0.28,-0.4535954528,-18.05,-1.060675352,266.367,-0.2286914027,0.351797075
0.845,-0.23,-0.23,-0.3719195818,-15.71,-0.937700171,266.104,-0.2339763857,0.3174251287
0.846,-0.22,-0.22,-0.3556197128,-15.28,-0.9146562267,268.483,-0.186359313,0.3229924556
0.847,-0.25,-0.25,-0.404554625,-16.5,-0.9796738376,269.479,-0.1665489692,0.3529458868
0.848,-0.31,-0.31,-0.5027421962,-18.98,-1.108426905,268.315,-0.1897080589,0.3872803754
0.849,-0.39,-0.39,-0.6343179882,-22.13,-1.265532011,265.313,-0.2499030615,0.4185715373
0.85,-0.49,-0.49,-0.7998468842,-26.1,-1.453653211,258.309,-0.3930354548,0.4331249218
0.851,-0.63,-0.63,-1.03356443,-31.44,-1.690160039,257.044,-0.4193000291,0.4899663403
0.852,-0.78,-0.78,-1.286535713,-37.02,-1.918272556,258.753,-0.3838473861,0.5588482552
0.853,-0.84,-0.84,-1.388465635,-39.57,-2.016426534,261.497,-0.3274109185,0.5923899005
0.854,-0.75,-0.75,-1.235729625,-36.5,-1.89779885,263.313,-0.2903855616,0.5647282827
0.855,-0.51,-0.51,-0.8330938842,-27.89,-1.534994891,266.169,-0.2326697254,0.4712963514
0.856,-0.24,-0.24,-0.3882312192,-17.11,-1.011764478,269.949,-0.1572261286,0.3321080742
0.857,-0.07,-0.07,-0.1125338858,-9.22,-0.5746982424,280.917,0.05584404015,0.216889225
0.858,-0.01,-0.01,-0.0160409642,-6.43,-0.4083276759,281.033,0.05805277762,0.04579535753
0.859,-0.02,-0.02,-0.0320936968,-6.87,-0.4349899143,279.917,0.03676529075,0.08059194459
0.86,-0.08,-0.08,-0.1286572288,-8.67,-0.5424040379,279.273,0.02444246122,0.2483914533
0.861,-0.18,-0.18,-0.2905379208,-12.23,-0.747146781,275.177,-0.05460523887,0.3623787825
0.862,-0.35,-0.35,-0.568435945,-17.92,-1.053949925,269.889,-0.1584153743,0.4688652385
0.863,-0.58,-0.58,-0.9498290888,-25.52,-1.426839268,261.273,-0.3319957266,0.5400330853
0.864,-0.86,-0.86,-1.422536423,-34.68,-1.824890619,251.426,-0.5375273509,0.6021527271
0.865,-1.19,-1.19,-1.991500676,-45.49,-2.230528184,237.86,-0.8342728389,0.6497977067
0.866,-1.52,-1.52,-2.573280717,-56.12,-2.571250485,229.867,-1.017143246,0.7171121425
0.867,-1.74,-1.74,-2.968253959,-63.33,-2.774561551,225.883,-1.11068112,0.7639816123
0.868,-1.82,-1.82,-3.113292801,-65.81,-2.83996886,221.811,-1.208005635,0.7690989172
0.869,-1.81,-1.81,-3.095121756,-65.72,-2.837632888,217.847,-1.304480507,0.747232502
0.87,-1.85,-1.85,-3.167876545,-67.09,-2.872893379,213.448,-1.413619107,0.7390335513
0.871,-2,-2,-3.442384,-72.01,-2.994522171,210.348,-1.491889292,0.7672911921
0.872,-2.21,-2.21,-3.831142892,-78.79,-3.150732189,210.902,-1.477817355,0.8277199705
0.873,-2.37,-2.37,-4.13082359,-84.05,-3.264287485,210.102,-1.498149728,0.8673759684
0.874,-2.42,-2.42,-4.225091649,-85.67,-3.298125237,206.725,-1.584839628,0.8652717695
0.875,-2.38,-2.38,-4.149653665,-84.64,-3.276668168,204.397,-1.645429589,0.8430660806
0.876,-2.34,-2.34,-4.074403975,-83.44,-3.251416159,205.02,-1.629147644,0.8348223975
0.877,-2.35,-2.35,-4.093198745,-83.83,-3.259653779,204.508,-1.642525003,0.8349754113
0.878,-2.4,-2.4,-4.18734912,-85.33,-3.291063938,208.916,-1.528435382,0.8688348814
0.879,-2.43,-2.43,-4.243980566,-86.19,-3.308884612,209.245,-1.520016852,0.8788708151
0.88,-2.4,-2.4,-4.18734912,-85.36,-3.291687842,211.853,-1.453747345,0.8823951767
0.881,-2.32,-2.32,-4.036849741,-82.98,-3.241661084,211.848,-1.453873614,0.8597209905
0.882,-2.21,-2.21,-3.831142892,-79.77,-3.172350027,211.95,-1.45129833,0.8285973751
0.883,-2.09,-2.09,-3.60835946,-76.41,-3.097269057,212.806,-1.429734862,0.7970745165
0.884,-1.99,-1.99,-3.424001124,-73.23,-3.023548711,213.897,-1.402376898,0.7736237404
0.885,-1.9,-1.9,-3.25908482,-70.77,-2.964573561,212.928,-1.426668628,0.7421783358
0.886,-1.86,-1.86,-3.186094663,-69.56,-2.934900992,211.238,-1.469300748,0.7234215987
0.887,-1.87,-1.87,-3.20432455,-69.9,-2.943284345,210.509,-1.487795978,0.7231474756
0.888,-1.92,-1.92,-3.295650509,-71.41,-2.980088036,207.469,-1.565619628,0.7250027394
0.889,-1.96,-1.96,-3.368923107,-72.8,-3.013366796,208.181,-1.547290727,0.7386924122
0.89,-1.97,-1.97,-3.387270678,-73.21,-3.023076297,207.865,-1.555417715,0.7398220177
0.891,-1.96,-1.96,-3.368923107,-72.89,-3.015502249,205.612,-1.613721656,0.7277511688
0.892,-1.94,-1.94,-3.332263271,-72.29,-3.001221955,206.035,-1.602726552,0.7237837839
0.893,-1.92,-1.92,-3.295650509,-71.64,-2.98563368,208.164,-1.547727625,0.7269772443
0.894,-1.89,-1.89,-3.240819628,-70.9,-2.967734903,209.667,-1.509237974,0.7238863664
0.895,-1.86,-1.86,-3.186094663,-70.04,-2.946725886,211.123,-1.472214132,0.7210088052
0.896,-1.84,-1.84,-3.149670195,-69.2,-2.925985106,208.728,-1.533251924,0.7063249103
0.897,-1.82,-1.82,-3.113292801,-68.7,-2.913534006,212.711,-1.432123721,0.7164146365
0.898,-1.83,-1.83,-3.131475614,-69.17,-2.925240275,210.332,-1.492296253,0.7088737342
0.899,-1.84,-1.84,-3.149670195,-69.22,-2.926481502,212.527,-1.436753599,0.7218657996
0.9,-1.7,-1.7,-2.89601698,-65.04,-2.819892826,215.4,-1.364915267,0.692031012
0.901,-1.43,-1.431192661,-2.415455681,-57,-2.597181069,221.284,-1.220731806,0.6326639083
0.902,-1.2,-1.202003339,-2.012437599,-49.95,-2.379932558,227.96,-1.061712522,0.5847312993
0.903,-1.14,-1.142857143,-1.909435429,-47.81,-2.309465044,230.852,-0.9942670111,0.5779631631
0.904,-1.2,-1.204013378,-2.015945284,-50.08,-2.384142643,232.089,-0.9656760427,0.6018072836
0.905,-1.23,-1.235146444,-2.070335778,-51.04,-2.414986594,233.3,-0.9378332504,0.6174909103
0.906,-1.17,-1.175879397,-1.966892404,-49.1,-2.352207112,234.386,-0.9129870483,0.6023814532
0.907,-1.12,-1.126571668,-1.881146814,-47.68,-2.305112688,234.132,-0.9187878933,0.5835002559
0.908,-1.13,-1.137583893,-1.900272135,-48.01,-2.316144783,232.571,-0.9545767403,0.5809947808
0.909,-1.17,-1.17884131,-1.972052247,-49.19,-2.355159087,229.912,-1.016096004,0.5849608511
0.91,-1.19,-1.2,-2.00894208,-49.98,-2.380904825,223.16,-1.175566792,0.5648694257
0.911,-1.21,-1.221194281,-2.045946784,-50.55,-2.39929726,218.778,-1.281665242,0.555818426
0.912,-1.24,-1.252525253,-2.10074674,-51.62,-2.433413615,216.51,-1.337416422,0.5571045949
0.913,-1.28,-1.294018534,-2.173499057,-53.17,-2.481903844,213.042,-1.423805046,0.5564928464
0.914,-1.33,-1.345699831,-2.264397896,-54.82,-2.532343258,208.995,-1.526412702,0.5579044214
0.915,-1.37,-1.387341772,-2.337867839,-56.42,-2.580126957,205.763,-1.609794096,0.5579741981
0.916,-1.42,-1.439189189,-2.429628784,-58.08,-2.628565725,202.133,-1.705019412,0.560650987
0.917,-1.47,-1.49112426,-2.521862017,-59.83,-2.67841794,199.235,-1.782278034,0.5653516922
0.918,-1.52,-1.543147208,-2.614569543,-61.64,-2.728715816,196.256,-1.862876336,0.5694254751
0.919,-1.57,-1.595258256,-2.707753374,-63.42,-2.77697356,195.854,-1.87384622,0.5822099118
0.92,-1.63,-1.657627119,-2.819700137,-65.21,-2.824342898,195.533,-1.882621935,0.5990484817
0.921,-1.68,-1.709923664,-2.913920806,-67.28,-2.877733715,199.122,-1.785313251,0.624896302
0.922,-1.76,-1.79286927,-3.064020778,-69.91,-2.94353037,205.611,-1.613747676,0.6723357116
0.923,-1.84,-1.87595582,-3.215187534,-72.81,-3.013604183,204.718,-1.637034149,0.6913432748
0.924,-1.9,-1.93877551,-3.330020321,-74.81,-3.060517716,209.918,-1.502837124,0.7297307435
0.925,-1.92,-1.960851064,-3.370484144,-75.4,-3.074148306,209.243,-1.520067989,0.7336363654
0.926,-1.89,-1.931856899,-3.31735052,-74.49,-3.053085713,218.025,-1.300110875,0.7620493246
0.927,-1.78,-1.820971867,-3.115059412,-71.29,-2.977188417,222.738,-1.185693327,0.7482939955
0.928,-1.61,-1.648464164,-2.803224732,-66.42,-2.855728556,226.132,-1.104786846,0.7077929126
0.929,-1.46,-1.496157131,-2.530816931,-61.66,-2.729264596,227.597,-1.07023857,0.6660915442
0.93,-1.36,-1.394871795,-2.351175039,-58.76,-2.648082413,229.234,-1.031896218,0.6389099705
0.931,-1.34,-1.375534645,-2.317015494,-58.03,-2.627123284,234.689,-0.9060753595,0.6557841005
0.932,-1.31,-1.345890411,-2.264733675,-57.24,-2.604196961,237.5,-0.8423761727,0.6570972348
0.933,-1.24,-1.275064267,-2.140240423,-54.93,-2.535663524,242.319,-0.7349084946,0.6543933021
0.934,-1.13,-1.162950257,-1.944381098,-51.64,-2.434046262,245.209,-0.6714795998,0.6261036568
0.935,-1.03,-1.060944206,-1.767465231,-48.29,-2.325463557,246.657,-0.6399798727,0.5960205523
0.936,-0.94,-0.9690721649,-1.609173542,-45.6,-2.234332051,248.31,-0.6042458425,0.5668942697
0.937,-0.89,-0.9183147034,-1.522146543,-43.81,-2.171659624,249.67,-0.5750237127,0.5541762033
0.938,-0.83,-0.8571428571,-1.417666286,-41.72,-2.096356842,251.273,-0.5407839718,0.5375770147
0.939,-0.69,-0.7131782946,-1.173515512,-37.15,-1.92336646,252.891,-0.5064446309,0.48296574
0.94,-0.44,-0.4551724138,-0.7420636058,-28.26,-1.551545578,254.55,-0.4714625084,0.3668119819
0.941,-0.15,-0.1553062985,-0.2504541639,-16.85,-0.9981203935,256.014,-0.4407810602,0.174059289
0.942,-4.440892099e-15,-4.601960724e-15,-7.37604422e-15,-9.78,-0.6073287432,257.873,-0.4020733544,7.307339897e-15
0.943,-0.04,-0.04148660328,-0.06662537548,-11.93,-0.730280995,259.218,-0.3742416334,0.06032051654
0.944,-0.19,-0.1972318339,-0.3185518006,-18.86,-1.102300896,260.914,-0.3393519048,0.2209629118
0.945,-0.28,-0.2909090909,-0.4714547412,-23.01,-1.308167003,262.213,-0.3127822027,0.290851027
0.946,-0.24,-0.2495667244,-0.4038471278,-21.48,-1.233691807,263.992,-0.2766073801,0.2673954481
0.947,-0.13,-0.1352992194,-0.2180305353,-17.12,-1.012288247,265.93,-0.2374757863,0.1744573611
0.948,-0.03,-0.03125,-0.05016708789,-12.29,-0.7505114797,269.129,-0.173502079,0.05429258848
0.949,0.07,0.07298001738,0.1167106443,-7.44,-0.4692918355,281.118,0.05967067033,-0.2849233737
0.95,0.18,0.187826087,0.2991047674,-1.54,-0.1010373766,282.553,0.08691091006,-21.17336043
0.951,0.29,0.3028720627,0.4802601113,2.19,0.1472958702,282.906,0.09359061715,1.9937196
0.952,0.4,0.4181184669,0.6601693686,4.89,0.334848915,284.092,0.1159720339,1.464371543
0.953,0.51,0.5335658239,0.8388251917,7.61,0.5305942766,282.637,0.08850117176,1.354920625
0.954,0.51,0.5340314136,0.8395425204,7.83,0.5467300784,280.67,0.05113791239,1.404227243
0.955,0.28,0.2934497817,0.4654820246,1.78,0.1193938454,275.365,-0.05095138489,6.801070873
0.956,-0.18,-0.1888111888,-0.3048579493,-14.68,-0.882267665,266.382,-0.2283901351,0.2744841384
0.957,-0.62,-0.6509186352,-1.068684304,-30.5,-1.649855876,259.184,-0.3749434054,0.5277976507
0.958,-0.79,-0.8301225919,-1.371656446,-36.64,-1.903326477,251.413,-0.5378039802,0.5618939546
0.959,-0.71,-0.7467134093,-1.230170102,-33.81,-1.789341574,234.218,-0.9168231233,0.454580648
0.96,-0.61,-0.6421052632,-1.053881434,-30.32,-1.642074484,229.158,-1.033670246,0.3938647145
0.961,-0.65,-0.6848112379,-1.125695221,-31.85,-1.707566127,225.899,-1.110302176,0.3994846815
0.962,-0.81,-0.8541300527,-1.412531856,-37.24,-1.926887284,220.116,-1.24904542,0.444761268
0.963,-0.98,-1.034300792,-1.721457478,-43.49,-2.16028018,223.953,-1.156589243,0.5190006777
0.964,-1.13,-1.193661972,-1.997886303,-48.78,-2.341679655,225.73,-1.114306126,0.5780944801
0.965,-1.21,-1.279295154,-2.147660601,-51.57,-2.431831192,225.511,-1.119499139,0.6047481934
0.966,-1.19,-1.259259259,-2.112540049,-50.89,-2.410195624,225.353,-1.123248828,0.597869891
0.967,-1.08,-1.143865843,-1.911188613,-47.31,-2.292679647,225.46,-1.120709194,0.5599094337
0.968,-0.94,-0.9964664311,-1.656268784,-42.78,-2.134839209,223.849,-1.15907427,0.5028270459
0.969,-0.83,-0.8806366048,-1.457741038,-39.17,-2.00127342,226.608,-1.093537118,0.4710275539
0.97,-0.76,-0.807079646,-1.332487027,-36.69,-1.905297862,225.601,-1.117364414,0.440832255
0.971,-0.71,-0.7546501329,-1.243597857,-34.93,-1.835021833,230.111,-1.011467322,0.4368883173
0.972,-0.66,-0.7021276596,-1.15487544,-33.4,-1.772429985,238.834,-0.812410146,0.4467879562
0.973,-0.62,-0.6601597161,-1.084215368,-31.92,-1.710527437,245.728,-0.6601679609,0.4573406473
0.974,-0.59,-0.6287744227,-1.03150843,-30.66,-1.656755457,251.637,-0.5330394436,0.4710525308
0.975,-0.55,-0.5866666667,-0.9609768021,-29.45,-1.604173865,253.328,-0.4972077173,0.4573071403
0.976,-0.51,-0.5444839858,-0.8905288918,-27.87,-1.534097712,254.366,-0.4753311234,0.4431751333
0.977,-0.45,-0.4808548531,-0.7846601328,-25.63,-1.431942035,255.229,-0.4572106379,0.4153503018
0.978,-0.37,-0.3957219251,-0.6437576853,-22.43,-1.280127407,265.812,-0.2398502461,0.4235310196
0.979,-0.3,-0.3211418376,-0.5210220036,-19.5,-1.134852121,262.488,-0.3071742464,0.3613123973
0.98,-0.29,-0.3107142857,-0.5039136477,-19,-1.109446888,256.811,-0.4241517873,0.3285824745
0.981,-0.35,-0.3753351206,-0.6101423209,-21.31,-1.225315202,241.795,-0.7464900687,0.3094333553
0.982,-0.48,-0.5152057245,-0.8417553412,-25.88,-1.443508978,237.548,-0.8412950187,0.3684146835
0.983,-0.61,-0.6553267681,-1.076091599,-30.67,-1.657186144,234.489,-0.9106365284,0.4190677225
0.984,-0.71,-0.7634408602,-1.258479113,-34.09,-1.800832412,231.498,-0.9793168554,0.4526660231
0.985,-0.77,-0.8286995516,-1.369235689,-36.18,-1.885121286,231.84,-0.9714189479,0.4793335914
0.986,-0.8,-0.8617594255,-1.425535927,-37.35,-1.931184161,231.504,-0.9791781951,0.4898138968
0.987,-0.83,-0.8948787062,-1.482066303,-38.23,-1.965308913,231.975,-0.9683045595,0.5052016282
0.988,-0.84,-0.9064748201,-1.501889897,-38.62,-1.980291037,232.439,-0.9576140944,0.5112111624
0.989,-0.81,-0.8748874887,-1.447928409,-37.75,-1.946750432,228.981,-1.037804144,0.4851405367
0.99,-0.75,-0.8108108108,-1.338825186,-35.46,-1.856376878,233.032,-0.9439825182,0.4780904866
0.991,-0.65,-0.703336339,-1.156913525,-32,-1.713908066,235.303,-0.8920968157,0.4439414267
0.992,-0.55,-0.59566787,-0.9760365258,-28.6,-1.566675717,237.767,-0.8363650246,0.4061672818
0.993,-0.51,-0.5528455285,-0.9044765893,-26.77,-1.484347965,239.138,-0.8056047256,0.3949761028
0.994,-0.52,-0.5641952984,-0.9234220443,-27.19,-1.503437456,241.708,-0.7484153929,0.4100721079
0.995,-0.58,-0.6298642534,-1.033336696,-29.47,-1.605050575,244.531,-0.6862927754,0.4509741831
0.996,-0.67,-0.7282608696,-1.198979803,-32.46,-1.733269745,246.411,-0.6453182849,0.5040720745
0.997,-0.75,-0.8159564823,-1.347568867,-35.15,-1.843906461,245.009,-0.6758450048,0.5348022951
0.998,-0.81,-0.8820326679,-1.460124434,-37.47,-1.935863705,242.901,-0.7220743101,0.5493448025
0.999,-0.87,-0.9482288828,-1.573399678,-39.54,-2.015293156,240.881,-0.7667517177,0.5655551042
1,-0.93,-1.014545455,-1.687397969,-41.61,-2.092328755,237.822,-0.8351276116,0.57640414
1.001,-0.99,-1.080982712,-1.802122693,-43.5,-2.160636602,235.189,-0.894689421,0.5898299165
1.002,-1.02,-1.114754098,-1.860638697,-44.71,-2.203377687,232.07,-0.9661140392,0.5870463968
1.003,-1.03,-1.126709207,-1.881385595,-44.94,-2.211416083,229.919,-1.015933118,0.5829507368
1.004,-1,-1.094890511,-1.826204614,-44.07,-2.180865926,226.57,-1.094434337,0.5575686098
1.005,-1.01,-1.106849315,-1.846929972,-44.2,-2.185455846,225.108,-1.129068423,0.5572232461
1.006,-1.08,-1.18464351,-1.982163046,-46.96,-2.280856301,223.715,-1.162277834,0.5756856886
1.007,-1.2,-1.31747484,-2.214715856,-51.05,-2.415305621,225.904,-1.110183761,0.6282009718
1.008,-1.31,-1.43956044,-2.430286974,-54.65,-2.52720162,226.911,-1.086388353,0.6725408781
1.009,-1.35,-1.48487626,-2.510749188,-56.26,-2.57539756,229.658,-1.022009793,0.697932967
1.01,-1.35,-1.486238532,-2.513171763,-56.09,-2.570360749,231.739,-0.9737501579,0.7091120533
1.011,-1.31,-1.443526171,-2.437318828,-54.85,-2.533249305,236.029,-0.8756154265,0.7149942929
1.012,-1.21,-1.334558824,-2.244776132,-51.8,-2.43910083,237.917,-0.8329909358,0.6860370347
1.013,-1.06,-1.170193192,-1.956989562,-46.9,-2.278823328,239.551,-0.7963730509,0.6363787286
1.014,-0.86,-0.9502762431,-1.576911351,-40.68,-2.058010061,242.43,-0.7324583606,0.5651063239
1.015,-0.67,-0.7410138249,-1.220531826,-34.02,-1.797964144,245.171,-0.6723087527,0.4940878506
1.016,-0.58,-0.6420664207,-1.053816215,-30.86,-1.665357204,247.774,-0.6158067923,0.46196425
1.017,-0.65,-0.7202216066,-1.185403581,-33.27,-1.767046425,251.266,-0.5409330149,0.5136109795
1.018,-0.77,-0.853974122,-1.412266148,-37.78,-1.947914198,253.467,-0.4942730001,0.5782792364
1.019,-0.83,-0.9213691027,-1.527374938,-39.79,-2.024722628,253.902,-0.4850992012,0.6085591097
1.02,-0.73,-0.8111111111,-1.33933538,-36.52,-1.898589211,254.21,-0.4786132288,0.5634082136
1.021,-0.54,-0.6005560704,-0.9842188659,-29.7,-1.615114317,254.124,-0.480423456,0.4696736458
1.022,-0.35,-0.3896103896,-0.6336753719,-22.57,-1.286917052,257.053,-0.4191127104,0.3714327768
1.023,-0.26,-0.2896935933,-0.469464155,-19,-1.109446888,258.676,-0.3854396819,0.3140466737
1.024,-0.33,-0.3680297398,-0.598108539,-21.37,-1.228273985,259.241,-0.3737669575,0.3733416063
1.025,-0.48,-0.5358139535,-0.8760752986,-26.75,-1.483436028,257.63,-0.4071171664,0.4633962701
1.026,-0.59,-0.6592178771,-1.082632002,-30.98,-1.670506155,254.945,-0.4631670377,0.5074029171
1.027,-0.57,-0.6374650513,-1.046091444,-30,-1.628190126,252.741,-0.5096188763,0.4893287673
1.028,-0.61,-0.6828358209,-1.122368652,-31.59,-1.696540279,248.267,-0.6051723856,0.4876232684
1.029,-0.89,-0.9971988796,-1.657529196,-41.36,-2.083149618,243.331,-0.7126117466,0.5928722016
1.03,-1.22,-1.368224299,-2.304113054,-53,-2.476638538,238.307,-0.8242282507,0.6980327292
1.031,-1.42,-1.594013096,-2.705523081,-60.05,-2.684599146,233.731,-0.9279587425,0.7489217237
1.032,-1.39,-1.561797753,-2.647883317,-59.28,-2.662881651,228.6,-1.046713388,0.7137930928
1.033,-1.31,-1.473289597,-2.490153055,-56.83,-2.592197003,225.827,-1.112007634,0.6722504016
1.034,-1.38,-1.553470919,-2.633004792,-59.17,-2.659760031,220.915,-1.229660593,0.6769658122
1.035,-1.52,-1.712676056,-2.9188886,-64.21,-2.798020152,218.992,-1.276434641,0.7163875287
1.036,-1.66,-1.872180451,-3.20830105,-69.07,-2.92275545,216.923,-1.327220841,0.7548985761
1.037,-1.75,-1.975540922,-3.39744199,-72.26,-3.000505213,216.419,-1.339665521,0.7827899406
1.038,-1.78,-2.011299435,-3.463169773,-73.53,-3.030621398,215.991,-1.350256398,0.7905196021
1.039,-1.76,-1.990574929,-3.425057691,-72.98,-3.017635391,215.899,-1.352535683,0.7837353808
1.04,-1.71,-1.935849057,-3.324660525,-71.28,-2.976946588,208.586,-1.536892828,0.7365482505
1.041,-1.64,-1.858356941,-3.18310051,-69.17,-2.925240275,209.211,-1.520886239,0.7159266612
1.042,-1.57,-1.780718336,-3.041981597,-67.14,-2.874168314,216.359,-1.34114896,0.7216494984
1.043,-1.49,-1.691579943,-2.880834983,-64.78,-2.813067275,218.259,-1.294371952,0.7013700809
1.044,-1.41,-1.602272727,-2.720320902,-62.21,-2.744297111,221.582,-1.213531884,0.6873265383
1.045,-1.35,-1.535545024,-2.601002195,-60.62,-2.700526373,221.236,-1.221892431,0.6631118002
1.046,-1.35,-1.537001898,-2.603601699,-60.65,-2.701361162,218.342,-1.29233783,0.6519273746
1.047,-1.38,-1.572649573,-2.667285775,-61.57,-2.726793898,216.844,-1.329169583,0.6576207571
1.048,-1.38,-1.574144487,-2.669959686,-61.63,-2.72844137,210.332,-1.492296253,0.6325812985
1.049,-1.34,-1.529971456,-2.591059567,-60.34,-2.692718233,211.144,-1.471682005,0.6221927335
1.05,-1.29,-1.474285714,-2.491923105,-58.68,-2.645796009,206.413,-1.592920222,0.587895714
1.051,-1.25,-1.42993327,-2.413224214,-57.72,-2.618157391,206.862,-1.58129527,0.5746520816
1.052,-1.25,-1.43129771,-2.415641822,-57.63,-2.615547027,207.154,-1.573748701,0.5766224156
1.053,-1.27,-1.455587393,-2.458716613,-58.17,-2.631159558,208.784,-1.531816756,0.5906150859
1.054,-1.28,-1.468451243,-2.481557206,-58.72,-2.646939532,210.498,-1.488075546,0.6001325654
1.055,-1.28,-1.469856459,-2.484053439,-58.68,-2.645796009,213.05,-1.423604151,0.6104225049
1.056,-1.26,-1.448275862,-2.445743201,-58.11,-2.629430702,215.974,-1.350677497,0.6144916365
1.057,-1.23,-1.41514861,-2.387041789,-57.01,-2.597473875,220.014,-1.251525142,0.6201720963
1.058,-1.17,-1.347408829,-2.267409109,-55.29,-2.546493313,227.377,-1.075412493,0.626026526
1.059,-1.08,-1.244956772,-2.087498382,-52.53,-2.462013965,240.831,-0.7678623399,0.6463090796
1.06,-0.93,-1.073076923,-1.788443646,-47.9,-2.312473353,247.584,-0.619910895,0.6098940298
1.061,-0.74,-0.85466795,-1.413448464,-41.45,-2.086458016,250.881,-0.5491367895,0.5362920207
1.062,-0.53,-0.612716763,-1.004586803,-34.45,-1.815536867,255.38,-0.4540463771,0.4426305161
1.063,-0.36,-0.4165863067,-0.6782111603,-28.21,-1.549314217,260.207,-0.3538685039,0.356356304
1.064,-0.21,-0.2432432432,-0.3935240073,-22.59,-1.287885884,265.958,-0.2369125098,0.2580826481
1.065,-0.05,-0.05797101449,-0.0931547322,-15.73,-0.9387685842,271.582,-0.1249599186,0.08757378593
1.066,0.17,0.1972920696,0.3140690365,-5.56,-0.3551354707,283.611,0.1069061997,-1.265237719
1.067,0.42,0.4878993224,0.7683433787,4,0.2722904524,289.431,0.2155825993,1.574883827
1.068,0.74,0.8604651163,1.336196068,12.45,0.8963037849,292.443,0.2709703428,1.144714884
1.069,1.07,1.245392823,1.905733219,19.3,1.453539523,293.744,0.2947182642,1.090075636
1.07,1.16,1.351456311,2.059599967,21.15,1.612301236,293.932,0.2981412389,1.078074841
1.071,0.81,0.944606414,1.462180327,14.85,1.086145675,293.257,0.2858411053,1.06573937
1.072,0.12,0.140077821,0.2234613209,-3.99,-0.2575376895,294.186,0.3027624207,4.94113099
1.073,-0.55,-0.6426484907,-1.05479357,-32.26,-1.724867705,292.361,0.269470011,0.7247459405
1.074,-0.81,-0.9473684211,-1.571923945,-42.41,-2.121475107,289.717,0.2208665686,0.827063497
1.075,-0.54,-0.632195122,-1.037247357,-33.48,-1.775737829,287.005,0.1705501008,0.6461844551
1.076,-0.1,-0.1171875,-0.1887191656,-16.62,-0.9860086693,284.139,0.1168570613,0.2171303187
1.077,0.18,0.211143695,0.3359473301,-2.88,-0.1872729021,280.296,0.04400414565,-2.344875033
1.078,0.22,0.2583170254,0.4102870264,-0.72,-0.04749702857,276.364,-0.03157717821,-5.188632844
1.079,0.07,0.08227228208,0.131525977,-6.71,-0.4253131045,264.404,-0.2682643932,-0.1896341467
1.08,-0.11,-0.1294117647,-0.2084982508,-13.81,-0.8348162301,257.252,-0.4149725599,0.166826789
1.081,-0.24,-0.2826300294,-0.4578997965,-18.55,-1.086426804,255.481,-0.4519309288,0.2976549517
1.082,-0.27,-0.3182711198,-0.5163107758,-19.64,-1.141933154,252.825,-0.5078410669,0.3129584456
1.083,-0.16,-0.1887905605,-0.3048244133,-14.93,-0.8957961546,250.337,-0.5607501041,0.2092789099
1.084,-0.09,-0.1062992126,-0.1711165243,-11.78,-0.7218216224,247.817,-0.6148784058,0.1280141548
1.085,-0.29,-0.3428571429,-0.5566911086,-18.86,-1.102300896,245.264,-0.6702797376,0.3140568604
1.086,-0.7,-0.8284023669,-1.368730173,-32.88,-1.750833812,240.841,-0.767640197,0.5434759971
1.087,-1.1,-1.303060217,-2.189379194,-46.16,-2.253601936,239.986,-0.7866668108,0.7201268626
1.088,-1.31,-1.553359684,-2.63280609,-53.14,-2.480975612,241.069,-0.7625778406,0.8117042399
1.089,-1.35,-1.602373887,-2.720502188,-54.56,-2.524474492,242.574,-0.7292814794,0.8361113165
1.09,-1.36,-1.615841584,-2.744648075,-55.03,-2.538677405,239.499,-0.7975345163,0.8226839722
1.091,-1.37,-1.629335976,-2.768863232,-55.22,-2.544391893,238.978,-0.8091854467,0.825644663
1.092,-1.32,-1.571428571,-2.665102,-53.61,-2.495471811,238.368,-0.822858974,0.8031453682
1.093,-1.22,-1.453823237,-2.455585761,-50.73,-2.405073707,236.551,-0.8637964704,0.7512032071
1.094,-1.18,-1.407554672,-2.373603545,-49.22,-2.356142214,234.588,-0.9083782638,0.7270910263
1.095,-1.23,-1.468656716,-2.481922196,-51.04,-2.414986594,232.067,-0.9661831998,0.7340424608
1.096,-1.36,-1.625498008,-2.761973968,-55.52,-2.553383175,229.974,-1.014653472,0.7740878924
1.097,-1.47,-1.758723829,-3.002132478,-59.2,-2.660611859,230.549,-1.001293655,0.8198279466
1.098,-1.47,-1.760479042,-3.005310441,-59.15,-2.659191947,230.17,-1.010095768,0.8190446414
1.099,-1.35,-1.618381618,-2.74920443,-55.3,-2.546793344,232.827,-0.9486910247,0.786501709
1.1,-1.12,-1.344,-2.261403175,-48.15,-2.320808953,235.092,-0.8968963994,0.7027999543
1.101,-0.87,-1.045045045,-1.740000565,-40.06,-2.034867387,238.211,-0.8263838881,0.6081257456
1.102,-0.71,-0.8537074148,-1.411811681,-34.7,-1.825702491,240.656,-0.7717513339,0.5435367772
1.103,-0.69,-0.8304914744,-1.372283997,-33.98,-1.796323806,244.444,-0.6881965538,0.552333569
1.104,-0.74,-0.8915662651,-1.47640658,-35.5,-1.857981814,248.051,-0.6098290778,0.5982656876
1.105,-0.73,-0.8804020101,-1.457340554,-35.17,-1.844712726,252.587,-0.5128797288,0.618147785
1.106,-0.65,-0.7847082495,-1.29451892,-32.34,-1.728231485,256.767,-0.4250684932,0.6011790892
1.107,-0.56,-0.6767371601,-1.112101508,-29.3,-1.597590361,257.112,-0.4178848944,0.5517812761
1.108,-0.55,-0.6653225806,-1.092896735,-28.79,-1.575098129,257.886,-0.4018036548,0.5528330969
1.109,-0.66,-0.7991927346,-1.31909486,-32.52,-1.735785544,256.774,-0.4249226431,0.6104919064
1.11,-0.85,-1.03030303,-1.714561366,-39.16,-2.000893443,253.236,-0.4991510059,0.6858123531
1.111,-1.06,-1.286147624,-2.159683011,-46.33,-2.259420357,250.964,-0.5473671196,0.7694501379
1.112,-1.23,-1.493927126,-2.526848747,-52.09,-2.448232362,246.888,-0.6349718184,0.8195528415
1.113,-1.32,-1.604863222,-2.724963644,-55.46,-2.551588005,241.916,-0.7438134705,0.8268988362
1.114,-1.38,-1.679513185,-2.859092254,-57.47,-2.610898169,237.689,-0.8381203921,0.8289582106
1.115,-1.44,-1.754314721,-2.994151014,-59.34,-2.664582329,234.021,-0.9213248844,0.8349772696
1.116,-1.49,-1.817073171,-3.107973228,-60.94,-2.709412928,231.211,-0.9859536409,0.8410459883
1.117,-1.53,-1.86775178,-3.200225045,-62.64,-2.755971177,226.874,-1.087260793,0.8326910971
1.118,-1.62,-1.979633401,-3.404956758,-65.41,-2.829565395,219.984,-1.25225469,0.8341760996
1.119,-1.7,-2.079510703,-3.58896632,-68.44,-2.907027918,215.131,-1.371600733,0.8388122955
1.12,-1.74,-2.130612245,-3.683567541,-69.65,-2.937123618,212.458,-1.438490837,0.8418400613
1.121,-1.7,-2.083758938,-3.59681911,-68.52,-2.909032101,204.756,-1.636041167,0.7913665847
1.122,-1.64,-2.012269939,-3.464955754,-66.56,-2.859327706,206.091,-1.601272628,0.7767913499
1.123,-1.61,-1.977482088,-3.401006188,-65.85,-2.841006176,212.478,-1.437987232,0.7948145426
1.124,-1.64,-2.016393443,-3.472545322,-66.65,-2.861637953,212.984,-1.425261765,0.8100365182
1.125,-1.65,-2.030769231,-3.499020508,-67.27,-2.877479259,214.524,-1.38671729,0.8205579804
1.126,-1.63,-2.008213552,-3.457491674,-66.49,-2.857528959,215.948,-1.351321595,0.8214812167
1.127,-1.55,-1.911613566,-3.280311992,-64.08,-2.794572188,217.452,-1.314189928,0.798369898
1.128,-1.44,-1.777777778,-3.036650667,-60.75,-2.704141287,218.799,-1.281151732,0.761964215
1.129,-1.36,-1.680741504,-2.861304742,-58.43,-2.638634404,220.571,-1.237997892,0.7380903124
1.13,-1.38,-1.707216495,-2.909035504,-58.87,-2.651222028,222.333,-1.195429978,0.7562512802
1.131,-1.43,-1.770897833,-3.024182011,-60.72,-2.703307654,224.996,-1.131730918,0.7885662565
1.132,-1.4,-1.73553719,-2.960185129,-59.98,-2.682634453,227.863,-1.063989503,0.7900940058
1.133,-1.25,-1.551189245,-2.628929283,-55.16,-2.542588998,229.274,-1.030962756,0.7356628542
1.134,-1.01,-1.254658385,-2.104481931,-47.84,-2.310468255,230.042,-1.013071788,0.6332049273
1.135,-0.82,-1.019689119,-1.696261565,-41.69,-2.095258922,231.615,-0.9766136274,0.5521913875
1.136,-0.73,-0.9087136929,-1.50571908,-38.45,-1.973770984,234.111,-0.9192677723,0.5204628098
1.137,-0.68,-0.8473520249,-1.400984628,-36.85,-1.91159652,235.269,-0.8928699174,0.4995547849
1.138,-0.65,-0.8108108108,-1.338825186,-35.73,-1.867191837,237.291,-0.8470862454,0.4932527713
1.139,-0.62,-0.7741935484,-1.27669401,-34.68,-1.824890619,239.977,-0.7868674513,0.4888255252
1.14,-0.59,-0.7375,-1.214591682,-33.65,-1.782754074,242.693,-0.7266575631,0.4840145251
1.141,-0.57,-0.7132429614,-1.173624633,-33.1,-1.759990826,243.492,-0.7090730887,0.4753318156
1.142,-0.6,-0.751565762,-1.23837868,-33.96,-1.795503274,244.62,-0.6843459328,0.4993766059
1.143,-0.68,-0.8526645768,-1.410034774,-37.14,-1.922974969,243.939,-0.6992606201,0.5377223848
1.144,-0.78,-0.9790794979,-1.626367552,-40.95,-2.068022205,244.231,-0.69286039,0.5890752309
1.145,-0.81,-1.017801047,-1.693007666,-42.27,-2.116399338,246.198,-0.6499448755,0.6120018099
1.146,-0.75,-0.9433962264,-1.565112567,-40.06,-2.034867387,248.099,-0.6087939069,0.5920246177
1.147,-0.62,-0.7806925498,-1.287709822,-35.69,-1.865592339,247.85,-0.6141660323,0.5192884262
1.148,-0.5,-0.6302521008,-1.03398737,-31.59,-1.696540279,249.106,-0.5871229368,0.4527757697
1.149,-0.41,-0.5173501577,-0.8453242478,-28.19,-1.548421217,249.229,-0.5844819422,0.3963256579
1.15,-0.29,-0.3663157895,-0.5952861456,-23.71,-1.341697053,248.765,-0.5944515431,0.3074589144
1.151,-0.16,-0.2023182297,-0.3268274598,-18.47,-1.082318874,253.891,-0.4853309886,0.2084824345
1.152,-0.08,-0.1012658228,-0.162983968,-14.99,-0.8990359156,254.778,-0.4666726673,0.1193402238
1.153,-0.08,-0.1013727561,-0.1631567114,-14.75,-0.88606044,254.112,-0.4806760945,0.1193768567
1.154,-0.11,-0.1395348837,-0.2248909551,-16.3,-0.9690918569,255.222,-0.4573573709,0.1576578758
1.155,-0.17,-0.2158730159,-0.3488962133,-18.49,-1.083346295,257.694,-0.4057882937,0.2342946137
1.156,-0.26,-0.3305084746,-0.536400639,-22.41,-1.27915634,260.419,-0.3495114412,0.3293493278
1.157,-0.39,-0.4962884411,-0.8102954007,-27.89,-1.534994891,260.762,-0.3424695488,0.4315902787
1.158,-0.5,-0.6369426752,-1.045214638,-32.15,-1.720236044,263.808,-0.2803375811,0.5224574714
1.159,-0.5,-0.6376195537,-1.046350782,-32.28,-1.725709021,265.496,-0.2462141638,0.5306245143
1.16,-0.38,-0.485106383,-0.7917191481,-27.94,-1.537236694,268.11,-0.1937971675,0.4573677994
1.161,-0.19,-0.2428115016,-0.3928193581,-20.38,-1.179126991,272.115,-0.1144704331,0.3036643015
1.162,-0.02,-0.02558635394,-0.04106644483,-12.98,-0.7890036076,282.688,0.08946645722,0.05870516642
1.163,0.04,0.05122732124,0.08198900399,-10.46,-0.6466132496,282.455,0.08505500712,-0.1460026722
1.164,-0.06,-0.07692307692,-0.1236949467,-14.5,-0.8724976531,282.186,0.07995743146,0.1560740305
1.165,-0.22,-0.2823529412,-0.4574462716,-21.86,-1.25234219,281.385,0.06474957696,0.3851878721
1.166,-0.36,-0.4625267666,-0.7542534989,-27.79,-1.530506376,280.821,0.05401542964,0.5108419395
1.167,-0.41,-0.5273311897,-0.8619424578,-29.86,-1.622095229,279.37,0.02630035618,0.5401336179
1.168,-0.37,-0.4763948498,-0.7772572655,-28.54,-1.564011148,277.92,-0.001539789908,0.4964752324
1.169,-0.26,-0.3351235231,-0.5439816644,-24.36,-1.372529991,274.589,-0.06604938493,0.3781380947
1.17,-0.09,-0.1161290323,-0.1870073727,-17.36,-1.024836452,270.35,-0.1492847836,0.1592743296
1.171,0.08,0.1033369214,0.1650732348,-9.35,-0.5822956888,263.579,-0.2849836951,-0.190334554
1.172,0.19,0.2456896552,0.390413424,-3.92,-0.2531376369,256.855,-0.4232352384,-0.5772162638
1.173,0.21,0.2718446602,0.4315566919,-2.46,-0.1604107785,256.924,-0.4217982392,-0.7412401366
1.174,0.17,0.2203023758,0.3504008352,-4.18,-0.2694597005,257.047,-0.4192375888,-0.508787882
1.175,0.07,0.09081081081,0.145130615,-8.26,-0.5181705062,257.843,-0.40269579,-0.157602266
1.176,-0.11,-0.1428571429,-0.2302734286,-14.8,-0.8887672793,258.892,-0.3809741814,0.1813545794
1.177,-0.33,-0.429035753,-0.6987934078,-23.3,-1.322099131,259.95,-0.3591551774,0.4156381365
1.178,-0.52,-0.6767895879,-1.112189752,-30.25,-1.63904284,261.299,-0.3314633598,0.5644182964
1.179,-0.58,-0.7557003257,-1.245375183,-32.39,-1.73033184,261.658,-0.3241180129,0.6061842692
1.18,-0.49,-0.6391304348,-1.048886999,-29.1,-1.588789859,262.624,-0.304403028,0.55403071
1.181,-0.35,-0.4570184984,-0.745122906,-23.74,-1.343126497,263.441,-0.2877854864,0.4568749961
1.182,-0.31,-0.4052287582,-0.6594500208,-22.06,-1.262117344,264.637,-0.2635519037,0.4322365556
1.183,-0.42,-0.5496183206,-0.899092383,-26.06,-1.451811216,265.016,-0.2558953801,0.5264911345
1.184,-0.64,-0.8384279476,-1.385789577,-34.05,-1.799193764,266.353,-0.228972601,0.6832721424
1.185,-0.86,-1.127868852,-1.883398939,-42.07,-2.10913,263.868,-0.2791209254,0.7886101578
1.186,-1.01,-1.326039387,-2.229781389,-47.28,-2.291668598,260.304,-0.3518745018,0.8434821391
1.187,-1.09,-1.43263965,-2.418019777,-49.96,-2.380256694,256.425,-0.4321991588,0.8597538603
1.188,-1.11,-1.460526316,-2.467483686,-50.96,-2.412432712,251.547,-0.5349532564,0.8371769806
1.189,-1.13,-1.488474204,-2.517148008,-51.42,-2.427077018,246.48,-0.6438203878,0.8196783142
1.19,-1.14,-1.503296703,-2.543525383,-51.74,-2.437206744,240.014,-0.7860426441,0.789118395
1.191,-1.13,-1.491749175,-2.522973757,-51.67,-2.434994889,235.542,-0.8866655162,0.7595519858
1.192,-1.12,-1.480176211,-2.502392606,-51.33,-2.424219533,232.63,-0.9532196925,0.7409141777
1.193,-1.11,-1.468577729,-2.481781887,-50.89,-2.410195624,232.804,-0.9492195548,0.7387541447
1.194,-1.09,-1.443708609,-2.437642364,-50.39,-2.394149901,231.081,-0.9889625618,0.7205324657
1.195,-1.08,-1.432044199,-2.416964595,-49.91,-2.378635538,228.675,-1.044958427,0.7059729103
1.196,-1.06,-1.407079646,-2.372763164,-49.27,-2.357779802,226.638,-1.092828893,0.6876361168
1.197,-1.02,-1.355481728,-2.281638008,-47.9,-2.312473353,226.652,-1.09249842,0.6700901388
1.198,-0.93,-1.237250554,-2.074015844,-45.27,-2.22290193,226.51,-1.095851305,0.6249382517
1.199,-0.8,-1.065482797,-1.77531078,-40.95,-2.068022205,226.273,-1.101452002,0.5601278523
1.2,-0.67,-0.8933333333,-1.479425678,-36.57,-1.900564092,226.964,-1.08513889,0.4955032991
1.201,-0.63,-0.8409343715,-1.390056326,-35.1,-1.841889758,227.687,-1.068123407,0.4776804252
1.202,-0.72,-0.9621380846,-1.597266726,-38.25,-1.96607933,228.076,-1.058990807,0.5280098157
1.203,-0.89,-1.190635452,-1.992608643,-44.74,-2.20442772,228.083,-1.05882661,0.610620087
1.204,-1.05,-1.40625,-2.371295479,-50.57,-2.399939836,228.567,-1.047485754,0.6878452969
1.205,-1.11,-1.488268156,-2.516781518,-52.92,-2.474156267,228.646,-1.045636944,0.7150367558
1.206,-1.09,-1.463087248,-2.472030722,-52.3,-2.45482091,228.724,-1.043812163,0.7065704436
1.207,-1.05,-1.410974244,-2.379653985,-50.82,-2.407956254,229.057,-1.036028746,0.6909594511
1.208,-1.03,-1.385650224,-2.334879422,-50.28,-2.390604118,229.392,-1.02820999,0.6829500955
1.209,-1.06,-1.427609428,-2.409107175,-51.23,-2.42104016,229.939,-1.015467757,0.7010335007
1.21,-1.11,-1.496629213,-2.531657054,-53.14,-2.480975612,229.844,-1.017678582,0.723608826
1.211,-1.15,-1.552305962,-2.630923877,-54.55,-2.52417126,233.941,-0.9231540928,0.7631782927
1.212,-1.14,-1.540540541,-2.609916749,-54.39,-2.519313618,234.982,-0.8994002605,0.7634206436
1.213,-1.09,-1.474633596,-2.492541301,-52.83,-2.471360276,235.27,-0.8928471775,0.7408999996
1.214,-1.01,-1.367945824,-2.303621682,-50.37,-2.393505636,239.026,-0.8081109787,0.7195182805
1.215,-0.93,-1.261016949,-2.115619181,-47.57,-2.301423432,240.023,-0.7858420346,0.6852728424
1.216,-0.83,-1.126696833,-1.881364112,-44.43,-2.193554939,241.521,-0.75255608,0.6385924018
1.217,-0.71,-0.9648924122,-1.601995626,-40.67,-2.057638472,244.264,-0.6921375576,0.5825913124
1.218,-0.58,-0.7891156463,-1.301994371,-36.15,-1.88392969,247.055,-0.6313541944,0.5176331702
1.219,-0.45,-0.6129398411,-1.004960599,-31.69,-1.700785973,248.825,-0.5931613242,0.4380922787
1.22,-0.36,-0.4909090909,-0.8013570902,-28.46,-1.560454755,250.998,-0.5466423635,0.380313315
1.221,-0.32,-0.4368600683,-0.711738417,-26.97,-1.493452755,254.74,-0.4674706764,0.3629608405
1.222,-0.33,-0.4510250569,-0.7351921386,-27.05,-1.497087256,259.752,-0.3632317446,0.3951968121
1.223,-0.34,-0.4652223489,-0.7587230402,-27.49,-1.517001501,264.011,-0.2762223444,0.4231055939
1.224,-0.32,-0.4383561644,-0.7142144673,-26.75,-1.483436028,267.536,-0.2052633268,0.4229376089
1.225,-0.25,-0.3428571429,-0.5566911086,-24.18,-1.36402063,281.105,0.0594232596,0.4267148785
1.226,-0.13,-0.1784897025,-0.2880842881,-19.21,-1.120139165,283.946,0.1132218657,0.2861052127
1.227,0,0,0,-13.44,-0.8144595062,286.023,0.1522134571,-0
1.228,0.07,0.09633027523,0.1539203413,-10.57,-0.6529333971,286.086,0.1533917291,-0.3081231281
1.229,0.02,0.02755453502,0.04413924141,-12.69,-0.7728709424,286.922,0.1690026915,-0.0730941581
1.23,-0.1,-0.1379310345,-0.2222929845,-18.5,-1.083859896,287.316,0.1763442479,0.2449467235
1.231,-0.21,-0.2899884925,-0.4699470871,-23.28,-1.321140165,289.292,0.2130126305,0.4240911561
1.232,-0.21,-0.2903225806,-0.4704942081,-23.26,-1.320180922,291.718,0.2576906065,0.4428221146
1.233,-0.1,-0.1384083045,-0.2230660514,-18.77,-1.097699508,292.043,0.2636476684,0.2674486653
1.234,0.07,0.09699769053,0.1549829547,-11.41,-0.7008794776,292.171,0.2659920148,-0.356374851
1.235,0.2,0.2774566474,0.4403741677,-4.79,-0.307528872,291.94,0.2617604559,-9.621791716
1.236,0.27,0.375,0.5930408438,-1.09,-0.07172820793,292.202,0.2665596317,3.043866499
1.237,0.27,0.3754345307,0.5937184296,-0.63,-0.04158482232,292.495,0.2719215547,2.577610716
1.238,0.21,0.2923433875,0.4637460493,-2.86,-0.1859971949,293.299,0.2866072725,4.609339939
1.239,0.07,0.09756097561,0.1558797383,-8.1,-0.5086763819,290.356,0.2326535381,-0.5647349185
1.24,-0.15,-0.2093023256,-0.3381956723,-15.96,-0.9510336805,286.236,0.1561960945,0.4254902866
1.241,-0.4,-0.5587892899,-0.9143962446,-24.58,-1.382900269,280.395,0.04589342158,0.6839129105
1.242,-0.64,-0.8951048951,-1.482452822,-32.65,-1.741228833,273.261,-0.09198646229,0.8086626955
1.243,-0.89,-1.246207701,-2.089687624,-41.25,-2.079100039,266.134,-0.2333732721,0.9036591313
1.244,-1.17,-1.640186916,-2.788350361,-50.63,-2.401866441,249.658,-0.5752808583,0.9365846166
1.245,-1.4,-1.964912281,-3.377934478,-58.28,-2.634325334,244.574,-0.6853520776,1.017549014
1.246,-1.52,-2.135831382,-3.693246712,-62.42,-2.750006971,240.251,-0.7807624338,1.046017536
1.247,-1.61,-2.264947245,-3.933719665,-65.4,-2.8293046,237.978,-0.8316194148,1.074515518
1.248,-1.73,-2.436619718,-4.25649097,-69.43,-2.931686059,235.09,-0.8969419137,1.11175361
1.249,-1.81,-2.552291422,-4.47592777,-72.31,-3.001699638,235.874,-0.8791299201,1.153343042
1.25,-1.76,-2.484705882,-4.347522341,-70.64,-2.961407104,236.574,-0.8632763119,1.13670123
1.251,-1.57,-2.219081272,-3.848071509,-65.17,-2.82329673,238.082,-0.8292818943,1.053521883
1.252,-1.41,-1.995283019,-3.433711366,-60.33,-2.692438809,239.871,-0.7892311165,0.9862254146
1.253,-1.37,-1.940968123,-3.334036748,-58.94,-2.653217442,241.451,-0.7541068946,0.9784911616
1.254,-1.37,-1.943262411,-3.338240031,-58.99,-2.654641539,243.066,-0.7184413473,0.9896703235
1.255,-1.34,-1.90295858,-3.264490979,-58.16,-2.630871517,244.661,-0.683449311,0.9849652909
1.256,-1.29,-1.834123223,-3.138976219,-56.45,-2.58101252,246.491,-0.6435816314,0.9734484626
1.257,-1.24,-1.765124555,-3.013723287,-54.88,-2.534154962,247.148,-0.6293406493,0.9526560672
1.258,-1.19,-1.695961995,-2.888735112,-53.56,-2.493934332,247.856,-0.6140365201,0.9294601685
1.259,-1.15,-1.640903686,-2.789638092,-52.13,-2.449488871,247.566,-0.620299868,0.9087394376
1.26,-1.09,-1.557142857,-2.639564866,-50.43,-2.395437867,247.035,-0.6317873138,0.8719420288
1.261,-1.04,-1.487485101,-2.515388771,-48.61,-2.336066847,246.151,-0.6509663054,0.8421027296
1.262,-0.98,-1.403341289,-2.366150463,-46.73,-2.27305349,243.463,-0.7097103139,0.7932744993
1.263,-0.92,-1.318996416,-2.217391765,-44.77,-2.205477289,239.197,-0.8042849392,0.7367332025
1.264,-0.86,-1.234449761,-2.069117403,-42.75,-2.133758352,237.662,-0.8387281535,0.6960897547
1.265,-0.8,-1.149700599,-1.921332138,-40.78,-2.061722923,235.69,-0.8833049633,0.6523986231
1.266,-0.74,-1.064748201,-1.774040771,-38.94,-1.992519718,231.193,-0.9863701598,0.5955375472
1.267,-0.69,-0.993997599,-1.652020835,-37.2,-1.925323051,231.661,-0.9755511938,0.5694906762
1.268,-0.64,-0.9230769231,-1.530298793,-35.54,-1.859585803,232.35,-0.9596629812,0.5428037432
1.269,-0.6,-0.8664259928,-1.433493347,-34.05,-1.799193764,233.628,-0.9303168869,0.5251832766
1.27,-0.56,-0.8096385542,-1.336833688,-32.85,-1.749582831,235.743,-0.8821020352,0.5079763559
1.271,-0.54,-0.7816646562,-1.28935797,-31.96,-1.712218248,242.374,-0.733694324,0.5271480202
1.272,-0.52,-0.7536231884,-1.241860003,-31.17,-1.678640148,248.14,-0.6079098571,0.5431151734
1.273,-0.49,-0.7110036276,-1.169846175,-30.19,-1.636441812,254.412,-0.4743637074,0.5542178872
1.274,-0.46,-0.6682808717,-1.097872521,-28.92,-1.580847375,257.971,-0.4000405693,0.554232522
1.275,-0.42,-0.6109090909,-1.001558033,-27.45,-1.515196385,261.084,-0.335867217,0.5410716472
1.276,-0.37,-0.5388349515,-0.8811105243,-25.82,-1.440736739,265.018,-0.2558550053,0.5193415135
1.277,-0.32,-0.4665856622,-0.7609838737,-23.79,-1.345507527,266.631,-0.22339157,0.4850432224
1.278,-0.25,-0.3649635036,-0.5930595557,-20.99,-1.209491929,271.812,-0.1204309762,0.4459352896
1.279,-0.19,-0.2777101096,-0.4498484484,-18.58,-1.087966071,275.736,-0.04374816697,0.3974929653
1.28,-0.2,-0.2926829268,-0.4743600143,-18.74,-1.096164401,271.842,-0.1198405271,0.3900971151
1.281,-0.27,-0.3956043956,-0.6435637532,-21.35,-1.227288007,267.175,-0.2124872301,0.4469890413
1.282,-0.37,-0.5427872861,-0.8876996701,-24.93,-1.399330515,256.508,-0.4304677436,0.4851352688
1.283,-0.47,-0.6903304774,-1.134991961,-28.24,-1.550653229,242.644,-0.7277378434,0.4981550247
1.284,-0.56,-0.8235294118,-1.360442685,-31.56,-1.695265355,238.371,-0.8227916415,0.5402747781
1.285,-0.71,-1.045398773,-1.740611281,-36.52,-1.898589211,233.351,-0.936663854,0.6139174322
1.286,-0.91,-1.341523342,-2.257040468,-43.68,-2.167043207,227.803,-1.065398429,0.698246317
1.287,-1.14,-1.682656827,-2.864755038,-51.64,-2.434046262,225.379,-1.12263161,0.8054581102
1.288,-1.34,-1.980295567,-3.406172836,-58.47,-2.639781953,223.764,-1.161106159,0.8961518297
1.289,-1.45,-2.145499383,-3.711185014,-62.4,-2.749463881,226.718,-1.090940752,0.9663526029
1.29,-1.47,-2.177777778,-3.771154987,-62.95,-2.764344966,228.204,-1.055989141,0.9871270105
1.291,-1.43,-2.121137206,-3.666003762,-61.73,-2.731184136,230.313,-1.006772953,0.980750628
1.292,-1.38,-2.04950495,-3.533561672,-60.12,-2.686561925,232.311,-0.9605610552,0.9688627695
1.293,-1.33,-1.977695167,-3.401397453,-58.73,-2.647225312,233.243,-0.9391405255,0.948424563
1.294,-1.29,-1.920595533,-3.296740035,-57.38,-2.608278556,234.952,-0.9000833351,0.9396807221
1.295,-1.25,-1.863354037,-3.192207723,-56.26,-2.57539756,236.856,-0.856902824,0.9300490534
1.296,-1.27,-1.895522388,-3.250904921,-56.84,-2.592490517,239.057,-0.8074171661,0.9561744683
1.297,-1.33,-1.9875467,-3.419493051,-59.07,-2.656918019,241.648,-0.7497436065,1.003766569
1.298,-1.34,-2.004987531,-3.451556915,-59.42,-2.666847679,241.717,-0.7482161893,1.010685905
1.299,-1.25,-1.872659176,-3.209174178,-56.69,-2.588083433,242.444,-0.7321494143,0.9665509397
1.3,-1.12,-1.68,-2.859969101,-52.6,-2.464198403,245.067,-0.6745786706,0.9111730569
1.301,-1.04,-1.561952441,-2.648159792,-49.97,-2.380580783,246.769,-0.6375511397,0.8774168459
1.302,-1.03,-1.54887218,-2.624791186,-49.82,-2.375714473,246.862,-0.6355352614,0.8716617411
1.303,-1.03,-1.550815558,-2.628261865,-49.68,-2.371162954,246.304,-0.6476419406,0.8706299203
1.304,-0.97,-1.462311558,-2.470653372,-47.8,-2.309130542,248.507,-0.6000030325,0.8492746409
1.305,-0.88,-1.328301887,-2.233762697,-45.02,-2.214205664,251.048,-0.5455767241,0.8093981275
1.306,-0.79,-1.19395466,-1.998396752,-41.9,-2.102934146,253.759,-0.4881132205,0.7712698645
1.307,-0.68,-1.029003783,-1.712320578,-38.39,-1.971465875,256.532,-0.4299671978,0.7130411411
1.308,-0.56,-0.8484848485,-1.40291416,-34.35,-1.811460118,259.889,-0.3604107585,0.6459473144
1.309,-0.45,-0.6826801517,-1.122106528,-30.43,-1.646832218,261.408,-0.3292320906,0.5678491953
1.31,-0.38,-0.5772151899,-0.9451739978,-27.54,-1.519256417,262.957,-0.2976236724,0.5202181495
1.311,-0.32,-0.4866920152,-0.7943523925,-25.47,-1.424517135,264.052,-0.2753915723,0.4672912075
1.312,-0.27,-0.4111675127,-0.6692581493,-23.68,-1.34026699,266.251,-0.2310217783,0.4259294427
1.313,-0.26,-0.3964421855,-0.6449462017,-23.21,-1.317781603,265.674,-0.2426284943,0.4133183981
1.314,-0.26,-0.3969465649,-0.6457785248,-23.14,-1.314419647,266.032,-0.235424136,0.4166733008
1.315,-0.24,-0.3668789809,-0.5962135251,-22.27,-1.272351038,264.958,-0.2570663809,0.389830479
1.316,-0.22,-0.3367346939,-0.5466288848,-21.63,-1.241065966,262.727,-0.3023051924,0.354178502
1.317,-0.26,-0.398467433,-0.6482884312,-23.16,-1.315380552,259.704,-0.3642204712,0.3859776353
1.318,-0.43,-0.6598465473,-1.083688875,-29.35,-1.599786467,256.463,-0.4314063931,0.5335233774
1.319,-0.68,-1.044814341,-1.739602258,-39.03,-1.995948625,253.214,-0.4996158099,0.6970776767
1.32,-0.91,-1.4,-2.36024152,-47.52,-2.299744527,249.437,-0.5800188344,0.8195956487
1.321,-1.05,-1.61745828,-2.747548042,-52.73,-2.468249347,247.433,-0.6231748234,0.8887644951
1.322,-1.11,-1.712082262,-2.917816785,-54.87,-2.533853119,245.377,-0.6678154103,0.9113425572
1.323,-1.11,-1.714285714,-2.921794286,-55,-2.537773694,243.683,-0.7048780866,0.9010508939
1.324,-1.09,-1.68556701,-2.869998319,-54.25,-2.515054007,242.612,-0.7284434503,0.8848467915
1.325,-1.06,-1.641290323,-2.790332738,-53.32,-2.486538973,242.476,-0.7314433185,0.8671063062
1.326,-1.04,-1.612403101,-2.738481278,-52.73,-2.468249347,241.751,-0.7474637093,0.8515937926
1.327,-1.05,-1.630012937,-2.770078575,-53.19,-2.482522441,240.85,-0.7674402763,0.852341647
1.328,-1.09,-1.694300518,-2.885739472,-54.55,-2.52417126,239.39,-0.7999699451,0.8681157913
1.329,-1.12,-1.743190661,-2.974024162,-55.58,-2.555176805,238.453,-0.8209515496,0.8808978361
1.33,-1.12,-1.745454545,-2.978119045,-55.67,-2.557864367,236.232,-0.8710160627,0.8685397773
1.331,-1.1,-1.716514954,-2.925818918,-55.21,-2.544091518,233.544,-0.9322408036,0.8416395926
1.332,-1.08,-1.6875,-2.873481539,-54.5,-2.522654446,231.601,-0.9769370186,0.8210905667
1.333,-1.05,-1.642764016,-2.792980594,-53.67,-2.497315323,230.816,-0.9951013769,0.7997271901
1.334,-1.02,-1.597911227,-2.712505909,-52.71,-2.467626621,227.308,-1.077036254,0.76523664
1.335,-0.99,-1.552941176,-2.632058515,-51.74,-2.437206744,224.276,-1.148878674,0.7339642557
1.336,-0.96,-1.507853403,-2.551639454,-50.8,-2.407316014,222.892,-1.18199564,0.7108993867
1.337,-0.93,-1.462647444,-2.471249778,-49.89,-2.377986745,224.227,-1.150047674,0.7004607905
1.338,-0.9,-1.417322835,-2.39089055,-48.97,-2.34793628,223.541,-1.166440551,0.6803170703
1.339,-0.88,-1.387647832,-2.338408584,-48.05,-2.317478381,221.298,-1.220393337,0.6609647749
1.34,-0.85,-1.342105263,-2.258065475,-47.14,-2.286944474,223.575,-1.165626892,0.6540242722
1.341,-0.82,-1.296442688,-2.177755716,-46.28,-2.257710568,226.212,-1.10289448,0.6480248897
1.342,-0.79,-1.250659631,-2.097480409,-45.34,-2.225331147,229.763,-1.019564324,0.6463938291
1.343,-0.75,-1.188903567,-1.989589059,-44.12,-2.182632322,236.438,-0.8663527667,0.6525414198
1.344,-0.7,-1.111111111,-1.85432,-42.47,-2.123647225,245.481,-0.6655483595,0.6648225067
1.345,-0.62,-0.9854304636,-1.637285521,-39.66,-2.019823652,250.62,-0.5547054729,0.6359553306
1.346,-0.48,-0.7639257294,-1.259300181,-34.81,-1.830163511,257.336,-0.4132259199,0.5613381984
1.347,-0.28,-0.4462151394,-0.7272254558,-27.83,-1.532302568,261.531,-0.3267153535,0.3911879749
1.348,-0.08,-0.1276595745,-0.2056620951,-20.02,-1.161081853,266.35,-0.2290328598,0.1479461322
1.349,0.06,0.09587217044,0.1531909476,-13.68,-0.8276758944,268.95,-0.1770615936,-0.1524686293
1.35,0.14,0.224,0.3562333358,-9.81,-0.6090696898,270.035,-0.155522004,-0.4659131648
1.351,0.2,0.3204272363,0.5077661161,-7.17,-0.4530769328,276.799,-0.02316283929,-1.066198469
1.352,0.26,0.4171122995,0.6586054208,-4.05,-0.2613058477,285.58,0.1439208118,-5.610642069
1.353,0.34,0.546184739,0.8582579842,0.27,0.0179292053,292.559,0.2730920449,2.949124793
1.354,0.4,0.6434316354,1.007386936,1.8,0.1207514154,293.615,0.2923682534,2.438486985
1.355,0.37,0.5959731544,0.9347479838,1.05,0.07008766376,292.447,0.2710435189,2.740142301
1.356,0.23,0.3709677419,0.5867520786,-3.99,-0.2575376895,291.558,0.2547554608,-210.892834
1.357,0.03,0.04845222073,0.07755538503,-11.63,-0.7133445598,288.426,0.1969733052,-0.150193072
1.358,-0.13,-0.2102425876,-0.339726602,-17.88,-1.051878061,284.524,0.1241012474,0.3661727659
1.359,-0.24,-0.3886639676,-0.6321144351,-21.72,-1.24548284,280.419,0.04635132741,0.5271435437
1.36,-0.32,-0.5189189189,-0.8479354259,-24.87,-1.396519814,274.804,-0.06186203613,0.5814220919
1.361,-0.43,-0.698240866,-1.148322661,-28.68,-1.570224845,268.357,-0.1888706759,0.6527915328
1.362,-0.54,-0.8780487805,-1.453323641,-32.94,-1.75333412,256.938,-0.4215067212,0.6682436771
1.363,-0.65,-1.05834464,-1.762972632,-36.88,-1.912775862,248.129,-0.6081470269,0.6993361994
1.364,-0.75,-1.222826087,-2.04879807,-40.41,-2.04795787,244.046,-0.6969144414,0.7464092451
1.365,-0.85,-1.387755102,-2.338598111,-44.15,-2.183691534,241.633,-0.7500757114,0.7971314406
1.366,-0.98,-1.602179837,-2.720154436,-48.77,-2.341349877,239.196,-0.8043073058,0.8647332745
1.367,-1.12,-1.833560709,-3.137952826,-53.56,-2.493934332,238.21,-0.8264063473,0.9450695364
1.368,-1.21,-1.983606557,-3.412254305,-57.07,-2.599229838,236.168,-0.8724656817,0.982878333
1.369,-1.25,-2.051983584,-3.538134374,-58.51,-2.640928857,234.893,-0.9014269698,0.9988082921
1.37,-1.24,-2.038356164,-3.513002798,-58.13,-2.63000715,233.378,-0.9360448653,0.9851238241
1.371,-1.21,-1.991769547,-3.427253204,-57.05,-2.598644683,235.369,-0.8905964078,0.9822345647
1.372,-1.17,-1.928571429,-3.311335929,-55.8,-2.561740305,238.853,-0.8119845536,0.9815074041
1.373,-1.11,-1.83218707,-3.135453891,-54.22,-2.514140117,243.499,-0.708919287,0.9728191441
1.374,-1.07,-1.768595041,-3.020009862,-52.83,-2.471360276,244.522,-0.6864896866,0.9563500157
1.375,-1.06,-1.754482759,-2.994455157,-52.46,-2.459827311,245.951,-0.6553149976,0.9612579012
1.376,-1.08,-1.790055249,-3.058915202,-53.39,-2.4886986,247.842,-0.6143387202,0.9857809904
1.377,-1.12,-1.858921162,-3.184128657,-54.54,-2.523867984,249.614,-0.5762238313,1.027107856
1.378,-1.1,-1.828254848,-3.128301588,-54.2,-2.513530638,250.888,-0.5489875177,1.021480177
1.379,-1.05,-1.747572816,-2.981951091,-52.55,-2.462638316,250.701,-0.5529766404,0.9888368156
1.38,-1.01,-1.683333333,-2.865973812,-51.18,-2.419448739,251.855,-0.5284065991,0.9722233566
1.381,-0.99,-1.652294854,-2.810111283,-50.58,-2.400261054,252.847,-0.5073755477,0.966458904
1.382,-0.95,-1.587743733,-2.69429635,-49.31,-2.35908901,253.481,-0.4939775062,0.9443510461
1.383,-0.83,-1.389121339,-2.341012121,-45.59,-2.2339865,254.811,-0.465979756,0.8670523628
1.384,-0.67,-1.122905028,-1.874781997,-40.15,-2.038239983,256.806,-0.4242559505,0.7613340479
1.385,-0.55,-0.9230769231,-1.530298793,-36.13,-1.883135,258.668,-0.3856051424,0.6745147953
1.386,-0.53,-0.8907563025,-1.475022853,-35.35,-1.851958417,260.553,-0.3467592779,0.6708559524
1.387,-0.56,-0.9424964937,-1.563569995,-36.55,-1.899774315,262.455,-0.3078468909,0.7082600907
1.388,-0.56,-0.9438202247,-1.565839535,-36.61,-1.902142947,264.129,-0.2738316904,0.719603762
1.389,-0.49,-0.8270042194,-1.366352043,-34.41,-1.813906888,265.025,-0.255713696,0.6601944593
1.39,-0.39,-0.6591549296,-1.082526182,-30.65,-1.656324707,265.945,-0.2371740236,0.5717068433
1.391,-0.27,-0.4569816643,-0.7450618613,-26.18,-1.457333993,267.753,-0.2009256697,0.4493034946
1.392,-0.14,-0.2372881356,-0.3838065613,-21.21,-1.220378231,269.933,-0.1575432349,0.2785402295
1.393,-0.01,-0.01697312588,-0.02723349476,-15.8,-0.9425056566,272.036,-0.1160238622,0.0257276668
1.394,0.09,0.1529745042,0.243918868,-10.99,-0.6769763532,276.175,-0.03523719149,-0.3424799624
1.395,0.16,0.2723404255,0.4323357807,-7.66,-0.4824596762,287.951,0.18815529,-1.469008961
1.396,0.18,0.3068181818,0.4864461764,-6.53,-0.4144013617,288.32,0.1950067549,-2.217220302
1.397,0.15,0.2560455192,0.4067133976,-7.6,-0.4788723866,287.714,0.1837501235,-1.378118321
1.398,0.09,0.1538461538,0.2453008284,-10.23,-0.6333672186,287.379,0.1775172179,-0.5381174246
1.399,-0.02,-0.03423680456,-0.05496796218,-14.26,-0.8594324604,284.271,0.1193418874,0.07427193939
1.4,-0.15,-0.2571428571,-0.4162214057,-19.25,-1.12217216,280.945,0.05637726717,0.3905267405
1.401,-0.29,-0.4978540773,-0.8128974963,-24.6,-1.383841386,275.656,-0.04530060155,0.5688010734
1.402,-0.43,-0.7392550143,-1.217558363,-29.94,-1.625579557,266.736,-0.2212851404,0.6592569369
1.403,-0.56,-0.9641319943,-1.600689977,-34.79,-1.829352954,254.286,-0.4770140029,0.694030918
1.404,-0.68,-1.172413793,-1.960856409,-39.04,-1.996329333,249.697,-0.5744451803,0.7627492799
1.405,-0.79,-1.364028777,-2.296710981,-43.13,-2.147413873,245.063,-0.6746659944,0.8138362799
1.406,-0.91,-1.573487032,-2.668783682,-47.45,-2.297391987,240.32,-0.7792261364,0.8674406685
1.407,-1.03,-1.783549784,-3.04711568,-51.83,-2.440047255,238.023,-0.8306078623,0.9316530087
1.408,-1.13,-1.959537572,-3.368074949,-55.64,-2.556968897,235.534,-0.8868472279,0.9780066144
1.409,-1.21,-2.10130246,-3.62927051,-58.47,-2.639781953,233.742,-0.9277069633,1.01731795
1.41,-1.27,-2.208695652,-3.828712223,-60.48,-2.696626096,231.724,-0.9740964639,1.043040481
1.411,-1.31,-2.281567489,-3.964816707,-61.94,-2.736931691,233.233,-0.9393699049,1.078479718
1.412,-1.33,-2.319767442,-4.036413341,-62.9,-2.762996745,234.981,-0.8994230283,1.102116521
1.413,-1.34,-2.340611354,-4.075552663,-63.24,-2.772146596,236.717,-0.860043417,1.122064828
1.414,-1.34,-2.344023324,-4.081964304,-63.18,-2.770534986,238.524,-0.8193588103,1.137071049
1.415,-1.32,-2.312408759,-4.022607903,-62.71,-2.757865126,240.486,-0.7755319228,1.138453405
1.416,-1.28,-2.245614035,-3.897587472,-61.42,-2.72266926,242.485,-0.7312447458,1.128455273
1.417,-1.2,-2.108345534,-3.642308735,-59.05,-2.656349138,243.463,-0.7097103139,1.082069044
1.418,-1.1,-1.935483871,-3.323991759,-55.75,-2.560250412,244.408,-0.6889845223,1.023007516
1.419,-0.98,-1.726872247,-2.94452547,-52.01,-2.445717156,245.787,-0.6588835647,0.9484393438
1.42,-0.85,-1.5,-2.5376565,-48.04,-2.317145055,247.21,-0.6279987068,0.8616409606
1.421,-0.72,-1.272459499,-2.135673198,-43.9,-2.17485042,249.446,-0.5798258031,0.7752900978
1.422,-0.62,-1.097345133,-1.830457255,-40.36,-2.046091946,248.125,-0.608233273,0.6896130293
1.423,-0.56,-0.9926144756,-1.649641304,-38.29,-1.96761948,251.996,-0.5254122614,0.6617008828
1.424,-0.53,-0.9408284024,-1.560710342,-37.43,-1.934304779,255.835,-0.4445229842,0.656083793
1.425,-0.48,-0.8533333333,-1.411174263,-35.75,-1.867991233,259.795,-0.3623461654,0.6327178411
1.426,-0.35,-0.6231454006,-1.022067583,-31,-1.671363433,265.596,-0.244199447,0.5335599232
1.427,-0.13,-0.2317979198,-0.3748514156,-22.68,-1.292242177,271.128,-0.1339109258,0.2628409354
1.428,0.1,0.1785714286,0.284464375,-13.08,-0.794551446,285.032,0.1336448242,-0.4304153804
1.429,0.24,0.4292101341,0.6774019317,-6.21,-0.3949363368,287.516,0.1800670749,-3.15262372
1.43,0.28,0.5014925373,0.7893488406,-4.14,-0.2669523509,290.333,0.2322297312,-22.73298637
1.431,0.27,0.4843049327,0.7627853684,-4.86,-0.3118773546,292.425,0.2706410377,-18.49790245
1.432,0.26,0.4670658683,0.7361074431,-5.24,-0.3354114036,293.967,0.2987782531,-20.09402504
1.433,0.27,0.4857571214,0.7650310731,-4.61,-0.2963280737,294.694,0.3119928264,48.837737
1.434,0.3,0.5405405405,0.8495683857,-2.82,-0.1834447491,295.669,0.3296641735,5.810229312
1.435,0.38,0.6857142857,1.071880594,0.74,0.04929329924,296.043,0.3364272619,2.778904477
1.436,0.53,0.9578313253,1.481906138,4.4,0.300316544,297.749,0.3671690877,2.220131892
1.437,0.69,1.248868778,1.910796785,8.72,0.612475389,297.624,0.3649225968,1.954983346
1.438,0.78,1.413897281,2.149564234,11.04,0.7874242588,296.713,0.3485216195,1.892312191
1.439,0.75,1.361573374,2.07420767,10.36,0.7356080126,296.032,0.3362284695,1.935190399
1.44,0.68,1.236363636,1.892573392,8.61,0.6043087435,295.296,0.3229106424,2.041127937
1.441,0.67,1.220030349,1.868743635,8.3,0.5813556798,294.699,0.3120835978,2.091629148
1.442,0.73,1.331306991,2.030471126,9.89,0.7000555195,294.364,0.3059985095,2.018252567
1.443,0.8,1.461187215,2.217393712,11.68,0.836603557,294.185,0.3027442349,1.946195646
1.444,0.81,1.481707317,2.246744481,12.16,0.8737509405,293.32,0.286990315,1.935611809
1.445,0.74,1.355725191,2.065765135,10.43,0.7409213337,292.674,0.2751946263,2.033001366
1.446,0.57,1.04587156,1.612699249,6.11,0.4217921938,293.447,0.2893062258,2.267898795
1.447,0.3,0.5513016845,0.8661326038,-0.82,-0.05405781652,289.761,0.2216790239,5.167201796
1.448,-0.01,-0.01840490798,-0.02953234935,-13.11,-0.7962142848,284.751,0.1283679026,0.04422027302
1.449,-0.3,-0.5529953917,-0.9047266478,-23.98,-1.354539769,279.309,0.02513206454,0.6805486721
1.45,-0.55,-1.015384615,-1.688843804,-33.17,-1.76289821,270.747,-0.1414342489,0.8868429437
1.451,-0.78,-1.442218798,-2.43500045,-41.47,-2.087192618,262.5,-0.3069296694,1.017074384
1.452,-1,-1.851851852,-3.171249383,-49.71,-2.372139063,244.294,-0.691480522,1.03513158
1.453,-1.21,-2.244204019,-3.894953987,-57.3,-2.605947207,237.39,-0.8448546414,1.128709836
1.454,-1.37,-2.544891641,-4.461842757,-62.83,-2.761107694,231.492,-0.9794555193,1.192826455
1.455,-1.45,-2.697674419,-4.753962064,-65.9,-2.84230205,228.91,-1.039463273,1.224690745
1.456,-1.48,-2.757763975,-4.869605431,-66.81,-2.865738335,222.538,-1.190499335,1.200522708
1.457,-1.47,-2.743390358,-4.841904496,-66.43,-2.855985858,222.839,-1.183267932,1.198712621
1.458,-1.43,-2.672897196,-4.706401611,-65.25,-2.82538851,230.355,-1.005797413,1.22844511
1.459,-1.36,-2.546021841,-4.463993604,-63.1,-2.76838413,234.218,-0.9168231233,1.211327694
1.46,-1.27,-2.38125,-4.152008252,-60.38,-2.693835541,237.787,-0.8359150231,1.176289422
1.461,-1.18,-2.215962441,-3.842256528,-57.54,-2.612933339,240.082,-0.7845271139,1.130920163
1.462,-1.08,-2.031347962,-3.500086839,-54.74,-2.529925227,243.305,-0.7131834264,1.079238229
1.463,-0.99,-1.864992151,-3.195193826,-51.72,-2.436575014,248.153,-0.6076295791,1.049598911
1.464,-0.86,-1.622641509,-2.756847596,-47.82,-2.309799497,253.098,-0.5020672628,0.9804332252
1.465,-0.69,-1.303937008,-2.190919635,-42.3,-2.117487887,256.412,-0.4324703951,0.8591982272
1.466,-0.49,-0.927444795,-1.537778321,-35.59,-1.861589459,261.6,-0.3253040435,0.7031793361
1.467,-0.33,-0.6255924171,-1.026171196,-29.64,-1.612492258,266.3,-0.2300372717,0.5569360923
1.468,-0.24,-0.4556962025,-0.7429315789,-26.3,-1.462847148,272.378,-0.1093021385,0.4725579086
1.469,-0.22,-0.4183835182,-0.6811813028,-25.69,-1.434721931,278.975,0.01873066234,0.4810632085
1.47,-0.24,-0.4571428571,-0.7453290057,-26.57,-1.475216641,293.112,0.2831951604,0.6252647438
1.471,-0.25,-0.4769475358,-0.7781745057,-27,-1.494816189,296.062,0.3367706132,0.6719722624
1.472,-0.22,-0.4203821656,-0.6844847924,-25.67,-1.433795568,297.6,0.3644911626,0.6401215492
1.473,-0.12,-0.2296650718,-0.3713734627,-21.78,-1.248424252,298.342,0.3778136069,0.426566646
1.474,0.03,0.05750798722,0.09201991716,-15.74,-0.9393026778,298.989,0.389403333,-0.167339565
1.475,0.16,0.3072,0.4870446298,-9.41,-0.5857976064,299.087,0.3911566219,-2.502271713
1.476,0.26,0.5,0.7870435,-4.45,-0.2863488262,298.969,0.3890454484,7.663772026
1.477,0.33,0.6356340289,0.9954702807,-0.3,-0.0198458683,298.481,0.3803056356,2.761668211
1.478,0.41,0.7909967846,1.23155365,1.87,0.1255057383,297.938,0.3705639915,2.482622051
1.479,0.49,0.9468599034,1.465543007,3.94,0.2680991864,296.66,0.3475658969,2.380422484
1.48,0.54,1.04516129,1.611647718,5.21,0.3575202108,295.246,0.322004695,2.371727224
1.481,0.55,1.066235864,1.642822686,5.36,0.3681799878,293.622,0.2924957999,2.486579222
1.482,0.53,1.029126214,1.587892509,4.83,0.3306085758,290.743,0.2397795194,2.783880875
1.483,0.51,0.9918962723,1.532621423,4.37,0.298209494,282.003,0.07648678586,4.09030328
1.484,0.5,0.974025974,1.506033471,4.27,0.2911919638,283.031,0.09595395445,3.890092598
1.485,0.47,0.9170731707,1.421046679,3.37,0.2284462113,286.087,0.1534104297,3.721414076
1.486,0.35,0.6840390879,1.069329421,0.4,0.02658478558,295.003,0.3175996047,3.106850429
1.487,0.13,0.2544861338,0.4042597556,-7.7,-0.4848495626,292.233,0.2671271884,-1.856767166
1.488,-0.15,-0.2941176471,-0.4767101384,-18.1,-1.063258747,290.088,0.2277131817,0.5705375724
1.489,-0.43,-0.8445171849,-1.396156722,-28.14,-1.546187575,285.729,0.1467114208,0.9976280897
1.49,-0.66,-1.298360656,-2.181124035,-36.4,-1.893843543,280.515,0.04818255891,1.181757675
1.491,-0.85,-1.674876847,-2.850742735,-43.14,-2.147772195,272.919,-0.09868645218,1.268994085
1.492,-1.02,-2.013157895,-3.466589924,-48.98,-2.348265094,256.571,-0.4291539108,1.248133579
1.493,-1.18,-2.332784185,-4.060849326,-54.67,-2.52780717,250.854,-0.5497125915,1.319520146
1.494,-1.32,-2.613861386,-4.593372154,-59.5,-2.669110496,245.509,-0.6649381638,1.377715991
1.495,-1.4,-2.776859504,-4.906444073,-62.09,-2.741026956,242.312,-0.7350630452,1.411483613
1.496,-1.4,-2.781456954,-4.915319774,-62.18,-2.743480076,239.04,-0.8077976328,1.384098957
1.497,-1.35,-2.686567164,-4.732632497,-60.83,-2.706362615,238.425,-0.8215798025,1.341471015
1.498,-1.3,-2.591362126,-4.550403208,-59.22,-2.661179545,238.717,-0.8150316462,1.3090123
1.499,-1.26,-2.515806988,-4.406544409,-57.84,-2.621632716,239.646,-0.7942517939,1.29001563
1.5,-1.21,-2.42,-4.225091649,-56.5,-2.582487618,240.082,-0.7845271139,1.254847984
1.501,-1.17,-2.34,-4.074403975,-55.18,-2.543190135,241.849,-0.7452953884,1.238991003
1.502,-1.13,-2.26,-3.924469479,-53.88,-2.503755071,243.154,-0.7165047753,1.218680997
1.503,-1.09,-2.18,-3.775288161,-52.6,-2.464198403,245.33,-0.6688402581,1.204992523
1.504,-1.05,-2.1,-3.62686002,-51.33,-2.424219533,247.733,-0.6166921481,1.192688378
1.505,-1.01,-2.02,-3.479185057,-50.17,-2.387052641,250.552,-0.5561572698,1.182105647
1.506,-0.97,-1.94,-3.332263271,-48.91,-2.345962384,253.7,-0.4893572619,1.175268995
1.507,-0.91,-1.82,-3.113292801,-46.9,-2.278823328,256.113,-0.4387126279,1.145630767
1.508,-0.81,-1.62,-2.752107905,-43.64,-2.165620988,259.125,-0.3761614047,1.082747253
1.509,-0.67,-1.34,-2.254357415,-39.1,-1.9986124,262.683,-0.3032012546,0.9793831097
1.51,-0.51,-1.02,-1.696797377,-33.67,-1.78357836,266.697,-0.2220674317,0.8460104888
1.511,-0.36,-0.72,-1.185029453,-28.15,-1.546634434,268.97,-0.1766637649,0.6876519999
1.512,-0.23,-0.46,-0.7500646472,-23.19,-1.31682139,271.555,-0.1254918286,0.5200428293
1.513,-0.12,-0.24,-0.3882312192,-18.93,-1.105875675,272.583,-0.1052770796,0.3205468656
1.514,-0.03,-0.06,-0.0964223112,-14.94,-0.8963363049,273.129,-0.09457142912,0.09730705281
1.515,0.04,0.08,0.1279040512,-11.38,-0.6991767359,273.393,-0.08940274383,-0.1621955104
1.516,0.08,0.16,0.2550549248,-9.62,-0.5980314896,273.636,-0.08464961343,-0.3736077118
1.517,0.06,0.12,0.1915736352,-10.41,-0.6437372678,273.912,-0.07925611323,-0.2649728756
1.518,-0.01,-0.02,-0.0320936968,-12.89,-0.7840039152,274.589,-0.06604938493,0.03775492289
1.519,-0.1,-0.2,-0.32305528,-15.95,-0.9505012434,274.757,-0.06277713018,0.3188218445
1.52,-0.19,-0.38,-0.6178298248,-19.07,-1.113014539,275.381,-0.05064053379,0.530938969
1.521,-0.29,-0.58,-0.9498290888,-22.52,-1.28449375,275.253,-0.05312784846,0.7100880323
1.522,-0.4,-0.8,-1.32046528,-26.36,-1.465600122,275.155,-0.05503298067,0.8683654707
1.523,-0.51,-1.02,-1.696797377,-30.11,-1.632970217,273.306,-0.09110550899,0.9841779869
1.524,-0.6,-1.2,-2.00894208,-33.22,-1.764973081,271.233,-0.1318394273,1.059114737
1.525,-0.67,-1.34,-2.254357415,-35.57,-1.860788174,267.479,-0.2064032948,1.090541176
1.526,-0.73,-1.46,-2.466549287,-37.36,-1.93157444,263.029,-0.2961589947,1.10720127
1.527,-0.77,-1.54,-2.608952007,-39.01,-1.99518704,255.979,-0.4415125155,1.070690887
1.528,-0.82,-1.64,-2.788014563,-40.7,-2.058753072,250.493,-0.5574172365,1.065685423
1.529,-0.87,-1.74,-2.968253959,-42.22,-2.114584017,245.161,-0.6725269722,1.064993095
1.53,-0.92,-1.84,-3.149670195,-44.08,-2.181219309,240.229,-0.7812523606,1.06318998
1.531,-1.02,-2.04,-3.516033187,-47.17,-2.287957604,236.214,-0.8714237284,1.112886612
1.532,-1.16,-2.32,-4.036849741,-51.96,-2.444143669,232.911,-0.9467611843,1.190493368
1.533,-1.33,-2.66,-4.681673735,-57.92,-2.623946329,230.629,-0.9994375386,1.292072247
1.534,-1.48,-2.96,-5.261933747,-62.92,-2.763536144,227.689,-1.068076413,1.373294839
1.535,-1.55,-3.1,-5.53634642,-65.22,-2.824604353,226.763,-1.089878965,1.414323672
1.536,-1.54,-3.08,-5.497003389,-64.83,-2.814381723,226.62,-1.093253816,1.406733902
1.537,-1.48,-2.96,-5.261933747,-63.05,-2.767038657,228.034,-1.059976096,1.374944725
1.538,-1.43,-2.86,-5.067336903,-61.5,-2.724870127,229.219,-1.032246309,1.348730333
1.539,-1.41,-2.82,-4.989827681,-61,-2.71107478,232.966,-0.9454979753,1.364618733
1.54,-1.41,-2.82,-4.989827681,-61.06,-2.712735254,236.062,-0.8748674775,1.390852905
1.541,-1.38,-2.76,-4.873916899,-59.93,-2.681229928,238.496,-0.8199868762,1.392063723
1.542,-1.25,-2.5,-4.3765325,-55.93,-2.565609054,241.963,-0.7427741611,1.322861414
1.543,-1.01,-2.02,-3.479185057,-48.49,-2.332096439,244.92,-0.6777887559,1.155919522
1.544,-0.72,-1.44,-2.431066291,-39.2,-2.002413015,247.853,-0.6141012758,0.9291240258
1.545,-0.5,-1,-1.66235,-31.39,-1.688030169,250.111,-0.5655821749,0.7376379547
1.546,-0.38,-0.76,-1.252653219,-27.17,-1.502531077,253.414,-0.4953918031,0.6269777636
1.547,-0.36,-0.72,-1.185029453,-26.34,-1.464682731,255.239,-0.4570010263,0.616662054
1.548,-0.4,-0.8,-1.32046528,-27.75,-1.528709137,257.013,-0.4199452883,0.6776292721
1.549,-0.49,-0.98,-1.627949697,-30.9,-1.667074528,258.059,-0.3982158692,0.7882425149
1.55,-0.64,-1.28,-2.148896973,-36.41,-1.894239337,259.995,-0.3582291179,0.954018676
1.551,-0.81,-1.62,-2.752107905,-42.5,-2.124732562,261.392,-0.3295595581,1.121344881
1.552,-0.9,-1.8,-3.07696248,-45.52,-2.231566214,261.846,-0.3202754442,1.205781115
1.553,-0.85,-1.7,-2.89601698,-43.86,-2.173432812,263.317,-0.2903042901,1.175456983
1.554,-0.7,-1.4,-2.36024152,-39.01,-1.99518704,263.962,-0.2772153876,1.038654726
1.555,-0.56,-1.12,-1.869740365,-34,-1.797144096,265.113,-0.2539375547,0.9115874857
1.556,-0.47,-0.94,-1.559290311,-30.92,-1.667932812,266.525,-0.2255189023,0.8235173356
1.557,-0.42,-0.84,-1.388465635,-29.28,-1.596711468,268.073,-0.1945355348,0.7751391253
1.558,-0.39,-0.78,-1.286535713,-27.93,-1.536788464,271.427,-0.1280141959,0.7727857141
1.559,-0.34,-0.68,-1.117593981,-26.04,-1.450889816,273.834,-0.08077981218,0.729657336
1.56,-0.28,-0.56,-0.9164173312,-23.74,-1.343126497,276.528,-0.02840332137,0.6681716422
1.561,-0.23,-0.46,-0.7500646472,-21.91,-1.254788614,279.528,0.02932523736,0.6120661467
1.562,-0.22,-0.44,-0.7169353312,-21.48,-1.233691807,286.702,0.1648989578,0.6707897906
1.563,-0.25,-0.5,-0.8164645,-22.51,-1.28400888,291.834,0.2598175807,0.7971796875
1.564,-0.3,-0.6,-0.98328792,-24.44,-1.376304822,290.782,0.2404971154,0.8657168938
1.565,-0.36,-0.72,-1.185029453,-26.52,-1.472929657,286.551,0.1620804814,0.9040166293
1.566,-0.42,-0.84,-1.388465635,-28.44,-1.559565008,281.194,0.06111684257,0.9266023795
1.567,-0.47,-0.94,-1.559290311,-30.39,-1.64510302,274.806,-0.06182309943,0.9135077924
1.568,-0.53,-1.06,-1.765833351,-32.44,-1.732430652,261.379,-0.3298256402,0.856262802
1.569,-0.6,-1.2,-2.00894208,-34.81,-1.830163511,256.035,-0.440342235,0.8847993817
1.57,-0.7,-1.4,-2.36024152,-38.48,-1.974922773,249.884,-0.5704400238,0.9272711628
1.571,-0.85,-1.7,-2.89601698,-43.63,-2.165265302,245.468,-0.6658316883,1.022931037
1.572,-1,-2,-3.442384,-48.79,-2.342009385,241.849,-0.7452953884,1.11501269
1.573,-1.09,-2.18,-3.775288161,-52.19,-2.451372268,240.795,-0.7686621306,1.172437214
1.574,-1.12,-2.24,-3.887103539,-53.1,-2.479737343,239.728,-0.7924214902,1.187932413
1.575,-1.1,-2.2,-3.81251288,-52.52,-2.461701721,241.455,-0.7540182645,1.185586089
1.576,-1.08,-2.16,-3.738110515,-51.74,-2.437206744,244.14,-0.6948541611,1.193498667
1.577,-1.05,-2.1,-3.62686002,-51.01,-2.414029237,245.919,-0.6560111165,1.1813721
1.578,-1.02,-2.04,-3.516033187,-50.03,-2.382524325,247.999,-0.6109507389,1.174565718
1.579,-0.97,-1.94,-3.332263271,-48.33,-2.326791689,249.882,-0.5704828438,1.150137218
1.58,-0.88,-1.76,-3.004443059,-45.4,-2.227411341,252.284,-0.5193013699,1.093832292
1.581,-0.74,-1.48,-2.502079357,-40.9,-2.066171118,254.494,-0.4726396168,0.9855320533
1.582,-0.6,-1.2,-2.00894208,-36.21,-1.886312353,257.34,-0.4131427607,0.8736600545
1.583,-0.51,-1.02,-1.696797377,-33.21,-1.764558229,259.865,-0.3609048384,0.7983189183
1.584,-0.49,-0.98,-1.627949697,-32.16,-1.720657414,262.051,-0.3160885523,0.7992895158
1.585,-0.49,-0.98,-1.627949697,-32.16,-1.720657414,262.947,-0.2978271316,0.8065207636
1.586,-0.47,-0.94,-1.559290311,-31.74,-1.702906482,262.968,-0.2973998763,0.7795257484
1.587,-0.44,-0.88,-1.456654285,-30.54,-1.651582289,263.797,-0.2805606646,0.7539060617
1.588,-0.41,-0.82,-1.354441921,-29.5,-1.606365158,264.341,-0.2695392989,0.722020738
1.589,-0.41,-0.82,-1.354441921,-29.44,-1.603735414,264.068,-0.2750674036,0.720906903
1.59,-0.42,-0.84,-1.388465635,-29.88,-1.622966693,262.355,-0.309885724,0.7183505697
1.591,-0.41,-0.82,-1.354441921,-29.58,-1.609867895,262.989,-0.296972655,0.7103068585
1.592,-0.38,-0.76,-1.252653219,-28.19,-1.548421217,264.3,-0.2703691626,0.688728747
1.593,-0.32,-0.64,-1.050346803,-26.14,-1.455494137,266.752,-0.2209642335,0.6265272206
1.594,-0.28,-0.56,-0.9164173312,-24.71,-1.389012656,270.147,-0.1533034925,0.594182543
1.595,-0.27,-0.54,-0.8830526472,-24.16,-1.363073778,271.48,-0.1269696339,0.5926355168
1.596,-0.25,-0.5,-0.8164645,-23.45,-1.329282563,275.431,-0.0496692405,0.5920906721
1.597,-0.22,-0.44,-0.7169353312,-22.31,-1.27429681,278.579,0.01113103842,0.5675702647
1.598,-0.2,-0.4,-0.65081792,-21.24,-1.221860066,281.968,0.07582274463,0.5678854499
1.599,-0.19,-0.38,-0.6178298248,-20.78,-1.19906837,286.849,0.167641347,0.5990048845
1.6,-0.19,-0.38,-0.6178298248,-20.87,-1.203539452,296.616,0.3467723371,0.7211175755
1.601,-0.19,-0.38,-0.6178298248,-20.75,-1.197576727,296.885,0.3516220344,0.7303344139
1.602,-0.15,-0.3,-0.48634818,-19.47,-1.133332914,297.185,0.3570254385,0.6264891109
1.603,-0.14,-0.28,-0.4535954528,-18.91,-1.104854673,295.948,0.334710175,0.5889744765
1.604,-0.17,-0.34,-0.5519948552,-19.88,-1.154039167,293.389,0.2882486901,0.637561708
1.605,-0.2,-0.4,-0.65081792,-21.12,-1.215928896,291.261,0.2493028241,0.6732881919
1.606,-0.24,-0.48,-0.7832410368,-22.31,-1.27429681,289.05,0.2085353486,0.7349121407
1.607,-0.27,-0.54,-0.8830526472,-23.6,-1.336450457,286.249,0.1564390703,0.7483424799
1.608,-0.33,-0.66,-1.083946855,-25.81,-1.440274464,282.214,0.08048826066,0.7971450602
1.609,-0.36,-0.72,-1.185029453,-26.67,-1.479785624,276.559,-0.02780359656,0.7860426678
1.61,-0.35,-0.7,-1.15128818,-26.45,-1.469725083,264.641,-0.2634710388,0.6642573021
1.611,-0.4,-0.8,-1.32046528,-27.98,-1.53902896,263.61,-0.284354509,0.7241840798
1.612,-0.48,-0.96,-1.593596467,-31.13,-1.676929612,262.302,-0.3109666206,0.8016497243
1.613,-0.58,-1.16,-1.939247075,-34.52,-1.818387019,262.16,-0.3138636848,0.9094836137
1.614,-0.58,-1.16,-1.939247075,-34.6,-1.821640736,262.119,-0.314700453,0.9077422113
1.615,-0.49,-0.98,-1.627949697,-31.45,-1.690585826,263.035,-0.2960369563,0.8194558682
1.616,-0.41,-0.82,-1.354441921,-28.32,-1.554221063,263.788,-0.2807431945,0.7381298655
1.617,-0.35,-0.7,-1.15128818,-26.01,-1.449507215,264.529,-0.2657357175,0.6712099831
1.618,-0.34,-0.68,-1.117593981,-25.92,-1.445355796,265.033,-0.2555522043,0.6570572781
1.619,-0.4,-0.8,-1.32046528,-28.08,-1.543505053,266.405,-0.2279282244,0.7454219682
1.62,-0.49,-0.98,-1.627949697,-31.03,-1.672648878,268.366,-0.1886912537,0.8746116138
1.621,-0.54,-1.08,-1.800421949,-32.98,-1.754999765,269.918,-0.1578405392,0.9412296178
1.622,-0.56,-1.12,-1.869740365,-33.37,-1.77118854,270.887,-0.1386685436,0.9789949108
1.623,-0.53,-1.06,-1.765833351,-32.64,-1.740810488,271.008,-0.1362793353,0.9407292765
1.624,-0.49,-0.98,-1.627949697,-31.01,-1.671791978,270.345,-0.1493837303,0.8939004016
1.625,-0.45,-0.9,-1.49081922,-29.55,-1.608554849,270.068,-0.1548682398,0.8454121017
1.626,-0.49,-0.98,-1.627949697,-30.99,-1.670934826,269.977,-0.1566712378,0.8907552504
1.627,-0.7,-1.4,-2.36024152,-38.21,-1.964538269,270.659,-0.1431734243,1.11981232
1.628,-0.94,-1.88,-3.222566205,-46.74,-2.273393291,271.687,-0.1228918823,1.344817487
1.629,-0.94,-1.88,-3.222566205,-46.73,-2.27305349,272.986,-0.09737322001,1.359487805
1.63,-0.7,-1.4,-2.36024152,-38.78,-1.986412608,274.841,-0.06114175304,1.152712506
1.631,-0.53,-1.06,-1.765833351,-32.79,-1.747079211,275.937,-0.03984966171,0.9881945375
1.632,-0.62,-1.24,-2.078825379,-36.12,-1.882737567,276.916,-0.02090192886,1.092026817
1.633,-0.87,-1.74,-2.968253959,-44.96,-2.212113787,277.087,-0.01759923906,1.3312269
1.634,-1.03,-2.06,-3.552928391,-50.7,-2.404112018,277.294,-0.01360397208,1.469539188
1.635,-1.13,-2.26,-3.924469479,-53.91,-2.504673445,276.356,-0.03173204866,1.547256339
1.636,-1.22,-2.44,-4.262881251,-57.33,-2.606821773,275.91,-0.04037317638,1.610338994
1.637,-1.15,-2.3,-3.99934258,-54.97,-2.536869595,274.172,-0.07418024856,1.531699056
1.638,-0.76,-1.52,-2.573280717,-42.68,-2.13123449,272.089,-0.1149816384,1.145606909
1.639,-0.26,-0.52,-0.8497350368,-25.41,-1.421728351,268.331,-0.1893890404,0.5274196911
1.64,-0.03,-0.06,-0.0964223112,-15.84,-0.9446394691,265.041,-0.2553907174,0.08034990476
1.641,-0.19,-0.38,-0.6178298248,-21.63,-1.241065966,260.882,-0.3400081,0.3907658965
1.642,-0.55,-1.1,-1.83505762,-34.87,-1.832593747,257.232,-0.4153885106,0.8163132134
1.643,-0.91,-1.82,-3.113292801,-47.51,-2.299408598,253.296,-0.4978835637,1.11296662
1.644,-1.15,-2.3,-3.99934258,-56.14,-2.571843432,249.237,-0.5843102153,1.267157125
1.645,-1.28,-2.56,-4.490607411,-60.61,-2.700248033,247.449,-0.6228288823,1.351340196
1.646,-1.31,-2.62,-4.605105985,-61.71,-2.730635884,245.119,-0.6734435913,1.352819762
1.647,-1.3,-2.6,-4.56689272,-61.59,-2.727343206,244.5,-0.6869710556,1.337572458
1.648,-1.31,-2.62,-4.605105985,-61.77,-2.732280187,243.46,-0.709776238,1.33789381
1.649,-1.32,-2.64,-4.643366323,-62.13,-2.742117605,242.114,-0.7394364688,1.333705071
1.65,-1.32,-2.64,-4.643366323,-62.25,-2.745385969,240.27,-0.7803393514,1.316996051
1.651,-1.31,-2.62,-4.605105985,-61.95,-2.737204971,239.563,-0.7961050563,1.30334048
1.652,-1.29,-2.58,-4.528726529,-61.25,-2.717984351,237.934,-0.8326086733,1.275484545
1.653,-1.26,-2.52,-4.414510397,-60.3,-2.691600304,238.529,-0.8192466634,1.257391859
1.654,-1.23,-2.46,-4.300717927,-59.33,-2.664298981,239.021,-0.8082228924,1.238499881
1.655,-1.2,-2.4,-4.18734912,-58.39,-2.637486208,242.554,-0.7297226001,1.243566811
1.656,-1.17,-2.34,-4.074403975,-57.45,-2.610316321,246.264,-0.6485108562,1.250266968
1.657,-1.14,-2.28,-3.961882493,-56.51,-2.582782512,245.894,-0.6565550224,1.22305331
1.658,-1.1,-2.2,-3.81251288,-55.5,-2.552784956,245.662,-0.6616051086,1.186076613
1.659,-1.07,-2.14,-3.700979943,-54.57,-2.52477768,247.903,-0.6130221159,1.179482499
1.66,-1.05,-2.1,-3.62686002,-53.95,-2.505897326,250.162,-0.5644913704,1.18123807
1.661,-1.05,-2.1,-3.62686002,-53.71,-2.498543445,250.974,-0.5471539459,1.190814305
1.662,-1.05,-2.1,-3.62686002,-53.79,-2.500997565,251.267,-0.5409117228,1.192297231
1.663,-1.05,-2.1,-3.62686002,-53.96,-2.506203187,251.687,-0.5319765099,1.193760864
1.664,-1.06,-2.12,-3.663896445,-54.07,-2.509564744,253.081,-0.5024266218,1.216436569
1.665,-1.06,-2.12,-3.663896445,-54.14,-2.511701147,254.454,-0.4734805672,1.227361278
1.666,-1.06,-2.12,-3.663896445,-54.19,-2.513225832,255.561,-0.4502559197,1.236348576
1.667,-1.06,-2.12,-3.663896445,-54.25,-2.515054007,255.56,-0.4502768541,1.235577619
1.668,-1.09,-2.18,-3.775288161,-55.26,-2.545592962,256.376,-0.4332215827,1.26737939
1.669,-1.15,-2.3,-3.99934258,-57.36,-2.607695966,257.674,-0.4062035309,1.326966139
1.67,-1.17,-2.34,-4.074403975,-58.26,-2.633750103,259.865,-0.3609048384,1.360558747
1.671,-1.13,-2.26,-3.924469479,-56.79,-2.591022532,262.847,-0.2998621492,1.357532351
1.672,-0.97,-1.94,-3.332263271,-51.89,-2.441938868,265.323,-0.2497014167,1.238004681
1.673,-0.72,-1.44,-2.431066291,-44.11,-2.182279147,267.61,-0.2037837306,1.01886095
1.674,-0.49,-0.98,-1.627949697,-36.4,-1.893843543,268.936,-0.1773400913,0.785999691
1.675,-0.32,-0.64,-1.050346803,-30.2,-1.636875475,270.611,-0.1441223038,0.5897518883
1.676,-0.22,-0.44,-0.7169353312,-26.47,-1.470641008,271.46,-0.1273637843,0.4486440432
1.677,-0.17,-0.34,-0.5519948552,-24.68,-1.387603126,271.819,-0.1202931989,0.3660695009
1.678,-0.12,-0.24,-0.3882312192,-22.91,-1.303349294,272,-0.1167319036,0.2733866343
1.679,-0.09,-0.18,-0.2905379208,-21.48,-1.233691807,272.399,-0.1088896761,0.216402449
1.68,-0.07,-0.14,-0.2256444232,-20.7,-1.19508923,273.12,-0.09474772235,0.1749402688
1.681,-0.06,-0.12,-0.1932682848,-20.38,-1.179126991,273.284,-0.09153617914,0.1521003279
1.682,-0.06,-0.12,-0.1932682848,-20.14,-1.167107229,273.409,-0.08908965061,0.1538519064
1.683,-0.05,-0.1,-0.16093922,-19.82,-1.151016555,273.312,-0.09098805951,0.129580211
1.684,-0.04,-0.08,-0.1286572288,-19.49,-1.134345791,273.372,-0.0898137065,0.1050984198
1.685,-0.03,-0.06,-0.0964223112,-19.15,-1.117087496,272.531,-0.1062977836,0.07881598119
1.686,-0.02,-0.04,-0.0642344672,-18.85,-1.101789922,271.893,-0.1188369132,0.05262416436
1.687,-0.02,-0.04,-0.0642344672,-18.79,-1.098722549,271.204,-0.1324114753,0.05217504019
1.688,-0.02,-0.04,-0.0642344672,-18.47,-1.082318874,271.218,-0.1321353066,0.05289163495
1.689,0.04,0.08,0.1279040512,-16.2,-0.963789633,270.914,-0.138135322,-0.1160732867
1.69,0.16,0.32,0.5070971392,-10.6,-0.6546554013,270.614,-0.1440629939,-0.6348885192
1.691,0.23,0.46,0.7251627128,-7.13,-0.45066962,268.552,-0.1849845423,-1.140813285
1.692,0.15,0.3,0.47575662,-10.17,-0.6299047856,267.006,-0.2158724124,-0.5625082127
1.693,-0.06,-0.12,-0.1932682848,-18.26,-1.071513278,263.834,-0.2798103296,0.143021467
1.694,-0.34,-0.68,-1.117593981,-28.77,-1.57421266,260.439,-0.3491005807,0.5810774643
1.695,-0.57,-1.14,-1.904470183,-37.19,-1.924931849,257.552,-0.4087371764,0.8160840987
1.696,-0.73,-1.46,-2.466549287,-42.93,-2.140236312,254.86,-0.4649510531,0.9467838361
1.697,-0.85,-1.7,-2.89601698,-47.36,-2.294363738,252.495,-0.5148287193,1.030907289
1.698,-0.91,-1.82,-3.113292801,-49.66,-2.370511976,249.188,-0.5853621289,1.053256225
1.699,-0.94,-1.88,-3.222566205,-50.65,-2.402508268,244.619,-0.6843678035,1.043957104
1.7,-0.93,-1.86,-3.186094663,-50.44,-2.395759741,243.545,-0.7079087007,1.026557676
1.701,-0.89,-1.78,-3.040679233,-49.01,-2.349251248,243.373,-0.7116883927,0.9933809842
1.702,-0.83,-1.66,-2.823968295,-47.28,-2.291668598,240.159,-0.7828115169,0.9185189657
1.703,-0.8,-1.6,-2.71624832,-46.13,-2.252573643,241.763,-0.7471981534,0.9054849849
1.704,-0.78,-1.56,-2.644670371,-45.61,-2.234677552,244.306,-0.6912177303,0.9038841504
1.705,-0.77,-1.54,-2.608952007,-45.43,-2.228450748,246.477,-0.643885505,0.9083031295
1.706,-0.77,-1.54,-2.608952007,-45.3,-2.22394333,248.163,-0.6074139907,0.9214492245
1.707,-0.77,-1.54,-2.608952007,-45.23,-2.221512679,250.657,-0.55391569,0.9400177774
1.708,-0.76,-1.52,-2.573280717,-44.99,-2.213159957,254.135,-0.4801918811,0.9554194445
1.709,-0.73,-1.46,-2.466549287,-44.09,-2.181572641,256.514,-0.4303426027,0.9443450715
1.71,-0.68,-1.36,-2.289605043,-42.33,-2.118575954,259.946,-0.3592375016,0.9240425418
1.711,-0.61,-1.22,-2.043860193,-39.85,-2.02698052,264.574,-0.2648256868,0.8918119634
1.712,-0.52,-1.04,-1.731291827,-37.12,-1.922191812,267.558,-0.2048234041,0.8139536634
1.713,-0.45,-0.9,-1.49081922,-34.45,-1.815536867,269.986,-0.1564928922,0.7559821108
1.714,-0.37,-0.74,-1.218817799,-31.72,-1.702058465,274.829,-0.06137534774,0.691161636
1.715,-0.29,-0.58,-0.9498290888,-28.92,-1.580847375,277.56,-0.008474333977,0.5976317338
1.716,-0.22,-0.44,-0.7169353312,-26,-1.449046214,285.943,0.1507168646,0.552198355
1.717,-0.13,-0.26,-0.4208897992,-22.82,-1.299007415,290.349,0.2325245569,0.3946521934
1.718,-0.05,-0.1,-0.16093922,-19.42,-1.130799456,290.529,0.2358402274,0.1798285497
1.719,0.01,0.02,0.0320466232,-16.87,-0.9991717239,288.803,0.2039616938,-0.04029957117
1.72,0.02,0.04,0.0640461728,-16.58,-0.9838982539,286.581,0.1626405619,-0.07798547693
1.721,-0.03,-0.06,-0.0964223112,-18.65,-1.09155514,283.298,0.100998549,0.09734154729
1.722,-0.12,-0.24,-0.3882312192,-22.24,-1.270890974,275.729,-0.04388398702,0.2952833988
1.723,-0.23,-0.46,-0.7500646472,-26.38,-1.466517247,268.305,-0.1899074551,0.4528214572
1.724,-0.33,-0.66,-1.083946855,-30.59,-1.653738882,267.71,-0.2017849261,0.5841729709
1.725,-0.37,-0.74,-1.218817799,-32.07,-1.716862858,267.689,-0.2022046131,0.6351094047
1.726,-0.25,-0.5,-0.8164645,-27.66,-1.524661514,268.091,-0.1941763164,0.4750096172
1.727,0,0,0,-17.95,-1.055503049,268.49,-0.1862198274,-0
1.728,0.11,0.22,0.3499238072,-12.63,-0.7695249792,268.883,-0.1783945352,-0.369149281
1.729,-0.02,-0.04,-0.0642344672,-17.91,-1.053432069,269.933,-0.1575432349,0.05304358147
1.73,-0.24,-0.48,-0.7832410368,-26.86,-1.4884484,271.339,-0.1297490135,0.484020695
1.731,-0.36,-0.72,-1.185029453,-31.29,-1.683765736,273.312,-0.09098805951,0.6677148436
1.732,-0.27,-0.54,-0.8830526472,-28.21,-1.549314217,276.111,-0.03647712877,0.5568529866
1.733,-0.12,-0.24,-0.3882312192,-22.27,-1.272351038,279.008,0.01936347732,0.3098444321
1.734,-0.03,-0.06,-0.0964223112,-18.51,-1.084373424,284.723,0.1278418031,0.1008041021
1.735,0.03,0.06,0.0959986488,-16.28,-0.9680320117,294.354,0.3058167586,-0.1449659282
1.736,0.04,0.08,0.1279040512,-15.66,-0.9350278181,294.535,0.3091054939,-0.2043449263
1.737,0.02,0.04,0.0640461728,-16.3,-0.9690918569,291.926,0.2615038901,-0.09051337192
1.738,0,0,0,-17.04,-1.008096015,288.528,0.1988649638,-0
1.739,-0.02,-0.04,-0.0642344672,-17.9,-1.05291414,285.472,0.1418971782,0.07050853045
1.74,-0.07,-0.14,-0.2256444232,-19.99,-1.159573893,281.88,0.07415279101,0.207886527
1.741,-0.17,-0.34,-0.5519948552,-23.73,-1.342650085,276.88,-0.02159749184,0.4046148695
1.742,-0.31,-0.62,-1.016793825,-29.12,-1.589671068,266.316,-0.2297158393,0.5588661878
1.743,-0.44,-0.88,-1.456654285,-34.09,-1.800832412,256.828,-0.4237976475,0.654784951
1.744,-0.49,-0.98,-1.627949697,-36.04,-1.879555991,253.064,-0.502786005,0.6833400493
1.745,-0.43,-0.86,-1.422536423,-33.84,-1.790575003,251.642,-0.5329331407,0.6122364696
1.746,-0.36,-0.72,-1.185029453,-31.31,-1.684619123,250.208,-0.5635076984,0.5271185955
1.747,-0.44,-0.88,-1.456654285,-34.41,-1.813906888,252.341,-0.5180927497,0.6246374404
1.748,-0.64,-1.28,-2.148896973,-41.99,-2.106216243,255.132,-0.4592442964,0.8376262039
1.749,-0.79,-1.58,-2.680435809,-47.84,-2.310468255,257.907,-0.4013680149,0.9884209599
1.75,-0.76,-1.52,-2.573280717,-46.98,-2.281533561,260.857,-0.3405208084,0.9813986877
1.751,-0.57,-1.14,-1.904470183,-40.79,-2.062093908,264.007,-0.2763034022,0.8144339609
1.752,-0.37,-0.74,-1.218817799,-33.94,-1.7946825,267.52,-0.2055832933,0.6093279219
1.753,-0.24,-0.48,-0.7832410368,-29.34,-1.599347375,270.831,-0.1397746541,0.450365773
1.754,-0.21,-0.42,-0.6838530888,-28.09,-1.543952303,274.494,-0.06790065333,0.4242651826
1.755,-0.25,-0.5,-0.8164645,-29.83,-1.620787553,277.616,-0.007395036598,0.5014575793
1.756,-0.32,-0.64,-1.050346803,-32.75,-1.745408904,281.915,0.07481703954,0.6287273545
1.757,-0.35,-0.7,-1.15128818,-33.88,-1.792218728,287.468,0.1791738326,0.7137359805
1.758,-0.26,-0.52,-0.8497350368,-30.84,-1.664498164,297.222,0.3576914804,0.6502377494
1.759,-0.06,-0.12,-0.1932682848,-23.05,-1.310092142,298.103,0.3735260361,0.2063584018
1.76,0.19,0.38,0.6008362552,-12.33,-0.752753048,298.861,0.3871124574,-1.643242765
1.761,0.37,0.74,1.154374041,-3.42,-0.2215873049,299.204,0.393249082,6.724700514
1.762,0.41,0.82,1.275311199,-1.32,-0.08673051104,299.203,0.3932312012,4.160875457
1.763,0.35,0.7,1.09362302,-4.3,-0.2769736057,299.15,0.3922834329,9.484213502
1.764,0.27,0.54,0.8487359928,-7.82,-0.4920113549,298.959,0.3888664971,-8.228582701
1.765,0.21,0.42,0.6630936312,-10.87,-0.6701212323,298.602,0.3824740108,-2.305232179
1.766,0.12,0.24,0.3814526208,-15.18,-0.9092771192,298.419,0.3791942266,-0.7196093783
1.767,-1.33226763e-14,-2.664535259e-14,-4.272276977e-14,-20.58,-1.189111962,297.899,0.3698636322,5.214874196e-14
1.768,-0.06,-0.12,-0.1932682848,-23.6,-1.336450457,297.535,0.3633225202,0.1986052168
1.769,0.02,0.04,0.0640461728,-20.47,-1.183623767,296.995,0.3536039163,-0.07716221817
1.77,0.22,0.44,0.6941517088,-11.64,-0.7139102482,296.35,0.3419723988,-1.866311025
1.771,0.42,0.84,1.305427805,-1.2,-0.07890898373,294.971,0.3170192401,5.482450965
1.772,0.52,1.04,1.604004813,1.91,0.1282244698,293.663,0.2932427966,3.805763675
1.773,0.5,1,1.544666,1.47,0.09839736986,291.966,0.2622369024,4.283192472
1.774,0.43,0.86,1.335497337,-0.23,-0.01522226044,287.871,0.1866687195,7.789588332
1.775,0.36,0.72,1.124022067,-3.18,-0.2063673069,279.201,0.02306298786,-6.131999907
1.776,0.26,0.52,0.8179132832,-7.42,-0.468092788,279.02,0.0195935733,-1.823667147
1.777,0.09,0.18,0.2867249592,-13.77,-0.8326205898,278.124,0.00238579889,-0.3453540641
1.778,-0.12,-0.24,-0.3882312192,-21.81,-1.249894007,277.322,-0.0130637785,0.3073984133
1.779,-0.32,-0.64,-1.050346803,-29.38,-1.601103361,275.6,-0.04638757385,0.6375432976
1.78,-0.44,-0.88,-1.456654285,-33.79,-1.788518985,273.656,-0.0842585973,0.7778042083
1.781,-0.51,-1.02,-1.696797377,-36.37,-1.892655812,271.16,-0.133279527,0.8375377753
1.782,-0.62,-1.24,-2.078825379,-40.74,-2.060238437,268.624,-0.1835503755,0.9264799645
1.783,-0.77,-1.54,-2.608952007,-46.16,-2.253601936,265.825,-0.2395886014,1.046431056
1.784,-0.84,-1.68,-2.859969101,-48.86,-2.344316145,262.728,-0.3022848291,1.080619681
1.785,-0.79,-1.58,-2.680435809,-47.06,-2.284240608,260.839,-0.3408899889,1.021067604
1.786,-0.66,-1.32,-2.219156861,-42.94,-2.140595694,258.499,-0.389101692,0.8772420264
1.787,-0.58,-1.16,-1.939247075,-40.19,-2.039737475,256.444,-0.4318027613,0.784630995
1.788,-0.56,-1.12,-1.869740365,-39.58,-2.016804215,253.919,-0.4847410042,0.7474341662
1.789,-0.56,-1.12,-1.869740365,-39.67,-2.020200831,252.507,-0.5145744628,0.7376355487
1.79,-0.58,-1.16,-1.939247075,-40.29,-2.043477333,250.318,-0.5611561721,0.7445374066
1.791,-0.62,-1.24,-2.078825379,-41.74,-2.097088518,246.786,-0.6371825891,0.7602850259
1.792,-0.66,-1.32,-2.219156861,-43.48,-2.159923705,241.835,-0.7456050947,0.7637703887
1.793,-0.69,-1.38,-2.324899745,-44.57,-2.198471384,243.643,-0.7057563488,0.8005225344
1.794,-0.69,-1.38,-2.324899745,-44.66,-2.201626598,244.078,-0.6962129803,0.8022872494
1.795,-0.68,-1.36,-2.289605043,-44.06,-2.18051249,246.906,-0.6345817772,0.8133315711
1.796,-0.64,-1.28,-2.148896973,-42.89,-2.138798253,250.558,-0.5560291543,0.7974154362
1.797,-0.6,-1.2,-2.00894208,-41.49,-2.087927002,256.011,-0.4408437524,0.7944342429
1.798,-0.56,-1.12,-1.869740365,-40.29,-2.043477333,259.958,-0.3589905329,0.7782582199
1.799,-0.54,-1.08,-1.800421949,-39.6,-2.017559409,260.428,-0.3493265501,0.7606711857
1.8,-0.49,-0.98,-1.627949697,-37.94,-1.954112242,261.964,-0.3178650281,0.7165343236
1.801,-0.34,-0.68,-1.117593981,-32.62,-1.739973613,265.603,-0.2440584452,0.5632943159
1.802,-0.1,-0.2,-0.32305528,-23.71,-1.341697053,267.966,-0.1966713869,0.2099986398
1.803,0.11,0.22,0.3499238072,-15.18,-0.9092771192,270.995,-0.1365359759,-0.3345949757
1.804,0.16,0.32,0.5070971392,-12.72,-0.7745428726,273.75,-0.0824212042,-0.5917367518
1.805,0.09,0.18,0.2867249592,-15.55,-0.9291420015,275.928,-0.04002416091,-0.2958470594
1.806,0.04,0.08,0.1279040512,-17.98,-1.057055512,280.319,0.04444312784,-0.1263109687
1.807,0.03,0.06,0.0959986488,-18.39,-1.078206264,290.122,0.2283401961,-0.1129573852
1.808,0.06,0.12,0.1915736352,-16.98,-1.004948719,291.325,0.2504782729,-0.2539180112
1.809,0.11,0.22,0.3499238072,-14.72,-0.8844354223,289.844,0.2232112743,-0.5292060314
1.81,0.14,0.28,0.4443690272,-13.25,-0.8039649764,288.907,0.2058879198,-0.7429962783
1.811,0.13,0.26,0.4129343608,-13.73,-0.8304237177,286.574,0.1625098817,-0.618244957
1.812,0.06,0.12,0.1915736352,-16.79,-0.9949646151,284.799,0.1292696671,-0.2212946207
1.813,0.01,0.02,0.0320466232,-18.68,-1.093092217,281.976,0.07597453275,-0.03150729135
1.814,0,0,0,-19.32,-1.125727111,277.343,-0.01265866911,-0
1.815,-0.12,-0.24,-0.3882312192,-23.86,-1.348838081,265.625,-0.243615321,0.2437943985
1.816,-0.36,-0.72,-1.185029453,-33.69,-1.784402404,264.199,-0.2724140104,0.5761474113
1.817,-0.6,-1.2,-2.00894208,-43.3,-2.153498153,264.304,-0.2702881946,0.8288445399
1.818,-0.63,-1.26,-2.113837639,-44.27,-2.187923698,264.767,-0.2609244207,0.8631967101
1.819,-0.4,-0.8,-1.32046528,-36.68,-1.904903701,266.318,-0.2296756616,0.6186067864
1.82,-0.1,-0.2,-0.32305528,-26.1,-1.453653211,267.69,-0.2021846272,0.1951007958
1.821,0.1,0.2,0.31834792,-18.11,-1.063775206,268.617,-0.1836897915,-0.2551958738
1.822,0.17,0.34,0.5383905848,-14.98,-0.8984961455,268.573,-0.1845662039,-0.4971002686
1.823,0.19,0.38,0.6008362552,-13.79,-0.8337185639,269.569,-0.1647624864,-0.6017502836
1.824,0.27,0.54,0.8487359928,-10.41,-0.6437372678,270.827,-0.1398536708,-1.083136559
1.825,0.45,0.9,1.39549518,-0.88,-0.05799008367,272.591,-0.1051200655,-8.555538615
1.826,0.65,1.3,1.98511742,4.72,0.3228432436,274.558,-0.06665341263,7.74861911
1.827,0.71,1.42,2.158332351,6.29,0.4347370739,277.481,-0.009997284544,5.081540288
1.828,0.59,1.18,1.810207839,3.32,0.2249820134,288.368,0.1958973578,4.301013456
1.829,0.4,0.8,1.24514752,-2.97,-0.1930093327,287.087,0.1720784273,-59.48846927
1.83,0.27,0.54,0.8487359928,-8.91,-0.5565261699,286.205,0.1556166462,-2.117026268
1.831,0.23,0.46,0.7251627128,-10.91,-0.6724075418,284.578,0.1251165311,-1.32500388
1.832,0.17,0.34,0.5383905848,-13.53,-0.8194208608,280.859,0.05473932937,-0.7040716464
1.833,0.07,0.14,0.2233378168,-18.2,-1.06842003,281.305,0.06322831302,-0.2221842988
1.834,-0.08,-0.16,-0.2580676352,-24.65,-1.386192984,281.933,0.07515862096,0.1968427697
1.835,-0.18,-0.36,-0.5848888032,-28.97,-1.583055717,281.671,0.0701845608,0.38660847
1.836,-0.19,-0.38,-0.6178298248,-29.69,-1.614677467,280.498,0.047858324,0.3943210851
1.837,-0.17,-0.34,-0.5519948552,-28.66,-1.569337952,277.595,-0.0077997476,0.3499978825
1.838,-0.1,-0.2,-0.32305528,-26.27,-1.461469761,268.292,-0.1901666813,0.1955970889
1.839,-0.05,-0.1,-0.16093922,-24.19,-1.364493954,268.624,-0.1835503755,0.1039629272
1.84,0,0,0,-22.31,-1.27429681,269.113,-0.1738201515,-0
1.841,0.06,0.12,0.1915736352,-19.85,-1.152528185,269.213,-0.1718325083,-0.1446536704
1.842,0.08,0.16,0.2550549248,-18.85,-1.101789922,269.421,-0.1677005744,-0.2009112518
1.843,0.08,0.16,0.2550549248,-18.88,-1.103322625,269.555,-0.1650403445,-0.2010898543
1.844,0.08,0.16,0.2550549248,-18.75,-1.096676176,269.485,-0.1664298518,-0.2019267735
1.845,0.1,0.2,0.31834792,-18.09,-1.062742215,270.483,-0.1466534722,-0.2632289196
1.846,0.15,0.3,0.47575662,-16.03,-0.9547586358,272.048,-0.1157878692,-0.4444053741
1.847,0.25,0.5,0.7870435,-11.56,-0.7093825356,274.228,-0.07308761544,-1.005844758
1.848,0.38,0.76,1.184678941,-4.63,-0.297573958,278.02,0.000384878242,-3.986280188
1.849,0.52,1.04,1.604004813,1.36,0.09096769082,285.757,0.1472356681,6.733762363
1.85,0.56,1.12,1.722117555,2.4,0.1616457535,293.268,0.2860417787,3.846695365
1.851,0.5,1,1.544666,0.94,0.06269922562,293.6,0.2920949293,4.353696301
1.852,0.42,0.84,1.305427805,-1.66,-0.1088233646,294.449,0.3075431425,6.56918913
1.853,0.37,0.74,1.154374041,-3.82,-0.2468446163,292.286,0.2680973879,54.31639994
1.854,0.36,0.72,1.124022067,-4.22,-0.2719656925,289.808,0.2225467377,-22.74475596
1.855,0.3,0.6,0.94092168,-6.6,-0.4186480073,286.843,0.1675294402,-3.746921986
1.856,0.08,0.16,0.2550549248,-15.19,-0.9098153711,283.253,0.1001486697,-0.3150122444
1.857,-0.18,-0.36,-0.5848888032,-24.91,-1.398393886,277.865,-0.002598652602,0.4174817403
1.858,-0.38,-0.76,-1.252653219,-32.03,-1.715174777,267.5,-0.2059832783,0.652030277
1.859,-0.52,-1.04,-1.731291827,-37.25,-1.927278198,256.569,-0.4291956148,0.7346959758
1.86,-0.65,-1.3,-2.18400338,-41.67,-2.094526705,253.032,-0.5034625565,0.840651427
1.861,-0.8,-1.6,-2.71624832,-47.15,-2.287282234,251.028,-0.5460029544,0.9586921681
1.862,-0.91,-1.82,-3.113292801,-51.13,-2.417856159,248.835,-0.592946318,1.034040866
1.863,-0.93,-1.86,-3.186094663,-51.93,-2.443199029,250.156,-0.5646196888,1.059270841
1.864,-0.98,-1.96,-3.368923107,-53.81,-2.501610653,251.766,-0.5302975051,1.111156055
1.865,-1.12,-2.24,-3.887103539,-58.57,-2.642648004,254.101,-0.4809076903,1.244448289
1.866,-1.23,-2.46,-4.300717927,-62.7,-2.757594673,256.577,-0.4290288007,1.349615969
1.867,-1.21,-2.42,-4.225091649,-61.93,-2.736658373,257.723,-0.4051862569,1.344780582
1.868,-1.02,-2.04,-3.516033187,-56.22,-2.574213526,259.56,-0.3671877481,1.195359918
1.869,-0.76,-1.52,-2.573280717,-47.99,-2.315477691,260.805,-0.3415873994,0.9684673235
1.87,-0.54,-1.08,-1.800421949,-41.03,-2.0709811,263.208,-0.2925193797,0.7617607715
1.871,-0.43,-0.86,-1.422536423,-37.26,-1.927669054,264.727,-0.2617327396,0.6497374888
1.872,-0.41,-0.82,-1.354441921,-36.45,-1.895821927,266.825,-0.2195003398,0.6403005075
1.873,-0.45,-0.9,-1.49081922,-38.29,-1.96761948,267.302,-0.2099447446,0.6846269805
1.874,-0.52,-1.04,-1.731291827,-41.09,-2.073197976,268.119,-0.1936175801,0.7637550497
1.875,-0.55,-1.1,-1.83505762,-42.1,-2.11022177,268.208,-0.1918419842,0.7971358814
1.876,-0.43,-0.86,-1.422536423,-38.3,-1.968004376,267.712,-0.2017449576,0.6556224728
1.877,-0.17,-0.34,-0.5519948552,-29.03,-1.585703598,266.094,-0.2341774387,0.3033137024
1.878,0.14,0.28,0.4443690272,-16.69,-0.9896990223,266.093,-0.2341975444,-0.3630772724
1.879,0.37,0.74,1.154374041,-5.85,-0.3729363483,266.731,-0.2213854278,-1.942338456
1.88,0.44,0.88,1.365519795,-2.27,-0.1482089132,267.364,-0.20870397,-3.825919039
1.881,0.36,0.72,1.124022067,-5.46,-0.3489809216,267.827,-0.1994472724,-2.049533703
1.882,0.23,0.46,0.7251627128,-11.32,-0.6957691206,267.949,-0.1970108064,-0.8122524833
1.883,0.13,0.26,0.4129343608,-16.13,-0.9600736144,268.47,-0.1866183674,-0.3601092249
1.884,0.1,0.2,0.31834792,-17.18,-1.015429303,270.446,-0.1473853612,-0.2737735683
1.885,0.12,0.24,0.3814526208,-16.16,-0.961666644,271.282,-0.1308730024,-0.3491430467
1.886,0.13,0.26,0.4129343608,-15.76,-0.9403706388,271.883,-0.1190336854,-0.3897797577
1.887,0.11,0.22,0.3499238072,-16.66,-0.9881178902,272.727,-0.1024515308,-0.3208633953
1.888,0.1,0.2,0.31834792,-17.19,-1.015952553,273.565,-0.08603795154,-0.2888844493
1.889,0.15,0.3,0.47575662,-15.12,-0.9060460152,273.878,-0.07992023634,-0.4825283008
1.89,0.23,0.46,0.7251627128,-11.53,-0.7076833433,274.098,-0.07562442753,-0.925769844
1.891,0.28,0.56,0.8795116288,-8.94,-0.5582881546,274.08,-0.07597577326,-1.386665062
1.892,0.3,0.6,0.94092168,-8.12,-0.5098642897,273.912,-0.07925611323,-1.597163628
1.893,0.28,0.56,0.8795116288,-8.71,-0.5447609703,273.194,-0.0932983727,-1.37841666
1.894,0.25,0.5,0.7870435,-9.91,-0.6148676309,272.234,-0.1121313087,-1.082592363
1.895,0.22,0.44,0.6941517088,-11.35,-0.6974732837,270.81,-0.1401895046,-0.828676788
1.896,0.14,0.28,0.4443690272,-14.54,-0.8746709042,268.604,-0.1839487166,-0.4197626971
1.897,-0.03,-0.06,-0.0964223112,-21.01,-1.210483013,267.279,-0.2104051052,0.06786059367
1.898,-0.24,-0.48,-0.7832410368,-29.52,-1.607241227,265.383,-0.2484917073,0.4220656013
1.899,-0.44,-0.88,-1.456654285,-37.29,-1.928841275,264.014,-0.2761615518,0.6606133411
1.9,-0.57,-1.14,-1.904470183,-42.07,-2.10913,262.515,-0.3066239638,0.7883543656
1.901,-0.62,-1.24,-2.078825379,-44.19,-2.185103088,262.517,-0.3065832044,0.8343046175
1.902,-0.65,-1.3,-2.18400338,-45.26,-2.222554694,261.572,-0.3258767041,0.8569990865
1.903,-0.65,-1.3,-2.18400338,-45.04,-2.214902545,261.462,-0.3281270358,0.8588194948
1.904,-0.59,-1.18,-1.974071041,-43.12,-2.147055498,259.882,-0.3605548604,0.7872319692
1.905,-0.5,-1,-1.66235,-40.4,-2.047584795,258.846,-0.3819248553,0.6842327214
1.906,-0.46,-0.92,-1.525031229,-38.79,-1.986794726,258.839,-0.3820695379,0.6437816012
1.907,-0.44,-0.88,-1.456654285,-38.31,-1.968389214,258.604,-0.3869290107,0.6184532814
1.908,-0.39,-0.78,-1.286535713,-36.47,-1.896612871,259.305,-0.3724463418,0.5669908063
1.909,-0.26,-0.52,-0.8497350368,-31.94,-1.711372967,259.341,-0.3717036386,0.4079230858
1.91,-0.12,-0.24,-0.3882312192,-26.98,-1.493907299,258.24,-0.3944647481,0.2055904289
1.911,-0.08,-0.16,-0.2580676352,-25.45,-1.42358781,259.427,-0.3699298207,0.1438890986
1.912,-0.15,-0.3,-0.48634818,-28.33,-1.55466675,260.653,-0.3447063468,0.2560572122
1.913,-0.25,-0.5,-0.8164645,-32.58,-1.738299124,262.47,-0.3075411329,0.3990851667
1.914,-0.31,-0.62,-1.016793825,-34.85,-1.831783907,264.664,-0.2630060895,0.4853917703
1.915,-0.29,-0.58,-0.9498290888,-34.24,-1.806968749,265.638,-0.2433534921,0.4632584428
1.916,-0.22,-0.44,-0.7169353312,-31.64,-1.698663905,266.232,-0.2314035745,0.3714560961
1.917,-0.1,-0.2,-0.32305528,-27.51,-1.517903665,265.627,-0.2435750388,0.1834000487
1.918,0.01,0.02,0.0320466232,-22.96,-1.305759017,268.056,-0.1948748188,-0.02135539159
1.919,0.1,0.2,0.31834792,-19.49,-1.134345791,272.02,-0.1163385357,-0.2545389858
1.92,0.15,0.3,0.47575662,-17.4,-1.02692367,274.628,-0.06528957596,-0.4355894985
1.921,0.18,0.36,0.5696369568,-15.85,-0.945172734,275.99,-0.03882217075,-0.578902344
1.922,0.24,0.48,0.7561266432,-13.4,-0.8122524512,281.772,0.0721025898,-1.021585874
1.923,0.34,0.68,1.063176899,-8.51,-0.5329633153,291.56,0.2547921601,-3.822024244
1.924,0.46,0.92,1.425423491,-2.02,-0.1321062886,291.904,0.2611006906,11.05027403
1.925,0.54,1.08,1.663155331,1.01,0.06739971161,291.481,0.2533423478,5.185335949
1.926,0.54,1.08,1.663155331,1.19,0.07950673123,291.783,0.2588825497,4.914917301
1.927,0.52,1.04,1.604004813,0.49,0.03258588131,292.745,0.2764923293,5.189640543
1.928,0.51,1.02,1.574358943,0.25,0.01659890551,293.975,0.2989238457,4.98968438
1.929,0.54,1.08,1.663155331,1.07,0.07143217463,294.635,0.3109216082,4.349781292
1.93,0.59,1.18,1.810207839,2.34,0.1575417291,294.525,0.3089238486,3.880689006
1.931,0.64,1.28,1.956083507,3.61,0.245106061,293.68,0.2935524964,3.631397812
1.932,0.68,1.36,2.071936717,4.63,0.3164980837,292.056,0.2638858129,3.569941773
1.933,0.7,1.4,2.12958088,5.08,0.3482985823,285.757,0.1472356681,4.297545283
1.934,0.71,1.42,2.158332351,5.34,0.3667574801,281.193,0.06109781653,5.044538115
1.935,0.74,1.48,2.244304323,6.17,0.4261037932,280.514,0.04816348682,4.732150874
1.936,0.8,1.6,2.41497728,7.6,0.5298619186,279.753,0.03362987158,4.285736406
1.937,0.85,1.7,2.55591022,8.92,0.6273534251,277.081,-0.0177150884,4.19250245
1.938,0.84,1.68,2.527817779,8.67,0.6087618467,273.506,-0.08719191511,4.846555804
1.939,0.69,1.38,2.100782335,5.02,0.3440477163,270.085,-0.1545314834,11.08497305
1.94,0.37,0.74,1.154374041,-5.25,-0.336029081,265.897,-0.238139724,-2.010513338
1.941,-0.05,-0.1,-0.16093922,-22.2,-1.268943242,261.84,-0.3203980367,0.1012615869
1.942,-0.43,-0.86,-1.422536423,-36.71,-1.906086008,257.151,-0.4170734419,0.612328363
1.943,-0.66,-1.32,-2.219156861,-45.15,-2.218731721,253.928,-0.4845513801,0.8209117498
1.944,-0.7,-1.4,-2.36024152,-46.8,-2.275431052,252.641,-0.5117360867,0.8468245362
1.945,-0.62,-1.24,-2.078825379,-44.02,-2.179098226,251.279,-0.5406562238,0.7643430383
1.946,-0.46,-0.92,-1.525031229,-38.97,-1.993663194,248.488,-0.600412091,0.5878901193
1.947,-0.3,-0.6,-0.98328792,-33.33,-1.769532425,246.099,-0.6520966253,0.4060439891
1.948,-0.19,-0.38,-0.6178298248,-29.51,-1.606803225,246.251,-0.6487932841,0.2739097274
1.949,-0.16,-0.32,-0.5191479808,-28.33,-1.55466675,247.829,-0.6146193499,0.239317433
1.95,-0.17,-0.34,-0.5519948552,-28.73,-1.572440945,247.913,-0.6128063101,0.25260064
1.951,-0.19,-0.38,-0.6178298248,-29.68,-1.614240553,247.808,-0.6150727059,0.2771390796
1.952,-0.22,-0.44,-0.7169353312,-30.83,-1.66406855,250.363,-0.5601944819,0.3223248874
1.953,-0.25,-0.5,-0.8164645,-31.88,-1.708835633,249.683,-0.5747451523,0.3575369461
1.954,-0.26,-0.52,-0.8497350368,-32.57,-1.737880348,249.83,-0.5715962852,0.3679340265
1.955,-0.26,-0.52,-0.8497350368,-32.55,-1.737042611,252.837,-0.5075871423,0.3785635629
1.956,-0.24,-0.48,-0.7832410368,-31.52,-1.693564582,254.359,-0.4754783542,0.3610998305
1.957,-0.17,-0.34,-0.5519948552,-29.21,-1.59363332,254.418,-0.4742375356,0.2669387471
1.958,-0.1,-0.2,-0.32305528,-26.71,-1.481611357,259.051,-0.377689457,0.1737509485
1.959,-0.09,-0.18,-0.2905379208,-26.06,-1.451811216,261.223,-0.3330196579,0.1627817655
1.96,-0.15,-0.3,-0.48634818,-28.47,-1.560899531,263.86,-0.2792831302,0.264293426
1.961,-0.24,-0.48,-0.7832410368,-32.57,-1.737880348,265.823,-0.2396288536,0.3960745347
1.962,-0.31,-0.62,-1.016793825,-35.52,-1.858783927,268.898,-0.1780960866,0.4991918121
1.963,-0.32,-0.64,-1.050346803,-35.96,-1.876370655,272.905,-0.09896089962,0.5317319013
1.964,-0.29,-0.58,-0.9498290888,-34.92,-1.834617301,277.656,-0.006624243183,0.5158633812
1.965,-0.26,-0.52,-0.8497350368,-33.75,-1.78687308,282.909,0.09364734948,0.5018439192
1.966,-0.25,-0.5,-0.8164645,-33.32,-1.769118245,292.558,0.273073758,0.5457488112
1.967,-0.24,-0.48,-0.7832410368,-33,-1.755832221,298.582,0.3821156623,0.570162041
1.968,-0.2,-0.4,-0.65081792,-31.73,-1.702482505,299.486,0.3982890864,0.4990194788
1.969,-0.13,-0.26,-0.4208897992,-28.85,-1.577752985,300.023,0.4078734321,0.3597719084
1.97,-0.02,-0.04,-0.0642344672,-24.98,-1.401670901,300.449,0.4154644618,0.06513288159
1.971,0.05,0.1,0.15976238,-22,-1.259187749,301.394,0.4322653688,-0.1932011804
1.972,0.11,0.22,0.3499238072,-19.44,-1.131813056,302.357,0.4493321873,-0.5127232474
1.973,0.24,0.48,0.7561266432,-13.84,-0.8364621522,302.89,0.4587549544,-2.001885713
1.974,0.45,0.9,1.39549518,-3.83,-0.2474743014,303.021,0.4610683305,6.533399767
1.975,0.65,1.3,1.98511742,3.43,0.2326062531,303.377,0.4673500142,2.836059212
1.976,0.74,1.48,2.244304323,5.67,0.3902762999,304.054,0.4792754888,2.58098983
1.977,0.64,1.28,1.956083507,3.29,0.2229045868,304.472,0.4866253814,2.756872289
1.978,0.49,0.98,1.514925983,-1.6,-0.104931936,305.103,0.4977014629,3.857035435
1.979,0.41,0.82,1.275311199,-5.8,-0.3698722461,304.94,0.4948424841,10.20491934
1.98,0.48,0.96,1.485138893,-1.96,-0.1282336076,305.294,0.5010496119,3.983570651
1.981,0.67,1.34,2.043044025,3.79,0.2576354299,305.456,0.5038877617,2.682838878
1.982,0.78,1.56,2.358274589,6.61,0.4578249719,305.095,0.4975611806,2.468399382
1.983,0.67,1.34,2.043044025,4.02,0.2736882735,303.415,0.4680200955,2.754511221
1.984,0.43,0.86,1.335497337,-4.06,-0.2619335767,302.086,0.4445348778,7.313733959
1.985,0.19,0.38,0.6008362552,-15.16,-0.908200388,299.409,0.3969133861,-1.175144788
1.986,0.08,0.16,0.2550549248,-20.14,-1.167107229,295.617,0.3287231738,-0.3042220605
1.987,0.11,0.22,0.3499238072,-18.87,-1.102811797,291.332,0.250606822,-0.4106099089
1.988,0.22,0.44,0.6941517088,-14.34,-0.8637924207,285.057,0.1341140492,-0.9513118874
1.989,0.34,0.68,1.063176899,-8.58,-0.5370961905,271.182,-0.1328454836,-1.586969344
1.99,0.4,0.8,1.24514752,-5.19,-0.3323217565,269.463,-0.1668666287,-2.494343933
1.991,0.38,0.76,1.184678941,-6.18,-0.3931071275,269.762,-0.1609334833,-2.138252897
1.992,0.32,0.64,1.002143437,-8.94,-0.5582881546,268.206,-0.1918818787,-1.335888388
1.993,0.27,0.54,0.8487359928,-10.97,-0.6758346262,266.369,-0.2286512327,-0.9383629213
1.994,0.24,0.48,0.7561266432,-12.17,-0.7437792651,266.828,-0.2194401883,-0.7849993483
1.995,0.21,0.42,0.6630936312,-13.73,-0.8304237177,265.542,-0.2452872998,-0.6164235751
1.996,0.18,0.36,0.5696369568,-15.08,-0.9038904282,264.523,-0.2658570666,-0.4869742909
1.997,0.18,0.36,0.5696369568,-14.78,-0.8876847721,264.199,-0.2724140104,-0.4910245277
1.998,0.21,0.42,0.6630936312,-13.41,-0.8128043309,262.507,-0.3067870046,-0.5922639897
1.999,0.2,0.4,0.63198848,-14.12,-0.8517907325,262.43,-0.3083565263,-0.5447485009
2,0.1,0.2,0.31834792,-18.14,-1.065324141,262.535,-0.3062163836,-0.232109744
2.001,-0.01,-0.02,-0.0320936968,-22.83,-1.299490124,262.956,-0.297644018,0.02009455308
2.002,-0.1,-0.2,-0.32305528,-26.42,-1.468350696,263.319,-0.2902636549,0.1836987625
2.003,-0.17,-0.34,-0.5519948552,-29.35,-1.599786467,263.955,-0.277357266,0.2940610489
2.004,-0.24,-0.48,-0.7832410368,-32.48,-1.734108591,264.476,-0.2668077301,0.3914411755
2.005,-0.33,-0.66,-1.083946855,-36.07,-1.880749522,265.599,-0.2441390172,0.5101193945
2.006,-0.32,-0.64,-1.050346803,-35.56,-1.860387443,266.699,-0.2220273114,0.5043888597
2.007,-0.1,-0.2,-0.32305528,-27.74,-1.528259664,267.324,-0.2095044368,0.1859028391
2.008,0.2,0.4,0.63198848,-15.92,-0.9489034806,268.032,-0.1953538447,-0.5523132481
2.009,0.34,0.68,1.063176899,-8.99,-0.5612231769,269.407,-0.1679785852,-1.458001001
2.01,0.28,0.56,0.8795116288,-12.34,-0.7533132446,271.253,-0.1314449471,-0.9940700601
2.011,0.12,0.24,0.3814526208,-19.56,-1.137888583,273.869,-0.08009604744,-0.3131834436
2.012,0.08,0.16,0.2550549248,-21.52,-1.235659803,275.435,-0.04959154465,-0.1984475063
2.013,0.18,0.36,0.5696369568,-17.33,-1.023270261,277.001,-0.0192599861,-0.5463984937
2.014,0.33,0.66,1.032683705,-10.81,-0.6666893869,279.304,0.02503629162,-1.609411242
2.015,0.47,0.94,1.455304729,-3.7,-0.2392817514,283.212,0.0993742176,-10.40190395
2.016,0.58,1.16,1.780891485,1.29,0.0862453457,287.758,0.1845682346,6.57607895
2.017,0.63,1.26,1.927002521,2.46,0.1657530267,293.782,0.2954103187,4.178568267
2.018,0.63,1.26,1.927002521,2.58,0.1739773267,304.48,0.4867659507,2.916416385
2.019,0.69,1.38,2.100782335,3.93,0.2674009624,305.158,0.4986658044,2.742296659
2.02,0.81,1.62,2.443258015,7.06,0.4904547193,305.778,0.509524556,2.443308652
2.021,0.91,1.82,2.723476319,9.69,0.6849914265,306.376,0.5199771579,2.260205249
2.022,0.88,1.76,2.639905101,8.98,0.6318242889,307.332,0.5366450329,2.259284905
2.023,0.72,1.44,2.187036749,5.12,0.3511343416,308.339,0.5541461165,2.415866519
2.024,0.54,1.08,1.663155331,0.5,0.03325311302,308.743,0.5611513453,2.798019611
2.025,0.41,0.82,1.275311199,-4.95,-0.317462192,307.633,0.541882242,5.682697243
2.026,0.35,0.7,1.09362302,-7.19,-0.4542800947,306.987,0.5306359393,14.32271525
2.027,0.37,0.74,1.154374041,-6.6,-0.4186480073,305.913,0.5118860425,12.38093486
2.028,0.37,0.74,1.154374041,-6.64,-0.4210728386,304.854,0.4933334498,15.97514912
2.029,0.31,0.62,0.9715560952,-8.88,-0.5547634564,303.065,0.4618451179,-10.45602096
2.03,0.27,0.54,0.8487359928,-10.84,-0.6684056668,301.84,0.4401763965,-3.718786778
2.031,0.27,0.54,0.8487359928,-10.56,-0.6523592365,299.601,0.4003430452,-3.367783587
2.032,0.26,0.52,0.8179132832,-10.88,-0.6706929287,296.23,0.3398056027,-2.471878549
2.033,0.13,0.26,0.4129343608,-16.39,-0.9738574527,290.932,0.2432562032,-0.5651979942
2.034,-0.06,-0.12,-0.1932682848,-24.43,-1.375833207,280.527,0.04841141878,0.1455967398
2.035,-0.09,-0.18,-0.2905379208,-25.55,-1.42823174,278.062,0.001193032437,0.2035949826
2.036,0.06,0.12,0.1915736352,-19.78,-1.14900004,274.963,-0.05876745234,-0.158617976
2.037,0.11,0.22,0.3499238072,-17.5,-1.032136534,274.501,-0.06776422222,-0.3181412552
2.038,-0.06,-0.12,-0.1932682848,-24.42,-1.375361524,274.194,-0.07375097322,0.1333701042
2.039,-0.25,-0.5,-0.8164645,-32.44,-1.732430652,274.469,-0.06838793572,0.4533852024
2.04,-0.2,-0.4,-0.65081792,-30.38,-1.644670562,274.793,-0.06207619305,0.3813207308
2.041,0.1,0.2,0.31834792,-18.99,-1.108936933,274.601,-0.06581558606,-0.2709914768
2.042,0.35,0.7,1.09362302,-7.39,-0.4662936004,274.008,-0.07738138697,-2.011538227
2.043,0.38,0.76,1.184678941,-5.83,-0.3717109579,273.618,-0.08500155238,-2.593927064
2.044,0.22,0.44,0.6941517088,-12.02,-0.7353481389,273.246,-0.09228014562,-0.8387240042
2.045,-0.02,-0.04,-0.0642344672,-20.49,-1.184622264,273.322,-0.0907923161,0.05036359801
2.046,-0.21,-0.42,-0.6838530888,-27.3,-1.508417823,273.747,-0.08247983465,0.429853602
2.047,-0.3,-0.6,-0.98328792,-30.47,-1.648560403,274.544,-0.06692622169,0.5731830876
2.048,-0.29,-0.58,-0.9498290888,-30.26,-1.639476122,275.682,-0.0447960109,0.5639403932
2.049,-0.26,-0.52,-0.8497350368,-29.26,-1.595832319,276.79,-0.02333679506,0.524796965
2.05,-0.29,-0.58,-0.9498290888,-30.29,-1.640775588,277.977,-0.0004426442104,0.5787341805
2.051,-0.41,-0.82,-1.354441921,-34.4,-1.813499243,278.76,0.01460594341,0.7529306606
2.052,-0.58,-1.16,-1.939247075,-40.47,-2.050195159,279.606,0.03081790281,0.9603193604
2.053,-0.71,-1.42,-2.395630369,-44.93,-2.211067154,279.934,0.03709019863,1.101957572
2.054,-0.67,-1.34,-2.254357415,-43.81,-2.171659624,280.751,0.05268167368,1.063889039
2.055,-0.48,-0.96,-1.593596467,-37.36,-1.93157444,280.338,0.04480573814,0.8446167598
2.056,-0.27,-0.54,-0.8830526472,-29.88,-1.622966693,280.426,0.0464848759,0.560141346
2.057,-0.17,-0.34,-0.5519948552,-26.37,-1.466058718,278.157,0.003020550033,0.377293544
2.058,-0.21,-0.42,-0.6838530888,-27.66,-1.524661514,275.396,-0.05034912729,0.4341895037
2.059,-0.29,-0.58,-0.9498290888,-30.48,-1.648992291,272.368,-0.1094985603,0.540138772
2.06,-0.35,-0.7,-1.15128818,-32.59,-1.738717839,268.618,-0.1836698747,0.5988844873
2.061,-0.37,-0.74,-1.218817799,-33.42,-1.773257312,264.597,-0.2643606197,0.5981581633
2.062,-0.34,-0.68,-1.117593981,-32.49,-1.734527922,260.512,-0.3476012074,0.5367553651
2.063,-0.29,-0.58,-0.9498290888,-30.61,-1.654601076,257.068,-0.4188005271,0.4581018397
2.064,-0.29,-0.58,-0.9498290888,-30.36,-1.643805456,253.454,-0.4945474018,0.4441872562
2.065,-0.38,-0.76,-1.252653219,-33.77,-1.787696154,251.971,-0.5259430501,0.541421159
2.066,-0.57,-1.14,-1.904470183,-40.44,-2.049076763,250.741,-0.552123102,0.7321506544
2.067,-0.79,-1.58,-2.680435809,-48.08,-2.318478066,249.709,-0.5741880748,0.9266315844
2.068,-0.99,-1.98,-3.405630017,-54.93,-2.535663524,248.231,-0.6059482195,1.084039116
2.069,-1.14,-2.28,-3.961882493,-60.18,-2.688242787,248.428,-0.6017040598,1.204239058
2.07,-1.23,-2.46,-4.300717927,-63.42,-2.77697356,248.409,-0.6021132484,1.272745618
2.071,-1.27,-2.54,-4.452535367,-64.95,-2.817532817,249.236,-0.5843316809,1.308851475
2.072,-1.26,-2.52,-4.414510397,-64.49,-2.805426099,250.157,-0.5645983022,1.309934253
2.073,-1.17,-2.34,-4.074403975,-61.8,-2.73310183,251.555,-0.534783112,1.246801539
2.074,-1,-2,-3.442384,-56.63,-2.586317967,252.994,-0.5042660725,1.113829605
2.075,-0.75,-1.5,-2.5376565,-48.74,-2.340360252,254.595,-0.4705168053,0.9027988235
2.076,-0.49,-0.98,-1.627949697,-40.42,-2.048330889,256.283,-0.4351626391,0.6555079279
2.077,-0.34,-0.68,-1.117593981,-35.25,-1.847935408,257.653,-0.4066395648,0.4957005175
2.078,-0.33,-0.66,-1.083946855,-34.95,-1.835830718,258.955,-0.3796724456,0.4892553858
2.079,-0.45,-0.9,-1.49081922,-39.49,-2.013403076,259.828,-0.3616666343,0.627694932
2.08,-0.62,-1.24,-2.078825379,-45.8,-2.241232402,260.778,-0.3421412902,0.8046940269
2.081,-0.75,-1.5,-2.5376565,-50.68,-2.403470658,261.779,-0.3216445537,0.9312107206
2.082,-0.82,-1.64,-2.788014563,-53.5,-2.492087893,262.609,-0.3047086067,0.9968600016
2.083,-0.85,-1.7,-2.89601698,-54.62,-2.526292969,263.84,-0.2796886636,1.032086934
2.084,-0.83,-1.66,-2.823968295,-54,-2.507426187,265.268,-0.2508105572,1.023831004
2.085,-0.75,-1.5,-2.5376565,-51.44,-2.427711506,267.241,-0.2111657877,0.9616424779
2.086,-0.6,-1.2,-2.00894208,-46.64,-2.269993025,269.709,-0.1619846982,0.8260528297
2.087,-0.41,-0.82,-1.354441921,-40.35,-2.045718595,272.332,-0.1102057386,0.6282418634
2.088,-0.23,-0.46,-0.7500646472,-34.45,-1.815536867,275.278,-0.05264195393,0.4014951025
2.089,-0.1,-0.2,-0.32305528,-29.71,-1.615551103,278.448,0.008614643301,0.2010379925
2.09,0.02,0.04,0.0640461728,-25.11,-1.407747973,282.567,0.08717598651,-0.04849881224
2.091,0.17,0.34,0.5383905848,-19.11,-1.115051599,285.968,0.1511845948,-0.5585735196
2.092,0.37,0.74,1.154374041,-10.31,-0.6379793222,291.744,0.2581674157,-3.03933084
2.093,0.58,1.16,1.780891485,0.49,0.03258588131,302.309,0.4484827928,3.701948559
2.094,0.78,1.56,2.358274589,5.57,0.3831387118,303.067,0.4618804238,2.790794302
2.095,0.86,1.72,2.583955587,7.59,0.5291296552,303.355,0.466962034,2.594094113
2.096,0.65,1.3,1.98511742,2.26,0.1520747473,303.536,0.4701532167,3.190337842
2.097,0.23,0.46,0.7251627128,-14.17,-0.8545216457,303.348,0.4668385798,-1.870503967
2.098,-0.17,-0.34,-0.5519948552,-30.12,-1.633404388,302.801,0.4571827005,0.4692949134
2.099,-0.34,-0.68,-1.117593981,-36.86,-1.911989692,301.513,0.4343773032,0.7563512523
2.1,-0.26,-0.52,-0.8497350368,-34.04,-1.798783951,300.113,0.4094780684,0.6116255946
2.101,-0.11,-0.22,-0.3556197128,-28.71,-1.571554699,297.222,0.3576914804,0.2929652265
2.102,-0.01,-0.02,-0.0320936968,-24.8,-1.393237573,292.838,0.2781916615,0.02878239943
2.103,0.07,0.14,0.2233378168,-21.85,-1.251852694,282.468,0.08530123537,-0.1914513202
2.104,0.11,0.22,0.3499238072,-20.08,-1.164095834,281.942,0.07532940349,-0.3213947431
2.105,0.12,0.24,0.3814526208,-19.66,-1.142943575,281.607,0.06896882008,-0.3551783867
2.106,0.1,0.2,0.31834792,-20.64,-1.192101881,281.599,0.06881683306,-0.2834079566
2.107,0.05,0.1,0.15976238,-22.44,-1.280612836,282.34,0.08287634049,-0.1333869182
2.108,0.03,0.06,0.0959986488,-23.51,-1.332151583,282.999,0.09534903952,-0.07761841151
2.109,0.05,0.1,0.15976238,-22.7,-1.293209475,284.059,0.1153505441,-0.1356379578
2.11,0.11,0.22,0.3499238072,-20.3,-1.17512499,286.445,0.160101061,-0.344744392
2.111,0.15,0.3,0.47575662,-18.5,-1.083859896,288.763,0.203220653,-0.5402400854
2.112,0.12,0.24,0.3814526208,-19.73,-1.146477775,293.763,0.2950643027,-0.4480227683
2.113,0.01,0.02,0.0320466232,-24.51,-1.379604216,301.91,0.4414169762,-0.03415802499
2.114,-0.15,-0.3,-0.48634818,-31.04,-1.673077235,301.642,0.4366657697,0.3933546346
2.115,-0.27,-0.54,-0.8830526472,-36,-1.877963793,299.752,0.4030387855,0.5987102006
2.116,-0.31,-0.62,-1.016793825,-37.55,-1.938978796,298.361,0.3781543124,0.651446614
2.117,-0.27,-0.54,-0.8830526472,-36.27,-1.888692906,297.719,0.3666300159,0.580168305
2.118,-0.2,-0.4,-0.65081792,-33.76,-1.787284647,296.775,0.349639418,0.4526971653
2.119,-0.14,-0.28,-0.4535954528,-31.58,-1.696115367,296.189,0.3390650796,0.3342510274
2.12,-0.1,-0.2,-0.32305528,-30.24,-1.638609494,295.486,0.3263518442,0.2461828134
2.121,-0.08,-0.16,-0.2580676352,-29.51,-1.606803225,294.681,0.3117568137,0.1992728855
2.122,-0.06,-0.12,-0.1932682848,-28.92,-1.580847375,290.71,0.2391722476,0.1440499871
2.123,-0.04,-0.08,-0.1286572288,-28.05,-1.542162911,285.71,0.1463556523,0.09217406488
2.124,-0.01,-0.02,-0.0320936968,-26.93,-1.491633917,286.985,0.170177272,0.02428660594
2.125,0.03,0.06,0.0959986488,-25.55,-1.42823174,287.949,0.1881181308,-0.07741117274
2.126,0.08,0.16,0.2550549248,-23.34,-1.324016234,289.931,0.2248168972,-0.2320370076
2.127,0.18,0.36,0.5696369568,-19.44,-1.131813056,292.287,0.2681156918,-0.65953305
2.128,0.32,0.64,1.002143437,-13.13,-0.7973224563,294.957,0.3167653108,-2.085378287
2.129,0.49,0.98,1.514925983,-4.96,-0.3180823083,299.474,0.3980747148,18.9383724
2.13,0.62,1.24,1.897874461,1.16,0.07748688771,309.552,0.5751516283,2.908002538
2.131,0.7,1.4,2.12958088,3.04,0.2056245185,310.241,0.5870464109,2.686588849
2.132,0.72,1.44,2.187036749,3.69,0.2506710171,311.047,0.6009275817,2.568154471
2.133,0.72,1.44,2.187036749,3.68,0.2499750781,312.148,0.6198313153,2.514394888
2.134,0.71,1.42,2.158332351,3.47,0.235381436,312.306,0.6225386405,2.515773218
2.135,0.7,1.4,2.12958088,3.05,0.2063146311,312.539,0.6265285902,2.557000916
2.136,0.67,1.34,2.043044025,2.41,0.1623300733,312.791,0.6308405537,2.575793852
2.137,0.63,1.26,1.927002521,1.43,0.0956944162,312.957,0.6336790766,2.641996919
2.138,0.57,1.14,1.751528057,-0.14,-0.00927127891,312.864,0.6320890053,2.812264299
2.139,0.49,0.98,1.514925983,-3.54,-0.2291788342,310.912,0.5986050813,4.10075352
2.14,0.39,0.78,1.214936767,-7.65,-0.4818619997,310.025,0.5833202675,11.97474383
2.141,0.26,0.52,0.8179132832,-12.79,-0.7784413185,305.45,0.5037826719,-2.977926576
2.142,0.08,0.16,0.2550549248,-19.51,-1.135358379,300.346,0.413630059,-0.3533946471
2.143,-0.13,-0.26,-0.4208897992,-27.44,-1.514744942,294.882,0.3154047701,0.350934463
2.144,-0.34,-0.68,-1.117593981,-35.01,-1.838255943,285.42,0.140922563,0.6584410548
2.145,-0.5,-1,-1.66235,-40.85,-2.064318663,268.457,-0.1868774343,0.738429674
2.146,-0.6,-1.2,-2.00894208,-44.47,-2.194960674,261.295,-0.331545259,0.7951463933
2.147,-0.64,-1.28,-2.148896973,-46.18,-2.254287212,254.631,-0.4697603632,0.7888617631
2.148,-0.65,-1.3,-2.18400338,-46.28,-2.257710568,247.66,-0.6182688761,0.7593946419
2.149,-0.63,-1.26,-2.113837639,-45.74,-2.239164431,240.983,-0.7644867633,0.7037560298
2.15,-0.66,-1.32,-2.219156861,-46.79,-2.27509155,238.384,-0.8224998774,0.7164136757
2.151,-0.77,-1.54,-2.608952007,-50.87,-2.409556037,238.159,-0.8275518878,0.8059515061
2.152,-0.93,-1.86,-3.186094663,-56.81,-2.591609851,236.192,-0.8719220286,0.9198975999
2.153,-1.07,-2.14,-3.700979943,-61.9,-2.735838196,240.26,-0.7805620222,1.052491103
2.154,-1.12,-2.24,-3.887103539,-63.67,-2.783658179,240.13,-0.7834575863,1.089704903
2.155,-1.08,-2.16,-3.738110515,-62.49,-2.751906617,239.912,-0.7883167448,1.055896799
2.156,-1.03,-2.06,-3.552928391,-60.92,-2.708858671,239.134,-0.8056942144,1.010919029
2.157,-1.02,-2.04,-3.516033187,-60.69,-2.702473674,242.141,-0.7388398823,1.021712532
2.158,-1.03,-2.06,-3.552928391,-61.05,-2.712458604,248.761,-0.5945375688,1.074367252
2.159,-0.99,-1.98,-3.405630017,-59.78,-2.677010475,250.822,-0.5503951037,1.055222201
2.16,-0.89,-1.78,-3.040679233,-56.57,-2.584550994,252.921,-0.5058100078,0.9839236359
2.161,-0.78,-1.56,-2.644670371,-53.35,-2.487464795,254.836,-0.4654548829,0.8956120247
2.162,-0.72,-1.44,-2.431066291,-51.44,-2.427711506,257.872,-0.4020941011,0.8590930362
2.163,-0.66,-1.32,-2.219156861,-49.58,-2.367906163,260.512,-0.3476012074,0.8172162907
2.164,-0.57,-1.14,-1.904470183,-46.55,-2.266928506,264.063,-0.2751687042,0.7491728386
2.165,-0.47,-0.94,-1.559290311,-43.33,-2.154570265,266.124,-0.2335743024,0.6529296143
2.166,-0.41,-0.82,-1.354441921,-41.19,-2.076888401,268.092,-0.1941563605,0.59639596
2.167,-0.35,-0.7,-1.15128818,-39.49,-2.013403076,269.768,-0.1608144908,0.5295183875
2.168,-0.28,-0.56,-0.9164173312,-37.01,-1.917880312,271.354,-0.1294532662,0.4476150546
2.169,-0.19,-0.38,-0.6178298248,-33.88,-1.792218728,272.972,-0.0976476001,0.3269172087
2.17,-0.11,-0.22,-0.3556197128,-31.16,-1.678212608,274.712,-0.06365343076,0.2041601965
2.171,-0.06,-0.12,-0.1932682848,-29.05,-1.586585709,275.98,-0.03901602186,0.1188903045
2.172,0,0,0,-26.92,-1.491179042,277.168,-0.01603551837,-0
2.173,0.06,0.12,0.1915736352,-24.51,-1.379604216,278.242,0.004655168368,-0.1393314432
2.174,0.13,0.26,0.4129343608,-22.02,-1.260164562,279.535,0.02945921153,-0.335526583
2.175,0.19,0.38,0.6008362552,-19.4,-1.129785566,279.834,0.03517869242,-0.5489059769
2.176,0.26,0.52,0.8179132832,-16.27,-0.9675019767,282.721,0.09009096089,-0.9321894397
2.177,0.35,0.7,1.09362302,-12.15,-0.7426561335,286.533,0.1617444051,-1.88259759
2.178,0.44,0.88,1.365519795,-7.83,-0.4926076386,295.211,0.3213704405,-7.974434355
2.179,0.49,0.98,1.514925983,-5.3,-0.3391162088,301.724,0.4381199451,15.30170515
2.18,0.48,0.96,1.485138893,-5.8,-0.3698722461,302.449,0.4509598167,18.3152471
2.181,0.45,0.9,1.39549518,-7.54,-0.4752821432,302.984,0.4604150355,-93.86460458
2.182,0.46,0.92,1.425423491,-6.77,-0.4289443897,303.446,0.4685666787,35.97529395
2.183,0.53,1.06,1.633603609,-2.97,-0.1930093327,303.457,0.4687606141,5.924192266
2.184,0.57,1.14,1.751528057,-0.7,-0.04618381899,303.755,0.4740118283,4.094000437
2.185,0.5,1,1.544666,-4.04,-0.2606780338,303.119,0.4627982939,7.642311559
2.186,0.35,0.7,1.09362302,-10.82,-0.6672615596,303.219,0.4645629862,-5.395316807
2.187,0.24,0.48,0.7561266432,-15.64,-0.9339583489,300.365,0.4139684913,-1.45411806
2.188,0.2,0.4,0.63198848,-17.13,-1.012811942,297.528,0.3631966511,-0.9728657696
2.189,0.15,0.3,0.47575662,-19.35,-1.127249575,293.836,0.2963936106,-0.5726102242
2.19,0.03,0.06,0.0959986488,-24.58,-1.382900269,290.113,0.2281742288,-0.0831354325
2.191,-0.1,-0.2,-0.32305528,-29.82,-1.620351533,286.668,0.1642644635,0.2218653587
2.192,-0.14,-0.28,-0.4535954528,-31.28,-1.683338948,286.082,0.1533169259,0.296463349
2.193,-0.08,-0.16,-0.2580676352,-29.44,-1.603735414,272.691,-0.1031577781,0.1511914374
2.194,-0.04,-0.08,-0.1286572288,-27.84,-1.532751452,269.914,-0.1579198231,0.07609831119
2.195,-0.06,-0.12,-0.1932682848,-28.52,-1.563122439,269.254,-0.171017788,0.1114490523
2.196,-0.11,-0.22,-0.3556197128,-30.63,-1.655463018,268.7,-0.1820369497,0.193534541
2.197,-0.16,-0.32,-0.5191479808,-32.87,-1.75041688,268.98,-0.1764648617,0.2694238933
2.198,-0.2,-0.4,-0.65081792,-34.38,-1.812683774,269.283,-0.1704415973,0.3281779002
2.199,-0.21,-0.42,-0.6838530888,-34.75,-1.827731124,270.327,-0.1497399537,0.3458220434
2.2,-0.17,-0.34,-0.5519948552,-33.62,-1.781517189,271.475,-0.1270681688,0.2892167505
2.201,-0.09,-0.18,-0.2905379208,-30.5,-1.649855876,273.093,-0.09527663689,0.1664847332
2.202,0.05,0.1,0.15976238,-25.5,-1.425910617,275.302,-0.0521755367,-0.108087326
2.203,0.19,0.38,0.6008362552,-20,-1.160076618,277.853,-0.002829705042,-0.5166678031
2.204,0.27,0.54,0.8487359928,-16.51,-0.9802021512,280.663,0.05100448001,-0.9134073611
2.205,0.28,0.56,0.8795116288,-16.14,-0.9606046993,284.043,0.1150491898,-1.040158356
2.206,0.28,0.56,0.8795116288,-16.11,-0.9590112194,288.731,0.2026277464,-1.16278536
2.207,0.35,0.7,1.09362302,-12.61,-0.7684090348,293.827,0.2962297412,-2.316118124
2.208,0.52,1.04,1.604004813,-4.19,-0.2700863258,303.69,0.4728668686,7.910052858
2.209,0.69,1.38,2.100782335,2.48,0.16712284,303.928,0.4770579889,3.261168667
2.21,0.77,1.54,2.329852633,4.47,0.3052362103,303.734,0.473641945,2.991292819
2.211,0.74,1.48,2.244304323,3.57,0.242325773,303.199,0.4642100943,3.176490292
2.212,0.66,1.32,2.014104259,1.46,0.09772149724,302.606,0.4537362586,3.652327378
2.213,0.6,1.2,1.83947712,0.1,0.00663293416,302.095,0.4446942671,4.075706306
2.214,0.6,1.2,1.83947712,0.06,0.003978700632,300.78,0.4213552294,4.324783399
2.215,0.62,1.24,1.897874461,0.5,0.03325311302,299.205,0.3932669627,4.449672052
2.216,0.62,1.24,1.897874461,0.56,0.03725836599,296.617,0.3467903738,4.941754168
2.217,0.6,1.2,1.83947712,-0.09,-0.005962092718,286.914,0.1688535199,11.29265764
2.218,0.56,1.12,1.722117555,-2.27,-0.1482089132,287.612,0.1818531121,51.18616619
2.219,0.51,1.02,1.574358943,-4.8,-0.3081503368,288.693,0.2019235844,-14.82073873
2.22,0.46,0.92,1.425423491,-7.15,-0.4518734412,290.465,0.2346615578,-6.562364216
2.221,0.43,0.86,1.335497337,-8.84,-0.5524120377,291.704,0.2574338456,-4.527444307
2.222,0.42,0.84,1.305427805,-9.36,-0.5828795432,293.344,0.2874280443,-4.418416591
2.223,0.43,0.86,1.335497337,-9.01,-0.5623966193,295.565,0.3277820084,-5.692302502
2.224,0.43,0.86,1.335497337,-8.85,-0.5530000139,299.473,0.3980568501,-8.619272407
2.225,0.42,0.84,1.305427805,-9.65,-0.5997762913,309.577,0.5755836868,-53.95978786
2.226,0.39,0.78,1.214936767,-11.23,-0.6906523648,310.346,0.5888567937,-11.9350651
2.227,0.35,0.7,1.09362302,-12.95,-0.7873377425,310.178,0.5859598871,-5.430701493
2.228,0.35,0.7,1.09362302,-13.28,-0.805623864,309.885,0.5809037876,-4.866601319
2.229,0.4,0.8,1.24514752,-10.85,-0.6689776014,309.166,0.5684762115,-12.38935622
2.23,0.5,1,1.544666,-5.88,-0.3747738078,308.281,0.5531396619,8.660099254
2.231,0.6,1.2,1.83947712,-0.17,-0.0112557326,305.688,0.5079496524,3.703441992
2.232,0.65,1.3,1.98511742,1.18,0.07883336081,302.168,0.4459869162,3.78247089
2.233,0.6,1.2,1.83947712,-0.13,-0.008609618032,298.959,0.3888664971,4.837459153
2.234,0.45,0.9,1.39549518,-6.62,-0.4198605886,295.088,0.3191408924,-13.85523619
2.235,0.2,0.4,0.63198848,-16.64,-0.987063429,290.463,0.2346247202,-0.8399202122
2.236,-0.14,-0.28,-0.4535954528,-29.97,-1.626885128,283.724,0.1090373921,0.2988412091
2.237,-0.49,-0.98,-1.627949697,-43.2,-2.149921015,270.092,-0.1543928251,0.706479156
2.238,-0.73,-1.46,-2.466549287,-52.16,-2.450430774,266.709,-0.2218267145,0.9230208157
2.239,-0.81,-1.62,-2.752107905,-55.24,-2.544992513,266.824,-0.2195203904,0.9955127723
2.24,-0.75,-1.5,-2.5376565,-53.5,-2.492087893,267.172,-0.2125473035,0.9382620264
2.241,-0.66,-1.32,-2.219156861,-50.62,-2.401545457,268.676,-0.1825148274,0.8587867994
2.242,-0.62,-1.24,-2.078825379,-49.38,-2.361378283,270.273,-0.1508087661,0.8274962568
2.243,-0.6,-1.2,-2.00894208,-48.64,-2.337058358,272.519,-0.1065333583,0.8221267352
2.244,-0.51,-1.02,-1.696797377,-45.83,-2.242265703,274.951,-0.05900094339,0.7373319297
2.245,-0.34,-0.68,-1.117593981,-40.11,-2.036741606,277.534,-0.008975510355,0.546309151
2.246,-0.13,-0.26,-0.4208897992,-32.93,-1.752917555,280.584,0.0494983695,0.2470852758
2.247,0.04,0.08,0.1279040512,-26.66,-1.479329025,283.933,0.1129769191,-0.09360987602
2.248,0.17,0.34,0.5383905848,-21.66,-1.242538892,288.32,0.1950067549,-0.5139609237
2.249,0.28,0.56,0.8795116288,-16.94,-1.002849035,292.767,0.2768943706,-1.211524179
2.25,0.35,0.7,1.09362302,-13.85,-0.837010639,300.289,0.4126146337,-2.576892822
2.251,0.36,0.72,1.124022067,-13.54,-0.8199717364,310.195,0.5862530978,-4.809295802
2.252,0.34,0.68,1.063176899,-14.27,-0.8599777234,311.507,0.6088337246,-4.233335873
2.253,0.38,0.76,1.184678941,-12.87,-0.7828920179,312.332,0.6229840185,-7.408503297
2.254,0.48,0.96,1.485138893,-7.83,-0.4926076386,313.058,0.6354053931,10.40029584
2.255,0.63,1.26,1.927002521,0.19,0.01261012947,313.541,0.6436532534,2.936324913
2.256,0.79,1.58,2.386649471,4.25,0.2897895594,314.187,0.6546647145,2.527014316
2.257,0.93,1.86,2.778955097,7.85,0.5481992408,314.532,0.6605361775,2.299059872
2.258,1.01,2.02,2.998987263,9.9,0.7008097356,315.004,0.6685585955,2.19005157
2.259,1.02,2.04,3.026279453,10.17,0.7212100352,314.795,0.66500778,2.183119723
2.26,0.99,1.98,2.944261663,9.61,0.6789765698,314.285,0.6563332057,2.204927813
2.261,0.98,1.96,2.916828253,9.2,0.6482469267,312.745,0.6300537085,2.281801458
2.262,0.98,1.96,2.916828253,9.17,0.6460047472,310.724,0.5953691039,2.349677537
2.263,0.97,1.94,2.889347769,8.95,0.6295884267,308.938,0.5645293027,2.419650674
2.264,0.93,1.86,2.778955097,8.02,0.5607024247,307.747,0.5438644319,2.515877677
2.265,0.86,1.72,2.583955587,6.25,0.4318578194,306.108,0.5152952394,2.728128852
2.266,0.77,1.54,2.329852633,3.93,0.2674009624,304.433,0.4859400528,3.092693197
2.267,0.68,1.36,2.071936717,1.58,0.1058378764,302.466,0.4512605201,3.719157567
2.268,0.59,1.18,1.810207839,-1.16,-0.07629901523,299.856,0.4048946646,5.508922113
2.269,0.49,0.98,1.514925983,-5.71,-0.3643515993,296.376,0.3424417556,-69.14362371
2.27,0.34,0.68,1.063176899,-11.85,-0.7257715294,283.796,0.1103948773,-1.727684818
2.271,0.13,0.26,0.4129343608,-19.93,-1.15655603,280.992,0.05727220736,-0.375639441
2.272,-0.08,-0.16,-0.2580676352,-28.28,-1.552437667,277.893,-0.002059569043,0.1660135697
2.273,-0.23,-0.46,-0.7500646472,-34.15,-1.803288575,274.547,-0.06686776143,0.4010705591
2.274,-0.29,-0.58,-0.9498290888,-36.35,-1.891863699,270.547,-0.1453877383,0.4662306633
2.275,-0.29,-0.58,-0.9498290888,-36.24,-1.887502893,269.271,-0.1706800135,0.4614891542
2.276,-0.3,-0.6,-0.98328792,-36.69,-1.905297862,268.037,-0.1952540441,0.4681093179
2.277,-0.37,-0.74,-1.218817799,-39.32,-2.006966342,267.591,-0.2041635878,0.551219439
2.278,-0.48,-0.96,-1.593596467,-43.6,-2.164197929,267.09,-0.2141895689,0.6700323092
2.279,-0.62,-1.24,-2.078825379,-48.73,-2.34003028,266.793,-0.2201419973,0.8119865205
2.28,-0.72,-1.44,-2.431066291,-52.8,-2.47042747,266.283,-0.2303788147,0.9001261234
2.281,-0.74,-1.48,-2.502079357,-53.59,-2.494856952,266.22,-0.231644723,0.9176885455
2.282,-0.65,-1.3,-2.18400338,-50.77,-2.406355306,266.148,-0.2330918423,0.8274472864
2.283,-0.49,-0.98,-1.627949697,-45.69,-2.237439725,266.764,-0.2207235659,0.6622626345
2.284,-0.36,-0.72,-1.185029453,-41.24,-2.078731569,267.746,-0.2010655392,0.5197960153
2.285,-0.29,-0.58,-0.9498290888,-38.83,-1.988322632,268.93,-0.1774594519,0.4385617075
2.286,-0.24,-0.48,-0.7832410368,-37.37,-1.931964661,270.223,-0.1517985977,0.3758781299
2.287,-0.19,-0.38,-0.6178298248,-35.37,-1.852762307,272.095,-0.1148636636,0.3139975961
2.288,-0.09,-0.18,-0.2905379208,-31.91,-1.710104579,274.252,-0.07261941241,0.1629741464
2.289,0.05,0.1,0.15976238,-27.01,-1.495270535,276.41,-0.03068676006,-0.1046964948
2.29,0.19,0.38,0.6008362552,-21.53,-1.236151625,279.214,0.02331208576,-0.4953963288
2.291,0.29,0.58,0.9102401912,-17.18,-1.015429303,281.448,0.06594726793,-0.9586702616
2.292,0.36,0.72,1.124022067,-14.25,-0.8588871208,284.395,0.1216750672,-1.524693013
2.293,0.44,0.88,1.365519795,-10.24,-0.6339440111,287.482,0.179434377,-3.00438031
2.294,0.59,1.18,1.810207839,-2.28,-0.1488518939,292.265,0.2677129903,15.22960746
2.295,0.77,1.54,2.329852633,3.48,0.2360754595,305.786,0.509664525,3.124215787
2.296,0.88,1.76,2.639905101,6.27,0.4332972598,309.036,0.5662261378,2.641163886
2.297,0.88,1.76,2.639905101,6.24,0.4311382393,312.491,0.6257068696,2.497911074
2.298,0.81,1.62,2.443258015,4.33,0.2954013801,315.197,0.6718354867,2.526018289
2.299,0.73,1.46,2.215694073,2.21,0.1486608132,315.177,0.6714960057,2.701549291
2.3,0.67,1.34,2.043044025,0.81,0.05398132586,315.107,0.6703076525,2.820758131
2.301,0.65,1.3,1.98511742,0.28,0.01859448794,314.415,0.6585457077,2.931619527
2.302,0.66,1.32,2.014104259,0.5,0.03325311302,313.659,0.6456663274,2.966632179
2.303,0.68,1.36,2.071936717,0.89,0.05934440726,312.096,0.6189399972,3.054672499
2.304,0.68,1.36,2.071936717,1.01,0.06739971161,311.278,0.6048993009,3.081867857
2.305,0.66,1.32,2.014104259,0.55,0.03659060203,309.239,0.5697392996,3.321796029
2.306,0.6,1.2,1.83947712,-1.92,-0.125650087,306.353,0.5195755121,4.6696075
2.307,0.48,0.96,1.485138893,-7.71,-0.4854468292,303.504,0.4695891682,-93.65434727
2.308,0.3,0.6,0.94092168,-15.6,-0.931818505,300.248,0.4118841208,-1.809693124
2.309,0.13,0.26,0.4129343608,-22.94,-1.304795336,294.42,0.3070162002,-0.413853473
2.31,0.02,0.04,0.0640461728,-27.47,-1.516099075,279.771,0.03397409274,-0.04321239678
2.311,-0.02,-0.04,-0.0642344672,-29.15,-1.590992398,278.041,0.0007889705989,0.04039386792
2.312,-0.03,-0.06,-0.0964223112,-29.56,-1.608992595,276.285,-0.03310672048,0.05871892782
2.313,-0.04,-0.08,-0.1286572288,-30.18,-1.636008085,275.699,-0.04446611197,0.07656007397
2.314,-0.07,-0.14,-0.2256444232,-31.31,-1.684619123,275.145,-0.05522742007,0.129692141
2.315,-0.1,-0.2,-0.32305528,-32.88,-1.750833812,275.8,-0.04250654357,0.180141644
2.316,-0.14,-0.28,-0.4535954528,-34.36,-1.811868063,276.572,-0.02755211906,0.2465969751
2.317,-0.14,-0.28,-0.4535954528,-34.37,-1.812275948,277.983,-0.0003271682768,0.2502453232
2.318,-0.08,-0.16,-0.2580676352,-32.16,-1.720657414,279.784,0.03422268314,0.1530255696
2.319,0.04,0.08,0.1279040512,-27.88,-1.534546334,281.543,0.06775280303,-0.087199765
2.32,0.17,0.34,0.5383905848,-22.78,-1.297075882,284.728,0.1279357532,-0.4605013304
2.321,0.29,0.58,0.9102401912,-17.88,-1.051878061,287.364,0.1772379626,-1.040702562
2.322,0.41,0.82,1.275311199,-12.38,-0.7555532496,292.101,0.2647100776,-2.598205032
2.323,0.54,1.08,1.663155331,-6.12,-0.3894464619,302.505,0.4519503052,26.60884905
2.324,0.62,1.24,1.897874461,-1.91,-0.1250039901,302.572,0.4531351131,5.783890425
2.325,0.62,1.24,1.897874461,-1.8,-0.1178911993,302.188,0.4463410121,5.778278407
2.326,0.58,1.16,1.780891485,-4.11,-0.2650709474,301.39,0.432194365,10.65614569
2.327,0.57,1.14,1.751528057,-4.89,-0.3137397254,300.353,0.4137547471,17.51264988
2.328,0.63,1.26,1.927002521,-1.41,-0.0925884157,299.668,0.401539336,6.2372448
2.329,0.66,1.32,2.014104259,0.34,0.02258804273,298.117,0.3737772857,5.081434008
2.33,0.62,1.24,1.897874461,-1.69,-0.1107679054,288.006,0.1891770677,24.20475372
2.331,0.57,1.14,1.751528057,-4.43,-0.2850998976,289.314,0.2134194704,-24.43523462
2.332,0.56,1.12,1.722117555,-5.03,-0.3224207647,291.501,0.253709426,-25.06307676
2.333,0.59,1.18,1.810207839,-3.03,-0.1968297564,293.94,0.2982868489,17.84210246
2.334,0.6,1.2,1.83947712,-2.78,-0.1808909279,296.979,0.3533156881,10.66828869
2.335,0.51,1.02,1.574358943,-7.21,-0.4554829271,301.33,0.4311291937,-64.64548652
2.336,0.4,0.8,1.24514752,-12.65,-0.7706406119,313.084,0.6358497013,-9.237622287
2.337,0.33,0.66,1.032683705,-16.46,-0.9775598357,314.012,0.6516839711,-3.168948108
2.338,0.32,0.64,1.002143437,-16.65,-0.9875906969,315.119,0.6705113889,-3.160545048
2.339,0.42,0.84,1.305427805,-12.15,-0.7426561335,316.043,0.6861758412,-23.11297894
2.34,0.61,1.22,1.868699327,-2.46,-0.1604107785,316.935,0.7012544164,3.455156346
2.341,0.84,1.68,2.527817779,4.68,0.3200222514,317.407,0.7092160537,2.45600826
2.342,1.05,2.1,3.10787358,10.02,0.7098678504,317.466,0.7102104258,2.188522726
2.343,1.18,2.36,3.456552477,13.85,1.006348235,316.854,0.6998869265,2.02583592
2.344,1.26,2.52,3.667169923,15.54,1.141791095,317.268,0.7068726495,1.98368683
2.345,1.26,2.52,3.667169923,15.51,1.139361748,316.709,0.6974380777,1.996499495
2.346,1.15,2.3,3.37679422,13.11,0.9479400111,315.987,0.685227785,2.067634586
2.347,0.96,1.92,2.861820211,8.19,0.5732330208,312.834,0.6315759783,2.375331039
2.348,0.74,1.48,2.244304323,2.35,0.1582255076,308.652,0.559574235,3.12664409
2.349,0.54,1.08,1.663155331,-5.13,-0.3286114071,303.565,0.4706643343,11.70799761
2.35,0.36,0.72,1.124022067,-12.41,-0.7572324329,297.333,0.3596891089,-2.827420307
2.351,0.19,0.38,0.6008362552,-19.57,-1.138394407,290.368,0.2328746414,-0.6635263833
2.352,0,0,0,-27.2,-1.503890546,275.429,-0.04970808885,-0
2.353,-0.18,-0.36,-0.5848888032,-34.54,-1.819200808,273.095,-0.09523745624,0.3055145805
2.354,-0.35,-0.7,-1.15128818,-40.96,-2.068392259,270.061,-0.1550069104,0.5178054377
2.355,-0.46,-0.92,-1.525031229,-45.25,-2.222207407,269.33,-0.1695079028,0.6376307509
2.356,-0.48,-0.96,-1.593596467,-46.06,-2.250172528,268.306,-0.1898875151,0.653097235
2.357,-0.41,-0.82,-1.354441921,-43.7,-2.167754002,268.638,-0.1832715543,0.5761068471
2.358,-0.28,-0.56,-0.9164173312,-39.63,-2.018691782,269.044,-0.175192056,0.4177146098
2.359,-0.19,-0.38,-0.6178298248,-36.55,-1.899774315,270.622,-0.1439048374,0.3023125348
2.36,-0.16,-0.32,-0.5191479808,-35.36,-1.852360392,271.768,-0.121297086,0.2630385397
2.361,-0.12,-0.24,-0.3882312192,-34.05,-1.799193764,273.031,-0.09649137934,0.2047973106
2.362,-0.03,-0.06,-0.0964223112,-30.83,-1.66406855,274.374,-0.07024001365,0.05559697579
2.363,0.09,0.18,0.2867249592,-26.6,-1.476588034,276.052,-0.03762045059,-0.1893563285
2.364,0.14,0.28,0.4443690272,-24.54,-1.38101722,278.008,0.0001539546194,-0.3218052348
2.365,0.12,0.24,0.3814526208,-25.22,-1.412881174,279.834,0.03517869242,-0.2768759046
2.366,0.12,0.24,0.3814526208,-25.44,-1.423123046,282.168,0.0796161563,-0.2839230849
2.367,0.18,0.36,0.5696369568,-22.94,-1.304795336,283.521,0.1052081823,-0.4748608343
2.368,0.29,0.58,0.9102401912,-18.66,-1.092067572,284.775,0.1288188039,-0.9449689652
2.369,0.36,0.72,1.124022067,-15.59,-0.9312833553,285.822,0.1484524728,-1.435842776
2.37,0.4,0.8,1.24514752,-13.69,-0.8282256132,287.227,0.1746867566,-1.905238698
2.371,0.49,0.98,1.514925983,-9.39,-0.5846306229,289.164,0.2106449482,-4.050759389
2.372,0.63,1.26,1.927002521,-1.84,-0.1204788833,292.141,0.2654426508,13.29299421
2.373,0.74,1.48,2.244304323,1.94,0.1302644618,295.671,0.3297003625,4.879295555
2.374,0.78,1.56,2.358274589,2.91,0.1966613113,302.124,0.4452078226,3.674073833
2.375,0.81,1.62,2.443258015,3.71,0.252063169,311.562,0.6097782428,2.834927612
2.376,0.92,1.84,2.751239245,6.47,0.4477122266,312.292,0.6222988062,2.571225119
2.377,1.09,2.18,3.216006719,11.08,0.7904862633,312.653,0.6284796708,2.266443924
2.378,1.24,2.48,3.614798003,14.93,1.092572757,313.089,0.6359351409,2.091282318
2.379,1.3,2.6,3.77134888,16.13,1.189753296,313.416,0.6415199332,2.059413538
2.38,1.3,2.6,3.77134888,16.23,1.197917453,313.885,0.6495197626,2.041394883
2.381,1.29,2.58,3.745374751,15.91,1.171827865,313.964,0.6508661054,2.054856609
2.382,1.25,2.5,3.6410075,15.31,1.123189317,313.951,0.6506445786,2.052620321
2.383,1.18,2.36,3.456552477,13.64,0.9897176276,313.742,0.6470818496,2.111775159
2.384,1.04,2.08,3.080722611,10.22,0.7249955928,313.072,0.6356446405,2.264171333
2.385,0.86,1.72,2.583955587,5.79,0.3988536725,311.382,0.6066864721,2.569718973
2.386,0.68,1.36,2.071936717,1.1,0.07344960963,309.287,0.5705696608,3.21719677
2.387,0.49,0.98,1.514925983,-6.35,-0.403462751,308.156,0.5509699349,10.27018443
2.388,0.32,0.64,1.002143437,-13.89,-0.8392038172,307.113,0.5328313473,-3.270997022
2.389,0.19,0.38,0.6008362552,-19.18,-1.118613657,306.41,0.5205708398,-1.004670966
2.39,0.12,0.24,0.3814526208,-22.16,-1.266994388,305.809,0.5100669155,-0.5039487067
2.391,0.06,0.12,0.1915736352,-24.71,-1.389012656,305.267,0.5005764405,-0.2156301509
2.392,0.01,0.02,0.0320466232,-26.97,-1.493452755,304.754,0.4915782235,-0.03198666319
2.393,0.02,0.04,0.0640461728,-26.26,-1.461010498,303.885,0.4763010127,-0.06504067825
2.394,0.12,0.24,0.3814526208,-22.71,-1.29369302,303.038,0.4613684663,-0.458297931
2.395,0.15,0.3,0.47575662,-21.22,-1.220872247,302.432,0.4506590964,-0.6176947508
2.396,0.04,0.08,0.1279040512,-25.98,-1.448124012,301.122,0.4274349574,-0.1253114753
2.397,-0.15,-0.3,-0.48634818,-33.81,-1.789341574,299.03,0.3901369218,0.3475890244
2.398,-0.24,-0.48,-0.7832410368,-37.69,-1.944421352,293.298,0.2865890317,0.4724488884
2.399,-0.19,-0.38,-0.6178298248,-35.86,-1.872383693,286.877,0.1681635475,0.3625293519
2.4,-0.07,-0.14,-0.2256444232,-31.75,-1.703330398,285.889,0.149706428,0.1452374755
2.401,0.02,0.04,0.0640461728,-28.32,-1.554221063,285.753,0.1471607788,-0.04551771769
2.402,0.06,0.12,0.1915736352,-26.82,-1.486626648,285.44,0.141297436,-0.1423990749
2.403,0.06,0.12,0.1915736352,-26.78,-1.484803834,287.106,0.1724324894,-0.1459751738
2.404,0.05,0.1,0.15976238,-27.31,-1.508870189,289.217,0.2116254438,-0.1231551568
2.405,0.06,0.12,0.1915736352,-26.86,-1.4884484,292.217,0.2668342635,-0.156820087
2.406,0.13,0.26,0.4129343608,-24.09,-1.359757635,296.283,0.3407627125,-0.4052369169
2.407,0.27,0.54,0.8487359928,-18.51,-1.084373424,300.258,0.4120623039,-1.262415521
2.408,0.45,0.9,1.39549518,-10.5,-0.6489126003,313.25,0.6386855685,-136.4516309
2.409,0.64,1.28,1.956083507,-0.46,-0.03039792141,313.687,0.6461438948,3.176770278
2.41,0.77,1.54,2.329852633,3.09,0.2090759895,313.744,0.6471159539,2.721180281
2.411,0.77,1.54,2.329852633,3.2,0.2166772187,313.472,0.6424757659,2.711801827
2.412,0.66,1.32,2.014104259,0.41,0.02725121946,312.794,0.6308918657,3.060283249
2.413,0.52,1.04,1.604004813,-6.97,-0.4410271742,312.172,0.6202426428,8.950147135
2.414,0.42,0.84,1.305427805,-11.84,-0.7252074927,311.15,0.6026988857,-10.65580482
2.415,0.42,0.84,1.305427805,-11.81,-0.7235149112,310.315,0.5883223635,-9.656063344
2.416,0.47,0.94,1.455304729,-9.4,-0.585214155,309.585,0.5757219382,-153.3155815
2.417,0.53,1.06,1.633603609,-6.44,-0.4089354179,308.714,0.5606488002,10.76769619
2.418,0.59,1.18,1.810207839,-2.99,-0.1942831505,309.083,0.5670397352,4.856273272
2.419,0.64,1.28,1.956083507,-0.34,-0.02248599305,308.173,0.5512650695,3.699245288
2.42,0.63,1.26,1.927002521,-0.94,-0.06191919878,308.159,0.5510220187,3.939872032
2.421,0.5,1,1.544666,-5.92,-0.3772225855,306.826,0.5278293842,10.25628334
2.422,0.21,0.42,0.6630936312,-16.65,-0.9875906969,307.362,0.537167244,-1.472156094
2.423,-0.12,-0.24,-0.3882312192,-28.46,-1.560454755,305.099,0.4976313222,0.3652828939
2.424,-0.28,-0.56,-0.9164173312,-34.27,-1.80819439,301.488,0.4339336887,0.6668438749
2.425,-0.28,-0.56,-0.9164173312,-34.06,-1.799603517,295.73,0.3307678278,0.6239073152
2.426,-0.27,-0.54,-0.8830526472,-33.87,-1.791807888,280.021,0.03875265366,0.5037220905
2.427,-0.43,-0.86,-1.422536423,-39.41,-2.01037604,275.63,-0.0458052398,0.6918341478
2.428,-0.75,-1.5,-2.5376565,-50.66,-2.402829111,271.349,-0.1295518468,1.002083234
2.429,-0.97,-1.94,-3.332263271,-58.52,-2.641215482,266.555,-0.2249167413,1.162634174
2.43,-0.83,-1.66,-2.823968295,-54.33,-2.517489121,262.27,-0.3116193432,0.9981831136
2.431,-0.41,-0.82,-1.354441921,-40.86,-2.064689263,261.687,-0.3235250962,0.5671358249
2.432,-0.01,-0.02,-0.0320936968,-27.07,-1.49799522,260.231,-0.3533750734,0.01733510412
2.433,0.05,0.1,0.15976238,-24.74,-1.390421573,259.609,-0.366177865,-0.09094980706
2.434,-0.25,-0.5,-0.8164645,-35.82,-1.870787259,258.942,-0.3799410318,0.3627556925
2.435,-0.6,-1.2,-2.00894208,-48.97,-2.34793628,259.632,-0.3657039039,0.7403126221
2.436,-0.78,-1.56,-2.644670371,-55.81,-2.562038156,262.145,-0.3141698043,0.9194990096
2.437,-0.82,-1.64,-2.788014563,-56.94,-2.59542336,264.018,-0.2760804961,0.9709248891
2.438,-0.77,-1.54,-2.608952007,-55.66,-2.55756592,263.937,-0.2777221133,0.9201717697
2.439,-0.69,-1.38,-2.324899745,-53.03,-2.47756865,264.303,-0.2703084365,0.8460712293
2.44,-0.56,-1.12,-1.869740365,-49.06,-2.350893876,265.118,-0.2538366553,0.7178248739
2.441,-0.43,-0.86,-1.422536423,-44.83,-2.207575034,266.818,-0.2196406958,0.5860774573
2.442,-0.33,-0.66,-1.083946855,-41.62,-2.092695215,267.811,-0.1997668913,0.4728308713
2.443,-0.29,-0.58,-0.9498290888,-40.21,-2.040485889,269.154,-0.1730051285,0.4291090775
2.444,-0.3,-0.6,-0.98328792,-40.33,-2.044971729,270.11,-0.1540362919,0.4471506746
2.445,-0.31,-0.62,-1.016793825,-40.88,-2.0654303,271.838,-0.1199192499,0.4652774311
2.446,-0.32,-0.64,-1.050346803,-41.14,-2.07504387,273.485,-0.08760270798,0.4856765843
2.447,-0.32,-0.64,-1.050346803,-41.15,-2.075412886,274.785,-0.06223194892,0.4913570235
2.448,-0.3,-0.6,-0.98328792,-40.63,-2.05615157,276.715,-0.02478664647,0.4725214388
2.449,-0.29,-0.58,-0.9498290888,-40.13,-2.037490905,279.345,0.02582157898,0.4721596519
2.45,-0.32,-0.64,-1.050346803,-41.35,-2.082781747,282.468,0.08530123537,0.5258358203
2.451,-0.36,-0.72,-1.185029453,-43.23,-2.150994711,286.062,0.1529428942,0.5930924527
2.452,-0.34,-0.68,-1.117593981,-42.41,-2.121475107,291.633,0.2561315109,0.5991357211
2.453,-0.2,-0.4,-0.65081792,-37.85,-1.950627645,296.449,0.3437593452,0.4050225646
2.454,0,0,0,-30.69,-1.658047328,302.546,0.4526753681,-0
2.455,0.19,0.38,0.6008362552,-23.71,-1.341697053,314.271,0.6560948817,-0.8763628239
2.456,0.33,0.66,1.032683705,-17.81,-1.048249465,315.652,0.6795528657,-2.800903794
2.457,0.48,0.96,1.485138893,-10.95,-0.6746925819,316.247,0.6896280547,99.43701899
2.458,0.64,1.28,1.956083507,-2.89,-0.1879106268,316.72,0.6976238917,3.837615463
2.459,0.76,1.52,2.301383603,1.81,0.1214303351,317.324,0.7078168783,2.77526842
2.46,0.83,1.66,2.499678265,3.59,0.2437157346,318.082,0.7205813215,2.592228452
2.461,0.85,1.7,2.55591022,4.02,0.2736882735,318.719,0.7312846689,2.543262721
2.462,0.81,1.62,2.443258015,3.1,0.2097665561,319.419,0.7430219467,2.56432357
2.463,0.76,1.52,2.301383603,1.69,0.1132892213,319.271,0.7405424965,2.695359701
2.464,0.75,1.5,2.2728675,1.43,0.0956944162,318.969,0.7354795104,2.734526947
2.465,0.82,1.64,2.471491677,3.2,0.2166772187,318.668,0.7304285171,2.609520335
2.466,0.93,1.86,2.778955097,5.97,0.4117448525,318.289,0.7240618385,2.446679632
2.467,0.99,1.98,2.944261663,7.58,0.5283974863,317.451,0.7099576368,2.377558431
2.468,0.97,1.94,2.889347769,7,0.4860930969,316.453,0.6931118545,2.45025071
2.469,0.87,1.74,2.611953881,4.48,0.3059393875,315.771,0.681569422,2.644992992
2.47,0.71,1.42,2.158332351,0.39,0.0259184403,315.783,0.68177273,3.049822354
2.471,0.5,1,1.544666,-7.92,-0.497970509,314.53,0.6605021586,9.503785902
2.472,0.28,0.56,0.8795116288,-16.44,-0.976502386,312.36,0.6234636148,-2.491260735
2.473,0.12,0.24,0.3814526208,-22.25,-1.271377732,308.603,0.5587248292,-0.5352572327
2.474,0.07,0.14,0.2233378168,-24.3,-1.369695999,304.842,0.4931228531,-0.2547851458
2.475,0.06,0.12,0.1915736352,-24.44,-1.376304822,299.727,0.4025925647,-0.1967456337
2.476,0.02,0.04,0.0640461728,-26.07,-1.452271815,286.108,0.153803128,-0.0493243876
2.477,-0.12,-0.24,-0.3882312192,-30.95,-1.669219767,282.74,0.09045049055,0.2459075085
2.478,-0.3,-0.6,-0.98328792,-37.87,-1.951402401,279.164,0.02235395345,0.5097269181
2.479,-0.48,-0.96,-1.593596467,-44.43,-2.193554939,275.445,-0.04939730997,0.7104905902
2.48,-0.61,-1.22,-2.043860193,-49.19,-2.355159087,270.928,-0.1378588576,0.8198337271
2.481,-0.71,-1.42,-2.395630369,-52.68,-2.466692194,269.015,-0.1757687586,0.9065906411
2.482,-0.8,-1.6,-2.71624832,-55.86,-2.563526774,266.522,-0.2255791221,0.9738778021
2.483,-0.88,-1.76,-3.004443059,-58.92,-2.652647524,265.717,-0.2417626535,1.038015649
2.484,-0.94,-1.88,-3.222566205,-61.1,-2.713841472,264.781,-0.2606415379,1.083403803
2.485,-0.95,-1.9,-3.25908482,-61.21,-2.716880422,266.948,-0.2170346848,1.11083133
2.486,-0.88,-1.76,-3.004443059,-59.2,-2.660611859,269.66,-0.16295676,1.064058808
2.487,-0.77,-1.54,-2.608952007,-55.91,-2.565014329,272.542,-0.1060818492,0.9767345811
2.488,-0.66,-1.32,-2.219156861,-52.31,-2.45513415,275.814,-0.04223497686,0.8885978596
2.489,-0.55,-1.1,-1.83505762,-48.92,-2.346291487,278.933,0.01792515319,0.7881309712
2.49,-0.46,-0.92,-1.525031229,-45.96,-2.246738067,282.503,0.08596410125,0.7057800828
2.491,-0.4,-0.8,-1.32046528,-44,-2.17839078,286.393,0.1591297567,0.6539349121
2.492,-0.4,-0.8,-1.32046528,-44.13,-2.182985445,291.432,0.2524428997,0.6839866251
2.493,-0.41,-0.82,-1.354441921,-44.39,-2.192148375,295.267,0.3223852116,0.7243922373
2.494,-0.29,-0.58,-0.9498290888,-40.53,-2.052430465,300.464,0.4157315553,0.5803322062
2.495,-0.03,-0.06,-0.0964223112,-31.54,-1.694415094,313.629,0.6451546007,0.09189549389
2.496,0.27,0.54,0.8487359928,-20.23,-1.171619478,315.555,0.6779085557,-1.719095029
2.497,0.46,0.92,1.425423491,-11.53,-0.7076833433,317.014,0.7025878044,-279.739497
2.498,0.53,1.06,1.633603609,-8.15,-0.5116455393,318.058,0.7201776368,7.83382332
2.499,0.57,1.14,1.751528057,-6.47,-0.4107581458,318.147,0.7216744814,5.633438506
2.5,0.59,1.18,1.810207839,-5.2,-0.3329398539,317.986,0.7189663999,4.68933512
2.501,0.56,1.12,1.722117555,-6.39,-0.4058958778,316.856,0.6999206959,5.857048279
2.502,0.47,0.94,1.455304729,-10.15,-0.6287500019,315.861,0.6830940439,26.77947156
2.503,0.33,0.66,1.032683705,-15.31,-0.9162684814,314.465,0.6593964265,-4.020225964
2.504,0.2,0.4,0.63198848,-20.37,-1.178626991,312.963,0.6337816456,-1.159941046
2.505,0.07,0.14,0.2233378168,-25.27,-1.415211742,310.287,0.5878396064,-0.2699363529
2.506,-0.08,-0.16,-0.2580676352,-30.86,-1.665357204,307.354,0.5370279927,0.2287166127
2.507,-0.24,-0.48,-0.7832410368,-36.69,-1.905297862,298.344,0.3778494716,0.5127774148
2.508,-0.37,-0.74,-1.218817799,-41.61,-2.092328755,289.981,0.225739451,0.6529651684
2.509,-0.46,-0.92,-1.525031229,-45.05,-2.215250909,286.018,0.1521199323,0.739182944
2.51,-0.53,-1.06,-1.765833351,-47.34,-2.29369025,281.846,0.07350744203,0.7953549342
2.511,-0.59,-1.18,-1.974071041,-49.68,-2.371162954,278.28,0.005385777402,0.8344281366
2.512,-0.69,-1.38,-2.324899745,-53.44,-2.490239855,274.236,-0.07293154321,0.9070402966
2.513,-0.8,-1.6,-2.71624832,-57.43,-2.609734308,270.321,-0.1498587001,0.9842930866
2.514,-0.87,-1.74,-2.968253959,-59.95,-2.681791855,266.068,-0.2347002119,1.017747997
2.515,-0.89,-1.78,-3.040679233,-60.58,-2.699412781,262.54,-0.3061144934,1.011695771
2.516,-0.86,-1.72,-2.932111933,-59.79,-2.677292046,260.467,-0.3485254289,0.9690313302
2.517,-0.84,-1.68,-2.859969101,-59.03,-2.655780098,257.603,-0.4076778836,0.9335754295
2.518,-0.82,-1.64,-2.788014563,-58.66,-2.645224006,253.655,-0.4903063015,0.8891684307
2.519,-0.81,-1.62,-2.752107905,-58.19,-2.631735519,253.018,-0.5037585747,0.8777270257
2.52,-0.8,-1.6,-2.71624832,-57.99,-2.625968598,254.288,-0.4769719244,0.87537879
2.521,-0.8,-1.6,-2.71624832,-58.04,-2.627411854,255.955,-0.4420141426,0.8849368981
2.522,-0.8,-1.6,-2.71624832,-57.97,-2.625391011,257.375,-0.4124151736,0.8941479986
2.523,-0.79,-1.58,-2.680435809,-57.56,-2.613514446,259.887,-0.36045193,0.901299971
2.524,-0.77,-1.54,-2.608952007,-57.11,-2.60039965,261.339,-0.3306444373,0.8901101209
2.525,-0.75,-1.5,-2.5376565,-56.46,-2.581307624,262.991,-0.2969319691,0.881669652
2.526,-0.68,-1.36,-2.289605043,-54.25,-2.515054007,264.594,-0.2644212783,0.8237544169
2.527,-0.56,-1.12,-1.869740365,-50.41,-2.394793978,266.369,-0.2286512327,0.712704179
2.528,-0.46,-0.92,-1.525031229,-47.27,-2.291331483,267.405,-0.2078836158,0.6102040715
2.529,-0.43,-0.86,-1.422536423,-46.41,-2.262153406,267.623,-0.2035238437,0.5769353728
2.53,-0.44,-0.88,-1.456654285,-46.79,-2.27509155,267.856,-0.1988680119,0.5887947026
2.531,-0.42,-0.84,-1.388465635,-46.1,-2.251544897,269.374,-0.1686339535,0.5737037306
2.532,-0.38,-0.76,-1.252653219,-44.65,-2.201276226,270.766,-0.1410588193,0.5347882327
2.533,-0.39,-0.78,-1.286535713,-45.12,-2.217688016,272.601,-0.1049238044,0.5539176635
2.534,-0.44,-0.88,-1.456654285,-46.93,-2.279840039,274.958,-0.05886473904,0.6228465852
2.535,-0.4,-0.8,-1.32046528,-45.83,-2.242265703,277.189,-0.01563018391,0.5848211549
2.536,-0.24,-0.48,-0.7832410368,-40.59,-2.054663788,281.098,0.05929003371,0.392528485
2.537,-0.01,-0.02,-0.0320936968,-32.82,-1.748331297,285.651,0.1452507466,0.02002001508
2.538,0.18,0.36,0.5696369568,-25.78,-1.438887238,291.797,0.2591392411,-0.4828463015
2.539,0.29,0.58,0.9102401912,-21.34,-1.226794912,296.295,0.3409793929,-1.027573091
2.54,0.35,0.7,1.09362302,-18.8,-1.09923396,305.431,0.5034498739,-1.83560294
2.541,0.39,0.78,1.214936767,-17.27,-1.02013588,311.87,0.6150644653,-2.999314996
2.542,0.42,0.84,1.305427805,-15.75,-0.939836696,312.943,0.6334397413,-4.260576956
2.543,0.47,0.94,1.455304729,-13.72,-0.8298743071,314.67,0.6628829597,-8.714851107
2.544,0.53,1.06,1.633603609,-10.81,-0.6666893869,316.244,0.689577303,71.37406461
2.545,0.63,1.26,1.927002521,-5.69,-0.3631238695,317.519,0.7111035177,5.537687421
2.546,0.79,1.58,2.386649471,1.46,0.09772149724,318.962,0.7353620996,2.864837911
2.547,0.97,1.94,2.889347769,6.1,0.4210739205,320.062,0.7537808313,2.459323388
2.548,1.11,2.22,3.269790847,9.71,0.6864961027,321.309,0.7745845734,2.237926283
2.549,1.16,2.32,3.403427379,11.15,0.7958485199,321.078,0.7707368926,2.172513131
2.55,1.15,2.3,3.37679422,10.88,0.7751918079,319.885,0.7508213674,2.212821144
2.551,1.14,2.28,3.350113987,10.45,0.7424402967,318.178,0.7221957559,2.287335465
2.552,1.15,2.3,3.37679422,10.86,0.7736645018,316.256,0.689780307,2.307428473
2.553,1.21,2.42,3.535887071,12.48,0.8986415616,314.584,0.6614205931,2.266503973
2.554,1.21,2.42,3.535887071,12.48,0.8986415616,313.097,0.6360718415,2.303939657
2.555,1.04,2.08,3.080722611,8.06,0.5636483326,311.989,0.6171054714,2.609115127
2.556,0.71,1.42,2.158332351,-0.72,-0.04749702857,310.375,0.5893566962,3.983194321
2.557,0.36,0.72,1.124022067,-17.18,-1.015429303,301.275,0.4301526004,-1.920496855
2.558,0.16,0.32,0.5070971392,-26.14,-1.455494137,309.821,0.5797987475,-0.5790793755
2.559,0.14,0.28,0.4443690272,-27.12,-1.500263974,313.228,0.638309817,-0.5155367295
2.56,0.19,0.38,0.6008362552,-25.43,-1.422658215,313.07,0.635610463,-0.7634050836
2.561,0.25,0.5,0.7870435,-22.95,-1.305277211,312.793,0.6308747617,-1.167023489
2.562,0.33,0.66,1.032683705,-19.65,-1.142438401,312.387,0.623926042,-1.991627948
2.563,0.43,0.86,1.335497337,-15.26,-0.9135810115,312.102,0.6190428492,-4.534208152
2.564,0.52,1.04,1.604004813,-11.1,-0.6832501861,311.673,0.6116839445,-22.41286921
2.565,0.57,1.14,1.751528057,-8.98,-0.5606363342,311.484,0.6084386949,36.64103686
2.566,0.56,1.12,1.722117555,-9.14,-0.5700161114,311.6,0.6104307216,42.61126225
2.567,0.55,1.1,1.69265998,-9.95,-0.6171845625,311.918,0.615887822,-1305.318957
2.568,0.54,1.08,1.663155331,-10.51,-0.6494872388,312.245,0.6214935697,-59.41183789
2.569,0.53,1.06,1.633603609,-11.01,-0.6781177632,312.269,0.6219047695,-29.0609608
2.57,0.53,1.06,1.633603609,-10.96,-0.6752636437,312.028,0.6177742032,-28.4157159
2.571,0.57,1.14,1.751528057,-9.18,-0.5723578229,311.542,0.609434801,47.24031327
2.572,0.64,1.28,1.956083507,-5.21,-0.3335578673,310.927,0.5988631867,7.37295246
2.573,0.71,1.42,2.158332351,-1.33,-0.08738173801,309.939,0.5818359877,4.365079989
2.574,0.74,1.48,2.244304323,0.15,0.009952714238,310.468,0.5909595169,3.734828827
2.575,0.77,1.54,2.329852633,0.88,0.05867371064,311.737,0.6127824191,3.469850865
2.576,0.85,1.7,2.55591022,2.97,0.2007962711,313.284,0.6392662233,3.042523904
2.577,0.98,1.96,2.916828253,6.18,0.4268227197,314.895,0.6667070289,2.667351535
2.578,1.07,2.14,3.162034297,8.53,0.5983766111,316.945,0.701423218,2.432708657
2.579,1.06,2.12,3.134977475,8.34,0.5843122259,318.904,0.734389168,2.377321727
2.58,1,2,2.971648,6.84,0.4744786461,319.112,0.7378774819,2.451134556
2.581,0.98,1.96,2.916828253,6.24,0.4311382393,320.582,0.762465844,2.443715042
2.582,1,2,2.971648,6.85,0.4752038448,321.654,0.7803259618,2.366847831
2.583,1.04,2.08,3.080722611,7.72,0.5386564538,322.241,0.7900805052,2.318534598
2.584,1.03,2.06,3.053524569,7.63,0.532059276,323.244,0.8067069313,2.28084975
2.585,0.97,1.94,2.889347769,5.99,0.4131790684,322.802,0.7993863988,2.382838574
2.586,0.9,1.8,2.69566632,4.17,0.2841836115,322.03,0.7865762344,2.517526531
2.587,0.87,1.74,2.611953881,3.39,0.2298325276,320.297,0.7577075351,2.644909284
2.588,0.84,1.68,2.527817779,2.59,0.1746632724,318.337,0.7248685916,2.810148123
2.589,0.74,1.48,2.244304323,-0.03,-0.001988158449,316.722,0.6976576754,3.226107036
2.59,0.53,1.06,1.633603609,-8.82,-0.5512358423,315.34,0.6742621484,13.27849026
2.591,0.26,0.52,0.8179132832,-19.5,-1.134852121,311.85,0.6147213627,-1.572514739
2.592,0.04,0.08,0.1279040512,-28.27,-1.551991655,307.797,0.5447335818,-0.1269824036
2.593,-0.08,-0.16,-0.2580676352,-32.92,-1.752500929,304.363,0.4847097556,0.2035568953
2.594,-0.11,-0.22,-0.3556197128,-34.01,-1.79755415,299.909,0.4058402017,0.2555264414
2.595,-0.16,-0.32,-0.5191479808,-35.92,-1.874776576,293.454,0.2894338453,0.3274673487
2.596,-0.3,-0.6,-0.98328792,-41.43,-2.085723197,277.201,-0.015398578,0.4679823568
2.597,-0.5,-1,-1.66235,-48.82,-2.342998286,270.251,-0.1512442694,0.6664748768
2.598,-0.62,-1.24,-2.078825379,-53.54,-2.49331903,264.651,-0.263268882,0.7541299046
2.599,-0.58,-1.16,-1.939247075,-52.28,-2.454194293,262.2,-0.3130474516,0.7007870125
2.6,-0.46,-0.92,-1.525031229,-48.45,-2.330771418,261.913,-0.3189066849,0.5755533954
2.601,-0.38,-0.76,-1.252653219,-45.82,-2.24192132,263.228,-0.2921128725,0.4943316168
2.602,-0.34,-0.68,-1.117593981,-44.4,-2.192500093,266.215,-0.2317452048,0.4610069705
2.603,-0.31,-0.62,-1.016793825,-43.5,-2.160636602,269.647,-0.1632146836,0.4375468565
2.604,-0.31,-0.62,-1.016793825,-43.46,-2.159210598,272.896,-0.09913733755,0.4502378968
2.605,-0.31,-0.62,-1.016793825,-43.68,-2.167043207,276.032,-0.03800807276,0.4611202624
2.606,-0.28,-0.56,-0.9164173312,-42.48,-2.124009057,278.625,0.01201437738,0.4339108142
2.607,-0.18,-0.36,-0.5848888032,-39.2,-2.002413015,281.244,0.06206805853,0.3014354748
2.608,-0.04,-0.08,-0.1286572288,-34.65,-1.823672362,284.026,0.1147289822,0.07528466438
2.609,0.07,0.14,0.2233378168,-30.73,-1.659768938,287.196,0.1741093076,-0.1503290607
2.61,0.16,0.32,0.5070971392,-27.36,-1.511131026,291.572,0.2550123504,-0.403701616
2.611,0.28,0.56,0.8795116288,-22.47,-1.282068703,304.928,0.4946319467,-1.116929864
2.612,0.43,0.86,1.335497337,-16.42,-0.9754446372,306.175,0.5164661032,-2.909716333
2.613,0.55,1.1,1.69265998,-10.74,-0.6626819535,306.195,0.5168155651,-11.60418104
2.614,0.64,1.28,1.956083507,-6.1,-0.3882255741,307.625,0.5417431134,12.74175913
2.615,0.7,1.4,2.12958088,-3.1,-0.2012830138,308.07,0.5494766516,6.116082114
2.616,0.71,1.42,2.158332351,-2.38,-0.1552769498,309.517,0.5745466876,5.147837195
2.617,0.69,1.38,2.100782335,-3.56,-0.2304428934,310.806,0.5967807816,5.734548359
2.618,0.66,1.32,2.014104259,-5.37,-0.3434346626,311.609,0.6105852444,7.539209704
2.619,0.63,1.26,1.927002521,-7.07,-0.4470561776,313.341,0.6402395327,9.974992516
2.62,0.62,1.24,1.897874461,-7.66,-0.4824596762,315.191,0.6717336446,10.02712881
2.621,0.65,1.3,1.98511742,-5.73,-0.3655789946,315.873,0.683297294,6.248042445
2.622,0.74,1.48,2.244304323,-1.06,-0.06976797991,317.7,0.7141523876,3.482865657
2.623,0.83,1.66,2.499678265,1.9,0.1275446522,318.707,0.7310832337,2.911247475
2.624,0.89,1.78,2.667809247,3.32,0.2249820134,318.78,0.7323085136,2.786833434
2.625,0.89,1.78,2.667809247,3.38,0.2291393239,318.507,0.7277248642,2.788075132
2.626,0.87,1.74,2.611953881,2.71,0.1829016744,318.001,0.7192187635,2.895349414
2.627,0.84,1.68,2.527817779,2.03,0.1363892916,317.865,0.716930231,2.962334404
2.628,0.81,1.62,2.443258015,1.28,0.08557108238,316.99,0.7021827596,3.10155011
2.629,0.75,1.5,2.2728675,-0.45,-0.0297390777,316.597,0.6955457855,3.413704719
2.63,0.64,1.28,1.956083507,-5.19,-0.3323217565,316.347,0.691319503,5.44873478
2.631,0.5,1,1.544666,-10.92,-0.6729789208,314.98,0.6681509661,-319.9421086
2.632,0.41,0.82,1.275311199,-14.71,-0.8838935973,313.002,0.6344482963,-5.112588588
2.633,0.38,0.76,1.184678941,-15.9,-0.9478379292,310.731,0.5954896275,-3.36223826
2.634,0.3,0.6,0.94092168,-18.88,-1.103322625,307.166,0.5337545434,-1.651991588
2.635,0.05,0.1,0.15976238,-28.79,-1.575098129,303.099,0.4624452855,-0.1435869067
2.636,-0.27,-0.54,-0.8830526472,-41.2,-2.077257144,300.007,0.407588113,0.5288788562
2.637,-0.38,-0.76,-1.252653219,-45.3,-2.22394333,294.61,0.3104676374,0.6546480963
2.638,-0.2,-0.4,-0.65081792,-39.16,-2.000893443,287.471,0.1792296646,0.3572656643
2.639,0.08,0.16,0.2550549248,-29.65,-1.612929428,280.899,0.05550122329,-0.1637667304
2.64,0.17,0.34,0.5383905848,-26.28,-1.461928957,269.821,-0.1597635057,-0.3319930242
2.641,0.05,0.1,0.15976238,-31.2,-1.679922391,271.225,-0.1319972276,-0.08817299528
2.642,-0.08,-0.16,-0.2580676352,-36.48,-1.897008256,270.254,-0.1511848805,0.1259977053
2.643,-0.12,-0.24,-0.3882312192,-38.23,-1.965308913,271.584,-0.12492052,0.1857361747
2.644,-0.13,-0.26,-0.4208897992,-38.68,-1.982588323,272.521,-0.1064940951,0.2014711318
2.645,-0.14,-0.28,-0.4535954528,-39.04,-1.996329333,272.97,-0.0976867984,0.2166150709
2.646,-0.11,-0.22,-0.3556197128,-38.07,-1.959137374,273.525,-0.08682027255,0.1738157744
2.647,-0.02,-0.04,-0.0642344672,-34.8,-1.829758262,276.42,-0.0304932105,0.03452999131
2.648,0.12,0.24,0.3814526208,-29.79,-1.619043092,279.459,0.0280044553,-0.2397506962
2.649,0.25,0.5,0.7870435,-24.84,-1.395113547,280.92,0.05590117416,-0.5876913298
2.65,0.34,0.68,1.063176899,-21.25,-1.22235387,284.648,0.126432353,-0.9701213847
2.651,0.4,0.8,1.24514752,-18.94,-1.106386066,288.782,0.2035726602,-1.3791859
2.652,0.44,0.88,1.365519795,-17.29,-1.02118097,291.833,0.2597992483,-1.793475935
2.653,0.49,0.98,1.514925983,-15.13,-0.9065847222,300.952,0.424413734,-3.14188539
2.654,0.58,1.16,1.780891485,-10.99,-0.6769763532,309.061,0.5666589178,-16.14333652
2.655,0.72,1.44,2.187036749,-3.83,-0.2474743014,311.75,0.6130055192,5.983173645
2.656,0.89,1.78,2.667809247,2.56,0.1726057065,314.643,0.6624238877,3.194867902
2.657,1.05,2.1,3.10787358,6.83,0.4737535413,315.733,0.6809255622,2.691547436
2.658,1.2,2.4,3.50948928,10.88,0.7751918079,316.758,0.6982657451,2.381805484
2.659,1.32,2.64,3.823155917,14.03,1.020638008,317.125,0.7044607376,2.216195407
2.66,1.36,2.72,3.926205107,14.96,1.094984571,318.194,0.7224647809,2.160283093
2.661,1.32,2.64,3.823155917,14.1,1.02620387,319.459,0.7436918712,2.160102331
2.662,1.24,2.48,3.614798003,11.95,0.857471161,321.011,0.7696203807,2.221631611
2.663,1.17,2.34,3.430013465,10.2,0.7234810798,321.594,0.779327902,2.282401494
2.664,1.13,2.26,3.323386681,9.25,0.6519858091,321.672,0.7806253435,2.3198107
2.665,1.09,2.18,3.216006719,8.18,0.5724951674,321.392,0.7759663979,2.384945038
2.666,1.04,2.08,3.080722611,6.76,0.4686804357,320.821,0.7664528851,2.494242977
2.667,1.01,2.02,2.998987263,5.95,0.4103110093,321.631,0.7799433942,2.519618709
2.668,1.05,2.1,3.10787358,6.97,0.4839135551,322.129,0.7882207042,2.443038977
2.669,1.11,2.22,3.269790847,8.76,0.6154479405,323.227,0.8064255575,2.299635553
2.67,1.11,2.22,3.269790847,8.6,0.6035668934,324.393,0.8256902706,2.287755437
2.671,1,2,2.971648,5.77,0.3974231805,325.651,0.8463975101,2.389128933
2.672,0.87,1.74,2.611953881,2.47,0.1664378882,324.51,0.8276195266,2.62756843
2.673,0.83,1.66,2.499678265,1.17,0.07816007964,323.817,0.8161822383,2.79499048
2.674,0.82,1.64,2.471491677,1.01,0.06739971161,323.474,0.8105122995,2.815192919
2.675,0.74,1.48,2.244304323,-1.88,-0.123065179,322.731,0.7982095419,3.324184347
2.676,0.59,1.18,1.810207839,-7.95,-0.4997566601,322.188,0.7892005014,6.25409002
2.677,0.49,0.98,1.514925983,-11.7,-0.7173027255,320.212,0.7562875707,38.85935615
2.678,0.46,0.92,1.425423491,-12.82,-0.780110914,316.565,0.6950050076,-16.74881981
2.679,0.39,0.78,1.214936767,-15.68,-0.9360969855,314.267,0.6560267871,-4.337972317
2.68,0.19,0.38,0.6008362552,-23.54,-1.333585162,311.586,0.610190344,-0.8305786
2.681,-0.09,-0.18,-0.2905379208,-34.18,-1.804515842,307.362,0.537167244,0.2292486229
2.682,-0.29,-0.58,-0.9498290888,-41.68,-2.09489284,303.812,0.4750156682,0.5863587098
2.683,-0.35,-0.7,-1.15128818,-43.86,-2.173432812,298.457,0.3798754401,0.6419020648
2.684,-0.31,-0.62,-1.016793825,-42.8,-2.135559514,293.109,0.2831404029,0.5489005263
2.685,-0.23,-0.46,-0.7500646472,-39.95,-2.030739225,289.286,0.2129016688,0.412613682
2.686,-0.1,-0.2,-0.32305528,-35.78,-1.869189884,277.377,-0.01200284275,0.1717289651
2.687,0.05,0.1,0.15976238,-30.25,-1.63904284,278.532,0.01022834578,-0.09808506776
2.688,0.24,0.48,0.7561266432,-23.23,-1.318741538,279.174,0.02254559364,-0.5833428553
2.689,0.4,0.8,1.24514752,-16.52,-0.9807303901,286.85,0.1676599979,-1.53141417
2.69,0.48,0.96,1.485138893,-12.94,-0.7867822989,288.614,0.2004593721,-2.532970868
2.691,0.47,0.94,1.455304729,-13.41,-0.8128043309,289.502,0.2168948409,-2.44215733
2.692,0.42,0.84,1.305427805,-15.41,-0.9216377426,289.896,0.2241710149,-1.871670365
2.693,0.36,0.72,1.124022067,-17.46,-1.030052276,290.372,0.2329483405,-1.410132377
2.694,0.26,0.52,0.8179132832,-21.58,-1.238609678,291.162,0.2474840429,-0.8252367353
2.695,0.09,0.18,0.2867249592,-28.1,-1.544399488,291.922,0.2614305834,-0.2234855094
2.696,-0.07,-0.14,-0.2256444232,-34.19,-1.80492481,293.226,0.2852755305,0.1484845393
2.697,-0.12,-0.24,-0.3882312192,-36.37,-1.892655812,294.368,0.3060712081,0.2446961973
2.698,-0.08,-0.16,-0.2580676352,-35,-1.837851888,296.393,0.3427486205,0.1726085689
2.699,-0.07,-0.14,-0.2256444232,-34.49,-1.817165885,297.413,0.3611283788,0.1549715733
2.7,-0.13,-0.26,-0.4208897992,-36.85,-1.91159652,299.804,0.4039668055,0.2791731917
2.701,-0.21,-0.42,-0.6838530888,-39.99,-2.032241151,308.889,0.5636806832,0.4656621934
2.702,-0.26,-0.52,-0.8497350368,-41.8,-2.099282249,307.19,0.5341725421,0.5429236259
2.703,-0.29,-0.58,-0.9498290888,-42.96,-2.141314298,303.508,0.4696596775,0.568196969
2.704,-0.3,-0.6,-0.98328792,-43.27,-2.152425566,298.412,0.3790687304,0.5544783205
2.705,-0.21,-0.42,-0.6838530888,-40.55,-2.053175126,291.895,0.2609357365,0.3815634747
2.706,-0.06,-0.12,-0.1932682848,-35.35,-1.851958417,281.636,0.06951973682,0.1084291353
2.707,0.1,0.2,0.31834792,-29.57,-1.609430277,280.841,0.05439644171,-0.2047208959
2.708,0.23,0.46,0.7251627128,-24.82,-1.394175695,280.471,0.04734332228,-0.5384209106
2.709,0.32,0.64,1.002143437,-21.2,-1.219884144,279.366,0.0262237547,-0.8395549068
2.71,0.42,0.84,1.305427805,-16.95,-1.003374068,277.801,-0.003831047607,-1.296089332
2.711,0.5,1,1.544666,-13.31,-0.807282055,276.519,-0.02857744762,-1.847997175
2.712,0.52,1.04,1.604004813,-12.39,-0.7561130555,275.211,-0.05394425063,-1.980112766
2.713,0.51,1.02,1.574358943,-12.71,-0.7739856404,274.992,-0.05820322436,-1.891828898
2.714,0.51,1.02,1.574358943,-12.83,-0.7806672903,273.765,-0.08212806154,-1.824718851
2.715,0.48,0.96,1.485138893,-14.29,-0.8610680197,272.501,-0.1068867398,-1.534306101
2.716,0.38,0.76,1.184678941,-18.17,-1.066872416,272.742,-0.1021572886,-1.013386517
2.717,0.28,0.56,0.8795116288,-22.38,-1.277699216,273.823,-0.08099472772,-0.647321373
2.718,0.2,0.4,0.63198848,-25.69,-1.434721931,274.414,-0.06946011322,-0.420154251
2.719,0.15,0.3,0.47575662,-27.79,-1.530506376,275.598,-0.04642639837,-0.3016974646
2.72,0.14,0.28,0.4443690272,-28.37,-1.556448844,277.222,-0.01499329178,-0.2827778491
2.721,0.14,0.28,0.4443690272,-28.13,-1.545740651,278.808,0.01552708666,-0.2903967378
2.722,0.19,0.38,0.6008362552,-26.25,-1.460551169,281.266,0.06248653998,-0.4297628614
2.723,0.32,0.64,1.002143437,-21.41,-1.230245092,284.404,0.1218443713,-0.9041345949
2.724,0.4,0.8,1.24514752,-17.74,-1.044617259,288.734,0.2026833341,-1.478913585
2.725,0.32,0.64,1.002143437,-21.41,-1.230245092,291.532,0.2542783475,-1.026821295
2.726,0.11,0.22,0.3499238072,-30.08,-1.631667319,295.076,0.3189233257,-0.2665590617
2.727,-0.06,-0.12,-0.1932682848,-37.09,-1.921016643,306.365,0.5197850702,0.1379274408
2.728,-0.08,-0.16,-0.2580676352,-38.2,-1.964152861,307.026,0.5313155666,0.1801095185
2.729,0.01,0.02,0.0320466232,-35.08,-1.84108266,308.108,0.5501365259,-0.02482413662
2.73,0.08,0.16,0.2550549248,-32.61,-1.739555083,308.996,0.565533617,-0.2172489449
2.731,0.13,0.26,0.4129343608,-30.71,-1.658908259,309.628,0.5764649782,-0.3814836011
2.732,0.32,0.64,1.002143437,-23.54,-1.333585162,310.251,0.5872188547,-1.342696511
2.733,0.73,1.46,2.215694073,-5.16,-0.33046696,310.847,0.5974864807,8.297873006
2.734,1.23,2.46,3.588541433,10.48,0.7447194677,311.613,0.6106539198,2.64764047
2.735,1.59,3.18,4.504121599,18.68,1.401132551,312.335,0.6230354058,2.225171871
2.736,1.7,3.4,4.77171368,20.8,1.581989574,312.971,0.6339184013,2.153389821
2.737,1.64,3.28,4.626460467,19.54,1.473933415,313.401,0.6412638776,2.187247725
2.738,1.6,3.2,4.52868352,18.83,1.413775067,313.804,0.6481389832,2.196349319
2.739,1.67,3.34,4.699298905,20.27,1.536334569,314.218,0.6551925588,2.144303324
2.74,1.76,3.52,4.915272243,21.88,1.675939444,314.723,0.6637839866,2.10079199
2.741,1.76,3.52,4.915272243,21.91,1.6785668,315.328,0.6740585548,2.089271134
2.742,1.67,3.34,4.699298905,20.28,1.537193253,315.943,0.6844827658,2.115204406
2.743,1.56,3.12,4.430153395,18.22,1.362507385,316.499,0.6938894806,2.154328023
2.744,1.49,2.98,4.255913343,17.05,1.265247458,316.93,0.7011700135,2.164297971
2.745,1.49,2.98,4.255913343,17.05,1.265247458,317.208,0.7058607909,2.159147447
2.746,1.51,3.02,4.305931583,17.44,1.297511257,317.518,0.7110866683,2.143749891
2.747,1.51,3.02,4.305931583,17.32,1.28756734,317.849,0.7166609275,2.148423737
2.748,1.46,2.92,4.180532931,16.44,1.21509526,318.034,0.7197739216,2.160628207
2.749,1.38,2.76,3.977447261,14.97,1.09578871,317.846,0.7166104316,2.194575781
2.75,1.31,2.62,3.797275935,13.14,0.9502973436,317.447,0.7098902244,2.28725718
2.751,1.29,2.58,3.745374751,12.7,0.9158123613,317.097,0.7039883478,2.312244173
2.752,1.33,2.66,3.848988825,13.84,1.005555305,316.736,0.6978941552,2.259526282
2.753,1.39,2.78,4.002997727,15.09,1.105446223,316.587,0.6953767983,2.222871254
2.754,1.39,2.78,4.002997727,15.22,1.115924885,316.523,0.6942951537,2.211332126
2.755,1.34,2.68,3.874774659,13.99,1.017459711,316.437,0.6928413493,2.265551224
2.756,1.25,2.5,3.6410075,11.66,0.8350606483,316.143,0.6878683811,2.39079263
2.757,1.16,2.32,3.403427379,9.55,0.674469466,315.634,0.6792477742,2.51413462
2.758,1.11,2.22,3.269790847,8.27,0.5791392686,314.989,0.6683038308,2.621194384
2.759,1.08,2.16,3.189044045,7.37,0.5130437536,314.293,0.6564693861,2.726813352
2.76,1.01,2.02,2.998987263,5.69,0.3917049323,313.777,0.6476786442,2.88535179
2.761,0.91,1.82,2.723476319,3,0.2028649755,313.545,0.6437215056,3.217008988
2.762,0.81,1.62,2.443258015,0.48,0.03191873829,313.538,0.6436020637,3.616850892
2.763,0.77,1.54,2.329852633,-1.15,-0.07564630481,313.665,0.6457686669,4.086583491
2.764,0.78,1.56,2.358274589,-0.91,-0.05995503512,313.83,0.6485822352,4.006397578
2.765,0.77,1.54,2.329852633,-1.46,-0.09583975751,314.154,0.6541027585,4.173396103
2.766,0.72,1.44,2.187036749,-3.72,-0.240543081,314.905,0.6668769241,5.129868961
2.767,0.69,1.38,2.100782335,-5.67,-0.3618958053,315.69,0.6801968907,6.599984831
2.768,0.66,1.32,2.014104259,-6.96,-0.4404238199,316.466,0.6933316298,7.963788307
2.769,0.6,1.2,1.83947712,-10.16,-0.6293274337,317.185,0.705472861,24.15742067
2.77,0.5,1,1.544666,-15.1,-0.9049683735,317.728,0.7146238808,-8.115107395
2.771,0.45,0.9,1.39549518,-17.33,-1.023270261,318.07,0.720379483,-4.60725542
2.772,0.53,1.06,1.633603609,-13.95,-0.8424912778,318.208,0.7227001667,-13.63710208
2.773,0.69,1.38,2.100782335,-6.35,-0.403462751,318.451,0.7267841428,6.497504924
2.774,0.81,1.62,2.443258015,0.33,0.02192222892,318.937,0.7349427542,3.228129283
2.775,0.88,1.76,2.639905101,2.01,0.135027589,319.602,0.7460861653,2.996100206
2.776,0.95,1.9,2.83424558,3.8,0.2583323737,320.396,0.7593609011,2.784970335
2.777,1.05,2.1,3.10787358,6.43,0.4448262407,321.149,0.7719198077,2.554249988
2.778,1.15,2.3,3.37679422,9.07,0.6385370409,322.018,0.7863768704,2.369823323
2.779,1.21,2.42,3.535887071,10.57,0.7515622124,322.576,0.7956394473,2.28534338
2.78,1.21,2.42,3.535887071,10.71,0.7622220918,323.16,0.8053164696,2.255693836
2.781,1.18,2.36,3.456552477,9.79,0.6925186578,323.643,0.8133066938,2.295453768
2.782,1.08,2.16,3.189044045,7.42,0.5166956286,324.546,0.8282130039,2.371197543
2.783,0.96,1.92,2.861820211,4.2,0.286285154,325.51,0.8440805716,2.53176485
2.784,0.87,1.74,2.611953881,2.04,0.1370702779,326.655,0.8628664809,2.612119074
2.785,0.88,1.76,2.639905101,2.24,0.1507089033,328.104,0.8865459192,2.545088288
2.786,0.95,1.9,2.83424558,3.97,0.2701944075,327.791,0.8814397661,2.461064151
2.787,1,2,2.971648,5.11,0.3504252631,327.551,0.8775212013,2.420014297
2.788,0.97,1.94,2.889347769,4.36,0.2975073278,327.398,0.8750216173,2.464201656
2.789,0.89,1.78,2.667809247,2.49,0.1678078821,326.946,0.8676303969,2.576502435
2.79,0.83,1.66,2.499678265,0.99,0.0660562702,326.745,0.8643403102,2.686680409
2.791,0.81,1.62,2.443258015,0.38,0.02525218363,325.791,0.8486970242,2.795652188
2.792,0.8,1.6,2.41497728,0.04,0.002652113866,324.24,0.8231663472,2.924344022
2.793,0.75,1.5,2.2728675,-2.14,-0.1398422971,322.408,0.7928524013,3.480600813
2.794,0.63,1.26,1.927002521,-7.65,-0.4818619997,320.34,0.7584257266,6.96766182
2.795,0.44,0.88,1.365519795,-15.66,-0.9350278181,317.207,0.705843925,-5.958183957
2.796,0.32,0.64,1.002143437,-20.79,-1.199565442,313.229,0.6383268972,-1.78559268
2.797,0.39,0.78,1.214936767,-18.27,-1.072028563,310.4,0.5897876092,-2.519356264
2.798,0.54,1.08,1.663155331,-11.41,-0.7008794776,307.088,0.5323958221,-9.871315566
2.799,0.58,1.16,1.780891485,-9.34,-0.5817117538,300.346,0.413630059,-10.59539224
2.8,0.38,0.76,1.184678941,-17.69,-1.042020615,283.784,0.1101686537,-1.27131668
2.801,-0.02,-0.04,-0.0642344672,-33.6,-1.780692295,280.778,0.0531961618,0.03718356642
2.802,-0.34,-0.68,-1.117593981,-45.78,-2.240543281,277.768,-0.004466612227,0.497812497
2.803,-0.4,-0.8,-1.32046528,-48.13,-2.32014323,277.089,-0.01756062316,0.5648556717
2.804,-0.29,-0.58,-0.9498290888,-44.55,-2.197769656,276.777,-0.02358807448,0.4275894314
2.805,-0.14,-0.28,-0.4535954528,-39.72,-2.022085888,277.555,-0.008570710404,0.2233737862
2.806,-0.09,-0.18,-0.2905379208,-37.95,-1.954499134,278.103,0.00198182713,0.1488017135
2.807,-0.12,-0.24,-0.3882312192,-39.12,-1.999372973,278.981,0.01884572518,0.1960241747
2.808,-0.12,-0.24,-0.3882312192,-39.41,-2.01037604,279.67,0.03204234299,0.1962415238
2.809,-0.08,-0.16,-0.2580676352,-37.94,-1.954112242,281.187,0.06098365884,0.1363180702
2.81,0.03,0.06,0.0959986488,-34.25,-1.807377356,284.021,0.1146347999,-0.05671190131
2.811,0.19,0.38,0.6008362552,-28.32,-1.554221063,285.173,0.1362907148,-0.4237417274
2.812,0.37,0.74,1.154374041,-21.6,-1.239592405,286.117,0.1539714185,-1.063330624
2.813,0.5,1,1.544666,-15.94,-0.949968731,287.909,0.187374892,-2.025542197
2.814,0.59,1.18,1.810207839,-12.04,-0.736473308,290.265,0.2309765405,-3.581047309
2.815,0.63,1.26,1.927002521,-9.85,-0.6113898286,292.645,0.2746644881,-5.722772506
2.816,0.65,1.3,1.98511742,-9.03,-0.5635697383,295.006,0.3176540106,-8.072348357
2.817,0.64,1.28,1.956083507,-9.59,-0.5962859644,298.418,0.3791762988,-9.009656486
2.818,0.62,1.24,1.897874461,-10.58,-0.6535074781,311.038,0.6007727797,-35.98910241
2.819,0.63,1.26,1.927002521,-9.95,-0.6171845625,312.442,0.6248678997,250.8028053
2.82,0.7,1.4,2.12958088,-6.67,-0.4228905923,313.719,0.6466896339,9.515594276
2.821,0.8,1.6,2.41497728,-1.24,-0.08151755551,314.677,0.6630019719,4.153124679
2.822,0.88,1.76,2.639905101,1.62,0.1085462017,315.826,0.682501187,3.337227502
2.823,0.93,1.86,2.778955097,2.74,0.1849633106,317.099,0.7040220913,3.125985073
2.824,0.94,1.88,2.806623875,3.02,0.2042445655,318.078,0.7205140429,3.034979994
2.825,0.94,1.88,2.806623875,3.01,0.2035547251,318.852,0.733516734,2.995101225
2.826,0.94,1.88,2.806623875,3.12,0.2111479618,319.599,0.7460359464,2.932167843
2.827,0.94,1.88,2.806623875,3.19,0.2159857435,319.981,0.7524267036,2.898169973
2.828,0.93,1.86,2.778955097,2.89,0.1952837167,320.102,0.75444941,2.926037872
2.829,0.9,1.8,2.69566632,2.14,0.143885089,319.788,0.7491988197,3.018379677
2.83,0.87,1.74,2.611953881,1.39,0.09299289374,319.757,0.7486801697,3.103287956
2.831,0.87,1.74,2.611953881,1.27,0.08489690838,320.132,0.7549507892,3.110032793
2.832,0.87,1.74,2.611953881,1.36,0.09096769082,320.761,0.7654522335,3.049851838
2.833,0.84,1.68,2.527817779,0.49,0.03258588131,321.026,0.7698703663,3.150100441
2.834,0.77,1.54,2.329852633,-2.59,-0.1687414774,320.345,0.7585092309,3.950457818
2.835,0.69,1.38,2.100782335,-6.13,-0.390056781,319.777,0.7490147883,5.852445947
2.836,0.64,1.28,1.956083507,-8.37,-0.5246856107,319.303,0.7410786912,9.03949194
2.837,0.6,1.2,1.83947712,-10.01,-0.6206575565,319.143,0.7383971801,15.62326312
2.838,0.54,1.08,1.663155331,-12.98,-0.7890036076,318.333,0.7248013669,-25.90494212
2.839,0.43,0.86,1.335497337,-18.06,-1.061192178,317.026,0.7027903153,-3.726256687
2.84,0.32,0.64,1.002143437,-22.64,-1.290306744,316.245,0.6895942203,-1.668257939
2.841,0.31,0.62,0.9715560952,-23.27,-1.320660578,315.705,0.6804510897,-1.517559663
2.842,0.39,0.78,1.214936767,-19.99,-1.159573893,314.595,0.6616076623,-2.439797506
2.843,0.51,1.02,1.574358943,-14.96,-0.8974163772,313.23,0.6383439773,-6.076907243
2.844,0.56,1.12,1.722117555,-12.4,-0.7566727833,311.853,0.6147728295,-12.13613894
2.845,0.51,1.02,1.574358943,-14.95,-0.896876379,310.974,0.5996718363,-5.297223686
2.846,0.4,0.8,1.24514752,-19.92,-1.156052802,309.524,0.5746676812,-2.141691413
2.847,0.31,0.62,0.9715560952,-23.94,-1.352640305,309.135,0.5679397414,-1.238123356
2.848,0.31,0.62,0.9715560952,-24.14,-1.362126651,309.407,0.5726450002,-1.230625303
2.849,0.38,0.76,1.184678941,-21.15,-1.217412646,310.035,0.5834928314,-1.868815131
2.85,0.41,0.82,1.275311199,-19.87,-1.153535578,310.799,0.596660287,-2.290119923
2.851,0.36,0.72,1.124022067,-22.3,-1.273810472,311.331,0.6058101454,-1.682666943
2.852,0.34,0.68,1.063176899,-23.41,-1.327368501,311.653,0.611340625,-1.484826128
2.853,0.44,0.88,1.365519795,-19.09,-1.114033214,311.933,0.616145095,-2.742623779
2.854,0.65,1.3,1.98511742,-9.8,-0.6084894545,312.216,0.6209966612,158.7178871
2.855,0.81,1.62,2.443258015,-1.2,-0.07890898373,312.332,0.6229840185,4.490663712
2.856,0.86,1.72,2.583955587,0.77,0.05130192003,312.871,0.6322087046,3.780417589
2.857,0.88,1.76,2.639905101,1.25,0.08354882834,313.705,0.6464508799,3.616309802
2.858,0.93,1.86,2.778955097,2.52,0.1698635505,314.103,0.6532341649,3.376215296
2.859,0.97,1.94,2.889347769,3.55,0.2409361762,314.273,0.6561289286,3.220889714
2.86,0.97,1.94,2.889347769,3.57,0.242325773,314.352,0.6574736095,3.211102191
2.861,1,2,2.971648,4.41,0.3010190778,314.599,0.6616756858,3.086801874
2.862,1.08,2.16,3.189044045,6.24,0.4311382393,314.861,0.6661293448,2.906350366
2.863,1.08,2.16,3.189044045,6.26,0.4325774929,315.296,0.6735156005,2.883160616
2.864,1,2,2.971648,4.41,0.3010190778,315.62,0.6790104688,3.032202458
2.865,0.94,1.88,2.806623875,2.69,0.1815277028,316.056,0.6863959017,3.233722255
2.866,0.96,1.92,2.861820211,3.1,0.2097665561,316.758,0.6982657451,3.151672256
2.867,1.04,2.08,3.080722611,5.27,0.3617816212,317.669,0.7136303287,2.8646907
2.868,1.06,2.12,3.134977475,5.79,0.3988536725,318.672,0.7304956712,2.775914727
2.869,1.01,2.02,2.998987263,4.37,0.298209494,319.422,0.7430721939,2.880092196
2.87,0.95,1.9,2.83424558,2.88,0.1945950554,320.094,0.754315701,2.986841029
2.871,0.86,1.72,2.583955587,0.67,0.04460962798,320.734,0.7650018793,3.191599383
2.872,0.72,1.44,2.187036749,-5.4,-0.3452841702,321.438,0.7767320747,5.069063324
2.873,0.53,1.06,1.633603609,-13.96,-0.8430389189,322.229,0.7898812718,-30.73130015
2.874,0.36,0.72,1.124022067,-21.39,-1.22925968,322.472,0.7939143043,-2.581908823
2.875,0.27,0.54,0.8487359928,-25.32,-1.417540621,320.861,0.7671198821,-1.304903029
2.876,0.22,0.44,0.6941517088,-27.69,-1.526011312,318.382,0.7256248122,-0.8672706359
2.877,0.15,0.3,0.47575662,-30.44,-1.647264359,316.117,0.6874283723,-0.4956644953
2.878,0.08,0.16,0.2550549248,-33.47,-1.775324561,313.947,0.6505764147,-0.2267662548
2.879,0.06,0.12,0.1915736352,-34.2,-1.805333719,311.868,0.6150301561,-0.1609451918
2.88,0.17,0.34,0.5383905848,-30.45,-1.647696437,309.728,0.5781925791,-0.5034021905
2.881,0.34,0.68,1.063176899,-24.07,-1.358809549,305.367,0.5023287176,-1.241331808
2.882,0.47,0.94,1.455304729,-18.78,-1.098211065,297.132,0.3560712339,-1.960957582
2.883,0.51,1.02,1.574358943,-16.74,-0.9923327507,296.429,0.343398394,-2.426068102
2.884,0.51,1.02,1.574358943,-16.83,-0.9970687654,295.806,0.3321425539,-2.36771978
2.885,0.55,1.1,1.69265998,-15.22,-0.9114296718,295.235,0.321805366,-2.870743223
2.886,0.64,1.28,1.956083507,-10.92,-0.6729789208,294.468,0.3078883524,-5.357803451
2.887,0.73,1.46,2.215694073,-6.48,-0.4113655559,294.252,0.3039625471,-20.6297207
2.888,0.78,1.56,2.358274589,-3.85,-0.2487334161,295.345,0.3237983221,31.41647298
2.889,0.8,1.6,2.41497728,-2.67,-0.1738608231,296.948,0.352757202,13.49930778
2.89,0.83,1.66,2.499678265,-1.2,-0.07890898373,299.765,0.4032708056,7.706450317
2.891,0.87,1.74,2.611953881,0.6,0.03993030927,311.238,0.6042117683,4.054934418
2.892,0.91,1.82,2.723476319,1.62,0.1085462017,312.642,0.6282914397,3.696168825
2.893,0.94,1.88,2.806623875,2.22,0.1493434198,313.646,0.6454445852,3.531286151
2.894,0.96,1.92,2.861820211,2.9,0.1959724686,314.7,0.6633929935,3.330155024
2.895,1.01,2.02,2.998987263,4.02,0.2736882735,315.576,0.6782645832,3.150352712
2.896,1.03,2.06,3.053524569,4.53,0.3094566527,316.303,0.6905753316,3.053426907
2.897,0.97,1.94,2.889347769,3.07,0.2076951287,316.752,0.698164405,3.189620092
2.898,0.86,1.72,2.583955587,0.11,0.007296713423,317.074,0.7036002822,3.634781977
2.899,0.76,1.52,2.301383603,-5.35,-0.3422012381,317.261,0.7067546092,6.312885261
2.9,0.74,1.48,2.244304323,-6.66,-0.4222847572,317.223,0.7061137735,7.907240607
2.901,0.79,1.58,2.386649471,-4,-0.2581659283,317.121,0.7043932559,5.348505848
2.902,0.86,1.72,2.583955587,0.1,0.00663293416,317.104,0.7041064492,3.63558802
2.903,0.93,1.86,2.778955097,1.94,0.1302644618,317.053,0.7032459367,3.334037706
2.904,0.98,1.96,2.916828253,3.13,0.2118388009,316.938,0.7013050574,3.194270241
2.905,0.96,1.92,2.861820211,2.58,0.1739773267,316.77,0.6984684197,3.280227135
2.906,0.86,1.72,2.583955587,-0.03,-0.001988158449,316.699,0.6972691502,3.716419142
2.907,0.72,1.44,2.187036749,-6.7,-0.4247076006,316.671,0.696796125,8.037960271
2.908,0.59,1.18,1.810207839,-12.73,-0.7751000269,316.55,0.6947514992,-22.52944627
2.909,0.5,1,1.544666,-16.71,-0.9907527374,316.424,0.6926215538,-5.181162136
2.91,0.45,0.9,1.39549518,-18.76,-1.097187879,316.546,0.6946838949,-3.467034454
2.911,0.44,0.88,1.365519795,-19.05,-1.111995574,315.871,0.6832634195,-3.185018388
2.912,0.48,0.96,1.485138893,-17.68,-1.041501064,313.628,0.6451375424,-3.746911133
2.913,0.52,1.04,1.604004813,-15.93,-0.9494361434,310.885,0.5981404602,-4.5659679
2.914,0.52,1.04,1.604004813,-15.84,-0.9446394691,300.554,0.4173338368,-3.041888261
2.915,0.47,0.94,1.455304729,-18.02,-1.059124433,299.08,0.3910314061,-2.17829654
2.916,0.39,0.78,1.214936767,-21.46,-1.232707384,299.376,0.396323692,-1.452606953
2.917,0.32,0.64,1.002143437,-24.76,-1.391360512,300.636,0.4187932756,-1.030410443
2.918,0.24,0.48,0.7561266432,-27.99,-1.539476864,306.414,0.5206406805,-0.7421474185
2.919,0.17,0.34,0.5383905848,-31.08,-1.67479003,310.685,0.5946975655,-0.4984671241
2.92,0.13,0.26,0.4129343608,-32.57,-1.737880348,309.398,0.5724893776,-0.3543311827
2.921,0.16,0.32,0.5070971392,-31.61,-1.697389917,309.157,0.5683204676,-0.4491283859
2.922,0.24,0.48,0.7561266432,-28.85,-1.577752985,309.006,0.5657067556,-0.7471265853
2.923,0.31,0.62,0.9715560952,-26,-1.449046214,309.393,0.5724029187,-1.108268437
2.924,0.39,0.78,1.214936767,-23.03,-1.309129711,309.831,0.5799714251,-1.666218145
2.925,0.53,1.06,1.633603609,-17.22,-1.017521857,310.218,0.5866497691,-3.791388805
2.926,0.72,1.44,2.187036749,-8.15,-0.5116455393,310.221,0.5867015067,29.13874572
2.927,0.89,1.78,2.667809247,0.45,0.02991784121,309.928,0.5816461083,4.36227356
2.928,0.97,1.94,2.889347769,2.36,0.1589093763,309.175,0.5686319508,3.971386451
2.929,0.97,1.94,2.889347769,2.52,0.1698635505,307.836,0.5454114207,4.039492342
2.93,1,2,2.971648,3.16,0.2139118633,305.92,0.5120084615,4.09362832
2.931,1.07,2.14,3.162034297,5.09,0.3490073834,296.381,0.3425320119,4.572457214
2.932,1.15,2.3,3.37679422,7.06,0.4904547193,297.828,0.3685883836,3.930878682
2.933,1.2,2.4,3.50948928,8.25,0.5776621365,300.102,0.409281972,3.555914919
2.934,1.22,2.44,3.562237789,8.78,0.6169347889,303.672,0.4725497596,3.269654254
2.935,1.22,2.44,3.562237789,8.98,0.6318242889,315.168,0.6713432322,2.733522537
2.936,1.22,2.44,3.562237789,8.85,0.6221417664,316.391,0.6920635708,2.710564086
2.937,1.2,2.4,3.50948928,8.22,0.5754471511,317.538,0.7114236465,2.727149677
2.938,1.15,2.3,3.37679422,7.09,0.4926368002,318.936,0.7349259797,2.750811832
2.939,1.13,2.26,3.323386681,6.37,0.4405000682,320.722,0.7648017097,2.757306711
2.94,1.16,2.32,3.403427379,7.22,0.5021022725,322.783,0.7990714906,2.615659396
2.941,1.26,2.52,3.667169923,9.95,0.7045822624,324.343,0.82486559,2.397708374
2.942,1.42,2.84,4.079366685,14.34,1.045323983,325.412,0.8424696259,2.160917733
2.943,1.61,3.22,4.553198367,17.91,1.336600617,325.99,0.8519639191,2.08044967
2.944,1.76,3.52,4.915272243,20.91,1.591502177,326.189,0.8552288204,2.008914036
2.945,1.84,3.68,5.104047539,22.37,1.718972778,326.098,0.8537360726,1.98391961
2.946,1.8,3.6,5.01003648,21.77,1.666313985,325.999,0.852111621,1.989352581
2.947,1.69,3.38,4.747622495,19.57,1.476486873,325.792,0.8487134457,2.04181225
2.948,1.56,3.12,4.430153395,17.15,1.273505381,325.714,0.8474324137,2.088771018
2.949,1.47,2.94,4.205706809,15.48,1.136933309,325.631,0.8460689274,2.1208785
2.95,1.43,2.86,4.104728857,14.73,1.076517106,325.517,0.8441956206,2.137086301
2.951,1.46,2.92,4.180532931,15.3,1.122381755,324.862,0.8334195925,2.137503861
2.952,1.47,2.94,4.205706809,15.63,1.149084592,323.7,0.8142488527,2.142125587
2.953,1.43,2.86,4.104728857,14.92,1.09176902,321.733,0.7816397901,2.191048123
2.954,1.35,2.7,3.90051342,12.91,0.9322472266,319.561,0.7453997989,2.324990514
2.955,1.17,2.34,3.430013465,7.98,0.5577580344,318.111,0.7210690666,2.682155752
2.956,0.99,1.98,2.944261663,3.26,0.220827979,317.268,0.7068726495,3.173719595
2.957,0.93,1.86,2.778955097,1.81,0.1214303351,316.847,0.699768732,3.384021254
2.958,1,2,2.971648,3.56,0.241630929,316.564,0.6949881074,3.172739272
2.959,1.17,2.34,3.430013465,7.83,0.5467300784,316.606,0.6956978694,2.760734311
2.96,1.24,2.48,3.614798003,9.71,0.6864961027,316.69,0.697117111,2.612578405
2.961,1.2,2.4,3.50948928,8.71,0.6117324897,317.032,0.7028915678,2.66957634
2.962,1.23,2.46,3.588541433,9.4,0.6632168394,317.592,0.7123333815,2.608804374
2.963,1.24,2.48,3.614798003,9.72,0.6872485852,317.747,0.714943799,2.577961515
2.964,1.11,2.22,3.269790847,6.41,0.4433838091,317.31,0.7075808367,2.840913367
2.965,0.9,1.8,2.69566632,0.82,0.05465139965,316.596,0.695528887,3.593357981
2.966,0.76,1.52,2.301383603,-6.4,-0.4065039518,315.731,0.6808916727,8.387341808
2.967,0.81,1.62,2.443258015,-3.59,-0.2323383421,314.88,0.6664521759,5.628150556
2.968,0.96,1.92,2.861820211,2.05,0.1377513541,314.11,0.653353392,3.617498473
2.969,0.98,1.96,2.916828253,2.56,0.1726057065,313.508,0.6430901395,3.575877292
2.97,0.86,1.72,2.583955587,-1.1,-0.07238144249,312.829,0.631490469,4.621559418
2.971,0.69,1.38,2.100782335,-10.04,-0.6223929723,311.963,0.6166596038,-366.4132726
2.972,0.55,1.1,1.69265998,-16.8,-0.9954907644,310.817,0.5969701246,-4.247358382
2.973,0.57,1.14,1.751528057,-16.06,-0.9563539179,309.394,0.5724202106,-4.562058562
2.974,0.72,1.44,2.187036749,-9,-0.5618099385,307.876,0.5461065509,-139.2716523
2.975,0.88,1.76,2.639905101,-0.34,-0.02248599305,306.374,0.5199422334,5.306808694
2.976,0.97,1.94,2.889347769,1.96,0.1316249058,302.053,0.4439504096,5.019929957
2.977,0.99,1.98,2.944261663,2.59,0.1746632724,295.956,0.334854793,5.778522614
2.978,1.1,2.2,3.24292232,5.29,0.3632028321,297.125,0.3559451941,4.509394731
2.979,1.39,2.78,4.002997727,13.27,0.9605227547,298.873,0.3873272686,2.969913312
2.98,1.71,3.42,4.795757791,19.75,1.491827347,302.217,0.4468544096,2.47372101
2.981,1.81,3.62,5.033609855,21.69,1.659321717,314.54,0.660672251,2.169665062
2.982,1.7,3.4,4.77171368,19.67,1.485005183,316.008,0.6855833258,2.198350199
2.983,1.58,3.16,4.479512605,17.35,1.290051935,317.584,0.7121986157,2.237238793
2.984,1.62,3.24,4.577666141,18.04,1.347452685,319.197,0.7393023404,2.193676826
2.985,1.77,3.54,4.939033913,21,1.599294702,320.346,0.7585259317,2.094745394
2.986,1.84,3.68,5.104047539,22.32,1.71456991,320.398,0.7593942972,2.063104844
2.987,1.77,3.54,4.939033913,21.1,1.607963086,319.796,0.7493326567,2.095211824
2.988,1.67,3.34,4.699298905,19.21,1.445907278,320.062,0.7537808313,2.136347824
2.989,1.58,3.16,4.479512605,17.6,1.310792792,320.223,0.756471352,2.16687965
2.99,1.51,3.02,4.305931583,16.28,1.202003341,320.733,0.7649851988,2.18909846
2.991,1.45,2.9,4.15531198,15.06,1.103030487,321.783,0.7824711602,2.203823045
2.992,1.36,2.72,3.926205107,13.01,0.9400886718,322.434,0.7932838248,2.265067154
2.993,1.25,2.5,3.6410075,9.93,0.7030729625,322.835,0.7999333006,2.422483252
2.994,1.12,2.24,3.296612301,6.48,0.448433957,323.27,0.8071372391,2.625587709
2.995,1.01,2.02,2.998987263,3.54,0.2402415146,323.267,0.80708759,2.863462163
2.996,0.94,1.88,2.806623875,1.68,0.1126113781,322.861,0.8003641535,3.074150159
2.997,0.9,1.8,2.69566632,0.8,0.05331134101,322.722,0.7980603443,3.166262593
2.998,0.87,1.74,2.611953881,-0.09,-0.005962092718,322.478,0.7940138469,3.314444599
2.999,0.81,1.62,2.443258015,-2.94,-0.191097962,320.706,0.7645348052,4.260727305
3,0.74,1.48,2.244304323,-6.35,-0.403462751,317.976,0.7187981508,7.117197514
3.001,0.69,1.38,2.100782335,-8.95,-0.5588753209,315.348,0.6743978732,18.18504087
3.002,0.67,1.34,2.043044025,-9.6,-0.5968678865,311.415,0.6072534305,196.7199832
3.003,0.71,1.42,2.158332351,-7.79,-0.4902220126,302.117,0.4450838654,-47.81614861
3.004,0.74,1.48,2.244304323,-6.11,-0.3888360597,301.68,0.437339705,46.27083811
3.005,0.68,1.36,2.071936717,-8.85,-0.5530000139,301.46,0.4334367968,-17.32921517
3.006,0.5,1,1.544666,-17,-1.005998115,301.351,0.4315020278,-2.688731976
3.007,0.3,0.6,0.94092168,-25.78,-1.438887238,301.475,0.4337029946,-0.9360688714
3.008,0.25,0.5,0.7870435,-27.86,-1.533649024,301.782,0.4391482696,-0.7190890431
3.009,0.39,0.78,1.214936767,-22.49,-1.283038931,302.755,0.4563698938,-1.469677359
3.01,0.56,1.12,1.722117555,-15.26,-0.9135810115,305.082,0.4973332139,-4.137241243
3.011,0.58,1.16,1.780891485,-14.28,-0.8605229098,314.885,0.6665371283,-9.180525863
3.012,0.46,0.92,1.425423491,-19.81,-1.150512535,314.168,0.6543411713,-2.872845143
3.013,0.37,0.74,1.154374041,-23.93,-1.352165267,313.891,0.6496220283,-1.643135934
3.014,0.43,0.86,1.335497337,-21.83,-1.250873491,313.87,0.6492640896,-2.219874446
3.015,0.59,1.18,1.810207839,-14.99,-0.8990359156,313.946,0.6505593735,-7.2852263
3.016,0.74,1.48,2.244304323,-7.74,-0.4872381374,313.869,0.6492470443,13.85296875
3.017,0.82,1.64,2.471491677,-3.65,-0.2361269356,313.86,0.6490936341,5.984723915
3.018,0.83,1.66,2.499678265,-2.63,-0.1713018392,314.196,0.654817965,5.169792964
3.019,0.83,1.66,2.499678265,-2.93,-0.1904606668,314.604,0.661760714,5.303793792
3.02,0.81,1.62,2.443258015,-3.71,-0.2399124588,315.377,0.6748898468,5.616977073
3.021,0.78,1.56,2.358274589,-5.72,-0.3649653387,315.607,0.6787901043,7.514622323
3.022,0.73,1.46,2.215694073,-8.37,-0.5246856107,315.632,0.6792138741,14.33843897
3.023,0.69,1.38,2.100782335,-10.42,-0.6443126236,315.796,0.6819929717,55.75273168
3.024,0.7,1.4,2.12958088,-10.1,-0.625861643,316.329,0.6910150818,32.68562521
3.025,0.78,1.56,2.358274589,-5.82,-0.3710981375,316.708,0.6974211852,7.226809769
3.026,0.9,1.8,2.69566632,0.41,0.02725121946,317.075,0.7036171552,3.688306149
3.027,0.96,1.92,2.861820211,1.92,0.1289043773,317.671,0.7136640115,3.396543532
3.028,0.98,1.96,2.916828253,2.49,0.1678078821,318.038,0.7198412096,3.286015025
3.029,1.11,2.22,3.269790847,5.64,0.3881340481,318.499,0.7275904856,2.930643495
3.03,1.37,2.74,3.951849721,12.63,0.910343748,319.275,0.7406095238,2.393677512
3.031,1.63,3.26,4.602086841,18.29,1.36837102,320.079,0.7540649875,2.168304168
3.032,1.74,3.48,4.867607683,20.31,1.539769935,321.008,0.7695703822,2.10779141
3.033,1.67,3.34,4.699298905,18.96,1.424750789,322.074,0.7873071723,2.124401343
3.034,1.57,3.14,4.454856537,17.17,1.275158193,322.922,0.8013748645,2.145333791
3.035,1.54,3.08,4.380605891,16.66,1.233139188,323.233,0.8065248676,2.147709511
3.036,1.55,3.1,4.40540318,16.79,1.243824694,323.014,0.8028988545,2.152417303
3.037,1.56,3.12,4.430153395,16.96,1.257824071,322.778,0.798988617,2.153892487
3.038,1.55,3.1,4.40540318,16.8,1.24464737,322.357,0.7920060465,2.163059824
3.039,1.5,3,4.280946,15.82,1.164508873,321.754,0.7819889813,2.199306817
3.04,1.4,2.8,4.02850112,13.65,0.990508566,321.07,0.77060359,2.287475619
3.041,1.29,2.58,3.745374751,10.78,0.7675591639,320.275,0.7573400511,2.456145767
3.042,1.24,2.48,3.614798003,9.42,0.6647159412,319.485,0.7441272771,2.565791535
3.043,1.22,2.44,3.562237789,9.03,0.6355526388,318.732,0.7315028817,2.605774042
3.044,1.14,2.28,3.350113987,6.86,0.4759291374,317.985,0.7189495752,2.803727234
3.045,0.99,1.98,2.944261663,2.93,0.1980392685,316.836,0.6995829924,3.280067565
3.046,0.91,1.82,2.723476319,0.77,0.05130192003,315.749,0.6811966705,3.718063563
3.047,0.95,1.9,2.83424558,1.88,0.1261852864,315.211,0.6720731106,3.550536506
3.048,1,2,2.971648,3.04,0.2056245185,314.429,0.6587839226,3.437782255
3.049,0.9,1.8,2.69566632,0.47,0.03125168393,312.351,0.6233094635,4.118280363
3.05,0.73,1.46,2.215694073,-8.33,-0.5223176222,306.876,0.5287011428,347.0959407
3.051,0.68,1.36,2.071936717,-10.98,-0.6764055293,318.027,0.7196561656,47.90534648
3.052,0.84,1.68,2.527817779,-3.18,-0.2063673069,319.195,0.7392688187,4.743498983
3.053,1.11,2.22,3.269790847,5.58,0.3838520527,320.002,0.7527778066,2.876741993
3.054,1.38,2.76,3.977447261,12.76,0.9205035928,321.296,0.7743681107,2.346754184
3.055,1.55,3.1,4.40540318,16.67,1.233960538,323.157,0.8052668036,2.160329596
3.056,1.6,3.2,4.52868352,17.55,1.30663949,324.7,0.830751025,2.118790876
3.057,1.5,3,4.280946,15.62,1.148273799,325.956,0.8514058974,2.140815855
3.058,1.33,2.66,3.848988825,11.45,0.8188837214,326.985,0.8682685376,2.281352382
3.059,1.26,2.52,3.667169923,9.4,0.6632168394,327.346,0.8741718195,2.385323907
3.06,1.36,2.72,3.926205107,12.15,0.8729747311,327.552,0.8775375346,2.24288923
3.061,1.57,3.14,4.454856537,17.03,1.263597101,327.565,0.8777498631,2.080399212
3.062,1.75,3.5,4.8914635,20.37,1.544926132,327.337,0.8740247255,2.022142568
3.063,1.77,3.54,4.939033913,20.82,1.58371819,326.971,0.8680394702,2.014486991
3.064,1.67,3.34,4.699298905,18.95,1.42390588,326.288,0.8568523259,2.060410828
3.065,1.56,3.12,4.430153395,16.87,1.25040896,325.597,0.8455102905,2.113704235
3.066,1.51,3.02,4.305931583,15.97,1.176711751,325.132,0.8378642491,2.137388504
3.067,1.54,3.08,4.380605891,16.5,1.220011443,324.418,0.8261025632,2.140939301
3.068,1.62,3.24,4.577666141,18.13,1.354975858,323.811,0.8160831073,2.108494616
3.069,1.73,3.46,4.843704793,20.11,1.522609883,323.331,0.8081466715,2.078168474
3.07,1.8,3.6,5.01003648,21.64,1.654954996,323.031,0.8031804139,2.038145035
3.071,1.83,3.66,5.080615385,22.04,1.689963058,322.853,0.8002315871,2.040248297
3.072,1.76,3.52,4.915272243,20.85,1.586311904,322.868,0.8004801464,2.059363421
3.073,1.64,3.28,4.626460467,18.64,1.39776515,322.981,0.8023522559,2.102824356
3.074,1.54,3.08,4.380605891,16.82,1.246293028,323.013,0.8028822917,2.137740899
3.075,1.51,3.02,4.305931583,16.24,1.198734428,323.662,0.8136207652,2.139747296
3.076,1.53,3.06,4.355761529,16.57,1.225751623,324.395,0.8257232552,2.123234155
3.077,1.55,3.1,4.40540318,16.94,1.256175553,325.171,0.83850595,2.103137481
3.078,1.55,3.1,4.40540318,16.94,1.256175553,325.483,0.843636788,2.097998518
3.079,1.54,3.08,4.380605891,16.89,1.252056047,325.771,0.8483685827,2.085581091
3.08,1.56,3.12,4.430153395,17.12,1.27102693,326.098,0.8537360726,2.085010606
3.081,1.56,3.12,4.430153395,17.17,1.275158193,326.217,0.8556880437,2.079058225
3.082,1.49,2.98,4.255913343,15.91,1.171827865,326.647,0.8627354543,2.091806779
3.083,1.33,2.66,3.848988825,12.21,0.8776334616,327.029,0.8689883998,2.203676084
3.084,1.14,2.28,3.350113987,7.27,0.5057470766,327.158,0.871098347,2.4331809
3.085,1.04,2.08,3.080722611,4.61,0.3150890612,326.652,0.8628173463,2.615422237
3.086,1.06,2.12,3.134977475,5.07,0.3475898736,325.525,0.8443271021,2.630197857
3.087,1.13,2.26,3.323386681,6.77,0.4694048836,324.5,0.8274546601,2.562641958
3.088,1.16,2.32,3.403427379,7.67,0.5349904093,323.403,0.8093378877,2.531693625
3.089,1.14,2.28,3.350113987,7.08,0.4919093458,322.27,0.7905619555,2.612233103
3.09,1.08,2.16,3.189044045,5.57,0.3831387118,321.574,0.778995174,2.744127922
3.091,1.02,2.04,3.026279453,3.88,0.2639112146,321.239,0.7734189017,2.917373559
3.092,0.98,1.96,2.916828253,2.96,0.2001068844,321.077,0.7707202299,3.004477532
3.093,1.02,2.04,3.026279453,3.78,0.2569385775,321.001,0.7694537171,2.948462755
3.094,1.09,2.18,3.216006719,5.6,0.385279013,321.235,0.7733522842,2.775694673
3.095,1.11,2.22,3.269790847,6.22,0.4296993593,321.771,0.7822716432,2.697911782
3.096,1.05,2.1,3.10787358,4.52,0.3087530157,322.197,0.7893499462,2.83022056
3.097,0.96,1.92,2.861820211,2.3,0.1548075169,322.575,0.795622862,3.011078218
3.098,0.98,1.96,2.916828253,2.58,0.1739773267,323.291,0.8074847701,2.971921445
3.099,1.11,2.22,3.269790847,5.98,0.4124619138,324.126,0.8212850024,2.650293026
3.1,1.3,2.6,3.77134888,10.96,0.781304921,324.854,0.8332878426,2.335789535
3.101,1.46,2.92,4.180532931,15.28,1.120766932,325.422,0.8426340303,2.129230356
3.102,1.54,3.08,4.380605891,16.84,1.247939095,325.854,0.8497314831,2.088319271
3.103,1.5,3,4.280946,16.09,1.186490475,326.068,0.8532438666,2.098776254
3.104,1.36,2.72,3.926205107,13.06,0.9440131042,326.129,0.8542446379,2.183338359
3.105,1.23,2.46,3.588541433,9.49,0.669965822,325.935,0.8510612079,2.359288403
3.106,1.22,2.44,3.562237789,9.15,0.6445104399,325.666,0.8466439339,2.388912812
3.107,1.29,2.58,3.745374751,11.19,0.7989148095,325.279,0.8402825662,2.284883326
3.108,1.29,2.58,3.745374751,11.07,0.7897206161,324.76,0.8317395385,2.309877761
3.109,1.14,2.28,3.350113987,7.12,0.4948197279,324.273,0.8237108235,2.5407936
3.11,0.96,1.92,2.861820211,2.49,0.1678078821,323.749,0.8150586463,2.911707875
3.111,0.95,1.9,2.83424558,2.18,0.1466135339,323.156,0.8052502481,2.977574768
3.112,1.1,2.2,3.24292232,6.06,0.4182017598,322.357,0.7920060465,2.679640887
3.113,1.21,2.42,3.535887071,9.11,0.6415229744,321.494,0.777664055,2.491487731
3.114,1.15,2.3,3.37679422,7.51,0.523274949,320.542,0.7617982664,2.627705705
3.115,0.98,1.96,2.916828253,3.03,0.2049344966,319.368,0.7421676713,3.079739812
3.116,0.89,1.78,2.667809247,0.75,0.04996275061,318.387,0.7257088301,3.43935412
3.117,0.94,1.88,2.806623875,1.84,0.1234676326,317.945,0.7182765451,3.334295561
3.118,0.96,1.92,2.861820211,2.43,0.1636989839,317.353,0.7083057884,3.281885951
3.119,0.82,1.64,2.471491677,-2.51,-0.1636166177,316.993,0.7022333919,4.588590247
3.12,0.59,1.18,1.810207839,-14.11,-0.8512443198,316.654,0.6965089107,-11.69873043
3.121,0.5,1,1.544666,-18.54,-1.085913568,315.431,0.6758058148,-3.766488164
3.122,0.64,1.28,1.956083507,-12.18,-0.7443407134,314.535,0.6605872055,-23.35524272
3.123,0.9,1.8,2.69566632,0.76,0.05063229087,313.822,0.6484458539,3.856030031
3.124,1.1,2.2,3.24292232,5.86,0.4038633251,314.105,0.6532682301,3.067662018
3.125,1.15,2.3,3.37679422,7,0.4860930969,314.576,0.6612845387,2.943053895
3.126,1.05,2.1,3.10787358,4.53,0.3094566527,314.433,0.6588519821,3.209589865
3.127,0.87,1.74,2.611953881,-0.58,-0.038297192,315.235,0.6724804412,4.118610644
3.128,0.67,1.34,2.043044025,-9.59,-0.5962859644,316.371,0.691725371,21.40671341
3.129,0.53,1.06,1.633603609,-15.42,-0.9221742525,317.66,0.7134787537,-7.827689712
3.13,0.49,0.98,1.514925983,-17.27,-1.02013588,317.011,0.7025371755,-4.769937545
3.131,0.48,0.96,1.485138893,-17.61,-1.037862146,315.973,0.6849907447,-4.20872558
3.132,0.44,0.88,1.365519795,-19.25,-1.12217216,315.374,0.674838955,-3.052578656
3.133,0.33,0.66,1.032683705,-23.84,-1.347886838,315.971,0.6849568809,-1.557756885
3.134,0.17,0.34,0.5383905848,-30.39,-1.64510302,316.131,0.6876653046,-0.5623243957
3.135,0.04,0.08,0.1279040512,-36.07,-1.880749522,315.483,0.67668771,-0.1062271471
3.136,-0.03,-0.06,-0.0964223112,-38.58,-1.978758381,315.278,0.6732101645,0.0738558025
3.137,-0.01,-0.02,-0.0320936968,-38.09,-1.959909615,314.435,0.6588860115,0.02466803578
3.138,0.03,0.06,0.0959986488,-36.81,-1.91002325,313.568,0.6441139389,-0.07583374885
3.139,0.08,0.16,0.2550549248,-35.13,-1.843099958,313.3,0.6395394508,-0.211916994
3.14,0.19,0.38,0.6008362552,-30.98,-1.670506155,312.858,0.6319864039,-0.5785506287
3.141,0.39,0.78,1.214936767,-23.53,-1.333107371,311.308,0.6054148923,-1.669574445
3.142,0.6,1.2,1.83947712,-14.78,-0.8876847721,302.507,0.4519856764,-4.221897953
3.143,0.73,1.46,2.215694073,-8.4,-0.5264607472,305.079,0.4972806049,-75.93157187
3.144,0.76,1.52,2.301383603,-6.9,-0.4368019597,307.669,0.542508276,21.77148617
3.145,0.71,1.42,2.158332351,-9.5,-0.5910450453,314.034,0.6520587844,35.37453014
3.146,0.66,1.32,2.014104259,-12.34,-0.7533132446,322.1,0.7877390432,58.5056657
3.147,0.68,1.36,2.071936717,-11.31,-0.6952009083,323.268,0.8071041397,18.5154324
3.148,0.83,1.66,2.499678265,-3.85,-0.2487334161,325.081,0.8370249857,4.249046551
3.149,1.05,2.1,3.10787358,3.83,0.2604237534,326.372,0.8582294595,2.778227912
3.15,1.21,2.42,3.535887071,8.09,0.5658587598,327.039,0.8691519914,2.464014342
3.151,1.25,2.5,3.6410075,9.21,0.6489945115,327.395,0.8749725942,2.389164101
3.152,1.22,2.44,3.562237789,8.39,0.5880100486,328.209,0.8882577549,2.413002424
3.153,1.21,2.42,3.535887071,8.08,0.5651218558,329.022,0.9014937471,2.410916033
3.154,1.27,2.54,3.693285273,9.59,0.6774738173,330.51,0.9256345425,2.303827592
3.155,1.36,2.72,3.926205107,11.95,0.857471161,329.998,0.9173403188,2.212181492
3.156,1.4,2.8,4.02850112,13.27,0.9605227547,328.784,0.8976223928,2.16802284
3.157,1.37,2.74,3.951849721,12.44,0.895524723,328.496,0.8929339797,2.209639907
3.158,1.28,2.56,3.719353549,10.13,0.7181833282,327.853,0.8824515957,2.32367387
3.159,1.2,2.4,3.50948928,7.86,0.5489339641,326.504,0.8603928106,2.490188466
3.16,1.15,2.3,3.37679422,6.59,0.4563791702,325.926,0.850913477,2.58304384
3.161,1.14,2.28,3.350113987,6.18,0.4268227197,326.068,0.8532438666,2.617140407
3.162,1.14,2.28,3.350113987,6.23,0.4304187526,325.914,0.8507164962,2.614957313
3.163,1.15,2.3,3.37679422,6.54,0.4527663051,325.111,0.837518686,2.617091761
3.164,1.16,2.32,3.403427379,6.91,0.479557009,324.186,0.8222752663,2.614336304
3.165,1.15,2.3,3.37679422,6.6,0.4571020242,323.773,0.8154552351,2.653549925
3.166,1.09,2.18,3.216006719,4.86,0.3327283302,323.428,0.8097514424,2.814935368
3.167,0.98,1.96,2.916828253,2.01,0.135027589,323.424,0.8096852758,3.08752888
3.168,0.88,1.76,2.639905101,-1.33,-0.08738173801,323.629,0.8130752609,3.637768586
3.169,0.84,1.68,2.527817779,-3.96,-0.2556524629,324.083,0.8205752004,4.474625663
3.17,0.84,1.68,2.527817779,-3.59,-0.2323383421,324.528,0.8279162735,4.244310687
3.171,0.87,1.74,2.611953881,-1.91,-0.1250039901,324.701,0.8307675017,3.700891074
3.172,0.9,1.8,2.69566632,-0.44,-0.02908014608,324.729,0.8312288293,3.360556934
3.173,0.9,1.8,2.69566632,-0.14,-0.00927127891,324.693,0.8306356865,3.281937098
3.174,0.88,1.76,2.639905101,-1.27,-0.08347306807,324.604,0.8291690233,3.540189647
3.175,0.83,1.66,2.499678265,-3.79,-0.2449550501,324.495,0.827372225,4.29190342
3.176,0.77,1.54,2.329852633,-7.31,-0.4614921484,324.394,0.8257067629,6.396922418
3.177,0.7,1.4,2.12958088,-10.8,-0.6661171347,324.256,0.8234303426,13.53720332
3.178,0.66,1.32,2.014104259,-12.8,-0.7789979281,324.05,0.8200304048,49.08561271
3.179,0.67,1.34,2.043044025,-12.34,-0.7533132446,323.753,0.8151247464,33.05281324
3.18,0.73,1.46,2.215694073,-9.8,-0.6084894545,323.36,0.8086264988,11.07088435
3.181,0.79,1.58,2.386649471,-6.48,-0.4113655559,322.992,0.8025344616,6.101327166
3.182,0.85,1.7,2.55591022,-3.45,-0.2234863406,322.935,0.8015902373,4.421195281
3.183,0.91,1.82,2.723476319,0.14,0.009288581452,323.031,0.8031804139,3.352098769
3.184,1.02,2.04,3.026279453,2.74,0.1849633106,323.254,0.8068724384,3.051190135
3.185,1.16,2.32,3.403427379,6.47,0.4477122266,323.622,0.8129595408,2.699693503
3.186,1.31,2.62,3.797275935,10.3,0.7310575115,324.179,0.822159745,2.444780934
3.187,1.4,2.8,4.02850112,12.98,0.9377351997,324.83,0.8328925735,2.275182385
3.188,1.45,2.9,4.15531198,14.22,1.035756731,325.494,0.8438175932,2.2107729
3.189,1.46,2.92,4.180532931,14.58,1.064501714,326.239,0.8560488343,2.176736736
3.19,1.47,2.94,4.205706809,14.78,1.080527253,326.962,0.8678922074,2.158522276
3.191,1.49,2.98,4.255913343,15.12,1.107862866,327.355,0.8743189096,2.147085296
3.192,1.49,2.98,4.255913343,15.22,1.115924885,327.36,0.8744006245,2.138300154
3.193,1.46,2.92,4.180532931,14.63,1.068504338,327.304,0.8734853459,2.152706045
3.194,1.38,2.76,3.977447261,12.54,0.9033197749,327.56,0.8776681993,2.233281369
3.195,1.27,2.54,3.693285273,9.63,0.6804797069,327.978,0.8844909931,2.359970875
3.196,1.19,2.38,3.483044415,7.3,0.5079350898,328.766,0.8973294873,2.478568429
3.197,1.16,2.32,3.403427379,6.55,0.4534886908,328.416,0.8916309132,2.53020428
3.198,1.19,2.38,3.483044415,7.32,0.5093942366,327.626,0.8787460612,2.509144372
3.199,1.26,2.52,3.667169923,9.14,0.6437634298,327.889,0.8830390219,2.401862742
3.2,1.32,2.64,3.823155917,10.82,0.7706110557,328.156,0.8873937539,2.305877459
3.201,1.33,2.66,3.848988825,11.21,0.800448539,328.584,0.8943669863,2.271037035
3.202,1.29,2.58,3.745374751,10.05,0.7121345496,328.614,0.8948554236,2.330677113
3.203,1.2,2.4,3.50948928,7.64,0.5327919175,328.012,0.8850455747,2.47524085
3.204,1.09,2.18,3.216006719,4.71,0.3221378573,327.728,0.8804114207,2.674324269
3.205,0.98,1.96,2.916828253,1.79,0.1200725855,327.071,0.8696754508,2.947041212
3.206,0.89,1.78,2.667809247,-0.92,-0.06060984386,326.952,0.8677285773,3.305349184
3.207,0.9,1.8,2.69566632,-0.38,-0.0251247098,327.132,0.8706731533,3.188068455
3.208,1.03,2.06,3.053524569,3,0.2028649755,327.202,0.8718178287,2.841326349
3.209,1.2,2.4,3.50948928,7.32,0.5093942366,327.495,0.8766064564,2.532097782
3.21,1.28,2.56,3.719353549,9.6,0.6782251455,327.398,0.8750216173,2.394567069
3.211,1.23,2.46,3.588541433,8.22,0.5754471511,326.922,0.867237657,2.487405019
3.212,1.13,2.26,3.323386681,5.43,0.3731616845,326.517,0.8606058206,2.693689587
3.213,1.1,2.2,3.24292232,4.74,0.3242542925,326.164,0.8548187664,2.750399812
3.214,1.18,2.36,3.456552477,6.75,0.4679560817,325.429,0.8427491104,2.63717005
3.215,1.29,2.58,3.745374751,9.63,0.6804797069,325.353,0.8414995368,2.46085797
3.216,1.35,2.7,3.90051342,11.32,0.8088910218,325.23,0.839476582,2.36628857
3.217,1.35,2.7,3.90051342,11.25,0.8035171676,324.992,0.8355600733,2.379700799
3.218,1.32,2.64,3.823155917,10.49,0.7454793851,325.141,0.8380123408,2.414383261
3.219,1.27,2.54,3.693285273,9.28,0.6542302888,325.008,0.8358234579,2.47862554
3.22,1.19,2.38,3.483044415,7.08,0.4919093458,325.19,0.8388185456,2.61739792
3.221,1.06,2.12,3.134977475,3.46,0.2346875036,325.534,0.844475015,2.905009599
3.222,0.99,1.98,2.944261663,1.57,0.105161019,325.184,0.8387198332,3.119314961
3.223,1.06,2.12,3.134977475,3.47,0.235381436,324.767,0.8318548532,2.937472711
3.224,1.22,2.44,3.562237789,7.5,0.5225435358,324.773,0.8319536924,2.629933613
3.225,1.36,2.72,3.926205107,11.47,0.8204225243,325.381,0.84195994,2.361794107
3.226,1.42,2.84,4.079366685,12.94,0.9345986218,325.421,0.8426175901,2.295368823
3.227,1.37,2.74,3.951849721,11.75,0.8420068204,325.45,0.8430943359,2.345170618
3.228,1.3,2.6,3.77134888,9.64,0.6812314197,325.441,0.8429463848,2.474349691
3.229,1.22,2.44,3.562237789,7.41,0.515965065,325.344,0.8413515417,2.624470791
3.23,1.21,2.42,3.535887071,7.28,0.5064763201,325.177,0.8386046664,2.628754035
3.231,1.3,2.6,3.77134888,9.63,0.6804797069,324.846,0.8331560895,2.491582776
3.232,1.39,2.78,4.002997727,12.26,0.8815184399,324.554,0.8283448788,2.341121471
3.233,1.41,2.82,4.053957439,12.8,0.9236330551,324.735,0.8313276801,2.309998941
3.234,1.36,2.72,3.926205107,11.32,0.8088910218,324.213,0.8227208253,2.406335253
3.235,1.29,2.58,3.745374751,9.49,0.669965822,324.236,0.8231003463,2.508512235
3.236,1.26,2.52,3.667169923,8.47,0.5939315134,324.403,0.8258551915,2.582902003
3.237,1.24,2.48,3.614798003,8.1,0.5665957586,324.707,0.830866361,2.586687648
3.238,1.24,2.48,3.614798003,8.13,0.5688073248,325.331,0.8411377637,2.563786372
3.239,1.25,2.5,3.6410075,8.2,0.5739709692,327.061,0.8695118752,2.522376704
3.24,1.24,2.48,3.614798003,8.07,0.5643850467,328.551,0.8938296538,2.478920286
3.241,1.23,2.46,3.588541433,7.72,0.5386564538,329.769,0.9136264318,2.470965862
3.242,1.21,2.42,3.535887071,7.1,0.4933643487,330.973,0.9331239274,2.478735459
3.243,1.18,2.36,3.456552477,6.43,0.4448262407,331.872,0.9476360771,2.482331071
3.244,1.18,2.36,3.456552477,6.4,0.4426627336,333.035,0.9663516459,2.453170477
3.245,1.23,2.46,3.588541433,7.57,0.5276654118,334.119,0.9837371524,2.374312124
3.246,1.32,2.64,3.823155917,10.08,0.7144021175,334.806,0.9947262806,2.236903863
3.247,1.45,2.9,4.15531198,13.79,1.001592152,335.407,1.004321293,2.071531048
3.248,1.57,3.14,4.454856537,16.32,1.205273881,335.651,1.008211866,2.012597797
3.249,1.62,3.24,4.577666141,17.19,1.276811415,335.681,1.008690019,2.002915453
3.25,1.57,3.14,4.454856537,16.28,1.202003341,335.598,1.007367023,2.016346652
3.251,1.46,2.92,4.180532931,13.95,1.014283009,335.513,1.006011807,2.069268751
3.252,1.37,2.74,3.951849721,11.51,0.8235013023,335.615,1.007638024,2.158137102
3.253,1.38,2.76,3.977447261,11.68,0.836603557,335.384,1.003954412,2.161000809
3.254,1.47,2.94,4.205706809,14.22,1.035756731,335.602,1.007430789,2.058404707
3.255,1.58,3.16,4.479512605,16.39,1.211001239,336.047,1.014520058,2.012792513
3.256,1.63,3.26,4.602086841,17.33,1.288395436,336.448,1.02090033,1.992852934
3.257,1.6,3.2,4.52868352,16.77,1.242179648,334.565,0.9908738578,2.028022843
3.258,1.52,3.04,4.330870093,15.39,1.129653446,333.854,0.9794922201,2.053376475
3.259,1.46,2.92,4.180532931,13.94,1.013489083,334.046,0.9825681298,2.094395343
3.26,1.42,2.84,4.079366685,12.94,0.9345986218,333.473,0.9733832204,2.138053201
3.261,1.4,2.8,4.02850112,12.38,0.8908524193,333.164,0.9684235494,2.166704238
3.262,1.39,2.78,4.002997727,12.05,0.8652180382,333.727,0.9774566619,2.172384375
3.263,1.39,2.78,4.002997727,12.12,0.8706466921,334.125,0.9838332251,2.158555447
3.264,1.42,2.84,4.079366685,12.79,0.9228505414,334.302,0.9866665937,2.13633416
3.265,1.46,2.92,4.180532931,13.99,1.017459711,334.997,0.9977774764,2.074461983
3.266,1.51,3.02,4.305931583,15.14,1.109474464,335.689,1.00881752,2.032737515
3.267,1.55,3.1,4.40540318,15.95,1.175083384,335.972,1.013325896,2.013061826
3.268,1.57,3.14,4.454856537,16.35,1.207727853,336.183,1.016684794,2.002711387
3.269,1.57,3.14,4.454856537,16.22,1.197100581,336.182,1.01666888,2.012339865
3.27,1.54,3.08,4.380605891,15.67,1.152328775,336.055,1.01464742,2.02152931
3.271,1.5,3,4.280946,14.98,1.096592949,335.63,1.007877132,2.034215662
3.272,1.47,2.94,4.205706809,14.25,1.038147194,335.023,0.9981926878,2.065326543
3.273,1.43,2.86,4.104728857,13.38,0.9691881135,334.506,0.9899303107,2.0951918
3.274,1.4,2.8,4.02850112,12.5,0.9002005719,333.953,0.9810784569,2.141362902
3.275,1.36,2.72,3.926205107,11.6,0.8304342699,333.295,0.9705267546,2.18006112
3.276,1.33,2.66,3.848988825,10.68,0.7599362313,333.274,0.9701896552,2.224687148
3.277,1.3,2.6,3.77134888,9.87,0.6985473763,333.257,0.9699167496,2.260371572
3.278,1.27,2.54,3.693285273,9.35,0.6594707644,333.182,0.9687125884,2.268347276
3.279,1.27,2.54,3.693285273,9.15,0.6445104399,332.775,0.9621732765,2.29870088
3.28,1.27,2.54,3.693285273,9.24,0.6512378409,331.91,0.9482486276,2.3090444
3.281,1.27,2.54,3.693285273,9.22,0.6497421922,331.568,0.9427331466,2.319210341
3.282,1.25,2.5,3.6410075,8.71,0.6117324897,331.08,0.9348532451,2.354222865
3.283,1.21,2.42,3.535887071,7.75,0.5408572157,328.177,0.8877361106,2.475083011
3.284,1.18,2.36,3.456552477,6.92,0.4802828651,324.376,0.8254098935,2.647293901
3.285,1.11,2.22,3.269790847,5.17,0.3546811216,321.701,0.7811076453,2.878872324
3.286,0.91,1.82,2.723476319,-0.03,-0.001988158449,318.772,0.73217425,3.729838668
3.287,0.56,1.12,1.722117555,-14.78,-0.8876847721,313.145,0.6368919717,-6.86669455
3.288,0.16,0.32,0.5070971392,-30.26,-1.639476122,298.501,0.3806641053,-0.4028378602
3.289,-0.1,-0.2,-0.32305528,-40.33,-2.044971729,294.051,0.3003067778,0.1851675187
3.29,-0.18,-0.36,-0.5848888032,-43.03,-2.143827743,290.903,0.2427228905,0.3076573091
3.291,-0.14,-0.28,-0.4535954528,-41.73,-2.096722707,289.702,0.2205895669,0.2417714624
3.292,-0.07,-0.14,-0.2256444232,-39.58,-2.016804215,288.546,0.1991987165,0.1241437834
3.293,0,0,0,-37.15,-1.92336646,288.069,0.1903472278,-0
3.294,0.1,0.2,0.31834792,-33.67,-1.78357836,287.735,0.1841406012,-0.1990373919
3.295,0.22,0.44,0.6941517088,-29.54,-1.608117039,287.795,0.1852560948,-0.4878563232
3.296,0.3,0.6,0.94092168,-26.21,-1.458713183,288.059,0.1901615052,-0.7417290886
3.297,0.34,0.68,1.063176899,-24.79,-1.392768409,289.308,0.2133085171,-0.9014099641
3.298,0.33,0.66,1.032683705,-25.18,-1.411015502,291.053,0.245480831,-0.8860171476
3.299,0.29,0.58,0.9102401912,-27.05,-1.497087256,292.803,0.2775521912,-0.7463829595
3.3,0.21,0.42,0.6630936312,-30.24,-1.638609494,296.631,0.3470428821,-0.5134025804
3.301,0.09,0.18,0.2867249592,-35.12,-1.842696617,299.612,0.4005394695,-0.1988167237
3.302,-0.05,-0.1,-0.16093922,-40.38,-2.046838481,308.648,0.5595049008,0.1082065396
3.303,-0.12,-0.24,-0.3882312192,-43.19,-2.14956301,316.531,0.6944303712,0.2668012583
3.304,-0.09,-0.18,-0.2905379208,-42.32,-2.118213318,318.638,0.7299248344,0.209277772
3.305,0.02,0.04,0.0640461728,-38.81,-1.987558792,320.786,0.7658691944,-0.05242425975
3.306,0.15,0.3,0.47575662,-34.24,-1.806968749,321.665,0.7805089193,-0.4634926824
3.307,0.27,0.54,0.8487359928,-29.76,-1.617734075,321.851,0.7836016163,-1.017507452
3.308,0.39,0.78,1.214936767,-25.22,-1.412881174,321.795,0.7826706698,-1.927826908
3.309,0.5,1,1.544666,-20.95,-1.207508908,321.639,0.7800764643,-3.613824885
3.31,0.58,1.16,1.780891485,-17.59,-1.036821791,321.402,0.7761328587,-6.831481
3.311,0.63,1.26,1.927002521,-15.41,-0.9216377426,321.028,0.7699036968,-12.69986911
3.312,0.66,1.32,2.014104259,-14.07,-0.8490579017,321.458,0.7770649434,-27.97640642
3.313,0.69,1.38,2.100782335,-12.82,-0.780110914,322.131,0.7882539206,257.9860787
3.314,0.72,1.44,2.187036749,-11.27,-0.6929272689,323.06,0.8036606868,19.7504673
3.315,0.75,1.5,2.2728675,-9.83,-0.6102299196,324.602,0.82913606,10.38284032
3.316,0.76,1.52,2.301383603,-9.13,-0.5694304816,326.001,0.8521444431,8.140325264
3.317,0.76,1.52,2.301383603,-9.54,-0.5933751472,326.678,0.8632431648,8.527811572
3.318,0.74,1.48,2.244304323,-10.57,-0.6529333971,327.496,0.8766227925,10.03312794
3.319,0.73,1.46,2.215694073,-11.03,-0.6792588562,328.493,0.8928851204,10.37182428
3.32,0.74,1.48,2.244304323,-10.49,-0.6483378822,329.147,0.9035259,8.794708867
3.321,0.77,1.54,2.329852633,-9.01,-0.5623966193,329.468,0.908740935,6.726983893
3.322,0.82,1.64,2.471491677,-6.35,-0.403462751,329.586,0.9106567113,4.872872847
3.323,0.91,1.82,2.723476319,-1.79,-0.1172440613,329.695,0.9124257597,3.424973594
3.324,1.01,2.02,2.998987263,1.89,0.1268649244,329.596,0.9108190337,2.890077696
3.325,1.08,2.16,3.189044045,3.55,0.2409361762,329.317,0.9062883897,2.779790583
3.326,1.03,2.06,3.053524569,2.34,0.1575417291,329.134,0.9033145921,2.878358273
3.327,0.88,1.76,2.639905101,-3.17,-0.2057320702,328.763,0.8972806682,3.8173819
3.328,0.74,1.48,2.244304323,-9.95,-0.6171845625,327.849,0.8823863222,8.462629833
3.329,0.78,1.56,2.358274589,-8.35,-0.5235017793,327.015,0.8687593633,6.830478745
3.33,0.88,1.76,2.639905101,-2.77,-0.1802522577,326.139,0.8544086809,3.915864345
3.331,0.78,1.56,2.358274589,-7.21,-0.4554829271,324.707,0.830866361,6.282308637
3.332,0.43,0.86,1.335497337,-21.49,-1.234183912,323.836,0.816496141,-3.197358005
3.333,0.09,0.18,0.2867249592,-35.13,-1.843099958,323.342,0.80832868,-0.2770901795
3.334,-0.03,-0.06,-0.0964223112,-40.02,-2.033367014,322.727,0.7981432324,0.07806060138
3.335,-0.01,-0.02,-0.0320936968,-39.14,-2.00013332,322.094,0.7876393837,0.02646916065
3.336,-0.02,-0.04,-0.0642344672,-39.4,-2.009997408,321.328,0.7749009261,0.05200765133
3.337,-0.01,-0.02,-0.0320936968,-39.39,-2.009618721,321.081,0.7707868802,0.02590641905
3.338,0.1,0.2,0.31834792,-35.43,-1.855172554,321.179,0.7724195523,-0.2940171207
3.339,0.27,0.54,0.8487359928,-29.36,-1.600225496,321.734,0.7816564187,-1.036853231
3.34,0.36,0.72,1.124022067,-26.23,-1.459632309,322.746,0.7984581952,-1.700039434
3.341,0.32,0.64,1.002143437,-27.65,-1.524211451,323.897,0.8175038092,-1.418045282
3.342,0.27,0.54,0.8487359928,-29.78,-1.618606817,324.724,0.8311464523,-1.077814238
3.343,0.25,0.5,0.7870435,-30.74,-1.660199183,325.432,0.8427984297,-0.9628612363
3.344,0.26,0.52,0.8179132832,-30.45,-1.647696437,326.044,0.8528500692,-1.029020596
3.345,0.33,0.66,1.032683705,-27.67,-1.525111513,326.465,0.8597537298,-1.552072782
3.346,0.45,0.9,1.39549518,-22.98,-1.30672242,326.737,0.8642093196,-3.153568064
3.347,0.54,1.08,1.663155331,-19.54,-1.136876718,326.974,0.8680885569,-6.187606344
3.348,0.54,1.08,1.663155331,-19.54,-1.136876718,327.302,0.8734526544,-6.313604416
3.349,0.5,1,1.544666,-21.39,-1.22925968,327.208,0.8719159323,-4.322633343
3.35,0.5,1,1.544666,-21.1,-1.214939374,326.794,0.8651425576,-4.415894963
3.351,0.58,1.16,1.780891485,-18.06,-1.061192178,326.036,0.852718797,-8.542536598
3.352,0.67,1.34,2.043044025,-14.16,-0.8539756164,325.191,0.8388349975,-134.9379469
3.353,0.73,1.46,2.215694073,-11.01,-0.6781177632,324.559,0.828427299,14.74087497
3.354,0.78,1.56,2.358274589,-8.92,-0.5571135791,324.355,0.8250635249,8.801175836
3.355,0.79,1.58,2.386649471,-8.15,-0.5116455393,324.257,0.8234468419,7.654392239
3.356,0.74,1.48,2.244304323,-10.47,-0.6471882068,324.253,0.8233808445,12.73778719
3.357,0.59,1.18,1.810207839,-17.8,-1.0477308,324.492,0.8273227633,-8.21298473
3.358,0.43,0.86,1.335497337,-24.97,-1.401202959,324.976,0.8352966757,-2.35992668
3.359,0.48,0.96,1.485138893,-23.15,-1.314900134,325.572,0.8450994908,-3.161210852
3.36,0.77,1.54,2.329852633,-10.57,-0.6529333971,326.169,0.8549007797,11.53578664
3.361,1.12,2.24,3.296612301,3.76,0.2555451469,326.809,0.8653881195,2.940953221
3.362,1.27,2.54,3.693285273,7.69,0.5364565434,327.438,0.8756752161,2.615397075
3.363,1.2,2.4,3.50948928,5.78,0.39813838,327.984,0.8845888646,2.735959102
3.364,1.11,2.22,3.269790847,3.43,0.2326062531,328.187,0.8878991299,2.918139348
3.365,1.13,2.26,3.323386681,3.85,0.2618184636,327.928,0.8836753275,2.901269921
3.366,1.21,2.42,3.535887071,5.93,0.4088775387,327.624,0.8787134019,2.746126087
3.367,1.27,2.54,3.693285273,7.54,0.5254697554,327.301,0.8734363087,2.640123857
3.368,1.28,2.56,3.719353549,7.93,0.5540796799,326.961,0.8678758446,2.615660957
3.369,1.28,2.56,3.719353549,7.71,0.5379230557,326.605,0.8620475115,2.65673696
3.37,1.26,2.52,3.667169923,7.32,0.5093942366,326.035,0.8527023877,2.692297931
3.371,1.24,2.48,3.614798003,6.76,0.4686804357,325.173,0.8385388557,2.765257541
3.372,1.22,2.44,3.562237789,6.23,0.4304187526,324.18,0.8221762482,2.843886321
3.373,1.22,2.44,3.562237789,6.11,0.4217921938,323.306,0.8077329927,2.8972467
3.374,1.24,2.48,3.614798003,6.66,0.4614411161,322.9,0.8010103678,2.863316372
3.375,1.26,2.52,3.667169923,7.37,0.5130437536,322.784,0.7990880652,2.794818227
3.376,1.26,2.52,3.667169923,7.18,0.4991881248,322.794,0.7992538082,2.824284883
3.377,1.21,2.42,3.535887071,5.96,0.4110278843,322.437,0.7933336022,2.935901813
3.378,1.17,2.34,3.430013465,4.9,0.3355559612,322.065,0.7871576704,3.055109841
3.379,1.19,2.38,3.483044415,5.23,0.3589403106,322.186,0.7891672909,3.033726465
3.38,1.25,2.5,3.6410075,6.83,0.4737535413,322.606,0.7961369813,2.867182198
3.381,1.29,2.58,3.745374751,8.1,0.5665957586,323.192,0.8058462119,2.728985874
3.382,1.23,2.46,3.588541433,6.22,0.4296993593,323.599,0.8125792997,2.888676713
3.383,1.01,2.02,2.998987263,0.41,0.02725121946,324.039,0.819848794,3.540298921
3.384,0.81,1.62,2.443258015,-10.19,-0.6310592496,324.51,0.8276195266,12.43007007
3.385,0.78,1.56,2.358274589,-11.76,-0.7206923701,325.029,0.8361691305,20.42207089
3.386,0.91,1.82,2.723476319,-4.98,-0.3193222882,325.471,0.843439539,5.196311159
3.387,1.06,2.12,3.134977475,1.51,0.1011017552,325.775,0.8484342726,3.301588758
3.388,1.11,2.22,3.269790847,2.68,0.1808408527,326.079,0.8534243474,3.161462695
3.389,1.11,2.22,3.269790847,2.67,0.1801540931,326.359,0.8580163549,3.149570337
3.39,1.13,2.26,3.323386681,3.3,0.2235969714,326.772,0.8647823798,3.053518681
3.391,1.14,2.28,3.350113987,3.62,0.2458013611,327.799,0.8815703356,2.971614417
3.392,1.12,2.24,3.296612301,2.89,0.1952837167,328.854,0.8987613173,3.013232727
3.393,1.11,2.22,3.269790847,2.72,0.1835887959,329.654,0.9117604064,2.985158377
3.394,1.22,2.44,3.562237789,5.46,0.3752980881,330.1,0.9189937097,2.752267916
3.395,1.45,2.9,4.15531198,11.66,0.8350606483,330.259,0.9215700356,2.365501194
3.396,1.71,3.42,4.795757791,17.52,1.30414874,330.203,0.9206627919,2.155579348
3.397,1.87,3.74,5.174061561,20.71,1.574216016,330.215,0.9208572142,2.073711303
3.398,1.82,3.64,5.057136157,19.77,1.493533932,330.2,0.9206141852,2.094791169
3.399,1.55,3.1,4.40540318,14.48,1.056503983,330.079,0.9186533474,2.230406212
3.4,1.19,2.38,3.483044415,4.85,0.3320216532,329.872,0.915297189,2.792425078
3.401,0.91,1.82,2.723476319,-5.25,-0.336029081,329.593,0.9107703375,4.738612878
3.402,0.84,1.68,2.527817779,-9.29,-0.5787908691,329.321,0.9063533723,7.717054773
3.403,0.93,1.86,2.778955097,-4.26,-0.2744703274,328.885,0.8992656206,4.447784941
3.404,1.06,2.12,3.134977475,1.23,0.08220110551,328.473,0.8925593806,3.216151578
3.405,1.13,2.26,3.323386681,2.99,0.2021753167,328.286,0.889512753,3.044263992
3.406,1.15,2.3,3.37679422,3.62,0.2458013611,328.185,0.8878665264,2.978645031
3.407,1.17,2.34,3.430013465,4.15,0.2827830416,328.192,0.8879806377,2.929723159
3.408,1.2,2.4,3.50948928,4.91,0.3362630996,328.407,0.8914842983,2.858478288
3.409,1.24,2.48,3.614798003,6,0.4138963161,328.773,0.8974433969,2.756568696
3.41,1.31,2.62,3.797275935,7.82,0.5459956392,329.472,0.9088058878,2.610167686
3.411,1.37,2.74,3.951849721,9.24,0.6512378409,330.297,0.9221855777,2.511625081
3.412,1.35,2.7,3.90051342,8.85,0.6221417664,331.275,0.9380033687,2.500096518
3.413,1.28,2.56,3.719353549,6.94,0.4817348592,332.164,0.952341244,2.593553815
3.414,1.21,2.42,3.535887071,4.97,0.340507869,332.98,0.9654680322,2.707467319
3.415,1.17,2.34,3.430013465,3.92,0.2667028299,333.462,0.9732067415,2.76634163
3.416,1.1,2.2,3.24292232,2.04,0.1370702779,333.525,0.9742174059,2.918166347
3.417,0.99,1.98,2.944261663,-1.79,-0.1172440613,333.357,0.9715218765,3.446492009
3.418,0.94,1.88,2.806623875,-4.82,-0.3093930134,333.022,0.9661428049,4.273505544
3.419,0.95,1.9,2.83424558,-4.02,-0.259422151,332.683,0.9606939945,4.041579034
3.42,0.97,1.94,2.889347769,-3.26,-0.2114461169,332.113,0.9515197494,3.904135537
3.421,0.91,1.82,2.723476319,-6.44,-0.4089354179,331.404,0.9400862776,5.127500538
3.422,0.81,1.62,2.443258015,-11.25,-0.6917899749,330.732,0.9292268734,10.29013616
3.423,0.78,1.56,2.358274589,-13.04,-0.7923332418,330.124,0.9193826686,18.56186721
3.424,0.81,1.62,2.443258015,-11.44,-0.702581509,329.29,0.9058497366,12.01987169
3.425,0.9,1.8,2.69566632,-7.11,-0.449465469,328.629,0.8950996255,6.04905679
3.426,0.98,1.96,2.916828253,-2.62,-0.170661878,328.442,0.8920544446,4.043330064
3.427,1.03,2.06,3.053524569,0.12,0.007960581053,328.411,0.891549461,3.394653118
3.428,1.08,2.16,3.189044045,1.24,0.08287492228,328.643,0.8953275372,3.260106345
3.429,1.12,2.24,3.296612301,2.34,0.1575417291,329.227,0.9048260729,3.103080021
3.43,1.19,2.38,3.483044415,4.15,0.2827830416,330.307,0.9223475507,2.890180066
3.431,1.36,2.72,3.926205107,8.46,0.5931909971,331.468,0.9411193579,2.558938023
3.432,1.55,3.1,4.40540318,13.6,0.9865548682,332.874,0.9637646557,2.258810993
3.433,1.65,3.3,4.65078702,15.92,1.172641592,334.467,0.9893065187,2.151201963
3.434,1.66,3.32,4.675066499,15.99,1.178340525,336.05,1.014567819,2.131902372
3.435,1.6,3.2,4.52868352,14.86,1.086948709,337.089,1.031083441,2.138156175
3.436,1.6,3.2,4.52868352,14.95,1.094180532,337.536,1.038173158,2.123795663
3.437,1.7,3.4,4.77171368,16.82,1.246293028,337.858,1.043274477,2.084111374
3.438,1.79,3.58,4.986416031,18.51,1.38683254,338.031,1.046013241,2.049622738
3.439,1.84,3.68,5.104047539,19.43,1.464578764,337.68,1.040455095,2.037516388
3.44,1.87,3.74,5.174061561,19.97,1.510622784,337.284,1.034177426,2.033189694
3.441,1.88,3.76,5.197305421,20.33,1.541488248,336.835,1.027050641,2.023448211
3.442,1.86,3.72,5.150770627,19.89,1.503782224,336.163,1.016366505,2.043835972
3.443,1.72,3.44,4.819754829,17.14,1.272679128,335.371,1.003747034,2.117246282
3.444,1.46,2.92,4.180532931,11.3,0.8073551473,334.538,0.9904420857,2.325363981
3.445,1.24,2.48,3.614798003,5.17,0.3546811216,333.42,0.9725328591,2.723598497
3.446,1.17,2.34,3.430013465,3.26,0.220827979,332.194,0.9528244173,2.922512216
3.447,1.27,2.54,3.693285273,5.77,0.3974231805,331.015,0.9338027917,2.774348871
3.448,1.42,2.84,4.079366685,9.65,0.6819832286,330.259,0.9215700356,2.543954589
3.449,1.48,2.96,4.230833613,11.28,0.8058196629,329.799,0.9141131139,2.459883124
3.45,1.46,2.92,4.180532931,10.85,0.7729009945,329.749,0.9133019524,2.479258466
3.451,1.46,2.92,4.180532931,10.85,0.7729009945,329.947,0.9165134317,2.474545539
3.452,1.53,3.06,4.355761529,12.8,0.9236330551,330.074,0.9185723056,2.364427779
3.453,1.67,3.34,4.699298905,15.93,1.173455422,330.633,0.927625186,2.236610479
3.454,1.81,3.62,5.033609855,18.61,1.395240688,331.268,0.9378903194,2.157448441
3.455,1.88,3.76,5.197305421,20.01,1.514045576,331.871,0.9476199564,2.111296337
3.456,1.84,3.68,5.104047539,19.34,1.456934338,332.247,0.9536779167,2.117324149
3.457,1.73,3.46,4.843704793,17.11,1.270200984,332.432,0.956656046,2.175130566
3.458,1.61,3.22,4.553198367,14.9,1.090161848,332.336,0.9551108453,2.226206013
3.459,1.58,3.16,4.479512605,14.1,1.02620387,332.063,0.95071424,2.26590701
3.46,1.62,3.24,4.577666141,15,1.09820173,331.58,0.9429267685,2.242713354
3.461,1.63,3.26,4.602086841,15.3,1.122381755,331.054,0.9344330885,2.237482317
3.462,1.57,3.14,4.454856537,13.97,1.015871161,330.265,0.9216672312,2.299235234
3.463,1.46,2.92,4.180532931,10.87,0.7744281063,329.842,0.9148106146,2.474802927
3.464,1.35,2.7,3.90051342,7.79,0.5437928897,329.382,0.907344259,2.687901294
3.465,1.29,2.58,3.745374751,6,0.4138963161,328.945,0.9002415567,2.850062257
3.466,1.29,2.58,3.745374751,5.97,0.4117448525,328.743,0.8969551959,2.861904648
3.467,1.35,2.7,3.90051342,7.6,0.5298619186,328.784,0.8976223928,2.732438731
3.468,1.46,2.92,4.180532931,10.63,0.7561284042,329.08,0.9024367621,2.520572008
3.469,1.58,3.16,4.479512605,13.93,1.012695257,329.34,0.9066620288,2.333860735
3.47,1.67,3.34,4.699298905,15.77,1.16044631,329.714,0.9127340661,2.266710103
3.471,1.7,3.4,4.77171368,16.36,1.208546047,330.335,0.9228010489,2.238825244
3.472,1.65,3.3,4.65078702,15.49,1.137742688,331.112,0.9353703157,2.243383266
3.473,1.61,3.22,4.553198367,14.67,1.071708241,331.994,0.9496024378,2.252596998
3.474,1.71,3.42,4.795757791,16.44,1.21509526,332.905,0.9642628691,2.200536813
3.475,1.91,3.82,5.266754559,20.39,1.546645704,333.938,0.9808381482,2.083793554
3.476,2.07,4.14,5.629994777,23.67,1.834385889,335.083,0.9991507452,1.986914413
3.477,2.08,4.16,5.652297165,23.74,1.840651913,336.061,1.014742939,1.979515079
3.478,1.93,3.86,5.312818617,21,1.599294702,336.549,1.022506132,2.026400537
3.479,1.81,3.62,5.033609855,18.62,1.396082072,336.668,1.024397498,2.079591961
3.48,1.79,3.58,4.986416031,18.3,1.369209095,336.529,1.022188189,2.085147485
3.481,1.83,3.66,5.080615385,19.09,1.435744057,336.363,1.019548538,2.069250481
3.482,1.88,3.76,5.197305421,20.04,1.516613769,336.155,1.016239184,2.051957029
3.483,1.89,3.78,5.220502207,20.26,1.53547599,335.864,1.011605833,2.049601297
3.484,1.84,3.68,5.104047539,19.28,1.45184274,335.348,1.003380114,2.078853058
3.485,1.75,3.5,4.8914635,17.5,1.302488754,334.998,0.9977934466,2.126462353
3.486,1.64,3.28,4.626460467,15.42,1.132079159,334.825,0.9950298807,2.174999204
3.487,1.56,3.12,4.430153395,13.47,0.9762868841,334.792,0.9945025643,2.247908014
3.488,1.54,3.08,4.380605891,12.83,0.9259811889,334.826,0.9950458591,2.280345764
3.489,1.58,3.16,4.479512605,13.97,1.015871161,334.777,0.9942628579,2.228464651
3.49,1.66,3.32,4.675066499,15.71,1.155574575,334.489,0.9896584103,2.179281473
3.491,1.71,3.42,4.795757791,16.71,1.237246958,334.202,0.9850660049,2.158002887
3.492,1.73,3.46,4.843704793,16.99,1.260297613,333.773,0.9781940402,2.163825264
3.493,1.73,3.46,4.843704793,17.1,1.269375141,333.286,0.970382286,2.162602403
3.494,1.74,3.48,4.867607683,17.18,1.275984753,332.838,0.9631860272,2.173843874
3.495,1.74,3.48,4.867607683,17.17,1.275158193,332.496,0.957685932,2.180003355
3.496,1.74,3.48,4.867607683,17.21,1.278465046,332.331,0.9550303539,2.179367678
3.497,1.8,3.6,5.01003648,18.46,1.382632347,332.341,0.9551913355,2.143034361
3.498,1.93,3.86,5.312818617,20.96,1.595830303,332.343,0.9552235313,2.08259761
3.499,2.02,4.04,5.517776733,22.66,1.744562006,332.275,0.954128767,2.044612443
3.5,2,4,5.47256,22.25,1.708410371,332.015,0.9499408369,2.058629418
3.501,1.93,3.86,5.312818617,20.96,1.595830303,331.846,0.9472169232,2.089154524
3.502,1.92,3.84,5.289810125,20.83,1.584582656,331.678,0.9445077521,2.091586013
3.503,1.95,3.9,5.35869438,21.34,1.628810296,331.471,0.9411677786,2.085112878
3.504,1.92,3.84,5.289810125,20.75,1.577669878,331.482,0.9413453176,2.099951653
3.505,1.84,3.68,5.104047539,19.37,1.459481542,331.653,0.9441044844,2.123513568
3.506,1.81,3.62,5.033609855,18.76,1.407872324,331.941,0.948748288,2.135944085
3.507,1.85,3.7,5.12743262,19.52,1.472231631,332.213,0.9531304044,2.114089585
3.508,1.9,3.8,5.24365192,20.53,1.558694471,332.6,0.9593590739,2.082422723
3.509,1.91,3.82,5.266754559,20.64,1.56817581,333.026,0.9662070646,2.078121113
3.51,1.88,3.76,5.197305421,20.16,1.526895965,333.336,0.9711848398,2.080519337
3.511,1.86,3.72,5.150770627,19.67,1.485005183,333.582,0.975131652,2.093692739
3.512,1.83,3.66,5.080615385,19.1,1.436590421,333.724,0.9774085685,2.104646857
3.513,1.78,3.56,4.962748509,18.25,1.365019752,333.739,0.9776490312,2.11841663
3.514,1.72,3.44,4.819754829,17.17,1.275158193,333.474,0.9733992637,2.143487512
3.515,1.67,3.34,4.699298905,16.04,1.182414232,333.02,0.9661106748,2.187221051
3.516,1.61,3.22,4.553198367,15.01,1.099006271,332.678,0.9606135871,2.21069842
3.517,1.55,3.1,4.40540318,13.62,0.988136049,332.054,0.9505692354,2.272342896
3.518,1.46,2.92,4.180532931,11.02,0.7858938405,331.285,0.9381648635,2.424820525
3.519,1.28,2.56,3.719353549,6.31,0.4361772617,330.947,0.9327036349,2.717076086
3.52,1.07,2.14,3.162034297,0.35,0.0232539451,330.562,0.9264762057,3.329402877
3.521,0.91,1.82,2.723476319,-8,-0.5027319434,330.188,0.9204197541,6.520363414
3.522,0.89,1.78,2.667809247,-8.85,-0.5530000139,329.966,0.9168215026,7.332742376
3.523,1.01,2.02,2.998987263,-2.72,-0.177057616,329.928,0.916205343,4.057358432
3.524,1.17,2.34,3.430013465,2.86,0.1932180047,330.146,0.9197391894,3.081891633
3.525,1.31,2.62,3.797275935,6.48,0.448433957,330.82,0.9306501931,2.753476599
3.526,1.42,2.84,4.079366685,9.28,0.6542302888,331.764,0.9458947611,2.549404926
3.527,1.47,2.94,4.205706809,10.85,0.7729009945,332.892,0.9640539466,2.421310254
3.528,1.47,2.94,4.205706809,10.83,0.7713742715,333.726,0.9774406308,2.404889622
3.529,1.44,2.88,4.130043955,9.77,0.6910124414,334.286,0.9864105316,2.462136278
3.53,1.43,2.86,4.104728857,9.69,0.6849914265,334.868,0.9957169119,2.442261256
3.531,1.52,3.04,4.330870093,11.98,0.859794194,335.355,1.003491788,2.324318507
3.532,1.69,3.38,4.747622495,16.11,1.188121682,335.674,1.008578454,2.161251969
3.533,1.88,3.76,5.197305421,19.85,1.500364454,335.941,1.012832231,2.06800584
3.534,2.01,4.02,5.495191903,22.22,1.705772166,336.257,1.017862296,2.017595231
3.535,2.02,4.04,5.517776733,22.52,1.732197378,336.631,1.023809498,2.002091062
3.536,1.95,3.9,5.35869438,21.26,1.621854462,336.581,1.0230148,2.026071556
3.537,1.86,3.72,5.150770627,19.53,1.473082471,336.418,1.020423266,2.065674264
3.538,1.78,3.56,4.962748509,17.99,1.343276753,336.258,1.017878207,2.101830923
3.539,1.7,3.4,4.77171368,16.5,1.220011443,335.593,1.007287313,2.142377023
3.54,1.63,3.26,4.602086841,15.02,1.099810913,334.598,0.9914015319,2.200678774
3.541,1.56,3.12,4.430153395,13.17,0.9526555674,333.796,0.9785626912,2.293968264
3.542,1.49,2.98,4.255913343,11.23,0.8019826584,332.793,0.9624626534,2.412040382
3.543,1.42,2.84,4.079366685,9.48,0.6692155509,331.721,0.9452013016,2.526836039
3.544,1.38,2.76,3.977447261,8.31,0.5820946737,330.81,0.9304884713,2.629572645
3.545,1.38,2.76,3.977447261,8.1,0.5665957586,330.147,0.9197553943,2.675980876
3.546,1.4,2.8,4.02850112,8.81,0.6191657777,329.761,0.9134966424,2.628433416
3.547,1.45,2.9,4.15531198,9.98,0.7068469357,329.604,0.910948888,2.568502106
3.548,1.49,2.98,4.255913343,11.08,0.7904862633,329.921,0.9160918322,2.493828647
3.549,1.52,3.04,4.330870093,11.97,0.8590197516,330.575,0.9266866008,2.425298027
3.55,1.55,3.1,4.40540318,12.74,0.9189394541,331.08,0.9348532451,2.376427085
3.551,1.57,3.14,4.454856537,13.48,0.9770761329,331.485,0.9413937363,2.322088352
3.552,1.6,3.2,4.52868352,14.16,1.030978503,331.654,0.9441206157,2.292889242
3.553,1.61,3.22,4.553198367,14.61,1.066902987,331.752,0.9457012465,2.262341642
3.554,1.62,3.24,4.577666141,14.69,1.073310795,331.842,0.9471524351,2.265651794
3.555,1.61,3.22,4.553198367,14.5,1.058102728,331.674,0.9444432313,2.273704804
3.556,1.59,3.18,4.504121599,13.86,1.007141264,331.437,0.9406189845,2.312462021
3.557,1.55,3.1,4.40540318,12.77,0.9212858102,331.234,0.937341189,2.370245984
3.558,1.5,3,4.280946,11.42,0.8165762495,330.968,0.9330431045,2.446787063
3.559,1.47,2.94,4.205706809,10.43,0.7409213337,330.781,0.9300194504,2.516969392
3.56,1.46,2.92,4.180532931,10.37,0.7363667681,330.767,0.9297930118,2.509082851
3.561,1.49,2.98,4.255913343,11.18,0.7981480909,331.057,0.9344815698,2.456331806
3.562,1.54,3.08,4.380605891,12.34,0.8877395187,331.554,0.9425072455,2.393450969
3.563,1.57,3.14,4.454856537,13.27,0.9605227547,332.2,0.9529210467,2.328187812
3.564,1.59,3.18,4.504121599,13.96,1.015077035,332.996,0.9657250985,2.273887696
3.565,1.62,3.24,4.577666141,14.79,1.081329584,333.698,0.9769917407,2.223980331
3.566,1.68,3.36,4.723484237,15.78,1.16125862,334.47,0.9893545053,2.196343071
3.567,1.75,3.5,4.8914635,17.15,1.273505381,335.423,1.004576499,2.147185114
3.568,1.83,3.66,5.080615385,18.7,1.402816872,336.672,1.024461062,2.093132934
3.569,1.91,3.82,5.266754559,20.32,1.540629039,337.493,1.037491558,2.042865863
3.57,1.99,3.98,5.449881023,21.72,1.661943022,337.887,1.043733674,2.014239555
3.571,2,4,5.47256,22.11,1.696106948,337.842,1.04302111,1.997920464
3.572,1.94,3.88,5.335780035,20.87,1.588041573,337.925,1.044335321,2.026981793
3.573,1.81,3.62,5.033609855,18.31,1.370047273,337.893,1.043828675,2.085281084
3.574,1.68,3.36,4.723484237,15.82,1.164508873,337.386,1.035795106,2.14674167
3.575,1.61,3.22,4.553198367,14.62,1.067703612,336.675,1.024508734,2.176260156
3.576,1.61,3.22,4.553198367,14.64,1.069305163,335.821,1.010920839,2.188799853
3.577,1.62,3.24,4.577666141,14.66,1.070907115,335.049,0.9986078671,2.211951197
3.578,1.56,3.12,4.430153395,13.18,0.9534418402,333.914,0.9804536319,2.290792579
3.579,1.45,2.9,4.15531198,10.02,0.7098678504,332.765,0.9620125048,2.485412289
3.58,1.32,2.64,3.823155917,6.7,0.4643357186,331.775,0.9460721433,2.710673997
3.581,1.26,2.52,3.667169923,4.89,0.334848915,330.989,0.9333825525,2.891562004
3.582,1.27,2.54,3.693285273,5.05,0.3461727334,330.652,0.9279326177,2.898728327
3.583,1.3,2.6,3.77134888,5.99,0.4131790684,330.614,0.9273177366,2.813396396
3.584,1.31,2.62,3.797275935,6.09,0.4203557404,330.642,0.9277708137,2.816705838
3.585,1.25,2.5,3.6410075,4.45,0.3038301318,330.803,0.9303752631,2.950082308
3.586,1.17,2.34,3.430013465,2.3,0.1548075169,331.136,0.9357580859,3.14516931
3.587,1.15,2.3,3.37679422,1.82,0.1221093445,331.653,0.9441044844,3.167089123
3.588,1.23,2.46,3.588541433,3.94,0.2680991864,332.387,0.9559317888,2.931740704
3.589,1.39,2.78,4.002997727,7.94,0.5548151612,333.189,0.9688249883,2.627259283
3.59,1.54,3.08,4.380605891,11.91,0.8543751566,333.936,0.9808061062,2.387015375
3.591,1.63,3.26,4.602086841,14.49,1.057303305,334.557,0.990745929,2.247058695
3.592,1.67,3.34,4.699298905,15.4,1.130461916,335.161,1.000395963,2.205355388
3.593,1.7,3.4,4.77171368,15.93,1.173455422,335.542,1.006474213,2.18893014
3.594,1.73,3.46,4.843704793,16.48,1.218372308,335.78,1.010267624,2.173390471
3.595,1.76,3.52,4.915272243,17.06,1.26607279,335.815,1.010825252,2.158758167
3.596,1.78,3.56,4.962748509,17.42,1.295852912,335.636,1.007972773,2.154133684
3.597,1.78,3.56,4.962748509,17.35,1.290051935,335.322,1.002965305,2.164287482
3.598,1.75,3.5,4.8914635,16.82,1.246293028,335.017,0.9980968727,2.179417889
3.599,1.7,3.4,4.77171368,15.9,1.171014238,334.862,0.9956210524,2.202361284
3.6,1.64,3.28,4.626460467,14.68,1.072509468,334.598,0.9914015319,2.241598823
3.601,1.55,3.1,4.40540318,12.34,0.8877395187,334.517,0.9901062389,2.345987769
3.602,1.47,2.94,4.205706809,9.87,0.6985473763,334.609,0.9915774117,2.488400169
3.603,1.43,2.86,4.104728857,8.63,0.6057927298,334.646,0.992168965,2.568727943
3.604,1.45,2.9,4.15531198,9.35,0.6594707644,335.177,1.000651357,2.503015848
3.605,1.54,3.08,4.380605891,11.82,0.8474148814,335.93,1.012657048,2.355073383
3.606,1.67,3.34,4.699298905,15.21,1.11511823,336.591,1.023173749,2.197688132
3.607,1.83,3.66,5.080615385,18.2,1.36083299,337.284,1.034177426,2.121333315
3.608,2.02,4.04,5.517776733,21.9,1.677690909,337.844,1.043052782,2.028039889
3.609,2.19,4.38,5.894516575,25.35,1.986233201,337.618,1.039472714,1.948145901
3.61,2.26,4.52,6.045690563,26.95,2.133710792,336.763,1.025906933,1.913424689
3.611,2.22,4.44,5.959587869,26.17,2.061464585,335.5,1.005804509,1.942962188
3.612,2.11,4.22,5.718921887,23.92,1.856788793,334.724,0.9934158091,2.006495212
3.613,1.99,3.98,5.449881023,21.65,1.655828128,333.947,0.9809823347,2.066845949
3.614,1.91,3.82,5.266754559,20.12,1.52346689,331.847,0.9472330451,2.13168523
3.615,1.85,3.7,5.12743262,18.98,1.426440919,330.781,0.9300194504,2.175904457
3.616,1.78,3.56,4.962748509,17.66,1.315780144,329.6,0.9108839612,2.228781834
3.617,1.68,3.36,4.723484237,15.7,1.154762973,328.532,0.893520256,2.306069868
3.618,1.54,3.08,4.380605891,12.4,0.8924094601,327.532,0.877210859,2.475449589
3.619,1.39,2.78,4.002997727,8.35,0.5850516001,326.995,0.8684321511,2.754071192
3.62,1.27,2.54,3.693285273,5.13,0.3518435126,326.478,0.8599667652,3.047742159
3.621,1.2,2.4,3.50948928,3.25,0.2201359582,326.304,0.8571146644,3.257820609
3.622,1.18,2.36,3.456552477,2.45,0.1650682554,326.241,0.8560816322,3.384960933
3.623,1.16,2.32,3.403427379,2.15,0.1445670651,326.195,0.8553272287,3.40378718
3.624,1.16,2.32,3.403427379,1.98,0.1329857094,326.258,0.8563604066,3.440077567
3.625,1.16,2.32,3.403427379,2.06,0.1384325202,326.65,0.8627845896,3.39929007
3.626,1.17,2.34,3.430013465,2.3,0.1548075169,326.954,0.8677613037,3.35431063
3.627,1.16,2.32,3.403427379,2.01,0.135027589,326.988,0.8683176222,3.392080155
3.628,1.1,2.2,3.24292232,0.42,0.02791774195,327.055,0.8694137275,3.613962544
3.629,0.99,1.98,2.944261663,-5.22,-0.3341757968,327.453,0.8759202951,5.434779075
3.63,0.86,1.72,2.583955587,-12.01,-0.7347854367,327.709,0.8801012459,17.78165501
3.631,0.79,1.58,2.386649471,-15.28,-0.9146562267,327.918,0.8835121794,-76.63260482
3.632,0.84,1.68,2.527817779,-13.1,-0.7956600827,328.22,0.8884370584,27.24617571
3.633,0.99,1.98,2.944261663,-5.87,-0.3741614048,328.582,0.8943344222,5.660158379
3.634,1.18,2.36,3.456552477,2.16,0.1452491313,328.933,0.9000463837,3.306770599
3.635,1.37,2.74,3.951849721,6.99,0.485366489,329.29,0.9058497366,2.840571902
3.636,1.56,3.12,4.430153395,12.14,0.8721986198,330.068,0.9184750538,2.474014925
3.637,1.74,3.48,4.867607683,16.32,1.205273881,330.89,0.9317821089,2.277716497
3.638,1.86,3.72,5.150770627,18.64,1.39776515,331.711,0.945040019,2.19854843
3.639,1.9,3.8,5.24365192,19.5,1.470530264,332.524,0.9581364447,2.159066084
3.64,1.89,3.78,5.220502207,19.23,1.447602604,333.563,0.9748269206,2.155068767
3.641,1.87,3.74,5.174061561,18.83,1.413775067,334.448,0.9890025937,2.153366766
3.642,1.87,3.74,5.174061561,18.9,1.419682892,335.165,1.000459813,2.137915896
3.643,1.89,3.78,5.220502207,19.23,1.447602604,336.101,1.01537969,2.119585764
3.644,1.9,3.8,5.24365192,19.52,1.472231631,337.108,1.031384985,2.094430867
3.645,1.91,3.82,5.266754559,19.64,1.482448594,337.538,1.038204858,2.089440163
3.646,1.9,3.8,5.24365192,19.52,1.472231631,337.86,1.043306147,2.084505335
3.647,1.9,3.8,5.24365192,19.41,1.462879273,337.98,1.045206005,2.090699214
3.648,1.91,3.82,5.266754559,19.75,1.491827347,337.988,1.045332638,2.075846454
3.649,1.97,3.94,5.404381849,20.79,1.581125425,337.917,1.044208664,2.058550138
3.65,2.04,4.08,5.562805171,22.23,1.706651462,337.633,1.039710403,2.02551792
3.651,2.09,4.18,5.674552479,23.18,1.790671302,337.011,1.029845345,2.011884058
3.652,2.08,4.16,5.652297165,23.09,1.782670121,335.972,1.013325896,2.02156839
3.653,2.03,4.06,5.540314489,22.11,1.696106948,334.819,0.9949340088,2.058799765
3.654,1.95,3.9,5.35869438,20.64,1.56817581,333.481,0.9735115651,2.108321595
3.655,1.87,3.74,5.174061561,19.01,1.428976892,332.37,0.9556581549,2.169749861
3.656,1.78,3.56,4.962748509,17.26,1.282600916,331.291,0.938261758,2.234603952
3.657,1.68,3.36,4.723484237,15.44,1.133696805,330.396,0.9237888942,2.295755562
3.658,1.59,3.18,4.504121599,13.31,0.9636724055,329.591,0.9107378731,2.402953959
3.659,1.51,3.02,4.305931583,10.95,0.7805404415,328.914,0.8997373453,2.562630785
3.66,1.43,2.86,4.104728857,8.74,0.6139614739,328.157,0.8874100571,2.733986074
3.661,1.36,2.72,3.926205107,6.76,0.4686804357,327.434,0.8756098598,2.920652719
3.662,1.29,2.58,3.745374751,5.02,0.3440477163,326.682,0.8633086723,3.102128573
3.663,1.24,2.48,3.614798003,3.49,0.2367695741,326.068,0.8532438666,3.31628755
3.664,1.18,2.36,3.456552477,2.05,0.1377513541,325.509,0.8440641358,3.520572361
3.665,1.13,2.26,3.323386681,0.6,0.03993030927,325.059,0.8366629098,3.79125301
3.666,1.08,2.16,3.189044045,-1.73,-0.11335941,324.573,0.8286580687,4.458339193
3.667,1.04,2.08,3.080722611,-4,-0.2581659283,324.274,0.823727322,5.447193967
3.668,1.03,2.06,3.053524569,-4.79,-0.307528872,324.199,0.8224897993,5.929623797
3.669,1.04,2.08,3.080722611,-4.01,-0.2587940821,324.198,0.8224732971,5.465382667
3.67,1.08,2.16,3.189044045,-2.12,-0.1385538279,324.543,0.82816355,4.624418628
3.671,1.11,2.22,3.269790847,0.08,0.005305640709,325.256,0.8399042622,3.868613981
3.672,1.15,2.3,3.37679422,1.03,0.06874350944,326.202,0.8554420361,3.65380549
3.673,1.19,2.38,3.483044415,2.07,0.1391137764,327.267,0.8728805222,3.441762883
3.674,1.24,2.48,3.614798003,3.14,0.2125297309,328.399,0.8913539707,3.274618511
3.675,1.27,2.54,3.693285273,4.12,0.2806828744,329.333,0.9065483153,3.110839156
3.676,1.3,2.6,3.77134888,4.85,0.3320216532,330.386,0.9236269648,3.003506575
3.677,1.33,2.66,3.848988825,5.54,0.3809992462,331.347,0.9391660225,2.915535589
3.678,1.38,2.76,3.977447261,6.78,0.4701294253,332.506,0.9578468338,2.785373521
3.679,1.46,2.92,4.180532931,9.04,0.6362985958,333.915,0.980469654,2.585734184
3.68,1.59,3.18,4.504121599,12.5,0.9002005719,335.155,1.000300188,2.369965693
3.681,1.72,3.44,4.819754829,15.68,1.153140073,336.144,1.016064114,2.221900022
3.682,1.81,3.62,5.033609855,17.39,1.293366164,336.972,1.02922619,2.167237762
3.683,1.84,3.68,5.104047539,17.99,1.343276753,337.708,1.040898692,2.140801992
3.684,1.83,3.66,5.080615385,17.67,1.316611729,338.308,1.050395511,2.146430015
3.685,1.82,3.64,5.057136157,17.52,1.30414874,338.581,1.054710989,2.143890157
3.686,1.87,3.74,5.174061561,18.54,1.389353898,339.141,1.063552375,2.109359668
3.687,2,4,5.47256,21.02,1.601027535,339.506,1.069307208,2.049391004
3.688,2.17,4.34,5.850900345,24.51,1.909927218,339.156,1.063788997,1.967538232
3.689,2.29,4.58,6.109773311,27.04,2.142090029,338.576,1.054631983,1.911262002
3.69,2.28,4.56,6.088459469,26.81,2.120694191,337.813,1.042561852,1.924744436
3.691,2.12,4.24,5.741035981,23.82,1.847819547,336.678,1.024556406,1.998706323
3.692,1.89,3.78,5.220502207,19.34,1.456934338,335.441,1.004863591,2.120605492
3.693,1.7,3.4,4.77171368,15.58,1.145031639,334.371,0.9877707208,2.237297638
3.694,1.6,3.2,4.52868352,13.21,0.955801253,333.708,0.9771520629,2.342883029
3.695,1.58,3.16,4.479512605,12.7,0.9158123613,333.163,0.9684074912,2.377383191
3.696,1.61,3.22,4.553198367,13.4,0.9707649231,333.029,0.9662552588,2.350619993
3.697,1.65,3.3,4.65078702,14.56,1.062901366,333.022,0.9661428049,2.292107331
3.698,1.71,3.42,4.795757791,15.79,1.162071032,333.215,0.9692424527,2.250141908
3.699,1.82,3.64,5.057136157,17.78,1.325765949,333.724,0.9774085685,2.195724258
3.7,1.92,3.84,5.289810125,19.85,1.500364454,334.265,0.9860744316,2.127464365
3.701,1.97,3.94,5.404381849,20.77,1.579397441,334.562,0.9908258849,2.102689597
3.702,1.94,3.88,5.335780035,20.1,1.521752981,334.542,0.9905060542,2.123897241
3.703,1.84,3.68,5.104047539,18.25,1.365019752,334.552,0.9906659719,2.166692903
3.704,1.74,3.48,4.867607683,16.24,1.198734428,334.119,0.9837371524,2.230318932
3.705,1.66,3.32,4.675066499,14.71,1.07491375,333.442,0.9728858557,2.2829707
3.706,1.59,3.18,4.504121599,13,0.9393040821,332.617,0.9596325185,2.37191784
3.707,1.54,3.08,4.380605891,11.49,0.8219617179,331.74,0.945507725,2.478462023
3.708,1.49,2.98,4.255913343,10.09,0.7151581665,330.741,0.9293724576,2.587919787
3.709,1.44,2.88,4.130043955,8.77,0.616191317,329.843,0.9148268344,2.697580007
3.71,1.4,2.8,4.02850112,7.53,0.5247380588,328.801,0.897899011,2.831713868
3.711,1.36,2.72,3.926205107,6.43,0.4448262407,328.302,0.8897734949,2.941859647
3.712,1.33,2.66,3.848988825,5.52,0.3795733999,327.957,0.8841484287,3.045756382
3.713,1.3,2.6,3.77134888,4.72,0.3228432436,327.88,0.8828921714,3.127841177
3.714,1.28,2.56,3.719353549,4.2,0.286285154,328.246,0.8888608427,3.165014015
3.715,1.29,2.58,3.745374751,4.39,0.2996141022,329.098,0.9027293881,3.115062195
3.716,1.33,2.66,3.848988825,5.49,0.3774353265,330.491,0.9253269786,2.954482801
3.717,1.41,2.82,4.053957439,7.43,0.5174262867,332.088,0.9511170098,2.760529736
3.718,1.51,3.02,4.305931583,10.13,0.7181833282,333.791,0.9784825518,2.537878338
3.719,1.64,3.28,4.626460467,13.79,1.001592152,335.732,1.009502783,2.300468459
3.72,1.8,3.6,5.01003648,17.21,1.278465046,337.605,1.039266708,2.161611874
3.721,1.95,3.9,5.35869438,20.02,1.514901535,339.252,1.06530313,2.076848574
3.722,1.99,3.98,5.449881023,20.87,1.588041573,340.438,1.083973719,2.039614458
3.723,1.92,3.84,5.289810125,19.5,1.470530264,341.097,1.094319926,2.062424599
3.724,1.81,3.62,5.033609855,17.29,1.285083667,341.461,1.100026109,2.110431103
3.725,1.74,3.48,4.867607683,15.99,1.178340525,341.634,1.102735981,2.133908123
3.726,1.75,3.5,4.8914635,16.25,1.199551504,341.427,1.099493371,2.127606796
3.727,1.83,3.66,5.080615385,17.68,1.317443417,340.969,1.092311909,2.108353213
3.728,1.95,3.9,5.35869438,19.98,1.511478325,340.406,1.083470814,2.065047942
3.729,2.08,4.16,5.652297165,22.59,1.738377076,339.948,1.076267798,2.008174181
3.73,2.16,4.32,5.829021619,24.26,1.887364977,339.589,1.070614978,1.970608898
3.731,2.15,4.3,5.80709582,24.01,1.864870339,339.146,1.06363125,1.982958057
3.732,2.06,4.12,5.607645315,22.37,1.718972778,338.738,1.057191209,2.019925819
3.733,1.98,3.96,5.427154973,20.74,1.576806255,338.064,1.046535504,2.068794488
3.734,1.94,3.88,5.335780035,20.05,1.517470042,337.575,1.038791279,2.087337469
3.735,1.95,3.9,5.35869438,20.11,1.522609883,337.199,1.032828986,2.096976157
3.736,1.95,3.9,5.35869438,20.27,1.536334569,336.911,1.028257625,2.089491808
3.737,1.95,3.9,5.35869438,20.2,1.530326717,336.697,1.024858318,2.097184473
3.738,1.95,3.9,5.35869438,20.1,1.521752981,336.415,1.020375557,2.107955715
3.739,1.95,3.9,5.35869438,20.13,1.524324002,336.412,1.020327848,2.105865437
3.74,1.95,3.9,5.35869438,20.25,1.534617516,336.435,1.020693607,2.09708099
3.741,1.95,3.9,5.35869438,20.19,1.529468872,336.457,1.02104344,2.101026666
3.742,1.93,3.86,5.312818617,19.73,1.490121179,336.257,1.017862296,2.118362688
3.743,1.88,3.76,5.197305421,18.74,1.406186759,336.107,1.015475197,2.146172966
3.744,1.8,3.6,5.01003648,17.2,1.277638179,336.054,1.0146315,2.185622628
3.745,1.68,3.36,4.723484237,15.01,1.099006271,336.024,1.014153877,2.235270356
3.746,1.57,3.14,4.454856537,12.03,0.8636678778,336.217,1.017225841,2.368478608
3.747,1.53,3.06,4.355761529,10.72,0.7629842395,336.51,1.021886127,2.440379767
3.748,1.58,3.16,4.479512605,12.19,0.8760801584,336.704,1.024969544,2.356336396
3.749,1.71,3.42,4.795757791,15.31,1.123189317,336.75,1.025700404,2.231737509
3.75,1.82,3.64,5.057136157,17.47,1.299999544,336.765,1.025938706,2.174234917
3.751,1.87,3.74,5.174061561,18.54,1.389353898,336.584,1.023062485,2.144763067
3.752,1.89,3.78,5.220502207,18.89,1.418838606,336.221,1.01728949,2.142950618
3.753,1.91,3.82,5.266754559,19.28,1.45184274,335.758,1.009917085,2.139426643
3.754,1.96,3.92,5.381561651,20.16,1.526895965,335.567,1.006872807,2.123935582
3.755,2.02,4.04,5.517776733,21.47,1.640127965,335.634,1.007940893,2.083698359
3.756,2.1,4.2,5.69676072,23.01,1.77556525,335.722,1.009343427,2.045582596
3.757,2.18,4.36,5.872731997,24.65,1.92259165,335.733,1.009518718,2.002902776
3.758,2.25,4.5,6.0242355,26.05,2.050409136,335.805,1.010665936,1.968012989
3.759,2.28,4.56,6.088459469,26.64,2.104917369,336.288,1.018355498,1.949384421
3.76,2.26,4.52,6.045690563,26.22,2.066075685,336.89,1.027924143,1.954004815
3.761,2.21,4.42,5.937944511,25.33,1.984407469,337.32,1.034748427,1.966756509
3.762,2.18,4.36,5.872731997,24.82,1.937998476,337.887,1.043733674,1.969570606
3.763,2.19,4.38,5.894516575,25.06,1.959802742,338.446,1.052577397,1.956763856
3.764,2.23,4.46,5.981184153,25.87,2.033855557,338.77,1.057696591,1.934686483
3.765,2.29,4.58,6.109773311,26.94,2.132780318,338.731,1.057080651,1.915372918
3.766,2.33,4.66,6.194557945,27.89,2.221669313,338.397,1.051802771,1.892350931
3.767,2.34,4.68,6.215636419,28.08,2.239567251,337.885,1.043702007,1.893124179
3.768,2.28,4.56,6.088459469,27.04,2.142090029,337.24,1.033479452,1.917281138
3.769,2.17,4.34,5.850900345,24.79,1.935277345,336.761,1.025875159,1.975886192
3.77,2.02,4.04,5.517776733,21.89,1.676815123,336.421,1.020470974,2.045677223
3.771,1.86,3.72,5.150770627,18.93,1.422216374,336.269,1.018053218,2.110738356
3.772,1.72,3.44,4.819754829,16.14,1.190569254,336.188,1.016764363,2.183518971
3.773,1.58,3.16,4.479512605,13.17,0.9526555674,336.345,1.019262233,2.271652806
3.774,1.47,2.94,4.205706809,10.1,0.7159143121,336.418,1.020423266,2.422171162
3.775,1.39,2.78,4.002997727,7.69,0.5364565434,336.586,1.023094275,2.56676325
3.776,1.32,2.64,3.823155917,5.94,0.4095942274,336.683,1.024635858,2.665650341
3.777,1.28,2.56,3.719353549,4.67,0.3193172337,336.681,1.024604077,2.767538187
3.778,1.24,2.48,3.614798003,3.6,0.2444108522,336.652,1.024143236,2.849541882
3.779,1.22,2.44,3.562237789,3.01,0.2035547251,336.485,1.02148865,2.907846254
3.78,1.24,2.48,3.614798003,3.66,0.248583474,336.287,1.018339589,2.853210356
3.781,1.34,2.68,3.874774659,6.13,0.4232290204,335.776,1.010203891,2.703143361
3.782,1.51,3.02,4.305931583,10.55,0.7500409241,335.458,1.00513472,2.453276741
3.783,1.69,3.38,4.747622495,15.29,1.121574293,335.233,1.001545138,2.236154229
3.784,1.82,3.64,5.057136157,17.8,1.327431689,334.978,0.9974740322,2.17520053
3.785,1.89,3.78,5.220502207,19.09,1.435744057,334.675,0.9926325692,2.149790996
3.786,1.9,3.8,5.24365192,19.43,1.464578764,334.289,0.9864585442,2.139360304
3.787,1.9,3.8,5.24365192,19.33,1.456085478,333.937,0.9808221273,2.151764765
3.788,1.88,3.76,5.197305421,18.94,1.423061075,333.586,0.9751958038,2.167117904
3.789,1.83,3.66,5.080615385,18.08,1.350795287,333.392,0.9720835571,2.187206362
3.79,1.77,3.54,4.939033913,16.78,1.24300212,333.424,0.9725970421,2.229209145
3.791,1.69,3.38,4.747622495,15.39,1.129653446,333.599,0.9754042917,2.25534075
3.792,1.64,3.28,4.626460467,14.19,1.033367167,333.624,0.9758052071,2.302669759
3.793,1.61,3.22,4.553198367,13.41,0.9715534768,334.051,0.982648208,2.329953148
3.794,1.62,3.24,4.577666141,13.52,0.9802341214,334.532,0.9903461316,2.323004168
3.795,1.64,3.28,4.626460467,14.07,1.023817902,335.055,0.9987036731,2.287471503
3.796,1.64,3.28,4.626460467,14.31,1.04293082,335.65,1.008195926,2.25557025
3.797,1.63,3.26,4.602086841,13.94,1.013489083,336.333,1.019071354,2.264182042
3.798,1.6,3.2,4.52868352,13.08,0.9455835699,336.999,1.029654844,2.292727546
3.799,1.56,3.12,4.430153395,12,0.8613433732,337.291,1.034288459,2.337032603
3.8,1.53,3.06,4.355761529,11.15,0.7958485199,337.373,1.035588958,2.378329362
3.801,1.52,3.04,4.330870093,10.79,0.7683219911,337.139,1.031876941,2.40577306
3.802,1.53,3.06,4.355761529,10.99,0.783598943,336.708,1.025033101,2.408318233
3.803,1.55,3.1,4.40540318,11.66,0.8350606483,336.089,1.015188673,2.380978136
3.804,1.57,3.14,4.454856537,12.28,0.8830731195,335.282,1.002327075,2.362817481
3.805,1.58,3.16,4.479512605,12.32,0.8861836588,334.616,0.9916893322,2.385418304
3.806,1.55,3.1,4.40540318,11.64,0.8335181309,334.611,0.9916093893,2.413750892
3.807,1.5,3,4.280946,10.28,0.7295414516,335.057,0.9987356081,2.477002154
3.808,1.45,2.9,4.15531198,8.84,0.621397626,335.277,1.00224729,2.559249216
3.809,1.43,2.86,4.104728857,8.18,0.5724951674,335.619,1.007701788,2.597605852
3.81,1.45,2.9,4.15531198,8.63,0.6057927298,336.174,1.016541566,2.561316734
3.811,1.5,3,4.280946,10.08,0.7144021175,336.804,1.026558241,2.45895662
3.812,1.57,3.14,4.454856537,12.07,0.8667685913,337.649,1.039963927,2.336382526
3.813,1.64,3.28,4.626460467,13.99,1.017459711,338.725,1.056985884,2.230215378
3.814,1.7,3.4,4.77171368,15.24,1.117538498,339.555,1.070079304,2.181237361
3.815,1.74,3.48,4.867607683,16.05,1.183229278,340.268,1.081301494,2.149499466
3.816,1.77,3.54,4.939033913,16.7,1.2364252,340.721,1.088419231,2.124457812
3.817,1.81,3.62,5.033609855,17.36,1.290880339,340.786,1.089439763,2.114677707
3.818,1.84,3.68,5.104047539,17.99,1.343276753,340.508,1.08507366,2.101857917
3.819,1.86,3.72,5.150770627,18.36,1.374239714,340.032,1.077589602,2.100786786
3.82,1.86,3.72,5.150770627,18.36,1.374239714,339.262,1.065460828,2.111230677
3.821,1.85,3.7,5.12743262,18.08,1.350795287,338.294,1.05017411,2.13556767
3.822,1.83,3.66,5.080615385,17.77,1.324933233,337.056,1.030559666,2.156922395
3.823,1.81,3.62,5.033609855,17.33,1.288395436,335.915,1.012418154,2.18775214
3.824,1.76,3.52,4.915272243,16.38,1.21018274,334.63,0.9919131662,2.23208818
3.825,1.68,3.36,4.723484237,14.8,1.082132014,333.214,0.969226397,2.302612849
3.826,1.57,3.14,4.454856537,11.97,0.8590197516,332.055,0.9505853472,2.461783811
3.827,1.46,2.92,4.180532931,8.82,0.6199096316,331.577,0.9428783637,2.675048019
3.828,1.35,2.7,3.90051342,5.89,0.4060117151,331.138,0.9357903988,2.906921505
3.829,1.26,2.52,3.667169923,3.42,0.2319126851,331.028,0.9340128989,3.145286435
3.83,1.19,2.38,3.483044415,1.35,0.09029280197,331.38,0.9396988211,3.381624022
3.831,1.1,2.2,3.24292232,-2.12,-0.1385538279,332.054,0.9505692354,3.993670921
3.832,1.09,2.18,3.216006719,-3.05,-0.1981025445,333.155,0.968279024,4.175675062
3.833,1.21,2.42,3.535887071,1.75,0.1173581633,334.626,0.9918492146,3.187760144
3.834,1.43,2.86,4.104728857,7.39,0.5145042206,336.306,1.018641852,2.677324053
3.835,1.67,3.34,4.699298905,13.97,1.015871161,338.136,1.047674812,2.277293051
3.836,1.84,3.68,5.104047539,17.35,1.290051935,339.857,1.074835476,2.158262383
3.837,1.94,3.88,5.335780035,19.33,1.456085478,341.018,1.093080692,2.093147201
3.838,2.04,4.08,5.562805171,21.33,1.627940446,341.836,1.105898373,2.034796321
3.839,2.13,4.26,5.763103001,23.06,1.78000499,342.445,1.115421217,1.990416121
3.84,2.2,4.4,5.91625408,24.53,1.911735122,343.248,1.127951758,1.946336683
3.841,2.27,4.54,6.067098553,25.89,2.035693091,343.98,1.139348853,1.910871938
3.842,2.32,4.64,6.173432397,27.12,2.149545749,344.237,1.143344541,1.874776216
3.843,2.37,4.74,6.278589401,28.1,2.241453581,343.873,1.137684399,1.858044696
3.844,2.4,4.8,6.34111872,28.83,2.310609865,343.154,1.126486436,1.844905748
3.845,2.43,4.86,6.403224377,29.39,2.364065313,342.538,1.116873954,1.839510513
3.846,2.45,4.9,6.44439278,29.8,2.403425703,341.973,1.1080421,1.835241882
3.847,2.47,4.94,6.485372889,30.16,2.438142236,341.428,1.099509041,1.833242562
3.848,2.47,4.94,6.485372889,30.34,2.455555396,340.58,1.086204791,1.831115758
3.849,2.44,4.88,6.423832115,29.76,2.399577333,340.077,1.078297576,1.847056689
3.85,2.35,4.7,6.23666782,27.91,2.223551416,339.779,1.073607465,1.891527841
3.851,2.18,4.36,5.872731997,24.7,1.927119813,339.642,1.071449893,1.958511081
3.852,1.98,3.96,5.427154973,20.79,1.581125425,339.752,1.073182319,2.044659285
3.853,1.82,3.64,5.057136157,17.83,1.329931071,340.03,1.077558134,2.100585185
3.854,1.78,3.56,4.962748509,17.02,1.262772076,340.509,1.085089371,2.113731419
3.855,1.86,3.72,5.150770627,18.5,1.385992295,341.043,1.093472886,2.077371631
3.856,2.02,4.04,5.517776733,21.58,1.64971843,341.812,1.105522741,2.00264746
3.857,2.17,4.34,5.850900345,24.63,1.920781144,342.18,1.111279534,1.929677855
3.858,2.25,4.5,6.0242355,26.42,2.084547538,342.529,1.116733384,1.881820323
3.859,2.28,4.56,6.088459469,26.89,2.128129601,342.458,1.115624312,1.87697946
3.86,2.26,4.52,6.045690563,26.56,2.097503996,341.836,1.105898373,1.887271678
3.861,2.22,4.44,5.959587869,25.84,2.031100078,340.645,1.087225746,1.91114983
3.862,2.15,4.3,5.80709582,24.54,1.912639236,339.083,1.062637338,1.951783532
3.863,2.03,4.06,5.540314489,22.24,1.707530863,337.801,1.042371803,2.014731124
3.864,1.88,3.76,5.197305421,19.28,1.45184274,336.458,1.021059341,2.101702878
3.865,1.74,3.48,4.867607683,16.68,1.23478199,335.287,1.002406858,2.175769689
3.866,1.66,3.32,4.675066499,15.13,1.108668614,334.312,0.9868266262,2.23100793
3.867,1.63,3.26,4.602086841,14.49,1.057303305,333.509,0.9739607473,2.265627078
3.868,1.61,3.22,4.553198367,14.09,1.025408448,332.624,0.9597451093,2.293625272
3.869,1.58,3.16,4.479512605,13.21,0.955801253,331.808,0.9466042546,2.354657084
3.87,1.52,3.04,4.330870093,11.55,0.8265816437,331.253,0.9376480629,2.454822111
3.871,1.45,2.9,4.15531198,9.48,0.6692155509,331.045,0.934287642,2.591396137
3.872,1.39,2.78,4.002997727,7.76,0.5415909922,330.814,0.9305531606,2.719161517
3.873,1.35,2.7,3.90051342,6.78,0.4701294253,330.759,0.929663614,2.786492939
3.874,1.33,2.66,3.848988825,6.19,0.4275417395,330.971,0.9330915984,2.828821489
3.875,1.33,2.66,3.848988825,6.17,0.4261037932,331.444,0.9407319762,2.815984854
3.876,1.38,2.76,3.977447261,7.39,0.5145042206,332.313,0.9547405747,2.707137213
3.877,1.49,2.98,4.255913343,10.41,0.7394027579,333.29,0.9704464947,2.489057639
3.878,1.67,3.34,4.699298905,15.08,1.104640877,334.448,0.9890025937,2.24455547
3.879,1.84,3.68,5.104047539,18.49,1.385152153,335.422,1.004560549,2.135841491
3.88,1.96,3.92,5.381561651,20.76,1.578533607,336.366,1.019596254,2.071321273
3.881,2.01,4.02,5.495191903,21.65,1.655828128,337.292,1.03430432,2.042721691
3.882,1.99,3.98,5.449881023,21.43,1.6366437,338.074,1.046693756,2.031008441
3.883,1.95,3.9,5.35869438,20.56,1.561279029,338.573,1.054584578,2.04853738
3.884,1.87,3.74,5.174061561,18.98,1.426440919,339.024,1.061706364,2.079483637
3.885,1.76,3.52,4.915272243,16.89,1.252056047,339.473,1.068787163,2.117882079
3.886,1.71,3.42,4.795757791,15.96,1.175897517,339.929,1.075968773,2.129681417
3.887,1.81,3.62,5.033609855,17.9,1.335766563,340.345,1.08251202,2.081484693
3.888,2,4,5.47256,21.56,1.647973756,340.533,1.085466441,2.002077824
3.889,2.09,4.18,5.674552479,23.39,1.809374529,340.622,1.086864507,1.959283197
3.89,2,4,5.47256,21.73,1.662817002,340.552,1.085764935,1.991048521
3.891,1.8,3.6,5.01003648,17.95,1.339937861,340.341,1.082449142,2.068222986
3.892,1.64,3.28,4.626460467,14.76,1.078922893,339.952,1.076330749,2.146596752
3.893,1.57,3.14,4.454856537,13.03,0.9416581478,339.489,1.069039312,2.215577741
3.894,1.58,3.16,4.479512605,13.3,0.962884844,339.168,1.063978287,2.210071581
3.895,1.63,3.26,4.602086841,14.71,1.07491375,338.954,1.060601608,2.155023996
3.896,1.7,3.4,4.77171368,16,1.179155063,338.874,1.059338751,2.131662661
3.897,1.76,3.52,4.915272243,17.01,1.261947153,338.886,1.059528199,2.117305377
3.898,1.79,3.58,4.986416031,17.6,1.310792792,338.806,1.058265088,2.104809711
3.899,1.81,3.62,5.033609855,18.02,1.345782003,338.669,1.056101318,2.095692914
3.9,1.82,3.64,5.057136157,18.23,1.363344738,338.714,1.056812142,2.089590224
3.901,1.8,3.6,5.01003648,17.93,1.338269033,338.791,1.058028221,2.090740817
3.902,1.77,3.54,4.939033913,17.25,1.281773537,338.751,1.057396526,2.111447128
3.903,1.75,3.5,4.8914635,16.89,1.252056047,338.792,1.058044013,2.117424948
3.904,1.78,3.56,4.962748509,17.46,1.299170012,339.013,1.061532775,2.102233512
3.905,1.85,3.7,5.12743262,18.81,1.41208805,339.433,1.068156737,2.067309101
3.906,1.92,3.84,5.289810125,20.11,1.522609883,340.109,1.078800968,2.03343894
3.907,1.95,3.9,5.35869438,20.81,1.58285383,340.877,1.090868182,2.004207751
3.908,1.96,3.92,5.381561651,21.05,1.603627575,341.285,1.097267835,1.992510199
3.909,1.97,3.94,5.404381849,21.1,1.607963086,341.358,1.098412064,1.996907875
3.91,1.97,3.94,5.404381849,21.07,1.605361462,341.238,1.09653101,2.000220921
3.911,1.96,3.92,5.381561651,20.97,1.596696244,340.941,1.091872555,2.001645504
3.912,1.88,3.76,5.197305421,19.44,1.465428666,340.453,1.08420944,2.038448284
3.913,1.72,3.44,4.819754829,16.47,1.217552894,339.86,1.074882701,2.1024603
3.914,1.6,3.2,4.52868352,13.91,1.011107903,339.21,1.064640749,2.181710928
3.915,1.57,3.14,4.454856537,12.88,0.9298967213,338.612,1.055200806,2.244149961
3.916,1.61,3.22,4.553198367,13.99,1.017459711,338.098,1.047073541,2.205437167
3.917,1.63,3.26,4.602086841,14.61,1.066902987,337.496,1.037539114,2.186844122
3.918,1.58,3.16,4.479512605,13.27,0.9605227547,336.792,1.026367623,2.25453435
3.919,1.55,3.1,4.40540318,12.37,0.8900740465,336.103,1.015411526,2.311958297
3.92,1.57,3.14,4.454856537,12.97,0.9369509069,335.802,1.01061814,2.287393376
3.921,1.63,3.26,4.602086841,14.53,1.060501596,335.798,1.010554411,2.222096758
3.922,1.69,3.38,4.747622495,15.86,1.167760745,335.983,1.013501056,2.17654868
3.923,1.77,3.54,4.939033913,17.27,1.283428397,336.426,1.020550487,2.14369756
3.924,1.84,3.68,5.104047539,18.56,1.39103532,337.224,1.033225621,2.105403528
3.925,1.88,3.76,5.197305421,19.46,1.467128782,338.151,1.047912138,2.066489408
3.926,1.91,3.82,5.266754559,19.94,1.50805679,339.14,1.0635366,2.048051057
3.927,1.92,3.84,5.289810125,20.19,1.529468872,340.012,1.077274916,2.029278884
3.928,1.94,3.88,5.335780035,20.53,1.558694471,341.044,1.093488573,2.011844562
3.929,1.97,3.94,5.404381849,21.18,1.614905393,341.951,1.10769791,1.98500525
3.93,2.02,4.04,5.517776733,22.15,1.699620083,342.483,1.116014856,1.959691811
3.931,2.08,4.16,5.652297165,23.37,1.807591229,342.907,1.122634154,1.92896328
3.932,2.14,4.28,5.785122947,24.6,1.918066199,343.309,1.128902444,1.898648665
3.933,2.19,4.38,5.894516575,25.54,2.003599427,343.412,1.130507317,1.880764459
3.934,2.21,4.42,5.937944511,26.12,2.056856228,344.406,1.14597043,1.853969991
3.935,2.23,4.46,5.981184153,26.52,2.093799951,344.035,1.140204212,1.849467054
3.936,2.24,4.48,6.002733363,26.62,2.103063365,344.231,1.14325129,1.849091663
3.937,2.2,4.4,5.91625408,25.82,2.029263639,343.172,1.12676706,1.874586987
3.938,2.08,4.16,5.652297165,23.62,1.829913388,341.791,1.105194041,1.925754781
3.939,1.89,3.78,5.220502207,20,1.513189721,340.924,1.091605787,2.004188886
3.94,1.67,3.34,4.699298905,15.95,1.175083384,339.931,1.07600025,2.087571885
3.941,1.52,3.04,4.330870093,12.24,0.8799641537,338.716,1.056843732,2.236086565
3.942,1.46,2.92,4.180532931,10.58,0.752323002,337.737,1.041358092,2.330700226
3.943,1.48,2.96,4.230833613,11.27,0.8050520669,336.868,1.02757476,2.308617091
3.944,1.53,3.06,4.355761529,12.56,0.9048799677,336.318,1.018832746,2.26424741
3.945,1.54,3.08,4.380605891,12.76,0.9205035928,336.179,1.016621137,2.261395884
3.946,1.5,3,4.280946,11.79,0.8450965533,336.349,1.019325858,2.296124513
3.947,1.47,2.94,4.205706809,10.75,0.7652712648,336.738,1.025509754,2.348532157
3.948,1.46,2.92,4.180532931,10.53,0.7485200235,337.35,1.035224216,2.343684055
3.949,1.49,2.98,4.255913343,11.37,0.8127324157,338.14,1.0477381,2.287546783
3.95,1.56,3.12,4.430153395,13.46,0.9754977346,339.332,1.06656458,2.16945064
3.951,1.69,3.38,4.747622495,16.26,1.200368681,340.567,1.086000577,2.076489823
3.952,1.86,3.72,5.150770627,19.47,1.467978996,341.364,1.0985061,2.006935725
3.953,2,4,5.47256,22.23,1.706651462,341.931,1.10738499,1.944736713
3.954,2.05,4.1,5.58524878,23.19,1.791560859,342.268,1.112655241,1.923151924
3.955,1.99,3.98,5.449881023,22.11,1.696106948,342.505,1.116358512,1.937759272
3.956,1.86,3.72,5.150770627,19.65,1.483300686,342.685,1.119169411,1.979185326
3.957,1.71,3.42,4.795757791,16.96,1.257824071,342.77,1.120496267,2.01644737
3.958,1.61,3.22,4.553198367,14.98,1.096592949,342.677,1.119044514,2.055028606
3.959,1.56,3.12,4.430153395,13.86,1.007141264,342.379,1.114390004,2.088186709
3.96,1.57,3.14,4.454856537,14.04,1.021432832,341.891,1.106759096,2.093258826
3.961,1.59,3.18,4.504121599,14.66,1.070907115,341.178,1.095590235,2.078987818
3.962,1.6,3.2,4.52868352,14.85,1.086145675,340.329,1.082260505,2.08848488
3.963,1.6,3.2,4.52868352,14.79,1.081329584,339.673,1.071938179,2.103167845
3.964,1.59,3.18,4.504121599,14.63,1.068504338,339.153,1.063741673,2.112383644
3.965,1.58,3.16,4.479512605,14.29,1.041335878,338.639,1.055627383,2.136190313
3.966,1.55,3.1,4.40540318,13.66,0.991299604,338.21,1.048845515,2.159357753
3.967,1.52,3.04,4.330870093,12.66,0.9126868475,337.862,1.043337817,2.214118345
3.968,1.47,2.94,4.205706809,11.4,0.8150384231,337.714,1.040993743,2.265966552
3.969,1.44,2.88,4.130043955,10.52,0.7477597185,337.89,1.043781175,2.305302642
3.97,1.45,2.9,4.15531198,10.67,0.7591744718,338.344,1.050964784,2.295575861
3.971,1.49,2.98,4.255913343,12.01,0.8621181099,338.898,1.05971764,2.214504202
3.972,1.55,3.1,4.40540318,13.46,0.9754977346,339.224,1.064861552,2.159131095
3.973,1.55,3.1,4.40540318,13.44,0.9739197336,339.317,1.066328081,2.159249062
3.974,1.47,2.94,4.205706809,11.5,0.8227314612,339.209,1.064624977,2.228358524
3.975,1.34,2.68,3.874774659,8.06,0.5636483326,338.997,1.061280271,2.384581483
3.976,1.23,2.46,3.588541433,4.97,0.340507869,338.723,1.056954295,2.567898813
3.977,1.19,2.38,3.483044415,4.05,0.2757856919,338.281,1.049968516,2.627217319
3.978,1.26,2.52,3.667169923,5.73,0.3945633126,337.824,1.042736058,2.551430828
3.979,1.37,2.74,3.951849721,8.6,0.6035668934,337.314,1.034653265,2.41228244
3.98,1.4,2.8,4.02850112,9.42,0.6647159412,336.968,1.029162683,2.378270239
3.981,1.27,2.54,3.693285273,6.18,0.4268227197,336.386,1.019914351,2.552837933
3.982,1.07,2.14,3.162034297,0.79,0.05264144509,335.719,1.00929562,2.977609881
3.983,0.94,1.88,2.806623875,-5.8,-0.3698722461,334.785,0.9943907026,4.494060737
3.984,0.95,1.9,2.83424558,-5,-0.3205619313,334.073,0.9830005378,4.278503023
3.985,1.07,2.14,3.162034297,0.67,0.04460962798,333.494,0.9737201187,3.105118266
3.986,1.19,2.38,3.483044415,3.81,0.2590294088,333.703,0.9770719024,2.817766136
3.987,1.26,2.52,3.667169923,5.42,0.3724497354,333.331,0.9711045898,2.729454146
3.988,1.24,2.48,3.614798003,4.88,0.3341419612,332.661,0.9603401926,2.792466464
3.989,1.15,2.3,3.37679422,2.57,0.1732914714,332.127,0.9517452703,3.001496836
3.99,1.06,2.12,3.134977475,0.22,0.01460411943,331.398,0.9399894161,3.284096695
3.991,1.06,2.12,3.134977475,0.21,0.01393936766,330.768,0.9298091863,3.321835527
3.992,1.12,2.24,3.296612301,1.73,0.1160014906,330.101,0.9190099168,3.185097553
3.993,1.13,2.26,3.323386681,1.75,0.1173581633,329.504,0.9093254818,3.237011417
3.994,0.99,1.98,2.944261663,-3.16,-0.2050967478,328.968,0.9006156183,4.23318732
3.995,0.74,1.48,2.244304323,-14.71,-0.8838935973,328.719,0.896564603,177.1212476
3.996,0.48,0.96,1.485138893,-26,-1.449046214,328.79,0.8977200244,-2.693757198
3.997,0.33,0.66,1.032683705,-32.49,-1.734527922,329.087,0.902550563,-1.241240154
3.998,0.29,0.58,0.9102401912,-33.83,-1.790163921,329.519,0.9095690242,-1.033665077
3.999,0.36,0.72,1.124022067,-31.41,-1.688882305,329.96,0.916724219,-1.455689046
4,0.47,0.94,1.455304729,-27.37,-1.511582996,330.469,0.92497083,-2.48086353
