# age_ma,DST_anomaly_K,GMSST_anomaly_K,GMST_anomaly_K,BSL_m,R_LI_Wm2,CO2_ppm,R_CO2_Wm2,S_CO2_LI_K_per_Wm2
0,0,0,0,2.68,0.1808408527,284.1331213,0.116746372,0
0.001,0.11,0.11,0.1756738918,5.47,0.3760104081,280.4281497,0.04652588879,0.4157604757
0.002,0.25,0.25,0.397199375,9.1,0.6407763474,277.8286438,-0.003298699906,0.62307969
0.003,0.35,0.35,0.554019655,11.83,0.8481878533,275.6131949,-0.0461314373,0.6907489847
0.004,0.38,0.38,0.6008362552,12.83,0.9259811889,273.0683738,-0.09575909614,0.7237054524
0.005,0.38,0.38,0.6008362552,12.63,0.910343748,269.4465361,-0.1671935172,0.8084990494
0.006,0.31,0.31,0.4914327638,11.09,0.7912520078,264.5748721,-0.2648080518,0.93349493
0.007,0.18,0.18,0.2867249592,7.82,0.5459956392,260.6641348,-0.3444778049,1.42282672
0.008,0.03,0.03,0.0480522822,4.34,0.2961032708,259.775696,-0.362743711,-0.7210678995
0.009,-0.04,-0.04,-0.0642344672,2.62,0.1767216519,261.0143677,-0.3372942771,0.4000337364
0.01,-0.01,-0.01,-0.0160409642,3.3,0.2235969714,264.0627076,-0.2751746288,0.3110060636
0.011,-0.05,-0.05,-0.080322505,2.24,0.1507089033,266.7807626,-0.2203873986,1.152758891
0.012,-0.24,-0.24,-0.3882312192,-3.47,-0.2247519371,253.8849024,-0.4854594796,0.5466417605
0.013,-0.54,-0.54,-0.8830526472,-13.3,-0.8067294021,239.9331786,-0.7878444864,0.5537859698
0.014,-1.01,-1.01,-1.679567804,-27.8,-1.530955522,239.2774205,-0.8024865159,0.7197812401
0.015,-1.6,-1.6,-2.71624832,-46.17,-2.253944599,229.3619873,-1.028910009,0.8274043918
0.016,-2.32,-2.32,-4.036849741,-68.85,-2.91727768,223.1368569,-1.176121649,0.9861851767
0.017,-2.98,-2.98,-5.300994337,-90.11,-3.388540537,202.7709168,-1.688161793,1.04418065
0.018,-3.27,-3.27,-5.872662782,-99.21,-3.565755134,189.1388285,-2.060498069,1.04379639
0.019,-3.21,-3.21,-5.753574532,-97.75,-3.53787174,190.4689123,-2.023006854,1.034652067
0.02,-3.05,-3.05,-5.438077105,-93.11,-3.447979365,192.6774503,-1.961329072,1.005318364
0.021,-2.94,-2.94,-5.222920231,-89.89,-3.384133323,189.9359501,-2.037997987,0.9632596358
0.022,-3,-3,-5.340102,-91.83,-3.422763279,187.8078073,-2.098280569,0.9672268773
0.023,-3.09,-3.09,-5.51666902,-94.69,-3.478837199,189.1669059,-2.059703929,0.9960509263
0.024,-3.1,-3.1,-5.53634642,-94.93,-3.483500382,185.8835609,-2.153378491,0.9821652274
0.025,-3.05,-3.05,-5.438077105,-93.33,-3.452293175,182.3536751,-2.255950778,0.95267076
0.026,-2.91,-2.91,-5.16448822,-89.41,-3.374492945,184.28066,-2.199712379,0.9264976657
0.027,-2.7,-2.7,-4.75842978,-83.44,-3.251416159,187.9789179,-2.093408433,0.8902873608
0.028,-2.51,-2.51,-4.395515564,-77.81,-3.128886795,190.4100577,-2.024660251,0.8529107282
0.029,-2.34,-2.34,-4.074403975,-72.82,-3.013841541,192.2133617,-1.974230783,0.8168293703
0.03,-2.2,-2.2,-3.81251288,-68.56,-2.910033422,189.1471418,-2.060262923,0.76705947
0.031,-2.15,-2.15,-3.719539345,-66.95,-2.86931913,187.4855496,-2.107468469,0.7473775544
0.032,-2.15,-2.15,-3.719539345,-66.99,-2.870341011,193.3200869,-1.943514921,0.77267359
0.033,-2.19,-2.19,-3.793894636,-68.48,-2.908030267,196.536714,-1.855229453,0.7964912391
0.034,-2.31,-2.31,-4.018090276,-72.17,-2.998353416,196.0784924,-1.867717438,0.825736081
0.035,-2.36,-2.36,-4.112005283,-73.81,-3.037199829,201.3470268,-1.725862883,0.8633111786
0.036,-2.32,-2.32,-4.036849741,-72.54,-3.007184673,201.3615358,-1.725477377,0.8529765486
0.037,-2.18,-2.18,-3.775288161,-68.59,-2.910784076,205.7149062,-1.611044718,0.8349029414
0.038,-2.08,-2.08,-3.589870669,-65.55,-2.833212889,211.0896059,-1.473060427,0.8336374412
0.039,-2.1,-2.1,-3.62686002,-66.02,-2.845408655,205.8566438,-1.607359837,0.8145179851
0.04,-2.14,-2.14,-3.700979943,-67.46,-2.882308264,196.0447982,-1.868636863,0.7789986718
0.041,-2.17,-2.17,-3.756693454,-68.27,-2.902762185,201.1705722,-1.730553519,0.8108002332
0.042,-2.17,-2.17,-3.756693454,-68.22,-2.901505782,202.6543116,-1.691239244,0.8179625544
0.043,-2.18,-2.18,-3.775288161,-68.76,-2.915032337,203.8689373,-1.65926928,0.8253255856
0.044,-2.19,-2.19,-3.793894636,-69.15,-2.924743563,203.4644055,-1.669895691,0.8257219831
0.045,-2.19,-2.19,-3.793894636,-68.94,-2.919520444,210.6769938,-1.483528186,0.8616517679
0.046,-2.13,-2.13,-3.68243231,-67.34,-2.879259755,219.3042736,-1.268811194,0.8877457389
0.047,-1.97,-1.97,-3.387270678,-62.49,-2.751906617,211.9368298,-1.45163078,0.8058143314
0.048,-1.83,-1.83,-3.131475614,-58.19,-2.631735519,203.8553812,-1.659625034,0.7297162695
0.049,-1.8,-1.8,-3.07696248,-57.08,-2.599522353,201.381293,-1.724952472,0.7115228101
0.05,-1.91,-1.91,-3.27736178,-60.69,-2.702473674,204.6049713,-1.6399888,0.7547242606
0.051,-2.1,-2.1,-3.62686002,-66.85,-2.866762089,208.6966644,-1.534055162,0.8241332946
0.052,-2.16,-2.16,-3.738110515,-68.94,-2.919520444,215.1221019,-1.371822022,0.8710818457
0.053,-2.06,-2.06,-3.552928391,-65.98,-2.844373667,222.1049741,-1.200919781,0.8782869367
0.054,-1.88,-1.88,-3.222566205,-60.64,-2.701082938,220.709609,-1.234636955,0.8187996841
0.055,-1.75,-1.75,-2.986342625,-56.41,-2.579831685,214.4606805,-1.388296644,0.752582169
0.056,-1.77,-1.77,-3.022555262,-57.29,-2.605655603,210.519141,-1.487538253,0.7384344275
0.057,-1.96,-1.96,-3.368923107,-63.37,-2.775633918,214.0221889,-1.399246583,0.8069507872
0.058,-2.17,-2.17,-3.756693454,-70.34,-2.954080274,222.7038757,-1.18651303,0.9072838547
0.059,-2.28,-2.28,-3.961882493,-74.11,-3.044223987,227.9449383,-1.062066018,0.9648326075
0.06,-2.31,-2.31,-4.018090276,-75.02,-3.06537995,220.4035745,-1.242060378,0.9328255229
0.061,-2.31,-2.31,-4.018090276,-75.2,-3.069538176,211.7642755,-1.455988407,0.8878724282
0.062,-2.32,-2.32,-4.036849741,-75.29,-3.071614049,206.5125042,-1.590341802,0.8659133355
0.063,-2.31,-2.31,-4.018090276,-74.95,-3.063760522,200.4155511,-1.750670588,0.8345929529
0.064,-2.3,-2.3,-3.99934258,-74.76,-3.059358292,198.8842458,-1.791705035,0.8244259681
0.065,-2.25,-2.25,-3.905780625,-73.32,-3.025673177,201.1105048,-1.732151211,0.8209173578
0.066,-2.21,-2.21,-3.831142892,-72.22,-2.999549149,201.3717274,-1.7252066,0.8108658088
0.067,-2.19,-2.19,-3.793894636,-71.45,-2.981053623,203.9316042,-1.657625006,0.8178826213
0.068,-2.1,-2.1,-3.62686002,-68.96,-2.920018486,202.4275371,-1.697229361,0.7855025635
0.069,-2.05,-2.05,-3.534474905,-67.26,-2.87722477,205.1636743,-1.625399775,0.7849810415
0.07,-1.98,-1.98,-3.405630017,-65.19,-2.823819884,214.6656983,-1.383184652,0.8095142251
0.071,-1.82,-1.82,-3.113292801,-60.37,-2.693556272,228.3339548,-1.052943356,0.8309870839
0.072,-1.66,-1.66,-2.823968295,-55.39,-2.549491691,236.8358262,-0.8573585215,0.828908851
0.073,-1.56,-1.56,-2.644670371,-52.48,-2.460452295,232.5534562,-0.9549803292,0.7743295394
0.074,-1.56,-1.56,-2.644670371,-52.46,-2.459827311,233.2822229,-0.9382409288,0.7782864217
0.075,-1.58,-1.58,-2.680435809,-53.18,-2.482213165,243.5458835,-0.7078892936,0.8402350219
0.076,-1.53,-1.53,-2.591110478,-51.38,-2.425807486,245.9205829,-0.6559766799,0.8407825916
0.077,-1.4,-1.4,-2.36024152,-47.22,-2.289645163,233.620664,-0.9304848818,0.7329646589
0.078,-1.28,-1.28,-2.148896973,-43.33,-2.154570265,225.5603955,-1.118327413,0.6565732218
0.079,-1.18,-1.18,-1.974071041,-40.12,-2.037116283,227.2289447,-1.078897251,0.6335245401
0.08,-1.07,-1.07,-1.783121766,-36.55,-1.899774315,231.895557,-0.9701370527,0.6213159703
0.081,-1,-1,-1.66235,-34.16,-1.803697724,232.0150893,-0.9673800677,0.5998929388
0.082,-0.97,-0.97,-1.610767198,-33.1,-1.759990826,236.8894844,-0.8561465467,0.6157043643
0.083,-1,-1,-1.66235,-34.13,-1.802470095,245.3631222,-0.6681179988,0.6728559909
0.084,-1.11,-1.11,-1.852393108,-37.9,-1.952564105,247.2924334,-0.6262150203,0.71832174
0.085,-1.27,-1.27,-2.131361422,-43.5,-2.160636602,238.7470059,-0.814359213,0.7164250152
0.086,-1.45,-1.45,-2.448801905,-49.72,-2.372464338,228.3187425,-1.053299802,0.7148191775
0.087,-1.63,-1.63,-2.77005535,-55.93,-2.565609054,222.3102894,-1.195976492,0.7364063148
0.088,-1.74,-1.74,-2.968253959,-59.5,-2.669110496,221.2242129,-1.222177479,0.7627947297
0.089,-1.75,-1.75,-2.986342625,-60.11,-2.686281645,225.0700255,-1.129971015,0.7825327331
0.09,-1.71,-1.71,-2.914058572,-58.84,-2.65036625,229.4378181,-1.027141504,0.7924003884
0.091,-1.6,-1.6,-2.71624832,-55.45,-2.55128866,231.3171465,-0.9834980755,0.768433437
0.092,-1.45,-1.45,-2.448801905,-50.66,-2.402829111,232.617117,-0.953515982,0.7296037317
0.093,-1.3,-1.3,-2.18400338,-45.98,-2.247425364,234.1103146,-0.9192834351,0.6896761017
0.094,-1.22,-1.22,-2.043860193,-43.47,-2.159567178,238.5191848,-0.8194668134,0.686081528
0.095,-1.24,-1.24,-2.078825379,-43.95,-2.176621253,243.0130777,-0.7196063199,0.7177700394
0.096,-1.23,-1.23,-2.061336902,-43.69,-2.167398631,245.4643837,-0.6659105073,0.727536884
0.097,-1.16,-1.16,-1.939247075,-41.25,-2.079100039,243.6203339,-0.706254083,0.6962299908
0.098,-1.08,-1.08,-1.800421949,-38.58,-1.978758381,241.290828,-0.7576571172,0.6579490396
0.099,-1.07,-1.07,-1.783121766,-38.24,-1.96569415,242.8574549,-0.7230334967,0.6631842269
0.1,-1.07,-1.07,-1.783121766,-38.36,-1.970312553,245.578258,-0.663429144,0.6770298574
0.101,-1.07,-1.07,-1.783121766,-38.51,-1.97607405,245.7957324,-0.658693491,0.6767662565
0.102,-1.15,-1.15,-1.921852745,-41.28,-2.080205123,240.8253989,-0.7679867682,0.674762382
0.103,-1.28,-1.28,-2.148896973,-46,-2.248112458,239.3079643,-0.8018036321,0.7045757683
0.104,-1.4,-1.4,-2.36024152,-50.2,-2.388021791,242.7191663,-0.726080776,0.7579202899
0.105,-1.43,-1.43,-2.413342446,-51.33,-2.424219533,244.8831102,-0.6785946328,0.7777914876
0.106,-1.48,-1.48,-2.502079357,-53.23,-2.4837591,245.6947368,-0.6608922169,0.7956619365
0.107,-1.62,-1.62,-2.752107905,-58.24,-2.63317471,241.5288629,-0.7523819092,0.8128967299
0.108,-1.76,-1.76,-3.004443059,-63.16,-2.769997491,239.0043913,-0.808594658,0.8395600654
0.109,-1.85,-1.85,-3.167876545,-66.6,-2.860354819,241.5225299,-0.7525221917,0.8768293344
0.11,-1.77,-1.77,-3.022555262,-64.05,-2.793775647,245.2622454,-0.6703180108,0.8725385513
0.111,-1.54,-1.54,-2.608952007,-57.04,-2.598352043,250.2120958,-0.563420121,0.8251549674
0.112,-1.26,-1.26,-2.113837639,-48.43,-2.330108616,256.1604878,-0.437720736,0.7637167508
0.113,-0.93,-0.93,-1.542154886,-37.79,-1.948302005,260.9767107,-0.3380661873,0.6744997989
0.114,-0.69,-0.69,-1.134435196,-29.05,-1.586585709,266.2893699,-0.2302508356,0.6244013527
0.115,-0.49,-0.49,-0.7998468842,-21.56,-1.237626668,273.6434237,-0.08450447066,0.604967889
0.116,-0.28,-0.28,-0.4535954528,-12.2,-0.7454633753,275.0012054,-0.05802413542,0.5645332961
0.117,-0.07,-0.07,-0.1125338858,-1.64,-0.1075265695,274.50663,-0.06765449485,0.642386129
0.118,0.12,0.12,0.1915736352,4.1,0.2792832213,274.5117124,-0.06755544344,0.9048110605
0.119,0.24,0.24,0.3814526208,7.14,0.4962754837,273.346726,-0.09030835184,0.9396145424
0.12,0.26,0.26,0.4129343608,7.61,0.5305942766,272.9912014,-0.09727128279,0.9529481858
0.121,0.27,0.27,0.4286575782,7.96,0.5562864082,276.4382249,-0.03014048727,0.8147123472
0.122,0.26,0.26,0.4129343608,7.76,0.5415909922,278.2898488,0.00557512027,0.7546782438
0.123,0.21,0.21,0.3341417478,6.34,0.4383382443,278.5466743,0.01051020023,0.7444422541
0.124,0.16,0.16,0.2550549248,5.16,0.3539715806,278.0110037,0.0002117585017,0.720121182
0.125,0.16,0.16,0.2550549248,5.21,0.3575202108,277.0647469,-0.01802892029,0.7512856204
0.126,0.23,0.23,0.3656940982,7.04,0.489000469,275.1865078,-0.05442039099,0.8414884085
0.127,0.25,0.25,0.397199375,7.69,0.5364565434,275.3976155,-0.05031774279,0.8170493171
0.128,0.19,0.19,0.3025423238,6.07,0.4189196601,277.6580374,-0.006584985388,0.7337300071
0.129,-0.03,-0.03,-0.0481581978,0.79,0.05264144509,271.7693453,-0.1212706022,0.7017162945
0.13,-0.44,-0.44,-0.7169353312,-13.25,-0.8039649764,258.5638584,-0.387759525,0.6015948572
0.131,-0.95,-0.95,-1.576437505,-30.09,-1.632101682,246.2152272,-0.6495705333,0.6909132234
0.132,-1.48,-1.48,-2.502079357,-47.38,-2.295037028,234.1531314,-0.918305056,0.778653281
0.133,-1.9,-1.9,-3.25908482,-60.78,-2.704974573,225.7057229,-1.114881546,0.8531957011
0.134,-2.19,-2.19,-3.793894636,-70.27,-2.952366723,218.7852212,-1.281488657,0.8960850798
0.135,-2.46,-2.46,-4.300717927,-79.01,-3.155604707,211.1456635,-1.471639856,0.9294338929
0.136,-2.64,-2.64,-4.643366323,-85.04,-3.28502433,205.9686822,-1.604448867,0.9496659734
0.137,-2.69,-2.69,-4.739223116,-86.53,-3.315893744,202.5158729,-1.694895225,0.9458037738
0.138,-2.53,-2.53,-4.433516998,-82.09,-3.222664721,199.7457837,-1.76857966,0.8882588508
0.139,-2.25,-2.25,-3.905780625,-73.61,-3.032503182,197.1556248,-1.83840832,0.8018582606
0.14,-2.02,-2.02,-3.479185057,-67.05,-2.871872832,193.5133999,-1.93816779,0.7233171879
0.141,-2.03,-2.03,-3.497603238,-67.4,-2.880784604,193.5195159,-1.937998707,0.7258270423
0.142,-2.24,-2.24,-3.887103539,-74.12,-3.044457697,195.3528796,-1.8875525,0.7881377742
0.143,-2.44,-2.44,-4.262881251,-80.78,-3.194399681,196.0547222,-1.868366048,0.8420064208
0.144,-2.51,-2.51,-4.395515564,-83.19,-3.246119757,195.2907073,-1.889255442,0.8559288062
0.145,-2.49,-2.49,-4.357561204,-82.51,-3.231649659,194.9859571,-1.897610612,0.8495496375
0.146,-2.42,-2.42,-4.225091649,-80.67,-3.192009306,193.9935328,-1.924910157,0.8257100153
0.147,-2.34,-2.34,-4.074403975,-78.16,-3.136715329,194.2848457,-1.916882289,0.8062383046
0.148,-2.22,-2.22,-3.849784673,-74.71,-3.058198193,196.040856,-1.868744447,0.7813739583
0.149,-2.1,-2.1,-3.62686002,-71.12,-2.973073263,199.4744313,-1.775852514,0.7637221953
0.15,-2.05,-2.05,-3.534474905,-69.52,-2.933912345,202.0128957,-1.708199245,0.7613937831
0.151,-2.07,-2.07,-3.571393646,-70.36,-2.954569584,202.5737296,-1.693367002,0.7683826101
0.152,-2.12,-2.12,-3.663896445,-71.89,-2.991643825,201.999816,-1.70854565,0.7795210096
0.153,-2.14,-2.14,-3.700979943,-72.5,-3.006231852,200.8034467,-1.740325903,0.7797187213
0.154,-2.15,-2.15,-3.719539345,-72.84,-3.014316172,198.5731339,-1.800080521,0.7725868021
0.155,-2.2,-2.2,-3.81251288,-74.67,-3.057269627,195.3196141,-1.888463598,0.7708690919
0.156,-2.29,-2.29,-3.980606652,-77.6,-3.124175293,191.4772184,-1.994759677,0.7776239931
0.157,-2.35,-2.35,-4.093198745,-79.65,-3.169714912,189.0723814,-2.062377929,0.7823253274
0.158,-2.36,-2.36,-4.112005283,-80.16,-3.180891462,187.9854175,-2.093223455,0.7796578852
0.159,-2.36,-2.36,-4.112005283,-80.08,-3.179142188,187.4694579,-2.107927675,0.7777474839
0.16,-2.35,-2.35,-4.093198745,-79.74,-3.171691558,187.2982267,-2.112816501,0.7745657115
0.161,-2.32,-2.32,-4.036849741,-78.8,-3.150953915,191.4924982,-1.994332765,0.7845723653
0.162,-2.26,-2.26,-3.924469479,-77.11,-3.11313935,197.1057128,-1.839762899,0.7923575476
0.163,-2.18,-2.18,-3.775288161,-74.75,-3.059126326,200.8080178,-1.740204116,0.7866280945
0.164,-2.09,-2.09,-3.60835946,-72.1,-2.996678165,200.5946519,-1.745891709,0.7608447647
0.165,-2.01,-2.01,-3.460778644,-69.69,-2.938110641,196.4338754,-1.858029593,0.721575783
0.166,-1.95,-1.95,-3.350587305,-67.83,-2.891677997,192.6732168,-1.961446623,0.6903979533
0.167,-1.9,-1.9,-3.25908482,-66.54,-2.858813947,189.3114907,-2.055616358,0.6631663526
0.168,-1.87,-1.87,-3.20432455,-65.6,-2.834513924,186.7142777,-2.129522517,0.645507862
0.169,-1.84,-1.84,-3.149670195,-64.53,-2.80648182,189.3368314,-2.054900268,0.6478960382
0.17,-1.78,-1.78,-3.040679233,-62.88,-2.7624572,194.8026845,-1.902641589,0.6517931067
0.171,-1.71,-1.71,-2.914058572,-60.72,-2.703307654,197.6057849,-1.826206733,0.6433490047
0.172,-1.64,-1.64,-2.788014563,-58.39,-2.637486208,198.2370864,-1.809142055,0.626995197
0.173,-1.57,-1.57,-2.662547206,-56.39,-2.579241016,198.7104849,-1.79638126,0.6084956694
0.174,-1.52,-1.52,-2.573280717,-54.94,-2.535965106,198.5134133,-1.801689767,0.5932423838
0.175,-1.5,-1.5,-2.5376565,-54.09,-2.510175365,197.025069,-1.841952245,0.5830841206
0.176,-1.5,-1.5,-2.5376565,-54.14,-2.511701147,194.1593917,-1.920338015,0.5725708656
0.177,-1.54,-1.54,-2.608952007,-55.45,-2.55128866,190.7459707,-2.015230336,0.5713218339
0.178,-1.59,-1.59,-2.69833618,-57.38,-2.608278556,191.9913331,-1.980414222,0.5880402787
0.179,-1.63,-1.63,-2.77005535,-58.79,-2.648939152,199.3681373,-1.778704132,0.625627489
0.18,-1.64,-1.64,-2.788014563,-59.04,-2.656064638,207.4665522,-1.565682749,0.6603935071
0.181,-1.62,-1.62,-2.752107905,-58.57,-2.642648004,212.9610753,-1.425837648,0.6764452772
0.182,-1.61,-1.61,-2.734172228,-58.05,-2.627700383,213.4746063,-1.412952269,0.6766659903
0.183,-1.59,-1.59,-2.69833618,-57.67,-2.616707599,205.861855,-1.607224404,0.6388209323
0.184,-1.59,-1.59,-2.69833618,-57.73,-2.618447227,199.954328,-1.762996912,0.6158554337
0.185,-1.64,-1.64,-2.788014563,-59.29,-2.663165197,199.3154933,-1.780117007,0.6274673621
0.186,-1.74,-1.74,-2.968253959,-62.78,-2.759757269,201.5184842,-1.72130902,0.6623990292
0.187,-1.81,-1.81,-3.095121756,-65.53,-2.832692234,204.5455297,-1.641543303,0.6917654939
0.188,-1.75,-1.75,-2.986342625,-63.68,-2.783925094,209.6374174,-1.509992877,0.6954819923
0.189,-1.53,-1.53,-2.591110478,-56.98,-2.596595332,219.7391492,-1.258212765,0.6721762569
0.19,-1.24,-1.24,-2.078825379,-47.92,-2.313141326,229.0874426,-1.035317756,0.6208304561
0.191,-1.02,-1.02,-1.696797377,-40.58,-2.054291705,229.8252456,-1.01811514,0.5522697554
0.192,-0.93,-0.93,-1.542154886,-37.53,-1.938200368,223.5616238,-1.165946985,0.496804665
0.193,-0.93,-0.93,-1.542154886,-37.79,-1.948302005,219.4519802,-1.265209057,0.4798971767
0.194,-0.98,-0.98,-1.627949697,-39.66,-2.019823652,220.6435772,-1.236237804,0.4999751136
0.195,-1.03,-1.03,-1.714038718,-41.48,-2.087559837,222.7437617,-1.185554938,0.5236720481
0.196,-1.03,-1.03,-1.714038718,-41.51,-2.08866117,222.8925307,-1.181982901,0.5240676394
0.197,-0.95,-0.95,-1.576437505,-38.8,-1.987176787,225.3291115,-1.123815983,0.5067313303
0.198,-0.76,-0.76,-1.252653219,-32.44,-1.732430652,233.7202325,-0.9282052118,0.4708097174
0.199,-0.52,-0.52,-0.8497350368,-23.42,-1.32784712,242.7524366,-0.7253474857,0.4138599596
0.2,-0.33,-0.33,-0.5355655338,-15.7,-0.9371658512,248.259511,-0.6053337708,0.3472062658
0.201,-0.3,-0.3,-0.48634818,-13.91,-0.8402999449,249.425883,-0.5802572795,0.3423643706
0.202,-0.38,-0.38,-0.6178298248,-18,-1.05809012,247.2558258,-0.6270070592,0.3666434391
0.203,-0.49,-0.49,-0.7998468842,-23.04,-1.309610961,244.4294782,-0.688514394,0.400298651
0.204,-0.53,-0.53,-0.8663879578,-24.92,-1.398862235,244.7226413,-0.682101572,0.4163397533
0.205,-0.5,-0.5,-0.8164645,-23.72,-1.342173603,240.9259827,-0.7657527384,0.3873306594
0.206,-0.43,-0.43,-0.7003883258,-20.94,-1.207012975,232.4267693,-0.9578956124,0.3235186603
0.207,-0.36,-0.36,-0.5848888032,-17.78,-1.046693248,229.0255816,-1.036762624,0.2807301134
0.208,-0.28,-0.28,-0.4535954528,-14.53,-0.8741277059,233.4958547,-0.9333438245,0.2509557939
0.209,-0.21,-0.21,-0.3393316122,-11.1,-0.6832501861,237.8409933,-0.8347003597,0.2235458943
0.21,-0.14,-0.14,-0.2256444232,-7.75,-0.4878350763,243.7981731,-0.702350088,0.1895876625
0.211,-0.08,-0.08,-0.1286572288,-4.68,-0.3006871903,247.6281777,-0.6189563529,0.1398990182
0.212,-0.03,-0.03,-0.0481581978,-1.8,-0.1178911993,247.542576,-0.6208060938,0.06519341312
0.213,0.02,0.02,0.0320466232,0.54,0.0359229268,248.320627,-0.6040168815,-0.05641078018
0.214,0.09,0.09,0.1438390998,2.18,0.1466135339,247.1726558,-0.628806953,-0.298301665
0.215,0.14,0.14,0.2233378168,3.49,0.2367695741,243.6191293,-0.7062805356,-0.4756817947
0.216,0.11,0.11,0.1756738918,2.9,0.1959724686,242.5662798,-0.7294517526,-0.3292984322
0.217,-0.01,-0.01,-0.0160409642,-0.36,-0.02380552739,247.4302981,-0.6232332433,0.02479134934
0.218,-0.24,-0.24,-0.3882312192,-9.08,-0.5665011204,248.0415079,-0.6100338094,0.3299784897
0.219,-0.58,-0.58,-0.9498290888,-21,-1.209987506,240.5895908,-0.773227873,0.4789339064
0.22,-0.97,-0.97,-1.610767198,-34.77,-1.828542159,228.2945856,-1.053865879,0.5588269172
0.221,-1.35,-1.35,-2.271975345,-47.96,-2.314476686,217.6805647,-1.308569474,0.6270898146
0.222,-1.63,-1.63,-2.77005535,-57.65,-2.616127395,211.8291847,-1.454348796,0.6805236585
0.223,-1.77,-1.77,-3.022555262,-62.37,-2.748648968,208.0479718,-1.550710484,0.7030245541
0.224,-1.77,-1.77,-3.022555262,-62.35,-2.748105507,205.6555239,-1.612589288,0.6931361638
0.225,-1.65,-1.65,-2.805985545,-58.8,-2.649224652,203.6665382,-1.664583345,0.6504660261
0.226,-1.46,-1.46,-2.466549287,-52.77,-2.469494259,205.8505983,-1.607516956,0.6049895762
0.227,-1.27,-1.27,-2.131361422,-47,-2.282210621,218.2534782,-1.294507306,0.5958986606
0.228,-1.2,-1.2,-2.00894208,-44.73,-2.20407776,231.3846013,-0.98193818,0.6305499149
0.229,-1.24,-1.24,-2.078825379,-46.09,-2.25120188,231.7368501,-0.9737997903,0.6445966829
0.23,-1.3,-1.3,-2.18400338,-48.22,-2.323137449,228.9907247,-1.037576936,0.6498628355
0.231,-1.3,-1.3,-2.18400338,-48.32,-2.326459729,230.6480926,-0.9989946576,0.6567533714
0.232,-1.24,-1.24,-2.078825379,-46.15,-2.253259222,234.5627663,-0.9089537723,0.6573957488
0.233,-1.13,-1.13,-1.88709939,-42.57,-2.127263144,240.2590127,-0.7805840073,0.648967876
0.234,-0.99,-0.99,-1.645143964,-38.13,-1.961453412,243.8816306,-0.7005189767,0.6180169153
0.235,-0.85,-0.85,-1.405495145,-33.06,-1.758328118,246.8231696,-0.6363768603,0.5869178699
0.236,-0.71,-0.71,-1.168152932,-28.08,-1.543505053,247.0252209,-0.6319991025,0.5369573436
0.237,-0.6,-0.6,-0.98328792,-23.99,-1.355014463,245.6614075,-0.6616180122,0.4875890535
0.238,-0.52,-0.52,-0.8497350368,-20.82,-1.20105623,243.1946832,-0.7156097184,0.4433401854
0.239,-0.46,-0.46,-0.7500646472,-18.28,-1.072543774,243.8162476,-0.7019534675,0.4226913571
0.24,-0.42,-0.42,-0.6838530888,-16.32,-0.9701514024,249.6649913,-0.5751310409,0.4425424567
0.241,-0.38,-0.38,-0.6178298248,-14.58,-0.8768429335,257.5250198,-0.4092976518,0.480375032
0.242,-0.39,-0.39,-0.6343179882,-14.89,-0.8936347933,268.1587601,-0.1928242721,0.5838397491
0.243,-0.53,-0.53,-0.8663879578,-19.76,-1.14799135,275.7076837,-0.04429760505,0.7266593839
0.244,-0.79,-0.79,-1.303494612,-28.94,-1.581730906,266.6296438,-0.223418783,0.7220977962
0.245,-1.08,-1.08,-1.800421949,-38.64,-1.981057025,249.4064809,-0.5806734572,0.7028147422
0.246,-1.26,-1.26,-2.113837639,-44.66,-2.201626598,232.9290746,-0.9463460241,0.6714917481
0.247,-1.33,-1.33,-2.236751254,-47.03,-2.283225838,221.1119195,-1.224893827,0.6375926329
0.248,-1.42,-1.42,-2.395630369,-50.03,-2.382524325,216.2337101,-1.344247955,0.6428164076
0.249,-1.59,-1.59,-2.69833618,-55.7,-2.558759454,213.8981608,-1.402347864,0.6812075422
0.25,-1.78,-1.78,-3.040679233,-62.34,-2.74783372,209.9275185,-1.50259454,0.7153818502
0.251,-1.93,-1.93,-3.313951006,-67.38,-2.880276453,206.5438462,-1.589529906,0.7414081819
0.252,-2,-2,-3.442384,-69.52,-2.933912345,205.4301605,-1.618455192,0.7561744459
0.253,-1.99,-1.99,-3.424001124,-69.49,-2.933170532,199.9345068,-1.763527276,0.7290230848
0.254,-1.97,-1.97,-3.387270678,-68.73,-2.914283315,196.1541613,-1.865653212,0.708643443
0.255,-1.96,-1.96,-3.368923107,-68.44,-2.907027918,196.0659199,-1.868060491,0.7055205723
0.256,-1.98,-1.98,-3.405630017,-68.98,-2.920516401,198.3024027,-1.807379596,0.7203267624
0.257,-1.99,-1.99,-3.424001124,-69.32,-2.928961593,201.2719874,-1.727857129,0.7352661396
0.258,-1.97,-1.97,-3.387270678,-68.83,-2.916778938,203.4395857,-1.670548355,0.7383974288
0.259,-1.94,-1.94,-3.332263271,-67.92,-2.893950341,204.6386138,-1.639109191,0.7351024727
0.26,-1.92,-1.92,-3.295650509,-67.42,-2.881292622,205.6670612,-1.612289162,0.7334128246
0.261,-1.92,-1.92,-3.295650509,-67.31,-2.878496884,207.2816224,-1.570453715,0.7407703087
0.262,-1.9,-1.9,-3.25908482,-66.78,-2.864970168,209.8602427,-1.504309337,0.7459089802
0.263,-1.86,-1.86,-3.186094663,-65.44,-2.830347572,216.3605392,-1.3411109,0.7637843418
0.264,-1.8,-1.8,-3.07696248,-63.74,-2.785525826,222.3921308,-1.194007302,0.7731968503
0.265,-1.76,-1.76,-3.004443059,-62.52,-2.752720196,219.9888416,-1.252136945,0.7501998084
0.266,-1.76,-1.76,-3.004443059,-62.47,-2.751364047,209.7902671,-1.506093534,0.7056894878
0.267,-1.77,-1.77,-3.022555262,-62.93,-2.763805788,203.8529385,-1.659689142,0.6832957447
0.268,-1.74,-1.74,-2.968253959,-61.99,-2.738297715,194.848149,-1.901393112,0.639752533
0.269,-1.68,-1.68,-2.859969101,-60.24,-2.689922246,189.7911343,-2.042078626,0.6043889632
0.27,-1.68,-1.68,-2.859969101,-60.28,-2.691041107,192.9468072,-1.953855165,0.615722921
0.271,-1.75,-1.75,-2.986342625,-62.42,-2.750006971,194.5425786,-1.909789829,0.6408740023
0.272,-1.82,-1.82,-3.113292801,-65.01,-2.819106472,190.0959263,-2.033493773,0.6415720736
0.273,-1.86,-1.86,-3.186094663,-66.44,-2.856243126,189.6455232,-2.046184814,0.6499013759
0.274,-1.88,-1.88,-3.222566205,-66.84,-2.866506201,192.3038172,-1.97171367,0.6660644391
0.275,-1.89,-1.89,-3.240819628,-67.15,-2.874423202,194.8823232,-1.900454864,0.6787230131
0.276,-1.84,-1.84,-3.149670195,-65.83,-2.840487587,196.2522821,-1.862977688,0.6696488677
0.277,-1.71,-1.71,-2.914058572,-61.82,-2.733649404,196.0051497,-1.869718967,0.6330274567
0.278,-1.53,-1.53,-2.591110478,-56.25,-2.575101615,197.8658897,-1.819169259,0.5896565214
0.279,-1.34,-1.34,-2.254357415,-50.55,-2.39929726,202.1464243,-1.704664112,0.5493125327
0.28,-1.2,-1.2,-2.00894208,-45.88,-2.243986856,207.1143973,-1.574771585,0.5260720496
0.281,-1.08,-1.08,-1.800421949,-41.97,-2.105487265,213.0534889,-1.42351654,0.510178523
0.282,-0.94,-0.94,-1.559290311,-37.35,-1.931184161,219.4909337,-1.264259498,0.487973026
0.283,-0.79,-0.79,-1.303494612,-32.09,-1.717706526,225.719734,-1.114549446,0.4602319229
0.284,-0.67,-0.67,-1.100764534,-27.9,-1.535443382,229.2422747,-1.031703101,0.4287891404
0.285,-0.66,-0.66,-1.083946855,-27.39,-1.512486738,229.9160148,-1.016002581,0.4286934681
0.286,-0.73,-0.73,-1.201917742,-30.11,-1.632970217,228.143836,-1.057399808,0.4467481167
0.287,-0.78,-0.78,-1.286535713,-31.72,-1.702058465,228.6095847,-1.04648908,0.4680783911
0.288,-0.75,-0.75,-1.235729625,-30.66,-1.656755457,231.1776812,-0.9867246619,0.4674631809
0.289,-0.7,-0.7,-1.15128818,-28.91,-1.580405513,233.2800028,-0.9382918437,0.4570966721
0.29,-0.7,-0.7,-1.15128818,-28.99,-1.583938602,231.5631865,-0.9778105842,0.4494148709
0.291,-0.79,-0.79,-1.303494612,-32.19,-1.721921151,222.8095787,-1.183974337,0.4485689928
0.292,-0.93,-0.93,-1.542154886,-37.41,-1.93352497,213.7351713,-1.406426096,0.4617297845
0.293,-1.07,-1.07,-1.783121766,-42.77,-2.134478977,207.9104389,-1.554248343,0.4833975546
0.294,-1.16,-1.16,-1.939247075,-46.05,-2.249829309,206.5550627,-1.589239379,0.5051347691
0.295,-1.17,-1.17,-1.956653174,-46.44,-2.26317747,209.3843817,-1.516454311,0.5176835436
0.296,-1.12,-1.12,-1.869740365,-44.97,-2.212462562,212.0801613,-1.448013832,0.5107915374
0.297,-1.07,-1.07,-1.783121766,-43.07,-2.145262831,213.5506206,-1.411047574,0.5013965494
0.298,-1.02,-1.02,-1.696797377,-41.41,-2.08498816,215.5093774,-1.362199294,0.4922266048
0.299,-0.96,-0.96,-1.593596467,-39.46,-2.012268357,220.7592385,-1.233434072,0.4909866207
0.3,-0.92,-0.92,-1.525031229,-38.06,-1.958751168,228.8711577,-1.040371157,0.5084925066
0.301,-0.94,-0.94,-1.559290311,-39.15,-2.00051341,235.1837808,-0.8948081463,0.5385551418
0.302,-1.04,-1.04,-1.731291827,-42.79,-2.135199388,237.6527374,-0.8389366679,0.58211588
0.303,-1.11,-1.11,-1.852393108,-45.58,-2.233640897,237.6155492,-0.8397739085,0.6027149686
0.304,-1.07,-1.07,-1.783121766,-44.22,-2.186161207,239.178897,-0.8046898546,0.5961920969
0.305,-0.93,-0.93,-1.542154886,-39.42,-2.010754615,243.266171,-0.7140373005,0.5659716168
0.306,-0.78,-0.78,-1.286535713,-34.34,-1.811052112,247.6849409,-0.6177301256,0.529704019
0.307,-0.69,-0.69,-1.134435196,-31.24,-1.681631171,245.6755918,-0.661309117,0.4841929613
0.308,-0.65,-0.65,-1.067140945,-29.84,-1.621223509,235.073605,-0.8973150327,0.4237143595
0.309,-0.63,-0.63,-1.03356443,-29.1,-1.588789859,227.6990232,-1.067840902,0.3890508403
0.31,-0.63,-0.63,-1.03356443,-29.03,-1.585703598,228.0664272,-1.059215361,0.3907735721
0.311,-0.62,-0.62,-1.016793825,-28.79,-1.575098129,232.8572529,-0.9479959051,0.4029948195
0.312,-0.56,-0.56,-0.9164173312,-26.32,-1.463765073,237.3469796,-0.8458242691,0.396787998
0.313,-0.41,-0.41,-0.6673296202,-20.31,-1.175625491,241.9417847,-0.7432432703,0.3477724135
0.314,-0.28,-0.28,-0.4535954528,-14.96,-0.8974163772,249.3442984,-0.5820074956,0.3066027669
0.315,-0.26,-0.26,-0.4208897992,-14.15,-0.8534295104,255.0519542,-0.4609230829,0.3202259434
0.316,-0.34,-0.34,-0.5519948552,-17.67,-1.04098144,256.3271687,-0.4342406803,0.3741774527
0.317,-0.55,-0.55,-0.899729105,-26.61,-1.477045032,259.2811247,-0.3729389606,0.486344265
0.318,-0.71,-0.71,-1.168152932,-33.64,-1.782341839,254.1961975,-0.478903719,0.5165971152
0.319,-0.69,-0.69,-1.134435196,-32.72,-1.744155528,244.2526514,-0.6923861268,0.465592367
0.32,-0.46,-0.46,-0.7500646472,-24.25,-1.367332459,241.2513482,-0.7585325507,0.3528279753
0.321,-0.03,-0.03,-0.0481581978,-5.28,-0.3378816095,248.5687175,-0.5986745073,0.05142051494
0.322,0.36,0.36,0.5696369568,7.55,0.5262015464,252.2828799,-0.5193251227,82.83913018
0.323,0.57,0.57,0.8948817942,13.17,0.9526555674,255.7990567,-0.4452746809,1.763727838
0.324,0.63,0.63,0.9868556502,14.89,1.089358412,258.6373304,-0.3862395156,1.403540219
0.325,0.57,0.57,0.8948817942,13.51,0.9794444752,260.372532,-0.3504661563,1.422754596
0.326,0.47,0.47,0.7406505622,10.93,0.7790117743,262.3210618,-0.3105778431,1.581120651
0.327,0.39,0.39,0.6164182518,9.06,0.6377907968,264.531056,-0.2656941352,1.656607853
0.328,0.26,0.26,0.4129343608,5.62,0.3867063448,266.6335333,-0.2233407382,2.527670111
0.329,0.02,0.02,0.0320466232,-0.56,-0.03698152532,270.4863092,-0.1465880185,-0.1745748371
0.33,-0.22,-0.22,-0.3556197128,-9.26,-0.5770373704,272.1765298,-0.1132608439,0.5151682352
0.331,-0.38,-0.38,-0.6178298248,-14.55,-0.875214026,269.1335084,-0.1734124571,0.5891800701
0.332,-0.41,-0.41,-0.6673296202,-15.45,-0.9237833285,269.1870934,-0.1723473686,0.6088047912
0.333,-0.41,-0.41,-0.6673296202,-15.7,-0.9371658512,273.589815,-0.08555267574,0.6525056529
0.334,-0.58,-0.58,-0.9498290888,-21.37,-1.228273985,282.5418272,0.08669935441,0.8320341597
0.335,-0.99,-0.99,-1.645143964,-34.86,-1.832188857,290.0202514,0.2264635696,1.02454883
0.336,-1.45,-1.45,-2.448801905,-49.71,-2.372139063,285.5781535,0.1438862202,1.098978472
0.337,-1.79,-1.79,-3.058814972,-60.91,-2.708581485,276.7540644,-0.02403143015,1.119373679
0.338,-1.96,-1.96,-3.368923107,-66.56,-2.859327706,261.0794778,-0.3359598841,1.054341123
0.339,-2.04,-2.04,-3.516033187,-68.87,-2.917776295,245.716509,-0.660418149,0.9826277589
0.34,-2.15,-2.15,-3.719539345,-72.67,-3.01027816,238.551305,-0.8187464043,0.9714064985
0.341,-2.24,-2.24,-3.887103539,-75.46,-3.075529277,239.0508783,-0.8075541697,1.001035283
0.342,-2.27,-2.27,-3.943170102,-76.49,-3.099089112,242.6207981,-0.7282494418,1.030264255
0.343,-2.26,-2.26,-3.924469479,-76.1,-3.090200805,234.5465928,-0.909322677,0.9812342638
0.344,-2.15,-2.15,-3.719539345,-73.09,-3.020239435,212.3754493,-1.440569986,0.833826105
0.345,-2.04,-2.04,-3.516033187,-69.82,-2.941315025,203.4074388,-1.671393812,0.762249106
0.346,-1.96,-1.96,-3.368923107,-67.19,-2.875442418,203.6637181,-1.664657426,0.7420372289
0.347,-1.96,-1.96,-3.368923107,-67.39,-2.880530545,208.3937827,-1.541825261,0.7617937712
0.348,-2.04,-2.04,-3.516033187,-69.84,-2.941807541,213.9895854,-1.40006165,0.8097971248
0.349,-2.08,-2.08,-3.589870669,-71.17,-2.9742845,219.0373873,-1.27532594,0.8447528826
0.35,-2.08,-2.08,-3.589870669,-71.35,-2.978638763,222.1132134,-1.20072132,0.8589522314
0.351,-2.11,-2.11,-3.645372348,-72.16,-2.998114182,221.974584,-1.204061504,0.8674964164
0.352,-2.15,-2.15,-3.719539345,-73.59,-3.032032904,220.0570887,-1.250477471,0.8685418175
0.353,-2.16,-2.16,-3.738110515,-74.06,-3.04305502,216.4657625,-1.338509649,0.8531451199
0.354,-2.15,-2.15,-3.719539345,-73.58,-3.031797723,212.6051707,-1.43478615,0.832748125
0.355,-2.1,-2.1,-3.62686002,-72.19,-2.998831796,209.9651838,-1.501634725,0.805885346
0.356,-2.07,-2.07,-3.571393646,-71.39,-2.979605064,208.0686722,-1.550178194,0.7884248412
0.357,-2.21,-2.21,-3.831142892,-75.92,-3.086085252,203.8292653,-1.660310467,0.8071688747
0.358,-2.42,-2.42,-4.225091649,-83.01,-3.242298582,199.2457918,-1.781988253,0.8409336065
0.359,-2.47,-2.47,-4.319653918,-84.63,-3.276458879,193.5358711,-1.937546573,0.8284713082
0.36,-2.23,-2.23,-3.868438222,-77.66,-3.125522543,188.6552188,-2.07419502,0.7439708359
0.361,-1.77,-1.77,-3.022555262,-64.11,-2.795368408,185.5639203,-2.162586132,0.6096375506
0.362,-1.38,-1.38,-2.324899745,-52.24,-2.452940514,185.5629659,-2.162613649,0.5037097741
0.363,-1.2,-1.2,-2.00894208,-46.57,-2.267609861,188.0147675,-2.092388228,0.4607667341
0.364,-1.15,-1.15,-1.921852745,-44.76,-2.205127484,193.9426802,-1.926312768,0.4651774268
0.365,-1.19,-1.19,-1.991500676,-46.23,-2.25599952,199.1559194,-1.784401985,0.4928967267
0.366,-1.35,-1.35,-2.271975345,-51.76,-2.437838289,203.9879465,-1.656147109,0.554954433
0.367,-1.61,-1.61,-2.734172228,-61.18,-2.716052075,206.0708119,-1.601796724,0.633225561
0.368,-1.85,-1.85,-3.167876545,-69.67,-2.937617192,205.9663154,-1.604510344,0.697443328
0.369,-1.93,-1.93,-3.313951006,-72.34,-3.002415946,206.0191071,-1.603139249,0.7195551602
0.37,-1.81,-1.81,-3.095121756,-68.99,-2.920765311,204.0833103,-1.653646585,0.6766163228
0.371,-1.57,-1.57,-2.662547206,-61.78,-2.732554106,202.5381016,-1.694308024,0.6014524798
0.372,-1.35,-1.35,-2.271975345,-54.9,-2.534758516,200.7982571,-1.740464169,0.5314285388
0.373,-1.23,-1.23,-2.061336902,-51.14,-2.418174768,200.4781923,-1.748998671,0.4946606932
0.374,-1.19,-1.19,-1.991500676,-49.98,-2.380904825,204.075113,-1.65386148,0.4935851362
0.375,-1.2,-1.2,-2.00894208,-50.12,-2.385436447,211.9064847,-1.452396848,0.5234573588
0.376,-1.19,-1.19,-1.991500676,-50.03,-2.382524325,218.7649529,-1.281984306,0.5434564022
0.377,-1.16,-1.16,-1.939247075,-49.06,-2.350893876,224.2352898,-1.149849885,0.5539528762
0.378,-1.1,-1.1,-1.83505762,-47.09,-2.28525493,227.8915797,-1.063318522,0.5480117568
0.379,-1.03,-1.03,-1.714038718,-44.92,-2.210718174,229.1745177,-1.033284633,0.5283715274
0.38,-1.01,-1.01,-1.679567804,-44.08,-2.181219309,228.8900691,-1.039929111,0.5214189429
0.381,-1.03,-1.03,-1.714038718,-45.02,-2.214205664,227.461383,-1.073427396,0.5213594968
0.382,-1.06,-1.06,-1.765833351,-46.22,-2.255657159,226.3396725,-1.099875829,0.5262452664
0.383,-1.05,-1.05,-1.748556705,-45.65,-2.236059045,229.037009,-1.036495688,0.5343093845
0.384,-0.97,-0.97,-1.610767198,-43.03,-2.143827743,234.657414,-0.9067954471,0.5280125068
0.385,-0.85,-0.85,-1.405495145,-39.3,-2.006208015,239.0241071,-0.8081533473,0.4994010947
0.386,-0.73,-0.73,-1.201917742,-35.16,-1.844309623,240.3703995,-0.7781042614,0.4583249612
0.387,-0.6,-0.6,-0.98328792,-30.38,-1.644670562,242.6019104,-0.7286659473,0.4143061534
0.388,-0.47,-0.47,-0.7666469578,-25.64,-1.432405519,245.3018554,-0.6694540538,0.3647469925
0.389,-0.39,-0.39,-0.6343179882,-22.64,-1.290306744,246.1442834,-0.6511122909,0.3267290455
0.39,-0.39,-0.39,-0.6343179882,-22.47,-1.282068703,247.7401258,-0.6165382624,0.3340965244
0.391,-0.44,-0.44,-0.7169353312,-24.96,-1.40073495,251.1461126,-0.5434862884,0.3687519286
0.392,-0.47,-0.47,-0.7666469578,-26.18,-1.457333993,255.9464007,-0.4421938894,0.4035986863
0.393,-0.38,-0.38,-0.6178298248,-22.64,-1.290306744,261.8979023,-0.3192150881,0.3838592385
0.394,-0.21,-0.21,-0.3393316122,-15.61,-0.9323535792,266.904607,-0.2179044095,0.2950047863
0.395,-0.01,-0.01,-0.0160409642,-5.96,-0.3796700283,265.1799605,-0.2525864582,0.02537097609
0.396,0.22,0.22,0.3499238072,3.24,0.2194440285,265.678616,-0.242535541,-15.15378461
0.397,0.46,0.46,0.7251627128,9.5,0.6707161892,269.7071637,-0.1620211234,1.425535181
0.398,0.66,0.66,1.032683705,14.87,1.087751843,273.8899761,-0.07968629791,1.02442119
0.399,0.75,0.75,1.169532375,16.53,1.222470909,276.7793846,-0.02354198085,0.9754809874
0.4,0.75,0.75,1.169532375,16.46,1.216733581,279.2486882,0.02397670216,0.9426313228
0.401,0.79,0.79,1.230048028,17.31,1.286739346,281.9160475,0.07483691876,0.903400022
0.402,0.9,0.9,1.39549518,19.36,1.45863237,281.2671458,0.06250833469,0.9174004585
0.403,0.96,0.96,1.485138893,20.45,1.55180694,277.7558159,-0.004701292118,0.9599466557
0.404,0.89,0.89,1.380513372,19.19,1.444212368,276.7871485,-0.02339191056,0.9716311197
0.405,0.72,0.72,1.124022067,16.3,1.203638408,278.5424101,0.01042829723,0.9258322155
0.406,0.58,0.58,0.9102401912,13.45,0.9747086845,280.3477119,0.04499107732,0.8926550984
0.407,0.51,0.51,0.8024842758,11.8,0.8458692314,282.6984874,0.08966493165,0.8577819042
0.408,0.48,0.48,0.7561266432,11.14,0.795082191,283.674074,0.1080958872,0.8371844505
0.409,0.44,0.44,0.6941517088,10.24,0.7265104923,281.4927808,0.06679843101,0.8750080686
0.41,0.38,0.38,0.6008362552,8.63,0.6057927298,279.8882139,0.03621507962,0.9358706333
0.411,0.29,0.29,0.4600687078,6.55,0.4534886908,281.6466131,0.06972134088,0.8793193555
0.412,0.19,0.19,0.3025423238,4.2,0.286285154,280.0423263,0.03916009266,0.9296258799
0.413,0.08,0.08,0.1279040512,1.66,0.1112559608,275.2878938,-0.05244967322,2.17500639
0.414,-0.02,-0.02,-0.0320936968,-1.38,-0.09063656521,270.0608996,-0.1550088996,0.1306504756
0.415,-0.14,-0.14,-0.2256444232,-5.37,-0.3434346626,270.5450627,-0.145426048,0.461572015
0.416,-0.3,-0.3,-0.48634818,-10.75,-0.6632546824,273.5010948,-0.08728786583,0.6479954816
0.417,-0.54,-0.54,-0.8830526472,-18.69,-1.09360443,273.0132381,-0.09683943281,0.7417843672
0.418,-0.88,-0.88,-1.456654285,-29.41,-1.602419676,273.0701627,-0.09572404649,0.8577921087
0.419,-1.24,-1.24,-2.078825379,-40.9,-2.066171118,273.7221838,-0.0829648536,0.9672842511
0.42,-1.54,-1.54,-2.608952007,-50.22,-2.388667655,272.7807481,-0.1013972757,1.047744569
0.421,-1.73,-1.73,-2.950177062,-56.29,-2.576285143,271.6328919,-0.1239574737,1.092559996
0.422,-1.84,-1.84,-3.149670195,-59.7,-2.674756488,268.7814543,-0.1804153842,1.103145568
0.423,-1.92,-1.92,-3.295650509,-62.49,-2.751906617,268.7676889,-0.1806893879,1.123799699
0.424,-2.05,-2.05,-3.534474905,-66.55,-2.859070843,269.2319711,-0.1714555139,1.166290766
0.425,-2.23,-2.23,-3.868438222,-72.07,-2.995959763,269.4948129,-0.1662350438,1.223339629
0.426,-2.41,-2.41,-4.2062145,-78.1,-3.13537541,268.9995254,-0.1760765155,1.270202496
0.427,-2.57,-2.57,-4.509661086,-83.16,-3.245483348,260.3254293,-0.3514340863,1.253757187
0.428,-2.68,-2.68,-4.720028221,-86.71,-3.319596321,252.361072,-0.5176672116,1.230050577
0.429,-2.75,-2.75,-4.854639625,-88.99,-3.366029317,245.3044954,-0.6693964746,1.20300555
0.43,-2.8,-2.8,-4.95114368,-90.32,-3.392740913,232.9069494,-0.946854229,1.140922947
0.431,-2.81,-2.81,-4.970479796,-90.84,-3.403114974,223.5982826,-1.165069783,1.088064529
0.432,-2.81,-2.81,-4.970479796,-90.81,-3.402517497,223.0635663,-1.177879178,1.085163611
0.433,-2.82,-2.82,-4.989827681,-91.13,-3.408884206,218.9724588,-1.276912056,1.064883619
0.434,-2.86,-2.86,-5.067336903,-92.37,-3.433426305,211.1968805,-1.470342279,1.033355636
0.435,-2.91,-2.91,-5.16448822,-94.07,-3.466761943,207.9702637,-1.552709139,1.02889092
0.436,-2.95,-2.95,-5.242421105,-95.36,-3.491840255,209.029611,-1.525526779,1.044855014
0.437,-2.92,-2.92,-5.183953789,-94.55,-3.47611418,208.3971174,-1.541739654,1.033101792
0.438,-2.74,-2.74,-4.835374119,-89.21,-3.37046598,205.2942408,-1.621996109,0.9685349697
0.439,-2.46,-2.46,-4.300717927,-81.05,-3.20025567,201.5219512,-1.721216975,0.8738680955
0.44,-2.25,-2.25,-3.905780625,-74.91,-3.062834544,200.8636924,-1.738721019,0.8134406807
0.441,-2.18,-2.18,-3.775288161,-72.96,-3.017161559,201.4683606,-1.722639888,0.7965076604
0.442,-2.21,-2.21,-3.831142892,-73.76,-3.036026711,201.6592834,-1.717572326,0.8059457396
0.443,-2.17,-2.17,-3.756693454,-72.62,-3.009088933,201.8334765,-1.712952995,0.7955654591
0.444,-2.03,-2.03,-3.497603238,-68.56,-2.910033422,201.3199219,-1.726583135,0.7543438614
0.445,-1.92,-1.92,-3.295650509,-65.14,-2.822511737,199.8377798,-1.766116197,0.7182213411
0.446,-1.9,-1.9,-3.25908482,-64.47,-2.804898025,199.7193315,-1.769288203,0.7124950006
0.447,-1.93,-1.93,-3.313951006,-65.7,-2.837113405,200.7505356,-1.741735796,0.7237519429
0.448,-1.96,-1.96,-3.368923107,-66.47,-2.857014727,202.69903,-1.690058825,0.740899189
0.449,-1.93,-1.93,-3.313951006,-65.76,-2.838671442,205.4033408,-1.619153699,0.7434008515
0.45,-1.88,-1.88,-3.222566205,-64.02,-2.792978784,205.3638941,-1.62018124,0.7302173925
0.451,-1.82,-1.82,-3.113292801,-62.43,-2.750278461,202.4414478,-1.696861723,0.7000662611
0.452,-1.83,-1.83,-3.131475614,-62.72,-2.758135543,202.5646238,-1.693607494,0.7034268573
0.453,-1.87,-1.87,-3.20432455,-63.9,-2.789788106,203.8509017,-1.659742596,0.7201488796
0.454,-1.93,-1.93,-3.313951006,-65.98,-2.844373667,201.623295,-1.718527181,0.7262816169
0.455,-2.05,-2.05,-3.534474905,-69.74,-2.939343718,197.6371166,-1.825358523,0.7418039419
0.456,-2.18,-2.18,-3.775288161,-74.19,-3.046092902,193.4358335,-1.940312674,0.7571161438
0.457,-2.3,-2.3,-3.99934258,-78.21,-3.137831261,193.5902495,-1.936043579,0.7882225529
0.458,-2.34,-2.34,-4.074403975,-79.37,-3.16355341,200.5816516,-1.746238447,0.829852689
0.459,-2.27,-2.27,-3.943170102,-77.42,-3.120128207,205.7424504,-1.610328428,0.8335707113
0.46,-2.19,-2.19,-3.793894636,-75.13,-3.067922116,204.0801454,-1.653729552,0.8035100645
0.461,-2.15,-2.15,-3.719539345,-73.97,-3.040949143,198.0312876,-1.814699015,0.7660232423
0.462,-2.17,-2.17,-3.756693454,-74.45,-3.052154758,192.5362246,-1.96525187,0.7487321105
0.463,-2.21,-2.21,-3.831142892,-75.69,-3.080814204,192.2730483,-1.972569744,0.7581341397
0.464,-2.23,-2.23,-3.868438222,-76.34,-3.095675163,196.7560962,-1.849260896,0.7823029813
0.465,-2.2,-2.2,-3.81251288,-75.46,-3.075529277,203.8212906,-1.660519787,0.8049986028
0.466,-2.1,-2.1,-3.62686002,-72.73,-3.011704286,209.0041147,-1.526179384,0.7992404134
0.467,-1.97,-1.97,-3.387270678,-68.64,-2.912034524,207.5135097,-1.564471979,0.7566772605
0.468,-1.83,-1.83,-3.131475614,-64.47,-2.804898025,204.2295012,-1.649815592,0.7029577841
0.469,-1.71,-1.71,-2.914058572,-60.92,-2.708858671,203.3876204,-1.671915098,0.6651926636
0.47,-1.6,-1.6,-2.71624832,-57.64,-2.615837232,204.7187612,-1.637014257,0.6386887309
0.471,-1.49,-1.49,-2.519862044,-54.11,-2.51078581,210.282756,-1.493548968,0.62928356
0.472,-1.35,-1.35,-2.271975345,-49.92,-2.378959864,222.2435266,-1.19758341,0.635243354
0.473,-1.21,-1.21,-2.026395252,-45.39,-2.227064769,236.3635775,-0.8680370256,0.6547103735
0.474,-1.1,-1.1,-1.83505762,-41.67,-2.094526705,244.6256537,-0.6842222849,0.6603898469
0.475,-1.04,-1.04,-1.731291827,-39.86,-2.02735664,241.0235142,-0.7635873941,0.6203248097
0.476,-1.05,-1.05,-1.748556705,-39.98,-2.031865753,234.1772624,-0.9177537316,0.5928075517
0.477,-1.07,-1.07,-1.783121766,-40.7,-2.058753072,233.1777109,-0.9406383002,0.5944945305
0.478,-1.06,-1.06,-1.765833351,-40.49,-2.050940481,237.1034768,-0.8513158436,0.6084346638
0.479,-1.02,-1.02,-1.696797377,-39.1,-1.9986124,237.8227345,-0.8351110893,0.5987872081
0.48,-0.96,-0.96,-1.593596467,-37.01,-1.917880312,227.9233201,-1.062573432,0.5346825028
0.481,-0.89,-0.89,-1.473730868,-34.78,-1.828947586,220.5455227,-1.238615885,0.4804239202
0.482,-0.83,-0.83,-1.371447894,-32.6,-1.739136492,222.6130283,-1.188695896,0.4684174885
0.483,-0.77,-0.77,-1.269588582,-30.33,-1.642507322,225.545835,-1.118672781,0.4597992649
0.484,-0.7,-0.7,-1.15128818,-27.85,-1.533200271,229.8592966,-1.01732254,0.4513930146
0.485,-0.64,-0.64,-1.050346803,-25.33,-1.418006195,231.5697732,-0.9776584082,0.4384364998
0.486,-0.58,-0.58,-0.9498290888,-23.23,-1.318741538,232.0913053,-0.965622902,0.4157957776
0.487,-0.54,-0.54,-0.8830526472,-21.63,-1.241065966,232.2368168,-0.962269729,0.4007798944
0.488,-0.52,-0.52,-0.8497350368,-20.78,-1.19906837,233.3316327,-0.9371079028,0.3977832015
0.489,-0.57,-0.57,-0.9331173258,-22.66,-1.2912746,239.1388096,-0.8055866121,0.4450067179
0.49,-0.78,-0.78,-1.286535713,-29.84,-1.621223509,244.566583,-0.6855143246,0.5577294889
0.491,-1.1,-1.1,-1.83505762,-41.24,-2.078731569,244.4695676,-0.6876370002,0.6633453113
0.492,-1.36,-1.36,-2.289605043,-50.33,-2.392216543,244.9979731,-0.6760857931,0.7462123326
0.493,-1.36,-1.36,-2.289605043,-50.24,-2.389313331,243.0752827,-0.7182370346,0.7367877504
0.494,-1.11,-1.11,-1.852393108,-42.26,-2.116036381,239.7264862,-0.7924552737,0.6368913265
0.495,-0.83,-0.83,-1.371447894,-32.83,-1.748748536,238.5102395,-0.8196674619,0.5339664193
0.496,-0.71,-0.71,-1.168152932,-28.54,-1.564011148,238.0142607,-0.8308042972,0.487784115
0.497,-0.73,-0.73,-1.201917742,-29.19,-1.59275327,237.0253398,-0.8530792181,0.4914145788
0.498,-0.71,-0.71,-1.168152932,-28.69,-1.570668195,235.4411566,-0.8889565193,0.4749313689
0.499,-0.58,-0.58,-0.9498290888,-23.55,-1.334062883,232.3914323,-0.9587090622,0.4142710707
0.5,-0.42,-0.42,-0.6838530888,-17.19,-1.015952553,230.478464,-1.002930728,0.3387283927
0.501,-0.42,-0.42,-0.6838530888,-16.9,-1.000748161,229.4809793,-1.02613517,0.3373914414
0.502,-0.61,-0.61,-1.000034988,-23.62,-1.337405003,230.4779819,-1.002941918,0.4273020291
0.503,-0.91,-0.91,-1.50791934,-33.64,-1.782341839,231.4457692,-0.9805240626,0.5457808644
0.504,-1.16,-1.16,-1.939247075,-41.92,-2.103663878,232.4207206,-0.9580348448,0.6333892556
0.505,-1.29,-1.29,-2.166444292,-46.47,-2.264201082,233.6357606,-0.9301391758,0.6782133766
0.506,-1.36,-1.36,-2.289605043,-48.63,-2.336727903,234.500566,-0.9103726496,0.7051229262
0.507,-1.4,-1.4,-2.36024152,-50.16,-2.386729496,235.970622,-0.8769388279,0.7231866984
0.508,-1.47,-1.47,-2.484308438,-52.34,-2.456073599,237.3739488,-0.8452163949,0.7525265707
0.509,-1.56,-1.56,-2.644670371,-55.3,-2.546793344,238.2043781,-0.8265326109,0.7839949079
0.51,-1.65,-1.65,-2.805985545,-58.35,-2.636337365,237.8424405,-0.8346678046,0.8084071926
0.511,-1.71,-1.71,-2.914058572,-60.4,-2.694393962,234.9726584,-0.8996129525,0.8108105081
0.512,-1.72,-1.72,-2.932111933,-60.78,-2.704974573,235.775378,-0.8813672925,0.8175773651
0.513,-1.69,-1.69,-2.877987156,-59.84,-2.678699315,239.1042497,-0.8063598408,0.8258072611
0.514,-1.65,-1.65,-2.805985545,-58.49,-2.640355486,239.4383666,-0.7988891355,0.8158726273
0.515,-1.55,-1.55,-2.626805305,-55.59,-2.555475594,239.6797373,-0.7934986759,0.7843611487
0.516,-1.39,-1.39,-2.342564748,-50.59,-2.400582225,242.0024736,-0.7419014377,0.7454500961
0.517,-1.23,-1.23,-2.061336902,-45.29,-2.223596247,245.1380859,-0.673027036,0.7116344447
0.518,-1.12,-1.12,-1.869740365,-41.74,-2.097088518,246.0350928,-0.653486099,0.6797635496
0.519,-1.11,-1.11,-1.852393108,-41.35,-2.082781747,245.5571937,-0.6638880562,0.6744141965
0.52,-1.14,-1.14,-1.904470183,-42.57,-2.127263144,246.5846212,-0.6415500028,0.687829074
0.521,-1.15,-1.15,-1.921852745,-42.85,-2.137359345,245.2222613,-0.6711902706,0.6842865564
0.522,-1.13,-1.13,-1.88709939,-42.27,-2.116399338,243.3815919,-0.711499523,0.6673150217
0.523,-1.11,-1.11,-1.852393108,-41.48,-2.087559837,243.0267912,-0.7193044223,0.6599510831
0.524,-1.1,-1.1,-1.83505762,-41.04,-2.071350716,240.2292102,-0.78124768,0.6432933646
0.525,-1.09,-1.09,-1.8177339,-41.01,-2.070241704,236.4059121,-0.8670788846,0.6188408262
0.526,-1.1,-1.1,-1.83505762,-41.32,-2.081677806,233.7929,-0.9265420657,0.6100144598
0.527,-1.12,-1.12,-1.869740365,-42.02,-2.107309305,230.3270758,-1.006445993,0.600477618
0.528,-1.16,-1.16,-1.939247075,-43.34,-2.15492753,226.7572487,-1.090014658,0.5976214561
0.529,-1.22,-1.22,-2.043860193,-45.37,-2.226371474,223.6914572,-1.162840875,0.6030487272
0.53,-1.29,-1.29,-2.166444292,-47.85,-2.31080256,221.7119036,-1.210396338,0.6152575742
0.531,-1.37,-1.37,-2.30724651,-50.37,-2.393505636,221.0567653,-1.2262285,0.6374077275
0.532,-1.44,-1.44,-2.431066291,-52.79,-2.470116445,219.6483757,-1.260423291,0.6516661029
0.533,-1.51,-1.51,-2.555462724,-55.15,-2.542288365,211.3245682,-1.467108693,0.6373683343
0.534,-1.58,-1.58,-2.680435809,-57.57,-2.613804938,200.3674422,-1.751954987,0.6139677524
0.535,-1.64,-1.64,-2.788014563,-59.78,-2.677010475,194.0634931,-1.922981123,0.6060912295
0.536,-1.69,-1.69,-2.877987156,-61.26,-2.718260238,195.4870431,-1.883879515,0.6253584877
0.537,-1.7,-1.7,-2.89601698,-61.84,-2.734196827,199.3120421,-1.780209644,0.6415055885
0.538,-1.7,-1.7,-2.89601698,-61.74,-2.731458205,202.4853308,-1.695702136,0.6541477508
0.539,-1.69,-1.69,-2.877987156,-61.46,-2.723769997,205.870238,-1.60700655,0.664542981
0.54,-1.68,-1.68,-2.859969101,-61.16,-2.715499653,209.4932939,-1.513672208,0.6762480208
0.541,-1.66,-1.66,-2.823968295,-60.67,-2.701917495,212.1854809,-1.445357666,0.6809213725
0.542,-1.65,-1.65,-2.805985545,-60.08,-2.685440571,209.3379305,-1.517641322,0.6676019206
0.543,-1.64,-1.64,-2.788014563,-59.9,-2.680386743,204.8317716,-1.634061724,0.6462041636
0.544,-1.66,-1.66,-2.823968295,-60.64,-2.701082938,204.6076526,-1.639918691,0.6505338023
0.545,-1.71,-1.71,-2.914058572,-62.38,-2.748920643,207.8826672,-1.554963018,0.6770765201
0.546,-1.79,-1.79,-3.058814972,-64.97,-2.818057509,210.0277747,-1.500040123,0.7083709617
0.547,-1.85,-1.85,-3.167876545,-67.14,-2.874168314,210.1113221,-1.497912358,0.7245695546
0.548,-1.85,-1.85,-3.167876545,-67.29,-2.877988138,208.1014358,-1.549335822,0.7155285165
0.549,-1.78,-1.78,-3.040679233,-65.13,-2.822250003,204.448215,-1.644089229,0.6807989889
0.55,-1.64,-1.64,-2.788014563,-60.83,-2.706362615,206.6011643,-1.588045431,0.6492197605
0.551,-1.49,-1.49,-2.519862044,-56.22,-2.574213526,213.8757507,-1.402908412,0.6335893351
0.552,-1.4,-1.4,-2.36024152,-53.46,-2.490856045,218.8301683,-1.28038967,0.6258519593
0.553,-1.39,-1.39,-2.342564748,-53.15,-2.481285067,222.6525669,-1.187745759,0.6384696285
0.554,-1.45,-1.45,-2.448801905,-55.34,-2.547993038,222.1292977,-1.200333915,0.6533053107
0.555,-1.53,-1.53,-2.591110478,-58.03,-2.627123284,223.4913822,-1.167628184,0.6828142765
0.556,-1.56,-1.56,-2.644670371,-58.98,-2.6543568,229.319247,-1.029907043,0.7178287127
0.557,-1.52,-1.52,-2.573280717,-57.89,-2.62307903,241.2947566,-0.7575700104,0.7611794912
0.558,-1.44,-1.44,-2.431066291,-55.41,-2.550090852,245.7777969,-0.6590838903,0.7575362784
0.559,-1.36,-1.36,-2.289605043,-52.76,-2.469183099,236.8922452,-0.8560841968,0.6885476684
0.56,-1.3,-1.3,-2.18400338,-50.88,-2.409875854,229.8982077,-1.016416957,0.6374246162
0.561,-1.23,-1.23,-2.061336902,-48.94,-2.346949549,229.3905832,-1.028243035,0.61073164
0.562,-1.12,-1.12,-1.869740365,-45.31,-2.224290361,232.3915148,-0.958707163,0.5874149605
0.563,-0.96,-0.96,-1.593596467,-39.97,-2.031490299,237.7730324,-0.8362292908,0.5557016358
0.564,-0.8,-0.8,-1.32046528,-34.4,-1.813499243,244.5798904,-0.6852232272,0.5284561593
0.565,-0.69,-0.69,-1.134435196,-30.75,-1.660629365,249.5102179,-0.5784486662,0.5066528189
0.566,-0.68,-0.68,-1.117593981,-30.3,-1.641208617,252.2533344,-0.5199517132,0.5171268254
0.567,-0.72,-0.72,-1.185029453,-31.91,-1.710104579,253.8432103,-0.486338109,0.5395221369
0.568,-0.74,-0.74,-1.218817799,-32.67,-1.742065339,253.6781263,-0.4898185529,0.5460937299
0.569,-0.68,-0.68,-1.117593981,-30.5,-1.649855876,252.1524951,-0.5220908246,0.5145586585
0.57,-0.55,-0.55,-0.899729105,-25.72,-1.436110971,250.7884832,-0.5511100605,0.452757439
0.571,-0.42,-0.42,-0.6838530888,-20.36,-1.17812692,251.3566608,-0.5390029979,0.3982535518
0.572,-0.31,-0.31,-0.5027421962,-16.08,-0.9574170638,249.9948099,-0.568068117,0.3295621632
0.573,-0.23,-0.23,-0.3719195818,-12.03,-0.7359107627,247.990096,-0.611142826,0.2760985791
0.574,-0.14,-0.14,-0.2256444232,-7.7,-0.4848495626,249.6327264,-0.5758224806,0.2127372213
0.575,-0.11,-0.11,-0.1770978682,-6.21,-0.3949363368,251.3471592,-0.5392052377,0.1895835418
0.576,-0.18,-0.18,-0.2905379208,-8.82,-0.5512358423,251.4752793,-0.536478858,0.2671085724
0.577,-0.35,-0.35,-0.568435945,-14.63,-0.8795562528,251.9590477,-0.5261968349,0.4043640024
0.578,-0.58,-0.58,-0.9498290888,-22.24,-1.270890974,251.137833,-0.5436626654,0.5234505435
0.579,-0.84,-0.84,-1.388465635,-31.17,-1.678640148,251.2346181,-0.5416012457,0.6253669709
0.58,-1.15,-1.15,-1.921852745,-41.36,-2.083149618,248.0429969,-0.6100016926,0.7136074149
0.581,-1.43,-1.43,-2.413342446,-50.62,-2.401545457,233.9719819,-0.922445614,0.7260375839
0.582,-1.62,-1.62,-2.752107905,-56.79,-2.591022532,219.5918246,-1.261800888,0.7143093791
0.583,-1.71,-1.71,-2.914058572,-59.83,-2.67841794,210.1696253,-1.496428006,0.698003857
0.584,-1.73,-1.73,-2.950177062,-60.5,-2.697183742,209.0882238,-1.524026826,0.6988936026
0.585,-1.7,-1.7,-2.89601698,-59.52,-2.669675806,213.0156717,-1.424466255,0.7073562512
0.586,-1.62,-1.62,-2.752107905,-57.02,-2.597766639,218.3000941,-1.293364741,0.7072770451
0.587,-1.5,-1.5,-2.5376565,-53.27,-2.484995045,225.2687945,-1.125248285,0.7029045601
0.588,-1.37,-1.37,-2.30724651,-49.45,-2.363665212,235.2401764,-0.8935254033,0.7083547701
0.589,-1.27,-1.27,-2.131361422,-46.22,-2.255657159,246.2768332,-0.648232067,0.733967881
0.59,-1.18,-1.18,-1.974071041,-43.27,-2.152425566,247.9725246,-0.6115219138,0.7142216179
0.591,-1.1,-1.1,-1.83505762,-40.49,-2.050940481,238.547267,-0.8188369663,0.6394424841
0.592,-1.03,-1.03,-1.714038718,-38.21,-1.964538269,229.2424086,-1.031699977,0.5720635601
0.593,-0.99,-0.99,-1.645143964,-36.77,-1.908449051,229.5679737,-1.024107412,0.5609931079
0.594,-0.97,-0.97,-1.610767198,-36.08,-1.881147249,236.3258136,-0.8688918667,0.5857251952
0.595,-0.95,-0.95,-1.576437505,-35.62,-1.862790943,236.4853827,-0.8652807221,0.5778578053
0.596,-0.94,-0.94,-1.559290311,-35.27,-1.848740485,225.9294715,-1.109580563,0.5270862378
0.597,-0.95,-0.95,-1.576437505,-35.45,-1.855975496,216.6101825,-1.334941467,0.494039025
0.598,-0.98,-0.98,-1.627949697,-36.4,-1.893843543,217.1329397,-1.322045575,0.5062207174
0.599,-1.02,-1.02,-1.696797377,-37.82,-1.949465083,223.6382334,-1.164113974,0.544966852
0.6,-1.05,-1.05,-1.748556705,-38.91,-1.991375735,229.3601645,-1.028952527,0.5789293591
0.601,-1.06,-1.06,-1.765833351,-39.11,-1.998992715,232.2666576,-0.9615823342,0.5964494472
0.602,-1.04,-1.04,-1.731291827,-38.51,-1.97607405,235.3590164,-0.8908233422,0.6038904049
0.603,-1.01,-1.01,-1.679567804,-37.56,-1.939367923,238.0503518,-0.8299931166,0.6064820657
0.604,-0.98,-0.98,-1.627949697,-36.6,-1.901748321,239.7002862,-0.7930400135,0.6041104142
0.605,-0.95,-0.95,-1.576437505,-35.35,-1.851958417,243.0371732,-0.7190758766,0.6131530447
0.606,-0.89,-0.89,-1.473730868,-33.33,-1.769532425,246.4391185,-0.6447078188,0.6104325664
0.607,-0.81,-0.81,-1.337447716,-30.4,-1.645535415,250.1560741,-0.564618105,0.6051379256
0.608,-0.7,-0.7,-1.15128818,-26.56,-1.474759377,254.4828895,-0.4728731871,0.5911218579
0.609,-0.6,-0.6,-0.98328792,-22.53,-1.28497855,257.8289816,-0.4029866658,0.5825285443
0.61,-0.54,-0.54,-0.8830526472,-20.09,-1.164597913,258.4247538,-0.3906385418,0.5677931768
0.611,-0.56,-0.56,-0.9164173312,-20.64,-1.192101881,258.3600073,-0.3919791155,0.5785167131
0.612,-0.65,-0.65,-1.067140945,-23.64,-1.338359275,258.5693387,-0.3876461316,0.6182720756
0.613,-0.79,-0.79,-1.303494612,-27.89,-1.534994891,257.7386392,-0.4048616169,0.6719541404
0.614,-0.92,-0.92,-1.525031229,-31.89,-1.709258677,256.0386403,-0.4402661697,0.7094736454
0.615,-1.03,-1.03,-1.714038718,-35.15,-1.843906461,253.5150787,-0.4932582851,0.7333837808
0.616,-1.12,-1.12,-1.869740365,-37.88,-1.951789693,252.7710457,-0.5089829089,0.7598184259
0.617,-1.21,-1.21,-2.026395252,-40.76,-2.06098079,252.7294045,-0.5098643356,0.7882214422
0.618,-1.33,-1.33,-2.236751254,-44.39,-2.192148375,251.5459556,-0.5349754702,0.8201869006
0.619,-1.49,-1.49,-2.519862044,-49.49,-2.364970979,248.630925,-0.5973357696,0.8506418336
0.62,-1.74,-1.74,-2.968253959,-56.99,-2.596888221,246.3313378,-0.6470481668,0.9150160805
0.621,-2.06,-2.06,-3.552928391,-67.08,-2.872638292,244.7379358,-0.6817672204,0.9995844252
0.622,-2.38,-2.38,-4.149653665,-77.24,-3.11607308,242.8576205,-0.7230298472,1.080891485
0.623,-2.58,-2.58,-4.528726529,-83.43,-3.251204542,240.7755859,-0.7690934911,1.126465374
0.624,-2.62,-2.62,-4.605105985,-84.7,-3.277923508,239.2612072,-0.8028490413,1.128488768
0.625,-2.61,-2.61,-4.585993468,-84.48,-3.273317267,236.7420352,-0.8594776317,1.1096591
0.626,-2.72,-2.72,-4.796878413,-87.77,-3.341288916,229.1642082,-1.03352531,1.096475911
0.627,-2.89,-2.89,-5.125592388,-93.16,-3.448960281,216.3441976,-1.341514998,1.069954877
0.628,-2.93,-2.93,-5.203431126,-94.55,-3.47611418,205.1611316,-1.625466079,1.019964572
0.629,-2.84,-2.84,-5.028558755,-91.91,-3.424345348,201.04899,-1.733787895,0.9748795772
0.63,-2.74,-2.74,-4.835374119,-89.17,-3.369659862,202.3319512,-1.699756216,0.9538325607
0.631,-2.76,-2.76,-4.873916899,-89.61,-3.378513914,201.5589091,-1.720235909,0.9559043036
0.632,-2.83,-2.83,-5.009187334,-91.79,-3.421971932,198.6714442,-1.79743248,0.9597239337
0.633,-2.79,-2.79,-4.931819332,-90.68,-3.399926988,195.1981045,-1.891792904,0.9319879799
0.634,-2.65,-2.65,-4.662514145,-86.73,-3.320007373,193.9509856,-1.926083665,0.8887596709
0.635,-2.54,-2.54,-4.452535367,-83.47,-3.252050889,194.9173413,-1.899493616,0.864310764
0.636,-2.51,-2.51,-4.395515564,-82.46,-3.230581945,194.7417632,-1.904314973,0.8560085302
0.637,-2.51,-2.51,-4.395515564,-82.46,-3.230581945,194.695218,-1.90559383,0.8557953926
0.638,-2.47,-2.47,-4.319653918,-81.36,-3.206959587,193.8307144,-1.929402288,0.8409948564
0.639,-2.39,-2.39,-4.168495508,-79.11,-3.15781572,190.5435263,-2.020911465,0.8049266469
0.64,-2.34,-2.34,-4.074403975,-77.49,-3.121703027,189.5426847,-2.049086731,0.7879655075
0.641,-2.34,-2.34,-4.074403975,-77.55,-3.123051906,190.3685389,-2.025826944,0.7913186723
0.642,-2.37,-2.37,-4.13082359,-78.68,-3.148291635,190.9803276,-2.008661179,0.8010202418
0.643,-2.4,-2.4,-4.18734912,-79.51,-3.166636425,192.4460749,-1.967757442,0.8155488706
0.644,-2.41,-2.41,-4.2062145,-79.83,-3.173666348,194.7573774,-1.903886032,0.8283941129
0.645,-2.42,-2.42,-4.225091649,-80.02,-3.177829281,195.2444806,-1.890521978,0.8336225002
0.646,-2.42,-2.42,-4.225091649,-80.01,-3.177610384,192.5807904,-1.964013664,0.8217426263
0.647,-2.39,-2.39,-4.168495508,-79.38,-3.163773776,191.2365051,-2.001489598,0.8070247742
0.648,-2.34,-2.34,-4.074403975,-77.85,-3.129782997,193.0051544,-1.952237569,0.8017291394
0.649,-2.27,-2.27,-3.943170102,-75.61,-3.078977548,194.5934534,-1.908390935,0.7906313952
0.65,-2.19,-2.19,-3.793894636,-73.25,-3.024021012,192.8223615,-1.957306892,0.7616231474
0.651,-2.12,-2.12,-3.663896445,-71.31,-2.977671984,191.43753,-1.995868713,0.7366776845
0.652,-2.08,-2.08,-3.589870669,-70,-2.945743207,188.1609548,-2.088230055,0.7131286723
0.653,-2.07,-2.07,-3.571393646,-69.78,-2.94032962,188.2463648,-2.085802134,0.7105650668
0.654,-2.09,-2.09,-3.60835946,-70.45,-2.956769967,192.9651605,-1.953346294,0.734882693
0.655,-2.11,-2.11,-3.645372348,-70.92,-2.96822081,198.006458,-1.815369852,0.7620577524
0.656,-2.09,-2.09,-3.60835946,-70.46,-2.957014301,199.845016,-1.765922477,0.764007572
0.657,-2.04,-2.04,-3.516033187,-68.94,-2.919520444,195.0075953,-1.897016941,0.7299918813
0.658,-1.98,-1.98,-3.405630017,-67.23,-2.876461104,188.5771636,-2.076409015,0.6876073741
0.659,-1.93,-1.93,-3.313951006,-65.54,-2.832952579,185.4056468,-2.167151271,0.6627764354
0.66,-1.83,-1.83,-3.131475614,-62.6,-2.754888108,187.569381,-2.105076831,0.6443411944
0.661,-1.74,-1.74,-2.968253959,-59.99,-2.682915241,191.3119297,-1.999379947,0.6339314034
0.662,-1.73,-1.73,-2.950177062,-59.49,-2.668827782,191.7796166,-1.986317136,0.6337454824
0.663,-1.74,-1.74,-2.968253959,-59.98,-2.682634453,191.8028179,-1.985669938,0.6358312807
0.664,-1.76,-1.76,-3.004443059,-60.58,-2.699412781,191.0467883,-2.006799716,0.6383993627
0.665,-1.78,-1.78,-3.040679233,-61.13,-2.714670734,184.7504033,-2.186092235,0.6204501731
0.666,-1.83,-1.83,-3.131475614,-62.78,-2.759757269,178.6388368,-2.366064344,0.6109216923
0.667,-1.92,-1.92,-3.295650509,-65.81,-2.83996886,174.5199984,-2.490862495,0.6182244925
0.668,-1.96,-1.96,-3.368923107,-67.1,-2.873148433,175.6175222,-2.457322693,0.6320122608
0.669,-1.91,-1.91,-3.27736178,-65.49,-2.831650508,181.1258094,-2.292096458,0.6396416142
0.67,-1.81,-1.81,-3.095121756,-62.4,-2.749463881,188.770015,-2.070940549,0.6420875677
0.671,-1.75,-1.75,-2.986342625,-60.73,-2.70358557,194.5897002,-1.908494123,0.6475045585
0.672,-1.79,-1.79,-3.058814972,-61.88,-2.735291223,195.9685899,-1.870716967,0.6640923866
0.673,-1.85,-1.85,-3.167876545,-63.81,-2.787391706,197.6076238,-1.826156946,0.6866463938
0.674,-1.89,-1.89,-3.240819628,-65.1,-2.821464592,202.9933496,-1.682296241,0.7195807567
0.675,-1.89,-1.89,-3.240819628,-65.09,-2.821202718,211.3792795,-1.465723774,0.7559774197
0.676,-1.86,-1.86,-3.186094663,-64.26,-2.799344687,219.4999351,-1.264040097,0.7840986844
0.677,-1.85,-1.85,-3.167876545,-63.95,-2.791118183,220.3309885,-1.243822596,0.7851110386
0.678,-1.84,-1.84,-3.149670195,-63.66,-2.783391229,217.8449748,-1.304530242,0.7704820696
0.679,-1.82,-1.82,-3.113292801,-62.87,-2.762187372,223.7915064,-1.160448546,0.7936736586
0.68,-1.76,-1.76,-3.004443059,-61.19,-2.716328229,232.3321597,-0.9600737798,0.8172237563
0.681,-1.64,-1.64,-2.788014563,-57.52,-2.612352067,230.2579266,-1.008052419,0.7700837223
0.682,-1.45,-1.45,-2.448801905,-51.55,-2.4311979,223.9041514,-1.157756312,0.6823162848
0.683,-1.23,-1.23,-2.061336902,-44.77,-2.205477289,220.094713,-1.249562833,0.5966173558
0.684,-1.08,-1.08,-1.800421949,-39.53,-2.014915252,222.7164046,-1.186212056,0.5624337228
0.685,-1,-1,-1.66235,-37.09,-1.921016643,223.2955026,-1.172319262,0.5373971825
0.686,-1.01,-1.01,-1.679567804,-37.29,-1.928841275,221.054549,-1.226282137,0.5323303036
0.687,-1.05,-1.05,-1.748556705,-38.68,-1.982588323,222.449744,-1.192621504,0.5506901276
0.688,-1.09,-1.09,-1.8177339,-40.02,-2.033367014,225.8538317,-1.11137201,0.5780237681
0.689,-1.13,-1.13,-1.88709939,-41.18,-2.076519604,229.1665478,-1.03347069,0.6067862634
0.69,-1.16,-1.16,-1.939247075,-42.31,-2.11785063,233.0075736,-0.9445433348,0.6332454602
0.691,-1.2,-1.2,-2.00894208,-43.44,-2.15849728,237.4530777,-0.8434332642,0.6692167091
0.692,-1.23,-1.23,-2.061336902,-44.56,-2.198120546,240.6587236,-0.771690786,0.6940969212
0.693,-1.27,-1.27,-2.131361422,-45.69,-2.237439725,240.3835461,-0.7778116607,0.7068602744
0.694,-1.3,-1.3,-2.18400338,-46.81,-2.275770505,239.698879,-0.7930714229,0.7116702103
0.695,-1.34,-1.34,-2.254357415,-47.94,-2.313809104,239.3278346,-0.8013594275,0.7236710927
0.696,-1.37,-1.37,-2.30724651,-49.06,-2.350893876,237.9804113,-0.8315652055,0.7249885862
0.697,-1.41,-1.41,-2.37793006,-50.18,-2.387375738,238.6300915,-0.8169797493,0.7420930886
0.698,-1.44,-1.44,-2.431066291,-51.3,-2.423266207,240.5149957,-0.7748869061,0.7601469365
0.699,-1.48,-1.48,-2.502079357,-52.42,-2.458576799,240.4250392,-0.7768882655,0.7733291218
0.7,-1.51,-1.51,-2.555462724,-53.54,-2.49331903,238.3190624,-0.8239574557,0.7703496333
0.701,-1.55,-1.55,-2.626805305,-54.66,-2.527504417,235.536315,-0.8867946451,0.7693541946
0.702,-1.58,-1.58,-2.680435809,-55.77,-2.560846497,232.0033963,-0.9676497015,0.7596538746
0.703,-1.62,-1.62,-2.752107905,-56.89,-2.593957459,231.3956094,-0.9816836615,0.7696823624
0.704,-1.65,-1.65,-2.805985545,-58,-2.626257331,232.7578744,-0.9502796597,0.7845537604
0.705,-1.69,-1.69,-2.877987156,-59.11,-2.658055301,234.2821201,-0.9153586934,0.8053886732
0.706,-1.72,-1.72,-2.932111933,-60.23,-2.689642433,236.5997445,-0.8626941441,0.8254037502
0.707,-1.75,-1.75,-2.986342625,-61.34,-2.720465965,236.8208951,-0.8576958165,0.83460246
0.708,-1.79,-1.79,-3.058814972,-62.45,-2.750821328,234.6007473,-0.9080875577,0.8359910202
0.709,-1.82,-1.82,-3.113292801,-63.55,-2.780452385,233.2806535,-0.9382769189,0.8371926394
0.71,-1.86,-1.86,-3.186094663,-64.66,-2.809909008,229.7263852,-1.020416961,0.8318077073
0.711,-1.89,-1.89,-3.240819628,-65.79,-2.839449996,225.7426701,-1.114005841,0.8197434755
0.712,-1.93,-1.93,-3.313951006,-66.95,-2.86931913,224.3292789,-1.147607883,0.8249965696
0.713,-1.96,-1.96,-3.368923107,-68.13,-2.899242218,224.0878145,-1.153369637,0.8312967606
0.714,-2,-2,-3.442384,-69.31,-2.928713725,226.3269735,-1.100176005,0.8544249733
0.715,-2.04,-2.04,-3.516033187,-70.5,-2.957991332,225.9866197,-1.108227467,0.8646935545
0.716,-2.07,-2.07,-3.571393646,-71.69,-2.986837183,219.8651524,-1.255145839,0.8419160631
0.717,-2.11,-2.11,-3.645372348,-72.97,-3.017398489,203.9560705,-1.656983187,0.779861937
0.718,-2.15,-2.15,-3.719539345,-74.16,-3.045392265,192.3015021,-1.971778076,0.7413619815
0.719,-2.17,-2.17,-3.756693454,-74.77,-3.059590231,196.3074187,-1.861474829,0.7633903247
0.72,-2.17,-2.17,-3.756693454,-74.93,-3.063297586,209.7269314,-1.507708943,0.8218525678
0.721,-2.18,-2.18,-3.775288161,-75.21,-3.069768935,218.2721646,-1.294049269,0.8651341519
0.722,-2.15,-2.15,-3.719539345,-74.15,-3.045158664,217.9141284,-1.302832186,0.8554616312
0.723,-1.99,-1.99,-3.424001124,-69.52,-2.933912345,213.6235513,-1.409220782,0.7883712113
0.724,-1.73,-1.73,-2.950177062,-61.65,-2.728990225,212.7424287,-1.431333299,0.7091220297
0.725,-1.46,-1.46,-2.466549287,-53.39,-2.4886986,211.2735317,-1.468400916,0.6233225313
0.726,-1.3,-1.3,-2.18400338,-48.58,-2.335074899,211.2026027,-1.470197325,0.5739414295
0.727,-1.29,-1.29,-2.166444292,-48.2,-2.322472409,210.9059411,-1.477717381,0.5700884461
0.728,-1.34,-1.34,-2.254357415,-49.87,-2.377337761,210.3856946,-1.490930651,0.5827820552
0.729,-1.4,-1.4,-2.36024152,-51.87,-2.441308513,210.6446025,-1.484350805,0.6012344241
0.73,-1.46,-1.46,-2.466549287,-53.69,-2.497929472,210.7967893,-1.480486926,0.6199826867
0.731,-1.5,-1.5,-2.5376565,-55.03,-2.538677405,210.8202994,-1.479890275,0.6314828323
0.732,-1.53,-1.53,-2.591110478,-56.09,-2.570360749,211.452746,-1.463864663,0.6422820277
0.733,-1.56,-1.56,-2.644670371,-57.1,-2.600107259,209.2521648,-1.519833666,0.6419194885
0.734,-1.59,-1.59,-2.69833618,-58.15,-2.630583435,211.0505298,-1.474050892,0.6573877147
0.735,-1.63,-1.63,-2.77005535,-59.27,-2.662598066,215.6894041,-1.357732015,0.6890119204
0.736,-1.66,-1.66,-2.823968295,-60.4,-2.694393962,216.6130675,-1.334870212,0.7008645185
0.737,-1.68,-1.68,-2.859969101,-61.18,-2.716052075,210.5252678,-1.487382555,0.6803886233
0.738,-1.68,-1.68,-2.859969101,-61.17,-2.715775883,199.7415694,-1.768692536,0.6377498587
0.739,-1.66,-1.66,-2.823968295,-60.36,-2.693276965,188.4033537,-2.081342336,0.5914541281
0.74,-1.61,-1.61,-2.734172228,-58.86,-2.650936808,184.0269198,-2.20708399,0.5628160812
0.741,-1.56,-1.56,-2.644670371,-57.57,-2.613804938,185.0941962,-2.176145936,0.5521289133
0.742,-1.57,-1.57,-2.662547206,-57.85,-2.621922061,187.7404145,-2.100200702,0.5638454016
0.743,-1.62,-1.62,-2.752107905,-59.31,-2.663732168,188.02489,-2.092100199,0.5786805951
0.744,-1.65,-1.65,-2.805985545,-60.54,-2.698298571,188.1661595,-2.088082069,0.5862437102
0.745,-1.7,-1.7,-2.89601698,-62.12,-2.741844999,188.354894,-2.082718601,0.6002650644
0.746,-1.8,-1.8,-3.07696248,-65.4,-2.8293046,188.5098701,-2.078318496,0.6269761186
0.747,-1.96,-1.96,-3.368923107,-70.83,-2.966033276,188.7645498,-2.071095442,0.6688181493
0.748,-2.12,-2.12,-3.663896445,-76.2,-3.092483594,187.7094287,-2.10108377,0.7054681664
0.749,-2.18,-2.18,-3.775288161,-78.2,-3.137608123,188.3716216,-2.082243494,0.723255839
0.75,-2.14,-2.14,-3.700979943,-77.01,-3.110879752,190.0570583,-2.034587773,0.719269906
0.751,-2.05,-2.05,-3.534474905,-74.49,-3.053085713,191.9392563,-1.981865583,0.7019879037
0.752,-1.96,-1.96,-3.368923107,-71.88,-2.991403772,194.285555,-1.916862757,0.6863773773
0.753,-1.9,-1.9,-3.25908482,-70.05,-2.946971479,196.6260765,-1.852797435,0.6790086937
0.754,-1.87,-1.87,-3.20432455,-69.17,-2.925240275,199.4168308,-1.777397611,0.6813887499
0.755,-1.87,-1.87,-3.20432455,-69.01,-2.921263036,200.9395752,-1.736700264,0.687923958
0.756,-1.86,-1.86,-3.186094663,-68.68,-2.913034307,204.4721175,-1.643463783,0.6992419618
0.757,-1.82,-1.82,-3.113292801,-67.41,-2.88103863,209.9341519,-1.502425491,0.7102357212
0.758,-1.74,-1.74,-2.968253959,-65.2,-2.824081408,215.537105,-1.361511004,0.7091598194
0.759,-1.65,-1.65,-2.805985545,-62.37,-2.748648968,222.0627845,-1.201936129,0.7102708779
0.76,-1.55,-1.55,-2.626805305,-59.22,-2.661179545,224.8323448,-1.135623761,0.6918465596
0.761,-1.43,-1.43,-2.413342446,-55.7,-2.558759454,222.2764086,-1.196791911,0.6426066937
0.762,-1.31,-1.31,-2.201574236,-51.9,-2.442253977,216.3269342,-1.341941923,0.5817812541
0.763,-1.21,-1.21,-2.026395252,-48.79,-2.342009385,215.2272909,-1.369206653,0.5460192107
0.764,-1.17,-1.17,-1.956653174,-47.39,-2.295373599,219.8745064,-1.254918233,0.5511246022
0.765,-1.18,-1.18,-1.974071041,-47.76,-2.307792043,224.4122274,-1.14563002,0.5716275058
0.766,-1.2,-1.2,-2.00894208,-48.51,-2.332758659,230.2304552,-1.008690752,0.6012187626
0.767,-1.18,-1.18,-1.974071041,-47.83,-2.3101339,229.7060725,-1.020890038,0.5926318986
0.768,-1.1,-1.1,-1.83505762,-45.46,-2.229489695,224.472338,-1.144197172,0.5439324076
0.769,-1,-1,-1.66235,-42.15,-2.112040313,222.6207375,-1.188510627,0.5036583377
0.77,-0.9,-0.9,-1.49081922,-38.87,-1.989849635,226.2532759,-1.101918379,0.482189871
0.771,-0.84,-0.84,-1.388465635,-36.56,-1.900169232,231.0264851,-0.9902248423,0.4803724334
0.772,-0.82,-0.82,-1.354441921,-36.02,-1.878760009,238.3687637,-0.8228418336,0.5013477187
0.773,-0.83,-0.83,-1.371447894,-36.25,-1.887899623,243.7105596,-0.7042730567,0.5290727368
0.774,-0.78,-0.78,-1.286535713,-34.82,-1.830568699,239.6951476,-0.793154705,0.4903473097
0.775,-0.66,-0.66,-1.083946855,-30.31,-1.641641582,239.3782521,-0.8002324997,0.4438995701
0.776,-0.48,-0.48,-0.7832410368,-23.68,-1.34026699,243.7132416,-0.7042141802,0.383100147
0.777,-0.34,-0.34,-0.5519948552,-17.9,-1.05291414,248.2101006,-0.6063986728,0.3326647338
0.778,-0.27,-0.27,-0.4372367418,-14.81,-0.8893084186,251.0246534,-0.5460742787,0.3046133568
0.779,-0.24,-0.24,-0.3882312192,-13.46,-0.81556257,254.2747953,-0.4772497462,0.300299753
0.78,-0.22,-0.22,-0.3556197128,-12.43,-0.7583514979,254.3985685,-0.4746461645,0.2884188054
0.781,-0.2,-0.2,-0.32305528,-11.46,-0.703715802,253.9116886,-0.4848950549,0.2717923012
0.782,-0.19,-0.19,-0.3067907162,-11.39,-0.6997443954,254.4148446,-0.4743038882,0.2613101356
0.783,-0.22,-0.22,-0.3556197128,-12.27,-0.7493902264,256.1213111,-0.4385390182,0.2993610221
0.784,-0.29,-0.29,-0.4699659322,-14.52,-0.8735844314,257.4376594,-0.4111128447,0.3658184235
0.785,-0.42,-0.42,-0.6838530888,-18.94,-1.106386066,257.5374023,-0.4090404156,0.4512611446
0.786,-0.61,-0.61,-1.000034988,-25.41,-1.421728351,261.5028243,-0.3272917603,0.5717687188
0.787,-0.84,-0.84,-1.388465635,-32.91,-1.752084242,267.0227633,-0.2155365374,0.7056571316
0.788,-1.03,-1.03,-1.714038718,-39.27,-2.005070104,264.2230037,-0.2719279595,0.7527624839
0.789,-1.12,-1.12,-1.869740365,-42.24,-2.115310306,249.6594592,-0.575249588,0.6949261262
0.79,-1.09,-1.09,-1.8177339,-41.3,-2.080941573,234.7282256,-0.9051812436,0.6087271059
0.791,-0.97,-0.97,-1.610767198,-37.33,-1.93040343,227.7922002,-1.065652072,0.537629292
0.792,-0.94,-0.94,-1.559290311,-36.21,-1.886312353,222.0950532,-1.201158759,0.5050380245
0.793,-1.19,-1.19,-1.991500676,-44.48,-2.195311978,216.3481049,-1.341418375,0.5630908996
0.794,-1.65,-1.65,-2.805985545,-59.72,-2.675320221,214.5639206,-1.385721805,0.6909521071
0.795,-2.08,-2.08,-3.589870669,-73.99,-3.041417309,210.0495664,-1.499485054,0.7905632805
0.796,-2.28,-2.28,-3.961882493,-80.68,-3.192226724,203.4010765,-1.671561155,0.8145672861
0.797,-2.26,-2.26,-3.924469479,-80.08,-3.179142188,198.9183628,-1.790787364,0.7896428789
0.798,-2.2,-2.2,-3.81251288,-78.21,-3.137831261,198.6375737,-1.79834465,0.7723616314
0.799,-2.17,-2.17,-3.756693454,-77.44,-3.120578279,200.063381,-1.760079874,0.7697104234
0.8,-2.16,-2.16,-3.738110515,-77.09,-3.112687631,199.6891503,-1.770096747,0.7655694428
0.801,-2.14,-2.14,-3.700979943,-76.54,-3.100225814,182.808,-2.242638102,0.6926959026
0.802,-2.09,-2.09,-3.60835946,-75.11,-3.067460145,184.452,-2.19474038,0.6857130289
0.803,-2,-2,-3.442384,-72.44,-3.004801754,186.257,-2.142641152,0.6687561305
0.804,-1.89,-1.89,-3.240819628,-69.05,-2.922258106,187.905,-2.095512598,0.6458684184
0.805,-1.8,-1.8,-3.07696248,-66.44,-2.856243126,189.585,-2.047892479,0.6274219817
0.806,-1.78,-1.78,-3.040679233,-65.96,-2.843855968,191.305,-1.999573738,0.6277946449
0.807,-1.78,-1.78,-3.040679233,-65.76,-2.838671442,193.035,-1.951410328,0.6347864982
0.808,-1.65,-1.65,-2.805985545,-61.81,-2.733375636,194.858,-1.901122637,0.6054561638
0.809,-1.42,-1.42,-2.395630369,-54.84,-2.532947333,196.913,-1.844996222,0.5472044897
0.81,-1.28,-1.28,-2.148896973,-50.41,-2.394793978,199.332,-1.779673955,0.5147714649
0.811,-1.33,-1.33,-2.236751254,-52.24,-2.452940514,202.46,-1.69637146,0.5390655771
0.812,-1.51,-1.51,-2.555462724,-58.28,-2.634325334,212.943,-1.426291753,0.6293286634
0.813,-1.61,-1.61,-2.734172228,-61.83,-2.733923134,217.85,-1.304406832,0.6770551815
0.814,-1.56,-1.56,-2.644670371,-60.38,-2.693835541,220.677,-1.235427456,0.6730703375
0.815,-1.45,-1.45,-2.448801905,-56.82,-2.591903448,222.155,-1.199714908,0.6458460939
0.816,-1.32,-1.32,-2.219156861,-52.84,-2.471671122,224.668,-1.139535859,0.6145194316
0.817,-1.18,-1.18,-1.974071041,-48.59,-2.335405597,226.072,-1.106206559,0.5735890483
0.818,-1.05,-1.05,-1.748556705,-44.19,-2.185103088,228.455,-1.050107947,0.540476861
0.819,-0.9,-0.9,-1.49081922,-39.51,-2.014159276,226.613,-1.093419074,0.4797366478
0.82,-0.77,-0.77,-1.269588582,-34.84,-1.831378897,228.919,-1.039252932,0.4422679944
0.821,-0.7,-0.7,-1.15128818,-32.38,-1.729911893,227.979,-1.061266629,0.4124738604
0.822,-0.76,-0.76,-1.252653219,-34.55,-1.819607612,230.641,-0.9991591767,0.4443976082
0.823,-0.91,-0.91,-1.50791934,-40.25,-2.041982054,229.555,-1.024409769,0.4917569011
0.824,-1.06,-1.06,-1.765833351,-45.75,-2.239509219,227.831,-1.064740884,0.5344127399
0.825,-1.13,-1.13,-1.88709939,-48.15,-2.320808953,227.471,-1.073201204,0.5560087631
0.826,-1.11,-1.11,-1.852393108,-47.71,-2.306117815,226.321,-1.10031721,0.5437922916
0.827,-1.08,-1.08,-1.800421949,-46.72,-2.272713638,224.921,-1.133514581,0.5285676218
0.828,-1.06,-1.06,-1.765833351,-46.09,-2.25120188,222.048,-1.202292334,0.5113178833
0.829,-1.05,-1.05,-1.748556705,-45.52,-2.231566214,227.145,-1.080874055,0.5278756938
0.83,-1.03,-1.03,-1.714038718,-44.95,-2.211764961,226.81,-1.088770213,0.5193214516
0.831,-1.01,-1.01,-1.679567804,-44.38,-2.191796604,227.193,-1.079743619,0.5133874841
0.832,-0.99,-0.99,-1.645143964,-43.8,-2.17130483,225.37,-1.122845254,0.4994137857
0.833,-0.97,-0.97,-1.610767198,-43.2,-2.149921015,226.552,-1.094859388,0.4964179383
0.834,-0.96,-0.96,-1.593596467,-42.78,-2.134839209,229.323,-1.029819486,0.5035602954
0.835,-0.96,-0.96,-1.593596467,-42.86,-2.137719152,230.997,-0.9909076879,0.5093597124
0.836,-0.98,-0.98,-1.627949697,-43.42,-2.157783752,232.94,-0.9460950915,0.5244888022
0.837,-0.99,-0.99,-1.645143964,-43.8,-2.17130483,233.527,-0.9326302519,0.5300188055
0.838,-0.98,-0.98,-1.627949697,-43.5,-2.160636602,235.478,-0.8881193823,0.5339717922
0.839,-0.94,-0.94,-1.559290311,-42.01,-2.106945005,236.542,-0.8640000245,0.5248465709
0.84,-0.84,-0.84,-1.388465635,-38.81,-1.987558792,239.372,-0.8003722326,0.498027255
0.841,-0.7,-0.7,-1.15128818,-33.94,-1.7946825,243.122,-0.7172089022,0.4583351728
0.842,-0.53,-0.53,-0.8663879578,-28.05,-1.542162911,245.458,-0.6660496438,0.3923480808
0.843,-0.39,-0.39,-0.6343179882,-22.35,-1.276241461,247.376,-0.6244074202,0.3337375958
0.844,-0.28,-0.28,-0.4535954528,-18.05,-1.060675352,245.318,-0.6691019529,0.2622276588
0.845,-0.23,-0.23,-0.3719195818,-15.71,-0.937700171,246.775,-0.6374210601,0.2361212423
0.846,-0.22,-0.22,-0.3556197128,-15.28,-0.9146562267,251.383,-0.5384424101,0.2447319843
0.847,-0.25,-0.25,-0.404554625,-16.5,-0.9796738376,254.743,-0.4674076714,0.2795658866
0.848,-0.31,-0.31,-0.5027421962,-18.98,-1.108426905,255.995,-0.4411781235,0.3244324759
0.849,-0.39,-0.39,-0.6343179882,-22.13,-1.265532011,256.952,-0.4212152192,0.3760598961
0.85,-0.49,-0.49,-0.7998468842,-26.1,-1.453653211,257.877,-0.4019903685,0.4310347595
0.851,-0.63,-0.63,-1.03356443,-31.44,-1.690160039,255.866,-0.4438747541,0.4843240761
0.852,-0.78,-0.78,-1.286535713,-37.02,-1.918272556,256.952,-0.4212152192,0.5499219644
0.853,-0.84,-0.84,-1.388465635,-39.57,-2.016426534,259.291,-0.3727351986,0.5811517975
0.854,-0.75,-0.75,-1.235729625,-36.5,-1.89779885,260.681,-0.3441316672,0.5511899747
0.855,-0.51,-0.51,-0.8330938842,-27.89,-1.534994891,264.478,-0.2667672729,0.4623772776
0.856,-0.24,-0.24,-0.3882312192,-17.11,-1.011764478,267.617,-0.2036437899,0.3194245336
0.857,-0.07,-0.07,-0.1125338858,-9.22,-0.5746982424,269.104,-0.1739990756,0.1503062494
0.858,-0.01,-0.01,-0.0160409642,-6.43,-0.4083276759,270.005,-0.1561164044,0.0284190494
0.859,-0.02,-0.02,-0.0320936968,-6.87,-0.4349899143,267.282,-0.2103450559,0.04973184203
0.86,-0.08,-0.08,-0.1286572288,-8.67,-0.5424040379,265.901,-0.2380592423,0.1648472543
0.861,-0.18,-0.18,-0.2905379208,-12.23,-0.747146781,262.364,-0.3097021972,0.2749095914
0.862,-0.35,-0.35,-0.568435945,-17.92,-1.053949925,257.443,-0.4110018586,0.3880236548
0.863,-0.58,-0.58,-0.9498290888,-25.52,-1.426839268,247.983,-0.6112959127,0.4660285038
0.864,-0.86,-0.86,-1.422536423,-34.68,-1.824890619,241.352,-0.7563009572,0.551116173
0.865,-1.19,-1.19,-1.991500676,-45.49,-2.230528184,236.254,-0.8705178469,0.6422028749
0.866,-1.52,-1.52,-2.573280717,-56.12,-2.571250485,228.013,-1.060468808,0.7085571623
0.867,-1.74,-1.74,-2.968253959,-63.33,-2.774561551,224.316,-1.147924578,0.7567277135
0.868,-1.82,-1.82,-3.113292801,-65.81,-2.83996886,220.142,-1.248413517,0.7614974612
0.869,-1.81,-1.81,-3.095121756,-65.72,-2.837632888,214.926,-1.37670122,0.7344272373
0.87,-1.85,-1.85,-3.167876545,-67.09,-2.872893379,209.15,-1.522446375,0.7207353066
0.871,-2,-2,-3.442384,-72.01,-2.994522171,204.802,-1.634839384,0.7435980014
0.872,-2.21,-2.21,-3.831142892,-78.79,-3.150732189,204.445,-1.644173358,0.7990027863
0.873,-2.37,-2.37,-4.13082359,-84.05,-3.264287485,203.085,-1.679881291,0.835494049
0.874,-2.42,-2.42,-4.225091649,-85.67,-3.298125237,199.146,-1.78466846,0.8312538145
0.875,-2.38,-2.38,-4.149653665,-84.64,-3.276668168,196.724,-1.850133696,0.809403947
0.876,-2.34,-2.34,-4.074403975,-83.44,-3.251416159,197.387,-1.832133421,0.801487998
0.877,-2.35,-2.35,-4.093198745,-83.83,-3.259653779,196.92,-1.84480604,0.8018867598
0.878,-2.4,-2.4,-4.18734912,-85.33,-3.291063938,201.518,-1.721321874,0.8354004016
0.879,-2.43,-2.43,-4.243980566,-86.19,-3.308884612,202.278,-1.701182968,0.847090483
0.88,-2.4,-2.4,-4.18734912,-85.36,-3.291687842,205.176,-1.62507837,0.8516469851
0.881,-2.32,-2.32,-4.036849741,-82.98,-3.241661084,205.622,-1.613461463,0.8314619666
0.882,-2.21,-2.21,-3.831142892,-79.77,-3.172350027,206.163,-1.599403877,0.802879396
0.883,-2.09,-2.09,-3.60835946,-76.41,-3.097269057,207.432,-1.566573831,0.7736880394
0.884,-1.99,-1.99,-3.424001124,-73.23,-3.023548711,209.025,-1.525644796,0.7526611297
0.885,-1.9,-1.9,-3.25908482,-70.77,-2.964573561,208.123,-1.548781465,0.7220980404
0.886,-1.86,-1.86,-3.186094663,-69.56,-2.934900992,206.46,-1.591702172,0.7038599471
0.887,-1.87,-1.87,-3.20432455,-69.9,-2.943284345,205.745,-1.61026213,0.7036986593
0.888,-1.92,-1.92,-3.295650509,-71.41,-2.980088036,202.767,-1.688265138,0.7059556949
0.889,-1.96,-1.96,-3.368923107,-72.8,-3.013366796,203.586,-1.666699376,0.7198451867
0.89,-1.97,-1.97,-3.387270678,-73.21,-3.023076297,203.444,-1.670432271,0.721692659
0.891,-1.96,-1.96,-3.368923107,-72.89,-3.015502249,201.236,-1.728813793,0.7100966878
0.892,-1.94,-1.94,-3.332263271,-72.29,-3.001221955,201.642,-1.718030872,0.7060997563
0.893,-1.92,-1.92,-3.295650509,-71.64,-2.98563368,203.441,-1.670511163,0.7078066985
0.894,-1.89,-1.89,-3.240819628,-70.9,-2.967734903,204.728,-1.63677282,0.703836289
0.895,-1.86,-1.86,-3.186094663,-70.04,-2.946725886,206.092,-1.601246668,0.7005527463
0.896,-1.84,-1.84,-3.149670195,-69.2,-2.925985106,203.611,-1.666042446,0.6858996728
0.897,-1.82,-1.82,-3.113292801,-68.7,-2.913534006,207.737,-1.558713176,0.69613612
0.898,-1.83,-1.83,-3.131475614,-69.17,-2.925240275,205.344,-1.620699533,0.6888510949
0.899,-1.84,-1.84,-3.149670195,-69.22,-2.926481502,207.558,-1.563325078,0.7015157867
0.9,-1.7,-1.7,-2.89601698,-65.04,-2.819892826,210.416,-1.490160057,0.6719214493
0.901,-1.43,-1.431192661,-2.415455681,-57,-2.597181069,216.303,-1.342533875,0.6131041751
0.902,-1.2,-1.202003339,-2.012437599,-49.95,-2.379932558,223.143,-1.175974363,0.5659421476
0.903,-1.14,-1.142857143,-1.909435429,-47.81,-2.309465044,226.274,-1.101428358,0.5598050727
0.904,-1.2,-1.204013378,-2.015945284,-50.08,-2.384142643,227.843,-1.064459104,0.5845688868
0.905,-1.23,-1.235146444,-2.070335778,-51.04,-2.414986594,229.38,-1.028489868,0.601234189
0.906,-1.17,-1.175879397,-1.966892404,-49.1,-2.352207112,230.841,-0.9945219424,0.5877058977
0.907,-1.12,-1.126571668,-1.881146814,-47.68,-2.305112688,231.238,-0.9853289234,0.5717004088
0.908,-1.13,-1.137583893,-1.900272135,-48.01,-2.316144783,230.517,-1.002036282,0.5726848829
0.909,-1.17,-1.17884131,-1.972052247,-49.19,-2.355159087,228.145,-1.057372513,0.5778854172
0.91,-1.19,-1.2,-2.00894208,-49.98,-2.380904825,221.887,-1.206172857,0.5600497837
0.911,-1.21,-1.221194281,-2.045946784,-50.55,-2.39929726,217.47,-1.31374709,0.5510159834
0.912,-1.24,-1.252525253,-2.10074674,-51.62,-2.433413615,215.394,-1.365064294,0.5530496137
0.913,-1.28,-1.294018534,-2.173499057,-53.17,-2.481903844,213.021,-1.424332433,0.5564177135
0.914,-1.33,-1.345699831,-2.264397896,-54.82,-2.532343258,209.946,-1.50212356,0.5612632345
0.915,-1.37,-1.387341772,-2.337867839,-56.42,-2.580126957,206.774,-1.583571668,0.5614882464
0.916,-1.42,-1.439189189,-2.429628784,-58.08,-2.628565725,203.201,-1.676826301,0.5643223125
0.917,-1.47,-1.49112426,-2.521862017,-59.83,-2.67841794,199.218,-1.78273455,0.565293839
0.918,-1.52,-1.543147208,-2.614569543,-61.64,-2.728715816,195.139,-1.893413089,0.5656634846
0.919,-1.57,-1.595258256,-2.707753374,-63.42,-2.77697356,193.073,-1.950357255,0.5727869447
0.92,-1.63,-1.657627119,-2.819700137,-65.21,-2.824342898,191.917,-1.982485978,0.5866029787
0.921,-1.68,-1.709923664,-2.913920806,-67.28,-2.877733715,194.81,-1.902440682,0.6095846226
0.922,-1.76,-1.79286927,-3.064020778,-69.91,-2.94353037,200.945,-1.736555831,0.6546932356
0.923,-1.84,-1.87595582,-3.215187534,-72.81,-3.013604183,199.849,-1.765815823,0.672715001
0.924,-1.9,-1.93877551,-3.330020321,-74.81,-3.060517716,204.793,-1.635074494,0.7091800505
0.925,-1.92,-1.960851064,-3.370484144,-75.4,-3.074148306,203.957,-1.656958806,0.7124091813
0.926,-1.89,-1.931856899,-3.31735052,-74.49,-3.053085713,212.653,-1.433582707,0.7393794704
0.927,-1.78,-1.820971867,-3.115059412,-71.29,-2.977188417,217.617,-1.310131951,0.7265749105
0.928,-1.61,-1.648464164,-2.803224732,-66.42,-2.855728556,221.374,-1.218556311,0.6880286536
0.929,-1.46,-1.496157131,-2.530816931,-61.66,-2.729264596,223.042,-1.178396452,0.6476551829
0.93,-1.36,-1.394871795,-2.351175039,-58.76,-2.648082413,224.775,-1.136988483,0.6211706738
0.931,-1.34,-1.375534645,-2.317015494,-58.03,-2.627123284,230.226,-1.00879428,0.6372574333
0.932,-1.31,-1.345890411,-2.264733675,-57.24,-2.604196961,233.02,-0.9442580239,0.638230916
0.933,-1.24,-1.275064267,-2.140240423,-54.93,-2.535663524,237.69,-0.8380978837,0.6343781212
0.934,-1.13,-1.162950257,-1.944381098,-51.64,-2.434046262,240.256,-0.7806510931,0.6048411043
0.935,-1.03,-1.060944206,-1.767465231,-48.29,-2.325463557,241.702,-0.7485481994,0.5749702248
0.936,-0.94,-0.9690721649,-1.609173542,-45.6,-2.234332051,243.168,-0.7161967489,0.545384794
0.937,-0.89,-0.9183147034,-1.522146543,-43.81,-2.171659624,244.712,-0.6823342107,0.5333391141
0.938,-0.83,-0.8571428571,-1.417666286,-41.72,-2.096356842,246.46,-0.6442545177,0.5172810369
0.939,-0.69,-0.7131782946,-1.173515512,-37.15,-1.92336646,248.533,-0.599443319,0.4651621067
0.94,-0.44,-0.4551724138,-0.7420636058,-28.26,-1.551545578,251.063,-0.5452570737,0.3539024548
0.941,-0.15,-0.1553062985,-0.2504541639,-16.85,-0.9981203935,253.74,-0.4885138124,0.1684706049
0.942,-4.440892099e-15,-4.601960724e-15,-7.37604422e-15,-9.78,-0.6073287432,256.698,-0.4265063712,7.134642766e-15
0.943,-0.04,-0.04148660328,-0.06662537548,-11.93,-0.730280995,259.221,-0.3741797168,0.06032389814
0.944,-0.19,-0.1972318339,-0.3185518006,-18.86,-1.102300896,261.902,-0.3191313825,0.22410621
0.945,-0.28,-0.2909090909,-0.4714547412,-23.01,-1.308167003,263.736,-0.2817979332,0.2965189549
0.946,-0.24,-0.2495667244,-0.4038471278,-21.48,-1.233691807,265.863,-0.2388238672,0.2742565903
0.947,-0.13,-0.1352992194,-0.2180305353,-17.12,-1.012288247,267.878,-0.1984286148,0.1800838347
0.948,-0.03,-0.03125,-0.05016708789,-12.29,-0.7505114797,270.041,-0.1554031319,0.05537728087
0.949,0.07,0.07298001738,0.1167106443,-7.44,-0.4692918355,273.313,-0.09096848485,-0.208315028
0.95,0.18,0.187826087,0.2991047674,-1.54,-0.1010373766,276.761,-0.02389735768,-2.394088154
0.951,0.29,0.3028720627,0.4802601113,2.19,0.1472958702,278.283,0.005443452813,3.144312164
0.952,0.4,0.4181184669,0.6601693686,4.89,0.334848915,280.46,0.04713349255,1.728271657
0.953,0.51,0.5335658239,0.8388251917,7.61,0.5305942766,280.353,0.04509199206,1.457087371
0.954,0.51,0.5340314136,0.8395425204,7.83,0.5467300784,279.52,0.02917211992,1.457786622
0.955,0.28,0.2934497817,0.4654820246,1.78,0.1193938454,273.432,-0.0886396112,15.13554269
0.956,-0.18,-0.1888111888,-0.3048579493,-14.68,-0.882267665,264.062,-0.2751889645,0.263386067
0.957,-0.62,-0.6509186352,-1.068684304,-30.5,-1.649855876,256.52,-0.4302174648,0.5137724151
0.958,-0.79,-0.8301225919,-1.371656446,-36.64,-1.903326477,249.24,-0.5842458192,0.551403651
0.959,-0.71,-0.7467134093,-1.230170102,-33.81,-1.789341574,240.111,-0.7838809154,0.4780659686
0.96,-0.61,-0.6421052632,-1.053881434,-30.32,-1.642074484,232.463,-0.95706172,0.4054737234
0.961,-0.65,-0.6848112379,-1.125695221,-31.85,-1.707566127,226.695,-1.091483524,0.4021705085
0.962,-0.81,-0.8541300527,-1.412531856,-37.24,-1.926887284,219.013,-1.275921633,0.4410290756
0.963,-0.98,-1.034300792,-1.721457478,-43.49,-2.16028018,222.198,-1.19867947,0.5124972187
0.964,-1.13,-1.193661972,-1.997886303,-48.78,-2.341679655,223.14,-1.17604629,0.5679482524
0.965,-1.21,-1.279295154,-2.147660601,-51.57,-2.431831192,222.622,-1.188480285,0.5932253661
0.966,-1.19,-1.259259259,-2.112540049,-50.89,-2.410195624,222.332,-1.195454041,0.5858972018
0.967,-1.08,-1.143865843,-1.911188613,-47.31,-2.292679647,222.544,-1.190355092,0.5487136238
0.968,-0.94,-0.9964664311,-1.656268784,-42.78,-2.134839209,220.994,-1.227747756,0.492557903
0.969,-0.83,-0.8806366048,-1.457741038,-39.17,-2.00127342,223.664,-1.163497606,0.4606150099
0.97,-0.76,-0.807079646,-1.332487027,-36.69,-1.905297862,222.759,-1.185188946,0.4311576492
0.971,-0.71,-0.7546501329,-1.243597857,-34.93,-1.835021833,227.486,-1.072848424,0.4276662118
0.972,-0.66,-0.7021276596,-1.15487544,-33.4,-1.772429985,236.578,-0.8631858547,0.4381804897
0.973,-0.62,-0.6601597161,-1.084215368,-31.92,-1.710527437,243.943,-0.699172894,0.4499378425
0.974,-0.59,-0.6287744227,-1.03150843,-30.66,-1.656755457,250.255,-0.5625028289,0.4647987287
0.975,-0.55,-0.5866666667,-0.9609768021,-29.45,-1.604173865,251.86,-0.5283003882,0.4506393456
0.976,-0.51,-0.5444839858,-0.8905288918,-27.87,-1.534097712,252.79,-0.508581749,0.4359611525
0.977,-0.45,-0.4808548531,-0.7846601328,-25.63,-1.431942035,251.283,-0.5405710602,0.3977971729
0.978,-0.37,-0.3957219251,-0.6437576853,-22.43,-1.280127407,255.616,-0.4491046551,0.3722795218
0.979,-0.3,-0.3211418376,-0.5210220036,-19.5,-1.134852121,254.713,-0.4680377552,0.3250516529
0.98,-0.29,-0.3107142857,-0.5039136477,-19,-1.109446888,252.019,-0.5249239822,0.3083227049
0.981,-0.35,-0.3753351206,-0.6101423209,-21.31,-1.225315202,247.487,-0.622007362,0.3302846686
0.982,-0.48,-0.5152057245,-0.8417553412,-25.88,-1.443508978,242.482,-0.7313109359,0.3870459967
0.983,-0.61,-0.6553267681,-1.076091599,-30.67,-1.657186144,238.001,-0.8311023752,0.4324625504
0.984,-0.71,-0.7634408602,-1.258479113,-34.09,-1.800832412,233.326,-0.9372370556,0.4596227844
0.985,-0.77,-0.8286995516,-1.369235689,-36.18,-1.885121286,232.417,-0.9581204878,0.4815755388
0.986,-0.8,-0.8617594255,-1.425535927,-37.35,-1.931184161,230.905,-0.993038876,0.4874922018
0.987,-0.83,-0.8948787062,-1.482066303,-38.23,-1.965308913,231.171,-0.9868792825,0.5020229757
0.988,-0.84,-0.9064748201,-1.501889897,-38.62,-1.980291037,231.484,-0.9796404101,0.507406987
0.989,-0.81,-0.8748874887,-1.447928409,-37.75,-1.946750432,228.067,-1.059201925,0.4816870784
0.99,-0.75,-0.8108108108,-1.338825186,-35.46,-1.856376878,232.828,-0.9486680463,0.4772918875
0.991,-0.65,-0.703336339,-1.156913525,-32,-1.713908066,235.769,-0.8815120184,0.4457519351
0.992,-0.55,-0.59566787,-0.9760365258,-28.6,-1.566675717,238.988,-0.8089615814,0.4108525012
0.993,-0.51,-0.5528455285,-0.9044765893,-26.77,-1.484347965,240.93,-0.7656635317,0.4019875412
0.994,-0.52,-0.5641952984,-0.9234220443,-27.19,-1.503437456,244.228,-0.6929261068,0.4204322362
0.995,-0.58,-0.6298642534,-1.033336696,-29.47,-1.605050575,247.796,-0.6153317837,0.4653868248
0.996,-0.67,-0.7282608696,-1.198979803,-32.46,-1.733269745,250.595,-0.555239176,0.5239130998
0.997,-0.75,-0.8159564823,-1.347568867,-35.15,-1.843906461,250.444,-0.5584638751,0.560933028
0.998,-0.81,-0.8820326679,-1.460124434,-37.47,-1.935863705,249.288,-0.5832155862,0.5796262305
0.999,-0.87,-0.9482288828,-1.573399678,-39.54,-2.015293156,247.023,-0.6320472023,0.5943322223
1,-0.93,-1.014545455,-1.687397969,-41.61,-2.092328755,243.675,-0.7050537276,0.6032060256
1.001,-0.99,-1.080982712,-1.802122693,-43.5,-2.160636602,239.882,-0.7889857819,0.6109672556
1.002,-1.02,-1.114754098,-1.860638697,-44.71,-2.203377687,235.528,-0.8869835156,0.6020780664
1.003,-1.03,-1.126709207,-1.881385595,-44.94,-2.211416083,232.676,-0.952161894,0.5947018244
1.004,-1,-1.094890511,-1.826204614,-44.07,-2.180865926,228.335,-1.052918867,0.5647266999
1.005,-1.01,-1.106849315,-1.846929972,-44.2,-2.185455846,226.501,-1.096063883,0.5628276301
1.006,-1.08,-1.18464351,-1.982163046,-46.96,-2.280856301,224.688,-1.139059621,0.5795940867
1.007,-1.2,-1.31747484,-2.214715856,-51.05,-2.415305621,227.118,-1.08151003,0.6333521916
1.008,-1.31,-1.43956044,-2.430286974,-54.65,-2.52720162,228.105,-1.058310595,0.677807473
1.009,-1.35,-1.48487626,-2.510749188,-56.26,-2.57539756,230.899,-0.993177896,0.7035718366
1.01,-1.35,-1.486238532,-2.513171763,-56.09,-2.570360749,233.001,-0.9446942703,0.7149736629
1.011,-1.31,-1.443526171,-2.437318828,-54.85,-2.533249305,237.259,-0.847807771,0.7208747955
1.012,-1.21,-1.334558824,-2.244776132,-51.8,-2.43910083,239.356,-0.800729847,0.692868349
1.013,-1.06,-1.170193192,-1.956989562,-46.9,-2.278823328,241.832,-0.7456714627,0.6470467623
1.014,-0.86,-0.9502762431,-1.576911351,-40.68,-2.058010061,245.842,-0.6576865238,0.5806655134
1.015,-0.67,-0.7410138249,-1.220531826,-34.02,-1.797964144,249.954,-0.5689415383,0.5156655946
1.016,-0.58,-0.6420664207,-1.053816215,-30.86,-1.665357204,253.855,-0.4860896356,0.4898174546
1.017,-0.65,-0.7202216066,-1.185403581,-33.27,-1.767046425,257.563,-0.4085086837,0.5448740765
1.018,-0.77,-0.853974122,-1.412266148,-37.78,-1.947914198,260.13,-0.3554519008,0.6131314291
1.019,-0.83,-0.9213691027,-1.527374938,-39.79,-2.024722628,260.84,-0.3408694782,0.6456628486
1.02,-0.73,-0.8111111111,-1.33933538,-36.52,-1.898589211,261.653,-0.3242202465,0.6025416958
1.021,-0.54,-0.6005560704,-0.9842188659,-29.7,-1.615114317,262.843,-0.299943566,0.513936876
1.022,-0.35,-0.3896103896,-0.6336753719,-22.57,-1.286917052,266.696,-0.222087492,0.4199293995
1.023,-0.26,-0.2896935933,-0.469464155,-19,-1.109446888,268.437,-0.1872760232,0.3620389143
1.024,-0.33,-0.3680297398,-0.598108539,-21.37,-1.228273985,268.95,-0.1770615936,0.4255983752
1.025,-0.48,-0.5358139535,-0.8760752986,-26.75,-1.483436028,265.595,-0.2442195904,0.5070890804
1.026,-0.59,-0.6592178771,-1.082632002,-30.98,-1.670506155,261.399,-0.3294162886,0.5413369931
1.027,-0.57,-0.6374650513,-1.046091444,-30,-1.628190126,257.931,-0.4008701842,0.5155546331
1.028,-0.61,-0.6828358209,-1.122368652,-31.59,-1.696540279,253.084,-0.5023632038,0.5104219722
1.029,-0.89,-0.9971988796,-1.657529196,-41.36,-2.083149618,249.618,-0.5761380996,0.6232981804
1.03,-1.22,-1.368224299,-2.304113054,-53,-2.476638538,245.472,-0.6657445086,0.7332374886
1.031,-1.42,-1.594013096,-2.705523081,-60.05,-2.684599146,240.819,-0.7681289235,0.7835899689
1.032,-1.39,-1.561797753,-2.647883317,-59.28,-2.662881651,235.569,-0.8860522849,0.7461066799
1.033,-1.31,-1.473289597,-2.490153055,-56.83,-2.592197003,232.005,-0.9676127193,0.6995185836
1.034,-1.38,-1.553470919,-2.633004792,-59.17,-2.659760031,225.811,-1.112386699,0.6980122938
1.035,-1.52,-1.712676056,-2.9188886,-64.21,-2.798020152,222.238,-1.197716452,0.7305007535
1.036,-1.66,-1.872180451,-3.20830105,-69.07,-2.92275545,218.623,-1.285456957,0.7623904736
1.037,-1.75,-1.975540922,-3.39744199,-72.26,-3.000505213,217.654,-1.309222402,0.7883194238
1.038,-1.78,-2.011299435,-3.463169773,-73.53,-3.030621398,216.726,-1.332081685,0.793812851
1.039,-1.76,-1.990574929,-3.425057691,-72.98,-3.017635391,216.585,-1.33556348,0.7867909995
1.04,-1.71,-1.935849057,-3.324660525,-71.28,-2.976946588,209.111,-1.523444077,0.7387493159
1.041,-1.64,-1.858356941,-3.18310051,-69.17,-2.925240275,209.958,-1.501817776,0.7190103391
1.042,-1.57,-1.780718336,-3.041981597,-67.14,-2.874168314,217.623,-1.309984446,0.7270245068
1.043,-1.49,-1.691579943,-2.880834983,-64.78,-2.813067275,219.546,-1.262917447,0.7067825764
1.044,-1.41,-1.602272727,-2.720320902,-62.21,-2.744297111,222.977,-1.179955803,0.6932073344
1.045,-1.35,-1.535545024,-2.601002195,-60.62,-2.700526373,222.659,-1.187591184,0.6689618192
1.046,-1.35,-1.537001898,-2.603601699,-60.65,-2.701361162,219.883,-1.254711569,0.6581278645
1.047,-1.38,-1.572649573,-2.667285775,-61.57,-2.726793898,219.057,-1.274846919,0.666548023
1.048,-1.38,-1.574144487,-2.669959686,-61.63,-2.72844137,213.14,-1.421344595,0.6433969627
1.049,-1.34,-1.529971456,-2.591059567,-60.34,-2.692718233,214.173,-1.395478025,0.6337904062
1.05,-1.29,-1.474285714,-2.491923105,-58.68,-2.645796009,209.442,-1.514982303,0.5989079249
1.051,-1.25,-1.42993327,-2.413224214,-57.72,-2.618157391,209.911,-1.50301553,0.5855673275
1.052,-1.25,-1.43129771,-2.415641822,-57.63,-2.615547027,210.258,-1.494178846,0.5877866059
1.053,-1.27,-1.455587393,-2.458716613,-58.17,-2.631159558,211.993,-1.450213043,0.6024239524
1.054,-1.28,-1.468451243,-2.481557206,-58.72,-2.646939532,213.799,-1.404828639,0.6124627821
1.055,-1.28,-1.469856459,-2.484053439,-58.68,-2.645796009,216.235,-1.344216039,0.6225679042
1.056,-1.26,-1.448275862,-2.445743201,-58.11,-2.629430702,218.94,-1.277705158,0.6259683022
1.057,-1.23,-1.41514861,-2.387041789,-57.01,-2.597473875,222.512,-1.191124433,0.6300593504
1.058,-1.17,-1.347408829,-2.267409109,-55.29,-2.546493313,229.458,-1.026670925,0.6345661598
1.059,-1.08,-1.244956772,-2.087498382,-52.53,-2.462013965,242.844,-0.7233299072,0.6553447495
1.06,-0.93,-1.073076923,-1.788443646,-47.9,-2.312473353,249.192,-0.5852762506,0.6171836392
1.061,-0.74,-0.85466795,-1.413448464,-41.45,-2.086458016,252.547,-0.5137270287,0.5435953363
1.062,-0.53,-0.612716763,-1.004586803,-34.45,-1.815536867,257.173,-0.4166157538,0.450052919
1.063,-0.36,-0.4165863067,-0.6782111603,-28.21,-1.549314217,262.847,-0.2998621492,0.3667639132
1.064,-0.21,-0.2432432432,-0.3935240073,-22.59,-1.287885884,268.956,-0.1769422419,0.2686485877
1.065,-0.05,-0.05797101449,-0.0931547322,-15.73,-0.9387685842,274.489,-0.06799810626,0.09252861967
1.066,0.17,0.1972920696,0.3140690365,-5.56,-0.3551354707,280.163,0.04146497682,-1.001270577
1.067,0.42,0.4878993224,0.7683433787,4,0.2722904524,285.457,0.1416160574,1.856321078
1.068,0.74,0.8604651163,1.336196068,12.45,0.8963037849,291.166,0.247557541,1.168145157
1.069,1.07,1.245392823,1.905733219,19.3,1.453539523,294.902,0.3157676148,1.077107066
1.07,1.16,1.351456311,2.059599967,21.15,1.612301236,296.775,0.349639418,1.049776895
1.071,0.81,0.944606414,1.462180327,14.85,1.086145675,296.5,0.3446796604,1.021913919
1.072,0.12,0.140077821,0.2234613209,-3.99,-0.2575376895,298.124,0.373902906,1.920344649
1.073,-0.55,-0.6426484907,-1.05479357,-32.26,-1.724867705,296.143,0.3382341266,0.7606865917
1.074,-0.81,-0.9473684211,-1.571923945,-42.41,-2.121475107,293.091,0.2828118461,0.8549275866
1.075,-0.54,-0.632195122,-1.037247357,-33.48,-1.775737829,288.994,0.2074987493,0.6614089464
1.076,-0.1,-0.1171875,-0.1887191656,-16.62,-0.9860086693,286.066,0.1530177026,0.2265560771
1.077,0.18,0.211143695,0.3359473301,-2.88,-0.1872729021,283.612,0.1069250636,-4.18116201
1.078,0.22,0.2583170254,0.4102870264,-0.72,-0.04749702857,281.61,0.0690258141,19.05760201
1.079,0.07,0.08227228208,0.131525977,-6.71,-0.4253131045,277.217,-0.01508978571,-0.2986492139
1.08,-0.11,-0.1294117647,-0.2084982508,-13.81,-0.8348162301,272.554,-0.1058462943,0.2216504276
1.081,-0.24,-0.2826300294,-0.4578997965,-18.55,-1.086426804,270.832,-0.1397549002,0.3734355154
1.082,-0.27,-0.3182711198,-0.5163107758,-19.64,-1.141933154,268.24,-0.1912037117,0.3872901493
1.083,-0.16,-0.1887905605,-0.3048244133,-14.93,-0.8957961546,266.18,-0.2324486299,0.2701757788
1.084,-0.09,-0.1062992126,-0.1711165243,-11.78,-0.7218216224,263.692,-0.2826905669,0.1703478824
1.085,-0.29,-0.3428571429,-0.5566911086,-18.86,-1.102300896,260.744,-0.3428388638,0.3852161044
1.086,-0.7,-0.8284023669,-1.368730173,-32.88,-1.750833812,255.533,-0.4508421132,0.6216764954
1.087,-1.1,-1.303060217,-2.189379194,-46.16,-2.253601936,253.162,-0.5007145981,0.7948901904
1.088,-1.31,-1.553359684,-2.63280609,-53.14,-2.480975612,253.076,-0.5025323203,0.8824531892
1.089,-1.35,-1.602373887,-2.720502188,-54.56,-2.524474492,253.853,-0.4861317858,0.9036393131
1.09,-1.36,-1.615841584,-2.744648075,-55.03,-2.538677405,249.873,-0.5706755382,0.8827071502
1.091,-1.37,-1.629335976,-2.768863232,-55.22,-2.544391893,248.744,-0.5949031932,0.882001582
1.092,-1.32,-1.571428571,-2.665102,-53.61,-2.495471811,247.836,-0.6144682398,0.8569624998
1.093,-1.22,-1.453823237,-2.455585761,-50.73,-2.405073707,246.277,-0.6482284431,0.804239358
1.094,-1.18,-1.407554672,-2.373603545,-49.22,-2.356142214,244.397,-0.6892253136,0.7794144789
1.095,-1.23,-1.468656716,-2.481922196,-51.04,-2.414986594,241.279,-0.7579193779,0.7822236832
1.096,-1.36,-1.625498008,-2.761973968,-55.52,-2.553383175,238.679,-0.81588335,0.8197552636
1.097,-1.47,-1.758723829,-3.002132478,-59.2,-2.660611859,238.319,-0.8239588571,0.8615501658
1.098,-1.47,-1.760479042,-3.005310441,-59.15,-2.659191947,237.161,-0.8500180489,0.8564065544
1.099,-1.35,-1.618381618,-2.74920443,-55.3,-2.546793344,239.825,-0.790257183,0.8238426142
1.1,-1.12,-1.344,-2.261403175,-48.15,-2.320808953,242.275,-0.7358800295,0.7398211554
1.101,-0.87,-1.045045045,-1.740000565,-40.06,-2.034867387,246.152,-0.6509445708,0.6478489904
1.102,-0.71,-0.8537074148,-1.411811681,-34.7,-1.825702491,249.322,-0.5824859578,0.586254652
1.103,-0.69,-0.8304914744,-1.372283997,-33.98,-1.796323806,253.891,-0.4853309886,0.6014424271
1.104,-0.74,-0.8915662651,-1.47640658,-35.5,-1.857981814,258.368,-0.3918136083,0.6562403698
1.105,-0.73,-0.8804020101,-1.457340554,-35.17,-1.844712726,264.607,-0.2641584292,0.6910524382
1.106,-0.65,-0.7847082495,-1.29451892,-32.34,-1.728231485,270.209,-0.1520757833,0.6884613708
1.107,-0.56,-0.6767371601,-1.112101508,-29.3,-1.597590361,270.972,-0.1369900626,0.6411357428
1.108,-0.55,-0.6653225806,-1.092896735,-28.79,-1.575098129,272.4,-0.1088700359,0.6490008292
1.109,-0.66,-0.7991927346,-1.31909486,-32.52,-1.735785544,271.377,-0.1289998187,0.7073708785
1.11,-0.85,-1.03030303,-1.714561366,-39.16,-2.000893443,267.676,-0.2024644358,0.7781583658
1.111,-1.06,-1.286147624,-2.159683011,-46.33,-2.259420357,264.876,-0.2587223713,0.857649166
1.112,-1.23,-1.493927126,-2.526848747,-52.09,-2.448232362,260.223,-0.3535395452,0.9018752527
1.113,-1.32,-1.604863222,-2.724963644,-55.46,-2.551588005,254.689,-0.4685418758,0.902267039
1.114,-1.38,-1.679513185,-2.859092254,-57.47,-2.610898169,250.072,-0.5664164695,0.8998454922
1.115,-1.44,-1.754314721,-2.994151014,-59.34,-2.664582329,245.408,-0.6671395543,0.8986797575
1.116,-1.49,-1.817073171,-3.107973228,-60.94,-2.709412928,241.942,-0.7432385084,0.9001699955
1.117,-1.53,-1.86775178,-3.200225045,-62.64,-2.755971177,238.193,-0.8267881668,0.8932291393
1.118,-1.62,-1.979633401,-3.404956758,-65.41,-2.829565395,231.437,-0.9807267725,0.893620911
1.119,-1.7,-2.079510703,-3.58896632,-68.44,-2.907027918,225.712,-1.114732759,0.8923868447
1.12,-1.74,-2.130612245,-3.683567541,-69.65,-2.937123618,222.378,-1.194347252,0.891587441
1.121,-1.7,-2.083758938,-3.59681911,-68.52,-2.909032101,213.565,-1.410687346,0.8326510909
1.122,-1.64,-2.012269939,-3.464955754,-66.56,-2.859327706,214.443,-1.388737725,0.8156549871
1.123,-1.61,-1.977482088,-3.401006188,-65.85,-2.841006176,219.937,-1.25339785,0.8306474315
1.124,-1.64,-2.016393443,-3.472545322,-66.65,-2.861637953,219.739,-1.258216399,0.8428806033
1.125,-1.65,-2.030769231,-3.499020508,-67.27,-2.877479259,221.162,-1.223682222,0.853177941
1.126,-1.63,-2.008213552,-3.457491674,-66.49,-2.857528959,222.672,-1.187278832,0.8547975214
1.127,-1.55,-1.911613566,-3.280311992,-64.08,-2.794572188,224.271,-1.148997948,0.8318127681
1.128,-1.44,-1.777777778,-3.036650667,-60.75,-2.704141287,225.501,-1.119736383,0.7941286121
1.129,-1.36,-1.680741504,-2.861304742,-58.43,-2.638634404,227.879,-1.063613851,0.7728559905
1.13,-1.38,-1.707216495,-2.909035504,-58.87,-2.651222028,230.274,-1.007678971,0.7950571784
1.131,-1.43,-1.770897833,-3.024182011,-60.72,-2.703307654,233.775,-0.9269516966,0.8330484736
1.132,-1.4,-1.73553719,-2.960185129,-59.98,-2.682634453,237.455,-0.8433899529,0.8395248553
1.133,-1.25,-1.551189245,-2.628929283,-55.16,-2.542588998,238.496,-0.8199868762,0.7818200633
1.134,-1.01,-1.254658385,-2.104481931,-47.84,-2.310468255,239.08,-0.8069024601,0.6750823447
1.135,-0.82,-1.019689119,-1.696261565,-41.69,-2.095258922,240.304,-0.77958234,0.5900366005
1.136,-0.73,-0.9087136929,-1.50571908,-38.45,-1.973770984,242.649,-0.7276276007,0.557385011
1.137,-0.68,-0.8473520249,-1.400984628,-36.85,-1.91159652,244.118,-0.6953362833,0.537407265
1.138,-0.65,-0.8108108108,-1.338825186,-35.73,-1.867191837,246.69,-0.6392641493,0.5341506866
1.139,-0.62,-0.7741935484,-1.27669401,-34.68,-1.824890619,250.051,-0.566865759,0.5337893199
1.14,-0.59,-0.7375,-1.214591682,-33.65,-1.782754074,253.593,-0.4916141431,0.5340347586
1.141,-0.57,-0.7132429614,-1.173624633,-33.1,-1.759990826,254.278,-0.4771823199,0.5246016097
1.142,-0.6,-0.751565762,-1.23837868,-33.96,-1.795503274,255.491,-0.451721524,0.5510702273
1.143,-0.68,-0.8526645768,-1.410034774,-37.14,-1.922974969,255.086,-0.4602089821,0.5916600663
1.144,-0.78,-0.9790794979,-1.626367552,-40.95,-2.068022205,255.422,-0.4531665841,0.6450796383
1.145,-0.81,-1.017801047,-1.693007666,-42.27,-2.116399338,257.136,-0.4173855245,0.6681734075
1.146,-0.75,-0.9433962264,-1.565112567,-40.06,-2.034867387,258.963,-0.3795071685,0.6482476232
1.147,-0.62,-0.7806925498,-1.287709822,-35.69,-1.865592339,258.798,-0.382917043,0.5726948851
1.148,-0.5,-0.6302521008,-1.03398737,-31.59,-1.696540279,260.358,-0.3507647608,0.5050480266
1.149,-0.41,-0.5173501577,-0.8453242478,-28.19,-1.548421217,261.173,-0.3340437852,0.4490517735
1.15,-0.29,-0.3663157895,-0.5952861456,-23.71,-1.341697053,261.499,-0.3273700004,0.356658017
1.151,-0.16,-0.2023182297,-0.3268274598,-18.47,-1.082318874,268.375,-0.1885118376,0.2571762366
1.152,-0.08,-0.1012658228,-0.162983968,-14.99,-0.8990359156,270.257,-0.1511254923,0.1551989692
1.153,-0.08,-0.1013727561,-0.1631567114,-14.75,-0.88606044,269.614,-0.1638694686,0.1553977175
1.154,-0.11,-0.1395348837,-0.2248909551,-16.3,-0.9690918569,270.801,-0.1403673074,0.2027032291
1.155,-0.17,-0.2158730159,-0.3488962133,-18.49,-1.083346295,273.352,-0.09020512886,0.2972994674
1.156,-0.26,-0.3305084746,-0.536400639,-22.41,-1.27915634,276.352,-0.03180948558,0.4091644713
1.157,-0.39,-0.4962884411,-0.8102954007,-27.89,-1.534994891,277.326,-0.01298661244,0.5234528959
1.158,-0.5,-0.6369426752,-1.045214638,-32.15,-1.720236044,281.005,0.05751971757,0.6286187372
1.159,-0.5,-0.6376195537,-1.046350782,-32.28,-1.725709021,283.032,0.09597285694,0.6420369169
1.16,-0.38,-0.485106383,-0.7917191481,-27.94,-1.537236694,285.231,0.1373787156,0.5655710508
1.161,-0.19,-0.2428115016,-0.3928193581,-20.38,-1.179126991,285.959,0.1510162166,0.3820788265
1.162,-0.02,-0.02558635394,-0.04106644483,-12.98,-0.7890036076,286.678,0.1644510873,0.06575338902
1.163,0.04,0.05122732124,0.08198900399,-10.46,-0.6466132496,286.548,0.1620244702,-0.1691929476
1.164,-0.06,-0.07692307692,-0.1236949467,-14.5,-0.8724976531,286.926,0.1690772757,0.1758478297
1.165,-0.22,-0.2823529412,-0.4574462716,-21.86,-1.25234219,287.539,0.1804950339,0.4267831183
1.166,-0.36,-0.4625267666,-0.7542534989,-27.79,-1.530506376,288.461,0.1976224791,0.5658808696
1.167,-0.41,-0.5273311897,-0.8619424578,-29.86,-1.622095229,289.157,0.2105154354,0.6106225535
1.168,-0.37,-0.4763948498,-0.7772572655,-28.54,-1.564011148,289.583,0.2183915124,0.5776203358
1.169,-0.26,-0.3351235231,-0.5439816644,-24.36,-1.372529991,286.939,0.1693196672,0.4521085413
1.17,-0.09,-0.1161290323,-0.1870073727,-17.36,-1.024836452,283.26,0.100280882,0.2022673149
1.171,0.08,0.1033369214,0.1650732348,-9.35,-0.5822956888,281.136,0.06001322014,-0.316061221
1.172,0.19,0.2456896552,0.390413424,-3.92,-0.2531376369,278.715,0.01374222754,-1.630830871
1.173,0.21,0.2718446602,0.4315566919,-2.46,-0.1604107785,278.003,5.773350144e-05,-2.691290906
1.174,0.17,0.2203023758,0.3504008352,-4.18,-0.2694597005,277.295,-0.01358467851,-1.237971361
1.175,0.07,0.09081081081,0.145130615,-8.26,-0.5181705062,277.718,-0.005429732812,-0.2771782825
1.176,-0.11,-0.1428571429,-0.2302734286,-14.8,-0.8887672793,278.369,0.007096550273,0.2611784887
1.177,-0.33,-0.429035753,-0.6987934078,-23.3,-1.322099131,279.909,0.0366123861,0.5436021884
1.178,-0.52,-0.6767895879,-1.112189752,-30.25,-1.63904284,281.535,0.06760078146,0.7077510407
1.179,-0.58,-0.7557003257,-1.245375183,-32.39,-1.73033184,281.634,0.06948174439,0.7498420152
1.18,-0.49,-0.6391304348,-1.048886999,-29.1,-1.588789859,282.4,0.08401314682,0.6970382987
1.181,-0.35,-0.4570184984,-0.745122906,-23.74,-1.343126497,283.06,0.09650209954,0.5977124365
1.182,-0.31,-0.4052287582,-0.6594500208,-22.06,-1.262117344,284.012,0.1144652675,0.5746079619
1.183,-0.42,-0.5496183206,-0.899092383,-26.06,-1.451811216,283.646,0.1075663943,0.6688457108
1.184,-0.64,-0.8384279476,-1.385789577,-34.05,-1.799193764,284.818,0.1296265736,0.8300292347
1.185,-0.86,-1.127868852,-1.883398939,-42.07,-2.10913,283.098,0.09722027362,0.9361249734
1.186,-1.01,-1.326039387,-2.229781389,-47.28,-2.291668598,280.024,0.03880997049,0.9897564638
1.187,-1.09,-1.43263965,-2.418019777,-49.96,-2.380256694,275.206,-0.05404144966,0.9933129114
1.188,-1.11,-1.460526316,-2.467483686,-50.96,-2.412432712,269.803,-0.1601204209,0.959157521
1.189,-1.13,-1.488474204,-2.517148008,-51.42,-2.427077018,265.759,-0.2409170839,0.9434608596
1.19,-1.14,-1.503296703,-2.543525383,-51.74,-2.437206744,259.64,-0.3655390578,0.9075119771
1.191,-1.13,-1.491749175,-2.522973757,-51.67,-2.434994889,253.334,-0.4970810056,0.860473551
1.192,-1.12,-1.480176211,-2.502392606,-51.33,-2.424219533,248.652,-0.5968823004,0.8283046201
1.193,-1.11,-1.468577729,-2.481781887,-50.89,-2.410195624,248.258,-0.6053663335,0.8229915094
1.194,-1.09,-1.443708609,-2.437642364,-50.39,-2.394149901,245.39,-0.6675319764,0.7961775462
1.195,-1.08,-1.432044199,-2.416964595,-49.91,-2.378635538,242.032,-0.7412487321,0.7746968752
1.196,-1.06,-1.407079646,-2.372763164,-49.27,-2.357779802,238.739,-0.8145386165,0.747958701
1.197,-1.02,-1.355481728,-2.281638008,-47.9,-2.312473353,237.887,-0.8336655834,0.7252184517
1.198,-0.93,-1.237250554,-2.074015844,-45.27,-2.22290193,237.279,-0.8473568061,0.6755182618
1.199,-0.8,-1.065482797,-1.77531078,-40.95,-2.068022205,236.993,-0.8538092224,0.6076020552
1.2,-0.67,-0.8933333333,-1.479425678,-36.57,-1.900564092,237.792,-0.8358025287,0.5406533126
1.201,-0.63,-0.8409343715,-1.390056326,-35.1,-1.841889758,238.778,-0.8136647209,0.5234523851
1.202,-0.72,-0.9621380846,-1.597266726,-38.25,-1.96607933,239.422,-0.7992548418,0.5776035106
1.203,-0.89,-1.190635452,-1.992608643,-44.74,-2.20442772,239.855,-0.7895879868,0.6655304574
1.204,-1.05,-1.40625,-2.371295479,-50.57,-2.399939836,240.883,-0.7667072976,0.7488347702
1.205,-1.11,-1.488268156,-2.516781518,-52.92,-2.474156267,240.927,-0.765730149,0.7768116518
1.206,-1.09,-1.463087248,-2.472030722,-52.3,-2.45482091,241.092,-0.7620674301,0.768454003
1.207,-1.05,-1.410974244,-2.379653985,-50.82,-2.407956254,241.628,-0.7501864176,0.7534979361
1.208,-1.03,-1.385650224,-2.334879422,-50.28,-2.390604118,241.926,-0.7435923239,0.7449690742
1.209,-1.06,-1.427609428,-2.409107175,-51.23,-2.42104016,242.522,-0.7304284689,0.7644395228
1.21,-1.11,-1.496629213,-2.531657054,-53.14,-2.480975612,242.353,-0.7341578839,0.787418954
1.211,-1.15,-1.552305962,-2.630923877,-54.55,-2.52417126,246.635,-0.6404570749,0.831353195
1.212,-1.14,-1.540540541,-2.609916749,-54.39,-2.519313618,247.737,-0.6166057655,0.8322652563
1.213,-1.09,-1.474633596,-2.492541301,-52.83,-2.471360276,248.193,-0.6067672774,0.8097589388
1.214,-1.01,-1.367945824,-2.303621682,-50.37,-2.393505636,252.708,-0.5103174631,0.79330648
1.215,-0.93,-1.261016949,-2.115619181,-47.57,-2.301423432,255.205,-0.4577137392,0.7667683954
1.216,-0.83,-1.126696833,-1.881364112,-44.43,-2.193554939,258.026,-0.3989000588,0.7257075294
1.217,-0.71,-0.9648924122,-1.601995626,-40.67,-2.057638472,261.234,-0.3327943762,0.6701696837
1.218,-0.58,-0.7891156463,-1.301994371,-36.15,-1.88392969,264.229,-0.2718065483,0.6039673815
1.219,-0.45,-0.6129398411,-1.004960599,-31.69,-1.700785973,264.04,-0.2756347118,0.5084750461
1.22,-0.36,-0.4909090909,-0.8013570902,-28.46,-1.560454755,264.351,-0.2693369126,0.4379499068
1.221,-0.32,-0.4368600683,-0.711738417,-26.97,-1.493452755,266.932,-0.2173553562,0.4160246917
1.222,-0.33,-0.4510250569,-0.7351921386,-27.05,-1.497087256,270.84,-0.1395968709,0.4491961071
1.223,-0.34,-0.4652223489,-0.7587230402,-27.49,-1.517001501,274.42,-0.06934313796,0.4782838618
1.224,-0.32,-0.4383561644,-0.7142144673,-26.75,-1.483436028,276.34,-0.03204180303,0.4712800496
1.225,-0.25,-0.3428571429,-0.5566911086,-24.18,-1.36402063,280.003,0.03840873983,0.4199502981
1.226,-0.13,-0.1784897025,-0.2880842881,-19.21,-1.120139165,285.009,0.1332131009,0.2919005775
1.227,0,0,0,-13.44,-0.8144595062,289.222,0.2117179341,-0
1.228,0.07,0.09633027523,0.1539203413,-10.57,-0.6529333971,291.282,0.2496885467,-0.381704419
1.229,0.02,0.02755453502,0.04413924141,-12.69,-0.7728709424,294.221,0.3033988849,-0.0940188893
1.23,-0.1,-0.1379310345,-0.2222929845,-18.5,-1.083859896,297.112,0.3557111125,0.3052851141
1.231,-0.21,-0.2899884925,-0.4699470871,-23.28,-1.321140165,302.292,0.4481819332,0.5383385712
1.232,-0.21,-0.2903225806,-0.4704942081,-23.26,-1.320180922,307.439,0.5385073524,0.6019062516
1.233,-0.1,-0.1384083045,-0.2230660514,-18.77,-1.097699508,309.298,0.5707599337,0.4233237778
1.234,0.07,0.09699769053,0.1549829547,-11.41,-0.7008794776,310.59,0.593061414,-1.43744888
1.235,0.2,0.2774566474,0.4403741677,-4.79,-0.307528872,310.955,0.5993449501,1.509081235
1.236,0.27,0.375,0.5930408438,-1.09,-0.07172820793,311.632,0.6109801158,1.099747326
1.237,0.27,0.3754345307,0.5937184296,-0.63,-0.04158482232,312.284,0.6221617533,1.022635241
1.238,0.21,0.2923433875,0.4637460493,-2.86,-0.1859971949,313.797,0.6480196399,1.003730564
1.239,0.07,0.09756097561,0.1558797383,-8.1,-0.5086763819,311.446,0.607785973,1.572801749
1.24,-0.15,-0.2093023256,-0.3381956723,-15.96,-0.9510336805,307.494,0.5394643673,0.8217222746
1.241,-0.4,-0.5587892899,-0.9143962446,-24.58,-1.382900269,299.846,0.4047162427,0.9347895893
1.242,-0.64,-0.8951048951,-1.482452822,-32.65,-1.741228833,291.474,0.2532138645,0.996262036
1.243,-0.89,-1.246207701,-2.089687624,-41.25,-2.079100039,284.052,0.1152187037,1.064060025
1.244,-1.17,-1.640186916,-2.788350361,-50.63,-2.401866441,275.587,-0.04663993829,1.138796446
1.245,-1.4,-1.964912281,-3.377934478,-58.28,-2.634325334,267.268,-0.2106252916,1.187343797
1.246,-1.52,-2.135831382,-3.693246712,-62.42,-2.750006971,260.221,-0.3535806639,1.189992727
1.247,-1.61,-2.264947245,-3.933719665,-65.4,-2.8293046,255.83,-0.4446275448,1.201527549
1.248,-1.73,-2.436619718,-4.25649097,-69.43,-2.931686059,250.92,-0.548305185,1.223132667
1.249,-1.81,-2.552291422,-4.47592777,-72.31,-3.001699638,251.079,-0.5449161343,1.262027819
1.25,-1.76,-2.484705882,-4.347522341,-70.64,-2.961407104,251.539,-0.5351234063,1.243381783
1.251,-1.57,-2.219081272,-3.848071509,-65.17,-2.82329673,253.005,-0.5040334634,1.15650425
1.252,-1.41,-1.995283019,-3.433711366,-60.33,-2.692438809,254.866,-0.4648251031,1.087559185
1.253,-1.37,-1.940968123,-3.334036748,-58.94,-2.653217442,256.288,-0.4350582633,1.079578725
1.254,-1.37,-1.943262411,-3.338240031,-58.99,-2.654641539,258.054,-0.3983195286,1.093443368
1.255,-1.34,-1.90295858,-3.264490979,-58.16,-2.630871517,260.08,-0.3564803317,1.092770837
1.256,-1.29,-1.834123223,-3.138976219,-56.45,-2.58101252,262.534,-0.3062367619,1.08718573
1.257,-1.24,-1.765124555,-3.013723287,-54.88,-2.534154962,264.859,-0.2590657506,1.078942052
1.258,-1.19,-1.695961995,-2.888735112,-53.56,-2.493934332,267.142,-0.2131480738,1.067102762
1.259,-1.15,-1.640903686,-2.789638092,-52.13,-2.449488871,267.178,-0.2124271575,1.047981252
1.26,-1.09,-1.557142857,-2.639564866,-50.43,-2.395437867,266.715,-0.22170636,1.008566834
1.261,-1.04,-1.487485101,-2.515388771,-48.61,-2.336066847,264.944,-0.2573490747,0.969913368
1.262,-0.98,-1.403341289,-2.366150463,-46.73,-2.27305349,261.541,-0.3265107927,0.9102104068
1.263,-0.92,-1.318996416,-2.217391765,-44.77,-2.205477289,256.887,-0.422568756,0.8437415964
1.264,-0.86,-1.234449761,-2.069117403,-42.75,-2.133758352,255.326,-0.4551777521,0.7992153221
1.265,-0.8,-1.149700599,-1.921332138,-40.78,-2.061722923,253.875,-0.4856681518,0.7542352476
1.266,-0.74,-1.064748201,-1.774040771,-38.94,-1.992519718,249.713,-0.5741023758,0.6911967194
1.267,-0.69,-0.993997599,-1.652020835,-37.2,-1.925323051,250.803,-0.5508003866,0.6671803232
1.268,-0.64,-0.9230769231,-1.530298793,-35.54,-1.859585803,252.035,-0.5245843361,0.6418580486
1.269,-0.6,-0.8664259928,-1.433493347,-34.05,-1.799193764,253.758,-0.4881343035,0.626710863
1.27,-0.56,-0.8096385542,-1.336833688,-32.85,-1.749582831,256.172,-0.437480306,0.611246043
1.271,-0.54,-0.7816646562,-1.28935797,-31.96,-1.712218248,263.342,-0.2897963714,0.6440302471
1.272,-0.52,-0.7536231884,-1.241860003,-31.17,-1.678640148,269.512,-0.1658938563,0.6732649003
1.273,-0.49,-0.7110036276,-1.169846175,-30.19,-1.636441812,275.961,-0.03938435834,0.6980713131
1.274,-0.46,-0.6682808717,-1.097872521,-28.92,-1.580847375,279.697,0.03255881965,0.7090877971
1.275,-0.42,-0.6109090909,-1.001558033,-27.45,-1.515196385,282.839,0.09232343847,0.7038984294
1.276,-0.37,-0.5388349515,-0.8811105243,-25.82,-1.440736739,286.775,0.1662610003,0.6913513514
1.277,-0.32,-0.4665856622,-0.7609838737,-23.79,-1.345507527,288.43,0.1970475005,0.6626124167
1.278,-0.25,-0.3649635036,-0.5930595557,-20.99,-1.209491929,289.871,0.2237096227,0.6016131068
1.279,-0.19,-0.2777101096,-0.4498484484,-18.58,-1.087966071,287.924,0.1876536186,0.4996581432
1.28,-0.2,-0.2926829268,-0.4743600143,-18.74,-1.096164401,285.57,0.1437334704,0.4980518788
1.281,-0.27,-0.3956043956,-0.6435637532,-21.35,-1.227288007,281.292,0.06298106677,0.5527440666
1.282,-0.37,-0.5427872861,-0.8876996701,-24.93,-1.399330515,273.269,-0.09182983776,0.5953079884
1.283,-0.47,-0.6903304774,-1.134991961,-28.24,-1.550653229,269.234,-0.171415197,0.6590864472
1.284,-0.56,-0.8235294118,-1.360442685,-31.56,-1.695265355,264.776,-0.2607425657,0.6955200287
1.285,-0.71,-1.045398773,-1.740611281,-36.52,-1.898589211,258.272,-0.3938018399,0.7592994574
1.286,-0.91,-1.341523342,-2.257040468,-43.68,-2.167043207,251.055,-0.5454275516,0.8320976218
1.287,-1.14,-1.682656827,-2.864755038,-51.64,-2.434046262,246.158,-0.6508141652,0.9286498061
1.288,-1.34,-1.980295567,-3.406172836,-58.47,-2.639781953,242.228,-0.7369180004,1.00872831
1.289,-1.45,-2.145499383,-3.711185014,-62.4,-2.749463881,244.238,-0.6927070537,1.078152446
1.29,-1.47,-2.177777778,-3.771154987,-62.95,-2.764344966,245.429,-0.6666817648,1.099133082
1.291,-1.43,-2.121137206,-3.666003762,-61.73,-2.731184136,248.047,-0.609915351,1.097244717
1.292,-1.38,-2.04950495,-3.533561672,-60.12,-2.686561925,251.244,-0.5414014633,1.094672165
1.293,-1.33,-1.977695167,-3.401397453,-58.73,-2.647225312,253.26,-0.498643993,1.081226562
1.294,-1.29,-1.920595533,-3.296740035,-57.38,-2.608278556,255.779,-0.4456941797,1.079492294
1.295,-1.25,-1.863354037,-3.192207723,-56.26,-2.57539756,257.189,-0.4162829143,1.067028297
1.296,-1.27,-1.895522388,-3.250904921,-56.84,-2.592490517,258.974,-0.3792799207,1.093928683
1.297,-1.33,-1.9875467,-3.419493051,-59.07,-2.656918019,261.139,-0.3347403038,1.143009222
1.298,-1.34,-2.004987531,-3.451556915,-59.42,-2.666847679,260.734,-0.3430440499,1.146737898
1.299,-1.25,-1.872659176,-3.209174178,-56.69,-2.588083433,261.937,-0.3184164682,1.104137033
1.3,-1.12,-1.68,-2.859969101,-52.6,-2.464198403,264.956,-0.2571067649,1.050954937
1.301,-1.04,-1.561952441,-2.648159792,-49.97,-2.380580783,267.465,-0.2066833241,1.02353671
1.302,-1.03,-1.54887218,-2.624791186,-49.82,-2.375714473,267.893,-0.1981290465,1.019794392
1.303,-1.03,-1.550815558,-2.628261865,-49.68,-2.371162954,267.838,-0.1992275456,1.02251462
1.304,-0.97,-1.462311558,-2.470653372,-47.8,-2.309130542,270.618,-0.1439839151,1.007149652
1.305,-0.88,-1.328301887,-2.233762697,-45.02,-2.214205664,273.924,-0.07902173651,0.9740694258
1.306,-0.79,-1.19395466,-1.998396752,-41.9,-2.102934146,277.704,-0.005699437649,0.9477212004
1.307,-0.68,-1.029003783,-1.712320578,-38.39,-1.971465875,281.697,0.07067837657,0.9008479801
1.308,-0.56,-0.8484848485,-1.40291416,-34.35,-1.811460118,286.317,0.1577098408,0.848322857
1.309,-0.45,-0.6826801517,-1.122106528,-30.43,-1.646832218,289.002,0.2076468472,0.7796817216
1.31,-0.38,-0.5772151899,-0.9451739978,-27.54,-1.519256417,291.464,0.2530303115,0.7464496221
1.311,-0.32,-0.4866920152,-0.7943523925,-25.47,-1.424517135,292.636,0.2744999517,0.69073089
1.312,-0.27,-0.4111675127,-0.6692581493,-23.68,-1.34026699,295.069,0.3187964078,0.655190821
1.313,-0.26,-0.3964421855,-0.6449462017,-23.21,-1.317781603,294.507,0.3085968715,0.6390764562
1.314,-0.26,-0.3969465649,-0.6457785248,-23.14,-1.314419647,295.179,0.3207904849,0.6499190536
1.315,-0.24,-0.3668789809,-0.5962135251,-22.27,-1.272351038,294.26,0.3041079987,0.6157684598
1.316,-0.22,-0.3367346939,-0.5466288848,-21.63,-1.241065966,292.558,0.273073758,0.564703807
1.317,-0.26,-0.398467433,-0.6482884312,-23.16,-1.315380552,290.276,0.2311792824,0.5979410366
1.318,-0.43,-0.6598465473,-1.083688875,-29.35,-1.599786467,287.248,0.1750778963,0.7606389805
1.319,-0.68,-1.044814341,-1.739602258,-39.03,-1.995948625,283.15,0.09820288195,0.9166677173
1.32,-0.91,-1.4,-2.36024152,-47.52,-2.299744527,278.358,0.006885136061,1.029387816
1.321,-1.05,-1.61745828,-2.747548042,-52.73,-2.468249347,275.358,-0.05108738793,1.090583884
1.322,-1.11,-1.712082262,-2.917816785,-54.87,-2.533853119,272.371,-0.109439633,1.10385684
1.323,-1.11,-1.714285714,-2.921794286,-55,-2.537773694,270.531,-0.1457041437,1.0888088
1.324,-1.09,-1.68556701,-2.869998319,-54.25,-2.515054007,269.167,-0.1727467325,1.067786862
1.325,-1.06,-1.641290323,-2.790332738,-53.32,-2.486538973,268.489,-0.1862397537,1.043981947
1.326,-1.04,-1.612403101,-2.738481278,-52.73,-2.468249347,266.937,-0.2172551443,1.01972694
1.327,-1.05,-1.630012937,-2.770078575,-53.19,-2.482522441,265.19,-0.2523839146,1.012860484
1.328,-1.09,-1.694300518,-2.885739472,-54.55,-2.52417126,263.316,-0.2903246079,1.025313096
1.329,-1.12,-1.743190661,-2.974024162,-55.58,-2.555176805,262.249,-0.3120477357,1.037248433
1.33,-1.12,-1.745454545,-2.978119045,-55.67,-2.557864367,259.495,-0.3685276831,1.01767603
1.331,-1.1,-1.716514954,-2.925818918,-55.21,-2.544091518,256.379,-0.4331589797,0.9827251422
1.332,-1.08,-1.6875,-2.873481539,-54.5,-2.522654446,254.331,-0.476067318,0.9582354633
1.333,-1.05,-1.642764016,-2.792980594,-53.67,-2.497315323,252.702,-0.5104444887,0.9285916326
1.334,-1.02,-1.597911227,-2.712505909,-52.71,-2.467626621,248.351,-0.6033625438,0.8832678212
1.335,-0.99,-1.552941176,-2.632058515,-51.74,-2.437206744,244.927,-0.677635851,0.8450053044
1.336,-0.96,-1.507853403,-2.551639454,-50.8,-2.407316014,243.054,-0.7187054796,0.8162578084
1.337,-0.93,-1.462647444,-2.471249778,-49.89,-2.377986745,244.496,-0.6870585818,0.8062685914
1.338,-0.9,-1.417322835,-2.39089055,-48.97,-2.34793628,243.833,-0.7015858869,0.7840213709
1.339,-0.88,-1.387647832,-2.338408584,-48.05,-2.317478381,241.486,-0.7533314311,0.7614957379
1.34,-0.85,-1.342105263,-2.258065475,-47.14,-2.286944474,243.955,-0.6989097243,0.7562544335
1.341,-0.82,-1.296442688,-2.177755716,-46.28,-2.257710568,247,-0.6325453573,0.7534819656
1.342,-0.79,-1.250659631,-2.097480409,-45.34,-2.225331147,251.017,-0.5462373956,0.7567846063
1.343,-0.75,-1.188903567,-1.989589059,-44.12,-2.182632322,258.442,-0.3902815172,0.7732824273
1.344,-0.7,-1.111111111,-1.85432,-42.47,-2.123647225,268.934,-0.1773798778,0.8058662142
1.345,-0.62,-0.9854304636,-1.637285521,-39.66,-2.019823652,275.332,-0.05159257234,0.7904184111
1.346,-0.48,-0.7639257294,-1.259300181,-34.81,-1.830163511,283.494,0.104698672,0.7298324213
1.347,-0.28,-0.4462151394,-0.7272254558,-27.83,-1.532302568,288.996,0.2075357742,0.5489460178
1.348,-0.08,-0.1276595745,-0.2056620951,-20.02,-1.161081853,295.257,0.3222040166,0.2451633433
1.349,0.06,0.09587217044,0.1531909476,-13.68,-0.8276758944,299.007,0.3897254088,-0.3497905646
1.35,0.14,0.224,0.3562333358,-9.81,-0.6090696898,300.29,0.4126324498,-1.813471498
1.351,0.2,0.3204272363,0.5077661161,-7.17,-0.4530769328,306.599,0.5238698127,7.17255911
1.352,0.26,0.4171122995,0.6586054208,-4.05,-0.2613058477,309.856,0.5804030946,2.063964598
1.353,0.34,0.546184739,0.8582579842,0.27,0.0179292053,313.018,0.63472177,1.315033635
1.354,0.4,0.6434316354,1.007386936,1.8,0.1207514154,314.735,0.6639879716,1.283721643
1.355,0.37,0.5959731544,0.9347479838,1.05,0.07008766376,313.252,0.6387197264,1.318761622
1.356,0.23,0.3709677419,0.5867520786,-3.99,-0.2575376895,312.469,0.6253302055,1.59533447
1.357,0.03,0.04845222073,0.07755538503,-11.63,-0.7133445598,308.461,0.5562625238,-0.4937253616
1.358,-0.13,-0.2102425876,-0.339726602,-17.88,-1.051878061,304.303,0.4836549899,0.5978754107
1.359,-0.24,-0.3886639676,-0.6321144351,-21.72,-1.24548284,299.959,0.4067320645,0.7536379736
1.36,-0.32,-0.5189189189,-0.8479354259,-24.87,-1.396519814,294.168,0.3024350667,0.7750180489
1.361,-0.43,-0.698240866,-1.148322661,-28.68,-1.570224845,288.272,0.1941160037,0.8344708114
1.362,-0.54,-0.8780487805,-1.453323641,-32.94,-1.75333412,283.375,0.102452474,0.8803318182
1.363,-0.65,-1.05834464,-1.762972632,-36.88,-1.912775862,278.016,0.0003079048086,0.9218312
1.364,-0.75,-1.222826087,-2.04879807,-40.41,-2.04795787,272.642,-0.104119209,0.9520096142
1.365,-0.85,-1.387755102,-2.338598111,-44.15,-2.183691534,268.705,-0.1819373972,0.9885735163
1.366,-0.98,-1.602179837,-2.720154436,-48.77,-2.341349877,264.686,-0.2625613932,1.044641754
1.367,-1.12,-1.833560709,-3.137952826,-53.56,-2.493934332,263.597,-0.2846183522,1.129347967
1.368,-1.21,-1.983606557,-3.412254305,-57.07,-2.599229838,260.842,-0.3408284571,1.160607703
1.369,-1.25,-2.051983584,-3.538134374,-58.51,-2.640928857,258.646,-0.3860601852,1.16886263
1.37,-1.24,-2.038356164,-3.513002798,-58.13,-2.63000715,256.326,-0.4342650739,1.146439527
1.371,-1.21,-1.991769547,-3.427253204,-57.05,-2.598644683,257.548,-0.4088202671,1.139582094
1.372,-1.17,-1.928571429,-3.311335929,-55.8,-2.561740305,260.698,-0.3437827847,1.139669459
1.373,-1.11,-1.83218707,-3.135453891,-54.22,-2.514140117,265.582,-0.2444814617,1.136601669
1.374,-1.07,-1.768595041,-3.020009862,-52.83,-2.471360276,266.726,-0.221485717,1.121493717
1.375,-1.06,-1.754482759,-2.994455157,-52.46,-2.459827311,268.506,-0.1859010169,1.131807497
1.376,-1.08,-1.790055249,-3.058915202,-53.39,-2.4886986,270.592,-0.1444979484,1.16167371
1.377,-1.12,-1.858921162,-3.184128657,-54.54,-2.523867984,272.804,-0.1009412591,1.213089547
1.378,-1.1,-1.828254848,-3.128301588,-54.2,-2.513530638,274.21,-0.07343879461,1.209253402
1.379,-1.05,-1.747572816,-2.981951091,-52.55,-2.462638316,274.394,-0.06985004922,1.177478693
1.38,-1.01,-1.683333333,-2.865973812,-51.18,-2.419448739,275.923,-0.04012110736,1.165233757
1.381,-0.99,-1.652294854,-2.810111283,-50.58,-2.400261054,277.667,-0.006412294462,1.167633026
1.382,-0.95,-1.587743733,-2.69429635,-49.31,-2.35908901,279.531,0.02938265527,1.156496115
1.383,-0.83,-1.389121339,-2.341012121,-45.59,-2.2339865,282.726,0.09018557631,1.091991377
1.384,-0.67,-1.122905028,-1.874781997,-40.15,-2.038239983,286.517,0.1614456528,0.9989277816
1.385,-0.55,-0.9230769231,-1.530298793,-36.13,-1.883135,290.414,0.2337221194,0.927783947
1.386,-0.53,-0.8907563025,-1.475022853,-35.35,-1.851958417,293.953,0.2985234565,0.9495234051
1.387,-0.56,-0.9424964937,-1.563569995,-36.55,-1.899774315,296.534,0.345293116,1.005846836
1.388,-0.56,-0.9438202247,-1.565839535,-36.61,-1.902142947,298.915,0.3880790402,1.034196462
1.389,-0.49,-0.8270042194,-1.366352043,-34.41,-1.813906888,299.989,0.4072671109,0.9713588828
1.39,-0.39,-0.6591549296,-1.082526182,-30.65,-1.656324707,300.735,0.4205547507,0.8759932838
1.391,-0.27,-0.4569816643,-0.7450618613,-26.18,-1.457333993,301.538,0.434820881,0.7286575132
1.392,-0.14,-0.2372881356,-0.3838065613,-21.21,-1.220378231,302.81,0.4573417135,0.5029989425
1.393,-0.01,-0.01697312588,-0.02723349476,-15.8,-0.9425056566,304.019,0.4786596088,0.05871235702
1.394,0.09,0.1529745042,0.243918868,-10.99,-0.6769763532,305.966,0.5128128597,-1.485828931
1.395,0.16,0.2723404255,0.4323357807,-7.66,-0.4824596762,307.659,0.542334385,7.220674458
1.396,0.18,0.3068181818,0.4864461764,-6.53,-0.4144013617,309.452,0.5734230449,3.058992753
1.397,0.15,0.2560455192,0.4067133976,-7.6,-0.4788723866,310.769,0.5961438512,3.46813608
1.398,0.09,0.1538461538,0.2453008284,-10.23,-0.6333672186,312.138,0.6196599195,-17.89563552
1.399,-0.02,-0.03423680456,-0.05496796218,-14.26,-0.8594324604,309.896,0.5810936934,0.1974858292
1.4,-0.15,-0.2571428571,-0.4162214057,-19.25,-1.12217216,307.204,0.5344163596,0.708153633
1.401,-0.29,-0.4978540773,-0.8128974963,-24.6,-1.383841386,301.764,0.4388291556,0.8601978583
1.402,-0.43,-0.7392550143,-1.217558363,-29.94,-1.625579557,295.812,0.3322510699,0.9414146332
1.403,-0.56,-0.9641319943,-1.600689977,-34.79,-1.829352954,290.996,0.2444329811,1.009950031
1.404,-0.68,-1.172413793,-1.960856409,-39.04,-1.996329333,285.782,0.1477037026,1.060710388
1.405,-0.79,-1.364028777,-2.296710981,-43.13,-2.147413873,280.262,0.04335514947,1.091562206
1.406,-0.91,-1.573487032,-2.668783682,-47.45,-2.297391987,274.285,-0.07197570013,1.126369578
1.407,-1.03,-1.783549784,-3.04711568,-51.83,-2.440047255,270.249,-0.1512838624,1.175888199
1.408,-1.13,-1.959537572,-3.368074949,-55.64,-2.556968897,265.944,-0.2371941406,1.205396716
1.409,-1.21,-2.10130246,-3.62927051,-58.47,-2.639781953,261.878,-0.3196216647,1.226351988
1.41,-1.27,-2.208695652,-3.828712223,-60.48,-2.696626096,257.555,-0.4086748593,1.232960115
1.411,-1.31,-2.281567489,-3.964816707,-61.94,-2.736931691,257.844,-0.402675041,1.262838644
1.412,-1.33,-2.319767442,-4.036413341,-62.9,-2.762996745,259.255,-0.3734780449,1.28692676
1.413,-1.34,-2.340611354,-4.075552663,-63.24,-2.772146596,260.987,-0.3378552608,1.310466312
1.414,-1.34,-2.344023324,-4.081964304,-63.18,-2.770534986,262.948,-0.2978067854,1.33034864
1.415,-1.32,-2.312408759,-4.022607903,-62.71,-2.757865126,265.731,-0.2414807821,1.341161715
1.416,-1.28,-2.245614035,-3.897587472,-61.42,-2.72266926,268.921,-0.1776384977,1.343853066
1.417,-1.2,-2.108345534,-3.642308735,-59.05,-2.656349138,270.922,-0.1379773406,1.303465705
1.418,-1.1,-1.935483871,-3.323991759,-55.75,-2.560250412,272.528,-0.1063566763,1.246524759
1.419,-0.98,-1.726872247,-2.94452547,-52.01,-2.445717156,273.884,-0.07980303215,1.165908506
1.42,-0.85,-1.5,-2.5376565,-48.04,-2.317145055,275.021,-0.05763905587,1.068584082
1.421,-0.72,-1.272459499,-2.135673198,-43.9,-2.17485042,277.545,-0.008763468465,0.9780452532
1.422,-0.62,-1.097345133,-1.830457255,-40.36,-2.046091946,275.947,-0.03965578038,0.8776024214
1.423,-0.56,-0.9926144756,-1.649641304,-38.29,-1.96761948,279.992,0.03819855938,0.85499296
1.424,-0.53,-0.9408284024,-1.560710342,-37.43,-1.934304779,283.934,0.1129957616,0.8569168257
1.425,-0.48,-0.8533333333,-1.411174263,-35.75,-1.867991233,287.477,0.1793413269,0.8356819602
1.426,-0.35,-0.6231454006,-1.022067583,-31,-1.671363433,292.389,0.2699823667,0.7293288083
1.427,-0.13,-0.2317979198,-0.3748514156,-22.68,-1.292242177,295.195,0.3210804705,0.3859824921
1.428,0.1,0.1785714286,0.284464375,-13.08,-0.794551446,299.398,0.3967168286,-0.7150317307
1.429,0.24,0.4292101341,0.6774019317,-6.21,-0.3949363368,304.041,0.4790467417,8.053723348
1.43,0.28,0.5014925373,0.7893488406,-4.14,-0.2669523509,309.127,0.5678012887,2.623738167
1.431,0.27,0.4843049327,0.7627853684,-4.86,-0.3118773546,313.203,0.6378827947,2.339793373
1.432,0.26,0.4670658683,0.7361074431,-5.24,-0.3354114036,316.847,0.699768732,2.020289934
1.433,0.27,0.4857571214,0.7650310731,-4.61,-0.2963280737,319.907,0.7511892995,1.68189995
1.434,0.3,0.5405405405,0.8495683857,-2.82,-0.1834447491,323.375,0.8088746685,1.35837503
1.435,0.38,0.6857142857,1.071880594,0.74,0.04929329924,326.019,0.8524398328,1.188689376
1.436,0.53,0.9578313253,1.481906138,4.4,0.300316544,330.106,0.919090952,1.215267368
1.437,0.69,1.248868778,1.910796785,8.72,0.612475389,331.717,0.9451367891,1.226747461
1.438,0.78,1.413897281,2.149564234,11.04,0.7874242588,331.999,0.949683011,1.237438972
1.439,0.75,1.361573374,2.07420767,10.36,0.7356080126,331.326,0.9388269412,1.238750819
1.44,0.68,1.236363636,1.892573392,8.61,0.6043087435,330.842,0.9310059639,1.232694107
1.441,0.67,1.220030349,1.868743635,8.3,0.5813556798,330.71,0.9288709843,1.237392823
1.442,0.73,1.331306991,2.030471126,9.89,0.7000555195,330.167,0.9200794825,1.253272797
1.443,0.8,1.461187215,2.217393712,11.68,0.836603557,329.722,0.912863874,1.267467844
1.444,0.81,1.481707317,2.246744481,12.16,0.8737509405,328.927,0.8999487946,1.266699451
1.445,0.74,1.355725191,2.065765135,10.43,0.7409213337,328.311,0.8899201566,1.266686644
1.446,0.57,1.04587156,1.612699249,6.11,0.4217921938,328.836,0.8984684741,1.221500638
1.447,0.3,0.5513016845,0.8661326038,-0.82,-0.05405781652,324.158,0.8218131659,1.128136202
1.448,-0.01,-0.01840490798,-0.02953234935,-13.11,-0.7962142848,318.073,0.7204299433,0.3896893315
1.449,-0.3,-0.5529953917,-0.9047266478,-23.98,-1.354539769,310.52,0.5918555085,1.186240093
1.45,-0.55,-1.015384615,-1.688843804,-33.17,-1.76289821,299.967,0.4068747488,1.245438484
1.451,-0.78,-1.442218798,-2.43500045,-41.47,-2.087192618,291.24,0.2489170737,1.324611241
1.452,-1,-1.851851852,-3.171249383,-49.71,-2.372139063,281.605,0.06893082373,1.376883483
1.453,-1.21,-2.244204019,-3.894953987,-57.3,-2.605947207,270.543,-0.1454668379,1.415618996
1.454,-1.37,-2.544891641,-4.461842757,-62.83,-2.761107694,261.373,-0.3299484518,1.443468687
1.455,-1.45,-2.697674419,-4.753962064,-65.9,-2.84230205,256.825,-0.423860141,1.455519287
1.456,-1.48,-2.757763975,-4.869605431,-66.81,-2.865738335,248.437,-0.6015102446,1.404458123
1.457,-1.47,-2.743390358,-4.841904496,-66.43,-2.855985858,248.683,-0.5962153456,1.402555706
1.458,-1.43,-2.672897196,-4.706401611,-65.25,-2.82538851,256.502,-0.4305928873,1.445463299
1.459,-1.36,-2.546021841,-4.463993604,-63.1,-2.76838413,260.732,-0.343085088,1.434689946
1.46,-1.27,-2.38125,-4.152008252,-60.38,-2.693835541,264.592,-0.2644617178,1.403512862
1.461,-1.18,-2.215962441,-3.842256528,-57.54,-2.612933339,266.624,-0.2235320281,1.35459314
1.462,-1.08,-2.031347962,-3.500086839,-54.74,-2.529925227,269.482,-0.1664894102,1.298052158
1.463,-0.99,-1.864992151,-3.195193826,-51.72,-2.436575014,274.184,-0.07394609411,1.272721355
1.464,-0.86,-1.622641509,-2.756847596,-47.82,-2.309799497,279.177,0.02260308436,1.205339245
1.465,-0.69,-1.303937008,-2.190919635,-42.3,-2.117487887,282.604,0.08787648247,1.079477397
1.466,-0.49,-0.927444795,-1.537778321,-35.59,-1.861589459,288.176,0.1923340563,0.9212360905
1.467,-0.33,-0.6255924171,-1.026171196,-29.64,-1.612492258,293.485,0.2899989807,0.7759367959
1.468,-0.24,-0.4556962025,-0.7429315789,-26.3,-1.462847148,300.249,0.4119019394,0.7069175184
1.469,-0.22,-0.4183835182,-0.6811813028,-25.69,-1.434721931,306.347,0.51947073,0.7442561149
1.47,-0.24,-0.4571428571,-0.7453290057,-26.57,-1.475216641,313.529,0.6434484916,0.8960778387
1.471,-0.25,-0.4769475358,-0.7781745057,-27,-1.494816189,317.963,0.7185794191,1.00249632
1.472,-0.22,-0.4203821656,-0.6844847924,-25.67,-1.433795568,322.438,0.7933501946,1.06876374
1.473,-0.12,-0.2296650718,-0.3713734627,-21.78,-1.248424252,325.694,0.8471038946,0.9253790796
1.474,0.03,0.05750798722,0.09201991716,-15.74,-0.9393026778,328.462,0.8923802152,-1.961105876
1.475,0.16,0.3072,0.4870446298,-9.41,-0.5857976064,329.514,0.9094878446,1.504662706
1.476,0.26,0.5,0.7870435,-4.45,-0.2863488262,330.31,0.9223961416,1.237397723
1.477,0.33,0.6356340289,0.9954702807,-0.3,-0.0198458683,330.186,0.9203873482,1.105413024
1.478,0.41,0.7909967846,1.23155365,1.87,0.1255057383,330.187,0.9204035511,1.177495661
1.479,0.49,0.9468599034,1.465543007,3.94,0.2680991864,329.537,0.9098612603,1.244136007
1.48,0.54,1.04516129,1.611647718,5.21,0.3575202108,328.84,0.8985335518,1.283104089
1.481,0.55,1.066235864,1.642822686,5.36,0.3681799878,327.801,0.8816029774,1.31448638
1.482,0.53,1.029126214,1.587892509,4.83,0.3306085758,327.324,0.8738122491,1.318386793
1.483,0.51,0.9918962723,1.532621423,4.37,0.298209494,326.781,0.8649297282,1.31765948
1.484,0.5,0.974025974,1.506033471,4.27,0.2911919638,327.12,0.8704768987,1.296439562
1.485,0.47,0.9170731707,1.421046679,3.37,0.2284462113,328.39,0.8912073482,1.269184264
1.486,0.35,0.6840390879,1.069329421,0.4,0.02658478558,329.375,0.90723056,1.145118706
1.487,0.13,0.2544861338,0.4042597556,-7.7,-0.4848495626,327.654,0.8792032703,1.025119703
1.488,-0.15,-0.2941176471,-0.4767101384,-18.1,-1.063258747,325.899,0.8504702599,2.240300428
1.489,-0.43,-0.8445171849,-1.396156722,-28.14,-1.546187575,319.77,0.7488976742,1.751128066
1.49,-0.66,-1.298360656,-2.181124035,-36.4,-1.893843543,313.959,0.6507809039,1.754637269
1.491,-0.85,-1.674876847,-2.850742735,-43.14,-2.147772195,307.26,0.5353915184,1.768033304
1.492,-1.02,-2.013157895,-3.466589924,-48.98,-2.348265094,298.533,0.381237607,1.762349508
1.493,-1.18,-2.332784185,-4.060849326,-54.67,-2.52780717,289.517,0.2171720339,1.757460216
1.494,-1.32,-2.613861386,-4.593372154,-59.5,-2.669110496,281.423,0.06547202582,1.764212738
1.495,-1.4,-2.776859504,-4.906444073,-62.09,-2.741026956,275.914,-0.04029561542,1.764068693
1.496,-1.4,-2.781456954,-4.915319774,-62.18,-2.743480076,270.511,-0.1460996768,1.701050047
1.497,-1.35,-2.686567164,-4.732632497,-60.83,-2.706362615,269.451,-0.1671048856,1.647010971
1.498,-1.3,-2.591362126,-4.550403208,-59.22,-2.661179545,269.304,-0.1700243945,1.607232578
1.499,-1.26,-2.515806988,-4.406544409,-57.84,-2.621632716,270.314,-0.1499972408,1.589874723
1.5,-1.21,-2.42,-4.225091649,-56.5,-2.582487618,270.58,-0.1447352113,1.549228616
1.501,-1.17,-2.34,-4.074403975,-55.18,-2.543190135,272.207,-0.1126619447,1.534123081
1.502,-1.13,-2.26,-3.924469479,-53.88,-2.503755071,273.598,-0.08539262282,1.515737974
1.503,-1.09,-2.18,-3.775288161,-52.6,-2.464198403,275.939,-0.03981088488,1.507697347
1.504,-1.05,-2.1,-3.62686002,-51.33,-2.424219533,278.813,0.01562302996,1.505798093
1.505,-1.01,-2.02,-3.479185057,-50.17,-2.387052641,282.308,0.08226994501,1.509550147
1.506,-0.97,-1.94,-3.332263271,-48.91,-2.345962384,286.175,0.1550558299,1.520951802
1.507,-0.91,-1.82,-3.113292801,-46.9,-2.278823328,289.012,0.2078319639,1.50328623
1.508,-0.81,-1.62,-2.752107905,-43.64,-2.165620988,292.6,0.2738417557,1.454772236
1.509,-0.67,-1.34,-2.254357415,-39.1,-1.9986124,297.046,0.3545225397,1.371188686
1.51,-0.51,-1.02,-1.696797377,-33.67,-1.78357836,302.233,0.4471376422,1.26963909
1.511,-0.36,-0.72,-1.185029453,-28.15,-1.546634434,306.418,0.5207105201,1.155085126
1.512,-0.23,-0.46,-0.7500646472,-23.19,-1.31682139,311.002,0.6001535269,1.046600086
1.513,-0.12,-0.24,-0.3882312192,-18.93,-1.105875675,313.984,0.651206898,0.8538770177
1.514,-0.03,-0.06,-0.0964223112,-14.94,-0.8963363049,315.919,0.6840763479,0.4542651972
1.515,0.04,0.08,0.1279040512,-11.38,-0.6991767359,316.345,0.6912856793,-16.20873568
1.516,0.08,0.16,0.2550549248,-9.62,-0.5980314896,316.786,0.6987386404,2.532639666
1.517,0.06,0.12,0.1915736352,-10.41,-0.6437372678,317.284,0.7071424462,3.021419387
1.518,-0.01,-0.02,-0.0320936968,-12.89,-0.7840039152,318.436,0.7265321358,0.5584253196
1.519,-0.1,-0.2,-0.32305528,-15.95,-0.9505012434,319.507,0.7444956698,1.568187085
1.52,-0.19,-0.38,-0.6178298248,-19.07,-1.113014539,321.018,0.7697370421,1.799797044
1.521,-0.29,-0.58,-0.9498290888,-22.52,-1.28449375,321.657,0.7803758599,1.884140808
1.522,-0.4,-0.8,-1.32046528,-26.36,-1.465600122,321.951,0.785263618,1.940900234
1.523,-0.51,-1.02,-1.696797377,-30.11,-1.632970217,319.669,0.747207599,1.915634441
1.524,-0.6,-1.2,-2.00894208,-33.22,-1.764973081,316.987,0.7021321269,1.890162467
1.525,-0.67,-1.34,-2.254357415,-35.57,-1.860788174,311.823,0.6142581391,1.808506295
1.526,-0.73,-1.46,-2.466549287,-37.36,-1.93157444,306.402,0.5204311559,1.747908462
1.527,-0.77,-1.54,-2.608952007,-39.01,-1.99518704,298.706,0.3843370363,1.619612007
1.528,-0.82,-1.64,-2.788014563,-40.7,-2.058753072,292.829,0.2780272336,1.565661879
1.529,-0.87,-1.74,-2.968253959,-42.22,-2.114584017,287.082,0.1719852492,1.527980975
1.53,-0.92,-1.84,-3.149670195,-44.08,-2.181219309,281.079,0.05892840383,1.484089758
1.531,-1.02,-2.04,-3.516033187,-47.17,-2.287957604,275.119,-0.05573299558,1.500212181
1.532,-1.16,-2.32,-4.036849741,-51.96,-2.444143669,269.895,-0.1582964378,1.55117873
1.533,-1.33,-2.66,-4.681673735,-57.92,-2.623946329,265.087,-0.2544622624,1.626479906
1.534,-1.48,-2.96,-5.261933747,-62.92,-2.763536144,259.807,-0.3620990532,1.683476611
1.535,-1.55,-3.1,-5.53634642,-65.22,-2.824604353,257.776,-0.4040861577,1.714734317
1.536,-1.54,-3.08,-5.497003389,-64.83,-2.814381723,257.108,-0.4179681273,1.700621419
1.537,-1.48,-2.96,-5.261933747,-63.05,-2.767038657,258.657,-0.3858326589,1.668933876
1.538,-1.43,-2.86,-5.067336903,-61.5,-2.724870127,259.993,-0.3582702727,1.64356346
1.539,-1.41,-2.82,-4.989827681,-61,-2.71107478,264.226,-0.2718672914,1.672787322
1.54,-1.41,-2.82,-4.989827681,-61.06,-2.712735254,267.793,-0.2001264853,1.713032793
1.541,-1.38,-2.76,-4.873916899,-59.93,-2.681229928,270.805,-0.1402882832,1.727409336
1.542,-1.25,-2.5,-4.3765325,-55.93,-2.565609054,274.857,-0.0608303093,1.666336775
1.543,-1.01,-2.02,-3.479185057,-48.49,-2.332096439,278.431,0.008288001427,1.497190991
1.544,-0.72,-1.44,-2.431066291,-39.2,-2.002413015,282.038,0.07715074469,1.262719542
1.545,-0.5,-1,-1.66235,-31.39,-1.688030169,284.828,0.1298144096,1.066829154
1.546,-0.38,-0.76,-1.252653219,-27.17,-1.502531077,288.99,0.2074246988,0.9672203306
1.547,-0.36,-0.72,-1.185029453,-26.34,-1.464682731,291.86,0.2602942003,0.9839262188
1.548,-0.4,-0.8,-1.32046528,-27.75,-1.528709137,295.088,0.3191408924,1.091683157
1.549,-0.49,-0.98,-1.627949697,-30.9,-1.667074528,297.802,0.3681213151,1.253278163
1.55,-0.64,-1.28,-2.148896973,-36.41,-1.894239337,301.687,0.4374638418,1.475105107
1.551,-0.81,-1.62,-2.752107905,-42.5,-2.124732562,305.093,0.4975261094,1.691308378
1.552,-0.9,-1.8,-3.07696248,-45.52,-2.231566214,306.985,0.5306010843,1.808950946
1.553,-0.85,-1.7,-2.89601698,-43.86,-2.173432812,309.136,0.5679570477,1.803837246
1.554,-0.7,-1.4,-2.36024152,-39.01,-1.99518704,309.64,0.5766723198,1.663882289
1.555,-0.56,-1.12,-1.869740365,-34,-1.797144096,310.006,0.5829923807,1.53995612
1.556,-0.47,-0.94,-1.559290311,-30.92,-1.667932812,310.567,0.5926652179,1.450141638
1.557,-0.42,-0.84,-1.388465635,-29.28,-1.596711468,311.229,0.6040570613,1.398740211
1.558,-0.39,-0.78,-1.286535713,-27.93,-1.536788464,314.313,0.6568098219,1.462007884
1.559,-0.34,-0.68,-1.117593981,-26.04,-1.450889816,316.559,0.6949036057,1.478325881
1.56,-0.28,-0.56,-0.9164173312,-23.74,-1.343126497,319.175,0.7389335899,1.516762809
1.561,-0.23,-0.46,-0.7500646472,-21.91,-1.254788614,321.864,0.7838177058,1.592592309
1.562,-0.22,-0.44,-0.7169353312,-21.48,-1.233691807,325.354,0.8415159805,1.828096694
1.563,-0.25,-0.5,-0.8164645,-22.51,-1.28400888,326.208,0.8555404405,1.905541749
1.564,-0.3,-0.6,-0.98328792,-24.44,-1.376304822,326.95,0.8676958507,1.933288587
1.565,-0.36,-0.72,-1.185029453,-26.52,-1.472929657,322.42,0.7930515242,1.743002748
1.566,-0.42,-0.84,-1.388465635,-28.44,-1.559565008,317.414,0.7093340397,1.63304524
1.567,-0.47,-0.94,-1.559290311,-30.39,-1.64510302,313.356,0.6404956373,1.552139013
1.568,-0.53,-1.06,-1.765833351,-32.44,-1.732430652,308.508,0.5570776377,1.502385521
1.569,-0.6,-1.2,-2.00894208,-34.81,-1.830163511,301.979,0.4426395519,1.447861183
1.57,-0.7,-1.4,-2.36024152,-38.48,-1.974922773,294.322,0.3052351144,1.413582659
1.571,-0.85,-1.7,-2.89601698,-43.63,-2.165265302,287.734,0.1841220077,1.461790769
1.572,-1,-2,-3.442384,-48.79,-2.342009385,281.454,0.06606131975,1.512505514
1.573,-1.09,-2.18,-3.775288161,-52.19,-2.451372268,278.064,0.001231512925,1.54084542
1.574,-1.12,-2.24,-3.887103539,-53.1,-2.479737343,275.006,-0.05793085973,1.531761928
1.575,-1.1,-2.2,-3.81251288,-52.52,-2.461701721,276.435,-0.0302028993,1.529959393
1.576,-1.08,-2.16,-3.738110515,-51.74,-2.437206744,279.268,0.02434667595,1.549244635
1.577,-1.05,-2.1,-3.62686002,-51.01,-2.414029237,281.416,0.06533895047,1.544205313
1.578,-1.02,-2.04,-3.516033187,-50.03,-2.382524325,284.003,0.1142957297,1.550122944
1.579,-0.97,-1.94,-3.332263271,-48.33,-2.326791689,286.795,0.1666341021,1.542601934
1.58,-0.88,-1.76,-3.004443059,-45.4,-2.227411341,290.211,0.2299811505,1.504154225
1.581,-0.74,-1.48,-2.502079357,-40.9,-2.066171118,293.269,0.2860600214,1.405574832
1.582,-0.6,-1.2,-2.00894208,-36.21,-1.886312353,297.247,0.3581414618,1.314605645
1.583,-0.51,-1.02,-1.696797377,-33.21,-1.764558229,300.733,0.420519171,1.26246136
1.584,-0.49,-0.98,-1.627949697,-32.16,-1.720657414,304.128,0.4805774018,1.312777951
1.585,-0.49,-0.98,-1.627949697,-32.16,-1.720657414,306.741,0.5263470684,1.363087663
1.586,-0.47,-0.94,-1.559290311,-31.74,-1.702906482,308.47,0.556418619,1.36005828
1.587,-0.44,-0.88,-1.456654285,-30.54,-1.651582289,310.976,0.5997062442,1.384815532
1.588,-0.41,-0.82,-1.354441921,-29.5,-1.606365158,312.36,0.6234636148,1.378003656
1.589,-0.41,-0.82,-1.354441921,-29.44,-1.603735414,311.507,0.6088337246,1.361382672
1.59,-0.42,-0.84,-1.388465635,-29.88,-1.622966693,309.207,0.5691856538,1.317603547
1.591,-0.41,-0.82,-1.354441921,-29.58,-1.609867895,308.843,0.5628838976,1.293660576
1.592,-0.38,-0.76,-1.252653219,-28.19,-1.548421217,309.498,0.5742182626,1.285823671
1.593,-0.32,-0.64,-1.050346803,-26.14,-1.455494137,312.162,0.6200712602,1.257263636
1.594,-0.28,-0.56,-0.9164173312,-24.71,-1.389012656,316.24,0.6895096333,1.310097743
1.595,-0.27,-0.54,-0.8830526472,-24.16,-1.363073778,318.52,0.7279432223,1.390348236
1.596,-0.25,-0.5,-0.8164645,-23.45,-1.329282563,323.751,0.8150916964,1.587862705
1.597,-0.22,-0.44,-0.7169353312,-22.31,-1.27429681,327.513,0.8769004986,1.804081495
1.598,-0.2,-0.4,-0.65081792,-21.24,-1.221860066,331.082,0.9348855635,2.267859736
1.599,-0.19,-0.38,-0.6178298248,-20.78,-1.19906837,333.977,0.9814629283,2.839220471
1.6,-0.19,-0.38,-0.6178298248,-20.87,-1.203539452,337.162,1.032241911,3.606764123
1.601,-0.19,-0.38,-0.6178298248,-20.75,-1.197576727,339.659,1.071717668,4.908902301
1.602,-0.15,-0.3,-0.48634818,-19.47,-1.133332914,341.567,1.101686655,15.36826805
1.603,-0.14,-0.28,-0.4535954528,-18.91,-1.104854673,340.148,1.079414413,17.82982732
1.604,-0.17,-0.34,-0.5519948552,-19.88,-1.154039167,336.759,1.025843386,4.305873807
1.605,-0.2,-0.4,-0.65081792,-21.12,-1.215928896,332.333,0.9550625506,2.494832822
1.606,-0.24,-0.48,-0.7832410368,-22.31,-1.27429681,329.545,0.909991138,2.149955649
1.607,-0.27,-0.54,-0.8830526472,-23.6,-1.336450457,327.533,0.8772271932,1.92292664
1.608,-0.33,-0.66,-1.083946855,-25.81,-1.440274464,324.111,0.8210374077,1.750455409
1.609,-0.36,-0.72,-1.185029453,-26.67,-1.479785624,320.827,0.7665529399,1.661490674
1.61,-0.35,-0.7,-1.15128818,-26.45,-1.469725083,316.006,0.6855494658,1.468150953
1.611,-0.4,-0.8,-1.32046528,-27.98,-1.53902896,313.691,0.6462121153,1.478987865
1.612,-0.48,-0.96,-1.593596467,-31.13,-1.676929612,311.023,0.6005147664,1.480466823
1.613,-0.58,-1.16,-1.939247075,-34.52,-1.818387019,309.765,0.5788316501,1.564469909
1.614,-0.58,-1.16,-1.939247075,-34.6,-1.821640736,308.837,0.5627799603,1.540477797
1.615,-0.49,-0.98,-1.627949697,-31.45,-1.690585826,309.677,0.5773115724,1.462307865
1.616,-0.41,-0.82,-1.354441921,-28.32,-1.554221063,310.329,0.5885637257,1.402611328
1.617,-0.35,-0.7,-1.15128818,-26.01,-1.449507215,311.722,0.6125249843,1.375522845
1.618,-0.34,-0.68,-1.117593981,-25.92,-1.445355796,313.052,0.6353028552,1.379655483
1.619,-0.4,-0.8,-1.32046528,-28.08,-1.543505053,315.649,0.6795020183,1.528310929
1.62,-0.49,-0.98,-1.627949697,-31.03,-1.672648878,319.092,0.7375421659,1.740923977
1.621,-0.54,-1.08,-1.800421949,-32.98,-1.754999765,321.794,0.7826540443,1.851627368
1.622,-0.56,-1.12,-1.869740365,-33.37,-1.77118854,322.984,0.802401949,1.929981673
1.623,-0.53,-1.06,-1.765833351,-32.64,-1.740810488,321.937,0.7850309689,1.84753211
1.624,-0.49,-0.98,-1.627949697,-31.01,-1.671791978,320.218,0.7563878158,1.778394467
1.625,-0.45,-0.9,-1.49081922,-29.55,-1.608554849,318.113,0.7211027026,1.679886882
1.626,-0.49,-0.98,-1.627949697,-30.99,-1.670934826,317.458,0.7100756065,1.694264533
1.627,-0.7,-1.4,-2.36024152,-38.21,-1.964538269,318.805,0.7327280655,1.916075637
1.628,-0.94,-1.88,-3.222566205,-46.74,-2.273393291,321.197,0.7727193767,2.147412688
1.629,-0.94,-1.88,-3.222566205,-46.73,-2.27305349,325.399,0.8422558925,2.252286565
1.63,-0.7,-1.4,-2.36024152,-38.78,-1.986412608,330.111,0.919171986,2.211536434
1.631,-0.53,-1.06,-1.765833351,-32.79,-1.747079211,333.933,0.9807580429,2.304299325
1.632,-0.62,-1.24,-2.078825379,-36.12,-1.882737567,336.845,1.027209471,2.429873884
1.633,-0.87,-1.74,-2.968253959,-44.96,-2.212113787,337.046,1.030400936,2.511823374
1.634,-1.03,-2.06,-3.552928391,-50.7,-2.404112018,337.186,1.032622724,2.59056225
1.635,-1.13,-2.26,-3.924469479,-53.91,-2.504673445,336.067,1.014838457,2.634163857
1.636,-1.22,-2.44,-4.262881251,-57.33,-2.606821773,335.419,1.004512698,2.66046128
1.637,-1.15,-2.3,-3.99934258,-54.97,-2.536869595,332.773,0.9621411225,2.539702972
1.638,-0.76,-1.52,-2.573280717,-42.68,-2.13123449,329.339,0.9066457842,2.101342846
1.639,-0.26,-0.52,-0.8497350368,-25.41,-1.421728351,323.284,0.807368929,1.383123635
1.64,-0.03,-0.06,-0.0964223112,-15.84,-0.9446394691,318.406,0.7260280861,0.4410672028
1.641,-0.19,-0.38,-0.6178298248,-21.63,-1.241065966,313.467,0.6423904306,1.031994442
1.642,-0.55,-1.1,-1.83505762,-34.87,-1.832593747,308.698,0.5603715137,1.442403357
1.643,-0.91,-1.82,-3.113292801,-47.51,-2.299408598,302.879,0.4585606559,1.691227575
1.644,-1.15,-2.3,-3.99934258,-56.14,-2.571843432,297.18,0.3569354264,1.805647264
1.645,-1.28,-2.56,-4.490607411,-60.61,-2.700248033,293.445,0.2892697625,1.862566522
1.646,-1.31,-2.62,-4.605105985,-61.71,-2.730635884,289.756,0.2215867056,1.835398853
1.647,-1.3,-2.6,-4.56689272,-61.59,-2.727343206,288.547,0.1992172577,1.80643402
1.648,-1.31,-2.62,-4.605105985,-61.77,-2.732280187,286.924,0.1690399837,1.796595566
1.649,-1.32,-2.64,-4.643366323,-62.13,-2.742117605,285.003,0.1331004717,1.779737766
1.65,-1.32,-2.64,-4.643366323,-62.25,-2.745385969,282.246,0.08109485812,1.742814929
1.651,-1.31,-2.62,-4.605105985,-61.95,-2.737204971,280.727,0.05222430937,1.715135625
1.652,-1.29,-2.58,-4.528726529,-61.25,-2.717984351,278.38,0.007307956131,1.670699807
1.653,-1.26,-2.52,-4.414510397,-60.3,-2.691600304,278.566,0.01088137272,1.646763614
1.654,-1.23,-2.46,-4.300717927,-59.33,-2.664298981,278.737,0.01416450605,1.622830074
1.655,-1.2,-2.4,-4.18734912,-58.39,-2.637486208,282.875,0.09300434791,1.645658861
1.656,-1.17,-2.34,-4.074403975,-57.45,-2.610316321,287.14,0.1730660158,1.671721598
1.657,-1.14,-2.28,-3.961882493,-56.51,-2.582782512,287.138,0.1730287517,1.644102629
1.658,-1.1,-2.2,-3.81251288,-55.5,-2.552784956,287.312,0.1762697649,1.604245113
1.659,-1.07,-2.14,-3.700979943,-54.57,-2.52477768,290.194,0.2296677486,1.612550185
1.66,-1.05,-2.1,-3.62686002,-53.95,-2.505897326,293.126,0.283450688,1.631922206
1.661,-1.05,-2.1,-3.62686002,-53.71,-2.498543445,294.329,0.3053623545,1.653698382
1.662,-1.05,-2.1,-3.62686002,-53.79,-2.500997565,294.746,0.3129367732,1.657568214
1.663,-1.05,-2.1,-3.62686002,-53.96,-2.506203187,295.387,0.3245590731,1.662443474
1.664,-1.06,-2.12,-3.663896445,-54.07,-2.509564744,297.446,0.3617219648,1.70584946
1.665,-1.06,-2.12,-3.663896445,-54.14,-2.511701147,299.582,0.4000037498,1.735048047
1.666,-1.06,-2.12,-3.663896445,-54.19,-2.513225832,301.737,0.4383504489,1.765839276
1.667,-1.06,-2.12,-3.663896445,-54.25,-2.515054007,303.112,0.4626747436,1.785194632
1.668,-1.09,-2.18,-3.775288161,-55.26,-2.545592962,305.349,0.5020133501,1.847389815
1.669,-1.15,-2.3,-3.99934258,-57.36,-2.607695966,307.233,0.5349213747,1.929463337
1.67,-1.17,-2.34,-4.074403975,-58.26,-2.633750103,310.511,0.5917004438,1.995252151
1.671,-1.13,-2.26,-3.924469479,-56.79,-2.591022532,315.063,0.6695605525,2.04243931
1.672,-0.97,-1.94,-3.332263271,-51.89,-2.441938868,318.962,0.7353620996,1.952600863
1.673,-0.72,-1.44,-2.431066291,-44.11,-2.182279147,323.691,0.8141001018,1.776862685
1.674,-0.49,-0.98,-1.627949697,-36.4,-1.893843543,327.082,0.8698553781,1.589813
1.675,-0.32,-0.64,-1.050346803,-30.2,-1.636875475,330.334,0.9227848532,1.470887267
1.676,-0.22,-0.44,-0.7169353312,-26.47,-1.470641008,331.943,0.9487805225,1.373806507
1.677,-0.17,-0.34,-0.5519948552,-24.68,-1.387603126,331.655,0.9441367469,1.24472763
1.678,-0.12,-0.24,-0.3882312192,-22.91,-1.303349294,331.606,0.9433462587,1.078410959
1.679,-0.09,-0.18,-0.2905379208,-21.48,-1.233691807,332.336,0.9551108453,1.04292095
1.68,-0.07,-0.14,-0.2256444232,-20.7,-1.19508923,333.802,0.9786588569,1.042572813
1.681,-0.06,-0.12,-0.1932682848,-20.38,-1.179126991,335.342,1.003284392,1.099098205
1.682,-0.06,-0.12,-0.1932682848,-20.14,-1.167107229,336.511,1.021902025,1.331001089
1.683,-0.05,-0.1,-0.16093922,-19.82,-1.151016555,336.827,1.026923575,1.296924447
1.684,-0.04,-0.08,-0.1286572288,-19.49,-1.134345791,336.698,1.024874208,1.175256858
1.685,-0.03,-0.06,-0.0964223112,-19.15,-1.117087496,334.385,0.9879947188,0.7469225864
1.686,-0.02,-0.04,-0.0642344672,-18.85,-1.101789922,332.324,0.9549176638,0.4373492174
1.687,-0.02,-0.04,-0.0642344672,-18.79,-1.098722549,330.144,0.9197067794,0.3588201605
1.688,-0.02,-0.04,-0.0642344672,-18.47,-1.082318874,329.16,0.9037371996,0.3596923778
1.689,0.04,0.08,0.1279040512,-16.2,-0.963789633,328.475,0.8925919554,-1.796463811
1.69,0.16,0.32,0.5070971392,-10.6,-0.6546554013,327.735,0.880525691,2.245081192
1.691,0.23,0.46,0.7251627128,-7.13,-0.45066962,324.944,0.8347698416,1.887951821
1.692,0.15,0.3,0.47575662,-10.17,-0.6299047856,322.892,0.8008778174,2.782641304
1.693,-0.06,-0.12,-0.1932682848,-18.26,-1.071513278,318.742,0.7316707317,0.568699496
1.694,-0.34,-0.68,-1.117593981,-28.77,-1.57421266,315.007,0.668609547,1.234088051
1.695,-0.57,-1.14,-1.904470183,-37.19,-1.924931849,312.731,0.6298142109,1.470499766
1.696,-0.73,-1.46,-2.466549287,-42.93,-2.140236312,310.165,0.5857356564,1.586714858
1.697,-0.85,-1.7,-2.89601698,-47.36,-2.294363738,307.22,0.5346949945,1.645773951
1.698,-0.91,-1.82,-3.113292801,-49.66,-2.370511976,302.79,0.4569883449,1.626994697
1.699,-0.94,-1.88,-3.222566205,-50.65,-2.402508268,295.502,0.3266415286,1.55239551
1.7,-0.93,-1.86,-3.186094663,-50.44,-2.395759741,292.446,0.271025225,1.499526006
1.701,-0.89,-1.78,-3.040679233,-49.01,-2.349251248,290.781,0.2404787167,1.441919025
1.702,-0.83,-1.66,-2.823968295,-47.28,-2.291668598,285.677,0.1457376823,1.315964216
1.703,-0.8,-1.6,-2.71624832,-46.13,-2.252573643,286.948,0.1694874703,1.303953891
1.704,-0.78,-1.56,-2.644670371,-45.61,-2.234677552,289.248,0.2121988579,1.307638186
1.705,-0.77,-1.54,-2.608952007,-45.43,-2.228450748,291.315,0.2502946261,1.318880739
1.706,-0.77,-1.54,-2.608952007,-45.3,-2.22394333,292.957,0.2803652888,1.342344867
1.707,-0.77,-1.54,-2.608952007,-45.23,-2.221512679,295.855,0.3330287032,1.381506033
1.708,-0.76,-1.52,-2.573280717,-44.99,-2.213159957,300.076,0.4088184429,1.426160567
1.709,-0.73,-1.46,-2.466549287,-44.09,-2.181572641,303.461,0.4688311343,1.440117658
1.71,-0.68,-1.36,-2.289605043,-42.33,-2.118575954,307.9,0.5465235856,1.456443239
1.711,-0.61,-1.22,-2.043860193,-39.85,-2.02698052,313.424,0.6416564912,1.47536616
1.712,-0.52,-1.04,-1.731291827,-37.12,-1.922191812,316.998,0.7023177779,1.419238199
1.713,-0.45,-0.9,-1.49081922,-34.45,-1.815536867,319.143,0.7383971801,1.384053747
1.714,-0.37,-0.74,-1.218817799,-31.72,-1.702058465,324.257,0.8234468419,1.387208827
1.715,-0.29,-0.58,-0.9498290888,-28.92,-1.580847375,326.561,0.8613267146,1.320085913
1.716,-0.22,-0.44,-0.7169353312,-26,-1.449046214,329.841,0.9147943946,1.341942703
1.717,-0.13,-0.26,-0.4208897992,-22.82,-1.299007415,333.521,0.9741532424,1.295626883
1.718,-0.05,-0.1,-0.16093922,-19.42,-1.130799456,336.896,1.028019426,1.565860802
1.719,0.01,0.02,0.0320466232,-16.87,-0.9991717239,337.391,1.035874391,0.8731415371
1.72,0.02,0.04,0.0640461728,-16.58,-0.9838982539,336.224,1.017337226,1.915315247
1.721,-0.03,-0.06,-0.0964223112,-18.65,-1.09155514,332.425,0.9565433902,0.7141771859
1.722,-0.12,-0.24,-0.3882312192,-22.24,-1.270890974,327.733,0.8804930426,0.9944499899
1.723,-0.23,-0.46,-0.7500646472,-26.38,-1.466517247,324.91,0.8342100236,1.186234507
1.724,-0.33,-0.66,-1.083946855,-30.59,-1.653738882,322.915,0.801258891,1.271521757
1.725,-0.37,-0.74,-1.218817799,-32.07,-1.716862858,322.503,0.7944285878,1.321305852
1.726,-0.25,-0.5,-0.8164645,-27.66,-1.524661514,322.802,0.7993863988,1.12573075
1.727,0,0,0,-17.95,-1.055503049,323.69,0.8140835737,-0
1.728,0.11,0.22,0.3499238072,-12.63,-0.7695249792,323.983,0.818924134,7.083599073
1.729,-0.02,-0.04,-0.0642344672,-17.91,-1.053432069,324.75,0.831574799,0.289530594
1.73,-0.24,-0.48,-0.7832410368,-26.86,-1.4884484,325.449,0.8430778971,1.213630051
1.731,-0.36,-0.72,-1.185029453,-31.29,-1.683765736,326.363,0.8580819264,1.435209749
1.732,-0.27,-0.54,-0.8830526472,-28.21,-1.549314217,328.368,0.8908489209,1.341076974
1.733,-0.12,-0.24,-0.3882312192,-22.27,-1.272351038,330.628,0.9275442799,1.125938544
1.734,-0.03,-0.06,-0.0964223112,-18.51,-1.084373424,334.205,0.9851140295,0.9714174846
1.735,0.03,0.06,0.0959986488,-16.28,-0.9680320117,337.112,1.031448465,1.513781414
1.736,0.04,0.08,0.1279040512,-15.66,-0.9350278181,339.441,1.068282828,0.9598442228
1.737,0.02,0.04,0.0640461728,-16.3,-0.9690918569,336.837,1.027082408,1.104424288
1.738,0,0,0,-17.04,-1.008096015,333.926,0.9806458935,-0
1.739,-0.02,-0.04,-0.0642344672,-17.9,-1.05291414,331.421,0.940360709,0.5707019911
1.74,-0.07,-0.14,-0.2256444232,-19.99,-1.159573893,328.545,0.8937319512,0.8487916612
1.741,-0.17,-0.34,-0.5519948552,-23.73,-1.342650085,324.984,0.8354283761,1.088271353
1.742,-0.31,-0.62,-1.016793825,-29.12,-1.589671068,319.726,0.7481614694,1.208297359
1.743,-0.44,-0.88,-1.456654285,-34.09,-1.800832412,313.623,0.6450522495,1.260321237
1.744,-0.49,-0.98,-1.627949697,-36.04,-1.879555991,306.844,0.5281432336,1.204628037
1.745,-0.43,-0.86,-1.422536423,-33.84,-1.790575003,301.926,0.4417004969,1.054609911
1.746,-0.36,-0.72,-1.185029453,-31.31,-1.684619123,297.526,0.363160688,0.896758779
1.747,-0.44,-0.88,-1.456654285,-34.41,-1.813906888,298.957,0.3888307061,1.022158887
1.748,-0.64,-1.28,-2.148896973,-41.99,-2.106216243,301.654,0.4368786006,1.287275215
1.749,-0.79,-1.58,-2.680435809,-47.84,-2.310468255,304.673,0.4901560679,1.472514346
1.75,-0.76,-1.52,-2.573280717,-46.98,-2.281533561,308.247,0.5525495833,1.488319586
1.751,-0.57,-1.14,-1.904470183,-40.79,-2.062093908,312.122,0.6193856748,1.320066067
1.752,-0.37,-0.74,-1.218817799,-33.94,-1.7946825,316.901,0.7006804509,1.114090965
1.753,-0.24,-0.48,-0.7832410368,-29.34,-1.599347375,321.563,0.7788121648,0.9545489668
1.754,-0.21,-0.42,-0.6838530888,-28.09,-1.543952303,326.032,0.8526531597,0.9892288968
1.755,-0.25,-0.5,-0.8164645,-29.83,-1.620787553,328.415,0.8916146228,1.119713125
1.756,-0.32,-0.64,-1.050346803,-32.75,-1.745408904,331.485,0.9413937363,1.306376852
1.757,-0.35,-0.7,-1.15128818,-33.88,-1.792218728,333.721,0.9773604746,1.412869263
1.758,-0.26,-0.52,-0.8497350368,-30.84,-1.664498164,336.355,1.019421293,1.317261671
1.759,-0.06,-0.12,-0.1932682848,-23.05,-1.310092142,339.09,1.062747782,0.7813733231
1.76,0.19,0.38,0.6008362552,-12.33,-0.752753048,341.604,1.102266159,1.719066428
1.761,0.37,0.74,1.154374041,-3.42,-0.2215873049,343.548,1.132625635,1.267097116
1.762,0.41,0.82,1.275311199,-1.32,-0.08673051104,345.298,1.159808838,1.188460495
1.763,0.35,0.7,1.09362302,-4.3,-0.2769736057,346.504,1.178461882,1.213130608
1.764,0.27,0.54,0.8487359928,-7.82,-0.4920113549,347.791,1.198296269,1.201690672
1.765,0.21,0.42,0.6630936312,-10.87,-0.6701212323,349.26,1.220846015,1.204038119
1.766,0.12,0.24,0.3814526208,-15.18,-0.9092771192,350.853,1.24519227,1.135562419
1.767,-1.33226763e-14,-2.664535259e-14,-4.272276977e-14,-20.58,-1.189111962,351.46,1.254440143,-6.539715217e-13
1.768,-0.06,-0.12,-0.1932682848,-23.6,-1.336450457,352.564,1.27121913,2.962813955
1.769,0.02,0.04,0.0640461728,-20.47,-1.183623767,354.407,1.299112982,0.5545640993
1.77,0.22,0.44,0.6941517088,-11.64,-0.7139102482,356.322,1.32794331,1.130479371
1.771,0.42,0.84,1.305427805,-1.2,-0.07890898373,357.288,1.342427701,1.033168553
1.772,0.52,1.04,1.604004813,1.91,0.1282244698,357.54,1.346199797,1.087885522
1.773,0.5,1,1.544666,1.47,0.09839736986,356.541,1.331230477,1.080467202
1.774,0.43,0.86,1.335497337,-0.23,-0.01522226044,354.914,1.306761002,1.034035832
1.775,0.36,0.72,1.124022067,-3.18,-0.2063673069,352.18,1.265388927,1.061377828
1.776,0.26,0.52,0.8179132832,-7.42,-0.468092788,350.273,1.236340792,1.064647457
1.777,0.09,0.18,0.2867249592,-13.77,-0.8326205898,348.335,1.206657975,0.7665676496
1.778,-0.12,-0.24,-0.3882312192,-21.81,-1.249894007,346.244,1.174445991,5.145678339
1.779,-0.32,-0.64,-1.050346803,-29.38,-1.601103361,342.468,1.115780533,2.164222953
1.78,-0.44,-0.88,-1.456654285,-33.79,-1.788518985,339.072,1.062463779,2.006258301
1.781,-0.51,-1.02,-1.696797377,-36.37,-1.892655812,335.508,1.005932078,1.913558092
1.782,-0.62,-1.24,-2.078825379,-40.74,-2.060238437,332.278,0.9541770702,1.879484667
1.783,-0.77,-1.54,-2.608952007,-46.16,-2.253601936,329.361,0.9070031548,1.937438266
1.784,-0.84,-1.68,-2.859969101,-48.86,-2.344316145,325.968,0.8516028529,1.915953395
1.785,-0.79,-1.58,-2.680435809,-47.06,-2.284240608,323.779,0.8155543777,1.825056812
1.786,-0.66,-1.32,-2.219156861,-42.94,-2.140595694,320.833,0.7666529929,1.615174242
1.787,-0.58,-1.16,-1.939247075,-40.19,-2.039737475,317.415,0.7093508946,1.457656822
1.788,-0.56,-1.12,-1.869740365,-39.58,-2.016804215,313.212,0.6380365267,1.356095288
1.789,-0.56,-1.12,-1.869740365,-39.67,-2.020200831,310.403,0.5898393164,1.30718028
1.79,-0.58,-1.16,-1.939247075,-40.29,-2.043477333,306.284,0.5183703939,1.27154826
1.791,-0.62,-1.24,-2.078825379,-41.74,-2.097088518,300.913,0.4237203891,1.242300092
1.792,-0.66,-1.32,-2.219156861,-43.48,-2.159923705,294.087,0.3009617261,1.193761296
1.793,-0.69,-1.38,-2.324899745,-44.57,-2.198471384,295.649,0.3293022701,1.243814553
1.794,-0.69,-1.38,-2.324899745,-44.66,-2.201626598,295.865,0.333209532,1.244315194
1.795,-0.68,-1.36,-2.289605043,-44.06,-2.18051249,299.699,0.4020927532,1.28743794
1.796,-0.64,-1.28,-2.148896973,-42.89,-2.138798253,304.421,0.4857291648,1.299943836
1.797,-0.6,-1.2,-2.00894208,-41.49,-2.087927002,311.338,0.605930434,1.355564596
1.798,-0.56,-1.12,-1.869740365,-40.29,-2.043477333,316.307,0.6906429879,1.382091142
1.799,-0.54,-1.08,-1.800421949,-39.6,-2.017559409,317.018,0.7026553089,1.369242022
1.8,-0.49,-0.98,-1.627949697,-37.94,-1.954112242,318.85,0.733483176,1.333697305
1.801,-0.34,-0.68,-1.117593981,-32.62,-1.739973613,323.281,0.807319282,1.198293884
1.802,-0.1,-0.2,-0.32305528,-23.71,-1.341697053,326.211,0.855589642,0.6645759198
1.803,0.11,0.22,0.3499238072,-15.18,-0.9092771192,330.207,0.9207276001,30.55974769
1.804,0.16,0.32,0.5070971392,-12.72,-0.7745428726,333.3,0.9706070132,2.586383913
1.805,0.09,0.18,0.2867249592,-15.55,-0.9291420015,334.653,0.9922808732,4.541179648
1.806,0.04,0.08,0.1279040512,-17.98,-1.057055512,335.826,1.011000494,-2.777201202
1.807,0.03,0.06,0.0959986488,-18.39,-1.078206264,337.916,1.044192832,-2.822374631
1.808,0.06,0.12,0.1915736352,-16.98,-1.004948719,341.32,1.097816469,2.062865052
1.809,0.11,0.22,0.3499238072,-14.72,-0.8844354223,340.727,1.088513442,1.714657011
1.81,0.14,0.28,0.4443690272,-13.25,-0.8039649764,340.698,1.088058073,1.564166933
1.811,0.13,0.26,0.4129343608,-13.73,-0.8304237177,339.512,1.069401756,1.727917606
1.812,0.06,0.12,0.1915736352,-16.79,-0.9949646151,338.508,1.053557375,3.269578651
1.813,0.01,0.02,0.0320466232,-18.68,-1.093092217,336.037,1.014360852,-0.4070375685
1.814,0,0,0,-19.32,-1.125727111,332.032,0.9502147633,-0
1.815,-0.12,-0.24,-0.3882312192,-23.86,-1.348838081,328.521,0.8933411229,0.8523245049
1.816,-0.36,-0.72,-1.185029453,-33.69,-1.784402404,325.09,0.8371731006,1.251048134
1.817,-0.6,-1.2,-2.00894208,-43.3,-2.153498153,323.644,0.8133232243,1.49901482
1.818,-0.63,-1.26,-2.113837639,-44.27,-2.187923698,323.147,0.8051012468,1.528639948
1.819,-0.4,-0.8,-1.32046528,-36.68,-1.904903701,325.257,0.8399207108,1.239893305
1.82,-0.1,-0.2,-0.32305528,-26.1,-1.453653211,327.562,0.877700865,0.560906266
1.821,0.1,0.2,0.31834792,-18.11,-1.063775206,330.023,0.9177456089,-2.180023279
1.822,0.17,0.34,0.5383905848,-14.98,-0.8984961455,330.899,0.9319276236,16.10430096
1.823,0.19,0.38,0.6008362552,-13.79,-0.8337185639,332.167,0.9523895633,5.063042008
1.824,0.27,0.54,0.8487359928,-10.41,-0.6437372678,333.243,0.9696919934,2.603846258
1.825,0.45,0.9,1.39549518,-0.88,-0.05799008367,334.445,0.988954604,1.498977834
1.826,0.65,1.3,1.98511742,4.72,0.3228432436,335.784,1.010331356,1.489015333
1.827,0.71,1.42,2.158332351,6.29,0.4347370739,336.877,1.027717692,1.475828451
1.828,0.59,1.18,1.810207839,3.32,0.2249820134,338.869,1.059259813,1.409553717
1.829,0.4,0.8,1.24514752,-2.97,-0.1930093327,339.223,1.064845781,1.428189338
1.83,0.27,0.54,0.8487359928,-8.91,-0.5565261699,339.375,1.067242487,1.661854075
1.831,0.23,0.46,0.7251627128,-10.91,-0.6724075418,337.262,1.03382845,2.006421587
1.832,0.17,0.34,0.5383905848,-13.53,-0.8194208608,332.04,0.9503436649,4.11227508
1.833,0.07,0.14,0.2233378168,-18.2,-1.06842003,331.571,0.9427815528,-1.777622762
1.834,-0.08,-0.16,-0.2580676352,-24.65,-1.386192984,332.27,0.9540482608,0.5971787259
1.835,-0.18,-0.36,-0.5848888032,-28.97,-1.583055717,333.769,0.9781299243,0.9668769458
1.836,-0.19,-0.38,-0.6178298248,-29.69,-1.614677467,334.931,0.9967233332,0.9997988373
1.837,-0.17,-0.34,-0.5519948552,-28.66,-1.569337952,336.321,1.018880468,1.002792898
1.838,-0.1,-0.2,-0.32305528,-26.27,-1.461469761,337.682,1.040486781,0.7673832338
1.839,-0.05,-0.1,-0.16093922,-24.19,-1.364493954,338.511,1.053604788,0.5176739421
1.84,0,0,0,-22.31,-1.27429681,339.748,1.073119332,-0
1.841,0.06,0.12,0.1915736352,-19.85,-1.152528185,340.404,1.083439381,-2.772860776
1.842,0.08,0.16,0.2550549248,-18.85,-1.101789922,340.464,1.084382295,-14.65190652
1.843,0.08,0.16,0.2550549248,-18.88,-1.103322625,339.728,1.072804383,-8.357457896
1.844,0.08,0.16,0.2550549248,-18.75,-1.096676176,337.906,1.044034506,-4.845114579
1.845,0.1,0.2,0.31834792,-18.09,-1.062742215,336.144,1.016064114,-6.820070041
1.846,0.15,0.3,0.47575662,-16.03,-0.9547586358,335.249,1.001800477,10.11347786
1.847,0.25,0.5,0.7870435,-11.56,-0.7093825356,335.363,1.003619413,2.674863558
1.848,0.38,0.76,1.184678941,-4.63,-0.297573958,336.51,1.021886127,1.635591658
1.849,0.52,1.04,1.604004813,1.36,0.09096769082,338.234,1.049225147,1.406783799
1.85,0.56,1.12,1.722117555,2.4,0.1616457535,340.464,1.084382295,1.382085706
1.851,0.5,1,1.544666,0.94,0.06269922562,342.565,1.117295643,1.309044676
1.852,0.42,0.84,1.305427805,-1.66,-0.1088233646,345.211,1.158460702,1.24369414
1.853,0.37,0.74,1.154374041,-3.82,-0.2468446163,344.183,1.142505228,1.288852079
1.854,0.36,0.72,1.124022067,-4.22,-0.2719656925,342.84,1.121588725,1.322965626
1.855,0.3,0.6,0.94092168,-6.6,-0.4186480073,340.933,1.091747019,1.397894907
1.856,0.08,0.16,0.2550549248,-15.19,-0.9098153711,338.567,1.054489768,1.762958278
1.857,-0.18,-0.36,-0.5848888032,-24.91,-1.398393886,334.647,0.9921849521,1.439871835
1.858,-0.38,-0.76,-1.252653219,-32.03,-1.715174777,328.879,0.8991680173,1.535101522
1.859,-0.52,-1.04,-1.731291827,-37.25,-1.927278198,322.373,0.792271584,1.52535836
1.86,-0.65,-1.3,-2.18400338,-41.67,-2.094526705,315.523,0.677365992,1.541112
1.861,-0.8,-1.6,-2.71624832,-47.15,-2.287282234,310.307,0.5881844373,1.598641541
1.862,-0.91,-1.82,-3.113292801,-51.13,-2.417856159,305.026,0.4963510927,1.620236582
1.863,-0.93,-1.86,-3.186094663,-51.93,-2.443199029,305.509,0.5048159655,1.643686805
1.864,-0.98,-1.96,-3.368923107,-53.81,-2.501610653,306.796,0.5273062608,1.706384851
1.865,-1.12,-2.24,-3.887103539,-58.57,-2.642648004,309.972,0.5824055856,1.886721439
1.866,-1.23,-2.46,-4.300717927,-62.7,-2.757594673,313.694,0.64626328,2.036969631
1.867,-1.21,-2.42,-4.225091649,-61.93,-2.736658373,315.797,0.682009913,2.05635744
1.868,-1.02,-2.04,-3.516033187,-56.22,-2.574213526,318.817,0.7329294387,1.909554974
1.869,-0.76,-1.52,-2.573280717,-47.99,-2.315477691,320.952,0.7686369907,1.663571896
1.87,-0.54,-1.08,-1.800421949,-41.03,-2.0709811,324.426,0.8262344902,1.446416431
1.871,-0.43,-0.86,-1.422536423,-37.26,-1.927669054,326.589,0.8617854148,1.334607617
1.872,-0.41,-0.82,-1.354441921,-36.45,-1.895821927,329.683,0.9122310307,1.377037879
1.873,-0.45,-0.9,-1.49081922,-38.29,-1.96761948,331.059,0.9345138904,1.443046321
1.874,-0.52,-1.04,-1.731291827,-41.09,-2.073197976,333.043,0.9664801594,1.564348023
1.875,-0.55,-1.1,-1.83505762,-42.1,-2.11022177,334.217,0.9853061237,1.631284644
1.876,-0.43,-0.86,-1.422536423,-38.3,-1.968004376,334.713,0.9932399897,1.45936438
1.877,-0.17,-0.34,-0.5519948552,-29.03,-1.585703598,333.81,0.978787075,0.9095070477
1.878,0.14,0.28,0.4443690272,-16.69,-0.9896990223,334.866,0.9956849589,74.23550542
1.879,0.37,0.74,1.154374041,-5.85,-0.3729363483,336.696,1.024842428,1.77076741
1.88,0.44,0.88,1.365519795,-2.27,-0.1482089132,338.272,1.049826177,1.514522681
1.881,0.36,0.72,1.124022067,-5.46,-0.3489809216,339.208,1.064609205,1.570678651
1.882,0.23,0.46,0.7251627128,-11.32,-0.6957691206,339.704,1.07242642,1.92525862
1.883,0.13,0.26,0.4129343608,-16.13,-0.9600736144,340.691,1.08794815,3.229214935
1.884,0.1,0.2,0.31834792,-17.18,-1.015429303,343.51,1.132033837,2.730150459
1.885,0.12,0.24,0.3814526208,-16.16,-0.961666644,345.227,1.15870866,1.935894831
1.886,0.13,0.26,0.4129343608,-15.76,-0.9403706388,346.598,1.179913039,1.723846638
1.887,0.11,0.22,0.3499238072,-16.66,-0.9881178902,348.268,1.205628838,1.608764115
1.888,0.1,0.2,0.31834792,-17.19,-1.015952553,349.797,1.229065518,1.493798933
1.889,0.15,0.3,0.47575662,-15.12,-0.9060460152,350.293,1.236646259,1.439069175
1.89,0.23,0.46,0.7251627128,-11.53,-0.7076833433,350.366,1.237761067,1.368030915
1.891,0.28,0.56,0.8795116288,-8.94,-0.5582881546,349.581,1.225760867,1.317674284
1.892,0.3,0.6,0.94092168,-8.12,-0.5098642897,349.133,1.218900262,1.327043643
1.893,0.28,0.56,0.8795116288,-8.71,-0.5447609703,348.382,1.207379789,1.327326668
1.894,0.25,0.5,0.7870435,-9.91,-0.6148676309,347.182,1.188919931,1.371031002
1.895,0.22,0.44,0.6941517088,-11.35,-0.6974732837,345.265,1.159297516,1.503064717
1.896,0.14,0.28,0.4443690272,-14.54,-0.8746709042,341.546,1.10135772,1.960277333
1.897,-0.03,-0.06,-0.0964223112,-21.01,-1.210483013,337.706,1.040867007,0.568474131
1.898,-0.24,-0.48,-0.7832410368,-29.52,-1.607241227,333.266,0.9700612308,1.229230424
1.899,-0.44,-0.88,-1.456654285,-37.29,-1.928841275,329.621,0.9112248181,1.431437429
1.9,-0.57,-1.14,-1.904470183,-42.07,-2.10913,326.304,0.8571146644,1.521123687
1.901,-0.62,-1.24,-2.078825379,-44.19,-2.185103088,325.413,0.8424860665,1.548338317
1.902,-0.65,-1.3,-2.18400338,-45.26,-2.222554694,323.738,0.8148768665,1.551493771
1.903,-0.65,-1.3,-2.18400338,-45.04,-2.214902545,323.741,0.8149264434,1.560029044
1.904,-0.59,-1.18,-1.974071041,-43.12,-2.147055498,322.132,0.7882705287,1.452820781
1.905,-0.5,-1,-1.66235,-40.4,-2.047584795,321.473,0.7773145814,1.308658569
1.906,-0.46,-0.92,-1.525031229,-38.79,-1.986794726,322.273,0.7906117583,1.274914683
1.907,-0.44,-0.88,-1.456654285,-38.31,-1.968389214,323.266,0.8070710402,1.254311108
1.908,-0.39,-0.78,-1.286535713,-36.47,-1.896612871,325.15,0.8381604283,1.215487499
1.909,-0.26,-0.52,-0.8497350368,-31.94,-1.711372967,325.836,0.8494359438,0.9858435292
1.91,-0.12,-0.24,-0.3882312192,-26.98,-1.493907299,324.788,0.8322007823,0.5867120985
1.911,-0.08,-0.16,-0.2580676352,-25.45,-1.42358781,326.454,0.8595734624,0.4575550893
1.912,-0.15,-0.3,-0.48634818,-28.33,-1.55466675,328.203,0.8881599504,0.7296972524
1.913,-0.25,-0.5,-0.8164645,-32.58,-1.738299124,330.98,0.9332370774,1.014163447
1.914,-0.31,-0.62,-1.016793825,-34.85,-1.831783907,334.116,0.9836891154,1.198915304
1.915,-0.29,-0.58,-0.9498290888,-34.24,-1.806968749,335.939,1.01280038,1.196004683
1.916,-0.22,-0.44,-0.7169353312,-31.64,-1.698663905,337.121,1.031591294,1.074748565
1.917,-0.1,-0.2,-0.32305528,-27.51,-1.517903665,336.364,1.019564444,0.648263806
1.918,0.01,0.02,0.0320466232,-22.96,-1.305759017,338.385,1.051613049,-0.1260953441
1.919,0.1,0.2,0.31834792,-19.49,-1.134345791,341.558,1.101545686,-9.705698179
1.92,0.15,0.3,0.47575662,-17.4,-1.02692367,343.273,1.128341404,4.69105946
1.921,0.18,0.36,0.5696369568,-15.85,-0.945172734,342.669,1.118919613,3.278544966
1.922,0.24,0.48,0.7561266432,-13.4,-0.8122524512,343.627,1.133855744,2.351115987
1.923,0.34,0.68,1.063176899,-8.51,-0.5329633153,347.31,1.19089202,1.615945455
1.924,0.46,0.92,1.425423491,-2.02,-0.1321062886,349.339,1.222056008,1.3077883
1.925,0.54,1.08,1.663155331,1.01,0.06739971161,350.52,1.240112091,1.272000244
1.926,0.54,1.08,1.663155331,1.19,0.07950673123,352.364,1.268183359,1.234078475
1.927,0.52,1.04,1.604004813,0.49,0.03258588131,354.477,1.300169573,1.203525229
1.928,0.51,1.02,1.574358943,0.25,0.01659890551,357.03,1.338563035,1.161749674
1.929,0.54,1.08,1.663155331,1.07,0.07143217463,358.986,1.367793181,1.155590627
1.93,0.59,1.18,1.810207839,2.34,0.1575417291,360.484,1.390071557,1.169677112
1.931,0.64,1.28,1.956083507,3.61,0.245106061,361.779,1.409256417,1.182379033
1.932,0.68,1.36,2.071936717,4.63,0.3164980837,362.543,1.420542562,1.192796911
1.933,0.7,1.4,2.12958088,5.08,0.3482985823,362.708,1.422976892,1.202286663
1.934,0.71,1.42,2.158332351,5.34,0.3667574801,363.728,1.438000937,1.195912057
1.935,0.74,1.48,2.244304323,6.17,0.4261037932,362.675,1.422490115,1.214060218
1.936,0.8,1.6,2.41497728,7.6,0.5298619186,361.75,1.408827547,1.245675144
1.937,0.85,1.7,2.55591022,8.92,0.6273534251,358.544,1.361201958,1.285310051
1.938,0.84,1.68,2.527817779,8.67,0.6087618467,354.199,1.295972168,1.327123766
1.939,0.69,1.38,2.100782335,5.02,0.3440477163,349.638,1.226633126,1.337497904
1.94,0.37,0.74,1.154374041,-5.25,-0.336029081,343.349,1.129525753,1.454793803
1.941,-0.05,-0.1,-0.16093922,-22.2,-1.268943242,335.967,1.013246275,0.629413881
1.942,-0.43,-0.86,-1.422536423,-36.71,-1.906086008,327.292,0.8732891943,1.377363295
1.943,-0.66,-1.32,-2.219156861,-45.15,-2.218731721,319.578,0.7456844006,1.506507517
1.944,-0.7,-1.4,-2.36024152,-46.8,-2.275431052,315.293,0.6734646957,1.473340255
1.945,-0.62,-1.24,-2.078825379,-44.02,-2.179098226,312.663,0.6286507843,1.340790616
1.946,-0.46,-0.92,-1.525031229,-38.97,-1.993663194,308.515,0.557199027,1.061656297
1.947,-0.3,-0.6,-0.98328792,-33.33,-1.769532425,305.226,0.4998578409,0.7744408937
1.948,-0.19,-0.38,-0.6178298248,-29.51,-1.606803225,305.432,0.5034673901,0.5599653391
1.949,-0.16,-0.32,-0.5191479808,-28.33,-1.55466675,307.841,0.5454983169,0.5144314507
1.95,-0.17,-0.34,-0.5519948552,-28.73,-1.572440945,308.487,0.5567134532,0.5434477846
1.951,-0.19,-0.38,-0.6178298248,-29.68,-1.614240553,309.07,0.56681471,0.5898554334
1.952,-0.22,-0.44,-0.7169353312,-30.83,-1.66406855,312.814,0.6312339329,0.6941433988
1.953,-0.25,-0.5,-0.8164645,-31.88,-1.708835633,312.732,0.6298313182,0.756683258
1.954,-0.26,-0.52,-0.8497350368,-32.57,-1.737880348,313.754,0.6472864724,0.7791489168
1.955,-0.26,-0.52,-0.8497350368,-32.55,-1.737042611,318.46,0.7269353413,0.8412324733
1.956,-0.24,-0.48,-0.7832410368,-31.52,-1.693564582,321.311,0.7746178745,0.852324765
1.957,-0.17,-0.34,-0.5519948552,-29.21,-1.59363332,321.608,0.7795607993,0.6780659478
1.958,-0.1,-0.2,-0.32305528,-26.71,-1.481611357,326.538,0.8609498958,0.5205015942
1.959,-0.09,-0.18,-0.2905379208,-26.06,-1.451811216,328.003,0.8848987793,0.5124917045
1.96,-0.15,-0.3,-0.48634818,-28.47,-1.560899531,330.102,0.919026124,0.7577010894
1.961,-0.24,-0.48,-0.7832410368,-32.57,-1.737880348,331.075,0.9347724484,0.9752625235
1.962,-0.31,-0.62,-1.016793825,-35.52,-1.858783927,333.701,0.9770398379,1.153162054
1.963,-0.32,-0.64,-1.050346803,-35.96,-1.876370655,338.114,1.047326716,1.266937437
1.964,-0.29,-0.58,-0.9498290888,-34.92,-1.834617301,342.878,1.12218168,1.333213922
1.965,-0.26,-0.52,-0.8497350368,-33.75,-1.78687308,347.36,1.19166217,1.427620062
1.966,-0.25,-0.5,-0.8164645,-33.32,-1.769118245,351.233,1.250983584,1.575776649
1.967,-0.24,-0.48,-0.7832410368,-33,-1.755832221,352.734,1.273798182,1.624866655
1.968,-0.2,-0.4,-0.65081792,-31.73,-1.702482505,354.601,1.302040735,1.625249834
1.969,-0.13,-0.26,-0.4208897992,-28.85,-1.577752985,356.203,1.326156285,1.67287488
1.97,-0.02,-0.04,-0.0642344672,-24.98,-1.401670901,357.937,1.352136956,1.296776732
1.971,0.05,0.1,0.15976238,-22,-1.259187749,360.943,1.396879315,1.16029169
1.972,0.11,0.22,0.3499238072,-19.44,-1.131813056,364.18,1.444645184,1.118567358
1.973,0.24,0.48,0.7561266432,-13.84,-0.8364621522,367.152,1.488128274,1.160297609
1.974,0.45,0.9,1.39549518,-3.83,-0.2474743014,369.337,1.519872901,1.096743725
1.975,0.65,1.3,1.98511742,3.43,0.2326062531,371.195,1.546719333,1.115657211
1.976,0.74,1.48,2.244304323,5.67,0.3902762999,373.853,1.584892337,1.136259599
1.977,0.64,1.28,1.956083507,3.29,0.2229045868,376.737,1.626005264,1.057965864
1.978,0.49,0.98,1.514925983,-1.6,-0.104931936,379.64,1.66707242,0.9697757649
1.979,0.41,0.82,1.275311199,-5.8,-0.3698722461,381.557,1.694019378,0.9631189528
1.98,0.48,0.96,1.485138893,-1.96,-0.1282336076,383.492,1.721082408,0.9323790759
1.981,0.67,1.34,2.043044025,3.79,0.2576354299,384.346,1.732983101,1.026336284
1.982,0.78,1.56,2.358274589,6.61,0.4578249719,384.551,1.735835888,1.075040646
1.983,0.67,1.34,2.043044025,4.02,0.2736882735,383.046,1.714856754,1.027406469
1.984,0.43,0.86,1.335497337,-4.06,-0.2619335767,381.784,1.697201311,0.9304865598
1.985,0.19,0.38,0.6008362552,-15.16,-0.908200388,378.641,1.652975659,0.8067349688
1.986,0.08,0.16,0.2550549248,-20.14,-1.167107229,373.189,1.575381758,0.6247142711
1.987,0.11,0.22,0.3499238072,-18.87,-1.102811797,366.894,1.484367474,0.9170976303
1.988,0.22,0.44,0.6941517088,-14.34,-0.8637924207,359.191,1.370847442,1.368986953
1.989,0.34,0.68,1.063176899,-8.58,-0.5370961905,354.608,1.302146346,1.389682613
1.99,0.4,0.8,1.24514752,-5.19,-0.3323217565,351.359,1.252902478,1.352567451
1.991,0.38,0.76,1.184678941,-6.18,-0.3931071275,351.384,1.253283129,1.377251793
1.992,0.32,0.64,1.002143437,-8.94,-0.5582881546,349.6,1.226051636,1.500746095
1.993,0.27,0.54,0.8487359928,-10.97,-0.6758346262,348.043,1.202171331,1.612534306
1.994,0.24,0.48,0.7561266432,-12.17,-0.7437792651,349.425,1.223372905,1.576598563
1.995,0.21,0.42,0.6630936312,-13.73,-0.8304237177,348.576,1.210358161,1.745284334
1.996,0.18,0.36,0.5696369568,-15.08,-0.9038904282,346.348,1.176052709,2.093004788
1.997,0.18,0.36,0.5696369568,-14.78,-0.8876847721,343.555,1.132734644,2.324575619
1.998,0.21,0.42,0.6630936312,-13.41,-0.8128043309,339.205,1.064561889,2.63385789
1.999,0.2,0.4,0.63198848,-14.12,-0.8517907325,337.133,1.031781727,3.51122278
2,0.1,0.2,0.31834792,-18.14,-1.065324141,335.938,1.012784454,-6.059189519
2.001,-0.01,-0.02,-0.0320936968,-22.83,-1.299490124,335.797,1.010538479,0.1110694379
2.002,-0.1,-0.2,-0.32305528,-26.42,-1.468350696,335.512,1.005995861,0.6987172101
2.003,-0.17,-0.34,-0.5519948552,-29.35,-1.599786467,335.688,1.008801582,0.9340253351
2.004,-0.24,-0.48,-0.7832410368,-32.48,-1.734108591,335.72,1.009311556,1.080634989
2.005,-0.33,-0.66,-1.083946855,-36.07,-1.880749522,336.38,1.019818924,1.259040923
2.006,-0.32,-0.64,-1.050346803,-35.56,-1.860387443,337.907,1.044050339,1.286658169
2.007,-0.1,-0.2,-0.32305528,-27.74,-1.528259664,339.913,1.07571695,0.7138669356
2.008,0.2,0.4,0.63198848,-15.92,-0.9489034806,342.213,1.111795465,3.879800965
2.009,0.34,0.68,1.063176899,-8.99,-0.5612231769,346.179,1.173441547,1.736597513
2.01,0.28,0.56,0.8795116288,-12.34,-0.7533132446,349.826,1.229509043,1.846953779
2.011,0.12,0.24,0.3814526208,-19.56,-1.137888583,352.92,1.276618544,2.749605185
2.012,0.08,0.16,0.2550549248,-21.52,-1.235659803,353.649,1.287658234,4.905050326
2.013,0.18,0.36,0.5696369568,-17.33,-1.023270261,353.071,1.2789071,2.22830543
2.014,0.33,0.66,1.032683705,-10.81,-0.6666893869,353.979,1.292648145,1.64976317
2.015,0.47,0.94,1.455304729,-3.7,-0.2392817514,357.637,1.347651046,1.313014296
2.016,0.58,1.16,1.780891485,1.29,0.0862453457,361.59,1.406460749,1.193062379
2.017,0.63,1.26,1.927002521,2.46,0.1657530267,365.237,1.460150592,1.185188654
2.018,0.63,1.26,1.927002521,2.58,0.1739773267,368.276,1.504481757,1.148078341
2.019,0.69,1.38,2.100782335,3.93,0.2674009624,370.211,1.532518198,1.167153715
2.02,0.81,1.62,2.443258015,7.06,0.4904547193,372.673,1.567979315,1.186949873
2.021,0.91,1.82,2.723476319,9.69,0.6849914265,375.636,1.610347195,1.186524852
2.022,0.88,1.76,2.639905101,8.98,0.6318242889,379.858,1.67014366,1.146803587
2.023,0.72,1.44,2.187036749,5.12,0.3511343416,384.994,1.741995503,1.044864347
2.024,0.54,1.08,1.663155331,0.5,0.03325311302,388.33,1.788153933,0.913115679
2.025,0.41,0.82,1.275311199,-4.95,-0.317462192,388.494,1.790412874,0.8658207058
2.026,0.35,0.7,1.09362302,-7.19,-0.4542800947,388.735,1.793730687,0.8164713403
2.027,0.37,0.74,1.154374041,-6.6,-0.4186480073,387.558,1.777507547,0.8495168242
2.028,0.37,0.74,1.154374041,-6.64,-0.4210728386,387.768,1.780405683,0.8492210319
2.029,0.31,0.62,0.9715560952,-8.88,-0.5547634564,388.134,1.78545297,0.7894404595
2.03,0.27,0.54,0.8487359928,-10.84,-0.6684056668,388.591,1.791748507,0.7555449349
2.031,0.27,0.54,0.8487359928,-10.56,-0.6523592365,387.328,1.774331596,0.7564678271
2.032,0.26,0.52,0.8179132832,-10.88,-0.6706929287,384.371,1.733331083,0.7697006549
2.033,0.13,0.26,0.4129343608,-16.39,-0.9738574527,380.602,1.680612064,0.5842683647
2.034,-0.06,-0.12,-0.1932682848,-24.43,-1.375833207,376.576,1.623718432,-0.7796684322
2.035,-0.09,-0.18,-0.2905379208,-25.55,-1.42823174,370.891,1.542336013,-2.546249256
2.036,0.06,0.12,0.1915736352,-19.78,-1.14900004,364.456,1.448698237,0.6392218484
2.037,0.11,0.22,0.3499238072,-17.5,-1.032136534,361.909,1.411178516,0.9231795514
2.038,-0.06,-0.12,-0.1932682848,-24.42,-1.375361524,360.203,1.385899565,-18.3400578
2.039,-0.25,-0.5,-0.8164645,-32.44,-1.732430652,360.161,1.385275714,2.351873502
2.04,-0.2,-0.4,-0.65081792,-30.38,-1.644670562,359.933,1.381887823,2.476638769
2.041,0.1,0.2,0.31834792,-18.99,-1.108936933,358.874,1.366123775,1.237807961
2.042,0.35,0.7,1.09362302,-7.39,-0.4662936004,356.965,1.337588939,1.255169139
2.043,0.38,0.76,1.184678941,-5.83,-0.3717109579,354.571,1.301588095,1.274016635
2.044,0.22,0.44,0.6941517088,-12.02,-0.7353481389,352.659,1.272660518,1.291895991
2.045,-0.02,-0.04,-0.0642344672,-20.49,-1.184622264,351.955,1.261969839,-0.8304651742
2.046,-0.21,-0.42,-0.6838530888,-27.3,-1.508417823,352.346,1.267910055,2.843372144
2.047,-0.3,-0.6,-0.98328792,-30.47,-1.648560403,354.392,1.298886543,2.812014376
2.048,-0.29,-0.58,-0.9498290888,-30.26,-1.639476122,356.902,1.336644645,3.13649393
2.049,-0.26,-0.52,-0.8497350368,-29.26,-1.595832319,359.395,1.373885074,3.828545107
2.05,-0.29,-0.58,-0.9498290888,-30.29,-1.640775588,362.16,1.414887693,4.204869363
2.051,-0.41,-0.82,-1.354441921,-34.4,-1.813499243,364.389,1.447714626,3.702840019
2.052,-0.58,-1.16,-1.939247075,-40.47,-2.050195159,366.598,1.480049499,3.401318664
2.053,-0.71,-1.42,-2.395630369,-44.93,-2.211067154,367.771,1.497140513,3.355569366
2.054,-0.67,-1.34,-2.254357415,-43.81,-2.171659624,368.69,1.510492618,3.409664118
2.055,-0.48,-0.96,-1.593596467,-37.36,-1.93157444,367.386,1.491536947,3.621501565
2.056,-0.27,-0.54,-0.8830526472,-29.88,-1.622966693,366.408,1.477275988,6.061146084
2.057,-0.17,-0.34,-0.5519948552,-26.37,-1.466058718,361.953,1.411828917,10.17881027
2.058,-0.21,-0.42,-0.6838530888,-27.66,-1.524661514,357.999,1.353063575,3.985205711
2.059,-0.29,-0.58,-0.9498290888,-30.48,-1.648992291,354.452,1.299792243,2.720014203
2.06,-0.35,-0.7,-1.15128818,-32.59,-1.738717839,350.202,1.235256242,2.286744784
2.061,-0.37,-0.74,-1.218817799,-33.42,-1.773257312,346.154,1.173055172,2.030678866
2.062,-0.34,-0.68,-1.117593981,-32.49,-1.734527922,340.677,1.087728298,1.727882856
2.063,-0.29,-0.58,-0.9498290888,-30.61,-1.654601076,333.901,0.9802453407,1.40849857
2.064,-0.29,-0.58,-0.9498290888,-30.36,-1.643805456,326.586,0.8617362702,1.214507752
2.065,-0.38,-0.76,-1.252653219,-33.77,-1.787696154,322.957,0.8019546945,1.270772582
2.066,-0.57,-1.14,-1.904470183,-40.44,-2.049076763,319.982,0.7524434233,1.468780823
2.067,-0.79,-1.58,-2.680435809,-48.08,-2.318478066,318.124,0.7212876965,1.678219366
2.068,-0.99,-1.98,-3.405630017,-54.93,-2.535663524,315.572,0.6781967702,1.833481009
2.069,-1.14,-2.28,-3.961882493,-60.18,-2.688242787,315.135,0.6707830254,1.963797528
2.07,-1.23,-2.46,-4.300717927,-63.42,-2.77697356,314.502,0.6600258713,2.031565518
2.071,-1.27,-2.54,-4.452535367,-64.95,-2.817532817,315.323,0.6739737218,2.077169403
2.072,-1.26,-2.52,-4.414510397,-64.49,-2.805426099,316.38,0.6918775636,2.088672355
2.073,-1.17,-2.34,-4.074403975,-61.8,-2.73310183,318.142,0.7215904001,2.025543536
2.074,-1,-2,-3.442384,-56.63,-2.586317967,320.189,0.7559032802,1.880657987
2.075,-0.75,-1.5,-2.5376565,-48.74,-2.340360252,322.243,0.7901137101,1.636937372
2.076,-0.49,-0.98,-1.627949697,-40.42,-2.048330889,324.799,0.8323819744,1.338830667
2.077,-0.34,-0.68,-1.117593981,-35.25,-1.847935408,326.65,0.8627845896,1.134439479
2.078,-0.33,-0.66,-1.083946855,-34.95,-1.835830718,328.922,0.8998674689,1.158108351
2.079,-0.45,-0.9,-1.49081922,-39.49,-2.013403076,330.729,0.9291783445,1.375009421
2.08,-0.62,-1.24,-2.078825379,-45.8,-2.241232402,332.489,0.9575732979,1.619452838
2.081,-0.75,-1.5,-2.5376565,-50.68,-2.403470658,334.237,0.9856262654,1.789799017
2.082,-0.82,-1.64,-2.788014563,-53.5,-2.492087893,336.056,1.01466334,1.887077453
2.083,-0.85,-1.7,-2.89601698,-54.62,-2.526292969,337.951,1.044746935,1.954726288
2.084,-0.83,-1.66,-2.823968295,-54,-2.507426187,339.804,1.074001089,1.97008431
2.085,-0.75,-1.5,-2.5376565,-51.44,-2.427711506,342.597,1.117795378,1.937266399
2.086,-0.6,-1.2,-2.00894208,-46.64,-2.269993025,345.541,1.163572522,1.815712991
2.087,-0.41,-0.82,-1.354441921,-40.35,-2.045718595,348.78,1.213488269,1.627484458
2.088,-0.23,-0.46,-0.7500646472,-34.45,-1.815536867,352.594,1.271674347,1.379143846
2.089,-0.1,-0.2,-0.32305528,-29.71,-1.615551103,356.894,1.336524723,1.157794756
2.09,0.02,0.04,0.0640461728,-25.11,-1.407747973,362.116,1.414237665,9.868907102
2.091,0.17,0.34,0.5383905848,-19.11,-1.115051599,365.573,1.465070065,1.538177658
2.092,0.37,0.74,1.154374041,-10.31,-0.6379793222,369.435,1.521292283,1.306868677
2.093,0.58,1.16,1.780891485,0.49,0.03258588131,372.088,1.559574604,1.118537673
2.094,0.78,1.56,2.358274589,5.57,0.3831387118,374.813,1.598612749,1.189995131
2.095,0.86,1.72,2.583955587,7.59,0.5291296552,377.049,1.630434108,1.196517386
2.096,0.65,1.3,1.98511742,2.26,0.1520747473,378.97,1.657622239,1.096933594
2.097,0.23,0.46,0.7251627128,-14.17,-0.8545216457,379.746,1.668565995,0.8908147486
2.098,-0.17,-0.34,-0.5519948552,-30.12,-1.633404388,380.626,1.680949413,-11.60993934
2.099,-0.34,-0.68,-1.117593981,-36.86,-1.911989692,380.698,1.681961335,4.858505244
2.1,-0.26,-0.52,-0.8497350368,-34.04,-1.798783951,380.129,1.67395912,6.807419857
2.101,-0.11,-0.22,-0.3556197128,-28.71,-1.571554699,376.947,1.62898662,-6.192021959
2.102,-0.01,-0.02,-0.0320936968,-24.8,-1.393237573,373.013,1.572858045,-0.1786750499
2.103,0.07,0.14,0.2233378168,-21.85,-1.251852694,370.937,1.542999509,0.7670968918
2.104,0.11,0.22,0.3499238072,-20.08,-1.164095834,369.211,1.518047427,0.9886205174
2.105,0.12,0.24,0.3814526208,-19.66,-1.142943575,368.211,1.503537409,1.057845655
2.106,0.1,0.2,0.31834792,-20.64,-1.192101881,368.094,1.501837163,1.027806449
2.107,0.05,0.1,0.15976238,-22.44,-1.280612836,369.737,1.525663932,0.6519553784
2.108,0.03,0.06,0.0959986488,-23.51,-1.332151583,371.08,1.545061591,0.4508883814
2.109,0.05,0.1,0.15976238,-22.7,-1.293209475,372.567,1.566457389,0.5846792296
2.11,0.11,0.22,0.3499238072,-20.3,-1.17512499,375.219,1.604404769,0.8151416034
2.111,0.15,0.3,0.47575662,-18.5,-1.083859896,376.61,1.624201447,0.8804738764
2.112,0.12,0.24,0.3814526208,-19.73,-1.146477775,377.108,1.631271201,0.7868353822
2.113,0.01,0.02,0.0320466232,-24.51,-1.379604216,376.36,1.620648849,0.1329489186
2.114,-0.15,-0.3,-0.48634818,-31.04,-1.673077235,375.315,1.605773394,7.226157946
2.115,-0.27,-0.54,-0.8830526472,-36,-1.877963793,371.682,1.553733819,2.723537977
2.116,-0.31,-0.62,-1.016793825,-37.55,-1.938978796,368.531,1.508184898,2.360279079
2.117,-0.27,-0.54,-0.8830526472,-36.27,-1.888692906,366.661,1.480968819,2.165809369
2.118,-0.2,-0.4,-0.65081792,-33.76,-1.787284647,365.54,1.464587103,2.016804686
2.119,-0.14,-0.28,-0.4535954528,-31.58,-1.696115367,366.087,1.472586946,2.029251808
2.12,-0.1,-0.2,-0.32305528,-30.24,-1.638609494,367.081,1.487093589,2.132154246
2.121,-0.08,-0.16,-0.2580676352,-29.51,-1.606803225,369.263,1.518800873,2.932508385
2.122,-0.06,-0.12,-0.1932682848,-28.92,-1.580847375,372.078,1.559430819,9.024246379
2.123,-0.04,-0.08,-0.1286572288,-28.05,-1.542162911,375.567,1.609364371,-1.914500478
2.124,-0.01,-0.02,-0.0320936968,-26.93,-1.491633917,378.962,1.6575093,-0.193480769
2.125,0.03,0.06,0.0959986488,-25.55,-1.42823174,381.829,1.697831866,0.3560779069
2.126,0.08,0.16,0.2550549248,-23.34,-1.324016234,385.286,1.74605169,0.604344779
2.127,0.18,0.36,0.5696369568,-19.44,-1.131813056,388.658,1.792670862,0.8619659952
2.128,0.32,0.64,1.002143437,-13.13,-0.7973224563,391.64,1.833562362,0.9670959702
2.129,0.49,0.98,1.514925983,-4.96,-0.3180823083,394.215,1.868623026,0.9770307644
2.13,0.62,1.24,1.897874461,1.16,0.07748688771,396.902,1.904965325,0.9573368014
2.131,0.7,1.4,2.12958088,3.04,0.2056245185,399.126,1.934859829,0.9949060746
2.132,0.72,1.44,2.187036749,3.69,0.2506710171,400.565,1.954113912,0.9919501536
2.133,0.72,1.44,2.187036749,3.68,0.2499750781,401.128,1.961628136,0.9888920105
2.134,0.71,1.42,2.158332351,3.47,0.235381436,400.501,1.953259051,0.9861520721
2.135,0.7,1.4,2.12958088,3.05,0.2063146311,400.097,1.947859587,0.9885834036
2.136,0.67,1.34,2.043044025,2.41,0.1623300733,400.599,1.954568001,0.9651121372
2.137,0.63,1.26,1.927002521,1.43,0.0956944162,401.495,1.96652072,0.9344333126
2.138,0.57,1.14,1.751528057,-0.14,-0.00927127891,401.721,1.969531367,0.8935181956
2.139,0.49,0.98,1.514925983,-3.54,-0.2291788342,399.938,1.945733055,0.882538964
2.14,0.39,0.78,1.214936767,-7.65,-0.4818619997,399.321,1.937473027,0.8346575729
2.141,0.26,0.52,0.8179132832,-12.79,-0.7784413185,393.014,1.852299047,0.7616588878
2.142,0.08,0.16,0.2550549248,-19.51,-1.135358379,386.149,1.758021725,0.4096193009
2.143,-0.13,-0.26,-0.4208897992,-27.44,-1.514744942,377.978,1.643599604,-3.266391716
2.144,-0.34,-0.68,-1.117593981,-35.01,-1.838255943,366.7,1.481537843,3.13298928
2.145,-0.5,-1,-1.66235,-40.85,-2.064318663,359.005,1.368076332,2.387602602
2.146,-0.6,-1.2,-2.00894208,-44.47,-2.194960674,348.726,1.212659889,2.045139444
2.147,-0.64,-1.28,-2.148896973,-46.18,-2.254287212,337.333,1.034954608,1.76235505
2.148,-0.65,-1.3,-2.18400338,-46.28,-2.257710568,325.84,0.8495016206,1.550908609
2.149,-0.63,-1.26,-2.113837639,-45.74,-2.239164431,315.152,0.6710716241,1.348030952
2.15,-0.66,-1.32,-2.219156861,-46.79,-2.27509155,309.806,0.5795397207,1.308810985
2.151,-0.77,-1.54,-2.608952007,-50.87,-2.409556037,308.134,0.5505879719,1.403441004
2.152,-0.93,-1.86,-3.186094663,-56.81,-2.591609851,304.662,0.4899629065,1.515998999
2.153,-1.07,-2.14,-3.700979943,-61.9,-2.735838196,309.205,0.5691510491,1.708128443
2.154,-1.12,-2.24,-3.887103539,-63.67,-2.783658179,309.304,0.5708637161,1.756649162
2.155,-1.08,-2.16,-3.738110515,-62.49,-2.751906617,309.366,0.5719360164,1.714752719
2.156,-1.03,-2.06,-3.552928391,-60.92,-2.708858671,309.006,0.5657067556,1.657805201
2.157,-1.02,-2.04,-3.516033187,-60.69,-2.702473674,313.145,0.6368919717,1.702200006
2.158,-1.03,-2.06,-3.552928391,-61.05,-2.712458604,321.519,0.7780800653,1.836728603
2.159,-0.99,-1.98,-3.405630017,-59.78,-2.677010475,324.484,0.8271908632,1.841060607
2.16,-0.89,-1.78,-3.040679233,-56.57,-2.584550994,327.641,0.8789909995,1.782804031
2.161,-0.78,-1.56,-2.644670371,-53.35,-2.487464795,330.55,0.9262819875,1.6940171
2.162,-0.72,-1.44,-2.431066291,-51.44,-2.427711506,335.001,0.9978413571,1.700200744
2.163,-0.66,-1.32,-2.219156861,-49.58,-2.367906163,339.246,1.065208509,1.703508757
2.164,-0.57,-1.14,-1.904470183,-46.55,-2.266928506,344.66,1.149914609,1.704965523
2.165,-0.47,-0.94,-1.559290311,-43.33,-2.154570265,348.174,1.20418464,1.640692231
2.166,-0.41,-0.82,-1.354441921,-41.19,-2.076888401,351.781,1.259324244,1.656679674
2.167,-0.35,-0.7,-1.15128818,-39.49,-2.013403076,355.018,1.308328476,1.632860098
2.168,-0.28,-0.56,-0.9164173312,-37.01,-1.917880312,358.055,1.353900383,1.624911252
2.169,-0.19,-0.38,-0.6178298248,-33.88,-1.792218728,360.979,1.397412891,1.564895366
2.17,-0.11,-0.22,-0.3556197128,-31.16,-1.678212608,364.029,1.442426453,1.508229828
2.171,-0.06,-0.12,-0.1932682848,-29.05,-1.586585709,366.317,1.475947113,1.746843249
2.172,0,0,0,-26.92,-1.491179042,368.536,1.508257483,0
2.173,0.06,0.12,0.1915736352,-24.51,-1.379604216,370.461,1.536129784,1.223912736
2.174,0.13,0.26,0.4129343608,-22.02,-1.260164562,372.771,1.569385994,1.335400196
2.175,0.19,0.38,0.6008362552,-19.4,-1.129785566,373.526,1.580210776,1.333931231
2.176,0.26,0.52,0.8179132832,-16.27,-0.9675019767,377.001,1.629752986,1.235050264
2.177,0.35,0.7,1.09362302,-12.15,-0.7426561335,380.954,1.685557728,1.159848521
2.178,0.44,0.88,1.365519795,-7.83,-0.4926076386,384.877,1.740369386,1.094375427
2.179,0.49,0.98,1.514925983,-5.3,-0.3391162088,387.641,1.778653188,1.052370314
2.18,0.48,0.96,1.485138893,-5.8,-0.3698722461,389.286,1.801308504,1.037516609
2.181,0.45,0.9,1.39549518,-7.54,-0.4752821432,389.475,1.803905321,1.050331804
2.182,0.46,0.92,1.425423491,-6.77,-0.4289443897,389.359,1.802311657,1.037904081
2.183,0.53,1.06,1.633603609,-2.97,-0.1930093327,388.391,1.78899426,1.023570825
2.184,0.57,1.14,1.751528057,-0.7,-0.04618381899,388.864,1.795505766,1.001261123
2.185,0.5,1,1.544666,-4.04,-0.2606780338,389.165,1.799645329,1.003702941
2.186,0.35,0.7,1.09362302,-10.82,-0.6672615596,389.709,1.807118683,0.9594386854
2.187,0.24,0.48,0.7561266432,-15.64,-0.9339583489,385.96,1.755402536,0.9204845022
2.188,0.2,0.4,0.63198848,-17.13,-1.012811942,382.014,1.700423368,0.9191070083
2.189,0.15,0.3,0.47575662,-19.35,-1.127249575,376.269,1.619355117,0.9667776102
2.19,0.03,0.06,0.0959986488,-24.58,-1.382900269,371.246,1.54745434,0.5833866533
2.191,-0.1,-0.2,-0.32305528,-29.82,-1.620351533,367.452,1.492497975,2.526760187
2.192,-0.14,-0.28,-0.4535954528,-31.28,-1.683338948,367.883,1.498769539,2.457587397
2.193,-0.08,-0.16,-0.2580676352,-29.44,-1.603735414,363.655,1.436927087,1.547090843
2.194,-0.04,-0.08,-0.1286572288,-27.84,-1.532751452,358.84,1.365616888,0.7697822968
2.195,-0.06,-0.12,-0.1932682848,-28.52,-1.563122439,356.892,1.336494742,0.8528008159
2.196,-0.11,-0.22,-0.3556197128,-30.63,-1.655463018,354.951,1.307318714,1.021472155
2.197,-0.16,-0.32,-0.5191479808,-32.87,-1.75041688,354.237,1.296546108,1.143823338
2.198,-0.2,-0.4,-0.65081792,-34.38,-1.812683774,353.57,1.286462989,1.236777299
2.199,-0.21,-0.42,-0.6838530888,-34.75,-1.827731124,354.137,1.295035607,1.283759796
2.2,-0.17,-0.34,-0.5519948552,-33.62,-1.781517189,355.019,1.308343546,1.166579888
2.201,-0.09,-0.18,-0.2905379208,-30.5,-1.649855876,356.654,1.332925806,0.9167256371
2.202,0.05,0.1,0.15976238,-25.5,-1.425910617,359.315,1.372694052,-3.002117455
2.203,0.19,0.38,0.6008362552,-20,-1.160076618,362.222,1.415803509,2.349523173
2.204,0.27,0.54,0.8487359928,-16.51,-0.9802021512,365.772,1.46798155,1.73999967
2.205,0.28,0.56,0.8795116288,-16.14,-0.9606046993,369.73,1.525562643,1.556773631
2.206,0.28,0.56,0.8795116288,-16.11,-0.9590112194,374.42,1.593000208,1.38726641
2.207,0.35,0.7,1.09362302,-12.61,-0.7684090348,376.653,1.624812256,1.276995453
2.208,0.52,1.04,1.604004813,-4.19,-0.2700863258,379.41,1.66383021,1.150860521
2.209,0.69,1.38,2.100782335,2.48,0.16712284,381.552,1.69394927,1.128802223
2.21,0.77,1.54,2.329852633,4.47,0.3052362103,383.203,1.717049122,1.152088973
2.211,0.74,1.48,2.244304323,3.57,0.242325773,384.126,1.729919879,1.137943603
2.212,0.66,1.32,2.014104259,1.46,0.09772149724,384.106,1.729641317,1.102191772
2.213,0.6,1.2,1.83947712,0.1,0.00663293416,383.869,1.726339257,1.061457956
2.214,0.6,1.2,1.83947712,0.06,0.003978700632,382.907,1.71291499,1.071398381
2.215,0.62,1.24,1.897874461,0.5,0.03325311302,382.08,1.701347599,1.094127569
2.216,0.62,1.24,1.897874461,0.56,0.03725836599,381.64,1.695183036,1.095491287
2.217,0.6,1.2,1.83947712,-0.09,-0.005962092718,381.92,1.699106762,1.086426431
2.218,0.56,1.12,1.722117555,-2.27,-0.1482089132,382.953,1.713557666,1.100149441
2.219,0.51,1.02,1.574358943,-4.8,-0.3081503368,384.953,1.741425723,1.098434368
2.22,0.46,0.92,1.425423491,-7.15,-0.4518734412,388.73,1.793661873,1.062331033
2.221,0.43,0.86,1.335497337,-8.84,-0.5524120377,391.619,1.833275484,1.042653954
2.222,0.42,0.84,1.305427805,-9.36,-0.5828795432,394.191,1.868297306,1.015566956
2.223,0.43,0.86,1.335497337,-9.01,-0.5623966193,396.489,1.899395436,0.9988769776
2.224,0.43,0.86,1.335497337,-8.85,-0.5530000139,397.975,1.919409204,0.9773773086
2.225,0.42,0.84,1.305427805,-9.65,-0.5997762913,399.335,1.937660592,0.9757404314
2.226,0.39,0.78,1.214936767,-11.23,-0.6906523648,399.766,1.943431703,0.9697931073
2.227,0.35,0.7,1.09362302,-12.95,-0.7873377425,398.518,1.926703808,0.959852196
2.228,0.35,0.7,1.09362302,-13.28,-0.805623864,397.418,1.911916178,0.9885479693
2.229,0.4,0.8,1.24514752,-10.85,-0.6689776014,395.942,1.892009429,1.01808268
2.23,0.5,1,1.544666,-5.88,-0.3747738078,394.843,1.877139006,1.028156138
2.231,0.6,1.2,1.83947712,-0.17,-0.0112557326,391.159,1.826987621,1.013077499
2.232,0.65,1.3,1.98511742,1.18,0.07883336081,387.279,1.773654737,1.071595236
2.233,0.6,1.2,1.83947712,-0.13,-0.008609618032,383.545,1.721821747,1.073700734
2.234,0.45,0.9,1.39549518,-6.62,-0.4198605886,379.281,1.662010892,1.123451145
2.235,0.2,0.4,0.63198848,-16.64,-0.987063429,373.794,1.584047955,1.058634609
2.236,-0.14,-0.28,-0.4535954528,-29.97,-1.626885128,365.837,1.468932194,2.87171274
2.237,-0.49,-0.98,-1.627949697,-43.2,-2.149921015,358.749,1.364259983,2.072076417
2.238,-0.73,-1.46,-2.466549287,-52.16,-2.450430774,352.14,1.264781249,2.080335913
2.239,-0.81,-1.62,-2.752107905,-55.24,-2.544992513,350.493,1.239699973,2.108422304
2.24,-0.75,-1.5,-2.5376565,-53.5,-2.492087893,349.909,1.230778237,2.011921885
2.241,-0.66,-1.32,-2.219156861,-50.62,-2.401545457,351.468,1.254561919,1.934776558
2.242,-0.62,-1.24,-2.078825379,-49.38,-2.361378283,353.735,1.288959084,1.938444763
2.243,-0.6,-1.2,-2.00894208,-48.64,-2.337058358,357.144,1.340271022,2.015416938
2.244,-0.51,-1.02,-1.696797377,-45.83,-2.242265703,360.943,1.396879315,2.007126448
2.245,-0.34,-0.68,-1.117593981,-40.11,-2.036741606,364.489,1.449182636,1.902096705
2.246,-0.13,-0.26,-0.4208897992,-32.93,-1.752917555,368.483,1.507488032,1.714911042
2.247,0.04,0.08,0.1279040512,-26.66,-1.479329025,372.84,1.570376188,1.404810936
2.248,0.17,0.34,0.5383905848,-21.66,-1.242538892,378.349,1.64884826,1.325075491
2.249,0.28,0.56,0.8795116288,-16.94,-1.002849035,382.585,1.708414094,1.246535126
2.25,0.35,0.7,1.09362302,-13.85,-0.837010639,387.693,1.779370815,1.160514895
2.251,0.36,0.72,1.124022067,-13.54,-0.8199717364,391.524,1.831977509,1.110687407
2.252,0.34,0.68,1.063176899,-14.27,-0.8599777234,395.429,1.885073237,1.037149109
2.253,0.38,0.76,1.184678941,-12.87,-0.7828920179,398.813,1.930662641,1.032156528
2.254,0.48,0.96,1.485138893,-7.83,-0.4926076386,401.849,1.971235761,1.004403251
2.255,0.63,1.26,1.927002521,0.19,0.01261012947,404.249,2.003093024,0.9559951908
2.256,0.79,1.58,2.386649471,4.25,0.2897895594,407.191,2.041887683,1.02357626
2.257,0.93,1.86,2.778955097,7.85,0.5481992408,409.93,2.077754354,1.05826512
2.258,1.01,2.02,2.998987263,9.9,0.7008097356,412.759,2.11454884,1.065223908
2.259,1.02,2.04,3.026279453,10.17,0.7212100352,414.636,2.138822536,1.058127618
2.26,0.99,1.98,2.944261663,9.61,0.6789765698,415.36,2.148156077,1.041430322
2.261,0.98,1.96,2.916828253,9.2,0.6482469267,413.463,2.123666004,1.052279897
2.262,0.98,1.96,2.916828253,9.17,0.6460047472,410.541,2.085722583,1.067759663
2.263,0.97,1.94,2.889347769,8.95,0.6295884267,407.054,2.040087365,1.08228414
2.264,0.93,1.86,2.778955097,8.02,0.5607024247,405.002,2.01304927,1.079729292
2.265,0.86,1.72,2.583955587,6.25,0.4318578194,403.427,1.992203258,1.06596142
2.266,0.77,1.54,2.329852633,3.93,0.2674009624,402.317,1.977462834,1.037859239
2.267,0.68,1.36,2.071936717,1.58,0.1058378764,400.876,1.958266058,1.003794762
2.268,0.59,1.18,1.810207839,-1.16,-0.07629901523,398.611,1.927952163,0.9776171316
2.269,0.49,0.98,1.514925983,-5.71,-0.3643515993,396.01,1.892928171,0.9910697383
2.27,0.34,0.68,1.063176899,-11.85,-0.7257715294,393.496,1.858856371,0.938302994
2.271,0.13,0.26,0.4129343608,-19.93,-1.15655603,388.818,1.79487286,0.6469112861
2.272,-0.08,-0.16,-0.2580676352,-28.28,-1.552437667,382.775,1.71107036,-1.62682503
2.273,-0.23,-0.46,-0.7500646472,-34.15,-1.803288575,374.923,1.600182635,3.692972481
2.274,-0.29,-0.58,-0.9498290888,-36.35,-1.891863699,366.322,1.476020137,2.284101945
2.275,-0.29,-0.58,-0.9498290888,-36.24,-1.887502893,361.83,1.410010554,1.98920278
2.276,-0.3,-0.6,-0.98328792,-36.69,-1.905297862,358.601,1.362052413,1.810025141
2.277,-0.37,-0.74,-1.218817799,-39.32,-2.006966342,357.901,1.351598845,1.859747097
2.278,-0.48,-0.96,-1.593596467,-43.6,-2.164197929,357.068,1.339132425,1.931478724
2.279,-0.62,-1.24,-2.078825379,-48.73,-2.34003028,356.369,1.328648945,2.055431821
2.28,-0.72,-1.44,-2.431066291,-52.8,-2.47042747,355.415,1.314307788,2.102780818
2.281,-0.74,-1.48,-2.502079357,-53.59,-2.494856952,354.982,1.307785941,2.107775636
2.282,-0.65,-1.3,-2.18400338,-50.77,-2.406355306,354.894,1.306459512,1.985645725
2.283,-0.49,-0.98,-1.627949697,-45.69,-2.237439725,356.239,1.32669696,1.787496712
2.284,-0.36,-0.72,-1.185029453,-41.24,-2.078731569,358.221,1.356380154,1.640516551
2.285,-0.29,-0.58,-0.9498290888,-38.83,-1.988322632,361.021,1.398035329,1.609096254
2.286,-0.24,-0.48,-0.7832410368,-37.37,-1.931964661,363.636,1.436647557,1.581292126
2.287,-0.19,-0.38,-0.6178298248,-35.37,-1.852762307,366.739,1.482106807,1.666857297
2.288,-0.09,-0.18,-0.2905379208,-31.91,-1.710104579,370.421,1.535552094,1.664473123
2.289,0.05,0.1,0.15976238,-27.01,-1.495270535,374.25,1.590570566,1.676414766
2.29,0.19,0.38,0.6008362552,-21.53,-1.236151625,378.821,1.655518361,1.432722731
2.291,0.29,0.58,0.9102401912,-17.18,-1.015429303,382.823,1.711741208,1.307230546
2.292,0.36,0.72,1.124022067,-14.25,-0.8588871208,387.138,1.771706561,1.231373936
2.293,0.44,0.88,1.365519795,-10.24,-0.6339440111,390.694,1.820623892,1.150706115
2.294,0.59,1.18,1.810207839,-2.28,-0.1488518939,394.609,1.873967438,1.049325563
2.295,0.77,1.54,2.329852633,3.48,0.2360754595,398.833,1.93093093,1.075148022
2.296,0.88,1.76,2.639905101,6.27,0.4332972598,405.326,2.017327538,1.077237569
2.297,0.88,1.76,2.639905101,6.24,0.4311382393,412.358,2.109348729,1.039133495
2.298,0.81,1.62,2.443258015,4.33,0.2954013801,417.171,2.171431764,0.9904431605
2.299,0.73,1.46,2.215694073,2.21,0.1486608132,417.109,2.170636587,0.9553298653
2.3,0.67,1.34,2.043044025,0.81,0.05398132586,416.184,2.158759007,0.9233094342
2.301,0.65,1.3,1.98511742,0.28,0.01859448794,413.946,2.12991213,0.9239522016
2.302,0.66,1.32,2.014104259,0.5,0.03325311302,412.673,2.11343403,0.9382383762
2.303,0.68,1.36,2.071936717,0.89,0.05934440726,410.828,2.089461341,0.9642270914
2.304,0.68,1.36,2.071936717,1.01,0.06739971161,409.358,2.070283963,0.969243832
2.305,0.66,1.32,2.014104259,0.55,0.03659060203,406.451,2.032156128,0.9735866795
2.306,0.6,1.2,1.83947712,-1.92,-0.125650087,403.201,1.989205345,0.9870794611
2.307,0.48,0.96,1.485138893,-7.71,-0.4854468292,399.1,1.934511306,1.024894969
2.308,0.3,0.6,0.94092168,-15.6,-0.931818505,395.213,1.882150043,0.9900983417
2.309,0.13,0.26,0.4129343608,-22.94,-1.304795336,389.261,1.800964915,0.8322444149
2.31,0.02,0.04,0.0640461728,-27.47,-1.516099075,381.767,1.696963082,0.3541123173
2.311,-0.02,-0.04,-0.0642344672,-29.15,-1.590992398,377.896,1.642438828,-1.248569951
2.312,-0.03,-0.06,-0.0964223112,-29.56,-1.608992595,374.176,1.589512613,4.949815096
2.313,-0.04,-0.08,-0.1286572288,-30.18,-1.636008085,372.45,1.564777025,1.806195631
2.314,-0.07,-0.14,-0.2256444232,-31.31,-1.684619123,370.616,1.538367743,1.542853287
2.315,-0.1,-0.2,-0.32305528,-32.88,-1.750833812,370.585,1.537920226,1.517307022
2.316,-0.14,-0.28,-0.4535954528,-34.36,-1.811868063,370.551,1.537429358,1.652811516
2.317,-0.14,-0.28,-0.4535954528,-34.37,-1.812275948,371.379,1.549370651,1.725318801
2.318,-0.08,-0.16,-0.2580676352,-32.16,-1.720657414,373.083,1.573861937,1.758008088
2.319,0.04,0.08,0.1279040512,-27.88,-1.534546334,374.931,1.60029679,1.945295266
2.32,0.17,0.34,0.5383905848,-22.78,-1.297075882,378.8,1.655221775,1.5032717
2.321,0.29,0.58,0.9102401912,-17.88,-1.051878061,381.452,1.692546918,1.420765472
2.322,0.41,0.82,1.275311199,-12.38,-0.7555532496,384.999,1.742064984,1.292748129
2.323,0.54,1.08,1.663155331,-6.12,-0.3894464619,386.436,1.761996563,1.211726501
2.324,0.62,1.24,1.897874461,-1.91,-0.1250039901,388.107,1.785080792,1.143244974
2.325,0.62,1.24,1.897874461,-1.8,-0.1178911993,388.446,1.789751819,1.135187012
2.326,0.58,1.16,1.780891485,-4.11,-0.2650709474,388.085,1.784777516,1.171865359
2.327,0.57,1.14,1.751528057,-4.89,-0.3137397254,387.28,1.773668551,1.199735238
2.328,0.63,1.26,1.927002521,-1.41,-0.0925884157,387.914,1.782419653,1.140352053
2.329,0.66,1.32,2.014104259,0.34,0.02258804273,389.506,1.804331134,1.102459422
2.33,0.62,1.24,1.897874461,-1.69,-0.1107679054,391.647,1.833657985,1.101564449
2.331,0.57,1.14,1.751528057,-4.43,-0.2850998976,394.935,1.878385432,1.09931837
2.332,0.56,1.12,1.722117555,-5.03,-0.3224207647,399.008,1.933277889,1.069069087
2.333,0.59,1.18,1.810207839,-3.03,-0.1968297564,403.403,1.991884975,1.008441312
2.334,0.6,1.2,1.83947712,-2.78,-0.1808909279,408.444,2.058325318,0.979782372
2.335,0.51,1.02,1.574358943,-7.21,-0.4554829271,413.422,2.123135459,0.9440569381
2.336,0.4,0.8,1.24514752,-12.65,-0.7706406119,418.577,2.189432661,0.8776110076
2.337,0.33,0.66,1.032683705,-16.46,-0.9775598357,423.516,2.252190463,0.8101827167
2.338,0.32,0.64,1.002143437,-16.65,-0.9875906969,429.626,2.328822628,0.7471813143
2.339,0.42,0.84,1.305427805,-12.15,-0.7426561335,442.508,2.486880249,0.7484289394
2.34,0.61,1.22,1.868699327,-2.46,-0.1604107785,441.237,2.471491523,0.8085824485
2.341,0.84,1.68,2.527817779,4.68,0.3200222514,436.847,2.417996195,0.9232289074
2.342,1.05,2.1,3.10787358,10.02,0.7098678504,422.321,2.237073475,1.054609928
2.343,1.18,2.36,3.456552477,13.85,1.006348235,419.895,2.20625208,1.075936045
2.344,1.26,2.52,3.667169923,15.54,1.141791095,420.225,2.210455051,1.093944109
2.345,1.26,2.52,3.667169923,15.51,1.139361748,420.71,2.216626159,1.092724415
2.346,1.15,2.3,3.37679422,13.11,0.9479400111,420.81,2.217897668,1.066635299
2.347,0.96,1.92,2.861820211,8.19,0.5732330208,416.547,2.163423299,1.045736065
2.348,0.74,1.48,2.244304323,2.35,0.1582255076,410.318,2.08281575,1.001456049
2.349,0.54,1.08,1.663155331,-5.13,-0.3286114071,401.978,1.972952922,1.011441551
2.35,0.36,0.72,1.124022067,-12.41,-0.7572324329,393.161,1.854299747,1.024569826
2.351,0.19,0.38,0.6008362552,-19.57,-1.138394407,385.702,1.751825062,0.9794689101
2.352,0,0,0,-27.2,-1.503890546,377.976,1.643571295,0
2.353,-0.18,-0.36,-0.5848888032,-34.54,-1.819200808,373.599,1.581256251,2.458088598
2.354,-0.35,-0.7,-1.15128818,-40.96,-2.068392259,367.563,1.494113861,2.004756203
2.355,-0.46,-0.92,-1.525031229,-45.25,-2.222207407,364.59,1.450664917,1.976600444
2.356,-0.48,-0.96,-1.593596467,-46.06,-2.250172528,361.363,1.403101056,1.881301071
2.357,-0.41,-0.82,-1.354441921,-43.7,-2.167754002,360.616,1.392030231,1.746036375
2.358,-0.28,-0.56,-0.9164173312,-39.63,-2.018691782,360.424,1.389181013,1.455761168
2.359,-0.19,-0.38,-0.6178298248,-36.55,-1.899774315,362.779,1.424024051,1.298643157
2.36,-0.16,-0.32,-0.5191479808,-35.36,-1.852360392,364.857,1.454581445,1.305116788
2.361,-0.12,-0.24,-0.3882312192,-34.05,-1.799193764,367.174,1.48844884,1.249356591
2.362,-0.03,-0.06,-0.0964223112,-30.83,-1.66406855,369.425,1.521147466,0.6746542118
2.363,0.09,0.18,0.2867249592,-26.6,-1.476588034,371.713,1.554180015,3.695291107
2.364,0.14,0.28,0.4443690272,-24.54,-1.38101722,374.814,1.598627022,2.04204508
2.365,0.12,0.24,0.3814526208,-25.22,-1.412881174,377.649,1.638940823,1.68739809
2.366,0.12,0.24,0.3814526208,-25.44,-1.423123046,381.257,1.689811275,1.430331677
2.367,0.18,0.36,0.5696369568,-22.94,-1.304795336,384.296,1.732287068,1.332509882
2.368,0.29,0.58,0.9102401912,-18.66,-1.092067572,386.623,1.764584852,1.353482234
2.369,0.36,0.72,1.124022067,-15.59,-0.9312833553,388.05,1.784294997,1.317710113
2.37,0.4,0.8,1.24514752,-13.69,-0.8282256132,390.057,1.811893962,1.265820458
2.371,0.49,0.98,1.514925983,-9.39,-0.5846306229,392.85,1.850066091,1.197157834
2.372,0.63,1.26,1.927002521,-1.84,-0.1204788833,396.935,1.905410127,1.079594818
2.373,0.74,1.48,2.244304323,1.94,0.1302644618,401.83,1.9709828,1.068081974
2.374,0.78,1.56,2.358274589,2.91,0.1966613113,406.896,2.038010333,1.055311457
2.375,0.81,1.62,2.443258015,3.71,0.252063169,410.966,2.091258142,1.042647461
2.376,0.92,1.84,2.751239245,6.47,0.4477122266,414.114,2.132082987,1.06645645
2.377,1.09,2.18,3.216006719,11.08,0.7904862633,415.703,2.152572229,1.092743052
2.378,1.24,2.48,3.614798003,14.93,1.092572757,417.736,2.178672691,1.105021944
2.379,1.3,2.6,3.77134888,16.13,1.189753296,419.818,2.205270911,1.110845947
2.38,1.3,2.6,3.77134888,16.23,1.197917453,422.451,2.238720073,1.097395012
2.381,1.29,2.58,3.745374751,15.91,1.171827865,425.311,2.274817605,1.086672472
2.382,1.25,2.5,3.6410075,15.31,1.123189317,430.781,2.343186187,1.050378845
2.383,1.18,2.36,3.456552477,13.64,0.9897176276,439.137,2.445968231,1.006073494
2.384,1.04,2.08,3.080722611,10.22,0.7249955928,434.443,2.388473459,0.9894823299
2.385,0.86,1.72,2.583955587,5.79,0.3988536725,417.056,2.169956745,1.005895791
2.386,0.68,1.36,2.071936717,1.1,0.07344960963,411.833,2.102532953,0.9521844302
2.387,0.49,0.98,1.514925983,-6.35,-0.403462751,408.091,2.053699552,0.9180052116
2.388,0.32,0.64,1.002143437,-13.89,-0.8392038172,404.513,2.00658577,0.8584537687
2.389,0.19,0.38,0.6008362552,-19.18,-1.118613657,401.897,1.971874769,0.7041645832
2.39,0.12,0.24,0.3814526208,-22.16,-1.266994388,400.317,1.950800565,0.5578373431
2.391,0.06,0.12,0.1915736352,-24.71,-1.389012656,399.987,1.946388491,0.3437063883
2.392,0.01,0.02,0.0320466232,-26.97,-1.493452755,400.814,1.957438556,0.06906811187
2.393,0.02,0.04,0.0640461728,-26.26,-1.461010498,402.259,1.976691497,0.1241972711
2.394,0.12,0.24,0.3814526208,-22.71,-1.29369302,403.824,1.997465438,0.5420113249
2.395,0.15,0.3,0.47575662,-21.22,-1.220872247,405.364,2.017829086,0.5969666065
2.396,0.04,0.08,0.1279040512,-25.98,-1.448124012,406.042,2.026769865,0.2210402968
2.397,-0.15,-0.3,-0.48634818,-33.81,-1.789341574,405.611,2.021088003,-2.09862211
2.398,-0.24,-0.48,-0.7832410368,-37.69,-1.944421352,404.349,2.004416302,-13.05511605
2.399,-0.19,-0.38,-0.6178298248,-35.86,-1.872383693,402.696,1.982500393,-5.610682319
2.4,-0.07,-0.14,-0.2256444232,-31.75,-1.703330398,399.226,1.93620009,-0.9689729084
2.401,0.02,0.04,0.0640461728,-28.32,-1.554221063,396.853,1.904304794,0.1829452989
2.402,0.06,0.12,0.1915736352,-26.82,-1.486626648,394.66,1.874658838,0.4937055227
2.403,0.06,0.12,0.1915736352,-26.78,-1.484803834,395.296,1.883273497,0.4807734524
2.404,0.05,0.1,0.15976238,-27.31,-1.508870189,397.657,1.915132604,0.3932492252
2.405,0.06,0.12,0.1915736352,-26.86,-1.4884484,401.866,1.971462085,0.3966215475
2.406,0.13,0.26,0.4129343608,-24.09,-1.359757635,407.89,2.051063828,0.5973248394
2.407,0.27,0.54,0.8487359928,-18.51,-1.084373424,413.495,2.124080052,0.8163225758
2.408,0.45,0.9,1.39549518,-10.5,-0.6489126003,418.859,2.193035802,0.9037460082
2.409,0.64,1.28,1.956083507,-0.46,-0.03039792141,422.447,2.238669416,0.8857984683
2.41,0.77,1.54,2.329852633,3.09,0.2090759895,423.867,2.25662258,0.9449057
2.411,0.77,1.54,2.329852633,3.2,0.2166772187,423.123,2.247223647,0.9455951191
2.412,0.66,1.32,2.014104259,0.41,0.02725121946,421.456,2.22610434,0.8938244346
2.413,0.52,1.04,1.604004813,-6.97,-0.4410271742,419.365,2.199494936,0.9121604887
2.414,0.42,0.84,1.305427805,-11.84,-0.7252074927,417.458,2.175111123,0.900354877
2.415,0.42,0.84,1.305427805,-11.81,-0.7235149112,416.42,2.161791902,0.907633101
2.416,0.47,0.94,1.455304729,-9.4,-0.585214155,415.518,2.150190792,0.9299210571
2.417,0.53,1.06,1.633603609,-6.44,-0.4089354179,414.954,2.14292408,0.9421074338
2.418,0.59,1.18,1.810207839,-2.99,-0.1942831505,415.522,2.150242294,0.9254834618
2.419,0.64,1.28,1.956083507,-0.34,-0.02248599305,413.457,2.123588367,0.9309796284
2.42,0.63,1.26,1.927002521,-0.94,-0.06191919878,412.204,2.107350334,0.9421009035
2.421,0.5,1,1.544666,-5.92,-0.3772225855,408.918,2.064530403,0.9154618879
2.422,0.21,0.42,0.6630936312,-16.65,-0.9875906969,409.105,2.066976422,0.6143249959
2.423,-0.12,-0.24,-0.3882312192,-28.46,-1.560454755,406.656,2.034853805,-0.8183642433
2.424,-0.28,-0.56,-0.9164173312,-34.27,-1.80819439,403.269,1.990107549,-5.037663784
2.425,-0.28,-0.56,-0.9164173312,-34.06,-1.799603517,398.484,1.926247347,-7.236178238
2.426,-0.27,-0.54,-0.8830526472,-33.87,-1.791807888,391.378,1.829982112,-23.13216999
2.427,-0.43,-0.86,-1.422536423,-39.41,-2.01037604,385.763,1.752671115,5.520020332
2.428,-0.75,-1.5,-2.5376565,-50.66,-2.402829111,378.511,1.651138512,3.3759322
2.429,-0.97,-1.94,-3.332263271,-58.52,-2.641215482,368.519,1.50801069,2.940565813
2.43,-0.83,-1.66,-2.823968295,-54.33,-2.517489121,359.125,1.369864309,2.460706903
2.431,-0.41,-0.82,-1.354441921,-40.86,-2.064689263,354.995,1.307981863,1.789914992
2.432,-0.01,-0.02,-0.0320936968,-27.07,-1.49799522,350.792,1.244262027,0.1264860004
2.433,0.05,0.1,0.15976238,-24.74,-1.390421573,348.991,1.216723858,-0.9197724893
2.434,-0.25,-0.5,-0.8164645,-35.82,-1.870787259,347.682,1.19661928,1.21106983
2.435,-0.6,-1.2,-2.00894208,-48.97,-2.34793628,348.515,1.209421841,1.764529295
2.436,-0.78,-1.56,-2.644670371,-55.81,-2.562038156,351.657,1.257438079,2.027188575
2.437,-0.82,-1.64,-2.788014563,-56.94,-2.59542336,354.253,1.296787749,2.146879801
2.438,-0.77,-1.54,-2.608952007,-55.66,-2.55756592,354.478,1.300184665,2.074909259
2.439,-0.69,-1.38,-2.324899745,-53.03,-2.47756865,355.282,1.312305388,1.995171237
2.44,-0.56,-1.12,-1.869740365,-49.06,-2.350893876,356.789,1.334950495,1.840398195
2.441,-0.43,-0.86,-1.422536423,-44.83,-2.207575034,359.738,1.378988581,1.716823174
2.442,-0.33,-0.66,-1.083946855,-41.62,-2.092695215,361.401,1.403663618,1.573145354
2.443,-0.29,-0.58,-0.9498290888,-40.21,-2.040485889,363.34,1.432290879,1.56171799
2.444,-0.3,-0.6,-0.98328792,-40.33,-2.044971729,364.996,1.456619253,1.671256535
2.445,-0.31,-0.62,-1.016793825,-40.88,-2.0654303,367.632,1.495118084,1.782872251
2.446,-0.32,-0.64,-1.050346803,-41.14,-2.07504387,370.344,1.534439865,1.942913469
2.447,-0.32,-0.64,-1.050346803,-41.15,-2.075412886,372.939,1.571796582,2.085609216
2.448,-0.3,-0.6,-0.98328792,-40.63,-2.05615157,376.539,1.623192749,2.271088779
2.449,-0.29,-0.58,-0.9498290888,-40.13,-2.037490905,380.826,1.683759834,2.685172903
2.45,-0.32,-0.64,-1.050346803,-41.35,-2.082781747,385.69,1.75165861,3.172073125
2.451,-0.36,-0.72,-1.185029453,-43.23,-2.150994711,391.193,1.827452629,3.662674868
2.452,-0.34,-0.68,-1.117593981,-42.41,-2.121475107,398.842,1.931051656,5.868993412
2.453,-0.2,-0.4,-0.65081792,-37.85,-1.950627645,404.713,2.009230272,-11.10561003
2.454,0,0,0,-30.69,-1.658047328,410.355,2.083298159,0
2.455,0.19,0.38,0.6008362552,-23.71,-1.341697053,414.874,2.141892541,0.7508618387
2.456,0.33,0.66,1.032683705,-17.81,-1.048249465,418.607,2.189816089,0.9046197419
2.457,0.48,0.96,1.485138893,-10.95,-0.6746925819,420.666,2.216066599,0.9635162368
2.458,0.64,1.28,1.956083507,-2.89,-0.1879106268,423.082,2.246705215,0.9501110594
2.459,0.76,1.52,2.301383603,1.81,0.1214303351,426.14,2.285235471,0.9562539165
2.46,0.83,1.66,2.499678265,3.59,0.2437157346,430.185,2.335779157,0.9690572649
2.461,0.85,1.7,2.55591022,4.02,0.2736882735,434.812,2.393015624,0.9584529509
2.462,0.81,1.62,2.443258015,3.1,0.2097665561,440.108,2.457784851,0.9159178745
2.463,0.76,1.52,2.301383603,1.69,0.1132892213,447.491,2.54678892,0.8651563906
2.464,0.75,1.5,2.2728675,1.43,0.0956944162,456.699,2.65575828,0.8260609034
2.465,0.82,1.64,2.471491677,3.2,0.2166772187,454.881,2.634418819,0.8668566908
2.466,0.93,1.86,2.778955097,5.97,0.4117448525,452.28,2.603739837,0.9215616668
2.467,0.99,1.98,2.944261663,7.58,0.5283974863,448.418,2.557860249,0.9539908575
2.468,0.97,1.94,2.889347769,7,0.4860930969,432.801,2.368214545,1.012276226
2.469,0.87,1.74,2.611953881,4.48,0.3059393875,431.565,2.352914072,0.9823609765
2.47,0.71,1.42,2.158332351,0.39,0.0259184403,430.635,2.341372662,0.9117308595
2.471,0.5,1,1.544666,-7.92,-0.497970509,427.849,2.306648305,0.8540304986
2.472,0.28,0.56,0.8795116288,-16.44,-0.976502386,423.723,2.25480472,0.6880309966
2.473,0.12,0.24,0.3814526208,-22.25,-1.271377732,417.736,2.178672691,0.4204284584
2.474,0.07,0.14,0.2233378168,-24.3,-1.369695999,411.692,2.100700951,0.3055216198
2.475,0.06,0.12,0.1915736352,-24.44,-1.376304822,405.356,2.017723501,0.2986717436
2.476,0.02,0.04,0.0640461728,-26.07,-1.452271815,400.334,1.951027755,0.1284118497
2.477,-0.12,-0.24,-0.3882312192,-30.95,-1.669219767,396.311,1.896993064,-1.70446327
2.478,-0.3,-0.6,-0.98328792,-37.87,-1.951402401,391.325,1.829257571,8.050180467
2.479,-0.48,-0.96,-1.593596467,-44.43,-2.193554939,385.782,1.752934612,3.616711192
2.48,-0.61,-1.22,-2.043860193,-49.19,-2.355159087,378.78,1.654939296,2.918883787
2.481,-0.71,-1.42,-2.395630369,-52.68,-2.466692194,373.994,1.586909728,2.722980354
2.482,-0.8,-1.6,-2.71624832,-55.86,-2.563526774,368.419,1.506558736,2.569849061
2.483,-0.88,-1.76,-3.004443059,-58.92,-2.652647524,365.105,1.458216703,2.515376368
2.484,-0.94,-1.88,-3.222566205,-61.1,-2.713841472,361.25,1.401427823,2.455450084
2.485,-0.95,-1.9,-3.25908482,-61.21,-2.716880422,362.519,1.420188386,2.513383848
2.486,-0.88,-1.76,-3.004443059,-59.2,-2.660611859,365.095,1.458070168,2.498410726
2.487,-0.77,-1.54,-2.608952007,-55.91,-2.565014329,368.832,1.51255276,2.478904773
2.488,-0.66,-1.32,-2.219156861,-52.31,-2.45513415,373.888,1.585393179,2.551514686
2.489,-0.55,-1.1,-1.83505762,-48.92,-2.346291487,378.892,1.656520983,2.660388652
2.49,-0.46,-0.92,-1.525031229,-45.96,-2.246738067,385.096,1.74341274,3.02991156
2.491,-0.4,-0.8,-1.32046528,-44,-2.17839078,391.76,1.835201371,3.847628294
2.492,-0.4,-0.8,-1.32046528,-44.13,-2.182985445,399.229,1.936240293,5.35153485
2.493,-0.41,-0.82,-1.354441921,-44.39,-2.192148375,403.156,1.988608215,6.654421048
2.494,-0.29,-0.58,-0.9498290888,-40.53,-2.052430465,407.549,2.046589306,162.609703
2.495,-0.03,-0.06,-0.0964223112,-31.54,-1.694415094,410.86,2.089878044,-0.2438213516
2.496,0.27,0.54,0.8487359928,-20.23,-1.171619478,416.816,2.166877136,0.8527801682
2.497,0.46,0.92,1.425423491,-11.53,-0.7076833433,423.317,2.249676036,0.9244035317
2.498,0.53,1.06,1.633603609,-8.15,-0.5116455393,429.128,2.32261759,0.9020589842
2.499,0.57,1.14,1.751528057,-6.47,-0.4107581458,433.395,2.375552147,0.8914563338
2.5,0.59,1.18,1.810207839,-5.2,-0.3329398539,435.318,2.399237914,0.876063272
2.501,0.56,1.12,1.722117555,-6.39,-0.4058958778,433.559,2.377576245,0.8734263341
2.502,0.47,0.94,1.455304729,-10.15,-0.6287500019,430.762,2.342950215,0.8489701012
2.503,0.33,0.66,1.032683705,-15.31,-0.9162684814,426.481,2.289514864,0.7520017658
2.504,0.2,0.4,0.63198848,-20.37,-1.178626991,423.994,2.258225319,0.5853922368
2.505,0.07,0.14,0.2233378168,-25.27,-1.415211742,422.137,2.234742038,0.2725192929
2.506,-0.08,-0.16,-0.2580676352,-30.86,-1.665357204,421.066,2.221151354,-0.4643223312
2.507,-0.24,-0.48,-0.7832410368,-36.69,-1.905297862,417.977,2.18175832,-2.833103305
2.508,-0.37,-0.74,-1.218817799,-41.61,-2.092328755,412.912,2.116531591,-50.35846987
2.509,-0.46,-0.92,-1.525031229,-45.05,-2.215250909,405.51,2.01975565,7.800860421
2.51,-0.53,-1.06,-1.765833351,-47.34,-2.29369025,398.288,1.923615227,4.771555065
2.511,-0.59,-1.18,-1.974071041,-49.68,-2.371162954,392.197,1.841165857,3.724682746
2.512,-0.69,-1.38,-2.324899745,-53.44,-2.490239855,385.631,1.750840144,3.14430708
2.513,-0.8,-1.6,-2.71624832,-57.43,-2.609734308,379.645,1.667142881,2.881681546
2.514,-0.87,-1.74,-2.968253959,-59.95,-2.681791855,372.248,1.56187464,2.650422656
2.515,-0.89,-1.78,-3.040679233,-60.58,-2.699412781,365.021,1.456985683,2.447370342
2.516,-0.86,-1.72,-2.932111933,-59.79,-2.677292046,359.375,1.373587344,2.249061407
2.517,-0.84,-1.68,-2.859969101,-59.03,-2.655780098,353.503,1.285449091,2.08706443
2.518,-0.82,-1.64,-2.788014563,-58.66,-2.645224006,347.021,1.18643838,1.911188672
2.519,-0.81,-1.62,-2.752107905,-58.19,-2.631735519,345.67,1.165569452,1.877077889
2.52,-0.8,-1.6,-2.71624832,-57.99,-2.625968598,346.772,1.182598185,1.881878897
2.521,-0.8,-1.6,-2.71624832,-58.04,-2.627411854,348.885,1.215098641,1.92326199
2.522,-0.8,-1.6,-2.71624832,-57.97,-2.625391011,350.505,1.23988314,1.960471231
2.523,-0.79,-1.58,-2.680435809,-57.56,-2.613514446,353.39,1.283738648,2.015705063
2.524,-0.77,-1.54,-2.608952007,-57.11,-2.60039965,354.712,1.303715172,2.012017612
2.525,-0.75,-1.5,-2.5376565,-56.46,-2.581307624,356.955,1.337439062,2.040132357
2.526,-0.68,-1.36,-2.289605043,-54.25,-2.515054007,359.424,1.374316755,2.007127442
2.527,-0.56,-1.12,-1.869740365,-50.41,-2.394793978,362.289,1.416793004,1.91179806
2.528,-0.46,-0.92,-1.525031229,-47.27,-2.291331483,364.64,1.451398567,1.81565837
2.529,-0.43,-0.86,-1.422536423,-46.41,-2.262153406,365.527,1.464396833,1.783171047
2.53,-0.44,-0.88,-1.456654285,-46.79,-2.27509155,366.188,1.474062757,1.818479307
2.531,-0.42,-0.84,-1.388465635,-46.1,-2.251544897,368.759,1.511493772,1.876175293
2.532,-0.38,-0.76,-1.252653219,-44.65,-2.201276226,370.851,1.541758993,1.899348731
2.533,-0.39,-0.78,-1.286535713,-45.12,-2.217688016,373.962,1.586451947,2.038121357
2.534,-0.44,-0.88,-1.456654285,-46.93,-2.279840039,377.391,1.635284593,2.259936354
2.535,-0.4,-0.8,-1.32046528,-45.83,-2.242265703,380.619,1.680851022,2.352031975
2.536,-0.24,-0.48,-0.7832410368,-40.59,-2.054663788,385.589,1.750257431,2.573011433
2.537,-0.01,-0.02,-0.0320936968,-32.82,-1.748331297,391.097,1.826139561,-0.4124715714
2.538,0.18,0.36,0.5696369568,-25.78,-1.438887238,398.566,1.927348157,1.166187375
2.539,0.29,0.58,0.9102401912,-21.34,-1.226794912,402.704,1.982606676,1.204321281
2.54,0.35,0.7,1.09362302,-18.8,-1.09923396,408.658,2.061127661,1.136947896
2.541,0.39,0.78,1.214936767,-17.27,-1.02013588,413.222,2.120546678,1.104075649
2.542,0.42,0.84,1.305427805,-15.75,-0.939836696,418.468,2.188039307,1.045846077
2.543,0.47,0.94,1.455304729,-13.72,-0.8298743071,424.913,2.269808807,1.010674256
2.544,0.53,1.06,1.633603609,-10.81,-0.6666893869,431.066,2.346724519,0.9723627666
2.545,0.63,1.26,1.927002521,-5.69,-0.3631238695,436.681,2.415962832,0.9387012601
2.546,0.79,1.58,2.386649471,1.46,0.09772149724,443.864,2.503249461,0.917599431
2.547,0.97,1.94,2.889347769,6.1,0.4210739205,458.884,2.681293425,0.9313364431
2.548,1.11,2.22,3.269790847,9.71,0.6864961027,460.94,2.705210214,0.9640548272
2.549,1.16,2.32,3.403427379,11.15,0.7958485199,460.131,2.695812131,0.9747302845
2.55,1.15,2.3,3.37679422,10.88,0.7751918079,456.698,2.655746566,0.9842188498
2.551,1.14,2.28,3.350113987,10.45,0.7424402967,451.062,2.589312734,1.0055109
2.552,1.15,2.3,3.37679422,10.86,0.7736645018,434.247,2.386059249,1.068699192
2.553,1.21,2.42,3.535887071,12.48,0.8986415616,430.161,2.335480673,1.093306565
2.554,1.21,2.42,3.535887071,12.48,0.8986415616,426.383,2.28828536,1.10949738
2.555,1.04,2.08,3.080722611,8.06,0.5636483326,424.027,2.2586417,1.091568398
2.556,0.71,1.42,2.158332351,-0.72,-0.04749702857,422.622,2.240885211,0.9840174978
2.557,0.36,0.72,1.124022067,-17.18,-1.015429303,422.642,2.241138387,0.9170382129
2.558,0.16,0.32,0.5070971392,-26.14,-1.455494137,423.072,2.24657876,0.6410150369
2.559,0.14,0.28,0.4443690272,-27.12,-1.500263974,423.555,2.252683102,0.5905870953
2.56,0.19,0.38,0.6008362552,-25.43,-1.422658215,422.865,2.24396048,0.7315653211
2.561,0.25,0.5,0.7870435,-22.95,-1.305277211,420.993,2.220223746,0.860207094
2.562,0.33,0.66,1.032683705,-19.65,-1.142438401,417.941,2.181297509,0.9940555909
2.563,0.43,0.86,1.335497337,-15.26,-0.9135810115,414.364,2.1353118,1.093119163
2.564,0.52,1.04,1.604004813,-11.1,-0.6832501861,411.737,2.1012857,1.131145727
2.565,0.57,1.14,1.751528057,-8.98,-0.5606363342,410.053,2.079359387,1.153289965
2.566,0.56,1.12,1.722117555,-9.14,-0.5700161114,409.94,2.077884862,1.142087171
2.567,0.55,1.1,1.69265998,-9.95,-0.6171845625,411.371,2.09652788,1.144196861
2.568,0.54,1.08,1.663155331,-10.51,-0.6494872388,412.906,2.11645385,1.133737686
2.569,0.53,1.06,1.633603609,-11.01,-0.6781177632,414.349,2.135118126,1.121210159
2.57,0.53,1.06,1.633603609,-10.96,-0.6752636437,415.437,2.149147775,1.108366373
2.571,0.57,1.14,1.751528057,-9.18,-0.5723578229,416.133,2.158103368,1.104545469
2.572,0.64,1.28,1.956083507,-5.21,-0.3335578673,416.811,2.166812959,1.067000177
2.573,0.71,1.42,2.158332351,-1.33,-0.08738173801,417.287,2.172919196,1.03490462
2.574,0.74,1.48,2.244304323,0.15,0.009952714238,420.279,2.211142496,1.0104494
2.575,0.77,1.54,2.329852633,0.88,0.05867371064,424.097,2.259524826,1.005027221
2.576,0.85,1.7,2.55591022,2.97,0.2007962711,428.851,2.319163077,1.014266449
2.577,0.98,1.96,2.916828253,6.18,0.4268227197,434.173,2.385147478,1.037289889
2.578,1.07,2.14,3.162034297,8.53,0.5983766111,439.701,2.452835027,1.036320869
2.579,1.06,2.12,3.134977475,8.34,0.5843122259,445.284,2.520337744,1.009768414
2.58,1,2,2.971648,6.84,0.4744786461,448.386,2.557478449,0.9801088561
2.581,0.98,1.96,2.916828253,6.24,0.4311382393,454.466,2.629535645,0.9530019739
2.582,1,2,2.971648,6.85,0.4752038448,469.853,2.807673399,0.9051961982
2.583,1.04,2.08,3.080722611,7.72,0.5386564538,469.908,2.808299622,0.9204550468
2.584,1.03,2.06,3.053524569,7.63,0.532059276,470.154,2.81109965,0.9133650647
2.585,0.97,1.94,2.889347769,5.99,0.4131790684,468.37,2.790760455,0.9018109574
2.586,0.9,1.8,2.69566632,4.17,0.2841836115,464.494,2.746302271,0.889516211
2.587,0.87,1.74,2.611953881,3.39,0.2298325276,457.31,2.662911056,0.9029330826
2.588,0.84,1.68,2.527817779,2.59,0.1746632724,447.101,2.542124223,0.9304436889
2.589,0.74,1.48,2.244304323,-0.03,-0.001988158449,432.211,2.36091638,0.9514084842
2.59,0.53,1.06,1.633603609,-8.82,-0.5512358423,428.438,2.314008339,0.926724017
2.591,0.26,0.52,0.8179132832,-19.5,-1.134852121,423.633,2.253668244,0.7310524638
2.592,0.04,0.08,0.1279040512,-28.27,-1.551991655,418.147,2.183933834,0.2023983451
2.593,-0.08,-0.16,-0.2580676352,-32.92,-1.752500929,414.448,2.136396244,-0.6722343968
2.594,-0.11,-0.22,-0.3556197128,-34.01,-1.79755415,410.448,2.084510508,-1.239281525
2.595,-0.16,-0.32,-0.5191479808,-35.92,-1.874776576,404.339,2.004283989,-4.008635252
2.596,-0.3,-0.6,-0.98328792,-41.43,-2.085723197,395.435,1.885154414,4.90249733
2.597,-0.5,-1,-1.66235,-48.82,-2.342998286,384.018,1.728415473,2.704842969
2.598,-0.62,-1.24,-2.078825379,-53.54,-2.49331903,372.623,1.56726148,2.2448123
2.599,-0.58,-1.16,-1.939247075,-52.28,-2.454194293,366.793,1.482894503,1.996548434
2.6,-0.46,-0.92,-1.525031229,-48.45,-2.330771418,364.379,1.447567803,1.726704016
2.601,-0.38,-0.76,-1.252653219,-45.82,-2.24192132,365.033,1.45716156,1.596225092
2.602,-0.34,-0.68,-1.117593981,-44.4,-2.192500093,368.188,1.503203215,1.621353608
2.603,-0.31,-0.62,-1.016793825,-43.5,-2.160636602,372.421,1.564360443,1.705239778
2.604,-0.31,-0.62,-1.016793825,-43.46,-2.159210598,376.345,1.620435618,1.887232819
2.605,-0.31,-0.62,-1.016793825,-43.68,-2.167043207,379.817,1.669566176,2.043901045
2.606,-0.28,-0.56,-0.9164173312,-42.48,-2.124009057,382.774,1.711056383,2.219182459
2.607,-0.18,-0.36,-0.5848888032,-39.2,-2.002413015,385.984,1.755735202,2.371063684
2.608,-0.04,-0.08,-0.1286572288,-34.65,-1.823672362,389.021,1.79766534,4.947018824
2.609,0.07,0.14,0.2233378168,-30.73,-1.659768938,392.05,1.839160239,1.244975736
2.61,0.16,0.32,0.5070971392,-27.36,-1.511131026,395.204,1.882028209,1.367217555
2.611,0.28,0.56,0.8795116288,-22.47,-1.282068703,398.065,1.920618942,1.377356978
2.612,0.43,0.86,1.335497337,-16.42,-0.9754446372,401.532,1.967013729,1.346852526
2.613,0.55,1.1,1.69265998,-10.74,-0.6626819535,403.352,1.991208561,1.274088129
2.614,0.64,1.28,1.956083507,-6.1,-0.3882255741,407.16,2.041480365,1.183171232
2.615,0.7,1.4,2.12958088,-3.1,-0.2012830138,409.483,2.07191737,1.138427119
2.616,0.71,1.42,2.158332351,-2.38,-0.1552769498,413.786,2.127843828,1.094174487
2.617,0.69,1.38,2.100782335,-3.56,-0.2304428934,418.307,2.18598057,1.074273516
2.618,0.66,1.32,2.014104259,-5.37,-0.3434346626,422.686,2.24169533,1.061026177
2.619,0.63,1.26,1.927002521,-7.07,-0.4470561776,428.38,2.313284031,1.032565513
2.62,0.62,1.24,1.897874461,-7.66,-0.4824596762,433.94,2.382275617,0.9989780696
2.621,0.65,1.3,1.98511742,-5.73,-0.3655789946,437.507,2.426073017,0.9634181892
2.622,0.74,1.48,2.244304323,-1.06,-0.06976797991,442.072,2.481606333,0.9305367917
2.623,0.83,1.66,2.499678265,1.9,0.1275446522,444.249,2.507887948,0.9484887851
2.624,0.89,1.78,2.667809247,3.32,0.2249820134,445.177,2.519052006,0.9722216374
2.625,0.89,1.78,2.667809247,3.38,0.2291393239,446.034,2.529341267,0.9671299686
2.626,0.87,1.74,2.611953881,2.71,0.1829016744,448.261,2.55598678,0.9536547121
2.627,0.84,1.68,2.527817779,2.03,0.1363892916,458.394,2.6755776,0.8989500505
2.628,0.81,1.62,2.443258015,1.28,0.08557108238,461.595,2.712807217,0.873097828
2.629,0.75,1.5,2.2728675,-0.45,-0.0297390777,457.762,2.668196323,0.8614380634
2.63,0.64,1.28,1.956083507,-5.19,-0.3323217565,452.675,2.608410235,0.8594057416
2.631,0.5,1,1.544666,-10.92,-0.6729789208,434.834,2.393286309,0.8979011602
2.632,0.41,0.82,1.275311199,-14.71,-0.8838935973,429.862,2.331760656,0.8808206469
2.633,0.38,0.76,1.184678941,-15.9,-0.9478379292,424.738,2.267604961,0.8976424721
2.634,0.3,0.6,0.94092168,-18.88,-1.103322625,418.435,2.187617394,0.8677729587
2.635,0.05,0.1,0.15976238,-28.79,-1.575098129,413.207,2.120352469,0.2930052421
2.636,-0.27,-0.54,-0.8830526472,-41.2,-2.077257144,409.844,2.076631849,1412.218062
2.637,-0.38,-0.76,-1.252653219,-45.3,-2.22394333,402.738,1.983058353,5.200213138
2.638,-0.2,-0.4,-0.65081792,-39.16,-2.000893443,393.12,1.853741804,4.42277043
2.639,0.08,0.16,0.2550549248,-29.65,-1.612929428,387.165,1.772079671,1.602604679
2.64,0.17,0.34,0.5383905848,-26.28,-1.461928957,383.623,1.722909644,2.062951821
2.641,0.05,0.1,0.15976238,-31.2,-1.679922391,383.527,1.721570662,3.835990717
2.642,-0.08,-0.16,-0.2580676352,-36.48,-1.897008256,380.389,1.677617153,1.176290341
2.643,-0.12,-0.24,-0.3882312192,-38.23,-1.965308913,381.028,1.68659686,1.392947363
2.644,-0.13,-0.26,-0.4208897992,-38.68,-1.982588323,381.285,1.690204171,1.439509619
2.645,-0.14,-0.28,-0.4535954528,-39.04,-1.996329333,381.723,1.69634644,1.512071067
2.646,-0.11,-0.22,-0.3556197128,-38.07,-1.959137374,382.836,1.711922882,1.438506736
2.647,-0.02,-0.04,-0.0642344672,-34.8,-1.829758262,387.307,1.774041524,1.152875578
2.648,0.12,0.24,0.3814526208,-29.79,-1.619043092,392.77,1.848976505,1.658969936
2.649,0.25,0.5,0.7870435,-24.84,-1.395113547,396.182,1.895251345,1.573653304
2.65,0.34,0.68,1.063176899,-21.25,-1.22235387,401.983,1.973019467,1.416312273
2.651,0.4,0.8,1.24514752,-18.94,-1.106386066,407.75,2.049227234,1.320633382
2.652,0.44,0.88,1.365519795,-17.29,-1.02118097,411.136,2.093470763,1.273461525
2.653,0.49,0.98,1.514925983,-15.13,-0.9065847222,416.944,2.168519815,1.200478528
2.654,0.58,1.16,1.780891485,-10.99,-0.6769763532,421.185,2.222663136,1.152168411
2.655,0.72,1.44,2.187036749,-3.83,-0.2474743014,427.661,2.304296959,1.063308371
2.656,0.89,1.78,2.667809247,2.56,0.1726057065,434.091,2.384136956,1.043440659
2.657,1.05,2.1,3.10787358,6.83,0.4737535413,438.26,2.435273069,1.068355157
2.658,1.2,2.4,3.50948928,10.88,0.7751918079,443.193,2.495155617,1.073124297
2.659,1.32,2.64,3.823155917,14.03,1.020638008,451.299,2.592123029,1.058236589
2.66,1.36,2.72,3.926205107,14.96,1.094984571,463.176,2.731100088,1.02616786
2.661,1.32,2.64,3.823155917,14.1,1.02620387,465.463,2.757451501,1.010439784
2.662,1.24,2.48,3.614798003,11.95,0.857471161,466.712,2.771788195,0.9960153433
2.663,1.17,2.34,3.430013465,10.2,0.7234810798,466.075,2.764481167,0.983386064
2.664,1.13,2.26,3.323386681,9.25,0.6519858091,463.634,2.736387688,0.9808206456
2.665,1.09,2.18,3.216006719,8.18,0.5724951674,451.747,2.597431286,1.014536699
2.666,1.04,2.08,3.080722611,6.76,0.4686804357,448.857,2.563095322,1.016144615
2.667,1.01,2.02,2.998987263,5.95,0.4103110093,452.547,2.606897236,0.9939609795
2.668,1.05,2.1,3.10787358,6.97,0.4839135551,456.422,2.65251238,0.9908965315
2.669,1.11,2.22,3.269790847,8.76,0.6154479405,462.5,2.723286121,0.9793504923
2.67,1.11,2.22,3.269790847,8.6,0.6035668934,476.417,2.88189738,0.9381220379
2.671,1,2,2.971648,5.77,0.3974231805,484.92,2.976541061,0.8807585935
2.672,0.87,1.74,2.611953881,2.47,0.1664378882,483.26,2.958195281,0.8359233674
2.673,0.83,1.66,2.499678265,1.17,0.07816007964,480.977,2.932861109,0.8301762451
2.674,0.82,1.64,2.471491677,1.01,0.06739971161,477.649,2.895714461,0.8340858748
2.675,0.74,1.48,2.244304323,-1.88,-0.123065179,473.124,2.844789723,0.8245890746
2.676,0.59,1.18,1.810207839,-7.95,-0.4997566601,468.673,2.794220381,0.7889459408
2.677,0.49,0.98,1.514925983,-11.7,-0.7173027255,459.482,2.688260801,0.7686241541
2.678,0.46,0.92,1.425423491,-12.82,-0.780110914,441.832,2.47870104,0.8391803704
2.679,0.39,0.78,1.214936767,-15.68,-0.9360969855,437.204,2.422366536,0.8174403944
2.68,0.19,0.38,0.6008362552,-23.54,-1.333585162,432.941,2.369944853,0.5797564884
2.681,-0.09,-0.18,-0.2905379208,-34.18,-1.804515842,426.059,2.284218455,-0.6056625762
2.682,-0.29,-0.58,-0.9498290888,-41.68,-2.09489284,419.204,2.197440603,-9.262309269
2.683,-0.35,-0.7,-1.15128818,-43.86,-2.173432812,409.987,2.078498209,12.12717126
2.684,-0.31,-0.62,-1.016793825,-42.8,-2.135559514,401.717,1.969478096,6.122261232
2.685,-0.23,-0.46,-0.7500646472,-39.95,-2.030739225,399.455,1.939268023,8.200008704
2.686,-0.1,-0.2,-0.32305528,-35.78,-1.869189884,397.178,1.908684346,-8.179761339
2.687,0.05,0.1,0.15976238,-30.25,-1.63904284,398.817,1.9307163,0.5477439732
2.688,0.24,0.48,0.7561266432,-23.23,-1.318741538,400.773,1.956891267,1.184873407
2.689,0.4,0.8,1.24514752,-16.52,-0.9807303901,412.378,2.109608206,1.102995827
2.69,0.48,0.96,1.485138893,-12.94,-0.7867822989,416.151,2.158334779,1.082815944
2.691,0.47,0.94,1.455304729,-13.41,-0.8128043309,418.541,2.188972511,1.057504998
2.692,0.42,0.84,1.305427805,-15.41,-0.9216377426,419.57,2.20210956,1.019489681
2.693,0.36,0.72,1.124022067,-17.46,-1.030052276,419.802,2.20506701,0.9566025303
2.694,0.26,0.52,0.8179132832,-21.58,-1.238609678,419.719,2.204009144,0.8472278176
2.695,0.09,0.18,0.2867249592,-28.1,-1.544399488,419.34,2.199175992,0.4378974467
2.696,-0.07,-0.14,-0.2256444232,-34.19,-1.80492481,419.986,2.207411411,-0.5606259262
2.697,-0.12,-0.24,-0.3882312192,-36.37,-1.892655812,420.322,2.211689842,-1.21689595
2.698,-0.08,-0.16,-0.2580676352,-35,-1.837851888,421.808,2.230570795,-0.6571306613
2.699,-0.07,-0.14,-0.2256444232,-34.49,-1.817165885,421.802,2.230494693,-0.5459199041
2.7,-0.13,-0.26,-0.4208897992,-36.85,-1.91159652,421.84,2.230976651,-1.317833384
2.701,-0.21,-0.42,-0.6838530888,-39.99,-2.032241151,420.863,2.218571445,-3.670112231
2.702,-0.26,-0.52,-0.8497350368,-41.8,-2.099282249,419.499,2.201204152,-8.337118984
2.703,-0.29,-0.58,-0.9498290888,-42.96,-2.141314298,414.827,2.141286419,34069.47032
2.704,-0.3,-0.6,-0.98328792,-43.27,-2.152425566,407.654,2.04796749,9.413230239
2.705,-0.21,-0.42,-0.6838530888,-40.55,-2.053175126,402.226,1.976252582,8.890151786
2.706,-0.06,-0.12,-0.1932682848,-35.35,-1.851958417,397.686,1.91552275,-3.040514639
2.707,0.1,0.2,0.31834792,-29.57,-1.609430277,396.78,1.903320586,1.083220202
2.708,0.23,0.46,0.7251627128,-24.82,-1.394175695,396.375,1.897856963,1.439725398
2.709,0.32,0.64,1.002143437,-21.2,-1.219884144,395.368,1.884247867,1.508425884
2.71,0.42,0.84,1.305427805,-16.95,-1.003374068,393.893,1.86425129,1.516392548
2.711,0.5,1,1.544666,-13.31,-0.807282055,392.032,1.838914602,1.497302509
2.712,0.52,1.04,1.604004813,-12.39,-0.7561130555,388.966,1.7969089,1.54113299
2.713,0.51,1.02,1.574358943,-12.71,-0.7739856404,386.855,1.767794252,1.584167137
2.714,0.51,1.02,1.574358943,-12.83,-0.7806672903,383.858,1.726185947,1.665074435
2.715,0.48,0.96,1.485138893,-14.29,-0.8610680197,381.408,1.691929767,1.787468129
2.716,0.38,0.76,1.184678941,-18.17,-1.066872416,381.064,1.687102311,1.910064236
2.717,0.28,0.56,0.8795116288,-22.38,-1.277699216,382.449,1.706511956,2.051038941
2.718,0.2,0.4,0.63198848,-25.69,-1.434721931,382.89,1.71267746,2.273703576
2.719,0.15,0.3,0.47575662,-27.79,-1.530506376,384.121,1.72985024,2.38661282
2.72,0.14,0.28,0.4443690272,-28.37,-1.556448844,385.9,1.754570778,2.242906771
2.721,0.14,0.28,0.4443690272,-28.13,-1.545740651,387.719,1.779729592,1.899102693
2.722,0.19,0.38,0.6008362552,-26.25,-1.460551169,390.496,1.817911876,1.681315946
2.723,0.32,0.64,1.002143437,-21.41,-1.230245092,394.375,1.87079399,1.564507316
2.724,0.4,0.8,1.24514752,-17.74,-1.044617259,399.795,1.943819791,1.384724215
2.725,0.32,0.64,1.002143437,-21.41,-1.230245092,402.59,1.98109195,1.3346842
2.726,0.11,0.22,0.3499238072,-30.08,-1.631667319,405.471,2.019241088,0.902857303
2.727,-0.06,-0.12,-0.1932682848,-37.09,-1.921016643,407.61,2.047390008,-1.529343496
2.728,-0.08,-0.16,-0.2580676352,-38.2,-1.964152861,410.475,2.084862429,-2.137921945
2.729,0.01,0.02,0.0320466232,-35.08,-1.84108266,414.383,2.13555711,0.1088264982
2.73,0.08,0.16,0.2550549248,-32.61,-1.739555083,418.348,2.18650492,0.5706567131
2.731,0.13,0.26,0.4129343608,-30.71,-1.658908259,422.198,2.235515073,0.7161454757
2.732,0.32,0.64,1.002143437,-23.54,-1.333585162,426.527,2.290091881,1.047711863
2.733,0.73,1.46,2.215694073,-5.16,-0.33046696,431.296,2.349578309,1.097361012
2.734,1.23,2.46,3.588541433,10.48,0.7447194677,437.041,2.420371557,1.13378775
2.735,1.59,3.18,4.504121599,18.68,1.401132551,443.675,2.500970913,1.154280413
2.736,1.7,3.4,4.77171368,20.8,1.581989574,450.496,2.582595251,1.145783765
2.737,1.64,3.28,4.626460467,19.54,1.473933415,463.131,2.730580282,1.100355666
2.738,1.6,3.2,4.52868352,18.83,1.413775067,469.964,2.808937155,1.072458477
2.739,1.67,3.34,4.699298905,20.27,1.536334569,472.315,2.835633869,1.074870272
2.74,1.76,3.52,4.915272243,21.88,1.675939444,474.397,2.859165245,1.083827735
2.741,1.76,3.52,4.915272243,21.91,1.6785668,475.926,2.876380775,1.079106216
2.742,1.67,3.34,4.699298905,20.28,1.537193253,476.778,2.885949751,1.062434314
2.743,1.56,3.12,4.430153395,18.22,1.362507385,476.877,2.88706053,1.042495021
2.744,1.49,2.98,4.255913343,17.05,1.265247458,476.255,2.880077866,1.026677766
2.745,1.49,2.98,4.255913343,17.05,1.265247458,475.121,2.867323912,1.029846302
2.746,1.51,3.02,4.305931583,17.44,1.297511257,474.76,2.863257402,1.034888487
2.747,1.51,3.02,4.305931583,17.32,1.28756734,475.248,2.868753778,1.035995887
2.748,1.46,2.92,4.180532931,16.44,1.21509526,474.553,2.860924241,1.025641052
2.749,1.38,2.76,3.977447261,14.97,1.09578871,472.881,2.842041218,1.010060702
2.75,1.31,2.62,3.797275935,13.14,0.9502973436,470.521,2.815274206,1.008419541
2.751,1.29,2.58,3.745374751,12.7,0.9158123613,467.897,2.785354838,1.011944219
2.752,1.33,2.66,3.848988825,13.84,1.005555305,465.941,2.762942781,1.021358838
2.753,1.39,2.78,4.002997727,15.09,1.105446223,464.899,2.750964992,1.038011121
2.754,1.39,2.78,4.002997727,15.22,1.115924885,464.883,2.750780863,1.035247569
2.755,1.34,2.68,3.874774659,13.99,1.017459711,465.193,2.754347239,1.027299305
2.756,1.25,2.5,3.6410075,11.66,0.8350606483,464.39,2.745104275,1.01699435
2.757,1.16,2.32,3.403427379,9.55,0.674469466,462.653,2.725055667,1.00114788
2.758,1.11,2.22,3.269790847,8.27,0.5791392686,460.168,2.696242317,0.9982931032
2.759,1.08,2.16,3.189044045,7.37,0.5130437536,455.314,2.639509048,1.011575141
2.76,1.01,2.02,2.998987263,5.69,0.3917049323,444.312,2.50864659,1.034008202
2.761,0.91,1.82,2.723476319,3,0.2028649755,444.199,2.507285774,1.004916911
2.762,0.81,1.62,2.443258015,0.48,0.03191873829,444.884,2.515529663,0.9591000996
2.763,0.77,1.54,2.329852633,-1.15,-0.07564630481,446.491,2.534819994,0.9474128011
2.764,0.78,1.56,2.358274589,-0.91,-0.05995503512,449.089,2.565859854,0.9410870562
2.765,0.77,1.54,2.329852633,-1.46,-0.09583975751,453.899,2.622856721,0.9219774409
2.766,0.72,1.44,2.187036749,-3.72,-0.240543081,468.578,2.793135827,0.8567903174
2.767,0.69,1.38,2.100782335,-5.67,-0.3618958053,470.531,2.815387908,0.8562417351
2.768,0.66,1.32,2.014104259,-6.96,-0.4404238199,471.567,2.827154417,0.8438758281
2.769,0.6,1.2,1.83947712,-10.16,-0.6293274337,470.731,2.817661452,0.840583341
2.77,0.5,1,1.544666,-15.1,-0.9049683735,468.326,2.790257837,0.819325642
2.771,0.45,0.9,1.39549518,-17.33,-1.023270261,464.363,2.744793212,0.8106166573
2.772,0.53,1.06,1.633603609,-13.95,-0.8424912778,455.741,2.644524003,0.9065338191
2.773,0.69,1.38,2.100782335,-6.35,-0.403462751,448.418,2.557860249,0.9751136163
2.774,0.81,1.62,2.443258015,0.33,0.02192222892,449.092,2.565895593,0.9441383372
2.775,0.88,1.76,2.639905101,2.01,0.135027589,451.684,2.59668513,0.9663919204
2.776,0.95,1.9,2.83424558,3.8,0.2583323737,455.373,2.640202261,0.9778201532
2.777,1.05,2.1,3.10787358,6.43,0.4448262407,459.859,2.692648618,0.990565254
2.778,1.15,2.3,3.37679422,9.07,0.6385370409,465.572,2.758704193,0.9939812889
2.779,1.21,2.42,3.535887071,10.57,0.7515622124,479.188,2.912924617,0.9649064755
2.78,1.21,2.42,3.535887071,10.71,0.7622220918,484.951,2.976883066,0.9456506095
2.781,1.18,2.36,3.456552477,9.79,0.6925186578,486.908,2.998429327,0.936494497
2.782,1.08,2.16,3.189044045,7.42,0.5166956286,488.766,3.018805625,0.9020061983
2.783,0.96,1.92,2.861820211,4.2,0.286285154,490.296,3.035526745,0.8615238605
2.784,0.87,1.74,2.611953881,2.04,0.1370702779,491.577,3.049486501,0.8196790648
2.785,0.88,1.76,2.639905101,2.24,0.1507089033,492.857,3.063399072,0.8213492269
2.786,0.95,1.9,2.83424558,3.97,0.2701944075,490.875,3.041840936,0.8557413452
2.787,1,2,2.971648,5.11,0.3504252631,489.109,3.022558763,0.8810145488
2.788,0.97,1.94,2.889347769,4.36,0.2975073278,487.698,3.007102578,0.8743385306
2.789,0.89,1.78,2.667809247,2.49,0.1678078821,486.387,2.99270167,0.8441073199
2.79,0.83,1.66,2.499678265,0.99,0.0660562702,484.1,2.96748655,0.8240128499
2.791,0.81,1.62,2.443258015,0.38,0.02525218363,480.244,2.92470159,0.8282360344
2.792,0.8,1.6,2.41497728,0.04,0.002652113866,474.821,2.863944758,0.8424544461
2.793,0.75,1.5,2.2728675,-2.14,-0.1398422971,462.814,2.726917105,0.8785472661
2.794,0.63,1.26,1.927002521,-7.65,-0.4818619997,450.714,2.585183549,0.9161711491
2.795,0.44,0.88,1.365519795,-15.66,-0.9350278181,444.834,2.514928349,0.8643074477
2.796,0.32,0.64,1.002143437,-20.79,-1.199565442,439.156,2.446199703,0.8038792676
2.797,0.39,0.78,1.214936767,-18.27,-1.072028563,435.77,2.404790051,0.9115935429
2.798,0.54,1.08,1.663155331,-11.41,-0.7008794776,432.464,2.364047151,0.9999925789
2.799,0.58,1.16,1.780891485,-9.34,-0.5817117538,424.909,2.269758443,1.055001319
2.8,0.38,0.76,1.184678941,-17.69,-1.042020615,414.64,2.138874147,1.080070315
2.801,-0.02,-0.04,-0.0642344672,-33.6,-1.780692295,407.045,2.039969075,-0.2477447741
2.802,-0.34,-0.68,-1.117593981,-45.78,-2.240543281,399.62,1.941477453,3.736949781
2.803,-0.4,-0.8,-1.32046528,-48.13,-2.32014323,396.528,1.899921654,3.142307193
2.804,-0.29,-0.58,-0.9498290888,-44.55,-2.197769656,394.46,1.871946956,2.915171623
2.805,-0.14,-0.28,-0.4535954528,-39.72,-2.022085888,394.986,1.87907626,3.171782628
2.806,-0.09,-0.18,-0.2905379208,-37.95,-1.954499134,395.754,1.889468554,4.467712312
2.807,-0.12,-0.24,-0.3882312192,-39.12,-1.999372973,397.137,1.908132047,4.25501182
2.808,-0.12,-0.24,-0.3882312192,-39.41,-2.01037604,398.384,1.924904591,4.542232801
2.809,-0.08,-0.16,-0.2580676352,-37.94,-1.954112242,400.772,1.956877917,-93.31090444
2.81,0.03,0.06,0.0959986488,-34.25,-1.807377356,404.773,2.010023368,0.4737258235
2.811,0.19,0.38,0.6008362552,-28.32,-1.554221063,406.09,2.027402275,1.269780457
2.812,0.37,0.74,1.154374041,-21.6,-1.239592405,407.252,2.04268909,1.437403569
2.813,0.5,1,1.544666,-15.94,-0.949968731,409.351,2.070192478,1.378890605
2.814,0.59,1.18,1.810207839,-12.04,-0.736473308,412.601,2.112500522,1.315532005
2.815,0.63,1.26,1.927002521,-9.85,-0.6113898286,416.03,2.156778988,1.246936741
2.816,0.65,1.3,1.98511742,-9.03,-0.5635697383,419.757,2.204493494,1.209756037
2.817,0.64,1.28,1.956083507,-9.59,-0.5962859644,423.834,2.256206042,1.178420295
2.818,0.62,1.24,1.897874461,-10.58,-0.6535074781,428.684,2.317079313,1.140843107
2.819,0.63,1.26,1.927002521,-9.95,-0.6171845625,433.327,2.374712662,1.096427717
2.82,0.7,1.4,2.12958088,-6.67,-0.4228905923,438.19,2.434418485,1.058688218
2.821,0.8,1.6,2.41497728,-1.24,-0.08151755551,442.935,2.492040265,1.001847969
2.822,0.88,1.76,2.639905101,1.62,0.1085462017,448.835,2.562833094,0.9882179984
2.823,0.93,1.86,2.778955097,2.74,0.1849633106,456.05,2.648150163,0.9808837953
2.824,0.94,1.88,2.806623875,3.02,0.2042445655,467.894,2.785320536,0.9388067429
2.825,0.94,1.88,2.806623875,3.01,0.2035547251,478.059,2.900304775,0.9042367654
2.826,0.94,1.88,2.806623875,3.12,0.2111479618,480.272,2.925013506,0.8949232698
2.827,0.94,1.88,2.806623875,3.19,0.2159857435,480.757,2.930413447,0.8920113772
2.828,0.93,1.86,2.778955097,2.89,0.1952837167,480.509,2.927652921,0.8898531796
2.829,0.9,1.8,2.69566632,2.14,0.143885089,479.419,2.915503046,0.8811128896
2.83,0.87,1.74,2.611953881,1.39,0.09299289374,478.812,2.908725034,0.8701530068
2.831,0.87,1.74,2.611953881,1.27,0.08489690838,478.774,2.908300425,0.8726300306
2.832,0.87,1.74,2.611953881,1.36,0.09096769082,479.035,2.911216142,0.8700179689
2.833,0.84,1.68,2.527817779,0.49,0.03258588131,478.237,2.902296418,0.8613012452
2.834,0.77,1.54,2.329852633,-2.59,-0.1687414774,475.398,2.870442103,0.8623652119
2.835,0.69,1.38,2.100782335,-6.13,-0.390056781,471.739,2.829105428,0.8613121915
2.836,0.64,1.28,1.956083507,-8.37,-0.5246856107,467.723,2.783364928,0.8660297602
2.837,0.6,1.2,1.83947712,-10.01,-0.6206575565,462.277,2.720705932,0.8759213081
2.838,0.54,1.08,1.663155331,-12.98,-0.7890036076,447.769,2.55011153,0.9443801314
2.839,0.43,0.86,1.335497337,-18.06,-1.061192178,443.425,2.49795547,0.9295179968
2.84,0.32,0.64,1.002143437,-22.64,-1.290306744,440.173,2.45857494,0.8578025492
2.841,0.31,0.62,0.9715560952,-23.27,-1.320660578,437.829,2.430009106,0.8757897729
2.842,0.39,0.78,1.214936767,-19.99,-1.159573893,435.491,2.401363638,0.9783755838
2.843,0.51,1.02,1.574358943,-14.96,-0.8974163772,433.33,2.374749701,1.065676187
2.844,0.56,1.12,1.722117555,-12.4,-0.7566727833,430.421,2.338713369,1.088541957
2.845,0.51,1.02,1.574358943,-14.95,-0.896876379,427.684,2.304584679,1.118384358
2.846,0.4,0.8,1.24514752,-19.92,-1.156052802,424.591,2.265753028,1.122057552
2.847,0.31,0.62,0.9715560952,-23.94,-1.352640305,423.495,2.251925178,1.080365215
2.848,0.31,0.62,0.9715560952,-24.14,-1.362126651,423.882,2.256811905,1.085919423
2.849,0.38,0.76,1.184678941,-21.15,-1.217412646,425.136,2.272615822,1.122702213
2.85,0.41,0.82,1.275311199,-19.87,-1.153535578,426.478,2.289477231,1.122690762
2.851,0.36,0.72,1.124022067,-22.3,-1.273810472,427.689,2.304647225,1.090397741
2.852,0.34,0.68,1.063176899,-23.41,-1.327368501,428.418,2.313758588,1.077846294
2.853,0.44,0.88,1.365519795,-19.09,-1.114033214,428.821,2.318788808,1.133441341
2.854,0.65,1.3,1.98511742,-9.8,-0.6084894545,429.819,2.331225457,1.152305064
2.855,0.81,1.62,2.443258015,-1.2,-0.07890898373,431.389,2.3507318,1.075461518
2.856,0.86,1.72,2.583955587,0.77,0.05130192003,434.795,2.392806449,1.057218092
2.857,0.88,1.76,2.639905101,1.25,0.08354882834,439.447,2.449743625,1.042084619
2.858,0.93,1.86,2.778955097,2.52,0.1698635505,443.068,2.493646467,1.043343212
2.859,0.97,1.94,2.889347769,3.55,0.2409361762,446.516,2.535119543,1.040810438
2.86,0.97,1.94,2.889347769,3.57,0.242325773,450.666,2.584613756,1.022076256
2.861,1,2,2.971648,4.41,0.3010190778,460.706,2.702493553,0.9893908785
2.862,1.08,2.16,3.189044045,6.24,0.4311382393,450.619,2.584055775,1.057657991
2.863,1.08,2.16,3.189044045,6.26,0.4325774929,444.285,2.508321471,1.084377289
2.864,1,2,2.971648,4.41,0.3010190778,443.345,2.496990169,1.062057963
2.865,0.94,1.88,2.806623875,2.69,0.1815277028,443.163,2.49479346,1.048687248
2.866,0.96,1.92,2.861820211,3.1,0.2097665561,443.774,2.502164559,1.055270244
2.867,1.04,2.08,3.080722611,5.27,0.3617816212,445.235,2.519748987,1.069127152
2.868,1.06,2.12,3.134977475,5.79,0.3988536725,447.117,2.542315675,1.065894923
2.869,1.01,2.02,2.998987263,4.37,0.298209494,449.046,2.56534757,1.047294395
2.87,0.95,1.9,2.83424558,2.88,0.1945950554,451.311,2.592265283,1.017003092
2.871,0.86,1.72,2.583955587,0.67,0.04460962798,453.929,2.623210312,0.9685644629
2.872,0.72,1.44,2.187036749,-5.4,-0.3452841702,457.251,2.662220779,0.9439346508
2.873,0.53,1.06,1.633603609,-13.96,-0.8430389189,466.232,2.766283041,0.8494000268
2.874,0.36,0.72,1.124022067,-21.39,-1.22925968,467.601,2.781969261,0.7239100478
2.875,0.27,0.54,0.8487359928,-25.32,-1.417540621,452.899,2.611056954,0.7111222271
2.876,0.22,0.44,0.6941517088,-27.69,-1.526011312,447.233,2.543703499,0.6820841487
2.877,0.15,0.3,0.47575662,-30.44,-1.647264359,441.775,2.478010801,0.5726857149
2.878,0.08,0.16,0.2550549248,-33.47,-1.775324561,437.749,2.429031466,0.3901670964
2.879,0.06,0.12,0.1915736352,-34.2,-1.805333719,435.632,2.403095541,0.3204848957
2.88,0.17,0.34,0.5383905848,-30.45,-1.647696437,434.13,2.384617594,0.7305945553
2.881,0.34,0.68,1.063176899,-24.07,-1.358809549,433.192,2.373045647,1.048253855
2.882,0.47,0.94,1.455304729,-18.78,-1.098211065,431.769,2.35544241,1.157547284
2.883,0.51,1.02,1.574358943,-16.74,-0.9923327507,430.214,2.336139804,1.171566215
2.884,0.51,1.02,1.574358943,-16.83,-0.9970687654,428.736,2.317728237,1.192100596
2.885,0.55,1.1,1.69265998,-15.22,-0.9114296718,427.41,2.30115605,1.217980752
2.886,0.64,1.28,1.956083507,-10.92,-0.6729789208,425.819,2.281203939,1.216299638
2.887,0.73,1.46,2.215694073,-6.48,-0.4113655559,424.842,2.268914785,1.192805035
2.888,0.78,1.56,2.358274589,-3.85,-0.2487334161,425.94,2.28272397,1.159432419
2.889,0.8,1.6,2.41497728,-2.67,-0.1738608231,427.574,2.303208486,1.134139493
2.89,0.83,1.66,2.499678265,-1.2,-0.07890898373,429.814,2.331163222,1.109856171
2.891,0.87,1.74,2.611953881,0.6,0.03993030927,432.64,2.366224,1.085530496
2.892,0.91,1.82,2.723476319,1.62,0.1085462017,436.259,2.410790196,1.081029243
2.893,0.94,1.88,2.806623875,2.22,0.1493434198,440.681,2.46474577,1.073652684
2.894,0.96,1.92,2.861820211,2.9,0.1959724686,445.542,2.523436666,1.052368389
2.895,1.01,2.02,2.998987263,4.02,0.2736882735,450.518,2.582856512,1.049865305
2.896,1.03,2.06,3.053524569,4.53,0.3094566527,456.459,2.652946062,1.030759442
2.897,0.97,1.94,2.889347769,3.07,0.2076951287,471.616,2.827710301,0.9518819927
2.898,0.86,1.72,2.583955587,0.11,0.007296713423,471.904,2.830976368,0.9103971016
2.899,0.76,1.52,2.301383603,-5.35,-0.3422012381,470.839,2.818888764,0.9292183934
2.9,0.74,1.48,2.244304323,-6.66,-0.4222847572,468.81,2.795784036,0.945567729
2.901,0.79,1.58,2.386649471,-4,-0.2581659283,465.951,2.763057601,0.952795483
2.902,0.86,1.72,2.583955587,0.1,0.00663293416,461.002,2.705929782,0.9525883297
2.903,0.93,1.86,2.778955097,1.94,0.1302644618,448.808,2.562511251,1.032003922
2.904,0.98,1.96,2.916828253,3.13,0.2118388009,447.697,2.549251196,1.056404629
2.905,0.96,1.92,2.861820211,2.58,0.1739773267,446.833,2.53891638,1.054895813
2.906,0.86,1.72,2.583955587,-0.03,-0.001988158449,446.907,2.53980232,1.018181562
2.907,0.72,1.44,2.187036749,-6.7,-0.4247076006,447.824,2.550768637,1.028680133
2.908,0.59,1.18,1.810207839,-12.73,-0.7751000269,449.02,2.565037793,1.011324457
2.909,0.5,1,1.544666,-16.71,-0.9907527374,450.37,2.581098691,0.9712767191
2.91,0.45,0.9,1.39549518,-18.76,-1.097187879,451.222,2.591210141,0.934052467
2.911,0.44,0.88,1.365519795,-19.05,-1.111995574,450.08,2.577652636,0.9316775597
2.912,0.48,0.96,1.485138893,-17.68,-1.041501064,446.149,2.530720468,0.9972599663
2.913,0.52,1.04,1.604004813,-15.93,-0.9494361434,441.603,2.475927435,1.050778882
2.914,0.52,1.04,1.604004813,-15.84,-0.9446394691,437.46,2.425498253,1.083158523
2.915,0.47,0.94,1.455304729,-18.02,-1.059124433,434.332,2.387106361,1.095876907
2.916,0.39,0.78,1.214936767,-21.46,-1.232707384,431.755,2.355268935,1.082289668
2.917,0.32,0.64,1.002143437,-24.76,-1.391360512,429.738,2.330217147,1.067408376
2.918,0.24,0.48,0.7561266432,-27.99,-1.539476864,427.167,2.298113492,0.9966914524
2.919,0.17,0.34,0.5383905848,-31.08,-1.67479003,424.567,2.265450611,0.9115058673
2.92,0.13,0.26,0.4129343608,-32.57,-1.737880348,421.666,2.228769435,0.8411968643
2.921,0.16,0.32,0.5070971392,-31.61,-1.697389917,420.728,2.216855053,0.9761909007
2.922,0.24,0.48,0.7561266432,-28.85,-1.577752985,420.541,2.214476622,1.187527207
2.923,0.31,0.62,0.9715560952,-26,-1.449046214,421.695,2.229137368,1.245439192
2.924,0.39,0.78,1.214936767,-23.03,-1.309129711,423.599,2.253238845,1.286860516
2.925,0.53,1.06,1.633603609,-17.22,-1.017521857,426.195,2.285925928,1.287920503
2.926,0.72,1.44,2.187036749,-8.15,-0.5116455393,428.469,2.314395428,1.213167041
2.927,0.89,1.78,2.667809247,0.45,0.02991784121,430.601,2.340950246,1.125245754
2.928,0.97,1.94,2.889347769,2.36,0.1589093763,431.261,2.349144134,1.15202796
2.929,0.97,1.94,2.889347769,2.52,0.1698635505,430.548,2.340291707,1.15106337
2.93,1,2,2.971648,3.16,0.2139118633,429.94,2.332731345,1.166888236
2.931,1.07,2.14,3.162034297,5.09,0.3490073834,430.22,2.336214418,1.177569129
2.932,1.15,2.3,3.37679422,7.06,0.4904547193,432.471,2.364133747,1.182935565
2.933,1.2,2.4,3.50948928,8.25,0.5776621365,436.637,2.415423738,1.172532105
2.934,1.22,2.44,3.562237789,8.78,0.6169347889,441.476,2.474388614,1.152334235
2.935,1.22,2.44,3.562237789,8.98,0.6318242889,447.324,2.544791971,1.121393803
2.936,1.22,2.44,3.562237789,8.85,0.6221417664,453.425,2.617266876,1.099656815
2.937,1.2,2.4,3.50948928,8.22,0.5754471511,460.005,2.694346912,1.073305906
2.938,1.15,2.3,3.37679422,7.09,0.4926368002,468.422,2.791354397,1.028259218
2.939,1.13,2.26,3.323386681,6.37,0.4405000682,484.882,2.9761218,0.9727112946
2.94,1.16,2.32,3.403427379,7.22,0.5021022725,493.919,3.07491476,0.951470834
2.941,1.26,2.52,3.667169923,9.95,0.7045822624,498.991,3.12957316,0.9564479055
2.942,1.42,2.84,4.079366685,14.34,1.045323983,502.459,3.16662718,0.9685218387
2.943,1.61,3.22,4.553198367,17.91,1.336600617,504.592,3.189290515,1.00603356
2.944,1.76,3.52,4.915272243,20.91,1.591502177,504.033,3.183360362,1.02940602
2.945,1.84,3.68,5.104047539,22.37,1.718972778,501.851,3.160149498,1.046099534
2.946,1.8,3.6,5.01003648,21.77,1.666313985,500.327,3.143878125,1.041546027
2.947,1.69,3.38,4.747622495,19.57,1.476486873,499.321,3.133110131,1.029943071
2.948,1.56,3.12,4.430153395,17.15,1.273505381,500.576,3.146540021,1.002286853
2.949,1.47,2.94,4.205706809,15.48,1.136933309,502.585,3.167968614,0.9769576366
2.95,1.43,2.86,4.104728857,14.73,1.076517106,504.126,3.184347409,0.9633558736
2.951,1.46,2.92,4.180532931,15.3,1.122381755,503.874,3.181672409,0.9713011901
2.952,1.47,2.94,4.205706809,15.63,1.149084592,500.537,3.146123185,0.9791625987
2.953,1.43,2.86,4.104728857,14.92,1.09176902,494.531,3.081539679,0.9835670335
2.954,1.35,2.7,3.90051342,12.91,0.9322472266,488.086,3.011357208,0.9890731905
2.955,1.17,2.34,3.430013465,7.98,0.5577580344,482.529,2.950096513,0.9778094898
2.956,0.99,1.98,2.944261663,3.26,0.220827979,479.948,2.921403083,0.9369971862
2.957,0.93,1.86,2.778955097,1.81,0.1214303351,479.866,2.920488947,0.9135532007
2.958,1,2,2.971648,3.56,0.241630929,480.328,2.925637282,0.938236929
2.959,1.17,2.34,3.430013465,7.83,0.5467300784,480.797,2.93085856,0.9863194936
2.96,1.24,2.48,3.614798003,9.71,0.6864961027,480.609,2.928766208,0.9998715702
2.961,1.2,2.4,3.50948928,8.71,0.6117324897,479.855,2.920366308,0.9935988434
2.962,1.23,2.46,3.588541433,9.4,0.6632168394,477.602,2.895188003,1.008469129
2.963,1.24,2.48,3.614798003,9.72,0.6872485852,474.271,2.857744094,1.019691246
2.964,1.11,2.22,3.269790847,6.41,0.4433838091,470.265,2.812362598,1.004313739
2.965,0.9,1.8,2.69566632,0.82,0.05465139965,464.954,2.751597888,0.9605940327
2.966,0.76,1.52,2.301383603,-6.4,-0.4065039518,454.048,2.62461266,1.037543198
2.967,0.81,1.62,2.443258015,-3.59,-0.2323383421,444.631,2.512486319,1.071534848
2.968,0.96,1.92,2.861820211,2.05,0.1377513541,442.757,2.489889856,1.089121376
2.969,0.98,1.96,2.916828253,2.56,0.1726057065,442.12,2.482187202,1.098702744
2.97,0.86,1.72,2.583955587,-1.1,-0.07238144249,441.259,2.471758267,1.076927793
2.971,0.69,1.38,2.100782335,-10.04,-0.6223929723,440.189,2.458769405,1.143982409
2.972,0.55,1.1,1.69265998,-16.8,-0.9954907644,438.556,2.43888523,1.172693966
2.973,0.57,1.14,1.751528057,-16.06,-0.9563539179,436.396,2.412470013,1.202876655
2.974,0.72,1.44,2.187036749,-9,-0.5618099385,434.685,2.391452767,1.195335349
2.975,0.88,1.76,2.639905101,-0.34,-0.02248599305,434.093,2.384161605,1.117810205
2.976,0.97,1.94,2.889347769,1.96,0.1316249058,434.098,2.384223227,1.148458737
2.977,0.99,1.98,2.944261663,2.59,0.1746632724,435.003,2.395365205,1.145614412
2.978,1.1,2.2,3.24292232,5.29,0.3632028321,436.934,2.419061565,1.165569427
2.979,1.39,2.78,4.002997727,13.27,0.9605227547,439.438,2.449634054,1.173845648
2.98,1.71,3.42,4.795757791,19.75,1.491827347,443.581,2.499837306,1.201443059
2.981,1.81,3.62,5.033609855,21.69,1.659321717,449.684,2.572943401,1.18934181
2.982,1.7,3.4,4.77171368,19.67,1.485005183,457.84,2.669107855,1.148672084
2.983,1.58,3.16,4.479512605,17.35,1.290051935,469.052,2.798544997,1.095611203
2.984,1.62,3.24,4.577666141,18.04,1.347452685,486.317,2.991931651,1.054911431
2.985,1.77,3.54,4.939033913,21,1.599294702,488.99,3.021256952,1.068927323
2.986,1.84,3.68,5.104047539,22.32,1.71456991,488.391,3.014699325,1.079246557
2.987,1.77,3.54,4.939033913,21.1,1.607963086,485.782,2.986042847,1.075103947
2.988,1.67,3.34,4.699298905,19.21,1.445907278,484.312,2.969828942,1.0642164
2.989,1.58,3.16,4.479512605,17.6,1.310792792,482.655,2.951493345,1.050964778
2.99,1.51,3.02,4.305931583,16.28,1.202003341,481.808,2.942096507,1.039051119
2.991,1.45,2.9,4.15531198,15.06,1.103030487,482.012,2.944361245,1.026664147
2.992,1.36,2.72,3.926205107,13.01,0.9400886718,482.036,2.944627622,1.010680011
2.993,1.25,2.5,3.6410075,9.93,0.7030729625,481.889,2.942995856,0.9986118423
2.994,1.12,2.24,3.296612301,6.48,0.448433957,481.795,2.941952153,0.9723412596
2.995,1.01,2.02,2.998987263,3.54,0.2402415146,481.506,2.938742045,0.9433792931
2.996,0.94,1.88,2.806623875,1.68,0.1126113781,479.438,2.915715069,0.9267903985
2.997,0.9,1.8,2.69566632,0.8,0.05331134101,475.683,2.873648455,0.9209782532
2.998,0.87,1.74,2.611953881,-0.09,-0.005962092718,463.136,2.730638041,0.9586291841
2.999,0.81,1.62,2.443258015,-2.94,-0.191097962,459.735,2.691205807,0.9772610489
3,0.74,1.48,2.244304323,-6.35,-0.403462751,454.589,2.630983412,1.007534683
3.001,0.69,1.38,2.100782335,-8.95,-0.5588753209,450.995,2.588517995,1.035050338
3.002,0.67,1.34,2.043044025,-9.6,-0.5968678865,447.672,2.548952436,1.046596073
3.003,0.71,1.42,2.158332351,-7.79,-0.4902220126,445.778,2.526269768,1.060059788
3.004,0.74,1.48,2.244304323,-6.11,-0.3888360597,443.595,2.500006156,1.063061819
3.005,0.68,1.36,2.071936717,-8.85,-0.5530000139,441.605,2.475951665,1.077477281
3.006,0.5,1,1.544666,-17,-1.005998115,439.673,2.45249433,1.067867295
3.007,0.3,0.6,0.94092168,-25.78,-1.438887238,437.991,2.43198828,0.9474581541
3.008,0.25,0.5,0.7870435,-27.86,-1.533649024,436.138,2.409306124,0.8988033095
3.009,0.39,0.78,1.214936767,-22.49,-1.283038931,434.431,2.388325681,1.099205041
3.01,0.56,1.12,1.722117555,-15.26,-0.9135810115,432.647,2.36631056,1.185435759
3.011,0.58,1.16,1.780891485,-14.28,-0.8605229098,429.973,2.333141967,1.209336166
3.012,0.46,0.92,1.425423491,-19.81,-1.150512535,427.192,2.298426592,1.241751054
3.013,0.37,0.74,1.154374041,-23.93,-1.352165267,425.959,2.282962613,1.240199111
3.014,0.43,0.86,1.335497337,-21.83,-1.250873491,425.463,2.276729276,1.301837311
3.015,0.59,1.18,1.810207839,-14.99,-0.8990359156,425.496,2.27714422,1.313545411
3.016,0.74,1.48,2.244304323,-7.74,-0.4872381374,425.763,2.280500308,1.251520475
3.017,0.82,1.64,2.471491677,-3.65,-0.2361269356,426.235,2.286428022,1.205428653
3.018,0.83,1.66,2.499678265,-2.63,-0.1713018392,427.507,2.302370086,1.172969598
3.019,0.83,1.66,2.499678265,-2.93,-0.1904606668,429.215,2.323702122,1.171774653
3.02,0.81,1.62,2.443258015,-3.71,-0.2399124588,431.533,2.352517362,1.156514411
3.021,0.78,1.56,2.358274589,-5.72,-0.3649653387,433.895,2.381720788,1.169340879
3.022,0.73,1.46,2.215694073,-8.37,-0.5246856107,436.56,2.414480194,1.172452335
3.023,0.69,1.38,2.100782335,-10.42,-0.6443126236,439.512,2.450534901,1.163080735
3.024,0.7,1.4,2.12958088,-10.1,-0.625861643,443.227,2.495566031,1.138993358
3.025,0.78,1.56,2.358274589,-5.82,-0.3710981375,447.286,2.544337471,1.085142604
3.026,0.9,1.8,2.69566632,0.41,0.02725121946,451.967,2.600036092,1.026026468
3.027,0.96,1.92,2.861820211,1.92,0.1289043773,457.365,2.663554453,1.024838819
3.028,0.98,1.96,2.916828253,2.49,0.1678078821,462.894,2.727841803,1.007313926
3.029,1.11,2.22,3.269790847,5.64,0.3881340481,472.809,2.841226574,1.012519576
3.03,1.37,2.74,3.951849721,12.63,0.910343748,483.397,2.959711745,1.021135156
3.031,1.63,3.26,4.602086841,18.29,1.36837102,484.424,2.971066018,1.060526239
3.032,1.74,3.48,4.867607683,20.31,1.539769935,484.538,2.972324891,1.078791087
3.033,1.67,3.34,4.699298905,18.96,1.424750789,484.184,2.96841479,1.069683994
3.034,1.57,3.14,4.454856537,17.17,1.275158193,482.677,2.951737199,1.053931106
3.035,1.54,3.08,4.380605891,16.66,1.233139188,480.254,2.924812991,1.053548887
3.036,1.55,3.1,4.40540318,16.79,1.243824694,476.975,2.888159862,1.06617126
3.037,1.56,3.12,4.430153395,16.96,1.257824071,473.071,2.844190375,1.079994586
3.038,1.55,3.1,4.40540318,16.8,1.24464737,468.284,2.789778021,1.091953067
3.039,1.5,3,4.280946,15.82,1.164508873,452.839,2.61034814,1.134068386
3.04,1.4,2.8,4.02850112,13.65,0.990508566,450.516,2.582832762,1.127376523
3.041,1.29,2.58,3.745374751,10.78,0.7675591639,448.326,2.5567625,1.126658347
3.042,1.24,2.48,3.614798003,9.42,0.6647159412,446.969,2.540544481,1.127770455
3.043,1.22,2.44,3.562237789,9.03,0.6355526388,446.04,2.529413234,1.125521706
3.044,1.14,2.28,3.350113987,6.86,0.4759291374,445.686,2.525165517,1.116297343
3.045,0.99,1.98,2.944261663,2.93,0.1980392685,445.419,2.521959497,1.082449632
3.046,0.91,1.82,2.723476319,0.77,0.05130192003,445.473,2.52260806,1.058108613
3.047,0.95,1.9,2.83424558,1.88,0.1261852864,446.555,2.535586807,1.064796489
3.048,1,2,2.971648,3.04,0.2056245185,447.853,2.551115078,1.077957455
3.049,0.9,1.8,2.69566632,0.47,0.03125168393,449.839,2.574787156,1.034392227
3.05,0.73,1.46,2.215694073,-8.33,-0.5223176222,452.063,2.601172338,1.065824397
3.051,0.68,1.36,2.071936717,-10.98,-0.6764055293,455.215,2.638345658,1.056065211
3.052,0.84,1.68,2.527817779,-3.18,-0.2063673069,459.519,2.688691595,1.018326974
3.053,1.11,2.22,3.269790847,5.58,0.3838520527,464.175,2.742626796,1.045838147
3.054,1.38,2.76,3.977447261,12.76,0.9205035928,470.354,2.813375016,1.065232076
3.055,1.55,3.1,4.40540318,16.67,1.233960538,480.295,2.925269708,1.059187138
3.056,1.6,3.2,4.52868352,17.55,1.30663949,496.471,3.102486182,1.027115999
3.057,1.5,3,4.280946,15.62,1.148273799,501.236,3.153589249,0.9951376769
3.058,1.33,2.66,3.848988825,11.45,0.8188837214,504.838,3.191898125,0.9596604781
3.059,1.26,2.52,3.667169923,9.4,0.6632168394,507.431,3.219307007,0.9445324919
3.06,1.36,2.72,3.926205107,12.15,0.8729747311,508.01,3.2254081,0.9579888626
3.061,1.57,3.14,4.454856537,17.03,1.263597101,507.431,3.219307007,0.9937434373
3.062,1.75,3.5,4.8914635,20.37,1.544926132,505.914,3.203288857,1.030168919
3.063,1.77,3.54,4.939033913,20.82,1.58371819,503.72,3.180037028,1.036794228
3.064,1.67,3.34,4.699298905,18.95,1.42390588,501.582,3.157281046,1.02578196
3.065,1.56,3.12,4.430153395,16.87,1.25040896,499.913,3.139449387,1.009179123
3.066,1.51,3.02,4.305931583,15.97,1.176711751,499.488,3.134899161,0.9986827824
3.067,1.54,3.08,4.380605891,16.5,1.220011443,498.929,3.128908377,1.007285963
3.068,1.62,3.24,4.577666141,18.13,1.354975858,498.786,3.127374773,1.021264626
3.069,1.73,3.46,4.843704793,20.11,1.522609883,498.725,3.126720444,1.041806981
3.07,1.8,3.6,5.01003648,21.64,1.654954996,498.946,3.129090665,1.047238433
3.071,1.83,3.66,5.080615385,22.04,1.689963058,499.284,3.132713678,1.05348454
3.072,1.76,3.52,4.915272243,20.85,1.586311904,499.531,3.135359713,1.04100256
3.073,1.64,3.28,4.626460467,18.64,1.39776515,499.716,3.137340705,1.020143876
3.074,1.54,3.08,4.380605891,16.82,1.246293028,499.578,3.135863062,0.9996462475
3.075,1.51,3.02,4.305931583,16.24,1.198734428,499.923,3.139556405,0.9925410142
3.076,1.53,3.06,4.355761529,16.57,1.225751623,500.137,3.141846068,0.9972900064
3.077,1.55,3.1,4.40540318,16.94,1.256175553,500.485,3.145567353,1.000831551
3.078,1.55,3.1,4.40540318,16.94,1.256175553,500.805,3.148986942,1.000054637
3.079,1.54,3.08,4.380605891,16.89,1.252056047,501.708,3.158624824,0.9931813292
3.08,1.56,3.12,4.430153395,17.12,1.27102693,503.528,3.177997411,0.9957584081
3.081,1.56,3.12,4.430153395,17.17,1.275158193,506.155,3.205836805,0.9886539478
3.082,1.49,2.98,4.255913343,15.91,1.171827865,509.258,3.238535031,0.9649803075
3.083,1.33,2.66,3.848988825,12.21,0.8776334616,512.033,3.267608599,0.9285317404
3.084,1.14,2.28,3.350113987,7.27,0.5057470766,512.804,3.275658368,0.885944138
3.085,1.04,2.08,3.080722611,4.61,0.3150890612,511.429,3.261293952,0.8614073492
3.086,1.06,2.12,3.134977475,5.07,0.3475898736,507.821,3.223417316,0.8778972734
3.087,1.13,2.26,3.323386681,6.77,0.4694048836,503.326,3.175850724,0.9117019596
3.088,1.16,2.32,3.403427379,7.67,0.5349904093,498.894,3.12853306,0.9290038422
3.089,1.14,2.28,3.350113987,7.08,0.4919093458,495.627,3.09338345,0.9344045739
3.09,1.08,2.16,3.189044045,5.57,0.3831387118,493.453,3.069864789,0.923556563
3.091,1.02,2.04,3.026279453,3.88,0.2639112146,492.342,3.057805785,0.9110587846
3.092,0.98,1.96,2.916828253,2.96,0.2001068844,492.124,3.055436379,0.8959574537
3.093,1.02,2.04,3.026279453,3.78,0.2569385775,492.384,3.058262156,0.9128495364
3.094,1.09,2.18,3.216006719,5.6,0.385279013,493.277,3.067956262,0.9313025214
3.095,1.11,2.22,3.269790847,6.22,0.4296993593,494.681,3.083162182,0.930805501
3.096,1.05,2.1,3.10787358,4.52,0.3087530157,496.255,3.100158047,0.911691013
3.097,0.96,1.92,2.861820211,2.3,0.1548075169,498.324,3.122417045,0.8732450759
3.098,0.98,1.96,2.916828253,2.58,0.1739773267,500.505,3.145781141,0.8786266473
3.099,1.11,2.22,3.269790847,5.98,0.4124619138,502.192,3.163783506,0.9143082936
3.1,1.3,2.6,3.77134888,10.96,0.781304921,503.17,3.174192297,0.9534449582
3.101,1.46,2.92,4.180532931,15.28,1.120766932,503.797,3.180854781,0.9718504345
3.102,1.54,3.08,4.380605891,16.84,1.247939095,504.565,3.189004237,0.987302646
3.103,1.5,3,4.280946,16.09,1.186490475,504.61,3.189481359,0.9782846331
3.104,1.36,2.72,3.926205107,13.06,0.9440131042,503.904,3.181990931,0.9515756828
3.105,1.23,2.46,3.588541433,9.49,0.669965822,502.566,3.167766356,0.9350682295
3.106,1.22,2.44,3.562237789,9.15,0.6445104399,500.728,3.148164303,0.9392415723
3.107,1.29,2.58,3.745374751,11.19,0.7989148095,498.586,3.125229134,0.9544437729
3.108,1.29,2.58,3.745374751,11.07,0.7897206161,496.408,3.101807247,0.9624432569
3.109,1.14,2.28,3.350113987,7.12,0.4948197279,493.981,3.075586286,0.9383005671
3.11,0.96,1.92,2.861820211,2.49,0.1678078821,491.235,3.045763104,0.8905420867
3.111,0.95,1.9,2.83424558,2.18,0.1466135339,488.303,3.013735256,0.896814171
3.112,1.1,2.2,3.24292232,6.06,0.4182017598,485.173,2.979331619,0.9544931451
3.113,1.21,2.42,3.535887071,9.11,0.6415229744,481.859,2.942662781,0.9865245029
3.114,1.15,2.3,3.37679422,7.51,0.523274949,478.217,2.902072675,0.9858252623
3.115,0.98,1.96,2.916828253,3.03,0.2049344966,472.764,2.840717359,0.9577024528
3.116,0.89,1.78,2.667809247,0.75,0.04996275061,459.198,2.684953011,0.9754630415
3.117,0.94,1.88,2.806623875,1.84,0.1234676326,458.029,2.671315922,1.004236579
3.118,0.96,1.92,2.861820211,2.43,0.1636989839,456.532,2.653801601,1.015730121
3.119,0.82,1.64,2.471491677,-2.51,-0.1636166177,455.324,2.639626548,0.9981751878
3.12,0.59,1.18,1.810207839,-14.11,-0.8512443198,453.891,2.622762426,1.021839875
3.121,0.5,1,1.544666,-18.54,-1.085913568,451.05,2.589170402,1.027546302
3.122,0.64,1.28,1.956083507,-12.18,-0.7443407134,448.491,2.558731129,1.078094048
3.123,0.9,1.8,2.69566632,0.76,0.05063229087,446.093,2.530048902,1.044556115
3.124,1.1,2.2,3.24292232,5.86,0.4038633251,445.132,2.518511182,1.109687452
3.125,1.15,2.3,3.37679422,7,0.4860930969,444.366,2.509296769,1.127330455
3.126,1.05,2.1,3.10787358,4.53,0.3094566527,442.785,2.49022818,1.1100798
3.127,0.87,1.74,2.611953881,-0.58,-0.038297192,442.81,2.490530237,1.065132813
3.128,0.67,1.34,2.043044025,-9.59,-0.5962859644,443.577,2.499789062,1.073307434
3.129,0.53,1.06,1.633603609,-15.42,-0.9221742525,444.752,2.513942047,1.026282611
3.13,0.49,0.98,1.514925983,-17.27,-1.02013588,443.243,2.495759157,1.026634647
3.131,0.48,0.96,1.485138893,-17.61,-1.037862146,441.098,2.469805882,1.037148915
3.132,0.44,0.88,1.365519795,-19.25,-1.12217216,439.773,2.453711005,1.02552006
3.133,0.33,0.66,1.032683705,-23.84,-1.347886838,440.371,2.460980953,0.9277595587
3.134,0.17,0.34,0.5383905848,-30.39,-1.64510302,440.967,2.46821677,0.654090136
3.135,0.04,0.08,0.1279040512,-36.07,-1.880749522,440.889,2.467270357,0.2180724769
3.136,-0.03,-0.06,-0.0964223112,-38.58,-1.978758381,442.025,2.481037504,-0.1919695776
3.137,-0.01,-0.02,-0.0320936968,-38.09,-1.959909615,442.902,2.491641659,-0.06035689809
3.138,0.03,0.06,0.0959986488,-36.81,-1.91002325,443.909,2.503791829,0.1616768758
3.139,0.08,0.16,0.2550549248,-35.13,-1.843099958,445.548,2.523508713,0.3748554425
3.14,0.19,0.38,0.6008362552,-30.98,-1.670506155,447.098,2.542088325,0.6893627201
3.141,0.39,0.78,1.214936767,-23.53,-1.333107371,448.338,2.556905697,0.9927589715
3.142,0.6,1.2,1.83947712,-14.78,-0.8876847721,449.352,2.568992057,1.094075507
3.143,0.73,1.46,2.215694073,-8.4,-0.5264607472,452.271,2.603633375,1.066687498
3.144,0.76,1.52,2.301383603,-6.9,-0.4368019597,454.453,2.629382606,1.049623241
3.145,0.71,1.42,2.158332351,-9.5,-0.5910450453,457.467,2.664747459,1.040811033
3.146,0.66,1.32,2.014104259,-12.34,-0.7533132446,461.076,2.706788495,1.031036487
3.147,0.68,1.36,2.071936717,-11.31,-0.6952009083,464.983,2.751931567,1.007393315
3.148,0.83,1.66,2.499678265,-3.85,-0.2487334161,469.79,2.806955999,0.9771152369
3.149,1.05,2.1,3.10787358,3.83,0.2604237534,475.181,2.867999487,0.9934313044
3.15,1.21,2.42,3.535887071,8.09,0.5658587598,482.277,2.947301754,1.006468978
3.151,1.25,2.5,3.6410075,9.21,0.6489945115,500.834,3.149296734,0.9585909201
3.152,1.22,2.44,3.562237789,8.39,0.5880100486,505.775,3.201818741,0.9399468912
3.153,1.21,2.42,3.535887071,8.08,0.5651218558,510.148,3.247876748,0.9273245124
3.154,1.27,2.54,3.693285273,9.59,0.6774738173,514.745,3.295870275,0.9295155886
3.155,1.36,2.72,3.926205107,11.95,0.857471161,515.683,3.305610502,0.9431006703
3.156,1.4,2.8,4.02850112,13.27,0.9605227547,514.164,3.289828244,0.9478043394
3.157,1.37,2.74,3.951849721,12.44,0.895524723,513.173,3.2795067,0.9465437071
3.158,1.28,2.56,3.719353549,10.13,0.7181833282,511.664,3.263751696,0.9340568157
3.159,1.2,2.4,3.50948928,7.86,0.5489339641,509.279,3.238755642,0.9265514457
3.16,1.15,2.3,3.37679422,6.59,0.4563791702,508.497,3.230534381,0.9158864652
3.161,1.14,2.28,3.350113987,6.18,0.4268227197,508.952,3.235319388,0.9147962828
3.162,1.14,2.28,3.350113987,6.23,0.4304187526,509.054,3.236391484,0.9136316775
3.163,1.15,2.3,3.37679422,6.54,0.4527663051,508.111,3.226471655,0.9177971789
3.164,1.16,2.32,3.403427379,6.91,0.479557009,506.789,3.212533919,0.9218156989
3.165,1.15,2.3,3.37679422,6.6,0.4571020242,505.266,3.196431916,0.9242542358
3.166,1.09,2.18,3.216006719,4.86,0.3327283302,502.679,3.168969147,0.9184136379
3.167,0.98,1.96,2.916828253,2.01,0.135027589,499.877,3.139064106,0.8908816625
3.168,0.88,1.76,2.639905101,-1.33,-0.08738173801,497.272,3.111110848,0.8730626999
3.169,0.84,1.68,2.527817779,-3.96,-0.2556524629,494.847,3.08495718,0.8934413336
3.17,0.84,1.68,2.527817779,-3.59,-0.2323383421,492.701,3.061705412,0.8934216439
3.171,0.87,1.74,2.611953881,-1.91,-0.1250039901,490.706,3.039998704,0.8960406921
3.172,0.9,1.8,2.69566632,-0.44,-0.02908014608,488.8,3.019177774,0.9015312059
3.173,0.9,1.8,2.69566632,-0.14,-0.00927127891,486.794,2.997176582,0.9021926889
3.174,0.88,1.76,2.639905101,-1.27,-0.08347306807,480.262,2.924902109,0.9290765536
3.175,0.83,1.66,2.499678265,-3.79,-0.2449550501,473.411,2.848034083,0.9602775148
3.176,0.77,1.54,2.329852633,-7.31,-0.4614921484,474.795,2.863651798,0.9698991629
3.177,0.7,1.4,2.12958088,-10.8,-0.6661171347,477.206,2.890750251,0.9572728483
3.178,0.66,1.32,2.014104259,-12.8,-0.7789979281,481.113,2.93437365,0.9344562244
3.179,0.67,1.34,2.043044025,-12.34,-0.7533132446,490.459,3.037305069,0.8945058397
3.18,0.73,1.46,2.215694073,-9.8,-0.6084894545,500.327,3.143878125,0.8739070656
3.181,0.79,1.58,2.386649471,-6.48,-0.4113655559,502.143,3.163261469,0.8672746159
3.182,0.85,1.7,2.55591022,-3.45,-0.2234863406,504.204,3.185175114,0.8629908189
3.183,0.91,1.82,2.723476319,0.14,0.009288581452,506.629,3.210844586,0.8457651213
3.184,1.02,2.04,3.026279453,2.74,0.1849633106,509.416,3.24019464,0.8835444954
3.185,1.16,2.32,3.403427379,6.47,0.4477122266,512.308,3.270481177,0.9153443647
3.186,1.31,2.62,3.797275935,10.3,0.7310575115,515.395,3.302621786,0.9413926234
3.187,1.4,2.8,4.02850112,12.98,0.9377351997,518.237,3.332041808,0.9434921573
3.188,1.45,2.9,4.15531198,14.22,1.035756731,520.768,3.358106893,0.9457079999
3.189,1.46,2.92,4.180532931,14.58,1.064501714,522.171,3.372500936,0.9421975286
3.19,1.47,2.94,4.205706809,14.78,1.080527253,521.726,3.367939662,0.9454283665
3.191,1.49,2.98,4.255913343,15.12,1.107862866,520.055,3.350777019,0.9545317526
3.192,1.49,2.98,4.255913343,15.22,1.115924885,517.603,3.325492726,0.9582330949
3.193,1.46,2.92,4.180532931,14.63,1.068504338,515.02,3.298727723,0.9572500094
3.194,1.38,2.76,3.977447261,12.54,0.9033197749,514.088,3.289037387,0.9487376927
3.195,1.27,2.54,3.693285273,9.63,0.6804797069,514.113,3.28929755,0.9303507562
3.196,1.19,2.38,3.483044415,7.3,0.5079350898,515.622,3.304977615,0.9134865351
3.197,1.16,2.32,3.403427379,6.55,0.4534886908,516.209,3.311064756,0.9040720042
3.198,1.19,2.38,3.483044415,7.32,0.5093942366,516.327,3.31228757,0.9113904797
3.199,1.26,2.52,3.667169923,9.14,0.6437634298,518.318,3.332877943,0.9221776819
3.2,1.32,2.64,3.823155917,10.82,0.7706110557,520.156,3.351815943,0.9274041525
3.201,1.33,2.66,3.848988825,11.21,0.800448539,521.78,3.368493372,0.9232531675
3.202,1.29,2.58,3.745374751,10.05,0.7121345496,522.377,3.374611131,0.9164687611
3.203,1.2,2.4,3.50948928,7.64,0.5327919175,521.854,3.369252067,0.899397673
3.204,1.09,2.18,3.216006719,4.71,0.3221378573,521.404,3.364636718,0.8723090207
3.205,0.98,1.96,2.916828253,1.79,0.1200725855,520.154,3.351795372,0.840132254
3.206,0.89,1.78,2.667809247,-0.92,-0.06060984386,519.704,3.347164932,0.8117342249
3.207,0.9,1.8,2.69566632,-0.38,-0.0251247098,519.412,3.344158145,0.8121841411
3.208,1.03,2.06,3.053524569,3,0.2028649755,518.221,3.33187663,0.8638607597
3.209,1.2,2.4,3.50948928,7.32,0.5093942366,516.864,3.317848885,0.9169757887
3.21,1.28,2.56,3.719353549,9.6,0.6782251455,514.208,3.290286055,0.9372163417
3.211,1.23,2.46,3.588541433,8.22,0.5754471511,510.584,3.252447194,0.9374713901
3.212,1.13,2.26,3.323386681,5.43,0.3731616845,507.232,3.217208477,0.9256390097
3.213,1.1,2.2,3.24292232,4.74,0.3242542925,504.249,3.185652578,0.9239340073
3.214,1.18,2.36,3.456552477,6.75,0.4679560817,501.603,3.157505032,0.9534104403
3.215,1.29,2.58,3.745374751,9.63,0.6804797069,500.656,3.147394968,0.9784475903
3.216,1.35,2.7,3.90051342,11.32,0.8088910218,500.71,3.14797198,0.9857590264
3.217,1.35,2.7,3.90051342,11.25,0.8035171676,501.538,3.15681171,0.9848963408
3.218,1.32,2.64,3.823155917,10.49,0.7454793851,502.561,3.167713129,0.9769915238
3.219,1.27,2.54,3.693285273,9.28,0.6542302888,502.724,3.16944806,0.965898524
3.22,1.19,2.38,3.483044415,7.08,0.4919093458,502.51,3.167170182,0.9518908755
3.221,1.06,2.12,3.134977475,3.46,0.2346875036,501.914,3.16082107,0.9232718479
3.222,0.99,1.98,2.944261663,1.57,0.105161019,499.998,3.140358968,0.907177178
3.223,1.06,2.12,3.134977475,3.47,0.235381436,497.613,3.114778307,0.9357695499
3.224,1.22,2.44,3.562237789,7.5,0.5225435358,495.486,3.091861222,0.9855669267
3.225,1.36,2.72,3.926205107,11.47,0.8204225243,487.28,3.002515192,1.027012575
3.226,1.42,2.84,4.079366685,12.94,0.9345986218,490.851,3.041579356,1.025951733
3.227,1.37,2.74,3.951849721,11.75,0.8420068204,500.646,3.147288107,0.9906135778
3.228,1.3,2.6,3.77134888,9.64,0.6812314197,501.135,3.152511105,0.9837251343
3.229,1.22,2.44,3.562237789,7.41,0.515965065,501.437,3.155734215,0.9701877841
3.23,1.21,2.42,3.535887071,7.28,0.5064763201,500.5,3.145727695,0.9681515755
3.231,1.3,2.6,3.77134888,9.63,0.6804797069,498.669,3.126119679,0.9907396334
3.232,1.39,2.78,4.002997727,12.26,0.8815184399,496.146,3.098982816,1.005651668
3.233,1.41,2.82,4.053957439,12.8,0.9236330551,487.067,3.000176087,1.033168865
3.234,1.36,2.72,3.926205107,11.32,0.8088910218,483.164,2.957132394,1.042533376
3.235,1.29,2.58,3.745374751,9.49,0.669965822,486.729,2.996462167,1.021532337
3.236,1.26,2.52,3.667169923,8.47,0.5939315134,494.001,3.075802889,0.9993011813
3.237,1.24,2.48,3.614798003,8.1,0.5665957586,511.582,3.262894228,0.9439371863
3.238,1.24,2.48,3.614798003,8.13,0.5688073248,515.995,3.308846396,0.9322126893
3.239,1.25,2.5,3.6410075,8.2,0.5739709692,521.19,3.362440465,0.9249560318
3.24,1.24,2.48,3.614798003,8.07,0.5643850467,524.712,3.398472084,0.9121696503
3.241,1.23,2.46,3.588541433,7.72,0.5386564538,526.773,3.419445021,0.9066319941
3.242,1.21,2.42,3.535887071,7.1,0.4933643487,528.128,3.433188972,0.9005065721
3.243,1.18,2.36,3.456552477,6.43,0.4448262407,528.539,3.437350832,0.8903644558
3.244,1.18,2.36,3.456552477,6.4,0.4426627336,529.498,3.447049267,0.8886396927
3.245,1.23,2.46,3.588541433,7.57,0.5276654118,530.561,3.457778956,0.9004118741
3.246,1.32,2.64,3.823155917,10.08,0.7144021175,531.383,3.466061316,0.914529209
3.247,1.45,2.9,4.15531198,13.79,1.001592152,532.168,3.473958917,0.9284470037
3.248,1.57,3.14,4.454856537,16.32,1.205273881,532.563,3.477928464,0.9512415242
3.249,1.62,3.24,4.577666141,17.19,1.276811415,532.359,3.475878737,0.9631736964
3.25,1.57,3.14,4.454856537,16.28,1.202003341,531.308,3.465306157,0.9544806356
3.251,1.46,2.92,4.180532931,13.95,1.014283009,530.345,3.455600441,0.9352666524
3.252,1.37,2.74,3.951849721,11.51,0.8235013023,529.041,3.442429786,0.9263744863
3.253,1.38,2.76,3.977447261,11.68,0.836603557,527.288,3.424672897,0.9333933866
3.254,1.47,2.94,4.205706809,14.22,1.035756731,526.744,3.419150484,0.9440615946
3.255,1.58,3.16,4.479512605,16.39,1.211001239,527.147,3.423242083,0.9666114387
3.256,1.63,3.26,4.602086841,17.33,1.288395436,527.674,3.42858792,0.9756419504
3.257,1.6,3.2,4.52868352,16.77,1.242179648,524.171,3.392953165,0.9770342518
3.258,1.52,3.04,4.330870093,15.39,1.129653446,521.972,3.370461656,0.96239096
3.259,1.46,2.92,4.180532931,13.94,1.013489083,520.69,3.357305516,0.9564697759
3.26,1.42,2.84,4.079366685,12.94,0.9345986218,516.805,3.317238148,0.9594363344
3.261,1.4,2.8,4.02850112,12.38,0.8908524193,512.454,3.272005629,0.9677248355
3.262,1.39,2.78,4.002997727,12.05,0.8652180382,508.463,3.230176648,0.9774388145
3.263,1.39,2.78,4.002997727,12.12,0.8706466921,501.212,3.153333076,0.9947857489
3.264,1.42,2.84,4.079366685,12.79,0.9228505414,488.305,3.013757169,1.036264466
3.265,1.46,2.92,4.180532931,13.99,1.017459711,487.832,3.008572343,1.038375471
3.266,1.51,3.02,4.305931583,15.14,1.109474464,488.31,3.01381195,1.044296018
3.267,1.55,3.1,4.40540318,15.95,1.175083384,488.864,3.019878219,1.050165317
3.268,1.57,3.14,4.454856537,16.35,1.207727853,489.491,3.026735547,1.052047477
3.269,1.57,3.14,4.454856537,16.22,1.197100581,489.86,3.030767094,1.053688734
3.27,1.54,3.08,4.380605891,15.67,1.152328775,489.705,3.029073996,1.047640261
3.271,1.5,3,4.280946,14.98,1.096592949,488.923,3.020523861,1.039792213
3.272,1.47,2.94,4.205706809,14.25,1.038147194,487.811,3.008342033,1.039347091
3.273,1.43,2.86,4.104728857,13.38,0.9691881135,486.915,2.998506241,1.034537565
3.274,1.4,2.8,4.02850112,12.5,0.9002005719,486.475,2.993669535,1.034575116
3.275,1.36,2.72,3.926205107,11.6,0.8304342699,486.459,2.993493573,1.026746651
3.276,1.33,2.66,3.848988825,10.68,0.7599362313,487.9,3.009318039,1.021153934
3.277,1.3,2.6,3.77134888,9.87,0.6985473763,488.974,3.021081895,1.013904506
3.278,1.27,2.54,3.693285273,9.35,0.6594707644,489.18,3.023335323,1.002845435
3.279,1.27,2.54,3.693285273,9.15,0.6445104399,488.528,3.016199858,1.008898539
3.28,1.27,2.54,3.693285273,9.24,0.6512378409,487.781,3.008013002,1.009300928
3.281,1.27,2.54,3.693285273,9.22,0.6497421922,486.734,2.996517125,1.012897041
3.282,1.25,2.5,3.6410075,8.71,0.6117324897,484.51,2.972015721,1.015977487
3.283,1.21,2.42,3.535887071,7.75,0.5408572157,478.875,2.909428918,1.024809808
3.284,1.18,2.36,3.456552477,6.92,0.4802828651,471.421,2.825497768,1.045608545
3.285,1.11,2.22,3.269790847,5.17,0.3546811216,466.114,2.764928823,1.048140923
3.286,0.91,1.82,2.723476319,-0.03,-0.001988158449,462.051,2.718089761,1.002715184
3.287,0.56,1.12,1.722117555,-14.78,-0.8876847721,454.428,2.629088288,0.9889250479
3.288,0.16,0.32,0.5070971392,-30.26,-1.639476122,445.116,2.518318876,0.5770055413
3.289,-0.1,-0.2,-0.32305528,-40.33,-2.044971729,438.657,2.4401172,-0.817560377
3.29,-0.18,-0.36,-0.5848888032,-43.03,-2.143827743,431.643,2.35388093,-2.78447954
3.291,-0.14,-0.28,-0.4535954528,-41.73,-2.096722707,428.051,2.3091736,-2.135060227
3.292,-0.07,-0.14,-0.2256444232,-39.58,-2.016804215,424.724,2.267428614,-0.9003290336
3.293,0,0,0,-37.15,-1.92336646,422.822,2.243416426,0
3.294,0.1,0.2,0.31834792,-33.67,-1.78357836,420.918,2.219270558,0.7306716114
3.295,0.22,0.44,0.6941517088,-29.54,-1.608117039,420.016,2.207793553,1.157543598
3.296,0.3,0.6,0.94092168,-26.21,-1.458713183,419.66,2.203257041,1.263755883
3.297,0.34,0.68,1.063176899,-24.79,-1.392768409,420.494,2.213878668,1.294804063
3.298,0.33,0.66,1.032683705,-25.18,-1.411015502,421.89,2.23161074,1.258456858
3.299,0.29,0.58,0.9102401912,-27.05,-1.497087256,422.983,2.245453184,1.216303627
3.3,0.21,0.42,0.6630936312,-30.24,-1.638609494,427.034,2.296447491,1.007989253
3.301,0.09,0.18,0.2867249592,-35.12,-1.842696617,428.811,2.318664046,0.602404581
3.302,-0.05,-0.1,-0.16093922,-40.38,-2.046838481,433.48,2.376601318,-0.4880453528
3.303,-0.12,-0.24,-0.3882312192,-43.19,-2.14956301,438.506,2.438275239,-1.344699606
3.304,-0.09,-0.18,-0.2905379208,-42.32,-2.118213318,443.758,2.501971665,-0.7570856073
3.305,0.02,0.04,0.0640461728,-38.81,-1.987558792,448.912,2.563750836,0.1111542123
3.306,0.15,0.3,0.47575662,-34.24,-1.806968749,451.875,2.598946964,0.6007193269
3.307,0.27,0.54,0.8487359928,-29.76,-1.617734075,453.537,2.61858821,0.8480116766
3.308,0.39,0.78,1.214936767,-25.22,-1.412881174,455.031,2.636182726,0.9931621232
3.309,0.5,1,1.544666,-20.95,-1.207508908,456.651,2.655195955,1.066988893
3.31,0.58,1.16,1.780891485,-17.59,-1.036821791,458.626,2.678284629,1.084941701
3.311,0.63,1.26,1.927002521,-15.41,-0.9216377426,460.523,2.700368023,1.083358473
3.312,0.66,1.32,2.014104259,-14.07,-0.8490579017,463.762,2.737864511,1.066336939
3.313,0.69,1.38,2.100782335,-12.82,-0.780110914,467.558,2.78147726,1.049674059
3.314,0.72,1.44,2.187036749,-11.27,-0.6929272689,471.939,2.83137315,1.022722514
3.315,0.75,1.5,2.2728675,-9.83,-0.6102299196,477.915,2.898693016,0.9931851221
3.316,0.76,1.52,2.301383603,-9.13,-0.5694304816,485.495,2.982881133,0.9535656351
3.317,0.76,1.52,2.301383603,-9.54,-0.5933751472,500.595,3.146743083,0.9013129564
3.318,0.74,1.48,2.244304323,-10.57,-0.6529333971,501.992,3.161652422,0.8946017073
3.319,0.73,1.46,2.215694073,-11.03,-0.6792588562,502.324,3.165189556,0.8912935798
3.32,0.74,1.48,2.244304323,-10.49,-0.6483378822,501.838,3.160010909,0.8935495579
3.321,0.77,1.54,2.329852633,-9.01,-0.5623966193,500.162,3.142113488,0.9031427679
3.322,0.82,1.64,2.471491677,-6.35,-0.403462751,497.612,3.114767556,0.9115506571
3.323,0.91,1.82,2.723476319,-1.79,-0.1172440613,494.645,3.082772826,0.9183779808
3.324,1.01,2.02,2.998987263,1.89,0.1268649244,491.488,3.048517796,0.9444490718
3.325,1.08,2.16,3.189044045,3.55,0.2409361762,487.302,3.002756731,0.9831522699
3.326,1.03,2.06,3.053524569,2.34,0.1575417291,473.835,2.852823547,1.014336896
3.327,0.88,1.76,2.639905101,-3.17,-0.2057320702,472.739,2.840434441,1.001974694
3.328,0.74,1.48,2.244304323,-9.95,-0.6171845625,471.231,2.823341087,1.01729152
3.329,0.78,1.56,2.358274589,-8.35,-0.5235017793,470.111,2.81061032,1.031116166
3.33,0.88,1.76,2.639905101,-2.77,-0.1802522577,469.191,2.800130194,1.007644312
3.331,0.78,1.56,2.358274589,-7.21,-0.4554829271,467.646,2.782484099,1.013439365
3.332,0.43,0.86,1.335497337,-21.49,-1.234183912,466.977,2.774825073,0.8668451615
3.333,0.09,0.18,0.2867249592,-35.13,-1.843099958,466.437,2.768634893,0.3097937725
3.334,-0.03,-0.06,-0.0964223112,-40.02,-2.033367014,465.021,2.752368769,-0.1341058078
3.335,-0.01,-0.02,-0.0320936968,-39.14,-2.00013332,463.119,2.730441658,-0.04394540652
3.336,-0.02,-0.04,-0.0642344672,-39.4,-2.009997408,460.394,2.69886919,-0.09324589692
3.337,-0.01,-0.02,-0.0320936968,-39.39,-2.009618721,457.953,2.670428131,-0.04856725147
3.338,0.1,0.2,0.31834792,-35.43,-1.855172554,456.574,2.654293767,0.3983725055
3.339,0.27,0.54,0.8487359928,-29.36,-1.600225496,456.025,2.647856876,0.8101475472
3.34,0.36,0.72,1.124022067,-26.23,-1.459632309,456.645,2.65512566,0.9402160762
3.341,0.32,0.64,1.002143437,-27.65,-1.524211451,457.983,2.670778592,0.8740381617
3.342,0.27,0.54,0.8487359928,-29.78,-1.618606817,459.677,2.690530811,0.7917874753
3.343,0.25,0.5,0.7870435,-30.74,-1.660199183,461.901,2.716352658,0.7451980408
3.344,0.26,0.52,0.8179132832,-30.45,-1.647696437,464.289,2.743940579,0.7461050437
3.345,0.33,0.66,1.032683705,-27.67,-1.525111513,466.678,2.771398433,0.8286083148
3.346,0.45,0.9,1.39549518,-22.98,-1.30672242,469.165,2.799833718,0.9346223429
3.347,0.54,1.08,1.663155331,-19.54,-1.136876718,471.768,2.829434307,0.9826285037
3.348,0.54,1.08,1.663155331,-19.54,-1.136876718,474.38,2.858973524,0.9657734254
3.349,0.5,1,1.544666,-21.39,-1.22925968,476.405,2.881762622,0.9347432678
3.35,0.5,1,1.544666,-21.1,-1.214939374,478.363,2.903705785,0.9146712004
3.351,0.58,1.16,1.780891485,-18.06,-1.061192178,483.729,2.963384896,0.9362308392
3.352,0.67,1.34,2.043044025,-14.16,-0.8539756164,486.217,2.990831432,0.9560982119
3.353,0.73,1.46,2.215694073,-11.01,-0.6781177632,476.099,2.878325156,1.007038736
3.354,0.78,1.56,2.358274589,-8.92,-0.5571135791,476.449,2.882256717,1.014249209
3.355,0.79,1.58,2.386649471,-8.15,-0.5116455393,477.352,2.89238682,1.00248166
3.356,0.74,1.48,2.244304323,-10.47,-0.6471882068,479.442,2.915759705,0.989302883
3.357,0.59,1.18,1.810207839,-17.8,-1.0477308,483.77,2.963838333,0.9447318628
3.358,0.43,0.86,1.335497337,-24.97,-1.401202959,499.094,3.130677375,0.772198377
3.359,0.48,0.96,1.485138893,-23.15,-1.314900134,499.777,3.137993736,0.8146256953
3.36,0.77,1.54,2.329852633,-10.57,-0.6529333971,500.312,3.143717727,0.9353891482
3.361,1.12,2.24,3.296612301,3.76,0.2555451469,501.285,3.15411223,0.96684562
3.362,1.27,2.54,3.693285273,7.69,0.5364565434,501.943,3.161130177,0.9988366877
3.363,1.2,2.4,3.50948928,5.78,0.39813838,501.888,3.160543923,0.9861766184
3.364,1.11,2.22,3.269790847,3.43,0.2326062531,501.252,3.153760024,0.9655750677
3.365,1.13,2.26,3.323386681,3.85,0.2618184636,500.307,3.14366426,0.9758929792
3.366,1.21,2.42,3.535887071,5.93,0.4088775387,498.611,3.125497386,1.00042784
3.367,1.27,2.54,3.693285273,7.54,0.5254697554,496.531,3.103132706,1.017825819
3.368,1.28,2.56,3.719353549,7.93,0.5540796799,494.311,3.079159116,1.023701925
3.369,1.28,2.56,3.719353549,7.71,0.5379230557,491.309,3.046568971,1.037623608
3.37,1.26,2.52,3.667169923,7.32,0.5093942366,487.186,3.001483037,1.044516694
3.371,1.24,2.48,3.614798003,6.76,0.4686804357,481.605,2.939841918,1.060517617
3.372,1.22,2.44,3.562237789,6.23,0.4304187526,464.897,2.750941977,1.119721431
3.373,1.22,2.44,3.562237789,6.11,0.4217921938,461.93,2.716688542,1.135019804
3.374,1.24,2.48,3.614798003,6.66,0.4614411161,460.045,2.694812104,1.145281367
3.375,1.26,2.52,3.667169923,7.37,0.5130437536,459.313,2.686292679,1.146228288
3.376,1.26,2.52,3.667169923,7.18,0.4991881248,459.316,2.686327623,1.151201317
3.377,1.21,2.42,3.535887071,5.96,0.4110278843,459.061,2.683356621,1.142678638
3.378,1.17,2.34,3.430013465,4.9,0.3355559612,459.002,2.682668977,1.136434008
3.379,1.19,2.38,3.483044415,5.23,0.3589403106,459.523,2.688738165,1.142851663
3.38,1.25,2.5,3.6410075,6.83,0.4737535413,461.056,2.706556424,1.144859319
3.381,1.29,2.58,3.745374751,8.1,0.5665957586,463.108,2.730314584,1.136025661
3.382,1.23,2.46,3.588541433,6.22,0.4296993593,465.178,2.754174727,1.127099042
3.383,1.01,2.02,2.998987263,0.41,0.02725121946,467.482,2.780607564,1.068069121
3.384,0.81,1.62,2.443258015,-10.19,-0.6310592496,469.917,2.808402088,1.122128299
3.385,0.78,1.56,2.358274589,-11.76,-0.7206923701,472.45,2.83716282,1.114248767
3.386,0.91,1.82,2.723476319,-4.98,-0.3193222882,474.925,2.86511644,1.069794397
3.387,1.06,2.12,3.134977475,1.51,0.1011017552,477.379,2.892689419,1.047159703
3.388,1.11,2.22,3.269790847,2.68,0.1808408527,480.28,2.925102621,1.052752851
3.389,1.11,2.22,3.269790847,2.67,0.1801540931,483.641,2.962411535,1.040484507
3.39,1.13,2.26,3.323386681,3.3,0.2235969714,489.162,3.02313846,1.023608715
3.391,1.14,2.28,3.350113987,3.62,0.2458013611,504.767,3.191145653,0.9747354188
3.392,1.12,2.24,3.296612301,2.89,0.1952837167,507.037,3.215151331,0.9666251534
3.393,1.11,2.22,3.269790847,2.72,0.1835887959,508.752,3.233216615,0.9569730944
3.394,1.22,2.44,3.562237789,5.46,0.3752980881,509.343,3.239427922,0.985479336
3.395,1.45,2.9,4.15531198,11.66,0.8350606483,509.255,3.238503515,1.020067885
3.396,1.71,3.42,4.795757791,17.52,1.30414874,508.423,3.229755755,1.05775448
3.397,1.87,3.74,5.174061561,20.71,1.574216016,507.414,3.219127767,1.079426345
3.398,1.82,3.64,5.057136157,19.77,1.493533932,506.466,3.20912303,1.075378493
3.399,1.55,3.1,4.40540318,14.48,1.056503983,505.505,3.198961965,1.035234034
3.4,1.19,2.38,3.483044415,4.85,0.3320216532,504.758,3.191050262,0.9886384665
3.401,0.91,1.82,2.723476319,-5.25,-0.336029081,504.499,3.18830438,0.9548434263
3.402,0.84,1.68,2.527817779,-9.29,-0.5787908691,504.412,3.187381702,0.9690357519
3.403,0.93,1.86,2.778955097,-4.26,-0.2744703274,504.388,3.187127142,0.9540963023
3.404,1.06,2.12,3.134977475,1.23,0.08220110551,504.631,3.189704002,0.9581504881
3.405,1.13,2.26,3.323386681,2.99,0.2021753167,505.175,3.195468278,0.9781445842
3.406,1.15,2.3,3.37679422,3.62,0.2458013611,505.983,3.204018476,0.9788320489
3.407,1.17,2.34,3.430013465,4.15,0.2827830416,506.959,3.21432825,0.9808133566
3.408,1.2,2.4,3.50948928,4.91,0.3362630996,508.466,3.230208214,0.9840228538
3.409,1.24,2.48,3.614798003,6,0.4138963161,510.073,3.247090154,0.9873836008
3.41,1.31,2.62,3.797275935,7.82,0.5459956392,511.801,3.265183987,0.9963518668
3.411,1.37,2.74,3.951849721,9.24,0.6512378409,513.117,3.27892285,1.005518612
3.412,1.35,2.7,3.90051342,8.85,0.6221417664,514.433,3.292626521,0.9963586944
3.413,1.28,2.56,3.719353549,6.94,0.4817348592,516.023,3.309136701,0.9811341508
3.414,1.21,2.42,3.535887071,4.97,0.340507869,516.073,3.309655063,0.9686929424
3.415,1.17,2.34,3.430013465,3.92,0.2667028299,515.101,3.299569081,0.9617924687
3.416,1.1,2.2,3.24292232,2.04,0.1370702779,513.002,3.277723671,0.9496685213
3.417,0.99,1.98,2.944261663,-1.79,-0.1172440613,510.243,3.248872935,0.9401694077
3.418,0.94,1.88,2.806623875,-4.82,-0.3093930134,507.327,3.21821039,0.9648676804
3.419,0.95,1.9,2.83424558,-4.02,-0.259422151,504.384,3.187084714,0.9680916153
3.42,0.97,1.94,2.889347769,-3.26,-0.2114461169,501.14,3.152564484,0.982397649
3.421,0.91,1.82,2.723476319,-6.44,-0.4089354179,497.647,3.11514384,1.006380845
3.422,0.81,1.62,2.443258015,-11.25,-0.6917899749,493.175,3.066849873,1.028714272
3.423,0.78,1.56,2.358274589,-13.04,-0.7923332418,480.701,2.929790227,1.10330856
3.424,0.81,1.62,2.443258015,-11.44,-0.702581509,481.066,2.933850982,1.095008041
3.425,0.9,1.8,2.69566632,-7.11,-0.449465469,482.408,2.948754767,1.078573146
3.426,0.98,1.96,2.916828253,-2.62,-0.170661878,484.927,2.97661829,1.03951303
3.427,1.03,2.06,3.053524569,0.12,0.007960581053,488.901,3.020283122,1.008348359
3.428,1.08,2.16,3.189044045,1.24,0.08287492228,494.718,3.083562324,1.007139506
3.429,1.12,2.24,3.296612301,2.34,0.1575417291,506.455,3.209006832,0.9792261247
3.43,1.19,2.38,3.483044415,4.15,0.2827830416,518.343,3.333135983,0.9632528802
3.431,1.36,2.72,3.926205107,8.46,0.5931909971,523.015,3.381141314,0.9878904933
3.432,1.55,3.1,4.40540318,13.6,0.9865548682,528.148,3.433391571,0.9967096301
3.433,1.65,3.3,4.65078702,15.92,1.172641592,532.643,3.478732065,0.9998738788
3.434,1.66,3.32,4.675066499,15.99,1.178340525,536.582,3.518150794,0.9954381223
3.435,1.6,3.2,4.52868352,14.86,1.086948709,538.91,3.541311951,0.9784849759
3.436,1.6,3.2,4.52868352,14.95,1.094180532,539.852,3.550655441,0.9749932066
3.437,1.7,3.4,4.77171368,16.82,1.246293028,540.051,3.552627192,0.9943306954
3.438,1.79,3.58,4.986416031,18.51,1.38683254,539.033,3.542532887,1.01157362
3.439,1.84,3.68,5.104047539,19.43,1.464578764,536.906,3.521380266,1.023684212
3.44,1.87,3.74,5.174061561,19.97,1.510622784,534.192,3.49426803,1.033801086
3.441,1.88,3.76,5.197305421,20.33,1.541488248,530.938,3.461579148,1.038823787
3.442,1.86,3.72,5.150770627,19.89,1.503782224,527.358,3.425383088,1.04495798
3.443,1.72,3.44,4.819754829,17.14,1.272679128,523.781,3.388971112,1.033916013
3.444,1.46,2.92,4.180532931,11.3,0.8073551473,520.829,3.358733527,1.003467103
3.445,1.24,2.48,3.614798003,5.17,0.3546811216,517.824,3.327776518,0.9816264997
3.446,1.17,2.34,3.430013465,3.26,0.220827979,515.205,3.300649148,0.9740269043
3.447,1.27,2.54,3.693285273,5.77,0.3974231805,512.998,3.277681956,1.004946834
3.448,1.42,2.84,4.079366685,9.65,0.6819832286,511.795,3.265121267,1.033508662
3.449,1.48,2.96,4.230833613,11.28,0.8058196629,511.424,3.261241648,1.04026797
3.45,1.46,2.92,4.180532931,10.85,0.7729009945,512.447,3.271932549,1.033548819
3.451,1.46,2.92,4.180532931,10.85,0.7729009945,514.024,3.288371312,1.029365336
3.452,1.53,3.06,4.355761529,12.8,0.9236330551,514.932,3.297813506,1.031817285
3.453,1.67,3.34,4.699298905,15.93,1.173455422,515.881,3.307664277,1.048688547
3.454,1.81,3.62,5.033609855,18.61,1.395240688,516.65,3.315633337,1.068508695
3.455,1.88,3.76,5.197305421,20.01,1.514045576,516.733,3.316492747,1.075926755
3.456,1.84,3.68,5.104047539,19.34,1.456934338,515.704,3.305828364,1.071656906
3.457,1.73,3.46,4.843704793,17.11,1.270200984,514.098,3.289141454,1.062369159
3.458,1.61,3.22,4.553198367,14.9,1.090161848,512.023,3.267504112,1.044870903
3.459,1.58,3.16,4.479512605,14.1,1.02620387,509.571,3.241822236,1.04955136
3.46,1.62,3.24,4.577666141,15,1.09820173,506.373,3.208140544,1.063005644
3.461,1.63,3.26,4.602086841,15.3,1.122381755,502.815,3.170416396,1.072048272
3.462,1.57,3.14,4.454856537,13.97,1.015871161,498.633,3.125733437,1.075635405
3.463,1.46,2.92,4.180532931,10.87,0.7744281063,490.67,3.039606194,1.096092117
3.464,1.35,2.7,3.90051342,7.79,0.5437928897,482.276,2.947290661,1.117278737
3.465,1.29,2.58,3.745374751,6,0.4138963161,483.81,2.964280674,1.108697017
3.466,1.29,2.58,3.745374751,5.97,0.4117448525,487.298,3.002712816,1.09691644
3.467,1.35,2.7,3.90051342,7.6,0.5298619186,492.519,3.059728798,1.08661787
3.468,1.46,2.92,4.180532931,10.63,0.7561284042,499.946,3.139802537,1.073051087
3.469,1.58,3.16,4.479512605,13.93,1.012695257,518.511,3.334869689,1.030349784
3.47,1.67,3.34,4.699298905,15.77,1.16044631,522.376,3.37460089,1.036218301
3.471,1.7,3.4,4.77171368,16.36,1.208546047,526.447,3.416133082,1.03179346
3.472,1.65,3.3,4.65078702,15.49,1.137742688,530.953,3.461730294,1.011156504
3.473,1.61,3.22,4.553198367,14.67,1.071708241,535.536,3.507711454,0.9942740936
3.474,1.71,3.42,4.795757791,16.44,1.21509526,538.713,3.539355886,1.008687994
3.475,1.91,3.82,5.266754559,20.39,1.546645704,541.293,3.564916904,1.030360961
3.476,2.07,4.14,5.629994777,23.67,1.834385889,543.457,3.58626268,1.03862014
3.477,2.08,4.16,5.652297165,23.74,1.840651913,544.512,3.596638438,1.039543008
3.478,1.93,3.86,5.312818617,21,1.599294702,544.457,3.596098019,1.022601929
3.479,1.81,3.62,5.033609855,18.62,1.396082072,543.62,3.587867074,1.009964128
3.48,1.79,3.58,4.986416031,18.3,1.369209095,541.821,3.570132976,1.009530411
3.481,1.83,3.66,5.080615385,19.09,1.435744057,539.593,3.548088103,1.019419439
3.482,1.88,3.76,5.197305421,20.04,1.516613769,537.049,3.522805,1.03133033
3.483,1.89,3.78,5.220502207,20.26,1.53547599,534.462,3.496971431,1.037368455
3.484,1.84,3.68,5.104047539,19.28,1.45184274,532.301,3.475295827,1.035905013
3.485,1.75,3.5,4.8914635,17.5,1.302488754,530.98,3.462002345,1.02664973
3.486,1.64,3.28,4.626460467,15.42,1.132079159,530.544,3.457607531,1.008012263
3.487,1.56,3.12,4.430153395,13.47,0.9762868841,530.657,3.458746901,0.9988995823
3.488,1.54,3.08,4.380605891,12.83,0.9259811889,530.969,3.461891511,0.998343888
3.489,1.58,3.16,4.479512605,13.97,1.015871161,530.986,3.462062799,1.000352539
3.49,1.66,3.32,4.675066499,15.71,1.155574575,530.07,3.452825584,1.014466266
3.491,1.71,3.42,4.795757791,16.71,1.237246958,529.147,3.443501619,1.024570688
3.492,1.73,3.46,4.843704793,16.99,1.260297613,527.885,3.430726786,1.032547346
3.493,1.73,3.46,4.843704793,17.1,1.269375141,526.674,3.418439465,1.033254341
3.494,1.74,3.48,4.867607683,17.18,1.275984753,526.373,3.415381007,1.037567295
3.495,1.74,3.48,4.867607683,17.17,1.275158193,526.918,3.420917464,1.036526674
3.496,1.74,3.48,4.867607683,17.21,1.278465046,528.813,3.440123608,1.031581271
3.497,1.8,3.6,5.01003648,18.46,1.382632347,531.3,3.465225601,1.033453648
3.498,1.93,3.86,5.312818617,20.96,1.595830303,533.715,3.489488681,1.044736551
3.499,2.02,4.04,5.517776733,22.66,1.744562006,536.279,3.515128874,1.049068635
3.5,2,4,5.47256,22.25,1.708410371,537.1,3.52331303,1.046033894
3.501,1.93,3.86,5.312818617,20.96,1.595830303,537.07,3.523014195,1.037894122
3.502,1.92,3.84,5.289810125,20.83,1.584582656,536.391,3.516246086,1.037049153
3.503,1.95,3.9,5.35869438,21.34,1.628810296,535.193,3.50428379,1.043950158
3.504,1.92,3.84,5.289810125,20.75,1.577669878,534.109,3.49343671,1.043127379
3.505,1.84,3.68,5.104047539,19.37,1.459481542,533.052,3.482838587,1.032722973
3.506,1.81,3.62,5.033609855,18.76,1.407872324,532.37,3.475989281,1.030661854
3.507,1.85,3.7,5.12743262,19.52,1.472231631,531.389,3.466121724,1.038287917
3.508,1.9,3.8,5.24365192,20.53,1.558694471,530.266,3.454803448,1.045906871
3.509,1.91,3.82,5.266754559,20.64,1.56817581,529.081,3.442834277,1.051036511
3.51,1.88,3.76,5.197305421,20.16,1.526895965,527.563,3.427462391,1.049037039
3.511,1.86,3.72,5.150770627,19.67,1.485005183,525.877,3.410337338,1.05217778
3.512,1.83,3.66,5.080615385,19.1,1.436590421,524.016,3.391370909,1.052331416
3.513,1.78,3.56,4.962748509,18.25,1.365019752,521.974,3.370482155,1.04798786
3.514,1.72,3.44,4.819754829,17.17,1.275158193,519.695,3.347072282,1.042733558
3.515,1.67,3.34,4.699298905,16.04,1.182414232,517.356,3.322939098,1.043047806
3.516,1.61,3.22,4.553198367,15.01,1.099006271,515.257,3.3011891,1.034771864
3.517,1.55,3.1,4.40540318,13.62,0.988136049,512.949,3.277170916,1.032845518
3.518,1.46,2.92,4.180532931,11.02,0.7858938405,510.67,3.253348243,1.034979544
3.519,1.28,2.56,3.719353549,6.31,0.4361772617,508.748,3.233174551,1.013626858
3.52,1.07,2.14,3.162034297,0.35,0.0232539451,506.521,3.209703985,0.9780623085
3.521,0.91,1.82,2.723476319,-8,-0.5027319434,504.248,3.185641968,1.015120259
3.522,0.89,1.78,2.667809247,-8.85,-0.5530000139,501.736,3.158923396,1.023748152
3.523,1.01,2.02,2.998987263,-2.72,-0.177057616,498.223,3.1213326,1.018582598
3.524,1.17,2.34,3.430013465,2.86,0.1932180047,485.497,2.982903172,1.079937847
3.525,1.31,2.62,3.797275935,6.48,0.448433957,486.138,2.9899621,1.104374212
3.526,1.42,2.84,4.079366685,9.28,0.6542302888,487.39,3.00372278,1.115204763
3.527,1.47,2.94,4.205706809,10.85,0.7729009945,489.229,3.023871193,1.107705862
3.528,1.47,2.94,4.205706809,10.83,0.7713742715,492.193,3.056186442,1.098795584
3.529,1.44,2.88,4.130043955,9.77,0.6910124414,496.743,3.105416467,1.087876016
3.53,1.43,2.86,4.104728857,9.69,0.6849914265,507.893,3.224175798,1.050026418
3.531,1.52,3.04,4.330870093,11.98,0.859794194,517.925,3.328819918,1.033962542
3.532,1.69,3.38,4.747622495,16.11,1.188121682,520.57,3.356072395,1.044766666
3.533,1.88,3.76,5.197305421,19.85,1.500364454,523.849,3.389665632,1.062837105
3.534,2.01,4.02,5.495191903,22.22,1.705772166,526.977,3.42151648,1.071753959
3.535,2.02,4.04,5.517776733,22.52,1.732197378,529.839,3.450493591,1.064654784
3.536,1.95,3.9,5.35869438,21.26,1.621854462,532.084,3.47311438,1.051761953
3.537,1.86,3.72,5.150770627,19.53,1.473082471,534.672,3.499073132,1.035923056
3.538,1.78,3.56,4.962748509,17.99,1.343276753,536.434,3.516674954,1.021151816
3.539,1.7,3.4,4.77171368,16.5,1.220011443,536.775,3.520074758,1.006672343
3.54,1.63,3.26,4.602086841,15.02,1.099810913,536.143,3.513771945,0.9975082234
3.541,1.56,3.12,4.430153395,13.17,0.9526555674,535.033,3.502684127,0.9943469407
3.542,1.49,2.98,4.255913343,11.23,0.8019826584,533.079,3.483109567,0.9931906059
3.543,1.42,2.84,4.079366685,9.48,0.6692155509,530.324,3.455388594,0.9890322906
3.544,1.38,2.76,3.977447261,8.31,0.5820946737,527.176,3.423536395,0.992963953
3.545,1.38,2.76,3.977447261,8.1,0.5665957586,524.278,3.394045159,1.004243339
3.546,1.4,2.8,4.02850112,8.81,0.6191657777,521.097,3.361485738,1.012020546
3.547,1.45,2.9,4.15531198,9.98,0.7068469357,518.196,3.331618529,1.028933395
3.548,1.49,2.98,4.255913343,11.08,0.7904862633,515.915,3.308016866,1.038406757
3.549,1.52,3.04,4.330870093,11.97,0.8590197516,514.142,3.289599323,1.043930526
3.55,1.55,3.1,4.40540318,12.74,0.9189394541,513.416,3.282039457,1.048661103
3.551,1.57,3.14,4.454856537,13.48,0.9770761329,512.804,3.275658368,1.047527546
3.552,1.6,3.2,4.52868352,14.16,1.030978503,512.339,3.270804899,1.052745593
3.553,1.61,3.22,4.553198367,14.61,1.066902987,512.137,3.268695137,1.05018921
3.554,1.62,3.24,4.577666141,14.69,1.073310795,512.011,3.267378726,1.054594234
3.555,1.61,3.22,4.553198367,14.5,1.058102728,511.674,3.263856255,1.053503373
3.556,1.59,3.18,4.504121599,13.86,1.007141264,511.385,3.260833654,1.055329913
3.557,1.55,3.1,4.40540318,12.77,0.9212858102,511.315,3.260101278,1.053574588
3.558,1.5,3,4.280946,11.42,0.8165762495,511.643,3.263532113,1.049223604
3.559,1.47,2.94,4.205706809,10.43,0.7409213337,512.522,3.272715499,1.047854349
3.56,1.46,2.92,4.180532931,10.37,0.7363667681,514.268,3.290910279,1.038054468
3.561,1.49,2.98,4.255913343,11.18,0.7981480909,516.505,3.314131626,1.034927981
3.562,1.54,3.08,4.380605891,12.34,0.8877395187,519.324,3.343251659,1.035361623
3.563,1.57,3.14,4.454856537,13.27,0.9605227547,522.497,3.375839988,1.027325619
3.564,1.59,3.18,4.504121599,13.96,1.015077035,526.082,3.412422495,1.017305946
3.565,1.62,3.24,4.577666141,14.79,1.081329584,529.461,3.446675409,1.010967556
3.566,1.68,3.36,4.723484237,15.78,1.16125862,532.965,3.481965336,1.017285464
3.567,1.75,3.5,4.8914635,17.15,1.273505381,536.93,3.521619409,1.02009097
3.568,1.83,3.66,5.080615385,18.7,1.402816872,540.153,3.553637557,1.025050358
3.569,1.91,3.82,5.266754559,20.32,1.540629039,542.441,3.576251424,1.02929013
3.57,1.99,3.98,5.449881023,21.72,1.661943022,543.392,3.585622757,1.038554113
3.571,2,4,5.47256,22.11,1.696106948,542.636,3.578174329,1.037593506
3.572,1.94,3.88,5.335780035,20.87,1.588041573,541.466,3.566626518,1.03513552
3.573,1.81,3.62,5.033609855,18.31,1.370047273,539.429,3.546461816,1.023817868
3.574,1.68,3.36,4.723484237,15.82,1.164508873,536.052,3.512863808,1.009858431
3.575,1.61,3.22,4.553198367,14.62,1.067703612,532.065,3.472923335,1.002768653
3.576,1.61,3.22,4.553198367,14.64,1.069305163,527.059,3.422348899,1.013701925
3.577,1.62,3.24,4.577666141,14.66,1.070907115,522.328,3.374109267,1.029842355
3.578,1.56,3.12,4.430153395,13.18,0.9534418402,517.58,3.32525499,1.035397826
3.579,1.45,2.9,4.15531198,10.02,0.7098678504,513.937,3.287465732,1.039520944
3.58,1.32,2.64,3.823155917,6.7,0.4643357186,511.187,3.258761819,1.026875036
3.581,1.26,2.52,3.667169923,4.89,0.334848915,509.201,3.237936185,1.026417716
3.582,1.27,2.54,3.693285273,5.05,0.3461727334,499.381,3.133752965,1.061311532
3.583,1.3,2.6,3.77134888,5.99,0.4131790684,512.852,3.276159121,1.022229106
3.584,1.31,2.62,3.797275935,6.09,0.4203557404,513.311,3.280945203,1.02593007
3.585,1.25,2.5,3.6410075,4.45,0.3038301318,513.852,3.286580823,1.014092132
3.586,1.17,2.34,3.430013465,2.3,0.1548075169,514.438,3.29267852,0.9949317932
3.587,1.15,2.3,3.37679422,1.82,0.1221093445,515.155,3.300129912,0.9867206723
3.588,1.23,2.46,3.588541433,3.94,0.2680991864,516.253,3.311520753,1.002492302
3.589,1.39,2.78,4.002997727,7.94,0.5548151612,517.7,3.326495235,1.031352126
3.59,1.54,3.08,4.380605891,11.91,0.8543751566,520.321,3.353512761,1.041046239
3.591,1.63,3.26,4.602086841,14.49,1.057303305,523.551,3.386621332,1.035590658
3.592,1.67,3.34,4.699298905,15.4,1.130461916,527.06,3.42235905,1.032173007
3.593,1.7,3.4,4.77171368,15.93,1.173455422,530.041,3.452532879,1.031501459
3.594,1.73,3.46,4.843704793,16.48,1.218372308,532.413,3.476421388,1.031718347
3.595,1.76,3.52,4.915272243,17.06,1.26607279,534.32,3.495549812,1.032268337
3.596,1.78,3.56,4.962748509,17.42,1.295852912,534.727,3.499623441,1.034881239
3.597,1.78,3.56,4.962748509,17.35,1.290051935,534.422,3.496571013,1.03679537
3.598,1.75,3.5,4.8914635,16.82,1.246293028,533.725,3.489588921,1.032851653
3.599,1.7,3.4,4.77171368,15.9,1.171014238,532.804,3.480348945,1.025874242
3.6,1.64,3.28,4.626460467,14.68,1.072509468,531.145,3.463664579,1.01990365
3.601,1.55,3.1,4.40540318,12.34,0.8877395187,529.33,3.445351541,1.016688345
3.602,1.47,2.94,4.205706809,9.87,0.6985473763,527.599,3.427827453,1.019225587
3.603,1.43,2.86,4.104728857,8.63,0.6057927298,525.819,3.409747244,1.022210932
3.604,1.45,2.9,4.15531198,9.35,0.6594707644,525.542,3.406928136,1.021865312
3.605,1.54,3.08,4.380605891,11.82,0.8474148814,526.271,3.414344189,1.0278868
3.606,1.67,3.34,4.699298905,15.21,1.11511823,528.793,3.439921264,1.031670288
3.607,1.83,3.66,5.080615385,18.2,1.36083299,531.871,3.470972278,1.051494235
3.608,2.02,4.04,5.517776733,21.9,1.677690909,534.304,3.495389606,1.06663268
3.609,2.19,4.38,5.894516575,25.35,1.986233201,535.548,3.507831333,1.072888121
3.61,2.26,4.52,6.045690563,26.95,2.133710792,534.297,3.495319515,1.074019899
3.611,2.22,4.44,5.959587869,26.17,2.061464585,532.052,3.472792617,1.076854156
3.612,2.11,4.22,5.718921887,23.92,1.856788793,528.757,3.439557026,1.079786344
3.613,1.99,3.98,5.449881023,21.65,1.655828128,524.581,3.397136232,1.078551249
3.614,1.91,3.82,5.266754559,20.12,1.52346689,518.96,3.339500469,1.083033089
3.615,1.85,3.7,5.12743262,18.98,1.426440919,514.559,3.293936736,1.086233559
3.616,1.78,3.56,4.962748509,17.66,1.315780144,509.778,3.243995094,1.088375687
3.617,1.68,3.36,4.723484237,15.7,1.154762973,505.084,3.194504465,1.08604134
3.618,1.54,3.08,4.380605891,12.4,0.8924094601,500.129,3.14176049,1.085875396
3.619,1.39,2.78,4.002997727,8.35,0.5850516001,495.404,3.090975755,1.088946664
3.62,1.27,2.54,3.693285273,5.13,0.3518435126,490.008,3.03238323,1.091323234
3.621,1.2,2.4,3.50948928,3.25,0.2201359582,479.058,2.911473007,1.120666507
3.622,1.18,2.36,3.456552477,2.45,0.1650682554,470.951,2.820161234,1.15788501
3.623,1.16,2.32,3.403427379,2.15,0.1445670651,468.589,2.793261418,1.15848403
3.624,1.16,2.32,3.403427379,1.98,0.1329857094,466.449,2.768772531,1.17288454
3.625,1.16,2.32,3.403427379,2.06,0.1384325202,464.869,2.750619745,1.178042855
3.626,1.17,2.34,3.430013465,2.3,0.1548075169,463.734,2.737541491,1.185891971
3.627,1.16,2.32,3.403427379,2.01,0.135027589,462.755,2.726235038,1.189484442
3.628,1.1,2.2,3.24292232,0.42,0.02791774195,462.343,2.721469705,1.179507211
3.629,0.99,1.98,2.944261663,-5.22,-0.3341757968,462.825,2.727044261,1.230431889
3.63,0.86,1.72,2.583955587,-12.01,-0.7347854367,464.046,2.741139758,1.287885973
3.631,0.79,1.58,2.386649471,-15.28,-0.9146562267,465.759,2.760852623,1.292738668
3.632,0.84,1.68,2.527817779,-13.1,-0.7956600827,468.241,2.789286737,1.26794943
3.633,0.99,1.98,2.944261663,-5.87,-0.3741614048,471.5,2.826394238,1.200645234
3.634,1.18,2.36,3.456552477,2.16,0.1452491313,475.453,2.871061022,1.145953931
3.635,1.37,2.74,3.951849721,6.99,0.485366489,480.221,2.92444536,1.158964159
3.636,1.56,3.12,4.430153395,12.14,0.8721986198,486.802,2.997264504,1.144901309
3.637,1.74,3.48,4.867607683,16.32,1.205273881,494.878,3.085292323,1.134490753
3.638,1.86,3.72,5.150770627,18.64,1.39776515,507.787,3.223059107,1.114686545
3.639,1.9,3.8,5.24365192,19.5,1.470530264,521.111,3.361629471,1.085156991
3.64,1.89,3.78,5.220502207,19.23,1.447602604,524.825,3.399624116,1.077008052
3.641,1.87,3.74,5.174061561,18.83,1.413775067,528.279,3.434718402,1.0671483
3.642,1.87,3.74,5.174061561,18.9,1.419682892,530.484,3.457002458,1.060979167
3.643,1.89,3.78,5.220502207,19.23,1.447602604,531.747,3.469724838,1.061654378
3.644,1.9,3.8,5.24365192,19.52,1.472231631,532.777,3.480077825,1.058829616
3.645,1.91,3.82,5.266754559,19.64,1.482448594,533.687,3.489207999,1.059356064
3.646,1.9,3.8,5.24365192,19.52,1.472231631,534.333,3.495679976,1.055504271
3.647,1.9,3.8,5.24365192,19.41,1.462879273,534.089,3.493236373,1.058016458
3.648,1.91,3.82,5.266754559,19.75,1.491827347,533.799,3.490330637,1.057123154
3.649,1.97,3.94,5.404381849,20.79,1.581125425,532.604,3.478340324,1.068172435
3.65,2.04,4.08,5.562805171,22.23,1.706651462,529.68,3.448887863,1.078995779
3.651,2.09,4.18,5.674552479,23.18,1.790671302,525.678,3.408312432,1.091473405
3.652,2.08,4.16,5.652297165,23.09,1.782670121,520.831,3.358754071,1.099364097
3.653,2.03,4.06,5.540314489,22.11,1.696106948,515.784,3.306658233,1.107450438
3.654,1.95,3.9,5.35869438,20.64,1.56817581,510.881,3.255558314,1.110901688
3.655,1.87,3.74,5.174061561,19.01,1.428976892,506.834,3.213008948,1.114622435
3.656,1.78,3.56,4.962748509,17.26,1.282600916,503.403,3.176669117,1.11290603
3.657,1.68,3.36,4.723484237,15.44,1.133696805,500.794,3.14886943,1.102956493
3.658,1.59,3.18,4.504121599,13.31,0.9636724055,497.495,3.1135095,1.104714409
3.659,1.51,3.02,4.305931583,10.95,0.7805404415,493.623,3.071707605,1.117771112
3.66,1.43,2.86,4.104728857,8.74,0.6139614739,488.441,3.015247013,1.131025917
3.661,1.36,2.72,3.926205107,6.76,0.4686804357,471.383,2.825066502,1.192017839
3.662,1.29,2.58,3.745374751,5.02,0.3440477163,467.539,2.781259849,1.198401973
3.663,1.24,2.48,3.614798003,3.49,0.2367695741,464.087,2.741612427,1.213678434
3.664,1.18,2.36,3.456552477,2.05,0.1377513541,461.035,2.706312739,1.215356744
3.665,1.13,2.26,3.323386681,0.6,0.03993030927,459.085,2.683636315,1.220233297
3.666,1.08,2.16,3.189044045,-1.73,-0.11335941,457.56,2.665834968,1.249392588
3.667,1.04,2.08,3.080722611,-4,-0.2581659283,456.997,2.659248063,1.283055905
3.668,1.03,2.06,3.053524569,-4.79,-0.307528872,457.343,2.663297104,1.296190571
3.669,1.04,2.08,3.080722611,-4.01,-0.2587940821,458.272,2.674153526,1.275471698
3.67,1.08,2.16,3.189044045,-2.12,-0.1385538279,460.611,2.701390241,1.244341632
3.671,1.11,2.22,3.269790847,0.08,0.005305640709,464.101,2.741773817,1.190278948
3.672,1.15,2.3,3.37679422,1.03,0.06874350944,468.464,2.791834071,1.180458885
3.673,1.19,2.38,3.483044415,2.07,0.1391137764,473.638,2.850598787,1.165009793
3.674,1.24,2.48,3.614798003,3.14,0.2125297309,479.183,2.912868793,1.156587864
3.675,1.27,2.54,3.693285273,4.12,0.2806828744,484.801,2.975228003,1.134332422
3.676,1.3,2.6,3.77134888,4.85,0.3320216532,491.224,3.045643302,1.116555055
3.677,1.33,2.66,3.848988825,5.54,0.3809992462,499.382,3.133763678,1.095092018
3.678,1.38,2.76,3.977447261,6.78,0.4701294253,517.288,3.322235861,1.048803836
3.679,1.46,2.92,4.180532931,9.04,0.6362985958,521.384,3.364431499,1.044942506
3.68,1.59,3.18,4.504121599,12.5,0.9002005719,524.585,3.397177027,1.04810934
3.681,1.72,3.44,4.819754829,15.68,1.153140073,527.015,3.421902251,1.053488577
3.682,1.81,3.62,5.033609855,17.39,1.293366164,529.027,3.442288208,1.062917489
3.683,1.84,3.68,5.104047539,17.99,1.343276753,530.879,3.460984602,1.062400058
3.684,1.83,3.66,5.080615385,17.67,1.316611729,532.577,3.478069103,1.059635784
3.685,1.82,3.64,5.057136157,17.52,1.30414874,534.241,3.494758749,1.053809887
3.686,1.87,3.74,5.174061561,18.54,1.389353898,536.413,3.516465511,1.054678358
3.687,2,4,5.47256,21.02,1.601027535,537.781,3.530092107,1.066543051
3.688,2.17,4.34,5.850900345,24.51,1.909927218,537.673,3.529017584,1.075741813
3.689,2.29,4.58,6.109773311,27.04,2.142090029,537.329,3.52559359,1.07800183
3.69,2.28,4.56,6.088459469,26.81,2.120694191,535.998,3.512324841,1.080851926
3.691,2.12,4.24,5.741035981,23.82,1.847819547,533.482,3.487152561,1.076113589
3.692,1.89,3.78,5.220502207,19.34,1.456934338,530.596,3.458131873,1.062142804
3.693,1.7,3.4,4.77171368,15.58,1.145031639,527.559,3.427421827,1.043578402
3.694,1.6,3.2,4.52868352,13.21,0.955801253,525.535,3.406856875,1.038056017
3.695,1.58,3.16,4.479512605,12.7,0.9158123613,523.867,3.389849461,1.04037725
3.696,1.61,3.22,4.553198367,13.4,0.9707649231,522.354,3.374375568,1.047882888
3.697,1.65,3.3,4.65078702,14.56,1.062901366,520.736,3.357778138,1.052052522
3.698,1.71,3.42,4.795757791,15.79,1.162071032,518.945,3.339345831,1.065388507
3.699,1.82,3.64,5.057136157,17.78,1.325765949,517.158,3.32089118,1.088338566
3.7,1.92,3.84,5.289810125,19.85,1.500364454,515.547,3.304199372,1.100996951
3.701,1.97,3.94,5.404381849,20.77,1.579397441,513.65,3.284477275,1.111126862
3.702,1.94,3.88,5.335780035,20.1,1.521752981,511.207,3.258971132,1.116102898
3.703,1.84,3.68,5.104047539,18.25,1.365019752,508.75,3.233195583,1.110006202
3.704,1.74,3.48,4.867607683,16.24,1.198734428,505.244,3.196198965,1.107549819
3.705,1.66,3.32,4.675066499,14.71,1.07491375,501.223,3.15345049,1.105644224
3.706,1.59,3.18,4.504121599,13,0.9393040821,496.531,3.103132706,1.114209531
3.707,1.54,3.08,4.380605891,11.49,0.8219617179,490.44,3.03709781,1.135148566
3.708,1.49,2.98,4.255913343,10.09,0.7151581665,475.657,2.873356025,1.185982029
3.709,1.44,2.88,4.130043955,8.77,0.616191317,473.849,2.852981616,1.190498149
3.71,1.4,2.8,4.02850112,7.53,0.5247380588,472.42,2.836823091,1.198401856
3.711,1.36,2.72,3.926205107,6.43,0.4448262407,472.219,2.834546348,1.197242765
3.712,1.33,2.66,3.848988825,5.52,0.3795733999,473.058,2.844043355,1.193997028
3.713,1.3,2.6,3.77134888,4.72,0.3228432436,474.929,2.865161499,1.18298095
3.714,1.28,2.56,3.719353549,4.2,0.286285154,478.2,2.901882486,1.166611662
3.715,1.29,2.58,3.745374751,4.39,0.2996141022,483.394,2.959678542,1.149137301
3.716,1.33,2.66,3.848988825,5.49,0.3774353265,491.447,3.04807148,1.123626092
3.717,1.41,2.82,4.053957439,7.43,0.5174262867,501.934,3.161034249,1.102079905
3.718,1.51,3.02,4.305931583,10.13,0.7181833282,522.276,3.373576625,1.052342179
3.719,1.64,3.28,4.626460467,13.79,1.001592152,530.759,3.45977515,1.03700506
3.72,1.8,3.6,5.01003648,17.21,1.278465046,536.833,3.520652808,1.043949457
3.721,1.95,3.9,5.35869438,20.02,1.514901535,541.896,3.570873483,1.053663279
3.722,1.99,3.98,5.449881023,20.87,1.588041573,546.08,3.612022387,1.048041152
3.723,1.92,3.84,5.289810125,19.5,1.470530264,548.358,3.634293759,1.036237508
3.724,1.81,3.62,5.033609855,17.29,1.285083667,549.038,3.640924001,1.021843691
3.725,1.74,3.48,4.867607683,15.99,1.178340525,548.023,3.631024366,1.012110288
3.726,1.75,3.5,4.8914635,16.25,1.199551504,544.939,3.600832202,1.01897344
3.727,1.83,3.66,5.080615385,17.68,1.317443417,540.75,3.559547339,1.041752105
3.728,1.95,3.9,5.35869438,19.98,1.511478325,537.266,3.524966284,1.063983583
3.729,2.08,4.16,5.652297165,22.59,1.738377076,534.476,3.49711157,1.079612152
3.73,2.16,4.32,5.829021619,24.26,1.887364977,533.246,3.484785322,1.085044404
3.731,2.15,4.3,5.80709582,24.01,1.864870339,532.845,3.480760619,1.086325612
3.732,2.06,4.12,5.607645315,22.37,1.718972778,533.336,3.485688206,1.077427585
3.733,1.98,3.96,5.427154973,20.74,1.576806255,534.051,3.492855711,1.070516143
3.734,1.94,3.88,5.335780035,20.05,1.517470042,534.528,3.497632054,1.063942455
3.735,1.95,3.9,5.35869438,20.11,1.522609883,534.54,3.497752159,1.06739202
3.736,1.95,3.9,5.35869438,20.27,1.536334569,533.797,3.490310592,1.066057819
3.737,1.95,3.9,5.35869438,20.2,1.530326717,532.488,3.477174979,1.070133313
3.738,1.95,3.9,5.35869438,20.1,1.521752981,530.365,3.455802193,1.076571568
3.739,1.95,3.9,5.35869438,20.13,1.524324002,527.574,3.42757394,1.082149601
3.74,1.95,3.9,5.35869438,20.25,1.534617516,523.368,3.384750987,1.08930534
3.741,1.95,3.9,5.35869438,20.19,1.529468872,518.589,3.335674433,1.101446359
3.742,1.93,3.86,5.312818617,19.73,1.490121179,513.529,3.283216833,1.113019569
3.743,1.88,3.76,5.197305421,18.74,1.406186759,508.985,3.235666266,1.11966178
3.744,1.8,3.6,5.01003648,17.2,1.277638179,505.195,3.195680081,1.119982123
3.745,1.68,3.36,4.723484237,15.01,1.099006271,492.562,3.060195866,1.135670756
3.746,1.57,3.14,4.454856537,12.03,0.8636678778,494.406,3.080187216,1.129569021
3.747,1.53,3.06,4.355761529,10.72,0.7629842395,499.96,3.139952351,1.116021597
3.748,1.58,3.16,4.479512605,12.19,0.8760801584,513.612,3.284081466,1.07676408
3.749,1.71,3.42,4.795757791,15.31,1.123189317,520.887,3.359329275,1.069880179
3.75,1.82,3.64,5.057136157,17.47,1.299999544,523.698,3.388123267,1.078712389
3.751,1.87,3.74,5.174061561,18.54,1.389353898,526.579,3.417474359,1.076398258
3.752,1.89,3.78,5.220502207,18.89,1.418838606,529.666,3.448746455,1.07250354
3.753,1.91,3.82,5.266754559,19.28,1.45184274,532.348,3.47576819,1.068825164
3.754,1.96,3.92,5.381561651,20.16,1.526895965,534.581,3.498162496,1.070945083
3.755,2.02,4.04,5.517776733,21.47,1.640127965,536.44,3.516734793,1.06998712
3.756,2.1,4.2,5.69676072,23.01,1.77556525,537.798,3.530261225,1.073680179
3.757,2.18,4.36,5.872731997,24.65,1.92259165,538.863,3.54084534,1.074915297
3.758,2.25,4.5,6.0242355,26.05,2.050409136,540.103,3.553142304,1.075074542
3.759,2.28,4.56,6.088459469,26.64,2.104917369,541.366,3.565638368,1.073697139
3.76,2.26,4.52,6.045690563,26.22,2.066075685,542.296,3.574821123,1.071760532
3.761,2.21,4.42,5.937944511,25.33,1.984407469,542.544,3.577267198,1.067654055
3.762,2.18,4.36,5.872731997,24.82,1.937998476,542.727,3.579071448,1.064465754
3.763,2.19,4.38,5.894516575,25.06,1.959802742,542.722,3.57902216,1.064217895
3.764,2.23,4.46,5.981184153,25.87,2.033855557,541.289,3.564877369,1.068310318
3.765,2.29,4.58,6.109773311,26.94,2.132780318,538.797,3.540190032,1.076997223
3.766,2.33,4.66,6.194557945,27.89,2.221669313,534.804,3.500393779,1.082574213
3.767,2.34,4.68,6.215636419,28.08,2.239567251,530.071,3.452835677,1.091917859
3.768,2.28,4.56,6.088459469,27.04,2.142090029,526.045,3.41204621,1.096202759
3.769,2.17,4.34,5.850900345,24.79,1.935277345,522.577,3.376659068,1.101462798
3.77,2.02,4.04,5.517776733,21.89,1.676815123,520.267,3.352957498,1.097023096
3.771,1.86,3.72,5.150770627,18.93,1.422216374,519.245,3.342437751,1.081037677
3.772,1.72,3.44,4.819754829,16.14,1.190569254,518.84,3.338263237,1.064237822
3.773,1.58,3.16,4.479512605,13.17,0.9526555674,519.196,3.341932859,1.043059814
3.774,1.47,2.94,4.205706809,10.1,0.7159143121,519.539,3.345466099,1.035536291
3.775,1.39,2.78,4.002997727,7.69,0.5364565434,520.087,3.351106205,1.029693406
3.776,1.32,2.64,3.823155917,5.94,0.4095942274,520.607,3.356452638,1.01516419
3.777,1.28,2.56,3.719353549,4.67,0.3193172337,521.121,3.361732135,1.010405777
3.778,1.24,2.48,3.614798003,3.6,0.2444108522,522.139,3.372173064,0.9995061878
3.779,1.22,2.44,3.562237789,3.01,0.2035547251,523.127,3.382286856,0.9934175027
3.78,1.24,2.48,3.614798003,3.66,0.248583474,524.356,3.394841052,0.9921429627
3.781,1.34,2.68,3.874774659,6.13,0.4232290204,525.182,3.403262092,1.012618231
3.782,1.51,3.02,4.305931583,10.55,0.7500409241,526.17,3.413317338,1.034244788
3.783,1.69,3.38,4.747622495,15.29,1.121574293,527.634,3.428182351,1.043489326
3.784,1.82,3.64,5.057136157,17.8,1.327431689,527.75,3.429358416,1.063140489
3.785,1.89,3.78,5.220502207,19.09,1.435744057,526.63,3.41799249,1.07556357
3.786,1.9,3.8,5.24365192,19.43,1.464578764,524.521,3.39652428,1.078695899
3.787,1.9,3.8,5.24365192,19.33,1.456085478,521.781,3.368503626,1.086859794
3.788,1.88,3.76,5.197305421,18.94,1.423061075,518.581,3.335591901,1.092179961
3.789,1.83,3.66,5.080615385,18.08,1.350795287,515.205,3.300649148,1.092266167
3.79,1.77,3.54,4.939033913,16.78,1.24300212,511.624,3.263333436,1.096020004
3.791,1.69,3.38,4.747622495,15.39,1.129653446,507.839,3.223606947,1.090590056
3.792,1.64,3.28,4.626460467,14.19,1.033367167,503.348,3.176084564,1.099064858
3.793,1.61,3.22,4.553198367,13.41,0.9715534768,497.985,3.118776307,1.113161678
3.794,1.62,3.24,4.577666141,13.52,0.9802341214,486.764,2.996846864,1.151011548
3.795,1.64,3.28,4.626460467,14.07,1.023817902,489.503,3.026866702,1.142142852
3.796,1.64,3.28,4.626460467,14.31,1.04293082,495.842,3.095703744,1.117871219
3.797,1.63,3.26,4.602086841,13.94,1.013489083,513.816,3.286205994,1.070328653
3.798,1.6,3.2,4.52868352,13.08,0.9455835699,516.778,3.316958635,1.062437227
3.799,1.56,3.12,4.430153395,12,0.8613433732,519.364,3.343663717,1.053542432
3.8,1.53,3.06,4.355761529,11.15,0.7958485199,520.019,3.350406661,1.050529053
3.801,1.52,3.04,4.330870093,10.79,0.7683219911,519.372,3.343746125,1.053209716
3.802,1.53,3.06,4.355761529,10.99,0.783598943,517.851,3.328055467,1.059369561
3.803,1.55,3.1,4.40540318,11.66,0.8350606483,515.893,3.307788723,1.063375176
3.804,1.57,3.14,4.454856537,12.28,0.8830731195,514.512,3.293448042,1.066642874
3.805,1.58,3.16,4.479512605,12.32,0.8861836588,513.762,3.285643701,1.073753111
3.806,1.55,3.1,4.40540318,11.64,0.8335181309,514.192,3.290119582,1.068329346
3.807,1.5,3,4.280946,10.28,0.7295414516,515.865,3.307498345,1.060417092
3.808,1.45,2.9,4.15531198,8.84,0.621397626,517.281,3.322163464,1.053695349
3.809,1.43,2.86,4.104728857,8.18,0.5724951674,518.533,3.33509668,1.050449744
3.81,1.45,2.9,4.15531198,8.63,0.6057927298,519.461,3.344662827,1.051856405
3.811,1.5,3,4.280946,10.08,0.7144021175,520.123,3.351476515,1.052895668
3.812,1.57,3.14,4.454856537,12.07,0.8667685913,520.613,3.356514296,1.054832616
3.813,1.64,3.28,4.626460467,13.99,1.017459711,521.395,3.36454437,1.055786435
3.814,1.7,3.4,4.77171368,15.24,1.117538498,521.947,3.37020541,1.063276733
3.815,1.74,3.48,4.867607683,16.05,1.183229278,521.694,3.36761151,1.069606235
3.816,1.77,3.54,4.939033913,16.7,1.2364252,521.17,3.362235162,1.074015805
3.817,1.81,3.62,5.033609855,17.36,1.290880339,520.676,3.357161667,1.082952746
3.818,1.84,3.68,5.104047539,17.99,1.343276753,519.037,3.34029421,1.08977692
3.819,1.86,3.72,5.150770627,18.36,1.374239714,516.355,3.312577689,1.098991103
3.82,1.86,3.72,5.150770627,18.36,1.374239714,512.27,3.270084331,1.109046349
3.821,1.85,3.7,5.12743262,18.08,1.350795287,507.305,3.217978385,1.122277659
3.822,1.83,3.66,5.080615385,17.77,1.324933233,501.72,3.158752786,1.133133623
3.823,1.81,3.62,5.033609855,17.33,1.288395436,495.726,3.09445199,1.148479371
3.824,1.76,3.52,4.915272243,16.38,1.21018274,485.235,2.980015248,1.173040572
3.825,1.68,3.36,4.723484237,14.8,1.082132014,476.708,2.885164213,1.190605381
3.826,1.57,3.14,4.454856537,11.97,0.8590197516,475.915,2.876257119,1.192644265
3.827,1.46,2.92,4.180532931,8.82,0.6199096316,476.007,2.877291238,1.195393999
3.828,1.35,2.7,3.90051342,5.89,0.4060117151,477.238,2.891108994,1.183005951
3.829,1.26,2.52,3.667169923,3.42,0.2319126851,479.593,2.917444419,1.164418579
3.83,1.19,2.38,3.483044415,1.35,0.09029280197,482.954,2.954806591,1.143819615
3.831,1.1,2.2,3.24292232,-2.12,-0.1385538279,487.936,3.009712778,1.129481989
3.832,1.09,2.18,3.216006719,-3.05,-0.1981025445,494.837,3.084849064,1.11405927
3.833,1.21,2.42,3.535887071,1.75,0.1173581633,504.791,3.191400022,1.068644752
3.834,1.43,2.86,4.104728857,7.39,0.5145042206,523.208,3.383115176,1.053137425
3.835,1.67,3.34,4.699298905,13.97,1.015871161,528.528,3.437239486,1.055284559
3.836,1.84,3.68,5.104047539,17.35,1.290051935,533.676,3.489097728,1.067982361
3.837,1.94,3.88,5.335780035,19.33,1.456085478,539.182,3.544011535,1.067135302
3.838,2.04,4.08,5.562805171,21.33,1.627940446,543.586,3.587532455,1.066596506
3.839,2.13,4.26,5.763103001,23.06,1.78000499,547.233,3.623306534,1.066587217
3.84,2.2,4.4,5.91625408,24.53,1.911735122,549.649,3.646874468,1.064340639
3.841,2.27,4.54,6.067098553,25.89,2.035693091,550.516,3.65530675,1.066086579
3.842,2.32,4.64,6.173432397,27.12,2.149545749,550.236,3.652584974,1.063994021
3.843,2.37,4.74,6.278589401,28.1,2.241453581,549.321,3.643680932,1.066855717
3.844,2.4,4.8,6.34111872,28.83,2.310609865,548.325,3.633971788,1.066705631
3.845,2.43,4.86,6.403224377,29.39,2.364065313,547.325,3.624205893,1.069294318
3.846,2.45,4.9,6.44439278,29.8,2.403425703,546.347,3.614637574,1.070841645
3.847,2.47,4.94,6.485372889,30.16,2.438142236,545.394,3.605297352,1.073126122
3.848,2.47,4.94,6.485372889,30.34,2.455555396,544.567,3.597178803,1.071478224
3.849,2.44,4.88,6.423832115,29.76,2.399577333,543.886,3.590484255,1.072415036
3.85,2.35,4.7,6.23666782,27.91,2.223551416,543.329,3.58500245,1.073704052
3.851,2.18,4.36,5.872731997,24.7,1.927119813,542.993,3.581692934,1.066061285
3.852,1.98,3.96,5.427154973,20.79,1.581125425,543.201,3.583741924,1.050783032
3.853,1.82,3.64,5.057136157,17.83,1.329931071,543.226,3.583988144,1.029145156
3.854,1.78,3.56,4.962748509,17.02,1.262772076,542.734,3.579140451,1.024956251
3.855,1.86,3.72,5.150770627,18.5,1.385992295,541.845,3.570369949,1.039224006
3.856,2.02,4.04,5.517776733,21.58,1.64971843,540.962,3.561644385,1.058797272
3.857,2.17,4.34,5.850900345,24.63,1.920781144,539.972,3.551844524,1.069121241
3.858,2.25,4.5,6.0242355,26.42,2.084547538,538.076,3.533026047,1.072391026
3.859,2.28,4.56,6.088459469,26.89,2.128129601,535.306,3.505413263,1.080751423
3.86,2.26,4.52,6.045690563,26.56,2.097503996,531.207,3.464289042,1.087003871
3.861,2.22,4.44,5.959587869,25.84,2.031100078,525.534,3.406846695,1.095926113
3.862,2.15,4.3,5.80709582,24.54,1.912639236,519.118,3.341129056,1.105320124
3.863,2.03,4.06,5.540314489,22.24,1.707530863,512.668,3.274239314,1.112117639
3.864,1.88,3.76,5.197305421,19.28,1.45184274,507.538,3.220435021,1.112370815
3.865,1.74,3.48,4.867607683,16.68,1.23478199,503.634,3.179123546,1.102789274
3.866,1.66,3.32,4.675066499,15.13,1.108668614,501.105,3.152190823,1.097212093
3.867,1.63,3.26,4.602086841,14.49,1.057303305,499.584,3.135927316,1.097503872
3.868,1.61,3.22,4.553198367,14.09,1.025408448,497.978,3.118701103,1.098715734
3.869,1.58,3.16,4.479512605,13.21,0.955801253,496.093,3.098411281,1.10490325
3.87,1.52,3.04,4.330870093,11.55,0.8265816437,491.058,3.043835064,1.118967393
3.871,1.45,2.9,4.15531198,9.48,0.6692155509,480.123,2.92335346,1.156640824
3.872,1.39,2.78,4.002997727,7.76,0.5415909922,479.928,2.921180137,1.156009906
3.873,1.35,2.7,3.90051342,6.78,0.4701294253,480.324,2.925592729,1.148655056
3.874,1.33,2.66,3.848988825,6.19,0.4275417395,482.013,2.944372345,1.141484845
3.875,1.33,2.66,3.848988825,6.17,0.4261037932,485.165,2.979243402,1.130277944
3.876,1.38,2.76,3.977447261,7.39,0.5145042206,491.011,3.043322982,1.117942788
3.877,1.49,2.98,4.255913343,10.41,0.7394027579,499.545,3.135509652,1.098325044
3.878,1.67,3.34,4.699298905,15.08,1.104640877,518.911,3.338995301,1.057534577
3.879,1.84,3.68,5.104047539,18.49,1.385152153,523.325,3.384311412,1.07015128
3.88,1.96,3.92,5.381561651,20.76,1.578533607,526.997,3.421719521,1.076257844
3.881,2.01,4.02,5.495191903,21.65,1.655828128,530.487,3.457032713,1.074778304
3.882,1.99,3.98,5.449881023,21.43,1.6366437,532.834,3.480650173,1.064992779
3.883,1.95,3.9,5.35869438,20.56,1.561279029,534.232,3.49466862,1.059879325
3.884,1.87,3.74,5.174061561,18.98,1.426440919,535.477,3.507122012,1.048747453
3.885,1.76,3.52,4.915272243,16.89,1.252056047,536.649,3.518818777,1.030266445
3.886,1.71,3.42,4.795757791,15.96,1.175897517,538.077,3.53303599,1.018438206
3.887,1.81,3.62,5.033609855,17.9,1.335766563,539.62,3.548355798,1.030606828
3.888,2,4,5.47256,21.56,1.647973756,539.695,3.549099325,1.05300809
3.889,2.09,4.18,5.674552479,23.39,1.809374529,539.024,3.54244356,1.060303692
3.89,2,4,5.47256,21.73,1.662817002,536.952,3.521838614,1.055530088
3.891,1.8,3.6,5.01003648,17.95,1.339937861,534.086,3.493206321,1.036599839
3.892,1.64,3.28,4.626460467,14.76,1.078922893,530.824,3.460430303,1.019189357
3.893,1.57,3.14,4.454856537,13.03,0.9416581478,527.957,3.431456441,1.018691929
3.894,1.58,3.16,4.479512605,13.3,0.962884844,526.564,3.417321959,1.022671487
3.895,1.63,3.26,4.602086841,14.71,1.07491375,526.578,3.4174642,1.024421118
3.896,1.7,3.4,4.77171368,16,1.179155063,528.327,3.435204486,1.034100969
3.897,1.76,3.52,4.915272243,17.01,1.261947153,531.627,3.46851736,1.039067565
3.898,1.79,3.58,4.986416031,17.6,1.310792792,534.87,3.50105398,1.036279056
3.899,1.81,3.62,5.033609855,18.02,1.345782003,537.414,3.526439839,1.03312411
3.9,1.82,3.64,5.057136157,18.23,1.363344738,538.975,3.541957196,1.030953084
3.901,1.8,3.6,5.01003648,17.93,1.338269033,540.239,3.554489285,1.023969744
3.902,1.77,3.54,4.939033913,17.25,1.281773537,540.701,3.559062527,1.020285308
3.903,1.75,3.5,4.8914635,16.89,1.252056047,540.637,3.558429238,1.016833689
3.904,1.78,3.56,4.962748509,17.46,1.299170012,540.733,3.559379144,1.021446599
3.905,1.85,3.7,5.12743262,18.81,1.41208805,540.874,3.560774013,1.031082816
3.906,1.92,3.84,5.289810125,20.11,1.522609883,541.327,3.565252941,1.03969197
3.907,1.95,3.9,5.35869438,20.81,1.58285383,541.771,3.569639247,1.040019715
3.908,1.96,3.92,5.381561651,21.05,1.603627575,541.57,3.567654,1.040663049
3.909,1.97,3.94,5.404381849,21.1,1.607963086,540.08,3.552914472,1.04718273
3.91,1.97,3.94,5.404381849,21.07,1.605361462,537.129,3.523601889,1.053698668
3.911,1.96,3.92,5.381561651,20.97,1.596696244,533.355,3.485878796,1.058825813
3.912,1.88,3.76,5.197305421,19.44,1.465428666,529.465,3.446715828,1.058052227
3.913,1.72,3.44,4.819754829,16.47,1.217552894,525.265,3.404107541,1.04286217
3.914,1.6,3.2,4.52868352,13.91,1.011107903,522.444,3.375297277,1.032436205
3.915,1.57,3.14,4.454856537,12.88,0.9298967213,520.299,3.35328655,1.040080766
3.916,1.61,3.22,4.553198367,13.99,1.017459711,519.546,3.345538182,1.043593987
3.917,1.63,3.26,4.602086841,14.61,1.066902987,519.44,3.344446541,1.04323786
3.918,1.58,3.16,4.479512605,13.27,0.9605227547,520.183,3.352093641,1.038699526
3.919,1.55,3.1,4.40540318,12.37,0.8900740465,521.583,3.366473078,1.034971081
3.92,1.57,3.14,4.454856537,12.97,0.9369509069,524.078,3.392003868,1.02908364
3.921,1.63,3.26,4.602086841,14.53,1.060501596,527.242,3.424206149,1.026173187
3.922,1.69,3.38,4.747622495,15.86,1.167760745,530.96,3.461800827,1.025501534
3.923,1.77,3.54,4.939033913,17.27,1.283428397,535.123,3.503583996,1.031757077
3.924,1.84,3.68,5.104047539,18.56,1.39103532,539.193,3.54412068,1.034222128
3.925,1.88,3.76,5.197305421,19.46,1.467128782,542.073,3.572620673,1.031262659
3.926,1.91,3.82,5.266754559,19.94,1.50805679,543.577,3.587443876,1.033608845
3.927,1.92,3.84,5.289810125,20.19,1.529468872,544.234,3.593906304,1.032485411
3.928,1.94,3.88,5.335780035,20.53,1.558694471,544.66,3.598092387,1.034710214
3.929,1.97,3.94,5.404381849,21.18,1.614905393,545.346,3.604826479,1.035375376
3.93,2.02,4.04,5.517776733,22.15,1.699620083,546.403,3.615185915,1.038189679
3.931,2.08,4.16,5.652297165,23.37,1.807591229,547.36,3.624548,1.040528773
3.932,2.14,4.28,5.785122947,24.6,1.918066199,548.122,3.631990753,1.042353799
3.933,2.19,4.38,5.894516575,25.54,2.003599427,548.671,3.637346641,1.044951769
3.934,2.21,4.42,5.937944511,26.12,2.056856228,547.932,3.630135917,1.044127433
3.935,2.23,4.46,5.981184153,26.52,2.093799951,546.181,3.613011803,1.048078053
3.936,2.24,4.48,6.002733363,26.62,2.103063365,543.097,3.582717527,1.055744756
3.937,2.2,4.4,5.91625408,25.82,2.029263639,539.246,3.544646533,1.061418986
3.938,2.08,4.16,5.652297165,23.62,1.829913388,535.862,3.510967201,1.058308096
3.939,1.89,3.78,5.220502207,20,1.513189721,532.475,3.477044364,1.046143752
3.94,1.67,3.34,4.699298905,15.95,1.175083384,529.573,3.447807007,1.016528299
3.941,1.52,3.04,4.330870093,12.24,0.8799641537,527.628,3.428121513,1.005288759
3.942,1.46,2.92,4.180532931,10.58,0.752323002,525.965,3.411232529,1.004077621
3.943,1.48,2.96,4.230833613,11.27,0.8050520669,524.805,3.399420235,1.006269826
3.944,1.53,3.06,4.355761529,12.56,0.9048799677,524.237,3.393626758,1.013319696
3.945,1.54,3.08,4.380605891,12.76,0.9205035928,524.114,3.392371358,1.01570436
3.946,1.5,3,4.280946,11.79,0.8450965533,524.587,3.397197424,1.009111114
3.947,1.47,2.94,4.205706809,10.75,0.7652712648,525.29,3.404362169,1.00865145
3.948,1.46,2.92,4.180532931,10.53,0.7485200235,526.372,3.415370843,1.003996758
3.949,1.49,2.98,4.255913343,11.37,0.8127324157,527.718,3.42903401,1.003335148
3.95,1.56,3.12,4.430153395,13.46,0.9754977346,529.883,3.450937859,1.000839909
3.951,1.69,3.38,4.747622495,16.26,1.200368681,532.881,3.481122062,1.014126216
3.952,1.86,3.72,5.150770627,19.47,1.467978996,536.307,3.515408199,1.033588286
3.953,2,4,5.47256,22.23,1.706651462,539.222,3.544408418,1.042181983
3.954,2.05,4.1,5.58524878,23.19,1.791560859,541.047,3.562484951,1.043182852
3.955,1.99,3.98,5.449881023,22.11,1.696106948,542.811,3.579899425,1.032955732
3.956,1.86,3.72,5.150770627,19.65,1.483300686,544.119,3.592775697,1.014714957
3.957,1.71,3.42,4.795757791,16.96,1.257824071,544.633,3.597827169,0.9876652079
3.958,1.61,3.22,4.553198367,14.98,1.096592949,544.428,3.595813049,0.9703334215
3.959,1.56,3.12,4.430153395,13.86,1.007141264,543.769,3.589333247,0.9638155036
3.96,1.57,3.14,4.454856537,14.04,1.021432832,542.697,3.578775711,0.9684031703
3.961,1.59,3.18,4.504121599,14.66,1.070907115,541.276,3.564748878,0.971625506
3.962,1.6,3.2,4.52868352,14.85,1.086145675,539.649,3.548643308,0.9771067327
3.963,1.6,3.2,4.52868352,14.79,1.081329584,537.92,3.53147474,0.9817636305
3.964,1.59,3.18,4.504121599,14.63,1.068504338,536.174,3.514081275,0.9828777855
3.965,1.58,3.16,4.479512605,14.29,1.041335878,534.302,3.49536958,0.9873933068
3.966,1.55,3.1,4.40540318,13.66,0.991299604,532.326,3.475547089,0.986244544
3.967,1.52,3.04,4.330870093,12.66,0.9126868475,530.299,3.455136383,0.9915396901
3.968,1.47,2.94,4.205706809,11.4,0.8150384231,528.324,3.435174107,0.9895285892
3.969,1.44,2.88,4.130043955,10.52,0.7477597185,526.585,3.417535319,0.9915369544
3.97,1.45,2.9,4.15531198,10.67,0.7591744718,525.273,3.404189024,0.9980661032
3.971,1.49,2.98,4.255913343,12.01,0.8621181099,524.35,3.394779833,0.9997687048
3.972,1.55,3.1,4.40540318,13.46,0.9754977346,523.65,3.387632886,1.009688585
3.973,1.55,3.1,4.40540318,13.44,0.9739197336,522.912,3.380087608,1.011804261
3.974,1.47,2.94,4.205706809,11.5,0.8227314612,521.791,3.368606158,1.003428306
3.975,1.34,2.68,3.874774659,8.06,0.5636483326,520.556,3.355928512,0.9885696371
3.976,1.23,2.46,3.588541433,4.97,0.340507869,519.306,3.343066222,0.9742009645
3.977,1.19,2.38,3.483044415,4.05,0.2757856919,517.717,3.326670913,0.9668525669
3.978,1.26,2.52,3.667169923,5.73,0.3945633126,516.093,3.309862394,0.9899428989
3.979,1.37,2.74,3.951849721,8.6,0.6035668934,514.379,3.292064903,1.014431016
3.98,1.4,2.8,4.02850112,9.42,0.6647159412,513.002,3.277723671,1.021829506
3.981,1.27,2.54,3.693285273,6.18,0.4268227197,511.395,3.26093827,1.001498005
3.982,1.07,2.14,3.162034297,0.79,0.05264144509,509.693,3.243102964,0.9594294654
3.983,0.94,1.88,2.806623875,-5.8,-0.3698722461,508.06,3.225934639,0.9826899729
3.984,0.95,1.9,2.83424558,-5,-0.3205619313,505.359,3.197416554,0.9851890176
3.985,1.07,2.14,3.162034297,0.67,0.04460962798,501.857,3.160213461,0.9866486258
3.986,1.19,2.38,3.483044415,3.81,0.2590294088,498.421,3.123458334,1.029728614
3.987,1.26,2.52,3.667169923,5.42,0.3724497354,493.608,3.071545029,1.064801248
3.988,1.24,2.48,3.614798003,4.88,0.3341419612,488.262,3.013286028,1.079873268
3.989,1.15,2.3,3.37679422,2.57,0.1732914714,481.197,2.935307652,1.086275227
3.99,1.06,2.12,3.134977475,0.22,0.01460411943,467.777,2.783982565,1.12020024
3.991,1.06,2.12,3.134977475,0.21,0.01393936766,465.489,2.757750334,1.131070867
3.992,1.12,2.24,3.296612301,1.73,0.1160014906,463.596,2.735949177,1.15591491
3.993,1.13,2.26,3.323386681,1.75,0.1173581633,462.574,2.724142053,1.169588748
3.994,0.99,1.98,2.944261663,-3.16,-0.2050967478,461.951,2.716931755,1.172155677
3.995,0.74,1.48,2.244304323,-14.71,-0.8838935973,461.991,2.717394987,1.224053789
3.996,0.48,0.96,1.485138893,-26,-1.449046214,462.742,2.726084741,1.162955433
3.997,0.33,0.66,1.032683705,-32.49,-1.734527922,464.045,2.741128229,1.025912368
3.998,0.29,0.58,0.9102401912,-33.83,-1.790163921,465.491,2.757773321,0.940710364
3.999,0.36,0.72,1.124022067,-31.41,-1.688882305,467.302,2.778547195,1.031530039
4,0.47,0.94,1.455304729,-27.37,-1.511582996,469.293,2.801293133,1.128396751
