# age_ma,DST_anomaly_K,GMSST_anomaly_K,GMST_anomaly_K,BSL_m,R_LI_Wm2,CO2_ppm,R_CO2_Wm2,S_CO2_LI_K_per_Wm2
0,0,0,0,2.68,0.1808408527,284.1331213,0.116746372,0
0.001,0.11,0.11,0.1756738918,5.47,0.3760104081,280.4281497,0.04652588879,0.4157604757
0.002,0.25,0.25,0.397199375,9.1,0.6407763474,277.8286438,-0.003298699906,0.62307969
0.003,0.35,0.35,0.554019655,11.83,0.8481878533,275.6131949,-0.0461314373,0.6907489847
0.004,0.38,0.38,0.6008362552,12.83,0.9259811889,273.0683738,-0.09575909614,0.7237054524
0.005,0.38,0.38,0.6008362552,12.63,0.910343748,269.4465361,-0.1671935172,0.8084990494
0.006,0.31,0.31,0.4914327638,11.09,0.7912520078,264.5748721,-0.2648080518,0.93349493
0.007,0.18,0.18,0.2867249592,7.82,0.5459956392,260.6641348,-0.3444778049,1.42282672
0.008,0.03,0.03,0.0480522822,4.34,0.2961032708,259.775696,-0.362743711,-0.7210678995
0.009,-0.04,-0.04,-0.0642344672,2.62,0.1767216519,261.0143677,-0.3372942771,0.4000337364
0.01,-0.01,-0.01,-0.0160409642,3.3,0.2235969714,264.0627076,-0.2751746288,0.3110060636
0.011,-0.05,-0.05,-0.080322505,2.24,0.1507089033,266.7807626,-0.2203873986,1.152758891
0.012,-0.24,-0.24,-0.3882312192,-3.47,-0.2247519371,253.8849024,-0.4854594796,0.5466417605
0.013,-0.54,-0.54,-0.8830526472,-13.3,-0.8067294021,239.9331786,-0.7878444864,0.5537859698
0.014,-1.01,-1.01,-1.679567804,-27.8,-1.530955522,239.2774205,-0.8024865159,0.7197812401
0.015,-1.6,-1.6,-2.71624832,-46.17,-2.253944599,229.3619873,-1.028910009,0.8274043918
0.016,-2.32,-2.32,-4.036849741,-68.85,-2.91727768,223.1368569,-1.176121649,0.9861851767
0.017,-2.98,-2.98,-5.300994337,-90.11,-3.388540537,202.7709168,-1.688161793,1.04418065
0.018,-3.27,-3.27,-5.872662782,-99.21,-3.565755134,189.1388285,-2.060498069,1.04379639
0.019,-3.21,-3.21,-5.753574532,-97.75,-3.53787174,190.4689123,-2.023006854,1.034652067
0.02,-3.05,-3.05,-5.438077105,-93.11,-3.447979365,192.6774503,-1.961329072,1.005318364
0.021,-2.94,-2.94,-5.222920231,-89.89,-3.384133323,189.9359501,-2.037997987,0.9632596358
0.022,-3,-3,-5.340102,-91.83,-3.422763279,187.8078073,-2.098280569,0.9672268773
0.023,-3.09,-3.09,-5.51666902,-94.69,-3.478837199,189.1669059,-2.059703929,0.9960509263
0.024,-3.1,-3.1,-5.53634642,-94.93,-3.483500382,185.8835609,-2.153378491,0.9821652274
0.025,-3.05,-3.05,-5.438077105,-93.33,-3.452293175,182.3536751,-2.255950778,0.95267076
0.026,-2.91,-2.91,-5.16448822,-89.41,-3.374492945,184.28066,-2.199712379,0.9264976657
0.027,-2.7,-2.7,-4.75842978,-83.44,-3.251416159,187.9789179,-2.093408433,0.8902873608
0.028,-2.51,-2.51,-4.395515564,-77.81,-3.128886795,190.4100577,-2.024660251,0.8529107282
0.029,-2.34,-2.34,-4.074403975,-72.82,-3.013841541,192.2133617,-1.974230783,0.8168293703
0.03,-2.2,-2.2,-3.81251288,-68.56,-2.910033422,189.1471418,-2.060262923,0.76705947
0.031,-2.15,-2.15,-3.719539345,-66.95,-2.86931913,187.4855496,-2.107468469,0.7473775544
0.032,-2.15,-2.15,-3.719539345,-66.99,-2.870341011,193.3200869,-1.943514921,0.77267359
0.033,-2.19,-2.19,-3.793894636,-68.48,-2.908030267,196.536714,-1.855229453,0.7964912391
0.034,-2.31,-2.31,-4.018090276,-72.17,-2.998353416,196.0784924,-1.867717438,0.825736081
0.035,-2.36,-2.36,-4.112005283,-73.81,-3.037199829,201.3470268,-1.725862883,0.8633111786
0.036,-2.32,-2.32,-4.036849741,-72.54,-3.007184673,201.3615358,-1.725477377,0.8529765486
0.037,-2.18,-2.18,-3.775288161,-68.59,-2.910784076,205.7149062,-1.611044718,0.8349029414
0.038,-2.08,-2.08,-3.589870669,-65.55,-2.833212889,211.0896059,-1.473060427,0.8336374412
0.039,-2.1,-2.1,-3.62686002,-66.02,-2.845408655,205.8566438,-1.607359837,0.8145179851
0.04,-2.14,-2.14,-3.700979943,-67.46,-2.882308264,196.0447982,-1.868636863,0.7789986718
0.041,-2.17,-2.17,-3.756693454,-68.27,-2.902762185,201.1705722,-1.730553519,0.8108002332
0.042,-2.17,-2.17,-3.756693454,-68.22,-2.901505782,202.6543116,-1.691239244,0.8179625544
0.043,-2.18,-2.18,-3.775288161,-68.76,-2.915032337,203.8689373,-1.65926928,0.8253255856
0.044,-2.19,-2.19,-3.793894636,-69.15,-2.924743563,203.4644055,-1.669895691,0.8257219831
0.045,-2.19,-2.19,-3.793894636,-68.94,-2.919520444,210.6769938,-1.483528186,0.8616517679
0.046,-2.13,-2.13,-3.68243231,-67.34,-2.879259755,219.3042736,-1.268811194,0.8877457389
0.047,-1.97,-1.97,-3.387270678,-62.49,-2.751906617,211.9368298,-1.45163078,0.8058143314
0.048,-1.83,-1.83,-3.131475614,-58.19,-2.631735519,203.8553812,-1.659625034,0.7297162695
0.049,-1.8,-1.8,-3.07696248,-57.08,-2.599522353,201.381293,-1.724952472,0.7115228101
0.05,-1.91,-1.91,-3.27736178,-60.69,-2.702473674,204.6049713,-1.6399888,0.7547242606
0.051,-2.1,-2.1,-3.62686002,-66.85,-2.866762089,208.6966644,-1.534055162,0.8241332946
0.052,-2.16,-2.16,-3.738110515,-68.94,-2.919520444,215.1221019,-1.371822022,0.8710818457
0.053,-2.06,-2.06,-3.552928391,-65.98,-2.844373667,222.1049741,-1.200919781,0.8782869367
0.054,-1.88,-1.88,-3.222566205,-60.64,-2.701082938,220.709609,-1.234636955,0.8187996841
0.055,-1.75,-1.75,-2.986342625,-56.41,-2.579831685,214.4606805,-1.388296644,0.752582169
0.056,-1.77,-1.77,-3.022555262,-57.29,-2.605655603,210.519141,-1.487538253,0.7384344275
0.057,-1.96,-1.96,-3.368923107,-63.37,-2.775633918,214.0221889,-1.399246583,0.8069507872
0.058,-2.17,-2.17,-3.756693454,-70.34,-2.954080274,222.7038757,-1.18651303,0.9072838547
0.059,-2.28,-2.28,-3.961882493,-74.11,-3.044223987,227.9449383,-1.062066018,0.9648326075
0.06,-2.31,-2.31,-4.018090276,-75.02,-3.06537995,220.4035745,-1.242060378,0.9328255229
0.061,-2.31,-2.31,-4.018090276,-75.2,-3.069538176,211.7642755,-1.455988407,0.8878724282
0.062,-2.32,-2.32,-4.036849741,-75.29,-3.071614049,206.5125042,-1.590341802,0.8659133355
0.063,-2.31,-2.31,-4.018090276,-74.95,-3.063760522,200.4155511,-1.750670588,0.8345929529
0.064,-2.3,-2.3,-3.99934258,-74.76,-3.059358292,198.8842458,-1.791705035,0.8244259681
0.065,-2.25,-2.25,-3.905780625,-73.32,-3.025673177,201.1105048,-1.732151211,0.8209173578
0.066,-2.21,-2.21,-3.831142892,-72.22,-2.999549149,201.3717274,-1.7252066,0.8108658088
0.067,-2.19,-2.19,-3.793894636,-71.45,-2.981053623,203.9316042,-1.657625006,0.8178826213
0.068,-2.1,-2.1,-3.62686002,-68.96,-2.920018486,202.4275371,-1.697229361,0.7855025635
0.069,-2.05,-2.05,-3.534474905,-67.26,-2.87722477,205.1636743,-1.625399775,0.7849810415
0.07,-1.98,-1.98,-3.405630017,-65.19,-2.823819884,214.6656983,-1.383184652,0.8095142251
0.071,-1.82,-1.82,-3.113292801,-60.37,-2.693556272,228.3339548,-1.052943356,0.8309870839
0.072,-1.66,-1.66,-2.823968295,-55.39,-2.549491691,236.8358262,-0.8573585215,0.828908851
0.073,-1.56,-1.56,-2.644670371,-52.48,-2.460452295,232.5534562,-0.9549803292,0.7743295394
0.074,-1.56,-1.56,-2.644670371,-52.46,-2.459827311,233.2822229,-0.9382409288,0.7782864217
0.075,-1.58,-1.58,-2.680435809,-53.18,-2.482213165,243.5458835,-0.7078892936,0.8402350219
0.076,-1.53,-1.53,-2.591110478,-51.38,-2.425807486,245.9205829,-0.6559766799,0.8407825916
0.077,-1.4,-1.4,-2.36024152,-47.22,-2.289645163,233.620664,-0.9304848818,0.7329646589
0.078,-1.28,-1.28,-2.148896973,-43.33,-2.154570265,225.5603955,-1.118327413,0.6565732218
0.079,-1.18,-1.18,-1.974071041,-40.12,-2.037116283,227.2289447,-1.078897251,0.6335245401
0.08,-1.07,-1.07,-1.783121766,-36.55,-1.899774315,231.895557,-0.9701370527,0.6213159703
0.081,-1,-1,-1.66235,-34.16,-1.803697724,232.0150893,-0.9673800677,0.5998929388
0.082,-0.97,-0.97,-1.610767198,-33.1,-1.759990826,236.8894844,-0.8561465467,0.6157043643
0.083,-1,-1,-1.66235,-34.13,-1.802470095,245.3631222,-0.6681179988,0.6728559909
0.084,-1.11,-1.11,-1.852393108,-37.9,-1.952564105,247.2924334,-0.6262150203,0.71832174
0.085,-1.27,-1.27,-2.131361422,-43.5,-2.160636602,238.7470059,-0.814359213,0.7164250152
0.086,-1.45,-1.45,-2.448801905,-49.72,-2.372464338,228.3187425,-1.053299802,0.7148191775
0.087,-1.63,-1.63,-2.77005535,-55.93,-2.565609054,222.3102894,-1.195976492,0.7364063148
0.088,-1.74,-1.74,-2.968253959,-59.5,-2.669110496,221.2242129,-1.222177479,0.7627947297
0.089,-1.75,-1.75,-2.986342625,-60.11,-2.686281645,225.0700255,-1.129971015,0.7825327331
0.09,-1.71,-1.71,-2.914058572,-58.84,-2.65036625,229.4378181,-1.027141504,0.7924003884
0.091,-1.6,-1.6,-2.71624832,-55.45,-2.55128866,231.3171465,-0.9834980755,0.768433437
0.092,-1.45,-1.45,-2.448801905,-50.66,-2.402829111,232.617117,-0.953515982,0.7296037317
0.093,-1.3,-1.3,-2.18400338,-45.98,-2.247425364,234.1103146,-0.9192834351,0.6896761017
0.094,-1.22,-1.22,-2.043860193,-43.47,-2.159567178,238.5191848,-0.8194668134,0.686081528
0.095,-1.24,-1.24,-2.078825379,-43.95,-2.176621253,243.0130777,-0.7196063199,0.7177700394
0.096,-1.23,-1.23,-2.061336902,-43.69,-2.167398631,245.4643837,-0.6659105073,0.727536884
0.097,-1.16,-1.16,-1.939247075,-41.25,-2.079100039,243.6203339,-0.706254083,0.6962299908
0.098,-1.08,-1.08,-1.800421949,-38.58,-1.978758381,241.290828,-0.7576571172,0.6579490396
0.099,-1.07,-1.07,-1.783121766,-38.24,-1.96569415,242.8574549,-0.7230334967,0.6631842269
0.1,-1.07,-1.07,-1.783121766,-38.36,-1.970312553,245.578258,-0.663429144,0.6770298574
0.101,-1.07,-1.07,-1.783121766,-38.51,-1.97607405,245.7957324,-0.658693491,0.6767662565
0.102,-1.15,-1.15,-1.921852745,-41.28,-2.080205123,240.8253989,-0.7679867682,0.674762382
0.103,-1.28,-1.28,-2.148896973,-46,-2.248112458,239.3079643,-0.8018036321,0.7045757683
0.104,-1.4,-1.4,-2.36024152,-50.2,-2.388021791,242.7191663,-0.726080776,0.7579202899
0.105,-1.43,-1.43,-2.413342446,-51.33,-2.424219533,244.8831102,-0.6785946328,0.7777914876
0.106,-1.48,-1.48,-2.502079357,-53.23,-2.4837591,245.6947368,-0.6608922169,0.7956619365
0.107,-1.62,-1.62,-2.752107905,-58.24,-2.63317471,241.5288629,-0.7523819092,0.8128967299
0.108,-1.76,-1.76,-3.004443059,-63.16,-2.769997491,239.0043913,-0.808594658,0.8395600654
0.109,-1.85,-1.85,-3.167876545,-66.6,-2.860354819,241.5225299,-0.7525221917,0.8768293344
0.11,-1.77,-1.77,-3.022555262,-64.05,-2.793775647,245.2622454,-0.6703180108,0.8725385513
0.111,-1.54,-1.54,-2.608952007,-57.04,-2.598352043,250.2120958,-0.563420121,0.8251549674
0.112,-1.26,-1.26,-2.113837639,-48.43,-2.330108616,256.1604878,-0.437720736,0.7637167508
0.113,-0.93,-0.93,-1.542154886,-37.79,-1.948302005,260.9767107,-0.3380661873,0.6744997989
0.114,-0.69,-0.69,-1.134435196,-29.05,-1.586585709,266.2893699,-0.2302508356,0.6244013527
0.115,-0.49,-0.49,-0.7998468842,-21.56,-1.237626668,273.6434237,-0.08450447066,0.604967889
0.116,-0.28,-0.28,-0.4535954528,-12.2,-0.7454633753,275.0012054,-0.05802413542,0.5645332961
0.117,-0.07,-0.07,-0.1125338858,-1.64,-0.1075265695,274.50663,-0.06765449485,0.642386129
0.118,0.12,0.12,0.1915736352,4.1,0.2792832213,274.5117124,-0.06755544344,0.9048110605
0.119,0.24,0.24,0.3814526208,7.14,0.4962754837,273.346726,-0.09030835184,0.9396145424
0.12,0.26,0.26,0.4129343608,7.61,0.5305942766,272.9912014,-0.09727128279,0.9529481858
0.121,0.27,0.27,0.4286575782,7.96,0.5562864082,276.4382249,-0.03014048727,0.8147123472
0.122,0.26,0.26,0.4129343608,7.76,0.5415909922,278.2898488,0.00557512027,0.7546782438
0.123,0.21,0.21,0.3341417478,6.34,0.4383382443,278.5466743,0.01051020023,0.7444422541
0.124,0.16,0.16,0.2550549248,5.16,0.3539715806,278.0110037,0.0002117585017,0.720121182
0.125,0.16,0.16,0.2550549248,5.21,0.3575202108,277.0647469,-0.01802892029,0.7512856204
0.126,0.23,0.23,0.3656940982,7.04,0.489000469,275.1865078,-0.05442039099,0.8414884085
0.127,0.25,0.25,0.397199375,7.69,0.5364565434,275.3976155,-0.05031774279,0.8170493171
0.128,0.19,0.19,0.3025423238,6.07,0.4189196601,277.6580374,-0.006584985388,0.7337300071
0.129,-0.03,-0.03,-0.0481581978,0.79,0.05264144509,271.7693453,-0.1212706022,0.7017162945
0.13,-0.44,-0.44,-0.7169353312,-13.25,-0.8039649764,258.5638584,-0.387759525,0.6015948572
0.131,-0.95,-0.95,-1.576437505,-30.09,-1.632101682,246.2152272,-0.6495705333,0.6909132234
0.132,-1.48,-1.48,-2.502079357,-47.38,-2.295037028,234.1531314,-0.918305056,0.778653281
0.133,-1.9,-1.9,-3.25908482,-60.78,-2.704974573,225.7057229,-1.114881546,0.8531957011
0.134,-2.19,-2.19,-3.793894636,-70.27,-2.952366723,218.7852212,-1.281488657,0.8960850798
0.135,-2.46,-2.46,-4.300717927,-79.01,-3.155604707,211.1456635,-1.471639856,0.9294338929
0.136,-2.64,-2.64,-4.643366323,-85.04,-3.28502433,205.9686822,-1.604448867,0.9496659734
0.137,-2.69,-2.69,-4.739223116,-86.53,-3.315893744,202.5158729,-1.694895225,0.9458037738
0.138,-2.53,-2.53,-4.433516998,-82.09,-3.222664721,199.7457837,-1.76857966,0.8882588508
0.139,-2.25,-2.25,-3.905780625,-73.61,-3.032503182,197.1556248,-1.83840832,0.8018582606
0.14,-2.02,-2.02,-3.479185057,-67.05,-2.871872832,193.5133999,-1.93816779,0.7233171879
0.141,-2.03,-2.03,-3.497603238,-67.4,-2.880784604,193.5195159,-1.937998707,0.7258270423
0.142,-2.24,-2.24,-3.887103539,-74.12,-3.044457697,195.3528796,-1.8875525,0.7881377742
0.143,-2.44,-2.44,-4.262881251,-80.78,-3.194399681,196.0547222,-1.868366048,0.8420064208
0.144,-2.51,-2.51,-4.395515564,-83.19,-3.246119757,195.2907073,-1.889255442,0.8559288062
0.145,-2.49,-2.49,-4.357561204,-82.51,-3.231649659,194.9859571,-1.897610612,0.8495496375
0.146,-2.42,-2.42,-4.225091649,-80.67,-3.192009306,193.9935328,-1.924910157,0.8257100153
0.147,-2.34,-2.34,-4.074403975,-78.16,-3.136715329,194.2848457,-1.916882289,0.8062383046
0.148,-2.22,-2.22,-3.849784673,-74.71,-3.058198193,196.040856,-1.868744447,0.7813739583
0.149,-2.1,-2.1,-3.62686002,-71.12,-2.973073263,199.4744313,-1.775852514,0.7637221953
0.15,-2.05,-2.05,-3.534474905,-69.52,-2.933912345,202.0128957,-1.708199245,0.7613937831
0.151,-2.07,-2.07,-3.571393646,-70.36,-2.954569584,202.5737296,-1.693367002,0.7683826101
0.152,-2.12,-2.12,-3.663896445,-71.89,-2.991643825,201.999816,-1.70854565,0.7795210096
0.153,-2.14,-2.14,-3.700979943,-72.5,-3.006231852,200.8034467,-1.740325903,0.7797187213
0.154,-2.15,-2.15,-3.719539345,-72.84,-3.014316172,198.5731339,-1.800080521,0.7725868021
0.155,-2.2,-2.2,-3.81251288,-74.67,-3.057269627,195.3196141,-1.888463598,0.7708690919
0.156,-2.29,-2.29,-3.980606652,-77.6,-3.124175293,191.4772184,-1.994759677,0.7776239931
0.157,-2.35,-2.35,-4.093198745,-79.65,-3.169714912,189.0723814,-2.062377929,0.7823253274
0.158,-2.36,-2.36,-4.112005283,-80.16,-3.180891462,187.9854175,-2.093223455,0.7796578852
0.159,-2.36,-2.36,-4.112005283,-80.08,-3.179142188,187.4694579,-2.107927675,0.7777474839
0.16,-2.35,-2.35,-4.093198745,-79.74,-3.171691558,187.2982267,-2.112816501,0.7745657115
0.161,-2.32,-2.32,-4.036849741,-78.8,-3.150953915,191.4924982,-1.994332765,0.7845723653
0.162,-2.26,-2.26,-3.924469479,-77.11,-3.11313935,197.1057128,-1.839762899,0.7923575476
0.163,-2.18,-2.18,-3.775288161,-74.75,-3.059126326,200.8080178,-1.740204116,0.7866280945
0.164,-2.09,-2.09,-3.60835946,-72.1,-2.996678165,200.5946519,-1.745891709,0.7608447647
0.165,-2.01,-2.01,-3.460778644,-69.69,-2.938110641,196.4338754,-1.858029593,0.721575783
0.166,-1.95,-1.95,-3.350587305,-67.83,-2.891677997,192.6732168,-1.961446623,0.6903979533
0.167,-1.9,-1.9,-3.25908482,-66.54,-2.858813947,189.3114907,-2.055616358,0.6631663526
0.168,-1.87,-1.87,-3.20432455,-65.6,-2.834513924,186.7142777,-2.129522517,0.645507862
0.169,-1.84,-1.84,-3.149670195,-64.53,-2.80648182,189.3368314,-2.054900268,0.6478960382
0.17,-1.78,-1.78,-3.040679233,-62.88,-2.7624572,194.8026845,-1.902641589,0.6517931067
0.171,-1.71,-1.71,-2.914058572,-60.72,-2.703307654,197.6057849,-1.826206733,0.6433490047
0.172,-1.64,-1.64,-2.788014563,-58.39,-2.637486208,198.2370864,-1.809142055,0.626995197
0.173,-1.57,-1.57,-2.662547206,-56.39,-2.579241016,198.7104849,-1.79638126,0.6084956694
0.174,-1.52,-1.52,-2.573280717,-54.94,-2.535965106,198.5134133,-1.801689767,0.5932423838
0.175,-1.5,-1.5,-2.5376565,-54.09,-2.510175365,197.025069,-1.841952245,0.5830841206
0.176,-1.5,-1.5,-2.5376565,-54.14,-2.511701147,194.1593917,-1.920338015,0.5725708656
0.177,-1.54,-1.54,-2.608952007,-55.45,-2.55128866,190.7459707,-2.015230336,0.5713218339
0.178,-1.59,-1.59,-2.69833618,-57.38,-2.608278556,191.9913331,-1.980414222,0.5880402787
0.179,-1.63,-1.63,-2.77005535,-58.79,-2.648939152,199.3681373,-1.778704132,0.625627489
0.18,-1.64,-1.64,-2.788014563,-59.04,-2.656064638,207.4665522,-1.565682749,0.6603935071
0.181,-1.62,-1.62,-2.752107905,-58.57,-2.642648004,212.9610753,-1.425837648,0.6764452772
0.182,-1.61,-1.61,-2.734172228,-58.05,-2.627700383,213.4746063,-1.412952269,0.6766659903
0.183,-1.59,-1.59,-2.69833618,-57.67,-2.616707599,205.861855,-1.607224404,0.6388209323
0.184,-1.59,-1.59,-2.69833618,-57.73,-2.618447227,199.954328,-1.762996912,0.6158554337
0.185,-1.64,-1.64,-2.788014563,-59.29,-2.663165197,199.3154933,-1.780117007,0.6274673621
0.186,-1.74,-1.74,-2.968253959,-62.78,-2.759757269,201.5184842,-1.72130902,0.6623990292
0.187,-1.81,-1.81,-3.095121756,-65.53,-2.832692234,204.5455297,-1.641543303,0.6917654939
0.188,-1.75,-1.75,-2.986342625,-63.68,-2.783925094,209.6374174,-1.509992877,0.6954819923
0.189,-1.53,-1.53,-2.591110478,-56.98,-2.596595332,219.7391492,-1.258212765,0.6721762569
0.19,-1.24,-1.24,-2.078825379,-47.92,-2.313141326,229.0874426,-1.035317756,0.6208304561
0.191,-1.02,-1.02,-1.696797377,-40.58,-2.054291705,229.8252456,-1.01811514,0.5522697554
0.192,-0.93,-0.93,-1.542154886,-37.53,-1.938200368,223.5616238,-1.165946985,0.496804665
0.193,-0.93,-0.93,-1.542154886,-37.79,-1.948302005,219.4519802,-1.265209057,0.4798971767
0.194,-0.98,-0.98,-1.627949697,-39.66,-2.019823652,220.6435772,-1.236237804,0.4999751136
0.195,-1.03,-1.03,-1.714038718,-41.48,-2.087559837,222.7437617,-1.185554938,0.5236720481
0.196,-1.03,-1.03,-1.714038718,-41.51,-2.08866117,222.8925307,-1.181982901,0.5240676394
0.197,-0.95,-0.95,-1.576437505,-38.8,-1.987176787,225.3291115,-1.123815983,0.5067313303
0.198,-0.76,-0.76,-1.252653219,-32.44,-1.732430652,233.7202325,-0.9282052118,0.4708097174
0.199,-0.52,-0.52,-0.8497350368,-23.42,-1.32784712,242.7524366,-0.7253474857,0.4138599596
0.2,-0.33,-0.33,-0.5355655338,-15.7,-0.9371658512,248.259511,-0.6053337708,0.3472062658
0.201,-0.3,-0.3,-0.48634818,-13.91,-0.8402999449,249.425883,-0.5802572795,0.3423643706
0.202,-0.38,-0.38,-0.6178298248,-18,-1.05809012,247.2558258,-0.6270070592,0.3666434391
0.203,-0.49,-0.49,-0.7998468842,-23.04,-1.309610961,244.4294782,-0.688514394,0.400298651
0.204,-0.53,-0.53,-0.8663879578,-24.92,-1.398862235,244.7226413,-0.682101572,0.4163397533
0.205,-0.5,-0.5,-0.8164645,-23.72,-1.342173603,240.9259827,-0.7657527384,0.3873306594
0.206,-0.43,-0.43,-0.7003883258,-20.94,-1.207012975,232.4267693,-0.9578956124,0.3235186603
0.207,-0.36,-0.36,-0.5848888032,-17.78,-1.046693248,229.0255816,-1.036762624,0.2807301134
0.208,-0.28,-0.28,-0.4535954528,-14.53,-0.8741277059,233.4958547,-0.9333438245,0.2509557939
0.209,-0.21,-0.21,-0.3393316122,-11.1,-0.6832501861,237.8409933,-0.8347003597,0.2235458943
0.21,-0.14,-0.14,-0.2256444232,-7.75,-0.4878350763,243.7981731,-0.702350088,0.1895876625
0.211,-0.08,-0.08,-0.1286572288,-4.68,-0.3006871903,247.6281777,-0.6189563529,0.1398990182
0.212,-0.03,-0.03,-0.0481581978,-1.8,-0.1178911993,247.542576,-0.6208060938,0.06519341312
0.213,0.02,0.02,0.0320466232,0.54,0.0359229268,248.320627,-0.6040168815,-0.05641078018
0.214,0.09,0.09,0.1438390998,2.18,0.1466135339,247.1726558,-0.628806953,-0.298301665
0.215,0.14,0.14,0.2233378168,3.49,0.2367695741,243.6191293,-0.7062805356,-0.4756817947
0.216,0.11,0.11,0.1756738918,2.9,0.1959724686,242.5662798,-0.7294517526,-0.3292984322
0.217,-0.01,-0.01,-0.0160409642,-0.36,-0.02380552739,247.4302981,-0.6232332433,0.02479134934
0.218,-0.24,-0.24,-0.3882312192,-9.08,-0.5665011204,248.0415079,-0.6100338094,0.3299784897
0.219,-0.58,-0.58,-0.9498290888,-21,-1.209987506,240.5895908,-0.773227873,0.4789339064
0.22,-0.97,-0.97,-1.610767198,-34.77,-1.828542159,228.2945856,-1.053865879,0.5588269172
0.221,-1.35,-1.35,-2.271975345,-47.96,-2.314476686,217.6805647,-1.308569474,0.6270898146
0.222,-1.63,-1.63,-2.77005535,-57.65,-2.616127395,211.8291847,-1.454348796,0.6805236585
0.223,-1.77,-1.77,-3.022555262,-62.37,-2.748648968,208.0479718,-1.550710484,0.7030245541
0.224,-1.77,-1.77,-3.022555262,-62.35,-2.748105507,205.6555239,-1.612589288,0.6931361638
0.225,-1.65,-1.65,-2.805985545,-58.8,-2.649224652,203.6665382,-1.664583345,0.6504660261
0.226,-1.46,-1.46,-2.466549287,-52.77,-2.469494259,205.8505983,-1.607516956,0.6049895762
0.227,-1.27,-1.27,-2.131361422,-47,-2.282210621,218.2534782,-1.294507306,0.5958986606
0.228,-1.2,-1.2,-2.00894208,-44.73,-2.20407776,231.3846013,-0.98193818,0.6305499149
0.229,-1.24,-1.24,-2.078825379,-46.09,-2.25120188,231.7368501,-0.9737997903,0.6445966829
0.23,-1.3,-1.3,-2.18400338,-48.22,-2.323137449,228.9907247,-1.037576936,0.6498628355
0.231,-1.3,-1.3,-2.18400338,-48.32,-2.326459729,230.6480926,-0.9989946576,0.6567533714
0.232,-1.24,-1.24,-2.078825379,-46.15,-2.253259222,234.5627663,-0.9089537723,0.6573957488
0.233,-1.13,-1.13,-1.88709939,-42.57,-2.127263144,240.2590127,-0.7805840073,0.648967876
0.234,-0.99,-0.99,-1.645143964,-38.13,-1.961453412,243.8816306,-0.7005189767,0.6180169153
0.235,-0.85,-0.85,-1.405495145,-33.06,-1.758328118,246.8231696,-0.6363768603,0.5869178699
0.236,-0.71,-0.71,-1.168152932,-28.08,-1.543505053,247.0252209,-0.6319991025,0.5369573436
0.237,-0.6,-0.6,-0.98328792,-23.99,-1.355014463,245.6614075,-0.6616180122,0.4875890535
0.238,-0.52,-0.52,-0.8497350368,-20.82,-1.20105623,243.1946832,-0.7156097184,0.4433401854
0.239,-0.46,-0.46,-0.7500646472,-18.28,-1.072543774,243.8162476,-0.7019534675,0.4226913571
0.24,-0.42,-0.42,-0.6838530888,-16.32,-0.9701514024,249.6649913,-0.5751310409,0.4425424567
0.241,-0.38,-0.38,-0.6178298248,-14.58,-0.8768429335,257.5250198,-0.4092976518,0.480375032
0.242,-0.39,-0.39,-0.6343179882,-14.89,-0.8936347933,268.1587601,-0.1928242721,0.5838397491
0.243,-0.53,-0.53,-0.8663879578,-19.76,-1.14799135,275.7076837,-0.04429760505,0.7266593839
0.244,-0.79,-0.79,-1.303494612,-28.94,-1.581730906,266.6296438,-0.223418783,0.7220977962
0.245,-1.08,-1.08,-1.800421949,-38.64,-1.981057025,249.4064809,-0.5806734572,0.7028147422
0.246,-1.26,-1.26,-2.113837639,-44.66,-2.201626598,232.9290746,-0.9463460241,0.6714917481
0.247,-1.33,-1.33,-2.236751254,-47.03,-2.283225838,221.1119195,-1.224893827,0.6375926329
0.248,-1.42,-1.42,-2.395630369,-50.03,-2.382524325,216.2337101,-1.344247955,0.6428164076
0.249,-1.59,-1.59,-2.69833618,-55.7,-2.558759454,213.8981608,-1.402347864,0.6812075422
0.25,-1.78,-1.78,-3.040679233,-62.34,-2.74783372,209.9275185,-1.50259454,0.7153818502
0.251,-1.93,-1.93,-3.313951006,-67.38,-2.880276453,206.5438462,-1.589529906,0.7414081819
0.252,-2,-2,-3.442384,-69.52,-2.933912345,205.4301605,-1.618455192,0.7561744459
0.253,-1.99,-1.99,-3.424001124,-69.49,-2.933170532,199.9345068,-1.763527276,0.7290230848
0.254,-1.97,-1.97,-3.387270678,-68.73,-2.914283315,196.1541613,-1.865653212,0.708643443
0.255,-1.96,-1.96,-3.368923107,-68.44,-2.907027918,196.0659199,-1.868060491,0.7055205723
0.256,-1.98,-1.98,-3.405630017,-68.98,-2.920516401,198.3024027,-1.807379596,0.7203267624
0.257,-1.99,-1.99,-3.424001124,-69.32,-2.928961593,201.2719874,-1.727857129,0.7352661396
0.258,-1.97,-1.97,-3.387270678,-68.83,-2.916778938,203.4395857,-1.670548355,0.7383974288
0.259,-1.94,-1.94,-3.332263271,-67.92,-2.893950341,204.6386138,-1.639109191,0.7351024727
0.26,-1.92,-1.92,-3.295650509,-67.42,-2.881292622,205.6670612,-1.612289162,0.7334128246
0.261,-1.92,-1.92,-3.295650509,-67.31,-2.878496884,207.2816224,-1.570453715,0.7407703087
0.262,-1.9,-1.9,-3.25908482,-66.78,-2.864970168,209.8602427,-1.504309337,0.7459089802
0.263,-1.86,-1.86,-3.186094663,-65.44,-2.830347572,216.3605392,-1.3411109,0.7637843418
0.264,-1.8,-1.8,-3.07696248,-63.74,-2.785525826,222.3921308,-1.194007302,0.7731968503
0.265,-1.76,-1.76,-3.004443059,-62.52,-2.752720196,219.9888416,-1.252136945,0.7501998084
0.266,-1.76,-1.76,-3.004443059,-62.47,-2.751364047,209.7902671,-1.506093534,0.7056894878
0.267,-1.77,-1.77,-3.022555262,-62.93,-2.763805788,203.8529385,-1.659689142,0.6832957447
0.268,-1.74,-1.74,-2.968253959,-61.99,-2.738297715,194.848149,-1.901393112,0.639752533
0.269,-1.68,-1.68,-2.859969101,-60.24,-2.689922246,189.7911343,-2.042078626,0.6043889632
0.27,-1.68,-1.68,-2.859969101,-60.28,-2.691041107,192.9468072,-1.953855165,0.615722921
0.271,-1.75,-1.75,-2.986342625,-62.42,-2.750006971,194.5425786,-1.909789829,0.6408740023
0.272,-1.82,-1.82,-3.113292801,-65.01,-2.819106472,190.0959263,-2.033493773,0.6415720736
0.273,-1.86,-1.86,-3.186094663,-66.44,-2.856243126,189.6455232,-2.046184814,0.6499013759
0.274,-1.88,-1.88,-3.222566205,-66.84,-2.866506201,192.3038172,-1.97171367,0.6660644391
0.275,-1.89,-1.89,-3.240819628,-67.15,-2.874423202,194.8823232,-1.900454864,0.6787230131
0.276,-1.84,-1.84,-3.149670195,-65.83,-2.840487587,196.2522821,-1.862977688,0.6696488677
0.277,-1.71,-1.71,-2.914058572,-61.82,-2.733649404,196.0051497,-1.869718967,0.6330274567
0.278,-1.53,-1.53,-2.591110478,-56.25,-2.575101615,197.8658897,-1.819169259,0.5896565214
0.279,-1.34,-1.34,-2.254357415,-50.55,-2.39929726,202.1464243,-1.704664112,0.5493125327
0.28,-1.2,-1.2,-2.00894208,-45.88,-2.243986856,207.1143973,-1.574771585,0.5260720496
0.281,-1.08,-1.08,-1.800421949,-41.97,-2.105487265,213.0534889,-1.42351654,0.510178523
0.282,-0.94,-0.94,-1.559290311,-37.35,-1.931184161,219.4909337,-1.264259498,0.487973026
0.283,-0.79,-0.79,-1.303494612,-32.09,-1.717706526,225.719734,-1.114549446,0.4602319229
0.284,-0.67,-0.67,-1.100764534,-27.9,-1.535443382,229.2422747,-1.031703101,0.4287891404
0.285,-0.66,-0.66,-1.083946855,-27.39,-1.512486738,229.9160148,-1.016002581,0.4286934681
0.286,-0.73,-0.73,-1.201917742,-30.11,-1.632970217,228.143836,-1.057399808,0.4467481167
0.287,-0.78,-0.78,-1.286535713,-31.72,-1.702058465,228.6095847,-1.04648908,0.4680783911
0.288,-0.75,-0.75,-1.235729625,-30.66,-1.656755457,231.1776812,-0.9867246619,0.4674631809
0.289,-0.7,-0.7,-1.15128818,-28.91,-1.580405513,233.2800028,-0.9382918437,0.4570966721
0.29,-0.7,-0.7,-1.15128818,-28.99,-1.583938602,231.5631865,-0.9778105842,0.4494148709
0.291,-0.79,-0.79,-1.303494612,-32.19,-1.721921151,222.8095787,-1.183974337,0.4485689928
0.292,-0.93,-0.93,-1.542154886,-37.41,-1.93352497,213.7351713,-1.406426096,0.4617297845
0.293,-1.07,-1.07,-1.783121766,-42.77,-2.134478977,207.9104389,-1.554248343,0.4833975546
0.294,-1.16,-1.16,-1.939247075,-46.05,-2.249829309,206.5550627,-1.589239379,0.5051347691
0.295,-1.17,-1.17,-1.956653174,-46.44,-2.26317747,209.3843817,-1.516454311,0.5176835436
0.296,-1.12,-1.12,-1.869740365,-44.97,-2.212462562,212.0801613,-1.448013832,0.5107915374
0.297,-1.07,-1.07,-1.783121766,-43.07,-2.145262831,213.5506206,-1.411047574,0.5013965494
0.298,-1.02,-1.02,-1.696797377,-41.41,-2.08498816,215.5093774,-1.362199294,0.4922266048
0.299,-0.96,-0.96,-1.593596467,-39.46,-2.012268357,220.7592385,-1.233434072,0.4909866207
0.3,-0.92,-0.92,-1.525031229,-38.06,-1.958751168,228.8711577,-1.040371157,0.5084925066
0.301,-0.94,-0.94,-1.559290311,-39.15,-2.00051341,235.1837808,-0.8948081463,0.5385551418
0.302,-1.04,-1.04,-1.731291827,-42.79,-2.135199388,237.6527374,-0.8389366679,0.58211588
0.303,-1.11,-1.11,-1.852393108,-45.58,-2.233640897,237.6155492,-0.8397739085,0.6027149686
0.304,-1.07,-1.07,-1.783121766,-44.22,-2.186161207,239.178897,-0.8046898546,0.5961920969
0.305,-0.93,-0.93,-1.542154886,-39.42,-2.010754615,243.266171,-0.7140373005,0.5659716168
0.306,-0.78,-0.78,-1.286535713,-34.34,-1.811052112,247.6849409,-0.6177301256,0.529704019
0.307,-0.69,-0.69,-1.134435196,-31.24,-1.681631171,245.6755918,-0.661309117,0.4841929613
0.308,-0.65,-0.65,-1.067140945,-29.84,-1.621223509,235.073605,-0.8973150327,0.4237143595
0.309,-0.63,-0.63,-1.03356443,-29.1,-1.588789859,227.6990232,-1.067840902,0.3890508403
0.31,-0.63,-0.63,-1.03356443,-29.03,-1.585703598,228.0664272,-1.059215361,0.3907735721
0.311,-0.62,-0.62,-1.016793825,-28.79,-1.575098129,232.8572529,-0.9479959051,0.4029948195
0.312,-0.56,-0.56,-0.9164173312,-26.32,-1.463765073,237.3469796,-0.8458242691,0.396787998
0.313,-0.41,-0.41,-0.6673296202,-20.31,-1.175625491,241.9417847,-0.7432432703,0.3477724135
0.314,-0.28,-0.28,-0.4535954528,-14.96,-0.8974163772,249.3442984,-0.5820074956,0.3066027669
0.315,-0.26,-0.26,-0.4208897992,-14.15,-0.8534295104,255.0519542,-0.4609230829,0.3202259434
0.316,-0.34,-0.34,-0.5519948552,-17.67,-1.04098144,256.3271687,-0.4342406803,0.3741774527
0.317,-0.55,-0.55,-0.899729105,-26.61,-1.477045032,259.2811247,-0.3729389606,0.486344265
0.318,-0.71,-0.71,-1.168152932,-33.64,-1.782341839,254.1961975,-0.478903719,0.5165971152
0.319,-0.69,-0.69,-1.134435196,-32.72,-1.744155528,244.2526514,-0.6923861268,0.465592367
0.32,-0.46,-0.46,-0.7500646472,-24.25,-1.367332459,241.2513482,-0.7585325507,0.3528279753
0.321,-0.03,-0.03,-0.0481581978,-5.28,-0.3378816095,248.5687175,-0.5986745073,0.05142051494
0.322,0.36,0.36,0.5696369568,7.55,0.5262015464,252.2828799,-0.5193251227,82.83913018
0.323,0.57,0.57,0.8948817942,13.17,0.9526555674,255.7990567,-0.4452746809,1.763727838
0.324,0.63,0.63,0.9868556502,14.89,1.089358412,258.6373304,-0.3862395156,1.403540219
0.325,0.57,0.57,0.8948817942,13.51,0.9794444752,260.372532,-0.3504661563,1.422754596
0.326,0.47,0.47,0.7406505622,10.93,0.7790117743,262.3210618,-0.3105778431,1.581120651
0.327,0.39,0.39,0.6164182518,9.06,0.6377907968,264.531056,-0.2656941352,1.656607853
0.328,0.26,0.26,0.4129343608,5.62,0.3867063448,266.6335333,-0.2233407382,2.527670111
0.329,0.02,0.02,0.0320466232,-0.56,-0.03698152532,270.4863092,-0.1465880185,-0.1745748371
0.33,-0.22,-0.22,-0.3556197128,-9.26,-0.5770373704,272.1765298,-0.1132608439,0.5151682352
0.331,-0.38,-0.38,-0.6178298248,-14.55,-0.875214026,269.1335084,-0.1734124571,0.5891800701
0.332,-0.41,-0.41,-0.6673296202,-15.45,-0.9237833285,269.1870934,-0.1723473686,0.6088047912
0.333,-0.41,-0.41,-0.6673296202,-15.7,-0.9371658512,273.589815,-0.08555267574,0.6525056529
0.334,-0.58,-0.58,-0.9498290888,-21.37,-1.228273985,282.5418272,0.08669935441,0.8320341597
0.335,-0.99,-0.99,-1.645143964,-34.86,-1.832188857,290.0202514,0.2264635696,1.02454883
0.336,-1.45,-1.45,-2.448801905,-49.71,-2.372139063,285.5781535,0.1438862202,1.098978472
0.337,-1.79,-1.79,-3.058814972,-60.91,-2.708581485,276.7540644,-0.02403143015,1.119373679
0.338,-1.96,-1.96,-3.368923107,-66.56,-2.859327706,261.0794778,-0.3359598841,1.054341123
0.339,-2.04,-2.04,-3.516033187,-68.87,-2.917776295,245.716509,-0.660418149,0.9826277589
0.34,-2.15,-2.15,-3.719539345,-72.67,-3.01027816,238.551305,-0.8187464043,0.9714064985
0.341,-2.24,-2.24,-3.887103539,-75.46,-3.075529277,239.0508783,-0.8075541697,1.001035283
0.342,-2.27,-2.27,-3.943170102,-76.49,-3.099089112,242.6207981,-0.7282494418,1.030264255
0.343,-2.26,-2.26,-3.924469479,-76.1,-3.090200805,234.5465928,-0.909322677,0.9812342638
0.344,-2.15,-2.15,-3.719539345,-73.09,-3.020239435,212.3754493,-1.440569986,0.833826105
0.345,-2.04,-2.04,-3.516033187,-69.82,-2.941315025,203.4074388,-1.671393812,0.762249106
0.346,-1.96,-1.96,-3.368923107,-67.19,-2.875442418,203.6637181,-1.664657426,0.7420372289
0.347,-1.96,-1.96,-3.368923107,-67.39,-2.880530545,208.3937827,-1.541825261,0.7617937712
0.348,-2.04,-2.04,-3.516033187,-69.84,-2.941807541,213.9895854,-1.40006165,0.8097971248
0.349,-2.08,-2.08,-3.589870669,-71.17,-2.9742845,219.0373873,-1.27532594,0.8447528826
0.35,-2.08,-2.08,-3.589870669,-71.35,-2.978638763,222.1132134,-1.20072132,0.8589522314
0.351,-2.11,-2.11,-3.645372348,-72.16,-2.998114182,221.974584,-1.204061504,0.8674964164
0.352,-2.15,-2.15,-3.719539345,-73.59,-3.032032904,220.0570887,-1.250477471,0.8685418175
0.353,-2.16,-2.16,-3.738110515,-74.06,-3.04305502,216.4657625,-1.338509649,0.8531451199
0.354,-2.15,-2.15,-3.719539345,-73.58,-3.031797723,212.6051707,-1.43478615,0.832748125
0.355,-2.1,-2.1,-3.62686002,-72.19,-2.998831796,209.9651838,-1.501634725,0.805885346
0.356,-2.07,-2.07,-3.571393646,-71.39,-2.979605064,208.0686722,-1.550178194,0.7884248412
0.357,-2.21,-2.21,-3.831142892,-75.92,-3.086085252,203.8292653,-1.660310467,0.8071688747
0.358,-2.42,-2.42,-4.225091649,-83.01,-3.242298582,199.2457918,-1.781988253,0.8409336065
0.359,-2.47,-2.47,-4.319653918,-84.63,-3.276458879,193.5358711,-1.937546573,0.8284713082
0.36,-2.23,-2.23,-3.868438222,-77.66,-3.125522543,188.6552188,-2.07419502,0.7439708359
0.361,-1.77,-1.77,-3.022555262,-64.11,-2.795368408,185.5639203,-2.162586132,0.6096375506
0.362,-1.38,-1.38,-2.324899745,-52.24,-2.452940514,185.5629659,-2.162613649,0.5037097741
0.363,-1.2,-1.2,-2.00894208,-46.57,-2.267609861,188.0147675,-2.092388228,0.4607667341
0.364,-1.15,-1.15,-1.921852745,-44.76,-2.205127484,193.9426802,-1.926312768,0.4651774268
0.365,-1.19,-1.19,-1.991500676,-46.23,-2.25599952,199.1559194,-1.784401985,0.4928967267
0.366,-1.35,-1.35,-2.271975345,-51.76,-2.437838289,203.9879465,-1.656147109,0.554954433
0.367,-1.61,-1.61,-2.734172228,-61.18,-2.716052075,206.0708119,-1.601796724,0.633225561
0.368,-1.85,-1.85,-3.167876545,-69.67,-2.937617192,205.9663154,-1.604510344,0.697443328
0.369,-1.93,-1.93,-3.313951006,-72.34,-3.002415946,206.0191071,-1.603139249,0.7195551602
0.37,-1.81,-1.81,-3.095121756,-68.99,-2.920765311,204.0833103,-1.653646585,0.6766163228
0.371,-1.57,-1.57,-2.662547206,-61.78,-2.732554106,202.5381016,-1.694308024,0.6014524798
0.372,-1.35,-1.35,-2.271975345,-54.9,-2.534758516,200.7982571,-1.740464169,0.5314285388
0.373,-1.23,-1.23,-2.061336902,-51.14,-2.418174768,200.4781923,-1.748998671,0.4946606932
0.374,-1.19,-1.19,-1.991500676,-49.98,-2.380904825,204.075113,-1.65386148,0.4935851362
0.375,-1.2,-1.2,-2.00894208,-50.12,-2.385436447,211.9064847,-1.452396848,0.5234573588
0.376,-1.19,-1.19,-1.991500676,-50.03,-2.382524325,218.7649529,-1.281984306,0.5434564022
0.377,-1.16,-1.16,-1.939247075,-49.06,-2.350893876,224.2352898,-1.149849885,0.5539528762
0.378,-1.1,-1.1,-1.83505762,-47.09,-2.28525493,227.8915797,-1.063318522,0.5480117568
0.379,-1.03,-1.03,-1.714038718,-44.92,-2.210718174,229.1745177,-1.033284633,0.5283715274
0.38,-1.01,-1.01,-1.679567804,-44.08,-2.181219309,228.8900691,-1.039929111,0.5214189429
0.381,-1.03,-1.03,-1.714038718,-45.02,-2.214205664,227.461383,-1.073427396,0.5213594968
0.382,-1.06,-1.06,-1.765833351,-46.22,-2.255657159,226.3396725,-1.099875829,0.5262452664
0.383,-1.05,-1.05,-1.748556705,-45.65,-2.236059045,229.037009,-1.036495688,0.5343093845
0.384,-0.97,-0.97,-1.610767198,-43.03,-2.143827743,234.657414,-0.9067954471,0.5280125068
0.385,-0.85,-0.85,-1.405495145,-39.3,-2.006208015,239.0241071,-0.8081533473,0.4994010947
0.386,-0.73,-0.73,-1.201917742,-35.16,-1.844309623,240.3703995,-0.7781042614,0.4583249612
0.387,-0.6,-0.6,-0.98328792,-30.38,-1.644670562,242.6019104,-0.7286659473,0.4143061534
0.388,-0.47,-0.47,-0.7666469578,-25.64,-1.432405519,245.3018554,-0.6694540538,0.3647469925
0.389,-0.39,-0.39,-0.6343179882,-22.64,-1.290306744,246.1442834,-0.6511122909,0.3267290455
0.39,-0.39,-0.39,-0.6343179882,-22.47,-1.282068703,247.7401258,-0.6165382624,0.3340965244
0.391,-0.44,-0.44,-0.7169353312,-24.96,-1.40073495,251.1461126,-0.5434862884,0.3687519286
0.392,-0.47,-0.47,-0.7666469578,-26.18,-1.457333993,255.9464007,-0.4421938894,0.4035986863
0.393,-0.38,-0.38,-0.6178298248,-22.64,-1.290306744,261.8979023,-0.3192150881,0.3838592385
0.394,-0.21,-0.21,-0.3393316122,-15.61,-0.9323535792,266.904607,-0.2179044095,0.2950047863
0.395,-0.01,-0.01,-0.0160409642,-5.96,-0.3796700283,265.1799605,-0.2525864582,0.02537097609
0.396,0.22,0.22,0.3499238072,3.24,0.2194440285,265.678616,-0.242535541,-15.15378461
0.397,0.46,0.46,0.7251627128,9.5,0.6707161892,269.7071637,-0.1620211234,1.425535181
0.398,0.66,0.66,1.032683705,14.87,1.087751843,273.8899761,-0.07968629791,1.02442119
0.399,0.75,0.75,1.169532375,16.53,1.222470909,276.7793846,-0.02354198085,0.9754809874
0.4,0.75,0.75,1.169532375,16.46,1.216733581,279.2486882,0.02397670216,0.9426313228
0.401,0.79,0.79,1.230048028,17.31,1.286739346,281.9160475,0.07483691876,0.903400022
0.402,0.9,0.9,1.39549518,19.36,1.45863237,281.2671458,0.06250833469,0.9174004585
0.403,0.96,0.96,1.485138893,20.45,1.55180694,277.7558159,-0.004701292118,0.9599466557
0.404,0.89,0.89,1.380513372,19.19,1.444212368,276.7871485,-0.02339191056,0.9716311197
0.405,0.72,0.72,1.124022067,16.3,1.203638408,278.5424101,0.01042829723,0.9258322155
0.406,0.58,0.58,0.9102401912,13.45,0.9747086845,280.3477119,0.04499107732,0.8926550984
0.407,0.51,0.51,0.8024842758,11.8,0.8458692314,282.6984874,0.08966493165,0.8577819042
0.408,0.48,0.48,0.7561266432,11.14,0.795082191,283.674074,0.1080958872,0.8371844505
0.409,0.44,0.44,0.6941517088,10.24,0.7265104923,281.4927808,0.06679843101,0.8750080686
0.41,0.38,0.38,0.6008362552,8.63,0.6057927298,279.8882139,0.03621507962,0.9358706333
0.411,0.29,0.29,0.4600687078,6.55,0.4534886908,281.6466131,0.06972134088,0.8793193555
0.412,0.19,0.19,0.3025423238,4.2,0.286285154,280.0423263,0.03916009266,0.9296258799
0.413,0.08,0.08,0.1279040512,1.66,0.1112559608,275.2878938,-0.05244967322,2.17500639
0.414,-0.02,-0.02,-0.0320936968,-1.38,-0.09063656521,270.0608996,-0.1550088996,0.1306504756
0.415,-0.14,-0.14,-0.2256444232,-5.37,-0.3434346626,270.5450627,-0.145426048,0.461572015
0.416,-0.3,-0.3,-0.48634818,-10.75,-0.6632546824,273.5010948,-0.08728786583,0.6479954816
0.417,-0.54,-0.54,-0.8830526472,-18.69,-1.09360443,273.0132381,-0.09683943281,0.7417843672
0.418,-0.88,-0.88,-1.456654285,-29.41,-1.602419676,273.0701627,-0.09572404649,0.8577921087
0.419,-1.24,-1.24,-2.078825379,-40.9,-2.066171118,273.7221838,-0.0829648536,0.9672842511
0.42,-1.54,-1.54,-2.608952007,-50.22,-2.388667655,272.7807481,-0.1013972757,1.047744569
0.421,-1.73,-1.73,-2.950177062,-56.29,-2.576285143,271.6328919,-0.1239574737,1.092559996
0.422,-1.84,-1.84,-3.149670195,-59.7,-2.674756488,268.7814543,-0.1804153842,1.103145568
0.423,-1.92,-1.92,-3.295650509,-62.49,-2.751906617,268.7676889,-0.1806893879,1.123799699
0.424,-2.05,-2.05,-3.534474905,-66.55,-2.859070843,269.2319711,-0.1714555139,1.166290766
0.425,-2.23,-2.23,-3.868438222,-72.07,-2.995959763,269.4948129,-0.1662350438,1.223339629
0.426,-2.41,-2.41,-4.2062145,-78.1,-3.13537541,268.9995254,-0.1760765155,1.270202496
0.427,-2.57,-2.57,-4.509661086,-83.16,-3.245483348,260.3254293,-0.3514340863,1.253757187
0.428,-2.68,-2.68,-4.720028221,-86.71,-3.319596321,252.361072,-0.5176672116,1.230050577
0.429,-2.75,-2.75,-4.854639625,-88.99,-3.366029317,245.3044954,-0.6693964746,1.20300555
0.43,-2.8,-2.8,-4.95114368,-90.32,-3.392740913,232.9069494,-0.946854229,1.140922947
0.431,-2.81,-2.81,-4.970479796,-90.84,-3.403114974,223.5982826,-1.165069783,1.088064529
0.432,-2.81,-2.81,-4.970479796,-90.81,-3.402517497,223.0635663,-1.177879178,1.085163611
0.433,-2.82,-2.82,-4.989827681,-91.13,-3.408884206,218.9724588,-1.276912056,1.064883619
0.434,-2.86,-2.86,-5.067336903,-92.37,-3.433426305,211.1968805,-1.470342279,1.033355636
0.435,-2.91,-2.91,-5.16448822,-94.07,-3.466761943,207.9702637,-1.552709139,1.02889092
0.436,-2.95,-2.95,-5.242421105,-95.36,-3.491840255,209.029611,-1.525526779,1.044855014
0.437,-2.92,-2.92,-5.183953789,-94.55,-3.47611418,208.3971174,-1.541739654,1.033101792
0.438,-2.74,-2.74,-4.835374119,-89.21,-3.37046598,205.2942408,-1.621996109,0.9685349697
0.439,-2.46,-2.46,-4.300717927,-81.05,-3.20025567,201.5219512,-1.721216975,0.8738680955
0.44,-2.25,-2.25,-3.905780625,-74.91,-3.062834544,200.8636924,-1.738721019,0.8134406807
0.441,-2.18,-2.18,-3.775288161,-72.96,-3.017161559,201.4683606,-1.722639888,0.7965076604
0.442,-2.21,-2.21,-3.831142892,-73.76,-3.036026711,201.6592834,-1.717572326,0.8059457396
0.443,-2.17,-2.17,-3.756693454,-72.62,-3.009088933,201.8334765,-1.712952995,0.7955654591
0.444,-2.03,-2.03,-3.497603238,-68.56,-2.910033422,201.3199219,-1.726583135,0.7543438614
0.445,-1.92,-1.92,-3.295650509,-65.14,-2.822511737,199.8377798,-1.766116197,0.7182213411
0.446,-1.9,-1.9,-3.25908482,-64.47,-2.804898025,199.7193315,-1.769288203,0.7124950006
0.447,-1.93,-1.93,-3.313951006,-65.7,-2.837113405,200.7505356,-1.741735796,0.7237519429
0.448,-1.96,-1.96,-3.368923107,-66.47,-2.857014727,202.69903,-1.690058825,0.740899189
0.449,-1.93,-1.93,-3.313951006,-65.76,-2.838671442,205.4033408,-1.619153699,0.7434008515
0.45,-1.88,-1.88,-3.222566205,-64.02,-2.792978784,205.3638941,-1.62018124,0.7302173925
0.451,-1.82,-1.82,-3.113292801,-62.43,-2.750278461,202.4414478,-1.696861723,0.7000662611
0.452,-1.83,-1.83,-3.131475614,-62.72,-2.758135543,202.5646238,-1.693607494,0.7034268573
0.453,-1.87,-1.87,-3.20432455,-63.9,-2.789788106,203.8509017,-1.659742596,0.7201488796
0.454,-1.93,-1.93,-3.313951006,-65.98,-2.844373667,201.623295,-1.718527181,0.7262816169
0.455,-2.05,-2.05,-3.534474905,-69.74,-2.939343718,197.6371166,-1.825358523,0.7418039419
0.456,-2.18,-2.18,-3.775288161,-74.19,-3.046092902,193.4358335,-1.940312674,0.7571161438
0.457,-2.3,-2.3,-3.99934258,-78.21,-3.137831261,193.5902495,-1.936043579,0.7882225529
0.458,-2.34,-2.34,-4.074403975,-79.37,-3.16355341,200.5816516,-1.746238447,0.829852689
0.459,-2.27,-2.27,-3.943170102,-77.42,-3.120128207,205.7424504,-1.610328428,0.8335707113
0.46,-2.19,-2.19,-3.793894636,-75.13,-3.067922116,204.0801454,-1.653729552,0.8035100645
0.461,-2.15,-2.15,-3.719539345,-73.97,-3.040949143,198.0312876,-1.814699015,0.7660232423
0.462,-2.17,-2.17,-3.756693454,-74.45,-3.052154758,192.5362246,-1.96525187,0.7487321105
0.463,-2.21,-2.21,-3.831142892,-75.69,-3.080814204,192.2730483,-1.972569744,0.7581341397
0.464,-2.23,-2.23,-3.868438222,-76.34,-3.095675163,196.7560962,-1.849260896,0.7823029813
0.465,-2.2,-2.2,-3.81251288,-75.46,-3.075529277,203.8212906,-1.660519787,0.8049986028
0.466,-2.1,-2.1,-3.62686002,-72.73,-3.011704286,209.0041147,-1.526179384,0.7992404134
0.467,-1.97,-1.97,-3.387270678,-68.64,-2.912034524,207.5135097,-1.564471979,0.7566772605
0.468,-1.83,-1.83,-3.131475614,-64.47,-2.804898025,204.2295012,-1.649815592,0.7029577841
0.469,-1.71,-1.71,-2.914058572,-60.92,-2.708858671,203.3876204,-1.671915098,0.6651926636
0.47,-1.6,-1.6,-2.71624832,-57.64,-2.615837232,204.7187612,-1.637014257,0.6386887309
0.471,-1.49,-1.49,-2.519862044,-54.11,-2.51078581,210.282756,-1.493548968,0.62928356
0.472,-1.35,-1.35,-2.271975345,-49.92,-2.378959864,222.2435266,-1.19758341,0.635243354
0.473,-1.21,-1.21,-2.026395252,-45.39,-2.227064769,236.3635775,-0.8680370256,0.6547103735
0.474,-1.1,-1.1,-1.83505762,-41.67,-2.094526705,244.6256537,-0.6842222849,0.6603898469
0.475,-1.04,-1.04,-1.731291827,-39.86,-2.02735664,241.0235142,-0.7635873941,0.6203248097
0.476,-1.05,-1.05,-1.748556705,-39.98,-2.031865753,234.1772624,-0.9177537316,0.5928075517
0.477,-1.07,-1.07,-1.783121766,-40.7,-2.058753072,233.1777109,-0.9406383002,0.5944945305
0.478,-1.06,-1.06,-1.765833351,-40.49,-2.050940481,237.1034768,-0.8513158436,0.6084346638
0.479,-1.02,-1.02,-1.696797377,-39.1,-1.9986124,237.8227345,-0.8351110893,0.5987872081
0.48,-0.96,-0.96,-1.593596467,-37.01,-1.917880312,227.9233201,-1.062573432,0.5346825028
0.481,-0.89,-0.89,-1.473730868,-34.78,-1.828947586,220.5455227,-1.238615885,0.4804239202
0.482,-0.83,-0.83,-1.371447894,-32.6,-1.739136492,222.6130283,-1.188695896,0.4684174885
0.483,-0.77,-0.77,-1.269588582,-30.33,-1.642507322,225.545835,-1.118672781,0.4597992649
0.484,-0.7,-0.7,-1.15128818,-27.85,-1.533200271,229.8592966,-1.01732254,0.4513930146
0.485,-0.64,-0.64,-1.050346803,-25.33,-1.418006195,231.5697732,-0.9776584082,0.4384364998
0.486,-0.58,-0.58,-0.9498290888,-23.23,-1.318741538,232.0913053,-0.965622902,0.4157957776
0.487,-0.54,-0.54,-0.8830526472,-21.63,-1.241065966,232.2368168,-0.962269729,0.4007798944
0.488,-0.52,-0.52,-0.8497350368,-20.78,-1.19906837,233.3316327,-0.9371079028,0.3977832015
0.489,-0.57,-0.57,-0.9331173258,-22.66,-1.2912746,239.1388096,-0.8055866121,0.4450067179
0.49,-0.78,-0.78,-1.286535713,-29.84,-1.621223509,244.566583,-0.6855143246,0.5577294889
0.491,-1.1,-1.1,-1.83505762,-41.24,-2.078731569,244.4695676,-0.6876370002,0.6633453113
0.492,-1.36,-1.36,-2.289605043,-50.33,-2.392216543,244.9979731,-0.6760857931,0.7462123326
0.493,-1.36,-1.36,-2.289605043,-50.24,-2.389313331,243.0752827,-0.7182370346,0.7367877504
0.494,-1.11,-1.11,-1.852393108,-42.26,-2.116036381,239.7264862,-0.7924552737,0.6368913265
0.495,-0.83,-0.83,-1.371447894,-32.83,-1.748748536,238.5102395,-0.8196674619,0.5339664193
0.496,-0.71,-0.71,-1.168152932,-28.54,-1.564011148,238.0142607,-0.8308042972,0.487784115
0.497,-0.73,-0.73,-1.201917742,-29.19,-1.59275327,237.0253398,-0.8530792181,0.4914145788
0.498,-0.71,-0.71,-1.168152932,-28.69,-1.570668195,235.4411566,-0.8889565193,0.4749313689
0.499,-0.58,-0.58,-0.9498290888,-23.55,-1.334062883,232.3914323,-0.9587090622,0.4142710707
0.5,-0.42,-0.42,-0.6838530888,-17.19,-1.015952553,230.478464,-1.002930728,0.3387283927
0.501,-0.42,-0.42,-0.6838530888,-16.9,-1.000748161,229.4809793,-1.02613517,0.3373914414
0.502,-0.61,-0.61,-1.000034988,-23.62,-1.337405003,230.4779819,-1.002941918,0.4273020291
0.503,-0.91,-0.91,-1.50791934,-33.64,-1.782341839,231.4457692,-0.9805240626,0.5457808644
0.504,-1.16,-1.16,-1.939247075,-41.92,-2.103663878,232.4207206,-0.9580348448,0.6333892556
0.505,-1.29,-1.29,-2.166444292,-46.47,-2.264201082,233.6357606,-0.9301391758,0.6782133766
0.506,-1.36,-1.36,-2.289605043,-48.63,-2.336727903,234.500566,-0.9103726496,0.7051229262
0.507,-1.4,-1.4,-2.36024152,-50.16,-2.386729496,235.970622,-0.8769388279,0.7231866984
0.508,-1.47,-1.47,-2.484308438,-52.34,-2.456073599,237.3739488,-0.8452163949,0.7525265707
0.509,-1.56,-1.56,-2.644670371,-55.3,-2.546793344,238.2043781,-0.8265326109,0.7839949079
0.51,-1.65,-1.65,-2.805985545,-58.35,-2.636337365,237.8424405,-0.8346678046,0.8084071926
0.511,-1.71,-1.71,-2.914058572,-60.4,-2.694393962,234.9726584,-0.8996129525,0.8108105081
0.512,-1.72,-1.72,-2.932111933,-60.78,-2.704974573,235.775378,-0.8813672925,0.8175773651
0.513,-1.69,-1.69,-2.877987156,-59.84,-2.678699315,239.1042497,-0.8063598408,0.8258072611
0.514,-1.65,-1.65,-2.805985545,-58.49,-2.640355486,239.4383666,-0.7988891355,0.8158726273
0.515,-1.55,-1.55,-2.626805305,-55.59,-2.555475594,239.6797373,-0.7934986759,0.7843611487
0.516,-1.39,-1.39,-2.342564748,-50.59,-2.400582225,242.0024736,-0.7419014377,0.7454500961
0.517,-1.23,-1.23,-2.061336902,-45.29,-2.223596247,245.1380859,-0.673027036,0.7116344447
0.518,-1.12,-1.12,-1.869740365,-41.74,-2.097088518,246.0350928,-0.653486099,0.6797635496
0.519,-1.11,-1.11,-1.852393108,-41.35,-2.082781747,245.5571937,-0.6638880562,0.6744141965
0.52,-1.14,-1.14,-1.904470183,-42.57,-2.127263144,246.5846212,-0.6415500028,0.687829074
0.521,-1.15,-1.15,-1.921852745,-42.85,-2.137359345,245.2222613,-0.6711902706,0.6842865564
0.522,-1.13,-1.13,-1.88709939,-42.27,-2.116399338,243.3815919,-0.711499523,0.6673150217
0.523,-1.11,-1.11,-1.852393108,-41.48,-2.087559837,243.0267912,-0.7193044223,0.6599510831
0.524,-1.1,-1.1,-1.83505762,-41.04,-2.071350716,240.2292102,-0.78124768,0.6432933646
0.525,-1.09,-1.09,-1.8177339,-41.01,-2.070241704,236.4059121,-0.8670788846,0.6188408262
0.526,-1.1,-1.1,-1.83505762,-41.32,-2.081677806,233.7929,-0.9265420657,0.6100144598
0.527,-1.12,-1.12,-1.869740365,-42.02,-2.107309305,230.3270758,-1.006445993,0.600477618
0.528,-1.16,-1.16,-1.939247075,-43.34,-2.15492753,226.7572487,-1.090014658,0.5976214561
0.529,-1.22,-1.22,-2.043860193,-45.37,-2.226371474,223.6914572,-1.162840875,0.6030487272
0.53,-1.29,-1.29,-2.166444292,-47.85,-2.31080256,221.7119036,-1.210396338,0.6152575742
0.531,-1.37,-1.37,-2.30724651,-50.37,-2.393505636,221.0567653,-1.2262285,0.6374077275
0.532,-1.44,-1.44,-2.431066291,-52.79,-2.470116445,219.6483757,-1.260423291,0.6516661029
0.533,-1.51,-1.51,-2.555462724,-55.15,-2.542288365,211.3245682,-1.467108693,0.6373683343
0.534,-1.58,-1.58,-2.680435809,-57.57,-2.613804938,200.3674422,-1.751954987,0.6139677524
0.535,-1.64,-1.64,-2.788014563,-59.78,-2.677010475,194.0634931,-1.922981123,0.6060912295
0.536,-1.69,-1.69,-2.877987156,-61.26,-2.718260238,195.4870431,-1.883879515,0.6253584877
0.537,-1.7,-1.7,-2.89601698,-61.84,-2.734196827,199.3120421,-1.780209644,0.6415055885
0.538,-1.7,-1.7,-2.89601698,-61.74,-2.731458205,202.4853308,-1.695702136,0.6541477508
0.539,-1.69,-1.69,-2.877987156,-61.46,-2.723769997,205.870238,-1.60700655,0.664542981
0.54,-1.68,-1.68,-2.859969101,-61.16,-2.715499653,209.4932939,-1.513672208,0.6762480208
0.541,-1.66,-1.66,-2.823968295,-60.67,-2.701917495,212.1854809,-1.445357666,0.6809213725
0.542,-1.65,-1.65,-2.805985545,-60.08,-2.685440571,209.3379305,-1.517641322,0.6676019206
0.543,-1.64,-1.64,-2.788014563,-59.9,-2.680386743,204.8317716,-1.634061724,0.6462041636
0.544,-1.66,-1.66,-2.823968295,-60.64,-2.701082938,204.6076526,-1.639918691,0.6505338023
0.545,-1.71,-1.71,-2.914058572,-62.38,-2.748920643,207.8826672,-1.554963018,0.6770765201
0.546,-1.79,-1.79,-3.058814972,-64.97,-2.818057509,210.0277747,-1.500040123,0.7083709617
0.547,-1.85,-1.85,-3.167876545,-67.14,-2.874168314,210.1113221,-1.497912358,0.7245695546
0.548,-1.85,-1.85,-3.167876545,-67.29,-2.877988138,208.1014358,-1.549335822,0.7155285165
0.549,-1.78,-1.78,-3.040679233,-65.13,-2.822250003,204.448215,-1.644089229,0.6807989889
0.55,-1.64,-1.64,-2.788014563,-60.83,-2.706362615,206.6011643,-1.588045431,0.6492197605
0.551,-1.49,-1.49,-2.519862044,-56.22,-2.574213526,213.8757507,-1.402908412,0.6335893351
0.552,-1.4,-1.4,-2.36024152,-53.46,-2.490856045,218.8301683,-1.28038967,0.6258519593
0.553,-1.39,-1.39,-2.342564748,-53.15,-2.481285067,222.6525669,-1.187745759,0.6384696285
0.554,-1.45,-1.45,-2.448801905,-55.34,-2.547993038,222.1292977,-1.200333915,0.6533053107
0.555,-1.53,-1.53,-2.591110478,-58.03,-2.627123284,223.4913822,-1.167628184,0.6828142765
0.556,-1.56,-1.56,-2.644670371,-58.98,-2.6543568,229.319247,-1.029907043,0.7178287127
0.557,-1.52,-1.52,-2.573280717,-57.89,-2.62307903,241.2947566,-0.7575700104,0.7611794912
0.558,-1.44,-1.44,-2.431066291,-55.41,-2.550090852,245.7777969,-0.6590838903,0.7575362784
0.559,-1.36,-1.36,-2.289605043,-52.76,-2.469183099,236.8922452,-0.8560841968,0.6885476684
0.56,-1.3,-1.3,-2.18400338,-50.88,-2.409875854,229.8982077,-1.016416957,0.6374246162
0.561,-1.23,-1.23,-2.061336902,-48.94,-2.346949549,229.3905832,-1.028243035,0.61073164
0.562,-1.12,-1.12,-1.869740365,-45.31,-2.224290361,232.3915148,-0.958707163,0.5874149605
0.563,-0.96,-0.96,-1.593596467,-39.97,-2.031490299,237.7730324,-0.8362292908,0.5557016358
0.564,-0.8,-0.8,-1.32046528,-34.4,-1.813499243,244.5798904,-0.6852232272,0.5284561593
0.565,-0.69,-0.69,-1.134435196,-30.75,-1.660629365,249.5102179,-0.5784486662,0.5066528189
0.566,-0.68,-0.68,-1.117593981,-30.3,-1.641208617,252.2533344,-0.5199517132,0.5171268254
0.567,-0.72,-0.72,-1.185029453,-31.91,-1.710104579,253.8432103,-0.486338109,0.5395221369
0.568,-0.74,-0.74,-1.218817799,-32.67,-1.742065339,253.6781263,-0.4898185529,0.5460937299
0.569,-0.68,-0.68,-1.117593981,-30.5,-1.649855876,252.1524951,-0.5220908246,0.5145586585
0.57,-0.55,-0.55,-0.899729105,-25.72,-1.436110971,250.7884832,-0.5511100605,0.452757439
0.571,-0.42,-0.42,-0.6838530888,-20.36,-1.17812692,251.3566608,-0.5390029979,0.3982535518
0.572,-0.31,-0.31,-0.5027421962,-16.08,-0.9574170638,249.9948099,-0.568068117,0.3295621632
0.573,-0.23,-0.23,-0.3719195818,-12.03,-0.7359107627,247.990096,-0.611142826,0.2760985791
0.574,-0.14,-0.14,-0.2256444232,-7.7,-0.4848495626,249.6327264,-0.5758224806,0.2127372213
0.575,-0.11,-0.11,-0.1770978682,-6.21,-0.3949363368,251.3471592,-0.5392052377,0.1895835418
0.576,-0.18,-0.18,-0.2905379208,-8.82,-0.5512358423,251.4752793,-0.536478858,0.2671085724
0.577,-0.35,-0.35,-0.568435945,-14.63,-0.8795562528,251.9590477,-0.5261968349,0.4043640024
0.578,-0.58,-0.58,-0.9498290888,-22.24,-1.270890974,251.137833,-0.5436626654,0.5234505435
0.579,-0.84,-0.84,-1.388465635,-31.17,-1.678640148,251.2346181,-0.5416012457,0.6253669709
0.58,-1.15,-1.15,-1.921852745,-41.36,-2.083149618,248.0429969,-0.6100016926,0.7136074149
0.581,-1.43,-1.43,-2.413342446,-50.62,-2.401545457,233.9719819,-0.922445614,0.7260375839
0.582,-1.62,-1.62,-2.752107905,-56.79,-2.591022532,219.5918246,-1.261800888,0.7143093791
0.583,-1.71,-1.71,-2.914058572,-59.83,-2.67841794,210.1696253,-1.496428006,0.698003857
0.584,-1.73,-1.73,-2.950177062,-60.5,-2.697183742,209.0882238,-1.524026826,0.6988936026
0.585,-1.7,-1.7,-2.89601698,-59.52,-2.669675806,213.0156717,-1.424466255,0.7073562512
0.586,-1.62,-1.62,-2.752107905,-57.02,-2.597766639,218.3000941,-1.293364741,0.7072770451
0.587,-1.5,-1.5,-2.5376565,-53.27,-2.484995045,225.2687945,-1.125248285,0.7029045601
0.588,-1.37,-1.37,-2.30724651,-49.45,-2.363665212,235.2401764,-0.8935254033,0.7083547701
0.589,-1.27,-1.27,-2.131361422,-46.22,-2.255657159,246.2768332,-0.648232067,0.733967881
0.59,-1.18,-1.18,-1.974071041,-43.27,-2.152425566,247.9725246,-0.6115219138,0.7142216179
0.591,-1.1,-1.1,-1.83505762,-40.49,-2.050940481,238.547267,-0.8188369663,0.6394424841
0.592,-1.03,-1.03,-1.714038718,-38.21,-1.964538269,229.2424086,-1.031699977,0.5720635601
0.593,-0.99,-0.99,-1.645143964,-36.77,-1.908449051,229.5679737,-1.024107412,0.5609931079
0.594,-0.97,-0.97,-1.610767198,-36.08,-1.881147249,236.3258136,-0.8688918667,0.5857251952
0.595,-0.95,-0.95,-1.576437505,-35.62,-1.862790943,236.4853827,-0.8652807221,0.5778578053
0.596,-0.94,-0.94,-1.559290311,-35.27,-1.848740485,225.9294715,-1.109580563,0.5270862378
0.597,-0.95,-0.95,-1.576437505,-35.45,-1.855975496,216.6101825,-1.334941467,0.494039025
0.598,-0.98,-0.98,-1.627949697,-36.4,-1.893843543,217.1329397,-1.322045575,0.5062207174
0.599,-1.02,-1.02,-1.696797377,-37.82,-1.949465083,223.6382334,-1.164113974,0.544966852
0.6,-1.05,-1.05,-1.748556705,-38.91,-1.991375735,229.3601645,-1.028952527,0.5789293591
0.601,-1.06,-1.06,-1.765833351,-39.11,-1.998992715,232.2666576,-0.9615823342,0.5964494472
0.602,-1.04,-1.04,-1.731291827,-38.51,-1.97607405,235.3590164,-0.8908233422,0.6038904049
0.603,-1.01,-1.01,-1.679567804,-37.56,-1.939367923,238.0503518,-0.8299931166,0.6064820657
0.604,-0.98,-0.98,-1.627949697,-36.6,-1.901748321,239.7002862,-0.7930400135,0.6041104142
0.605,-0.95,-0.95,-1.576437505,-35.35,-1.851958417,243.0371732,-0.7190758766,0.6131530447
0.606,-0.89,-0.89,-1.473730868,-33.33,-1.769532425,246.4391185,-0.6447078188,0.6104325664
0.607,-0.81,-0.81,-1.337447716,-30.4,-1.645535415,250.1560741,-0.564618105,0.6051379256
0.608,-0.7,-0.7,-1.15128818,-26.56,-1.474759377,254.4828895,-0.4728731871,0.5911218579
0.609,-0.6,-0.6,-0.98328792,-22.53,-1.28497855,257.8289816,-0.4029866658,0.5825285443
0.61,-0.54,-0.54,-0.8830526472,-20.09,-1.164597913,258.4247538,-0.3906385418,0.5677931768
0.611,-0.56,-0.56,-0.9164173312,-20.64,-1.192101881,258.3600073,-0.3919791155,0.5785167131
0.612,-0.65,-0.65,-1.067140945,-23.64,-1.338359275,258.5693387,-0.3876461316,0.6182720756
0.613,-0.79,-0.79,-1.303494612,-27.89,-1.534994891,257.7386392,-0.4048616169,0.6719541404
0.614,-0.92,-0.92,-1.525031229,-31.89,-1.709258677,256.0386403,-0.4402661697,0.7094736454
0.615,-1.03,-1.03,-1.714038718,-35.15,-1.843906461,253.5150787,-0.4932582851,0.7333837808
0.616,-1.12,-1.12,-1.869740365,-37.88,-1.951789693,252.7710457,-0.5089829089,0.7598184259
0.617,-1.21,-1.21,-2.026395252,-40.76,-2.06098079,252.7294045,-0.5098643356,0.7882214422
0.618,-1.33,-1.33,-2.236751254,-44.39,-2.192148375,251.5459556,-0.5349754702,0.8201869006
0.619,-1.49,-1.49,-2.519862044,-49.49,-2.364970979,248.630925,-0.5973357696,0.8506418336
0.62,-1.74,-1.74,-2.968253959,-56.99,-2.596888221,246.3313378,-0.6470481668,0.9150160805
0.621,-2.06,-2.06,-3.552928391,-67.08,-2.872638292,244.7379358,-0.6817672204,0.9995844252
0.622,-2.38,-2.38,-4.149653665,-77.24,-3.11607308,242.8576205,-0.7230298472,1.080891485
0.623,-2.58,-2.58,-4.528726529,-83.43,-3.251204542,240.7755859,-0.7690934911,1.126465374
0.624,-2.62,-2.62,-4.605105985,-84.7,-3.277923508,239.2612072,-0.8028490413,1.128488768
0.625,-2.61,-2.61,-4.585993468,-84.48,-3.273317267,236.7420352,-0.8594776317,1.1096591
0.626,-2.72,-2.72,-4.796878413,-87.77,-3.341288916,229.1642082,-1.03352531,1.096475911
0.627,-2.89,-2.89,-5.125592388,-93.16,-3.448960281,216.3441976,-1.341514998,1.069954877
0.628,-2.93,-2.93,-5.203431126,-94.55,-3.47611418,205.1611316,-1.625466079,1.019964572
0.629,-2.84,-2.84,-5.028558755,-91.91,-3.424345348,201.04899,-1.733787895,0.9748795772
0.63,-2.74,-2.74,-4.835374119,-89.17,-3.369659862,202.3319512,-1.699756216,0.9538325607
0.631,-2.76,-2.76,-4.873916899,-89.61,-3.378513914,201.5589091,-1.720235909,0.9559043036
0.632,-2.83,-2.83,-5.009187334,-91.79,-3.421971932,198.6714442,-1.79743248,0.9597239337
0.633,-2.79,-2.79,-4.931819332,-90.68,-3.399926988,195.1981045,-1.891792904,0.9319879799
0.634,-2.65,-2.65,-4.662514145,-86.73,-3.320007373,193.9509856,-1.926083665,0.8887596709
0.635,-2.54,-2.54,-4.452535367,-83.47,-3.252050889,194.9173413,-1.899493616,0.864310764
0.636,-2.51,-2.51,-4.395515564,-82.46,-3.230581945,194.7417632,-1.904314973,0.8560085302
0.637,-2.51,-2.51,-4.395515564,-82.46,-3.230581945,194.695218,-1.90559383,0.8557953926
0.638,-2.47,-2.47,-4.319653918,-81.36,-3.206959587,193.8307144,-1.929402288,0.8409948564
0.639,-2.39,-2.39,-4.168495508,-79.11,-3.15781572,190.5435263,-2.020911465,0.8049266469
0.64,-2.34,-2.34,-4.074403975,-77.49,-3.121703027,189.5426847,-2.049086731,0.7879655075
0.641,-2.34,-2.34,-4.074403975,-77.55,-3.123051906,190.3685389,-2.025826944,0.7913186723
0.642,-2.37,-2.37,-4.13082359,-78.68,-3.148291635,190.9803276,-2.008661179,0.8010202418
0.643,-2.4,-2.4,-4.18734912,-79.51,-3.166636425,192.4460749,-1.967757442,0.8155488706
0.644,-2.41,-2.41,-4.2062145,-79.83,-3.173666348,194.7573774,-1.903886032,0.8283941129
0.645,-2.42,-2.42,-4.225091649,-80.02,-3.177829281,195.2444806,-1.890521978,0.8336225002
0.646,-2.42,-2.42,-4.225091649,-80.01,-3.177610384,192.5807904,-1.964013664,0.8217426263
0.647,-2.39,-2.39,-4.168495508,-79.38,-3.163773776,191.2365051,-2.001489598,0.8070247742
0.648,-2.34,-2.34,-4.074403975,-77.85,-3.129782997,193.0051544,-1.952237569,0.8017291394
0.649,-2.27,-2.27,-3.943170102,-75.61,-3.078977548,194.5934534,-1.908390935,0.7906313952
0.65,-2.19,-2.19,-3.793894636,-73.25,-3.024021012,192.8223615,-1.957306892,0.7616231474
0.651,-2.12,-2.12,-3.663896445,-71.31,-2.977671984,191.43753,-1.995868713,0.7366776845
0.652,-2.08,-2.08,-3.589870669,-70,-2.945743207,188.1609548,-2.088230055,0.7131286723
0.653,-2.07,-2.07,-3.571393646,-69.78,-2.94032962,188.2463648,-2.085802134,0.7105650668
0.654,-2.09,-2.09,-3.60835946,-70.45,-2.956769967,192.9651605,-1.953346294,0.734882693
0.655,-2.11,-2.11,-3.645372348,-70.92,-2.96822081,198.006458,-1.815369852,0.7620577524
0.656,-2.09,-2.09,-3.60835946,-70.46,-2.957014301,199.845016,-1.765922477,0.764007572
0.657,-2.04,-2.04,-3.516033187,-68.94,-2.919520444,195.0075953,-1.897016941,0.7299918813
0.658,-1.98,-1.98,-3.405630017,-67.23,-2.876461104,188.5771636,-2.076409015,0.6876073741
0.659,-1.93,-1.93,-3.313951006,-65.54,-2.832952579,185.4056468,-2.167151271,0.6627764354
0.66,-1.83,-1.83,-3.131475614,-62.6,-2.754888108,187.569381,-2.105076831,0.6443411944
0.661,-1.74,-1.74,-2.968253959,-59.99,-2.682915241,191.3119297,-1.999379947,0.6339314034
0.662,-1.73,-1.73,-2.950177062,-59.49,-2.668827782,191.7796166,-1.986317136,0.6337454824
0.663,-1.74,-1.74,-2.968253959,-59.98,-2.682634453,191.8028179,-1.985669938,0.6358312807
0.664,-1.76,-1.76,-3.004443059,-60.58,-2.699412781,191.0467883,-2.006799716,0.6383993627
0.665,-1.78,-1.78,-3.040679233,-61.13,-2.714670734,184.7504033,-2.186092235,0.6204501731
0.666,-1.83,-1.83,-3.131475614,-62.78,-2.759757269,178.6388368,-2.366064344,0.6109216923
0.667,-1.92,-1.92,-3.295650509,-65.81,-2.83996886,174.5199984,-2.490862495,0.6182244925
0.668,-1.96,-1.96,-3.368923107,-67.1,-2.873148433,175.6175222,-2.457322693,0.6320122608
0.669,-1.91,-1.91,-3.27736178,-65.49,-2.831650508,181.1258094,-2.292096458,0.6396416142
0.67,-1.81,-1.81,-3.095121756,-62.4,-2.749463881,188.770015,-2.070940549,0.6420875677
0.671,-1.75,-1.75,-2.986342625,-60.73,-2.70358557,194.5897002,-1.908494123,0.6475045585
0.672,-1.79,-1.79,-3.058814972,-61.88,-2.735291223,195.9685899,-1.870716967,0.6640923866
0.673,-1.85,-1.85,-3.167876545,-63.81,-2.787391706,197.6076238,-1.826156946,0.6866463938
0.674,-1.89,-1.89,-3.240819628,-65.1,-2.821464592,202.9933496,-1.682296241,0.7195807567
0.675,-1.89,-1.89,-3.240819628,-65.09,-2.821202718,211.3792795,-1.465723774,0.7559774197
0.676,-1.86,-1.86,-3.186094663,-64.26,-2.799344687,219.4999351,-1.264040097,0.7840986844
0.677,-1.85,-1.85,-3.167876545,-63.95,-2.791118183,220.3309885,-1.243822596,0.7851110386
0.678,-1.84,-1.84,-3.149670195,-63.66,-2.783391229,217.8449748,-1.304530242,0.7704820696
0.679,-1.82,-1.82,-3.113292801,-62.87,-2.762187372,223.7915064,-1.160448546,0.7936736586
0.68,-1.76,-1.76,-3.004443059,-61.19,-2.716328229,232.3321597,-0.9600737798,0.8172237563
0.681,-1.64,-1.64,-2.788014563,-57.52,-2.612352067,230.2579266,-1.008052419,0.7700837223
0.682,-1.45,-1.45,-2.448801905,-51.55,-2.4311979,223.9041514,-1.157756312,0.6823162848
0.683,-1.23,-1.23,-2.061336902,-44.77,-2.205477289,220.094713,-1.249562833,0.5966173558
0.684,-1.08,-1.08,-1.800421949,-39.53,-2.014915252,222.7164046,-1.186212056,0.5624337228
0.685,-1,-1,-1.66235,-37.09,-1.921016643,223.2955026,-1.172319262,0.5373971825
0.686,-1.01,-1.01,-1.679567804,-37.29,-1.928841275,221.054549,-1.226282137,0.5323303036
0.687,-1.05,-1.05,-1.748556705,-38.68,-1.982588323,222.449744,-1.192621504,0.5506901276
0.688,-1.09,-1.09,-1.8177339,-40.02,-2.033367014,225.8538317,-1.11137201,0.5780237681
0.689,-1.13,-1.13,-1.88709939,-41.18,-2.076519604,229.1665478,-1.03347069,0.6067862634
0.69,-1.16,-1.16,-1.939247075,-42.31,-2.11785063,233.0075736,-0.9445433348,0.6332454602
0.691,-1.2,-1.2,-2.00894208,-43.44,-2.15849728,237.4530777,-0.8434332642,0.6692167091
0.692,-1.23,-1.23,-2.061336902,-44.56,-2.198120546,240.6587236,-0.771690786,0.6940969212
0.693,-1.27,-1.27,-2.131361422,-45.69,-2.237439725,240.3835461,-0.7778116607,0.7068602744
0.694,-1.3,-1.3,-2.18400338,-46.81,-2.275770505,239.698879,-0.7930714229,0.7116702103
0.695,-1.34,-1.34,-2.254357415,-47.94,-2.313809104,239.3278346,-0.8013594275,0.7236710927
0.696,-1.37,-1.37,-2.30724651,-49.06,-2.350893876,237.9804113,-0.8315652055,0.7249885862
0.697,-1.41,-1.41,-2.37793006,-50.18,-2.387375738,238.6300915,-0.8169797493,0.7420930886
0.698,-1.44,-1.44,-2.431066291,-51.3,-2.423266207,240.5149957,-0.7748869061,0.7601469365
0.699,-1.48,-1.48,-2.502079357,-52.42,-2.458576799,240.4250392,-0.7768882655,0.7733291218
0.7,-1.51,-1.51,-2.555462724,-53.54,-2.49331903,238.3190624,-0.8239574557,0.7703496333
0.701,-1.55,-1.55,-2.626805305,-54.66,-2.527504417,235.536315,-0.8867946451,0.7693541946
0.702,-1.58,-1.58,-2.680435809,-55.77,-2.560846497,232.0033963,-0.9676497015,0.7596538746
0.703,-1.62,-1.62,-2.752107905,-56.89,-2.593957459,231.3956094,-0.9816836615,0.7696823624
0.704,-1.65,-1.65,-2.805985545,-58,-2.626257331,232.7578744,-0.9502796597,0.7845537604
0.705,-1.69,-1.69,-2.877987156,-59.11,-2.658055301,234.2821201,-0.9153586934,0.8053886732
0.706,-1.72,-1.72,-2.932111933,-60.23,-2.689642433,236.5997445,-0.8626941441,0.8254037502
0.707,-1.75,-1.75,-2.986342625,-61.34,-2.720465965,236.8208951,-0.8576958165,0.83460246
0.708,-1.79,-1.79,-3.058814972,-62.45,-2.750821328,234.6007473,-0.9080875577,0.8359910202
0.709,-1.82,-1.82,-3.113292801,-63.55,-2.780452385,233.2806535,-0.9382769189,0.8371926394
0.71,-1.86,-1.86,-3.186094663,-64.66,-2.809909008,229.7263852,-1.020416961,0.8318077073
0.711,-1.89,-1.89,-3.240819628,-65.79,-2.839449996,225.7426701,-1.114005841,0.8197434755
0.712,-1.93,-1.93,-3.313951006,-66.95,-2.86931913,224.3292789,-1.147607883,0.8249965696
0.713,-1.96,-1.96,-3.368923107,-68.13,-2.899242218,224.0878145,-1.153369637,0.8312967606
0.714,-2,-2,-3.442384,-69.31,-2.928713725,226.3269735,-1.100176005,0.8544249733
0.715,-2.04,-2.04,-3.516033187,-70.5,-2.957991332,225.9866197,-1.108227467,0.8646935545
0.716,-2.07,-2.07,-3.571393646,-71.69,-2.986837183,219.8651524,-1.255145839,0.8419160631
0.717,-2.11,-2.11,-3.645372348,-72.97,-3.017398489,203.9560705,-1.656983187,0.779861937
0.718,-2.15,-2.15,-3.719539345,-74.16,-3.045392265,192.3015021,-1.971778076,0.7413619815
0.719,-2.17,-2.17,-3.756693454,-74.77,-3.059590231,196.3074187,-1.861474829,0.7633903247
0.72,-2.17,-2.17,-3.756693454,-74.93,-3.063297586,209.7269314,-1.507708943,0.8218525678
0.721,-2.18,-2.18,-3.775288161,-75.21,-3.069768935,218.2721646,-1.294049269,0.8651341519
0.722,-2.15,-2.15,-3.719539345,-74.15,-3.045158664,217.9141284,-1.302832186,0.8554616312
0.723,-1.99,-1.99,-3.424001124,-69.52,-2.933912345,213.6235513,-1.409220782,0.7883712113
0.724,-1.73,-1.73,-2.950177062,-61.65,-2.728990225,212.7424287,-1.431333299,0.7091220297
0.725,-1.46,-1.46,-2.466549287,-53.39,-2.4886986,211.2735317,-1.468400916,0.6233225313
0.726,-1.3,-1.3,-2.18400338,-48.58,-2.335074899,211.2026027,-1.470197325,0.5739414295
0.727,-1.29,-1.29,-2.166444292,-48.2,-2.322472409,210.9059411,-1.477717381,0.5700884461
0.728,-1.34,-1.34,-2.254357415,-49.87,-2.377337761,210.3856946,-1.490930651,0.5827820552
0.729,-1.4,-1.4,-2.36024152,-51.87,-2.441308513,210.6446025,-1.484350805,0.6012344241
0.73,-1.46,-1.46,-2.466549287,-53.69,-2.497929472,210.7967893,-1.480486926,0.6199826867
0.731,-1.5,-1.5,-2.5376565,-55.03,-2.538677405,210.8202994,-1.479890275,0.6314828323
0.732,-1.53,-1.53,-2.591110478,-56.09,-2.570360749,211.452746,-1.463864663,0.6422820277
0.733,-1.56,-1.56,-2.644670371,-57.1,-2.600107259,209.2521648,-1.519833666,0.6419194885
0.734,-1.59,-1.59,-2.69833618,-58.15,-2.630583435,211.0505298,-1.474050892,0.6573877147
0.735,-1.63,-1.63,-2.77005535,-59.27,-2.662598066,215.6894041,-1.357732015,0.6890119204
0.736,-1.66,-1.66,-2.823968295,-60.4,-2.694393962,216.6130675,-1.334870212,0.7008645185
0.737,-1.68,-1.68,-2.859969101,-61.18,-2.716052075,210.5252678,-1.487382555,0.6803886233
0.738,-1.68,-1.68,-2.859969101,-61.17,-2.715775883,199.7415694,-1.768692536,0.6377498587
0.739,-1.66,-1.66,-2.823968295,-60.36,-2.693276965,188.4033537,-2.081342336,0.5914541281
0.74,-1.61,-1.61,-2.734172228,-58.86,-2.650936808,184.0269198,-2.20708399,0.5628160812
0.741,-1.56,-1.56,-2.644670371,-57.57,-2.613804938,185.0941962,-2.176145936,0.5521289133
0.742,-1.57,-1.57,-2.662547206,-57.85,-2.621922061,187.7404145,-2.100200702,0.5638454016
0.743,-1.62,-1.62,-2.752107905,-59.31,-2.663732168,188.02489,-2.092100199,0.5786805951
0.744,-1.65,-1.65,-2.805985545,-60.54,-2.698298571,188.1661595,-2.088082069,0.5862437102
0.745,-1.7,-1.7,-2.89601698,-62.12,-2.741844999,188.354894,-2.082718601,0.6002650644
0.746,-1.8,-1.8,-3.07696248,-65.4,-2.8293046,188.5098701,-2.078318496,0.6269761186
0.747,-1.96,-1.96,-3.368923107,-70.83,-2.966033276,188.7645498,-2.071095442,0.6688181493
0.748,-2.12,-2.12,-3.663896445,-76.2,-3.092483594,187.7094287,-2.10108377,0.7054681664
0.749,-2.18,-2.18,-3.775288161,-78.2,-3.137608123,188.3716216,-2.082243494,0.723255839
0.75,-2.14,-2.14,-3.700979943,-77.01,-3.110879752,190.0570583,-2.034587773,0.719269906
0.751,-2.05,-2.05,-3.534474905,-74.49,-3.053085713,191.9392563,-1.981865583,0.7019879037
0.752,-1.96,-1.96,-3.368923107,-71.88,-2.991403772,194.285555,-1.916862757,0.6863773773
0.753,-1.9,-1.9,-3.25908482,-70.05,-2.946971479,196.6260765,-1.852797435,0.6790086937
0.754,-1.87,-1.87,-3.20432455,-69.17,-2.925240275,199.4168308,-1.777397611,0.6813887499
0.755,-1.87,-1.87,-3.20432455,-69.01,-2.921263036,200.9395752,-1.736700264,0.687923958
0.756,-1.86,-1.86,-3.186094663,-68.68,-2.913034307,204.4721175,-1.643463783,0.6992419618
0.757,-1.82,-1.82,-3.113292801,-67.41,-2.88103863,209.9341519,-1.502425491,0.7102357212
0.758,-1.74,-1.74,-2.968253959,-65.2,-2.824081408,215.537105,-1.361511004,0.7091598194
0.759,-1.65,-1.65,-2.805985545,-62.37,-2.748648968,222.0627845,-1.201936129,0.7102708779
0.76,-1.55,-1.55,-2.626805305,-59.22,-2.661179545,224.8323448,-1.135623761,0.6918465596
0.761,-1.43,-1.43,-2.413342446,-55.7,-2.558759454,222.2764086,-1.196791911,0.6426066937
0.762,-1.31,-1.31,-2.201574236,-51.9,-2.442253977,216.3269342,-1.341941923,0.5817812541
0.763,-1.21,-1.21,-2.026395252,-48.79,-2.342009385,215.2272909,-1.369206653,0.5460192107
0.764,-1.17,-1.17,-1.956653174,-47.39,-2.295373599,219.8745064,-1.254918233,0.5511246022
0.765,-1.18,-1.18,-1.974071041,-47.76,-2.307792043,224.4122274,-1.14563002,0.5716275058
0.766,-1.2,-1.2,-2.00894208,-48.51,-2.332758659,230.2304552,-1.008690752,0.6012187626
0.767,-1.18,-1.18,-1.974071041,-47.83,-2.3101339,229.7060725,-1.020890038,0.5926318986
0.768,-1.1,-1.1,-1.83505762,-45.46,-2.229489695,224.472338,-1.144197172,0.5439324076
0.769,-1,-1,-1.66235,-42.15,-2.112040313,222.6207375,-1.188510627,0.5036583377
0.77,-0.9,-0.9,-1.49081922,-38.87,-1.989849635,226.2532759,-1.101918379,0.482189871
0.771,-0.84,-0.84,-1.388465635,-36.56,-1.900169232,231.0264851,-0.9902248423,0.4803724334
0.772,-0.82,-0.82,-1.354441921,-36.02,-1.878760009,238.3687637,-0.8228418336,0.5013477187
0.773,-0.83,-0.83,-1.371447894,-36.25,-1.887899623,243.7105596,-0.7042730567,0.5290727368
0.774,-0.78,-0.78,-1.286535713,-34.82,-1.830568699,239.6951476,-0.793154705,0.4903473097
0.775,-0.66,-0.66,-1.083946855,-30.31,-1.641641582,239.3782521,-0.8002324997,0.4438995701
0.776,-0.48,-0.48,-0.7832410368,-23.68,-1.34026699,243.7132416,-0.7042141802,0.383100147
0.777,-0.34,-0.34,-0.5519948552,-17.9,-1.05291414,248.2101006,-0.6063986728,0.3326647338
0.778,-0.27,-0.27,-0.4372367418,-14.81,-0.8893084186,251.0246534,-0.5460742787,0.3046133568
0.779,-0.24,-0.24,-0.3882312192,-13.46,-0.81556257,254.2747953,-0.4772497462,0.300299753
0.78,-0.22,-0.22,-0.3556197128,-12.43,-0.7583514979,254.3985685,-0.4746461645,0.2884188054
0.781,-0.2,-0.2,-0.32305528,-11.46,-0.703715802,253.9116886,-0.4848950549,0.2717923012
0.782,-0.19,-0.19,-0.3067907162,-11.39,-0.6997443954,254.4148446,-0.4743038882,0.2613101356
0.783,-0.22,-0.22,-0.3556197128,-12.27,-0.7493902264,256.1213111,-0.4385390182,0.2993610221
0.784,-0.29,-0.29,-0.4699659322,-14.52,-0.8735844314,257.4376594,-0.4111128447,0.3658184235
0.785,-0.42,-0.42,-0.6838530888,-18.94,-1.106386066,257.5374023,-0.4090404156,0.4512611446
0.786,-0.61,-0.61,-1.000034988,-25.41,-1.421728351,261.5028243,-0.3272917603,0.5717687188
0.787,-0.84,-0.84,-1.388465635,-32.91,-1.752084242,267.0227633,-0.2155365374,0.7056571316
0.788,-1.03,-1.03,-1.714038718,-39.27,-2.005070104,264.2230037,-0.2719279595,0.7527624839
0.789,-1.12,-1.12,-1.869740365,-42.24,-2.115310306,249.6594592,-0.575249588,0.6949261262
0.79,-1.09,-1.09,-1.8177339,-41.3,-2.080941573,234.7282256,-0.9051812436,0.6087271059
0.791,-0.97,-0.97,-1.610767198,-37.33,-1.93040343,227.7922002,-1.065652072,0.537629292
0.792,-0.94,-0.94,-1.559290311,-36.21,-1.886312353,222.0950532,-1.201158759,0.5050380245
0.793,-1.19,-1.19,-1.991500676,-44.48,-2.195311978,216.3481049,-1.341418375,0.5630908996
0.794,-1.65,-1.65,-2.805985545,-59.72,-2.675320221,214.5639206,-1.385721805,0.6909521071
0.795,-2.08,-2.08,-3.589870669,-73.99,-3.041417309,210.0495664,-1.499485054,0.7905632805
0.796,-2.28,-2.28,-3.961882493,-80.68,-3.192226724,203.4010765,-1.671561155,0.8145672861
0.797,-2.26,-2.26,-3.924469479,-80.08,-3.179142188,198.9183628,-1.790787364,0.7896428789
0.798,-2.2,-2.2,-3.81251288,-78.21,-3.137831261,198.6375737,-1.79834465,0.7723616314
0.799,-2.17,-2.17,-3.756693454,-77.44,-3.120578279,200.063381,-1.760079874,0.7697104234
0.8,-2.16,-2.16,-3.738110515,-77.09,-3.112687631,199.6891503,-1.770096747,0.7655694428
0.801,-2.14,-2.14,-3.700979943,-76.54,-3.100225814,189.504,-2.050178749,0.7185804333
0.802,-2.09,-2.09,-3.60835946,-75.11,-3.067460145,191.179,-2.003098592,0.7116295556
0.803,-2,-2,-3.442384,-72.44,-3.004801754,193.009,-1.952130972,0.6944584868
0.804,-1.89,-1.89,-3.240819628,-69.05,-2.922258106,194.704,-1.905352515,0.6713092423
0.805,-1.8,-1.8,-3.07696248,-66.44,-2.856243126,196.405,-1.85881609,0.6525819378
0.806,-1.78,-1.78,-3.040679233,-65.96,-2.843855968,198.147,-1.811573848,0.6531468313
0.807,-1.78,-1.78,-3.040679233,-65.76,-2.838671442,199.911,-1.764156327,0.6606111255
0.808,-1.65,-1.65,-2.805985545,-61.81,-2.733375636,201.784,-1.71426463,0.6308930978
0.809,-1.42,-1.42,-2.395630369,-54.84,-2.532947333,203.873,-1.659162666,0.5714617149
0.81,-1.28,-1.28,-2.148896973,-50.41,-2.394793978,206.355,-1.59442373,0.5386762845
0.811,-1.33,-1.33,-2.236751254,-52.24,-2.452940514,209.581,-1.511432856,0.5642130659
0.812,-1.51,-1.51,-2.555462724,-58.28,-2.634325334,220.358,-1.243166752,0.6590504036
0.813,-1.61,-1.61,-2.734172228,-61.83,-2.733923134,225.384,-1.122512922,0.708989385
0.814,-1.56,-1.56,-2.644670371,-60.38,-2.693835541,228.281,-1.054184263,0.7056180356
0.815,-1.45,-1.45,-2.448801905,-56.82,-2.591903448,229.816,-1.018330368,0.6782945453
0.816,-1.32,-1.32,-2.219156861,-52.84,-2.471671122,232.344,-0.9598011366,0.6467069216
0.817,-1.18,-1.18,-1.974071041,-48.59,-2.335405597,233.754,-0.9274323085,0.6050165831
0.818,-1.05,-1.05,-1.748556705,-44.19,-2.185103088,236.124,-0.8734625226,0.571691743
0.819,-0.9,-0.9,-1.49081922,-39.51,-2.014159276,234.178,-0.91773688,0.5084829547
0.82,-0.77,-0.77,-1.269588582,-34.84,-1.831378897,236.52,-0.8644976336,0.4709372136
0.821,-0.7,-0.7,-1.15128818,-32.38,-1.729911893,235.537,-0.8867790853,0.4399786561
0.822,-0.76,-0.76,-1.252653219,-34.55,-1.819607612,238.239,-0.8257550708,0.4735279692
0.823,-0.91,-0.91,-1.50791934,-40.25,-2.041982054,237.09,-0.8516199433,0.5211218895
0.824,-1.06,-1.06,-1.765833351,-45.75,-2.239509219,235.278,-0.892665262,0.5637723446
0.825,-1.13,-1.13,-1.88709939,-48.15,-2.320808953,234.83,-0.9028620709,0.5853883277
0.826,-1.11,-1.11,-1.852393108,-47.71,-2.306117815,233.654,-0.9297215291,0.572461396
0.827,-1.08,-1.08,-1.800421949,-46.72,-2.272713638,232.207,-0.9629566567,0.5564293592
0.828,-1.06,-1.06,-1.765833351,-46.09,-2.25120188,229.229,-1.032012912,0.5378366822
0.829,-1.05,-1.05,-1.748556705,-45.52,-2.231566214,234.425,-0.9120969242,0.5562163083
0.83,-1.03,-1.03,-1.714038718,-44.95,-2.211764961,234.05,-0.9206619508,0.5471919269
0.831,-1.01,-1.01,-1.679567804,-44.38,-2.191796604,234.427,-0.9120512808,0.5411243936
0.832,-0.99,-0.99,-1.645143964,-43.8,-2.17130483,232.562,-0.9547837779,0.5262627426
0.833,-0.97,-0.97,-1.610767198,-43.2,-2.149921015,233.746,-0.9276154101,0.5233950067
0.834,-0.96,-0.96,-1.593596467,-42.78,-2.134839209,236.58,-0.8631406267,0.5315567664
0.835,-0.96,-0.96,-1.593596467,-42.86,-2.137719152,238.241,-0.8257101581,0.5377541694
0.836,-0.98,-0.98,-1.627949697,-43.42,-2.157783752,240.184,-0.7822546232,0.5537171592
0.837,-0.99,-0.99,-1.645143964,-43.8,-2.17130483,240.786,-0.7688620969,0.5595410075
0.838,-0.98,-0.98,-1.627949697,-43.5,-2.160636602,242.824,-0.7237705374,0.5643966397
0.839,-0.94,-0.94,-1.559290311,-42.01,-2.106945005,243.936,-0.6993264157,0.5556448673
0.84,-0.84,-0.84,-1.388465635,-38.81,-1.987558792,246.87,-0.635361888,0.5293586061
0.841,-0.7,-0.7,-1.15128818,-33.94,-1.7946825,250.733,-0.5522937988,0.4905410338
0.842,-0.53,-0.53,-0.8663879578,-28.05,-1.542162911,253.097,-0.5020884009,0.4238167553
0.843,-0.39,-0.39,-0.6343179882,-22.35,-1.276241461,255.014,-0.4617192742,0.3649783192
0.844,-0.28,-0.28,-0.4535954528,-18.05,-1.060675352,252.846,-0.5073967068,0.2892695207
0.845,-0.23,-0.23,-0.3719195818,-15.71,-0.937700171,254.306,-0.4765932334,0.2629720118
0.846,-0.22,-0.22,-0.3556197128,-15.28,-0.9146562267,258.977,-0.3792179458,0.2748487607
0.847,-0.25,-0.25,-0.404554625,-16.5,-0.9796738376,262.37,-0.3095798495,0.3137897755
0.848,-0.31,-0.31,-0.5027421962,-18.98,-1.108426905,263.592,-0.2847198339,0.3608680852
0.849,-0.39,-0.39,-0.6343179882,-22.13,-1.265532011,264.533,-0.2656548196,0.4142655719
0.85,-0.49,-0.49,-0.7998468842,-26.1,-1.453653211,265.43,-0.2475442927,0.4701669749
0.851,-0.63,-0.63,-1.03356443,-31.44,-1.690160039,263.354,-0.2895525875,0.5220780106
0.852,-0.78,-0.78,-1.286535713,-37.02,-1.918272556,264.561,-0.2650885686,0.5892454979
0.853,-0.84,-0.84,-1.388465635,-39.57,-2.016426534,266.922,-0.2175557855,0.6215204226
0.854,-0.75,-0.75,-1.235729625,-36.5,-1.89779885,268.334,-0.1893292265,0.592071775
0.855,-0.51,-0.51,-0.8330938842,-27.89,-1.534994891,272.163,-0.1135267976,0.5053581582
0.856,-0.24,-0.24,-0.3882312192,-17.11,-1.011764478,275.312,-0.05198120819,0.3649661984
0.857,-0.07,-0.07,-0.1125338858,-9.22,-0.5746982424,276.782,-0.02349142715,0.1881240876
0.858,-0.01,-0.01,-0.0160409642,-6.43,-0.4083276759,277.609,-0.007529936863,0.03857321282
0.859,-0.02,-0.02,-0.0320936968,-6.87,-0.4349899143,274.794,-0.06205672388,0.06456878355
0.86,-0.08,-0.08,-0.1286572288,-8.67,-0.5424040379,273.364,-0.089970272,0.2034510681
0.861,-0.18,-0.18,-0.2905379208,-12.23,-0.747146781,269.669,-0.1627782048,0.3192987613
0.862,-0.35,-0.35,-0.568435945,-17.92,-1.053949925,264.528,-0.2657559422,0.4307292703
0.863,-0.58,-0.58,-0.9498290888,-25.52,-1.426839268,254.825,-0.4656858207,0.5018845427
0.864,-0.86,-0.86,-1.422536423,-34.68,-1.824890619,248.028,-0.6103251681,0.584152103
0.865,-1.19,-1.19,-1.991500676,-45.49,-2.230528184,242.748,-0.7254452633,0.6737207596
0.866,-1.52,-1.52,-2.573280717,-56.12,-2.571250485,234.244,-0.9162292651,0.7378625543
0.867,-1.74,-1.74,-2.968253959,-63.33,-2.774561551,230.436,-1.003916517,0.7855686618
0.868,-1.82,-1.82,-3.113292801,-65.81,-2.83996886,226.148,-1.104408319,0.7892989589
0.869,-1.81,-1.81,-3.095121756,-65.72,-2.837632888,220.793,-1.232615939,0.7604256858
0.87,-1.85,-1.85,-3.167876545,-67.09,-2.872893379,214.852,-1.378543567,0.7451307841
0.871,-2,-2,-3.442384,-72.01,-2.994522171,210.392,-1.490770312,0.7674826142
0.872,-2.21,-2.21,-3.831142892,-78.79,-3.150732189,210.013,-1.500416489,0.8236982212
0.873,-2.37,-2.37,-4.13082359,-84.05,-3.264287485,208.619,-1.536046481,0.8605283755
0.874,-2.42,-2.42,-4.225091649,-85.67,-3.298125237,204.585,-1.640511035,0.8555178831
0.875,-2.38,-2.38,-4.149653665,-84.64,-3.276668168,202.085,-1.706290013,0.832769113
0.876,-2.34,-2.34,-4.074403975,-83.44,-3.251416159,202.725,-1.689373421,0.8246463262
0.877,-2.35,-2.35,-4.093198745,-83.83,-3.259653779,202.234,-1.702346839,0.824908955
0.878,-2.4,-2.4,-4.18734912,-85.33,-3.291063938,206.925,-1.579666171,0.8596963958
0.879,-2.43,-2.43,-4.243980566,-86.19,-3.308884612,207.661,-1.560670816,0.8715334753
0.88,-2.4,-2.4,-4.18734912,-85.36,-3.291687842,210.612,-1.485178915,0.8765890558
0.881,-2.32,-2.32,-4.036849741,-82.98,-3.241661084,211.02,-1.474824859,0.8559019978
0.882,-2.21,-2.21,-3.831142892,-79.77,-3.172350027,211.545,-1.46153104,0.8267676354
0.883,-2.09,-2.09,-3.60835946,-76.41,-3.097269057,212.816,-1.429483465,0.7971187827
0.884,-1.99,-1.99,-3.424001124,-73.23,-3.023548711,214.433,-1.388987215,0.7759712741
0.885,-1.9,-1.9,-3.25908482,-70.77,-2.964573561,213.514,-1.411965095,0.7446717774
0.886,-1.86,-1.86,-3.186094663,-69.56,-2.934900992,211.796,-1.45518698,0.7257473389
0.887,-1.87,-1.87,-3.20432455,-69.9,-2.943284345,211.043,-1.474241771,0.7253662946
0.888,-1.92,-1.92,-3.295650509,-71.41,-2.980088036,207.981,-1.552432956,0.7271120232
0.889,-1.96,-1.96,-3.368923107,-72.8,-3.013366796,208.781,-1.53189363,0.7411947373
0.89,-1.97,-1.97,-3.387270678,-73.21,-3.023076297,208.598,-1.53658505,0.7428776877
0.891,-1.96,-1.96,-3.368923107,-72.89,-3.015502249,206.314,-1.59548681,0.7306291697
0.892,-1.94,-1.94,-3.332263271,-72.29,-3.001221955,206.699,-1.585512544,0.7265001433
0.893,-1.92,-1.92,-3.295650509,-71.64,-2.98563368,208.637,-1.535584894,0.7289297021
0.894,-1.89,-1.89,-3.240819628,-70.9,-2.967734903,209.996,-1.500849575,0.7252452414
0.895,-1.86,-1.86,-3.186094663,-70.04,-2.946725886,211.308,-1.46752816,0.7217741956
0.896,-1.84,-1.84,-3.149670195,-69.2,-2.925985106,208.727,-1.533277556,0.7063208504
0.897,-1.82,-1.82,-3.113292801,-68.7,-2.913534006,212.929,-1.426643502,0.7173192329
0.898,-1.83,-1.83,-3.131475614,-69.17,-2.925240275,210.485,-1.488405963,0.7094985519
0.899,-1.84,-1.84,-3.149670195,-69.22,-2.926481502,212.779,-1.430413692,0.7229162178
0.9,-1.7,-1.7,-2.89601698,-65.04,-2.819892826,215.667,-1.358287758,0.6931287247
0.901,-1.43,-1.431192661,-2.415455681,-57,-2.597181069,221.657,-1.211721348,0.6341605576
0.902,-1.2,-1.202003339,-2.012437599,-49.95,-2.379932558,228.67,-1.045075407,0.5875716554
0.903,-1.14,-1.142857143,-1.909435429,-47.81,-2.309465044,231.797,-0.9724113191,0.5818121152
0.904,-1.2,-1.204013378,-2.015945284,-50.08,-2.384142643,233.376,-0.9360907139,0.607169758
0.905,-1.23,-1.235146444,-2.070335778,-51.04,-2.414986594,234.925,-0.9006981769,0.6244066975
0.906,-1.17,-1.175879397,-1.966892404,-49.1,-2.352207112,236.395,-0.8673258375,0.6109247628
0.907,-1.12,-1.126571668,-1.881146814,-47.68,-2.305112688,236.761,-0.859049073,0.5945166387
0.908,-1.13,-1.137583893,-1.900272135,-48.01,-2.316144783,235.92,-0.8780866681,0.5949074648
0.909,-1.17,-1.17884131,-1.972052247,-49.19,-2.355159087,233.525,-0.9326760712,0.599802652
0.91,-1.19,-1.2,-2.00894208,-49.98,-2.380904825,227.057,-1.082947141,0.5799734225
0.911,-1.21,-1.221194281,-2.045946784,-50.55,-2.39929726,222.566,-1.189826234,0.5700407878
0.912,-1.24,-1.252525253,-2.10074674,-51.62,-2.433413615,220.425,-1.241540328,0.5716389301
0.913,-1.28,-1.294018534,-2.173499057,-53.17,-2.481903844,217.963,-1.301632477,0.5744623213
0.914,-1.33,-1.345699831,-2.264397896,-54.82,-2.532343258,214.78,-1.380336729,0.578733222
0.915,-1.37,-1.387341772,-2.337867839,-56.42,-2.580126957,211.519,-1.462188623,0.57834867
0.916,-1.42,-1.439189189,-2.429628784,-58.08,-2.628565725,207.844,-1.555958237,0.5806225047
0.917,-1.47,-1.49112426,-2.521862017,-59.83,-2.67841794,203.771,-1.661840002,0.5810396643
0.918,-1.52,-1.543147208,-2.614569543,-61.64,-2.728715816,199.571,-1.773263123,0.5807600565
0.919,-1.57,-1.595258256,-2.707753374,-63.42,-2.77697356,197.471,-1.829857159,0.5877692364
0.92,-1.63,-1.657627119,-2.819700137,-65.21,-2.824342898,196.115,-1.866721421,0.6010789759
0.921,-1.68,-1.709923664,-2.913920806,-67.28,-2.877733715,199.044,-1.787409362,0.6246155278
0.922,-1.76,-1.79286927,-3.064020778,-69.91,-2.94353037,205.309,-1.621611495,0.67117756
0.923,-1.84,-1.87595582,-3.215187534,-72.81,-3.013604183,204.129,-1.652448972,0.6890593457
0.924,-1.9,-1.93877551,-3.330020321,-74.81,-3.060517716,209.141,-1.522676597,0.7265719263
0.925,-1.92,-1.960851064,-3.370484144,-75.4,-3.074148306,208.269,-1.545029712,0.7296718445
0.926,-1.89,-1.931856899,-3.31735052,-74.49,-3.053085713,217.084,-1.32325155,0.758019851
0.927,-1.78,-1.820971867,-3.115059412,-71.29,-2.977188417,222.109,-1.200822808,0.7455842612
0.928,-1.61,-1.648464164,-2.803224732,-66.42,-2.855728556,225.915,-1.109923259,0.7068761612
0.929,-1.46,-1.496157131,-2.530816931,-61.66,-2.729264596,227.57,-1.070873282,0.6659802913
0.93,-1.36,-1.394871795,-2.351175039,-58.76,-2.648082413,229.311,-1.030099448,0.6392220743
0.931,-1.34,-1.375534645,-2.317015494,-58.03,-2.627123284,234.83,-0.9028620709,0.6563810502
0.932,-1.31,-1.345890411,-2.264733675,-57.24,-2.604196961,237.631,-0.8394260388,0.6576601665
0.933,-1.24,-1.275064267,-2.140240423,-54.93,-2.535663524,242.341,-0.7344227933,0.6544904982
0.934,-1.13,-1.162950257,-1.944381098,-51.64,-2.434046262,244.989,-0.6762817413,0.625136994
0.935,-1.03,-1.060944206,-1.767465231,-48.29,-2.325463557,246.375,-0.646099963,0.5947930168
0.936,-0.94,-0.9690721649,-1.609173542,-45.6,-2.234332051,247.872,-0.6136911694,0.5650141931
0.937,-0.89,-0.9183147034,-1.522146543,-43.81,-2.171659624,249.388,-0.5810699044,0.5529589913
0.938,-0.83,-0.8571428571,-1.417666286,-41.72,-2.096356842,251.186,-0.5426366603,0.5371996122
0.939,-0.69,-0.7131782946,-1.173515512,-37.15,-1.92336646,253.222,-0.4994467856,0.4843606967
0.94,-0.44,-0.4551724138,-0.7420636058,-28.26,-1.551545578,255.807,-0.4451085499,0.3716535554
0.941,-0.15,-0.1553062985,-0.2504541639,-16.85,-0.9981203935,258.46,-0.3899089127,0.1804386714
0.942,-4.440892099e-15,-4.601960724e-15,-7.37604422e-15,-9.78,-0.6073287432,261.424,-0.3289046432,7.878424682e-15
0.943,-0.04,-0.04148660328,-0.06662537548,-11.93,-0.730280995,263.935,-0.2777626534,0.06609374066
0.944,-0.19,-0.1972318339,-0.3185518006,-18.86,-1.102300896,266.61,-0.2238129554,0.2402145188
0.945,-0.28,-0.2909090909,-0.4714547412,-23.01,-1.308167003,268.46,-0.1868176485,0.3153575796
0.946,-0.24,-0.2495667244,-0.4038471278,-21.48,-1.233691807,270.62,-0.1439443761,0.2931449775
0.947,-0.13,-0.1352992194,-0.2180305353,-17.12,-1.012288247,272.677,-0.103432455,0.1954167695
0.948,-0.03,-0.03125,-0.05016708789,-12.29,-0.7505114797,274.9,-0.05999339408,0.06189609651
0.949,0.07,0.07298001738,0.1167106443,-7.44,-0.4692918355,278.16,0.003078250948,-0.2503372879
0.95,0.18,0.187826087,0.2991047674,-1.54,-0.1010373766,281.577,0.0683988465,-9.164161698
0.951,0.29,0.3028720627,0.4802601113,2.19,0.1472958702,283.066,0.09661550186,1.968994341
0.952,0.4,0.4181184669,0.6601693686,4.89,0.334848915,285.22,0.1371723876,1.398600794
0.953,0.51,0.5335658239,0.8388251917,7.61,0.5305942766,285.05,0.1339826704,1.262194236
0.954,0.51,0.5340314136,0.8395425204,7.83,0.5467300784,284.125,0.1165934514,1.265660696
0.955,0.28,0.2934497817,0.4654820246,1.78,0.1193938454,277.899,-0.001944058205,3.96324281
0.956,-0.18,-0.1888111888,-0.3048579493,-14.68,-0.882267665,268.349,-0.1890301673,0.28456881
0.957,-0.62,-0.6509186352,-1.068684304,-30.5,-1.649855876,260.65,-0.3447679232,0.5357823888
0.958,-0.79,-0.8301225919,-1.371656446,-36.64,-1.903326477,253.201,-0.4998904858,0.570758474
0.959,-0.71,-0.7467134093,-1.230170102,-33.81,-1.789341574,243.914,-0.6998089411,0.4942128225
0.96,-0.61,-0.6421052632,-1.053881434,-30.32,-1.642074484,236.175,-0.8723071105,0.419141405
0.961,-0.65,-0.6848112379,-1.125695221,-31.85,-1.707566127,230.291,-1.007284021,0.4146435936
0.962,-0.81,-0.8541300527,-1.412531856,-37.24,-1.926887284,222.463,-1.192302702,0.4528521388
0.963,-0.98,-1.034300792,-1.721457478,-43.49,-2.16028018,225.735,-1.114187623,0.5257213025
0.964,-1.13,-1.193661972,-1.997886303,-48.78,-2.341679655,226.704,-1.091271128,0.5819734768
0.965,-1.21,-1.279295154,-2.147660601,-51.57,-2.431831192,226.154,-1.104266378,0.6073533206
0.966,-1.19,-1.259259259,-2.112540049,-50.89,-2.410195624,225.879,-1.11077586,0.5999878327
0.967,-1.08,-1.143865843,-1.911188613,-47.31,-2.292679647,226.077,-1.106088235,0.5623180752
0.968,-0.94,-0.9964664311,-1.656268784,-42.78,-2.134839209,224.46,-1.144491239,0.5050630946
0.969,-0.83,-0.8806366048,-1.457741038,-39.17,-2.00127342,227.13,-1.081227365,0.4729085697
0.97,-0.76,-0.807079646,-1.332487027,-36.69,-1.905297862,226.186,-1.103509426,0.4428622041
0.971,-0.71,-0.7546501329,-1.243597857,-34.93,-1.835021833,230.944,-0.9921353339,0.4398757422
0.972,-0.66,-0.7021276596,-1.15487544,-33.4,-1.772429985,240.122,-0.783635826,0.4518175684
0.973,-0.62,-0.6601597161,-1.084215368,-31.92,-1.710527437,247.548,-0.6206888693,0.4650857001
0.974,-0.59,-0.6287744227,-1.03150843,-30.66,-1.656755457,253.904,-0.4850570592,0.4816053796
0.975,-0.55,-0.5866666667,-0.9609768021,-29.45,-1.604173865,255.525,-0.4510096089,0.4675868672
0.976,-0.51,-0.5444839858,-0.8905288918,-27.87,-1.534097712,256.397,-0.4327833771,0.4527619371
0.977,-0.45,-0.4808548531,-0.7846601328,-25.63,-1.431942035,254.826,-0.4656648259,0.4134998397
0.978,-0.37,-0.3957219251,-0.6437576853,-22.43,-1.280127407,259.159,-0.3754594729,0.3888395668
0.979,-0.3,-0.3211418376,-0.5210220036,-19.5,-1.134852121,258.186,-0.3955835918,0.3404403069
0.98,-0.29,-0.3107142857,-0.5039136477,-19,-1.109446888,255.379,-0.4540673263,0.3222955333
0.981,-0.35,-0.3753351206,-0.6101423209,-21.31,-1.225315202,250.782,-0.5512483665,0.3434396222
0.982,-0.48,-0.5152057245,-0.8417553412,-25.88,-1.443508978,245.626,-0.6623891701,0.3997132255
0.983,-0.61,-0.6553267681,-1.076091599,-30.67,-1.657186144,241.121,-0.7614239386,0.4449214889
0.984,-0.71,-0.7634408602,-1.258479113,-34.09,-1.800832412,236.368,-0.8679369259,0.471557843
0.985,-0.77,-0.8286995516,-1.369235689,-36.18,-1.885121286,235.423,-0.8893691142,0.4935088942
0.986,-0.8,-0.8617594255,-1.425535927,-37.35,-1.931184161,233.878,-0.9245950347,0.4991758218
0.987,-0.83,-0.8948787062,-1.482066303,-38.23,-1.965308913,234.12,-0.9190621046,0.5138265132
0.988,-0.84,-0.9064748201,-1.501889897,-38.62,-1.980291037,234.467,-0.9111384945,0.5194281517
0.989,-0.81,-0.8748874887,-1.447928409,-37.75,-1.946750432,230.961,-0.99174153,0.4927454039
0.99,-0.75,-0.8108108108,-1.338825186,-35.46,-1.856376878,235.725,-0.8825105465,0.4888208162
0.991,-0.65,-0.703336339,-1.156913525,-32,-1.713908066,238.671,-0.8160626734,0.4572833618
0.992,-0.55,-0.59566787,-0.9760365258,-28.6,-1.566675717,241.897,-0.7442336741,0.4223603616
0.993,-0.51,-0.5528455285,-0.9044765893,-26.77,-1.484347965,243.82,-0.7018711307,0.413717267
0.994,-0.52,-0.5641952984,-0.9234220443,-27.19,-1.503437456,247.111,-0.6301416463,0.4328042224
0.995,-0.58,-0.6298642534,-1.033336696,-29.47,-1.605050575,250.689,-0.5532327285,0.4787771346
0.996,-0.67,-0.7282608696,-1.198979803,-32.46,-1.733269745,253.459,-0.494441861,0.5382114092
0.997,-0.75,-0.8159564823,-1.347568867,-35.15,-1.843906461,253.258,-0.4986862422,0.5752467619
0.998,-0.81,-0.8820326679,-1.460124434,-37.47,-1.935863705,252.034,-0.5246055634,0.5934333148
0.999,-0.87,-0.9482288828,-1.573399678,-39.54,-2.015293156,249.691,-0.5745737376,0.6075214453
1,-0.93,-1.014545455,-1.687397969,-41.61,-2.092328755,246.293,-0.6478808783,0.6157915616
1.001,-0.99,-1.080982712,-1.802122693,-43.5,-2.160636602,242.387,-0.7334073784,0.6227005205
1.002,-1.02,-1.114754098,-1.860638697,-44.71,-2.203377687,237.996,-0.8312147708,0.6131428596
1.003,-1.03,-1.126709207,-1.881385595,-44.94,-2.211416083,235.051,-0.8978295197,0.605093915
1.004,-1,-1.094890511,-1.826204614,-44.07,-2.180865926,230.662,-0.9986720782,0.5743616248
1.005,-1.01,-1.106849315,-1.846929972,-44.2,-2.185455846,228.781,-1.042479063,0.5721707606
1.006,-1.08,-1.18464351,-1.982163046,-46.96,-2.280856301,226.973,-1.084926746,0.5889158683
1.007,-1.2,-1.31747484,-2.214715856,-51.05,-2.415305621,229.353,-1.029119646,0.6429856027
1.008,-1.31,-1.43956044,-2.430286974,-54.65,-2.52720162,230.351,-1.005890314,0.6878640633
1.009,-1.35,-1.48487626,-2.510749188,-56.26,-2.57539756,233.112,-0.9421461757,0.713779096
1.01,-1.35,-1.486238532,-2.513171763,-56.09,-2.570360749,235.222,-0.8939388007,0.7254487455
1.011,-1.31,-1.443526171,-2.437318828,-54.85,-2.533249305,239.486,-0.7978249221,0.7316915392
1.012,-1.21,-1.334558824,-2.244776132,-51.8,-2.43910083,241.559,-0.7517143975,0.70351179
1.013,-1.06,-1.170193192,-1.956989562,-46.9,-2.278823328,244.022,-0.6974405976,0.6575322655
1.014,-0.86,-0.9502762431,-1.576911351,-40.68,-2.058010061,248.023,-0.6104330199,0.5909480936
1.015,-0.67,-0.7410138249,-1.220531826,-34.02,-1.797964144,252.153,-0.5220801114,0.5260812689
1.016,-0.58,-0.6420664207,-1.053816215,-30.86,-1.665357204,256.001,-0.4410527319,0.5002901841
1.017,-0.65,-0.7202216066,-1.185403581,-33.27,-1.767046425,259.685,-0.3646118927,0.5560945537
1.018,-0.77,-0.853974122,-1.412266148,-37.78,-1.947914198,262.269,-0.3116397421,0.6250198869
1.019,-0.83,-0.9213691027,-1.527374938,-39.79,-2.024722628,263.092,-0.2948777305,0.658464693
1.02,-0.73,-0.8111111111,-1.33933538,-36.52,-1.898589211,263.818,-0.2801347859,0.6147338451
1.021,-0.54,-0.6005560704,-0.9842188659,-29.7,-1.615114317,264.966,-0.2569048484,0.5257525585
1.022,-0.35,-0.3896103896,-0.6336753719,-22.57,-1.286917052,268.803,-0.1799865425,0.431981607
1.023,-0.26,-0.2896935933,-0.469464155,-19,-1.109446888,270.576,-0.1448143012,0.3742953692
1.024,-0.33,-0.3680297398,-0.598108539,-21.37,-1.228273985,271.004,-0.1363583003,0.4382928246
1.025,-0.48,-0.5358139535,-0.8760752986,-26.75,-1.483436028,267.609,-0.2038037224,0.5192358102
1.026,-0.59,-0.6592178771,-1.082632002,-30.98,-1.670506155,263.351,-0.2896135324,0.5523295383
1.027,-0.57,-0.6374650513,-1.046091444,-30,-1.628190126,259.837,-0.3614813226,0.5257608962
1.028,-0.61,-0.6828358209,-1.122368652,-31.59,-1.696540279,254.938,-0.4633139341,0.5196501901
1.029,-0.89,-0.9971988796,-1.657529196,-41.36,-2.083149618,251.404,-0.5379955012,0.6323683429
1.03,-1.22,-1.368224299,-2.304113054,-53,-2.476638538,247.176,-0.6287345691,0.7419762373
1.031,-1.42,-1.594013096,-2.705523081,-60.05,-2.684599146,242.477,-0.7314212545,0.7920102234
1.032,-1.39,-1.561797753,-2.647883317,-59.28,-2.662881651,237.165,-0.8499278156,0.7537793727
1.033,-1.31,-1.473289597,-2.490153055,-56.83,-2.592197003,233.528,-0.9326073424,0.7064656108
1.034,-1.38,-1.553470919,-2.633004792,-59.17,-2.659760031,227.335,-1.07640081,0.7047353964
1.035,-1.52,-1.712676056,-2.9188886,-64.21,-2.798020152,223.65,-1.163832493,0.7367484006
1.036,-1.66,-1.872180451,-3.20830105,-69.07,-2.92275545,220.056,-1.25050394,0.7687758536
1.037,-1.75,-1.975540922,-3.39744199,-72.26,-3.000505213,219.052,-1.274969035,0.7946351197
1.038,-1.78,-2.011299435,-3.463169773,-73.53,-3.030621398,218.092,-1.29846705,0.7999766726
1.039,-1.76,-1.990574929,-3.425057691,-72.98,-3.017635391,217.918,-1.302737136,0.7927690654
1.04,-1.71,-1.935849057,-3.324660525,-71.28,-2.976946588,210.393,-1.490744883,0.7441562486
1.041,-1.64,-1.858356941,-3.18310051,-69.17,-2.925240275,211.196,-1.470364583,0.72415529
1.042,-1.57,-1.780718336,-3.041981597,-67.14,-2.874168314,218.858,-1.279709279,0.7323233602
1.043,-1.49,-1.691579943,-2.880834983,-64.78,-2.813067275,220.756,-1.233512556,0.7119184852
1.044,-1.41,-1.602272727,-2.720320902,-62.21,-2.744297111,224.169,-1.151431719,0.6982829199
1.045,-1.35,-1.535545024,-2.601002195,-60.62,-2.700526373,223.816,-1.15986303,0.6737667948
1.046,-1.35,-1.537001898,-2.603601699,-60.65,-2.701361162,220.972,-1.228280376,0.6625545036
1.047,-1.38,-1.572649573,-2.667285775,-61.57,-2.726793898,219.974,-1.252497895,0.6702915779
1.048,-1.38,-1.574144487,-2.669959686,-61.63,-2.72844137,214.05,-1.398551424,0.6469504114
1.049,-1.34,-1.529971456,-2.591059567,-60.34,-2.692718233,215.107,-1.372197612,0.6374202237
1.05,-1.29,-1.474285714,-2.491923105,-58.68,-2.645796009,210.318,-1.492652368,0.6021394682
1.051,-1.25,-1.42993327,-2.413224214,-57.72,-2.618157391,210.747,-1.481750722,0.5886044631
1.052,-1.25,-1.43129771,-2.415641822,-57.63,-2.615547027,211.062,-1.473760137,0.5907215392
1.053,-1.27,-1.455587393,-2.458716613,-58.17,-2.631159558,212.825,-1.429257218,0.6055330644
1.054,-1.28,-1.468451243,-2.481557206,-58.72,-2.646939532,214.538,-1.386368156,0.6152660293
1.055,-1.28,-1.469856459,-2.484053439,-58.68,-2.645796009,216.968,-1.326111115,0.625405721
1.056,-1.26,-1.448275862,-2.445743201,-58.11,-2.629430702,219.648,-1.260432441,0.6287478791
1.057,-1.23,-1.41514861,-2.387041789,-57.01,-2.597473875,223.174,-1.175231169,0.6327135996
1.058,-1.17,-1.347408829,-2.267409109,-55.29,-2.546493313,230.106,-1.011583571,0.6372569179
1.059,-1.08,-1.244956772,-2.087498382,-52.53,-2.462013965,243.473,-0.7094905725,0.6582044444
1.06,-0.93,-1.073076923,-1.788443646,-47.9,-2.312473353,249.795,-0.5723458473,0.619949994
1.061,-0.74,-0.85466795,-1.413448464,-41.45,-2.086458016,253.125,-0.5014965657,0.5461643237
1.062,-0.53,-0.612716763,-1.004586803,-34.45,-1.815536867,257.709,-0.4054768869,0.4523100322
1.063,-0.36,-0.4165863067,-0.6782111603,-28.21,-1.549314217,263.328,-0.2900807999,0.3687142533
1.064,-0.21,-0.2432432432,-0.3935240073,-22.59,-1.287885884,269.376,-0.1685942319,0.2701883829
1.065,-0.05,-0.05797101449,-0.0931547322,-15.73,-0.9387685842,274.88,-0.06038264069,0.09323386678
1.066,0.17,0.1972920696,0.3140690365,-5.56,-0.3551354707,280.547,0.04879283015,-1.025221419
1.067,0.42,0.4878993224,0.7683433787,4,0.2722904524,285.733,0.1467863164,1.833419163
1.068,0.74,0.8604651163,1.336196068,12.45,0.8963037849,291.402,0.2518921425,1.163735244
1.069,1.07,1.245392823,1.905733219,19.3,1.453539523,295.106,0.3194672258,1.07485954
1.07,1.16,1.351456311,2.059599967,21.15,1.612301236,296.946,0.3527211686,1.048130526
1.071,0.81,0.944606414,1.462180327,14.85,1.086145675,296.645,0.3472953784,1.020049149
1.072,0.12,0.140077821,0.2234613209,-3.99,-0.2575376895,298.249,0.37614563,1.884033395
1.073,-0.55,-0.6426484907,-1.05479357,-32.26,-1.724867705,296.261,0.3403654425,0.7618575998
1.074,-0.81,-0.9473684211,-1.571923945,-42.41,-2.121475107,293.22,0.2851660575,0.8560236332
1.075,-0.54,-0.632195122,-1.037247357,-33.48,-1.775737829,289.161,0.2105894431,0.6627150287
1.076,-0.1,-0.1171875,-0.1887191656,-16.62,-0.9860086693,286.232,0.1561213305,0.2274033556
1.077,0.18,0.211143695,0.3359473301,-2.88,-0.1872729021,283.736,0.1092636635,-4.306506976
1.078,0.22,0.2583170254,0.4102870264,-0.72,-0.04749702857,281.701,0.07075434418,17.64120302
1.079,0.07,0.08227228208,0.131525977,-6.71,-0.4253131045,277.29,-0.01368114704,-0.2996075154
1.08,-0.11,-0.1294117647,-0.2084982508,-13.81,-0.8348162301,272.593,-0.1050808127,0.2218309467
1.081,-0.24,-0.2826300294,-0.4578997965,-18.55,-1.086426804,270.842,-0.1395573644,0.3734956849
1.082,-0.27,-0.3182711198,-0.5163107758,-19.64,-1.141933154,268.217,-0.1916624624,0.3871569233
1.083,-0.16,-0.1887905605,-0.3048244133,-14.93,-0.8957961546,266.129,-0.2334737863,0.2699305119
1.084,-0.09,-0.1062992126,-0.1711165243,-11.78,-0.7218216224,263.621,-0.2841312672,0.1701039145
1.085,-0.29,-0.3428571429,-0.5566911086,-18.86,-1.102300896,260.657,-0.3446242459,0.3847407806
1.086,-0.7,-0.8284023669,-1.368730173,-32.88,-1.750833812,255.499,-0.451554006,0.6214755466
1.087,-1.1,-1.303060217,-2.189379194,-46.16,-2.253601936,253.017,-0.5037797195,0.7940065859
1.088,-1.31,-1.553359684,-2.63280609,-53.14,-2.480975612,252.843,-0.5074601846,0.8809980435
1.089,-1.35,-1.602373887,-2.720502188,-54.56,-2.524474492,253.721,-0.4889144344,0.902804867
1.09,-1.36,-1.615841584,-2.744648075,-55.03,-2.538677405,249.753,-0.5732454606,0.8819781833
1.091,-1.37,-1.629335976,-2.768863232,-55.22,-2.544391893,248.571,-0.5986253815,0.880957052
1.092,-1.32,-1.571428571,-2.665102,-53.61,-2.495471811,247.455,-0.6226991602,0.8547004076
1.093,-1.22,-1.453823237,-2.455585761,-50.73,-2.405073707,245.987,-0.6545319721,0.8025824301
1.094,-1.18,-1.407554672,-2.373603545,-49.22,-2.356142214,244.187,-0.6938243184,0.77823921
1.095,-1.23,-1.468656716,-2.481922196,-51.04,-2.414986594,241.023,-0.7635988075,0.7808260223
1.096,-1.36,-1.625498008,-2.761973968,-55.52,-2.553383175,238.226,-0.8260470125,0.8172898433
1.097,-1.47,-1.758723829,-3.002132478,-59.2,-2.660611859,237.826,-0.8350376291,0.8588196524
1.098,-1.47,-1.760479042,-3.005310441,-59.15,-2.659191947,236.692,-0.8606084675,0.8538297878
1.099,-1.35,-1.618381618,-2.74920443,-55.3,-2.546793344,239.284,-0.8023394074,0.8208705459
1.1,-1.12,-1.344,-2.261403175,-48.15,-2.320808953,241.688,-0.7488580941,0.736693309
1.101,-0.87,-1.045045045,-1.740000565,-40.06,-2.034867387,245.561,-0.6638051278,0.644761658
1.102,-0.71,-0.8537074148,-1.411811681,-34.7,-1.825702491,248.678,-0.5963229133,0.5829053975
1.103,-0.69,-0.8304914744,-1.372283997,-33.98,-1.796323806,253.211,-0.4996791954,0.5976838866
1.104,-0.74,-0.8915662651,-1.47640658,-35.5,-1.857981814,257.703,-0.4056014474,0.6522431072
1.105,-0.73,-0.8804020101,-1.457340554,-35.17,-1.844712726,263.878,-0.2789181763,0.6862494571
1.106,-0.65,-0.7847082495,-1.29451892,-32.34,-1.728231485,269.434,-0.1674424344,0.6828805874
1.107,-0.56,-0.6767371601,-1.112101508,-29.3,-1.597590361,270.075,-0.1547295729,0.6346452419
1.108,-0.55,-0.6653225806,-1.092896735,-28.79,-1.575098129,271.443,-0.1276988349,0.6418244562
1.109,-0.66,-0.7991927346,-1.31909486,-32.52,-1.735785544,270.393,-0.1484339173,0.700074958
1.11,-0.85,-1.03030303,-1.714561366,-39.16,-2.000893443,266.665,-0.2227093972,0.7710735637
1.111,-1.06,-1.286147624,-2.159683011,-46.33,-2.259420357,263.846,-0.2795670003,0.8506080208
1.112,-1.23,-1.493927126,-2.526848747,-52.09,-2.448232362,259.184,-0.3749434054,0.8950377005
1.113,-1.32,-1.604863222,-2.724963644,-55.46,-2.551588005,253.652,-0.4903695768,0.8957927819
1.114,-1.38,-1.679513185,-2.859092254,-57.47,-2.610898169,249,-0.5893999622,0.8933830967
1.115,-1.44,-1.754314721,-2.994151014,-59.34,-2.664582329,244.31,-0.691130136,0.892254937
1.116,-1.49,-1.817073171,-3.107973228,-60.94,-2.709412928,240.893,-0.7664852027,0.8941496876
1.117,-1.53,-1.86775178,-3.200225045,-62.64,-2.755971177,237.113,-0.8511009672,0.8872084941
1.118,-1.62,-1.979633401,-3.404956758,-65.41,-2.829565395,230.298,-1.007121403,0.8874732125
1.119,-1.7,-2.079510703,-3.58896632,-68.44,-2.907027918,224.651,-1.139940693,0.8868283066
1.12,-1.74,-2.130612245,-3.683567541,-69.65,-2.937123618,221.282,-1.22078016,0.8859193809
1.121,-1.7,-2.083758938,-3.59681911,-68.52,-2.909032101,212.515,-1.437055687,0.8275992767
1.122,-1.64,-2.012269939,-3.464955754,-66.56,-2.859327706,213.248,-1.418634387,0.8099547586
1.123,-1.61,-1.977482088,-3.401006188,-65.85,-2.841006176,218.642,-1.284992022,0.8242868816
1.124,-1.64,-2.016393443,-3.472545322,-66.65,-2.861637953,218.484,-1.288859557,0.8366576087
1.125,-1.65,-2.030769231,-3.499020508,-67.27,-2.877479259,220.013,-1.251549458,0.8474197561
1.126,-1.63,-2.008213552,-3.457491674,-66.49,-2.857528959,221.417,-1.217517221,0.8484545995
1.127,-1.55,-1.911613566,-3.280311992,-64.08,-2.794572188,222.885,-1.182163661,0.8248755049
1.128,-1.44,-1.777777778,-3.036650667,-60.75,-2.704141287,224.086,-1.153412957,0.7871958435
1.129,-1.36,-1.680741504,-2.861304742,-58.43,-2.638634404,226.407,-1.098284643,0.7656855037
1.13,-1.38,-1.707216495,-2.909035504,-58.87,-2.651222028,228.765,-1.042853233,0.7874867995
1.131,-1.43,-1.770897833,-3.024182011,-60.72,-2.703307654,232.178,-0.9636248523,0.8247171186
1.132,-1.4,-1.73553719,-2.960185129,-59.98,-2.682634453,235.806,-0.8806724913,0.8307409874
1.133,-1.25,-1.551189245,-2.628929283,-55.16,-2.542588998,236.807,-0.8580097291,0.7730783588
1.134,-1.01,-1.254658385,-2.104481931,-47.84,-2.310468255,237.425,-0.8440659132,0.6671292239
1.135,-0.82,-1.019689119,-1.696261565,-41.69,-2.095258922,238.532,-0.8191793764,0.5820200641
1.136,-0.73,-0.9087136929,-1.50571908,-38.45,-1.973770984,240.868,-0.7670404573,0.549369817
1.137,-0.68,-0.8473520249,-1.400984628,-36.85,-1.91159652,242.273,-0.7359241944,0.5291685236
1.138,-0.65,-0.8108108108,-1.338825186,-35.73,-1.867191837,244.741,-0.6817002377,0.525257699
1.139,-0.62,-0.7741935484,-1.27669401,-34.68,-1.824890619,248.07,-0.6094192987,0.5244582874
1.14,-0.59,-0.7375,-1.214591682,-33.65,-1.782754074,251.578,-0.5342939769,0.5241978824
1.141,-0.57,-0.7132429614,-1.173624633,-33.1,-1.759990826,252.173,-0.5216557827,0.5143761654
1.142,-0.6,-0.751565762,-1.23837868,-33.96,-1.795503274,253.319,-0.4973977905,0.5400925052
1.143,-0.68,-0.8526645768,-1.410034774,-37.14,-1.922974969,252.862,-0.5070581715,0.5802533105
1.144,-0.78,-0.9790794979,-1.626367552,-40.95,-2.068022205,253.182,-0.5002919606,0.6332432278
1.145,-0.81,-1.017801047,-1.693007666,-42.27,-2.116399338,255.063,-0.4606913902,0.6569453093
1.146,-0.75,-0.9433962264,-1.565112567,-40.06,-2.034867387,256.735,-0.4257352871,0.6360687906
1.147,-0.62,-0.7806925498,-1.287709822,-35.69,-1.865592339,256.478,-0.4310934917,0.5606817462
1.148,-0.5,-0.6302521008,-1.03398737,-31.59,-1.696540279,257.976,-0.3999368765,0.4932023073
1.149,-0.41,-0.5173501577,-0.8453242478,-28.19,-1.548421217,258.831,-0.3822348942,0.4378429918
1.15,-0.29,-0.3663157895,-0.5952861456,-23.71,-1.341697053,259.196,-0.3746957107,0.346823966
1.151,-0.16,-0.2023182297,-0.3268274598,-18.47,-1.082318874,265.892,-0.2382403278,0.2474917136
1.152,-0.08,-0.1012658228,-0.162983968,-14.99,-0.8990359156,267.718,-0.201625054,0.1480782661
1.153,-0.08,-0.1013727561,-0.1631567114,-14.75,-0.88606044,267.029,-0.2154115812,0.1481260606
1.154,-0.11,-0.1395348837,-0.2248909551,-16.3,-0.9690918569,268.165,-0.1926997828,0.193572537
1.155,-0.17,-0.2158730159,-0.3488962133,-18.49,-1.083346295,270.823,-0.1399326886,0.2852139356
1.156,-0.26,-0.3305084746,-0.536400639,-22.41,-1.27915634,273.702,-0.08335936864,0.3936840034
1.157,-0.39,-0.4962884411,-0.8102954007,-27.89,-1.534994891,274.588,-0.06606886863,0.5060981463
1.158,-0.5,-0.6369426752,-1.045214638,-32.15,-1.720236044,278.196,0.003770613393,0.6089342778
1.159,-0.5,-0.6376195537,-1.046350782,-32.28,-1.725709021,280.167,0.04154136038,0.6212865896
1.16,-0.38,-0.485106383,-0.7917191481,-27.94,-1.537236694,282.313,0.08236469883,0.5441847465
1.161,-0.19,-0.2428115016,-0.3928193581,-20.38,-1.179126991,282.994,0.09525451538,0.3624221179
1.162,-0.02,-0.02558635394,-0.04106644483,-12.98,-0.7890036076,283.666,0.1079436118,0.06029783732
1.163,0.04,0.05122732124,0.08198900399,-10.46,-0.6466132496,283.496,0.1047364152,-0.1513056082
1.164,-0.06,-0.07692307692,-0.1236949467,-14.5,-0.8724976531,283.815,0.1107530451,0.162383751
1.165,-0.22,-0.2823529412,-0.4574462716,-21.86,-1.25234219,284.287,0.119643,0.4038550355
1.166,-0.36,-0.4625267666,-0.7542534989,-27.79,-1.530506376,285.148,0.1358216807,0.5408057472
1.167,-0.41,-0.5273311897,-0.8619424578,-29.86,-1.622095229,285.855,0.1490701292,0.5851512362
1.168,-0.37,-0.4763948498,-0.7772572655,-28.54,-1.564011148,286.205,0.1556166462,0.5518746805
1.169,-0.26,-0.3351235231,-0.5439816644,-24.36,-1.372529991,283.589,0.1064911786,0.4296721862
1.17,-0.09,-0.1161290323,-0.1870073727,-17.36,-1.024836452,279.958,0.03754885852,0.1894152969
1.171,0.08,0.1033369214,0.1650732348,-9.35,-0.5822956888,277.805,-0.003754014602,-0.2816710491
1.172,0.19,0.2456896552,0.390413424,-3.92,-0.2531376369,275.357,-0.05110681722,-1.283222812
1.173,0.21,0.2718446602,0.4315566919,-2.46,-0.1604107785,274.592,-0.06599093425,-1.906154713
1.174,0.17,0.2203023758,0.3504008352,-4.18,-0.2694597005,273.843,-0.08060397861,-1.000963128
1.175,0.07,0.09081081081,0.145130615,-8.26,-0.5181705062,274.27,-0.07226828702,-0.2458012865
1.176,-0.11,-0.1428571429,-0.2302734286,-14.8,-0.8887672793,274.782,-0.06229035854,0.2421235259
1.177,-0.33,-0.429035753,-0.6987934078,-23.3,-1.322099131,276.239,-0.03399754151,0.5152976346
1.178,-0.52,-0.6767895879,-1.112189752,-30.25,-1.63904284,277.78,-0.004235489084,0.6768115496
1.179,-0.58,-0.7557003257,-1.245375183,-32.39,-1.73033184,277.802,-0.003811789252,0.7181499626
1.18,-0.49,-0.6391304348,-1.048886999,-29.1,-1.588789859,278.548,0.0105356625,0.6645868591
1.181,-0.35,-0.4570184984,-0.745122906,-23.74,-1.343126497,279.19,0.02285220366,0.5643697751
1.182,-0.31,-0.4052287582,-0.6594500208,-22.06,-1.262117344,280.167,0.04154136038,0.5402777291
1.183,-0.42,-0.5496183206,-0.899092383,-26.06,-1.451811216,279.873,0.03592426108,0.6350029429
1.184,-0.64,-0.8384279476,-1.385789577,-34.05,-1.799193764,281.011,0.0576339492,0.7957174743
1.185,-0.86,-1.127868852,-1.883398939,-42.07,-2.10913,279.272,0.02442330431,0.9034359332
1.186,-1.01,-1.326039387,-2.229781389,-47.28,-2.291668598,276.209,-0.03457859167,0.9585315776
1.187,-1.09,-1.43263965,-2.418019777,-49.96,-2.380256694,271.414,-0.1282704404,0.96392012
1.188,-1.11,-1.460526316,-2.467483686,-50.96,-2.412432712,266.034,-0.2353839154,0.9318937196
1.189,-1.13,-1.488474204,-2.517148008,-51.42,-2.427077018,262.006,-0.3170073454,0.9172997894
1.19,-1.14,-1.503296703,-2.543525383,-51.74,-2.437206744,255.99,-0.4412826187,0.8836320248
1.191,-1.13,-1.491749175,-2.522973757,-51.67,-2.434994889,249.679,-0.5748308616,0.8382457876
1.192,-1.12,-1.480176211,-2.502392606,-51.33,-2.424219533,245.064,-0.6746441633,0.8075194173
1.193,-1.11,-1.468577729,-2.481781887,-50.89,-2.410195624,244.605,-0.6846740027,0.8019019172
1.194,-1.09,-1.443708609,-2.437642364,-50.39,-2.394149901,241.772,-0.7469989951,0.7760352804
1.195,-1.08,-1.432044199,-2.416964595,-49.91,-2.378635538,238.373,-0.8227467537,0.7549753122
1.196,-1.06,-1.407079646,-2.372763164,-49.27,-2.357779802,235.151,-0.895553902,0.7293328565
1.197,-1.02,-1.355481728,-2.281638008,-47.9,-2.312473353,234.264,-0.915772496,0.7067733112
1.198,-0.93,-1.237250554,-2.074015844,-45.27,-2.22290193,233.611,-0.9307061952,0.6576644156
1.199,-0.8,-1.065482797,-1.77531078,-40.95,-2.068022205,233.277,-0.9383607089,0.5905138604
1.2,-0.67,-0.8933333333,-1.479425678,-36.57,-1.900564092,234.014,-0.9214849152,0.5242381242
1.201,-0.63,-0.8409343715,-1.390056326,-35.1,-1.841889758,234.95,-0.9001288766,0.5069463454
1.202,-0.72,-0.9621380846,-1.597266726,-38.25,-1.96607933,235.705,-0.8829644845,0.5606325595
1.203,-0.89,-1.190635452,-1.992608643,-44.74,-2.20442772,236.145,-0.8729867345,0.6474944055
1.204,-1.05,-1.40625,-2.371295479,-50.57,-2.399939836,237.136,-0.8505820415,0.7295122346
1.205,-1.11,-1.488268156,-2.516781518,-52.92,-2.474156267,237.152,-0.8502210794,0.7570685444
1.206,-1.09,-1.463087248,-2.472030722,-52.3,-2.45482091,237.274,-0.8474695438,0.7485806464
1.207,-1.05,-1.410974244,-2.379653985,-50.82,-2.407956254,237.656,-0.838863221,0.7329184771
1.208,-1.03,-1.385650224,-2.334879422,-50.28,-2.390604118,237.902,-0.833328249,0.7242333758
1.209,-1.06,-1.427609428,-2.409107175,-51.23,-2.42104016,238.453,-0.8209515496,0.7430947981
1.21,-1.11,-1.496629213,-2.531657054,-53.14,-2.480975612,238.231,-0.8259347254,0.7655656779
1.211,-1.15,-1.552305962,-2.630923877,-54.55,-2.52417126,242.414,-0.7328114638,0.8077795003
1.212,-1.14,-1.540540541,-2.609916749,-54.39,-2.519313618,243.477,-0.7094026784,0.8083450231
1.213,-1.09,-1.474633596,-2.492541301,-52.83,-2.471360276,243.925,-0.6995676729,0.786060529
1.214,-1.01,-1.367945824,-2.303621682,-50.37,-2.393505636,248.245,-0.605646493,0.7680909745
1.215,-0.93,-1.261016949,-2.115619181,-47.57,-2.301423432,250.726,-0.552443163,0.7413167753
1.216,-0.83,-1.126696833,-1.881364112,-44.43,-2.193554939,253.429,-0.495075137,0.6997482206
1.217,-0.71,-0.9648924122,-1.601995626,-40.67,-2.057638472,256.552,-0.4295501121,0.6440989783
1.218,-0.58,-0.7891156463,-1.301994371,-36.15,-1.88392969,259.492,-0.3685895344,0.5780169851
1.219,-0.45,-0.6129398411,-1.004960599,-31.69,-1.700785973,259.258,-0.3734161371,0.4845046651
1.22,-0.36,-0.4909090909,-0.8013570902,-28.46,-1.560454755,259.447,-0.3695173891,0.4152169205
1.221,-0.32,-0.4368600683,-0.711738417,-26.97,-1.493452755,261.94,-0.3183551943,0.3928332565
1.222,-0.33,-0.4510250569,-0.7351921386,-27.05,-1.497087256,265.664,-0.2428298727,0.4225443421
1.223,-0.34,-0.4652223489,-0.7587230402,-27.49,-1.517001501,269.164,-0.1728063612,0.4489995917
1.224,-0.32,-0.4383561644,-0.7142144673,-26.75,-1.483436028,270.951,-0.1374046972,0.4406444484
1.225,-0.25,-0.3428571429,-0.5566911086,-24.18,-1.36402063,274.488,-0.06801759706,0.3887403967
1.226,-0.13,-0.1784897025,-0.2880842881,-19.21,-1.120139165,279.343,0.02578327495,0.2632455225
1.227,0,0,0,-13.44,-0.8144595062,283.41,0.1031132184,-0
1.228,0.07,0.09633027523,0.1539203413,-10.57,-0.6529333971,285.375,0.1400790027,-0.3001248367
1.229,0.02,0.02755453502,0.04413924141,-12.69,-0.7728709424,288.254,0.1937819338,-0.07622186011
1.23,-0.1,-0.1379310345,-0.2222929845,-18.5,-1.083859896,291.095,0.2462527997,0.265390522
1.231,-0.21,-0.2899884925,-0.4699470871,-23.28,-1.321140165,296.235,0.3398959034,0.4789297686
1.232,-0.21,-0.2903225806,-0.4704942081,-23.26,-1.320180922,301.41,0.4325493749,0.5300557531
1.233,-0.1,-0.1384083045,-0.2230660514,-18.77,-1.097699508,303.339,0.4666798489,0.3535009536
1.234,0.07,0.09699769053,0.1549829547,-11.41,-0.7008794776,304.597,0.4888213559,-0.7308513039
1.235,0.2,0.2774566474,0.4403741677,-4.79,-0.307528872,304.859,0.493421196,2.368974459
1.236,0.27,0.375,0.5930408438,-1.09,-0.07172820793,305.461,0.503975335,1.371994877
1.237,0.27,0.3754345307,0.5937184296,-0.63,-0.04158482232,306.06,0.514456254,1.255559947
1.238,0.21,0.2923433875,0.4637460493,-2.86,-0.1859971949,307.515,0.5398297278,1.310637113
1.239,0.07,0.09756097561,0.1558797383,-8.1,-0.5086763819,305.202,0.4994371525,-16.87150846
1.24,-0.15,-0.2093023256,-0.3381956723,-15.96,-0.9510336805,301.328,0.4310936844,0.6504513497
1.241,-0.4,-0.5587892899,-0.9143962446,-24.58,-1.382900269,293.782,0.2954103187,0.8408319029
1.242,-0.64,-0.8951048951,-1.482452822,-32.65,-1.741228833,285.53,0.1429840395,0.9275505405
1.243,-0.89,-1.246207701,-2.089687624,-41.25,-2.079100039,278.199,0.003828306219,1.006946507
1.244,-1.17,-1.640186916,-2.788350361,-50.63,-2.401866441,269.866,-0.1588713219,1.088885556
1.245,-1.4,-1.964912281,-3.377934478,-58.28,-2.634325334,261.612,-0.3250586363,1.141431633
1.246,-1.52,-2.135831382,-3.693246712,-62.42,-2.750006971,254.737,-0.4675336822,1.147847723
1.247,-1.61,-2.264947245,-3.933719665,-65.4,-2.8293046,250.323,-0.5610493091,1.160268152
1.248,-1.73,-2.436619718,-4.25649097,-69.43,-2.931686059,245.503,-0.6650689142,1.183425338
1.249,-1.81,-2.552291422,-4.47592777,-72.31,-3.001699638,245.612,-0.6626941139,1.221464742
1.25,-1.76,-2.484705882,-4.347522341,-70.64,-2.961407104,246.043,-0.6533141601,1.202726856
1.251,-1.57,-2.219081272,-3.848071509,-65.17,-2.82329673,247.377,-0.6243857933,1.116132789
1.252,-1.41,-1.995283019,-3.433711366,-60.33,-2.692438809,249.221,-0.5846536746,1.047792024
1.253,-1.37,-1.940968123,-3.334036748,-58.94,-2.653217442,250.47,-0.5579084904,1.038276548
1.254,-1.37,-1.943262411,-3.338240031,-58.99,-2.654641539,252.14,-0.5223559431,1.050753125
1.255,-1.34,-1.90295858,-3.264490979,-58.16,-2.630871517,254.049,-0.4820026426,1.048706376
1.256,-1.29,-1.834123223,-3.138976219,-56.45,-2.58101252,256.34,-0.4339728758,1.04112485
1.257,-1.24,-1.765124555,-3.013723287,-54.88,-2.534154962,258.571,-0.3876117583,1.031472933
1.258,-1.19,-1.695961995,-2.888735112,-53.56,-2.493934332,260.834,-0.3409925436,1.018980467
1.259,-1.15,-1.640903686,-2.789638092,-52.13,-2.449488871,260.903,-0.3395774628,1.000205
1.26,-1.09,-1.557142857,-2.639564866,-50.43,-2.395437867,260.532,-0.3471904935,0.9624216332
1.261,-1.04,-1.487485101,-2.515388771,-48.61,-2.336066847,258.866,-0.3815114981,0.9255993578
1.262,-0.98,-1.403341289,-2.366150463,-46.73,-2.27305349,255.485,-0.4518471659,0.8683437534
1.263,-0.92,-1.318996416,-2.217391765,-44.77,-2.205477289,250.869,-0.5493926939,0.8048988806
1.264,-0.86,-1.234449761,-2.069117403,-42.75,-2.133758352,249.277,-0.5834516637,0.761486006
1.265,-0.8,-1.149700599,-1.921332138,-40.78,-2.061722923,247.801,-0.6152238331,0.7177326683
1.266,-0.74,-1.064748201,-1.774040771,-38.94,-1.992519718,243.662,-0.7053391563,0.6575735996
1.267,-0.69,-0.993997599,-1.652020835,-37.2,-1.925323051,244.701,-0.6825747029,0.6334684068
1.268,-0.64,-0.9230769231,-1.530298793,-35.54,-1.859585803,245.919,-0.6560111165,0.608324323
1.269,-0.6,-0.8664259928,-1.433493347,-34.05,-1.799193764,247.508,-0.621553418,0.5921697886
1.27,-0.56,-0.8096385542,-1.336833688,-32.85,-1.749582831,249.86,-0.5709538869,0.5760881429
1.271,-0.54,-0.7816646562,-1.28935797,-31.96,-1.712218248,256.878,-0.4227561958,0.6039219691
1.272,-0.52,-0.7536231884,-1.241860003,-31.17,-1.678640148,262.812,-0.3005745882,0.6274508671
1.273,-0.49,-0.7110036276,-1.169846175,-30.19,-1.636441812,269.186,-0.1723690992,0.6467487386
1.274,-0.46,-0.6682808717,-1.097872521,-28.92,-1.580847375,272.754,-0.1019219065,0.6524201108
1.275,-0.42,-0.6109090909,-1.001558033,-27.45,-1.515196385,275.794,-0.04262293353,0.6429231043
1.276,-0.37,-0.5388349515,-0.8811105243,-25.82,-1.440736739,279.528,0.02932523736,0.6242761401
1.277,-0.32,-0.4665856622,-0.7609838737,-23.79,-1.345507527,281.074,0.05883323401,0.5914347382
1.278,-0.25,-0.3649635036,-0.5930595557,-20.99,-1.209491929,282.453,0.08501712485,0.5274102663
1.279,-0.19,-0.2777101096,-0.4498484484,-18.58,-1.087966071,280.535,0.04856398659,0.4327954071
1.28,-0.2,-0.2926829268,-0.4743600143,-18.74,-1.096164401,278.227,0.004366742598,0.4344761236
1.281,-0.27,-0.3956043956,-0.6435637532,-21.35,-1.227288007,274.033,-0.0768932848,0.4934618807
1.282,-0.37,-0.5427872861,-0.8876996701,-24.93,-1.399330515,266.161,-0.2328305279,0.5438799522
1.283,-0.47,-0.6903304774,-1.134991961,-28.24,-1.550653229,262.218,-0.3126801873,0.6091190932
1.284,-0.56,-0.8235294118,-1.360442685,-31.56,-1.695265355,257.913,-0.4012435529,0.6489086118
1.285,-0.71,-1.045398773,-1.740611281,-36.52,-1.898589211,251.505,-0.5358466034,0.7149957583
1.286,-0.91,-1.341523342,-2.257040468,-43.68,-2.167043207,244.504,-0.6868835307,0.7908543824
1.287,-1.14,-1.682656827,-2.864755038,-51.64,-2.434046262,239.645,-0.7942741185,0.8873825085
1.288,-1.34,-1.980295567,-3.406172836,-58.47,-2.639781953,235.808,-0.8806271152,0.9675502961
1.289,-1.45,-2.145499383,-3.711185014,-62.4,-2.749463881,237.72,-0.8374226771,1.034653579
1.29,-1.47,-2.177777778,-3.771154987,-62.95,-2.764344966,238.817,-0.812790968,1.054238658
1.291,-1.43,-2.121137206,-3.666003762,-61.73,-2.731184136,241.429,-0.7545943863,1.05170301
1.292,-1.38,-2.04950495,-3.533561672,-60.12,-2.686561925,244.431,-0.6884810846,1.046967894
1.293,-1.33,-1.977695167,-3.401397453,-58.73,-2.647225312,246.387,-0.6458393909,1.032897243
1.294,-1.29,-1.920595533,-3.296740035,-57.38,-2.608278556,248.862,-0.5923658443,1.03002384
1.295,-1.25,-1.863354037,-3.192207723,-56.26,-2.57539756,250.209,-0.5634863162,1.016988155
1.296,-1.27,-1.895522388,-3.250904921,-56.84,-2.592490517,251.931,-0.5267924216,1.042196231
1.297,-1.33,-1.9875467,-3.419493051,-59.07,-2.656918019,253.994,-0.4831610091,1.088983118
1.298,-1.34,-2.004987531,-3.451556915,-59.42,-2.666847679,253.617,-0.4911078439,1.092971985
1.299,-1.25,-1.872659176,-3.209174178,-56.69,-2.588083433,254.651,-0.4693401637,1.049633483
1.3,-1.12,-1.68,-2.859969101,-52.6,-2.464198403,257.638,-0.4069510392,0.9961059703
1.301,-1.04,-1.561952441,-2.648159792,-49.97,-2.380580783,259.951,-0.3591345966,0.9665820807
1.302,-1.03,-1.54887218,-2.624791186,-49.82,-2.375714473,260.334,-0.3512579506,0.9625294204
1.303,-1.03,-1.550815558,-2.628261865,-49.68,-2.371162954,260.192,-0.3541769211,0.9643794849
1.304,-0.97,-1.462311558,-2.470653372,-47.8,-2.309130542,262.912,-0.2985392997,0.9474563583
1.305,-0.88,-1.328301887,-2.233762697,-45.02,-2.214205664,266.068,-0.2347002119,0.9121472243
1.306,-0.79,-1.19395466,-1.998396752,-41.9,-2.102934146,269.673,-0.1626988489,0.8820478673
1.307,-0.68,-1.029003783,-1.712320578,-38.39,-1.971465875,273.523,-0.08685939161,0.8318998976
1.308,-0.56,-0.8484848485,-1.40291416,-34.35,-1.811460118,277.941,-0.001135552158,0.773980752
1.309,-0.45,-0.6826801517,-1.122106528,-30.43,-1.646832218,280.517,0.0482207029,0.701925713
1.31,-0.38,-0.5772151899,-0.9451739978,-27.54,-1.519256417,282.889,0.09326912262,0.662820771
1.311,-0.32,-0.4866920152,-0.7943523925,-25.47,-1.424517135,284.035,0.1148985063,0.6065524536
1.312,-0.27,-0.4111675127,-0.6692581493,-23.68,-1.34026699,286.477,0.1606986991,0.5673755005
1.313,-0.26,-0.3964421855,-0.6449462017,-23.21,-1.317781603,285.779,0.1476475406,0.5511729148
1.314,-0.26,-0.3969465649,-0.6457785248,-23.14,-1.314419647,286.389,0.1590550337,0.5589391585
1.315,-0.24,-0.3668789809,-0.5962135251,-22.27,-1.272351038,285.465,0.1417659903,0.5273495578
1.316,-0.22,-0.3367346939,-0.5466288848,-21.63,-1.241065966,283.77,0.109904714,0.4832457654
1.317,-0.26,-0.398467433,-0.6482884312,-23.16,-1.315380552,281.552,0.06792382213,0.5196881107
1.318,-0.43,-0.6598465473,-1.083688875,-29.35,-1.599786467,278.626,0.01203357878,0.6825299345
1.319,-0.68,-1.044814341,-1.739602258,-39.03,-1.995948625,274.633,-0.06519217236,0.8439997212
1.32,-0.91,-1.4,-2.36024152,-47.52,-2.299744527,270.007,-0.1560767757,0.9610803188
1.321,-1.05,-1.61745828,-2.747548042,-52.73,-2.468249347,266.876,-0.2184778571,1.022637519
1.322,-1.11,-1.712082262,-2.917816785,-54.87,-2.533853119,264.062,-0.2751889645,1.038723059
1.323,-1.11,-1.714285714,-2.921794286,-55,-2.537773694,262.285,-0.3113133696,1.025519481
1.324,-1.09,-1.68556701,-2.869998319,-54.25,-2.515054007,260.742,-0.3428799004,1.004221375
1.325,-1.06,-1.641290323,-2.790332738,-53.32,-2.486538973,260.203,-0.3539507468,0.9823421359
1.326,-1.04,-1.612403101,-2.738481278,-52.73,-2.468249347,258.766,-0.3835786037,0.9602547295
1.327,-1.05,-1.630012937,-2.770078575,-53.19,-2.482522441,256.872,-0.4228811593,0.9534229857
1.328,-1.09,-1.694300518,-2.885739472,-54.55,-2.52417126,254.941,-0.463250978,0.965963042
1.329,-1.12,-1.743190661,-2.974024162,-55.58,-2.555176805,254.002,-0.4829925039,0.9788869084
1.33,-1.12,-1.745454545,-2.978119045,-55.67,-2.557864367,251.379,-0.5385275399,0.9618030064
1.331,-1.1,-1.716514954,-2.925818918,-55.21,-2.544091518,248.23,-0.6059697721,0.9288133307
1.332,-1.08,-1.6875,-2.873481539,-54.5,-2.522654446,246.144,-0.6511184499,0.9053834767
1.333,-1.05,-1.642764016,-2.792980594,-53.67,-2.497315323,244.668,-0.6832962443,0.8781269058
1.334,-1.02,-1.597911227,-2.712505909,-52.71,-2.467626621,240.416,-0.7770894126,0.8359763629
1.335,-0.99,-1.552941176,-2.632058515,-51.74,-2.437206744,237.037,-0.8528160363,0.8000122463
1.336,-0.96,-1.507853403,-2.551639454,-50.8,-2.407316014,235.154,-0.8954856484,0.7725681752
1.337,-0.93,-1.462647444,-2.471249778,-49.89,-2.377986745,236.499,-0.8649726674,0.7620353708
1.338,-0.9,-1.417322835,-2.39089055,-48.97,-2.34793628,235.834,-0.880037261,0.7406784844
1.339,-0.88,-1.387647832,-2.338408584,-48.05,-2.317478381,233.45,-0.9343945787,0.7190959219
1.34,-0.85,-1.342105263,-2.258065475,-47.14,-2.286944474,235.819,-0.8803775536,0.7129257636
1.341,-0.82,-1.296442688,-2.177755716,-46.28,-2.257710568,238.705,-0.8153005907,0.7086715939
1.342,-0.79,-1.250659631,-2.097480409,-45.34,-2.225331147,242.515,-0.7305828901,0.7095877559
1.343,-0.75,-1.188903567,-1.989589059,-44.12,-2.182632322,249.656,-0.5753237171,0.7213998448
1.344,-0.7,-1.111111111,-1.85432,-42.47,-2.123647225,259.795,-0.3623461654,0.7459070516
1.345,-0.62,-0.9854304636,-1.637285521,-39.66,-2.019823652,265.989,-0.2362889514,0.7257109057
1.346,-0.48,-0.7639257294,-1.259300181,-34.81,-1.830163511,273.877,-0.07993977062,0.6592838165
1.347,-0.28,-0.4462151394,-0.7272254558,-27.83,-1.532302568,279.218,0.02338872893,0.4819529367
1.348,-0.08,-0.1276595745,-0.2056620951,-20.02,-1.161081853,285.205,0.1368910185,0.2008044674
1.349,0.06,0.09587217044,0.1531909476,-13.68,-0.8276758944,288.817,0.2042210339,-0.2457129735
1.35,0.14,0.224,0.3562333358,-9.81,-0.6090696898,290.047,0.2269569784,-0.9322729269
1.351,0.2,0.3204272363,0.5077661161,-7.17,-0.4530769328,296.223,0.3396791792,-4.477744048
1.352,0.26,0.4171122995,0.6586054208,-4.05,-0.2613058477,299.341,0.3956981878,4.900617256
1.353,0.34,0.546184739,0.8582579842,0.27,0.0179292053,302.204,0.446624272,1.847490173
1.354,0.4,0.6434316354,1.007386936,1.8,0.1207514154,303.859,0.4758432542,1.688561744
1.355,0.37,0.5959731544,0.9347479838,1.05,0.07008766376,302.414,0.4503406682,1.796112791
1.356,0.23,0.3709677419,0.5867520786,-3.99,-0.2575376895,301.758,0.43872278,3.238412591
1.357,0.03,0.04845222073,0.07755538503,-11.63,-0.7133445598,297.826,0.3685524567,-0.2249337625
1.358,-0.13,-0.2102425876,-0.339726602,-17.88,-1.051878061,293.748,0.2947911163,0.4487286492
1.359,-0.24,-0.3886639676,-0.6321144351,-21.72,-1.24548284,289.522,0.2172644284,0.6147666952
1.36,-0.32,-0.5189189189,-0.8479354259,-24.87,-1.396519814,283.888,0.1121289406,0.6601848734
1.361,-0.43,-0.698240866,-1.148322661,-28.68,-1.570224845,278.167,0.003212883997,0.7328103996
1.362,-0.54,-0.8780487805,-1.453323641,-32.94,-1.75333412,273.462,-0.08805266017,0.7892549554
1.363,-0.65,-1.05834464,-1.762972632,-36.88,-1.912775862,268.238,-0.1912436015,0.8379069978
1.364,-0.75,-1.222826087,-2.04879807,-40.41,-2.04795787,263.005,-0.296647176,0.8738350509
1.365,-0.85,-1.387755102,-2.338598111,-44.15,-2.183691534,259.174,-0.3751498264,0.9139285252
1.366,-0.98,-1.602179837,-2.720154436,-48.77,-2.341349877,255.32,-0.4553034752,0.9726462645
1.367,-1.12,-1.833560709,-3.137952826,-53.56,-2.493934332,254.144,-0.4800024183,1.055151165
1.368,-1.21,-1.983606557,-3.412254305,-57.07,-2.599229838,251.618,-0.5334434137,1.089246797
1.369,-1.25,-2.051983584,-3.538134374,-58.51,-2.640928857,249.438,-0.5799973861,1.098483513
1.37,-1.24,-2.038356164,-3.513002798,-58.13,-2.63000715,247.009,-0.6323504216,1.076829477
1.371,-1.21,-1.991769547,-3.427253204,-57.05,-2.598644683,248.136,-0.6079960994,1.068798608
1.372,-1.17,-1.928571429,-3.311335929,-55.8,-2.561740305,251.244,-0.5414014633,1.067091411
1.373,-1.11,-1.83218707,-3.135453891,-54.22,-2.514140117,255.826,-0.4447111947,1.059686196
1.374,-1.07,-1.768595041,-3.020009862,-52.83,-2.471360276,256.9,-0.4222980212,1.043664991
1.375,-1.06,-1.754482759,-2.994455157,-52.46,-2.459827311,258.507,-0.3889361233,1.051142093
1.376,-1.08,-1.790055249,-3.058915202,-53.39,-2.4886986,260.501,-0.3478271135,1.078402071
1.377,-1.12,-1.858921162,-3.184128657,-54.54,-2.523867984,262.526,-0.3063997909,1.125027351
1.378,-1.1,-1.828254848,-3.128301588,-54.2,-2.513530638,263.803,-0.2804389815,1.119661992
1.379,-1.05,-1.747572816,-2.981951091,-52.55,-2.462638316,263.928,-0.2779045463,1.08808774
1.38,-1.01,-1.683333333,-2.865973812,-51.18,-2.419448739,265.313,-0.2499030615,1.073659085
1.381,-0.99,-1.652294854,-2.810111283,-50.58,-2.400261054,266.909,-0.2178163548,1.073349197
1.382,-0.95,-1.587743733,-2.69429635,-49.31,-2.35908901,268.664,-0.1827537822,1.059977571
1.383,-0.83,-1.389121339,-2.341012121,-45.59,-2.2339865,271.752,-0.1216120699,0.993807753
1.384,-0.67,-1.122905028,-1.874781997,-40.15,-2.038239983,275.301,-0.05219496994,0.8968382366
1.385,-0.55,-0.9230769231,-1.530298793,-36.13,-1.883135,279.015,0.01949770118,0.8211355254
1.386,-0.53,-0.8907563025,-1.475022853,-35.35,-1.851958417,282.427,0.08452463086,0.8345562164
1.387,-0.56,-0.9424964937,-1.563569995,-36.55,-1.899774315,285.029,0.1335885145,0.8852805832
1.388,-0.56,-0.9438202247,-1.565839535,-36.61,-1.902142947,287.131,0.172898325,0.9055049327
1.389,-0.49,-0.8270042194,-1.366352043,-34.41,-1.813906888,288.093,0.1907929358,0.8418090674
1.39,-0.39,-0.6591549296,-1.082526182,-30.65,-1.656324707,288.738,0.2027574503,0.7447375944
1.391,-0.27,-0.4569816643,-0.7450618613,-26.18,-1.457333993,289.403,0.215065007,0.5997588846
1.392,-0.14,-0.2372881356,-0.3838065613,-21.21,-1.220378231,290.509,0.2354719211,0.3896883973
1.393,-0.01,-0.01697312588,-0.02723349476,-15.8,-0.9425056566,291.649,0.2564250224,0.03969430618
1.394,0.09,0.1529745042,0.243918868,-10.99,-0.6769763532,293.528,0.2907827793,-0.631597428
1.395,0.16,0.2723404255,0.4323357807,-7.66,-0.4824596762,295.217,0.3214791752,-2.68564067
1.396,0.18,0.3068181818,0.4864461764,-6.53,-0.4144013617,297.053,0.354648613,-8.140984081
1.397,0.15,0.2560455192,0.4067133976,-7.6,-0.4788723866,298.414,0.3791045868,-4.07659985
1.398,0.09,0.1538461538,0.2453008284,-10.23,-0.6333672186,299.74,0.4028246041,-1.064015123
1.399,-0.02,-0.03423680456,-0.05496796218,-14.26,-0.8594324604,297.56,0.3637720282,0.1108984269
1.4,-0.15,-0.2571428571,-0.4162214057,-19.25,-1.12217216,294.962,0.3168560012,0.5168422376
1.401,-0.29,-0.4978540773,-0.8128974963,-24.6,-1.383841386,289.688,0.2203310192,0.6986594359
1.402,-0.43,-0.7392550143,-1.217558363,-29.94,-1.625579557,283.906,0.1124681482,0.8046719866
1.403,-0.56,-0.9641319943,-1.600689977,-34.79,-1.829352954,279.264,0.0242700465,0.88676812
1.404,-0.68,-1.172413793,-1.960856409,-39.04,-1.996329333,274.217,-0.0733022222,0.9474422652
1.405,-0.79,-1.364028777,-2.296710981,-43.13,-2.147413873,268.889,-0.1782751538,0.9875400169
1.406,-0.91,-1.573487032,-2.668783682,-47.45,-2.297391987,263.045,-0.2958335652,1.029136736
1.407,-1.03,-1.783549784,-3.04711568,-51.83,-2.440047255,259.285,-0.3728589992,1.083262436
1.408,-1.13,-1.959537572,-3.368074949,-55.64,-2.556968897,255.003,-0.4619500508,1.115655971
1.409,-1.21,-2.10130246,-3.62927051,-58.47,-2.639781953,251.176,-0.5428496541,1.14033635
1.41,-1.27,-2.208695652,-3.828712223,-60.48,-2.696626096,246.997,-0.6326103374,1.150027131
1.411,-1.31,-2.281567489,-3.964816707,-61.94,-2.736931691,247.172,-0.6288211478,1.177988075
1.412,-1.33,-2.319767442,-4.036413341,-62.9,-2.762996745,248.391,-0.6025009295,1.199351101
1.413,-1.34,-2.340611354,-4.075552663,-63.24,-2.772146596,250.006,-0.5678286492,1.220234392
1.414,-1.34,-2.344023324,-4.081964304,-63.18,-2.770534986,251.797,-0.5296387991,1.236893742
1.415,-1.32,-2.312408759,-4.022607903,-62.71,-2.757865126,254.48,-0.4729339344,1.245081427
1.416,-1.28,-2.245614035,-3.897587472,-61.42,-2.72266926,257.464,-0.4105654691,1.243950042
1.417,-1.2,-2.108345534,-3.642308735,-59.05,-2.656349138,259.349,-0.3715386075,1.202920663
1.418,-1.1,-1.935483871,-3.323991759,-55.75,-2.560250412,260.984,-0.3379167585,1.146928926
1.419,-0.98,-1.726872247,-2.94452547,-52.01,-2.445717156,262.101,-0.315067856,1.0665537
1.42,-0.85,-1.5,-2.5376565,-48.04,-2.317145055,263.158,-0.2935357827,0.9720286231
1.421,-0.72,-1.272459499,-2.135673198,-43.9,-2.17485042,265.471,-0.2467179616,0.8819380095
1.422,-0.62,-1.097345133,-1.830457255,-40.36,-2.046091946,263.828,-0.2799319984,0.7869468668
1.423,-0.56,-0.9926144756,-1.649641304,-38.29,-1.96761948,267.661,-0.202764247,0.7600689608
1.424,-0.53,-0.9408284024,-1.560710342,-37.43,-1.934304779,271.339,-0.1297490135,0.7561384047
1.425,-0.48,-0.8533333333,-1.411174263,-35.75,-1.867991233,274.639,-0.06507529038,0.7300184689
1.426,-0.35,-0.6231454006,-1.022067583,-31,-1.671363433,279.284,0.02465318278,0.6206723878
1.427,-0.13,-0.2317979198,-0.3748514156,-22.68,-1.292242177,281.852,0.0736213328,0.3076029902
1.428,0.1,0.1785714286,0.284464375,-13.08,-0.794551446,285.765,0.1473854436,-0.4395539536
1.429,0.24,0.4292101341,0.6774019317,-6.21,-0.3949363368,290.153,0.2289118216,-4.080131967
1.43,0.28,0.5014925373,0.7893488406,-4.14,-0.2669523509,295.003,0.3175996047,15.58522489
1.431,0.27,0.4843049327,0.7627853684,-4.86,-0.3118773546,298.908,0.3879537522,10.02657056
1.432,0.26,0.4670658683,0.7361074431,-5.24,-0.3354114036,302.42,0.4504468131,6.398963992
1.433,0.27,0.4857571214,0.7650310731,-4.61,-0.2963280737,305.405,0.5029944325,3.701768772
1.434,0.3,0.5405405405,0.8495683857,-2.82,-0.1834447491,308.839,0.5628146062,2.239419843
1.435,0.38,0.6857142857,1.071880594,0.74,0.04929329924,311.574,0.6099842974,1.625841072
1.436,0.53,0.9578313253,1.481906138,4.4,0.300316544,315.748,0.6811797267,1.509843881
1.437,0.69,1.248868778,1.910796785,8.72,0.612475389,317.362,0.70845751,1.446550984
1.438,0.78,1.413897281,2.149564234,11.04,0.7874242588,317.672,0.7136808528,1.431987819
1.439,0.75,1.361573374,2.07420767,10.36,0.7356080126,316.788,0.6987724171,1.446065233
1.44,0.68,1.236363636,1.892573392,8.61,0.6043087435,316.001,0.6854648148,1.467368733
1.441,0.67,1.220030349,1.868743635,8.3,0.5813556798,315.834,0.682636703,1.478445329
1.442,0.73,1.331306991,2.030471126,9.89,0.7000555195,315.408,0.6754156995,1.476200373
1.443,0.8,1.461187215,2.217393712,11.68,0.836603557,315.121,0.6705453442,1.471250591
1.444,0.81,1.481707317,2.246744481,12.16,0.8737509405,314.275,0.6561629753,1.468543071
1.445,0.74,1.355725191,2.065765135,10.43,0.7409213337,313.667,0.6458027796,1.489672758
1.446,0.57,1.04587156,1.612699249,6.11,0.4217921938,314.205,0.6549712111,1.497728509
1.447,0.3,0.5513016845,0.8661326038,-0.82,-0.05405781652,309.719,0.5780371179,1.652990111
1.448,-0.01,-0.01840490798,-0.02953234935,-13.11,-0.7962142848,303.907,0.4766883162,0.0924255061
1.449,-0.3,-0.5529953917,-0.9047266478,-23.98,-1.354539769,296.647,0.3473314483,0.8982517612
1.45,-0.55,-1.015384615,-1.688843804,-33.17,-1.76289821,286.467,0.1605119443,1.053955491
1.451,-0.78,-1.442218798,-2.43500045,-41.47,-2.087192618,278.038,0.000731244988,1.167047941
1.452,-1,-1.851851852,-3.171249383,-49.71,-2.372139063,268.757,-0.1809021612,1.24214578
1.453,-1.21,-2.244204019,-3.894953987,-57.3,-2.605947207,258.174,-0.3958322555,1.297548349
1.454,-1.37,-2.544891641,-4.461842757,-62.83,-2.761107694,249.274,-0.5835160503,1.334034288
1.455,-1.45,-2.697674419,-4.753962064,-65.9,-2.84230205,244.871,-0.6788592125,1.350111997
1.456,-1.48,-2.757763975,-4.869605431,-66.81,-2.865738335,236.773,-0.8587779204,1.307446416
1.457,-1.47,-2.743390358,-4.841904496,-66.43,-2.855985858,236.877,-0.8564285062,1.304246784
1.458,-1.43,-2.672897196,-4.706401611,-65.25,-2.82538851,244.357,-0.6901010098,1.338761383
1.459,-1.36,-2.546021841,-4.463993604,-63.1,-2.76838413,248.503,-0.6000891475,1.325227554
1.46,-1.27,-2.38125,-4.152008252,-60.38,-2.693835541,252.098,-0.523247189,1.290612832
1.461,-1.18,-2.215962441,-3.842256528,-57.54,-2.612933339,254.023,-0.4825502028,1.241245988
1.462,-1.08,-2.031347962,-3.500086839,-54.74,-2.529925227,256.745,-0.4255269051,1.18428135
1.463,-0.99,-1.864992151,-3.195193826,-51.72,-2.436575014,261.112,-0.3352934861,1.152722009
1.464,-0.86,-1.622641509,-2.756847596,-47.82,-2.309799497,265.828,-0.2395282237,1.081401804
1.465,-0.69,-1.303937008,-2.190919635,-42.3,-2.117487887,269.01,-0.1758681963,0.9553333873
1.466,-0.49,-0.927444795,-1.537778321,-35.59,-1.861589459,274.241,-0.07283400038,0.7949543383
1.467,-0.33,-0.6255924171,-1.026171196,-29.64,-1.612492258,279.287,0.02471065085,0.6462924067
1.468,-0.24,-0.4556962025,-0.7429315789,-26.3,-1.462847148,285.695,0.1460747657,0.5642065317
1.469,-0.22,-0.4183835182,-0.6811813028,-25.69,-1.434721931,291.407,0.2519839393,0.5759359281
1.47,-0.24,-0.4571428571,-0.7453290057,-26.57,-1.475216641,298.183,0.3749615889,0.6774147542
1.471,-0.25,-0.4769475358,-0.7781745057,-27,-1.494816189,302.499,0.4518441902,0.7461125576
1.472,-0.22,-0.4203821656,-0.6844847924,-25.67,-1.433795568,306.861,0.5284396301,0.7560394359
1.473,-0.12,-0.2296650718,-0.3713734627,-21.78,-1.248424252,309.992,0.582750767,0.5578913254
1.474,0.03,0.05750798722,0.09201991716,-15.74,-0.9393026778,312.705,0.6293694012,-0.2969023467
1.475,0.16,0.3072,0.4870446298,-9.41,-0.5857976064,313.692,0.6462291702,8.059441114
1.476,0.26,0.5,0.7870435,-4.45,-0.2863488262,314.45,0.659141225,2.111211233
1.477,0.33,0.6356340289,0.9954702807,-0.3,-0.0198458683,314.286,0.6563502284,1.56396459
1.478,0.41,0.7909967846,1.23155365,1.87,0.1255057383,314.247,0.6556863015,1.576505631
1.479,0.49,0.9468599034,1.465543007,3.94,0.2680991864,313.568,0.6441139389,1.60657961
1.48,0.54,1.04516129,1.611647718,5.21,0.3575202108,312.844,0.6317469928,1.62913287
1.481,0.55,1.066235864,1.642822686,5.36,0.3681799878,311.767,0.6132972514,1.673826575
1.482,0.53,1.029126214,1.587892509,4.83,0.3306085758,311.289,0.6050883568,1.697015833
1.483,0.51,0.9918962723,1.532621423,4.37,0.298209494,310.633,0.5938020499,1.718163216
1.484,0.5,0.974025974,1.506033471,4.27,0.2911919638,310.874,0.5979511586,1.693803206
1.485,0.47,0.9170731707,1.421046679,3.37,0.2284462113,312.069,0.6184771388,1.677892903
1.486,0.35,0.6840390879,1.069329421,0.4,0.02658478558,313.047,0.6352174055,1.615784044
1.487,0.13,0.2544861338,0.4042597556,-7.7,-0.4848495626,311.447,0.607803151,3.287905305
1.488,-0.15,-0.2941176471,-0.4767101384,-18.1,-1.063258747,309.876,0.5807484052,0.9879791109
1.489,-0.43,-0.8445171849,-1.396156722,-28.14,-1.546187575,303.998,0.4782900468,1.307388289
1.49,-0.66,-1.298360656,-2.181124035,-36.4,-1.893843543,298.425,0.3793017924,1.440121432
1.491,-0.85,-1.674876847,-2.850742735,-43.14,-2.147772195,292.029,0.2633911931,1.512827147
1.492,-1.02,-2.013157895,-3.466589924,-48.98,-2.348265094,283.723,0.1090185357,1.548105505
1.493,-1.18,-2.332784185,-4.060849326,-54.67,-2.52780717,274.999,-0.05806704031,1.570397086
1.494,-1.32,-2.613861386,-4.593372154,-59.5,-2.669110496,267.37,-0.2085839103,1.596198729
1.495,-1.4,-2.776859504,-4.906444073,-62.09,-2.741026956,261.911,-0.3189475383,1.603426461
1.496,-1.4,-2.781456954,-4.915319774,-62.18,-2.743480076,256.805,-0.4242767834,1.551672048
1.497,-1.35,-2.686567164,-4.732632497,-60.83,-2.706362615,255.738,-0.4465518247,1.50103423
1.498,-1.3,-2.591362126,-4.550403208,-59.22,-2.661179545,255.538,-0.4507374311,1.462250838
1.499,-1.26,-2.515806988,-4.406544409,-57.84,-2.621632716,256.465,-0.4313646719,1.443350206
1.5,-1.21,-2.42,-4.225091649,-56.5,-2.582487618,256.804,-0.4242976163,1.405185711
1.501,-1.17,-2.34,-4.074403975,-55.18,-2.543190135,258.333,-0.3925383988,1.387868098
1.502,-1.13,-2.26,-3.924469479,-53.88,-2.503755071,259.476,-0.3689194199,1.366137894
1.503,-1.09,-2.18,-3.775288161,-52.6,-2.464198403,261.75,-0.3222372621,1.354880792
1.504,-1.05,-2.1,-3.62686002,-51.33,-2.424219533,264.336,-0.2696404949,1.346343159
1.505,-1.01,-2.02,-3.479185057,-50.17,-2.387052641,267.592,-0.2041435947,1.342694548
1.506,-0.97,-1.94,-3.332263271,-48.91,-2.345962384,271.246,-0.1315830119,1.344985758
1.507,-0.91,-1.82,-3.113292801,-46.9,-2.278823328,273.862,-0.08023279339,1.319719685
1.508,-0.81,-1.62,-2.752107905,-43.64,-2.165620988,277.122,-0.0169235012,1.260963026
1.509,-0.67,-1.34,-2.254357415,-39.1,-1.9986124,281.282,0.06279086956,1.164548167
1.51,-0.51,-1.02,-1.696797377,-33.67,-1.78357836,286.136,0.1543266809,1.041458111
1.511,-0.36,-0.72,-1.185029453,-28.15,-1.546634434,290.346,0.2324692783,0.9017355603
1.512,-0.23,-0.46,-0.7500646472,-23.19,-1.31682139,294.74,0.3128278648,0.7470811595
1.513,-0.12,-0.24,-0.3882312192,-18.93,-1.105875675,297.568,0.3639158628,0.5232510076
1.514,-0.03,-0.06,-0.0964223112,-14.94,-0.8963363049,299.53,0.399075042,0.1939067416
1.515,0.04,0.08,0.1279040512,-11.38,-0.6991767359,299.78,0.4035385086,-0.4326370522
1.516,0.08,0.16,0.2550549248,-9.62,-0.5980314896,300.147,0.4100841391,-1.357055176
1.517,0.06,0.12,0.1915736352,-10.41,-0.6437372678,300.58,0.4177966288,-0.8478936595
1.518,-0.01,-0.02,-0.0320936968,-12.89,-0.7840039152,301.621,0.4362932954,0.09230001894
1.519,-0.1,-0.2,-0.32305528,-15.95,-0.9505012434,302.471,0.4513489591,0.6472078565
1.52,-0.19,-0.38,-0.6178298248,-19.07,-1.113014539,303.722,0.4734305717,0.9659870416
1.521,-0.29,-0.58,-0.9498290888,-22.52,-1.28449375,304.327,0.4840769212,1.186668064
1.522,-0.4,-0.8,-1.32046528,-26.36,-1.465600122,304.686,0.4903843406,1.354023699
1.523,-0.51,-1.02,-1.696797377,-30.11,-1.632970217,302.481,0.4515258326,1.436205885
1.524,-0.6,-1.2,-2.00894208,-33.22,-1.764973081,299.935,0.4063039889,1.478610275
1.525,-0.67,-1.34,-2.254357415,-35.57,-1.860788174,294.964,0.316892277,1.460174497
1.526,-0.73,-1.46,-2.466549287,-37.36,-1.93157444,289.743,0.2213466707,1.442234381
1.527,-0.77,-1.54,-2.608952007,-39.01,-1.99518704,282.39,0.08382369587,1.364969154
1.528,-0.82,-1.64,-2.788014563,-40.7,-2.058753072,276.762,-0.02387802695,1.338698228
1.529,-0.87,-1.74,-2.968253959,-42.22,-2.114584017,271.277,-0.1309716092,1.321834972
1.53,-0.92,-1.84,-3.149670195,-44.08,-2.181219309,265.595,-0.2442195904,1.298598038
1.531,-1.02,-2.04,-3.516033187,-47.17,-2.287957604,259.967,-0.3588053139,1.328427704
1.532,-1.16,-2.32,-4.036849741,-51.96,-2.444143669,254.921,-0.4636706994,1.388276289
1.533,-1.33,-2.66,-4.681673735,-57.92,-2.623946329,250.393,-0.5595534512,1.470605955
1.534,-1.48,-2.96,-5.261933747,-62.92,-2.763536144,245.393,-0.6674665707,1.533643132
1.535,-1.55,-3.1,-5.53634642,-65.22,-2.824604353,243.392,-0.7112707374,1.56576414
1.536,-1.54,-3.08,-5.497003389,-64.83,-2.814381723,242.692,-0.7266796074,1.552360401
1.537,-1.48,-2.96,-5.261933747,-63.05,-2.767038657,244.167,-0.6942625251,1.5202184
1.538,-1.43,-2.86,-5.067336903,-61.5,-2.724870127,245.289,-0.6697344347,1.492762061
1.539,-1.41,-2.82,-4.989827681,-61,-2.71107478,249.317,-0.5825932499,1.514975898
1.54,-1.41,-2.82,-4.989827681,-61.06,-2.712735254,252.599,-0.512625565,1.547060301
1.541,-1.38,-2.76,-4.873916899,-59.93,-2.681229928,255.363,-0.4544025249,1.55436486
1.542,-1.25,-2.5,-4.3765325,-55.93,-2.565609054,259.181,-0.3750053309,1.488305479
1.543,-1.01,-2.02,-3.479185057,-48.49,-2.332096439,262.528,-0.3063590331,1.318644598
1.544,-0.72,-1.44,-2.431066291,-39.2,-2.002413015,265.868,-0.2387232524,1.0847472
1.545,-0.5,-1,-1.66235,-31.39,-1.688030169,268.458,-0.1868575056,0.8866397825
1.546,-0.38,-0.76,-1.252653219,-27.17,-1.502531077,272.481,-0.1072794133,0.7781370707
1.547,-0.36,-0.72,-1.185029453,-26.34,-1.464682731,275.049,-0.05709439792,0.7787141957
1.548,-0.4,-0.8,-1.32046528,-27.75,-1.528709137,278.061,0.001173792089,0.8644417193
1.549,-0.49,-0.98,-1.627949697,-30.9,-1.667074528,280.607,0.04993690112,1.00668593
1.55,-0.64,-1.28,-2.148896973,-36.41,-1.894239337,284.277,0.1194548066,1.210793162
1.551,-0.81,-1.62,-2.752107905,-42.5,-2.124732562,287.505,0.1798623867,1.415059956
1.552,-0.9,-1.8,-3.07696248,-45.52,-2.231566214,289.317,0.2134749462,1.524689458
1.553,-0.85,-1.7,-2.89601698,-43.86,-2.173432812,291.325,0.2504782729,1.506024673
1.554,-0.7,-1.4,-2.36024152,-39.01,-1.99518704,291.887,0.2607891065,1.360841981
1.555,-0.56,-1.12,-1.869740365,-34,-1.797144096,292.191,0.2663582262,1.221425153
1.556,-0.47,-0.94,-1.559290311,-30.92,-1.667932812,292.593,0.2737137637,1.118396935
1.557,-0.42,-0.84,-1.388465635,-29.28,-1.596711468,293.2,0.2848011313,1.058354063
1.558,-0.39,-0.78,-1.286535713,-27.93,-1.536788464,295.927,0.334330534,1.0699216
1.559,-0.34,-0.68,-1.117593981,-26.04,-1.450889816,297.961,0.370976981,1.034892766
1.56,-0.28,-0.56,-0.9164173312,-23.74,-1.343126497,300.394,0.4144850046,0.9868365118
1.561,-0.23,-0.46,-0.7500646472,-21.91,-1.254788614,303.053,0.461633278,0.9456718157
1.562,-0.22,-0.44,-0.7169353312,-21.48,-1.233691807,306.321,0.5190166505,1.003162521
1.563,-0.25,-0.5,-0.8164645,-22.51,-1.28400888,307.151,0.5334932776,1.087871454
1.564,-0.3,-0.6,-0.98328792,-24.44,-1.376304822,307.954,0.547461795,1.186337929
1.565,-0.36,-0.72,-1.185029453,-26.52,-1.472929657,303.636,0.471915485,1.183828847
1.566,-0.42,-0.84,-1.388465635,-28.44,-1.559565008,298.864,0.387166161,1.18429461
1.567,-0.47,-0.94,-1.559290311,-30.39,-1.64510302,295.042,0.3183068389,1.175229725
1.568,-0.53,-1.06,-1.765833351,-32.44,-1.732430652,290.488,0.2350851721,1.179309234
1.569,-0.6,-1.2,-2.00894208,-34.81,-1.830163511,284.238,0.118720789,1.173829573
1.57,-0.7,-1.4,-2.36024152,-38.48,-1.974922773,277.123,-0.01690419566,1.184963131
1.571,-0.85,-1.7,-2.89601698,-43.63,-2.165265302,270.737,-0.141631854,1.25537325
1.572,-1,-2,-3.442384,-48.79,-2.342009385,264.909,-0.2580558745,1.323960615
1.573,-1.09,-2.18,-3.775288161,-52.19,-2.451372268,261.616,-0.3249768364,1.359803115
1.574,-1.12,-2.24,-3.887103539,-53.1,-2.479737343,258.618,-0.3866393865,1.356103508
1.575,-1.1,-2.2,-3.81251288,-52.52,-2.461701721,259.905,-0.3600813972,1.351100605
1.576,-1.08,-2.16,-3.738110515,-51.74,-2.437206744,262.488,-0.3071742464,1.362096053
1.577,-1.05,-2.1,-3.62686002,-51.01,-2.414029237,264.541,-0.2654930275,1.35354726
1.578,-1.02,-2.04,-3.516033187,-50.03,-2.382524325,266.867,-0.218658281,1.351705635
1.579,-0.97,-1.94,-3.332263271,-48.33,-2.326791689,269.41,-0.1679190102,1.335731342
1.58,-0.88,-1.76,-3.004443059,-45.4,-2.227411341,272.693,-0.1031185397,1.289167363
1.581,-0.74,-1.48,-2.502079357,-40.9,-2.066171118,275.437,-0.04955269715,1.18261152
1.582,-0.6,-1.2,-2.00894208,-36.21,-1.886312353,279.37,0.02630035618,1.080069421
1.583,-0.51,-1.02,-1.696797377,-33.21,-1.764558229,282.619,0.08816044119,1.012168704
1.584,-0.49,-0.98,-1.627949697,-32.16,-1.720657414,285.754,0.1471795012,1.034618716
1.585,-0.49,-0.98,-1.627949697,-32.16,-1.720657414,288.239,0.1935035263,1.066002392
1.586,-0.47,-0.94,-1.559290311,-31.74,-1.702906482,289.793,0.222269823,1.053121508
1.587,-0.44,-0.88,-1.456654285,-30.54,-1.651582289,291.992,0.2627133065,1.048806117
1.588,-0.41,-0.82,-1.354441921,-29.5,-1.606365158,293.427,0.2889415819,1.028099045
1.589,-0.41,-0.82,-1.354441921,-29.44,-1.603735414,292.613,0.2740794469,1.018640877
1.59,-0.42,-0.84,-1.388465635,-29.88,-1.622966693,290.193,0.2296493127,0.9965178461
1.591,-0.41,-0.82,-1.354441921,-29.58,-1.609867895,289.828,0.2229159349,0.9765600826
1.592,-0.38,-0.76,-1.252653219,-28.19,-1.548421217,290.246,0.2306263318,0.9505676744
1.593,-0.32,-0.64,-1.050346803,-26.14,-1.455494137,292.688,0.2754505363,0.8900915209
1.594,-0.28,-0.56,-0.9164173312,-24.71,-1.389012656,296.387,0.3426403173,0.8758042404
1.595,-0.27,-0.54,-0.8830526472,-24.16,-1.363073778,298.646,0.3832622931,0.9012474963
1.596,-0.25,-0.5,-0.8164645,-23.45,-1.329282563,303.482,0.4692013503,0.9492876814
1.597,-0.22,-0.44,-0.7169353312,-22.31,-1.27429681,307,0.5308624913,0.9643559808
1.598,-0.2,-0.4,-0.65081792,-21.24,-1.221860066,310.097,0.5845626037,1.021215301
1.599,-0.19,-0.38,-0.6178298248,-20.78,-1.19906837,312.714,0.629523378,1.084777908
1.6,-0.19,-0.38,-0.6178298248,-20.87,-1.203539452,315.683,0.6800782603,1.180278184
1.601,-0.19,-0.38,-0.6178298248,-20.75,-1.197576727,318.192,0.7224311535,1.300295865
1.602,-0.15,-0.3,-0.48634818,-19.47,-1.133332914,319.982,0.7524434233,1.276874769
1.603,-0.14,-0.28,-0.4535954528,-18.91,-1.104854673,318.627,0.7297401389,1.209218548
1.604,-0.17,-0.34,-0.5519948552,-19.88,-1.154039167,315.694,0.6802646782,1.165100419
1.605,-0.2,-0.4,-0.65081792,-21.12,-1.215928896,311.514,0.6089539453,1.072231926
1.606,-0.24,-0.48,-0.7832410368,-22.31,-1.27429681,308.61,0.5588461811,1.094752042
1.607,-0.27,-0.54,-0.8830526472,-23.6,-1.336450457,306.751,0.5265214799,1.090284053
1.608,-0.33,-0.66,-1.083946855,-25.81,-1.440274464,303.485,0.4692542362,1.116296884
1.609,-0.36,-0.72,-1.185029453,-26.67,-1.479785624,300.47,0.415838389,1.113804721
1.61,-0.35,-0.7,-1.15128818,-26.45,-1.469725083,296.024,0.3360838886,1.015566641
1.611,-0.4,-0.8,-1.32046528,-27.98,-1.53902896,293.745,0.2947364774,1.061217759
1.612,-0.48,-0.96,-1.593596467,-31.13,-1.676929612,291.123,0.2467673836,1.114276713
1.613,-0.58,-1.16,-1.939247075,-34.52,-1.818387019,289.832,0.2229897713,1.215526151
1.614,-0.58,-1.16,-1.939247075,-34.6,-1.821640736,289.028,0.2081281371,1.201879103
1.615,-0.49,-0.98,-1.627949697,-31.45,-1.690585826,289.548,0.2177448539,1.105312608
1.616,-0.41,-0.82,-1.354441921,-28.32,-1.554221063,290.011,0.2262929069,1.019966264
1.617,-0.35,-0.7,-1.15128818,-26.01,-1.449507215,291.295,0.2499273135,0.9597428051
1.618,-0.34,-0.68,-1.117593981,-25.92,-1.445355796,292.688,0.2754505363,0.9552858847
1.619,-0.4,-0.8,-1.32046528,-28.08,-1.543505053,295.171,0.3206454861,1.079817598
1.62,-0.49,-0.98,-1.627949697,-31.03,-1.672648878,298.363,0.3781901749,1.257629689
1.621,-0.54,-1.08,-1.800421949,-32.98,-1.754999765,300.867,0.4229024823,1.351569417
1.622,-0.56,-1.12,-1.869740365,-33.37,-1.77118854,302.111,0.4449776142,1.409836346
1.623,-0.53,-1.06,-1.765833351,-32.64,-1.740810488,301.102,0.4270796079,1.34413629
1.624,-0.49,-0.98,-1.627949697,-31.01,-1.671791978,299.224,0.3936066856,1.273641394
1.625,-0.45,-0.9,-1.49081922,-29.55,-1.608554849,297.149,0.356377318,1.190581354
1.626,-0.49,-0.98,-1.627949697,-30.99,-1.670934826,296.219,0.3396069358,1.222801467
1.627,-0.7,-1.4,-2.36024152,-38.21,-1.964538269,297.311,0.3592932418,1.470330997
1.628,-0.94,-1.88,-3.222566205,-46.74,-2.273393291,299.317,0.3952692283,1.715843095
1.629,-0.94,-1.88,-3.222566205,-46.73,-2.27305349,303.207,0.4643512538,1.781700791
1.63,-0.7,-1.4,-2.36024152,-38.78,-1.986412608,307.709,0.5432037835,1.635412339
1.631,-0.53,-1.06,-1.765833351,-32.79,-1.747079211,311.493,0.6085932752,1.551036596
1.632,-0.62,-1.24,-2.078825379,-36.12,-1.882737567,314.491,0.6598387468,1.699916088
1.633,-0.87,-1.74,-2.968253959,-44.96,-2.212113787,314.764,0.6644809032,1.917931565
1.634,-1.03,-2.06,-3.552928391,-50.7,-2.404112018,315.05,0.6693397984,2.048066226
1.635,-1.13,-2.26,-3.924469479,-53.91,-2.504673445,313.956,0.6507297823,2.116822403
1.636,-1.22,-2.44,-4.262881251,-57.33,-2.606821773,313.233,0.6383952174,2.165628806
1.637,-1.15,-2.3,-3.99934258,-54.97,-2.536869595,310.72,0.5953002321,2.059850478
1.638,-0.76,-1.52,-2.573280717,-42.68,-2.13123449,307.493,0.5394469685,1.616598121
1.639,-0.26,-0.52,-0.8497350368,-25.41,-1.421728351,301.762,0.4387936973,0.8644878209
1.64,-0.03,-0.06,-0.0964223112,-15.84,-0.9446394691,297.146,0.3563233045,0.1638953967
1.641,-0.19,-0.38,-0.6178298248,-21.63,-1.241065966,292.539,0.2727262942,0.6380300663
1.642,-0.55,-1.1,-1.83505762,-34.87,-1.832593747,288.111,0.1911271924,1.117937868
1.643,-0.91,-1.82,-3.113292801,-47.51,-2.299408598,282.718,0.09003419085,1.409128662
1.644,-1.15,-2.3,-3.99934258,-56.14,-2.571843432,277.189,-0.01563018391,1.545655405
1.645,-1.28,-2.56,-4.490607411,-60.61,-2.700248033,273.944,-0.07863113148,1.615977934
1.646,-1.31,-2.62,-4.605105985,-61.71,-2.730635884,270.339,-0.1495024688,1.598918323
1.647,-1.3,-2.6,-4.56689272,-61.59,-2.727343206,268.945,-0.1771610554,1.572348431
1.648,-1.31,-2.62,-4.605105985,-61.77,-2.732280187,267.55,-0.2049833718,1.567821849
1.649,-1.32,-2.64,-4.643366323,-62.13,-2.742117605,265.907,-0.237938522,1.558147271
1.65,-1.32,-2.64,-4.643366323,-62.25,-2.745385969,263.232,-0.2920315748,1.52872177
1.651,-1.31,-2.62,-4.605105985,-61.95,-2.737204971,261.745,-0.3223394598,1.505160683
1.652,-1.29,-2.58,-4.528726529,-61.25,-2.717984351,259.331,-0.3719099347,1.465657434
1.653,-1.26,-2.52,-4.414510397,-60.3,-2.691600304,259.405,-0.3703835321,1.441715774
1.654,-1.23,-2.46,-4.300717927,-59.33,-2.664298981,259.507,-0.3682802853,1.418171645
1.655,-1.2,-2.4,-4.18734912,-58.39,-2.637486208,263.346,-0.2897151088,1.430495776
1.656,-1.17,-2.34,-4.074403975,-57.45,-2.610316321,267.293,-0.210124881,1.444598091
1.657,-1.14,-2.28,-3.961882493,-56.51,-2.582782512,267.364,-0.20870397,1.419273394
1.658,-1.1,-2.2,-3.81251288,-55.5,-2.552784956,267.309,-0.2098046428,1.3800504
1.659,-1.07,-2.14,-3.700979943,-54.57,-2.52477768,269.981,-0.1565919723,1.380257265
1.66,-1.05,-2.1,-3.62686002,-53.95,-2.505897326,272.902,-0.09901971162,1.392313063
1.661,-1.05,-2.1,-3.62686002,-53.71,-2.498543445,273.855,-0.08036954285,1.406352226
1.662,-1.05,-2.1,-3.62686002,-53.79,-2.500997565,274.107,-0.07544876332,1.407698651
1.663,-1.05,-2.1,-3.62686002,-53.96,-2.506203187,274.628,-0.06528957596,1.410410355
1.664,-1.06,-2.12,-3.663896445,-54.07,-2.509564744,276.493,-0.02908051085,1.443248692
1.665,-1.06,-2.12,-3.663896445,-54.14,-2.511701147,278.358,0.006885136061,1.462740748
1.666,-1.06,-2.12,-3.663896445,-54.19,-2.513225832,280.269,0.04348877277,1.48351681
1.667,-1.06,-2.12,-3.663896445,-54.25,-2.515054007,281.682,0.07039348842,1.498734248
1.668,-1.09,-2.18,-3.775288161,-55.26,-2.545592962,283.687,0.1083396615,1.548992942
1.669,-1.15,-2.3,-3.99934258,-57.36,-2.607695966,285.339,0.1394040587,1.620287522
1.67,-1.17,-2.34,-4.074403975,-58.26,-2.633750103,288.482,0.1980119457,1.672759431
1.671,-1.13,-2.26,-3.924469479,-56.79,-2.591022532,292.549,0.2729091727,1.692958398
1.672,-0.97,-1.94,-3.332263271,-51.89,-2.441938868,296.063,0.3367886837,1.582909997
1.673,-0.72,-1.44,-2.431066291,-44.11,-2.182279147,300.463,0.4157137495,1.376154143
1.674,-0.49,-0.98,-1.627949697,-36.4,-1.893843543,303.616,0.4715630778,1.144605256
1.675,-0.32,-0.64,-1.050346803,-30.2,-1.636875475,306.636,0.5245154054,0.9442507258
1.676,-0.22,-0.44,-0.7169353312,-26.47,-1.470641008,308.179,0.5513692308,0.7798948566
1.677,-0.17,-0.34,-0.5519948552,-24.68,-1.387603126,307.976,0.5478439813,0.6573252087
1.678,-0.12,-0.24,-0.3882312192,-22.91,-1.303349294,307.866,0.5459327768,0.5125729505
1.679,-0.09,-0.18,-0.2905379208,-21.48,-1.233691807,308.463,0.556297212,0.4289049885
1.68,-0.07,-0.14,-0.2256444232,-20.7,-1.19508923,309.564,0.5753590207,0.3641010551
1.681,-0.06,-0.12,-0.1932682848,-20.38,-1.179126991,310.982,0.5998094667,0.3336137381
1.682,-0.06,-0.12,-0.1932682848,-20.14,-1.167107229,312.323,0.6228298534,0.3550915276
1.683,-0.05,-0.1,-0.16093922,-19.82,-1.151016555,312.935,0.6333029734,0.310865362
1.684,-0.04,-0.08,-0.1286572288,-19.49,-1.134345791,312.988,0.6342089954,0.257244078
1.685,-0.03,-0.06,-0.0964223112,-19.15,-1.117087496,310.771,0.5961782818,0.1851038694
1.686,-0.02,-0.04,-0.0642344672,-18.85,-1.101789922,308.81,0.5623122174,0.1190678811
1.687,-0.02,-0.04,-0.0642344672,-18.79,-1.098722549,306.672,0.5251434748,0.111988861
1.688,-0.02,-0.04,-0.0642344672,-18.47,-1.082318874,305.64,0.5071095142,0.1116714568
1.689,0.04,0.08,0.1279040512,-16.2,-0.963789633,304.949,0.4950003816,-0.2728391294
1.69,0.16,0.32,0.5070971392,-10.6,-0.6546554013,304.167,0.4812634176,-2.924570838
1.691,0.23,0.46,0.7251627128,-7.13,-0.45066962,301.281,0.4302591466,-35.52895111
1.692,0.15,0.3,0.47575662,-10.17,-0.6299047856,299.3,0.3949653612,-2.025018241
1.693,-0.06,-0.12,-0.1932682848,-18.26,-1.071513278,295.425,0.3252472785,0.2589804238
1.694,-0.34,-0.68,-1.117593981,-28.77,-1.57421266,291.789,0.2589925618,0.8497391292
1.695,-0.57,-1.14,-1.904470183,-37.19,-1.924931849,289.733,0.2211620211,1.117797811
1.696,-0.73,-1.46,-2.466549287,-42.93,-2.140236312,287.468,0.1791738326,1.257761705
1.697,-0.85,-1.7,-2.89601698,-47.36,-2.294363738,284.721,0.1278042225,1.336689327
1.698,-0.91,-1.82,-3.113292801,-49.66,-2.370511976,280.803,0.05367249558,1.343767156
1.699,-0.94,-1.88,-3.222566205,-50.65,-2.402508268,273.874,-0.07999837389,1.298109802
1.7,-0.93,-1.86,-3.186094663,-50.44,-2.395759741,270.976,-0.1369110883,1.257997931
1.701,-0.89,-1.78,-3.040679233,-49.01,-2.349251248,269.515,-0.1658343045,1.208976462
1.702,-0.83,-1.66,-2.823968295,-47.28,-2.291668598,264.666,-0.262965661,1.105429588
1.703,-0.8,-1.6,-2.71624832,-46.13,-2.252573643,265.805,-0.239991137,1.089740311
1.704,-0.78,-1.56,-2.644670371,-45.61,-2.234677552,268.093,-0.1941364047,1.088873178
1.705,-0.77,-1.54,-2.608952007,-45.43,-2.228450748,269.801,-0.1601600796,1.09224658
1.706,-0.77,-1.54,-2.608952007,-45.3,-2.22394333,271.321,-0.1301039319,1.108283614
1.707,-0.77,-1.54,-2.608952007,-45.23,-2.221512679,273.86,-0.08027186431,1.133447531
1.708,-0.76,-1.52,-2.573280717,-44.99,-2.213159957,277.661,-0.006527901814,1.15929846
1.709,-0.73,-1.46,-2.466549287,-44.09,-2.181572641,280.77,0.05304372603,1.158804689
1.71,-0.68,-1.36,-2.289605043,-42.33,-2.118575954,284.974,0.1325560638,1.152861084
1.711,-0.61,-1.22,-2.043860193,-39.85,-2.02698052,289.993,0.2259608402,1.134835014
1.712,-0.52,-1.04,-1.731291827,-37.12,-1.922191812,293.302,0.2866619946,1.058551063
1.713,-0.45,-0.9,-1.49081922,-34.45,-1.815536867,295.291,0.3228200546,0.9987287659
1.714,-0.37,-0.74,-1.218817799,-31.72,-1.702058465,299.858,0.4049303483,0.9396279236
1.715,-0.29,-0.58,-0.9498290888,-28.92,-1.580847375,301.95,0.4421257498,0.8341187762
1.716,-0.22,-0.44,-0.7169353312,-26,-1.449046214,304.694,0.4905248112,0.7479596479
1.717,-0.13,-0.26,-0.4208897992,-22.82,-1.299007415,308.07,0.5494766516,0.5615377243
1.718,-0.05,-0.1,-0.16093922,-19.42,-1.130799456,311.268,0.604727426,0.3059262058
1.719,0.01,0.02,0.0320466232,-16.87,-0.9991717239,311.68,0.6118041012,-0.08272922496
1.72,0.02,0.04,0.0640461728,-16.58,-0.9838982539,310.739,0.5956273655,-0.1649522916
1.721,-0.03,-0.06,-0.0964223112,-18.65,-1.09155514,307.336,0.536714664,0.173783845
1.722,-0.12,-0.24,-0.3882312192,-22.24,-1.270890974,302.934,0.4595320778,0.4784950542
1.723,-0.23,-0.46,-0.7500646472,-26.38,-1.466517247,300.129,0.4097632867,0.7097817237
1.724,-0.33,-0.66,-1.083946855,-30.59,-1.653738882,298.301,0.3770783263,0.8490485985
1.725,-0.37,-0.74,-1.218817799,-32.07,-1.716862858,297.925,0.3703305486,0.9051530295
1.726,-0.25,-0.5,-0.8164645,-27.66,-1.524661514,298.131,0.3740285234,0.7095785593
1.727,0,0,0,-17.95,-1.055503049,299.018,0.3899222233,-0
1.728,0.11,0.22,0.3499238072,-12.63,-0.7695249792,299.395,0.3966632208,-0.9384813521
1.729,-0.02,-0.04,-0.0642344672,-17.91,-1.053432069,299.929,0.4061969646,0.09924441174
1.73,-0.24,-0.48,-0.7832410368,-26.86,-1.4884484,300.454,0.4155534944,0.7300258698
1.731,-0.36,-0.72,-1.185029453,-31.29,-1.683765736,301.319,0.4309338893,0.9458806911
1.732,-0.27,-0.54,-0.8830526472,-28.21,-1.549314217,303.133,0.4630453858,0.8129227513
1.733,-0.12,-0.24,-0.3882312192,-22.27,-1.272351038,305.111,0.4978417416,0.5012608898
1.734,-0.03,-0.06,-0.0964223112,-18.51,-1.084373424,308.267,0.5528966963,0.181423393
1.735,0.03,0.06,0.0959986488,-16.28,-0.9680320117,311.054,0.6010479802,-0.2615880816
1.736,0.04,0.08,0.1279040512,-15.66,-0.9350278181,313.395,0.641161452,-0.4352456285
1.737,0.02,0.04,0.0640461728,-16.3,-0.9690918569,310.93,0.5989148063,-0.1730149741
1.738,0,0,0,-17.04,-1.008096015,308.2,0.5517337792,-0
1.739,-0.02,-0.04,-0.0642344672,-17.9,-1.05291414,305.865,0.5110465223,0.1185427309
1.74,-0.07,-0.14,-0.2256444232,-19.99,-1.159573893,303.183,0.463927764,0.3243666771
1.741,-0.17,-0.34,-0.5519948552,-23.73,-1.342650085,299.983,0.4071601059,0.5900596134
1.742,-0.31,-0.62,-1.016793825,-29.12,-1.589671068,295.118,0.3196847703,0.8006336974
1.743,-0.44,-0.88,-1.456654285,-34.09,-1.800832412,289.622,0.2191119827,0.9209303095
1.744,-0.49,-0.98,-1.627949697,-36.04,-1.879555991,283.194,0.09903417883,0.9143104487
1.745,-0.43,-0.86,-1.422536423,-33.84,-1.790575003,278.558,0.01072772649,0.7992463408
1.746,-0.36,-0.72,-1.185029453,-31.31,-1.684619123,274.465,-0.06846590502,0.6759680413
1.747,-0.44,-0.88,-1.456654285,-34.41,-1.813906888,275.528,-0.04778543424,0.7824355653
1.748,-0.64,-1.28,-2.148896973,-41.99,-2.106216243,277.911,-0.001713044009,1.019435038
1.749,-0.79,-1.58,-2.680435809,-47.84,-2.310468255,280.502,0.04793461634,1.184705395
1.75,-0.76,-1.52,-2.573280717,-46.98,-2.281533561,283.639,0.1074343619,1.183607776
1.751,-0.57,-1.14,-1.904470183,-40.79,-2.062093908,287.173,0.1736808374,1.008502966
1.752,-0.37,-0.74,-1.218817799,-33.94,-1.7946825,291.481,0.2533423478,0.7907519942
1.753,-0.24,-0.48,-0.7832410368,-29.34,-1.599347375,295.797,0.3319797758,0.6180062024
1.754,-0.21,-0.42,-0.6838530888,-28.09,-1.543952303,299.88,0.4053228531,0.6005931859
1.755,-0.25,-0.5,-0.8164645,-29.83,-1.620787553,301.9,0.4412397682,0.6921843359
1.756,-0.32,-0.64,-1.050346803,-32.75,-1.745408904,304.516,0.4873984672,0.8349269392
1.757,-0.35,-0.7,-1.15128818,-33.88,-1.792218728,306.646,0.5246898765,0.9082934709
1.758,-0.26,-0.52,-0.8497350368,-30.84,-1.664498164,309.227,0.5695316891,0.7760374918
1.759,-0.06,-0.12,-0.1932682848,-23.05,-1.310092142,311.876,0.6151673918,0.2781139753
1.76,0.19,0.38,0.6008362552,-12.33,-0.752753048,314.357,0.6575587045,-6.311680221
1.761,0.37,0.74,1.154374041,-3.42,-0.2215873049,316.236,0.6894419628,2.467377467
1.762,0.41,0.82,1.275311199,-1.32,-0.08673051104,317.7,0.7141523876,2.032621505
1.763,0.35,0.7,1.09362302,-4.3,-0.2769736057,318.743,0.7316875164,2.405079313
1.764,0.27,0.54,0.8487359928,-7.82,-0.4920113549,319.851,0.7502526954,3.286600012
1.765,0.21,0.42,0.6630936312,-10.87,-0.6701212323,321.164,0.7721696858,6.497831258
1.766,0.12,0.24,0.3814526208,-15.18,-0.9092771192,322.612,0.7962364826,-3.374473394
1.767,-1.33226763e-14,-2.664535259e-14,-4.272276977e-14,-20.58,-1.189111962,323.101,0.8043396197,1.110338895e-13
1.768,-0.06,-0.12,-0.1932682848,-23.6,-1.336450457,324.084,0.8205917085,0.3746534986
1.769,0.02,0.04,0.0640461728,-20.47,-1.183623767,325.595,0.8454774277,-0.1894037148
1.77,0.22,0.44,0.6941517088,-11.64,-0.7139102482,327.051,0.8693482947,4.46577736
1.771,0.42,0.84,1.305427805,-1.2,-0.07890898373,327.971,0.8843768074,1.620707577
1.772,0.52,1.04,1.604004813,1.91,0.1282244698,328.578,0.8942692935,1.568718432
1.773,0.5,1,1.544666,1.47,0.09839736986,327.895,0.88313692,1.573725968
1.774,0.43,0.86,1.335497337,-0.23,-0.01522226044,326.513,0.86054028,1.579875628
1.775,0.36,0.72,1.124022067,-3.18,-0.2063673069,323.913,0.8177680843,1.838437419
1.776,0.26,0.52,0.8179132832,-7.42,-0.468092788,322.085,0.7874898911,2.5608037
1.777,0.09,0.18,0.2867249592,-13.77,-0.8326205898,319.966,0.7521759016,-3.56424974
1.778,-0.12,-0.24,-0.3882312192,-21.81,-1.249894007,317.925,0.7179399984,0.7298210244
1.779,-0.32,-0.64,-1.050346803,-29.38,-1.601103361,314.513,0.6602129892,1.116332822
1.78,-0.44,-0.88,-1.456654285,-33.79,-1.788518985,311.312,0.6054836341,1.231285509
1.781,-0.51,-1.02,-1.696797377,-36.37,-1.892655812,307.959,0.5475486579,1.261458889
1.782,-0.62,-1.24,-2.078825379,-40.74,-2.060238437,304.92,0.4944915838,1.327689323
1.783,-0.77,-1.54,-2.608952007,-46.16,-2.253601936,302.257,0.4475624632,1.444570867
1.784,-0.84,-1.68,-2.859969101,-48.86,-2.344316145,299.102,0.3914249318,1.464479476
1.785,-0.79,-1.58,-2.680435809,-47.06,-2.284240608,297.222,0.3576914804,1.391314538
1.786,-0.66,-1.32,-2.219156861,-42.94,-2.140595694,294.426,0.307125227,1.210358662
1.787,-0.58,-1.16,-1.939247075,-40.19,-2.039737475,291.43,0.2524061843,1.084995873
1.788,-0.56,-1.12,-1.869740365,-39.58,-2.016804215,287.544,0.180588064,1.018257226
1.789,-0.56,-1.12,-1.869740365,-39.67,-2.020200831,284.678,0.1269961776,0.9876060475
1.79,-0.58,-1.16,-1.939247075,-40.29,-2.043477333,280.944,0.05635822427,0.9759088252
1.791,-0.62,-1.24,-2.078825379,-41.74,-2.097088518,275.876,-0.04103248995,0.9722674123
1.792,-0.66,-1.32,-2.219156861,-43.48,-2.159923705,269.57,-0.1647426399,0.9546130633
1.793,-0.69,-1.38,-2.324899745,-44.57,-2.198471384,270.764,-0.141098337,0.9937296266
1.794,-0.69,-1.38,-2.324899745,-44.66,-2.201626598,270.868,-0.1390438055,0.9932623325
1.795,-0.68,-1.36,-2.289605043,-44.06,-2.18051249,274.337,-0.07096152279,1.01693603
1.796,-0.64,-1.28,-2.148896973,-42.89,-2.138798253,278.773,0.01485543536,1.011748977
1.797,-0.6,-1.2,-2.00894208,-41.49,-2.087927002,285.122,0.1353338416,1.028858505
1.798,-0.56,-1.12,-1.869740365,-40.29,-2.043477333,289.708,0.2207003693,1.025764754
1.799,-0.54,-1.08,-1.800421949,-39.6,-2.017559409,290.385,0.2331878554,1.008994985
1.8,-0.49,-0.98,-1.627949697,-37.94,-1.954112242,291.848,0.2600742273,0.9609877005
1.801,-0.34,-0.68,-1.117593981,-32.62,-1.739973613,295.864,0.3331914494,0.7944328624
1.802,-0.1,-0.2,-0.32305528,-23.71,-1.341697053,298.61,0.3826173435,0.3368388224
1.803,0.11,0.22,0.3499238072,-15.18,-0.9092771192,302.231,0.447102239,-0.7571242449
1.804,0.16,0.32,0.5070971392,-12.72,-0.7745428726,305.02,0.4962458548,-1.822143633
1.805,0.09,0.18,0.2867249592,-15.55,-0.9291420015,306.234,0.5174969502,-0.6965344496
1.806,0.04,0.08,0.1279040512,-17.98,-1.057055512,307.266,0.5354959892,-0.2452338526
1.807,0.03,0.06,0.0959986488,-18.39,-1.078206264,309.035,0.5662088259,-0.1874982991
1.808,0.06,0.12,0.1915736352,-16.98,-1.004948719,311.963,0.6166596038,-0.4933788447
1.809,0.11,0.22,0.3499238072,-14.72,-0.8844354223,311.445,0.6077687951,-1.264785025
1.81,0.14,0.28,0.4443690272,-13.25,-0.8039649764,311.613,0.6106539198,-2.298725355
1.811,0.13,0.26,0.4129343608,-13.73,-0.8304237177,310.395,0.5897014294,-1.715397289
1.812,0.06,0.12,0.1915736352,-16.79,-0.9949646151,309.564,0.5753590207,-0.4565564372
1.813,0.01,0.02,0.0320466232,-18.68,-1.093092217,307.304,0.53615759,-0.05754108592
1.814,0,0,0,-19.32,-1.125727111,303.906,0.4766707122,-0
1.815,-0.12,-0.24,-0.3882312192,-23.86,-1.348838081,300.537,0.4170312204,0.4166434437
1.816,-0.36,-0.72,-1.185029453,-33.69,-1.784402404,297.439,0.3615960582,0.8328817595
1.817,-0.6,-1.2,-2.00894208,-43.3,-2.153498153,295.733,0.3308221,1.102193709
1.818,-0.63,-1.26,-2.113837639,-44.27,-2.187923698,295.059,0.3186150912,1.130812554
1.819,-0.4,-0.8,-1.32046528,-36.68,-1.904903701,296.971,0.3531715683,0.8509621293
1.82,-0.1,-0.2,-0.32305528,-26.1,-1.453653211,298.861,0.3871124574,0.3029000803
1.821,0.1,0.2,0.31834792,-18.11,-1.063775206,301.094,0.4269374615,-0.4998885869
1.822,0.17,0.34,0.5383905848,-14.98,-0.8984961455,301.887,0.4410093889,-1.176844088
1.823,0.19,0.38,0.6008362552,-13.79,-0.8337185639,302.946,0.4597440009,-1.606623323
1.824,0.27,0.54,0.8487359928,-10.41,-0.6437372678,303.84,0.4755087135,-5.045136343
1.825,0.45,0.9,1.39549518,-0.88,-0.05799008367,304.95,0.4950179255,3.193149375
1.826,0.65,1.3,1.98511742,4.72,0.3228432436,306.027,0.5138793752,2.372491642
1.827,0.71,1.42,2.158332351,6.29,0.4347370739,306.92,0.5294681729,2.238457381
1.828,0.59,1.18,1.810207839,3.32,0.2249820134,308.739,0.5610820316,2.302875765
1.829,0.4,0.8,1.24514752,-2.97,-0.1930093327,309.354,0.5717284912,3.287785928
1.83,0.27,0.54,0.8487359928,-8.91,-0.5565261699,309.703,0.5777607312,39.96955625
1.831,0.23,0.46,0.7251627128,-10.91,-0.6724075418,307.619,0.5416387645,-5.545381151
1.832,0.17,0.34,0.5383905848,-13.53,-0.8194208608,302.76,0.4564582483,-1.483322431
1.833,0.07,0.14,0.2233378168,-18.2,-1.06842003,302.033,0.4435961554,-0.3574412341
1.834,-0.08,-0.16,-0.2580676352,-24.65,-1.386192984,302.421,0.4504645037,0.275793289
1.835,-0.18,-0.36,-0.5848888032,-28.97,-1.583055717,303.697,0.4729901838,0.5268957422
1.836,-0.19,-0.38,-0.6178298248,-29.69,-1.614677467,304.744,0.4914026692,0.5500255377
1.837,-0.17,-0.34,-0.5519948552,-28.66,-1.569337952,306.067,0.5145786142,0.5233372539
1.838,-0.1,-0.2,-0.32305528,-26.27,-1.461469761,307.324,0.5365057681,0.3492625471
1.839,-0.05,-0.1,-0.16093922,-24.19,-1.364493954,308.019,0.548590903,0.1972528719
1.84,0,0,0,-22.31,-1.27429681,309.148,0.5681647192,-0
1.841,0.06,0.12,0.1915736352,-19.85,-1.152528185,310.003,0.5829406072,-0.336337453
1.842,0.08,0.16,0.2550549248,-18.85,-1.101789922,310.28,0.5877189103,-0.4961472617
1.843,0.08,0.16,0.2550549248,-18.88,-1.103322625,309.606,0.5760848311,-0.4837569074
1.844,0.08,0.16,0.2550549248,-18.75,-1.096676176,307.987,0.5480350642,-0.4648848203
1.845,0.1,0.2,0.31834792,-18.09,-1.062742215,306.413,0.5206232204,-0.5872288617
1.846,0.15,0.3,0.47575662,-16.03,-0.9547586358,305.413,0.5031345724,-1.053435055
1.847,0.25,0.5,0.7870435,-11.56,-0.7093825356,305.319,0.5014876962,-3.785776994
1.848,0.38,0.76,1.184678941,-4.63,-0.297573958,306.187,0.5166757831,5.406978881
1.849,0.52,1.04,1.604004813,1.36,0.09096769082,307.734,0.5436384298,2.527559632
1.85,0.56,1.12,1.722117555,2.4,0.1616457535,309.85,0.5802994971,2.321084411
1.851,0.5,1,1.544666,0.94,0.06269922562,311.884,0.6153046241,2.2782555
1.852,0.42,0.84,1.305427805,-1.66,-0.1088233646,314.245,0.6556522517,2.387269282
1.853,0.37,0.74,1.154374041,-3.82,-0.2468446163,313.277,0.6391466819,2.942564269
1.854,0.36,0.72,1.124022067,-4.22,-0.2719656925,312.042,0.6180142404,3.248162936
1.855,0.3,0.6,0.94092168,-6.6,-0.4186480073,310.296,0.5879947831,5.556183019
1.856,0.08,0.16,0.2550549248,-15.19,-0.9098153711,308.131,0.5505358839,-0.7099067269
1.857,-0.18,-0.36,-0.5848888032,-24.91,-1.398393886,304.656,0.4898575428,0.6437703979
1.858,-0.38,-0.76,-1.252653219,-32.03,-1.715174777,299.588,0.400110898,0.9525417273
1.859,-0.52,-1.04,-1.731291827,-37.25,-1.927278198,293.583,0.2917851451,1.058574859
1.86,-0.65,-1.3,-2.18400338,-41.67,-2.094526705,287.283,0.1757297324,1.138214939
1.861,-0.8,-1.6,-2.71624832,-47.15,-2.287282234,282.355,0.08316056472,1.232349538
1.862,-0.91,-1.82,-3.113292801,-51.13,-2.417856159,277.546,-0.008744192347,1.282985391
1.863,-0.93,-1.86,-3.186094663,-51.93,-2.443199029,277.753,-0.004755530198,1.301533418
1.864,-0.98,-1.96,-3.368923107,-53.81,-2.501610653,278.739,0.01420289336,1.35439117
1.865,-1.12,-2.24,-3.887103539,-58.57,-2.642648004,281.51,0.06712568622,1.509248634
1.866,-1.23,-2.46,-4.300717927,-62.7,-2.757594673,284.819,0.1296453575,1.636530013
1.867,-1.21,-2.42,-4.225091649,-61.93,-2.736658373,286.617,0.1633125809,1.641867044
1.868,-1.02,-2.04,-3.516033187,-56.22,-2.574213526,289.37,0.2144549232,1.489996978
1.869,-0.76,-1.52,-2.573280717,-47.99,-2.315477691,291.146,0.2471900404,1.244159977
1.87,-0.54,-1.08,-1.800421949,-41.03,-2.0709811,294.477,0.3080518652,1.021267282
1.871,-0.43,-0.86,-1.422536423,-37.26,-1.927669054,296.538,0.3453652826,0.89902865
1.872,-0.41,-0.82,-1.354441921,-36.45,-1.895821927,299.376,0.396323692,0.9032634314
1.873,-0.45,-0.9,-1.49081922,-38.29,-1.96761948,300.555,0.4173516373,0.9616526762
1.874,-0.52,-1.04,-1.731291827,-41.09,-2.073197976,302.269,0.447774861,1.065133018
1.875,-0.55,-1.1,-1.83505762,-42.1,-2.11022177,303.223,0.4646335618,1.115137803
1.876,-0.43,-0.86,-1.422536423,-38.3,-1.968004376,303.62,0.4716335611,0.9506576909
1.877,-0.17,-0.34,-0.5519948552,-29.03,-1.585703598,302.745,0.4561931803,0.4887027569
1.878,0.14,0.28,0.4443690272,-16.69,-0.9896990223,303.725,0.4734834158,-0.8608205982
1.879,0.37,0.74,1.154374041,-5.85,-0.3729363483,305.449,0.5037651567,8.823546242
1.88,0.44,0.88,1.365519795,-2.27,-0.1482089132,306.976,0.530444234,3.572458433
1.881,0.36,0.72,1.124022067,-5.46,-0.3489809216,307.823,0.5451854839,5.728827374
1.882,0.23,0.46,0.7251627128,-11.32,-0.6957691206,308.004,0.5483303607,-4.918399431
1.883,0.13,0.26,0.4129343608,-16.13,-0.9600736144,308.798,0.5621043185,-1.037603567
1.884,0.1,0.2,0.31834792,-17.18,-1.015429303,311.289,0.6050883568,-0.7758131933
1.885,0.12,0.24,0.3814526208,-16.16,-0.961666644,312.768,0.6304471456,-1.151661127
1.886,0.13,0.26,0.4129343608,-15.76,-0.9403706388,313.923,0.6501674128,-1.42291444
1.887,0.11,0.22,0.3499238072,-16.66,-0.9881178902,315.342,0.67429608,-1.115039796
1.888,0.1,0.2,0.31834792,-17.19,-1.015952553,316.709,0.6974380777,-0.9994770876
1.889,0.15,0.3,0.47575662,-15.12,-0.9060460152,317.226,0.7061643686,-2.380191619
1.89,0.23,0.46,0.7251627128,-11.53,-0.7076833433,317.462,0.7101430166,294.8207489
1.891,0.28,0.56,0.8795116288,-8.94,-0.5582881546,316.938,0.7013050574,6.149704065
1.892,0.3,0.6,0.94092168,-8.12,-0.5098642897,316.519,0.6942275436,5.103629167
1.893,0.28,0.56,0.8795116288,-8.71,-0.5447609703,315.75,0.6812136143,6.445544791
1.894,0.25,0.5,0.7870435,-9.91,-0.6148676309,314.667,0.6628319536,16.40893595
1.895,0.22,0.44,0.6941517088,-11.35,-0.6974732837,312.933,0.6332687809,-10.81157363
1.896,0.14,0.28,0.4443690272,-14.54,-0.8746709042,309.879,0.5808001998,-1.51212428
1.897,-0.03,-0.06,-0.0964223112,-21.01,-1.210483013,306.455,0.5213564941,0.1399196064
1.898,-0.24,-0.48,-0.7832410368,-29.52,-1.607241227,302.354,0.4492791041,0.6763960766
1.899,-0.44,-0.88,-1.456654285,-37.29,-1.928841275,298.86,0.387094556,0.9448077733
1.9,-0.57,-1.14,-1.904470183,-42.07,-2.10913,295.631,0.3289765361,1.069834833
1.901,-0.62,-1.24,-2.078825379,-44.19,-2.185103088,294.7,0.3121017519,1.109889961
1.902,-0.65,-1.3,-2.18400338,-45.26,-2.222554694,292.981,0.2808035604,1.124759678
1.903,-0.65,-1.3,-2.18400338,-45.04,-2.214902545,292.89,0.2791415905,1.128240228
1.904,-0.59,-1.18,-1.974071041,-43.12,-2.147055498,291.268,0.2494314014,1.04028561
1.905,-0.5,-1,-1.66235,-40.4,-2.047584795,290.554,0.2363005748,0.9177742405
1.906,-0.46,-0.92,-1.525031229,-38.79,-1.986794726,291.163,0.2475024175,0.8768113452
1.907,-0.44,-0.88,-1.456654285,-38.31,-1.968389214,292.057,0.2639041313,0.8546007821
1.908,-0.39,-0.78,-1.286535713,-36.47,-1.896612871,293.808,0.2958837781,0.8037185795
1.909,-0.26,-0.52,-0.8497350368,-31.94,-1.711372967,294.419,0.3069980288,0.6050628032
1.91,-0.12,-0.24,-0.3882312192,-26.98,-1.493907299,293.62,0.2924593583,0.3231361143
1.911,-0.08,-0.16,-0.2580676352,-25.45,-1.42358781,294.874,0.3152596253,0.2328440608
1.912,-0.15,-0.3,-0.48634818,-28.33,-1.55466675,296.345,0.3418821332,0.4010177681
1.913,-0.25,-0.5,-0.8164645,-32.58,-1.738299124,298.791,0.3858592197,0.6036974341
1.914,-0.31,-0.62,-1.016793825,-34.85,-1.831783907,301.67,0.4371623619,0.7290822578
1.915,-0.29,-0.58,-0.9498290888,-34.24,-1.806968749,303.532,0.4700827139,0.7104787272
1.916,-0.22,-0.44,-0.7169353312,-31.64,-1.698663905,304.608,0.4890145585,0.5926802947
1.917,-0.1,-0.2,-0.32305528,-27.51,-1.517903665,303.626,0.4717392843,0.3087997317
1.918,0.01,0.02,0.0320466232,-22.96,-1.305759017,305.445,0.5036950955,-0.03995519851
1.919,0.1,0.2,0.31834792,-19.49,-1.134345791,308.431,0.5557421734,-0.5502003625
1.92,0.15,0.3,0.47575662,-17.4,-1.02692367,309.642,0.5767068759,-1.05672784
1.921,0.18,0.36,0.5696369568,-15.85,-0.945172734,308.9,0.5638712014,-1.493927792
1.922,0.24,0.48,0.7561266432,-13.4,-0.8122524512,309.548,0.5750824957,-3.188121537
1.923,0.34,0.68,1.063176899,-8.51,-0.5329633153,312.888,0.6324993916,10.68132219
1.924,0.46,0.92,1.425423491,-2.02,-0.1321062886,314.715,0.6636479922,2.681677621
1.925,0.54,1.08,1.663155331,1.01,0.06739971161,315.765,0.6814677651,2.220894061
1.926,0.54,1.08,1.663155331,1.19,0.07950673123,317.487,0.7105643102,2.105070613
1.927,0.52,1.04,1.604004813,0.49,0.03258588131,319.323,0.7414137856,2.072358531
1.928,0.51,1.02,1.574358943,0.25,0.01659890551,321.653,0.780309329,1.975583731
1.929,0.54,1.08,1.663155331,1.07,0.07143217463,323.487,0.8107273047,1.885322745
1.93,0.59,1.18,1.810207839,2.34,0.1575417291,324.796,0.832332559,1.828724982
1.931,0.64,1.28,1.956083507,3.61,0.245106061,325.915,0.8507329115,1.785009984
1.932,0.68,1.36,2.071936717,4.63,0.3164980837,326.773,0.864798752,1.753950958
1.933,0.7,1.4,2.12958088,5.08,0.3482985823,327.193,0.8716706698,1.745602093
1.934,0.71,1.42,2.158332351,5.34,0.3667574801,328.374,0.8909466762,1.716089066
1.935,0.74,1.48,2.244304323,6.17,0.4261037932,327.471,0.876214375,1.723314915
1.936,0.8,1.6,2.41497728,7.6,0.5298619186,326.59,0.8618017962,1.735316696
1.937,0.85,1.7,2.55591022,8.92,0.6273534251,323.693,0.8141331579,1.773107187
1.938,0.84,1.68,2.527817779,8.67,0.6087618467,319.735,0.748312065,1.862697203
1.939,0.69,1.38,2.100782335,5.02,0.3440477163,315.679,0.6800104704,2.051428681
1.94,0.37,0.74,1.154374041,-5.25,-0.336029081,310.115,0.5848731427,4.638945504
1.941,-0.05,-0.1,-0.16093922,-22.2,-1.268943242,303.457,0.4687606141,0.2011281106
1.942,-0.43,-0.86,-1.422536423,-36.71,-1.906086008,295.484,0.3263156325,0.9004703753
1.943,-0.66,-1.32,-2.219156861,-45.15,-2.218731721,288.117,0.1912386066,1.094532378
1.944,-0.7,-1.4,-2.36024152,-46.8,-2.275431052,284.197,0.1179490209,1.093979688
1.945,-0.62,-1.24,-2.078825379,-44.02,-2.179098226,281.779,0.07223549702,0.9866923702
1.946,-0.46,-0.92,-1.525031229,-38.97,-1.993663194,277.863,-0.002637160649,0.7639287471
1.947,-0.3,-0.6,-0.98328792,-33.33,-1.769532425,274.962,-0.05878690954,0.5378097257
1.948,-0.19,-0.38,-0.6178298248,-29.51,-1.606803225,274.887,-0.06024640115,0.3706127371
1.949,-0.16,-0.32,-0.5191479808,-28.33,-1.55466675,276.991,-0.01945312968,0.3298020612
1.95,-0.17,-0.34,-0.5519948552,-28.73,-1.572440945,277.492,-0.009785202155,0.3488722874
1.951,-0.19,-0.38,-0.6178298248,-29.68,-1.614240553,277.924,-0.001462789887,0.3823906334
1.952,-0.22,-0.44,-0.7169353312,-30.83,-1.66406855,281.307,0.06326634989,0.4478600363
1.953,-0.25,-0.5,-0.8164645,-31.88,-1.708835633,281.412,0.06526290592,0.4967620153
1.954,-0.26,-0.52,-0.8497350368,-32.57,-1.737880348,282.333,0.08274369735,0.5133926776
1.955,-0.26,-0.52,-0.8497350368,-32.55,-1.737042611,286.681,0.1645070732,0.5403598306
1.956,-0.24,-0.48,-0.7832410368,-31.52,-1.693564582,289.178,0.2109039645,0.5282672429
1.957,-0.17,-0.34,-0.5519948552,-29.21,-1.59363332,289.354,0.2141591,0.4001487286
1.958,-0.1,-0.2,-0.32305528,-26.71,-1.481611357,293.98,0.2990148391,0.2731745571
1.959,-0.09,-0.18,-0.2905379208,-26.06,-1.451811216,295.323,0.3233997902,0.2574751675
1.96,-0.15,-0.3,-0.48634818,-28.47,-1.560899531,297.083,0.3551888933,0.4033705639
1.961,-0.24,-0.48,-0.7832410368,-32.57,-1.737880348,297.702,0.3663245178,0.5710602657
1.962,-0.31,-0.62,-1.016793825,-35.52,-1.858783927,299.898,0.4056439719,0.6997218826
1.963,-0.32,-0.64,-1.050346803,-35.96,-1.876370655,303.705,0.4731311118,0.7485156817
1.964,-0.29,-0.58,-0.9498290888,-34.92,-1.834617301,307.715,0.5433081018,0.7355551166
1.965,-0.26,-0.52,-0.8497350368,-33.75,-1.78687308,311.765,0.6132629308,0.7240351809
1.966,-0.25,-0.5,-0.8164645,-33.32,-1.769118245,315.436,0.6758906188,0.7468385181
1.967,-0.24,-0.48,-0.7832410368,-33,-1.755832221,317.033,0.7029084431,0.7438724942
1.968,-0.2,-0.4,-0.65081792,-31.73,-1.702482505,318.706,0.7310664471,0.6699682538
1.969,-0.13,-0.26,-0.4208897992,-28.85,-1.577752985,319.914,0.7513063635,0.5092764475
1.97,-0.02,-0.04,-0.0642344672,-24.98,-1.401670901,321.329,0.7749175758,0.1024876369
1.971,0.05,0.1,0.15976238,-22,-1.259187749,323.988,0.8190066994,-0.362946974
1.972,0.11,0.22,0.3499238072,-19.44,-1.131813056,326.846,0.8659937907,-1.316397466
1.973,0.24,0.48,0.7561266432,-13.84,-0.8364621522,329.51,0.9094229001,10.36347166
1.974,0.45,0.9,1.39549518,-3.83,-0.2474743014,331.48,0.9413130383,2.011267325
1.975,0.65,1.3,1.98511742,3.43,0.2326062531,333.063,0.9668014296,1.655081461
1.976,0.74,1.48,2.244304323,5.67,0.3902762999,335.493,1.005692883,1.607703344
1.977,0.64,1.28,1.956083507,3.29,0.2229045868,338.383,1.051581429,1.53480186
1.978,0.49,0.98,1.514925983,-1.6,-0.104931936,341.223,1.096295832,1.528123012
1.979,0.41,0.82,1.275311199,-5.8,-0.3698722461,342.704,1.119466031,1.70133641
1.98,0.48,0.96,1.485138893,-1.96,-0.1282336076,344.195,1.142691753,1.463972565
1.981,0.67,1.34,2.043044025,3.79,0.2576354299,344.924,1.154010992,1.447277443
1.982,0.78,1.56,2.358274589,6.61,0.4578249719,345.359,1.16075388,1.457003214
1.983,0.67,1.34,2.043044025,4.02,0.2736882735,344.228,1.143204664,1.441918419
1.984,0.43,0.86,1.335497337,-4.06,-0.2619335767,343.05,1.124864761,1.547629013
1.985,0.19,0.38,0.6008362552,-15.16,-0.908200388,340.269,1.081317217,3.470698142
1.986,0.08,0.16,0.2550549248,-20.14,-1.167107229,335.766,1.010044557,-1.623905418
1.987,0.11,0.22,0.3499238072,-18.87,-1.102811797,330.095,0.918912673,-1.902803012
1.988,0.22,0.44,0.6941517088,-14.34,-0.8637924207,322.925,0.8014245667,-11.12995981
1.989,0.34,0.68,1.063176899,-8.58,-0.5370961905,318.615,0.7295386456,5.524648388
1.99,0.4,0.8,1.24514752,-5.19,-0.3323217565,315.48,0.6766368354,3.616302614
1.991,0.38,0.76,1.184678941,-6.18,-0.3931071275,315.234,0.6724634698,4.240744746
1.992,0.32,0.64,1.002143437,-8.94,-0.5582881546,313.205,0.6379169578,12.58518773
1.993,0.27,0.54,0.8487359928,-10.97,-0.6758346262,311.835,0.6144640212,-13.82968269
1.994,0.24,0.48,0.7561266432,-12.17,-0.7437792651,313.187,0.6376094826,-7.121862976
1.995,0.21,0.42,0.6630936312,-13.73,-0.8304237177,312.595,0.6274871047,-3.267491368
1.996,0.18,0.36,0.5696369568,-15.08,-0.9038904282,311.128,0.6023205982,-1.888905653
1.997,0.18,0.36,0.5696369568,-14.78,-0.8876847721,308.393,0.5550829902,-1.712669588
1.998,0.21,0.42,0.6630936312,-13.41,-0.8128043309,304.486,0.4868713753,-2.034447944
1.999,0.2,0.4,0.63198848,-14.12,-0.8517907325,302.563,0.4529759751,-1.584666736
2,0.1,0.2,0.31834792,-18.14,-1.065324141,301.224,0.4292468728,-0.5004862395
2.001,-0.01,-0.02,-0.0320936968,-22.83,-1.299490124,300.992,0.4251247636,0.03670513294
2.002,-0.1,-0.2,-0.32305528,-26.42,-1.468350696,300.659,0.4192025589,0.3079215114
2.003,-0.17,-0.34,-0.5519948552,-29.35,-1.599786467,300.715,0.4201989439,0.4679558271
2.004,-0.24,-0.48,-0.7832410368,-32.48,-1.734108591,300.696,0.4198609055,0.5959615112
2.005,-0.33,-0.66,-1.083946855,-36.07,-1.880749522,301.208,0.4289626913,0.7466294859
2.006,-0.32,-0.64,-1.050346803,-35.56,-1.860387443,302.221,0.4469252191,0.7431021401
2.007,-0.1,-0.2,-0.32305528,-27.74,-1.528259664,303.911,0.4767587321,0.3072325191
2.008,0.2,0.4,0.63198848,-15.92,-0.9489034806,305.814,0.5101543877,-1.440432562
2.009,0.34,0.68,1.063176899,-8.99,-0.5612231769,309.495,0.5741664042,82.14156106
2.01,0.28,0.56,0.8795116288,-12.34,-0.7533132446,312.968,0.6338671183,-7.363249491
2.011,0.12,0.24,0.3814526208,-19.56,-1.137888583,315.748,0.6811797267,-0.8352205469
2.012,0.08,0.16,0.2550549248,-21.52,-1.235659803,316.574,0.6951571069,-0.4718846489
2.013,0.18,0.36,0.5696369568,-17.33,-1.023270261,315.767,0.6815016509,-1.666732811
2.014,0.33,0.66,1.032683705,-10.81,-0.6666893869,316.181,0.6885114059,47.32301364
2.015,0.47,0.94,1.455304729,-3.7,-0.2392817514,319.3,0.7410284253,2.900477083
2.016,0.58,1.16,1.780891485,1.29,0.0862453457,322.546,0.795141867,2.020555165
2.017,0.63,1.26,1.927002521,2.46,0.1657530267,325.749,0.8480072737,1.900846305
2.018,0.63,1.26,1.927002521,2.58,0.1739773267,328.423,0.8917449442,1.808165761
2.019,0.69,1.38,2.100782335,3.93,0.2674009624,329.992,0.9172430446,1.773344839
2.02,0.81,1.62,2.443258015,7.06,0.4904547193,332.104,0.9513747666,1.694554064
2.021,0.91,1.82,2.723476319,9.69,0.6849914265,334.85,0.9954293282,1.620710951
2.022,0.88,1.76,2.639905101,8.98,0.6318242889,338.77,1.057696591,1.562517003
2.023,0.72,1.44,2.187036749,5.12,0.3511343416,343.96,1.13903778,1.46764036
2.024,0.54,1.08,1.663155331,0.5,0.03325311302,347.561,1.194757054,1.354349806
2.025,0.41,0.82,1.275311199,-4.95,-0.317462192,347.785,1.198203971,1.447996711
2.026,0.35,0.7,1.09362302,-7.19,-0.4542800947,347.923,1.200326413,1.465891585
2.027,0.37,0.74,1.154374041,-6.6,-0.4186480073,346.467,1.177890573,1.520428506
2.028,0.37,0.74,1.154374041,-6.64,-0.4210728386,346.343,1.175975474,1.529169441
2.029,0.31,0.62,0.9715560952,-8.88,-0.5547634564,346.692,1.181363803,1.550519563
2.03,0.27,0.54,0.8487359928,-10.84,-0.6684056668,347.261,1.190137165,1.626767783
2.031,0.27,0.54,0.8487359928,-10.56,-0.6523592365,346.219,1.174059689,1.626864591
2.032,0.26,0.52,0.8179132832,-10.88,-0.6706929287,343.907,1.138213347,1.749470721
2.033,0.13,0.26,0.4129343608,-16.39,-0.9738574527,340.362,1.082779242,3.791108855
2.034,-0.06,-0.12,-0.1932682848,-24.43,-1.375833207,336.625,1.02371414,0.5488719667
2.035,-0.09,-0.18,-0.2905379208,-25.55,-1.42823174,331.786,0.9462495196,0.6027980052
2.036,0.06,0.12,0.1915736352,-19.78,-1.14900004,326.04,0.8527844335,-0.6467371431
2.037,0.11,0.22,0.3499238072,-17.5,-1.032136534,323.57,0.8120998268,-1.590297416
2.038,-0.06,-0.12,-0.1932682848,-24.42,-1.375361524,321.816,0.7830197938,0.326278354
2.039,-0.25,-0.5,-0.8164645,-32.44,-1.732430652,321.764,0.7821552548,0.8591872444
2.04,-0.2,-0.4,-0.65081792,-30.38,-1.644670562,321.519,0.7780800653,0.7510097587
2.041,0.1,0.2,0.31834792,-18.99,-1.108936933,320.505,0.761180683,-0.9154340715
2.042,0.35,0.7,1.09362302,-7.39,-0.4662936004,318.777,0.7322581652,4.111912506
2.043,0.38,0.76,1.184678941,-5.83,-0.3717109579,316.57,0.6950895077,3.663443174
2.044,0.22,0.44,0.6941517088,-12.02,-0.7353481389,314.745,0.6641579531,-9.750665788
2.045,-0.02,-0.04,-0.0642344672,-20.49,-1.184622264,313.711,0.6465532044,0.1193795965
2.046,-0.21,-0.42,-0.6838530888,-27.3,-1.508417823,313.779,0.6477127448,0.7945266105
2.047,-0.3,-0.6,-0.98328792,-30.47,-1.648560403,315.788,0.6818574394,1.017156208
2.048,-0.29,-0.58,-0.9498290888,-30.26,-1.639476122,318.036,0.7198075657,1.032795002
2.049,-0.26,-0.52,-0.8497350368,-29.26,-1.595832319,320.317,0.7580415897,1.014256911
2.05,-0.29,-0.58,-0.9498290888,-30.29,-1.640775588,322.753,0.7985742295,1.127793346
2.051,-0.41,-0.82,-1.354441921,-34.4,-1.813499243,324.661,0.8301083932,1.377318002
2.052,-0.58,-1.16,-1.939247075,-40.47,-2.050195159,326.565,0.8613922456,1.631260365
2.053,-0.71,-1.42,-2.395630369,-44.93,-2.211067154,327.783,0.8813091936,1.801553696
2.054,-0.67,-1.34,-2.254357415,-43.81,-2.171659624,329.102,0.9027944139,1.776672098
2.055,-0.48,-0.96,-1.593596467,-37.36,-1.93157444,328.054,0.8857305668,1.523742223
2.056,-0.27,-0.54,-0.8830526472,-29.88,-1.622966693,327.035,0.8690865554,1.171343563
2.057,-0.17,-0.34,-0.5519948552,-26.37,-1.466058718,322.954,0.8019049972,0.831125142
2.058,-0.21,-0.42,-0.6838530888,-27.66,-1.524661514,319.21,0.7395202265,0.8709936661
2.059,-0.29,-0.58,-0.9498290888,-30.48,-1.648992291,316.059,0.6864466836,0.9867886591
2.06,-0.35,-0.7,-1.15128818,-32.59,-1.738717839,312.254,0.6216477733,1.030632022
2.061,-0.37,-0.74,-1.218817799,-33.42,-1.773257312,308.702,0.5604408367,1.004948254
2.062,-0.34,-0.68,-1.117593981,-32.49,-1.734527922,304.158,0.481105114,0.8916336722
2.063,-0.29,-0.58,-0.9498290888,-30.61,-1.654601076,297.852,0.3690194876,0.738832212
2.064,-0.29,-0.58,-0.9498290888,-30.36,-1.643805456,291.554,0.2546820616,0.6837614947
2.065,-0.38,-0.76,-1.252653219,-33.77,-1.787696154,287.998,0.1890284576,0.7835607251
2.066,-0.57,-1.14,-1.904470183,-40.44,-2.049076763,284.979,0.1326499311,0.993760968
2.067,-0.79,-1.58,-2.680435809,-48.08,-2.318478066,283.593,0.1065666394,1.211818781
2.068,-0.99,-1.98,-3.405630017,-54.93,-2.535663524,281.367,0.06440733028,1.378096705
2.069,-1.14,-2.28,-3.961882493,-60.18,-2.688242787,280.908,0.05567263447,1.504948497
2.07,-1.23,-2.46,-4.300717927,-63.42,-2.77697356,280.273,0.04356512744,1.573390159
2.071,-1.27,-2.54,-4.452535367,-64.95,-2.817532817,280.91,0.05571072509,1.61217313
2.072,-1.26,-2.52,-4.414510397,-64.49,-2.805426099,281.823,0.07307083828,1.615642907
2.073,-1.17,-2.34,-4.074403975,-61.8,-2.73310183,283.438,0.1036417551,1.549521141
2.074,-1,-2,-3.442384,-56.63,-2.586317967,284.996,0.1329690679,1.40313675
2.075,-0.75,-1.5,-2.5376565,-48.74,-2.340360252,286.895,0.1684992209,1.168424896
2.076,-0.49,-0.98,-1.627949697,-40.42,-2.048330889,288.908,0.2059064378,0.8835910181
2.077,-0.34,-0.68,-1.117593981,-35.25,-1.847935408,290.671,0.2384544739,0.6943816215
2.078,-0.33,-0.66,-1.083946855,-34.95,-1.835830718,292.433,0.270787398,0.6925986272
2.079,-0.45,-0.9,-1.49081922,-39.49,-2.013403076,293.976,0.2989420445,0.8695556171
2.08,-0.62,-1.24,-2.078825379,-45.8,-2.241232402,295.583,0.3281078152,1.086612651
2.081,-0.75,-1.5,-2.5376565,-50.68,-2.403470658,297.254,0.3582674498,1.240784529
2.082,-0.82,-1.64,-2.788014563,-53.5,-2.492087893,298.598,0.3824023431,1.321530862
2.083,-0.85,-1.7,-2.89601698,-54.62,-2.526292969,300.177,0.4106188504,1.368838875
2.084,-0.83,-1.66,-2.823968295,-54,-2.507426187,301.862,0.440566324,1.366308546
2.085,-0.75,-1.5,-2.5376565,-51.44,-2.427711506,304.104,0.4801551944,1.302995186
2.086,-0.6,-1.2,-2.00894208,-46.64,-2.269993025,306.722,0.5260156711,1.151931288
2.087,-0.41,-0.82,-1.354441921,-40.35,-2.045718595,309.365,0.5719187229,0.9190134605
2.088,-0.23,-0.46,-0.7500646472,-34.45,-1.815536867,312.587,0.6273501846,0.6312683505
2.089,-0.1,-0.2,-0.32305528,-29.71,-1.615551103,316.284,0.6902539529,0.3491367933
2.09,0.02,0.04,0.0640461728,-25.11,-1.407747973,320.661,0.763784065,-0.09945615283
2.091,0.17,0.34,0.5383905848,-19.11,-1.115051599,323.611,0.8127776897,-1.781134821
2.092,0.37,0.74,1.154374041,-10.31,-0.6379793222,326.988,0.8683176222,5.011646092
2.093,0.58,1.16,1.780891485,0.49,0.03258588131,329.487,0.9090494538,1.891275124
2.094,0.78,1.56,2.358274589,5.57,0.3831387118,332.157,0.9522284973,1.766012055
2.095,0.86,1.72,2.583955587,7.59,0.5291296552,334.447,0.9889865972,1.702080182
2.096,0.65,1.3,1.98511742,2.26,0.1520747473,336.483,1.02145685,1.691575603
2.097,0.23,0.46,0.7251627128,-14.17,-0.8545216457,337.36,1.035382802,4.009499478
2.098,-0.17,-0.34,-0.5519948552,-30.12,-1.633404388,337.98,1.045206005,0.9384501402
2.099,-0.34,-0.68,-1.117593981,-36.86,-1.911989692,337.676,1.040391721,1.282235638
2.1,-0.26,-0.52,-0.8497350368,-34.04,-1.798783951,336.98,1.029353202,1.104368441
2.101,-0.11,-0.22,-0.3556197128,-28.71,-1.571554699,334.327,0.9870666661,0.6084294162
2.102,-0.01,-0.02,-0.0320936968,-24.8,-1.393237573,330.8,0.9303267446,0.06933019244
2.103,0.07,0.14,0.2233378168,-21.85,-1.251852694,328.916,0.8997698765,-0.63433319
2.104,0.11,0.22,0.3499238072,-20.08,-1.164095834,327.257,0.8727170447,-1.200924089
2.105,0.12,0.24,0.3814526208,-19.66,-1.142943575,326.288,0.8568523259,-1.333325022
2.106,0.1,0.2,0.31834792,-20.64,-1.192101881,326.032,0.8526531597,-0.9378380304
2.107,0.05,0.1,0.15976238,-22.44,-1.280612836,327.434,0.8756098598,-0.3944721136
2.108,0.03,0.06,0.0959986488,-23.51,-1.332151583,328.543,0.8936993832,-0.2189489499
2.109,0.05,0.1,0.15976238,-22.7,-1.293209475,329.75,0.9133181768,-0.4205476163
2.11,0.11,0.22,0.3499238072,-20.3,-1.17512499,331.973,0.9492640174,-1.549288499
2.111,0.15,0.3,0.47575662,-18.5,-1.083859896,333.231,0.9694993378,-4.160146004
2.112,0.12,0.24,0.3814526208,-19.73,-1.146477775,334.03,0.9823118715,-2.323580067
2.113,0.01,0.02,0.0320466232,-24.51,-1.379604216,333.586,0.9751958038,-0.07924321601
2.114,-0.15,-0.3,-0.48634818,-31.04,-1.673077235,332.782,0.9622858138,0.6842347359
2.115,-0.27,-0.54,-0.8830526472,-36,-1.877963793,329.359,0.9069706675,0.9094324398
2.116,-0.31,-0.62,-1.016793825,-37.55,-1.938978796,326.416,0.8589506738,0.9414512493
2.117,-0.27,-0.54,-0.8830526472,-36.27,-1.888692906,324.803,0.8324478609,0.8360300965
2.118,-0.2,-0.4,-0.65081792,-33.76,-1.787284647,323.565,0.8120171547,0.6673224782
2.119,-0.14,-0.28,-0.4535954528,-31.58,-1.696115367,323.688,0.8140505173,0.5142427488
2.12,-0.1,-0.2,-0.32305528,-30.24,-1.638609494,324.342,0.8248490951,0.3969906628
2.121,-0.08,-0.16,-0.2580676352,-29.51,-1.606803225,326.385,0.8584425557,0.3448439313
2.122,-0.06,-0.12,-0.1932682848,-28.92,-1.580847375,328.653,0.8954903254,0.2819964933
2.123,-0.04,-0.08,-0.1286572288,-28.05,-1.542162911,331.572,0.942797688,0.2146558124
2.124,-0.01,-0.02,-0.0320936968,-26.93,-1.491633917,334.387,0.9880267177,0.06372763706
2.125,0.03,0.06,0.0959986488,-25.55,-1.42823174,336.811,1.026669432,-0.2390628977
2.126,0.08,0.16,0.2550549248,-23.34,-1.324016234,339.898,1.075480855,-1.026231864
2.127,0.18,0.36,0.5696369568,-19.44,-1.131813056,343.089,1.125472946,-89.84654949
2.128,0.32,0.64,1.002143437,-13.13,-0.7973224563,346.001,1.170689951,2.684067177
2.129,0.49,0.98,1.514925983,-4.96,-0.3180823083,348.647,1.211447769,1.695751683
2.13,0.62,1.24,1.897874461,1.16,0.07748688771,351.373,1.253115646,1.426327105
2.131,0.7,1.4,2.12958088,3.04,0.2056245185,353.297,1.282330529,1.431213184
2.132,0.72,1.44,2.187036749,3.69,0.2506710171,354.518,1.300788336,1.409664226
2.133,0.72,1.44,2.187036749,3.68,0.2499750781,354.926,1.306941888,1.404722793
2.134,0.71,1.42,2.158332351,3.47,0.235381436,354.377,1.298660094,1.406958227
2.135,0.7,1.4,2.12958088,3.05,0.2063146311,353.92,1.291756351,1.421548715
2.136,0.67,1.34,2.043044025,2.41,0.1623300733,354.19,1.295836226,1.401104954
2.137,0.63,1.26,1.927002521,1.43,0.0956944162,355.268,1.312094565,1.368814891
2.138,0.57,1.14,1.751528057,-0.14,-0.00927127891,355.722,1.318927011,1.337395786
2.139,0.49,0.98,1.514925983,-3.54,-0.2291788342,354.281,1.297210594,1.418427841
2.14,0.39,0.78,1.214936767,-7.65,-0.4818619997,353.87,1.291000477,1.501518963
2.141,0.26,0.52,0.8179132832,-12.79,-0.7784413185,348.263,1.205552029,1.914991275
2.142,0.08,0.16,0.2550549248,-19.51,-1.135358379,342.236,1.112155025,-10.99215773
2.143,-0.13,-0.26,-0.4208897992,-27.44,-1.514744942,334.852,0.9954612827,0.8105200147
2.144,-0.34,-0.68,-1.117593981,-35.01,-1.838255943,324.522,0.8278173597,1.106048403
2.145,-0.5,-1,-1.66235,-40.85,-2.064318663,317.647,0.7132598045,1.230405315
2.146,-0.6,-1.2,-2.00894208,-44.47,-2.194960674,308.504,0.5570082711,1.226496006
2.147,-0.64,-1.28,-2.148896973,-46.18,-2.254287212,298.305,0.3771500655,1.14477356
2.148,-0.65,-1.3,-2.18400338,-46.28,-2.257710568,287.718,0.1838245024,1.05309709
2.149,-0.63,-1.26,-2.113837639,-45.74,-2.239164431,278.343,0.006596830489,0.946819097
2.15,-0.66,-1.32,-2.219156861,-46.79,-2.27509155,273.311,-0.09100763424,0.937896803
2.151,-0.77,-1.54,-2.608952007,-50.87,-2.409556037,271.859,-0.1195059682,1.031588787
2.152,-0.93,-1.86,-3.186094663,-56.81,-2.591609851,268.672,-0.1825944778,1.14847152
2.153,-1.07,-2.14,-3.700979943,-61.9,-2.735838196,272.755,-0.1019022918,1.304199577
2.154,-1.12,-2.24,-3.887103539,-63.67,-2.783658179,272.546,-0.1060033297,1.345176079
2.155,-1.08,-2.16,-3.738110515,-62.49,-2.751906617,272.548,-0.1059640705,1.308005478
2.156,-1.03,-2.06,-3.552928391,-60.92,-2.708858671,272.041,-0.1159255305,1.257769846
2.157,-1.02,-2.04,-3.516033187,-60.69,-2.702473674,275.621,-0.04597993336,1.279276891
2.158,-1.03,-2.06,-3.552928391,-61.05,-2.712458604,283.119,0.09761711794,1.358754789
2.159,-0.99,-1.98,-3.405630017,-59.78,-2.677010475,285.585,0.14401448,1.344506673
2.16,-0.89,-1.78,-3.040679233,-56.57,-2.584550994,288.296,0.1945613979,1.272256263
2.161,-0.78,-1.56,-2.644670371,-53.35,-2.487464795,290.726,0.239466691,1.176455784
2.162,-0.72,-1.44,-2.431066291,-51.44,-2.427711506,294.589,0.3100862722,1.148015358
2.163,-0.66,-1.32,-2.219156861,-49.58,-2.367906163,298.259,0.3763250073,1.114268858
2.164,-0.57,-1.14,-1.904470183,-46.55,-2.266928506,303.07,0.4619333821,1.055110985
2.165,-0.47,-0.94,-1.559290311,-43.33,-2.154570265,306.395,0.5203089295,0.9541254373
2.166,-0.41,-0.82,-1.354441921,-41.19,-2.076888401,309.382,0.5722127042,0.900155378
2.167,-0.35,-0.7,-1.15128818,-39.49,-2.013403076,312.162,0.6200712602,0.8262842829
2.168,-0.28,-0.56,-0.9164173312,-37.01,-1.917880312,314.846,0.6658744644,0.7319593062
2.169,-0.19,-0.38,-0.6178298248,-33.88,-1.792218728,317.654,0.7133777013,0.5726792081
2.17,-0.11,-0.22,-0.3556197128,-31.16,-1.678212608,320.138,0.7550510594,0.3852193727
2.171,-0.06,-0.12,-0.1932682848,-29.05,-1.586585709,321.992,0.7859448895,0.2413919951
2.172,0,0,0,-26.92,-1.491179042,323.987,0.8189901864,-0
2.173,0.06,0.12,0.1915736352,-24.51,-1.379604216,325.83,0.8493374271,-0.3612778304
2.174,0.13,0.26,0.4129343608,-22.02,-1.260164562,327.721,0.8802971479,-1.087048654
2.175,0.19,0.38,0.6008362552,-19.4,-1.129785566,328.338,0.8903601177,-2.509492035
2.176,0.26,0.52,0.8179132832,-16.27,-0.9675019767,331.31,0.9385685792,-28.26882953
2.177,0.35,0.7,1.09362302,-12.15,-0.7426561335,334.545,0.99055403,4.411586526
2.178,0.44,0.88,1.365519795,-7.83,-0.4926076386,337.737,1.041358092,2.488416703
2.179,0.49,0.98,1.514925983,-5.3,-0.3391162088,340.001,1.077101831,2.052785226
2.18,0.48,0.96,1.485138893,-5.8,-0.3698722461,341.676,1.103393662,2.02467012
2.181,0.45,0.9,1.39549518,-7.54,-0.4752821432,342.101,1.110044223,2.198453917
2.182,0.46,0.92,1.425423491,-6.77,-0.4289443897,342.259,1.11251456,2.085262865
2.183,0.53,1.06,1.633603609,-2.97,-0.1930093327,341.555,1.101498695,1.798153811
2.184,0.57,1.14,1.751528057,-0.7,-0.04618381899,342.047,1.109199668,1.647697029
2.185,0.5,1,1.544666,-4.04,-0.2606780338,342.325,1.113546135,1.811142892
2.186,0.35,0.7,1.09362302,-10.82,-0.6672615596,342.946,1.123242594,2.39839585
2.187,0.24,0.48,0.7561266432,-15.64,-0.9339583489,339.665,1.071812174,5.484988491
2.188,0.2,0.4,0.63198848,-17.13,-1.012811942,336.217,1.017225841,143.1814718
2.189,0.15,0.3,0.47575662,-19.35,-1.127249575,331.25,0.9375996103,-2.508603791
2.19,0.03,0.06,0.0959986488,-24.58,-1.382900269,326.632,0.8624897706,-0.1844671639
2.191,-0.1,-0.2,-0.32305528,-29.82,-1.620351533,323.316,0.8078984681,0.3976294679
2.192,-0.14,-0.28,-0.4535954528,-31.28,-1.683338948,323.758,0.8152073705,0.5224962027
2.193,-0.08,-0.16,-0.2580676352,-29.44,-1.603735414,320.312,0.757958078,0.3051247937
2.194,-0.04,-0.08,-0.1286572288,-27.84,-1.532751452,316.08,0.6868021434,0.1520862155
2.195,-0.06,-0.12,-0.1932682848,-28.52,-1.563122439,314.214,0.6551244528,0.212851006
2.196,-0.11,-0.22,-0.3556197128,-30.63,-1.655463018,312.334,0.6230182768,0.3444443064
2.197,-0.16,-0.32,-0.5191479808,-32.87,-1.75041688,311.562,0.6097782428,0.4551379937
2.198,-0.2,-0.4,-0.65081792,-34.38,-1.812683774,311.026,0.6005663701,0.5369264711
2.199,-0.21,-0.42,-0.6838530888,-34.75,-1.827731124,311.409,0.6071503516,0.5602686067
2.2,-0.17,-0.34,-0.5519948552,-33.62,-1.781517189,311.885,0.6153217779,0.4733296411
2.201,-0.09,-0.18,-0.2905379208,-30.5,-1.649855876,313.389,0.6410590243,0.2880043888
2.202,0.05,0.1,0.15976238,-25.5,-1.425910617,315.417,0.6755683567,-0.2129193415
2.203,0.19,0.38,0.6008362552,-20,-1.160076618,318.031,0.7197234551,-1.364441784
2.204,0.27,0.54,0.8487359928,-16.51,-0.9802021512,320.859,0.7670865342,-3.982514302
2.205,0.28,0.56,0.8795116288,-16.14,-0.9606046993,324.592,0.8289712402,-6.6815203
2.206,0.28,0.56,0.8795116288,-16.11,-0.9590112194,328.793,0.8977688395,-14.36116022
2.207,0.35,0.7,1.09362302,-12.61,-0.7684090348,330.802,0.9303590903,6.752841279
2.208,0.52,1.04,1.604004813,-4.19,-0.2700863258,333.103,0.9674439121,2.300118109
2.209,0.69,1.38,2.100782335,2.48,0.16712284,334.865,0.9956689823,1.806671061
2.21,0.77,1.54,2.329852633,4.47,0.3052362103,336.273,1.018116858,1.760567674
2.211,0.74,1.48,2.244304323,3.57,0.242325773,337.206,1.032940046,1.759871777
2.212,0.66,1.32,2.014104259,1.46,0.09772149724,337.384,1.035763391,1.776913199
2.213,0.6,1.2,1.83947712,0.1,0.00663293416,337.201,1.032860717,1.769589566
2.214,0.6,1.2,1.83947712,0.06,0.003978700632,336.389,1.019962064,1.796468296
2.215,0.62,1.24,1.897874461,0.5,0.03325311302,335.271,1.002151548,1.832978479
2.216,0.62,1.24,1.897874461,0.56,0.03725836599,334.601,0.9914494997,1.844911003
2.217,0.6,1.2,1.83947712,-0.09,-0.005962092718,334.927,0.9966594391,1.85674982
2.218,0.56,1.12,1.722117555,-2.27,-0.1482089132,335.77,1.010108291,1.998049423
2.219,0.51,1.02,1.574358943,-4.8,-0.3081503368,337.469,1.037111092,2.159730729
2.22,0.46,0.92,1.425423491,-7.15,-0.4518734412,340.3,1.081804603,2.262824223
2.221,0.43,0.86,1.335497337,-8.84,-0.5524120377,342.791,1.120824028,2.349523514
2.222,0.42,0.84,1.305427805,-9.36,-0.5828795432,345.291,1.159700379,2.263142596
2.223,0.43,0.86,1.335497337,-9.01,-0.5623966193,347.766,1.197911685,2.101440878
2.224,0.43,0.86,1.335497337,-8.85,-0.5530000139,349.109,1.218532482,2.006659933
2.225,0.42,0.84,1.305427805,-9.65,-0.5997762913,350.04,1.232780812,2.062272484
2.226,0.39,0.78,1.214936767,-11.23,-0.6906523648,350.405,1.238356554,2.218235303
2.227,0.35,0.7,1.09362302,-12.95,-0.7873377425,349.495,1.224444558,2.501958287
2.228,0.35,0.7,1.09362302,-13.28,-0.805623864,348.898,1.215297987,2.669494995
2.229,0.4,0.8,1.24514752,-10.85,-0.6689776014,347.614,1.19557282,2.364524927
2.23,0.5,1,1.544666,-5.88,-0.3747738078,346.485,1.178168515,1.922673857
2.231,0.6,1.2,1.83947712,-0.17,-0.0112557326,343.312,1.128949194,1.645779619
2.232,0.65,1.3,1.98511742,1.18,0.07883336081,339.776,1.073560228,1.722603665
2.233,0.6,1.2,1.83947712,-0.13,-0.008609618032,336.551,1.022537925,1.814208271
2.234,0.45,0.9,1.39549518,-6.62,-0.4198605886,332.804,0.9626394871,2.571019588
2.235,0.2,0.4,0.63198848,-16.64,-0.987063429,328.119,0.8867905007,-6.302682991
2.236,-0.14,-0.28,-0.4535954528,-29.97,-1.626885128,321.516,0.7780301457,0.5343615365
2.237,-0.49,-0.98,-1.627949697,-43.2,-2.149921015,314.917,0.6670807912,1.097859143
2.238,-0.73,-1.46,-2.466549287,-52.16,-2.450430774,308.598,0.5586381475,1.30381589
2.239,-0.81,-1.62,-2.752107905,-55.24,-2.544992513,306.961,0.5301828065,1.365939372
2.24,-0.75,-1.5,-2.5376565,-53.5,-2.492087893,306.012,0.513617137,1.282635335
2.241,-0.66,-1.32,-2.219156861,-50.62,-2.401545457,307.171,0.5338416292,1.188173857
2.242,-0.62,-1.24,-2.078825379,-49.38,-2.361378283,308.886,0.5636287226,1.156348707
2.243,-0.6,-1.2,-2.00894208,-48.64,-2.337058358,311.774,0.6134173718,1.165522342
2.244,-0.51,-1.02,-1.696797377,-45.83,-2.242265703,314.945,0.6675564509,1.077530582
2.245,-0.34,-0.68,-1.117593981,-40.11,-2.036741606,317.921,0.7178726865,0.8473882162
2.246,-0.13,-0.26,-0.4208897992,-32.93,-1.752917555,321.159,0.7720863944,0.4291154443
2.247,0.04,0.08,0.1279040512,-26.66,-1.479329025,324.755,0.8316571694,-0.1974827996
2.248,0.17,0.34,0.5383905848,-21.66,-1.242538892,329.238,0.9050048219,-1.595070343
2.249,0.28,0.56,0.8795116288,-16.94,-1.002849035,332.729,0.9614336867,-21.23636909
2.25,0.35,0.7,1.09362302,-13.85,-0.837010639,336.961,1.029051544,5.694739988
2.251,0.36,0.72,1.124022067,-13.54,-0.8199717364,340.243,1.080908407,4.307643176
2.252,0.34,0.68,1.063176899,-14.27,-0.8599777234,343.679,1.134665281,3.870495288
2.253,0.38,0.76,1.184678941,-12.87,-0.7828920179,346.696,1.181425528,2.972595552
2.254,0.48,0.96,1.485138893,-7.83,-0.4926076386,349.497,1.224475174,2.029245487
2.255,0.63,1.26,1.927002521,0.19,0.01261012947,351.686,1.257879258,1.516740352
2.256,0.79,1.58,2.386649471,4.25,0.2897895594,354.408,1.299128078,1.502059902
2.257,0.93,1.86,2.778955097,7.85,0.5481992408,357.16,1.340510696,1.471350916
2.258,1.01,2.02,2.998987263,9.9,0.7008097356,360.208,1.385973828,1.437133834
2.259,1.02,2.04,3.026279453,10.17,0.7212100352,362.369,1.41797425,1.414688521
2.26,0.99,1.98,2.944261663,9.61,0.6789765698,363.092,1.428637956,1.396964021
2.261,0.98,1.96,2.916828253,9.2,0.6482469267,361.165,1.400168851,1.423943461
2.262,0.98,1.96,2.916828253,9.17,0.6460047472,358.591,1.36190322,1.452670292
2.263,0.97,1.94,2.889347769,8.95,0.6295884267,355.33,1.313028145,1.487348461
2.264,0.93,1.86,2.778955097,8.02,0.5607024247,353.299,1.282360815,1.507791506
2.265,0.86,1.72,2.583955587,6.25,0.4318578194,352.186,1.265480073,1.522357804
2.266,0.77,1.54,2.329852633,3.93,0.2674009624,351.347,1.252719756,1.53267606
2.267,0.68,1.36,2.071936717,1.58,0.1058378764,350.008,1.232291703,1.54838272
2.268,0.59,1.18,1.810207839,-1.16,-0.07629901523,348.258,1.205475218,1.603122555
2.269,0.49,0.98,1.514925983,-5.71,-0.3643515993,345.993,1.17056625,1.879060349
2.27,0.34,0.68,1.063176899,-11.85,-0.7257715294,343.699,1.134976609,2.59815176
2.271,0.13,0.26,0.4129343608,-19.93,-1.15655603,339.663,1.071780672,-4.87092439
2.272,-0.08,-0.16,-0.2580676352,-28.28,-1.552437667,334.532,0.9903461316,0.4591203014
2.273,-0.23,-0.46,-0.7500646472,-34.15,-1.803288575,327.871,0.8827453169,0.8148065188
2.274,-0.29,-0.58,-0.9498290888,-36.35,-1.891863699,320.17,0.7555858021,0.8359126684
2.275,-0.29,-0.58,-0.9498290888,-36.24,-1.887502893,316.057,0.6864128291,0.790805883
2.276,-0.3,-0.6,-0.98328792,-36.69,-1.905297862,312.898,0.6326703765,0.7726439444
2.277,-0.37,-0.74,-1.218817799,-39.32,-2.006966342,312.19,0.6205511177,0.8791145525
2.278,-0.48,-0.96,-1.593596467,-43.6,-2.164197929,311.252,0.6044524148,1.021702869
2.279,-0.62,-1.24,-2.078825379,-48.73,-2.34003028,310.528,0.59199334,1.189234239
2.28,-0.72,-1.44,-2.431066291,-52.8,-2.47042747,309.587,0.5757565005,1.283107373
2.281,-0.74,-1.48,-2.502079357,-53.59,-2.494856952,309.036,0.5662261378,1.297334533
2.282,-0.65,-1.3,-2.18400338,-50.77,-2.406355306,308.819,0.5624681362,1.184456086
2.283,-0.49,-0.98,-1.627949697,-45.69,-2.237439725,310.041,0.5835963671,0.9843433415
2.284,-0.36,-0.72,-1.185029453,-41.24,-2.078731569,311.432,0.6075454765,0.8054925605
2.285,-0.29,-0.58,-0.9498290888,-38.83,-1.988322632,313.823,0.6484629017,0.7089018852
2.286,-0.24,-0.48,-0.7832410368,-37.37,-1.931964661,316.278,0.6901524609,0.6307242245
2.287,-0.19,-0.38,-0.6178298248,-35.37,-1.852762307,318.731,0.7314860964,0.5510059155
2.288,-0.09,-0.18,-0.2905379208,-31.91,-1.710104579,321.896,0.784349581,0.3138388897
2.289,0.05,0.1,0.15976238,-27.01,-1.495270535,325.161,0.8383414187,-0.2431957666
2.29,0.19,0.38,0.6008362552,-21.53,-1.236151625,329.292,0.9058822307,-1.819230802
2.291,0.29,0.58,0.9102401912,-17.18,-1.015429303,332.686,0.9607422385,-16.64452452
2.292,0.36,0.72,1.124022067,-14.25,-0.8588871208,336.445,1.020852625,6.939885575
2.293,0.44,0.88,1.365519795,-10.24,-0.6339440111,339.598,1.070756765,3.126098728
2.294,0.59,1.18,1.810207839,-2.28,-0.1488518939,343.065,1.125098686,1.854252278
2.295,0.77,1.54,2.329852633,3.48,0.2360754595,346.594,1.179851295,1.645461267
2.296,0.88,1.76,2.639905101,6.27,0.4332972598,352.066,1.263656862,1.555672641
2.297,0.88,1.76,2.639905101,6.24,0.4311382393,358.143,1.355215103,1.477817987
2.298,0.81,1.62,2.443258015,4.33,0.2954013801,363.007,1.427385372,1.41820107
2.299,0.73,1.46,2.215694073,2.21,0.1486608132,363.433,1.433660082,1.400281118
2.3,0.67,1.34,2.043044025,0.81,0.05398132586,363.018,1.427547488,1.379010658
2.301,0.65,1.3,1.98511742,0.28,0.01859448794,361.04,1.398316884,1.401017353
2.302,0.66,1.32,2.014104259,0.5,0.03325311302,359.592,1.376816838,1.428371874
2.303,0.68,1.36,2.071936717,0.89,0.05934440726,357.629,1.34753137,1.472721863
2.304,0.68,1.36,2.071936717,1.01,0.06739971161,356.495,1.330540189,1.482135759
2.305,0.66,1.32,2.014104259,0.55,0.03659060203,354.271,1.297059582,1.510219309
2.306,0.6,1.2,1.83947712,-1.92,-0.125650087,351.278,1.251668982,1.633611237
2.307,0.48,0.96,1.485138893,-7.71,-0.4854468292,347.458,1.193171342,2.098470332
2.308,0.3,0.6,0.94092168,-15.6,-0.931818505,344.144,1.141898975,4.478863171
2.309,0.13,0.26,0.4129343608,-22.94,-1.304795336,338.695,1.056512028,-1.663157959
2.31,0.02,0.04,0.0640461728,-27.47,-1.516099075,332.366,0.9555937685,-0.1142650606
2.311,-0.02,-0.04,-0.0642344672,-29.15,-1.590992398,329.002,0.901168531,0.09311720036
2.312,-0.03,-0.06,-0.0964223112,-29.56,-1.608992595,325.577,0.8451816533,0.1262384524
2.313,-0.04,-0.08,-0.1286572288,-30.18,-1.636008085,323.92,0.8178837005,0.1572587632
2.314,-0.07,-0.14,-0.2256444232,-31.31,-1.684619123,322.182,0.7891008692,0.2519707691
2.315,-0.1,-0.2,-0.32305528,-32.88,-1.750833812,322.261,0.7904125446,0.3363683113
2.316,-0.14,-0.28,-0.4535954528,-34.36,-1.811868063,321.985,0.785828581,0.4420838191
2.317,-0.14,-0.28,-0.4535954528,-34.37,-1.812275948,322.559,0.7953574908,0.4460489918
2.318,-0.08,-0.16,-0.2580676352,-32.16,-1.720657414,323.819,0.8162152815,0.2853334957
2.319,0.04,0.08,0.1279040512,-27.88,-1.534546334,325.324,0.8410226489,-0.1844263635
2.32,0.17,0.34,0.5383905848,-22.78,-1.297075882,328.28,0.8894149715,-1.320682387
2.321,0.29,0.58,0.9102401912,-17.88,-1.051878061,330.498,0.9254402937,-7.199116289
2.322,0.41,0.82,1.275311199,-12.38,-0.7555532496,333.485,0.9735757363,5.849448002
2.323,0.54,1.08,1.663155331,-6.12,-0.3894464619,334.756,0.9939272508,2.75137831
2.324,0.62,1.24,1.897874461,-1.91,-0.1250039901,336.352,1.019373576,2.122024822
2.325,0.62,1.24,1.897874461,-1.8,-0.1178911993,336.541,1.022378957,2.09828651
2.326,0.58,1.16,1.780891485,-4.11,-0.2650709474,336.146,1.016095945,2.371281236
2.327,0.57,1.14,1.751528057,-4.89,-0.3137397254,335.206,1.001114227,2.548142321
2.328,0.63,1.26,1.927002521,-1.41,-0.0925884157,335.629,1.007861192,2.105386034
2.329,0.66,1.32,2.014104259,0.34,0.02258804273,336.634,1.023857176,1.924710652
2.33,0.62,1.24,1.897874461,-1.69,-0.1107679054,338.147,1.047848852,2.025304717
2.331,0.57,1.14,1.751528057,-4.43,-0.2850998976,340.778,1.08931417,2.177937047
2.332,0.56,1.12,1.722117555,-5.03,-0.3224207647,344.117,1.141479221,2.102557566
2.333,0.59,1.18,1.810207839,-3.03,-0.1968297564,348.006,1.201602549,1.801609132
2.334,0.6,1.2,1.83947712,-2.78,-0.1808909279,352.533,1.270748698,1.687813924
2.335,0.51,1.02,1.574358943,-7.21,-0.4554829271,357.223,1.341454308,1.77698623
2.336,0.4,0.8,1.24514752,-12.65,-0.7706406119,362.124,1.414355858,1.934314167
2.337,0.33,0.66,1.032683705,-16.46,-0.9775598357,366.828,1.483404984,2.041501649
2.338,0.32,0.64,1.002143437,-16.65,-0.9875906969,372.499,1.565480832,1.734141797
2.339,0.42,0.84,1.305427805,-12.15,-0.7426561335,384.558,1.735933274,1.314263413
2.34,0.61,1.22,1.868699327,-2.46,-0.1604107785,383.431,1.720231345,1.198021982
2.341,0.84,1.68,2.527817779,4.68,0.3200222514,379.687,1.667734717,1.271693582
2.342,1.05,2.1,3.10787358,10.02,0.7098678504,366.468,1.478151989,1.420404662
2.343,1.18,2.36,3.456552477,13.85,1.006348235,364.491,1.449211992,1.407643128
2.344,1.26,2.52,3.667169923,15.54,1.141791095,364.631,1.451266517,1.414226165
2.345,1.26,2.52,3.667169923,15.51,1.139361748,365.313,1.461263726,1.410110745
2.346,1.15,2.3,3.37679422,13.11,0.9479400111,365.639,1.466035859,1.398851688
2.347,0.96,1.92,2.861820211,8.19,0.5732330208,361.998,1.412494017,1.441195168
2.348,0.74,1.48,2.244304323,2.35,0.1582255076,356.807,1.335220395,1.502769078
2.349,0.54,1.08,1.663155331,-5.13,-0.3286114071,349.292,1.221336172,1.863010187
2.35,0.36,0.72,1.124022067,-12.41,-0.7572324329,341.476,1.100261123,3.276758183
2.351,0.19,0.38,0.6008362552,-19.57,-1.138394407,334.787,0.9944226634,-4.173292891
2.352,0,0,0,-27.2,-1.503890546,328.284,0.8894801594,-0
2.353,-0.18,-0.36,-0.5848888032,-34.54,-1.819200808,324.291,0.8240077873,0.587713932
2.354,-0.35,-0.7,-1.15128818,-40.96,-2.068392259,319.063,0.7370559204,0.8647613281
2.355,-0.46,-0.92,-1.525031229,-45.25,-2.222207407,316.354,0.6914378843,0.9962513666
2.356,-0.48,-0.96,-1.593596467,-46.06,-2.250172528,313.384,0.6409736665,0.9903042474
2.357,-0.41,-0.82,-1.354441921,-43.7,-2.167754002,312.275,0.6220075645,0.8762380995
2.358,-0.28,-0.56,-0.9164173312,-39.63,-2.018691782,311.896,0.6155104659,0.6530997248
2.359,-0.19,-0.38,-0.6178298248,-36.55,-1.899774315,313.811,0.6482583239,0.4936651465
2.36,-0.16,-0.32,-0.5191479808,-35.36,-1.852360392,315.382,0.6749746652,0.4409327964
2.361,-0.12,-0.24,-0.3882312192,-34.05,-1.799193764,317.48,0.7104463513,0.3565852048
2.362,-0.03,-0.06,-0.0964223112,-30.83,-1.66406855,319.359,0.7420169027,0.1045736554
2.363,0.09,0.18,0.2867249592,-26.6,-1.476588034,321.237,0.773385593,-0.4077417008
2.364,0.14,0.28,0.4443690272,-24.54,-1.38101722,323.634,0.8131579167,-0.7825336751
2.365,0.12,0.24,0.3814526208,-25.22,-1.412881174,326.142,0.8544578928,-0.6830886781
2.366,0.12,0.24,0.3814526208,-25.44,-1.423123046,329.26,0.9053623021,-0.7367353068
2.367,0.18,0.36,0.5696369568,-22.94,-1.304795336,331.612,0.9434430595,-1.576403397
2.368,0.29,0.58,0.9102401912,-18.66,-1.092067572,333.626,0.975837279,-7.831350773
2.369,0.36,0.72,1.124022067,-15.59,-0.9312833553,334.957,0.9971386265,17.06806526
2.37,0.4,0.8,1.24514752,-13.69,-0.8282256132,336.652,1.024143236,6.35546463
2.371,0.49,0.98,1.514925983,-9.39,-0.5846306229,338.821,1.058501944,3.196914259
2.372,0.63,1.26,1.927002521,-1.84,-0.1204788833,342.107,1.110138054,1.947137538
2.373,0.74,1.48,2.244304323,1.94,0.1302644618,346.477,1.178044987,1.715423156
2.374,0.78,1.56,2.358274589,2.91,0.1966613113,351.186,1.250267629,1.629848241
2.375,0.81,1.62,2.443258015,3.71,0.252063169,355.093,1.309458581,1.564664735
2.376,0.92,1.84,2.751239245,6.47,0.4477122266,357.902,1.351613793,1.52903877
2.377,1.09,2.18,3.216006719,11.08,0.7904862633,359.056,1.368836295,1.489359108
2.378,1.24,2.48,3.614798003,14.93,1.092572757,360.495,1.390234807,1.455931606
2.379,1.3,2.6,3.77134888,16.13,1.189753296,362.23,1.415921667,1.44735968
2.38,1.3,2.6,3.77134888,16.23,1.197917453,364.57,1.450371428,1.42407005
2.381,1.29,2.58,3.745374751,15.91,1.171827865,367.294,1.490197044,1.406964578
2.382,1.25,2.5,3.6410075,15.31,1.123189317,372.382,1.563800161,1.355050896
2.383,1.18,2.36,3.456552477,13.64,0.9897176276,380.286,1.676168308,1.296586786
2.384,1.04,2.08,3.080722611,10.22,0.7249955928,376.55,1.623349039,1.311869889
2.385,0.86,1.72,2.583955587,5.79,0.3988536725,360.858,1.395619273,1.439952379
2.386,0.68,1.36,2.071936717,1.1,0.07344960963,356.267,1.327117448,1.479355598
2.387,0.49,0.98,1.514925983,-6.35,-0.403462751,353.079,1.279028321,1.730225622
2.388,0.32,0.64,1.002143437,-13.89,-0.8392038172,349.844,1.229784315,2.565779505
2.389,0.19,0.38,0.6008362552,-19.18,-1.118613657,347.434,1.192801788,8.098819171
2.39,0.12,0.24,0.3814526208,-22.16,-1.266994388,345.849,1.168339152,-3.866521808
2.391,0.06,0.12,0.1915736352,-24.71,-1.389012656,345.409,1.16152838,-0.8421401193
2.392,0.01,0.02,0.0320466232,-26.97,-1.493452755,345.683,1.165770652,-0.097797905
2.393,0.02,0.04,0.0640461728,-26.26,-1.461010498,346.618,1.180221745,-0.2280937969
2.394,0.12,0.24,0.3814526208,-22.71,-1.29369302,347.797,1.198388565,-4.002463682
2.395,0.15,0.3,0.47575662,-21.22,-1.220872247,349.597,1.226005726,92.67722509
2.396,0.04,0.08,0.1279040512,-25.98,-1.448124012,350.703,1.242904498,-0.6232548202
2.397,-0.15,-0.3,-0.48634818,-33.81,-1.789341574,350.157,1.234568737,0.8766618475
2.398,-0.24,-0.48,-0.7832410368,-37.69,-1.944421352,349.11,1.218547806,1.079032349
2.399,-0.19,-0.38,-0.6178298248,-35.86,-1.872383693,347.702,1.196927024,0.9146846178
2.4,-0.07,-0.14,-0.2256444232,-31.75,-1.703330398,344.678,1.150194008,0.4079363199
2.401,0.02,0.04,0.0640461728,-28.32,-1.554221063,342.028,1.108902479,-0.1438210195
2.402,0.06,0.12,0.1915736352,-26.82,-1.486626648,339.794,1.073843643,-0.4641025262
2.403,0.06,0.12,0.1915736352,-26.78,-1.484803834,340.101,1.078675125,-0.4717067045
2.404,0.05,0.1,0.15976238,-27.31,-1.508870189,341.505,1.100715455,-0.3914260127
2.405,0.06,0.12,0.1915736352,-26.86,-1.4884484,344.968,1.154693418,-0.5739948326
2.406,0.13,0.26,0.4129343608,-24.09,-1.359757635,350.117,1.233957548,-3.282464819
2.407,0.27,0.54,0.8487359928,-18.51,-1.084373424,355.306,1.312666778,3.717742878
2.408,0.45,0.9,1.39549518,-10.5,-0.6489126003,360.122,1.384696358,1.896610471
2.409,0.64,1.28,1.956083507,-0.46,-0.03039792141,363.059,1.428151694,1.399447847
2.41,0.77,1.54,2.329852633,3.09,0.2090759895,364.525,1.44971102,1.404552012
2.411,0.77,1.54,2.329852633,3.2,0.2166772187,363.901,1.440544953,1.405878266
2.412,0.66,1.32,2.014104259,0.41,0.02725121946,362.492,1.419789909,1.391877687
2.413,0.52,1.04,1.604004813,-6.97,-0.4410271742,360.572,1.391377419,1.687803861
2.414,0.42,0.84,1.305427805,-11.84,-0.7252074927,358.689,1.363365132,2.045619647
2.415,0.42,0.84,1.305427805,-11.81,-0.7235149112,358.013,1.353272789,2.072904287
2.416,0.47,0.94,1.455304729,-9.4,-0.585214155,357.627,1.347501451,1.909128928
2.417,0.53,1.06,1.633603609,-6.44,-0.4089354179,357.471,1.345167226,1.74487087
2.418,0.59,1.18,1.810207839,-2.99,-0.1942831505,358.149,1.355304732,1.559150897
2.419,0.64,1.28,1.956083507,-0.34,-0.02248599305,356.143,1.325255037,1.501481415
2.42,0.63,1.26,1.927002521,-0.94,-0.06191919878,355.199,1.311055389,1.542668074
2.421,0.5,1,1.544666,-5.92,-0.3772225855,352.621,1.27208401,1.726151065
2.422,0.21,0.42,0.6630936312,-16.65,-0.9875906969,352.869,1.275845367,2.300374287
2.423,-0.12,-0.24,-0.3882312192,-28.46,-1.560454755,350.737,1.243423145,1.224582052
2.424,-0.28,-0.56,-0.9164173312,-34.27,-1.80819439,347.73,1.197357835,1.500266027
2.425,-0.28,-0.56,-0.9164173312,-34.06,-1.799603517,343.592,1.133310794,1.375397479
2.426,-0.27,-0.54,-0.8830526472,-33.87,-1.791807888,337.316,1.034684986,1.166326689
2.427,-0.43,-0.86,-1.422536423,-39.41,-2.01037604,332.629,0.9598255298,1.354086653
2.428,-0.75,-1.5,-2.5376565,-50.66,-2.402829111,326.533,0.8608679751,1.645733113
2.429,-0.97,-1.94,-3.332263271,-58.52,-2.641215482,318.014,0.719437469,1.733948067
2.43,-0.83,-1.66,-2.823968295,-54.33,-2.517489121,309.654,0.5769142081,1.45522251
2.431,-0.41,-0.82,-1.354441921,-40.86,-2.064689263,305.943,0.5124106757,0.8725507983
2.432,-0.01,-0.02,-0.0320936968,-27.07,-1.49799522,302.086,0.4445348778,0.03046502607
2.433,0.05,0.1,0.15976238,-24.74,-1.390421573,300.445,0.4153932346,-0.1638540888
2.434,-0.25,-0.5,-0.8164645,-35.82,-1.870787259,298.976,0.3891707107,0.5510632968
2.435,-0.6,-1.2,-2.00894208,-48.97,-2.34793628,299.553,0.3994858365,1.031046023
2.436,-0.78,-1.56,-2.644670371,-55.81,-2.562038156,302.217,0.4468544096,1.250326538
2.437,-0.82,-1.64,-2.788014563,-56.94,-2.59542336,304.415,0.4856237177,1.321459397
2.438,-0.77,-1.54,-2.608952007,-55.66,-2.55756592,304.475,0.4866780953,1.259822949
2.439,-0.69,-1.38,-2.324899745,-53.03,-2.47756865,305.333,0.5017330078,1.176666568
2.44,-0.56,-1.12,-1.869740365,-49.06,-2.350893876,306.573,0.5234161064,1.023126189
2.441,-0.43,-0.86,-1.422536423,-44.83,-2.207575034,308.844,0.5629012203,0.8649352907
2.442,-0.33,-0.66,-1.083946855,-41.62,-2.092695215,310.205,0.5864255672,0.7196233799
2.443,-0.29,-0.58,-0.9498290888,-40.21,-2.040485889,311.819,0.61418951,0.665940896
2.444,-0.3,-0.6,-0.98328792,-40.33,-2.044971729,312.963,0.6337816456,0.6967792162
2.445,-0.31,-0.62,-1.016793825,-40.88,-2.0654303,315.054,0.6694077237,0.7283505595
2.446,-0.32,-0.64,-1.050346803,-41.14,-2.07504387,317.061,0.7033809282,0.7657470148
2.447,-0.32,-0.64,-1.050346803,-41.15,-2.075412886,319.095,0.7375924646,0.7851179327
2.448,-0.3,-0.6,-0.98328792,-40.63,-2.05615157,321.95,0.7852470006,0.7736913877
2.449,-0.29,-0.58,-0.9498290888,-40.13,-2.037490905,325.342,0.8413186533,0.7940571161
2.45,-0.32,-0.64,-1.050346803,-41.35,-2.082781747,329.278,0.9056547682,0.8922969419
2.451,-0.36,-0.72,-1.185029453,-43.23,-2.150994711,333.716,0.9772803172,1.009640385
2.452,-0.34,-0.68,-1.117593981,-42.41,-2.121475107,339.963,1.076503858,1.069497349
2.453,-0.2,-0.4,-0.65081792,-37.85,-1.950627645,344.859,1.153002704,0.815944796
2.454,0,0,0,-30.69,-1.658047328,349.566,1.225531302,-0
2.455,0.19,0.38,0.6008362552,-23.71,-1.341697053,353.541,1.286024162,-10.79225878
2.456,0.33,0.66,1.032683705,-17.81,-1.048249465,357.014,1.338323274,3.560072209
2.457,0.48,0.96,1.485138893,-10.95,-0.6746925819,358.804,1.365080131,2.151166971
2.458,0.64,1.28,1.956083507,-2.89,-0.1879106268,360.954,1.397042358,1.617758807
2.459,0.76,1.52,2.301383603,1.81,0.1214303351,363.756,1.438412767,1.475394288
2.46,0.83,1.66,2.499678265,3.59,0.2437157346,367.481,1.492920191,1.439379566
2.461,0.85,1.7,2.55591022,4.02,0.2736882735,371.888,1.556698167,1.396377379
2.462,0.81,1.62,2.443258015,3.1,0.2097665561,376.967,1.629270472,1.328552921
2.463,0.76,1.52,2.301383603,1.69,0.1132892213,384.033,1.728624444,1.249452483
2.464,0.75,1.5,2.2728675,1.43,0.0956944162,392.942,1.85131884,1.167361082
2.465,0.82,1.64,2.471491677,3.2,0.2166772187,390.974,1.824456721,1.210842477
2.466,0.93,1.86,2.778955097,5.97,0.4117448525,388.787,1.794446293,1.259616648
2.467,0.99,1.98,2.944261663,7.58,0.5283974863,385.281,1.745982261,1.294533891
2.468,0.97,1.94,2.889347769,7,0.4860930969,371.302,1.548261292,1.420277502
2.469,0.87,1.74,2.611953881,4.48,0.3059393875,370.448,1.535942041,1.418090133
2.47,0.71,1.42,2.158332351,0.39,0.0259184403,369.698,1.525099582,1.391558525
2.471,0.5,1,1.544666,-7.92,-0.497970509,367.222,1.48914819,1.558414833
2.472,0.28,0.56,0.8795116288,-16.44,-0.976502386,363.899,1.44051555,1.895445427
2.473,0.12,0.24,0.3814526208,-22.25,-1.271377732,358.584,1.361798783,4.218626298
2.474,0.07,0.14,0.2233378168,-24.3,-1.369695999,353.223,1.281209824,-2.523985439
2.475,0.06,0.12,0.1915736352,-24.44,-1.376304822,347.699,1.196880864,-1.067714907
2.476,0.02,0.04,0.0640461728,-26.07,-1.452271815,342.96,1.123460991,-0.1947812181
2.477,-0.12,-0.24,-0.3882312192,-30.95,-1.669219767,339.57,1.070315637,0.6482360029
2.478,-0.3,-0.6,-0.98328792,-37.87,-1.951402401,335.435,1.004767895,1.038719711
2.479,-0.48,-0.96,-1.593596467,-44.43,-2.193554939,330.692,0.9285797847,1.259784796
2.48,-0.61,-1.22,-2.043860193,-49.19,-2.355159087,324.69,0.830586255,1.340611711
2.481,-0.71,-1.42,-2.395630369,-52.68,-2.466692194,320.384,0.7591605203,1.402978584
2.482,-0.8,-1.6,-2.71624832,-55.86,-2.563526774,315.695,0.680281625,1.44232328
2.483,-0.88,-1.76,-3.004443059,-58.92,-2.652647524,312.669,0.6287534498,1.484486317
2.484,-0.94,-1.88,-3.222566205,-61.1,-2.713841472,309.325,0.5712269387,1.504034512
2.485,-0.95,-1.9,-3.25908482,-61.21,-2.716880422,310.024,0.5833030108,1.527521243
2.486,-0.88,-1.76,-3.004443059,-59.2,-2.660611859,311.805,0.6139493012,1.467971868
2.487,-0.77,-1.54,-2.608952007,-55.91,-2.565014329,314.766,0.6645148969,1.37277179
2.488,-0.66,-1.32,-2.219156861,-52.31,-2.45513415,318.618,0.7295890196,1.286061327
2.489,-0.55,-1.1,-1.83505762,-48.92,-2.346291487,322.76,0.7986902612,1.185743194
2.49,-0.46,-0.92,-1.525031229,-45.96,-2.246738067,327.732,0.8804767183,1.116207547
2.491,-0.4,-0.8,-1.32046528,-44,-2.17839078,333.503,0.9738644971,1.096252775
2.492,-0.4,-0.8,-1.32046528,-44.13,-2.182985445,339.78,1.073623211,1.19029226
2.493,-0.41,-0.82,-1.354441921,-44.39,-2.192148375,342.936,1.12308659,1.266944475
2.494,-0.29,-0.58,-0.9498290888,-40.53,-2.052430465,346.47,1.177936898,1.0861476
2.495,-0.03,-0.06,-0.0964223112,-31.54,-1.694415094,349.155,1.219237373,0.2029184176
2.496,0.27,0.54,0.8487359928,-20.23,-1.171619478,354.183,1.29573049,6.83852285
2.497,0.46,0.92,1.425423491,-11.53,-0.7076833433,360.262,1.386775805,2.09901239
2.498,0.53,1.06,1.633603609,-8.15,-0.5116455393,365.878,1.469531745,1.70542555
2.499,0.57,1.14,1.751528057,-6.47,-0.4107581458,370,1.529468122,1.565667684
2.5,0.59,1.18,1.810207839,-5.2,-0.3329398539,372.112,1.559919672,1.475336279
2.501,0.56,1.12,1.722117555,-6.39,-0.4058958778,370.727,1.539969835,1.518523148
2.502,0.47,0.94,1.455304729,-10.15,-0.6287500019,368.569,1.508736519,1.653780712
2.503,0.33,0.66,1.032683705,-15.31,-0.9162684814,364.678,1.451956074,1.927772303
2.504,0.2,0.4,0.63198848,-20.37,-1.178626991,362.51,1.420055563,2.617703757
2.505,0.07,0.14,0.2233378168,-25.27,-1.415211742,360.987,1.397531456,-12.63202506
2.506,-0.08,-0.16,-0.2580676352,-30.86,-1.665357204,360.109,1.384503226,0.9188676515
2.507,-0.24,-0.48,-0.7832410368,-36.69,-1.905297862,357.571,1.346663641,1.402064191
2.508,-0.37,-0.74,-1.218817799,-41.61,-2.092328755,353.35,1.283133051,1.506208935
2.509,-0.46,-0.92,-1.525031229,-45.05,-2.215250909,346.875,1.184187034,1.479085114
2.51,-0.53,-1.06,-1.765833351,-47.34,-2.29369025,340.511,1.085120795,1.461093811
2.511,-0.59,-1.18,-1.974071041,-49.68,-2.371162954,335.266,1.002071761,1.44188426
2.512,-0.69,-1.38,-2.324899745,-53.44,-2.490239855,329.584,0.9106242462,1.471813606
2.513,-0.8,-1.6,-2.71624832,-57.43,-2.609734308,324.391,0.8256572858,1.522494985
2.514,-0.87,-1.74,-2.968253959,-59.95,-2.681791855,318.373,0.7254735766,1.517265361
2.515,-0.89,-1.78,-3.040679233,-60.58,-2.699412781,311.746,0.612936874,1.457327747
2.516,-0.86,-1.72,-2.932111933,-59.79,-2.677292046,307.276,0.5356701026,1.369108092
2.517,-0.84,-1.68,-2.859969101,-59.03,-2.655780098,302.177,0.4461462622,1.294318115
2.518,-0.82,-1.64,-2.788014563,-58.66,-2.645224006,296.319,0.3414127272,1.210174891
2.519,-0.81,-1.62,-2.752107905,-58.19,-2.631735519,295.072,0.3188508016,1.189902758
2.52,-0.8,-1.6,-2.71624832,-57.99,-2.625968598,295.994,0.3355416753,1.185913549
2.521,-0.8,-1.6,-2.71624832,-58.04,-2.627411854,297.837,0.3687500517,1.20259187
2.522,-0.8,-1.6,-2.71624832,-57.97,-2.625391011,299.264,0.394321821,1.217464852
2.523,-0.79,-1.58,-2.680435809,-57.56,-2.613514446,301.731,0.4382440638,1.232231097
2.524,-0.77,-1.54,-2.608952007,-57.11,-2.60039965,302.999,0.4606798944,1.219296125
2.525,-0.75,-1.5,-2.5376565,-56.46,-2.581307624,304.671,0.4901209482,1.213500703
2.526,-0.68,-1.36,-2.289605043,-54.25,-2.515054007,306.567,0.5233113995,1.149548659
2.527,-0.56,-1.12,-1.869740365,-50.41,-2.394793978,309.097,0.5672820594,1.02310707
2.528,-0.46,-0.92,-1.525031229,-47.27,-2.291331483,310.799,0.596660287,0.8998980054
2.529,-0.43,-0.86,-1.422536423,-46.41,-2.262153406,311.436,0.6076141909,0.8597780037
2.53,-0.44,-0.88,-1.456654285,-46.79,-2.27509155,312.103,0.619059991,0.8796053894
2.531,-0.42,-0.84,-1.388465635,-46.1,-2.251544897,313.944,0.6505252911,0.8672383713
2.532,-0.38,-0.76,-1.252653219,-44.65,-2.201276226,315.677,0.6799765751,0.8234099171
2.533,-0.39,-0.78,-1.286535713,-45.12,-2.217688016,318.082,0.7205813215,0.8593480461
2.534,-0.44,-0.88,-1.456654285,-46.93,-2.279840039,321.017,0.7697203763,0.9645952707
2.535,-0.4,-0.8,-1.32046528,-45.83,-2.242265703,323.534,0.8115045593,0.9229110576
2.536,-0.24,-0.48,-0.7832410368,-40.59,-2.054663788,327.782,0.8812928718,0.6675135935
2.537,-0.01,-0.02,-0.0320936968,-32.82,-1.748331297,332.199,0.9529049419,0.04034779158
2.538,0.18,0.36,0.5696369568,-25.78,-1.438887238,338.61,1.055169206,-1.484519646
2.539,0.29,0.58,0.9102401912,-21.34,-1.226794912,342.215,1.111826732,-7.917322797
2.54,0.35,0.7,1.09362302,-18.8,-1.09923396,347.088,1.187471215,12.39411882
2.541,0.39,0.78,1.214936767,-17.27,-1.02013588,350.819,1.244673794,5.410831269
2.542,0.42,0.84,1.305427805,-15.75,-0.939836696,355.526,1.315978391,3.470574581
2.543,0.47,0.94,1.455304729,-13.72,-0.8298743071,361.474,1.404744165,2.53153772
2.544,0.53,1.06,1.633603609,-10.81,-0.6666893869,367.137,1.487909695,1.989239175
2.545,0.63,1.26,1.927002521,-5.69,-0.3631238695,372.221,1.561486579,1.608029444
2.546,0.79,1.58,2.386649471,1.46,0.09772149724,378.756,1.654600303,1.361992684
2.547,0.97,1.94,2.889347769,6.1,0.4210739205,392.293,1.842475243,1.276467865
2.548,1.11,2.22,3.269790847,9.71,0.6864961027,394.127,1.867428621,1.280300401
2.549,1.16,2.32,3.403427379,11.15,0.7958485199,393.203,1.854871238,1.283963486
2.55,1.15,2.3,3.37679422,10.88,0.7751918079,390.595,1.819268056,1.301540358
2.551,1.14,2.28,3.350113987,10.45,0.7424402967,385.426,1.747995348,1.345191952
2.552,1.15,2.3,3.37679422,10.86,0.7736645018,370.355,1.534598769,1.462915545
2.553,1.21,2.42,3.535887071,12.48,0.8986415616,366.706,1.48162538,1.485500222
2.554,1.21,2.42,3.535887071,12.48,0.8986415616,363.285,1.43148097,1.517468297
2.555,1.04,2.08,3.080722611,8.06,0.5636483326,361.074,1.398820682,1.569819746
2.556,0.71,1.42,2.158332351,-0.72,-0.04749702857,359.466,1.374941885,1.625929951
2.557,0.36,0.72,1.124022067,-17.18,-1.015429303,359.195,1.37090702,3.162004295
2.558,0.16,0.32,0.5070971392,-26.14,-1.455494137,359.222,1.371309154,-6.023605673
2.559,0.14,0.28,0.4443690272,-27.12,-1.500263974,359.669,1.377962319,-3.633385238
2.56,0.19,0.38,0.6008362552,-25.43,-1.422658215,359.484,1.375209776,-12.66292971
2.561,0.25,0.5,0.7870435,-22.95,-1.305277211,357.922,1.35191275,16.87647512
2.562,0.33,0.66,1.032683705,-19.65,-1.142438401,355.563,1.316535142,5.931665885
2.563,0.43,0.86,1.335497337,-15.26,-0.9135810115,352.216,1.265935779,3.79020652
2.564,0.52,1.04,1.604004813,-11.1,-0.6832501861,349.27,1.220999194,2.982813152
2.565,0.57,1.14,1.751528057,-8.98,-0.5606363342,347.4,1.19227821,2.772976468
2.566,0.56,1.12,1.722117555,-9.14,-0.5700161114,346.77,1.182567329,2.811385408
2.567,0.55,1.1,1.69265998,-9.95,-0.6171845625,347.916,1.200218773,2.903191525
2.568,0.54,1.08,1.663155331,-10.51,-0.6494872388,349.204,1.219988133,2.915254559
2.569,0.53,1.06,1.633603609,-11.01,-0.6781177632,350.487,1.239608387,2.909404966
2.57,0.53,1.06,1.633603609,-10.96,-0.6752636437,351.466,1.254531475,2.820117948
2.571,0.57,1.14,1.751528057,-9.18,-0.5723578229,352.027,1.263064185,2.535850476
2.572,0.64,1.28,1.956083507,-5.21,-0.3335578673,352.591,1.271628827,2.085219126
2.573,0.71,1.42,2.158332351,-1.33,-0.08738173801,352.974,1.277437081,1.813640319
2.574,0.74,1.48,2.244304323,0.15,0.009952714238,355.117,1.309820164,1.700523143
2.575,0.77,1.54,2.329852633,0.88,0.05867371064,358.098,1.354542844,1.648616856
2.576,0.85,1.7,2.55591022,2.97,0.2007962711,361.95,1.411784574,1.584981136
2.577,0.98,1.96,2.916828253,6.18,0.4268227197,366.687,1.481348175,1.528599068
2.578,1.07,2.14,3.162034297,8.53,0.5983766111,371.625,1.552913297,1.46983179
2.579,1.06,2.12,3.134977475,8.34,0.5843122259,376.503,1.622681224,1.4204743
2.58,1,2,2.971648,6.84,0.4744786461,379.783,1.66908724,1.386310549
2.581,0.98,1.96,2.916828253,6.24,0.4311382393,385.616,1.750632039,1.336908968
2.582,1,2,2.971648,6.85,0.4752038448,399.669,1.942133411,1.229306334
2.583,1.04,2.08,3.080722611,7.72,0.5386564538,400.199,1.949223332,1.238292392
2.584,1.03,2.06,3.053524569,7.63,0.532059276,400.318,1.950813929,1.229835081
2.585,0.97,1.94,2.889347769,5.99,0.4131790684,399.048,1.933814192,1.231084817
2.586,0.9,1.8,2.69566632,4.17,0.2841836115,396.096,1.894089884,1.237524271
2.587,0.87,1.74,2.611953881,3.39,0.2298325276,389.647,1.806267467,1.282822006
2.588,0.84,1.68,2.527817779,2.59,0.1746632724,380.626,1.680949413,1.362255065
2.589,0.74,1.48,2.244304323,-0.03,-0.001988158449,367.476,1.492847397,1.505376406
2.59,0.53,1.06,1.633603609,-8.82,-0.5512358423,364.191,1.444806778,1.828174512
2.591,0.26,0.52,0.8179132832,-19.5,-1.134852121,359.882,1.381129711,3.321103154
2.592,0.04,0.08,0.1279040512,-28.27,-1.551991655,355.069,1.309096974,-0.5265823453
2.593,-0.08,-0.16,-0.2580676352,-32.92,-1.752500929,351.905,1.261209744,0.5252844814
2.594,-0.11,-0.22,-0.3556197128,-34.01,-1.79755415,348.388,1.207471928,0.6026612894
2.595,-0.16,-0.32,-0.5191479808,-35.92,-1.874776576,343.386,1.130102249,0.6971476813
2.596,-0.3,-0.6,-0.98328792,-41.43,-2.085723197,336.096,1.015300101,0.918597444
2.597,-0.5,-1,-1.66235,-48.82,-2.342998286,326.3,0.857049081,1.118712533
2.598,-0.62,-1.24,-2.078825379,-53.54,-2.49331903,316.36,0.691539352,1.153762252
2.599,-0.58,-1.16,-1.939247075,-52.28,-2.454194293,310.998,0.6000847167,1.045918267
2.6,-0.46,-0.92,-1.525031229,-48.45,-2.330771418,308.427,0.5556727895,0.8591247858
2.601,-0.38,-0.76,-1.252653219,-45.82,-2.24192132,309.095,0.5672474424,0.7479983035
2.602,-0.34,-0.68,-1.117593981,-44.4,-2.192500093,311.639,0.6111002882,0.7067118493
2.603,-0.31,-0.62,-1.016793825,-43.5,-2.160636602,315.112,0.6703925436,0.6823002039
2.604,-0.31,-0.62,-1.016793825,-43.46,-2.159210598,318.561,0.7286318317,0.7107569669
2.605,-0.31,-0.62,-1.016793825,-43.68,-2.167043207,321.338,0.7750674201,0.7304680398
2.606,-0.28,-0.56,-0.9164173312,-42.48,-2.124009057,323.535,0.8115210954,0.6982291326
2.607,-0.18,-0.36,-0.5848888032,-39.2,-2.002413015,326.094,0.8536704477,0.5091556803
2.608,-0.04,-0.08,-0.1286572288,-34.65,-1.823672362,328.528,0.8934551174,0.1383087978
2.609,0.07,0.14,0.2233378168,-30.73,-1.659768938,330.818,0.9306178491,-0.3062984067
2.61,0.16,0.32,0.5070971392,-27.36,-1.511131026,333.293,0.9704946508,-0.9379634121
2.611,0.28,0.56,0.8795116288,-22.47,-1.282068703,335.645,1.00811623,-3.210453329
2.612,0.43,0.86,1.335497337,-16.42,-0.9754446372,338.53,1.053905065,17.02128532
2.613,0.55,1.1,1.69265998,-10.74,-0.6626819535,340.003,1.077133302,4.08409814
2.614,0.64,1.28,1.956083507,-6.1,-0.3882255741,343.282,1.128481669,2.642441609
2.615,0.7,1.4,2.12958088,-3.1,-0.2012830138,345.44,1.162008514,2.216638238
2.616,0.71,1.42,2.158332351,-2.38,-0.1552769498,349.108,1.218517157,2.029957423
2.617,0.69,1.38,2.100782335,-3.56,-0.2304428934,352.724,1.273646507,2.013779771
2.618,0.66,1.32,2.014104259,-5.37,-0.3434346626,356.252,1.326892191,2.04798296
2.619,0.63,1.26,1.927002521,-7.07,-0.4470561776,361.144,1.399857765,2.022459393
2.62,0.62,1.24,1.897874461,-7.66,-0.4824596762,365.98,1.471023018,1.919830911
2.621,0.65,1.3,1.98511742,-5.73,-0.3655789946,368.986,1.514786102,1.72738004
2.622,0.74,1.48,2.244304323,-1.06,-0.06976797991,373.028,1.57307318,1.492913297
2.623,0.83,1.66,2.499678265,1.9,0.1275446522,375.334,1.606044227,1.441909495
2.624,0.89,1.78,2.667809247,3.32,0.2249820134,376.39,1.621075285,1.445138918
2.625,0.89,1.78,2.667809247,3.38,0.2291393239,377.332,1.634448127,1.431544973
2.626,0.87,1.74,2.611953881,2.71,0.1829016744,379.332,1.662730231,1.415208457
2.627,0.84,1.68,2.527817779,2.03,0.1363892916,388.533,1.790949921,1.31155832
2.628,0.81,1.62,2.443258015,1.28,0.08557108238,391.625,1.83335745,1.273240756
2.629,0.75,1.5,2.2728675,-0.45,-0.0297390777,388.6,1.791872414,1.289838546
2.63,0.64,1.28,1.956083507,-5.19,-0.3323217565,384.264,1.731841559,1.397681907
2.631,0.5,1,1.544666,-10.92,-0.6729789208,368.304,1.504888502,1.8567715
2.632,0.41,0.82,1.275311199,-14.71,-0.8838935973,363.777,1.438721619,2.298570275
2.633,0.38,0.76,1.184678941,-15.9,-0.9478379292,359.226,1.371368727,2.797149456
2.634,0.3,0.6,0.94092168,-18.88,-1.103322625,353.998,1.292935301,4.962335334
2.635,0.05,0.1,0.15976238,-28.79,-1.575098129,349.381,1.222699184,-0.4533565789
2.636,-0.27,-0.54,-0.8830526472,-41.2,-2.077257144,346.334,1.175836448,0.979623223
2.637,-0.38,-0.76,-1.252653219,-45.3,-2.22394333,340.343,1.082480581,1.097410512
2.638,-0.2,-0.4,-0.65081792,-39.16,-2.000893443,332.462,0.9571388298,0.6235353709
2.639,0.08,0.16,0.2550549248,-29.65,-1.612929428,327.356,0.8743352527,-0.3453248529
2.64,0.17,0.34,0.5383905848,-26.28,-1.461928957,324.555,0.828361363,-0.849776078
2.641,0.05,0.1,0.15976238,-31.2,-1.679922391,324.305,0.8242387477,-0.1867072968
2.642,-0.08,-0.16,-0.2580676352,-36.48,-1.897008256,321.566,0.778862077,0.2307995503
2.643,-0.12,-0.24,-0.3882312192,-38.23,-1.965308913,321.796,0.7826872953,0.3282801645
2.644,-0.13,-0.26,-0.4208897992,-38.68,-1.982588323,321.696,0.7810244929,0.3502850108
2.645,-0.14,-0.28,-0.4535954528,-39.04,-1.996329333,321.674,0.7806586071,0.3731236124
2.646,-0.11,-0.22,-0.3556197128,-38.07,-1.959137374,322.229,0.7898812718,0.3041418489
2.647,-0.02,-0.04,-0.0642344672,-34.8,-1.829758262,325.987,0.8519146843,0.0656899208
2.648,0.12,0.24,0.3814526208,-29.79,-1.619043092,330.268,0.9217158283,-0.5470209482
2.649,0.25,0.5,0.7870435,-24.84,-1.395113547,333.059,0.9667371771,-1.837271045
2.65,0.34,0.68,1.063176899,-21.25,-1.22235387,337.967,1.04500022,-5.994671667
2.651,0.4,0.8,1.24514752,-18.94,-1.106386066,343.077,1.12528582,65.881681
2.652,0.44,0.88,1.365519795,-17.29,-1.02118097,346.078,1.171880422,9.061212755
2.653,0.49,0.98,1.514925983,-15.13,-0.9065847222,351.075,1.248576378,4.42971622
2.654,0.58,1.16,1.780891485,-10.99,-0.6769763532,354.627,1.302432993,2.847346039
2.655,0.72,1.44,2.187036749,-3.83,-0.2474743014,360.336,1.387874615,1.917779856
2.656,0.89,1.78,2.667809247,2.56,0.1726057065,366.245,1.474895461,1.619306438
2.657,1.05,2.1,3.10787358,6.83,0.4737535413,369.917,1.528267852,1.552367817
2.658,1.2,2.4,3.50948928,10.88,0.7751918079,374.232,1.590313246,1.483610984
2.659,1.32,2.64,3.823155917,14.03,1.020638008,381.312,1.690583008,1.410123296
2.66,1.36,2.72,3.926205107,14.96,1.094984571,391.666,1.833917523,1.340504046
2.661,1.32,2.64,3.823155917,14.1,1.02620387,393.58,1.859998319,1.324632048
2.662,1.24,2.48,3.614798003,11.95,0.857471161,394.84,1.877098356,1.321889233
2.663,1.17,2.34,3.430013465,10.2,0.7234810798,394.228,1.86879945,1.323164459
2.664,1.13,2.26,3.323386681,9.25,0.6519858091,392.302,1.842597981,1.332240951
2.665,1.09,2.18,3.216006719,8.18,0.5724951674,381.315,1.6906251,1.421049851
2.666,1.04,2.08,3.080722611,6.76,0.4686804357,377.997,1.643868528,1.45829643
2.667,1.01,2.02,2.998987263,5.95,0.4103110093,380.956,1.685585815,1.430884969
2.668,1.05,2.1,3.10787358,6.97,0.4839135551,384.175,1.730602294,1.403409951
2.669,1.11,2.22,3.269790847,8.76,0.6154479405,389.787,1.808189375,1.349125476
2.67,1.11,2.22,3.269790847,8.6,0.6035668934,402.105,1.974642921,1.268240788
2.671,1,2,2.971648,5.77,0.3974231805,409.545,2.072727354,1.203023038
2.672,0.87,1.74,2.611953881,2.47,0.1664378882,408.728,2.062043997,1.172077681
2.673,0.83,1.66,2.499678265,1.17,0.07816007964,406.676,2.03511692,1.18284459
2.674,0.82,1.64,2.471491677,1.01,0.06739971161,403.915,1.998670902,1.196228077
2.675,0.74,1.48,2.244304323,-1.88,-0.123065179,400.227,1.949597633,1.228724033
2.676,0.59,1.18,1.810207839,-7.95,-0.4997566601,396.03,1.89319836,1.299091193
2.677,0.49,0.98,1.514925983,-11.7,-0.7173027255,388.214,1.786555568,1.416808001
2.678,0.46,0.92,1.425423491,-12.82,-0.780110914,372.554,1.566270708,1.813147278
2.679,0.39,0.78,1.214936767,-15.68,-0.9360969855,368.758,1.511479264,2.111529694
2.68,0.19,0.38,0.6008362552,-23.54,-1.333585162,365.026,1.457058966,4.866103066
2.681,-0.09,-0.18,-0.2905379208,-34.18,-1.804515842,359.138,1.370057971,0.6687366954
2.682,-0.29,-0.58,-0.9498290888,-41.68,-2.09489284,353.708,1.288550712,1.177947989
2.683,-0.35,-0.7,-1.15128818,-43.86,-2.173432812,345.5,1.162937683,1.139330757
2.684,-0.31,-0.62,-1.016793825,-42.8,-2.135559514,338.316,1.050522021,0.9371047837
2.685,-0.23,-0.46,-0.7500646472,-39.95,-2.030739225,335.91,1.01233852,0.7365123017
2.686,-0.1,-0.2,-0.32305528,-35.78,-1.869189884,333.89,0.9800690879,0.3633423957
2.687,0.05,0.1,0.15976238,-30.25,-1.63904284,335.28,1.002295161,-0.2509037495
2.688,0.24,0.48,0.7561266432,-23.23,-1.318741538,336.561,1.022696888,-2.55409663
2.689,0.4,0.8,1.24514752,-16.52,-0.9807303901,346.932,1.185066097,6.093636498
2.69,0.48,0.96,1.485138893,-12.94,-0.7867822989,350.275,1.236371339,3.303325392
2.691,0.47,0.94,1.455304729,-13.41,-0.8128043309,352.506,1.270338934,3.180753367
2.692,0.42,0.84,1.305427805,-15.41,-0.9216377426,353.638,1.287491824,3.56816521
2.693,0.36,0.72,1.124022067,-17.46,-1.030052276,353.888,1.291272604,4.302965534
2.694,0.26,0.52,0.8179132832,-21.58,-1.238609678,353.912,1.291635418,15.42483474
2.695,0.09,0.18,0.2867249592,-28.1,-1.544399488,353.532,1.285887966,-1.109138028
2.696,-0.07,-0.14,-0.2256444232,-34.19,-1.80492481,353.854,1.290758575,0.4388549998
2.697,-0.12,-0.24,-0.3882312192,-36.37,-1.892655812,354.003,1.293010866,0.6474351559
2.698,-0.08,-0.16,-0.2580676352,-35,-1.837851888,355.318,1.312847465,0.4915532593
2.699,-0.07,-0.14,-0.2256444232,-34.49,-1.817165885,355.27,1.312124683,0.4467841874
2.7,-0.13,-0.26,-0.4208897992,-36.85,-1.91159652,355.123,1.309910556,0.6995173973
2.701,-0.21,-0.42,-0.6838530888,-39.99,-2.032241151,354.446,1.29970168,0.9335375301
2.702,-0.26,-0.52,-0.8497350368,-41.8,-2.099282249,353.431,1.284359315,1.042718276
2.703,-0.29,-0.58,-0.9498290888,-42.96,-2.141314298,349.632,1.226541316,1.038322193
2.704,-0.3,-0.6,-0.98328792,-43.27,-2.152425566,343.798,1.136517416,0.9678905716
2.705,-0.21,-0.42,-0.6838530888,-40.55,-2.053175126,339.222,1.064830009,0.6919173044
2.706,-0.06,-0.12,-0.1932682848,-35.35,-1.851958417,335.296,1.002550464,0.2275329353
2.707,0.1,0.2,0.31834792,-29.57,-1.609430277,334.35,0.9874347062,-0.5118170207
2.708,0.23,0.46,0.7251627128,-24.82,-1.394175695,333.752,0.9778574236,-1.741846951
2.709,0.32,0.64,1.002143437,-21.2,-1.219884144,333.115,0.9676366418,-3.972857722
2.71,0.42,0.84,1.305427805,-16.95,-1.003374068,332.074,0.9508914625,-24.87353279
2.711,0.5,1,1.544666,-13.31,-0.807282055,330.388,0.9236593511,13.27291535
2.712,0.52,1.04,1.604004813,-12.39,-0.7561130555,327.911,0.8833979728,12.60168798
2.713,0.51,1.02,1.574358943,-12.71,-0.7739856404,326.06,0.853112604,19.89661767
2.714,0.51,1.02,1.574358943,-12.83,-0.7806672903,323.394,0.8091890002,55.19861712
2.715,0.48,0.96,1.485138893,-14.29,-0.8610680197,321.187,0.7725528097,-16.77834683
2.716,0.38,0.76,1.184678941,-18.17,-1.066872416,320.777,0.7657190922,-3.933806631
2.717,0.28,0.56,0.8795116288,-22.38,-1.277699216,321.651,0.7802760633,-1.76813569
2.718,0.2,0.4,0.63198848,-25.69,-1.434721931,322.102,0.7877722626,-0.9768742626
2.719,0.15,0.3,0.47575662,-27.79,-1.530506376,323.121,0.8046707753,-0.6554605743
2.72,0.14,0.28,0.4443690272,-28.37,-1.556448844,324.317,0.8244367058,-0.6070514459
2.721,0.14,0.28,0.4443690272,-28.13,-1.545740651,325.701,0.8472188786,-0.6361563014
2.722,0.19,0.38,0.6008362552,-26.25,-1.460551169,327.899,0.8832021844,-1.040681237
2.723,0.32,0.64,1.002143437,-21.41,-1.230245092,330.831,0.9308280815,-3.346982305
2.724,0.4,0.8,1.24514752,-17.74,-1.044617259,335.181,1.000715203,-28.36194101
2.725,0.32,0.64,1.002143437,-21.41,-1.230245092,337.494,1.03750741,-5.199520016
2.726,0.11,0.22,0.3499238072,-30.08,-1.631667319,339.941,1.076157633,-0.6299148619
2.727,-0.06,-0.12,-0.1932682848,-37.09,-1.921016643,341.737,1.104348721,0.2366546789
2.728,-0.08,-0.16,-0.2580676352,-38.2,-1.964152861,344.054,1.140499668,0.313320749
2.729,0.01,0.02,0.0320466232,-35.08,-1.84108266,347.57,1.194895589,-0.0495934144
2.73,0.08,0.16,0.2550549248,-32.61,-1.739555083,350.93,1.246366279,-0.5171547346
2.731,0.13,0.26,0.4129343608,-30.71,-1.658908259,354.135,1.295005392,-1.134737861
2.732,0.32,0.64,1.002143437,-23.54,-1.333585162,357.726,1.348982258,65.08652026
2.733,0.73,1.46,2.215694073,-5.16,-0.33046696,361.735,1.408605704,2.055110332
2.734,1.23,2.46,3.588541433,10.48,0.7447194677,366.669,1.481085547,1.612244293
2.735,1.59,3.18,4.504121599,18.68,1.401132551,372.465,1.564992486,1.518520475
2.736,1.7,3.4,4.77171368,20.8,1.581989574,378.509,1.651110243,1.475894327
2.737,1.64,3.28,4.626460467,19.54,1.473933415,389.647,1.806267467,1.410419859
2.738,1.6,3.2,4.52868352,18.83,1.413775067,396.361,1.897667997,1.367586105
2.739,1.67,3.34,4.699298905,20.27,1.536334569,398.339,1.92430024,1.357929734
2.74,1.76,3.52,4.915272243,21.88,1.675939444,399.991,1.946441992,1.356917356
2.741,1.76,3.52,4.915272243,21.91,1.6785668,401.328,1.964294949,1.349288714
2.742,1.67,3.34,4.699298905,20.28,1.537193253,402.228,1.976279184,1.337508402
2.743,1.56,3.12,4.430153395,18.22,1.362507385,402.369,1.978154284,1.326130519
2.744,1.49,2.98,4.255913343,17.05,1.265247458,401.931,1.972327353,1.314537452
2.745,1.49,2.98,4.255913343,17.05,1.265247458,400.954,1.959306927,1.319845422
2.746,1.51,3.02,4.305931583,17.44,1.297511257,400.826,1.957598728,1.322822148
2.747,1.51,3.02,4.305931583,17.32,1.28756734,401.334,1.964374933,1.324110707
2.748,1.46,2.92,4.180532931,16.44,1.21509526,400.916,1.958799862,1.317161649
2.749,1.38,2.76,3.977447261,14.97,1.09578871,399.501,1.939884077,1.310235832
2.75,1.31,2.62,3.797275935,13.14,0.9502973436,397.536,1.913504446,1.325956269
2.751,1.29,2.58,3.745374751,12.7,0.9158123613,395.11,1.88075555,1.339275451
2.752,1.33,2.66,3.848988825,13.84,1.005555305,393.19,1.854694354,1.345682819
2.753,1.39,2.78,4.002997727,15.09,1.105446223,392.098,1.839815217,1.359131543
2.754,1.39,2.78,4.002997727,15.22,1.115924885,391.673,1.83401314,1.35697689
2.755,1.34,2.68,3.874774659,13.99,1.017459711,391.899,1.837099263,1.357398707
2.756,1.25,2.5,3.6410075,11.66,0.8350606483,391.357,1.829695042,1.366356966
2.757,1.16,2.32,3.403427379,9.55,0.674469466,389.796,1.808312902,1.370811805
2.758,1.11,2.22,3.269790847,8.27,0.5791392686,387.735,1.779950366,1.386039258
2.759,1.08,2.16,3.189044045,7.37,0.5130437536,383.545,1.721821747,1.426951217
2.76,1.01,2.02,2.998987263,5.69,0.3917049323,373.499,1.579824042,1.521147953
2.761,0.91,1.82,2.723476319,3,0.2028649755,373.275,1.576614504,1.530490433
2.762,0.81,1.62,2.443258015,0.48,0.03191873829,373.662,1.582158345,1.513718298
2.763,0.77,1.54,2.329852633,-1.15,-0.07564630481,374.88,1.599569007,1.528852238
2.764,0.78,1.56,2.358274589,-0.91,-0.05995503512,376.973,1.629355624,1.502659426
2.765,0.77,1.54,2.329852633,-1.46,-0.09583975751,381.1,1.687607714,1.463688613
2.766,0.72,1.44,2.187036749,-3.72,-0.240543081,394.097,1.867021376,1.344645517
2.767,0.69,1.38,2.100782335,-5.67,-0.3618958053,396.174,1.895143313,1.370152128
2.768,0.66,1.32,2.014104259,-6.96,-0.4404238199,397.301,1.910340904,1.37021624
2.769,0.6,1.2,1.83947712,-10.16,-0.6293274337,396.665,1.901769754,1.445627115
2.77,0.5,1,1.544666,-15.1,-0.9049683735,394.785,1.876353066,1.59016918
2.771,0.45,0.9,1.39549518,-17.33,-1.023270261,391.095,1.826112202,1.738194169
2.772,0.53,1.06,1.633603609,-13.95,-0.8424912778,383.254,1.7177611,1.866400015
2.773,0.69,1.38,2.100782335,-6.35,-0.403462751,376.293,1.619696351,1.727285231
2.774,0.81,1.62,2.443258015,0.33,0.02192222892,376.465,1.622141227,1.486109314
2.775,0.88,1.76,2.639905101,2.01,0.135027589,378.548,1.651661456,1.477540318
2.776,0.95,1.9,2.83424558,3.8,0.2583323737,381.482,1.692967663,1.452490918
2.777,1.05,2.1,3.10787358,6.43,0.4448262407,385.303,1.746287744,1.418398861
2.778,1.15,2.3,3.37679422,9.07,0.6385370409,390.275,1.814883203,1.376361929
2.779,1.21,2.42,3.535887071,10.57,0.7515622124,402.223,1.976212679,1.296253251
2.78,1.21,2.42,3.535887071,10.71,0.7622220918,407.49,2.045814742,1.259202525
2.781,1.18,2.36,3.456552477,9.79,0.6925186578,409.2,2.068218624,1.252039627
2.782,1.08,2.16,3.189044045,7.42,0.5166956286,410.861,2.089891066,1.223455967
2.783,0.96,1.92,2.861820211,4.2,0.286285154,412.177,2.10699989,1.195770733
2.784,0.87,1.74,2.611953881,2.04,0.1370702779,413.306,2.121634119,1.156394739
2.785,0.88,1.76,2.639905101,2.24,0.1507089033,414.195,2.133129336,1.155907216
2.786,0.95,1.9,2.83424558,3.97,0.2701944075,412.382,2.109660099,1.190932291
2.787,1,2,2.971648,5.11,0.3504252631,410.79,2.088966464,1.21819221
2.788,0.97,1.94,2.889347769,4.36,0.2975073278,409.56,2.0729233,1.218912604
2.789,0.89,1.78,2.667809247,2.49,0.1678078821,408.503,2.059098073,1.197989184
2.79,0.83,1.66,2.499678265,0.99,0.0660562702,406.556,2.033538034,1.190552984
2.791,0.81,1.62,2.443258015,0.38,0.02525218363,403.424,1.992163473,1.211083104
2.792,0.8,1.6,2.41497728,0.04,0.002652113866,398.883,1.931601595,1.248531808
2.793,0.75,1.5,2.2728675,-2.14,-0.1398422971,388.584,1.791652132,1.375986177
2.794,0.63,1.26,1.927002521,-7.65,-0.4818619997,377.923,1.642821062,1.659836753
2.795,0.44,0.88,1.365519795,-15.66,-0.9350278181,373.062,1.573560789,2.138526681
2.796,0.32,0.64,1.002143437,-20.79,-1.199565442,368.025,1.5008342,3.326410092
2.797,0.39,0.78,1.214936767,-18.27,-1.072028563,365.102,1.458172743,3.146329348
2.798,0.54,1.08,1.663155331,-11.41,-0.7008794776,362.312,1.417132639,2.322021628
2.799,0.58,1.16,1.780891485,-9.34,-0.5817117538,356.179,1.325795804,2.393400967
2.8,0.38,0.76,1.184678941,-17.69,-1.042020615,347.864,1.199419095,7.526622461
2.801,-0.02,-0.04,-0.0642344672,-33.6,-1.780692295,341.207,1.096044964,0.09382124824
2.802,-0.34,-0.68,-1.117593981,-45.78,-2.240543281,334.693,0.9929203033,0.8957786131
2.803,-0.4,-0.8,-1.32046528,-48.13,-2.32014323,331.523,0.9420070019,0.9581529412
2.804,-0.29,-0.58,-0.9498290888,-44.55,-2.197769656,329.599,0.9108677294,0.7380741836
2.805,-0.14,-0.28,-0.4535954528,-39.72,-2.022085888,329.963,0.916772861,0.4103773698
2.806,-0.09,-0.18,-0.2905379208,-37.95,-1.954499134,330.256,0.9215214372,0.2812625304
2.807,-0.12,-0.24,-0.3882312192,-39.12,-1.999372973,331.303,0.9384555418,0.3659391465
2.808,-0.12,-0.24,-0.3882312192,-39.41,-2.01037604,332.466,0.9572031976,0.3686301087
2.809,-0.08,-0.16,-0.2580676352,-37.94,-1.954112242,334.5,0.9898343474,0.2676278659
2.81,0.03,0.06,0.0959986488,-34.25,-1.807377356,337.833,1.042878586,-0.125570704
2.811,0.19,0.38,0.6008362552,-28.32,-1.554221063,338.708,1.056717371,-1.207702102
2.812,0.37,0.74,1.154374041,-21.6,-1.239592405,339.843,1.074615084,-6.997168082
2.813,0.5,1,1.544666,-15.94,-0.949968731,341.567,1.101686655,10.18117012
2.814,0.59,1.18,1.810207839,-12.04,-0.736473308,344.195,1.142691753,4.456242353
2.815,0.63,1.26,1.927002521,-9.85,-0.6113898286,347.144,1.188334327,3.340013687
2.816,0.65,1.3,1.98511742,-9.03,-0.5635697383,350.188,1.235042361,2.956363897
2.817,0.64,1.28,1.956083507,-9.59,-0.5962859644,353.666,1.287915404,2.828224761
2.818,0.62,1.24,1.897874461,-10.58,-0.6535074781,357.807,1.350193523,2.724145939
2.819,0.63,1.26,1.927002521,-9.95,-0.6171845625,361.676,1.407733033,2.437551387
2.82,0.7,1.4,2.12958088,-6.67,-0.4228905923,365.623,1.465801743,2.041958108
2.821,0.8,1.6,2.41497728,-1.24,-0.08151755551,369.476,1.521885995,1.67663857
2.822,0.88,1.76,2.639905101,1.62,0.1085462017,374.447,1.593385991,1.551122372
2.823,0.93,1.86,2.778955097,2.74,0.1849633106,380.687,1.681806748,1.488643491
2.824,0.94,1.88,2.806623875,3.02,0.2042445655,391.16,1.827001298,1.381725337
2.825,0.94,1.88,2.806623875,3.01,0.2035547251,400.735,1.956383973,1.299399783
2.826,0.94,1.88,2.806623875,3.12,0.2111479618,402.874,1.984864682,1.278054515
2.827,0.94,1.88,2.806623875,3.19,0.2159857435,403.204,1.989245152,1.272712024
2.828,0.93,1.86,2.778955097,2.89,0.1952837167,403.065,1.987400482,1.273182396
2.829,0.9,1.8,2.69566632,2.14,0.143885089,402.111,1.974722751,1.27237626
2.83,0.87,1.74,2.611953881,1.39,0.09299289374,401.568,1.967493371,1.26763955
2.831,0.87,1.74,2.611953881,1.27,0.08489690838,401.723,1.969558002,1.271361015
2.832,0.87,1.74,2.611953881,1.36,0.09096769082,402.085,1.974376815,1.264657723
2.833,0.84,1.68,2.527817779,0.49,0.03258588131,401.465,1.966120949,1.264726643
2.834,0.77,1.54,2.329852633,-2.59,-0.1687414774,399.185,1.935650624,1.318603527
2.835,0.69,1.38,2.100782335,-6.13,-0.390056781,395.91,1.891577025,1.399103571
2.836,0.64,1.28,1.956083507,-8.37,-0.5246856107,392.329,1.84296618,1.48381426
2.837,0.6,1.2,1.83947712,-10.01,-0.6206575565,387.41,1.775464108,1.592887673
2.838,0.54,1.08,1.663155331,-12.98,-0.7890036076,374.417,1.592957342,2.068720202
2.839,0.43,0.86,1.335497337,-18.06,-1.061192178,370.574,1.53776142,2.802315419
2.84,0.32,0.64,1.002143437,-22.64,-1.290306744,367.635,1.495161742,4.891964792
2.841,0.31,0.62,0.9715560952,-23.27,-1.320660578,365.817,1.468639706,6.565494102
2.842,0.39,0.78,1.214936767,-19.99,-1.159573893,363.898,1.440500848,4.324742591
2.843,0.51,1.02,1.574358943,-14.96,-0.8974163772,362.015,1.412745256,3.055056702
2.844,0.56,1.12,1.722117555,-12.4,-0.7566727833,359.477,1.375105598,2.784647766
2.845,0.51,1.02,1.574358943,-14.95,-0.896876379,357.105,1.339686772,3.555379384
2.846,0.4,0.8,1.24514752,-19.92,-1.156052802,354.485,1.300290313,8.632619289
2.847,0.31,0.62,0.9715560952,-23.94,-1.352640305,353.45,1.284646916,-14.2889789
2.848,0.31,0.62,0.9715560952,-24.14,-1.362126651,353.6,1.286916911,-12.91795587
2.849,0.38,0.76,1.184678941,-21.15,-1.217412646,354.675,1.303157085,13.81639387
2.85,0.41,0.82,1.275311199,-19.87,-1.153535578,355.841,1.320716452,7.628331957
2.851,0.36,0.72,1.124022067,-22.3,-1.273810472,356.9,1.336614665,17.89724558
2.852,0.34,0.68,1.063176899,-23.41,-1.327368501,357.588,1.34691799,54.38387233
2.853,0.44,0.88,1.365519795,-19.09,-1.114033214,357.828,1.35050751,5.774495657
2.854,0.65,1.3,1.98511742,-9.8,-0.6084894545,358.506,1.360634912,2.639273295
2.855,0.81,1.62,2.443258015,-1.2,-0.07890898373,359.679,1.378111065,1.880583513
2.856,0.86,1.72,2.583955587,0.77,0.05130192003,362.199,1.415463789,1.761668937
2.857,0.88,1.76,2.639905101,1.25,0.08354882834,366.105,1.472849991,1.696162364
2.858,0.93,1.86,2.778955097,2.52,0.1698635505,369.238,1.518438653,1.646005728
2.859,0.97,1.94,2.889347769,3.55,0.2409361762,372.521,1.565796796,1.599211291
2.86,0.97,1.94,2.889347769,3.57,0.242325773,376.57,1.62363319,1.548451936
2.861,1,2,2.971648,4.41,0.3010190778,385.514,1.749216714,1.449417678
2.862,1.08,2.16,3.189044045,6.24,0.4311382393,376.83,1.627325784,1.549234774
2.863,1.08,2.16,3.189044045,6.26,0.4325774929,370.894,1.542379287,1.614741182
2.864,1,2,2.971648,4.41,0.3010190778,369.679,1.524824621,1.627547858
2.865,0.94,1.88,2.806623875,2.69,0.1815277028,369.44,1.521364691,1.648151043
2.866,0.96,1.92,2.861820211,3.1,0.2097665561,369.706,1.525215351,1.6494813
2.867,1.04,2.08,3.080722611,5.27,0.3617816212,370.911,1.5426245,1.617681532
2.868,1.06,2.12,3.134977475,5.79,0.3988536725,372.465,1.564992486,1.596345753
2.869,1.01,2.02,2.998987263,4.37,0.298209494,374.109,1.588554555,1.589487177
2.87,0.95,1.9,2.83424558,2.88,0.1945950554,376.015,1.615742385,1.565589661
2.871,0.86,1.72,2.583955587,0.67,0.04460962798,378.371,1.649159339,1.525565551
2.872,0.72,1.44,2.187036749,-5.4,-0.3452841702,381.404,1.691873659,1.624130269
2.873,0.53,1.06,1.633603609,-13.96,-0.8430389189,389.391,1.802751336,1.702180341
2.874,0.36,0.72,1.124022067,-21.39,-1.22925968,391.156,1.826946589,1.880620189
2.875,0.27,0.54,0.8487359928,-25.32,-1.417540621,378.137,1.645849658,3.717487512
2.876,0.22,0.44,0.6941517088,-27.69,-1.526011312,373.295,1.576901148,13.64028201
2.877,0.15,0.3,0.47575662,-30.44,-1.647264359,368.387,1.506094028,-3.370089269
2.878,0.08,0.16,0.2550549248,-33.47,-1.775324561,364.55,1.450077924,-0.7841892744
2.879,0.06,0.12,0.1915736352,-34.2,-1.805333719,362.551,1.420660616,-0.4980167158
2.88,0.17,0.34,0.5383905848,-30.45,-1.647696437,360.976,1.397368428,-2.150740493
2.881,0.34,0.68,1.063176899,-24.07,-1.358809549,360.128,1.384785494,40.92928706
2.882,0.47,0.94,1.455304729,-18.78,-1.098211065,358.941,1.3671225,5.411836539
2.883,0.51,1.02,1.574358943,-16.74,-0.9923327507,357.713,1.348787832,4.416710615
2.884,0.51,1.02,1.574358943,-16.83,-0.9970687654,356.798,1.335085447,4.657636828
2.885,0.55,1.1,1.69265998,-15.22,-0.9114296718,355.777,1.319754138,4.145379768
2.886,0.64,1.28,1.956083507,-10.92,-0.6729789208,354.267,1.296999176,3.134647461
2.887,0.73,1.46,2.215694073,-6.48,-0.4113655559,353.38,1.283587256,2.54028772
2.888,0.78,1.56,2.358274589,-3.85,-0.2487334161,354.01,1.293116655,2.258054803
2.889,0.8,1.6,2.41497728,-2.67,-0.1738608231,355.153,1.310362493,2.124921892
2.89,0.83,1.66,2.499678265,-1.2,-0.07890898373,356.854,1.335925072,1.988580965
2.891,0.87,1.74,2.611953881,0.6,0.03993030927,359.191,1.370847442,1.851428319
2.892,0.91,1.82,2.723476319,1.62,0.1085462017,362.354,1.417752787,1.784366196
2.893,0.94,1.88,2.806623875,2.22,0.1493434198,366.212,1.474413385,1.728475512
2.894,0.96,1.92,2.861820211,2.9,0.1959724686,370.374,1.534873228,1.653423073
2.895,1.01,2.02,2.998987263,4.02,0.2736882735,374.746,1.59765632,1.602584192
2.896,1.03,2.06,3.053524569,4.53,0.3094566527,380.092,1.67343835,1.539932555
2.897,0.97,1.94,2.889347769,3.07,0.2076951287,393.628,1.860650751,1.396936459
2.898,0.86,1.72,2.583955587,0.11,0.007296713423,394.065,1.866586948,1.378930635
2.899,0.76,1.52,2.301383603,-5.35,-0.3422012381,393.245,1.855442668,1.520830423
2.9,0.74,1.48,2.244304323,-6.66,-0.4222847572,391.806,1.835829525,1.58771365
2.901,0.79,1.58,2.386649471,-4,-0.2581659283,389.237,1.800635049,1.547291572
2.902,0.86,1.72,2.583955587,0.1,0.00663293416,384.845,1.73992455,1.479456365
2.903,0.93,1.86,2.778955097,1.94,0.1302644618,373.9,1.585564885,1.619598768
2.904,0.98,1.96,2.916828253,3.13,0.2118388009,372.825,1.570160944,1.636828659
2.905,0.96,1.92,2.861820211,2.58,0.1739773267,371.939,1.557431805,1.652885016
2.906,0.86,1.72,2.583955587,-0.03,-0.001988158449,371.777,1.555101077,1.663726801
2.907,0.72,1.44,2.187036749,-6.7,-0.4247076006,372.52,1.565782435,1.916646204
2.908,0.59,1.18,1.810207839,-12.73,-0.7751000269,373.448,1.579093468,2.251520654
2.909,0.5,1,1.544666,-16.71,-0.9907527374,374.666,1.596514091,2.549957985
2.91,0.45,0.9,1.39549518,-18.76,-1.097187879,375.576,1.609492576,2.723955465
2.911,0.44,0.88,1.365519795,-19.05,-1.111995574,374.652,1.596314176,2.819465926
2.912,0.48,0.96,1.485138893,-17.68,-1.041501064,371.524,1.55145908,2.912276791
2.913,0.52,1.04,1.604004813,-15.93,-0.9494361434,367.544,1.493837302,2.946365536
2.914,0.52,1.04,1.604004813,-15.84,-0.9446394691,363.79,1.438912804,3.245177715
2.915,0.47,0.94,1.455304729,-18.02,-1.059124433,360.98,1.397427712,4.30177542
2.916,0.39,0.78,1.214936767,-21.46,-1.232707384,358.629,1.362470131,9.362754698
2.917,0.32,0.64,1.002143437,-24.76,-1.391360512,357,1.338113474,-18.82064211
2.918,0.24,0.48,0.7561266432,-27.99,-1.539476864,355.26,1.311974091,-3.323593093
2.919,0.17,0.34,0.5383905848,-31.08,-1.67479003,353.058,1.278710111,-1.359297855
2.92,0.13,0.26,0.4129343608,-32.57,-1.737880348,350.605,1.241409292,-0.8317390423
2.921,0.16,0.32,0.5070971392,-31.61,-1.697389917,349.668,1.227092153,-1.07824697
2.922,0.24,0.48,0.7561266432,-28.85,-1.577752985,349.208,1.220049414,-2.113835887
2.923,0.31,0.62,0.9715560952,-26,-1.449046214,350.028,1.232597401,-4.488618257
2.924,0.39,0.78,1.214936767,-23.03,-1.309129711,351.467,1.254546697,-22.25851381
2.925,0.53,1.06,1.633603609,-17.22,-1.017521857,353.804,1.29000256,5.995300179
2.926,0.72,1.44,2.187036749,-8.15,-0.5116455393,355.812,1.320280425,2.704603509
2.927,0.89,1.78,2.667809247,0.45,0.02991784121,357.626,1.347486491,1.936838141
2.928,0.97,1.94,2.889347769,2.36,0.1589093763,358.361,1.358470633,1.904168864
2.929,0.97,1.94,2.889347769,2.52,0.1698635505,357.732,1.349071991,1.902218817
2.93,1,2,2.971648,3.16,0.2139118633,357.001,1.33812846,1.914671903
2.931,1.07,2.14,3.162034297,5.09,0.3490073834,356.987,1.337918653,1.874435647
2.932,1.15,2.3,3.37679422,7.06,0.4904547193,358.224,1.356424958,1.828378027
2.933,1.2,2.4,3.50948928,8.25,0.5776621365,361.269,1.401709199,1.773032284
2.934,1.22,2.44,3.562237789,8.78,0.6169347889,365.11,1.458289969,1.716555171
2.935,1.22,2.44,3.562237789,8.98,0.6318242889,370.305,1.53387644,1.644843048
2.936,1.22,2.44,3.562237789,8.85,0.6221417664,375.61,1.609976877,1.595899841
2.937,1.2,2.4,3.50948928,8.22,0.5754471511,381.087,1.687425213,1.550900235
2.938,1.15,2.3,3.37679422,7.09,0.4926368002,388.129,1.78538405,1.482336836
2.939,1.13,2.26,3.323386681,6.37,0.4405000682,402.457,1.979324227,1.373399998
2.94,1.16,2.32,3.403427379,7.22,0.5021022725,410.481,2.084940631,1.315566655
2.941,1.26,2.52,3.667169923,9.95,0.7045822624,414.948,2.142846722,1.287888107
2.942,1.42,2.84,4.079366685,14.34,1.045323983,418.554,2.189138681,1.261219284
2.943,1.61,3.22,4.553198367,17.91,1.336600617,420.752,2.217160229,1.281233759
2.944,1.76,3.52,4.915272243,20.91,1.591502177,420.867,2.218622292,1.290055557
2.945,1.84,3.68,5.104047539,22.37,1.718972778,418.816,2.192486544,1.304895978
2.946,1.8,3.6,5.01003648,21.77,1.666313985,417.276,2.172778164,1.305005529
2.947,1.69,3.38,4.747622495,19.57,1.476486873,416.232,2.159376006,1.305776002
2.948,1.56,3.12,4.430153395,17.15,1.273505381,416.948,2.16857114,1.28705837
2.949,1.47,2.94,4.205706809,15.48,1.136933309,418.998,2.194810926,1.262313825
2.95,1.43,2.86,4.104728857,14.73,1.076517106,420.59,2.215099949,1.24702503
2.951,1.46,2.92,4.180532931,15.3,1.122381755,420.982,2.220083956,1.250733229
2.952,1.47,2.94,4.205706809,15.63,1.149084592,418.799,2.19226938,1.258683409
2.953,1.43,2.86,4.104728857,14.92,1.09176902,413.257,2.120999805,1.277629696
2.954,1.35,2.7,3.90051342,12.91,0.9322472266,407.473,2.045591541,1.309847082
2.955,1.17,2.34,3.430013465,7.98,0.5577580344,402.155,1.975308129,1.354095489
2.956,0.99,1.98,2.944261663,3.26,0.220827979,399.172,1.935476391,1.365420255
2.957,0.93,1.86,2.778955097,1.81,0.1214303351,399.36,1.937995513,1.349383421
2.958,1,2,2.971648,3.56,0.241630929,399.623,1.941517616,1.361175357
2.959,1.17,2.34,3.430013465,7.83,0.5467300784,400.132,1.948327578,1.374723128
2.96,1.24,2.48,3.614798003,9.71,0.6864961027,400.332,1.951001027,1.370541019
2.961,1.2,2.4,3.50948928,8.71,0.6117324897,399.867,1.944783198,1.372762662
2.962,1.23,2.46,3.588541433,9.4,0.6632168394,398.208,1.92254052,1.387810585
2.963,1.24,2.48,3.614798003,9.72,0.6872485852,395.393,1.884586149,1.405532772
2.964,1.11,2.22,3.269790847,6.41,0.4433838091,392.084,1.83962419,1.432229255
2.965,0.9,1.8,2.69566632,0.82,0.05465139965,387.383,1.775091234,1.473248899
2.966,0.76,1.52,2.301383603,-6.4,-0.4065039518,377.71,1.639804916,1.86603568
2.967,0.81,1.62,2.443258015,-3.59,-0.2323383421,369.113,1.516627183,1.902420964
2.968,0.96,1.92,2.861820211,2.05,0.1377513541,367.161,1.488259417,1.760025371
2.969,0.98,1.96,2.916828253,2.56,0.1726057065,366.627,1.480472698,1.764482704
2.97,0.86,1.72,2.583955587,-1.1,-0.07238144249,365.921,1.470160469,1.848615223
2.971,0.69,1.38,2.100782335,-10.04,-0.6223929723,365.005,1.456751171,2.517842264
2.972,0.55,1.1,1.69265998,-16.8,-0.9954907644,363.616,1.436353298,3.839428052
2.973,0.57,1.14,1.751528057,-16.06,-0.9563539179,361.651,1.407363214,3.883574178
2.974,0.72,1.44,2.187036749,-9,-0.5618099385,359.908,1.381516213,2.668073695
2.975,0.88,1.76,2.639905101,-0.34,-0.02248599305,359.116,1.369730232,1.959485166
2.976,0.97,1.94,2.889347769,1.96,0.1316249058,358.952,1.367286452,1.927630846
2.977,0.99,1.98,2.944261663,2.59,0.1746632724,359.483,1.375194893,1.899697487
2.978,1.1,2.2,3.24292232,5.29,0.3632028321,360.579,1.391481281,1.848151639
2.979,1.39,2.78,4.002997727,13.27,0.9605227547,362.687,1.42266713,1.679680563
2.98,1.71,3.42,4.795757791,19.75,1.491827347,366.051,1.472060815,1.618063007
2.981,1.81,3.62,5.033609855,21.69,1.659321717,371.14,1.545926564,1.570427441
2.982,1.7,3.4,4.77171368,19.67,1.485005183,377.855,1.641858346,1.526038356
2.983,1.58,3.16,4.479512605,17.35,1.290051935,387.707,1.779564005,1.459307188
2.984,1.62,3.24,4.577666141,18.04,1.347452685,403.468,1.992746947,1.370476811
2.985,1.77,3.54,4.939033913,21,1.599294702,406.007,2.026308686,1.362265362
2.986,1.84,3.68,5.104047539,22.32,1.71456991,406.04,2.026743513,1.364239496
2.987,1.77,3.54,4.939033913,21.1,1.607963086,403.76,1.996617477,1.370210439
2.988,1.67,3.34,4.699298905,19.21,1.445907278,402.521,1.980174933,1.371624677
2.989,1.58,3.16,4.479512605,17.6,1.310792792,401.01,1.960054093,1.369526842
2.99,1.51,3.02,4.305931583,16.28,1.202003341,400.169,1.948822266,1.366604224
2.991,1.45,2.9,4.15531198,15.06,1.103030487,400.313,1.950747107,1.360712054
2.992,1.36,2.72,3.926205107,13.01,0.9400886718,400.251,1.949918441,1.358545136
2.993,1.25,2.5,3.6410075,9.93,0.7030729625,400.135,1.948367689,1.373218555
2.994,1.12,2.24,3.296612301,6.48,0.448433957,400.07,1.947498537,1.375920361
2.995,1.01,2.02,2.998987263,3.54,0.2402415146,399.989,1.946415242,1.371494294
2.996,0.94,1.88,2.806623875,1.68,0.1126113781,398.324,1.924098775,1.378018306
2.997,0.9,1.8,2.69566632,0.8,0.05331134101,394.982,1.879022081,1.39503167
2.998,0.87,1.74,2.611953881,-0.09,-0.005962092718,383.693,1.723885774,1.520413223
2.999,0.81,1.62,2.443258015,-2.94,-0.191097962,380.728,1.682382912,1.638357589
3,0.74,1.48,2.244304323,-6.35,-0.403462751,376.345,1.620435618,1.844169566
3.001,0.69,1.38,2.100782335,-8.95,-0.5588753209,373.482,1.579580529,2.058167548
3.002,0.67,1.34,2.043044025,-9.6,-0.5968678865,370.585,1.537920226,2.171020611
3.003,0.71,1.42,2.158332351,-7.79,-0.4902220126,368.954,1.514322108,2.107540426
3.004,0.74,1.48,2.244304323,-6.11,-0.3888360597,367.036,1.486437699,2.04473485
3.005,0.68,1.36,2.071936717,-8.85,-0.5530000139,365.282,1.460809712,2.282346973
3.006,0.5,1,1.544666,-17,-1.005998115,363.625,1.436485717,3.588177671
3.007,0.3,0.6,0.94092168,-25.78,-1.438887238,362.235,1.415995515,-41.10313899
3.008,0.25,0.5,0.7870435,-27.86,-1.533649024,360.803,1.394803793,-5.66849502
3.009,0.39,0.78,1.214936767,-22.49,-1.283038931,359.65,1.377679691,12.83735219
3.01,0.56,1.12,1.722117555,-15.26,-0.9135810115,358.154,1.355379421,3.89797138
3.011,0.58,1.16,1.780891485,-14.28,-0.8605229098,355.893,1.321498204,3.863312211
3.012,0.46,0.92,1.425423491,-19.81,-1.150512535,353.583,1.286659694,10.46972629
3.013,0.37,0.74,1.154374041,-23.93,-1.352165267,352.425,1.269109452,-13.8987744
3.014,0.43,0.86,1.335497337,-21.83,-1.250873491,351.881,1.260844861,133.93319
3.015,0.59,1.18,1.810207839,-14.99,-0.8990359156,351.756,1.258944023,5.029638967
3.016,0.74,1.48,2.244304323,-7.74,-0.4872381374,351.726,1.258487721,2.909958555
3.017,0.82,1.64,2.471491677,-3.65,-0.2361269356,352.196,1.265631979,2.400660096
3.018,0.83,1.66,2.499678265,-2.63,-0.1713018392,353.156,1.28019493,2.254210334
3.019,0.83,1.66,2.499678265,-2.93,-0.1904606668,354.527,1.300924153,2.251022476
3.02,0.81,1.62,2.443258015,-3.71,-0.2399124588,356.385,1.32888914,2.243627487
3.021,0.78,1.56,2.358274589,-5.72,-0.3649653387,358.29,1.357410564,2.376226445
3.022,0.73,1.46,2.215694073,-8.37,-0.5246856107,360.316,1.387577661,2.567753488
3.023,0.69,1.38,2.100782335,-10.42,-0.6443126236,362.736,1.42338988,2.696500657
3.024,0.7,1.4,2.12958088,-10.1,-0.625861643,365.747,1.467615873,2.529931903
3.025,0.78,1.56,2.358274589,-5.82,-0.3710981375,369.032,1.515453024,2.060789548
3.026,0.9,1.8,2.69566632,0.41,0.02725121946,372.806,1.569888289,1.687808927
3.027,0.96,1.92,2.861820211,1.92,0.1289043773,377.495,1.636758723,1.62081895
3.028,0.98,1.96,2.916828253,2.49,0.1678078821,382.365,1.705336768,1.557182598
3.029,1.11,2.22,3.269790847,5.64,0.3881340481,391.071,1.825783883,1.476925048
3.03,1.37,2.74,3.951849721,12.63,0.910343748,400.623,1.954888511,1.379242366
3.031,1.63,3.26,4.602086841,18.29,1.36837102,401.618,1.968159468,1.379303099
3.032,1.74,3.48,4.867607683,20.31,1.539769935,402.053,1.973951018,1.385314243
3.033,1.67,3.34,4.699298905,18.96,1.424750789,401.923,1.972220866,1.383378898
3.034,1.57,3.14,4.454856537,17.17,1.275158193,400.887,1.958412859,1.377689392
3.035,1.54,3.08,4.380605891,16.66,1.233139188,398.892,1.931722306,1.384138263
3.036,1.55,3.1,4.40540318,16.79,1.243824694,396.227,1.895858986,1.403135994
3.037,1.56,3.12,4.430153395,16.96,1.257824071,392.821,1.849671142,1.425634826
3.038,1.55,3.1,4.40540318,16.8,1.24464737,388.564,1.791376766,1.45104353
3.039,1.5,3,4.280946,15.82,1.164508873,374.759,1.597841909,1.549747421
3.04,1.4,2.8,4.02850112,13.65,0.990508566,372.615,1.567146617,1.575075932
3.041,1.29,2.58,3.745374751,10.78,0.7675591639,370.566,1.537645923,1.624746871
3.042,1.24,2.48,3.614798003,9.42,0.6647159412,369.175,1.517525749,1.656460886
3.043,1.22,2.44,3.562237789,9.03,0.6355526388,368.327,1.50522259,1.663994305
3.044,1.14,2.28,3.350113987,6.86,0.4759291374,367.885,1.498798625,1.696494095
3.045,0.99,1.98,2.944261663,2.93,0.1980392685,367.532,1.493662627,1.740414001
3.046,0.91,1.82,2.723476319,0.77,0.05130192003,367.301,1.490299005,1.76665457
3.047,0.95,1.9,2.83424558,1.88,0.1261852864,368.144,1.50256383,1.740136373
3.048,1,2,2.971648,3.04,0.2056245185,369.045,1.515641487,1.726431587
3.049,0.9,1.8,2.69566632,0.47,0.03125168393,370.605,1.538208951,1.717574981
3.05,0.73,1.46,2.215694073,-8.33,-0.5223176222,372.316,1.562851857,2.129381235
3.051,0.68,1.36,2.071936717,-10.98,-0.6764055293,374.904,1.599911505,2.243555289
3.052,0.84,1.68,2.527817779,-3.18,-0.2063673069,378.549,1.651675589,1.748981729
3.053,1.11,2.22,3.269790847,5.58,0.3838520527,382.401,1.705840452,1.564723442
3.054,1.38,2.76,3.977447261,12.76,0.9205035928,387.491,1.776582573,1.47472013
3.055,1.55,3.1,4.40540318,16.67,1.233960538,395.958,1.892225618,1.40919413
3.056,1.6,3.2,4.52868352,17.55,1.30663949,410.065,2.07951595,1.337411587
3.057,1.5,3,4.280946,15.62,1.148273799,414.173,2.132845163,1.304721362
3.058,1.33,2.66,3.848988825,11.45,0.8188837214,417.683,2.17799387,1.284333012
3.059,1.26,2.52,3.667169923,9.4,0.6632168394,420.214,2.210315005,1.276189067
3.06,1.36,2.72,3.926205107,12.15,0.8729747311,421.224,2.223158501,1.268099534
3.061,1.57,3.14,4.454856537,17.03,1.263597101,420.853,2.218444323,1.279380683
3.062,1.75,3.5,4.8914635,20.37,1.544926132,419.761,2.204544476,1.304574435
3.063,1.77,3.54,4.939033913,20.82,1.58371819,417.754,2.178903214,1.312657688
3.064,1.67,3.34,4.699298905,18.95,1.42390588,415.759,2.153292887,1.313681238
3.065,1.56,3.12,4.430153395,16.87,1.25040896,414.182,2.132961417,1.309390608
3.066,1.51,3.02,4.305931583,15.97,1.176711751,413.621,2.125710053,1.303870867
3.067,1.54,3.08,4.380605891,16.5,1.220011443,413.046,2.118267515,1.312234821
3.068,1.62,3.24,4.577666141,18.13,1.354975858,412.787,2.114911751,1.319254874
3.069,1.73,3.46,4.843704793,20.11,1.522609883,412.648,2.113109914,1.332254702
3.07,1.8,3.6,5.01003648,21.64,1.654954996,412.702,2.11380998,1.329357631
3.071,1.83,3.66,5.080615385,22.04,1.689963058,412.989,2.117529168,1.334373147
3.072,1.76,3.52,4.915272243,20.85,1.586311904,413.214,2.120443101,1.326031053
3.073,1.64,3.28,4.626460467,18.64,1.39776515,413.369,2.122449554,1.314255196
3.074,1.54,3.08,4.380605891,16.82,1.246293028,413.259,2.121025697,1.300918104
3.075,1.51,3.02,4.305931583,16.24,1.198734428,413.515,2.124338816,1.295767883
3.076,1.53,3.06,4.355761529,16.57,1.225751623,413.644,2.12600754,1.299544901
3.077,1.55,3.1,4.40540318,16.94,1.256175553,413.87,2.128929786,1.301408003
3.078,1.55,3.1,4.40540318,16.94,1.256175553,414.025,2.13093306,1.300638298
3.079,1.54,3.08,4.380605891,16.89,1.252056047,414.725,2.139970769,1.291441999
3.08,1.56,3.12,4.430153395,17.12,1.27102693,416.18,2.158707587,1.291689888
3.081,1.56,3.12,4.430153395,17.17,1.275158193,418.609,2.18984165,1.278543606
3.082,1.49,2.98,4.255913343,15.91,1.171827865,421.47,2.226282055,1.252435455
3.083,1.33,2.66,3.848988825,12.21,0.8776334616,424.142,2.260092473,1.226681012
3.084,1.14,2.28,3.350113987,7.27,0.5057470766,425.587,2.278288291,1.203330254
3.085,1.04,2.08,3.080722611,4.61,0.3150890612,424.704,2.26717668,1.193030819
3.086,1.06,2.12,3.134977475,5.07,0.3475898736,422.023,2.233297052,1.214689975
3.087,1.13,2.26,3.323386681,6.77,0.4694048836,417.667,2.177788926,1.255437614
3.088,1.16,2.32,3.403427379,7.67,0.5349904093,413.583,2.125218518,1.279383489
3.089,1.14,2.28,3.350113987,7.08,0.4919093458,410.489,2.085044898,1.300028511
3.09,1.08,2.16,3.189044045,5.57,0.3831387118,408.18,2.054866198,1.308054808
3.091,1.02,2.04,3.026279453,3.88,0.2639112146,406.989,2.039232987,1.31397741
3.092,0.98,1.96,2.916828253,2.96,0.2001068844,406.469,2.032393051,1.30653005
3.093,1.02,2.04,3.026279453,3.78,0.2569385775,406.586,2.033932799,1.321016746
3.094,1.09,2.18,3.216006719,5.6,0.385279013,407.205,2.042071623,1.324904063
3.095,1.11,2.22,3.269790847,6.22,0.4296993593,408.36,2.057224932,1.31479308
3.096,1.05,2.1,3.10787358,4.52,0.3087530157,409.893,2.077271444,1.302532154
3.097,0.96,1.92,2.861820211,2.3,0.1548075169,411.638,2.099999166,1.269208679
3.098,0.98,1.96,2.916828253,2.58,0.1739773267,413.49,2.124015359,1.269293967
3.099,1.11,2.22,3.269790847,5.98,0.4124619138,415,2.143517125,1.279271386
3.1,1.3,2.6,3.77134888,10.96,0.781304921,415.999,2.156380324,1.283782491
3.101,1.46,2.92,4.180532931,15.28,1.120766932,416.589,2.163962707,1.272717511
3.102,1.54,3.08,4.380605891,16.84,1.247939095,417.337,2.173560203,1.280317636
3.103,1.5,3,4.280946,16.09,1.186490475,417.538,2.176136278,1.273095801
3.104,1.36,2.72,3.926205107,13.06,0.9440131042,417.161,2.171303517,1.260290874
3.105,1.23,2.46,3.588541433,9.49,0.669965822,416.124,2.157987658,1.268953488
3.106,1.22,2.44,3.562237789,9.15,0.6445104399,414.694,2.139570851,1.279502075
3.107,1.29,2.58,3.745374751,11.19,0.7989148095,412.782,2.114846948,1.285408713
3.108,1.29,2.58,3.745374751,11.07,0.7897206161,410.887,2.090229612,1.300499819
3.109,1.14,2.28,3.350113987,7.12,0.4948197279,408.882,2.064059383,1.309211511
3.11,0.96,1.92,2.861820211,2.49,0.1678078821,406.641,2.03465646,1.29937187
3.111,0.95,1.9,2.83424558,2.18,0.1466135339,404.138,2.001623802,1.319335407
3.112,1.1,2.2,3.24292232,6.06,0.4182017598,401.425,1.965587875,1.360406251
3.113,1.21,2.42,3.535887071,9.11,0.6415229744,398.511,1.926609834,1.37683186
3.114,1.15,2.3,3.37679422,7.51,0.523274949,395.294,1.883246428,1.403184801
3.115,0.98,1.96,2.916828253,3.03,0.2049344966,390.529,1.818363974,1.441620352
3.116,0.89,1.78,2.667809247,0.75,0.04996275061,378.461,1.650431748,1.568935473
3.117,0.94,1.88,2.806623875,1.84,0.1234676326,377.492,1.636716206,1.594506105
3.118,0.96,1.92,2.861820211,2.43,0.1636989839,376.241,1.618956983,1.605368767
3.119,0.82,1.64,2.471491677,-2.51,-0.1636166177,375.246,1.60478973,1.714916588
3.12,0.59,1.18,1.810207839,-14.11,-0.8512443198,374.1,1.588425848,2.455579487
3.121,0.5,1,1.544666,-18.54,-1.085913568,371.629,1.552970881,3.307230091
3.122,0.64,1.28,1.956083507,-12.18,-0.7443407134,369.417,1.521031609,2.51848389
3.123,0.9,1.8,2.69566632,0.76,0.05063229087,367.3,1.490284439,1.749391299
3.124,1.1,2.2,3.24292232,5.86,0.4038633251,366.431,1.477611805,1.723606264
3.125,1.15,2.3,3.37679422,7,0.4860930969,365.747,1.467615873,1.728401862
3.126,1.05,2.1,3.10787358,4.53,0.3094566527,364.31,1.446554613,1.769848315
3.127,0.87,1.74,2.611953881,-0.58,-0.038297192,364.322,1.446730834,1.854509721
3.128,0.67,1.34,2.043044025,-9.59,-0.5962859644,364.979,1.456370066,2.37540029
3.129,0.53,1.06,1.633603609,-15.42,-0.9221742525,366.015,1.471534633,2.973646564
3.13,0.49,0.98,1.514925983,-17.27,-1.02013588,364.71,1.452425509,3.504423609
3.131,0.48,0.96,1.485138893,-17.61,-1.037862146,362.774,1.423950314,3.84663146
3.132,0.44,0.88,1.365519795,-19.25,-1.12217216,361.544,1.4057801,4.814815114
3.133,0.33,0.66,1.032683705,-23.84,-1.347886838,361.952,1.411814136,16.15403339
3.134,0.17,0.34,0.5383905848,-30.39,-1.64510302,362.101,1.414016046,-2.329817973
3.135,0.04,0.08,0.1279040512,-36.07,-1.880749522,362.008,1.412641806,-0.2732363656
3.136,-0.03,-0.06,-0.0964223112,-38.58,-1.978758381,362.91,1.425955594,0.1744244305
3.137,-0.01,-0.02,-0.0320936968,-38.09,-1.959909615,363.587,1.435926595,0.06124949775
3.138,0.03,0.06,0.0959986488,-36.81,-1.91002325,364.357,1.447244778,-0.2074397459
3.139,0.08,0.16,0.2550549248,-35.13,-1.843099958,365.708,1.467045366,-0.6782390912
3.14,0.19,0.38,0.6008362552,-30.98,-1.670506155,366.988,1.485737994,-3.251838688
3.141,0.39,0.78,1.214936767,-23.53,-1.333107371,367.946,1.499685649,7.293488592
3.142,0.6,1.2,1.83947712,-14.78,-0.8876847721,368.527,1.508126829,2.964784703
3.143,0.73,1.46,2.215694073,-8.4,-0.5264607472,371.085,1.545133678,2.175078975
3.144,0.76,1.52,2.301383603,-6.9,-0.4368019597,372.75,1.569084594,2.032516912
3.145,0.71,1.42,2.158332351,-9.5,-0.5910450453,375.162,1.603591982,2.131587459
3.146,0.66,1.32,2.014104259,-12.34,-0.7533132446,378.096,1.645269546,2.258075038
3.147,0.68,1.36,2.071936717,-11.31,-0.6952009083,381.296,1.690358515,2.082018669
3.148,0.83,1.66,2.499678265,-3.85,-0.2487334161,385.19,1.744718489,1.670924604
3.149,1.05,2.1,3.10787358,3.83,0.2604237534,389.621,1.805910466,1.504051741
3.15,1.21,2.42,3.535887071,8.09,0.5658587598,395.427,1.885046178,1.442686339
3.151,1.25,2.5,3.6410075,9.21,0.6489945115,411.67,2.10041505,1.324287058
3.152,1.22,2.44,3.562237789,8.39,0.5880100486,415.835,2.154270768,1.299005473
3.153,1.21,2.42,3.535887071,8.08,0.5651218558,419.715,2.203958158,1.276917624
3.154,1.27,2.54,3.693285273,9.59,0.6774738173,424.191,2.260710508,1.256995771
3.155,1.36,2.72,3.926205107,11.95,0.857471161,425.263,2.274213777,1.253703736
3.156,1.4,2.8,4.02850112,13.27,0.9605227547,424.378,2.263068478,1.249693534
3.157,1.37,2.74,3.951849721,12.44,0.895524723,423.55,2.252619946,1.255294828
3.158,1.28,2.56,3.719353549,10.13,0.7181833282,422.295,2.236744094,1.258695398
3.159,1.2,2.4,3.50948928,7.86,0.5489339641,420.167,2.209716586,1.272176093
3.16,1.15,2.3,3.37679422,6.59,0.4563791702,419.418,2.200171034,1.271120047
3.161,1.14,2.28,3.350113987,6.18,0.4268227197,419.816,2.205245424,1.272806707
3.162,1.14,2.28,3.350113987,6.23,0.4304187526,419.853,2.205716919,1.270842781
3.163,1.15,2.3,3.37679422,6.54,0.4527663051,419.133,2.196534404,1.274598315
3.164,1.16,2.32,3.403427379,6.91,0.479557009,418.11,2.183460415,1.278034213
3.165,1.15,2.3,3.37679422,6.6,0.4571020242,417.037,2.169713008,1.285508945
3.166,1.09,2.18,3.216006719,4.86,0.3327283302,415.053,2.144200334,1.298384877
3.167,0.98,1.96,2.916828253,2.01,0.135027589,412.577,2.112189316,1.297973616
3.168,0.88,1.76,2.639905101,-1.33,-0.08738173801,410.26,2.082059454,1.323474504
3.169,0.84,1.68,2.527817779,-3.96,-0.2556524629,408.096,2.0537651,1.405817259
3.17,0.84,1.68,2.527817779,-3.59,-0.2323383421,406.055,2.02694115,1.408566713
3.171,0.87,1.74,2.611953881,-1.91,-0.1250039901,404.242,2.003000382,1.390819435
3.172,0.9,1.8,2.69566632,-0.44,-0.02908014608,402.497,1.979855934,1.381843232
3.173,0.9,1.8,2.69566632,-0.14,-0.00927127891,400.52,1.953512852,1.386487336
3.174,0.88,1.76,2.639905101,-1.27,-0.08347306807,394.695,1.875133276,1.473440717
3.175,0.83,1.66,2.499678265,-3.79,-0.2449550501,388.42,1.789393714,1.618502776
3.176,0.77,1.54,2.329852633,-7.31,-0.4614921484,389.479,1.803960267,1.735499414
3.177,0.7,1.4,2.12958088,-10.8,-0.6661171347,391.485,1.831444565,1.827452805
3.178,0.66,1.32,2.014104259,-12.8,-0.7789979281,394.599,1.873831859,1.839643622
3.179,0.67,1.34,2.043044025,-12.34,-0.7533132446,402.485,1.979696427,1.665910014
3.18,0.73,1.46,2.215694073,-9.8,-0.6084894545,411.126,2.093340634,1.492199423
3.181,0.79,1.58,2.386649471,-6.48,-0.4113655559,412.685,2.113589599,1.402077171
3.182,0.85,1.7,2.55591022,-3.45,-0.2234863406,414.507,2.137157805,1.335605546
3.183,0.91,1.82,2.723476319,0.14,0.009288581452,416.515,2.163012285,1.253728874
3.184,1.02,2.04,3.026279453,2.74,0.1849633106,418.715,2.191196204,1.273601134
3.185,1.16,2.32,3.403427379,6.47,0.4477122266,421.045,2.220884524,1.275362184
3.186,1.31,2.62,3.797275935,10.3,0.7310575115,423.521,2.252253625,1.272839393
3.187,1.4,2.8,4.02850112,12.98,0.9377351997,426.178,2.285712523,1.249749171
3.188,1.45,2.9,4.15531198,14.22,1.035756731,428.709,2.317391306,1.239227119
3.189,1.46,2.92,4.180532931,14.58,1.064501714,430.257,2.336674511,1.229143289
3.19,1.47,2.94,4.205706809,14.78,1.080527253,430.374,2.338129142,1.230222147
3.191,1.49,2.98,4.255913343,15.12,1.107862866,428.965,2.32058506,1.241352774
3.192,1.49,2.98,4.255913343,15.22,1.115924885,426.95,2.295395012,1.24758553
3.193,1.46,2.92,4.180532931,14.63,1.068504338,424.448,2.263950873,1.254490358
3.194,1.38,2.76,3.977447261,12.54,0.9033197749,423.255,2.248892405,1.261795537
3.195,1.27,2.54,3.693285273,9.63,0.6804797069,423.092,2.246831667,1.261664648
3.196,1.19,2.38,3.483044415,7.3,0.5079350898,424.091,2.259449135,1.258605286
3.197,1.16,2.32,3.403427379,6.55,0.4534886908,424.593,2.265778229,1.25159739
3.198,1.19,2.38,3.483044415,7.32,0.5093942366,424.673,2.266786158,1.254617467
3.199,1.26,2.52,3.667169923,9.14,0.6437634298,426.493,2.289665396,1.250130867
3.2,1.32,2.64,3.823155917,10.82,0.7706110557,428.174,2.310710696,1.240751932
3.201,1.33,2.66,3.848988825,11.21,0.800448539,429.716,2.329943252,1.229554983
3.202,1.29,2.58,3.745374751,10.05,0.7121345496,430.424,2.338750658,1.227635423
3.203,1.2,2.4,3.50948928,7.64,0.5327919175,430.064,2.334274128,1.224069911
3.204,1.09,2.18,3.216006719,4.71,0.3221378573,429.81,2.331113432,1.212100313
3.205,0.98,1.96,2.916828253,1.79,0.1200725855,428.824,2.318826236,1.195961156
3.206,0.89,1.78,2.667809247,-0.92,-0.06060984386,428.298,2.312259842,1.184824129
3.207,0.9,1.8,2.69566632,-0.38,-0.0251247098,428.202,2.311060542,1.179239715
3.208,1.03,2.06,3.053524569,3,0.2028649755,427.54,2.302783046,1.218656628
3.209,1.2,2.4,3.50948928,7.32,0.5093942366,426.528,2.290104424,1.253613488
3.21,1.28,2.56,3.719353549,9.6,0.6782251455,424.473,2.264265979,1.264015214
3.211,1.23,2.46,3.588541433,8.22,0.5754471511,421.257,2.22357762,1.28206848
3.212,1.13,2.26,3.323386681,5.43,0.3731616845,418.507,2.188537888,1.297336626
3.213,1.1,2.2,3.24292232,4.74,0.3242542925,415.544,2.150525545,1.31038821
3.214,1.18,2.36,3.456552477,6.75,0.4679560817,412.87,2.11598738,1.337704376
3.215,1.29,2.58,3.745374751,9.63,0.6804797069,411.865,2.10294864,1.345597689
3.216,1.35,2.7,3.90051342,11.32,0.8088910218,411.65,2.100155126,1.340822119
3.217,1.35,2.7,3.90051342,11.25,0.8035171676,412.307,2.108687005,1.339368117
3.218,1.32,2.64,3.823155917,10.49,0.7454793851,413.133,2.119394268,1.334493726
3.219,1.27,2.54,3.693285273,9.28,0.6542302888,413.332,2.121970663,1.330337874
3.22,1.19,2.38,3.483044415,7.08,0.4919093458,413.331,2.121957719,1.332525461
3.221,1.06,2.12,3.134977475,3.46,0.2346875036,412.803,2.115119118,1.334142753
3.222,0.99,1.98,2.944261663,1.57,0.105161019,411.148,2.093626913,1.339038486
3.223,1.06,2.12,3.134977475,3.47,0.235381436,408.931,2.064700483,1.362985139
3.224,1.22,2.44,3.562237789,7.5,0.5225435358,406.851,2.037418626,1.391519704
3.225,1.36,2.72,3.926205107,11.47,0.8204225243,399.533,1.940312595,1.422159294
3.226,1.42,2.84,4.079366685,12.94,0.9345986218,402.114,1.974762665,1.402151979
3.227,1.37,2.74,3.951849721,11.75,0.8420068204,410.888,2.090242633,1.347719484
3.228,1.3,2.6,3.77134888,9.64,0.6812314197,411.637,2.099986169,1.356006411
3.229,1.22,2.44,3.562237789,7.41,0.515965065,411.864,2.10293565,1.360203451
3.23,1.21,2.42,3.535887071,7.28,0.5064763201,411.246,2.094901971,1.359236019
3.231,1.3,2.6,3.77134888,9.63,0.6804797069,409.609,2.073563339,1.369386323
3.232,1.39,2.78,4.002997727,12.26,0.8815184399,407.367,2.044199612,1.368210353
3.233,1.41,2.82,4.053957439,12.8,0.9236330551,399.175,1.935516599,1.417889208
3.234,1.36,2.72,3.926205107,11.32,0.8088910218,395.095,1.880552438,1.459857835
3.235,1.29,2.58,3.745374751,9.49,0.669965822,397.869,1.917984051,1.447236205
3.236,1.26,2.52,3.667169923,8.47,0.5939315134,403.68,1.995557336,1.416175213
3.237,1.24,2.48,3.614798003,8.1,0.5665957586,419.038,2.195321644,1.308800183
3.238,1.24,2.48,3.614798003,8.13,0.5688073248,422.633,2.241024459,1.286481996
3.239,1.25,2.5,3.6410075,8.2,0.5739709692,427.151,2.297913098,1.267811449
3.24,1.24,2.48,3.614798003,8.07,0.5643850467,430.524,2.339993474,1.244602925
3.241,1.23,2.46,3.588541433,7.72,0.5386564538,432.412,2.363403822,1.236549586
3.242,1.21,2.42,3.535887071,7.1,0.4933643487,433.768,2.380154627,1.230507646
3.243,1.18,2.36,3.456552477,6.43,0.4448262407,434.078,2.383976734,1.221913477
3.244,1.18,2.36,3.456552477,6.4,0.4426627336,434.864,2.393655403,1.218675871
3.245,1.23,2.46,3.588541433,7.57,0.5276654118,435.757,2.404630446,1.223799237
3.246,1.32,2.64,3.823155917,10.08,0.7144021175,436.421,2.412776492,1.222557581
3.247,1.45,2.9,4.15531198,13.79,1.001592152,437.139,2.421571081,1.213880758
3.248,1.57,3.14,4.454856537,16.32,1.205273881,437.408,2.424862271,1.227187177
3.249,1.62,3.24,4.577666141,17.19,1.276811415,437.306,2.423614549,1.237064648
3.25,1.57,3.14,4.454856537,16.28,1.202003341,436.675,2.415889322,1.231340162
3.251,1.46,2.92,4.180532931,13.95,1.014283009,435.694,2.403856909,1.223043243
3.252,1.37,2.74,3.951849721,11.51,0.8235013023,434.518,2.389396975,1.229995281
3.253,1.38,2.76,3.977447261,11.68,0.836603557,432.72,2.367213183,1.241471527
3.254,1.47,2.94,4.205706809,14.22,1.035756731,431.814,2.355999971,1.239978919
3.255,1.58,3.16,4.479512605,16.39,1.211001239,431.937,2.357523674,1.255284106
3.256,1.63,3.26,4.602086841,17.33,1.288395436,431.984,2.358105787,1.262055477
3.257,1.6,3.2,4.52868352,16.77,1.242179648,429.024,2.32132085,1.270852501
3.258,1.52,3.04,4.330870093,15.39,1.129653446,427.454,2.301706781,1.262143817
3.259,1.46,2.92,4.180532931,13.94,1.013489083,426.242,2.286515883,1.266826254
3.26,1.42,2.84,4.079366685,12.94,0.9345986218,423.122,2.247211003,1.28209012
3.261,1.4,2.8,4.02850112,12.38,0.8908524193,419.58,2.20223707,1.302419841
3.262,1.39,2.78,4.002997727,12.05,0.8652180382,416.073,2.157331924,1.324377687
3.263,1.39,2.78,4.002997727,12.12,0.8706466921,409.448,2.071460066,1.360588876
3.264,1.42,2.84,4.079366685,12.79,0.9228505414,397.822,1.917352021,1.436294276
3.265,1.46,2.92,4.180532931,13.99,1.017459711,397.319,1.910583284,1.427756675
3.266,1.51,3.02,4.305931583,15.14,1.109474464,397.532,1.913450614,1.424425506
3.267,1.55,3.1,4.40540318,15.95,1.175083384,398.068,1.920659262,1.423052134
3.268,1.57,3.14,4.454856537,16.35,1.207727853,398.668,1.92871714,1.420352197
3.269,1.57,3.14,4.454856537,16.22,1.197100581,399.212,1.936012474,1.421862684
3.27,1.54,3.08,4.380605891,15.67,1.152328775,399.416,1.938745661,1.417179037
3.271,1.5,3,4.280946,14.98,1.096592949,398.864,1.931346752,1.413814812
3.272,1.47,2.94,4.205706809,14.25,1.038147194,398.006,1.919825923,1.421820497
3.273,1.43,2.86,4.104728857,13.38,0.9691881135,397.244,1.909573295,1.425866293
3.274,1.4,2.8,4.02850112,12.5,0.9002005719,396.937,1.905437084,1.435859371
3.275,1.36,2.72,3.926205107,11.6,0.8304342699,396.999,1.906272667,1.434645798
3.276,1.33,2.66,3.848988825,10.68,0.7599362313,398.139,1.921613411,1.435359899
3.277,1.3,2.6,3.77134888,9.87,0.6985473763,399.186,1.935664026,1.431680417
3.278,1.27,2.54,3.693285273,9.35,0.6594707644,399.567,1.940767857,1.420363978
3.279,1.27,2.54,3.693285273,9.15,0.6445104399,399.254,1.936575303,1.430903752
3.28,1.27,2.54,3.693285273,9.24,0.6512378409,398.731,1.929562513,1.431061983
3.281,1.27,2.54,3.693285273,9.22,0.6497421922,398.115,1.921290901,1.436498535
3.282,1.25,2.5,3.6410075,8.71,0.6117324897,396.607,1.900987425,1.449030383
3.283,1.21,2.42,3.535887071,7.75,0.5408572157,391.979,1.83819127,1.486261038
3.284,1.18,2.36,3.456552477,6.92,0.4802828651,385.99,1.755818366,1.545794273
3.285,1.11,2.22,3.269790847,5.17,0.3546811216,381.578,1.694313821,1.595802302
3.286,0.91,1.82,2.723476319,-0.03,-0.001988158449,378.018,1.644165744,1.658454203
3.287,0.56,1.12,1.722117555,-14.78,-0.8876847721,371.877,1.556539918,2.574724237
3.288,0.16,0.32,0.5070971392,-30.26,-1.639476122,364.419,1.448155071,-2.650503625
3.289,-0.1,-0.2,-0.32305528,-40.33,-2.044971729,358.994,1.367912404,0.4771447174
3.29,-0.18,-0.36,-0.5848888032,-43.03,-2.143827743,353.138,1.279922239,0.6770286804
3.291,-0.14,-0.28,-0.4535954528,-41.73,-2.096722707,350.047,1.232887799,0.5250950715
3.292,-0.07,-0.14,-0.2256444232,-39.58,-2.016804215,347.172,1.188765831,0.2725047867
3.293,0,0,0,-37.15,-1.92336646,345.492,1.162813803,-0
3.294,0.1,0.2,0.31834792,-33.67,-1.78357836,343.785,1.136315113,-0.4918368554
3.295,0.22,0.44,0.6941517088,-29.54,-1.608117039,342.837,1.12154191,-1.426607459
3.296,0.3,0.6,0.94092168,-26.21,-1.458713183,342.231,1.112076862,-2.71443476
3.297,0.34,0.68,1.063176899,-24.79,-1.392768409,342.815,1.121198587,-3.914930201
3.298,0.33,0.66,1.032683705,-25.18,-1.411015502,343.612,1.133622201,-3.72281414
3.299,0.29,0.58,0.9102401912,-27.05,-1.497087256,344.483,1.147166413,-2.601274572
3.3,0.21,0.42,0.6630936312,-30.24,-1.638609494,347.485,1.193587059,-1.490022929
3.301,0.09,0.18,0.2867249592,-35.12,-1.842696617,348.839,1.214393205,-0.4563479257
3.302,-0.05,-0.1,-0.16093922,-40.38,-2.046838481,352.63,1.272220557,0.2077659385
3.303,-0.12,-0.24,-0.3882312192,-43.19,-2.14956301,356.899,1.336599675,0.4775507112
3.304,-0.09,-0.18,-0.2905379208,-42.32,-2.118213318,361.43,1.404092903,0.4068472409
3.305,0.02,0.04,0.0640461728,-38.81,-1.987558792,365.884,1.469619478,-0.1236557471
3.306,0.15,0.3,0.47575662,-34.24,-1.806968749,368.55,1.508460716,-1.593781629
3.307,0.27,0.54,0.8487359928,-29.76,-1.617734075,369.913,1.528210001,-9.48053359
3.308,0.39,0.78,1.214936767,-25.22,-1.412881174,371.127,1.545739165,9.144626954
3.309,0.5,1,1.544666,-20.95,-1.207508908,372.397,1.564015661,4.332781881
3.31,0.58,1.16,1.780891485,-17.59,-1.036821791,373.912,1.585736586,3.244386011
3.311,0.63,1.26,1.927002521,-15.41,-0.9216377426,375.425,1.607341181,2.810256466
3.312,0.66,1.32,2.014104259,-14.07,-0.8490579017,378,1.643910988,2.533932739
3.313,0.69,1.38,2.100782335,-12.82,-0.780110914,381.201,1.689025395,2.311309126
3.314,0.72,1.44,2.187036749,-11.27,-0.6929272689,385.025,1.742426272,2.083886448
3.315,0.75,1.5,2.2728675,-9.83,-0.6102299196,390.152,1.813196818,1.889384906
3.316,0.76,1.52,2.301383603,-9.13,-0.5694304816,396.694,1.902160876,1.726818577
3.317,0.76,1.52,2.301383603,-9.54,-0.5933751472,410.053,2.079359387,1.548726791
3.318,0.74,1.48,2.244304323,-10.57,-0.6529333971,411.433,2.097334147,1.553796149
3.319,0.73,1.46,2.215694073,-11.03,-0.6792588562,411.945,2.103987714,1.555168944
3.32,0.74,1.48,2.244304323,-10.49,-0.6483378822,411.867,2.102974619,1.542862398
3.321,0.77,1.54,2.329852633,-9.01,-0.5623966193,410.602,2.086517451,1.528653493
3.322,0.82,1.64,2.471491677,-6.35,-0.403462751,408.562,2.059870717,1.492079082
3.323,0.91,1.82,2.723476319,-1.79,-0.1172440613,405.918,2.025135795,1.42747949
3.324,1.01,2.02,2.998987263,1.89,0.1268649244,403.075,1.987533213,1.418364503
3.325,1.08,2.16,3.189044045,3.55,0.2409361762,399.369,1.93811608,1.46350049
3.326,1.03,2.06,3.053524569,2.34,0.1575417291,387.394,1.775243149,1.57985744
3.327,0.88,1.76,2.639905101,-3.17,-0.2057320702,386.438,1.762024252,1.696278585
3.328,0.74,1.48,2.244304323,-9.95,-0.6171845625,385.116,1.743690585,1.99227015
3.329,0.78,1.56,2.358274589,-8.35,-0.5235017793,384.125,1.729905951,1.954796447
3.33,0.88,1.76,2.639905101,-2.77,-0.1802522577,383.292,1.718291531,1.716409422
3.331,0.78,1.56,2.358274589,-7.21,-0.4554829271,381.97,1.699807124,1.895225211
3.332,0.43,0.86,1.335497337,-21.49,-1.234183912,381.39,1.691677276,2.919162203
3.333,0.09,0.18,0.2867249592,-35.13,-1.843099958,381.05,1.686905752,-1.835695236
3.334,-0.03,-0.06,-0.0964223112,-40.02,-2.033367014,380.023,1.67246705,0.2671718506
3.335,-0.01,-0.02,-0.0320936968,-39.14,-2.00013332,378.428,1.649965233,0.09165226071
3.336,-0.02,-0.04,-0.0642344672,-39.4,-2.009997408,376.192,1.618260177,0.1639733525
3.337,-0.01,-0.02,-0.0320936968,-39.39,-2.009618721,373.92,1.58585105,0.07573417945
3.338,0.1,0.2,0.31834792,-35.43,-1.855172554,372.514,1.565696264,-1.099737461
3.339,0.27,0.54,0.8487359928,-29.36,-1.600225496,371.894,1.556784483,-19.53766552
3.34,0.36,0.72,1.124022067,-26.23,-1.459632309,372.12,1.56003469,11.19517343
3.341,0.32,0.64,1.002143437,-27.65,-1.524211451,373.132,1.57456455,19.90231902
3.342,0.27,0.54,0.8487359928,-29.78,-1.618606817,374.361,1.592157105,-32.08866666
3.343,0.25,0.5,0.7870435,-30.74,-1.660199183,376.197,1.618331283,-18.79825605
3.344,0.26,0.52,0.8179132832,-30.45,-1.647696437,378.14,1.645892103,-453.3047968
3.345,0.33,0.66,1.032683705,-27.67,-1.525111513,380.118,1.673804302,6.945082616
3.346,0.45,0.9,1.39549518,-22.98,-1.30672242,382.185,1.702817639,3.523130578
3.347,0.54,1.08,1.663155331,-19.54,-1.136876718,384.474,1.734764532,2.781718063
3.348,0.54,1.08,1.663155331,-19.54,-1.136876718,386.84,1.767586806,2.636956921
3.349,0.5,1,1.544666,-21.39,-1.22925968,388.684,1.793028749,2.739891362
3.35,0.5,1,1.544666,-21.1,-1.214939374,390.468,1.817528247,2.563382879
3.351,0.58,1.16,1.780891485,-18.06,-1.061192178,395.104,1.880674306,2.173191364
3.352,0.67,1.34,2.043044025,-14.16,-0.8539756164,397.579,1.914083104,1.927204598
3.353,0.73,1.46,2.215694073,-11.01,-0.6781177632,388.52,1.790770911,1.991360988
3.354,0.78,1.56,2.358274589,-8.92,-0.5571135791,388.658,1.792670862,1.908672808
3.355,0.79,1.58,2.386649471,-8.15,-0.5116455393,389.369,1.80244906,1.848964178
3.356,0.74,1.48,2.244304323,-10.47,-0.6471882068,391.041,1.825373456,1.904882382
3.357,0.59,1.18,1.810207839,-17.8,-1.0477308,394.646,1.874469051,2.189577944
3.358,0.43,0.86,1.335497337,-24.97,-1.401202959,408.033,2.052939128,2.049137981
3.359,0.48,0.96,1.485138893,-23.15,-1.314900134,408.648,2.060996743,1.990545025
3.36,0.77,1.54,2.329852633,-10.57,-0.6529333971,409.191,2.068100954,1.646344011
3.361,1.12,2.24,3.296612301,3.76,0.2555451469,410.104,2.080024747,1.411480902
3.362,1.27,2.54,3.693285273,7.69,0.5364565434,410.707,2.087885389,1.407318622
3.363,1.2,2.4,3.50948928,5.78,0.39813838,410.806,2.089174839,1.410955907
3.364,1.11,2.22,3.269790847,3.43,0.2326062531,410.483,2.084966698,1.410868575
3.365,1.13,2.26,3.323386681,3.85,0.2618184636,409.874,2.077023447,1.420953963
3.366,1.21,2.42,3.535887071,5.93,0.4088775387,408.723,2.061978549,1.431037238
3.367,1.27,2.54,3.693285273,7.54,0.5254697554,407.107,2.04078391,1.439173891
3.368,1.28,2.56,3.719353549,7.93,0.5540796799,405.313,2.017155945,1.446523808
3.369,1.28,2.56,3.719353549,7.71,0.5379230557,403.002,1.986564199,1.473310488
3.37,1.26,2.52,3.667169923,7.32,0.5093942366,399.669,1.942133411,1.49587133
3.371,1.24,2.48,3.614798003,6.76,0.4686804357,394.813,1.876732499,1.54122029
3.372,1.22,2.44,3.562237789,6.23,0.4304187526,380.107,1.673649479,1.693023893
3.373,1.22,2.44,3.562237789,6.11,0.4217921938,377.201,1.632590422,1.733969983
3.374,1.24,2.48,3.614798003,6.66,0.4614411161,375.297,1.605516804,1.748849345
3.375,1.26,2.52,3.667169923,7.37,0.5130437536,374.457,1.593528867,1.740822931
3.376,1.26,2.52,3.667169923,7.18,0.4991881248,374.29,1.591142346,1.75434936
3.377,1.21,2.42,3.535887071,5.96,0.4110278843,373.964,1.58648056,1.770148748
3.378,1.17,2.34,3.430013465,4.9,0.3355559612,373.749,1.583403845,1.78743372
3.379,1.19,2.38,3.483044415,5.23,0.3589403106,374.078,1.588111217,1.788881478
3.38,1.25,2.5,3.6410075,6.83,0.4737535413,375.231,1.604575866,1.751891441
3.381,1.29,2.58,3.745374751,8.1,0.5665957586,376.895,1.628248534,1.706442122
3.382,1.23,2.46,3.588541433,6.22,0.4296993593,378.536,1.651491858,1.724272812
3.383,1.01,2.02,2.998987263,0.41,0.02725121946,380.445,1.67840471,1.758260392
3.384,0.81,1.62,2.443258015,-10.19,-0.6310592496,382.446,1.706469989,2.271930087
3.385,0.78,1.56,2.358274589,-11.76,-0.7206923701,384.513,1.735307194,2.324305277
3.386,0.91,1.82,2.723476319,-4.98,-0.3193222882,386.525,1.763228579,1.886186338
3.387,1.06,2.12,3.134977475,1.51,0.1011017552,388.677,1.792932397,1.655185294
3.388,1.11,2.22,3.269790847,2.68,0.1808408527,391.122,1.826481537,1.628931588
3.389,1.11,2.22,3.269790847,2.67,0.1801540931,393.907,1.86444144,1.599236032
3.39,1.13,2.26,3.323386681,3.3,0.2235969714,398.514,1.926650109,1.545583627
3.391,1.14,2.28,3.350113987,3.62,0.2458013611,412.369,2.109491443,1.422376862
3.392,1.12,2.24,3.296612301,2.89,0.1952837167,414.369,2.135376356,1.41445436
3.393,1.11,2.22,3.269790847,2.72,0.1835887959,415.886,2.154926877,1.398233454
3.394,1.22,2.44,3.562237789,5.46,0.3752980881,416.562,2.163615951,1.40305569
3.395,1.45,2.9,4.15531198,11.66,0.8350606483,416.573,2.163757224,1.385649998
3.396,1.71,3.42,4.795757791,17.52,1.30414874,416.009,2.156508928,1.385793757
3.397,1.87,3.74,5.174061561,20.71,1.574216016,415.105,2.144870568,1.391218366
3.398,1.82,3.64,5.057136157,19.77,1.493533932,414.253,2.133878448,1.394144262
3.399,1.55,3.1,4.40540318,14.48,1.056503983,413.353,2.122242471,1.385893227
3.4,1.19,2.38,3.483044415,4.85,0.3320216532,412.6,2.112487555,1.424844056
3.401,0.91,1.82,2.723476319,-5.25,-0.336029081,412.06,2.10548103,1.539163762
3.402,0.84,1.68,2.527817779,-9.29,-0.5787908691,411.926,2.103740952,1.657639688
3.403,0.93,1.86,2.778955097,-4.26,-0.2744703274,411.802,2.102130226,1.520499026
3.404,1.06,2.12,3.134977475,1.23,0.08220110551,411.858,2.102857711,1.434733679
3.405,1.13,2.26,3.323386681,2.99,0.2021753167,412.241,2.107830536,1.438691888
3.406,1.15,2.3,3.37679422,3.62,0.2458013611,412.987,2.11750326,1.428844251
3.407,1.17,2.34,3.430013465,4.15,0.2827830416,414.081,2.131656638,1.420625039
3.408,1.2,2.4,3.50948928,4.91,0.3362630996,415.278,2.147099781,1.413200345
3.409,1.24,2.48,3.614798003,6,0.4138963161,416.549,2.163448986,1.402527632
3.41,1.31,2.62,3.797275935,7.82,0.5459956392,417.889,2.180631823,1.39266401
3.411,1.37,2.74,3.951849721,9.24,0.6512378409,419.113,2.196279109,1.387823072
3.412,1.35,2.7,3.90051342,8.85,0.6221417664,420.367,2.212262587,1.376131608
3.413,1.28,2.56,3.719353549,6.94,0.4817348592,421.903,2.231775591,1.370679648
3.414,1.21,2.42,3.535887071,4.97,0.340507869,422.329,2.237174818,1.37173093
3.415,1.17,2.34,3.430013465,3.92,0.2667028299,421.677,2.228908999,1.374417858
3.416,1.1,2.2,3.24292232,2.04,0.1370702779,420.147,2.209461919,1.382006317
3.417,0.99,1.98,2.944261663,-1.79,-0.1172440613,417.721,2.17848058,1.428395837
3.418,0.94,1.88,2.806623875,-4.82,-0.3093930134,415.159,2.145566491,1.528517816
3.419,0.95,1.9,2.83424558,-4.02,-0.259422151,412.506,2.11126856,1.530497111
3.42,0.97,1.94,2.889347769,-3.26,-0.2114461169,409.578,2.073158425,1.551984029
3.421,0.91,1.82,2.723476319,-6.44,-0.4089354179,406.448,2.032116639,1.677863373
3.422,0.81,1.62,2.443258015,-11.25,-0.6917899749,402.674,1.982208105,1.893384755
3.423,0.78,1.56,2.358274589,-13.04,-0.7923332418,391.43,1.830692887,2.271153931
3.424,0.81,1.62,2.443258015,-11.44,-0.702581509,391.38,1.830009451,2.167107913
3.425,0.9,1.8,2.69566632,-7.11,-0.449465469,392.303,1.842611619,1.934948692
3.426,0.98,1.96,2.916828253,-2.62,-0.170661878,394.301,1.869790029,1.716661719
3.427,1.03,2.06,3.053524569,0.12,0.007960581053,397.516,1.913235281,1.589387438
3.428,1.08,2.16,3.189044045,1.24,0.08287492228,402.148,1.975215005,1.549516376
3.429,1.12,2.24,3.296612301,2.34,0.1575417291,411.976,2.104390301,1.457432079
3.43,1.19,2.38,3.483044415,4.15,0.2827830416,422.255,2.236237315,1.382698002
3.431,1.36,2.72,3.926205107,8.46,0.5931909971,426.398,2.288473568,1.362478185
3.432,1.55,3.1,4.40540318,13.6,0.9865548682,430.629,2.34129812,1.323797414
3.433,1.65,3.3,4.65078702,15.92,1.172641592,434.688,2.39148969,1.304886563
3.434,1.66,3.32,4.675066499,15.99,1.178340525,438.536,2.438641242,1.292532504
3.435,1.6,3.2,4.52868352,14.86,1.086948709,441.019,2.468847619,1.273605995
3.436,1.6,3.2,4.52868352,14.95,1.094180532,442.046,2.481291669,1.266597323
3.437,1.7,3.4,4.77171368,16.82,1.246293028,442.422,2.485840393,1.278548525
3.438,1.79,3.58,4.986416031,18.51,1.38683254,442.098,2.481920978,1.288894732
3.439,1.84,3.68,5.104047539,19.43,1.464578764,440.414,2.461503328,1.300035868
3.44,1.87,3.74,5.174061561,19.97,1.510622784,438.301,2.435773548,1.311085133
3.441,1.88,3.76,5.197305421,20.33,1.541488248,435.488,2.401326783,1.318171251
3.442,1.86,3.72,5.150770627,19.89,1.503782224,432.43,2.363626522,1.331840249
3.443,1.72,3.44,4.819754829,17.14,1.272679128,429.445,2.326568216,1.339100753
3.444,1.46,2.92,4.180532931,11.3,0.8073551473,426.593,2.290919666,1.349309917
3.445,1.24,2.48,3.614798003,5.17,0.3546811216,423.872,2.256685689,1.384255168
3.446,1.17,2.34,3.430013465,3.26,0.220827979,421.449,2.226015481,1.401811567
3.447,1.27,2.54,3.693285273,5.77,0.3974231805,419.37,2.199558722,1.422145171
3.448,1.42,2.84,4.079366685,9.65,0.6819832286,418.011,2.182193493,1.424271992
3.449,1.48,2.96,4.230833613,11.28,0.8058196629,417.598,2.176905015,1.418445908
3.45,1.46,2.92,4.180532931,10.85,0.7729009945,418.178,2.18433045,1.413664439
3.451,1.46,2.92,4.180532931,10.85,0.7729009945,419.475,2.200898064,1.405788639
3.452,1.53,3.06,4.355761529,12.8,0.9236330551,420.239,2.210633286,1.389722843
3.453,1.67,3.34,4.699298905,15.93,1.173455422,421.228,2.223209305,1.383503903
3.454,1.81,3.62,5.033609855,18.61,1.395240688,422.081,2.234032269,1.38694717
3.455,1.88,3.76,5.197305421,20.01,1.514045576,422.295,2.236744094,1.385656323
3.456,1.84,3.68,5.104047539,19.34,1.456934338,421.669,2.228807498,1.384808749
3.457,1.73,3.46,4.843704793,17.11,1.270200984,420.39,2.212555299,1.390767656
3.458,1.61,3.22,4.553198367,14.9,1.090161848,418.746,2.191592282,1.387428243
3.459,1.58,3.16,4.479512605,14.1,1.02620387,416.681,2.165144076,1.403642812
3.46,1.62,3.24,4.577666141,15,1.09820173,414.031,2.131010591,1.417579795
3.461,1.63,3.26,4.602086841,15.3,1.122381755,410.814,2.089279023,1.432930549
3.462,1.57,3.14,4.454856537,13.97,1.015871161,407.054,2.040087365,1.457760797
3.463,1.46,2.92,4.180532931,10.87,0.7744281063,399.897,1.945184566,1.53717953
3.464,1.35,2.7,3.90051342,7.79,0.5437928897,392.149,1.840511044,1.63591284
3.465,1.29,2.58,3.745374751,6,0.4138963161,393.135,1.853945936,1.651514671
3.466,1.29,2.58,3.745374751,5.97,0.4117448525,395.593,1.887291633,1.629106269
3.467,1.35,2.7,3.90051342,7.6,0.5298619186,399.768,1.943458469,1.577035244
3.468,1.46,2.92,4.180532931,10.63,0.7561284042,405.706,2.022340904,1.504617279
3.469,1.58,3.16,4.479512605,13.93,1.012695257,421.714,2.229378413,1.381681313
3.47,1.67,3.34,4.699298905,15.77,1.16044631,424.91,2.269771034,1.36997118
3.471,1.7,3.4,4.77171368,16.36,1.208546047,428.45,2.314158183,1.354559841
3.472,1.65,3.3,4.65078702,15.49,1.137742688,432.466,2.364071893,1.328107732
3.473,1.61,3.22,4.553198367,14.67,1.071708241,436.456,2.413205533,1.306545488
3.474,1.71,3.42,4.795757791,16.44,1.21509526,439.426,2.449487956,1.308677552
3.475,1.91,3.82,5.266754559,20.39,1.546645704,441.795,2.478253,1.308543381
3.476,2.07,4.14,5.629994777,23.67,1.834385889,444.037,2.505334266,1.297317471
3.477,2.08,4.16,5.652297165,23.74,1.840651913,445.281,2.5203017,1.296114948
3.478,1.93,3.86,5.312818617,21,1.599294702,445.56,2.523652803,1.288597201
3.479,1.81,3.62,5.033609855,18.62,1.396082072,445.024,2.517212983,1.286284266
3.48,1.79,3.58,4.986416031,18.3,1.369209095,443.751,2.501887271,1.288114673
3.481,1.83,3.66,5.080615385,19.09,1.435744057,441.831,2.478688931,1.2979186
3.482,1.88,3.76,5.197305421,20.04,1.516613769,439.676,2.452530834,1.309427078
3.483,1.89,3.78,5.220502207,20.26,1.53547599,437.256,2.423002814,1.318815248
3.484,1.84,3.68,5.104047539,19.28,1.45184274,435.122,2.396828557,1.326184323
3.485,1.75,3.5,4.8914635,17.5,1.302488754,433.9,2.381782438,1.327661088
3.486,1.64,3.28,4.626460467,15.42,1.132079159,433.315,2.374564504,1.319341488
3.487,1.56,3.12,4.430153395,13.47,0.9762868841,433.456,2.376305102,1.321411437
3.488,1.54,3.08,4.380605891,12.83,0.9259811889,433.668,2.378921106,1.325487261
3.489,1.58,3.16,4.479512605,13.97,1.015871161,433.809,2.380660288,1.318849147
3.49,1.66,3.32,4.675066499,15.71,1.155574575,433.368,2.375218838,1.32408384
3.491,1.71,3.42,4.795757791,16.71,1.237246958,432.325,2.36232731,1.3323125
3.492,1.73,3.46,4.843704793,16.99,1.260297613,431.169,2.348002708,1.342378505
3.493,1.73,3.46,4.843704793,17.1,1.269375141,429.896,2.332183798,1.344891164
3.494,1.74,3.48,4.867607683,17.18,1.275984753,429.276,2.324462409,1.351945318
3.495,1.74,3.48,4.867607683,17.17,1.275158193,429.573,2.328162594,1.35086715
3.496,1.74,3.48,4.867607683,17.21,1.278465046,430.815,2.343608427,1.343873259
3.497,1.8,3.6,5.01003648,18.46,1.382632347,433.02,2.370920994,1.33474498
3.498,1.93,3.86,5.312818617,20.96,1.595830303,435.285,2.398832333,1.3299793
3.499,2.02,4.04,5.517776733,22.66,1.744562006,437.715,2.428615915,1.322200212
3.5,2,4,5.47256,22.25,1.708410371,438.848,2.442446189,1.318417035
3.501,1.93,3.86,5.312818617,20.96,1.595830303,438.999,2.444286715,1.315016024
3.502,1.92,3.84,5.289810125,20.83,1.584582656,438.672,2.440300141,1.31427681
3.503,1.95,3.9,5.35869438,21.34,1.628810296,437.703,2.428469242,1.320760458
3.504,1.92,3.84,5.289810125,20.75,1.577669878,436.847,2.417996195,1.323886938
3.505,1.84,3.68,5.104047539,19.37,1.459481542,435.986,2.407441252,1.319924863
3.506,1.81,3.62,5.033609855,18.76,1.407872324,435.133,2.396963805,1.322950499
3.507,1.85,3.7,5.12743262,19.52,1.472231631,434.253,2.386133169,1.328913383
3.508,1.9,3.8,5.24365192,20.53,1.558694471,433.458,2.376329787,1.332558982
3.509,1.91,3.82,5.266754559,20.64,1.56817581,432.658,2.366446582,1.338566712
3.51,1.88,3.76,5.197305421,20.16,1.526895965,431.621,2.353608244,1.339337658
3.511,1.86,3.72,5.150770627,19.67,1.485005183,430.281,2.336972929,1.347671409
3.512,1.83,3.66,5.080615385,19.1,1.436590421,428.759,2.318015236,1.353168841
3.513,1.78,3.56,4.962748509,18.25,1.365019752,427.013,2.296184391,1.355496256
3.514,1.72,3.44,4.819754829,17.17,1.275158193,425.052,2.271558644,1.358934206
3.515,1.67,3.34,4.699298905,16.04,1.182414232,423.032,2.246072912,1.370662542
3.516,1.61,3.22,4.553198367,15.01,1.099006271,421.219,2.223094995,1.370577837
3.517,1.55,3.1,4.40540318,13.62,0.988136049,419.21,2.197517176,1.382888491
3.518,1.46,2.92,4.180532931,11.02,0.7858938405,417.215,2.171996011,1.413349767
3.519,1.28,2.56,3.719353549,6.31,0.4361772617,415.535,2.150409671,1.437938738
3.52,1.07,2.14,3.162034297,0.35,0.0232539451,413.525,2.124468193,1.472273457
3.521,0.91,1.82,2.723476319,-8,-0.5027319434,411.473,2.097854255,1.707377735
3.522,0.89,1.78,2.667809247,-8.85,-0.5530000139,409.252,2.068898444,1.759886543
3.523,1.01,2.02,2.998987263,-2.72,-0.177057616,406.187,2.028680041,1.619653782
3.524,1.17,2.34,3.430013465,2.86,0.1932180047,394.751,1.875892289,1.657723842
3.525,1.31,2.62,3.797275935,6.48,0.448433957,395.139,1.881148211,1.630024468
3.526,1.42,2.84,4.079366685,9.28,0.6542302888,396.047,1.893428009,1.601222067
3.527,1.47,2.94,4.205706809,10.85,0.7729009945,397.708,1.915818704,1.564204261
3.528,1.47,2.94,4.205706809,10.83,0.7713742715,399.971,1.94617448,1.547610436
3.529,1.44,2.88,4.130043955,9.77,0.6910124414,403.604,1.994550008,1.537869267
3.53,1.43,2.86,4.104728857,9.69,0.6849914265,412.876,2.116065128,1.465421628
3.531,1.52,3.04,4.330870093,11.98,0.859794194,421.709,2.229314981,1.401980263
3.532,1.69,3.38,4.747622495,16.11,1.188121682,424.034,2.258730019,1.37737939
3.533,1.88,3.76,5.197305421,19.85,1.500364454,426.79,2.293389718,1.369963679
3.534,2.01,4.02,5.495191903,22.22,1.705772166,429.478,2.326979312,1.36264085
3.535,2.02,4.04,5.517776733,22.52,1.732197378,432.043,2.358836436,1.348748748
3.536,1.95,3.9,5.35869438,21.26,1.621854462,434.102,2.384272525,1.337624693
3.537,1.86,3.72,5.150770627,19.53,1.473082471,436.446,2.413082953,1.325412088
3.538,1.78,3.56,4.962748509,17.99,1.343276753,438.506,2.438275239,1.312357604
3.539,1.7,3.4,4.77171368,16.5,1.220011443,439.178,2.44646771,1.301443014
3.54,1.63,3.26,4.602086841,15.02,1.099810913,439.042,2.444810722,1.298329501
3.541,1.56,3.12,4.430153395,13.17,0.9526555674,438.07,2.432953167,1.308524919
3.542,1.49,2.98,4.255913343,11.23,0.8019826584,436.52,2.413989976,1.3233674
3.543,1.42,2.84,4.079366685,9.48,0.6692155509,434.295,2.386650585,1.334929772
3.544,1.38,2.76,3.977447261,8.31,0.5820946737,431.709,2.354698905,1.354350299
3.545,1.38,2.76,3.977447261,8.1,0.5665957586,428.956,2.320472812,1.377676755
3.546,1.4,2.8,4.02850112,8.81,0.6191657777,426.198,2.285963586,1.386685622
3.547,1.45,2.9,4.15531198,9.98,0.7068469357,423.608,2.253352513,1.40372703
3.548,1.49,2.98,4.255913343,11.08,0.7904862633,421.521,2.226929392,1.410449812
3.549,1.52,3.04,4.330870093,11.97,0.8590197516,419.924,2.206621564,1.412712593
3.55,1.55,3.1,4.40540318,12.74,0.9189394541,419.106,2.196189753,1.414195973
3.551,1.57,3.14,4.454856537,13.48,0.9770761329,418.54,2.188959729,1.407077093
3.552,1.6,3.2,4.52868352,14.16,1.030978503,418.059,2.182807796,1.409142705
3.553,1.61,3.22,4.553198367,14.61,1.066902987,417.882,2.180542205,1.402086285
3.554,1.62,3.24,4.577666141,14.69,1.073310795,417.771,2.179120922,1.407459569
3.555,1.61,3.22,4.553198367,14.5,1.058102728,417.462,2.175162385,1.408235393
3.556,1.59,3.18,4.504121599,13.86,1.007141264,417.196,2.171752366,1.416883395
3.557,1.55,3.1,4.40540318,12.77,0.9212858102,417.042,2.16977715,1.425206551
3.558,1.5,3,4.280946,11.42,0.8165762495,417.177,2.17150871,1.432672115
3.559,1.47,2.94,4.205706809,10.43,0.7409213337,417.82,2.179748382,1.439980285
3.56,1.46,2.92,4.180532931,10.37,0.7363667681,419.077,2.195819547,1.425739186
3.561,1.49,2.98,4.255913343,11.18,0.7981480909,420.891,2.218927368,1.41060885
3.562,1.54,3.08,4.380605891,12.34,0.8877395187,423.08,2.246679924,1.397581265
3.563,1.57,3.14,4.454856537,13.27,0.9605227547,425.654,2.279130474,1.375102896
3.564,1.59,3.18,4.504121599,13.96,1.015077035,428.533,2.315194493,1.352478788
3.565,1.62,3.24,4.577666141,14.79,1.081329584,431.336,2.350074465,1.334050458
3.566,1.68,3.36,4.723484237,15.78,1.16125862,434.322,2.386983182,1.331218248
3.567,1.75,3.5,4.8914635,17.15,1.273505381,437.983,2.43189056,1.32009199
3.568,1.83,3.66,5.080615385,18.7,1.402816872,441.265,2.471831012,1.311245702
3.569,1.91,3.82,5.266754559,20.32,1.540629039,443.306,2.496519521,1.304572889
3.57,1.99,3.98,5.449881023,21.72,1.661943022,444.792,2.514423193,1.304933702
3.571,2,4,5.47256,22.11,1.696106948,444.604,2.512161433,1.300430368
3.572,1.94,3.88,5.335780035,20.87,1.588041573,443.752,2.501899328,1.304610547
3.573,1.81,3.62,5.033609855,18.31,1.370047273,442.262,2.483905238,1.306090265
3.574,1.68,3.36,4.723484237,15.82,1.164508873,439.866,2.454842264,1.305063824
3.575,1.61,3.22,4.553198367,14.62,1.067703612,436.527,2.414075767,1.307721676
3.576,1.61,3.22,4.553198367,14.64,1.069305163,432.512,2.364640925,1.325937639
3.577,1.62,3.24,4.577666141,14.66,1.070907115,428.089,2.309648522,1.354116492
3.578,1.56,3.12,4.430153395,13.18,0.9534418402,423.653,2.253920815,1.381244927
3.579,1.45,2.9,4.15531198,10.02,0.7098678504,420.234,2.210569631,1.422838875
3.58,1.32,2.64,3.823155917,6.7,0.4643357186,417.422,2.174649739,1.448721858
3.581,1.26,2.52,3.667169923,4.89,0.334848915,415.521,2.150229419,1.475675786
3.582,1.27,2.54,3.693285273,5.05,0.3461727334,406.49,2.032669449,1.552555819
3.583,1.3,2.6,3.77134888,5.99,0.4131790684,418.278,2.185609657,1.451194875
3.584,1.31,2.62,3.797275935,6.09,0.4203557404,418.636,2.190186711,1.454592678
3.585,1.25,2.5,3.6410075,4.45,0.3038301318,419.066,2.195679118,1.456688948
3.586,1.17,2.34,3.430013465,2.3,0.1548075169,419.542,2.201752516,1.455517117
3.587,1.15,2.3,3.37679422,1.82,0.1221093445,420.049,2.208213877,1.449066888
3.588,1.23,2.46,3.588541433,3.94,0.2680991864,420.834,2.218202785,1.443324855
3.589,1.39,2.78,4.002997727,7.94,0.5548151612,421.927,2.232079918,1.436364705
3.59,1.54,3.08,4.380605891,11.91,0.8543751566,423.798,2.255751599,1.408497542
3.591,1.63,3.26,4.602086841,14.49,1.057303305,426.376,2.288197527,1.375604751
3.592,1.67,3.34,4.699298905,15.4,1.130461916,429.119,2.322505385,1.360945093
3.593,1.7,3.4,4.77171368,15.93,1.173455422,431.821,2.356086697,1.351935611
3.594,1.73,3.46,4.843704793,16.48,1.218372308,434.24,2.385973007,1.343851482
3.595,1.76,3.52,4.915272243,17.06,1.26607279,436.069,2.408459651,1.337659232
3.596,1.78,3.56,4.962748509,17.42,1.295852912,436.787,2.417261334,1.336546139
3.597,1.78,3.56,4.962748509,17.35,1.290051935,436.652,2.415607526,1.339234908
3.598,1.75,3.5,4.8914635,16.82,1.246293028,436.238,2.41053266,1.337625558
3.599,1.7,3.4,4.77171368,15.9,1.171014238,435.521,2.401732175,1.335587005
3.6,1.64,3.28,4.626460467,14.68,1.072509468,434.21,2.385603383,1.337856995
3.601,1.55,3.1,4.40540318,12.34,0.8877395187,432.58,2.365481992,1.354166375
3.602,1.47,2.94,4.205706809,9.87,0.6985473763,431.02,2.346153578,1.38132016
3.603,1.43,2.86,4.104728857,8.63,0.6057927298,429.248,2.324113438,1.400976216
3.604,1.45,2.9,4.15531198,9.35,0.6594707644,428.619,2.316268048,1.396396741
3.605,1.54,3.08,4.380605891,11.82,0.8474148814,429.183,2.323303239,1.381581624
3.606,1.67,3.34,4.699298905,15.21,1.11511823,431.077,2.346861039,1.357402382
3.607,1.83,3.66,5.080615385,18.2,1.36083299,433.943,2.382312603,1.35731172
3.608,2.02,4.04,5.517776733,21.9,1.677690909,436.237,2.410520396,1.349679927
3.609,2.19,4.38,5.894516575,25.35,1.986233201,437.708,2.428530356,1.335182847
3.61,2.26,4.52,6.045690563,26.95,2.133710792,437.116,2.421289584,1.327264558
3.611,2.22,4.44,5.959587869,26.17,2.061464585,435.49,2.401351353,1.335387332
3.612,2.11,4.22,5.718921887,23.92,1.856788793,433.368,2.375218838,1.351349616
3.613,1.99,3.98,5.449881023,21.65,1.655828128,429.953,2.332893109,1.366322864
3.614,1.91,3.82,5.266754559,20.12,1.52346689,425.004,2.270954448,1.388025759
3.615,1.85,3.7,5.12743262,18.98,1.426440919,421.176,2.222548814,1.40516499
3.616,1.78,3.56,4.962748509,17.66,1.315780144,417.463,2.175175201,1.42160183
3.617,1.68,3.36,4.723484237,15.7,1.154762973,413.61,2.125567771,1.439941459
3.618,1.54,3.08,4.380605891,12.4,0.8924094601,409.414,2.071015791,1.478223852
3.619,1.39,2.78,4.002997727,8.35,0.5850516001,405.37,2.017908274,1.537863786
3.62,1.27,2.54,3.693285273,5.13,0.3518435126,400.72,1.956183712,1.600191381
3.621,1.2,2.4,3.50948928,3.25,0.2201359582,391.162,1.827028653,1.714317091
3.622,1.18,2.36,3.456552477,2.45,0.1650682554,383.603,1.722630717,1.831093054
3.623,1.16,2.32,3.403427379,2.15,0.1445670651,381.497,1.693178022,1.851958361
3.624,1.16,2.32,3.403427379,1.98,0.1329857094,379.547,1.665761676,1.892109702
3.625,1.16,2.32,3.403427379,2.06,0.1384325202,378.097,1.645283696,1.908054291
3.626,1.17,2.34,3.430013465,2.3,0.1548075169,376.964,1.629227895,1.922615124
3.627,1.16,2.32,3.403427379,2.01,0.135027589,376.057,1.616339935,1.943297071
3.628,1.1,2.2,3.24292232,0.42,0.02791774195,375.501,1.60842411,1.981812245
3.629,0.99,1.98,2.944261663,-5.22,-0.3341757968,375.699,1.611244398,2.305484342
3.63,0.86,1.72,2.583955587,-12.01,-0.7347854367,376.445,1.621856997,2.912905456
3.631,0.79,1.58,2.386649471,-15.28,-0.9146562267,377.851,1.64180171,3.282217281
3.632,0.84,1.68,2.527817779,-13.1,-0.7956600827,379.734,1.668396932,2.896426088
3.633,0.99,1.98,2.944261663,-5.87,-0.3741614048,382.368,1.705378744,2.211706216
3.634,1.18,2.36,3.456552477,2.16,0.1452491313,385.506,1.749105692,1.824659475
3.635,1.37,2.74,3.951849721,6.99,0.485366489,389.396,1.802820032,1.727066253
3.636,1.56,3.12,4.430153395,12.14,0.8721986198,394.756,1.875960053,1.612044253
3.637,1.74,3.48,4.867607683,16.32,1.205273881,401.508,1.966693945,1.534570321
3.638,1.86,3.72,5.150770627,18.64,1.39776515,412.481,2.110944313,1.467995763
3.639,1.9,3.8,5.24365192,19.5,1.470530264,424.129,2.259928492,1.405631924
3.64,1.89,3.78,5.220502207,19.23,1.447602604,427.591,2.303421194,1.391753955
3.641,1.87,3.74,5.174061561,18.83,1.413775067,430.785,2.343235864,1.377175008
3.642,1.87,3.74,5.174061561,18.9,1.419682892,432.967,2.370266134,1.365206108
3.643,1.89,3.78,5.220502207,19.23,1.447602604,434.253,2.386133169,1.361727181
3.644,1.9,3.8,5.24365192,19.52,1.472231631,435.337,2.399471416,1.354352815
3.645,1.91,3.82,5.266754559,19.64,1.482448594,435.958,2.407097652,1.354079429
3.646,1.9,3.8,5.24365192,19.52,1.472231631,436.862,2.418179895,1.34783991
3.647,1.9,3.8,5.24365192,19.41,1.462879273,437.085,2.420910152,1.35013806
3.648,1.91,3.82,5.266754559,19.75,1.491827347,436.827,2.417751253,1.347141239
3.649,1.97,3.94,5.404381849,20.79,1.581125425,436.351,2.411918306,1.353449201
3.65,2.04,4.08,5.562805171,22.23,1.706651462,434.518,2.389396975,1.358090671
3.651,2.09,4.18,5.674552479,23.18,1.790671302,431.247,2.348970455,1.370783467
3.652,2.08,4.16,5.652297165,23.09,1.782670121,427.338,2.300254732,1.384374528
3.653,2.03,4.06,5.540314489,22.11,1.696106948,422.954,2.245086371,1.405745428
3.654,1.95,3.9,5.35869438,20.64,1.56817581,418.652,2.19039118,1.425728048
3.655,1.87,3.74,5.174061561,19.01,1.428976892,415.161,2.145592265,1.447464389
3.656,1.78,3.56,4.962748509,17.26,1.282600916,412.11,2.106130168,1.464485787
3.657,1.68,3.36,4.723484237,15.44,1.133696805,409.762,2.075561335,1.47183057
3.658,1.59,3.18,4.504121599,13.31,0.9636724055,407.262,2.042820456,1.49813148
3.659,1.51,3.02,4.305931583,10.95,0.7805404415,404.074,2.0007765,1.548162858
3.66,1.43,2.86,4.104728857,8.74,0.6139614739,399.512,1.940031384,1.607181024
3.661,1.36,2.72,3.926205107,6.76,0.4686804357,384.446,1.734374894,1.78216364
3.662,1.29,2.58,3.745374751,5.02,0.3440477163,381.172,1.688618377,1.842592231
3.663,1.24,2.48,3.614798003,3.49,0.2367695741,377.883,1.64225478,1.923763253
3.664,1.18,2.36,3.456552477,2.05,0.1377513541,374.991,1.601152879,1.987776216
3.665,1.13,2.26,3.323386681,0.6,0.03993030927,373.084,1.573876277,2.059346336
3.666,1.08,2.16,3.189044045,-1.73,-0.11335941,371.621,1.552855712,2.215388842
3.667,1.04,2.08,3.080722611,-4,-0.2581659283,370.869,1.54201866,2.399591897
3.668,1.03,2.06,3.053524569,-4.79,-0.307528872,370.793,1.540922203,2.475710296
3.669,1.04,2.08,3.080722611,-4.01,-0.2587940821,371.501,1.551127866,2.383844367
3.67,1.08,2.16,3.189044045,-2.12,-0.1385538279,373.158,1.574937327,2.220189836
3.671,1.11,2.22,3.269790847,0.08,0.005305640709,375.966,1.61504516,2.017952437
3.672,1.15,2.3,3.37679422,1.03,0.06874350944,379.405,1.663759705,1.949083957
3.673,1.19,2.38,3.483044415,2.07,0.1391137764,383.668,1.723537177,1.869939405
3.674,1.24,2.48,3.614798003,3.14,0.2125297309,388.39,1.788980485,1.80603525
3.675,1.27,2.54,3.693285273,4.12,0.2806828744,393.064,1.852979641,1.730960377
3.676,1.3,2.6,3.77134888,4.85,0.3320216532,398.398,1.925092597,1.670871946
3.677,1.33,2.66,3.848988825,5.54,0.3809992462,405.222,2.01595464,1.605783427
3.678,1.38,2.76,3.977447261,6.78,0.4701294253,421.034,2.220744751,1.47812458
3.679,1.46,2.92,4.180532931,9.04,0.6362985958,424.525,2.26492134,1.440956916
3.68,1.59,3.18,4.504121599,12.5,0.9002005719,427.231,2.298914992,1.407927131
3.681,1.72,3.44,4.819754829,15.68,1.153140073,429.273,2.324425021,1.385956754
3.682,1.81,3.62,5.033609855,17.39,1.293366164,431.116,2.347345037,1.382589713
3.683,1.84,3.68,5.104047539,17.99,1.343276753,432.773,2.367868417,1.375329529
3.684,1.83,3.66,5.080615385,17.67,1.316611729,434.335,2.387143315,1.371747139
3.685,1.82,3.64,5.057136157,17.52,1.30414874,435.895,2.406324471,1.362935634
3.686,1.87,3.74,5.174061561,18.54,1.389353898,437.878,2.430607822,1.35447995
3.687,2,4,5.47256,21.02,1.601027535,439.364,2.448733055,1.351329265
3.688,2.17,4.34,5.850900345,24.51,1.909927218,439.573,2.451277378,1.341578964
3.689,2.29,4.58,6.109773311,27.04,2.142090029,439.133,2.445919499,1.331682786
3.69,2.28,4.56,6.088459469,26.81,2.120694191,438.133,2.433722509,1.336825299
3.691,2.12,4.24,5.741035981,23.82,1.847819547,436.111,2.408974912,1.348675873
3.692,1.89,3.78,5.220502207,19.34,1.456934338,433.806,2.38062329,1.360371026
3.693,1.7,3.4,4.77171368,15.58,1.145031639,431.189,2.348250865,1.365968448
3.694,1.6,3.2,4.52868352,13.21,0.955801253,429.397,2.325970201,1.379950915
3.695,1.58,3.16,4.479512605,12.7,0.9158123613,428.142,2.310310844,1.388512565
3.696,1.61,3.22,4.553198367,13.4,0.9707649231,426.959,2.295507788,1.39400435
3.697,1.65,3.3,4.65078702,14.56,1.062901366,425.687,2.279545231,1.39143196
3.698,1.71,3.42,4.795757791,15.79,1.162071032,424.281,2.26184549,1.400664345
3.699,1.82,3.64,5.057136157,17.78,1.325765949,422.778,2.242859661,1.417110314
3.7,1.92,3.84,5.289810125,19.85,1.500364454,421.485,2.226472456,1.419383314
3.701,1.97,3.94,5.404381849,20.77,1.579397441,420.093,2.208774259,1.426646487
3.702,1.94,3.88,5.335780035,20.1,1.521752981,418.168,2.184202513,1.439785244
3.703,1.84,3.68,5.104047539,18.25,1.365019752,416.182,2.158733297,1.448469137
3.704,1.74,3.48,4.867607683,16.24,1.198734428,413.345,2.122138927,1.465761311
3.705,1.66,3.32,4.675066499,14.71,1.07491375,409.913,2.077532482,1.482996427
3.706,1.59,3.18,4.504121599,13,0.9393040821,405.961,2.025702505,1.519093286
3.707,1.54,3.08,4.380605891,11.49,0.8219617179,400.403,1.95194978,1.57921617
3.708,1.49,2.98,4.255913343,10.09,0.7151581665,387.216,1.772784363,1.710615616
3.709,1.44,2.88,4.130043955,8.77,0.616191317,385.478,1.748717098,1.746386426
3.71,1.4,2.8,4.02850112,7.53,0.5247380588,383.963,1.727649178,1.788547304
3.711,1.36,2.72,3.926205107,6.43,0.4448262407,383.48,1.720914997,1.81286898
3.712,1.33,2.66,3.848988825,5.52,0.3795733999,383.785,1.725168417,1.828722551
3.713,1.3,2.6,3.77134888,4.72,0.3228432436,385.049,1.742759746,1.825785932
3.714,1.28,2.56,3.719353549,4.2,0.286285154,387.487,1.776527346,1.803049743
3.715,1.29,2.58,3.745374751,4.39,0.2996141022,391.703,1.834422904,1.755065512
3.716,1.33,2.66,3.848988825,5.49,0.3774353265,397.943,1.918979009,1.676086395
3.717,1.41,2.82,4.053957439,7.43,0.5174262867,406.66,2.034906429,1.588334238
3.718,1.51,3.02,4.305931583,10.13,0.7181833282,423.984,2.258099137,1.446748296
3.719,1.64,3.28,4.626460467,13.79,1.001592152,431.627,2.353682615,1.378861878
3.72,1.8,3.6,5.01003648,17.21,1.278465046,437.036,2.42031035,1.354512222
3.721,1.95,3.9,5.35869438,20.02,1.514901535,441.646,2.476448352,1.342576955
3.722,1.99,3.98,5.449881023,20.87,1.588041573,445.802,2.526557796,1.324522884
3.723,1.92,3.84,5.289810125,19.5,1.470530264,448.297,2.556416423,1.313603217
3.724,1.81,3.62,5.033609855,17.29,1.285083667,449.42,2.569801606,1.305774232
3.725,1.74,3.48,4.867607683,15.99,1.178340525,449.03,2.56515694,1.300283419
3.726,1.75,3.5,4.8914635,16.25,1.199551504,446.915,2.539898088,1.308070447
3.727,1.83,3.66,5.080615385,17.68,1.317443417,443.125,2.494334692,1.332872806
3.728,1.95,3.9,5.35869438,19.98,1.511478325,439.911,2.455389562,1.35086283
3.729,2.08,4.16,5.652297165,22.59,1.738377076,437.232,2.422709156,1.358370591
3.73,2.16,4.32,5.829021619,24.26,1.887364977,435.736,2.404372613,1.358196184
3.731,2.15,4.3,5.80709582,24.01,1.864870339,435.363,2.399790929,1.361678092
3.732,2.06,4.12,5.607645315,22.37,1.718972778,435.687,2.403770953,1.360173147
3.733,1.98,3.96,5.427154973,20.74,1.576806255,436.522,2.414014488,1.359909483
3.734,1.94,3.88,5.335780035,20.05,1.517470042,436.977,2.419588049,1.355270842
3.735,1.95,3.9,5.35869438,20.11,1.522609883,437.244,2.422855987,1.35819053
3.736,1.95,3.9,5.35869438,20.27,1.536334569,436.993,2.419783937,1.354533331
3.737,1.95,3.9,5.35869438,20.2,1.530326717,436.138,2.409306124,1.360201469
3.738,1.95,3.9,5.35869438,20.1,1.521752981,434.441,2.388448829,1.370439338
3.739,1.95,3.9,5.35869438,20.13,1.524324002,432.397,2.363218232,1.378427309
3.74,1.95,3.9,5.35869438,20.25,1.534617516,429.106,2.322343306,1.389356705
3.741,1.95,3.9,5.35869438,20.19,1.529468872,424.938,2.270123568,1.410333994
3.742,1.93,3.86,5.312818617,19.73,1.490121179,420.299,2.211397082,1.435307958
3.743,1.88,3.76,5.197305421,18.74,1.406186759,415.945,2.155685806,1.459149738
3.744,1.8,3.6,5.01003648,17.2,1.277638179,412.177,2.10699989,1.48022813
3.745,1.68,3.36,4.723484237,15.01,1.099006271,400.774,1.956904616,1.54568782
3.746,1.57,3.14,4.454856537,12.03,0.8636678778,401.63,1.968319319,1.573049674
3.747,1.53,3.06,4.355761529,10.72,0.7629842395,406.131,2.027942399,1.560686501
3.748,1.58,3.16,4.479512605,12.19,0.8760801584,417.626,2.177263721,1.467084214
3.749,1.71,3.42,4.795757791,15.31,1.123189317,424.074,2.259234672,1.417846434
3.75,1.82,3.64,5.057136157,17.47,1.299999544,426.565,2.2905685,1.408450166
3.751,1.87,3.74,5.174061561,18.54,1.389353898,429.31,2.324886129,1.393033709
3.752,1.89,3.78,5.220502207,18.89,1.418838606,431.857,2.356532697,1.382778484
3.753,1.91,3.82,5.266754559,19.28,1.45184274,434.059,2.383742554,1.373129303
3.754,1.96,3.92,5.381561651,20.16,1.526895965,436.01,2.407735749,1.367742153
3.755,2.02,4.04,5.517776733,21.47,1.640127965,437.707,2.428518133,1.356170234
3.756,2.1,4.2,5.69676072,23.01,1.77556525,439.026,2.444615749,1.349885401
3.757,2.18,4.36,5.872731997,24.65,1.92259165,440.113,2.457845632,1.340672545
3.758,2.25,4.5,6.0242355,26.05,2.050409136,441.276,2.471964377,1.332095963
3.759,2.28,4.56,6.088459469,26.64,2.104917369,442.501,2.486795617,1.325966908
3.76,2.26,4.52,6.045690563,26.22,2.066075685,443.52,2.499101538,1.324305776
3.761,2.21,4.42,5.937944511,25.33,1.984407469,443.964,2.504454649,1.32281731
3.762,2.18,4.36,5.872731997,24.82,1.937998476,444.206,2.507370082,1.321090011
3.763,2.19,4.38,5.894516575,25.06,1.959802742,444.539,2.511379219,1.318335202
3.764,2.23,4.46,5.981184153,25.87,2.033855557,443.835,2.502899906,1.318383634
3.765,2.29,4.58,6.109773311,26.94,2.132780318,441.908,2.47962122,1.324640377
3.766,2.33,4.66,6.194557945,27.89,2.221669313,438.823,2.442141405,1.328218129
3.767,2.34,4.68,6.215636419,28.08,2.239567251,434.533,2.38958166,1.342716888
3.768,2.28,4.56,6.088459469,27.04,2.142090029,430.91,2.344788038,1.356947833
3.769,2.17,4.34,5.850900345,24.79,1.935277345,427.611,2.303671427,1.380271539
3.77,2.02,4.04,5.517776733,21.89,1.676815123,425.215,2.273609882,1.396755216
3.771,1.86,3.72,5.150770627,18.93,1.422216374,424.088,2.259411289,1.399047133
3.772,1.72,3.44,4.819754829,16.14,1.190569254,423.526,2.252316785,1.399917038
3.773,1.58,3.16,4.479512605,13.17,0.9526555674,423.818,2.256004072,1.396069733
3.774,1.47,2.94,4.205706809,10.1,0.7159143121,424.082,2.259335597,1.413564217
3.775,1.39,2.78,4.002997727,7.69,0.5364565434,424.552,2.265261592,1.428765327
3.776,1.32,2.64,3.823155917,5.94,0.4095942274,425.095,2.272099844,1.425649539
3.777,1.28,2.56,3.719353549,4.67,0.3193172337,425.749,2.280324385,1.430717804
3.778,1.24,2.48,3.614798003,3.6,0.2444108522,426.586,2.290831877,1.425819296
3.779,1.22,2.44,3.562237789,3.01,0.2035547251,427.388,2.300880664,1.422371607
3.78,1.24,2.48,3.614798003,3.66,0.248583474,428.356,2.312984288,1.411166262
3.781,1.34,2.68,3.874774659,6.13,0.4232290204,429.159,2.323004058,1.41094166
3.782,1.51,3.02,4.305931583,10.55,0.7500409241,430.159,2.335455798,1.395539186
3.783,1.69,3.38,4.747622495,15.29,1.121574293,431.56,2.352852088,1.366447861
3.784,1.82,3.64,5.057136157,17.8,1.327431689,432.125,2.359851747,1.371507302
3.785,1.89,3.78,5.220502207,19.09,1.435744057,431.407,2.350955028,1.378641949
3.786,1.9,3.8,5.24365192,19.43,1.464578764,429.919,2.332470023,1.380980918
3.787,1.9,3.8,5.24365192,19.33,1.456085478,427.626,2.303859094,1.394608835
3.788,1.88,3.76,5.197305421,18.94,1.423061075,424.965,2.270463489,1.407139801
3.789,1.83,3.66,5.080615385,18.08,1.350795287,422.036,2.23346185,1.417480719
3.79,1.77,3.54,4.939033913,16.78,1.24300212,418.961,2.194338469,1.4368765
3.791,1.69,3.38,4.747622495,15.39,1.129653446,415.543,2.15051267,1.447372581
3.792,1.64,3.28,4.626460467,14.19,1.033367167,411.492,2.098101289,1.477409251
3.793,1.61,3.22,4.553198367,13.41,0.9715534768,406.575,2.033788056,1.515035252
3.794,1.62,3.24,4.577666141,13.52,0.9802341214,396.312,1.897006564,1.590991732
3.795,1.64,3.28,4.626460467,14.07,1.023817902,398.338,1.924286809,1.569299913
3.796,1.64,3.28,4.626460467,14.31,1.04293082,403.179,1.988913423,1.525955853
3.797,1.63,3.26,4.602086841,13.94,1.013489083,418.935,2.194006447,1.43479135
3.798,1.6,3.2,4.52868352,13.08,0.9455835699,421.735,2.229644819,1.426254418
3.799,1.56,3.12,4.430153395,12,0.8613433732,424.401,2.263358424,1.417784378
3.8,1.53,3.06,4.355761529,11.15,0.7958485199,425.478,2.276917891,1.417537472
3.801,1.52,3.04,4.330870093,10.79,0.7683219911,425.065,2.271722268,1.424607579
3.802,1.53,3.06,4.355761529,10.99,0.783598943,423.994,2.258225319,1.431956995
3.803,1.55,3.1,4.40540318,11.66,0.8350606483,422.194,2.235464385,1.434739379
3.804,1.57,3.14,4.454856537,12.28,0.8830731195,420.815,2.217961235,1.436571165
3.805,1.58,3.16,4.479512605,12.32,0.8861836588,420.035,2.208035562,1.447703697
3.806,1.55,3.1,4.40540318,11.64,0.8335181309,420.289,2.211269791,1.446867005
3.807,1.5,3,4.280946,10.28,0.7295414516,421.674,2.228870936,1.447041669
3.808,1.45,2.9,4.15531198,8.84,0.621397626,422.768,2.242733116,1.450810858
3.809,1.43,2.86,4.104728857,8.18,0.5724951674,423.787,2.255612734,1.451404614
3.81,1.45,2.9,4.15531198,8.63,0.6057927298,424.639,2.266357811,1.446759813
3.811,1.5,3,4.280946,10.08,0.7144021175,425.322,2.274955973,1.432061958
3.812,1.57,3.14,4.454856537,12.07,0.8667685913,425.882,2.281995414,1.414795307
3.813,1.64,3.28,4.626460467,13.99,1.017459711,426.669,2.291872715,1.398004151
3.814,1.7,3.4,4.77171368,15.24,1.117538498,427.295,2.299716372,1.396358733
3.815,1.74,3.48,4.867607683,16.05,1.183229278,427.263,2.299315697,1.39771567
3.816,1.77,3.54,4.939033913,16.7,1.2364252,426.987,2.295858629,1.398255109
3.817,1.81,3.62,5.033609855,17.36,1.290880339,426.784,2.293314505,1.404390686
3.818,1.84,3.68,5.104047539,17.99,1.343276753,425.866,2.281794416,1.407985472
3.819,1.86,3.72,5.150770627,18.36,1.374239714,423.785,2.255587485,1.419012626
3.82,1.86,3.72,5.150770627,18.36,1.374239714,420.635,2.215672329,1.434790202
3.821,1.85,3.7,5.12743262,18.08,1.350795287,416.324,2.160558389,1.460243853
3.822,1.83,3.66,5.080615385,17.77,1.324933233,411.523,2.098504319,1.484068369
3.823,1.81,3.62,5.033609855,17.33,1.288395436,406.074,2.02719148,1.518165557
3.824,1.76,3.52,4.915272243,16.38,1.21018274,396.6,1.900892998,1.579926899
3.825,1.68,3.36,4.723484237,14.8,1.082132014,388.801,1.79463894,1.64193963
3.826,1.57,3.14,4.454856537,11.97,0.8590197516,387.773,1.780474667,1.687768879
3.827,1.46,2.92,4.180532931,8.82,0.6199096316,387.66,1.778915409,1.742741909
3.828,1.35,2.7,3.90051342,5.89,0.4060117151,388.17,1.785949168,1.77946306
3.829,1.26,2.52,3.667169923,3.42,0.2319126851,389.946,1.810371276,1.795621958
3.83,1.19,2.38,3.483044415,1.35,0.09029280197,392.704,1.84807743,1.796893265
3.831,1.1,2.2,3.24292232,-2.12,-0.1385538279,396.783,1.903361037,1.837550472
3.832,1.09,2.18,3.216006719,-3.05,-0.1981025445,402.258,1.976678197,1.808192255
3.833,1.21,2.42,3.535887071,1.75,0.1173581633,410.575,2.086165639,1.604651181
3.834,1.43,2.86,4.104728857,7.39,0.5145042206,426.388,2.288348097,1.464482746
3.835,1.67,3.34,4.699298905,13.97,1.015871161,430.701,2.342192551,1.39940731
3.836,1.84,3.68,5.104047539,17.35,1.290051935,435.295,2.398955239,1.38358298
3.837,1.94,3.88,5.335780035,19.33,1.456085478,440.202,2.458927403,1.362902294
3.838,2.04,4.08,5.562805171,21.33,1.627940446,444.189,2.507165331,1.345263089
3.839,2.13,4.26,5.763103001,23.06,1.78000499,447.689,2.549155595,1.331228742
3.84,2.2,4.4,5.91625408,24.53,1.911735122,450.337,2.580706666,1.316935057
3.841,2.27,4.54,6.067098553,25.89,2.035693091,451.423,2.593592806,1.310590594
3.842,2.32,4.64,6.173432397,27.12,2.149545749,451.578,2.595429459,1.301046291
3.843,2.37,4.74,6.278589401,28.1,2.241453581,450.853,2.586833232,1.300376229
3.844,2.4,4.8,6.34111872,28.83,2.310609865,450.062,2.57743867,1.29727
3.845,2.43,4.86,6.403224377,29.39,2.364065313,449.254,2.567825139,1.298330618
3.846,2.45,4.9,6.44439278,29.8,2.403425703,448.469,2.558468687,1.298776692
3.847,2.47,4.94,6.485372889,30.16,2.438142236,447.693,2.549203395,1.300365639
3.848,2.47,4.94,6.485372889,30.34,2.455555396,447.019,2.541142923,1.297931649
3.849,2.44,4.88,6.423832115,29.76,2.399577333,446.493,2.534843958,1.301841034
3.85,2.35,4.7,6.23666782,27.91,2.223551416,446.057,2.529617136,1.31210744
3.851,2.18,4.36,5.872731997,24.7,1.927119813,445.742,2.525837697,1.318838544
3.852,1.98,3.96,5.427154973,20.79,1.581125425,445.621,2.524385202,1.321919602
3.853,1.82,3.64,5.057136157,17.83,1.329931071,445.918,2.527949712,1.310858588
3.854,1.78,3.56,4.962748509,17.02,1.262772076,445.946,2.528285638,1.30906699
3.855,1.86,3.72,5.150770627,18.5,1.385992295,445.503,2.52296834,1.317682911
3.856,2.02,4.04,5.517776733,21.58,1.64971843,444.947,2.516287222,1.324476535
3.857,2.17,4.34,5.850900345,24.63,1.920781144,444.03,2.505249925,1.321929343
3.858,2.25,4.5,6.0242355,26.42,2.084547538,443.04,2.49330836,1.315951318
3.859,2.28,4.56,6.088459469,26.89,2.128129601,441.043,2.469138755,1.3243646
3.86,2.26,4.52,6.045690563,26.56,2.097503996,437.855,2.4303268,1.335228907
3.861,2.22,4.44,5.959587869,25.84,2.031100078,432.976,2.370377343,1.353997147
3.862,2.15,4.3,5.80709582,24.54,1.912639236,427.229,2.298889947,1.37885684
3.863,2.03,4.06,5.540314489,22.24,1.707530863,421.157,2.222307461,1.409807232
3.864,1.88,3.76,5.197305421,19.28,1.45184274,416.094,2.157601942,1.439918292
3.865,1.74,3.48,4.867607683,16.68,1.23478199,412.452,2.110568161,1.455036831
3.866,1.66,3.32,4.675066499,15.13,1.108668614,409.85,2.076710171,1.467664229
3.867,1.63,3.26,4.602086841,14.49,1.057303305,408.483,2.058836135,1.476855234
3.868,1.61,3.22,4.553198367,14.09,1.025408448,407.04,2.039903357,1.48539485
3.869,1.58,3.16,4.479512605,13.21,0.955801253,405.604,2.020995673,1.504809605
3.87,1.52,3.04,4.330870093,11.55,0.8265816437,401.532,1.967013729,1.55028539
3.871,1.45,2.9,4.15531198,9.48,0.6692155509,391.736,1.83487361,1.659410554
3.872,1.39,2.78,4.002997727,7.76,0.5415909922,391.392,1.830173484,1.687772023
3.873,1.35,2.7,3.90051342,6.78,0.4701294253,391.377,1.829968442,1.695803242
3.874,1.33,2.66,3.848988825,6.19,0.4275417395,392.464,1.844806793,1.693837354
3.875,1.33,2.66,3.848988825,6.17,0.4261037932,394.995,1.879198162,1.669624587
3.876,1.38,2.76,3.977447261,7.39,0.5145042206,399.419,1.938785845,1.621270683
3.877,1.49,2.98,4.255913343,10.41,0.7394027579,406.57,2.033722262,1.534699414
3.878,1.67,3.34,4.699298905,15.08,1.104640877,423.326,2.249789779,1.400922954
3.879,1.84,3.68,5.104047539,18.49,1.385152153,427.243,2.29906526,1.385381743
3.88,1.96,3.92,5.381561651,20.76,1.578533607,430.975,2.34559499,1.37140298
3.881,2.01,4.02,5.495191903,21.65,1.655828128,433.947,2.382361918,1.360805668
3.882,1.99,3.98,5.449881023,21.43,1.6366437,436.055,2.408287886,1.347335772
3.883,1.95,3.9,5.35869438,20.56,1.561279029,437.326,2.423859223,1.34466963
3.884,1.87,3.74,5.174061561,18.98,1.426440919,438.488,2.438055625,1.338870795
3.885,1.76,3.52,4.915272243,16.89,1.252056047,439.614,2.451776362,1.327077389
3.886,1.71,3.42,4.795757791,15.96,1.175897517,441.049,2.469211537,1.315669222
3.887,1.81,3.62,5.033609855,17.9,1.335766563,442.635,2.488415481,1.316257907
3.888,2,4,5.47256,21.56,1.647973756,443.103,2.494069072,1.321222457
3.889,2.09,4.18,5.674552479,23.39,1.809374529,442.8,2.490409416,1.319729678
3.89,2,4,5.47256,21.73,1.662817002,441.431,2.473843257,1.322941614
3.891,1.8,3.6,5.01003648,17.95,1.339937861,438.881,2.442848477,1.324430204
3.892,1.64,3.28,4.626460467,14.76,1.078922893,436.021,2.407870721,1.326852398
3.893,1.57,3.14,4.454856537,13.03,0.9416581478,433.152,2.372551617,1.344168551
3.894,1.58,3.16,4.479512605,13.3,0.962884844,431.394,2.350793809,1.351824686
3.895,1.63,3.26,4.602086841,14.71,1.07491375,431.081,2.346910682,1.344921966
3.896,1.7,3.4,4.77171368,16,1.179155063,432.322,2.362290185,1.347391628
3.897,1.76,3.52,4.915272243,17.01,1.261947153,435.128,2.396902329,1.343392853
3.898,1.79,3.58,4.986416031,17.6,1.310792792,437.783,2.429446985,1.333180846
3.899,1.81,3.62,5.033609855,18.02,1.345782003,440.103,2.457724071,1.323413124
3.9,1.82,3.64,5.057136157,18.23,1.363344738,441.812,2.478458861,1.316344271
3.901,1.8,3.6,5.01003648,17.93,1.338269033,443.173,2.494914181,1.307017223
3.902,1.77,3.54,4.939033913,17.25,1.281773537,443.795,2.502417723,1.305175551
3.903,1.75,3.5,4.8914635,16.89,1.252056047,443.775,2.502176615,1.302919648
3.904,1.78,3.56,4.962748509,17.46,1.299170012,443.886,2.503514626,1.305064443
3.905,1.85,3.7,5.12743262,18.81,1.41208805,444.128,2.506430571,1.308513016
3.906,1.92,3.84,5.289810125,20.11,1.522609883,444.598,2.512089233,1.311079209
3.907,1.95,3.9,5.35869438,20.81,1.58285383,445.274,2.520217595,1.306020253
3.908,1.96,3.92,5.381561651,21.05,1.603627575,445.367,2.52133488,1.304632881
3.909,1.97,3.94,5.404381849,21.1,1.607963086,444.493,2.510825583,1.312128949
3.91,1.97,3.94,5.404381849,21.07,1.605361462,442.372,2.485235732,1.321171847
3.911,1.96,3.92,5.381561651,20.97,1.596696244,439.052,2.444932577,1.331532877
3.912,1.88,3.76,5.197305421,19.44,1.465428666,435.769,2.404777774,1.342901342
3.913,1.72,3.44,4.819754829,16.47,1.217552894,431.73,2.354959144,1.349122068
3.914,1.6,3.2,4.52868352,13.91,1.011107903,428.813,2.318688998,1.360047971
3.915,1.57,3.14,4.454856537,12.88,0.9298967213,426.674,2.291935409,1.382709079
3.916,1.61,3.22,4.553198367,13.99,1.017459711,425.473,2.27685502,1.382138241
3.917,1.63,3.26,4.602086841,14.61,1.066902987,425.254,2.274100552,1.37745644
3.918,1.58,3.16,4.479512605,13.27,0.9605227547,425.576,2.27815001,1.383132206
3.919,1.55,3.1,4.40540318,12.37,0.8900740465,426.607,2.29109524,1.384837707
3.92,1.57,3.14,4.454856537,12.97,0.9369509069,428.423,2.313821027,1.370399594
3.921,1.63,3.26,4.602086841,14.53,1.060501596,431.057,2.346612818,1.350728588
3.922,1.69,3.38,4.747622495,15.86,1.167760745,434.206,2.385554098,1.336110844
3.923,1.77,3.54,4.939033913,17.27,1.283428397,438.221,2.434796961,1.328330974
3.924,1.84,3.68,5.104047539,18.56,1.39103532,441.885,2.479342761,1.318746497
3.925,1.88,3.76,5.197305421,19.46,1.467128782,444.447,2.51027189,1.306709042
3.926,1.91,3.82,5.266754559,19.94,1.50805679,446.104,2.530180823,1.304221065
3.927,1.92,3.84,5.289810125,20.19,1.529468872,446.771,2.538173993,1.300460808
3.928,1.94,3.88,5.335780035,20.53,1.558694471,447.299,2.544492962,1.300398805
3.929,1.97,3.94,5.404381849,21.18,1.614905393,448.02,2.553109669,1.296632034
3.93,2.02,4.04,5.517776733,22.15,1.699620083,448.947,2.564167939,1.29410203
3.931,2.08,4.16,5.652297165,23.37,1.807591229,450.013,2.576856163,1.289169799
3.932,2.14,4.28,5.785122947,24.6,1.918066199,450.939,2.587853645,1.283893888
3.933,2.19,4.38,5.894516575,25.54,2.003599427,451.576,2.595405764,1.281693829
3.934,2.21,4.42,5.937944511,26.12,2.056856228,451.572,2.595358375,1.276369432
3.935,2.23,4.46,5.981184153,26.52,2.093799951,450.304,2.580314612,1.279640042
3.936,2.24,4.48,6.002733363,26.62,2.103063365,447.985,2.552691703,1.289314682
3.937,2.2,4.4,5.91625408,25.82,2.029263639,444.618,2.512329895,1.302682426
3.938,2.08,4.16,5.652297165,23.62,1.829913388,441.576,2.475600321,1.312804359
3.939,1.89,3.78,5.220502207,20,1.513189721,438.461,2.437726187,1.321339742
3.94,1.67,3.34,4.699298905,15.95,1.175083384,435.73,2.404298944,1.312879842
3.941,1.52,3.04,4.330870093,12.24,0.8799641537,433.845,2.381104244,1.328052517
3.942,1.46,2.92,4.180532931,10.58,0.752323002,432.224,2.361077294,1.342754716
3.943,1.48,2.96,4.230833613,11.27,0.8050520669,431.108,2.347245759,1.342142731
3.944,1.53,3.06,4.355761529,12.56,0.9048799677,430.44,2.338949528,1.342783748
3.945,1.54,3.08,4.380605891,12.76,0.9205035928,430.219,2.336201982,1.345103446
3.946,1.5,3,4.280946,11.79,0.8450965533,430.265,2.336773986,1.345418032
3.947,1.47,2.94,4.205706809,10.75,0.7652712648,430.785,2.343235864,1.352966757
3.948,1.46,2.92,4.180532931,10.53,0.7485200235,431.552,2.352752912,1.348005486
3.949,1.49,2.98,4.255913343,11.37,0.8127324157,432.615,2.365914842,1.338907088
3.95,1.56,3.12,4.430153395,13.46,0.9754977346,434.542,2.389692467,1.316464488
3.951,1.69,3.38,4.747622495,16.26,1.200368681,437.283,2.423333159,1.310158149
3.952,1.86,3.72,5.150770627,19.47,1.467978996,440.037,2.456921698,1.312331452
3.953,2,4,5.47256,22.23,1.706651462,442.548,2.487363834,1.304849795
3.954,2.05,4.1,5.58524878,23.19,1.791560859,444.424,2.509995022,1.298425252
3.955,1.99,3.98,5.449881023,22.11,1.696106948,446.292,2.53243498,1.288832207
3.956,1.86,3.72,5.150770627,19.65,1.483300686,447.69,2.549167545,1.27732454
3.957,1.71,3.42,4.795757791,16.96,1.257824071,448.322,2.556714766,1.257231345
3.958,1.61,3.22,4.553198367,14.98,1.096592949,448.394,2.557573901,1.246029137
3.959,1.56,3.12,4.430153395,13.86,1.007141264,447.955,2.55233342,1.244608767
3.96,1.57,3.14,4.454856537,14.04,1.021432832,447.193,2.54322498,1.249729083
3.961,1.59,3.18,4.504121599,14.66,1.070907115,446.039,2.52940124,1.251037732
3.962,1.6,3.2,4.52868352,14.85,1.086145675,444.729,2.513665369,1.258033676
3.963,1.6,3.2,4.52868352,14.79,1.081329584,443.249,2.495831577,1.265999298
3.964,1.59,3.18,4.504121599,14.63,1.068504338,441.738,2.477562704,1.270173842
3.965,1.58,3.16,4.479512605,14.29,1.041335878,440.171,2.458550631,1.279902246
3.966,1.55,3.1,4.40540318,13.66,0.991299604,438.529,2.438555843,1.284428236
3.967,1.52,3.04,4.330870093,12.66,0.9126868475,436.798,2.417396066,1.300529208
3.968,1.47,2.94,4.205706809,11.4,0.8150384231,435.114,2.396730193,1.309467559
3.969,1.44,2.88,4.130043955,10.52,0.7477597185,433.584,2.377884729,1.321341574
3.97,1.45,2.9,4.15531198,10.67,0.7591744718,432.381,2.363020262,1.330894558
3.971,1.49,2.98,4.255913343,12.01,0.8621181099,431.619,2.353583454,1.323478954
3.972,1.55,3.1,4.40540318,13.46,0.9754977346,431.024,2.346203227,1.326249181
3.973,1.55,3.1,4.40540318,13.44,0.9739197336,430.51,2.339819497,1.329435684
3.974,1.47,2.94,4.205706809,11.5,0.8227314612,429.696,2.329694245,1.334117661
3.975,1.34,2.68,3.874774659,8.06,0.5636483326,428.825,2.318838712,1.344247034
3.976,1.23,2.46,3.588541433,4.97,0.340507869,427.875,2.30697341,1.355454885
3.977,1.19,2.38,3.483044415,4.05,0.2757856919,426.548,2.290355281,1.35730829
3.978,1.26,2.52,3.667169923,5.73,0.3945633126,425.174,2.273094,1.374678039
3.979,1.37,2.74,3.951849721,8.6,0.6035668934,423.687,2.254350158,1.382772715
3.98,1.4,2.8,4.02850112,9.42,0.6647159412,422.494,2.239264605,1.387234196
3.981,1.27,2.54,3.693285273,6.18,0.4268227197,421.232,2.223260108,1.393648996
3.982,1.07,2.14,3.162034297,0.79,0.05264144509,419.918,2.206545121,1.399633985
3.983,0.94,1.88,2.806623875,-5.8,-0.3698722461,418.811,2.192422673,1.539943057
3.984,0.95,1.9,2.83424558,-5,-0.3205619313,416.805,2.166735945,1.535199585
3.985,1.07,2.14,3.162034297,0.67,0.04460962798,413.896,2.129265872,1.454560897
3.986,1.19,2.38,3.483044415,3.81,0.2590294088,411.147,2.093613901,1.480481296
3.987,1.26,2.52,3.667169923,5.42,0.3724497354,406.866,2.037615869,1.52160585
3.988,1.24,2.48,3.614798003,4.88,0.3341419612,402.085,1.974376815,1.56585168
3.989,1.15,2.3,3.37679422,2.57,0.1732914714,395.756,1.889495591,1.63700572
3.99,1.06,2.12,3.134977475,0.22,0.01460411943,383.815,1.725586603,1.801513728
3.991,1.06,2.12,3.134977475,0.21,0.01393936766,381.736,1.696528637,1.832818542
3.992,1.12,2.24,3.296612301,1.73,0.1160014906,379.928,1.671129464,1.844639473
3.993,1.13,2.26,3.323386681,1.75,0.1173581633,378.686,1.653611448,1.876591591
3.994,0.99,1.98,2.944261663,-3.16,-0.2050967478,378.071,1.644915788,2.044883128
3.995,0.74,1.48,2.244304323,-14.71,-0.8838935973,378.113,1.645510088,2.94676435
3.996,0.48,0.96,1.485138893,-26,-1.449046214,378.633,1.652862622,7.286650321
3.997,0.33,0.66,1.032683705,-32.49,-1.734527922,379.727,1.66829831,-15.59247708
3.998,0.29,0.58,0.9102401912,-33.83,-1.790163921,380.913,1.684981906,-8.653952774
3.999,0.36,0.72,1.124022067,-31.41,-1.688882305,382.143,1.702229672,84.21301887
4,0.47,0.94,1.455304729,-27.37,-1.511582996,383.845,1.726004757,6.787113032
