# age_ma,DST_anomaly_K,GMSST_anomaly_K,GMST_anomaly_K,BSL_m,R_LI_Wm2,CO2_ppm,R_CO2_Wm2,S_CO2_LI_K_per_Wm2
0,0,0,0,2.68,0.1808408527,284.1331213,0.116746372,0
0.001,0.11,0.11,0.1756738918,5.47,0.3760104081,280.4281497,0.04652588879,0.4157604757
0.002,0.25,0.25,0.397199375,9.1,0.6407763474,277.8286438,-0.003298699906,0.62307969
0.003,0.35,0.35,0.554019655,11.83,0.8481878533,275.6131949,-0.0461314373,0.6907489847
0.004,0.38,0.38,0.6008362552,12.83,0.9259811889,273.0683738,-0.09575909614,0.7237054524
0.005,0.38,0.38,0.6008362552,12.63,0.910343748,269.4465361,-0.1671935172,0.8084990494
0.006,0.31,0.31,0.4914327638,11.09,0.7912520078,264.5748721,-0.2648080518,0.93349493
0.007,0.18,0.18,0.2867249592,7.82,0.5459956392,260.6641348,-0.3444778049,1.42282672
0.008,0.03,0.03,0.0480522822,4.34,0.2961032708,259.775696,-0.362743711,-0.7210678995
0.009,-0.04,-0.04,-0.0642344672,2.62,0.1767216519,261.0143677,-0.3372942771,0.4000337364
0.01,-0.01,-0.01,-0.0160409642,3.3,0.2235969714,264.0627076,-0.2751746288,0.3110060636
0.011,-0.05,-0.05,-0.080322505,2.24,0.1507089033,266.7807626,-0.2203873986,1.152758891
0.012,-0.24,-0.24,-0.3882312192,-3.47,-0.2247519371,253.8849024,-0.4854594796,0.5466417605
0.013,-0.54,-0.54,-0.8830526472,-13.3,-0.8067294021,239.9331786,-0.7878444864,0.5537859698
0.014,-1.01,-1.01,-1.679567804,-27.8,-1.530955522,239.2774205,-0.8024865159,0.7197812401
0.015,-1.6,-1.6,-2.71624832,-46.17,-2.253944599,229.3619873,-1.028910009,0.8274043918
0.016,-2.32,-2.32,-4.036849741,-68.85,-2.91727768,223.1368569,-1.176121649,0.9861851767
0.017,-2.98,-2.98,-5.300994337,-90.11,-3.388540537,202.7709168,-1.688161793,1.04418065
0.018,-3.27,-3.27,-5.872662782,-99.21,-3.565755134,189.1388285,-2.060498069,1.04379639
0.019,-3.21,-3.21,-5.753574532,-97.75,-3.53787174,190.4689123,-2.023006854,1.034652067
0.02,-3.05,-3.05,-5.438077105,-93.11,-3.447979365,192.6774503,-1.961329072,1.005318364
0.021,-2.94,-2.94,-5.222920231,-89.89,-3.384133323,189.9359501,-2.037997987,0.9632596358
0.022,-3,-3,-5.340102,-91.83,-3.422763279,187.8078073,-2.098280569,0.9672268773
0.023,-3.09,-3.09,-5.51666902,-94.69,-3.478837199,189.1669059,-2.059703929,0.9960509263
0.024,-3.1,-3.1,-5.53634642,-94.93,-3.483500382,185.8835609,-2.153378491,0.9821652274
0.025,-3.05,-3.05,-5.438077105,-93.33,-3.452293175,182.3536751,-2.255950778,0.95267076
0.026,-2.91,-2.91,-5.16448822,-89.41,-3.374492945,184.28066,-2.199712379,0.9264976657
0.027,-2.7,-2.7,-4.75842978,-83.44,-3.251416159,187.9789179,-2.093408433,0.8902873608
0.028,-2.51,-2.51,-4.395515564,-77.81,-3.128886795,190.4100577,-2.024660251,0.8529107282
0.029,-2.34,-2.34,-4.074403975,-72.82,-3.013841541,192.2133617,-1.974230783,0.8168293703
0.03,-2.2,-2.2,-3.81251288,-68.56,-2.910033422,189.1471418,-2.060262923,0.76705947
0.031,-2.15,-2.15,-3.719539345,-66.95,-2.86931913,187.4855496,-2.107468469,0.7473775544
0.032,-2.15,-2.15,-3.719539345,-66.99,-2.870341011,193.3200869,-1.943514921,0.77267359
0.033,-2.19,-2.19,-3.793894636,-68.48,-2.908030267,196.536714,-1.855229453,0.7964912391
0.034,-2.31,-2.31,-4.018090276,-72.17,-2.998353416,196.0784924,-1.867717438,0.825736081
0.035,-2.36,-2.36,-4.112005283,-73.81,-3.037199829,201.3470268,-1.725862883,0.8633111786
0.036,-2.32,-2.32,-4.036849741,-72.54,-3.007184673,201.3615358,-1.725477377,0.8529765486
0.037,-2.18,-2.18,-3.775288161,-68.59,-2.910784076,205.7149062,-1.611044718,0.8349029414
0.038,-2.08,-2.08,-3.589870669,-65.55,-2.833212889,211.0896059,-1.473060427,0.8336374412
0.039,-2.1,-2.1,-3.62686002,-66.02,-2.845408655,205.8566438,-1.607359837,0.8145179851
0.04,-2.14,-2.14,-3.700979943,-67.46,-2.882308264,196.0447982,-1.868636863,0.7789986718
0.041,-2.17,-2.17,-3.756693454,-68.27,-2.902762185,201.1705722,-1.730553519,0.8108002332
0.042,-2.17,-2.17,-3.756693454,-68.22,-2.901505782,202.6543116,-1.691239244,0.8179625544
0.043,-2.18,-2.18,-3.775288161,-68.76,-2.915032337,203.8689373,-1.65926928,0.8253255856
0.044,-2.19,-2.19,-3.793894636,-69.15,-2.924743563,203.4644055,-1.669895691,0.8257219831
0.045,-2.19,-2.19,-3.793894636,-68.94,-2.919520444,210.6769938,-1.483528186,0.8616517679
0.046,-2.13,-2.13,-3.68243231,-67.34,-2.879259755,219.3042736,-1.268811194,0.8877457389
0.047,-1.97,-1.97,-3.387270678,-62.49,-2.751906617,211.9368298,-1.45163078,0.8058143314
0.048,-1.83,-1.83,-3.131475614,-58.19,-2.631735519,203.8553812,-1.659625034,0.7297162695
0.049,-1.8,-1.8,-3.07696248,-57.08,-2.599522353,201.381293,-1.724952472,0.7115228101
0.05,-1.91,-1.91,-3.27736178,-60.69,-2.702473674,204.6049713,-1.6399888,0.7547242606
0.051,-2.1,-2.1,-3.62686002,-66.85,-2.866762089,208.6966644,-1.534055162,0.8241332946
0.052,-2.16,-2.16,-3.738110515,-68.94,-2.919520444,215.1221019,-1.371822022,0.8710818457
0.053,-2.06,-2.06,-3.552928391,-65.98,-2.844373667,222.1049741,-1.200919781,0.8782869367
0.054,-1.88,-1.88,-3.222566205,-60.64,-2.701082938,220.709609,-1.234636955,0.8187996841
0.055,-1.75,-1.75,-2.986342625,-56.41,-2.579831685,214.4606805,-1.388296644,0.752582169
0.056,-1.77,-1.77,-3.022555262,-57.29,-2.605655603,210.519141,-1.487538253,0.7384344275
0.057,-1.96,-1.96,-3.368923107,-63.37,-2.775633918,214.0221889,-1.399246583,0.8069507872
0.058,-2.17,-2.17,-3.756693454,-70.34,-2.954080274,222.7038757,-1.18651303,0.9072838547
0.059,-2.28,-2.28,-3.961882493,-74.11,-3.044223987,227.9449383,-1.062066018,0.9648326075
0.06,-2.31,-2.31,-4.018090276,-75.02,-3.06537995,220.4035745,-1.242060378,0.9328255229
0.061,-2.31,-2.31,-4.018090276,-75.2,-3.069538176,211.7642755,-1.455988407,0.8878724282
0.062,-2.32,-2.32,-4.036849741,-75.29,-3.071614049,206.5125042,-1.590341802,0.8659133355
0.063,-2.31,-2.31,-4.018090276,-74.95,-3.063760522,200.4155511,-1.750670588,0.8345929529
0.064,-2.3,-2.3,-3.99934258,-74.76,-3.059358292,198.8842458,-1.791705035,0.8244259681
0.065,-2.25,-2.25,-3.905780625,-73.32,-3.025673177,201.1105048,-1.732151211,0.8209173578
0.066,-2.21,-2.21,-3.831142892,-72.22,-2.999549149,201.3717274,-1.7252066,0.8108658088
0.067,-2.19,-2.19,-3.793894636,-71.45,-2.981053623,203.9316042,-1.657625006,0.8178826213
0.068,-2.1,-2.1,-3.62686002,-68.96,-2.920018486,202.4275371,-1.697229361,0.7855025635
0.069,-2.05,-2.05,-3.534474905,-67.26,-2.87722477,205.1636743,-1.625399775,0.7849810415
0.07,-1.98,-1.98,-3.405630017,-65.19,-2.823819884,214.6656983,-1.383184652,0.8095142251
0.071,-1.82,-1.82,-3.113292801,-60.37,-2.693556272,228.3339548,-1.052943356,0.8309870839
0.072,-1.66,-1.66,-2.823968295,-55.39,-2.549491691,236.8358262,-0.8573585215,0.828908851
0.073,-1.56,-1.56,-2.644670371,-52.48,-2.460452295,232.5534562,-0.9549803292,0.7743295394
0.074,-1.56,-1.56,-2.644670371,-52.46,-2.459827311,233.2822229,-0.9382409288,0.7782864217
0.075,-1.58,-1.58,-2.680435809,-53.18,-2.482213165,243.5458835,-0.7078892936,0.8402350219
0.076,-1.53,-1.53,-2.591110478,-51.38,-2.425807486,245.9205829,-0.6559766799,0.8407825916
0.077,-1.4,-1.4,-2.36024152,-47.22,-2.289645163,233.620664,-0.9304848818,0.7329646589
0.078,-1.28,-1.28,-2.148896973,-43.33,-2.154570265,225.5603955,-1.118327413,0.6565732218
0.079,-1.18,-1.18,-1.974071041,-40.12,-2.037116283,227.2289447,-1.078897251,0.6335245401
0.08,-1.07,-1.07,-1.783121766,-36.55,-1.899774315,231.895557,-0.9701370527,0.6213159703
0.081,-1,-1,-1.66235,-34.16,-1.803697724,232.0150893,-0.9673800677,0.5998929388
0.082,-0.97,-0.97,-1.610767198,-33.1,-1.759990826,236.8894844,-0.8561465467,0.6157043643
0.083,-1,-1,-1.66235,-34.13,-1.802470095,245.3631222,-0.6681179988,0.6728559909
0.084,-1.11,-1.11,-1.852393108,-37.9,-1.952564105,247.2924334,-0.6262150203,0.71832174
0.085,-1.27,-1.27,-2.131361422,-43.5,-2.160636602,238.7470059,-0.814359213,0.7164250152
0.086,-1.45,-1.45,-2.448801905,-49.72,-2.372464338,228.3187425,-1.053299802,0.7148191775
0.087,-1.63,-1.63,-2.77005535,-55.93,-2.565609054,222.3102894,-1.195976492,0.7364063148
0.088,-1.74,-1.74,-2.968253959,-59.5,-2.669110496,221.2242129,-1.222177479,0.7627947297
0.089,-1.75,-1.75,-2.986342625,-60.11,-2.686281645,225.0700255,-1.129971015,0.7825327331
0.09,-1.71,-1.71,-2.914058572,-58.84,-2.65036625,229.4378181,-1.027141504,0.7924003884
0.091,-1.6,-1.6,-2.71624832,-55.45,-2.55128866,231.3171465,-0.9834980755,0.768433437
0.092,-1.45,-1.45,-2.448801905,-50.66,-2.402829111,232.617117,-0.953515982,0.7296037317
0.093,-1.3,-1.3,-2.18400338,-45.98,-2.247425364,234.1103146,-0.9192834351,0.6896761017
0.094,-1.22,-1.22,-2.043860193,-43.47,-2.159567178,238.5191848,-0.8194668134,0.686081528
0.095,-1.24,-1.24,-2.078825379,-43.95,-2.176621253,243.0130777,-0.7196063199,0.7177700394
0.096,-1.23,-1.23,-2.061336902,-43.69,-2.167398631,245.4643837,-0.6659105073,0.727536884
0.097,-1.16,-1.16,-1.939247075,-41.25,-2.079100039,243.6203339,-0.706254083,0.6962299908
0.098,-1.08,-1.08,-1.800421949,-38.58,-1.978758381,241.290828,-0.7576571172,0.6579490396
0.099,-1.07,-1.07,-1.783121766,-38.24,-1.96569415,242.8574549,-0.7230334967,0.6631842269
0.1,-1.07,-1.07,-1.783121766,-38.36,-1.970312553,245.578258,-0.663429144,0.6770298574
0.101,-1.07,-1.07,-1.783121766,-38.51,-1.97607405,245.7957324,-0.658693491,0.6767662565
0.102,-1.15,-1.15,-1.921852745,-41.28,-2.080205123,240.8253989,-0.7679867682,0.674762382
0.103,-1.28,-1.28,-2.148896973,-46,-2.248112458,239.3079643,-0.8018036321,0.7045757683
0.104,-1.4,-1.4,-2.36024152,-50.2,-2.388021791,242.7191663,-0.726080776,0.7579202899
0.105,-1.43,-1.43,-2.413342446,-51.33,-2.424219533,244.8831102,-0.6785946328,0.7777914876
0.106,-1.48,-1.48,-2.502079357,-53.23,-2.4837591,245.6947368,-0.6608922169,0.7956619365
0.107,-1.62,-1.62,-2.752107905,-58.24,-2.63317471,241.5288629,-0.7523819092,0.8128967299
0.108,-1.76,-1.76,-3.004443059,-63.16,-2.769997491,239.0043913,-0.808594658,0.8395600654
0.109,-1.85,-1.85,-3.167876545,-66.6,-2.860354819,241.5225299,-0.7525221917,0.8768293344
0.11,-1.77,-1.77,-3.022555262,-64.05,-2.793775647,245.2622454,-0.6703180108,0.8725385513
0.111,-1.54,-1.54,-2.608952007,-57.04,-2.598352043,250.2120958,-0.563420121,0.8251549674
0.112,-1.26,-1.26,-2.113837639,-48.43,-2.330108616,256.1604878,-0.437720736,0.7637167508
0.113,-0.93,-0.93,-1.542154886,-37.79,-1.948302005,260.9767107,-0.3380661873,0.6744997989
0.114,-0.69,-0.69,-1.134435196,-29.05,-1.586585709,266.2893699,-0.2302508356,0.6244013527
0.115,-0.49,-0.49,-0.7998468842,-21.56,-1.237626668,273.6434237,-0.08450447066,0.604967889
0.116,-0.28,-0.28,-0.4535954528,-12.2,-0.7454633753,275.0012054,-0.05802413542,0.5645332961
0.117,-0.07,-0.07,-0.1125338858,-1.64,-0.1075265695,274.50663,-0.06765449485,0.642386129
0.118,0.12,0.12,0.1915736352,4.1,0.2792832213,274.5117124,-0.06755544344,0.9048110605
0.119,0.24,0.24,0.3814526208,7.14,0.4962754837,273.346726,-0.09030835184,0.9396145424
0.12,0.26,0.26,0.4129343608,7.61,0.5305942766,272.9912014,-0.09727128279,0.9529481858
0.121,0.27,0.27,0.4286575782,7.96,0.5562864082,276.4382249,-0.03014048727,0.8147123472
0.122,0.26,0.26,0.4129343608,7.76,0.5415909922,278.2898488,0.00557512027,0.7546782438
0.123,0.21,0.21,0.3341417478,6.34,0.4383382443,278.5466743,0.01051020023,0.7444422541
0.124,0.16,0.16,0.2550549248,5.16,0.3539715806,278.0110037,0.0002117585017,0.720121182
0.125,0.16,0.16,0.2550549248,5.21,0.3575202108,277.0647469,-0.01802892029,0.7512856204
0.126,0.23,0.23,0.3656940982,7.04,0.489000469,275.1865078,-0.05442039099,0.8414884085
0.127,0.25,0.25,0.397199375,7.69,0.5364565434,275.3976155,-0.05031774279,0.8170493171
0.128,0.19,0.19,0.3025423238,6.07,0.4189196601,277.6580374,-0.006584985388,0.7337300071
0.129,-0.03,-0.03,-0.0481581978,0.79,0.05264144509,271.7693453,-0.1212706022,0.7017162945
0.13,-0.44,-0.44,-0.7169353312,-13.25,-0.8039649764,258.5638584,-0.387759525,0.6015948572
0.131,-0.95,-0.95,-1.576437505,-30.09,-1.632101682,246.2152272,-0.6495705333,0.6909132234
0.132,-1.48,-1.48,-2.502079357,-47.38,-2.295037028,234.1531314,-0.918305056,0.778653281
0.133,-1.9,-1.9,-3.25908482,-60.78,-2.704974573,225.7057229,-1.114881546,0.8531957011
0.134,-2.19,-2.19,-3.793894636,-70.27,-2.952366723,218.7852212,-1.281488657,0.8960850798
0.135,-2.46,-2.46,-4.300717927,-79.01,-3.155604707,211.1456635,-1.471639856,0.9294338929
0.136,-2.64,-2.64,-4.643366323,-85.04,-3.28502433,205.9686822,-1.604448867,0.9496659734
0.137,-2.69,-2.69,-4.739223116,-86.53,-3.315893744,202.5158729,-1.694895225,0.9458037738
0.138,-2.53,-2.53,-4.433516998,-82.09,-3.222664721,199.7457837,-1.76857966,0.8882588508
0.139,-2.25,-2.25,-3.905780625,-73.61,-3.032503182,197.1556248,-1.83840832,0.8018582606
0.14,-2.02,-2.02,-3.479185057,-67.05,-2.871872832,193.5133999,-1.93816779,0.7233171879
0.141,-2.03,-2.03,-3.497603238,-67.4,-2.880784604,193.5195159,-1.937998707,0.7258270423
0.142,-2.24,-2.24,-3.887103539,-74.12,-3.044457697,195.3528796,-1.8875525,0.7881377742
0.143,-2.44,-2.44,-4.262881251,-80.78,-3.194399681,196.0547222,-1.868366048,0.8420064208
0.144,-2.51,-2.51,-4.395515564,-83.19,-3.246119757,195.2907073,-1.889255442,0.8559288062
0.145,-2.49,-2.49,-4.357561204,-82.51,-3.231649659,194.9859571,-1.897610612,0.8495496375
0.146,-2.42,-2.42,-4.225091649,-80.67,-3.192009306,193.9935328,-1.924910157,0.8257100153
0.147,-2.34,-2.34,-4.074403975,-78.16,-3.136715329,194.2848457,-1.916882289,0.8062383046
0.148,-2.22,-2.22,-3.849784673,-74.71,-3.058198193,196.040856,-1.868744447,0.7813739583
0.149,-2.1,-2.1,-3.62686002,-71.12,-2.973073263,199.4744313,-1.775852514,0.7637221953
0.15,-2.05,-2.05,-3.534474905,-69.52,-2.933912345,202.0128957,-1.708199245,0.7613937831
0.151,-2.07,-2.07,-3.571393646,-70.36,-2.954569584,202.5737296,-1.693367002,0.7683826101
0.152,-2.12,-2.12,-3.663896445,-71.89,-2.991643825,201.999816,-1.70854565,0.7795210096
0.153,-2.14,-2.14,-3.700979943,-72.5,-3.006231852,200.8034467,-1.740325903,0.7797187213
0.154,-2.15,-2.15,-3.719539345,-72.84,-3.014316172,198.5731339,-1.800080521,0.7725868021
0.155,-2.2,-2.2,-3.81251288,-74.67,-3.057269627,195.3196141,-1.888463598,0.7708690919
0.156,-2.29,-2.29,-3.980606652,-77.6,-3.124175293,191.4772184,-1.994759677,0.7776239931
0.157,-2.35,-2.35,-4.093198745,-79.65,-3.169714912,189.0723814,-2.062377929,0.7823253274
0.158,-2.36,-2.36,-4.112005283,-80.16,-3.180891462,187.9854175,-2.093223455,0.7796578852
0.159,-2.36,-2.36,-4.112005283,-80.08,-3.179142188,187.4694579,-2.107927675,0.7777474839
0.16,-2.35,-2.35,-4.093198745,-79.74,-3.171691558,187.2982267,-2.112816501,0.7745657115
0.161,-2.32,-2.32,-4.036849741,-78.8,-3.150953915,191.4924982,-1.994332765,0.7845723653
0.162,-2.26,-2.26,-3.924469479,-77.11,-3.11313935,197.1057128,-1.839762899,0.7923575476
0.163,-2.18,-2.18,-3.775288161,-74.75,-3.059126326,200.8080178,-1.740204116,0.7866280945
0.164,-2.09,-2.09,-3.60835946,-72.1,-2.996678165,200.5946519,-1.745891709,0.7608447647
0.165,-2.01,-2.01,-3.460778644,-69.69,-2.938110641,196.4338754,-1.858029593,0.721575783
0.166,-1.95,-1.95,-3.350587305,-67.83,-2.891677997,192.6732168,-1.961446623,0.6903979533
0.167,-1.9,-1.9,-3.25908482,-66.54,-2.858813947,189.3114907,-2.055616358,0.6631663526
0.168,-1.87,-1.87,-3.20432455,-65.6,-2.834513924,186.7142777,-2.129522517,0.645507862
0.169,-1.84,-1.84,-3.149670195,-64.53,-2.80648182,189.3368314,-2.054900268,0.6478960382
0.17,-1.78,-1.78,-3.040679233,-62.88,-2.7624572,194.8026845,-1.902641589,0.6517931067
0.171,-1.71,-1.71,-2.914058572,-60.72,-2.703307654,197.6057849,-1.826206733,0.6433490047
0.172,-1.64,-1.64,-2.788014563,-58.39,-2.637486208,198.2370864,-1.809142055,0.626995197
0.173,-1.57,-1.57,-2.662547206,-56.39,-2.579241016,198.7104849,-1.79638126,0.6084956694
0.174,-1.52,-1.52,-2.573280717,-54.94,-2.535965106,198.5134133,-1.801689767,0.5932423838
0.175,-1.5,-1.5,-2.5376565,-54.09,-2.510175365,197.025069,-1.841952245,0.5830841206
0.176,-1.5,-1.5,-2.5376565,-54.14,-2.511701147,194.1593917,-1.920338015,0.5725708656
0.177,-1.54,-1.54,-2.608952007,-55.45,-2.55128866,190.7459707,-2.015230336,0.5713218339
0.178,-1.59,-1.59,-2.69833618,-57.38,-2.608278556,191.9913331,-1.980414222,0.5880402787
0.179,-1.63,-1.63,-2.77005535,-58.79,-2.648939152,199.3681373,-1.778704132,0.625627489
0.18,-1.64,-1.64,-2.788014563,-59.04,-2.656064638,207.4665522,-1.565682749,0.6603935071
0.181,-1.62,-1.62,-2.752107905,-58.57,-2.642648004,212.9610753,-1.425837648,0.6764452772
0.182,-1.61,-1.61,-2.734172228,-58.05,-2.627700383,213.4746063,-1.412952269,0.6766659903
0.183,-1.59,-1.59,-2.69833618,-57.67,-2.616707599,205.861855,-1.607224404,0.6388209323
0.184,-1.59,-1.59,-2.69833618,-57.73,-2.618447227,199.954328,-1.762996912,0.6158554337
0.185,-1.64,-1.64,-2.788014563,-59.29,-2.663165197,199.3154933,-1.780117007,0.6274673621
0.186,-1.74,-1.74,-2.968253959,-62.78,-2.759757269,201.5184842,-1.72130902,0.6623990292
0.187,-1.81,-1.81,-3.095121756,-65.53,-2.832692234,204.5455297,-1.641543303,0.6917654939
0.188,-1.75,-1.75,-2.986342625,-63.68,-2.783925094,209.6374174,-1.509992877,0.6954819923
0.189,-1.53,-1.53,-2.591110478,-56.98,-2.596595332,219.7391492,-1.258212765,0.6721762569
0.19,-1.24,-1.24,-2.078825379,-47.92,-2.313141326,229.0874426,-1.035317756,0.6208304561
0.191,-1.02,-1.02,-1.696797377,-40.58,-2.054291705,229.8252456,-1.01811514,0.5522697554
0.192,-0.93,-0.93,-1.542154886,-37.53,-1.938200368,223.5616238,-1.165946985,0.496804665
0.193,-0.93,-0.93,-1.542154886,-37.79,-1.948302005,219.4519802,-1.265209057,0.4798971767
0.194,-0.98,-0.98,-1.627949697,-39.66,-2.019823652,220.6435772,-1.236237804,0.4999751136
0.195,-1.03,-1.03,-1.714038718,-41.48,-2.087559837,222.7437617,-1.185554938,0.5236720481
0.196,-1.03,-1.03,-1.714038718,-41.51,-2.08866117,222.8925307,-1.181982901,0.5240676394
0.197,-0.95,-0.95,-1.576437505,-38.8,-1.987176787,225.3291115,-1.123815983,0.5067313303
0.198,-0.76,-0.76,-1.252653219,-32.44,-1.732430652,233.7202325,-0.9282052118,0.4708097174
0.199,-0.52,-0.52,-0.8497350368,-23.42,-1.32784712,242.7524366,-0.7253474857,0.4138599596
0.2,-0.33,-0.33,-0.5355655338,-15.7,-0.9371658512,248.259511,-0.6053337708,0.3472062658
0.201,-0.3,-0.3,-0.48634818,-13.91,-0.8402999449,249.425883,-0.5802572795,0.3423643706
0.202,-0.38,-0.38,-0.6178298248,-18,-1.05809012,247.2558258,-0.6270070592,0.3666434391
0.203,-0.49,-0.49,-0.7998468842,-23.04,-1.309610961,244.4294782,-0.688514394,0.400298651
0.204,-0.53,-0.53,-0.8663879578,-24.92,-1.398862235,244.7226413,-0.682101572,0.4163397533
0.205,-0.5,-0.5,-0.8164645,-23.72,-1.342173603,240.9259827,-0.7657527384,0.3873306594
0.206,-0.43,-0.43,-0.7003883258,-20.94,-1.207012975,232.4267693,-0.9578956124,0.3235186603
0.207,-0.36,-0.36,-0.5848888032,-17.78,-1.046693248,229.0255816,-1.036762624,0.2807301134
0.208,-0.28,-0.28,-0.4535954528,-14.53,-0.8741277059,233.4958547,-0.9333438245,0.2509557939
0.209,-0.21,-0.21,-0.3393316122,-11.1,-0.6832501861,237.8409933,-0.8347003597,0.2235458943
0.21,-0.14,-0.14,-0.2256444232,-7.75,-0.4878350763,243.7981731,-0.702350088,0.1895876625
0.211,-0.08,-0.08,-0.1286572288,-4.68,-0.3006871903,247.6281777,-0.6189563529,0.1398990182
0.212,-0.03,-0.03,-0.0481581978,-1.8,-0.1178911993,247.542576,-0.6208060938,0.06519341312
0.213,0.02,0.02,0.0320466232,0.54,0.0359229268,248.320627,-0.6040168815,-0.05641078018
0.214,0.09,0.09,0.1438390998,2.18,0.1466135339,247.1726558,-0.628806953,-0.298301665
0.215,0.14,0.14,0.2233378168,3.49,0.2367695741,243.6191293,-0.7062805356,-0.4756817947
0.216,0.11,0.11,0.1756738918,2.9,0.1959724686,242.5662798,-0.7294517526,-0.3292984322
0.217,-0.01,-0.01,-0.0160409642,-0.36,-0.02380552739,247.4302981,-0.6232332433,0.02479134934
0.218,-0.24,-0.24,-0.3882312192,-9.08,-0.5665011204,248.0415079,-0.6100338094,0.3299784897
0.219,-0.58,-0.58,-0.9498290888,-21,-1.209987506,240.5895908,-0.773227873,0.4789339064
0.22,-0.97,-0.97,-1.610767198,-34.77,-1.828542159,228.2945856,-1.053865879,0.5588269172
0.221,-1.35,-1.35,-2.271975345,-47.96,-2.314476686,217.6805647,-1.308569474,0.6270898146
0.222,-1.63,-1.63,-2.77005535,-57.65,-2.616127395,211.8291847,-1.454348796,0.6805236585
0.223,-1.77,-1.77,-3.022555262,-62.37,-2.748648968,208.0479718,-1.550710484,0.7030245541
0.224,-1.77,-1.77,-3.022555262,-62.35,-2.748105507,205.6555239,-1.612589288,0.6931361638
0.225,-1.65,-1.65,-2.805985545,-58.8,-2.649224652,203.6665382,-1.664583345,0.6504660261
0.226,-1.46,-1.46,-2.466549287,-52.77,-2.469494259,205.8505983,-1.607516956,0.6049895762
0.227,-1.27,-1.27,-2.131361422,-47,-2.282210621,218.2534782,-1.294507306,0.5958986606
0.228,-1.2,-1.2,-2.00894208,-44.73,-2.20407776,231.3846013,-0.98193818,0.6305499149
0.229,-1.24,-1.24,-2.078825379,-46.09,-2.25120188,231.7368501,-0.9737997903,0.6445966829
0.23,-1.3,-1.3,-2.18400338,-48.22,-2.323137449,228.9907247,-1.037576936,0.6498628355
0.231,-1.3,-1.3,-2.18400338,-48.32,-2.326459729,230.6480926,-0.9989946576,0.6567533714
0.232,-1.24,-1.24,-2.078825379,-46.15,-2.253259222,234.5627663,-0.9089537723,0.6573957488
0.233,-1.13,-1.13,-1.88709939,-42.57,-2.127263144,240.2590127,-0.7805840073,0.648967876
0.234,-0.99,-0.99,-1.645143964,-38.13,-1.961453412,243.8816306,-0.7005189767,0.6180169153
0.235,-0.85,-0.85,-1.405495145,-33.06,-1.758328118,246.8231696,-0.6363768603,0.5869178699
0.236,-0.71,-0.71,-1.168152932,-28.08,-1.543505053,247.0252209,-0.6319991025,0.5369573436
0.237,-0.6,-0.6,-0.98328792,-23.99,-1.355014463,245.6614075,-0.6616180122,0.4875890535
0.238,-0.52,-0.52,-0.8497350368,-20.82,-1.20105623,243.1946832,-0.7156097184,0.4433401854
0.239,-0.46,-0.46,-0.7500646472,-18.28,-1.072543774,243.8162476,-0.7019534675,0.4226913571
0.24,-0.42,-0.42,-0.6838530888,-16.32,-0.9701514024,249.6649913,-0.5751310409,0.4425424567
0.241,-0.38,-0.38,-0.6178298248,-14.58,-0.8768429335,257.5250198,-0.4092976518,0.480375032
0.242,-0.39,-0.39,-0.6343179882,-14.89,-0.8936347933,268.1587601,-0.1928242721,0.5838397491
0.243,-0.53,-0.53,-0.8663879578,-19.76,-1.14799135,275.7076837,-0.04429760505,0.7266593839
0.244,-0.79,-0.79,-1.303494612,-28.94,-1.581730906,266.6296438,-0.223418783,0.7220977962
0.245,-1.08,-1.08,-1.800421949,-38.64,-1.981057025,249.4064809,-0.5806734572,0.7028147422
0.246,-1.26,-1.26,-2.113837639,-44.66,-2.201626598,232.9290746,-0.9463460241,0.6714917481
0.247,-1.33,-1.33,-2.236751254,-47.03,-2.283225838,221.1119195,-1.224893827,0.6375926329
0.248,-1.42,-1.42,-2.395630369,-50.03,-2.382524325,216.2337101,-1.344247955,0.6428164076
0.249,-1.59,-1.59,-2.69833618,-55.7,-2.558759454,213.8981608,-1.402347864,0.6812075422
0.25,-1.78,-1.78,-3.040679233,-62.34,-2.74783372,209.9275185,-1.50259454,0.7153818502
0.251,-1.93,-1.93,-3.313951006,-67.38,-2.880276453,206.5438462,-1.589529906,0.7414081819
0.252,-2,-2,-3.442384,-69.52,-2.933912345,205.4301605,-1.618455192,0.7561744459
0.253,-1.99,-1.99,-3.424001124,-69.49,-2.933170532,199.9345068,-1.763527276,0.7290230848
0.254,-1.97,-1.97,-3.387270678,-68.73,-2.914283315,196.1541613,-1.865653212,0.708643443
0.255,-1.96,-1.96,-3.368923107,-68.44,-2.907027918,196.0659199,-1.868060491,0.7055205723
0.256,-1.98,-1.98,-3.405630017,-68.98,-2.920516401,198.3024027,-1.807379596,0.7203267624
0.257,-1.99,-1.99,-3.424001124,-69.32,-2.928961593,201.2719874,-1.727857129,0.7352661396
0.258,-1.97,-1.97,-3.387270678,-68.83,-2.916778938,203.4395857,-1.670548355,0.7383974288
0.259,-1.94,-1.94,-3.332263271,-67.92,-2.893950341,204.6386138,-1.639109191,0.7351024727
0.26,-1.92,-1.92,-3.295650509,-67.42,-2.881292622,205.6670612,-1.612289162,0.7334128246
0.261,-1.92,-1.92,-3.295650509,-67.31,-2.878496884,207.2816224,-1.570453715,0.7407703087
0.262,-1.9,-1.9,-3.25908482,-66.78,-2.864970168,209.8602427,-1.504309337,0.7459089802
0.263,-1.86,-1.86,-3.186094663,-65.44,-2.830347572,216.3605392,-1.3411109,0.7637843418
0.264,-1.8,-1.8,-3.07696248,-63.74,-2.785525826,222.3921308,-1.194007302,0.7731968503
0.265,-1.76,-1.76,-3.004443059,-62.52,-2.752720196,219.9888416,-1.252136945,0.7501998084
0.266,-1.76,-1.76,-3.004443059,-62.47,-2.751364047,209.7902671,-1.506093534,0.7056894878
0.267,-1.77,-1.77,-3.022555262,-62.93,-2.763805788,203.8529385,-1.659689142,0.6832957447
0.268,-1.74,-1.74,-2.968253959,-61.99,-2.738297715,194.848149,-1.901393112,0.639752533
0.269,-1.68,-1.68,-2.859969101,-60.24,-2.689922246,189.7911343,-2.042078626,0.6043889632
0.27,-1.68,-1.68,-2.859969101,-60.28,-2.691041107,192.9468072,-1.953855165,0.615722921
0.271,-1.75,-1.75,-2.986342625,-62.42,-2.750006971,194.5425786,-1.909789829,0.6408740023
0.272,-1.82,-1.82,-3.113292801,-65.01,-2.819106472,190.0959263,-2.033493773,0.6415720736
0.273,-1.86,-1.86,-3.186094663,-66.44,-2.856243126,189.6455232,-2.046184814,0.6499013759
0.274,-1.88,-1.88,-3.222566205,-66.84,-2.866506201,192.3038172,-1.97171367,0.6660644391
0.275,-1.89,-1.89,-3.240819628,-67.15,-2.874423202,194.8823232,-1.900454864,0.6787230131
0.276,-1.84,-1.84,-3.149670195,-65.83,-2.840487587,196.2522821,-1.862977688,0.6696488677
0.277,-1.71,-1.71,-2.914058572,-61.82,-2.733649404,196.0051497,-1.869718967,0.6330274567
0.278,-1.53,-1.53,-2.591110478,-56.25,-2.575101615,197.8658897,-1.819169259,0.5896565214
0.279,-1.34,-1.34,-2.254357415,-50.55,-2.39929726,202.1464243,-1.704664112,0.5493125327
0.28,-1.2,-1.2,-2.00894208,-45.88,-2.243986856,207.1143973,-1.574771585,0.5260720496
0.281,-1.08,-1.08,-1.800421949,-41.97,-2.105487265,213.0534889,-1.42351654,0.510178523
0.282,-0.94,-0.94,-1.559290311,-37.35,-1.931184161,219.4909337,-1.264259498,0.487973026
0.283,-0.79,-0.79,-1.303494612,-32.09,-1.717706526,225.719734,-1.114549446,0.4602319229
0.284,-0.67,-0.67,-1.100764534,-27.9,-1.535443382,229.2422747,-1.031703101,0.4287891404
0.285,-0.66,-0.66,-1.083946855,-27.39,-1.512486738,229.9160148,-1.016002581,0.4286934681
0.286,-0.73,-0.73,-1.201917742,-30.11,-1.632970217,228.143836,-1.057399808,0.4467481167
0.287,-0.78,-0.78,-1.286535713,-31.72,-1.702058465,228.6095847,-1.04648908,0.4680783911
0.288,-0.75,-0.75,-1.235729625,-30.66,-1.656755457,231.1776812,-0.9867246619,0.4674631809
0.289,-0.7,-0.7,-1.15128818,-28.91,-1.580405513,233.2800028,-0.9382918437,0.4570966721
0.29,-0.7,-0.7,-1.15128818,-28.99,-1.583938602,231.5631865,-0.9778105842,0.4494148709
0.291,-0.79,-0.79,-1.303494612,-32.19,-1.721921151,222.8095787,-1.183974337,0.4485689928
0.292,-0.93,-0.93,-1.542154886,-37.41,-1.93352497,213.7351713,-1.406426096,0.4617297845
0.293,-1.07,-1.07,-1.783121766,-42.77,-2.134478977,207.9104389,-1.554248343,0.4833975546
0.294,-1.16,-1.16,-1.939247075,-46.05,-2.249829309,206.5550627,-1.589239379,0.5051347691
0.295,-1.17,-1.17,-1.956653174,-46.44,-2.26317747,209.3843817,-1.516454311,0.5176835436
0.296,-1.12,-1.12,-1.869740365,-44.97,-2.212462562,212.0801613,-1.448013832,0.5107915374
0.297,-1.07,-1.07,-1.783121766,-43.07,-2.145262831,213.5506206,-1.411047574,0.5013965494
0.298,-1.02,-1.02,-1.696797377,-41.41,-2.08498816,215.5093774,-1.362199294,0.4922266048
0.299,-0.96,-0.96,-1.593596467,-39.46,-2.012268357,220.7592385,-1.233434072,0.4909866207
0.3,-0.92,-0.92,-1.525031229,-38.06,-1.958751168,228.8711577,-1.040371157,0.5084925066
0.301,-0.94,-0.94,-1.559290311,-39.15,-2.00051341,235.1837808,-0.8948081463,0.5385551418
0.302,-1.04,-1.04,-1.731291827,-42.79,-2.135199388,237.6527374,-0.8389366679,0.58211588
0.303,-1.11,-1.11,-1.852393108,-45.58,-2.233640897,237.6155492,-0.8397739085,0.6027149686
0.304,-1.07,-1.07,-1.783121766,-44.22,-2.186161207,239.178897,-0.8046898546,0.5961920969
0.305,-0.93,-0.93,-1.542154886,-39.42,-2.010754615,243.266171,-0.7140373005,0.5659716168
0.306,-0.78,-0.78,-1.286535713,-34.34,-1.811052112,247.6849409,-0.6177301256,0.529704019
0.307,-0.69,-0.69,-1.134435196,-31.24,-1.681631171,245.6755918,-0.661309117,0.4841929613
0.308,-0.65,-0.65,-1.067140945,-29.84,-1.621223509,235.073605,-0.8973150327,0.4237143595
0.309,-0.63,-0.63,-1.03356443,-29.1,-1.588789859,227.6990232,-1.067840902,0.3890508403
0.31,-0.63,-0.63,-1.03356443,-29.03,-1.585703598,228.0664272,-1.059215361,0.3907735721
0.311,-0.62,-0.62,-1.016793825,-28.79,-1.575098129,232.8572529,-0.9479959051,0.4029948195
0.312,-0.56,-0.56,-0.9164173312,-26.32,-1.463765073,237.3469796,-0.8458242691,0.396787998
0.313,-0.41,-0.41,-0.6673296202,-20.31,-1.175625491,241.9417847,-0.7432432703,0.3477724135
0.314,-0.28,-0.28,-0.4535954528,-14.96,-0.8974163772,249.3442984,-0.5820074956,0.3066027669
0.315,-0.26,-0.26,-0.4208897992,-14.15,-0.8534295104,255.0519542,-0.4609230829,0.3202259434
0.316,-0.34,-0.34,-0.5519948552,-17.67,-1.04098144,256.3271687,-0.4342406803,0.3741774527
0.317,-0.55,-0.55,-0.899729105,-26.61,-1.477045032,259.2811247,-0.3729389606,0.486344265
0.318,-0.71,-0.71,-1.168152932,-33.64,-1.782341839,254.1961975,-0.478903719,0.5165971152
0.319,-0.69,-0.69,-1.134435196,-32.72,-1.744155528,244.2526514,-0.6923861268,0.465592367
0.32,-0.46,-0.46,-0.7500646472,-24.25,-1.367332459,241.2513482,-0.7585325507,0.3528279753
0.321,-0.03,-0.03,-0.0481581978,-5.28,-0.3378816095,248.5687175,-0.5986745073,0.05142051494
0.322,0.36,0.36,0.5696369568,7.55,0.5262015464,252.2828799,-0.5193251227,82.83913018
0.323,0.57,0.57,0.8948817942,13.17,0.9526555674,255.7990567,-0.4452746809,1.763727838
0.324,0.63,0.63,0.9868556502,14.89,1.089358412,258.6373304,-0.3862395156,1.403540219
0.325,0.57,0.57,0.8948817942,13.51,0.9794444752,260.372532,-0.3504661563,1.422754596
0.326,0.47,0.47,0.7406505622,10.93,0.7790117743,262.3210618,-0.3105778431,1.581120651
0.327,0.39,0.39,0.6164182518,9.06,0.6377907968,264.531056,-0.2656941352,1.656607853
0.328,0.26,0.26,0.4129343608,5.62,0.3867063448,266.6335333,-0.2233407382,2.527670111
0.329,0.02,0.02,0.0320466232,-0.56,-0.03698152532,270.4863092,-0.1465880185,-0.1745748371
0.33,-0.22,-0.22,-0.3556197128,-9.26,-0.5770373704,272.1765298,-0.1132608439,0.5151682352
0.331,-0.38,-0.38,-0.6178298248,-14.55,-0.875214026,269.1335084,-0.1734124571,0.5891800701
0.332,-0.41,-0.41,-0.6673296202,-15.45,-0.9237833285,269.1870934,-0.1723473686,0.6088047912
0.333,-0.41,-0.41,-0.6673296202,-15.7,-0.9371658512,273.589815,-0.08555267574,0.6525056529
0.334,-0.58,-0.58,-0.9498290888,-21.37,-1.228273985,282.5418272,0.08669935441,0.8320341597
0.335,-0.99,-0.99,-1.645143964,-34.86,-1.832188857,290.0202514,0.2264635696,1.02454883
0.336,-1.45,-1.45,-2.448801905,-49.71,-2.372139063,285.5781535,0.1438862202,1.098978472
0.337,-1.79,-1.79,-3.058814972,-60.91,-2.708581485,276.7540644,-0.02403143015,1.119373679
0.338,-1.96,-1.96,-3.368923107,-66.56,-2.859327706,261.0794778,-0.3359598841,1.054341123
0.339,-2.04,-2.04,-3.516033187,-68.87,-2.917776295,245.716509,-0.660418149,0.9826277589
0.34,-2.15,-2.15,-3.719539345,-72.67,-3.01027816,238.551305,-0.8187464043,0.9714064985
0.341,-2.24,-2.24,-3.887103539,-75.46,-3.075529277,239.0508783,-0.8075541697,1.001035283
0.342,-2.27,-2.27,-3.943170102,-76.49,-3.099089112,242.6207981,-0.7282494418,1.030264255
0.343,-2.26,-2.26,-3.924469479,-76.1,-3.090200805,234.5465928,-0.909322677,0.9812342638
0.344,-2.15,-2.15,-3.719539345,-73.09,-3.020239435,212.3754493,-1.440569986,0.833826105
0.345,-2.04,-2.04,-3.516033187,-69.82,-2.941315025,203.4074388,-1.671393812,0.762249106
0.346,-1.96,-1.96,-3.368923107,-67.19,-2.875442418,203.6637181,-1.664657426,0.7420372289
0.347,-1.96,-1.96,-3.368923107,-67.39,-2.880530545,208.3937827,-1.541825261,0.7617937712
0.348,-2.04,-2.04,-3.516033187,-69.84,-2.941807541,213.9895854,-1.40006165,0.8097971248
0.349,-2.08,-2.08,-3.589870669,-71.17,-2.9742845,219.0373873,-1.27532594,0.8447528826
0.35,-2.08,-2.08,-3.589870669,-71.35,-2.978638763,222.1132134,-1.20072132,0.8589522314
0.351,-2.11,-2.11,-3.645372348,-72.16,-2.998114182,221.974584,-1.204061504,0.8674964164
0.352,-2.15,-2.15,-3.719539345,-73.59,-3.032032904,220.0570887,-1.250477471,0.8685418175
0.353,-2.16,-2.16,-3.738110515,-74.06,-3.04305502,216.4657625,-1.338509649,0.8531451199
0.354,-2.15,-2.15,-3.719539345,-73.58,-3.031797723,212.6051707,-1.43478615,0.832748125
0.355,-2.1,-2.1,-3.62686002,-72.19,-2.998831796,209.9651838,-1.501634725,0.805885346
0.356,-2.07,-2.07,-3.571393646,-71.39,-2.979605064,208.0686722,-1.550178194,0.7884248412
0.357,-2.21,-2.21,-3.831142892,-75.92,-3.086085252,203.8292653,-1.660310467,0.8071688747
0.358,-2.42,-2.42,-4.225091649,-83.01,-3.242298582,199.2457918,-1.781988253,0.8409336065
0.359,-2.47,-2.47,-4.319653918,-84.63,-3.276458879,193.5358711,-1.937546573,0.8284713082
0.36,-2.23,-2.23,-3.868438222,-77.66,-3.125522543,188.6552188,-2.07419502,0.7439708359
0.361,-1.77,-1.77,-3.022555262,-64.11,-2.795368408,185.5639203,-2.162586132,0.6096375506
0.362,-1.38,-1.38,-2.324899745,-52.24,-2.452940514,185.5629659,-2.162613649,0.5037097741
0.363,-1.2,-1.2,-2.00894208,-46.57,-2.267609861,188.0147675,-2.092388228,0.4607667341
0.364,-1.15,-1.15,-1.921852745,-44.76,-2.205127484,193.9426802,-1.926312768,0.4651774268
0.365,-1.19,-1.19,-1.991500676,-46.23,-2.25599952,199.1559194,-1.784401985,0.4928967267
0.366,-1.35,-1.35,-2.271975345,-51.76,-2.437838289,203.9879465,-1.656147109,0.554954433
0.367,-1.61,-1.61,-2.734172228,-61.18,-2.716052075,206.0708119,-1.601796724,0.633225561
0.368,-1.85,-1.85,-3.167876545,-69.67,-2.937617192,205.9663154,-1.604510344,0.697443328
0.369,-1.93,-1.93,-3.313951006,-72.34,-3.002415946,206.0191071,-1.603139249,0.7195551602
0.37,-1.81,-1.81,-3.095121756,-68.99,-2.920765311,204.0833103,-1.653646585,0.6766163228
0.371,-1.57,-1.57,-2.662547206,-61.78,-2.732554106,202.5381016,-1.694308024,0.6014524798
0.372,-1.35,-1.35,-2.271975345,-54.9,-2.534758516,200.7982571,-1.740464169,0.5314285388
0.373,-1.23,-1.23,-2.061336902,-51.14,-2.418174768,200.4781923,-1.748998671,0.4946606932
0.374,-1.19,-1.19,-1.991500676,-49.98,-2.380904825,204.075113,-1.65386148,0.4935851362
0.375,-1.2,-1.2,-2.00894208,-50.12,-2.385436447,211.9064847,-1.452396848,0.5234573588
0.376,-1.19,-1.19,-1.991500676,-50.03,-2.382524325,218.7649529,-1.281984306,0.5434564022
0.377,-1.16,-1.16,-1.939247075,-49.06,-2.350893876,224.2352898,-1.149849885,0.5539528762
0.378,-1.1,-1.1,-1.83505762,-47.09,-2.28525493,227.8915797,-1.063318522,0.5480117568
0.379,-1.03,-1.03,-1.714038718,-44.92,-2.210718174,229.1745177,-1.033284633,0.5283715274
0.38,-1.01,-1.01,-1.679567804,-44.08,-2.181219309,228.8900691,-1.039929111,0.5214189429
0.381,-1.03,-1.03,-1.714038718,-45.02,-2.214205664,227.461383,-1.073427396,0.5213594968
0.382,-1.06,-1.06,-1.765833351,-46.22,-2.255657159,226.3396725,-1.099875829,0.5262452664
0.383,-1.05,-1.05,-1.748556705,-45.65,-2.236059045,229.037009,-1.036495688,0.5343093845
0.384,-0.97,-0.97,-1.610767198,-43.03,-2.143827743,234.657414,-0.9067954471,0.5280125068
0.385,-0.85,-0.85,-1.405495145,-39.3,-2.006208015,239.0241071,-0.8081533473,0.4994010947
0.386,-0.73,-0.73,-1.201917742,-35.16,-1.844309623,240.3703995,-0.7781042614,0.4583249612
0.387,-0.6,-0.6,-0.98328792,-30.38,-1.644670562,242.6019104,-0.7286659473,0.4143061534
0.388,-0.47,-0.47,-0.7666469578,-25.64,-1.432405519,245.3018554,-0.6694540538,0.3647469925
0.389,-0.39,-0.39,-0.6343179882,-22.64,-1.290306744,246.1442834,-0.6511122909,0.3267290455
0.39,-0.39,-0.39,-0.6343179882,-22.47,-1.282068703,247.7401258,-0.6165382624,0.3340965244
0.391,-0.44,-0.44,-0.7169353312,-24.96,-1.40073495,251.1461126,-0.5434862884,0.3687519286
0.392,-0.47,-0.47,-0.7666469578,-26.18,-1.457333993,255.9464007,-0.4421938894,0.4035986863
0.393,-0.38,-0.38,-0.6178298248,-22.64,-1.290306744,261.8979023,-0.3192150881,0.3838592385
0.394,-0.21,-0.21,-0.3393316122,-15.61,-0.9323535792,266.904607,-0.2179044095,0.2950047863
0.395,-0.01,-0.01,-0.0160409642,-5.96,-0.3796700283,265.1799605,-0.2525864582,0.02537097609
0.396,0.22,0.22,0.3499238072,3.24,0.2194440285,265.678616,-0.242535541,-15.15378461
0.397,0.46,0.46,0.7251627128,9.5,0.6707161892,269.7071637,-0.1620211234,1.425535181
0.398,0.66,0.66,1.032683705,14.87,1.087751843,273.8899761,-0.07968629791,1.02442119
0.399,0.75,0.75,1.169532375,16.53,1.222470909,276.7793846,-0.02354198085,0.9754809874
0.4,0.75,0.75,1.169532375,16.46,1.216733581,279.2486882,0.02397670216,0.9426313228
0.401,0.79,0.79,1.230048028,17.31,1.286739346,281.9160475,0.07483691876,0.903400022
0.402,0.9,0.9,1.39549518,19.36,1.45863237,281.2671458,0.06250833469,0.9174004585
0.403,0.96,0.96,1.485138893,20.45,1.55180694,277.7558159,-0.004701292118,0.9599466557
0.404,0.89,0.89,1.380513372,19.19,1.444212368,276.7871485,-0.02339191056,0.9716311197
0.405,0.72,0.72,1.124022067,16.3,1.203638408,278.5424101,0.01042829723,0.9258322155
0.406,0.58,0.58,0.9102401912,13.45,0.9747086845,280.3477119,0.04499107732,0.8926550984
0.407,0.51,0.51,0.8024842758,11.8,0.8458692314,282.6984874,0.08966493165,0.8577819042
0.408,0.48,0.48,0.7561266432,11.14,0.795082191,283.674074,0.1080958872,0.8371844505
0.409,0.44,0.44,0.6941517088,10.24,0.7265104923,281.4927808,0.06679843101,0.8750080686
0.41,0.38,0.38,0.6008362552,8.63,0.6057927298,279.8882139,0.03621507962,0.9358706333
0.411,0.29,0.29,0.4600687078,6.55,0.4534886908,281.6466131,0.06972134088,0.8793193555
0.412,0.19,0.19,0.3025423238,4.2,0.286285154,280.0423263,0.03916009266,0.9296258799
0.413,0.08,0.08,0.1279040512,1.66,0.1112559608,275.2878938,-0.05244967322,2.17500639
0.414,-0.02,-0.02,-0.0320936968,-1.38,-0.09063656521,270.0608996,-0.1550088996,0.1306504756
0.415,-0.14,-0.14,-0.2256444232,-5.37,-0.3434346626,270.5450627,-0.145426048,0.461572015
0.416,-0.3,-0.3,-0.48634818,-10.75,-0.6632546824,273.5010948,-0.08728786583,0.6479954816
0.417,-0.54,-0.54,-0.8830526472,-18.69,-1.09360443,273.0132381,-0.09683943281,0.7417843672
0.418,-0.88,-0.88,-1.456654285,-29.41,-1.602419676,273.0701627,-0.09572404649,0.8577921087
0.419,-1.24,-1.24,-2.078825379,-40.9,-2.066171118,273.7221838,-0.0829648536,0.9672842511
0.42,-1.54,-1.54,-2.608952007,-50.22,-2.388667655,272.7807481,-0.1013972757,1.047744569
0.421,-1.73,-1.73,-2.950177062,-56.29,-2.576285143,271.6328919,-0.1239574737,1.092559996
0.422,-1.84,-1.84,-3.149670195,-59.7,-2.674756488,268.7814543,-0.1804153842,1.103145568
0.423,-1.92,-1.92,-3.295650509,-62.49,-2.751906617,268.7676889,-0.1806893879,1.123799699
0.424,-2.05,-2.05,-3.534474905,-66.55,-2.859070843,269.2319711,-0.1714555139,1.166290766
0.425,-2.23,-2.23,-3.868438222,-72.07,-2.995959763,269.4948129,-0.1662350438,1.223339629
0.426,-2.41,-2.41,-4.2062145,-78.1,-3.13537541,268.9995254,-0.1760765155,1.270202496
0.427,-2.57,-2.57,-4.509661086,-83.16,-3.245483348,260.3254293,-0.3514340863,1.253757187
0.428,-2.68,-2.68,-4.720028221,-86.71,-3.319596321,252.361072,-0.5176672116,1.230050577
0.429,-2.75,-2.75,-4.854639625,-88.99,-3.366029317,245.3044954,-0.6693964746,1.20300555
0.43,-2.8,-2.8,-4.95114368,-90.32,-3.392740913,232.9069494,-0.946854229,1.140922947
0.431,-2.81,-2.81,-4.970479796,-90.84,-3.403114974,223.5982826,-1.165069783,1.088064529
0.432,-2.81,-2.81,-4.970479796,-90.81,-3.402517497,223.0635663,-1.177879178,1.085163611
0.433,-2.82,-2.82,-4.989827681,-91.13,-3.408884206,218.9724588,-1.276912056,1.064883619
0.434,-2.86,-2.86,-5.067336903,-92.37,-3.433426305,211.1968805,-1.470342279,1.033355636
0.435,-2.91,-2.91,-5.16448822,-94.07,-3.466761943,207.9702637,-1.552709139,1.02889092
0.436,-2.95,-2.95,-5.242421105,-95.36,-3.491840255,209.029611,-1.525526779,1.044855014
0.437,-2.92,-2.92,-5.183953789,-94.55,-3.47611418,208.3971174,-1.541739654,1.033101792
0.438,-2.74,-2.74,-4.835374119,-89.21,-3.37046598,205.2942408,-1.621996109,0.9685349697
0.439,-2.46,-2.46,-4.300717927,-81.05,-3.20025567,201.5219512,-1.721216975,0.8738680955
0.44,-2.25,-2.25,-3.905780625,-74.91,-3.062834544,200.8636924,-1.738721019,0.8134406807
0.441,-2.18,-2.18,-3.775288161,-72.96,-3.017161559,201.4683606,-1.722639888,0.7965076604
0.442,-2.21,-2.21,-3.831142892,-73.76,-3.036026711,201.6592834,-1.717572326,0.8059457396
0.443,-2.17,-2.17,-3.756693454,-72.62,-3.009088933,201.8334765,-1.712952995,0.7955654591
0.444,-2.03,-2.03,-3.497603238,-68.56,-2.910033422,201.3199219,-1.726583135,0.7543438614
0.445,-1.92,-1.92,-3.295650509,-65.14,-2.822511737,199.8377798,-1.766116197,0.7182213411
0.446,-1.9,-1.9,-3.25908482,-64.47,-2.804898025,199.7193315,-1.769288203,0.7124950006
0.447,-1.93,-1.93,-3.313951006,-65.7,-2.837113405,200.7505356,-1.741735796,0.7237519429
0.448,-1.96,-1.96,-3.368923107,-66.47,-2.857014727,202.69903,-1.690058825,0.740899189
0.449,-1.93,-1.93,-3.313951006,-65.76,-2.838671442,205.4033408,-1.619153699,0.7434008515
0.45,-1.88,-1.88,-3.222566205,-64.02,-2.792978784,205.3638941,-1.62018124,0.7302173925
0.451,-1.82,-1.82,-3.113292801,-62.43,-2.750278461,202.4414478,-1.696861723,0.7000662611
0.452,-1.83,-1.83,-3.131475614,-62.72,-2.758135543,202.5646238,-1.693607494,0.7034268573
0.453,-1.87,-1.87,-3.20432455,-63.9,-2.789788106,203.8509017,-1.659742596,0.7201488796
0.454,-1.93,-1.93,-3.313951006,-65.98,-2.844373667,201.623295,-1.718527181,0.7262816169
0.455,-2.05,-2.05,-3.534474905,-69.74,-2.939343718,197.6371166,-1.825358523,0.7418039419
0.456,-2.18,-2.18,-3.775288161,-74.19,-3.046092902,193.4358335,-1.940312674,0.7571161438
0.457,-2.3,-2.3,-3.99934258,-78.21,-3.137831261,193.5902495,-1.936043579,0.7882225529
0.458,-2.34,-2.34,-4.074403975,-79.37,-3.16355341,200.5816516,-1.746238447,0.829852689
0.459,-2.27,-2.27,-3.943170102,-77.42,-3.120128207,205.7424504,-1.610328428,0.8335707113
0.46,-2.19,-2.19,-3.793894636,-75.13,-3.067922116,204.0801454,-1.653729552,0.8035100645
0.461,-2.15,-2.15,-3.719539345,-73.97,-3.040949143,198.0312876,-1.814699015,0.7660232423
0.462,-2.17,-2.17,-3.756693454,-74.45,-3.052154758,192.5362246,-1.96525187,0.7487321105
0.463,-2.21,-2.21,-3.831142892,-75.69,-3.080814204,192.2730483,-1.972569744,0.7581341397
0.464,-2.23,-2.23,-3.868438222,-76.34,-3.095675163,196.7560962,-1.849260896,0.7823029813
0.465,-2.2,-2.2,-3.81251288,-75.46,-3.075529277,203.8212906,-1.660519787,0.8049986028
0.466,-2.1,-2.1,-3.62686002,-72.73,-3.011704286,209.0041147,-1.526179384,0.7992404134
0.467,-1.97,-1.97,-3.387270678,-68.64,-2.912034524,207.5135097,-1.564471979,0.7566772605
0.468,-1.83,-1.83,-3.131475614,-64.47,-2.804898025,204.2295012,-1.649815592,0.7029577841
0.469,-1.71,-1.71,-2.914058572,-60.92,-2.708858671,203.3876204,-1.671915098,0.6651926636
0.47,-1.6,-1.6,-2.71624832,-57.64,-2.615837232,204.7187612,-1.637014257,0.6386887309
0.471,-1.49,-1.49,-2.519862044,-54.11,-2.51078581,210.282756,-1.493548968,0.62928356
0.472,-1.35,-1.35,-2.271975345,-49.92,-2.378959864,222.2435266,-1.19758341,0.635243354
0.473,-1.21,-1.21,-2.026395252,-45.39,-2.227064769,236.3635775,-0.8680370256,0.6547103735
0.474,-1.1,-1.1,-1.83505762,-41.67,-2.094526705,244.6256537,-0.6842222849,0.6603898469
0.475,-1.04,-1.04,-1.731291827,-39.86,-2.02735664,241.0235142,-0.7635873941,0.6203248097
0.476,-1.05,-1.05,-1.748556705,-39.98,-2.031865753,234.1772624,-0.9177537316,0.5928075517
0.477,-1.07,-1.07,-1.783121766,-40.7,-2.058753072,233.1777109,-0.9406383002,0.5944945305
0.478,-1.06,-1.06,-1.765833351,-40.49,-2.050940481,237.1034768,-0.8513158436,0.6084346638
0.479,-1.02,-1.02,-1.696797377,-39.1,-1.9986124,237.8227345,-0.8351110893,0.5987872081
0.48,-0.96,-0.96,-1.593596467,-37.01,-1.917880312,227.9233201,-1.062573432,0.5346825028
0.481,-0.89,-0.89,-1.473730868,-34.78,-1.828947586,220.5455227,-1.238615885,0.4804239202
0.482,-0.83,-0.83,-1.371447894,-32.6,-1.739136492,222.6130283,-1.188695896,0.4684174885
0.483,-0.77,-0.77,-1.269588582,-30.33,-1.642507322,225.545835,-1.118672781,0.4597992649
0.484,-0.7,-0.7,-1.15128818,-27.85,-1.533200271,229.8592966,-1.01732254,0.4513930146
0.485,-0.64,-0.64,-1.050346803,-25.33,-1.418006195,231.5697732,-0.9776584082,0.4384364998
0.486,-0.58,-0.58,-0.9498290888,-23.23,-1.318741538,232.0913053,-0.965622902,0.4157957776
0.487,-0.54,-0.54,-0.8830526472,-21.63,-1.241065966,232.2368168,-0.962269729,0.4007798944
0.488,-0.52,-0.52,-0.8497350368,-20.78,-1.19906837,233.3316327,-0.9371079028,0.3977832015
0.489,-0.57,-0.57,-0.9331173258,-22.66,-1.2912746,239.1388096,-0.8055866121,0.4450067179
0.49,-0.78,-0.78,-1.286535713,-29.84,-1.621223509,244.566583,-0.6855143246,0.5577294889
0.491,-1.1,-1.1,-1.83505762,-41.24,-2.078731569,244.4695676,-0.6876370002,0.6633453113
0.492,-1.36,-1.36,-2.289605043,-50.33,-2.392216543,244.9979731,-0.6760857931,0.7462123326
0.493,-1.36,-1.36,-2.289605043,-50.24,-2.389313331,243.0752827,-0.7182370346,0.7367877504
0.494,-1.11,-1.11,-1.852393108,-42.26,-2.116036381,239.7264862,-0.7924552737,0.6368913265
0.495,-0.83,-0.83,-1.371447894,-32.83,-1.748748536,238.5102395,-0.8196674619,0.5339664193
0.496,-0.71,-0.71,-1.168152932,-28.54,-1.564011148,238.0142607,-0.8308042972,0.487784115
0.497,-0.73,-0.73,-1.201917742,-29.19,-1.59275327,237.0253398,-0.8530792181,0.4914145788
0.498,-0.71,-0.71,-1.168152932,-28.69,-1.570668195,235.4411566,-0.8889565193,0.4749313689
0.499,-0.58,-0.58,-0.9498290888,-23.55,-1.334062883,232.3914323,-0.9587090622,0.4142710707
0.5,-0.42,-0.42,-0.6838530888,-17.19,-1.015952553,230.478464,-1.002930728,0.3387283927
0.501,-0.42,-0.42,-0.6838530888,-16.9,-1.000748161,229.4809793,-1.02613517,0.3373914414
0.502,-0.61,-0.61,-1.000034988,-23.62,-1.337405003,230.4779819,-1.002941918,0.4273020291
0.503,-0.91,-0.91,-1.50791934,-33.64,-1.782341839,231.4457692,-0.9805240626,0.5457808644
0.504,-1.16,-1.16,-1.939247075,-41.92,-2.103663878,232.4207206,-0.9580348448,0.6333892556
0.505,-1.29,-1.29,-2.166444292,-46.47,-2.264201082,233.6357606,-0.9301391758,0.6782133766
0.506,-1.36,-1.36,-2.289605043,-48.63,-2.336727903,234.500566,-0.9103726496,0.7051229262
0.507,-1.4,-1.4,-2.36024152,-50.16,-2.386729496,235.970622,-0.8769388279,0.7231866984
0.508,-1.47,-1.47,-2.484308438,-52.34,-2.456073599,237.3739488,-0.8452163949,0.7525265707
0.509,-1.56,-1.56,-2.644670371,-55.3,-2.546793344,238.2043781,-0.8265326109,0.7839949079
0.51,-1.65,-1.65,-2.805985545,-58.35,-2.636337365,237.8424405,-0.8346678046,0.8084071926
0.511,-1.71,-1.71,-2.914058572,-60.4,-2.694393962,234.9726584,-0.8996129525,0.8108105081
0.512,-1.72,-1.72,-2.932111933,-60.78,-2.704974573,235.775378,-0.8813672925,0.8175773651
0.513,-1.69,-1.69,-2.877987156,-59.84,-2.678699315,239.1042497,-0.8063598408,0.8258072611
0.514,-1.65,-1.65,-2.805985545,-58.49,-2.640355486,239.4383666,-0.7988891355,0.8158726273
0.515,-1.55,-1.55,-2.626805305,-55.59,-2.555475594,239.6797373,-0.7934986759,0.7843611487
0.516,-1.39,-1.39,-2.342564748,-50.59,-2.400582225,242.0024736,-0.7419014377,0.7454500961
0.517,-1.23,-1.23,-2.061336902,-45.29,-2.223596247,245.1380859,-0.673027036,0.7116344447
0.518,-1.12,-1.12,-1.869740365,-41.74,-2.097088518,246.0350928,-0.653486099,0.6797635496
0.519,-1.11,-1.11,-1.852393108,-41.35,-2.082781747,245.5571937,-0.6638880562,0.6744141965
0.52,-1.14,-1.14,-1.904470183,-42.57,-2.127263144,246.5846212,-0.6415500028,0.687829074
0.521,-1.15,-1.15,-1.921852745,-42.85,-2.137359345,245.2222613,-0.6711902706,0.6842865564
0.522,-1.13,-1.13,-1.88709939,-42.27,-2.116399338,243.3815919,-0.711499523,0.6673150217
0.523,-1.11,-1.11,-1.852393108,-41.48,-2.087559837,243.0267912,-0.7193044223,0.6599510831
0.524,-1.1,-1.1,-1.83505762,-41.04,-2.071350716,240.2292102,-0.78124768,0.6432933646
0.525,-1.09,-1.09,-1.8177339,-41.01,-2.070241704,236.4059121,-0.8670788846,0.6188408262
0.526,-1.1,-1.1,-1.83505762,-41.32,-2.081677806,233.7929,-0.9265420657,0.6100144598
0.527,-1.12,-1.12,-1.869740365,-42.02,-2.107309305,230.3270758,-1.006445993,0.600477618
0.528,-1.16,-1.16,-1.939247075,-43.34,-2.15492753,226.7572487,-1.090014658,0.5976214561
0.529,-1.22,-1.22,-2.043860193,-45.37,-2.226371474,223.6914572,-1.162840875,0.6030487272
0.53,-1.29,-1.29,-2.166444292,-47.85,-2.31080256,221.7119036,-1.210396338,0.6152575742
0.531,-1.37,-1.37,-2.30724651,-50.37,-2.393505636,221.0567653,-1.2262285,0.6374077275
0.532,-1.44,-1.44,-2.431066291,-52.79,-2.470116445,219.6483757,-1.260423291,0.6516661029
0.533,-1.51,-1.51,-2.555462724,-55.15,-2.542288365,211.3245682,-1.467108693,0.6373683343
0.534,-1.58,-1.58,-2.680435809,-57.57,-2.613804938,200.3674422,-1.751954987,0.6139677524
0.535,-1.64,-1.64,-2.788014563,-59.78,-2.677010475,194.0634931,-1.922981123,0.6060912295
0.536,-1.69,-1.69,-2.877987156,-61.26,-2.718260238,195.4870431,-1.883879515,0.6253584877
0.537,-1.7,-1.7,-2.89601698,-61.84,-2.734196827,199.3120421,-1.780209644,0.6415055885
0.538,-1.7,-1.7,-2.89601698,-61.74,-2.731458205,202.4853308,-1.695702136,0.6541477508
0.539,-1.69,-1.69,-2.877987156,-61.46,-2.723769997,205.870238,-1.60700655,0.664542981
0.54,-1.68,-1.68,-2.859969101,-61.16,-2.715499653,209.4932939,-1.513672208,0.6762480208
0.541,-1.66,-1.66,-2.823968295,-60.67,-2.701917495,212.1854809,-1.445357666,0.6809213725
0.542,-1.65,-1.65,-2.805985545,-60.08,-2.685440571,209.3379305,-1.517641322,0.6676019206
0.543,-1.64,-1.64,-2.788014563,-59.9,-2.680386743,204.8317716,-1.634061724,0.6462041636
0.544,-1.66,-1.66,-2.823968295,-60.64,-2.701082938,204.6076526,-1.639918691,0.6505338023
0.545,-1.71,-1.71,-2.914058572,-62.38,-2.748920643,207.8826672,-1.554963018,0.6770765201
0.546,-1.79,-1.79,-3.058814972,-64.97,-2.818057509,210.0277747,-1.500040123,0.7083709617
0.547,-1.85,-1.85,-3.167876545,-67.14,-2.874168314,210.1113221,-1.497912358,0.7245695546
0.548,-1.85,-1.85,-3.167876545,-67.29,-2.877988138,208.1014358,-1.549335822,0.7155285165
0.549,-1.78,-1.78,-3.040679233,-65.13,-2.822250003,204.448215,-1.644089229,0.6807989889
0.55,-1.64,-1.64,-2.788014563,-60.83,-2.706362615,206.6011643,-1.588045431,0.6492197605
0.551,-1.49,-1.49,-2.519862044,-56.22,-2.574213526,213.8757507,-1.402908412,0.6335893351
0.552,-1.4,-1.4,-2.36024152,-53.46,-2.490856045,218.8301683,-1.28038967,0.6258519593
0.553,-1.39,-1.39,-2.342564748,-53.15,-2.481285067,222.6525669,-1.187745759,0.6384696285
0.554,-1.45,-1.45,-2.448801905,-55.34,-2.547993038,222.1292977,-1.200333915,0.6533053107
0.555,-1.53,-1.53,-2.591110478,-58.03,-2.627123284,223.4913822,-1.167628184,0.6828142765
0.556,-1.56,-1.56,-2.644670371,-58.98,-2.6543568,229.319247,-1.029907043,0.7178287127
0.557,-1.52,-1.52,-2.573280717,-57.89,-2.62307903,241.2947566,-0.7575700104,0.7611794912
0.558,-1.44,-1.44,-2.431066291,-55.41,-2.550090852,245.7777969,-0.6590838903,0.7575362784
0.559,-1.36,-1.36,-2.289605043,-52.76,-2.469183099,236.8922452,-0.8560841968,0.6885476684
0.56,-1.3,-1.3,-2.18400338,-50.88,-2.409875854,229.8982077,-1.016416957,0.6374246162
0.561,-1.23,-1.23,-2.061336902,-48.94,-2.346949549,229.3905832,-1.028243035,0.61073164
0.562,-1.12,-1.12,-1.869740365,-45.31,-2.224290361,232.3915148,-0.958707163,0.5874149605
0.563,-0.96,-0.96,-1.593596467,-39.97,-2.031490299,237.7730324,-0.8362292908,0.5557016358
0.564,-0.8,-0.8,-1.32046528,-34.4,-1.813499243,244.5798904,-0.6852232272,0.5284561593
0.565,-0.69,-0.69,-1.134435196,-30.75,-1.660629365,249.5102179,-0.5784486662,0.5066528189
0.566,-0.68,-0.68,-1.117593981,-30.3,-1.641208617,252.2533344,-0.5199517132,0.5171268254
0.567,-0.72,-0.72,-1.185029453,-31.91,-1.710104579,253.8432103,-0.486338109,0.5395221369
0.568,-0.74,-0.74,-1.218817799,-32.67,-1.742065339,253.6781263,-0.4898185529,0.5460937299
0.569,-0.68,-0.68,-1.117593981,-30.5,-1.649855876,252.1524951,-0.5220908246,0.5145586585
0.57,-0.55,-0.55,-0.899729105,-25.72,-1.436110971,250.7884832,-0.5511100605,0.452757439
0.571,-0.42,-0.42,-0.6838530888,-20.36,-1.17812692,251.3566608,-0.5390029979,0.3982535518
0.572,-0.31,-0.31,-0.5027421962,-16.08,-0.9574170638,249.9948099,-0.568068117,0.3295621632
0.573,-0.23,-0.23,-0.3719195818,-12.03,-0.7359107627,247.990096,-0.611142826,0.2760985791
0.574,-0.14,-0.14,-0.2256444232,-7.7,-0.4848495626,249.6327264,-0.5758224806,0.2127372213
0.575,-0.11,-0.11,-0.1770978682,-6.21,-0.3949363368,251.3471592,-0.5392052377,0.1895835418
0.576,-0.18,-0.18,-0.2905379208,-8.82,-0.5512358423,251.4752793,-0.536478858,0.2671085724
0.577,-0.35,-0.35,-0.568435945,-14.63,-0.8795562528,251.9590477,-0.5261968349,0.4043640024
0.578,-0.58,-0.58,-0.9498290888,-22.24,-1.270890974,251.137833,-0.5436626654,0.5234505435
0.579,-0.84,-0.84,-1.388465635,-31.17,-1.678640148,251.2346181,-0.5416012457,0.6253669709
0.58,-1.15,-1.15,-1.921852745,-41.36,-2.083149618,248.0429969,-0.6100016926,0.7136074149
0.581,-1.43,-1.43,-2.413342446,-50.62,-2.401545457,233.9719819,-0.922445614,0.7260375839
0.582,-1.62,-1.62,-2.752107905,-56.79,-2.591022532,219.5918246,-1.261800888,0.7143093791
0.583,-1.71,-1.71,-2.914058572,-59.83,-2.67841794,210.1696253,-1.496428006,0.698003857
0.584,-1.73,-1.73,-2.950177062,-60.5,-2.697183742,209.0882238,-1.524026826,0.6988936026
0.585,-1.7,-1.7,-2.89601698,-59.52,-2.669675806,213.0156717,-1.424466255,0.7073562512
0.586,-1.62,-1.62,-2.752107905,-57.02,-2.597766639,218.3000941,-1.293364741,0.7072770451
0.587,-1.5,-1.5,-2.5376565,-53.27,-2.484995045,225.2687945,-1.125248285,0.7029045601
0.588,-1.37,-1.37,-2.30724651,-49.45,-2.363665212,235.2401764,-0.8935254033,0.7083547701
0.589,-1.27,-1.27,-2.131361422,-46.22,-2.255657159,246.2768332,-0.648232067,0.733967881
0.59,-1.18,-1.18,-1.974071041,-43.27,-2.152425566,247.9725246,-0.6115219138,0.7142216179
0.591,-1.1,-1.1,-1.83505762,-40.49,-2.050940481,238.547267,-0.8188369663,0.6394424841
0.592,-1.03,-1.03,-1.714038718,-38.21,-1.964538269,229.2424086,-1.031699977,0.5720635601
0.593,-0.99,-0.99,-1.645143964,-36.77,-1.908449051,229.5679737,-1.024107412,0.5609931079
0.594,-0.97,-0.97,-1.610767198,-36.08,-1.881147249,236.3258136,-0.8688918667,0.5857251952
0.595,-0.95,-0.95,-1.576437505,-35.62,-1.862790943,236.4853827,-0.8652807221,0.5778578053
0.596,-0.94,-0.94,-1.559290311,-35.27,-1.848740485,225.9294715,-1.109580563,0.5270862378
0.597,-0.95,-0.95,-1.576437505,-35.45,-1.855975496,216.6101825,-1.334941467,0.494039025
0.598,-0.98,-0.98,-1.627949697,-36.4,-1.893843543,217.1329397,-1.322045575,0.5062207174
0.599,-1.02,-1.02,-1.696797377,-37.82,-1.949465083,223.6382334,-1.164113974,0.544966852
0.6,-1.05,-1.05,-1.748556705,-38.91,-1.991375735,229.3601645,-1.028952527,0.5789293591
0.601,-1.06,-1.06,-1.765833351,-39.11,-1.998992715,232.2666576,-0.9615823342,0.5964494472
0.602,-1.04,-1.04,-1.731291827,-38.51,-1.97607405,235.3590164,-0.8908233422,0.6038904049
0.603,-1.01,-1.01,-1.679567804,-37.56,-1.939367923,238.0503518,-0.8299931166,0.6064820657
0.604,-0.98,-0.98,-1.627949697,-36.6,-1.901748321,239.7002862,-0.7930400135,0.6041104142
0.605,-0.95,-0.95,-1.576437505,-35.35,-1.851958417,243.0371732,-0.7190758766,0.6131530447
0.606,-0.89,-0.89,-1.473730868,-33.33,-1.769532425,246.4391185,-0.6447078188,0.6104325664
0.607,-0.81,-0.81,-1.337447716,-30.4,-1.645535415,250.1560741,-0.564618105,0.6051379256
0.608,-0.7,-0.7,-1.15128818,-26.56,-1.474759377,254.4828895,-0.4728731871,0.5911218579
0.609,-0.6,-0.6,-0.98328792,-22.53,-1.28497855,257.8289816,-0.4029866658,0.5825285443
0.61,-0.54,-0.54,-0.8830526472,-20.09,-1.164597913,258.4247538,-0.3906385418,0.5677931768
0.611,-0.56,-0.56,-0.9164173312,-20.64,-1.192101881,258.3600073,-0.3919791155,0.5785167131
0.612,-0.65,-0.65,-1.067140945,-23.64,-1.338359275,258.5693387,-0.3876461316,0.6182720756
0.613,-0.79,-0.79,-1.303494612,-27.89,-1.534994891,257.7386392,-0.4048616169,0.6719541404
0.614,-0.92,-0.92,-1.525031229,-31.89,-1.709258677,256.0386403,-0.4402661697,0.7094736454
0.615,-1.03,-1.03,-1.714038718,-35.15,-1.843906461,253.5150787,-0.4932582851,0.7333837808
0.616,-1.12,-1.12,-1.869740365,-37.88,-1.951789693,252.7710457,-0.5089829089,0.7598184259
0.617,-1.21,-1.21,-2.026395252,-40.76,-2.06098079,252.7294045,-0.5098643356,0.7882214422
0.618,-1.33,-1.33,-2.236751254,-44.39,-2.192148375,251.5459556,-0.5349754702,0.8201869006
0.619,-1.49,-1.49,-2.519862044,-49.49,-2.364970979,248.630925,-0.5973357696,0.8506418336
0.62,-1.74,-1.74,-2.968253959,-56.99,-2.596888221,246.3313378,-0.6470481668,0.9150160805
0.621,-2.06,-2.06,-3.552928391,-67.08,-2.872638292,244.7379358,-0.6817672204,0.9995844252
0.622,-2.38,-2.38,-4.149653665,-77.24,-3.11607308,242.8576205,-0.7230298472,1.080891485
0.623,-2.58,-2.58,-4.528726529,-83.43,-3.251204542,240.7755859,-0.7690934911,1.126465374
0.624,-2.62,-2.62,-4.605105985,-84.7,-3.277923508,239.2612072,-0.8028490413,1.128488768
0.625,-2.61,-2.61,-4.585993468,-84.48,-3.273317267,236.7420352,-0.8594776317,1.1096591
0.626,-2.72,-2.72,-4.796878413,-87.77,-3.341288916,229.1642082,-1.03352531,1.096475911
0.627,-2.89,-2.89,-5.125592388,-93.16,-3.448960281,216.3441976,-1.341514998,1.069954877
0.628,-2.93,-2.93,-5.203431126,-94.55,-3.47611418,205.1611316,-1.625466079,1.019964572
0.629,-2.84,-2.84,-5.028558755,-91.91,-3.424345348,201.04899,-1.733787895,0.9748795772
0.63,-2.74,-2.74,-4.835374119,-89.17,-3.369659862,202.3319512,-1.699756216,0.9538325607
0.631,-2.76,-2.76,-4.873916899,-89.61,-3.378513914,201.5589091,-1.720235909,0.9559043036
0.632,-2.83,-2.83,-5.009187334,-91.79,-3.421971932,198.6714442,-1.79743248,0.9597239337
0.633,-2.79,-2.79,-4.931819332,-90.68,-3.399926988,195.1981045,-1.891792904,0.9319879799
0.634,-2.65,-2.65,-4.662514145,-86.73,-3.320007373,193.9509856,-1.926083665,0.8887596709
0.635,-2.54,-2.54,-4.452535367,-83.47,-3.252050889,194.9173413,-1.899493616,0.864310764
0.636,-2.51,-2.51,-4.395515564,-82.46,-3.230581945,194.7417632,-1.904314973,0.8560085302
0.637,-2.51,-2.51,-4.395515564,-82.46,-3.230581945,194.695218,-1.90559383,0.8557953926
0.638,-2.47,-2.47,-4.319653918,-81.36,-3.206959587,193.8307144,-1.929402288,0.8409948564
0.639,-2.39,-2.39,-4.168495508,-79.11,-3.15781572,190.5435263,-2.020911465,0.8049266469
0.64,-2.34,-2.34,-4.074403975,-77.49,-3.121703027,189.5426847,-2.049086731,0.7879655075
0.641,-2.34,-2.34,-4.074403975,-77.55,-3.123051906,190.3685389,-2.025826944,0.7913186723
0.642,-2.37,-2.37,-4.13082359,-78.68,-3.148291635,190.9803276,-2.008661179,0.8010202418
0.643,-2.4,-2.4,-4.18734912,-79.51,-3.166636425,192.4460749,-1.967757442,0.8155488706
0.644,-2.41,-2.41,-4.2062145,-79.83,-3.173666348,194.7573774,-1.903886032,0.8283941129
0.645,-2.42,-2.42,-4.225091649,-80.02,-3.177829281,195.2444806,-1.890521978,0.8336225002
0.646,-2.42,-2.42,-4.225091649,-80.01,-3.177610384,192.5807904,-1.964013664,0.8217426263
0.647,-2.39,-2.39,-4.168495508,-79.38,-3.163773776,191.2365051,-2.001489598,0.8070247742
0.648,-2.34,-2.34,-4.074403975,-77.85,-3.129782997,193.0051544,-1.952237569,0.8017291394
0.649,-2.27,-2.27,-3.943170102,-75.61,-3.078977548,194.5934534,-1.908390935,0.7906313952
0.65,-2.19,-2.19,-3.793894636,-73.25,-3.024021012,192.8223615,-1.957306892,0.7616231474
0.651,-2.12,-2.12,-3.663896445,-71.31,-2.977671984,191.43753,-1.995868713,0.7366776845
0.652,-2.08,-2.08,-3.589870669,-70,-2.945743207,188.1609548,-2.088230055,0.7131286723
0.653,-2.07,-2.07,-3.571393646,-69.78,-2.94032962,188.2463648,-2.085802134,0.7105650668
0.654,-2.09,-2.09,-3.60835946,-70.45,-2.956769967,192.9651605,-1.953346294,0.734882693
0.655,-2.11,-2.11,-3.645372348,-70.92,-2.96822081,198.006458,-1.815369852,0.7620577524
0.656,-2.09,-2.09,-3.60835946,-70.46,-2.957014301,199.845016,-1.765922477,0.764007572
0.657,-2.04,-2.04,-3.516033187,-68.94,-2.919520444,195.0075953,-1.897016941,0.7299918813
0.658,-1.98,-1.98,-3.405630017,-67.23,-2.876461104,188.5771636,-2.076409015,0.6876073741
0.659,-1.93,-1.93,-3.313951006,-65.54,-2.832952579,185.4056468,-2.167151271,0.6627764354
0.66,-1.83,-1.83,-3.131475614,-62.6,-2.754888108,187.569381,-2.105076831,0.6443411944
0.661,-1.74,-1.74,-2.968253959,-59.99,-2.682915241,191.3119297,-1.999379947,0.6339314034
0.662,-1.73,-1.73,-2.950177062,-59.49,-2.668827782,191.7796166,-1.986317136,0.6337454824
0.663,-1.74,-1.74,-2.968253959,-59.98,-2.682634453,191.8028179,-1.985669938,0.6358312807
0.664,-1.76,-1.76,-3.004443059,-60.58,-2.699412781,191.0467883,-2.006799716,0.6383993627
0.665,-1.78,-1.78,-3.040679233,-61.13,-2.714670734,184.7504033,-2.186092235,0.6204501731
0.666,-1.83,-1.83,-3.131475614,-62.78,-2.759757269,178.6388368,-2.366064344,0.6109216923
0.667,-1.92,-1.92,-3.295650509,-65.81,-2.83996886,174.5199984,-2.490862495,0.6182244925
0.668,-1.96,-1.96,-3.368923107,-67.1,-2.873148433,175.6175222,-2.457322693,0.6320122608
0.669,-1.91,-1.91,-3.27736178,-65.49,-2.831650508,181.1258094,-2.292096458,0.6396416142
0.67,-1.81,-1.81,-3.095121756,-62.4,-2.749463881,188.770015,-2.070940549,0.6420875677
0.671,-1.75,-1.75,-2.986342625,-60.73,-2.70358557,194.5897002,-1.908494123,0.6475045585
0.672,-1.79,-1.79,-3.058814972,-61.88,-2.735291223,195.9685899,-1.870716967,0.6640923866
0.673,-1.85,-1.85,-3.167876545,-63.81,-2.787391706,197.6076238,-1.826156946,0.6866463938
0.674,-1.89,-1.89,-3.240819628,-65.1,-2.821464592,202.9933496,-1.682296241,0.7195807567
0.675,-1.89,-1.89,-3.240819628,-65.09,-2.821202718,211.3792795,-1.465723774,0.7559774197
0.676,-1.86,-1.86,-3.186094663,-64.26,-2.799344687,219.4999351,-1.264040097,0.7840986844
0.677,-1.85,-1.85,-3.167876545,-63.95,-2.791118183,220.3309885,-1.243822596,0.7851110386
0.678,-1.84,-1.84,-3.149670195,-63.66,-2.783391229,217.8449748,-1.304530242,0.7704820696
0.679,-1.82,-1.82,-3.113292801,-62.87,-2.762187372,223.7915064,-1.160448546,0.7936736586
0.68,-1.76,-1.76,-3.004443059,-61.19,-2.716328229,232.3321597,-0.9600737798,0.8172237563
0.681,-1.64,-1.64,-2.788014563,-57.52,-2.612352067,230.2579266,-1.008052419,0.7700837223
0.682,-1.45,-1.45,-2.448801905,-51.55,-2.4311979,223.9041514,-1.157756312,0.6823162848
0.683,-1.23,-1.23,-2.061336902,-44.77,-2.205477289,220.094713,-1.249562833,0.5966173558
0.684,-1.08,-1.08,-1.800421949,-39.53,-2.014915252,222.7164046,-1.186212056,0.5624337228
0.685,-1,-1,-1.66235,-37.09,-1.921016643,223.2955026,-1.172319262,0.5373971825
0.686,-1.01,-1.01,-1.679567804,-37.29,-1.928841275,221.054549,-1.226282137,0.5323303036
0.687,-1.05,-1.05,-1.748556705,-38.68,-1.982588323,222.449744,-1.192621504,0.5506901276
0.688,-1.09,-1.09,-1.8177339,-40.02,-2.033367014,225.8538317,-1.11137201,0.5780237681
0.689,-1.13,-1.13,-1.88709939,-41.18,-2.076519604,229.1665478,-1.03347069,0.6067862634
0.69,-1.16,-1.16,-1.939247075,-42.31,-2.11785063,233.0075736,-0.9445433348,0.6332454602
0.691,-1.2,-1.2,-2.00894208,-43.44,-2.15849728,237.4530777,-0.8434332642,0.6692167091
0.692,-1.23,-1.23,-2.061336902,-44.56,-2.198120546,240.6587236,-0.771690786,0.6940969212
0.693,-1.27,-1.27,-2.131361422,-45.69,-2.237439725,240.3835461,-0.7778116607,0.7068602744
0.694,-1.3,-1.3,-2.18400338,-46.81,-2.275770505,239.698879,-0.7930714229,0.7116702103
0.695,-1.34,-1.34,-2.254357415,-47.94,-2.313809104,239.3278346,-0.8013594275,0.7236710927
0.696,-1.37,-1.37,-2.30724651,-49.06,-2.350893876,237.9804113,-0.8315652055,0.7249885862
0.697,-1.41,-1.41,-2.37793006,-50.18,-2.387375738,238.6300915,-0.8169797493,0.7420930886
0.698,-1.44,-1.44,-2.431066291,-51.3,-2.423266207,240.5149957,-0.7748869061,0.7601469365
0.699,-1.48,-1.48,-2.502079357,-52.42,-2.458576799,240.4250392,-0.7768882655,0.7733291218
0.7,-1.51,-1.51,-2.555462724,-53.54,-2.49331903,238.3190624,-0.8239574557,0.7703496333
0.701,-1.55,-1.55,-2.626805305,-54.66,-2.527504417,235.536315,-0.8867946451,0.7693541946
0.702,-1.58,-1.58,-2.680435809,-55.77,-2.560846497,232.0033963,-0.9676497015,0.7596538746
0.703,-1.62,-1.62,-2.752107905,-56.89,-2.593957459,231.3956094,-0.9816836615,0.7696823624
0.704,-1.65,-1.65,-2.805985545,-58,-2.626257331,232.7578744,-0.9502796597,0.7845537604
0.705,-1.69,-1.69,-2.877987156,-59.11,-2.658055301,234.2821201,-0.9153586934,0.8053886732
0.706,-1.72,-1.72,-2.932111933,-60.23,-2.689642433,236.5997445,-0.8626941441,0.8254037502
0.707,-1.75,-1.75,-2.986342625,-61.34,-2.720465965,236.8208951,-0.8576958165,0.83460246
0.708,-1.79,-1.79,-3.058814972,-62.45,-2.750821328,234.6007473,-0.9080875577,0.8359910202
0.709,-1.82,-1.82,-3.113292801,-63.55,-2.780452385,233.2806535,-0.9382769189,0.8371926394
0.71,-1.86,-1.86,-3.186094663,-64.66,-2.809909008,229.7263852,-1.020416961,0.8318077073
0.711,-1.89,-1.89,-3.240819628,-65.79,-2.839449996,225.7426701,-1.114005841,0.8197434755
0.712,-1.93,-1.93,-3.313951006,-66.95,-2.86931913,224.3292789,-1.147607883,0.8249965696
0.713,-1.96,-1.96,-3.368923107,-68.13,-2.899242218,224.0878145,-1.153369637,0.8312967606
0.714,-2,-2,-3.442384,-69.31,-2.928713725,226.3269735,-1.100176005,0.8544249733
0.715,-2.04,-2.04,-3.516033187,-70.5,-2.957991332,225.9866197,-1.108227467,0.8646935545
0.716,-2.07,-2.07,-3.571393646,-71.69,-2.986837183,219.8651524,-1.255145839,0.8419160631
0.717,-2.11,-2.11,-3.645372348,-72.97,-3.017398489,203.9560705,-1.656983187,0.779861937
0.718,-2.15,-2.15,-3.719539345,-74.16,-3.045392265,192.3015021,-1.971778076,0.7413619815
0.719,-2.17,-2.17,-3.756693454,-74.77,-3.059590231,196.3074187,-1.861474829,0.7633903247
0.72,-2.17,-2.17,-3.756693454,-74.93,-3.063297586,209.7269314,-1.507708943,0.8218525678
0.721,-2.18,-2.18,-3.775288161,-75.21,-3.069768935,218.2721646,-1.294049269,0.8651341519
0.722,-2.15,-2.15,-3.719539345,-74.15,-3.045158664,217.9141284,-1.302832186,0.8554616312
0.723,-1.99,-1.99,-3.424001124,-69.52,-2.933912345,213.6235513,-1.409220782,0.7883712113
0.724,-1.73,-1.73,-2.950177062,-61.65,-2.728990225,212.7424287,-1.431333299,0.7091220297
0.725,-1.46,-1.46,-2.466549287,-53.39,-2.4886986,211.2735317,-1.468400916,0.6233225313
0.726,-1.3,-1.3,-2.18400338,-48.58,-2.335074899,211.2026027,-1.470197325,0.5739414295
0.727,-1.29,-1.29,-2.166444292,-48.2,-2.322472409,210.9059411,-1.477717381,0.5700884461
0.728,-1.34,-1.34,-2.254357415,-49.87,-2.377337761,210.3856946,-1.490930651,0.5827820552
0.729,-1.4,-1.4,-2.36024152,-51.87,-2.441308513,210.6446025,-1.484350805,0.6012344241
0.73,-1.46,-1.46,-2.466549287,-53.69,-2.497929472,210.7967893,-1.480486926,0.6199826867
0.731,-1.5,-1.5,-2.5376565,-55.03,-2.538677405,210.8202994,-1.479890275,0.6314828323
0.732,-1.53,-1.53,-2.591110478,-56.09,-2.570360749,211.452746,-1.463864663,0.6422820277
0.733,-1.56,-1.56,-2.644670371,-57.1,-2.600107259,209.2521648,-1.519833666,0.6419194885
0.734,-1.59,-1.59,-2.69833618,-58.15,-2.630583435,211.0505298,-1.474050892,0.6573877147
0.735,-1.63,-1.63,-2.77005535,-59.27,-2.662598066,215.6894041,-1.357732015,0.6890119204
0.736,-1.66,-1.66,-2.823968295,-60.4,-2.694393962,216.6130675,-1.334870212,0.7008645185
0.737,-1.68,-1.68,-2.859969101,-61.18,-2.716052075,210.5252678,-1.487382555,0.6803886233
0.738,-1.68,-1.68,-2.859969101,-61.17,-2.715775883,199.7415694,-1.768692536,0.6377498587
0.739,-1.66,-1.66,-2.823968295,-60.36,-2.693276965,188.4033537,-2.081342336,0.5914541281
0.74,-1.61,-1.61,-2.734172228,-58.86,-2.650936808,184.0269198,-2.20708399,0.5628160812
0.741,-1.56,-1.56,-2.644670371,-57.57,-2.613804938,185.0941962,-2.176145936,0.5521289133
0.742,-1.57,-1.57,-2.662547206,-57.85,-2.621922061,187.7404145,-2.100200702,0.5638454016
0.743,-1.62,-1.62,-2.752107905,-59.31,-2.663732168,188.02489,-2.092100199,0.5786805951
0.744,-1.65,-1.65,-2.805985545,-60.54,-2.698298571,188.1661595,-2.088082069,0.5862437102
0.745,-1.7,-1.7,-2.89601698,-62.12,-2.741844999,188.354894,-2.082718601,0.6002650644
0.746,-1.8,-1.8,-3.07696248,-65.4,-2.8293046,188.5098701,-2.078318496,0.6269761186
0.747,-1.96,-1.96,-3.368923107,-70.83,-2.966033276,188.7645498,-2.071095442,0.6688181493
0.748,-2.12,-2.12,-3.663896445,-76.2,-3.092483594,187.7094287,-2.10108377,0.7054681664
0.749,-2.18,-2.18,-3.775288161,-78.2,-3.137608123,188.3716216,-2.082243494,0.723255839
0.75,-2.14,-2.14,-3.700979943,-77.01,-3.110879752,190.0570583,-2.034587773,0.719269906
0.751,-2.05,-2.05,-3.534474905,-74.49,-3.053085713,191.9392563,-1.981865583,0.7019879037
0.752,-1.96,-1.96,-3.368923107,-71.88,-2.991403772,194.285555,-1.916862757,0.6863773773
0.753,-1.9,-1.9,-3.25908482,-70.05,-2.946971479,196.6260765,-1.852797435,0.6790086937
0.754,-1.87,-1.87,-3.20432455,-69.17,-2.925240275,199.4168308,-1.777397611,0.6813887499
0.755,-1.87,-1.87,-3.20432455,-69.01,-2.921263036,200.9395752,-1.736700264,0.687923958
0.756,-1.86,-1.86,-3.186094663,-68.68,-2.913034307,204.4721175,-1.643463783,0.6992419618
0.757,-1.82,-1.82,-3.113292801,-67.41,-2.88103863,209.9341519,-1.502425491,0.7102357212
0.758,-1.74,-1.74,-2.968253959,-65.2,-2.824081408,215.537105,-1.361511004,0.7091598194
0.759,-1.65,-1.65,-2.805985545,-62.37,-2.748648968,222.0627845,-1.201936129,0.7102708779
0.76,-1.55,-1.55,-2.626805305,-59.22,-2.661179545,224.8323448,-1.135623761,0.6918465596
0.761,-1.43,-1.43,-2.413342446,-55.7,-2.558759454,222.2764086,-1.196791911,0.6426066937
0.762,-1.31,-1.31,-2.201574236,-51.9,-2.442253977,216.3269342,-1.341941923,0.5817812541
0.763,-1.21,-1.21,-2.026395252,-48.79,-2.342009385,215.2272909,-1.369206653,0.5460192107
0.764,-1.17,-1.17,-1.956653174,-47.39,-2.295373599,219.8745064,-1.254918233,0.5511246022
0.765,-1.18,-1.18,-1.974071041,-47.76,-2.307792043,224.4122274,-1.14563002,0.5716275058
0.766,-1.2,-1.2,-2.00894208,-48.51,-2.332758659,230.2304552,-1.008690752,0.6012187626
0.767,-1.18,-1.18,-1.974071041,-47.83,-2.3101339,229.7060725,-1.020890038,0.5926318986
0.768,-1.1,-1.1,-1.83505762,-45.46,-2.229489695,224.472338,-1.144197172,0.5439324076
0.769,-1,-1,-1.66235,-42.15,-2.112040313,222.6207375,-1.188510627,0.5036583377
0.77,-0.9,-0.9,-1.49081922,-38.87,-1.989849635,226.2532759,-1.101918379,0.482189871
0.771,-0.84,-0.84,-1.388465635,-36.56,-1.900169232,231.0264851,-0.9902248423,0.4803724334
0.772,-0.82,-0.82,-1.354441921,-36.02,-1.878760009,238.3687637,-0.8228418336,0.5013477187
0.773,-0.83,-0.83,-1.371447894,-36.25,-1.887899623,243.7105596,-0.7042730567,0.5290727368
0.774,-0.78,-0.78,-1.286535713,-34.82,-1.830568699,239.6951476,-0.793154705,0.4903473097
0.775,-0.66,-0.66,-1.083946855,-30.31,-1.641641582,239.3782521,-0.8002324997,0.4438995701
0.776,-0.48,-0.48,-0.7832410368,-23.68,-1.34026699,243.7132416,-0.7042141802,0.383100147
0.777,-0.34,-0.34,-0.5519948552,-17.9,-1.05291414,248.2101006,-0.6063986728,0.3326647338
0.778,-0.27,-0.27,-0.4372367418,-14.81,-0.8893084186,251.0246534,-0.5460742787,0.3046133568
0.779,-0.24,-0.24,-0.3882312192,-13.46,-0.81556257,254.2747953,-0.4772497462,0.300299753
0.78,-0.22,-0.22,-0.3556197128,-12.43,-0.7583514979,254.3985685,-0.4746461645,0.2884188054
0.781,-0.2,-0.2,-0.32305528,-11.46,-0.703715802,253.9116886,-0.4848950549,0.2717923012
0.782,-0.19,-0.19,-0.3067907162,-11.39,-0.6997443954,254.4148446,-0.4743038882,0.2613101356
0.783,-0.22,-0.22,-0.3556197128,-12.27,-0.7493902264,256.1213111,-0.4385390182,0.2993610221
0.784,-0.29,-0.29,-0.4699659322,-14.52,-0.8735844314,257.4376594,-0.4111128447,0.3658184235
0.785,-0.42,-0.42,-0.6838530888,-18.94,-1.106386066,257.5374023,-0.4090404156,0.4512611446
0.786,-0.61,-0.61,-1.000034988,-25.41,-1.421728351,261.5028243,-0.3272917603,0.5717687188
0.787,-0.84,-0.84,-1.388465635,-32.91,-1.752084242,267.0227633,-0.2155365374,0.7056571316
0.788,-1.03,-1.03,-1.714038718,-39.27,-2.005070104,264.2230037,-0.2719279595,0.7527624839
0.789,-1.12,-1.12,-1.869740365,-42.24,-2.115310306,249.6594592,-0.575249588,0.6949261262
0.79,-1.09,-1.09,-1.8177339,-41.3,-2.080941573,234.7282256,-0.9051812436,0.6087271059
0.791,-0.97,-0.97,-1.610767198,-37.33,-1.93040343,227.7922002,-1.065652072,0.537629292
0.792,-0.94,-0.94,-1.559290311,-36.21,-1.886312353,222.0950532,-1.201158759,0.5050380245
0.793,-1.19,-1.19,-1.991500676,-44.48,-2.195311978,216.3481049,-1.341418375,0.5630908996
0.794,-1.65,-1.65,-2.805985545,-59.72,-2.675320221,214.5639206,-1.385721805,0.6909521071
0.795,-2.08,-2.08,-3.589870669,-73.99,-3.041417309,210.0495664,-1.499485054,0.7905632805
0.796,-2.28,-2.28,-3.961882493,-80.68,-3.192226724,203.4010765,-1.671561155,0.8145672861
0.797,-2.26,-2.26,-3.924469479,-80.08,-3.179142188,198.9183628,-1.790787364,0.7896428789
0.798,-2.2,-2.2,-3.81251288,-78.21,-3.137831261,198.6375737,-1.79834465,0.7723616314
0.799,-2.17,-2.17,-3.756693454,-77.44,-3.120578279,200.063381,-1.760079874,0.7697104234
0.8,-2.16,-2.16,-3.738110515,-77.09,-3.112687631,199.6891503,-1.770096747,0.7655694428
0.801,-2.14,-2.14,-3.700979943,-76.54,-3.100225814,179.259,-2.347523431,0.6793594523
0.802,-2.09,-2.09,-3.60835946,-75.11,-3.067460145,181.036,-2.294749858,0.6729239359
0.803,-2,-2,-3.442384,-72.44,-3.004801754,182.907,-2.239741584,0.6563744025
0.804,-1.89,-1.89,-3.240819628,-69.05,-2.922258106,184.618,-2.189927742,0.6339401041
0.805,-1.8,-1.8,-3.07696248,-66.44,-2.856243126,186.372,-2.13933894,0.6159367296
0.806,-1.78,-1.78,-3.040679233,-65.96,-2.843855968,188.174,-2.087859151,0.616556139
0.807,-1.78,-1.78,-3.040679233,-65.76,-2.838671442,190.03,-2.035349502,0.6238543634
0.808,-1.65,-1.65,-2.805985545,-61.81,-2.733375636,191.968,-1.981064459,0.5951895641
0.809,-1.42,-1.42,-2.395630369,-54.84,-2.532947333,194.058,-1.923132562,0.5376093844
0.81,-1.28,-1.28,-2.148896973,-50.41,-2.394793978,196.565,-1.854459523,0.5057116438
0.811,-1.33,-1.33,-2.236751254,-52.24,-2.452940514,199.773,-1.767850746,0.5299364778
0.812,-1.51,-1.51,-2.555462724,-58.28,-2.634325334,210.268,-1.493924403,0.619018443
0.813,-1.61,-1.61,-2.734172228,-61.83,-2.733923134,215.156,-1.370979055,0.6660748788
0.814,-1.56,-1.56,-2.644670371,-60.38,-2.693835541,217.992,-1.300920706,0.6620354804
0.815,-1.45,-1.45,-2.448801905,-56.82,-2.591903448,219.456,-1.265111059,0.6348956947
0.816,-1.32,-1.32,-2.219156861,-52.84,-2.471671122,221.902,-1.205811198,0.6034446036
0.817,-1.18,-1.18,-1.974071041,-48.59,-2.335405597,223.27,-1.172930321,0.5626801672
0.818,-1.05,-1.05,-1.748556705,-44.19,-2.185103088,225.561,-1.118313075,0.529317718
0.819,-0.9,-0.9,-1.49081922,-39.51,-2.014159276,223.564,-1.165890121,0.4688037933
0.82,-0.77,-0.77,-1.269588582,-34.84,-1.831378897,225.636,-1.116534473,0.4306736401
0.821,-0.7,-0.7,-1.15128818,-32.38,-1.729911893,224.594,-1.141298305,0.4009766269
0.822,-0.76,-0.76,-1.252653219,-34.55,-1.819607612,227.236,-1.078731139,0.4321969674
0.823,-0.91,-0.91,-1.50791934,-40.25,-2.041982054,226.336,-1.099962637,0.4799318539
0.824,-1.06,-1.06,-1.765833351,-45.75,-2.239509219,224.681,-1.1392263,0.5226314227
0.825,-1.13,-1.13,-1.88709939,-48.15,-2.320808953,224.173,-1.151336256,0.5434966789
0.826,-1.11,-1.11,-1.852393108,-47.71,-2.306117815,222.908,-1.181611611,0.531117206
0.827,-1.08,-1.08,-1.800421949,-46.72,-2.272713638,221.471,-1.216212602,0.516038983
0.828,-1.06,-1.06,-1.765833351,-46.09,-2.25120188,218.421,-1.290402455,0.4985970154
0.829,-1.05,-1.05,-1.748556705,-45.52,-2.231566214,223.394,-1.169959855,0.5140506554
0.83,-1.03,-1.03,-1.714038718,-44.95,-2.211764961,222.983,-1.179811844,0.5053810709
0.831,-1.01,-1.01,-1.679567804,-44.38,-2.191796604,223.283,-1.172618824,0.4992153438
0.832,-0.99,-0.99,-1.645143964,-43.8,-2.17130483,221.554,-1.214207975,0.4859364177
0.833,-0.97,-0.97,-1.610767198,-43.2,-2.149921015,222.756,-1.185260997,0.4829623067
0.834,-0.96,-0.96,-1.593596467,-42.78,-2.134839209,225.444,-1.121088876,0.4894446148
0.835,-0.96,-0.96,-1.593596467,-42.86,-2.137719152,227.059,-1.082900017,0.4948105888
0.836,-0.98,-0.98,-1.627949697,-43.42,-2.157783752,228.99,-1.037593869,0.5094702067
0.837,-0.99,-0.99,-1.645143964,-43.8,-2.17130483,229.512,-1.025412019,0.514635497
0.838,-0.98,-0.98,-1.627949697,-43.5,-2.160636602,231.342,-0.9829232854,0.5178681989
0.839,-0.94,-0.94,-1.559290311,-42.01,-2.106945005,232.345,-0.9597781104,0.5084548727
0.84,-0.84,-0.84,-1.388465635,-38.81,-1.987558792,235.077,-0.897237766,0.4813045243
0.841,-0.7,-0.7,-1.15128818,-33.94,-1.7946825,238.647,-0.8166006795,0.4408898234
0.842,-0.53,-0.53,-0.8663879578,-28.05,-1.542162911,240.927,-0.765730149,0.3754021245
0.843,-0.39,-0.39,-0.6343179882,-22.35,-1.276241461,242.75,-0.7254011849,0.3168987179
0.844,-0.28,-0.28,-0.4535954528,-18.05,-1.060675352,240.66,-0.771662411,0.2475501308
0.845,-0.23,-0.23,-0.3719195818,-15.71,-0.937700171,242.043,-0.7410055879,0.2215513826
0.846,-0.22,-0.22,-0.3556197128,-15.28,-0.9146562267,246.52,-0.6429522336,0.2283113644
0.847,-0.25,-0.25,-0.404554625,-16.5,-0.9796738376,249.746,-0.5733954108,0.2604871775
0.848,-0.31,-0.31,-0.5027421962,-18.98,-1.108426905,250.883,-0.54909414,0.3033096911
0.849,-0.39,-0.39,-0.6343179882,-22.13,-1.265532011,251.711,-0.5314663768,0.3529875109
0.85,-0.49,-0.49,-0.7998468842,-26.1,-1.453653211,252.506,-0.5145956504,0.4063748745
0.851,-0.63,-0.63,-1.03356443,-31.44,-1.690160039,250.409,-0.5592115995,0.4594902914
0.852,-0.78,-0.78,-1.286535713,-37.02,-1.918272556,251.353,-0.5390809162,0.5235452398
0.853,-0.84,-0.84,-1.388465635,-39.57,-2.016426534,253.381,-0.4960885345,0.5526198241
0.854,-0.75,-0.75,-1.235729625,-36.5,-1.89779885,254.498,-0.4725555291,0.5213269526
0.855,-0.51,-0.51,-0.8330938842,-27.89,-1.534994891,257.876,-0.4020111149,0.430093599
0.856,-0.24,-0.24,-0.3882312192,-17.11,-1.011764478,260.473,-0.3484021902,0.2854291524
0.857,-0.07,-0.07,-0.1125338858,-9.22,-0.5746982424,261.68,-0.323668208,0.1252650138
0.858,-0.01,-0.01,-0.0160409642,-6.43,-0.4083276759,262.492,-0.3070927195,0.02242173176
0.859,-0.02,-0.02,-0.0320936968,-6.87,-0.4349899143,259.505,-0.3683215174,0.03995174914
0.86,-0.08,-0.08,-0.1286572288,-8.67,-0.5424040379,257.848,-0.4025920457,0.1361457799
0.861,-0.18,-0.18,-0.2905379208,-12.23,-0.747146781,254.163,-0.4796024631,0.2368356224
0.862,-0.35,-0.35,-0.568435945,-17.92,-1.053949925,249.162,-0.5859203711,0.3466346982
0.863,-0.58,-0.58,-0.9498290888,-25.52,-1.426839268,239.651,-0.7941401721,0.4276622609
0.864,-0.86,-0.86,-1.422536423,-34.68,-1.824890619,232.974,-0.9453142607,0.5135130739
0.865,-1.19,-1.19,-1.991500676,-45.49,-2.230528184,227.811,-1.065210551,0.6042653367
0.866,-1.52,-1.52,-2.573280717,-56.12,-2.571250485,219.607,-1.261431177,0.6714047613
0.867,-1.74,-1.74,-2.968253959,-63.33,-2.774561551,215.765,-1.355857248,0.718632687
0.868,-1.82,-1.82,-3.113292801,-65.81,-2.83996886,211.633,-1.459305971,0.724143704
0.869,-1.81,-1.81,-3.095121756,-65.72,-2.837632888,206.407,-1.593075738,0.6985613403
0.87,-1.85,-1.85,-3.167876545,-67.09,-2.872893379,200.649,-1.744442404,0.6860832076
0.871,-2,-2,-3.442384,-72.01,-2.994522171,196.385,-1.859360911,0.7092020846
0.872,-2.21,-2.21,-3.831142892,-78.79,-3.150732189,195.801,-1.875294178,0.7622608025
0.873,-2.37,-2.37,-4.13082359,-84.05,-3.264287485,194.558,-1.909365751,0.7984345687
0.874,-2.42,-2.42,-4.225091649,-85.67,-3.298125237,190.687,-2.016884587,0.7949358117
0.875,-2.38,-2.38,-4.149653665,-84.64,-3.276668168,188.344,-2.083028041,0.7742329981
0.876,-2.34,-2.34,-4.074403975,-83.44,-3.251416159,189.146,-2.060295219,0.7670604981
0.877,-2.35,-2.35,-4.093198745,-83.83,-3.259653779,188.715,-2.072499977,0.7676445452
0.878,-2.4,-2.4,-4.18734912,-85.33,-3.291063938,193.169,-1.947697782,0.7993013127
0.879,-2.43,-2.43,-4.243980566,-86.19,-3.308884612,193.963,-1.925752265,0.810749755
0.88,-2.4,-2.4,-4.18734912,-85.36,-3.291687842,196.722,-1.850188088,0.8143621467
0.881,-2.32,-2.32,-4.036849741,-82.98,-3.241661084,197.136,-1.838940883,0.7945613074
0.882,-2.21,-2.21,-3.831142892,-79.77,-3.172350027,197.64,-1.82528047,0.7665918667
0.883,-2.09,-2.09,-3.60835946,-76.41,-3.097269057,198.838,-1.792949196,0.7378728869
0.884,-1.99,-1.99,-3.424001124,-73.23,-3.023548711,200.316,-1.753328718,0.716786473
0.885,-1.9,-1.9,-3.25908482,-70.77,-2.964573561,199.373,-1.778573643,0.6871144158
0.886,-1.86,-1.86,-3.186094663,-69.56,-2.934900992,197.707,-1.823467127,0.669577171
0.887,-1.87,-1.87,-3.20432455,-69.9,-2.943284345,196.977,-1.843257665,0.6694445683
0.888,-1.92,-1.92,-3.295650509,-71.41,-2.980088036,194.068,-1.922856878,0.6721777557
0.889,-1.96,-1.96,-3.368923107,-72.8,-3.013366796,194.853,-1.901259918,0.6854891131
0.89,-1.97,-1.97,-3.387270678,-73.21,-3.023076297,194.711,-1.905160176,0.6873190231
0.891,-1.96,-1.96,-3.368923107,-72.89,-3.015502249,192.576,-1.964146745,0.6765382684
0.892,-1.94,-1.94,-3.332263271,-72.29,-3.001221955,192.978,-1.952990327,0.6726121291
0.893,-1.92,-1.92,-3.295650509,-71.64,-2.98563368,194.734,-1.904528251,0.6739348421
0.894,-1.89,-1.89,-3.240819628,-70.9,-2.967734903,196.129,-1.866339516,0.6704116129
0.895,-1.86,-1.86,-3.186094663,-70.04,-2.946725886,197.358,-1.832919498,0.6665964538
0.896,-1.84,-1.84,-3.149670195,-69.2,-2.925985106,194.889,-1.900271572,0.6526114141
0.897,-1.82,-1.82,-3.113292801,-68.7,-2.913534006,198.883,-1.791738548,0.6616604596
0.898,-1.83,-1.83,-3.131475614,-69.17,-2.925240275,196.561,-1.854568394,0.6551466452
0.899,-1.84,-1.84,-3.149670195,-69.22,-2.926481502,198.734,-1.795748186,0.666987928
0.9,-1.7,-1.7,-2.89601698,-65.04,-2.819892826,201.5,-1.721799768,0.6376514746
0.901,-1.43,-1.431192661,-2.415455681,-57,-2.597181069,207.164,-1.573490445,0.5791527031
0.902,-1.2,-1.202003339,-2.012437599,-49.95,-2.379932558,213.82,-1.404303171,0.5317949893
0.903,-1.14,-1.142857143,-1.909435429,-47.81,-2.309465044,216.684,-1.333118578,0.5241981041
0.904,-1.2,-1.204013378,-2.015945284,-50.08,-2.384142643,218.098,-1.298319867,0.5474448901
0.905,-1.23,-1.235146444,-2.070335778,-51.04,-2.414986594,219.475,-1.264647888,0.5626471292
0.906,-1.17,-1.175879397,-1.966892404,-49.1,-2.352207112,220.761,-1.233391382,0.5485534441
0.907,-1.12,-1.126571668,-1.881146814,-47.68,-2.305112688,221.022,-1.227069952,0.5325734838
0.908,-1.13,-1.137583893,-1.900272135,-48.01,-2.316144783,220.154,-1.248121895,0.53314533
0.909,-1.17,-1.17884131,-1.972052247,-49.19,-2.355159087,217.858,-1.30421037,0.5389049316
0.91,-1.19,-1.2,-2.00894208,-49.98,-2.380904825,211.664,-1.458522361,0.5232400519
0.911,-1.21,-1.221194281,-2.045946784,-50.55,-2.39929726,207.392,-1.567605594,0.5157541939
0.912,-1.24,-1.252525253,-2.10074674,-51.62,-2.433413615,205.266,-1.622732119,0.5179169779
0.913,-1.28,-1.294018534,-2.173499057,-53.17,-2.481903844,202.971,-1.682885311,0.5218749321
0.914,-1.33,-1.345699831,-2.264397896,-54.82,-2.532343258,199.972,-1.7625241,0.5272334876
0.915,-1.37,-1.387341772,-2.337867839,-56.42,-2.580126957,196.922,-1.844751703,0.5283462031
0.916,-1.42,-1.439189189,-2.429628784,-58.08,-2.628565725,193.554,-1.937045452,0.5321584975
0.917,-1.47,-1.49112426,-2.521862017,-59.83,-2.67841794,189.681,-2.04518409,0.53388537
0.918,-1.52,-1.543147208,-2.614569543,-61.64,-2.728715816,185.784,-2.156244767,0.5352283806
0.919,-1.57,-1.595258256,-2.707753374,-63.42,-2.77697356,183.826,-2.212928288,0.5426466205
0.92,-1.63,-1.657627119,-2.819700137,-65.21,-2.824342898,182.588,-2.249080428,0.5557786046
0.921,-1.68,-1.709923664,-2.913920806,-67.28,-2.877733715,185.584,-2.162007246,0.5781886069
0.922,-1.76,-1.79286927,-3.064020778,-69.91,-2.94353037,191.459,-1.995268736,0.6203979373
0.923,-1.84,-1.87595582,-3.215187534,-72.81,-3.013604183,190.356,-2.026179341,0.637961436
0.924,-1.9,-1.93877551,-3.330020321,-74.81,-3.060517716,195.313,-1.888644769,0.67284522
0.925,-1.92,-1.960851064,-3.370484144,-75.4,-3.074148306,194.491,-1.911208449,0.6760768205
0.926,-1.89,-1.931856899,-3.31735052,-74.49,-3.053085713,202.945,-1.683570674,0.7003570132
0.927,-1.78,-1.820971867,-3.115059412,-71.29,-2.977188417,207.776,-1.557708875,0.6869084815
0.928,-1.61,-1.648464164,-2.803224732,-66.42,-2.855728556,211.38,-1.465705539,0.6486792741
0.929,-1.46,-1.496157131,-2.530816931,-61.66,-2.729264596,213.046,-1.423704597,0.6093993992
0.93,-1.36,-1.394871795,-2.351175039,-58.76,-2.648082413,214.672,-1.3830276,0.5832574728
0.931,-1.34,-1.375534645,-2.317015494,-58.03,-2.627123284,219.965,-1.252716789,0.5971935571
0.932,-1.31,-1.345890411,-2.264733675,-57.24,-2.604196961,222.681,-1.187062599,0.5973565354
0.933,-1.24,-1.275064267,-2.140240423,-54.93,-2.535663524,227.157,-1.080591423,0.5918389201
0.934,-1.13,-1.162950257,-1.944381098,-51.64,-2.434046262,229.5,-1.02569175,0.5620024092
0.935,-1.03,-1.060944206,-1.767465231,-48.29,-2.325463557,230.888,-0.9934327754,0.5325460797
0.936,-0.94,-0.9690721649,-1.609173542,-45.6,-2.234332051,232.23,-0.9624267679,0.5033765864
0.937,-0.89,-0.9183147034,-1.522146543,-43.81,-2.171659624,233.634,-0.9301794908,0.4907238857
0.938,-0.83,-0.8571428571,-1.417666286,-41.72,-2.096356842,235.208,-0.8942572328,0.4740385253
0.939,-0.69,-0.7131782946,-1.173515512,-37.15,-1.92336646,237.166,-0.8499052575,0.4231520136
0.94,-0.44,-0.4551724138,-0.7420636058,-28.26,-1.551545578,239.494,-0.797646209,0.3158803848
0.941,-0.15,-0.1553062985,-0.2504541639,-16.85,-0.9981203935,241.992,-0.7421329857,0.1439182173
0.942,-4.440892099e-15,-4.601960724e-15,-7.37604422e-15,-9.78,-0.6073287432,244.736,-0.681809538,5.721685817e-15
0.943,-0.04,-0.04148660328,-0.06662537548,-11.93,-0.730280995,247.067,-0.6310943395,0.0489397551
0.944,-0.19,-0.1972318339,-0.3185518006,-18.86,-1.102300896,249.538,-0.5778529944,0.1895967997
0.945,-0.28,-0.2909090909,-0.4714547412,-23.01,-1.308167003,251.183,-0.5427005575,0.2547209488
0.946,-0.24,-0.2495667244,-0.4038471278,-21.48,-1.233691807,253.095,-0.5021306773,0.2326546243
0.947,-0.13,-0.1352992194,-0.2180305353,-17.12,-1.012288247,254.91,-0.4639015602,0.1476981714
0.948,-0.03,-0.03125,-0.05016708789,-12.29,-0.7505114797,256.851,-0.4233185545,0.04273794879
0.949,0.07,0.07298001738,0.1167106443,-7.44,-0.4692918355,259.884,-0.360513688,-0.1406481893
0.95,0.18,0.187826087,0.2991047674,-1.54,-0.1010373766,263.083,-0.2950607494,-0.7551279537
0.951,0.29,0.3028720627,0.4802601113,2.19,0.1472958702,264.36,-0.2691547715,-3.941116375
0.952,0.4,0.4181184669,0.6601693686,4.89,0.334848915,266.25,-0.2310418722,6.359581686
0.953,0.51,0.5335658239,0.8388251917,7.61,0.5305942766,265.971,-0.2366510087,2.853697579
0.954,0.51,0.5340314136,0.8395425204,7.83,0.5467300784,265.027,-0.2556733226,2.884463267
0.955,0.28,0.2934497817,0.4654820246,1.78,0.1193938454,258.973,-0.3793005792,-1.790957925
0.956,-0.18,-0.1888111888,-0.3048579493,-14.68,-0.882267665,249.806,-0.5721102593,0.2096139829
0.957,-0.62,-0.6509186352,-1.068684304,-30.5,-1.649855876,242.444,-0.7321494143,0.4486490052
0.958,-0.79,-0.8301225919,-1.371656446,-36.64,-1.903326477,235.353,-0.8909601044,0.490878944
0.959,-0.71,-0.7467134093,-1.230170102,-33.81,-1.789341574,226.523,-1.095544263,0.4264189889
0.96,-0.61,-0.6421052632,-1.053881434,-30.32,-1.642074484,219.053,-1.274944612,0.3612871221
0.961,-0.65,-0.6848112379,-1.125695221,-31.85,-1.707566127,213.363,-1.415750026,0.3604166745
0.962,-0.81,-0.8541300527,-1.412531856,-37.24,-1.926887284,205.888,-1.606544984,0.3997619734
0.963,-0.98,-1.034300792,-1.721457478,-43.49,-2.16028018,208.813,-1.531073695,0.4663485368
0.964,-1.13,-1.193661972,-1.997886303,-48.78,-2.341679655,209.703,-1.508319453,0.5189316276
0.965,-1.21,-1.279295154,-2.147660601,-51.57,-2.431831192,209.029,-1.525542417,0.5426984696
0.966,-1.19,-1.259259259,-2.112540049,-50.89,-2.410195624,208.736,-1.533046877,0.5357367824
0.967,-1.08,-1.143865843,-1.911188613,-47.31,-2.292679647,208.942,-1.527769605,0.500252323
0.968,-0.94,-0.9964664311,-1.656268784,-42.78,-2.134839209,207.402,-1.567347635,0.4473757955
0.969,-0.83,-0.8806366048,-1.457741038,-39.17,-2.00127342,209.935,-1.502403878,0.4160603028
0.97,-0.76,-0.807079646,-1.332487027,-36.69,-1.905297862,209.011,-1.526003139,0.388332888
0.971,-0.71,-0.7546501329,-1.243597857,-34.93,-1.835021833,213.499,-1.412340962,0.3829562435
0.972,-0.66,-0.7021276596,-1.15487544,-33.4,-1.772429985,222.112,-1.200750547,0.3884309839
0.973,-0.62,-0.6601597161,-1.084215368,-31.92,-1.710527437,228.998,-1.037406964,0.3945564958
0.974,-0.59,-0.6287744227,-1.03150843,-30.66,-1.656755457,234.89,-0.9014952992,0.4032084921
0.975,-0.55,-0.5866666667,-0.9609768021,-29.45,-1.604173865,236.324,-0.8689329233,0.3885706863
0.976,-0.51,-0.5444839858,-0.8905288918,-27.87,-1.534097712,237.14,-0.8504917987,0.3734516519
0.977,-0.45,-0.4808548531,-0.7846601328,-25.63,-1.431942035,235.607,-0.8851893377,0.3386342881
0.978,-0.37,-0.3957219251,-0.6437576853,-22.43,-1.280127407,239.638,-0.7944303936,0.3103107973
0.979,-0.3,-0.3211418376,-0.5210220036,-19.5,-1.134852121,238.717,-0.8150316462,0.2672066984
0.98,-0.29,-0.3107142857,-0.5039136477,-19,-1.109446888,236.164,-0.8725562959,0.2542446206
0.981,-0.35,-0.3753351206,-0.6101423209,-21.31,-1.225315202,231.763,-0.973196115,0.2775252127
0.982,-0.48,-0.5152057245,-0.8417553412,-25.88,-1.443508978,226.887,-1.086954244,0.3326487159
0.983,-0.61,-0.6553267681,-1.076091599,-30.67,-1.657186144,222.539,-1.190475294,0.3778860734
0.984,-0.71,-0.7634408602,-1.258479113,-34.09,-1.800832412,218.059,-1.299276632,0.4059467246
0.985,-0.77,-0.8286995516,-1.369235689,-36.18,-1.885121286,217.036,-1.324434633,0.426612193
0.986,-0.8,-0.8617594255,-1.425535927,-37.35,-1.931184161,215.463,-1.363350733,0.4326971706
0.987,-0.83,-0.8948787062,-1.482066303,-38.23,-1.965308913,215.742,-1.356427574,0.4461721477
0.988,-0.84,-0.9064748201,-1.501889897,-38.62,-1.980291037,215.889,-1.352783489,0.4506019548
0.989,-0.81,-0.8748874887,-1.447928409,-37.75,-1.946750432,212.614,-1.434563972,0.4282146632
0.99,-0.75,-0.8108108108,-1.338825186,-35.46,-1.856376878,216.946,-1.326653619,0.4206133707
0.991,-0.65,-0.703336339,-1.156913525,-32,-1.713908066,219.777,-1.25729129,0.3893759342
0.992,-0.55,-0.59566787,-0.9760365258,-28.6,-1.566675717,222.666,-1.187422992,0.3543941699
0.993,-0.51,-0.5528455285,-0.9044765893,-26.77,-1.484347965,224.467,-1.144324397,0.3440811424
0.994,-0.52,-0.5641952984,-0.9234220443,-27.19,-1.503437456,227.495,-1.072636767,0.3584609621
0.995,-0.58,-0.6298642534,-1.033336696,-29.47,-1.605050575,230.791,-0.9956808742,0.3973254125
0.996,-0.67,-0.7282608696,-1.198979803,-32.46,-1.733269745,233.371,-0.936205337,0.449144407
0.997,-0.75,-0.8159564823,-1.347568867,-35.15,-1.843906461,233.178,-0.9406316676,0.4839469976
0.998,-0.81,-0.8820326679,-1.460124434,-37.47,-1.935863705,232.095,-0.9655377355,0.5032479868
0.999,-0.87,-0.9482288828,-1.573399678,-39.54,-2.015293156,229.912,-1.016096004,0.5190358597
1,-0.93,-1.014545455,-1.687397969,-41.61,-2.092328755,226.771,-1.089690225,0.5302916103
1.001,-0.99,-1.080982712,-1.802122693,-43.5,-2.160636602,223.045,-1.178324493,0.5397255738
1.002,-1.02,-1.114754098,-1.860638697,-44.71,-2.203377687,218.926,-1.278047272,0.5344474517
1.003,-1.03,-1.126709207,-1.881385595,-44.94,-2.211416083,216.079,-1.348077122,0.5285543436
1.004,-1,-1.094890511,-1.826204614,-44.07,-2.180865926,211.915,-1.452181866,0.5026646273
1.005,-1.01,-1.106849315,-1.846929972,-44.2,-2.185455846,210.132,-1.497385868,0.501495887
1.006,-1.08,-1.18464351,-1.982163046,-46.96,-2.280856301,208.329,-1.543488658,0.5183013214
1.007,-1.2,-1.31747484,-2.214715856,-51.05,-2.415305621,210.474,-1.488685562,0.5672953017
1.008,-1.31,-1.43956044,-2.430286974,-54.65,-2.52720162,211.458,-1.463731733,0.6089520317
1.009,-1.35,-1.48487626,-2.510749188,-56.26,-2.57539756,214.032,-1.399001338,0.6317305465
1.01,-1.35,-1.486238532,-2.513171763,-56.09,-2.570360749,215.849,-1.353774831,0.640439585
1.011,-1.31,-1.443526171,-2.437318828,-54.85,-2.533249305,219.884,-1.254687238,0.6434423598
1.012,-1.21,-1.334558824,-2.244776132,-51.8,-2.43910083,221.737,-1.209790786,0.6151939736
1.013,-1.06,-1.170193192,-1.956989562,-46.9,-2.278823328,223.984,-1.155848737,0.5697747921
1.014,-0.86,-0.9502762431,-1.576911351,-40.68,-2.058010061,227.622,-1.069650941,0.5041823109
1.015,-0.67,-0.7410138249,-1.220531826,-34.02,-1.797964144,231.443,-0.9805880757,0.4392689895
1.016,-0.58,-0.6420664207,-1.053816215,-30.86,-1.665357204,235.083,-0.8971012167,0.4112520251
1.017,-0.65,-0.7202216066,-1.185403581,-33.27,-1.767046425,238.465,-0.8206823209,0.458086491
1.018,-0.77,-0.853974122,-1.412266148,-37.78,-1.947914198,240.742,-0.7698398178,0.5196445814
1.019,-0.83,-0.9213691027,-1.527374938,-39.79,-2.024722628,241.266,-0.7582076412,0.5488369417
1.02,-0.73,-0.8111111111,-1.33933538,-36.52,-1.898589211,241.762,-0.7472202826,0.5062100591
1.021,-0.54,-0.6005560704,-0.9842188659,-29.7,-1.615114317,242.661,-0.7273630275,0.4201615303
1.022,-0.35,-0.3896103896,-0.6336753719,-22.57,-1.286917052,246.064,-0.6528575521,0.3266747439
1.023,-0.26,-0.2896935933,-0.469464155,-19,-1.109446888,247.625,-0.6190250064,0.271606473
1.024,-0.33,-0.3680297398,-0.598108539,-21.37,-1.228273985,248.028,-0.6103251681,0.3253066542
1.025,-0.48,-0.5358139535,-0.8760752986,-26.75,-1.483436028,244.631,-0.684105361,0.4041792711
1.026,-0.59,-0.6592178771,-1.082632002,-30.98,-1.670506155,240.492,-0.7753984447,0.4426305107
1.027,-0.57,-0.6374650513,-1.046091444,-30,-1.628190126,236.992,-0.8538317969,0.4214674473
1.028,-0.61,-0.6828358209,-1.122368652,-31.59,-1.696540279,232.147,-0.9643392226,0.4218036374
1.029,-0.89,-0.9971988796,-1.657529196,-41.36,-2.083149618,228.873,-1.040328093,0.5306678481
1.03,-1.22,-1.368224299,-2.304113054,-53,-2.476638538,224.993,-1.131802253,0.6385342552
1.031,-1.42,-1.594013096,-2.705523081,-60.05,-2.684599146,220.57,-1.238022147,0.6897232433
1.032,-1.39,-1.561797753,-2.647883317,-59.28,-2.662881651,215.602,-1.359900441,0.6582219111
1.033,-1.31,-1.473289597,-2.490153055,-56.83,-2.592197003,212.119,-1.447034165,0.61649184
1.034,-1.38,-1.553470919,-2.633004792,-59.17,-2.659760031,206.405,-1.593127577,0.6191098929
1.035,-1.52,-1.712676056,-2.9188886,-64.21,-2.798020152,202.874,-1.685442691,0.6510344129
1.036,-1.66,-1.872180451,-3.20830105,-69.07,-2.92275545,199.477,-1.775783621,0.6828294926
1.037,-1.75,-1.975540922,-3.39744199,-72.26,-3.000505213,198.482,-1.802536433,0.7073521824
1.038,-1.78,-2.011299435,-3.463169773,-73.53,-3.030621398,197.507,-1.828881915,0.7126592059
1.039,-1.76,-1.990574929,-3.425057691,-72.98,-3.017635391,197.356,-1.832973714,0.7061087827
1.04,-1.71,-1.935849057,-3.324660525,-71.28,-2.976946588,190.432,-2.02404377,0.664800427
1.041,-1.64,-1.858356941,-3.18310051,-69.17,-2.925240275,191.232,-2.001615632,0.6460713628
1.042,-1.57,-1.780718336,-3.041981597,-67.14,-2.874168314,198.413,-1.804396623,0.6501954419
1.043,-1.49,-1.691579943,-2.880834983,-64.78,-2.813067275,200.176,-1.757069118,0.630360833
1.044,-1.41,-1.602272727,-2.720320902,-62.21,-2.744297111,203.371,-1.672352308,0.615924119
1.045,-1.35,-1.535545024,-2.601002195,-60.62,-2.700526373,202.995,-1.682252745,0.5934595662
1.046,-1.35,-1.537001898,-2.603601699,-60.65,-2.701361162,200.28,-1.754290285,0.5843369324
1.047,-1.38,-1.572649573,-2.667285775,-61.57,-2.726793898,199.337,-1.779539759,0.5918970894
1.048,-1.38,-1.574144487,-2.669959686,-61.63,-2.72844137,193.782,-1.930747043,0.5730525252
1.049,-1.34,-1.529971456,-2.591059567,-60.34,-2.692718233,194.847,-1.90142466,0.563991941
1.05,-1.29,-1.474285714,-2.491923105,-58.68,-2.645796009,190.491,-2.022386479,0.5338101309
1.051,-1.25,-1.42993327,-2.413224214,-57.72,-2.618157391,190.944,-2.009678935,0.521458419
1.052,-1.25,-1.43129771,-2.415641822,-57.63,-2.615547027,191.43,-1.996079153,0.523815619
1.053,-1.27,-1.455587393,-2.458716613,-58.17,-2.631159558,193.003,-1.952297288,0.5364328052
1.054,-1.28,-1.468451243,-2.481557206,-58.72,-2.646939532,194.73,-1.904638145,0.5452081415
1.055,-1.28,-1.469856459,-2.484053439,-58.68,-2.645796009,196.947,-1.844072543,0.5532574973
1.056,-1.26,-1.448275862,-2.445743201,-58.11,-2.629430702,199.516,-1.774737738,0.555324628
1.057,-1.23,-1.41514861,-2.387041789,-57.01,-2.597473875,202.805,-1.687262603,0.5571035234
1.058,-1.17,-1.347408829,-2.267409109,-55.29,-2.546493313,209.193,-1.521346559,0.5573988112
1.059,-1.08,-1.244956772,-2.087498382,-52.53,-2.462013965,221.632,-1.212324792,0.568128994
1.06,-0.93,-1.073076923,-1.788443646,-47.9,-2.312473353,227.42,-1.074400832,0.5280513972
1.061,-0.74,-0.85466795,-1.413448464,-41.45,-2.086458016,230.425,-1.004171908,0.4573334558
1.062,-0.53,-0.612716763,-1.004586803,-34.45,-1.815536867,234.576,-0.908651942,0.3687654832
1.063,-0.36,-0.4165863067,-0.6782111603,-28.21,-1.549314217,239.715,-0.7927116185,0.289583125
1.064,-0.21,-0.2432432432,-0.3935240073,-22.59,-1.287885884,245.193,-0.6718287012,0.2008067962
1.065,-0.05,-0.05797101449,-0.0931547322,-15.73,-0.9387685842,250.333,-0.5608355895,0.06211954716
1.066,0.17,0.1972920696,0.3140690365,-5.56,-0.3551354707,255.634,-0.4487279313,-0.390699509
1.067,0.42,0.4878993224,0.7683433787,4,0.2722904524,260.389,-0.3501277912,-9.871141419
1.068,0.74,0.8604651163,1.336196068,12.45,0.8963037849,265.42,-0.2477458562,2.060257086
1.069,1.07,1.245392823,1.905733219,19.3,1.453539523,268.728,-0.1814794796,1.498147221
1.07,1.16,1.351456311,2.059599967,21.15,1.612301236,270.466,-0.1469897331,1.405571418
1.071,0.81,0.944606414,1.462180327,14.85,1.086145675,270.088,-0.154472058,1.569412613
1.072,0.12,0.140077821,0.2234613209,-3.99,-0.2575376895,271.522,-0.1261420127,-0.5824163219
1.073,-0.55,-0.6426484907,-1.05479357,-32.26,-1.724867705,269.571,-0.1647227935,0.5582127828
1.074,-0.81,-0.9473684211,-1.571923945,-42.41,-2.121475107,266.683,-0.2223482821,0.6706665492
1.075,-0.54,-0.632195122,-1.037247357,-33.48,-1.775737829,262.704,-0.3027735698,0.4990337594
1.076,-0.1,-0.1171875,-0.1887191656,-16.62,-0.9860086693,259.674,-0.3648385182,0.1397043036
1.077,0.18,0.211143695,0.3359473301,-2.88,-0.1872729021,257.238,-0.415263722,-0.5575550375
1.078,0.22,0.2583170254,0.4102870264,-0.72,-0.04749702857,255.263,-0.456497992,-0.814069603
1.079,0.07,0.08227228208,0.131525977,-6.71,-0.4253131045,251.011,-0.5463652769,-0.1353595794
1.08,-0.11,-0.1294117647,-0.2084982508,-13.81,-0.8348162301,246.489,-0.6436250408,0.1410257241
1.081,-0.24,-0.2826300294,-0.4578997965,-18.55,-1.086426804,244.773,-0.6810007684,0.2590769793
1.082,-0.27,-0.3182711198,-0.5163107758,-19.64,-1.141933154,242.226,-0.7369621738,0.2747948585
1.083,-0.16,-0.1887905605,-0.3048244133,-14.93,-0.8957961546,240.25,-0.7807847022,0.18181313
1.084,-0.09,-0.1062992126,-0.1711165243,-11.78,-0.7218216224,237.906,-0.8332382967,0.1100385408
1.085,-0.29,-0.3428571429,-0.5566911086,-18.86,-1.102300896,235.109,-0.8965095435,0.2785112073
1.086,-0.7,-0.8284023669,-1.368730173,-32.88,-1.750833812,230.299,-1.007098172,0.496288589
1.087,-1.1,-1.303060217,-2.189379194,-46.16,-2.253601936,228.157,-1.05709112,0.6613053996
1.088,-1.31,-1.553359684,-2.63280609,-53.14,-2.480975612,227.892,-1.063308654,0.7428315259
1.089,-1.35,-1.602373887,-2.720502188,-54.56,-2.524474492,228.424,-1.05083396,0.7609139814
1.09,-1.36,-1.615841584,-2.744648075,-55.03,-2.538677405,224.684,-1.139154866,0.7462678756
1.091,-1.37,-1.629335976,-2.768863232,-55.22,-2.544391893,223.767,-1.161034432,0.747245523
1.092,-1.32,-1.571428571,-2.665102,-53.61,-2.495471811,222.737,-1.185717346,0.7239785533
1.093,-1.22,-1.453823237,-2.455585761,-50.73,-2.405073707,221.141,-1.224190245,0.6766071009
1.094,-1.18,-1.407554672,-2.373603545,-49.22,-2.356142214,219.451,-1.265232953,0.6554425971
1.095,-1.23,-1.468656716,-2.481922196,-51.04,-2.414986594,216.659,-1.333735872,0.6620714705
1.096,-1.36,-1.625498008,-2.761973968,-55.52,-2.553383175,214.067,-1.39812654,0.6989667665
1.097,-1.47,-1.758723829,-3.002132478,-59.2,-2.660611859,213.626,-1.409159458,0.7376661352
1.098,-1.47,-1.760479042,-3.005310441,-59.15,-2.659191947,212.491,-1.437659914,0.733565807
1.099,-1.35,-1.618381618,-2.74920443,-55.3,-2.546793344,214.786,-1.380187276,0.7000809772
1.1,-1.12,-1.344,-2.261403175,-48.15,-2.320808953,216.799,-1.330279943,0.619377736
1.101,-0.87,-1.045045045,-1.740000565,-40.06,-2.034867387,220.307,-1.244405108,0.5306056657
1.102,-0.71,-0.8537074148,-1.411811681,-34.7,-1.825702491,223.139,-1.176070266,0.470325969
1.103,-0.69,-0.8304914744,-1.372283997,-33.98,-1.796323806,227.186,-1.079908459,0.4771116763
1.104,-0.74,-0.8915662651,-1.47640658,-35.5,-1.857981814,231.01,-0.9906066102,0.5182941022
1.105,-0.73,-0.8804020101,-1.457340554,-35.17,-1.844712726,236.574,-0.8632763119,0.5381633874
1.106,-0.65,-0.7847082495,-1.29451892,-32.34,-1.728231485,241.675,-0.7491458696,0.5225360267
1.107,-0.56,-0.6767371601,-1.112101508,-29.3,-1.597590361,242.302,-0.7352838394,0.4767087347
1.108,-0.55,-0.6653225806,-1.092896735,-28.79,-1.575098129,243.401,-0.711072912,0.4780467934
1.109,-0.66,-0.7991927346,-1.31909486,-32.52,-1.735785544,242.33,-0.7346656384,0.5339489684
1.11,-0.85,-1.03030303,-1.714561366,-39.16,-2.000893443,238.829,-0.8125221497,0.6094234249
1.111,-1.06,-1.286147624,-2.159683011,-46.33,-2.259420357,236.143,-0.8730320458,0.6894543741
1.112,-1.23,-1.493927126,-2.526848747,-52.09,-2.448232362,231.773,-0.9729652807,0.7385860189
1.113,-1.32,-1.604863222,-2.724963644,-55.46,-2.551588005,226.689,-1.091625126,0.7479561438
1.114,-1.38,-1.679513185,-2.859092254,-57.47,-2.610898169,222.346,-1.195117168,0.7512035559
1.115,-1.44,-1.754314721,-2.994151014,-59.34,-2.664582329,218.044,-1.299644665,0.7552925245
1.116,-1.49,-1.817073171,-3.107973228,-60.94,-2.709412928,214.756,-1.380934584,0.7598310948
1.117,-1.53,-1.86775178,-3.200225045,-62.64,-2.755971177,211.287,-1.468059875,0.7576234658
1.118,-1.62,-1.979633401,-3.404956758,-65.41,-2.829565395,205.126,-1.626382287,0.7641375081
1.119,-1.7,-2.079510703,-3.58896632,-68.44,-2.907027918,199.972,-1.7625241,0.768589001
1.12,-1.74,-2.130612245,-3.683567541,-69.65,-2.937123618,196.859,-1.846463568,0.7700429401
1.121,-1.7,-2.083758938,-3.59681911,-68.52,-2.909032101,189.051,-2.062982972,0.7234127526
1.122,-1.64,-2.012269939,-3.464955754,-66.56,-2.859327706,189.905,-2.038869841,0.7073940406
1.123,-1.61,-1.977482088,-3.401006188,-65.85,-2.841006176,194.821,-1.902138601,0.7170361328
1.124,-1.64,-2.016393443,-3.472545322,-66.65,-2.861637953,194.574,-1.908925797,0.7279108933
1.125,-1.65,-2.030769231,-3.499020508,-67.27,-2.877479259,195.858,-1.873736957,0.7364473326
1.126,-1.63,-2.008213552,-3.457491674,-66.49,-2.857528959,197.141,-1.838805191,0.7362107473
1.127,-1.55,-1.911613566,-3.280311992,-64.08,-2.794572188,198.439,-1.803695606,0.7133799375
1.128,-1.44,-1.777777778,-3.036650667,-60.75,-2.704141287,199.528,-1.774415969,0.6780421669
1.129,-1.36,-1.680741504,-2.861304742,-58.43,-2.638634404,201.713,-1.71614742,0.6570489311
1.13,-1.38,-1.707216495,-2.909035504,-58.87,-2.651222028,203.896,-1.658559138,0.6749845044
1.131,-1.43,-1.770897833,-3.024182011,-60.72,-2.703307654,206.955,-1.578890584,0.7062218614
1.132,-1.4,-1.73553719,-2.960185129,-59.98,-2.682634453,210.53,-1.487262298,0.7098941068
1.133,-1.25,-1.551189245,-2.628929283,-55.16,-2.542588998,211.434,-1.46433898,0.656095966
1.134,-1.01,-1.254658385,-2.104481931,-47.84,-2.310468255,211.846,-1.453924122,0.5590495679
1.135,-0.82,-1.019689119,-1.696261565,-41.69,-2.095258922,212.893,-1.427548106,0.4815085107
1.136,-0.73,-0.9087136929,-1.50571908,-38.45,-1.973770984,214.824,-1.379240836,0.4490646501
1.137,-0.68,-0.8473520249,-1.400984628,-36.85,-1.91159652,216.104,-1.347458171,0.4298745374
1.138,-0.65,-0.8108108108,-1.338825186,-35.73,-1.867191837,218.372,-1.291602795,0.4238405285
1.139,-0.62,-0.7741935484,-1.27669401,-34.68,-1.824890619,221.395,-1.218048823,0.4195594538
1.14,-0.59,-0.7375,-1.214591682,-33.65,-1.782754074,224.53,-1.142823051,0.4151631046
1.141,-0.57,-0.7132429614,-1.173624633,-33.1,-1.759990826,225.118,-1.128830764,0.406264145
1.142,-0.6,-0.751565762,-1.23837868,-33.96,-1.795503274,226.085,-1.105898922,0.4268207564
1.143,-0.68,-0.8526645768,-1.410034774,-37.14,-1.922974969,225.662,-1.115918029,0.4639961905
1.144,-0.78,-0.9790794979,-1.626367552,-40.95,-2.068022205,225.938,-1.109378613,0.5118547031
1.145,-0.81,-1.017801047,-1.693007666,-42.27,-2.116399338,227.431,-1.074142066,0.5306333474
1.146,-0.75,-0.9433962264,-1.565112567,-40.06,-2.034867387,228.953,-1.038458387,0.5092569685
1.147,-0.62,-0.7806925498,-1.287709822,-35.69,-1.865592339,228.75,-1.043204041,0.4426950717
1.148,-0.5,-0.6302521008,-1.03398737,-31.59,-1.696540279,230.063,-1.012583421,0.3816685706
1.149,-0.41,-0.5173501577,-0.8453242478,-28.19,-1.548421217,230.764,-0.9963068018,0.3321864819
1.15,-0.29,-0.3663157895,-0.5952861456,-23.71,-1.341697053,231.032,-0.9900971327,0.2552910326
1.151,-0.16,-0.2023182297,-0.3268274598,-18.47,-1.082318874,237.184,-0.8494992282,0.1691812803
1.152,-0.08,-0.1012658228,-0.162983968,-14.99,-0.8990359156,238.884,-0.8112902385,0.0952940862
1.153,-0.08,-0.1013727561,-0.1631567114,-14.75,-0.88606044,238.18,-0.8270801649,0.09523836566
1.154,-0.11,-0.1395348837,-0.2248909551,-16.3,-0.9690918569,239.171,-0.8048664999,0.1267735256
1.155,-0.17,-0.2158730159,-0.3488962133,-18.49,-1.083346295,241.596,-0.7508949917,0.190212823
1.156,-0.26,-0.3305084746,-0.536400639,-22.41,-1.27915634,244.061,-0.6965856201,0.2714932667
1.157,-0.39,-0.4962884411,-0.8102954007,-27.89,-1.534994891,244.795,-0.6805199363,0.365736844
1.158,-0.5,-0.6369426752,-1.045214638,-32.15,-1.720236044,248.016,-0.6105840161,0.4484321443
1.159,-0.5,-0.6376195537,-1.046350782,-32.28,-1.725709021,249.771,-0.5728598935,0.4552183646
1.16,-0.38,-0.485106383,-0.7917191481,-27.94,-1.537236694,251.725,-0.5311688216,0.3827678576
1.161,-0.19,-0.2428115016,-0.3928193581,-20.38,-1.179126991,252.242,-0.520192107,0.2311627984
1.162,-0.02,-0.02558635394,-0.04106644483,-12.98,-0.7890036076,252.75,-0.5094283685,0.03162772143
1.163,0.04,0.05122732124,0.08198900399,-10.46,-0.6466132496,252.501,-0.5147015895,-0.07060015185
1.164,-0.06,-0.07692307692,-0.1236949467,-14.5,-0.8724976531,252.688,-0.5107408935,0.08942416119
1.165,-0.22,-0.2823529412,-0.4574462716,-21.86,-1.25234219,252.955,-0.5050908592,0.2602922892
1.166,-0.36,-0.4625267666,-0.7542534989,-27.79,-1.530506376,253.62,-0.4910445599,0.3731063538
1.167,-0.41,-0.5273311897,-0.8619424578,-29.86,-1.622095229,254.269,-0.477371683,0.410553009
1.168,-0.37,-0.4763948498,-0.7772572655,-28.54,-1.564011148,254.643,-0.4695082395,0.3822226975
1.169,-0.26,-0.3351235231,-0.5439816644,-24.36,-1.372529991,252.25,-0.5200224313,0.2874328119
1.17,-0.09,-0.1161290323,-0.1870073727,-17.36,-1.024836452,249.071,-0.5878746776,0.1159583816
1.171,0.08,0.1033369214,0.1650732348,-9.35,-0.5822956888,246.991,-0.6327403001,-0.1358587205
1.172,0.19,0.2456896552,0.390413424,-3.92,-0.2531376369,244.654,-0.6836023822,-0.4167788459
1.173,0.21,0.2718446602,0.4315566919,-2.46,-0.1604107785,243.818,-0.7019150157,-0.5004566658
1.174,0.17,0.2203023758,0.3504008352,-4.18,-0.2694597005,242.987,-0.720180458,-0.3540689332
1.175,0.07,0.09081081081,0.145130615,-8.26,-0.5181705062,243.219,-0.7150748028,-0.1176818707
1.176,-0.11,-0.1428571429,-0.2302734286,-14.8,-0.8887672793,243.463,-0.7097103139,0.1440579646
1.177,-0.33,-0.429035753,-0.6987934078,-23.3,-1.322099131,244.691,-0.6827933415,0.3485440827
1.178,-0.52,-0.6767895879,-1.112189752,-30.25,-1.63904284,246.012,-0.6539882718,0.4850303804
1.179,-0.58,-0.7557003257,-1.245375183,-32.39,-1.73033184,245.905,-0.656315697,0.5218094265
1.18,-0.49,-0.6391304348,-1.048886999,-29.1,-1.588789859,246.404,-0.6454702689,0.4694560791
1.181,-0.35,-0.4570184984,-0.745122906,-23.74,-1.343126497,246.855,-0.6356869678,0.3765503516
1.182,-0.31,-0.4052287582,-0.6594500208,-22.06,-1.262117344,247.559,-0.620451143,0.3502927119
1.183,-0.42,-0.5496183206,-0.899092383,-26.06,-1.451811216,247.03,-0.6318955992,0.4314869907
1.184,-0.64,-0.8384279476,-1.385789577,-34.05,-1.799193764,247.797,-0.6153101934,0.5739438004
1.185,-0.86,-1.127868852,-1.883398939,-42.07,-2.10913,246.157,-0.6508358992,0.6823993512
1.186,-1.01,-1.326039387,-2.229781389,-47.28,-2.291668598,243.376,-0.711622445,0.742445989
1.187,-1.09,-1.43263965,-2.418019777,-49.96,-2.380256694,238.912,-0.8106631926,0.7577814117
1.188,-1.11,-1.460526316,-2.467483686,-50.96,-2.412432712,233.865,-0.9248924202,0.7393596932
1.189,-1.13,-1.488474204,-2.517148008,-51.42,-2.427077018,230.305,-1.00695879,0.7329999305
1.19,-1.14,-1.503296703,-2.543525383,-51.74,-2.437206744,225.051,-1.130423277,0.712945392
1.191,-1.13,-1.491749175,-2.522973757,-51.67,-2.434994889,219.274,-1.26954978,0.681048275
1.192,-1.12,-1.480176211,-2.502392606,-51.33,-2.424219533,215.075,-1.372993554,0.6590076851
1.193,-1.11,-1.468577729,-2.481781887,-50.89,-2.410195624,214.544,-1.386218535,0.6537173721
1.194,-1.09,-1.443708609,-2.437642364,-50.39,-2.394149901,212.102,-1.447462951,0.6345361853
1.195,-1.08,-1.432044199,-2.416964595,-49.91,-2.378635538,208.909,-1.528614643,0.61858455
1.196,-1.06,-1.407079646,-2.372763164,-49.27,-2.357779802,206.115,-1.600649638,0.5994203508
1.197,-1.02,-1.355481728,-2.281638008,-47.9,-2.312473353,205.332,-1.621012188,0.5800550134
1.198,-0.93,-1.237250554,-2.074015844,-45.27,-2.22290193,204.648,-1.638863807,0.5370641271
1.199,-0.8,-1.065482797,-1.77531078,-40.95,-2.068022205,204.302,-1.64791675,0.4777556364
1.2,-0.67,-0.8933333333,-1.479425678,-36.57,-1.900564092,205.041,-1.628599677,0.419200064
1.201,-0.63,-0.8409343715,-1.390056326,-35.1,-1.841889758,205.923,-1.605635586,0.4032040919
1.202,-0.72,-0.9621380846,-1.597266726,-38.25,-1.96607933,206.459,-1.591728085,0.4489469326
1.203,-0.89,-1.190635452,-1.992608643,-44.74,-2.20442772,206.871,-1.581062512,0.5263806062
1.204,-1.05,-1.40625,-2.371295479,-50.57,-2.399939836,207.827,-1.556395843,0.5993666036
1.205,-1.11,-1.488268156,-2.516781518,-52.92,-2.474156267,207.786,-1.557451392,0.6242625104
1.206,-1.09,-1.463087248,-2.472030722,-52.3,-2.45482091,207.831,-1.556292874,0.6162953373
1.207,-1.05,-1.410974244,-2.379653985,-50.82,-2.407956254,208.114,-1.549012824,0.6013830127
1.208,-1.03,-1.385650224,-2.334879422,-50.28,-2.390604118,208.326,-1.5435657,0.593487198
1.209,-1.06,-1.427609428,-2.409107175,-51.23,-2.42104016,208.873,-1.529536655,0.6098115003
1.21,-1.11,-1.496629213,-2.531657054,-53.14,-2.480975612,208.522,-1.538534609,0.6298421735
1.211,-1.15,-1.552305962,-2.630923877,-54.55,-2.52417126,212.384,-1.440354588,0.6636162754
1.212,-1.14,-1.540540541,-2.609916749,-54.39,-2.519313618,213.2,-1.419838754,0.6625579573
1.213,-1.09,-1.474633596,-2.492541301,-52.83,-2.471360276,213.534,-1.411463981,0.6419402827
1.214,-1.01,-1.367945824,-2.303621682,-50.37,-2.393505636,217.457,-1.314066914,0.6213288211
1.215,-0.93,-1.261016949,-2.115619181,-47.57,-2.301423432,219.685,-1.259531302,0.5941157188
1.216,-0.83,-1.126696833,-1.881364112,-44.43,-2.193554939,222.256,-1.19728315,0.5548374951
1.217,-0.71,-0.9648924122,-1.601995626,-40.67,-2.057638472,225.085,-1.129615077,0.502625725
1.218,-0.58,-0.7891156463,-1.301994371,-36.15,-1.88392969,227.851,-1.064271258,0.4416233472
1.219,-0.45,-0.6129398411,-1.004960599,-31.69,-1.700785973,227.403,-1.074800768,0.3620714077
1.22,-0.36,-0.4909090909,-0.8013570902,-28.46,-1.560454755,227.358,-1.075859566,0.3039687202
1.221,-0.32,-0.4368600683,-0.711738417,-26.97,-1.493452755,229.336,-1.029516211,0.2821035164
1.222,-0.33,-0.4510250569,-0.7351921386,-27.05,-1.497087256,232.41,-0.958281623,0.2994222761
1.223,-0.34,-0.4652223489,-0.7587230402,-27.49,-1.517001501,235.401,-0.8898690887,0.3152321705
1.224,-0.32,-0.4383561644,-0.7142144673,-26.75,-1.483436028,236.914,-0.8555929057,0.3053465723
1.225,-0.25,-0.3428571429,-0.5566911086,-24.18,-1.36402063,240.036,-0.7855522785,0.2589775421
1.226,-0.13,-0.1784897025,-0.2880842881,-19.21,-1.120139165,244.355,-0.6901447984,0.1591376237
1.227,0,0,0,-13.44,-0.8144595062,247.951,-0.6119863272,-0
1.228,0.07,0.09633027523,0.1539203413,-10.57,-0.6529333971,249.635,-0.5757737553,-0.1252701598
1.229,0.02,0.02755453502,0.04413924141,-12.69,-0.7728709424,252.14,-0.5223559431,-0.03407838572
1.23,-0.1,-0.1379310345,-0.2222929845,-18.5,-1.083859896,254.586,-0.4707059325,0.142993613
1.231,-0.21,-0.2899884925,-0.4699470871,-23.28,-1.321140165,259.225,-0.3740971624,0.2772161039
1.232,-0.21,-0.2903225806,-0.4704942081,-23.26,-1.320180922,264.008,-0.2762831377,0.2947101786
1.233,-0.1,-0.1384083045,-0.2230660514,-18.77,-1.097699508,265.875,-0.2385823949,0.1669303841
1.234,0.07,0.09699769053,0.1549829547,-11.41,-0.7008794776,267.181,-0.2123670855,-0.1697054892
1.235,0.2,0.2774566474,0.4403741677,-4.79,-0.307528872,267.309,-0.2098046428,-0.8512384275
1.236,0.27,0.375,0.5930408438,-1.09,-0.07172820793,267.625,-0.2034838623,-2.154850415
1.237,0.27,0.3754345307,0.5937184296,-0.63,-0.04158482232,268.013,-0.1957331039,-2.501785007
1.238,0.21,0.2923433875,0.4637460493,-2.86,-0.1859971949,269.152,-0.1730448828,-1.291620337
1.239,0.07,0.09756097561,0.1558797383,-8.1,-0.5086763819,267.093,-0.2141294771,-0.2156592068
1.24,-0.15,-0.2093023256,-0.3381956723,-15.96,-0.9510336805,263.731,-0.2818993613,0.2743017348
1.241,-0.4,-0.5587892899,-0.9143962446,-24.58,-1.382900269,256.802,-0.4243392825,0.5059629442
1.242,-0.64,-0.8951048951,-1.482452822,-32.65,-1.741228833,249.276,-0.5834731258,0.6376958631
1.243,-0.89,-1.246207701,-2.089687624,-41.25,-2.079100039,242.657,-0.7274512171,0.7445749009
1.244,-1.17,-1.640186916,-2.788350361,-50.63,-2.401866441,235.239,-0.8935521587,0.8461293391
1.245,-1.4,-1.964912281,-3.377934478,-58.28,-2.634325334,227.802,-1.065421915,0.9130176338
1.246,-1.52,-2.135831382,-3.693246712,-62.42,-2.750006971,221.445,-1.216840712,0.9310281128
1.247,-1.61,-2.264947245,-3.933719665,-65.4,-2.8293046,217.553,-1.311705589,0.9499420396
1.248,-1.73,-2.436619718,-4.25649097,-69.43,-2.931686059,213.12,-1.421846636,0.9777096598
1.249,-1.81,-2.552291422,-4.47592777,-72.31,-3.001699638,213.128,-1.421645814,1.011887454
1.25,-1.76,-2.484705882,-4.347522341,-70.64,-2.961407104,213.249,-1.418609299,0.9925812922
1.251,-1.57,-2.219081272,-3.848071509,-65.17,-2.82329673,214.508,-1.387116328,0.9139415675
1.252,-1.41,-1.995283019,-3.433711366,-60.33,-2.692438809,215.943,-1.351445469,0.8491121727
1.253,-1.37,-1.940968123,-3.334036748,-58.94,-2.653217442,217.08,-1.32335013,0.8384207455
1.254,-1.37,-1.943262411,-3.338240031,-58.99,-2.654641539,218.315,-1.292999447,0.845629084
1.255,-1.34,-1.90295858,-3.264490979,-58.16,-2.630871517,219.97,-1.25259518,0.8406125848
1.256,-1.29,-1.834123223,-3.138976219,-56.45,-2.58101252,221.968,-1.204220192,0.8292690194
1.257,-1.24,-1.765124555,-3.013723287,-54.88,-2.534154962,223.987,-1.155777081,0.8167422198
1.258,-1.19,-1.695961995,-2.888735112,-53.56,-2.493934332,226.001,-1.10788704,0.8020206484
1.259,-1.15,-1.640903686,-2.789638092,-52.13,-2.449488871,225.888,-1.110562697,0.783594855
1.26,-1.09,-1.557142857,-2.639564866,-50.43,-2.395437867,225.421,-1.121634716,0.7505005381
1.261,-1.04,-1.487485101,-2.515388771,-48.61,-2.336066847,223.727,-1.16199087,0.7190815517
1.262,-0.98,-1.403341289,-2.366150463,-46.73,-2.27305349,220.587,-1.237609823,0.6739895719
1.263,-0.92,-1.318996416,-2.217391765,-44.77,-2.205477289,216.397,-1.340209401,0.6253772426
1.264,-0.86,-1.234449761,-2.069117403,-42.75,-2.133758352,214.897,-1.377423145,0.5892937759
1.265,-0.8,-1.149700599,-1.921332138,-40.78,-2.061722923,213.59,-1.410061109,0.5534134958
1.266,-0.74,-1.064748201,-1.774040771,-38.94,-1.992519718,209.923,-1.502709695,0.5075606095
1.267,-0.69,-0.993997599,-1.652020835,-37.2,-1.925323051,210.836,-1.479491855,0.4852013637
1.268,-0.64,-0.9230769231,-1.530298793,-35.54,-1.859585803,211.778,-1.455641683,0.4615969189
1.269,-0.6,-0.8664259928,-1.433493347,-34.05,-1.799193764,213.276,-1.417931965,0.4455820095
1.27,-0.56,-0.8096385542,-1.336833688,-32.85,-1.749582831,215.272,-1.368095413,0.4287914222
1.271,-0.54,-0.7816646562,-1.28935797,-31.96,-1.712218248,221.445,-1.216840712,0.440195294
1.272,-0.52,-0.7536231884,-1.241860003,-31.17,-1.678640148,226.695,-1.091483524,0.4483048952
1.273,-0.49,-0.7110036276,-1.169846175,-30.19,-1.636441812,232.164,-0.9639474594,0.4498734817
1.274,-0.46,-0.6682808717,-1.097872521,-28.92,-1.580847375,235.177,-0.8949623999,0.4434397716
1.275,-0.42,-0.6109090909,-1.001558033,-27.45,-1.515196385,237.741,-0.8369500831,0.4258059802
1.276,-0.37,-0.5388349515,-0.8811105243,-25.82,-1.440736739,240.9,-0.7663297418,0.3992224665
1.277,-0.32,-0.4665856622,-0.7609838737,-23.79,-1.345507527,242.252,-0.7363879476,0.3655245342
1.278,-0.25,-0.3649635036,-0.5930595557,-20.99,-1.209491929,243.446,-0.710083895,0.3089534409
1.279,-0.19,-0.2777101096,-0.4498484484,-18.58,-1.087966071,241.712,-0.7483268571,0.2449764095
1.28,-0.2,-0.2926829268,-0.4743600143,-18.74,-1.096164401,239.725,-0.7924884415,0.2511631591
1.281,-0.27,-0.3956043956,-0.6435637532,-21.35,-1.227288007,235.962,-0.8771343114,0.3058149248
1.282,-0.37,-0.5427872861,-0.8876996701,-24.93,-1.399330515,228.881,-1.040141093,0.3638901421
1.283,-0.47,-0.6903304774,-1.134991961,-28.24,-1.550653229,225.487,-1.120068543,0.4249757399
1.284,-0.56,-0.8235294118,-1.360442685,-31.56,-1.695265355,221.846,-1.207161514,0.4687259133
1.285,-0.71,-1.045398773,-1.740611281,-36.52,-1.898589211,216.278,-1.343152256,0.5369371058
1.286,-0.91,-1.341523342,-2.257040468,-43.68,-2.167043207,210.201,-1.495629404,0.6162277406
1.287,-1.14,-1.682656827,-2.864755038,-51.64,-2.434046262,205.841,-1.607766419,0.7087797639
1.288,-1.34,-1.980295567,-3.406172836,-58.47,-2.639781953,202.398,-1.698010059,0.7852319399
1.289,-1.45,-2.145499383,-3.711185014,-62.4,-2.749463881,203.985,-1.656224388,0.8423621433
1.29,-1.47,-2.177777778,-3.771154987,-62.95,-2.764344966,204.569,-1.640929459,0.856054498
1.291,-1.43,-2.121137206,-3.666003762,-61.73,-2.731184136,206.897,-1.580390154,0.8502703457
1.292,-1.38,-2.04950495,-3.533561672,-60.12,-2.686561925,209.526,-1.512837032,0.8414446228
1.293,-1.33,-1.977695167,-3.401397453,-58.73,-2.647225312,211.46,-1.463681132,0.8274081394
1.294,-1.29,-1.920595533,-3.296740035,-57.38,-2.608278556,213.87,-1.403052265,0.8218569302
1.295,-1.25,-1.863354037,-3.192207723,-56.26,-2.57539756,215.09,-1.372620441,0.8085595663
1.296,-1.27,-1.895522388,-3.250904921,-56.84,-2.592490517,216.677,-1.333291413,0.8280910603
1.297,-1.33,-1.9875467,-3.419493051,-59.07,-2.656918019,218.438,-1.289986074,0.8663734843
1.298,-1.34,-2.004987531,-3.451556915,-59.42,-2.666847679,217.84,-1.304652419,0.8690814125
1.299,-1.25,-1.872659176,-3.209174178,-56.69,-2.588083433,218.763,-1.282032065,0.8292192263
1.3,-1.12,-1.68,-2.859969101,-52.6,-2.464198403,221.231,-1.222013344,0.7758558914
1.301,-1.04,-1.561952441,-2.648159792,-49.97,-2.380580783,223.275,-1.172810512,0.7452485731
1.302,-1.03,-1.54887218,-2.624791186,-49.82,-2.375714473,223.502,-1.167374019,0.7408201044
1.303,-1.03,-1.550815558,-2.628261865,-49.68,-2.371162954,223.272,-1.172882397,0.7415993884
1.304,-0.97,-1.462311558,-2.470653372,-47.8,-2.309130542,225.482,-1.120187176,0.7204504146
1.305,-0.88,-1.328301887,-2.233762697,-45.02,-2.214205664,228.155,-1.057138018,0.6828272767
1.306,-0.79,-1.19395466,-1.998396752,-41.9,-2.102934146,231.163,-0.98706443,0.6467306383
1.307,-0.68,-1.029003783,-1.712320578,-38.39,-1.971465875,234.433,-0.9119143529,0.5938587502
1.308,-0.56,-0.8484848485,-1.40291416,-34.35,-1.811460118,238.195,-0.8267432455,0.5317687709
1.309,-0.45,-0.6826801517,-1.122106528,-30.43,-1.646832218,240.436,-0.7766443693,0.4630152127
1.31,-0.38,-0.5772151899,-0.9451739978,-27.54,-1.519256417,242.538,-0.7300755229,0.420202097
1.311,-0.32,-0.4866920152,-0.7943523925,-25.47,-1.424517135,243.424,-0.7105673916,0.3720472809
1.312,-0.27,-0.4111675127,-0.6692581493,-23.68,-1.34026699,245.431,-0.6666381679,0.3334777165
1.313,-0.26,-0.3964421855,-0.6449462017,-23.21,-1.317781603,244.74,-0.6817220976,0.3225531424
1.314,-0.26,-0.3969465649,-0.6457785248,-23.14,-1.314419647,245.167,-0.6723960394,0.3250319238
1.315,-0.24,-0.3668789809,-0.5962135251,-22.27,-1.272351038,244.264,-0.6921375576,0.3034955389
1.316,-0.22,-0.3367346939,-0.5466288848,-21.63,-1.241065966,242.642,-0.7277819411,0.2776389598
1.317,-0.26,-0.398467433,-0.6482884312,-23.16,-1.315380552,240.712,-0.7705065482,0.3107974689
1.318,-0.43,-0.6598465473,-1.083688875,-29.35,-1.599786467,238.245,-0.8256203339,0.4468070571
1.319,-0.68,-1.044814341,-1.739602258,-39.03,-1.995948625,234.686,-0.9061437483,0.5994303539
1.32,-0.91,-1.4,-2.36024152,-47.52,-2.299744527,230.643,-0.9991127844,0.7154724492
1.321,-1.05,-1.61745828,-2.747548042,-52.73,-2.468249347,227.911,-1.062862628,0.7780971154
1.322,-1.11,-1.712082262,-2.917816785,-54.87,-2.533853119,225.082,-1.129686384,0.7964474745
1.323,-1.11,-1.714285714,-2.921794286,-55,-2.537773694,223.548,-1.166273023,0.7888114024
1.324,-1.09,-1.68556701,-2.869998319,-54.25,-2.515054007,222.376,-1.194395369,0.773699282
1.325,-1.06,-1.641290323,-2.790332738,-53.32,-2.486538973,221.65,-1.211890306,0.7544642679
1.326,-1.04,-1.612403101,-2.738481278,-52.73,-2.468249347,220.393,-1.242317066,0.7380224399
1.327,-1.05,-1.630012937,-2.770078575,-53.19,-2.482522441,218.93,-1.277949523,0.7366305618
1.328,-1.09,-1.694300518,-2.885739472,-54.55,-2.52417126,217.078,-1.323399421,0.7500159742
1.329,-1.12,-1.743190661,-2.974024162,-55.58,-2.555176805,215.982,-1.350479329,0.7614659509
1.33,-1.12,-1.745454545,-2.978119045,-55.67,-2.557864367,213.707,-1.407131297,0.7511027243
1.331,-1.1,-1.716514954,-2.925818918,-55.21,-2.544091518,211.136,-1.471884714,0.7285448792
1.332,-1.08,-1.6875,-2.873481539,-54.5,-2.522654446,209.227,-1.520477098,0.7107069131
1.333,-1.05,-1.642764016,-2.792980594,-53.67,-2.497315323,207.797,-1.557168176,0.6888622422
1.334,-1.02,-1.597911227,-2.712505909,-52.71,-2.467626621,204.173,-1.651295904,0.6585474458
1.335,-0.99,-1.552941176,-2.632058515,-51.74,-2.437206744,201.14,-1.731366629,0.6314051066
1.336,-0.96,-1.507853403,-2.551639454,-50.8,-2.407316014,199.55,-1.77382611,0.6102733124
1.337,-0.93,-1.462647444,-2.471249778,-49.89,-2.377986745,200.744,-1.741909973,0.5998329442
1.338,-0.9,-1.417322835,-2.39089055,-48.97,-2.34793628,200.144,-1.757924433,0.5823116557
1.339,-0.88,-1.387647832,-2.338408584,-48.05,-2.317478381,197.83,-1.820139751,0.5651581439
1.34,-0.85,-1.342105263,-2.258065475,-47.14,-2.286944474,199.872,-1.765200143,0.5572519464
1.341,-0.82,-1.296442688,-2.177755716,-46.28,-2.257710568,202.387,-1.698300831,0.5504927808
1.342,-0.79,-1.250659631,-2.097480409,-45.34,-2.225331147,205.617,-1.613591558,0.5463721386
1.343,-0.75,-1.188903567,-1.989589059,-44.12,-2.182632322,211.839,-1.454100904,0.5470813873
1.344,-0.7,-1.111111111,-1.85432,-42.47,-2.123647225,220.71,-1.234627477,0.5521644786
1.345,-0.62,-0.9854304636,-1.637285521,-39.66,-2.019823652,226,-1.107910712,0.5234733293
1.346,-0.48,-0.7639257294,-1.259300181,-34.81,-1.830163511,232.771,-0.9499779718,0.4529626241
1.347,-0.28,-0.4462151394,-0.7272254558,-27.83,-1.532302568,237.342,-0.845936515,0.3057831574
1.348,-0.08,-0.1276595745,-0.2056620951,-20.02,-1.161081853,242.42,-0.7326790474,0.1085998211
1.349,0.06,0.09587217044,0.1531909476,-13.68,-0.8276758944,245.542,-0.6642190939,-0.102682125
1.35,0.14,0.224,0.3562333358,-9.81,-0.6090696898,246.548,-0.6423446095,-0.2846645879
1.351,0.2,0.3204272363,0.5077661161,-7.17,-0.4530769328,252.038,-0.5245206548,-0.5194019733
1.352,0.26,0.4171122995,0.6586054208,-4.05,-0.2613058477,254.915,-0.4637966223,-0.9082928939
1.353,0.34,0.546184739,0.8582579842,0.27,0.0179292053,257.407,-0.4117500377,-2.179310777
1.354,0.4,0.6434316354,1.007386936,1.8,0.1207514154,258.845,-0.381945524,-3.856851676
1.355,0.37,0.5959731544,0.9347479838,1.05,0.07008766376,257.45,-0.4108563915,-2.743056823
1.356,0.23,0.3709677419,0.5867520786,-3.99,-0.2575376895,256.829,-0.4237768165,-0.8612059092
1.357,0.03,0.04845222073,0.07755538503,-11.63,-0.7133445598,253.234,-0.4991932591,-0.06396120915
1.358,-0.13,-0.2102425876,-0.339726602,-17.88,-1.051878061,249.475,-0.579203861,0.2082829792
1.359,-0.24,-0.3886639676,-0.6321144351,-21.72,-1.24548284,245.688,-0.6610389134,0.331553749
1.36,-0.32,-0.5189189189,-0.8479354259,-24.87,-1.396519814,240.662,-0.7716179502,0.3910892749
1.361,-0.43,-0.698240866,-1.148322661,-28.68,-1.570224845,235.625,-0.8847806219,0.4677474966
1.362,-0.54,-0.8780487805,-1.453323641,-32.94,-1.75333412,231.534,-0.9784849474,0.5319984981
1.363,-0.65,-1.05834464,-1.762972632,-36.88,-1.912775862,226.948,-1.085516056,0.5879923238
1.364,-0.75,-1.222826087,-2.04879807,-40.41,-2.04795787,222.438,-1.192903959,0.6321769264
1.365,-0.85,-1.387755102,-2.338598111,-44.15,-2.183691534,219.008,-1.276043774,0.6759471182
1.366,-0.98,-1.602179837,-2.720154436,-48.77,-2.341349877,215.501,-1.362407266,0.7344311009
1.367,-1.12,-1.833560709,-3.137952826,-53.56,-2.493934332,214.619,-1.384348616,0.8091087908
1.368,-1.21,-1.983606557,-3.412254305,-57.07,-2.599229838,212.399,-1.439976749,0.8447833088
1.369,-1.25,-2.051983584,-3.538134374,-58.51,-2.640928857,210.591,-1.485712387,0.8573884096
1.37,-1.24,-2.038356164,-3.513002798,-58.13,-2.63000715,208.691,-1.534200372,0.8436185708
1.371,-1.21,-1.991769547,-3.427253204,-57.05,-2.598644683,209.675,-1.509033844,0.83435283
1.372,-1.17,-1.928571429,-3.311335929,-55.8,-2.561740305,212.214,-1.444638641,0.826515907
1.373,-1.11,-1.83218707,-3.135453891,-54.22,-2.514140117,216.283,-1.343028574,0.8128900087
1.374,-1.07,-1.768595041,-3.020009862,-52.83,-2.471360276,217.028,-1.324631839,0.7955785392
1.375,-1.06,-1.754482759,-2.994455157,-52.46,-2.459827311,218.36,-1.291896797,0.7981544142
1.376,-1.08,-1.790055249,-3.058915202,-53.39,-2.4886986,219.934,-1.253470826,0.8174176138
1.377,-1.12,-1.858921162,-3.184128657,-54.54,-2.523867984,221.563,-1.21399065,0.851859037
1.378,-1.1,-1.828254848,-3.128301588,-54.2,-2.513530638,222.584,-1.189393571,0.8448192326
1.379,-1.05,-1.747572816,-2.981951091,-52.55,-2.462638316,222.465,-1.192254604,0.8158791943
1.38,-1.01,-1.683333333,-2.865973812,-51.18,-2.419448739,223.548,-1.166273023,0.7992738985
1.381,-0.99,-1.652294854,-2.810111283,-50.58,-2.400261054,224.905,-1.133895172,0.7951293331
1.382,-0.95,-1.587743733,-2.69429635,-49.31,-2.35908901,226.352,-1.099584451,0.7789970286
1.383,-0.83,-1.389121339,-2.341012121,-45.59,-2.2339865,228.933,-1.038925752,0.7152688314
1.384,-0.67,-1.122905028,-1.874781997,-40.15,-2.038239983,232.046,-0.9666673491,0.6239067598
1.385,-0.55,-0.9230769231,-1.530298793,-36.13,-1.883135,235.29,-0.8923924002,0.5513542372
1.386,-0.53,-0.8907563025,-1.475022853,-35.35,-1.851958417,238.358,-0.8230834216,0.5514017882
1.387,-0.56,-0.9424964937,-1.563569995,-36.55,-1.899774315,240.554,-0.7740193666,0.5847758584
1.388,-0.56,-0.9438202247,-1.565839535,-36.61,-1.902142947,242.287,-0.735615048,0.5936251689
1.389,-0.49,-0.8270042194,-1.366352043,-34.41,-1.813906888,243.027,-0.719299825,0.5393764494
1.39,-0.39,-0.6591549296,-1.082526182,-30.65,-1.656324707,243.515,-0.7085677571,0.4577485863
1.391,-0.27,-0.4569816643,-0.7450618613,-26.18,-1.457333993,243.916,-0.6997650733,0.3453999276
1.392,-0.14,-0.2372881356,-0.3838065613,-21.21,-1.220378231,244.638,-0.6839522755,0.2015440912
1.393,-0.01,-0.01697312588,-0.02723349476,-15.8,-0.9425056566,245.503,-0.6650689142,0.01694073498
1.394,0.09,0.1529745042,0.243918868,-10.99,-0.6769763532,246.973,-0.6331302071,-0.1861824644
1.395,0.16,0.2723404255,0.4323357807,-7.66,-0.4824596762,248.346,-0.6034702553,-0.3981249325
1.396,0.18,0.3068181818,0.4864461764,-6.53,-0.4144013617,249.827,-0.5716605292,-0.4933221544
1.397,0.15,0.2560455192,0.4067133976,-7.6,-0.4788723866,251.022,-0.5461308301,-0.3967923134
1.398,0.09,0.1538461538,0.2453008284,-10.23,-0.6333672186,252.232,-0.5204042091,-0.2126078203
1.399,-0.02,-0.03423680456,-0.05496796218,-14.26,-0.8594324604,250.276,-0.5620539056,0.03866935589
1.4,-0.15,-0.2571428571,-0.4162214057,-19.25,-1.12217216,248.033,-0.6102173185,0.2402585624
1.401,-0.29,-0.4978540773,-0.8128974963,-24.6,-1.383841386,243.346,-0.7122819591,0.3878099533
1.402,-0.43,-0.7392550143,-1.217558363,-29.94,-1.625579557,238.197,-0.8266983245,0.4965009767
1.403,-0.56,-0.9641319943,-1.600689977,-34.79,-1.829352954,234.183,-0.9176226519,0.5827099348
1.404,-0.68,-1.172413793,-1.960856409,-39.04,-1.996329333,229.889,-1.016631235,0.6508071926
1.405,-0.79,-1.364028777,-2.296710981,-43.13,-2.147413873,225.3,-1.124507224,0.701945711
1.406,-0.91,-1.573487032,-2.668783682,-47.45,-2.297391987,220.382,-1.242584095,0.753898789
1.407,-1.03,-1.783549784,-3.04711568,-51.83,-2.440047255,217.039,-1.324360682,0.8094541641
1.408,-1.13,-1.959537572,-3.368074949,-55.64,-2.556968897,213.548,-1.411113228,0.8487916436
1.409,-1.21,-2.10130246,-3.62927051,-58.47,-2.639781953,210.124,-1.497589554,0.87719232
1.41,-1.27,-2.208695652,-3.828712223,-60.48,-2.696626096,206.695,-1.585616078,0.8940905413
1.411,-1.31,-2.281567489,-3.964816707,-61.94,-2.736931691,206.616,-1.587661269,0.9168069096
1.412,-1.33,-2.319767442,-4.036413341,-62.9,-2.762996745,207.339,-1.568972987,0.9317732095
1.413,-1.34,-2.340611354,-4.075552663,-63.24,-2.772146596,208.71,-1.53371331,0.9465130663
1.414,-1.34,-2.344023324,-4.081964304,-63.18,-2.770534986,210.033,-1.499907021,0.9558645914
1.415,-1.32,-2.312408759,-4.022607903,-62.71,-2.757865126,212.346,-1.441311903,0.9579514928
1.416,-1.28,-2.245614035,-3.897587472,-61.42,-2.72266926,215.112,-1.372073257,0.9518516625
1.417,-1.2,-2.108345534,-3.642308735,-59.05,-2.656349138,216.764,-1.331143716,0.9134332945
1.418,-1.1,-1.935483871,-3.323991759,-55.75,-2.560250412,218.14,-1.297289695,0.8616868954
1.419,-0.98,-1.726872247,-2.94452547,-52.01,-2.445717156,219.134,-1.272966689,0.7918192546
1.42,-0.85,-1.5,-2.5376565,-48.04,-2.317145055,219.878,-1.254833226,0.7104344708
1.421,-0.72,-1.272459499,-2.135673198,-43.9,-2.17485042,221.766,-1.209091129,0.6311200024
1.422,-0.62,-1.097345133,-1.830457255,-40.36,-2.046091946,220.107,-1.249264172,0.5554656885
1.423,-0.56,-0.9926144756,-1.649641304,-38.29,-1.96761948,223.3,-1.172211508,0.525391752
1.424,-0.53,-0.9408284024,-1.560710342,-37.43,-1.934304779,226.396,-1.098544579,0.5146019988
1.425,-0.48,-0.8533333333,-1.411174263,-35.75,-1.867991233,229.071,-1.035701763,0.4859929289
1.426,-0.35,-0.6231454006,-1.022067583,-31,-1.671363433,232.789,-0.9495642765,0.3899640495
1.427,-0.13,-0.2317979198,-0.3748514156,-22.68,-1.292242177,234.922,-0.900766497,0.170930202
1.428,0.1,0.1785714286,0.284464375,-13.08,-0.794551446,238.095,-0.828989776,-0.1752122897
1.429,0.24,0.4292101341,0.6774019317,-6.21,-0.3949363368,241.849,-0.7452953884,-0.5940914612
1.43,0.28,0.5014925373,0.7893488406,-4.14,-0.2669523509,246.004,-0.6541622498,-0.8569496564
1.431,0.27,0.4843049327,0.7627853684,-4.86,-0.3118773546,249.286,-0.5832585086,-0.8521447969
1.432,0.26,0.4670658683,0.7361074431,-5.24,-0.3354114036,252.23,-0.5204466305,-0.8600812445
1.433,0.27,0.4857571214,0.7650310731,-4.61,-0.2963280737,254.749,-0.4672816635,-1.001861338
1.434,0.3,0.5405405405,0.8495683857,-2.82,-0.1834447491,257.7,-0.4056637288,-1.442125547
1.435,0.38,0.6857142857,1.071880594,0.74,0.04929329924,260.114,-0.3557809772,-3.49730404
1.436,0.53,0.9578313253,1.481906138,4.4,0.300316544,263.907,-0.2783302475,67.40135339
1.437,0.69,1.248868778,1.910796785,8.72,0.612475389,265.527,-0.2455895205,5.208150405
1.438,0.78,1.413897281,2.149564234,11.04,0.7874242588,266.062,-0.2348208591,3.889886011
1.439,0.75,1.361573374,2.07420767,10.36,0.7356080126,265.245,-0.2512744479,4.282601539
1.44,0.68,1.236363636,1.892573392,8.61,0.6043087435,264.418,-0.2679811221,5.627172054
1.441,0.67,1.220030349,1.868743635,8.3,0.5813556798,263.978,-0.2768911083,6.137803245
1.442,0.73,1.331306991,2.030471126,9.89,0.7000555195,263.466,-0.2872778067,4.919042533
1.443,0.8,1.461187215,2.217393712,11.68,0.836603557,263.137,-0.2939627296,4.08630092
1.444,0.81,1.481707317,2.246744481,12.16,0.8737509405,262.383,-0.3093147724,3.980511186
1.445,0.74,1.355725191,2.065765135,10.43,0.7409213337,261.801,-0.3211949567,4.92169482
1.446,0.57,1.04587156,1.612699249,6.11,0.4217921938,262.26,-0.3118233354,14.66505401
1.447,0.3,0.5513016845,0.8661326038,-0.82,-0.05405781652,258.371,-0.3917514879,-1.942832048
1.448,-0.01,-0.01840490798,-0.02953234935,-13.11,-0.7962142848,253.44,-0.4948429271,0.02287454737
1.449,-0.3,-0.5529953917,-0.9047266478,-23.98,-1.354539769,247.113,-0.6300983461,0.4558647952
1.45,-0.55,-1.015384615,-1.688843804,-33.17,-1.76289821,238.292,-0.8245650118,0.6527025348
1.451,-0.78,-1.442218798,-2.43500045,-41.47,-2.087192618,231.023,-0.9903055495,0.7912272625
1.452,-1,-1.851851852,-3.171249383,-49.71,-2.372139063,223.195,-1.174727774,0.8940987999
1.453,-1.21,-2.244204019,-3.894953987,-57.3,-2.605947207,213.941,-1.401276481,0.9719831708
1.454,-1.37,-2.544891641,-4.461842757,-62.83,-2.761107694,206.207,-1.598262184,1.023506351
1.455,-1.45,-2.697674419,-4.753962064,-65.9,-2.84230205,202.453,-1.696556438,1.047391558
1.456,-1.48,-2.757763975,-4.869605431,-66.81,-2.865738335,195.233,-1.890836572,1.023763007
1.457,-1.47,-2.743390358,-4.841904496,-66.43,-2.855985858,195.29,-1.88927482,1.020366388
1.458,-1.43,-2.672897196,-4.706401611,-65.25,-2.82538851,201.634,-1.718243134,1.03582376
1.459,-1.36,-2.546021841,-4.463993604,-63.1,-2.76838413,205.189,-1.624739403,1.016132046
1.46,-1.27,-2.38125,-4.152008252,-60.38,-2.693835541,208.495,-1.539227387,0.9808520031
1.461,-1.18,-2.215962441,-3.842256528,-57.54,-2.612933339,210.027,-1.500059856,0.9341752699
1.462,-1.08,-2.031347962,-3.500086839,-54.74,-2.529925227,212.287,-1.442798598,0.8810294885
1.463,-0.99,-1.864992151,-3.195193826,-51.72,-2.436575014,215.959,-1.351049083,0.8435878916
1.464,-0.86,-1.622641509,-2.756847596,-47.82,-2.309799497,219.757,-1.257778169,0.7727505478
1.465,-0.69,-1.303937008,-2.190919635,-42.3,-2.117487887,222.327,-1.195574358,0.6612974563
1.466,-0.49,-0.927444795,-1.537778321,-35.59,-1.861589459,226.522,-1.095567881,0.5200191076
1.467,-0.33,-0.6255924171,-1.026171196,-29.64,-1.612492258,230.709,-0.997582066,0.3931578449
1.468,-0.24,-0.4556962025,-0.7429315789,-26.3,-1.462847148,235.983,-0.8766581966,0.317559257
1.469,-0.22,-0.4183835182,-0.6811813028,-25.69,-1.434721931,240.709,-0.7705732258,0.3088844143
1.47,-0.24,-0.4571428571,-0.7453290057,-26.57,-1.475216641,246.243,-0.6489670933,0.3508778425
1.471,-0.25,-0.4769475358,-0.7781745057,-27,-1.494816189,249.958,-0.5688559232,0.3770824352
1.472,-0.22,-0.4203821656,-0.6844847924,-25.67,-1.433795568,253.896,-0.4852256295,0.3566843313
1.473,-0.12,-0.2296650718,-0.3713734627,-21.78,-1.248424252,256.798,-0.4244226159,0.2220008716
1.474,0.03,0.05750798722,0.09201991716,-15.74,-0.9393026778,259.392,-0.3706516524,-0.07024666054
1.475,0.16,0.3072,0.4870446298,-9.41,-0.5857976064,260.143,-0.3551845412,-0.5175917854
1.476,0.26,0.5,0.7870435,-4.45,-0.2863488262,260.737,-0.3429824932,-1.250602784
1.477,0.33,0.6356340289,0.9954702807,-0.3,-0.0198458683,260.398,-0.3499428787,-2.691997225
1.478,0.41,0.7909967846,1.23155365,1.87,0.1255057383,260.186,-0.354300293,-5.382792661
1.479,0.49,0.9468599034,1.465543007,3.94,0.2680991864,259.41,-0.3702804125,-14.34258585
1.48,0.54,1.04516129,1.611647718,5.21,0.3575202108,258.636,-0.3862670356,-56.06350368
1.481,0.55,1.066235864,1.642822686,5.36,0.3681799878,257.55,-0.4087787216,-40.46487496
1.482,0.53,1.029126214,1.587892509,4.83,0.3306085758,256.965,-0.4209445529,-17.57763143
1.483,0.51,0.9918962723,1.532621423,4.37,0.298209494,256.469,-0.4312812303,-11.51725727
1.484,0.5,0.974025974,1.506033471,4.27,0.2911919638,256.479,-0.4310726322,-10.76655902
1.485,0.47,0.9170731707,1.421046679,3.37,0.2284462113,257.457,-0.4107109284,-7.796608699
1.486,0.35,0.6840390879,1.069329421,0.4,0.02658478558,258.236,-0.3945476173,-2.906079985
1.487,0.13,0.2544861338,0.4042597556,-7.7,-0.4848495626,257.013,-0.4199452883,-0.4467971444
1.488,-0.15,-0.2941176471,-0.4767101384,-18.1,-1.063258747,256,-0.4410736303,0.3168914966
1.489,-0.43,-0.8445171849,-1.396156722,-28.14,-1.546187575,250.878,-0.5492007645,0.6662997479
1.49,-0.66,-1.298360656,-2.181124035,-36.4,-1.893843543,246.029,-0.6536185871,0.8561948806
1.491,-0.85,-1.674876847,-2.850742735,-43.14,-2.147772195,240.633,-0.7722626691,0.9762701021
1.492,-1.02,-2.013157895,-3.466589924,-48.98,-2.348265094,233.739,-0.9277756292,1.058164479
1.493,-1.18,-2.332784185,-4.060849326,-54.67,-2.52780717,226.231,-1.102445142,1.118613522
1.494,-1.32,-2.613861386,-4.593372154,-59.5,-2.669110496,219.614,-1.261260648,1.168686616
1.495,-1.4,-2.776859504,-4.906444073,-62.09,-2.741026956,214.996,-1.374959044,1.192045861
1.496,-1.4,-2.781456954,-4.915319774,-62.18,-2.743480076,210.476,-1.488634725,1.161433469
1.497,-1.35,-2.686567164,-4.732632497,-60.83,-2.706362615,209.559,-1.511994482,1.121913671
1.498,-1.3,-2.591362126,-4.550403208,-59.22,-2.661179545,209.359,-1.517102881,1.089060706
1.499,-1.26,-2.515806988,-4.406544409,-57.84,-2.621632716,210.184,-1.496062102,1.070148373
1.5,-1.21,-2.42,-4.225091649,-56.5,-2.582487618,210.452,-1.489244806,1.037664367
1.501,-1.17,-2.34,-4.074403975,-55.18,-2.543190135,211.723,-1.45703129,1.018544611
1.502,-1.13,-2.26,-3.924469479,-53.88,-2.503755071,212.644,-1.433809137,0.996674409
1.503,-1.09,-2.18,-3.775288161,-52.6,-2.464198403,214.405,-1.389685847,0.9796060069
1.504,-1.05,-2.1,-3.62686002,-51.33,-2.424219533,216.547,-1.336502224,0.964405307
1.505,-1.01,-2.02,-3.479185057,-50.17,-2.387052641,219.243,-1.270306193,0.9512834848
1.506,-0.97,-1.94,-3.332263271,-48.91,-2.345962384,222.264,-1.197090583,0.9405061969
1.507,-0.91,-1.82,-3.113292801,-46.9,-2.278823328,224.284,-1.148687841,0.9083246258
1.508,-0.81,-1.62,-2.752107905,-43.64,-2.165620988,226.836,-1.08815696,0.8458192135
1.509,-0.67,-1.34,-2.254357415,-39.1,-1.9986124,230.144,-1.010700138,0.7491270469
1.51,-0.51,-1.02,-1.696797377,-33.67,-1.78357836,233.95,-0.9229482756,0.626928017
1.511,-0.36,-0.72,-1.185029453,-28.15,-1.546634434,237.49,-0.8426014406,0.4959867988
1.512,-0.23,-0.46,-0.7500646472,-23.19,-1.31682139,241.19,-0.7598931835,0.3611784964
1.513,-0.12,-0.24,-0.3882312192,-18.93,-1.105875675,243.629,-0.7060637747,0.2142627996
1.514,-0.03,-0.06,-0.0964223112,-14.94,-0.8963363049,245.471,-0.6657663034,0.06172597798
1.515,0.04,0.08,0.1279040512,-11.38,-0.6991767359,245.538,-0.6643062487,-0.09380685542
1.516,0.08,0.16,0.2550549248,-9.62,-0.5980314896,245.691,-0.6609735871,-0.2025845086
1.517,0.06,0.12,0.1915736352,-10.41,-0.6437372678,245.896,-0.6565115079,-0.1473361397
1.518,-0.01,-0.02,-0.0320936968,-12.89,-0.7840039152,246.571,-0.6418455414,0.02250847497
1.519,-0.1,-0.2,-0.32305528,-15.95,-0.9505012434,247.183,-0.6285830597,0.2045839347
1.52,-0.19,-0.38,-0.6178298248,-19.07,-1.113014539,248.06,-0.609634968,0.3586509166
1.521,-0.29,-0.58,-0.9498290888,-22.52,-1.28449375,248.519,-0.5997446959,0.5040917676
1.522,-0.4,-0.8,-1.32046528,-26.36,-1.465600122,248.832,-0.593010819,0.6414350831
1.523,-0.51,-1.02,-1.696797377,-30.11,-1.632970217,246.884,-0.6350584981,0.7481375195
1.524,-0.6,-1.2,-2.00894208,-33.22,-1.764973081,244.713,-0.6823123483,0.8208858909
1.525,-0.67,-1.34,-2.254357415,-35.57,-1.860788174,240.359,-0.7783579894,0.8541995311
1.526,-0.73,-1.46,-2.466549287,-37.36,-1.93157444,235.751,-0.8819204847,0.876685174
1.527,-0.77,-1.54,-2.608952007,-39.01,-1.99518704,229.521,-1.02520223,0.8637800541
1.528,-0.82,-1.64,-2.788014563,-40.7,-2.058753072,224.818,-1.135965113,0.8726949926
1.529,-0.87,-1.74,-2.968253959,-42.22,-2.114584017,220.289,-1.244842243,0.8835597895
1.53,-0.92,-1.84,-3.149670195,-44.08,-2.181219309,215.708,-1.357270778,0.8901170042
1.531,-1.02,-2.04,-3.516033187,-47.17,-2.287957604,210.951,-1.476574505,0.9339894267
1.532,-1.16,-2.32,-4.036849741,-51.96,-2.444143669,206.887,-1.580648743,1.002995764
1.533,-1.33,-2.66,-4.681673735,-57.92,-2.623946329,203.108,-1.679275422,1.087946196
1.534,-1.48,-2.96,-5.261933747,-62.92,-2.763536144,198.903,-1.791200571,1.155266281
1.535,-1.55,-3.1,-5.53634642,-65.22,-2.824604353,197.168,-1.838072517,1.187375101
1.536,-1.54,-3.08,-5.497003389,-64.83,-2.814381723,196.475,-1.856909656,1.176763114
1.537,-1.48,-2.96,-5.261933747,-63.05,-2.767038657,197.548,-1.827771437,1.145190691
1.538,-1.43,-2.86,-5.067336903,-61.5,-2.724870127,198.498,-1.802105177,1.119364821
1.539,-1.41,-2.82,-4.989827681,-61,-2.71107478,201.698,-1.716545277,1.126977387
1.54,-1.41,-2.82,-4.989827681,-61.06,-2.712735254,204.437,-1.64438271,1.145212896
1.541,-1.38,-2.76,-4.873916899,-59.93,-2.681229928,206.579,-1.588619412,1.141472804
1.542,-1.25,-2.5,-4.3765325,-55.93,-2.565609054,209.63,-1.510182173,1.073787212
1.543,-1.01,-2.02,-3.479185057,-48.49,-2.332096439,212.373,-1.440631688,0.9221934206
1.544,-0.72,-1.44,-2.431066291,-39.2,-2.002413015,215.076,-1.372968679,0.7202344836
1.545,-0.5,-1,-1.66235,-31.39,-1.688030169,217.257,-1.318989691,0.5528230865
1.546,-0.38,-0.76,-1.252653219,-27.17,-1.502531077,220.452,-1.240885043,0.4566034332
1.547,-0.36,-0.72,-1.185029453,-26.34,-1.464682731,222.711,-1.186341886,0.4470080909
1.548,-0.4,-0.8,-1.32046528,-27.75,-1.528709137,225.198,-1.126929877,0.4972307129
1.549,-0.49,-0.98,-1.627949697,-30.9,-1.667074528,227.366,-1.07567132,0.5935474108
1.55,-0.64,-1.28,-2.148896973,-36.41,-1.894239337,230.51,-1.002198745,0.7419102056
1.551,-0.81,-1.62,-2.752107905,-42.5,-2.124732562,233.314,-0.9375122142,0.8987223773
1.552,-0.9,-1.8,-3.07696248,-45.52,-2.231566214,234.999,-0.8990132236,0.9828731523
1.553,-0.85,-1.7,-2.89601698,-43.86,-2.173432812,236.708,-0.8602468283,0.9546218862
1.554,-0.7,-1.4,-2.36024152,-39.01,-1.99518704,237.394,-0.8447644951,0.8310851403
1.555,-0.56,-1.12,-1.869740365,-34,-1.797144096,237.355,-0.8456434859,0.7074879486
1.556,-0.47,-0.94,-1.559290311,-30.92,-1.667932812,237.541,-0.8414526734,0.6213833307
1.557,-0.42,-0.84,-1.388465635,-29.28,-1.596711468,237.771,-0.8362750213,0.5706836602
1.558,-0.39,-0.78,-1.286535713,-27.93,-1.536788464,239.729,-0.7923991733,0.5523538301
1.559,-0.34,-0.68,-1.117593981,-26.04,-1.450889816,241.253,-0.75849592,0.5058392305
1.56,-0.28,-0.56,-0.9164173312,-23.74,-1.343126497,242.989,-0.7201364229,0.4441592597
1.561,-0.23,-0.46,-0.7500646472,-21.91,-1.254788614,245.208,-0.671501418,0.3893830288
1.562,-0.22,-0.44,-0.7169353312,-21.48,-1.233691807,247.994,-0.6110586033,0.3886354096
1.563,-0.25,-0.5,-0.8164645,-22.51,-1.28400888,248.791,-0.5938924101,0.4347749822
1.564,-0.3,-0.6,-0.98328792,-24.44,-1.376304822,249.724,-0.5738667104,0.5042058627
1.565,-0.36,-0.72,-1.185029453,-26.52,-1.472929657,246.031,-0.6535750965,0.5572663081
1.566,-0.42,-0.84,-1.388465635,-28.44,-1.559565008,241.958,-0.7428847163,0.6030384164
1.567,-0.47,-0.94,-1.559290311,-30.39,-1.64510302,238.797,-0.8132390286,0.6342853355
1.568,-0.53,-1.06,-1.765833351,-32.44,-1.732430652,235.094,-0.8968508855,0.6716029934
1.569,-0.6,-1.2,-2.00894208,-34.81,-1.830163511,229.912,-1.016096004,0.7058183099
1.57,-0.7,-1.4,-2.36024152,-38.48,-1.974922773,224.108,-1.152887738,0.7545986279
1.571,-0.85,-1.7,-2.89601698,-43.63,-2.165265302,218.784,-1.28151852,0.8402084753
1.572,-1,-2,-3.442384,-48.79,-2.342009385,213.999,-1.399826278,0.9199719896
1.573,-1.09,-2.18,-3.775288161,-52.19,-2.451372268,211.129,-1.472062091,0.962240684
1.574,-1.12,-2.24,-3.887103539,-53.1,-2.479737343,208.457,-1.540202559,0.9669556346
1.575,-1.1,-2.2,-3.81251288,-52.52,-2.461701721,209.373,-1.516745134,0.9582917702
1.576,-1.08,-2.16,-3.738110515,-51.74,-2.437206744,211.285,-1.468110517,0.9571848498
1.577,-1.05,-2.1,-3.62686002,-51.01,-2.414029237,212.874,-1.428025597,0.9439896557
1.578,-1.02,-2.04,-3.516033187,-50.03,-2.382524325,214.764,-1.380735291,0.9343052422
1.579,-0.97,-1.94,-3.332263271,-48.33,-2.326791689,216.868,-1.328577485,0.9116078602
1.58,-0.88,-1.76,-3.004443059,-45.4,-2.227411341,219.495,-1.264160384,0.8604844169
1.581,-0.74,-1.48,-2.502079357,-40.9,-2.066171118,221.76,-1.209235878,0.7638987643
1.582,-0.6,-1.2,-2.00894208,-36.21,-1.886312353,224.891,-1.134228212,0.6650935608
1.583,-0.51,-1.02,-1.696797377,-33.21,-1.764558229,227.578,-1.070685212,0.5984662031
1.584,-0.49,-0.98,-1.627949697,-32.16,-1.720657414,230.002,-1.014002134,0.5953025115
1.585,-0.49,-0.98,-1.627949697,-32.16,-1.720657414,232.16,-0.9640396364,0.6063811545
1.586,-0.47,-0.94,-1.559290311,-31.74,-1.702906482,233.569,-0.9316681371,0.5918565751
1.587,-0.44,-0.88,-1.456654285,-30.54,-1.651582289,235.542,-0.8866655162,0.5738818258
1.588,-0.41,-0.82,-1.354441921,-29.5,-1.606365158,237.05,-0.8525226302,0.5508351894
1.589,-0.41,-0.82,-1.354441921,-29.44,-1.603735414,236.271,-0.8701328937,0.5474996047
1.59,-0.42,-0.84,-1.388465635,-29.88,-1.622966693,234.187,-0.9175312712,0.5465328666
1.591,-0.41,-0.82,-1.354441921,-29.58,-1.609867895,233.712,-0.9283936619,0.5336100675
1.592,-0.38,-0.76,-1.252653219,-28.19,-1.548421217,233.7,-0.928668366,0.5056955662
1.593,-0.32,-0.64,-1.050346803,-26.14,-1.455494137,235.503,-0.8875514188,0.4482827065
1.594,-0.28,-0.56,-0.9164173312,-24.71,-1.389012656,238.329,-0.8237343728,0.4141536829
1.595,-0.27,-0.54,-0.8830526472,-24.16,-1.363073778,240.066,-0.7848836706,0.4111127285
1.596,-0.25,-0.5,-0.8164645,-23.45,-1.329282563,244.031,-0.697243283,0.4028887673
1.597,-0.22,-0.44,-0.7169353312,-22.31,-1.27429681,246.929,-0.6340834326,0.3756774019
1.598,-0.2,-0.4,-0.65081792,-21.24,-1.221860066,249.407,-0.5806623221,0.3610595487
1.599,-0.19,-0.38,-0.6178298248,-20.78,-1.19906837,251.405,-0.5379742207,0.3556791457
1.6,-0.19,-0.38,-0.6178298248,-20.87,-1.203539452,253.704,-0.489272911,0.36497242
1.601,-0.19,-0.38,-0.6178298248,-20.75,-1.197576727,255.936,-0.4424112975,0.3767282538
1.602,-0.15,-0.3,-0.48634818,-19.47,-1.133332914,257.917,-0.4011605799,0.3169437877
1.603,-0.14,-0.28,-0.4535954528,-18.91,-1.104854673,256.806,-0.4242559505,0.2966400506
1.604,-0.17,-0.34,-0.5519948552,-19.88,-1.154039167,254.42,-0.4741954789,0.3390143163
1.605,-0.2,-0.4,-0.65081792,-21.12,-1.215928896,250.734,-0.5522724614,0.3680677641
1.606,-0.24,-0.48,-0.7832410368,-22.31,-1.27429681,247.843,-0.6143171339,0.4147173854
1.607,-0.27,-0.54,-0.8830526472,-23.6,-1.336450457,246.387,-0.6458393909,0.4454710033
1.608,-0.33,-0.66,-1.083946855,-25.81,-1.440274464,243.946,-0.6991071004,0.506663642
1.609,-0.36,-0.72,-1.185029453,-26.67,-1.479785624,241.344,-0.7564782945,0.5299148473
1.61,-0.35,-0.7,-1.15128818,-26.45,-1.469725083,237.955,-0.8321365044,0.5001552597
1.611,-0.4,-0.8,-1.32046528,-27.98,-1.53902896,235.918,-0.8781320227,0.5462876859
1.612,-0.48,-0.96,-1.593596467,-31.13,-1.676929612,233.586,-0.9312787588,0.6109927737
1.613,-0.58,-1.16,-1.939247075,-34.52,-1.818387019,232.418,-0.9580974689,0.6984541364
1.614,-0.58,-1.16,-1.939247075,-34.6,-1.821640736,231.482,-0.9796866338,0.6922600678
1.615,-0.49,-0.98,-1.627949697,-31.45,-1.690585826,231.744,-0.9736347276,0.6110416402
1.616,-0.41,-0.82,-1.354441921,-28.32,-1.554221063,231.9,-0.9700345514,0.5365708262
1.617,-0.35,-0.7,-1.15128818,-26.01,-1.449507215,232.909,-0.9468071248,0.4804412179
1.618,-0.34,-0.68,-1.117593981,-25.92,-1.445355796,233.836,-0.9255558783,0.4713773158
1.619,-0.4,-0.8,-1.32046528,-28.08,-1.543505053,235.88,-0.8789938322,0.5450839578
1.62,-0.49,-0.98,-1.627949697,-31.03,-1.672648878,238.529,-0.8192466634,0.6532977283
1.621,-0.54,-1.08,-1.800421949,-32.98,-1.754999765,240.683,-0.7711511332,0.7127135397
1.622,-0.56,-1.12,-1.869740365,-33.37,-1.77118854,241.929,-0.7435259817,0.74351993
1.623,-0.53,-1.06,-1.765833351,-32.64,-1.740810488,240.954,-0.7651306234,0.7046587581
1.624,-0.49,-0.98,-1.627949697,-31.01,-1.671791978,239.341,-0.8010651321,0.6583274425
1.625,-0.45,-0.9,-1.49081922,-29.55,-1.608554849,237.152,-0.8502210794,0.6063257748
1.626,-0.49,-0.98,-1.627949697,-30.99,-1.670934826,235.854,-0.8795835713,0.6382818876
1.627,-0.7,-1.4,-2.36024152,-38.21,-1.964538269,236.496,-0.8650405328,0.8341317509
1.628,-0.94,-1.88,-3.222566205,-46.74,-2.273393291,237.697,-0.8379403279,1.035750774
1.629,-0.94,-1.88,-3.222566205,-46.73,-2.27305349,240.915,-0.7659966264,1.060386003
1.63,-0.7,-1.4,-2.36024152,-38.78,-1.986412608,244.604,-0.6846958748,0.8836187429
1.631,-0.53,-1.06,-1.765833351,-32.79,-1.747079211,247.692,-0.6175776505,0.7467609275
1.632,-0.62,-1.24,-2.078825379,-36.12,-1.882737567,250.446,-0.5584211512,0.8515732154
1.633,-0.87,-1.74,-2.968253959,-44.96,-2.212113787,250.614,-0.5548335567,1.072754046
1.634,-1.03,-2.06,-3.552928391,-50.7,-2.404112018,250.805,-0.5507577238,1.202397636
1.635,-1.13,-2.26,-3.924469479,-53.91,-2.504673445,249.897,-0.5701617019,1.276318662
1.636,-1.22,-2.44,-4.262881251,-57.33,-2.606821773,249.276,-0.5834731258,1.336202886
1.637,-1.15,-2.3,-3.99934258,-54.97,-2.536869595,247.1,-0.6303798037,1.262717922
1.638,-0.76,-1.52,-2.573280717,-42.68,-2.13123449,244.369,-0.6898382859,0.9121638897
1.639,-0.26,-0.52,-0.8497350368,-25.41,-1.421728351,239.517,-0.7971324421,0.3829600484
1.64,-0.03,-0.06,-0.0964223112,-15.84,-0.9446394691,235.578,-0.8858478901,0.05267575912
1.641,-0.19,-0.38,-0.6178298248,-21.63,-1.241065966,231.835,-0.9715343304,0.2792324605
1.642,-0.55,-1.1,-1.83505762,-34.87,-1.832593747,228.361,-1.052309709,0.6360897854
1.643,-0.91,-1.82,-3.113292801,-47.51,-2.299408598,223.916,-1.157473207,0.9006072457
1.644,-1.15,-2.3,-3.99934258,-56.14,-2.571843432,219.541,-1.263039291,1.042885238
1.645,-1.28,-2.56,-4.490607411,-60.61,-2.700248033,216.708,-1.332526043,1.113528139
1.646,-1.31,-2.62,-4.605105985,-61.71,-2.730635884,213.718,-1.406855927,1.113018755
1.647,-1.3,-2.6,-4.56689272,-61.59,-2.727343206,212.737,-1.431469822,1.098124078
1.648,-1.31,-2.62,-4.605105985,-61.77,-2.732280187,211.331,-1.466945866,1.09665589
1.649,-1.32,-2.64,-4.643366323,-62.13,-2.742117605,209.922,-1.502735181,1.093881592
1.65,-1.32,-2.64,-4.643366323,-62.25,-2.745385969,207.984,-1.552355786,1.080420041
1.651,-1.31,-2.62,-4.605105985,-61.95,-2.737204971,206.73,-1.58471023,1.065524373
1.652,-1.29,-2.58,-4.528726529,-61.25,-2.717984351,204.68,-1.638027314,1.039649771
1.653,-1.26,-2.52,-4.414510397,-60.3,-2.691600304,204.756,-1.636041167,1.020073041
1.654,-1.23,-2.46,-4.300717927,-59.33,-2.664298981,204.689,-1.637792074,0.999680823
1.655,-1.2,-2.4,-4.18734912,-58.39,-2.637486208,207.753,-1.558301132,0.9979888829
1.656,-1.17,-2.34,-4.074403975,-57.45,-2.610316321,211.041,-1.474292472,0.9975016415
1.657,-1.14,-2.28,-3.961882493,-56.51,-2.582782512,210.922,-1.477310035,0.9758108829
1.658,-1.1,-2.2,-3.81251288,-55.5,-2.552784956,210.945,-1.476726676,0.94614763
1.659,-1.07,-2.14,-3.700979943,-54.57,-2.52477768,213.148,-1.421143792,0.937925392
1.66,-1.05,-2.1,-3.62686002,-53.95,-2.505897326,215.432,-1.364120526,0.9371688087
1.661,-1.05,-2.1,-3.62686002,-53.71,-2.498543445,216.182,-1.345527505,0.9434945576
1.662,-1.05,-2.1,-3.62686002,-53.79,-2.500997565,216.382,-1.34058026,0.944106871
1.663,-1.05,-2.1,-3.62686002,-53.96,-2.506203187,216.665,-1.333587715,0.9445462299
1.664,-1.06,-2.12,-3.663896445,-54.07,-2.509564744,217.893,-1.303350934,0.960917249
1.665,-1.06,-2.12,-3.663896445,-54.14,-2.511701147,219.448,-1.26530609,0.9700527995
1.666,-1.06,-2.12,-3.663896445,-54.19,-2.513225832,220.855,-1.231113838,0.9785160448
1.667,-1.06,-2.12,-3.663896445,-54.25,-2.515054007,221.875,-1.206462201,0.9845171268
1.668,-1.09,-2.18,-3.775288161,-55.26,-2.545592962,223.706,-1.162493068,1.018123132
1.669,-1.15,-2.3,-3.99934258,-57.36,-2.607695966,224.969,-1.132372968,1.069323226
1.67,-1.17,-2.34,-4.074403975,-58.26,-2.633750103,227.37,-1.0755772,1.098421262
1.671,-1.13,-2.26,-3.924469479,-56.79,-2.591022532,230.638,-0.9992287658,1.09309047
1.672,-0.97,-1.94,-3.332263271,-51.89,-2.441938868,233.267,-0.9385900549,0.9857224556
1.673,-0.72,-1.44,-2.431066291,-44.11,-2.182279147,237.085,-0.8517327708,0.801271174
1.674,-0.49,-0.98,-1.627949697,-36.4,-1.893843543,239.893,-0.7887404586,0.6068587957
1.675,-0.32,-0.64,-1.050346803,-30.2,-1.636875475,242.536,-0.7301196399,0.4437469248
1.676,-0.22,-0.44,-0.7169353312,-26.47,-1.470641008,244.097,-0.6957965313,0.3309282257
1.677,-0.17,-0.34,-0.5519948552,-24.68,-1.387603126,243.642,-0.7057783072,0.2636857509
1.678,-0.12,-0.24,-0.3882312192,-22.91,-1.303349294,243.258,-0.7142170028,0.1924255078
1.679,-0.09,-0.18,-0.2905379208,-21.48,-1.233691807,243.629,-0.7060637747,0.1497806856
1.68,-0.07,-0.14,-0.2256444232,-20.7,-1.19508923,244.327,-0.690757876,0.1196514937
1.681,-0.06,-0.12,-0.1932682848,-20.38,-1.179126991,245.347,-0.6684695458,0.1046052431
1.682,-0.06,-0.12,-0.1932682848,-20.14,-1.167107229,246.228,-0.6492930009,0.106401817
1.683,-0.05,-0.1,-0.16093922,-19.82,-1.151016555,246.628,-0.6406089208,0.08982860656
1.684,-0.04,-0.08,-0.1286572288,-19.49,-1.134345791,246.994,-0.6326753184,0.07281023873
1.685,-0.03,-0.06,-0.0964223112,-19.15,-1.117087496,245.178,-0.6721560044,0.05388998824
1.686,-0.02,-0.04,-0.0642344672,-18.85,-1.101789922,243.523,-0.7083920008,0.03548508931
1.687,-0.02,-0.04,-0.0642344672,-18.79,-1.098722549,241.532,-0.7523124215,0.03470191986
1.688,-0.02,-0.04,-0.0642344672,-18.47,-1.082318874,240.435,-0.7766666206,0.0345535064
1.689,0.04,0.08,0.1279040512,-16.2,-0.963789633,239.803,-0.79074798,-0.07289900784
1.69,0.16,0.32,0.5070971392,-10.6,-0.6546554013,239.069,-0.8071486177,-0.3468981701
1.691,0.23,0.46,0.7251627128,-7.13,-0.45066962,236.58,-0.8631406267,-0.5519539177
1.692,0.15,0.3,0.47575662,-10.17,-0.6299047856,234.801,-0.9035228024,-0.3102569849
1.693,-0.06,-0.12,-0.1932682848,-18.26,-1.071513278,231.484,-0.9796404101,0.09422418511
1.694,-0.34,-0.68,-1.117593981,-28.77,-1.57421266,228.228,-1.055426517,0.424998985
1.695,-0.57,-1.14,-1.904470183,-37.19,-1.924931849,226.759,-1.089973338,0.6316849338
1.696,-0.73,-1.46,-2.466549287,-42.93,-2.140236312,225.267,-1.125290904,0.755329576
1.697,-0.85,-1.7,-2.89601698,-47.36,-2.294363738,223.222,-1.174080621,0.8349613487
1.698,-0.91,-1.82,-3.113292801,-49.66,-2.370511976,220.404,-1.242050049,0.8617963591
1.699,-0.94,-1.88,-3.222566205,-50.65,-2.402508268,214.728,-1.381632165,0.851597942
1.7,-0.93,-1.86,-3.186094663,-50.44,-2.395759741,212.417,-1.439523376,0.8307325864
1.701,-0.89,-1.78,-3.040679233,-49.01,-2.349251248,211.247,-1.469072811,0.7963387041
1.702,-0.83,-1.66,-2.823968295,-47.28,-2.291668598,207.245,-1.571399033,0.7310170478
1.703,-0.8,-1.6,-2.71624832,-46.13,-2.252573643,208.155,-1.547958938,0.7147020219
1.704,-0.78,-1.56,-2.644670371,-45.61,-2.234677552,209.965,-1.50163941,0.707828163
1.705,-0.77,-1.54,-2.608952007,-45.43,-2.228450748,211.323,-1.467148396,0.7059618497
1.706,-0.77,-1.54,-2.608952007,-45.3,-2.22394333,212.265,-1.443353065,0.7114101852
1.707,-0.77,-1.54,-2.608952007,-45.23,-2.221512679,214.244,-1.393704753,0.7216583943
1.708,-0.76,-1.52,-2.573280717,-44.99,-2.213159957,217.147,-1.32169915,0.7279726402
1.709,-0.73,-1.46,-2.466549287,-44.09,-2.181572641,219.619,-1.261138845,0.7164554154
1.71,-0.68,-1.36,-2.289605043,-42.33,-2.118575954,222.973,-1.180051778,0.6941083473
1.711,-0.61,-1.22,-2.043860193,-39.85,-2.02698052,227.004,-1.084196092,0.6569412308
1.712,-0.52,-1.04,-1.731291827,-37.12,-1.922191812,229.596,-1.02345431,0.5877460345
1.713,-0.45,-0.9,-1.49081922,-34.45,-1.815536867,230.994,-0.9909771698,0.5311996307
1.714,-0.37,-0.74,-1.218817799,-31.72,-1.702058465,234.379,-0.9131468299,0.4660505244
1.715,-0.29,-0.58,-0.9498290888,-28.92,-1.580847375,236.031,-0.8755700933,0.3866725021
1.716,-0.22,-0.44,-0.7169353312,-26,-1.449046214,238.135,-0.8280910506,0.31484063
1.717,-0.13,-0.26,-0.4208897992,-22.82,-1.299007415,240.824,-0.7680178453,0.2036210235
1.718,-0.05,-0.1,-0.16093922,-19.42,-1.130799456,243.591,-0.7068983053,0.08757654465
1.719,0.01,0.02,0.0320466232,-16.87,-0.9991717239,244.267,-0.6920718504,-0.01894855578
1.72,0.02,0.04,0.0640461728,-16.58,-0.9838982539,243.9,-0.7001160253,-0.03803184664
1.721,-0.03,-0.06,-0.0964223112,-18.65,-1.09155514,241.024,-0.7635766105,0.05197599103
1.722,-0.12,-0.24,-0.3882312192,-22.24,-1.270890974,237.684,-0.8382329353,0.1840722669
1.723,-0.23,-0.46,-0.7500646472,-26.38,-1.466517247,235.292,-0.8923469246,0.3179770401
1.724,-0.33,-0.66,-1.083946855,-30.59,-1.653738882,233.252,-0.9389340924,0.4180808247
1.725,-0.37,-0.74,-1.218817799,-32.07,-1.716862858,232.77,-0.9500009558,0.4570228869
1.726,-0.25,-0.5,-0.8164645,-27.66,-1.524661514,232.672,-0.9522538681,0.3296295488
1.727,0,0,0,-17.95,-1.055503049,233.427,-0.9349216982,-0
1.728,0.11,0.22,0.3499238072,-12.63,-0.7695249792,233.856,-0.9250983122,-0.2064906159
1.729,-0.02,-0.04,-0.0642344672,-17.91,-1.053432069,234.172,-0.917873957,0.03258472624
1.73,-0.24,-0.48,-0.7832410368,-26.86,-1.4884484,234.517,-0.9099977306,0.326561863
1.731,-0.36,-0.72,-1.185029453,-31.29,-1.683765736,235.05,-0.8978522808,0.4590258687
1.732,-0.27,-0.54,-0.8830526472,-28.21,-1.549314217,236.131,-0.8733039219,0.3645034407
1.733,-0.12,-0.24,-0.3882312192,-22.27,-1.272351038,237.621,-0.8396511825,0.1838214067
1.734,-0.03,-0.06,-0.0964223112,-18.51,-1.084373424,239.788,-0.7910826402,0.05141272731
1.735,0.03,0.06,0.0959986488,-16.28,-0.9680320117,242.201,-0.7375143726,-0.05628615538
1.736,0.04,0.08,0.1279040512,-15.66,-0.9350278181,244.496,-0.6870585818,-0.078851565
1.737,0.02,0.04,0.0640461728,-16.3,-0.9690918569,242.437,-0.7323038852,-0.0376433132
1.738,0,0,0,-17.04,-1.008096015,240.133,-0.7833907479,-0
1.739,-0.02,-0.04,-0.0642344672,-17.9,-1.05291414,238.268,-0.8251038737,0.03420332858
1.74,-0.07,-0.14,-0.2256444232,-19.99,-1.159573893,236.079,-0.8744822112,0.1109332347
1.741,-0.17,-0.34,-0.5519948552,-23.73,-1.342650085,233.776,-0.9269288114,0.2432146581
1.742,-0.31,-0.62,-1.016793825,-29.12,-1.589671068,230.423,-1.004218345,0.3919958268
1.743,-0.44,-0.88,-1.456654285,-34.09,-1.800832412,225.927,-1.109639089,0.5004873899
1.744,-0.49,-0.98,-1.627949697,-36.04,-1.879555991,220.973,-1.228256165,0.5238249982
1.745,-0.43,-0.86,-1.422536423,-33.84,-1.790575003,217.014,-1.324976967,0.4565921021
1.746,-0.36,-0.72,-1.185029453,-31.31,-1.684619123,213.496,-1.412416139,0.3826335035
1.747,-0.44,-0.88,-1.456654285,-34.41,-1.813906888,214.102,-1.397251885,0.4536226289
1.748,-0.64,-1.28,-2.148896973,-41.99,-2.106216243,215.506,-1.362283138,0.6195465925
1.749,-0.79,-1.58,-2.680435809,-47.84,-2.310468255,217.494,-1.313156696,0.739711158
1.75,-0.76,-1.52,-2.573280717,-46.98,-2.281533561,219.714,-1.25882511,0.7268418136
1.751,-0.57,-1.14,-1.904470183,-40.79,-2.062093908,222.484,-1.191797698,0.5852899894
1.752,-0.37,-0.74,-1.218817799,-33.94,-1.7946825,225.904,-1.110183761,0.419577939
1.753,-0.24,-0.48,-0.7832410368,-29.34,-1.599347375,229.316,-1.029982795,0.2978861482
1.754,-0.21,-0.42,-0.6838530888,-28.09,-1.543952303,232.659,-0.9525527951,0.2739241708
1.755,-0.25,-0.5,-0.8164645,-29.83,-1.620787553,234.037,-0.9209591178,0.3212218233
1.756,-0.32,-0.64,-1.050346803,-32.75,-1.745408904,235.796,-0.8808993775,0.3999327919
1.757,-0.35,-0.7,-1.15128818,-33.88,-1.792218728,237.435,-0.8438405836,0.4367459317
1.758,-0.26,-0.52,-0.8497350368,-30.84,-1.664498164,239.319,-0.8015569217,0.3445726098
1.759,-0.06,-0.12,-0.1932682848,-23.05,-1.310092142,241.422,-0.7547495066,0.09359956727
1.76,0.19,0.38,0.6008362552,-12.33,-0.752753048,243.429,-0.7104575022,-0.4106287063
1.761,0.37,0.74,1.154374041,-3.42,-0.2215873049,244.874,-0.6787936682,-1.282095108
1.762,0.41,0.82,1.275311199,-1.32,-0.08673051104,246.028,-0.6536403326,-1.722530284
1.763,0.35,0.7,1.09362302,-4.3,-0.2769736057,246.685,-0.6393725861,-1.193460539
1.764,0.27,0.54,0.8487359928,-7.82,-0.4920113549,247.351,-0.6249481225,-0.759862833
1.765,0.21,0.42,0.6630936312,-10.87,-0.6701212323,248.266,-0.605193935,-0.519944911
1.766,0.12,0.24,0.3814526208,-15.18,-0.9092771192,249.367,-0.5815204262,-0.2558715112
1.767,-1.33226763e-14,-2.664535259e-14,-4.272276977e-14,-20.58,-1.189111962,249.639,-0.5756880308,2.420827852e-14
1.768,-0.06,-0.12,-0.1932682848,-23.6,-1.336450457,250.252,-0.5625669638,0.1017727814
1.769,0.02,0.04,0.0640461728,-20.47,-1.183623767,251.629,-0.5332095325,-0.03730482908
1.77,0.22,0.44,0.6941517088,-11.64,-0.7139102482,252.963,-0.5049216618,-0.5695220999
1.771,0.42,0.84,1.305427805,-1.2,-0.07890898373,253.703,-0.4892939986,-2.297467358
1.772,0.52,1.04,1.604004813,1.91,0.1282244698,254.247,-0.4778345986,-4.587981528
1.773,0.5,1,1.544666,1.47,0.09839736986,253.475,-0.4941041445,-3.903562181
1.774,0.43,0.86,1.335497337,-0.23,-0.01522226044,252.506,-0.5145956504,-2.520672309
1.775,0.36,0.72,1.124022067,-3.18,-0.2063673069,250.352,-0.5604295458,-1.465866824
1.776,0.26,0.52,0.8179132832,-7.42,-0.468092788,248.76,-0.5945590754,-0.769690725
1.777,0.09,0.18,0.2867249592,-13.77,-0.8326205898,247.226,-0.6276524537,-0.1963502377
1.778,-0.12,-0.24,-0.3882312192,-21.81,-1.249894007,245.542,-0.6642190939,0.2028256424
1.779,-0.32,-0.64,-1.050346803,-29.38,-1.601103361,242.597,-0.7287742356,0.4508163025
1.78,-0.44,-0.88,-1.456654285,-33.79,-1.788518985,239.794,-0.7909487736,0.5647111812
1.781,-0.51,-1.02,-1.696797377,-36.37,-1.892655812,237.009,-0.8534480425,0.617892646
1.782,-0.62,-1.24,-2.078825379,-40.74,-2.060238437,234.402,-0.9126218513,0.6992677683
1.783,-0.77,-1.54,-2.608952007,-46.16,-2.253601936,232.354,-0.9595708795,0.8119550853
1.784,-0.84,-1.68,-2.859969101,-48.86,-2.344316145,229.956,-1.015072232,0.8513362493
1.785,-0.79,-1.58,-2.680435809,-47.06,-2.284240608,228.543,-1.048047544,0.8043829604
1.786,-0.66,-1.32,-2.219156861,-42.94,-2.140595694,226.553,-1.094835773,0.6858920931
1.787,-0.58,-1.16,-1.939247075,-40.19,-2.039737475,224.168,-1.151455585,0.6076871686
1.788,-0.56,-1.12,-1.869740365,-39.58,-2.016804215,221.208,-1.222569579,0.5771919154
1.789,-0.56,-1.12,-1.869740365,-39.67,-2.020200831,218.902,-1.278633803,0.5667881455
1.79,-0.58,-1.16,-1.939247075,-40.29,-2.043477333,215.931,-1.351742778,0.5711697656
1.791,-0.62,-1.24,-2.078825379,-41.74,-2.097088518,211.687,-1.457941046,0.5847561439
1.792,-0.66,-1.32,-2.219156861,-43.48,-2.159923705,206.225,-1.597795197,0.5905595704
1.793,-0.69,-1.38,-2.324899745,-44.57,-2.198471384,207.206,-1.572405907,0.6165408115
1.794,-0.69,-1.38,-2.324899745,-44.66,-2.201626598,207.026,-1.577055476,0.6152673602
1.795,-0.68,-1.36,-2.289605043,-44.06,-2.18051249,209.824,-1.505233358,0.6212053509
1.796,-0.64,-1.28,-2.148896973,-42.89,-2.138798253,213.28,-1.417831626,0.6041947139
1.797,-0.6,-1.2,-2.00894208,-41.49,-2.087927002,218.481,-1.288933018,0.5949142303
1.798,-0.56,-1.12,-1.869740365,-40.29,-2.043477333,222.256,-1.19728315,0.5769449407
1.799,-0.54,-1.08,-1.800421949,-39.6,-2.017559409,222.595,-1.189129183,0.5614583074
1.8,-0.49,-0.98,-1.627949697,-37.94,-1.954112242,223.572,-1.165698681,0.5218103715
1.801,-0.34,-0.68,-1.117593981,-32.62,-1.739973613,226.597,-1.093796823,0.3943840921
1.802,-0.1,-0.2,-0.32305528,-23.71,-1.341697053,228.416,-1.051021334,0.1350160059
1.803,0.11,0.22,0.3499238072,-15.18,-0.9092771192,231.271,-0.9845654788,-0.1847692134
1.804,0.16,0.32,0.5070971392,-12.72,-0.7745428726,233.448,-0.9344404131,-0.296724458
1.805,0.09,0.18,0.2867249592,-15.55,-0.9291420015,234.364,-0.913489235,-0.1556062621
1.806,0.04,0.08,0.1279040512,-17.98,-1.057055512,235.108,-0.896532299,-0.06547136017
1.807,0.03,0.06,0.0959986488,-18.39,-1.078206264,236.601,-0.8626657555,-0.04946160686
1.808,0.06,0.12,0.1915736352,-16.98,-1.004948719,239.072,-0.8070814827,-0.1057232021
1.809,0.11,0.22,0.3499238072,-14.72,-0.8844354223,238.49,-0.8201214713,-0.2052872559
1.81,0.14,0.28,0.4443690272,-13.25,-0.8039649764,238.59,-0.8178786609,-0.2739900549
1.811,0.13,0.26,0.4129343608,-13.73,-0.8304237177,237.831,-0.8349251531,-0.2479566702
1.812,0.06,0.12,0.1915736352,-16.79,-0.9949646151,237.267,-0.8476273805,-0.1039696447
1.813,0.01,0.02,0.0320466232,-18.68,-1.093092217,235.821,-0.88033218,-0.01623909345
1.814,0,0,0,-19.32,-1.125727111,233.515,-0.9329051737,-0
1.815,-0.12,-0.24,-0.3882312192,-23.86,-1.348838081,230.652,-0.9989040243,0.1653636566
1.816,-0.36,-0.72,-1.185029453,-33.69,-1.784402404,227.854,-1.064200818,0.4160036904
1.817,-0.6,-1.2,-2.00894208,-43.3,-2.153498153,226.114,-1.10521272,0.6164836828
1.818,-0.63,-1.26,-2.113837639,-44.27,-2.187923698,224.92,-1.133538367,0.6364178179
1.819,-0.4,-0.8,-1.32046528,-36.68,-1.904903701,226.294,-1.100955501,0.4392971165
1.82,-0.1,-0.2,-0.32305528,-26.1,-1.453653211,227.569,-1.070896792,0.1279654907
1.821,0.1,0.2,0.31834792,-18.11,-1.063775206,229.393,-1.028186668,-0.1521767314
1.822,0.17,0.34,0.5383905848,-14.98,-0.8984961455,230.149,-1.010583908,-0.2820157195
1.823,0.19,0.38,0.6008362552,-13.79,-0.8337185639,230.887,-0.9934559468,-0.328833536
1.824,0.27,0.54,0.8487359928,-10.41,-0.6437372678,231.521,-0.9787853437,-0.5230965577
1.825,0.45,0.9,1.39549518,-0.88,-0.05799008367,232.146,-0.9643622684,-1.364984564
1.826,0.65,1.3,1.98511742,4.72,0.3228432436,232.65,-0.9527597544,-3.151397663
1.827,0.71,1.42,2.158332351,6.29,0.4347370739,233.24,-0.9392093383,-4.278396462
1.828,0.59,1.18,1.810207839,3.32,0.2249820134,234.482,-0.9107962398,-2.639501733
1.829,0.4,0.8,1.24514752,-2.97,-0.1930093327,235.227,-0.8938250796,-1.145664423
1.83,0.27,0.54,0.8487359928,-8.91,-0.5565261699,236.135,-0.873213295,-0.5936298281
1.831,0.23,0.46,0.7251627128,-10.91,-0.6724075418,234.538,-0.9095186823,-0.4584048875
1.832,0.17,0.34,0.5383905848,-13.53,-0.8194208608,230.812,-0.9951940923,-0.2966968744
1.833,0.07,0.14,0.2233378168,-18.2,-1.06842003,229.952,-1.015165294,-0.107189187
1.834,-0.08,-0.16,-0.2580676352,-24.65,-1.386192984,229.815,-1.018353648,0.1073248619
1.835,-0.18,-0.36,-0.5848888032,-28.97,-1.583055717,230.845,-0.9944292387,0.2269222956
1.836,-0.19,-0.38,-0.6178298248,-29.69,-1.614677467,231.622,-0.9764519391,0.2384403586
1.837,-0.17,-0.34,-0.5519948552,-28.66,-1.569337952,232.634,-0.9531277017,0.2188314653
1.838,-0.1,-0.2,-0.32305528,-26.27,-1.461469761,233.633,-0.9302023899,0.1350750687
1.839,-0.05,-0.1,-0.16093922,-24.19,-1.364493954,234.144,-0.918513696,0.07049438489
1.84,0,0,0,-22.31,-1.27429681,234.798,-0.9035911586,-0
1.841,0.06,0.12,0.1915736352,-19.85,-1.152528185,235.363,-0.8907327911,-0.09375876965
1.842,0.08,0.16,0.2550549248,-18.85,-1.101789922,235.817,-0.8804229276,-0.1286718149
1.843,0.08,0.16,0.2550549248,-18.88,-1.103322625,235.462,-0.8884829105,-0.1280521217
1.844,0.08,0.16,0.2550549248,-18.75,-1.096676176,234.426,-0.9120741024,-0.1269719425
1.845,0.1,0.2,0.31834792,-18.09,-1.062742215,232.94,-0.9460950915,-0.1584737196
1.846,0.15,0.3,0.47575662,-16.03,-0.9547586358,231.709,-0.9744427923,-0.2466080592
1.847,0.25,0.5,0.7870435,-11.56,-0.7093825356,231.381,-0.9820214499,-0.4653196438
1.848,0.38,0.76,1.184678941,-4.63,-0.297573958,231.663,-0.9755050058,-0.9305620268
1.849,0.52,1.04,1.604004813,1.36,0.09096769082,232.807,-0.9491506131,-1.869071
1.85,0.56,1.12,1.722117555,2.4,0.1616457535,234.336,-0.9141284498,-2.288580938
1.851,0.5,1,1.544666,0.94,0.06269922562,236.007,-0.8761141173,-1.898989084
1.852,0.42,0.84,1.305427805,-1.66,-0.1088233646,238.08,-0.8293268369,-1.391491259
1.853,0.37,0.74,1.154374041,-3.82,-0.2468446163,237.281,-0.8473117117,-1.055035749
1.854,0.36,0.72,1.124022067,-4.22,-0.2719656925,236.264,-0.8702914005,-0.9840359706
1.855,0.3,0.6,0.94092168,-6.6,-0.4186480073,234.94,-0.9003565894,-0.7133573927
1.856,0.08,0.16,0.2550549248,-15.19,-0.9098153711,233.24,-0.9392093383,-0.1379402468
1.857,-0.18,-0.36,-0.5848888032,-24.91,-1.398393886,230.798,-0.9955186086,0.2443233846
1.858,-0.38,-0.76,-1.252653219,-32.03,-1.715174777,227.405,-1.074753715,0.448991156
1.859,-0.52,-1.04,-1.731291827,-37.25,-1.927278198,222.639,-1.188071761,0.5557294847
1.86,-0.65,-1.3,-2.18400338,-41.67,-2.094526705,217.79,-1.305880526,0.6422770074
1.861,-0.8,-1.6,-2.71624832,-47.15,-2.287282234,213.843,-1.403727718,0.7359092376
1.862,-0.91,-1.82,-3.113292801,-51.13,-2.417856159,209.862,-1.504264539,0.7937779177
1.863,-0.93,-1.86,-3.186094663,-51.93,-2.443199029,209.763,-1.506788936,0.8066087016
1.864,-0.98,-1.96,-3.368923107,-53.81,-2.501610653,210.119,-1.497716861,0.8423723977
1.865,-1.12,-2.24,-3.887103539,-58.57,-2.642648004,212.204,-1.444890751,0.9509643266
1.866,-1.23,-2.46,-4.300717927,-62.7,-2.757594673,214.52,-1.386817047,1.037714932
1.867,-1.21,-2.42,-4.225091649,-61.93,-2.736658373,215.926,-1.351866662,1.033402416
1.868,-1.02,-2.04,-3.516033187,-56.22,-2.574213526,217.906,-1.303031751,0.9068379575
1.869,-0.76,-1.52,-2.573280717,-47.99,-2.315477691,219.288,-1.269208209,0.7178538896
1.87,-0.54,-1.08,-1.800421949,-41.03,-2.0709811,221.668,-1.211455855,0.5485016083
1.871,-0.43,-0.86,-1.422536423,-37.26,-1.927669054,223.34,-1.171253242,0.4590423016
1.872,-0.41,-0.82,-1.354441921,-36.45,-1.895821927,225.526,-1.119143292,0.4492396504
1.873,-0.45,-0.9,-1.49081922,-38.29,-1.96761948,226.439,-1.097528536,0.4863775623
1.874,-0.52,-1.04,-1.731291827,-41.09,-2.073197976,227.796,-1.065562828,0.5515845059
1.875,-0.55,-1.1,-1.83505762,-42.1,-2.11022177,228.54,-1.048117772,0.58101974
1.876,-0.43,-0.86,-1.422536423,-38.3,-1.968004376,228.861,-1.040608605,0.4728213407
1.877,-0.17,-0.34,-0.5519948552,-29.03,-1.585703598,228.125,-1.057841533,0.2088085611
1.878,0.14,0.28,0.4443690272,-16.69,-0.9896990223,228.916,-1.039323045,-0.2190065029
1.879,0.37,0.74,1.154374041,-5.85,-0.3729363483,230.296,-1.007167865,-0.8364397629
1.88,0.44,0.88,1.365519795,-2.27,-0.1482089132,231.549,-0.9781383573,-1.212343503
1.881,0.36,0.72,1.124022067,-5.46,-0.3489809216,232.154,-0.9641779049,-0.8559681011
1.882,0.23,0.46,0.7251627128,-11.32,-0.6957691206,232.201,-0.9630948973,-0.4371441571
1.883,0.13,0.26,0.4129343608,-16.13,-0.9600736144,232.701,-0.9515870912,-0.2160081858
1.884,0.1,0.2,0.31834792,-17.18,-1.015429303,234.56,-0.9090168682,-0.1654231356
1.885,0.12,0.24,0.3814526208,-16.16,-0.961666644,235.698,-0.8831233719,-0.2067729213
1.886,0.13,0.26,0.4129343608,-15.76,-0.9403706388,236.739,-0.8595462219,-0.2294185747
1.887,0.11,0.22,0.3499238072,-16.66,-0.9881178902,237.868,-0.8340929041,-0.1920325619
1.888,0.1,0.2,0.31834792,-17.19,-1.015952553,238.907,-0.8107751597,-0.1742722343
1.889,0.15,0.3,0.47575662,-15.12,-0.9060460152,239.182,-0.8046204473,-0.2781118532
1.89,0.23,0.46,0.7251627128,-11.53,-0.7076833433,239.192,-0.8043967729,-0.4795795574
1.891,0.28,0.56,0.8795116288,-8.94,-0.5582881546,238.682,-0.8158161053,-0.6400617875
1.892,0.3,0.6,0.94092168,-8.12,-0.5098642897,238.211,-0.8263838881,-0.70415189
1.893,0.28,0.56,0.8795116288,-8.71,-0.5447609703,237.654,-0.8389082442,-0.6356372025
1.894,0.25,0.5,0.7870435,-9.91,-0.6148676309,236.795,-0.8582808429,-0.5342594545
1.895,0.22,0.44,0.6941517088,-11.35,-0.6974732837,235.62,-0.8848941509,-0.438679218
1.896,0.14,0.28,0.4443690272,-14.54,-0.8746709042,233.535,-0.9324469786,-0.2458993027
1.897,-0.03,-0.06,-0.0964223112,-21.01,-1.210483013,230.946,-0.9920890025,0.04377714351
1.898,-0.24,-0.48,-0.7832410368,-29.52,-1.607241227,227.811,-1.065210551,0.2930795771
1.899,-0.44,-0.88,-1.456654285,-37.29,-1.928841275,224.809,-1.136179291,0.4752510639
1.9,-0.57,-1.14,-1.904470183,-42.07,-2.10913,221.94,-1.204895107,0.5746698115
1.901,-0.62,-1.24,-2.078825379,-44.19,-2.185103088,221.04,-1.226634267,0.6093157717
1.902,-0.65,-1.3,-2.18400338,-45.26,-2.222554694,219.394,-1.266622737,0.625936463
1.903,-0.65,-1.3,-2.18400338,-45.04,-2.214902545,219.238,-1.270428205,0.6266272949
1.904,-0.59,-1.18,-1.974071041,-43.12,-2.147055498,217.799,-1.305659446,0.5717445757
1.905,-0.5,-1,-1.66235,-40.4,-2.047584795,217.157,-1.321452779,0.4934198456
1.906,-0.46,-0.92,-1.525031229,-38.79,-1.986794726,217.499,-1.313033706,0.462154703
1.907,-0.44,-0.88,-1.456654285,-38.31,-1.968389214,218.206,-1.295671255,0.4462706187
1.908,-0.39,-0.78,-1.286535713,-36.47,-1.896612871,219.699,-1.25919037,0.4076729804
1.909,-0.26,-0.52,-0.8497350368,-31.94,-1.711372967,220.148,-1.248267704,0.2871075009
1.91,-0.12,-0.24,-0.3882312192,-26.98,-1.493907299,219.451,-1.265232953,0.1407073159
1.911,-0.08,-0.16,-0.2580676352,-25.45,-1.42358781,220.42,-1.241661686,0.09682682075
1.912,-0.15,-0.3,-0.48634818,-28.33,-1.55466675,221.447,-1.216792393,0.175484521
1.913,-0.25,-0.5,-0.8164645,-32.58,-1.738299124,223.306,-1.172067758,0.2805366241
1.914,-0.31,-0.62,-1.016793825,-34.85,-1.831783907,225.396,-1.122228083,0.3442077515
1.915,-0.29,-0.58,-0.9498290888,-34.24,-1.806968749,226.898,-1.08669487,0.3282444727
1.916,-0.22,-0.44,-0.7169353312,-31.64,-1.698663905,227.817,-1.065069646,0.259408267
1.917,-0.1,-0.2,-0.32305528,-27.51,-1.517903665,226.938,-1.085751798,0.1240775843
1.918,0.01,0.02,0.0320466232,-22.96,-1.305759017,228.378,-1.051911451,-0.01359249464
1.919,0.1,0.2,0.31834792,-19.49,-1.134345791,230.508,-1.002245164,-0.1489980659
1.92,0.15,0.3,0.47575662,-17.4,-1.02692367,231.147,-0.9874347443,-0.2361827055
1.921,0.18,0.36,0.5696369568,-15.85,-0.945172734,230.306,-1.00693556,-0.2918060225
1.922,0.24,0.48,0.7561266432,-13.4,-0.8122524512,230.439,-1.003846867,-0.4163465267
1.923,0.34,0.68,1.063176899,-8.51,-0.5329633153,233.035,-0.943913644,-0.7198818375
1.924,0.46,0.92,1.425423491,-2.02,-0.1321062886,234.558,-0.9090624857,-1.369060931
1.925,0.54,1.08,1.663155331,1.01,0.06739971161,235.628,-0.8847125056,-2.034906762
1.926,0.54,1.08,1.663155331,1.19,0.07950673123,237.356,-0.8456209459,-2.170897367
1.927,0.52,1.04,1.604004813,0.49,0.03258588131,238.908,-0.8107527661,-2.061260694
1.928,0.51,1.02,1.574358943,0.25,0.01659890551,240.846,-0.767529129,-2.096544917
1.929,0.54,1.08,1.663155331,1.07,0.07143217463,242.182,-0.7379340818,-2.495349696
1.93,0.59,1.18,1.810207839,2.34,0.1575417291,243.08,-0.7181332094,-3.229103372
1.931,0.64,1.28,1.956083507,3.61,0.245106061,243.904,-0.7000282851,-4.299819625
1.932,0.68,1.36,2.071936717,4.63,0.3164980837,244.318,-0.6909549516,-5.53317857
1.933,0.7,1.4,2.12958088,5.08,0.3482985823,244.397,-0.6892253136,-6.246447357
1.934,0.71,1.42,2.158332351,5.34,0.3667574801,245.217,-0.6713050577,-7.087012046
1.935,0.74,1.48,2.244304323,6.17,0.4261037932,244.468,-0.6876713059,-8.580210516
1.936,0.8,1.6,2.41497728,7.6,0.5298619186,243.726,-0.7039341156,-13.87342334
1.937,0.85,1.7,2.55591022,8.92,0.6273534251,241.496,-0.7531098908,-20.32428476
1.938,0.84,1.68,2.527817779,8.67,0.6087618467,238.429,-0.8214900476,-11.88285224
1.939,0.69,1.38,2.100782335,5.02,0.3440477163,235.48,-0.888073943,-3.861546066
1.94,0.37,0.74,1.154374041,-5.25,-0.336029081,231.51,-0.9790395384,-0.8778051759
1.941,-0.05,-0.1,-0.16093922,-22.2,-1.268943242,226.389,-1.09871,0.06797415144
1.942,-0.43,-0.86,-1.422536423,-36.71,-1.906086008,220.484,-1.240108513,0.4521450957
1.943,-0.66,-1.32,-2.219156861,-45.15,-2.218731721,214.645,-1.38370053,0.6160162652
1.944,-0.7,-1.4,-2.36024152,-46.8,-2.275431052,211.336,-1.466819289,0.6307011303
1.945,-0.62,-1.24,-2.078825379,-44.02,-2.179098226,209.28,-1.519122043,0.5621150792
1.946,-0.46,-0.92,-1.525031229,-38.97,-1.993663194,206.07,-1.601817803,0.424152215
1.947,-0.3,-0.6,-0.98328792,-33.33,-1.769532425,203.474,-1.669643414,0.2859080099
1.948,-0.19,-0.38,-0.6178298248,-29.51,-1.606803225,203.194,-1.677010604,0.1881439865
1.949,-0.16,-0.32,-0.5191479808,-28.33,-1.55466675,204.775,-1.635544746,0.1627315247
1.95,-0.17,-0.34,-0.5519948552,-28.73,-1.572440945,205.178,-1.62502622,0.1726350348
1.951,-0.19,-0.38,-0.6178298248,-29.68,-1.614240553,205.505,-1.616506508,0.1912343533
1.952,-0.22,-0.44,-0.7169353312,-30.83,-1.66406855,208.127,-1.548678642,0.2231533602
1.953,-0.25,-0.5,-0.8164645,-31.88,-1.708835633,208.049,-1.550684044,0.2504861394
1.954,-0.26,-0.52,-0.8497350368,-32.57,-1.737880348,208.853,-1.530048953,0.2600224664
1.955,-0.26,-0.52,-0.8497350368,-32.55,-1.737042611,212.412,-1.439649309,0.2674905399
1.956,-0.24,-0.48,-0.7832410368,-31.52,-1.693564582,214.634,-1.38397471,0.2545023677
1.957,-0.17,-0.34,-0.5519948552,-29.21,-1.59363332,214.799,-1.379863475,0.1856382883
1.958,-0.1,-0.2,-0.32305528,-26.71,-1.481611357,218.748,-1.282398913,0.1168791895
1.959,-0.09,-0.18,-0.2905379208,-26.06,-1.451811216,219.617,-1.261187566,0.107091062
1.96,-0.15,-0.3,-0.48634818,-28.47,-1.560899531,220.856,-1.231089614,0.1741941514
1.961,-0.24,-0.48,-0.7832410368,-32.57,-1.737880348,220.975,-1.228207743,0.2640653321
1.962,-0.31,-0.62,-1.016793825,-35.52,-1.858783927,222.068,-1.201810477,0.3322210298
1.963,-0.32,-0.64,-1.050346803,-35.96,-1.876370655,224.746,-1.137678774,0.3484836026
1.964,-0.29,-0.58,-0.9498290888,-34.92,-1.834617301,227.383,-1.075271319,0.3264142421
1.965,-0.26,-0.52,-0.8497350368,-33.75,-1.78687308,230.597,-1.000179908,0.3048865739
1.966,-0.25,-0.5,-0.8164645,-33.32,-1.769118245,233.737,-0.9278214069,0.3027374007
1.967,-0.24,-0.48,-0.7832410368,-33,-1.755832221,234.815,-0.9032038184,0.2945582629
1.968,-0.2,-0.4,-0.65081792,-31.73,-1.702482505,236.003,-0.8762047933,0.2523834202
1.969,-0.13,-0.26,-0.4208897992,-28.85,-1.577752985,236.736,-0.8596140185,0.1726821602
1.97,-0.02,-0.04,-0.0642344672,-24.98,-1.401670901,237.531,-0.8416779024,0.02863329461
1.971,0.05,0.1,0.15976238,-22,-1.259187749,239.472,-0.7981376844,-0.07765537595
1.972,0.11,0.22,0.3499238072,-19.44,-1.131813056,241.531,-0.7523345718,-0.1857199521
1.973,0.24,0.48,0.7561266432,-13.84,-0.8364621522,243.545,-0.7079087007,-0.4896017312
1.974,0.45,0.9,1.39549518,-3.83,-0.2474743014,245.099,-0.6738801318,-1.514612759
1.975,0.65,1.3,1.98511742,3.43,0.2326062531,246.142,-0.6511619206,-4.742779931
1.976,0.74,1.48,2.244304323,5.67,0.3902762999,247.72,-0.6169729013,-9.900035154
1.977,0.64,1.28,1.956083507,3.29,0.2229045868,250.037,-0.5671653063,-5.68198286
1.978,0.49,0.98,1.514925983,-1.6,-0.104931936,252.455,-0.5156763279,-2.441034178
1.979,0.41,0.82,1.275311199,-5.8,-0.3698722461,253.93,-0.4845092423,-1.492671853
1.98,0.48,0.96,1.485138893,-1.96,-0.1282336076,255.552,-0.450444332,-2.566434265
1.981,0.67,1.34,2.043044025,3.79,0.2576354299,256.148,-0.4379815552,-11.32846087
1.982,0.78,1.56,2.358274589,6.61,0.4578249719,256.37,-0.4333467909,96.34190509
1.983,0.67,1.34,2.043044025,4.02,0.2736882735,255.387,-0.4538997349,-11.33692613
1.984,0.43,0.86,1.335497337,-4.06,-0.2619335767,254.525,-0.4719879712,-1.819673153
1.985,0.19,0.38,0.6008362552,-15.16,-0.908200388,252.442,-0.5159518297,-0.4218904747
1.986,0.08,0.16,0.2550549248,-20.14,-1.167107229,249.03,-0.5887554227,-0.1452590409
1.987,0.11,0.22,0.3499238072,-18.87,-1.102811797,244.611,-0.6845427724,-0.1957774989
1.988,0.22,0.44,0.6941517088,-14.34,-0.8637924207,239.07,-0.8071262392,-0.4154311789
1.989,0.34,0.68,1.063176899,-8.58,-0.5370961905,235.45,-0.888755573,-0.7456433596
1.99,0.4,0.8,1.24514752,-5.19,-0.3323217565,232.683,-0.952000943,-0.9694974017
1.991,0.38,0.76,1.184678941,-6.18,-0.3931071275,232.41,-0.958281623,-0.8766381549
1.992,0.32,0.64,1.002143437,-8.94,-0.5582881546,230.53,-1.001734577,-0.6423902783
1.993,0.27,0.54,0.8487359928,-10.97,-0.6758346262,229.286,-1.030682749,-0.4973497518
1.994,0.24,0.48,0.7561266432,-12.17,-0.7437792651,230.255,-1.008120419,-0.4316038469
1.995,0.21,0.42,0.6630936312,-13.73,-0.8304237177,230.116,-1.011351075,-0.3600297028
1.996,0.18,0.36,0.5696369568,-15.08,-0.9038904282,229.685,-1.021380852,-0.2958736064
1.997,0.18,0.36,0.5696369568,-14.78,-0.8876847721,227.799,-1.065492371,-0.2916463357
1.998,0.21,0.42,0.6630936312,-13.41,-0.8128043309,224.874,-1.134632646,-0.3404955535
1.999,0.2,0.4,0.63198848,-14.12,-0.8517907325,223.206,-1.17446411,-0.3118998
2,0.1,0.2,0.31834792,-18.14,-1.065324141,221.917,-1.205449564,-0.140193591
2.001,-0.01,-0.02,-0.0320936968,-22.83,-1.299490124,221.673,-1.21133518,0.01278213054
2.002,-0.1,-0.2,-0.32305528,-26.42,-1.468350696,221.355,-1.219015509,0.1202126005
2.003,-0.17,-0.34,-0.5519948552,-29.35,-1.599786467,221.282,-1.22078016,0.1957035334
2.004,-0.24,-0.48,-0.7832410368,-32.48,-1.734108591,221.129,-1.224480566,0.2647346405
2.005,-0.33,-0.66,-1.083946855,-36.07,-1.880749522,221.148,-1.224020899,0.3491230295
2.006,-0.32,-0.64,-1.050346803,-35.56,-1.860387443,221.518,-1.215077359,0.341524573
2.007,-0.1,-0.2,-0.32305528,-27.74,-1.528259664,222.7,-1.186606136,0.1189949352
2.008,0.2,0.4,0.63198848,-15.92,-0.9489034806,223.992,-1.155657656,-0.3002946643
2.009,0.34,0.68,1.063176899,-8.99,-0.5612231769,227.155,-1.080638528,-0.647543515
2.01,0.28,0.56,0.8795116288,-12.34,-0.7533132446,230.373,-1.005379379,-0.500094
2.011,0.12,0.24,0.3814526208,-19.56,-1.137888583,232.665,-0.9524148268,-0.1824867237
2.012,0.08,0.16,0.2550549248,-21.52,-1.235659803,233.535,-0.9324469786,-0.1176394664
2.013,0.18,0.36,0.5696369568,-17.33,-1.023270261,232.295,-0.9609295395,-0.2870864903
2.014,0.33,0.66,1.032683705,-10.81,-0.6666893869,231.787,-0.9726421295,-0.6299419578
2.015,0.47,0.94,1.455304729,-3.7,-0.2392817514,233.884,-0.9244577854,-1.250541623
2.016,0.58,1.16,1.780891485,1.29,0.0862453457,235.858,-0.879492838,-2.245064122
2.017,0.63,1.26,1.927002521,2.46,0.1657530267,238.26,-0.8252835064,-2.921779327
2.018,0.63,1.26,1.927002521,2.58,0.1739773267,240.321,-0.7792038744,-3.18393588
2.019,0.69,1.38,2.100782335,3.93,0.2674009624,241.313,-0.757165532,-4.289371803
2.02,0.81,1.62,2.443258015,7.06,0.4904547193,242.633,-0.7279803853,-10.28629056
2.021,0.91,1.82,2.723476319,9.69,0.6849914265,244.536,-0.6861833835,-2284.878068
2.022,0.88,1.76,2.639905101,8.98,0.6318242889,247.19,-0.6284315547,778.1054842
2.023,0.72,1.44,2.187036749,5.12,0.3511343416,251.406,-0.5379529404,-11.70673993
2.024,0.54,1.08,1.663155331,0.5,0.03325311302,254.797,-0.4662737074,-3.840822706
2.025,0.41,0.82,1.275311199,-4.95,-0.317462192,255.226,-0.4572735229,-1.646124187
2.026,0.35,0.7,1.09362302,-7.19,-0.4542800947,255.784,-0.4455895982,-1.215312649
2.027,0.37,0.74,1.154374041,-6.6,-0.4186480073,254.575,-0.4709370971,-1.297654418
2.028,0.37,0.74,1.154374041,-6.64,-0.4210728386,254.15,-0.4798761134,-1.281286846
2.029,0.31,0.62,0.9715560952,-8.88,-0.5547634564,254.696,-0.4683948357,-0.9495657736
2.03,0.27,0.54,0.8487359928,-10.84,-0.6684056668,255.331,-0.4550729851,-0.7554536006
2.031,0.27,0.54,0.8487359928,-10.56,-0.6523592365,254.791,-0.4663996915,-0.7586406433
2.032,0.26,0.52,0.8179132832,-10.88,-0.6706929287,253.441,-0.4948218176,-0.7017614198
2.033,0.13,0.26,0.4129343608,-16.39,-0.9738574527,250.725,-0.552464501,-0.2705421093
2.034,-0.06,-0.12,-0.1932682848,-24.43,-1.375833207,247.942,-0.6121805223,0.09721677568
2.035,-0.09,-0.18,-0.2905379208,-25.55,-1.42823174,244.103,-0.6956650278,0.1367947469
2.036,0.06,0.12,0.1915736352,-19.78,-1.14900004,239.681,-0.7934704901,-0.09862370224
2.037,0.11,0.22,0.3499238072,-17.5,-1.032136534,237.561,-0.8410022438,-0.1868114692
2.038,-0.06,-0.12,-0.1932682848,-24.42,-1.375361524,235.85,-0.8796743062,0.08570519466
2.039,-0.25,-0.5,-0.8164645,-32.44,-1.732430652,235.827,-0.8801960615,0.3125071392
2.04,-0.2,-0.4,-0.65081792,-30.38,-1.644670562,235.717,-0.8826921171,0.2575087166
2.041,0.1,0.2,0.31834792,-18.99,-1.108936933,235.004,-0.8988993945,-0.1585527244
2.042,0.35,0.7,1.09362302,-7.39,-0.4662936004,233.879,-0.9245721596,-0.7862894116
2.043,0.38,0.76,1.184678941,-5.83,-0.3717109579,231.855,-0.9710728152,-0.8822559257
2.044,0.22,0.44,0.6941517088,-12.02,-0.7353481389,230.036,-1.01321133,-0.3969849017
2.045,-0.02,-0.04,-0.0642344672,-20.49,-1.184622264,228.911,-1.039439901,0.02888159702
2.046,-0.21,-0.42,-0.6838530888,-27.3,-1.508417823,228.516,-1.048679629,0.2674333308
2.047,-0.3,-0.6,-0.98328792,-30.47,-1.648560403,229.898,-1.01642179,0.3689660376
2.048,-0.29,-0.58,-0.9498290888,-30.26,-1.639476122,231.453,-0.9803569223,0.3625532898
2.049,-0.26,-0.52,-0.8497350368,-29.26,-1.595832319,233.174,-0.9407234438,0.3349956068
2.05,-0.29,-0.58,-0.9498290888,-30.29,-1.640775588,235.029,-0.8983302855,0.3740801432
2.051,-0.41,-0.82,-1.354441921,-34.4,-1.813499243,236.521,-0.864475014,0.5057710757
2.052,-0.58,-1.16,-1.939247075,-40.47,-2.050195159,238.049,-0.8300234969,0.6732985606
2.053,-0.71,-1.42,-2.395630369,-44.93,-2.211067154,238.909,-0.8107303726,0.7927832184
2.054,-0.67,-1.34,-2.254357415,-43.81,-2.171659624,239.922,-0.788093751,0.7616706967
2.055,-0.48,-0.96,-1.593596467,-37.36,-1.93157444,239.121,-0.8059850634,0.5821230426
2.056,-0.27,-0.54,-0.8830526472,-29.88,-1.622966693,238.571,-0.8183047225,0.3617183413
2.057,-0.17,-0.34,-0.5519948552,-26.37,-1.466058718,235.22,-0.8939842899,0.2338918628
2.058,-0.21,-0.42,-0.6838530888,-27.66,-1.524661514,231.963,-0.9685813206,0.2742825846
2.059,-0.29,-0.58,-0.9498290888,-30.48,-1.648992291,229.669,-1.021753549,0.3556418865
2.06,-0.35,-0.7,-1.15128818,-32.59,-1.738717839,226.83,-1.088298474,0.4072449724
2.061,-0.37,-0.74,-1.218817799,-33.42,-1.773257312,224.482,-1.143966895,0.417800523
2.062,-0.34,-0.68,-1.117593981,-32.49,-1.734527922,221.679,-1.211190374,0.3793960822
2.063,-0.29,-0.58,-0.9498290888,-30.61,-1.654601076,216.85,-1.329021552,0.3183475952
2.064,-0.29,-0.58,-0.9498290888,-30.36,-1.643805456,212.07,-1.448270171,0.3071817133
2.065,-0.38,-0.76,-1.252653219,-33.77,-1.787696154,209.309,-1.518380743,0.3788941571
2.066,-0.57,-1.14,-1.904470183,-40.44,-2.049076763,206.825,-1.582252274,0.5244554167
2.067,-0.79,-1.58,-2.680435809,-48.08,-2.318478066,205.873,-1.606934773,0.6828417593
2.068,-0.99,-1.98,-3.405630017,-54.93,-2.535663524,204.384,-1.645769869,0.8144647294
2.069,-1.14,-2.28,-3.961882493,-60.18,-2.688242787,204.034,-1.654939399,0.9122072995
2.07,-1.23,-2.46,-4.300717927,-63.42,-2.77697356,203.564,-1.667277541,0.9677036309
2.071,-1.27,-2.54,-4.452535367,-64.95,-2.817532817,203.97,-1.656617814,0.9951688564
2.072,-1.26,-2.52,-4.414510397,-64.49,-2.805426099,204.499,-1.642760451,0.99242924
2.073,-1.17,-2.34,-4.074403975,-61.8,-2.73310183,205.635,-1.613123232,0.9374581199
2.074,-1,-2,-3.442384,-56.63,-2.586317967,206.694,-1.585641961,0.8251239368
2.075,-0.75,-1.5,-2.5376565,-48.74,-2.340360252,207.927,-1.553822206,0.6516532104
2.076,-0.49,-0.98,-1.627949697,-40.42,-2.048330889,209.367,-1.516898451,0.4566185065
2.077,-0.34,-0.68,-1.117593981,-35.25,-1.847935408,210.576,-1.486093471,0.3352082484
2.078,-0.33,-0.66,-1.083946855,-34.95,-1.835830718,211.938,-1.45160124,0.3297244989
2.079,-0.45,-0.9,-1.49081922,-39.49,-2.013403076,213.097,-1.422424041,0.4339040264
2.08,-0.62,-1.24,-2.078825379,-45.8,-2.241232402,214.261,-1.393280254,0.5719681223
2.081,-0.75,-1.5,-2.5376565,-50.68,-2.403470658,215.546,-1.361290219,0.6740551613
2.082,-0.82,-1.64,-2.788014563,-53.5,-2.492087893,216.579,-1.335711692,0.7283595971
2.083,-0.85,-1.7,-2.89601698,-54.62,-2.526292969,217.71,-1.307846083,0.7553239309
2.084,-0.83,-1.66,-2.823968295,-54,-2.507426187,218.918,-1.278242775,0.7459628201
2.085,-0.75,-1.5,-2.5376565,-51.44,-2.427711506,220.492,-1.239914398,0.6919071262
2.086,-0.6,-1.2,-2.00894208,-46.64,-2.269993025,222.339,-1.195285602,0.5797346466
2.087,-0.41,-0.82,-1.354441921,-40.35,-2.045718595,224.076,-1.15365171,0.4233464062
2.088,-0.23,-0.46,-0.7500646472,-34.45,-1.815536867,226.173,-1.103816925,0.2569283138
2.089,-0.1,-0.2,-0.32305528,-29.71,-1.615551103,228.754,-1.04311049,0.1215104926
2.09,0.02,0.04,0.0640461728,-25.11,-1.407747973,231.755,-0.9733807896,-0.02689740001
2.091,0.17,0.34,0.5383905848,-19.11,-1.115051599,234.14,-0.9186050935,-0.2647401535
2.092,0.37,0.74,1.154374041,-10.31,-0.6379793222,236.681,-0.8608571087,-0.7701801324
2.093,0.58,1.16,1.780891485,0.49,0.03258588131,238.559,-0.8185738316,-2.265799984
2.094,0.78,1.56,2.358274589,5.57,0.3831387118,240.534,-0.7744641917,-6.026376278
2.095,0.86,1.72,2.583955587,7.59,0.5291296552,242.209,-0.7373376628,-12.41045249
2.096,0.65,1.3,1.98511742,2.26,0.1520747473,243.784,-0.702661116,-3.605460528
2.097,0.23,0.46,0.7251627128,-14.17,-0.8545216457,244.392,-0.6893347678,-0.4697086507
2.098,-0.17,-0.34,-0.5519948552,-30.12,-1.633404388,245.106,-0.6737273385,0.2392558902
2.099,-0.34,-0.68,-1.117593981,-36.86,-1.911989692,245.285,-0.6698216794,0.4328720499
2.1,-0.26,-0.52,-0.8497350368,-34.04,-1.798783951,245.242,-0.6707596502,0.3440858612
2.101,-0.11,-0.22,-0.3556197128,-28.71,-1.571554699,243.206,-0.7153607667,0.1555019056
2.102,-0.01,-0.02,-0.0320936968,-24.8,-1.393237573,240.673,-0.7713734219,0.01482654245
2.103,0.07,0.14,0.2233378168,-21.85,-1.251852694,238.885,-0.8112678427,-0.1082524326
2.104,0.11,0.22,0.3499238072,-20.08,-1.164095834,237.207,-0.8489804578,-0.1738254077
2.105,0.12,0.24,0.3814526208,-19.66,-1.142943575,236.274,-0.8700649637,-0.1894937918
2.106,0.1,0.2,0.31834792,-20.64,-1.192101881,235.767,-0.881557402,-0.1535198779
2.107,0.05,0.1,0.15976238,-22.44,-1.280612836,236.82,-0.8577160381,-0.07471366165
2.108,0.03,0.06,0.0959986488,-23.51,-1.332151583,237.638,-0.8392684439,-0.04421007801
2.109,0.05,0.1,0.15976238,-22.7,-1.293209475,238.565,-0.8184392754,-0.07565764901
2.11,0.11,0.22,0.3499238072,-20.3,-1.17512499,240.361,-0.7783134729,-0.1791322398
2.111,0.15,0.3,0.47575662,-18.5,-1.083859896,241.392,-0.7554143589,-0.2586654049
2.112,0.12,0.24,0.3814526208,-19.73,-1.146477775,241.967,-0.7426857185,-0.2019161508
2.113,0.01,0.02,0.0320466232,-24.51,-1.379604216,241.507,-0.752866207,-0.01502793326
2.114,-0.15,-0.3,-0.48634818,-31.04,-1.673077235,241.035,-0.7633324495,0.1996167489
2.115,-0.27,-0.54,-0.8830526472,-36,-1.877963793,238.332,-0.8236670294,0.3268591104
2.116,-0.31,-0.62,-1.016793825,-37.55,-1.938978796,236.058,-0.8749581324,0.3613420808
2.117,-0.27,-0.54,-0.8830526472,-36.27,-1.888692906,234.383,-0.9130555256,0.315179135
2.118,-0.2,-0.4,-0.65081792,-33.76,-1.787284647,232.971,-0.9453831529,0.2381621066
2.119,-0.14,-0.28,-0.4535954528,-31.58,-1.696115367,232.793,-0.9494723485,0.1714535678
2.12,-0.1,-0.2,-0.32305528,-30.24,-1.638609494,232.901,-0.9469908907,0.1249440099
2.121,-0.08,-0.16,-0.2580676352,-29.51,-1.606803225,234.178,-0.91773688,0.1022236227
2.122,-0.06,-0.12,-0.1932682848,-28.92,-1.580847375,235.626,-0.8847579163,0.07838573572
2.123,-0.04,-0.08,-0.1286572288,-28.05,-1.542162911,237.597,-0.8401915661,0.05400423407
2.124,-0.01,-0.02,-0.0320936968,-26.93,-1.491633917,239.392,-0.7999252483,0.01400517922
2.125,0.03,0.06,0.0959986488,-25.55,-1.42823174,241.063,-0.7627109991,-0.04381613773
2.126,0.08,0.16,0.2550549248,-23.34,-1.324016234,243.223,-0.714986817,-0.1250880545
2.127,0.18,0.36,0.5696369568,-19.44,-1.131813056,245.543,-0.6641973054,-0.317167968
2.128,0.32,0.64,1.002143437,-13.13,-0.7973224563,247.639,-0.6187225414,-0.7077059263
2.129,0.49,0.98,1.514925983,-4.96,-0.3180823083,249.679,-0.5748308616,-1.696610638
2.13,0.62,1.24,1.897874461,1.16,0.07748688771,251.91,-0.5272383956,-4.219829011
2.131,0.7,1.4,2.12958088,3.04,0.2056245185,253.689,-0.4895892338,-7.49945597
2.132,0.72,1.44,2.187036749,3.69,0.2506710171,255.108,-0.459747589,-10.46045824
2.133,0.72,1.44,2.187036749,3.68,0.2499750781,255.529,-0.4509258604,-10.88344481
2.134,0.71,1.42,2.158332351,3.47,0.235381436,255.256,-0.4566447055,-9.754589436
2.135,0.7,1.4,2.12958088,3.05,0.2063146311,254.868,-0.4647831204,-8.239228253
2.136,0.67,1.34,2.043044025,2.41,0.1623300733,254.985,-0.4623277068,-6.810200472
2.137,0.63,1.26,1.927002521,1.43,0.0956944162,255.846,-0.4442929581,-5.527855941
2.138,0.57,1.14,1.751528057,-0.14,-0.00927127891,256.169,-0.4375429596,-3.92003635
2.139,0.49,0.98,1.514925983,-3.54,-0.2291788342,255.124,-0.4594120554,-2.200037796
2.14,0.39,0.78,1.214936767,-7.65,-0.4818619997,255.107,-0.4597685605,-1.290247809
2.141,0.26,0.52,0.8179132832,-12.79,-0.7784413185,250.915,-0.5484117937,-0.6164309189
2.142,0.08,0.16,0.2550549248,-19.51,-1.135358379,246.535,-0.6426267121,-0.1434516668
2.143,-0.13,-0.26,-0.4208897992,-27.44,-1.514744942,240.744,-0.7697953721,0.184233912
2.144,-0.34,-0.68,-1.117593981,-35.01,-1.838255943,232.495,-0.9563253093,0.3999146491
2.145,-0.5,-1,-1.66235,-40.85,-2.064318663,227.464,-1.073365843,0.5298015135
2.146,-0.6,-1.2,-2.00894208,-44.47,-2.194960674,220.866,-1.23084738,0.5864140805
2.147,-0.64,-1.28,-2.148896973,-46.18,-2.254287212,213.098,-1.422398935,0.5844657082
2.148,-0.65,-1.3,-2.18400338,-46.28,-2.257710568,204.995,-1.629800059,0.5617999768
2.149,-0.63,-1.26,-2.113837639,-45.74,-2.239164431,197.761,-1.822006073,0.5204996041
2.15,-0.66,-1.32,-2.219156861,-46.79,-2.27509155,194.241,-1.918089798,0.5292298798
2.151,-0.77,-1.54,-2.608952007,-50.87,-2.409556037,193.229,-1.946036283,0.5989890273
2.152,-0.93,-1.86,-3.186094663,-56.81,-2.591609851,190.688,-2.016856531,0.6913568201
2.153,-1.07,-2.14,-3.700979943,-61.9,-2.735838196,193.773,-1.930995524,0.7930387422
2.154,-1.12,-2.24,-3.887103539,-63.67,-2.783658179,193.369,-1.942161457,0.822524734
2.155,-1.08,-2.16,-3.738110515,-62.49,-2.751906617,193.438,-1.940252753,0.7966716857
2.156,-1.03,-2.06,-3.552928391,-60.92,-2.708858671,192.834,-1.956983982,0.7614762553
2.157,-1.02,-2.04,-3.516033187,-60.69,-2.702473674,195.35,-1.887631363,0.766002773
2.158,-1.03,-2.06,-3.552928391,-61.05,-2.712458604,201.049,-1.73378763,0.7990849368
2.159,-0.99,-1.98,-3.405630017,-59.78,-2.677010475,202.61,-1.692409181,0.7794238789
2.16,-0.89,-1.78,-3.040679233,-56.57,-2.584550994,204.432,-1.644513558,0.7189957011
2.161,-0.78,-1.56,-2.644670371,-53.35,-2.487464795,206.114,-1.600675595,0.6469128062
2.162,-0.72,-1.44,-2.431066291,-51.44,-2.427711506,208.771,-1.532149886,0.6139271177
2.163,-0.66,-1.32,-2.219156861,-49.58,-2.367906163,211.491,-1.462896881,0.5792928625
2.164,-0.57,-1.14,-1.904470183,-46.55,-2.266928506,215.159,-1.370904458,0.523517765
2.165,-0.47,-0.94,-1.559290311,-43.33,-2.154570265,217.459,-1.314017709,0.4495461332
2.166,-0.41,-0.82,-1.354441921,-41.19,-2.076888401,219.726,-1.25853292,0.4060782103
2.167,-0.35,-0.7,-1.15128818,-39.49,-2.013403076,221.798,-1.208319199,0.357351777
2.168,-0.28,-0.56,-0.9164173312,-37.01,-1.917880312,223.832,-1.159480586,0.2977932591
2.169,-0.19,-0.38,-0.6178298248,-33.88,-1.792218728,225.824,-1.112078707,0.2127295288
2.17,-0.11,-0.22,-0.3556197128,-31.16,-1.678212608,227.606,-1.070027016,0.1293990923
2.171,-0.06,-0.12,-0.1932682848,-29.05,-1.586585709,228.835,-1.041216432,0.07354750259
2.172,0,0,0,-26.92,-1.491179042,230.185,-1.009747124,-0
2.173,0.06,0.12,0.1915736352,-24.51,-1.379604216,231.371,-0.9822526753,-0.08111144916
2.174,0.13,0.26,0.4129343608,-22.02,-1.260164562,232.537,-0.9553589242,-0.186382299
2.175,0.19,0.38,0.6008362552,-19.4,-1.129785566,232.898,-0.9470598045,-0.2893023543
2.176,0.26,0.52,0.8179132832,-16.27,-0.9675019767,235.007,-0.8988310982,-0.4382461492
2.177,0.35,0.7,1.09362302,-12.15,-0.7426561335,237.583,-0.8405068151,-0.690783612
2.178,0.44,0.88,1.365519795,-7.83,-0.4926076386,240.211,-0.7816532431,-1.071617135
2.179,0.49,0.98,1.514925983,-5.3,-0.3391162088,242.176,-0.7380666284,-1.406377758
2.18,0.48,0.96,1.485138893,-5.8,-0.3698722461,243.718,-0.7041097255,-1.3828341
2.181,0.45,0.9,1.39549518,-7.54,-0.4752821432,243.934,-0.6993702798,-1.188006897
2.182,0.46,0.92,1.425423491,-6.77,-0.4289443897,244.057,-0.6966733038,-1.266347801
2.183,0.53,1.06,1.633603609,-2.97,-0.1930093327,243.277,-0.71379915,-1.801486907
2.184,0.57,1.14,1.751528057,-0.7,-0.04618381899,243.359,-0.7119961596,-2.310174505
2.185,0.5,1,1.544666,-4.04,-0.2606780338,243.809,-0.7021125027,-1.604363505
2.186,0.35,0.7,1.09362302,-10.82,-0.6672615596,244.593,-0.6849364731,-0.8087743019
2.187,0.24,0.48,0.7561266432,-15.64,-0.9339583489,242.257,-0.7362775265,-0.4527065035
2.188,0.2,0.4,0.63198848,-17.13,-1.012811942,239.973,-0.7869566272,-0.3511498594
2.189,0.15,0.3,0.47575662,-19.35,-1.127249575,236.155,-0.8727601836,-0.2378771494
2.19,0.03,0.06,0.0959986488,-24.58,-1.382900269,232.632,-0.9531736969,-0.0410940108
2.191,-0.1,-0.2,-0.32305528,-29.82,-1.620351533,230.3,-1.007074942,0.122955022
2.192,-0.14,-0.28,-0.4535954528,-31.28,-1.683338948,231.315,-0.9835477221,0.1700842626
2.193,-0.08,-0.16,-0.2580676352,-29.44,-1.603735414,228.631,-1.045987935,0.09739418091
2.194,-0.04,-0.08,-0.1286572288,-27.84,-1.532751452,225.506,-1.119617759,0.04850653078
2.195,-0.06,-0.12,-0.1932682848,-28.52,-1.563122439,224.045,-1.154391912,0.07111950844
2.196,-0.11,-0.22,-0.3556197128,-30.63,-1.655463018,222.562,-1.189922386,0.1249812107
2.197,-0.16,-0.32,-0.5191479808,-32.87,-1.75041688,221.911,-1.205594215,0.1756245035
2.198,-0.2,-0.4,-0.65081792,-34.38,-1.812683774,221.251,-1.221529709,0.2144931211
2.199,-0.21,-0.42,-0.6838530888,-34.75,-1.827731124,221.375,-1.218532144,0.2244891622
2.2,-0.17,-0.34,-0.5519948552,-33.62,-1.781517189,221.555,-1.214183827,0.184262332
2.201,-0.09,-0.18,-0.2905379208,-30.5,-1.649855876,222.513,-1.19110039,0.1022676499
2.202,0.05,0.1,0.15976238,-25.5,-1.425910617,223.772,-1.16091489,-0.06176001419
2.203,0.19,0.38,0.6008362552,-20,-1.160076618,225.554,-1.118479108,-0.2636917097
2.204,0.27,0.54,0.8487359928,-16.51,-0.9802021512,227.431,-1.074142066,-0.4131420555
2.205,0.28,0.56,0.8795116288,-16.14,-0.9606046993,230.038,-1.013164815,-0.4455999661
2.206,0.28,0.56,0.8795116288,-16.11,-0.9590112194,233.002,-0.9446713091,-0.4620054109
2.207,0.35,0.7,1.09362302,-12.61,-0.7684090348,234.427,-0.9120512808,-0.6507877692
2.208,0.52,1.04,1.604004813,-4.19,-0.2700863258,236.056,-0.8750034604,-1.400767723
2.209,0.69,1.38,2.100782335,2.48,0.16712284,237.472,-0.8430069467,-3.108199045
2.21,0.77,1.54,2.329852633,4.47,0.3052362103,238.643,-0.8166903524,-4.555350012
2.211,0.74,1.48,2.244304323,3.57,0.242325773,239.472,-0.7981376844,-4.037884538
2.212,0.66,1.32,2.014104259,1.46,0.09772149724,239.88,-0.7890303873,-2.913465005
2.213,0.6,1.2,1.83947712,0.1,0.00663293416,239.646,-0.7942517939,-2.335491459
2.214,0.6,1.2,1.83947712,0.06,0.003978700632,239.019,-0.8082676585,-2.287084887
2.215,0.62,1.24,1.897874461,0.5,0.03325311302,237.947,-0.8323163733,-2.375124167
2.216,0.62,1.24,1.897874461,0.56,0.03725836599,237.236,-0.8483264277,-2.339969419
2.217,0.6,1.2,1.83947712,-0.09,-0.005962092718,237.077,-0.8519132998,-2.144224133
2.218,0.56,1.12,1.722117555,-2.27,-0.1482089132,237.254,-0.8479205182,-1.728809029
2.219,0.51,1.02,1.574358943,-4.8,-0.3081503368,238.282,-0.824789531,-1.389622687
2.22,0.46,0.92,1.425423491,-7.15,-0.4518734412,240.056,-0.7851065306,-1.152341609
2.221,0.43,0.86,1.335497337,-8.84,-0.5524120377,242.024,-0.7414255711,-1.032198576
2.222,0.42,0.84,1.305427805,-9.36,-0.5828795432,243.856,-0.701081262,-1.016719357
2.223,0.43,0.86,1.335497337,-9.01,-0.5623966193,245.636,-0.6621713637,-1.090586521
2.224,0.43,0.86,1.335497337,-8.85,-0.5530000139,246.952,-0.6335851344,-1.12549642
2.225,0.42,0.84,1.305427805,-9.65,-0.5997762913,248.028,-0.6103251681,-1.078775498
2.226,0.39,0.78,1.214936767,-11.23,-0.6906523648,248.825,-0.5931613242,-0.9463497528
2.227,0.35,0.7,1.09362302,-12.95,-0.7873377425,248.19,-0.6068319452,-0.7844260491
2.228,0.35,0.7,1.09362302,-13.28,-0.805623864,247.628,-0.618960191,-0.7676788296
2.229,0.4,0.8,1.24514752,-10.85,-0.6689776014,246.591,-0.6414116069,-0.9502119768
2.23,0.5,1,1.544666,-5.88,-0.3747738078,245.866,-0.6571642626,-1.496859205
2.231,0.6,1.2,1.83947712,-0.17,-0.0112557326,243.434,-0.710347615,-2.549152698
2.232,0.65,1.3,1.98511742,1.18,0.07883336081,240.687,-0.7710622203,-2.867718375
2.233,0.6,1.2,1.83947712,-0.13,-0.008609618032,238.38,-0.8225896493,-2.213039872
2.234,0.45,0.9,1.39549518,-6.62,-0.4198605886,235.686,-0.8833957613,-1.070775661
2.235,0.2,0.4,0.63198848,-16.64,-0.987063429,232.57,-0.9545997441,-0.3254882148
2.236,-0.14,-0.28,-0.4535954528,-29.97,-1.626885128,228.29,-1.053973343,0.1691978363
2.237,-0.49,-0.98,-1.627949697,-43.2,-2.149921015,223.186,-1.174943509,0.4896288811
2.238,-0.73,-1.46,-2.466549287,-52.16,-2.450430774,218.269,-1.294126836,0.6587024539
2.239,-0.81,-1.62,-2.752107905,-55.24,-2.544992513,216.675,-1.333340796,0.7096109812
2.24,-0.75,-1.5,-2.5376565,-53.5,-2.492087893,215.406,-1.364766244,0.657960195
2.241,-0.66,-1.32,-2.219156861,-50.62,-2.401545457,216.005,-1.349909636,0.5915456285
2.242,-0.62,-1.24,-2.078825379,-49.38,-2.361378283,216.917,-1.327368822,0.5635586611
2.243,-0.6,-1.2,-2.00894208,-48.64,-2.337058358,218.878,-1.279220399,0.5555274398
2.244,-0.51,-1.02,-1.696797377,-45.83,-2.242265703,221.117,-1.224770902,0.4894085556
2.245,-0.34,-0.68,-1.117593981,-40.11,-2.036741606,222.996,-1.179499946,0.3474844669
2.246,-0.13,-0.26,-0.4208897992,-32.93,-1.752917555,225.117,-1.12885453,0.1460524243
2.247,0.04,0.08,0.1279040512,-26.66,-1.479329025,227.346,-1.076141948,-0.05005106792
2.248,0.17,0.34,0.5383905848,-21.66,-1.242538892,230.188,-1.009677398,-0.2390492366
2.249,0.28,0.56,0.8795116288,-16.94,-1.002849035,232.549,-0.9550828463,-0.4492044065
2.25,0.35,0.7,1.09362302,-13.85,-0.837010639,235.343,-0.8911874273,-0.6328111582
2.251,0.36,0.72,1.124022067,-13.54,-0.8199717364,237.674,-0.8384580288,-0.6777628398
2.252,0.34,0.68,1.063176899,-14.27,-0.8599777234,240.157,-0.7828560709,-0.6471603536
2.253,0.38,0.76,1.184678941,-12.87,-0.7828920179,242.389,-0.7333632343,-0.7813189363
2.254,0.48,0.96,1.485138893,-7.83,-0.4926076386,244.613,-0.6844990296,-1.261685906
2.255,0.63,1.26,1.927002521,0.19,0.01261012947,246.153,-0.6509228363,-3.018900455
2.256,0.79,1.58,2.386649471,4.25,0.2897895594,247.909,-0.6128926314,-7.38665051
2.257,0.93,1.86,2.778955097,7.85,0.5481992408,249.76,-0.5730955145,-111.6213265
2.258,1.01,2.02,2.998987263,9.9,0.7008097356,251.95,-0.5263889533,17.19397897
2.259,1.02,2.04,3.026279453,10.17,0.7212100352,253.955,-0.4839825483,12.75686681
2.26,0.99,1.98,2.944261663,9.61,0.6789765698,255.343,-0.4548215526,13.13493537
2.261,0.98,1.96,2.916828253,9.2,0.6482469267,254.193,-0.4789710159,17.23120696
2.262,0.98,1.96,2.916828253,9.17,0.6460047472,252.603,-0.5125408464,21.85481044
2.263,0.97,1.94,2.889347769,8.95,0.6295884267,249.998,-0.5679998479,46.91369442
2.264,0.93,1.86,2.778955097,8.02,0.5607024247,248.033,-0.6102173185,-56.12362026
2.265,0.86,1.72,2.583955587,6.25,0.4318578194,247.147,-0.6293622963,-13.08302286
2.266,0.77,1.54,2.329852633,3.93,0.2674009624,246.449,-0.6444933042,-6.178467114
2.267,0.68,1.36,2.071936717,1.58,0.1058378764,245.691,-0.6609735871,-3.732306672
2.268,0.59,1.18,1.810207839,-1.16,-0.07629901523,244.695,-0.682705885,-2.384975168
2.269,0.49,0.98,1.514925983,-5.71,-0.3643515993,242.94,-0.7212153871,-1.395515894
2.27,0.34,0.68,1.063176899,-11.85,-0.7257715294,241.119,-0.7614683148,-0.7148657988
2.271,0.13,0.26,0.4129343608,-19.93,-1.15655603,238.33,-0.8237119249,-0.2085244876
2.272,-0.08,-0.16,-0.2580676352,-28.28,-1.552437667,234.947,-0.9001971894,0.105220569
2.273,-0.23,-0.46,-0.7500646472,-34.15,-1.803288575,230.005,-1.013932352,0.2662427501
2.274,-0.29,-0.58,-0.9498290888,-36.35,-1.891863699,224.602,-1.141107742,0.3131678314
2.275,-0.29,-0.58,-0.9498290888,-36.24,-1.887502893,221.224,-1.222182627,0.3054421686
2.276,-0.3,-0.6,-0.98328792,-36.69,-1.905297862,218.356,-1.291994801,0.307537665
2.277,-0.37,-0.74,-1.218817799,-39.32,-2.006966342,217.811,-1.305364687,0.3679637659
2.278,-0.48,-0.96,-1.593596467,-43.6,-2.164197929,217.129,-1.322142647,0.4570971861
2.279,-0.62,-1.24,-2.078825379,-48.73,-2.34003028,216.518,-1.337218744,0.5653208052
2.28,-0.72,-1.44,-2.431066291,-52.8,-2.47042747,215.776,-1.355584504,0.6354047785
2.281,-0.74,-1.48,-2.502079357,-53.59,-2.494856952,215.182,-1.370332586,0.6473367817
2.282,-0.65,-1.3,-2.18400338,-50.77,-2.406355306,214.675,-1.382952836,0.5763594035
2.283,-0.49,-0.98,-1.627949697,-45.69,-2.237439725,215.278,-1.367946302,0.4515327027
2.284,-0.36,-0.72,-1.185029453,-41.24,-2.078731569,216.176,-1.345675993,0.3460538593
2.285,-0.29,-0.58,-0.9498290888,-38.83,-1.988322632,217.87,-1.303915691,0.2885055684
2.286,-0.24,-0.48,-0.7832410368,-37.37,-1.931964661,219.585,-1.261967161,0.2452278509
2.287,-0.19,-0.38,-0.6178298248,-35.37,-1.852762307,221.187,-1.223077496,0.2008654105
2.288,-0.09,-0.18,-0.2905379208,-31.91,-1.710104579,223.133,-1.176214125,0.1006603742
2.289,0.05,0.1,0.15976238,-27.01,-1.495270535,225.27,-1.125219655,-0.06096660106
2.29,0.19,0.38,0.6008362552,-21.53,-1.236151625,227.986,-1.061102362,-0.2615454184
2.291,0.29,0.58,0.9102401912,-17.18,-1.015429303,230.374,-1.005356156,-0.4504388069
2.292,0.36,0.72,1.124022067,-14.25,-0.8588871208,232.995,-0.9448320398,-0.6231691118
2.293,0.44,0.88,1.365519795,-10.24,-0.6339440111,235.263,-0.8930063587,-0.8942790953
2.294,0.59,1.18,1.810207839,-2.28,-0.1488518939,237.78,-0.8360725193,-1.837915494
2.295,0.77,1.54,2.329852633,3.48,0.2360754595,240.505,-0.7751092537,-4.322275631
2.296,0.88,1.76,2.639905101,6.27,0.4332972598,244.805,-0.6803013906,-10.68769616
2.297,0.88,1.76,2.639905101,6.24,0.4311382393,250.035,-0.5672081001,-19.40110091
2.298,0.81,1.62,2.443258015,4.33,0.2954013801,254.341,-0.4758569664,-13.53938698
2.299,0.73,1.46,2.215694073,2.21,0.1486608132,254.691,-0.4684998639,-6.927528292
2.3,0.67,1.34,2.043044025,0.81,0.05398132586,254.554,-0.4713784391,-4.894724855
2.301,0.65,1.3,1.98511742,0.28,0.01859448794,252.878,-0.5067196577,-4.066820445
2.302,0.66,1.32,2.014104259,0.5,0.03325311302,251.577,-0.5343152427,-4.019669697
2.303,0.68,1.36,2.071936717,0.89,0.05934440726,250.367,-0.5601090067,-4.137546302
2.304,0.68,1.36,2.071936717,1.01,0.06739971161,249.682,-0.5747665795,-4.0837052
2.305,0.66,1.32,2.014104259,0.55,0.03659060203,248.08,-0.6092036381,-3.517391558
2.306,0.6,1.2,1.83947712,-1.92,-0.125650087,245.969,-0.6549234705,-2.356571142
2.307,0.48,0.96,1.485138893,-7.71,-0.4854468292,243.19,-0.7157127433,-1.236420978
2.308,0.3,0.6,0.94092168,-15.6,-0.931818505,240.659,-0.7716846416,-0.5523451377
2.309,0.13,0.26,0.4129343608,-22.94,-1.304795336,236.839,-0.8572868264,-0.1909892084
2.31,0.02,0.04,0.0640461728,-27.47,-1.516099075,232.279,-0.9612980491,-0.02585220277
2.311,-0.02,-0.04,-0.0642344672,-29.15,-1.590992398,229.581,-1.023803848,0.02456576389
2.312,-0.03,-0.06,-0.0964223112,-29.56,-1.608992595,226.952,-1.085421762,0.03578599964
2.313,-0.04,-0.08,-0.1286572288,-30.18,-1.636008085,225.696,-1.115112017,0.04676539884
2.314,-0.07,-0.14,-0.2256444232,-31.31,-1.684619123,224.383,-1.146326848,0.07970636866
2.315,-0.1,-0.2,-0.32305528,-32.88,-1.750833812,224.136,-1.152219352,0.1112812138
2.316,-0.14,-0.28,-0.4535954528,-34.36,-1.811868063,223.755,-1.161321346,0.1525619093
2.317,-0.14,-0.28,-0.4535954528,-34.37,-1.812275948,223.938,-1.156947589,0.15276568
2.318,-0.08,-0.16,-0.2580676352,-32.16,-1.720657414,224.436,-1.145063309,0.0900533095
2.319,0.04,0.08,0.1279040512,-27.88,-1.534546334,225.184,-1.127262483,-0.04805155441
2.32,0.17,0.34,0.5383905848,-22.78,-1.297075882,226.842,-1.08801545,-0.2257316429
2.321,0.29,0.58,0.9102401912,-17.88,-1.051878061,228.354,-1.052473706,-0.4325513468
2.322,0.41,0.82,1.275311199,-12.38,-0.7555532496,230.377,-1.005286487,-0.7242630733
2.323,0.54,1.08,1.663155331,-6.12,-0.3894464619,231.494,-0.9794092976,-1.214996773
2.324,0.62,1.24,1.897874461,-1.91,-0.1250039901,233.051,-0.9435463298,-1.776120811
2.325,0.62,1.24,1.897874461,-1.8,-0.1178911993,233.139,-0.9415265524,-1.791431622
2.326,0.58,1.16,1.780891485,-4.11,-0.2650709474,232.901,-0.9469908907,-1.469307447
2.327,0.57,1.14,1.751528057,-4.89,-0.3137397254,231.926,-0.9694347576,-1.364996016
2.328,0.63,1.26,1.927002521,-1.41,-0.0925884157,231.789,-0.9725959666,-1.809078834
2.329,0.66,1.32,2.014104259,0.34,0.02258804273,232.182,-0.9635326824,-2.140513027
2.33,0.62,1.24,1.897874461,-1.69,-0.1107679054,232.804,-0.9492195548,-1.790468786
2.331,0.57,1.14,1.751528057,-4.43,-0.2850998976,234.616,-0.9077397355,-1.468368428
2.332,0.56,1.12,1.722117555,-5.03,-0.3224207647,236.833,-0.8574223632,-1.459615702
2.333,0.59,1.18,1.810207839,-3.03,-0.1968297564,239.643,-0.7943187681,-1.826373943
2.334,0.6,1.2,1.83947712,-2.78,-0.1808909279,242.755,-0.7252909903,-2.029920354
2.335,0.51,1.02,1.574358943,-7.21,-0.4554829271,246.327,-0.6471423781,-1.427827691
2.336,0.4,0.8,1.24514752,-12.65,-0.7706406119,250.187,-0.5639567436,-0.9329761631
2.337,0.33,0.66,1.032683705,-16.46,-0.9775598357,254.14,-0.4800866232,-0.7084596532
2.338,0.32,0.64,1.002143437,-16.65,-0.9875906969,259.149,-0.3756659139,-0.7351099044
2.339,0.42,0.84,1.305427805,-12.15,-0.7426561335,268.881,-0.1784343296,-1.417263404
2.34,0.61,1.22,1.868699327,-2.46,-0.1604107785,268.607,-0.1838889635,-5.427536239
2.341,0.84,1.68,2.527817779,4.68,0.3200222514,265.564,-0.2448440738,33.62435564
2.342,1.05,2.1,3.10787358,10.02,0.7098678504,255.129,-0.4593072054,12.40367808
2.343,1.18,2.36,3.456552477,13.85,1.006348235,253.236,-0.4991510059,6.815006632
2.344,1.26,2.52,3.667169923,15.54,1.141791095,252.753,-0.5093648674,5.798573438
2.345,1.26,2.52,3.667169923,15.51,1.139361748,253.579,-0.4919095064,5.664000663
2.346,1.15,2.3,3.37679422,13.11,0.9479400111,254.259,-0.4775820942,7.179201409
2.347,0.96,1.92,2.861820211,8.19,0.5732330208,251.839,-0.528746488,64.33003491
2.348,0.74,1.48,2.244304323,2.35,0.1582255076,248.438,-0.60148871,-5.063141517
2.349,0.54,1.08,1.663155331,-5.13,-0.3286114071,242.717,-0.7261285258,-1.576839256
2.35,0.36,0.72,1.124022067,-12.41,-0.7572324329,236.689,-0.8606762776,-0.6947376325
2.351,0.19,0.38,0.6008362552,-19.57,-1.138394407,231.878,-0.9705421219,-0.2849001129
2.352,0,0,0,-27.2,-1.503890546,227.029,-1.083606928,-0
2.353,-0.18,-0.36,-0.5848888032,-34.54,-1.819200808,224.387,-1.146231476,0.1972355958
2.354,-0.35,-0.7,-1.15128818,-40.96,-2.068392259,220.86,-1.230992719,0.3489402382
2.355,-0.46,-0.92,-1.525031229,-45.25,-2.222207407,218.706,-1.283426221,0.4350229918
2.356,-0.48,-0.96,-1.593596467,-46.06,-2.250172528,216.369,-1.340901692,0.4437659513
2.357,-0.41,-0.82,-1.354441921,-43.7,-2.167754002,215.248,-1.368691901,0.3829952324
2.358,-0.28,-0.56,-0.9164173312,-39.63,-2.018691782,214.421,-1.389286617,0.2689035035
2.359,-0.19,-0.38,-0.6178298248,-36.55,-1.899774315,215.709,-1.357245976,0.1896917335
2.36,-0.16,-0.32,-0.5191479808,-35.36,-1.852360392,216.625,-1.334575506,0.1628987835
2.361,-0.12,-0.24,-0.3882312192,-34.05,-1.799193764,218.06,-1.299252098,0.1252986938
2.362,-0.03,-0.06,-0.0964223112,-30.83,-1.66406855,219.436,-1.265598651,0.03291237694
2.363,0.09,0.18,0.2867249592,-26.6,-1.476588034,220.489,-1.239987191,-0.1055464824
2.364,0.14,0.28,0.4443690272,-24.54,-1.38101722,221.908,-1.205666542,-0.1717910144
2.365,0.12,0.24,0.3814526208,-25.22,-1.412881174,223.451,-1.168594952,-0.1477653103
2.366,0.12,0.24,0.3814526208,-25.44,-1.423123046,225.421,-1.121634716,-0.1498974191
2.367,0.18,0.36,0.5696369568,-22.94,-1.304795336,227.079,-1.082428794,-0.2386189673
2.368,0.29,0.58,0.9102401912,-18.66,-1.092067572,228.589,-1.046970831,-0.4255370965
2.369,0.36,0.72,1.124022067,-15.59,-0.9312833553,229.213,-1.032386351,-0.5724089257
2.37,0.4,0.8,1.24514752,-13.69,-0.8282256132,230.116,-1.011351075,-0.6768663292
2.371,0.49,0.98,1.514925983,-9.39,-0.5846306229,231.349,-0.9827614063,-0.9665265326
2.372,0.63,1.26,1.927002521,-1.84,-0.1204788833,233.156,-0.941136456,-1.815160774
2.373,0.74,1.48,2.244304323,1.94,0.1302644618,236.252,-0.8705631373,-3.031620071
2.374,0.78,1.56,2.358274589,2.91,0.1966613113,239.638,-0.7944303936,-3.945126401
2.375,0.81,1.62,2.443258015,3.71,0.252063169,242.719,-0.7260844417,-5.154321453
2.376,0.92,1.84,2.751239245,6.47,0.4477122266,245.371,-0.667946231,-12.49234537
2.377,1.09,2.18,3.216006719,11.08,0.7904862633,246.3,-0.6477288258,22.52777002
2.378,1.24,2.48,3.614798003,14.93,1.092572757,247.488,-0.6219857447,7.681465722
2.379,1.3,2.6,3.77134888,16.13,1.189753296,248.909,-0.5913555404,6.302411477
2.38,1.3,2.6,3.77134888,16.23,1.197917453,250.734,-0.5522724614,5.841211388
2.381,1.29,2.58,3.745374751,15.91,1.171827865,253.166,-0.500630068,5.580135647
2.382,1.25,2.5,3.6410075,15.31,1.123189317,257.427,-0.4113343697,5.114816599
2.383,1.18,2.36,3.456552477,13.64,0.9897176276,263.912,-0.278228887,4.858197017
2.384,1.04,2.08,3.080722611,10.22,0.7249955928,261.64,-0.3244860632,7.692008264
2.385,0.86,1.72,2.583955587,5.79,0.3988536725,249.525,-0.5781317167,-14.4131179
2.386,0.68,1.36,2.071936717,1.1,0.07344960963,246.212,-0.6496406574,-3.59591966
2.387,0.49,0.98,1.514925983,-6.35,-0.403462751,243.365,-0.7118642574,-1.358279654
2.388,0.32,0.64,1.002143437,-13.89,-0.8392038172,240.605,-0.7728852301,-0.6216427303
2.389,0.19,0.38,0.6008362552,-19.18,-1.118613657,238.394,-0.8222754543,-0.3095675336
2.39,0.12,0.24,0.3814526208,-22.16,-1.266994388,236.661,-0.8613092131,-0.1792284807
2.391,0.06,0.12,0.1915736352,-24.71,-1.389012656,236.165,-0.8725336422,-0.084709137
2.392,0.01,0.02,0.0320466232,-26.97,-1.493452755,236.101,-0.8739836725,-0.01353642397
2.393,0.02,0.04,0.0640461728,-26.26,-1.461010498,236.999,-0.8536737771,-0.02766950702
2.394,0.12,0.24,0.3814526208,-22.71,-1.29369302,238.015,-0.8307876799,-0.1795509937
2.395,0.15,0.3,0.47575662,-21.22,-1.220872247,239.389,-0.7999922936,-0.2354223207
2.396,0.04,0.08,0.1279040512,-25.98,-1.448124012,240.29,-0.7798940376,-0.05740709831
2.397,-0.15,-0.3,-0.48634818,-33.81,-1.789341574,239.975,-0.7869120391,0.1887811734
2.398,-0.24,-0.48,-0.7832410368,-37.69,-1.944421352,239.654,-0.7940732001,0.2860115373
2.399,-0.19,-0.38,-0.6178298248,-35.86,-1.872383693,238.737,-0.8145834355,0.2299357585
2.4,-0.07,-0.14,-0.2256444232,-31.75,-1.703330398,236.722,-0.8599304141,0.08803022392
2.401,0.02,0.04,0.0640461728,-28.32,-1.554221063,234.478,-0.9108875056,-0.02598107589
2.402,0.06,0.12,0.1915736352,-26.82,-1.486626648,232.131,-0.9647079672,-0.07815074859
2.403,0.06,0.12,0.1915736352,-26.78,-1.484803834,231.653,-0.9757359497,-0.07785837744
2.404,0.05,0.1,0.15976238,-27.31,-1.508870189,231.651,-0.9757821396,-0.06429969223
2.405,0.06,0.12,0.1915736352,-26.86,-1.4884484,233.823,-0.9258533172,-0.07934950044
2.406,0.13,0.26,0.4129343608,-24.09,-1.359757635,236.872,-0.8565414352,-0.1863170753
2.407,0.27,0.54,0.8487359928,-18.51,-1.084373424,240.792,-0.7687287852,-0.4580081922
2.408,0.45,0.9,1.39549518,-10.5,-0.6489126003,244.814,-0.680104707,-1.050020321
2.409,0.64,1.28,1.956083507,-0.46,-0.03039792141,247.559,-0.620451143,-3.005433386
2.41,0.77,1.54,2.329852633,3.09,0.2090759895,249.441,-0.5799330418,-6.282346846
2.411,0.77,1.54,2.329852633,3.2,0.2166772187,248.996,-0.5894859066,-6.249459061
2.412,0.66,1.32,2.014104259,0.41,0.02725121946,248.025,-0.6103898789,-3.453902818
2.413,0.52,1.04,1.604004813,-6.97,-0.4410271742,246.404,-0.6454702689,-1.47630795
2.414,0.42,0.84,1.305427805,-11.84,-0.7252074927,244.726,-0.6820281454,-0.9276540257
2.415,0.42,0.84,1.305427805,-11.81,-0.7235149112,244.154,-0.6945473787,-0.9205715532
2.416,0.47,0.94,1.455304729,-9.4,-0.585214155,243.595,-0.7068104538,-1.126375395
2.417,0.53,1.06,1.633603609,-6.44,-0.4089354179,243.489,-0.709139005,-1.461086646
2.418,0.59,1.18,1.810207839,-2.99,-0.1942831505,244.336,-0.6905608077,-2.045793298
2.419,0.64,1.28,1.956083507,-0.34,-0.02248599305,243.062,-0.7185293899,-2.639734009
2.42,0.63,1.26,1.927002521,-0.94,-0.06191919878,242.865,-0.7228672845,-2.455448153
2.421,0.5,1,1.544666,-5.92,-0.3772225855,240.901,-0.7663075334,-1.350787333
2.422,0.21,0.42,0.6630936312,-16.65,-0.9875906969,240.984,-0.7644645626,-0.3784661629
2.423,-0.12,-0.24,-0.3882312192,-28.46,-1.560454755,239.433,-0.7990090472,0.1645421383
2.424,-0.28,-0.56,-0.9164173312,-34.27,-1.80819439,237.141,-0.8504692382,0.3446909648
2.425,-0.28,-0.56,-0.9164173312,-34.06,-1.799603517,234.198,-0.9172799822,0.3373046108
2.426,-0.27,-0.54,-0.8830526472,-33.87,-1.791807888,229.53,-1.02499245,0.313494938
2.427,-0.43,-0.86,-1.422536423,-39.41,-2.01037604,226.607,-1.093560727,0.4583007098
2.428,-0.75,-1.5,-2.5376565,-50.66,-2.402829111,223.048,-1.178252535,0.7086284956
2.429,-0.97,-1.94,-3.332263271,-58.52,-2.641215482,216.811,-1.329983825,0.8391075375
2.43,-0.83,-1.66,-2.823968295,-54.33,-2.517489121,211.071,-1.47353201,0.7075803918
2.431,-0.41,-0.82,-1.354441921,-40.86,-2.064689263,208.199,-1.546828169,0.3750340255
2.432,-0.01,-0.02,-0.0320936968,-27.07,-1.49799522,205.061,-1.628077855,0.01026645764
2.433,0.05,0.1,0.15976238,-24.74,-1.390421573,203.777,-1.661682474,-0.05234499791
2.434,-0.25,-0.5,-0.8164645,-35.82,-1.870787259,202.515,-1.694918284,0.2289769837
2.435,-0.6,-1.2,-2.00894208,-48.97,-2.34793628,202.899,-1.684783455,0.4981605992
2.436,-0.78,-1.56,-2.644670371,-55.81,-2.562038156,204.816,-1.634473677,0.6302068184
2.437,-0.82,-1.64,-2.788014563,-56.94,-2.59542336,206.438,-1.592272288,0.6657634167
2.438,-0.77,-1.54,-2.608952007,-55.66,-2.55756592,206.352,-1.594501509,0.6283501055
2.439,-0.69,-1.38,-2.324899745,-53.03,-2.47756865,206.788,-1.583209449,0.5725256805
2.44,-0.56,-1.12,-1.869740365,-49.06,-2.350893876,207.788,-1.557399897,0.47840323
2.441,-0.43,-0.86,-1.422536423,-44.83,-2.207575034,209.444,-1.514931215,0.3821448046
2.442,-0.33,-0.66,-1.083946855,-41.62,-2.092695215,210.472,-1.4887364,0.3026574207
2.443,-0.29,-0.58,-0.9498290888,-40.21,-2.040485889,211.422,-1.46464263,0.2709826711
2.444,-0.3,-0.6,-0.98328792,-40.33,-2.044971729,212.125,-1.446882837,0.2815947518
2.445,-0.31,-0.62,-1.016793825,-40.88,-2.0654303,213.334,-1.41647724,0.2920220634
2.446,-0.32,-0.64,-1.050346803,-41.14,-2.07504387,214.469,-1.388089107,0.3032938123
2.447,-0.32,-0.64,-1.050346803,-41.15,-2.075412886,215.566,-1.360793828,0.3056704357
2.448,-0.3,-0.6,-0.98328792,-40.63,-2.05615157,217.345,-1.316823111,0.2915195082
2.449,-0.29,-0.58,-0.9498290888,-40.13,-2.037490905,219.517,-1.26362418,0.2877297714
2.45,-0.32,-0.64,-1.050346803,-41.35,-2.082781747,221.893,-1.20602819,0.3193698703
2.451,-0.36,-0.72,-1.185029453,-43.23,-2.150994711,224.677,-1.139321547,0.3601567023
2.452,-0.34,-0.68,-1.117593981,-42.41,-2.121475107,228.654,-1.045449758,0.3528956411
2.453,-0.2,-0.4,-0.65081792,-37.85,-1.950627645,232.104,-0.9653302814,0.2231918074
2.454,0,0,0,-30.69,-1.658047328,235.429,-0.8892327656,-0
2.455,0.19,0.38,0.6008362552,-23.71,-1.341697053,238.506,-0.8197625585,-0.277977091
2.456,0.33,0.66,1.032683705,-17.81,-1.048249465,241.515,-0.7526889894,-0.5734142119
2.457,0.48,0.96,1.485138893,-10.95,-0.6746925819,242.843,-0.7233519378,-1.062297282
2.458,0.64,1.28,1.956083507,-2.89,-0.1879106268,244.275,-0.6918966352,-2.223309117
2.459,0.76,1.52,2.301383603,1.81,0.1214303351,246.13,-0.651422752,-4.342295342
2.46,0.83,1.66,2.499678265,3.59,0.2437157346,248.664,-0.5966241145,-7.083079935
2.461,0.85,1.7,2.55591022,4.02,0.2736882735,251.956,-0.5262615486,-10.11948005
2.462,0.81,1.62,2.443258015,3.1,0.2097665561,255.794,-0.4453804415,-10.36975394
2.463,0.76,1.52,2.301383603,1.69,0.1132892213,261.273,-0.3319957266,-10.52270301
2.464,0.75,1.5,2.2728675,1.43,0.0956944162,268.656,-0.1829130914,-26.05941326
2.465,0.82,1.64,2.471491677,3.2,0.2166772187,267.141,-0.2131681006,704.3056534
2.466,0.93,1.86,2.778955097,5.97,0.4117448525,265.582,-0.2444814617,16.61424585
2.467,0.99,1.98,2.944261663,7.58,0.5283974863,262.877,-0.2992515626,12.84885027
2.468,0.97,1.94,2.889347769,7,0.4860930969,252.172,-0.5216769984,-81.19817255
2.469,0.87,1.74,2.611953881,4.48,0.3059393875,251.642,-0.5329331407,-11.50672141
2.47,0.71,1.42,2.158332351,0.39,0.0259184403,251.238,-0.5415292291,-4.185972051
2.471,0.5,1,1.544666,-7.92,-0.497970509,249.636,-0.575752324,-1.43860776
2.472,0.28,0.56,0.8795116288,-16.44,-0.976502386,247.354,-0.6248832353,-0.5492191369
2.473,0.12,0.24,0.3814526208,-22.25,-1.271377732,243.458,-0.7098201879,-0.1925363523
2.474,0.07,0.14,0.2233378168,-24.3,-1.369695999,239.785,-0.7911495747,-0.1033566764
2.475,0.06,0.12,0.1915736352,-24.44,-1.376304822,235.447,-0.8888237407,-0.08457517085
2.476,0.02,0.04,0.0640461728,-26.07,-1.452271815,231.371,-0.9822526753,-0.02630746705
2.477,-0.12,-0.24,-0.3882312192,-30.95,-1.669219767,229.198,-1.032736474,0.1436852357
2.478,-0.3,-0.6,-0.98328792,-37.87,-1.951402401,226.597,-1.093796823,0.322897731
2.479,-0.48,-0.96,-1.593596467,-44.43,-2.193554939,223.495,-1.167541581,0.4741299328
2.48,-0.61,-1.22,-2.043860193,-49.19,-2.355159087,219.644,-1.26052987,0.5652754474
2.481,-0.71,-1.42,-2.395630369,-52.68,-2.466692194,216.703,-1.332649483,0.6305382808
2.482,-0.8,-1.6,-2.71624832,-55.86,-2.563526774,213.311,-1.417054067,0.6823748666
2.483,-0.88,-1.76,-3.004443059,-58.92,-2.652647524,211.163,-1.471200601,0.7285532755
2.484,-0.94,-1.88,-3.222566205,-61.1,-2.713841472,208.782,-1.531868005,0.7590171259
2.485,-0.95,-1.9,-3.25908482,-61.21,-2.716880422,208.779,-1.53194488,0.7670555008
2.486,-0.88,-1.76,-3.004443059,-59.2,-2.660611859,209.471,-1.514241577,0.7196523436
2.487,-0.77,-1.54,-2.608952007,-55.91,-2.565014329,211.031,-1.474545983,0.64585049
2.488,-0.66,-1.32,-2.219156861,-52.31,-2.45513415,213.117,-1.421921946,0.5723819325
2.489,-0.55,-1.1,-1.83505762,-48.92,-2.346291487,215.756,-1.356080412,0.4956437846
2.49,-0.46,-0.92,-1.525031229,-45.96,-2.246738067,218.973,-1.276898833,0.4328003343
2.491,-0.4,-0.8,-1.32046528,-44,-2.17839078,222.843,-1.183171899,0.3928129283
2.492,-0.4,-0.8,-1.32046528,-44.13,-2.182985445,227.229,-1.078895949,0.4048170736
2.493,-0.41,-0.82,-1.354441921,-44.39,-2.192148375,229.247,-1.031592825,0.4201459847
2.494,-0.29,-0.58,-0.9498290888,-40.53,-2.052430465,231.479,-0.9797559701,0.3132489078
2.495,-0.03,-0.06,-0.0964223112,-31.54,-1.694415094,233.043,-0.9437299837,0.03654928307
2.496,0.27,0.54,0.8487359928,-20.23,-1.171619478,235.918,-0.8781320227,-0.4140677504
2.497,0.46,0.92,1.425423491,-11.53,-0.7076833433,240.275,-0.7802280194,-0.958002961
2.498,0.53,1.06,1.633603609,-8.15,-0.5116455393,244.582,-0.6851770823,-1.364950477
2.499,0.57,1.14,1.751528057,-6.47,-0.4107581458,248.305,-0.6043535718,-1.725453491
2.5,0.59,1.18,1.810207839,-5.2,-0.3329398539,251.311,-0.5399749528,-2.073750869
2.501,0.56,1.12,1.722117555,-6.39,-0.4058958778,250.702,-0.5529553003,-1.796021734
2.502,0.47,0.94,1.455304729,-10.15,-0.6287500019,249.694,-0.5745094586,-1.209468761
2.503,0.33,0.66,1.032683705,-15.31,-0.9162684814,246.479,-0.6438420935,-0.6619298154
2.504,0.2,0.4,0.63198848,-20.37,-1.178626991,244.163,-0.6943501708,-0.3374245521
2.505,0.07,0.14,0.2233378168,-25.27,-1.415211742,242.982,-0.7202905473,-0.104583272
2.506,-0.08,-0.16,-0.2580676352,-30.86,-1.665357204,242.172,-0.7381549946,0.1073710528
2.507,-0.24,-0.48,-0.7832410368,-36.69,-1.905297862,240.637,-0.7721737377,0.2925301008
2.508,-0.37,-0.74,-1.218817799,-41.61,-2.092328755,238.001,-0.8311023752,0.416913464
2.509,-0.46,-0.92,-1.525031229,-45.05,-2.215250909,233.306,-0.9376956611,0.4836844504
2.51,-0.53,-1.06,-1.765833351,-47.34,-2.29369025,228.649,-1.045566748,0.5288102569
2.511,-0.59,-1.18,-1.974071041,-49.68,-2.371162954,225.023,-1.131088946,0.5636576402
2.512,-0.69,-1.38,-2.324899745,-53.44,-2.490239855,221.047,-1.226464843,0.6255271628
2.513,-0.8,-1.6,-2.71624832,-57.43,-2.609734308,217.66,-1.309074923,0.6931310406
2.514,-0.87,-1.74,-2.968253959,-59.95,-2.681791855,213.851,-1.403527575,0.7265659417
2.515,-0.89,-1.78,-3.040679233,-60.58,-2.699412781,209.267,-1.519454383,0.7207335795
2.516,-0.86,-1.72,-2.932111933,-59.79,-2.677292046,206.18,-1.598962739,0.6856728797
2.517,-0.84,-1.68,-2.859969101,-59.03,-2.655780098,202.539,-1.694284294,0.657454429
2.518,-0.82,-1.64,-2.788014563,-58.66,-2.645224006,198.12,-1.812302902,0.6254621948
2.519,-0.81,-1.62,-2.752107905,-58.19,-2.631735519,197.254,-1.835739483,0.6160320771
2.52,-0.8,-1.6,-2.71624832,-57.99,-2.625968598,197.952,-1.816841471,0.6113806977
2.521,-0.8,-1.6,-2.71624832,-58.04,-2.627411854,199.403,-1.77776868,0.6166031788
2.522,-0.8,-1.6,-2.71624832,-57.97,-2.625391011,200.615,-1.745349039,0.621461878
2.523,-0.79,-1.58,-2.680435809,-57.56,-2.613514446,202.411,-1.69766644,0.6217405113
2.524,-0.77,-1.54,-2.608952007,-57.11,-2.60039965,203.302,-1.674167772,0.6103429306
2.525,-0.75,-1.5,-2.5376565,-56.46,-2.581307624,204.35,-1.646659935,0.6002071835
2.526,-0.68,-1.36,-2.289605043,-54.25,-2.515054007,205.362,-1.620230584,0.5536753257
2.527,-0.56,-1.12,-1.869740365,-50.41,-2.394793978,207.161,-1.573567921,0.4711617571
2.528,-0.46,-0.92,-1.525031229,-47.27,-2.291331483,208.338,-1.543257538,0.3977039575
2.529,-0.43,-0.86,-1.422536423,-46.41,-2.262153406,208.774,-1.532073008,0.3749213326
2.53,-0.44,-0.88,-1.456654285,-46.79,-2.27509155,209.22,-1.520656093,0.3837595176
2.531,-0.42,-0.84,-1.388465635,-46.1,-2.251544897,210.437,-1.489626141,0.3711312905
2.532,-0.38,-0.76,-1.252653219,-44.65,-2.201276226,211.526,-1.462011574,0.3419478042
2.533,-0.39,-0.78,-1.286535713,-45.12,-2.217688016,213.113,-1.422022361,0.3534720017
2.534,-0.44,-0.88,-1.456654285,-46.93,-2.279840039,215.077,-1.372943804,0.3987792181
2.535,-0.4,-0.8,-1.32046528,-45.83,-2.242265703,216.83,-1.329515004,0.3696938274
2.536,-0.24,-0.48,-0.7832410368,-40.59,-2.054663788,219.792,-1.25692616,0.2365151028
2.537,-0.01,-0.02,-0.0320936968,-32.82,-1.748331297,222.645,-1.187927583,0.01093013188
2.538,0.18,0.36,0.5696369568,-25.78,-1.438887238,226.61,-1.0934899,-0.2249415967
2.539,0.29,0.58,0.9102401912,-21.34,-1.226794912,229.081,-1.035468216,-0.4023582314
2.54,0.35,0.7,1.09362302,-18.8,-1.09923396,232.572,-0.9545537366,-0.5324907836
2.541,0.39,0.78,1.214936767,-17.27,-1.02013588,236.017,-0.8758874339,-0.640781555
2.542,0.42,0.84,1.305427805,-15.75,-0.939836696,240.396,-0.7775344931,-0.7601314224
2.543,0.47,0.94,1.455304729,-13.72,-0.8298743071,244.72,-0.6821593141,-0.9624817255
2.544,0.53,1.06,1.633603609,-10.81,-0.6666893869,249.015,-0.5890776827,-1.30088107
2.545,0.63,1.26,1.927002521,-5.69,-0.3631238695,252.54,-0.51387532,-2.197268303
2.546,0.79,1.58,2.386649471,1.46,0.09772149724,257.201,-0.4160332982,-7.497835342
2.547,0.97,1.94,2.889347769,6.1,0.4210739205,266.884,-0.2183174854,14.25033819
2.548,1.11,2.22,3.269790847,9.71,0.6864961027,267.567,-0.2046434461,6.785872823
2.549,1.16,2.32,3.403427379,11.15,0.7958485199,266.595,-0.2241139653,5.95281036
2.55,1.15,2.3,3.37679422,10.88,0.7751918079,264.87,-0.2588435615,6.539761185
2.551,1.14,2.28,3.350113987,10.45,0.7424402967,260.994,-0.337711769,8.277434768
2.552,1.15,2.3,3.37679422,10.86,0.7736645018,249.554,-0.5775099714,17.21496931
2.553,1.21,2.42,3.535887071,12.48,0.8986415616,246.716,-0.6387003134,13.60263943
2.554,1.21,2.42,3.535887071,12.48,0.8986415616,244,-0.6979229529,17.6161398
2.555,1.04,2.08,3.080722611,8.06,0.5636483326,242.227,-0.7369400871,-17.77766415
2.556,0.71,1.42,2.158332351,-0.72,-0.04749702857,240.757,-0.7695064838,-2.641766306
2.557,0.36,0.72,1.124022067,-17.18,-1.015429303,240.6,-0.7729964093,-0.6284980468
2.558,0.16,0.32,0.5070971392,-26.14,-1.455494137,240.588,-0.7732632489,-0.2275246029
2.559,0.14,0.28,0.4443690272,-27.12,-1.500263974,241.26,-0.758340691,-0.1967449346
2.56,0.19,0.38,0.6008362552,-25.43,-1.422658215,241.638,-0.7499650075,-0.2765487586
2.561,0.25,0.5,0.7870435,-22.95,-1.305277211,240.683,-0.7711511332,-0.3790371587
2.562,0.33,0.66,1.032683705,-19.65,-1.142438401,239.297,-0.8020487565,-0.5310828107
2.563,0.43,0.86,1.335497337,-15.26,-0.9135810115,236.61,-0.8624622522,-0.7519509035
2.564,0.52,1.04,1.604004813,-11.1,-0.6832501861,234.153,-0.9183080573,-1.001527618
2.565,0.57,1.14,1.751528057,-8.98,-0.5606363342,232.557,-0.9548988022,-1.155715902
2.566,0.56,1.12,1.722117555,-9.14,-0.5700161114,231.594,-0.9770987216,-1.113115535
2.567,0.55,1.1,1.69265998,-9.95,-0.6171845625,232.483,-0.9566014514,-1.075533754
2.568,0.54,1.08,1.663155331,-10.51,-0.6494872388,233.425,-0.9349675372,-1.049670433
2.569,0.53,1.06,1.633603609,-11.01,-0.6781177632,234.437,-0.9118230696,-1.027461887
2.57,0.53,1.06,1.633603609,-10.96,-0.6752636437,235.326,-0.8915738985,-1.042611991
2.571,0.57,1.14,1.751528057,-9.18,-0.5723578229,235.912,-0.8782680886,-1.207429181
2.572,0.64,1.28,1.956083507,-5.21,-0.3335578673,236.755,-0.8591846545,-1.639988071
2.573,0.71,1.42,2.158332351,-1.33,-0.08738173801,237.625,-0.8395611239,-2.328441633
2.574,0.74,1.48,2.244304323,0.15,0.009952714238,238.852,-0.8120069523,-2.798195205
2.575,0.77,1.54,2.329852633,0.88,0.05867371064,240.592,-0.7731743009,-3.260812748
2.576,0.85,1.7,2.55591022,2.97,0.2007962711,242.776,-0.7248281981,-4.877394083
2.577,0.98,1.96,2.916828253,6.18,0.4268227197,245.654,-0.6617793346,-12.41432702
2.578,1.07,2.14,3.162034297,8.53,0.5983766111,248.86,-0.5924088402,529.8518248
2.579,1.06,2.12,3.134977475,8.34,0.5843122259,251.334,-0.5394853428,69.93520992
2.58,1,2,2.971648,6.84,0.4744786461,253.529,-0.4929645085,-160.752468
2.581,0.98,1.96,2.916828253,6.24,0.4311382393,257.712,-0.4054146077,113.3909978
2.582,1,2,2.971648,6.85,0.4752038448,268.361,-0.188790932,10.37539813
2.583,1.04,2.08,3.080722611,7.72,0.5386564538,268.892,-0.1782154641,8.547092865
2.584,1.03,2.06,3.053524569,7.63,0.532059276,269.248,-0.1711370076,8.460338517
2.585,0.97,1.94,2.889347769,5.99,0.4131790684,268.652,-0.1829927477,12.55221319
2.586,0.9,1.8,2.69566632,4.17,0.2841836115,267.154,-0.2129077576,37.82018975
2.587,0.87,1.74,2.611953881,3.39,0.2298325276,262.378,-0.3094167236,-32.82000717
2.588,0.84,1.68,2.527817779,2.59,0.1746632724,255.689,-0.4475769954,-9.262332986
2.589,0.74,1.48,2.244304323,-0.03,-0.001988158449,245.605,-0.6628465924,-3.375732572
2.59,0.53,1.06,1.633603609,-8.82,-0.5512358423,242.89,-0.7223165954,-1.282714053
2.591,0.26,0.52,0.8179132832,-19.5,-1.134852121,239.713,-0.792756255,-0.4243150701
2.592,0.04,0.08,0.1279040512,-28.27,-1.551991655,236.114,-0.8736891033,-0.05272913624
2.593,-0.08,-0.16,-0.2580676352,-32.92,-1.752500929,233.896,-0.9241832974,0.09641317891
2.594,-0.11,-0.22,-0.3556197128,-34.01,-1.79755415,231.323,-0.9833626962,0.1278785855
2.595,-0.16,-0.32,-0.5191479808,-35.92,-1.874776576,228.28,-1.054207699,0.1772450556
2.596,-0.3,-0.6,-0.98328792,-41.43,-2.085723197,224.116,-1.152696762,0.3036319972
2.597,-0.5,-1,-1.66235,-48.82,-2.342998286,217.087,-1.323177616,0.4534288709
2.598,-0.62,-1.24,-2.078825379,-53.54,-2.49331903,210.248,-1.494433301,0.52130253
2.599,-0.58,-1.16,-1.939247075,-52.28,-2.454194293,206.16,-1.599481728,0.478392221
2.6,-0.46,-0.92,-1.525031229,-48.45,-2.330771418,203.946,-1.657247355,0.3824032222
2.601,-0.38,-0.76,-1.252653219,-45.82,-2.24192132,204.395,-1.645481939,0.3222339274
2.602,-0.34,-0.68,-1.117593981,-44.4,-2.192500093,206.053,-1.602259176,0.2945098494
2.603,-0.31,-0.62,-1.016793825,-43.5,-2.160636602,208.584,-1.536944126,0.2749889454
2.604,-0.31,-0.62,-1.016793825,-43.46,-2.159210598,211.044,-1.474216421,0.2798442956
2.605,-0.31,-0.62,-1.016793825,-43.68,-2.167043207,212.808,-1.429684582,0.2826996883
2.606,-0.28,-0.56,-0.9164173312,-42.48,-2.124009057,213.985,-1.400176291,0.2600366441
2.607,-0.18,-0.36,-0.5848888032,-39.2,-2.002413015,215.514,-1.36208454,0.1738413519
2.608,-0.04,-0.08,-0.1286572288,-34.65,-1.823672362,216.776,-1.33084755,0.04078504254
2.609,0.07,0.14,0.2233378168,-30.73,-1.659768938,218.279,-1.293881732,-0.07561416083
2.61,0.16,0.32,0.5070971392,-27.36,-1.511131026,220.066,-1.250260826,-0.1836382398
2.611,0.28,0.56,0.8795116288,-22.47,-1.282068703,221.978,-1.203979172,-0.3537790394
2.612,0.43,0.86,1.335497337,-16.42,-0.9754446372,224.286,-1.148640134,-0.6287401307
2.613,0.55,1.1,1.69265998,-10.74,-0.6626819535,225.673,-1.115657247,-0.9518206535
2.614,0.64,1.28,1.956083507,-6.1,-0.3882255741,228.607,-1.046549568,-1.363338024
2.615,0.7,1.4,2.12958088,-3.1,-0.2012830138,230.413,-1.004450531,-1.766211854
2.616,0.71,1.42,2.158332351,-2.38,-0.1552769498,232.698,-0.9516560642,-1.949831041
2.617,0.69,1.38,2.100782335,-3.56,-0.2304428934,234.899,-0.9012903135,-1.856252271
2.618,0.66,1.32,2.014104259,-5.37,-0.3434346626,236.897,-0.855976814,-1.679243778
2.619,0.63,1.26,1.927002521,-7.07,-0.4470561776,240.103,-0.7840591692,-1.56524937
2.62,0.62,1.24,1.897874461,-7.66,-0.4824596762,243.325,-0.7127436673,-1.587909263
2.621,0.65,1.3,1.98511742,-5.73,-0.3655789946,244.872,-0.6788373643,-1.900695449
2.622,0.74,1.48,2.244304323,-1.06,-0.06976797991,247.034,-0.6318089707,-3.198942498
2.623,0.83,1.66,2.499678265,1.9,0.1275446522,247.954,-0.611921597,-5.160605375
2.624,0.89,1.78,2.667809247,3.32,0.2249820134,248.871,-0.5921723671,-7.265466591
2.625,0.89,1.78,2.667809247,3.38,0.2291393239,249.759,-0.5731169351,-7.755764213
2.626,0.87,1.74,2.611953881,2.71,0.1829016744,251.429,-0.5374635154,-7.366708931
2.627,0.84,1.68,2.527817779,2.03,0.1363892916,258.624,-0.3865152667,-10.10617861
2.628,0.81,1.62,2.443258015,1.28,0.08557108238,261.671,-0.3238522145,-10.25367805
2.629,0.75,1.5,2.2728675,-0.45,-0.0297390777,259.596,-0.3664457746,-5.736886423
2.63,0.64,1.28,1.956083507,-5.19,-0.3323217565,256.852,-0.4232977254,-2.588715027
2.631,0.5,1,1.544666,-10.92,-0.6729789208,244.927,-0.677635851,-1.143676222
2.632,0.41,0.82,1.275311199,-14.71,-0.8838935973,241.843,-0.7454281174,-0.7827252209
2.633,0.38,0.76,1.184678941,-15.9,-0.9478379292,238.651,-0.8165110081,-0.6714538807
2.634,0.3,0.6,0.94092168,-18.88,-1.103322625,234.634,-0.9073292933,-0.467968459
2.635,0.05,0.1,0.15976238,-28.79,-1.575098129,231.309,-0.9836864957,-0.06243682194
2.636,-0.27,-0.54,-0.8830526472,-41.2,-2.077257144,229.059,-1.035982032,0.2836443322
2.637,-0.38,-0.76,-1.252653219,-45.3,-2.22394333,225.282,-1.124934672,0.3740516133
2.638,-0.2,-0.4,-0.65081792,-39.16,-2.000893443,220.321,-1.244065138,0.2005627818
2.639,0.08,0.16,0.2550549248,-29.65,-1.612929428,217.132,-1.322068728,-0.08690122148
2.64,0.17,0.34,0.5383905848,-26.28,-1.461928957,215.966,-1.350875673,-0.1914070317
2.641,0.05,0.1,0.15976238,-31.2,-1.679922391,215.859,-1.353526979,-0.05266690177
2.642,-0.08,-0.16,-0.2580676352,-36.48,-1.897008256,213.786,-1.405153955,0.07815110789
2.643,-0.12,-0.24,-0.3882312192,-38.23,-1.965308913,213.851,-1.403527575,0.1152419301
2.644,-0.13,-0.26,-0.4208897992,-38.68,-1.982588323,213.459,-1.413343403,0.1239394173
2.645,-0.14,-0.28,-0.4535954528,-39.04,-1.996329333,213.312,-1.417028986,0.1328883201
2.646,-0.11,-0.22,-0.3556197128,-38.07,-1.959137374,213.292,-1.417530622,0.105316754
2.647,-0.02,-0.04,-0.0642344672,-34.8,-1.829758262,215.943,-1.351445469,0.02019187472
2.648,0.12,0.24,0.3814526208,-29.79,-1.619043092,219.09,-1.274041025,-0.1318498203
2.649,0.25,0.5,0.7870435,-24.84,-1.395113547,221.717,-1.210273361,-0.3020831561
2.65,0.34,0.68,1.063176899,-21.25,-1.22235387,226.056,-1.106585213,-0.4565069595
2.651,0.4,0.8,1.24514752,-18.94,-1.106386066,229.734,-1.020239627,-0.5855038447
2.652,0.44,0.88,1.365519795,-17.29,-1.02118097,231.858,-0.9710035913,-0.6854383985
2.653,0.49,0.98,1.514925983,-15.13,-0.9065847222,235.469,-0.8883238639,-0.8440128901
2.654,0.58,1.16,1.780891485,-10.99,-0.6769763532,238.058,-0.8298212314,-1.181904924
2.655,0.72,1.44,2.187036749,-3.83,-0.2474743014,242.652,-0.7275614562,-2.243032352
2.656,0.89,1.78,2.667809247,2.56,0.1726057065,247.55,-0.6206456456,-5.954400522
2.657,1.05,2.1,3.10787358,6.83,0.4737535413,250.363,-0.5601944819,-35.95372235
2.658,1.2,2.4,3.50948928,10.88,0.7751918079,253.711,-0.4891253,12.26808865
2.659,1.32,2.64,3.823155917,14.03,1.020638008,258.999,-0.3787634846,5.956235645
2.66,1.36,2.72,3.926205107,14.96,1.094984571,266.835,-0.2192998376,4.483582913
2.661,1.32,2.64,3.823155917,14.1,1.02620387,268.061,-0.1947750272,4.598295992
2.662,1.24,2.48,3.614798003,11.95,0.857471161,269.091,-0.1742575321,5.290875139
2.663,1.17,2.34,3.430013465,10.2,0.7234810798,268.073,-0.1945355348,6.484624925
2.664,1.13,2.26,3.323386681,9.25,0.6519858091,265.851,-0.2390653504,8.048491207
2.665,1.09,2.18,3.216006719,8.18,0.5724951674,256.473,-0.4311977901,22.76055495
2.666,1.04,2.08,3.080722611,6.76,0.4686804357,252.472,-0.5153160778,-66.05940162
2.667,1.01,2.02,2.998987263,5.95,0.4103110093,254.133,-0.4802339849,-42.88986896
2.668,1.05,2.1,3.10787358,6.97,0.4839135551,255.832,-0.4445857203,79.02478224
2.669,1.11,2.22,3.269790847,8.76,0.6154479405,259.245,-0.3736844095,13.52474806
2.67,1.11,2.22,3.269790847,8.6,0.6035668934,267.411,-0.2077635745,8.261150656
2.671,1,2,2.971648,5.77,0.3974231805,271.718,-0.122281472,10.80042723
2.672,0.87,1.74,2.611953881,2.47,0.1664378882,271.488,-0.1268119819,65.9153096
2.673,0.83,1.66,2.499678265,1.17,0.07816007964,270.204,-0.1521747817,-33.77272618
2.674,0.82,1.64,2.471491677,1.01,0.06739971161,268.497,-0.1860803455,-20.82472596
2.675,0.74,1.48,2.244304323,-1.88,-0.123065179,265.681,-0.242487534,-6.139482059
2.676,0.59,1.18,1.810207839,-7.95,-0.4997566601,262.475,-0.3074392174,-2.242588063
2.677,0.49,0.98,1.514925983,-11.7,-0.7173027255,256.742,-0.4255894188,-1.32551964
2.678,0.46,0.92,1.425423491,-12.82,-0.780110914,245.295,-0.6696035702,-0.9832442917
2.679,0.39,0.78,1.214936767,-15.68,-0.9360969855,242.605,-0.7285978142,-0.7298255316
2.68,0.19,0.38,0.6008362552,-23.54,-1.333585162,239.933,-0.7878484685,-0.2832218018
2.681,-0.09,-0.18,-0.2905379208,-34.18,-1.804515842,236.013,-0.8759781061,0.1083896948
2.682,-0.29,-0.58,-0.9498290888,-41.68,-2.09489284,232.456,-0.9572228233,0.3112035039
2.683,-0.35,-0.7,-1.15128818,-43.86,-2.173432812,226.602,-1.093678774,0.3523871622
2.684,-0.31,-0.62,-1.016793825,-42.8,-2.135559514,221.635,-1.212252375,0.303718924
2.685,-0.23,-0.46,-0.7500646472,-39.95,-2.030739225,219.718,-1.258727711,0.2280201205
2.686,-0.1,-0.2,-0.32305528,-35.78,-1.869189884,217.741,-1.307084344,0.1017088755
2.687,0.05,0.1,0.15976238,-30.25,-1.63904284,218.523,-1.287904652,-0.05458327505
2.688,0.24,0.48,0.7561266432,-23.23,-1.318741538,218.908,-1.278487165,-0.2911282485
2.689,0.4,0.8,1.24514752,-16.52,-0.9807303901,226.824,-1.088439991,-0.6017617163
2.69,0.48,0.96,1.485138893,-12.94,-0.7867822989,229.333,-1.029586196,-0.8176418481
2.691,0.47,0.94,1.455304729,-13.41,-0.8128043309,231.159,-0.9871570062,-0.8085199937
2.692,0.42,0.84,1.305427805,-15.41,-0.9216377426,232.364,-0.9593406324,-0.6940153179
2.693,0.36,0.72,1.124022067,-17.46,-1.030052276,232.593,-0.9540706822,-0.5665082713
2.694,0.26,0.52,0.8179132832,-21.58,-1.238609678,232.741,-0.9506675351,-0.3735996878
2.695,0.09,0.18,0.2867249592,-28.1,-1.544399488,232.372,-0.9591564418,-0.1145270836
2.696,-0.07,-0.14,-0.2256444232,-34.19,-1.80492481,232.499,-0.9562332652,0.0817209363
2.697,-0.12,-0.24,-0.3882312192,-36.37,-1.892655812,232.455,-0.9572458384,0.1362261814
2.698,-0.08,-0.16,-0.2580676352,-35,-1.837851888,232.965,-0.9455209401,0.09271759523
2.699,-0.07,-0.14,-0.2256444232,-34.49,-1.817165885,232.767,-0.9500699085,0.08154145148
2.7,-0.13,-0.26,-0.4208897992,-36.85,-1.91159652,232.602,-0.9538636723,0.146883841
2.701,-0.21,-0.42,-0.6838530888,-39.99,-2.032241151,232.361,-0.9594097055,0.2285871987
2.702,-0.26,-0.52,-0.8497350368,-41.8,-2.099282249,231.944,-0.969019555,0.2769398486
2.703,-0.29,-0.58,-0.9498290888,-42.96,-2.141314298,229.718,-1.020612245,0.3003956846
2.704,-0.3,-0.6,-0.98328792,-43.27,-2.152425566,226.545,-1.095024695,0.3027876768
2.705,-0.21,-0.42,-0.6838530888,-40.55,-2.053175126,223.321,-1.171708397,0.2120551282
2.706,-0.06,-0.12,-0.1932682848,-35.35,-1.851958417,220.142,-1.248413517,0.06233712886
2.707,0.1,0.2,0.31834792,-29.57,-1.609430277,219.449,-1.265281711,-0.1107408051
2.708,0.23,0.46,0.7251627128,-24.82,-1.394175695,219.043,-1.27518885,-0.2716611764
2.709,0.32,0.64,1.002143437,-21.2,-1.219884144,218.934,-1.277851775,-0.4012207331
2.71,0.42,0.84,1.305427805,-16.95,-1.003374068,218.639,-1.28506543,-0.5704445348
2.711,0.5,1,1.544666,-13.31,-0.807282055,217.747,-1.306936923,-0.7306083315
2.712,0.52,1.04,1.604004813,-12.39,-0.7561130555,216.412,-1.339838567,-0.7652871351
2.713,0.51,1.02,1.574358943,-12.71,-0.7739856404,215.152,-1.371078519,-0.7339449203
2.714,0.51,1.02,1.574358943,-12.83,-0.7806672903,213.266,-1.418182819,-0.7159919343
2.715,0.48,0.96,1.485138893,-14.29,-0.8610680197,211.714,-1.457258714,-0.6406081037
2.716,0.38,0.76,1.184678941,-18.17,-1.066872416,211.433,-1.464364284,-0.4680237692
2.717,0.28,0.56,0.8795116288,-22.38,-1.277699216,212.205,-1.444865539,-0.3230452562
2.718,0.2,0.4,0.63198848,-25.69,-1.434721931,212.765,-1.430765712,-0.2205518078
2.719,0.15,0.3,0.47575662,-27.79,-1.530506376,213.454,-1.413468721,-0.1616034797
2.72,0.14,0.28,0.4443690272,-28.37,-1.556448844,214.485,-1.387689997,-0.1509334482
2.721,0.14,0.28,0.4443690272,-28.13,-1.545740651,215.36,-1.36590886,-0.152617623
2.722,0.19,0.38,0.6008362552,-26.25,-1.460551169,216.804,-1.330156558,-0.2152988826
2.723,0.32,0.64,1.002143437,-21.41,-1.230245092,219.163,-1.272258721,-0.4004563075
2.724,0.4,0.8,1.24514752,-17.74,-1.044617259,222.338,-1.195309664,-0.5558875635
2.725,0.32,0.64,1.002143437,-21.41,-1.230245092,224.635,-1.140321743,-0.4227442239
2.726,0.11,0.22,0.3499238072,-30.08,-1.631667319,226.906,-1.086506242,-0.1287349021
2.727,-0.06,-0.12,-0.1932682848,-37.09,-1.921016643,229.035,-1.036542616,0.06534722312
2.728,-0.08,-0.16,-0.2580676352,-38.2,-1.964152861,231.07,-0.9892172404,0.08738072993
2.729,0.01,0.02,0.0320466232,-35.08,-1.84108266,233.453,-0.9343258278,-0.01154663299
2.73,0.08,0.16,0.2550549248,-32.61,-1.739555083,235.931,-0.877837225,-0.09744619637
2.731,0.13,0.26,0.4129343608,-30.71,-1.658908259,238.297,-0.8244527558,-0.1662804394
2.732,0.32,0.64,1.002143437,-23.54,-1.333585162,241.142,-0.7609580102,-0.4784544191
2.733,0.73,1.46,2.215694073,-5.16,-0.33046696,244.416,-0.6888094082,-2.173791272
2.734,1.23,2.46,3.588541433,10.48,0.7447194677,248.196,-0.6067026104,26.00074732
2.735,1.59,3.18,4.504121599,18.68,1.401132551,252.879,-0.5066985013,5.035722424
2.736,1.7,3.4,4.77171368,20.8,1.581989574,258.176,-0.3957908108,4.022693183
2.737,1.64,3.28,4.626460467,19.54,1.473933415,266.791,-0.2201821034,3.690094219
2.738,1.6,3.2,4.52868352,18.83,1.413775067,271.903,-0.1186401483,3.496688611
2.739,1.67,3.34,4.699298905,20.27,1.536334569,273.155,-0.0940621702,3.258260303
2.74,1.76,3.52,4.915272243,21.88,1.675939444,274.373,-0.07025951262,3.0611781
2.741,1.76,3.52,4.915272243,21.91,1.6785668,275.708,-0.04429146783,3.007615759
2.742,1.67,3.34,4.699298905,20.28,1.537193253,276.846,-0.02225449549,3.101972855
2.743,1.56,3.12,4.430153395,18.22,1.362507385,277.157,-0.01624784869,3.29071273
2.744,1.49,2.98,4.255913343,17.05,1.265247458,277.016,-0.0189702838,3.41490114
2.745,1.49,2.98,4.255913343,17.05,1.265247458,276.003,-0.0385701748,3.469464545
2.746,1.51,3.02,4.305931583,17.44,1.297511257,275.295,-0.05231157086,3.458024951
2.747,1.51,3.02,4.305931583,17.32,1.28756734,275.421,-0.04986348505,3.478967579
2.748,1.46,2.92,4.180532931,16.44,1.21509526,275.229,-0.05359434873,3.599250669
2.749,1.38,2.76,3.977447261,14.97,1.09578871,274.234,-0.07297056084,3.888714006
2.75,1.31,2.62,3.797275935,13.14,0.9502973436,272.769,-0.1016276934,4.474386393
2.751,1.29,2.58,3.745374751,12.7,0.9158123613,270.573,-0.1448736194,4.858200202
2.752,1.33,2.66,3.848988825,13.84,1.005555305,268.662,-0.1827936091,4.678133223
2.753,1.39,2.78,4.002997727,15.09,1.105446223,267.609,-0.2038037224,4.439672846
2.754,1.39,2.78,4.002997727,15.22,1.115924885,266.84,-0.2191995893,4.46401785
2.755,1.34,2.68,3.874774659,13.99,1.017459711,266.969,-0.2166138329,4.838352505
2.756,1.25,2.5,3.6410075,11.66,0.8350606483,266.679,-0.2224285278,5.943220047
2.757,1.16,2.32,3.403427379,9.55,0.674469466,265.442,-0.2473024265,7.967439115
2.758,1.11,2.22,3.269790847,8.27,0.5791392686,263.601,-0.2845371683,11.09900725
2.759,1.08,2.16,3.189044045,7.37,0.5130437536,259.877,-0.3606577927,20.92741369
2.76,1.01,2.02,2.998987263,5.69,0.3917049323,251.764,-0.5303400051,-21.6322407
2.761,0.91,1.82,2.723476319,3,0.2028649755,251.383,-0.5384424101,-8.115790988
2.762,0.81,1.62,2.443258015,0.48,0.03191873829,251.395,-0.538187029,-4.826014309
2.763,0.77,1.54,2.329852633,-1.15,-0.07564630481,252.376,-0.5173507497,-3.928944697
2.764,0.78,1.56,2.358274589,-0.91,-0.05995503512,253.853,-0.4861317858,-4.318497532
2.765,0.77,1.54,2.329852633,-1.46,-0.09583975751,256.87,-0.4229228144,-4.49117334
2.766,0.72,1.44,2.187036749,-3.72,-0.240543081,266.615,-0.2237126225,-4.710845192
2.767,0.69,1.38,2.100782335,-5.67,-0.3618958053,268.244,-0.191123933,-3.798747476
2.768,0.66,1.32,2.014104259,-6.96,-0.4404238199,269.128,-0.173521958,-3.280589804
2.769,0.6,1.2,1.83947712,-10.16,-0.6293274337,268.654,-0.1829529194,-2.264584035
2.77,0.5,1,1.544666,-15.1,-0.9049683735,267.31,-0.2097846285,-1.385657628
2.771,0.45,0.9,1.39549518,-17.33,-1.023270261,263.847,-0.2795467234,-1.071136772
2.772,0.53,1.06,1.633603609,-13.95,-0.8424912778,257.104,-0.4180513614,-1.295952678
2.773,0.69,1.38,2.100782335,-6.35,-0.403462751,250.807,-0.5507150613,-2.201667559
2.774,0.81,1.62,2.443258015,0.33,0.02192222892,250.083,-0.5661811425,-4.489146534
2.775,0.88,1.76,2.639905101,2.01,0.135027589,251.273,-0.5407839718,-6.506133268
2.776,0.95,1.9,2.83424558,3.8,0.2583323737,252.922,-0.505788855,-11.4535112
2.777,1.05,2.1,3.10787358,6.43,0.4448262407,255.671,-0.4479536381,-993.7571646
2.778,1.15,2.3,3.37679422,9.07,0.6385370409,259.459,-0.3692699455,12.54068647
2.779,1.21,2.42,3.535887071,10.57,0.7515622124,268.176,-0.1924803328,6.324453002
2.78,1.21,2.42,3.535887071,10.71,0.7622220918,271.961,-0.1174990541,5.484350433
2.781,1.18,2.36,3.456552477,9.79,0.6925186578,272.626,-0.1044331831,5.877636203
2.782,1.08,2.16,3.189044045,7.42,0.5166956286,273.273,-0.09175152722,7.5046201
2.783,0.96,1.92,2.861820211,4.2,0.286285154,273.317,-0.09089018691,14.64633534
2.784,0.87,1.74,2.611953881,2.04,0.1370702779,273.13,-0.09455184134,61.43108951
2.785,0.88,1.76,2.639905101,2.24,0.1507089033,272.161,-0.1135661125,71.07449495
2.786,0.95,1.9,2.83424558,3.97,0.2701944075,271.15,-0.1334768312,20.73065992
2.787,1,2,2.971648,5.11,0.3504252631,270.149,-0.1532638845,15.07216079
2.788,0.97,1.94,2.889347769,4.36,0.2975073278,269.099,-0.1740984805,23.41280899
2.789,0.89,1.78,2.667809247,2.49,0.1678078821,268.206,-0.1918818787,-110.8170484
2.79,0.83,1.66,2.499678265,0.99,0.0660562702,267.335,-0.2092842965,-17.45243811
2.791,0.81,1.62,2.443258015,0.38,0.02525218363,264.995,-0.2563193336,-10.5738008
2.792,0.8,1.6,2.41497728,0.04,0.002652113866,262.054,-0.316027305,-7.706344817
2.793,0.75,1.5,2.2728675,-2.14,-0.1398422971,254.498,-0.4725555291,-3.711423201
2.794,0.63,1.26,1.927002521,-7.65,-0.4818619997,246.958,-0.6334551512,-1.727761937
2.795,0.44,0.88,1.365519795,-15.66,-0.9350278181,243.362,-0.7119302081,-0.8291163305
2.796,0.32,0.64,1.002143437,-20.79,-1.199565442,239.619,-0.7948545919,-0.5024736113
2.797,0.39,0.78,1.214936767,-18.27,-1.072028563,237.734,-0.8371076098,-0.6363803613
2.798,0.54,1.08,1.663155331,-11.41,-0.7008794776,235.729,-0.8824197635,-1.050436511
2.799,0.58,1.16,1.780891485,-9.34,-0.5817117538,231.978,-0.9682353715,-1.149001444
2.8,0.38,0.76,1.184678941,-17.69,-1.042020615,227.215,-1.079225582,-0.5584825291
2.801,-0.02,-0.04,-0.0642344672,-33.6,-1.780692295,222.564,-1.18987431,0.02162364146
2.802,-0.34,-0.68,-1.117593981,-45.78,-2.240543281,217.989,-1.300994333,0.3155674463
2.803,-0.4,-0.8,-1.32046528,-48.13,-2.32014323,215.569,-1.360719373,0.3587379977
2.804,-0.29,-0.58,-0.9498290888,-44.55,-2.197769656,213.718,-1.406855927,0.2635028429
2.805,-0.14,-0.28,-0.4535954528,-39.72,-2.022085888,214.089,-1.39757674,0.1326433342
2.806,-0.09,-0.18,-0.2905379208,-37.95,-1.954499134,214.199,-1.39482859,0.08674514553
2.807,-0.12,-0.24,-0.3882312192,-39.12,-1.999372973,215.008,-1.374660442,0.1150644263
2.808,-0.12,-0.24,-0.3882312192,-39.41,-2.01037604,215.866,-1.353353489,0.1154168954
2.809,-0.08,-0.16,-0.2580676352,-37.94,-1.954112242,217.471,-1.313722489,0.07897205839
2.81,0.03,0.06,0.0959986488,-34.25,-1.807377356,220.257,-1.24561946,-0.03144407105
2.811,0.19,0.38,0.6008362552,-28.32,-1.554221063,221.21,-1.222521209,-0.2163817151
2.812,0.37,0.74,1.154374041,-21.6,-1.239592405,222.068,-1.201810477,-0.4728322594
2.813,0.5,1,1.544666,-15.94,-0.949968731,223.722,-1.162110437,-0.7313485326
2.814,0.59,1.18,1.810207839,-12.04,-0.736473308,225.87,-1.110989031,-0.9798347716
2.815,0.63,1.26,1.927002521,-9.85,-0.6113898286,228.579,-1.047204881,-1.16182845
2.816,0.65,1.3,1.98511742,-9.03,-0.5635697383,230.628,-0.999460736,-1.270043964
2.817,0.64,1.28,1.956083507,-9.59,-0.5962859644,233.135,-0.9416183439,-1.271914967
2.818,0.62,1.24,1.897874461,-10.58,-0.6535074781,236.234,-0.8709707685,-1.244933777
2.819,0.63,1.26,1.927002521,-9.95,-0.6171845625,239.259,-0.8028983958,-1.356964753
2.82,0.7,1.4,2.12958088,-6.67,-0.4228905923,242.451,-0.7319949479,-1.843975707
2.821,0.8,1.6,2.41497728,-1.24,-0.08151755551,245.52,-0.6646984631,-3.236297828
2.822,0.88,1.76,2.639905101,1.62,0.1085462017,249.21,-0.5848898156,-5.542018459
2.823,0.93,1.86,2.778955097,2.74,0.1849633106,254.153,-0.4798129621,-9.42499027
2.824,0.94,1.88,2.806623875,3.02,0.2042445655,262.322,-0.3105587095,-26.39934604
2.825,0.94,1.88,2.806623875,3.01,0.2035547251,269.684,-0.1624806261,68.3307471
2.826,0.94,1.88,2.806623875,3.12,0.2111479618,271.498,-0.1266149234,33.20150237
2.827,0.94,1.88,2.806623875,3.19,0.2159857435,271.551,-0.1255706346,31.04153619
2.828,0.93,1.86,2.778955097,2.89,0.1952837167,271.314,-0.130241962,42.72570921
2.829,0.9,1.8,2.69566632,2.14,0.143885089,270.37,-0.148889015,-538.7102704
2.83,0.87,1.74,2.611953881,1.39,0.09299289374,269.944,-0.1573252223,-40.60095349
2.831,0.87,1.74,2.611953881,1.27,0.08489690838,269.963,-0.156948676,-36.25107291
2.832,0.87,1.74,2.611953881,1.36,0.09096769082,269.815,-0.1598824748,-37.90121264
2.833,0.84,1.68,2.527817779,0.49,0.03258588131,269.185,-0.172388974,-18.08127225
2.834,0.77,1.54,2.329852633,-2.59,-0.1687414774,267.437,-0.2072434267,-6.196665364
2.835,0.69,1.38,2.100782335,-6.13,-0.390056781,264.289,-0.2705918309,-3.179878528
2.836,0.64,1.28,1.956083507,-8.37,-0.5246856107,261.014,-0.3373018136,-2.269271514
2.837,0.6,1.2,1.83947712,-10.01,-0.6206575565,256.302,-0.4347660219,-1.742880449
2.838,0.54,1.08,1.663155331,-12.98,-0.7890036076,245.932,-0.6557283072,-1.151186123
2.839,0.43,0.86,1.335497337,-18.06,-1.061192178,243.385,-0.7114246066,-0.7534044293
2.84,0.32,0.64,1.002143437,-22.64,-1.290306744,241.439,-0.7543727937,-0.4901224952
2.841,0.31,0.62,0.9715560952,-23.27,-1.320660578,240.425,-0.7768891385,-0.463186206
2.842,0.39,0.78,1.214936767,-19.99,-1.159573893,239.162,-0.805067824,-0.6184011857
2.843,0.51,1.02,1.574358943,-14.96,-0.8974163772,238.219,-0.8262042185,-0.9134022575
2.844,0.56,1.12,1.722117555,-12.4,-0.7566727833,237.073,-0.8520035666,-1.070518352
2.845,0.51,1.02,1.574358943,-14.95,-0.896876379,236.19,-0.8719673309,-0.8900497734
2.846,0.4,0.8,1.24514752,-19.92,-1.156052802,235.437,-0.8890509729,-0.6088431968
2.847,0.31,0.62,0.9715560952,-23.94,-1.352640305,234.797,-0.9036139442,-0.4306057687
2.848,0.31,0.62,0.9715560952,-24.14,-1.362126651,234.586,-0.9084238758,-0.4278945057
2.849,0.38,0.76,1.184678941,-21.15,-1.217412646,235.307,-0.8920058699,-0.561613986
2.85,0.41,0.82,1.275311199,-19.87,-1.153535578,236.102,-0.8739610128,-0.6290078143
2.851,0.36,0.72,1.124022067,-22.3,-1.273810472,236.805,-0.8580549138,-0.5272481437
2.852,0.34,0.68,1.063176899,-23.41,-1.327368501,237.304,-0.8467931534,-0.4890054504
2.853,0.44,0.88,1.365519795,-19.09,-1.114033214,237.222,-0.8486421564,-0.6957440928
2.854,0.65,1.3,1.98511742,-9.8,-0.6084894545,237.331,-0.8461844751,-1.364647692
2.855,0.81,1.62,2.443258015,-1.2,-0.07890898373,237.962,-0.831979124,-2.682281166
2.856,0.86,1.72,2.583955587,0.77,0.05130192003,239.399,-0.7997688126,-3.452331176
2.857,0.88,1.76,2.639905101,1.25,0.08354882834,242.389,-0.7333632343,-4.06255244
2.858,0.93,1.86,2.778955097,2.52,0.1698635505,244.972,-0.6766529953,-5.483451017
2.859,0.97,1.94,2.889347769,3.55,0.2409361762,247.628,-0.618960191,-7.643291578
2.86,0.97,1.94,2.889347769,3.57,0.242325773,251.073,-0.545043984,-9.544677735
2.861,1,2,2.971648,4.41,0.3010190778,257.762,-0.404376728,-28.75111802
2.862,1.08,2.16,3.189044045,6.24,0.4311382393,251.361,-0.5389106405,-29.59054461
2.863,1.08,2.16,3.189044045,6.26,0.4325774929,246.205,-0.6497927643,-14.68149097
2.864,1,2,2.971648,4.41,0.3010190778,244.533,-0.6862490184,-7.713959084
2.865,0.94,1.88,2.806623875,2.69,0.1815277028,243.688,-0.704768314,-5.363925917
2.866,0.96,1.92,2.861820211,3.1,0.2097665561,243.17,-0.7161527466,-5.65145785
2.867,1.04,2.08,3.080722611,5.27,0.3617816212,243.684,-0.7048561319,-8.979747883
2.868,1.06,2.12,3.134977475,5.79,0.3988536725,244.424,-0.6886342997,-10.81845086
2.869,1.01,2.02,2.998987263,4.37,0.298209494,245.29,-0.6697126237,-8.07257604
2.87,0.95,1.9,2.83424558,2.88,0.1945950554,246.277,-0.6482284431,-6.247876935
2.871,0.86,1.72,2.583955587,0.67,0.04460962798,247.719,-0.6169944983,-4.51436738
2.872,0.72,1.44,2.187036749,-5.4,-0.3452841702,249.552,-0.5775528481,-2.369905742
2.873,0.53,1.06,1.633603609,-13.96,-0.8430389189,254.619,-0.4700124987,-1.244127676
2.874,0.36,0.72,1.124022067,-21.39,-1.22925968,255.999,-0.4410945288,-0.672924378
2.875,0.27,0.54,0.8487359928,-25.32,-1.417540621,246.468,-0.6440808615,-0.4116837158
2.876,0.22,0.44,0.6941517088,-27.69,-1.526011312,243.287,-0.7135792406,-0.3099458104
2.877,0.15,0.3,0.47575662,-30.44,-1.647264359,239.673,-0.7936490638,-0.1949092563
2.878,0.08,0.16,0.2550549248,-33.47,-1.775324561,236.642,-0.8617387476,-0.09671930284
2.879,0.06,0.12,0.1915736352,-34.2,-1.805333719,235.451,-0.8887328506,-0.07110946604
2.88,0.17,0.34,0.5383905848,-30.45,-1.647696437,234.491,-0.9105908975,-0.2104496151
2.881,0.34,0.68,1.063176899,-24.07,-1.358809549,234.355,-0.9136946886,-0.4678437476
2.882,0.47,0.94,1.455304729,-18.78,-1.098211065,234.054,-0.9205705181,-0.7208827051
2.883,0.51,1.02,1.574358943,-16.74,-0.9923327507,233.643,-0.9299734032,-0.8189949036
2.884,0.51,1.02,1.574358943,-16.83,-0.9970687654,233.377,-0.9360677895,-0.8144064832
2.885,0.55,1.1,1.69265998,-15.22,-0.9114296718,233.187,-0.940425177,-0.91403491
2.886,0.64,1.28,1.956083507,-10.92,-0.6729789208,233.003,-0.944648348,-1.209230053
2.887,0.73,1.46,2.215694073,-6.48,-0.4113655559,232.955,-0.9457505933,-1.632648815
2.888,0.78,1.56,2.358274589,-3.85,-0.2487334161,233.131,-0.941710137,-1.981004965
2.889,0.8,1.6,2.41497728,-2.67,-0.1738608231,233.786,-0.9266999648,-2.194315213
2.89,0.83,1.66,2.499678265,-1.2,-0.07890898373,234.81,-0.9033177391,-2.54490965
2.891,0.87,1.74,2.611953881,0.6,0.03993030927,236.49,-0.8651762662,-3.165061105
2.892,0.91,1.82,2.723476319,1.62,0.1085462017,238.604,-0.8175647424,-3.841191962
2.893,0.94,1.88,2.806623875,2.22,0.1493434198,241.465,-0.7537966957,-4.643243716
2.894,0.96,1.92,2.861820211,2.9,0.1959724686,244.656,-0.6835586471,-5.869362869
2.895,1.01,2.02,2.998987263,4.02,0.2736882735,248.175,-0.607155296,-8.993354847
2.896,1.03,2.06,3.053524569,4.53,0.3094566527,252.482,-0.5151041774,-14.84834099
2.897,0.97,1.94,2.889347769,3.07,0.2076951287,262.729,-0.3022644659,-30.55269134
2.898,0.86,1.72,2.583955587,0.11,0.007296713423,263.309,-0.2904668343,-9.125099706
2.899,0.76,1.52,2.301383603,-5.35,-0.3422012381,262.812,-0.3005745882,-3.58038294
2.9,0.74,1.48,2.244304323,-6.66,-0.4222847572,261.743,-0.3223803394,-3.013843852
2.901,0.79,1.58,2.386649471,-4,-0.2581659283,259.435,-0.3697648442,-3.800816229
2.902,0.86,1.72,2.583955587,0.1,0.00663293416,255.788,-0.4455059345,-5.887706888
2.903,0.93,1.86,2.778955097,1.94,0.1302644618,247.064,-0.631159302,-5.547981081
2.904,0.98,1.96,2.916828253,3.13,0.2118388009,245.812,-0.658339422,-6.532640975
2.905,0.96,1.92,2.861820211,2.58,0.1739773267,244.677,-0.6830994506,-5.621087902
2.906,0.86,1.72,2.583955587,-0.03,-0.001988158449,243.896,-0.7002037669,-3.679842353
2.907,0.72,1.44,2.187036749,-6.7,-0.4247076006,244.047,-0.6968925194,-1.949925566
2.908,0.59,1.18,1.810207839,-12.73,-0.7751000269,244.184,-0.6938900471,-1.232280511
2.909,0.5,1,1.544666,-16.71,-0.9907527374,244.584,-0.6851333344,-0.9217010786
2.91,0.45,0.9,1.39549518,-18.76,-1.097187879,244.698,-0.6826402935,-0.7840617435
2.911,0.44,0.88,1.365519795,-19.05,-1.111995574,243.454,-0.7099080888,-0.7495016466
2.912,0.48,0.96,1.485138893,-17.68,-1.041501064,241.901,-0.7441452075,-0.831709458
2.913,0.52,1.04,1.604004813,-15.93,-0.9494361434,239.324,-0.8014451474,-0.9161128292
2.914,0.52,1.04,1.604004813,-15.84,-0.9446394691,236.902,-0.855863897,-0.8908646565
2.915,0.47,0.94,1.455304729,-18.02,-1.059124433,235.337,-0.8913238257,-0.7461385978
2.916,0.39,0.78,1.214936767,-21.46,-1.232707384,234.075,-0.9200905222,-0.5643524473
2.917,0.32,0.64,1.002143437,-24.76,-1.391360512,233.658,-0.9296299415,-0.4317740452
2.918,0.24,0.48,0.7561266432,-27.99,-1.539476864,233.014,-0.9443957821,-0.3044144169
2.919,0.17,0.34,0.5383905848,-31.08,-1.67479003,232.235,-0.9623115816,-0.2041599695
2.92,0.13,0.26,0.4129343608,-32.57,-1.737880348,231.505,-0.9791550854,-0.1519797481
2.921,0.16,0.32,0.5070971392,-31.61,-1.697389917,230.586,-1.000435121,-0.187965169
2.922,0.24,0.48,0.7561266432,-28.85,-1.577752985,229.892,-1.016561419,-0.2914552847
2.923,0.31,0.62,0.9715560952,-26,-1.449046214,230.289,-1.007330484,-0.3955240643
2.924,0.39,0.78,1.214936767,-23.03,-1.309129711,230.98,-0.9913014305,-0.5281343767
2.925,0.53,1.06,1.633603609,-17.22,-1.017521857,232.628,-0.9532656885,-0.8289090384
2.926,0.72,1.44,2.187036749,-8.15,-0.5116455393,234.092,-0.9197019857,-1.527956496
2.927,0.89,1.78,2.667809247,0.45,0.02991784121,235.629,-0.8846898004,-3.12107717
2.928,0.97,1.94,2.889347769,2.36,0.1589093763,236.607,-0.8625300858,-4.106399556
2.929,0.97,1.94,2.889347769,2.52,0.1698635505,235.724,-0.8825332425,-4.054259359
2.93,1,2,2.971648,3.16,0.2139118633,234.849,-0.9024292221,-4.316010282
2.931,1.07,2.14,3.162034297,5.09,0.3490073834,234.327,-0.914333928,-5.593288211
2.932,1.15,2.3,3.37679422,7.06,0.4904547193,234.578,-0.908606328,-8.075526075
2.933,1.2,2.4,3.50948928,8.25,0.5776621365,236.791,-0.8583712172,-12.50222925
2.934,1.22,2.44,3.562237789,8.78,0.6169347889,239.382,-0.8001487358,-19.44304923
2.935,1.22,2.44,3.562237789,8.98,0.6318242889,243.354,-0.7121060807,-44.37167769
2.936,1.22,2.44,3.562237789,8.85,0.6221417664,247.709,-0.6172104732,722.3739444
2.937,1.2,2.4,3.50948928,8.22,0.5754471511,252.139,-0.5223771616,66.12945116
2.938,1.15,2.3,3.37679422,7.09,0.4926368002,257.682,-0.4060374322,38.9932894
2.939,1.13,2.26,3.323386681,6.37,0.4405000682,268.501,-0.1860006431,13.05852334
2.94,1.16,2.32,3.403427379,7.22,0.5021022725,274.433,-0.06908970033,7.85988121
2.941,1.26,2.52,3.667169923,9.95,0.7045822624,278.192,0.003693688657,5.177600507
2.942,1.42,2.84,4.079366685,14.34,1.045323983,281.608,0.06898781815,3.660884397
2.943,1.61,3.22,4.553198367,17.91,1.336600617,283.675,0.108113351,3.151626182
2.944,1.76,3.52,4.915272243,20.91,1.591502177,284.697,0.1273532357,2.859619377
2.945,1.84,3.68,5.104047539,22.37,1.718972778,282.937,0.09417682216,2.815017326
2.946,1.8,3.6,5.01003648,21.77,1.666313985,281.463,0.06623239293,2.891718539
2.947,1.69,3.38,4.747622495,19.57,1.476486873,280.432,0.04659934337,3.117106861
2.948,1.56,3.12,4.430153395,17.15,1.273505381,280.316,0.04438587134,3.361547008
2.949,1.47,2.94,4.205706809,15.48,1.136933309,282.249,0.0811517231,3.45272021
2.95,1.43,2.86,4.104728857,14.73,1.076517106,284.201,0.1180243203,3.43623818
2.951,1.46,2.92,4.180532931,15.3,1.122381755,285.186,0.1365345963,3.320739244
2.952,1.47,2.94,4.205706809,15.63,1.149084592,284.768,0.1286872949,3.291437894
2.953,1.43,2.86,4.104728857,14.92,1.09176902,280.135,0.04093026136,3.623846968
2.954,1.35,2.7,3.90051342,12.91,0.9322472266,275.34,-0.0514371259,4.428325035
2.955,1.17,2.34,3.430013465,7.98,0.5577580344,270.551,-0.1453086399,8.316204389
2.956,0.99,1.98,2.944261663,3.26,0.220827979,266.968,-0.2166338727,701.999784
2.957,0.93,1.86,2.778955097,1.81,0.1214303351,266.656,-0.2228899639,-27.38976212
2.958,1,2,2.971648,3.56,0.241630929,266.518,-0.2256594163,186.0592707
2.959,1.17,2.34,3.430013465,7.83,0.5467300784,267.259,-0.2108054509,10.21066389
2.96,1.24,2.48,3.614798003,9.71,0.6864961027,267.474,-0.2065033036,7.530942151
2.961,1.2,2.4,3.50948928,8.71,0.6117324897,267.191,-0.2121668505,8.78326096
2.962,1.23,2.46,3.588541433,9.4,0.6632168394,266.479,-0.2264423475,8.216005055
2.963,1.24,2.48,3.614798003,9.72,0.6872485852,264.315,-0.270065539,8.664776855
2.964,1.11,2.22,3.269790847,6.41,0.4433838091,261.844,-0.320316308,26.5690846
2.965,0.9,1.8,2.69566632,0.82,0.05465139965,258.193,-0.3954385433,-7.910117415
2.966,0.76,1.52,2.301383603,-6.4,-0.4065039518,250.689,-0.5532327285,-2.397932319
2.967,0.81,1.62,2.443258015,-3.59,-0.2323383421,243.773,-0.7029025237,-2.612437185
2.968,0.96,1.92,2.861820211,2.05,0.1377513541,241.764,-0.7471760243,-4.69593758
2.969,0.98,1.96,2.916828253,2.56,0.1726057065,241.342,-0.7565226297,-4.995279528
2.97,0.86,1.72,2.583955587,-1.1,-0.07238144249,240.827,-0.7679511996,-3.074919928
2.971,0.69,1.38,2.100782335,-10.04,-0.6223929723,240.128,-0.7835021457,-1.494266755
2.972,0.55,1.1,1.69265998,-16.8,-0.9954907644,239.126,-0.8058731965,-0.9396546265
2.973,0.57,1.14,1.751528057,-16.06,-0.9563539179,237.208,-0.8489579037,-0.970208047
2.974,0.72,1.44,2.187036749,-9,-0.5618099385,235.477,-0.8881421021,-1.508351095
2.975,0.88,1.76,2.639905101,-0.34,-0.02248599305,234.378,-0.9131696562,-2.821449433
2.976,0.97,1.94,2.889347769,1.96,0.1316249058,233.709,-0.9284623366,-3.626019132
2.977,0.99,1.98,2.944261663,2.59,0.1746632724,233.918,-0.923680106,-3.930835104
2.978,1.1,2.2,3.24292232,5.29,0.3632028321,234.399,-0.9126903238,-5.90172182
2.979,1.39,2.78,4.002997727,13.27,0.9605227547,235.668,-0.8838043714,52.17781654
2.98,1.71,3.42,4.795757791,19.75,1.491827347,237.694,-0.8380078513,7.334987448
2.981,1.81,3.62,5.033609855,21.69,1.659321717,241.377,-0.7557468161,5.57077211
2.982,1.7,3.4,4.77171368,19.67,1.485005183,246.155,-0.6508793676,5.720616236
2.983,1.58,3.16,4.479512605,17.35,1.290051935,253.976,-0.4835401654,5.554181319
2.984,1.62,3.24,4.577666141,18.04,1.347452685,266.458,-0.2268639734,4.085054661
2.985,1.77,3.54,4.939033913,21,1.599294702,268.379,-0.188432099,3.500719278
2.986,1.84,3.68,5.104047539,22.32,1.71456991,269.091,-0.1742575321,3.313644434
2.987,1.77,3.54,4.939033913,21.1,1.607963086,267.362,-0.2087439905,3.529850279
2.988,1.67,3.34,4.699298905,19.21,1.445907278,266.418,-0.2276671621,3.857448827
2.989,1.58,3.16,4.479512605,17.6,1.310792792,265.042,-0.2553705319,4.244284751
2.99,1.51,3.02,4.305931583,16.28,1.202003341,264.05,-0.2754320948,4.647167284
2.991,1.45,2.9,4.15531198,15.06,1.103030487,263.799,-0.2805201033,5.051987263
2.992,1.36,2.72,3.926205107,13.01,0.9400886718,263.241,-0.2918486594,6.056715156
2.993,1.25,2.5,3.6410075,9.93,0.7030729625,262.75,-0.301836856,9.074476204
2.994,1.12,2.24,3.296612301,6.48,0.448433957,262.36,-0.3097837639,23.77647104
2.995,1.01,2.02,2.998987263,3.54,0.2402415146,261.814,-0.3209293035,-37.1677958
2.996,0.94,1.88,2.806623875,1.68,0.1126113781,260.349,-0.3509497016,-11.77579767
2.997,0.9,1.8,2.69566632,0.8,0.05331134101,257.071,-0.4187380926,-7.376762397
2.998,0.87,1.74,2.611953881,-0.09,-0.005962092718,247.486,-0.6220289793,-4.15922136
2.999,0.81,1.62,2.443258015,-2.94,-0.191097962,244.955,-0.6770242751,-2.814417038
3,0.74,1.48,2.244304323,-6.35,-0.403462751,242.222,-0.7370505218,-1.967802021
3.001,0.69,1.38,2.100782335,-8.95,-0.5588753209,240.362,-0.7782912147,-1.571070079
3.002,0.67,1.34,2.043044025,-9.6,-0.5968678865,238.429,-0.8214900476,-1.440429088
3.003,0.71,1.42,2.158332351,-7.79,-0.4902220126,237.529,-0.8417229494,-1.620436589
3.004,0.74,1.48,2.244304323,-6.11,-0.3888360597,236.5,-0.8649500458,-1.79002169
3.005,0.68,1.36,2.071936717,-8.85,-0.5530000139,235.674,-0.8836681646,-1.442181812
3.006,0.5,1,1.544666,-17,-1.005998115,234.932,-0.9005387667,-0.8101946597
3.007,0.3,0.6,0.94092168,-25.78,-1.438887238,234.498,-0.9104311922,-0.4005083636
3.008,0.25,0.5,0.7870435,-27.86,-1.533649024,234.031,-0.9210962773,-0.3206212472
3.009,0.39,0.78,1.214936767,-22.49,-1.283038931,233.567,-0.9317139481,-0.5485653856
3.01,0.56,1.12,1.722117555,-15.26,-0.9135810115,233.045,-0.9436840696,-0.9272330443
3.011,0.58,1.16,1.780891485,-14.28,-0.8605229098,232.248,-0.9620121088,-0.9771507634
3.012,0.46,0.92,1.425423491,-19.81,-1.150512535,231.609,-0.9767522212,-0.6700733829
3.013,0.37,0.74,1.154374041,-23.93,-1.352165267,230.584,-1.000481525,-0.4906703568
3.014,0.43,0.86,1.335497337,-21.83,-1.250873491,229.961,-1.014955906,-0.589407719
3.015,0.59,1.18,1.810207839,-14.99,-0.8990359156,229.729,-1.020356068,-0.9431152442
3.016,0.74,1.48,2.244304323,-7.74,-0.4872381374,229.587,-1.02366403,-1.48540678
3.017,0.82,1.64,2.471491677,-3.65,-0.2361269356,229.714,-1.020705404,-1.966445006
3.018,0.83,1.66,2.499678265,-2.63,-0.1713018392,230.207,-1.009235821,-2.117406627
3.019,0.83,1.66,2.499678265,-2.93,-0.1904606668,231.06,-0.989448777,-2.118533993
3.02,0.81,1.62,2.443258015,-3.71,-0.2399124588,232.198,-0.9631640188,-2.030841813
3.021,0.78,1.56,2.358274589,-5.72,-0.3649653387,233.485,-0.9335925398,-1.816071989
3.022,0.73,1.46,2.215694073,-8.37,-0.5246856107,234.931,-0.9005615393,-1.554603405
3.023,0.69,1.38,2.100782335,-10.42,-0.6443126236,236.702,-0.8603824402,-1.396151543
3.024,0.7,1.4,2.12958088,-10.1,-0.625861643,238.936,-0.8101257832,-1.483008027
3.025,0.78,1.56,2.358274589,-5.82,-0.3710981375,241.498,-0.7530655838,-2.0978035
3.026,0.9,1.8,2.69566632,0.41,0.02725121946,244.353,-0.6901885873,-4.066245849
3.027,0.96,1.92,2.861820211,1.92,0.1289043773,247.985,-0.6112527648,-5.933097914
3.028,0.98,1.96,2.916828253,2.49,0.1678078821,251.752,-0.5305950119,-8.040054384
3.029,1.11,2.22,3.269790847,5.64,0.3881340481,258.242,-0.3944233139,-519.9002481
3.03,1.37,2.74,3.951849721,12.63,0.910343748,265.766,-0.2407761686,5.902092398
3.031,1.63,3.26,4.602086841,18.29,1.36837102,266.901,-0.2179767115,4.000442986
3.032,1.74,3.48,4.867607683,20.31,1.539769935,267.402,-0.2079436375,3.654836739
3.033,1.67,3.34,4.699298905,18.96,1.424750789,267.173,-0.212527279,3.876594427
3.034,1.57,3.14,4.454856537,17.17,1.275158193,266.93,-0.2173954414,4.211583864
3.035,1.54,3.08,4.380605891,16.66,1.233139188,265.538,-0.2453678903,4.434838207
3.036,1.55,3.1,4.40540318,16.79,1.243824694,263.65,-0.2835427653,4.587614375
3.037,1.56,3.12,4.430153395,16.96,1.257824071,260.98,-0.3379987565,4.816298624
3.038,1.55,3.1,4.40540318,16.8,1.24464737,257.729,-0.405061706,5.247115773
3.039,1.5,3,4.280946,15.82,1.164508873,247.043,-0.6316140618,8.03337903
3.04,1.4,2.8,4.02850112,13.65,0.990508566,245.259,-0.6703888049,12.58435626
3.041,1.29,2.58,3.745374751,10.78,0.7675591639,243.567,-0.7074254443,62.28410247
3.042,1.24,2.48,3.614798003,9.42,0.6647159412,242.114,-0.7394364688,-48.37757602
3.043,1.22,2.44,3.562237789,9.03,0.6355526388,241.207,-0.7595161082,-28.73618983
3.044,1.14,2.28,3.350113987,6.86,0.4759291374,240.595,-0.7731075908,-11.27307161
3.045,0.99,1.98,2.944261663,2.93,0.1980392685,240.065,-0.7849059562,-5.016917342
3.046,0.91,1.82,2.723476319,0.77,0.05130192003,239.522,-0.7970207602,-3.652149004
3.047,0.95,1.9,2.83424558,1.88,0.1261852864,239.704,-0.792957124,-4.250697795
3.048,1,2,2.971648,3.04,0.2056245185,239.979,-0.7868228638,-5.112967068
3.049,0.9,1.8,2.69566632,0.47,0.03125168393,241.053,-0.7629329374,-3.684208536
3.05,0.73,1.46,2.215694073,-8.33,-0.5223176222,242.261,-0.7361891913,-1.76057376
3.051,0.68,1.36,2.071936717,-10.98,-0.6764055293,244.373,-0.6897507141,-1.516617683
3.052,0.84,1.68,2.527817779,-3.18,-0.2063673069,247.013,-0.6322637857,-3.014219007
3.053,1.11,2.22,3.269790847,5.58,0.3838520527,250.161,-0.5645127566,-18.09907067
3.054,1.38,2.76,3.977447261,12.76,0.9205035928,254.246,-0.4778556412,8.985577017
3.055,1.55,3.1,4.40540318,16.67,1.233960538,260.774,-0.3422233529,4.940248374
3.056,1.6,3.2,4.52868352,17.55,1.30663949,271.307,-0.1303799957,3.850071812
3.057,1.5,3,4.280946,15.62,1.148273799,274.687,-0.06414032644,3.948725971
3.058,1.33,2.66,3.848988825,11.45,0.8188837214,277.931,-0.001328042516,4.70792256
3.059,1.26,2.52,3.667169923,9.4,0.6632168394,280.086,0.0399943807,5.214891086
3.06,1.36,2.72,3.926205107,12.15,0.8729747311,281.574,0.0683418458,4.170972023
3.061,1.57,3.14,4.454856537,17.03,1.263597101,281.479,0.06653650952,3.349179738
3.062,1.75,3.5,4.8914635,20.37,1.544926132,281.024,0.05788144268,3.051809573
3.063,1.77,3.54,4.939033913,20.82,1.58371819,279.394,0.02675994198,3.066812156
3.064,1.67,3.34,4.699298905,18.95,1.42390588,277.726,-0.005275621867,3.312560744
3.065,1.56,3.12,4.430153395,16.87,1.25040896,276.407,-0.03074482629,3.63227324
3.066,1.51,3.02,4.305931583,15.97,1.176711751,275.555,-0.04726119379,3.812412641
3.067,1.54,3.08,4.380605891,16.5,1.220011443,275.051,-0.0570554959,3.76678575
3.068,1.62,3.24,4.577666141,18.13,1.354975858,274.684,-0.0641987569,3.546442012
3.069,1.73,3.46,4.843704793,20.11,1.522609883,274.437,-0.06901172194,3.332217198
3.07,1.8,3.6,5.01003648,21.64,1.654954996,274.26,-0.07246335384,3.16591655
3.071,1.83,3.66,5.080615385,22.04,1.689963058,274.483,-0.06811505212,3.13260883
3.072,1.76,3.52,4.915272243,20.85,1.586311904,274.655,-0.06476361758,3.230441181
3.073,1.64,3.28,4.626460467,18.64,1.39776515,274.756,-0.06279660197,3.465595105
3.074,1.54,3.08,4.380605891,16.82,1.246293028,274.601,-0.06581558606,3.710876409
3.075,1.51,3.02,4.305931583,16.24,1.198734428,274.69,-0.06408189662,3.794934101
3.076,1.53,3.06,4.355761529,16.57,1.225751623,274.758,-0.06275765846,3.745300201
3.077,1.55,3.1,4.40540318,16.94,1.256175553,274.831,-0.06133641458,3.687026175
3.078,1.55,3.1,4.40540318,16.94,1.256175553,274.789,-0.06215407042,3.68955102
3.079,1.54,3.08,4.380605891,16.89,1.252056047,275.294,-0.05233100459,3.651341545
3.08,1.56,3.12,4.430153395,17.12,1.27102693,276.332,-0.03219668694,3.576077853
3.081,1.56,3.12,4.430153395,17.17,1.275158193,278.168,0.003232117013,3.465415343
3.082,1.49,2.98,4.255913343,15.91,1.171827865,280.424,0.04644671953,3.493394181
3.083,1.33,2.66,3.848988825,12.21,0.8776334616,282.934,0.09412009545,3.960869293
3.084,1.14,2.28,3.350113987,7.27,0.5057470766,284.726,0.1278981733,5.287049793
3.085,1.04,2.08,3.080722611,4.61,0.3150890612,284.654,0.1265451226,6.975734044
3.086,1.06,2.12,3.134977475,5.07,0.3475898736,283.401,0.1029433205,6.958371807
3.087,1.13,2.26,3.323386681,6.77,0.4694048836,279.782,0.03418443921,6.599398618
3.088,1.16,2.32,3.403427379,7.67,0.5349904093,276.445,-0.03000936725,6.739713169
3.089,1.14,2.28,3.350113987,7.08,0.4919093458,273.614,-0.08507976418,8.234686312
3.09,1.08,2.16,3.189044045,5.57,0.3831387118,271.321,-0.1301039319,12.60318461
3.091,1.02,2.04,3.026279453,3.88,0.2639112146,270.232,-0.1516204145,26.95037749
3.092,0.98,1.96,2.916828253,2.96,0.2001068844,269.38,-0.1685147896,92.32778882
3.093,1.02,2.04,3.026279453,3.78,0.2569385775,269.339,-0.1693291288,34.54284324
3.094,1.09,2.18,3.216006719,5.6,0.385279013,269.603,-0.1640877481,14.53948338
3.095,1.11,2.22,3.269790847,6.22,0.4296993593,270.374,-0.1488098648,11.64084422
3.096,1.05,2.1,3.10787358,4.52,0.3087530157,271.086,-0.1347397499,17.85998076
3.097,0.96,1.92,2.861820211,2.3,0.1548075169,272.119,-0.1143917904,70.80956998
3.098,0.98,1.96,2.916828253,2.58,0.1739773267,273.362,-0.0900094141,34.73741531
3.099,1.11,2.22,3.269790847,5.98,0.4124619138,274.531,-0.06717955684,9.469904213
3.1,1.3,2.6,3.77134888,10.96,0.781304921,275.511,-0.04811553792,5.143758171
3.101,1.46,2.92,4.180532931,15.28,1.120766932,276.32,-0.03242902121,3.841208588
3.102,1.54,3.08,4.380605891,16.84,1.247939095,276.974,-0.01978148978,3.566810867
3.103,1.5,3,4.280946,16.09,1.186490475,277.07,-0.01792748538,3.663427679
3.104,1.36,2.72,3.926205107,13.06,0.9440131042,276.887,-0.0214622364,4.255814226
3.105,1.23,2.46,3.588541433,9.49,0.669965822,276.138,-0.03595399519,5.660054404
3.106,1.22,2.44,3.562237789,9.15,0.6445104399,275.305,-0.05211723741,6.013299569
3.107,1.29,2.58,3.745374751,11.19,0.7989148095,274.101,-0.07556587215,5.177825746
3.108,1.29,2.58,3.745374751,11.07,0.7897206161,272.644,-0.1040799636,5.462591428
3.109,1.14,2.28,3.350113987,7.12,0.4948197279,270.846,-0.1394783521,9.427874756
3.11,0.96,1.92,2.861820211,2.49,0.1678078821,268.935,-0.1773599845,-299.6010826
3.111,0.95,1.9,2.83424558,2.18,0.1466135339,266.928,-0.217435527,-40.01928575
3.112,1.1,2.2,3.24292232,6.06,0.4182017598,264.98,-0.256622178,20.07012448
3.113,1.21,2.42,3.535887071,9.11,0.6415229744,262.783,-0.3011649667,10.3887289
3.114,1.15,2.3,3.37679422,7.51,0.523274949,260.214,-0.353724582,19.91617169
3.115,0.98,1.96,2.916828253,3.03,0.2049344966,256.559,-0.4294041398,-12.99431055
3.116,0.89,1.78,2.667809247,0.75,0.04996275061,247.254,-0.6270465647,-4.6229147
3.117,0.94,1.88,2.806623875,1.84,0.1234676326,246.492,-0.6435599268,-5.396395807
3.118,0.96,1.92,2.861820211,2.43,0.1636989839,245.524,-0.6646113018,-5.713215883
3.119,0.82,1.64,2.471491677,-2.51,-0.1636166177,244.823,-0.6799080307,-2.929957864
3.12,0.59,1.18,1.810207839,-14.11,-0.8512443198,244.128,-0.6951171314,-1.170624008
3.121,0.5,1,1.544666,-18.54,-1.085913568,242.346,-0.7343124128,-0.8486122141
3.122,0.64,1.28,1.956083507,-12.18,-0.7443407134,240.748,-0.7697064817,-1.291956759
3.123,0.9,1.8,2.69566632,0.76,0.05063229087,239.171,-0.8048664999,-3.574044094
3.124,1.1,2.2,3.24292232,5.86,0.4038633251,238.509,-0.819695265,-7.798636922
3.125,1.15,2.3,3.37679422,7,0.4860930969,237.998,-0.8311698123,-9.785633367
3.126,1.05,2.1,3.10787358,4.53,0.3094566527,236.869,-0.8566091937,-5.680086168
3.127,0.87,1.74,2.611953881,-0.58,-0.038297192,236.882,-0.8563155796,-2.919647432
3.128,0.67,1.34,2.043044025,-9.59,-0.5962859644,237.367,-0.8453730118,-1.417147924
3.129,0.53,1.06,1.633603609,-15.42,-0.9221742525,238.092,-0.8290571865,-0.9328313622
3.13,0.49,0.98,1.514925983,-17.27,-1.02013588,236.999,-0.8536737771,-0.8084737838
3.131,0.48,0.96,1.485138893,-17.61,-1.037862146,235.396,-0.8899827258,-0.7703622395
3.132,0.44,0.88,1.365519795,-19.25,-1.12217216,234.303,-0.9148819083,-0.6703404766
3.133,0.33,0.66,1.032683705,-23.84,-1.347886838,234.528,-0.9097467952,-0.4574186395
3.134,0.17,0.34,0.5383905848,-30.39,-1.64510302,234.511,-0.9101346095,-0.2107007891
3.135,0.04,0.08,0.1279040512,-36.07,-1.880749522,234.142,-0.9185593946,-0.0456912956
3.136,-0.03,-0.06,-0.0964223112,-38.58,-1.978758381,234.474,-0.9109787729,0.03336715628
3.137,-0.01,-0.02,-0.0320936968,-38.09,-1.959909615,234.827,-0.9029304186,0.01121044013
3.138,0.03,0.06,0.0959986488,-36.81,-1.91002325,235.215,-0.8940980144,-0.03423484212
3.139,0.08,0.16,0.2550549248,-35.13,-1.843099958,236.067,-0.874754161,-0.09384422917
3.14,0.19,0.38,0.6008362552,-30.98,-1.670506155,236.874,-0.8564962633,-0.237766395
3.141,0.39,0.78,1.214936767,-23.53,-1.333107371,237.357,-0.845598406,-0.5576415043
3.142,0.6,1.2,1.83947712,-14.78,-0.8876847721,237.454,-0.8434124835,-1.062607611
3.143,0.73,1.46,2.215694073,-8.4,-0.5264607472,239,-0.8086929554,-1.659504871
3.144,0.76,1.52,2.301383603,-6.9,-0.4368019597,239.955,-0.7873579374,-1.879969772
3.145,0.71,1.42,2.158332351,-9.5,-0.5910450453,241.765,-0.7471538954,-1.612863593
3.146,0.66,1.32,2.014104259,-12.34,-0.7533132446,243.923,-0.699611539,-1.386241244
3.147,0.68,1.36,2.071936717,-11.31,-0.6952009083,246.276,-0.6482501667,-1.542249476
3.148,0.83,1.66,2.499678265,-3.85,-0.2487334161,249.248,-0.5840740999,-3.001507811
3.149,1.05,2.1,3.10787358,3.83,0.2604237534,252.814,-0.5080738416,-12.54945476
3.15,1.21,2.42,3.535887071,8.09,0.5658587598,257.266,-0.4146814136,23.38900081
3.151,1.25,2.5,3.6410075,9.21,0.6489945115,269.572,-0.1647029472,7.518213755
3.152,1.22,2.44,3.562237789,8.39,0.5880100486,272.628,-0.1043939353,7.365837678
3.153,1.21,2.42,3.535887071,8.08,0.5651218558,276.017,-0.03829880782,6.711716742
3.154,1.27,2.54,3.693285273,9.59,0.6774738173,279.77,0.03395496992,5.191363267
3.155,1.36,2.72,3.926205107,11.95,0.857471161,280.625,0.05028007471,4.325199408
3.156,1.4,2.8,4.02850112,13.27,0.9605227547,280.577,0.04936489622,3.9890587
3.157,1.37,2.74,3.951849721,12.44,0.895524723,279.987,0.03810302009,4.232789514
3.158,1.28,2.56,3.719353549,10.13,0.7181833282,279.132,0.02174065871,5.026669786
3.159,1.2,2.4,3.50948928,7.86,0.5489339641,277.426,-0.01105782262,6.524716397
3.16,1.15,2.3,3.37679422,6.59,0.4563791702,276.721,-0.02467064389,7.821930804
3.161,1.14,2.28,3.350113987,6.18,0.4268227197,276.967,-0.01991670273,8.233139466
3.162,1.14,2.28,3.350113987,6.23,0.4304187526,277.099,-0.01736754789,8.110650566
3.163,1.15,2.3,3.37679422,6.54,0.4527663051,276.818,-0.0227956179,7.853545185
3.164,1.16,2.32,3.403427379,6.91,0.479557009,275.937,-0.03984966171,7.740210393
3.165,1.15,2.3,3.37679422,6.6,0.4571020242,274.906,-0.05987662562,8.500952437
3.166,1.09,2.18,3.216006719,4.86,0.3327283302,273.488,-0.08754402135,13.1166906
3.167,0.98,1.96,2.916828253,2.01,0.135027589,271.447,-0.1276199976,393.7620357
3.168,0.88,1.76,2.639905101,-1.33,-0.08738173801,269.492,-0.1662908849,-10.40674027
3.169,0.84,1.68,2.527817779,-3.96,-0.2556524629,267.738,-0.2012253946,-5.532808688
3.17,0.84,1.68,2.527817779,-3.59,-0.2323383421,266.093,-0.2341975444,-5.418270817
3.171,0.87,1.74,2.611953881,-1.91,-0.1250039901,264.605,-0.2641988667,-6.71103471
3.172,0.9,1.8,2.69566632,-0.44,-0.02908014608,262.987,-0.2970133413,-8.266544486
3.173,0.9,1.8,2.69566632,-0.14,-0.00927127891,261.269,-0.3320776339,-7.897099474
3.174,0.88,1.76,2.639905101,-1.27,-0.08347306807,256.578,-0.4290079493,-5.151225141
3.175,0.83,1.66,2.499678265,-3.79,-0.2449550501,251.92,-0.5270260224,-3.238004601
3.176,0.77,1.54,2.329852633,-7.31,-0.4614921484,252.794,-0.5084970944,-2.401936568
3.177,0.7,1.4,2.12958088,-10.8,-0.6661171347,254.471,-0.4731231472,-1.869299141
3.178,0.66,1.32,2.014104259,-12.8,-0.7789979281,257.016,-0.4198828405,-1.679987128
3.179,0.67,1.34,2.043044025,-12.34,-0.7533132446,263.019,-0.2963623982,-1.946357467
3.18,0.73,1.46,2.215694073,-9.8,-0.6084894545,269.516,-0.1658144541,-2.86153027
3.181,0.79,1.58,2.386649471,-6.48,-0.4113655559,270.57,-0.1449329383,-4.290231766
3.182,0.85,1.7,2.55591022,-3.45,-0.2234863406,271.727,-0.1221042692,-7.395774503
3.183,0.91,1.82,2.723476319,0.14,0.009288581452,273.03,-0.09651097422,-31.22450821
3.184,1.02,2.04,3.026279453,2.74,0.1849633106,274.415,-0.06944061716,26.19640664
3.185,1.16,2.32,3.403427379,6.47,0.4477122266,276.019,-0.03826004223,8.312148547
3.186,1.31,2.62,3.797275935,10.3,0.7310575115,277.787,-0.004100671861,5.223523225
3.187,1.4,2.8,4.02850112,12.98,0.9377351997,280.237,0.04287789617,4.10814534
3.188,1.45,2.9,4.15531198,14.22,1.035756731,282.499,0.08588834931,3.704658499
3.189,1.46,2.92,4.180532931,14.58,1.064501714,284.012,0.1144652675,3.545928764
3.19,1.47,2.94,4.205706809,14.78,1.080527253,284.827,0.1297956263,3.47486351
3.191,1.49,2.98,4.255913343,15.12,1.107862866,283.807,0.1106022405,3.492847946
3.192,1.49,2.98,4.255913343,15.22,1.115924885,282.474,0.08541487535,3.542639213
3.193,1.46,2.92,4.180532931,14.63,1.068504338,280.258,0.04327879181,3.760205404
3.194,1.38,2.76,3.977447261,12.54,0.9033197749,278.703,0.01351187976,4.338252547
3.195,1.27,2.54,3.693285273,9.63,0.6804797069,278.333,0.006404618143,5.376866436
3.196,1.19,2.38,3.483044415,7.3,0.5079350898,278.609,0.01170714559,6.702773904
3.197,1.16,2.32,3.403427379,6.55,0.4534886908,279.097,0.02106978708,7.171776584
3.198,1.19,2.38,3.483044415,7.32,0.5093942366,279.297,0.02490220664,6.518936181
3.199,1.26,2.52,3.667169923,9.14,0.6437634298,280.689,0.05150006923,5.274503736
3.2,1.32,2.64,3.823155917,10.82,0.7706110557,281.975,0.07595555947,4.516072154
3.201,1.33,2.66,3.848988825,11.21,0.800448539,283.149,0.09818398734,4.283162151
3.202,1.29,2.58,3.745374751,10.05,0.7121345496,283.809,0.1106399421,4.552127939
3.203,1.2,2.4,3.50948928,7.64,0.5327919175,283.589,0.1064911786,5.489726385
3.204,1.09,2.18,3.216006719,4.71,0.3221378573,283.515,0.105094962,7.527527319
3.205,0.98,1.96,2.916828253,1.79,0.1200725855,282.834,0.09222886086,13.73908799
3.206,0.89,1.78,2.667809247,-0.92,-0.06060984386,282.546,0.08677836692,101.9472609
3.207,0.9,1.8,2.69566632,-0.38,-0.0251247098,282.546,0.08677836692,43.72273188
3.208,1.03,2.06,3.053524569,3,0.2028649755,282.367,0.08338793323,10.66722634
3.209,1.2,2.4,3.50948928,7.32,0.5093942366,281.797,0.0725772433,6.030345818
3.21,1.28,2.56,3.719353549,9.6,0.6782251455,280.522,0.04831606169,5.119260287
3.211,1.23,2.46,3.588541433,8.22,0.5754471511,277.92,-0.001539789908,6.252823497
3.212,1.13,2.26,3.323386681,5.43,0.3731616845,275.43,-0.04968866464,10.2740769
3.213,1.1,2.2,3.24292232,4.74,0.3242542925,272.728,-0.1024319141,14.61945518
3.214,1.18,2.36,3.456552477,6.75,0.4679560817,270.14,-0.1534421225,10.9901401
3.215,1.29,2.58,3.745374751,9.63,0.6804797069,269.085,-0.174376824,7.400421688
3.216,1.35,2.7,3.90051342,11.32,0.8088910218,268.281,-0.1903860363,6.306357283
3.217,1.35,2.7,3.90051342,11.25,0.8035171676,268.66,-0.1828334362,6.284220485
3.218,1.32,2.64,3.823155917,10.49,0.7454793851,269.323,-0.1696469534,6.639354969
3.219,1.27,2.54,3.693285273,9.28,0.6542302888,269.625,-0.1636511981,7.528419663
3.22,1.19,2.38,3.483044415,7.08,0.4919093458,269.788,-0.1604178684,10.50719144
3.221,1.06,2.12,3.134977475,3.46,0.2346875036,269.235,-0.1713953259,49.5318314
3.222,0.99,1.98,2.944261663,1.57,0.105161019,267.888,-0.1982289007,-31.63563636
3.223,1.06,2.12,3.134977475,3.47,0.235381436,265.905,-0.2379787618,-1207.001996
3.224,1.22,2.44,3.562237789,7.5,0.5225435358,263.924,-0.2779856297,14.56602996
3.225,1.36,2.72,3.926205107,11.47,0.8204225243,258.368,-0.3918136083,9.160343988
3.226,1.42,2.84,4.079366685,12.94,0.9345986218,259.704,-0.3642204712,7.152038838
3.227,1.37,2.74,3.951849721,11.75,0.8420068204,266.321,-0.2296153957,6.453143466
3.228,1.3,2.6,3.77134888,9.64,0.6812314197,266.532,-0.225378392,8.273168437
3.229,1.22,2.44,3.562237789,7.41,0.515965065,266.492,-0.2261813577,12.29274697
3.23,1.21,2.42,3.535887071,7.28,0.5064763201,266.138,-0.2332928621,12.94326932
3.231,1.3,2.6,3.77134888,9.63,0.6804797069,264.765,-0.2609648337,8.989785873
3.232,1.39,2.78,4.002997727,12.26,0.8815184399,262.939,-0.2979899045,6.859986246
3.233,1.41,2.82,4.053957439,12.8,0.9236330551,256.375,-0.4332424505,8.266792637
3.234,1.36,2.72,3.926205107,11.32,0.8088910218,252.703,-0.5104233176,13.15453917
3.235,1.29,2.58,3.745374751,9.49,0.669965822,254.778,-0.4666726673,18.42351631
3.236,1.26,2.52,3.667169923,8.47,0.5939315134,258.673,-0.385501729,17.59427009
3.237,1.24,2.48,3.614798003,8.1,0.5665957586,270.082,-0.1545909095,8.773678296
3.238,1.24,2.48,3.614798003,8.13,0.5688073248,272.519,-0.1065333583,7.81960107
3.239,1.25,2.5,3.6410075,8.2,0.5739709692,275.929,-0.04000477182,6.81879774
3.24,1.24,2.48,3.614798003,8.07,0.5643850467,278.737,0.01416450605,6.248035256
3.241,1.23,2.46,3.588541433,7.72,0.5386564538,280.101,0.04028089217,6.198497053
3.242,1.21,2.42,3.535887071,7.1,0.4933643487,281.336,0.06381785413,6.346015816
3.243,1.18,2.36,3.456552477,6.43,0.4448262407,281.393,0.06490167956,6.781171561
3.244,1.18,2.36,3.456552477,6.4,0.4426627336,281.818,0.0729759197,6.703439424
3.245,1.23,2.46,3.588541433,7.57,0.5276654118,282.323,0.08255420145,5.880737614
3.246,1.32,2.64,3.823155917,10.08,0.7144021175,282.622,0.08821723112,4.763348807
3.247,1.45,2.9,4.15531198,13.79,1.001592152,282.986,0.09510327329,3.788938918
3.248,1.57,3.14,4.454856537,16.32,1.205273881,282.929,0.0940255496,3.428660425
3.249,1.62,3.24,4.577666141,17.19,1.276811415,282.358,0.08321740776,3.365859653
3.25,1.57,3.14,4.454856537,16.28,1.202003341,281.604,0.06891182545,3.505235167
3.251,1.46,2.92,4.180532931,13.95,1.014283009,280.251,0.04314516326,3.953491159
3.252,1.37,2.74,3.951849721,11.51,0.8235013023,278.775,0.01489381771,4.713588649
3.253,1.38,2.76,3.977447261,11.68,0.836603557,276.348,-0.03188692361,4.942668134
3.254,1.47,2.94,4.205706809,14.22,1.035756731,274.278,-0.07211223869,4.36437591
3.255,1.58,3.16,4.479512605,16.39,1.211001239,272.893,-0.09919615149,4.02904489
3.256,1.63,3.26,4.602086841,17.33,1.288395436,271.144,-0.1335952171,3.985180091
3.257,1.6,3.2,4.52868352,16.77,1.242179648,269.187,-0.1723492245,4.233085376
3.258,1.52,3.04,4.330870093,15.39,1.129653446,267.945,-0.197090673,4.644052089
3.259,1.46,2.92,4.180532931,13.94,1.013489083,267.49,-0.2061832821,5.178375933
3.26,1.42,2.84,4.079366685,12.94,0.9345986218,265.693,-0.2422458962,5.89203528
3.261,1.4,2.8,4.02850112,12.38,0.8908524193,263.027,-0.2961996747,6.774543895
3.262,1.39,2.78,4.002997727,12.05,0.8652180382,260.682,-0.3441111441,7.681720914
3.263,1.39,2.78,4.002997727,12.12,0.8706466921,255.594,-0.4495651312,9.50646644
3.264,1.42,2.84,4.079366685,12.79,0.9228505414,246.651,-0.6401100145,14.42795177
3.265,1.46,2.92,4.180532931,13.99,1.017459711,246.085,-0.6524009831,11.45167233
3.266,1.51,3.02,4.305931583,15.14,1.109474464,245.913,-0.6561416488,9.498389353
3.267,1.55,3.1,4.40540318,15.95,1.175083384,246.447,-0.6445367211,8.303516899
3.268,1.57,3.14,4.454856537,16.35,1.207727853,247.038,-0.6317223437,7.734051963
3.269,1.57,3.14,4.454856537,16.22,1.197100581,247.631,-0.6188953765,7.704628918
3.27,1.54,3.08,4.380605891,15.67,1.152328775,248.029,-0.610303598,8.081923278
3.271,1.5,3,4.280946,14.98,1.096592949,247.708,-0.6172320711,8.930528532
3.272,1.47,2.94,4.205706809,14.25,1.038147194,247.249,-0.6271547541,10.2330515
3.273,1.43,2.86,4.104728857,13.38,0.9691881135,246.652,-0.640088324,12.47259642
3.274,1.4,2.8,4.02850112,12.5,0.9002005719,246.249,-0.6488367359,16.026574
3.275,1.36,2.72,3.926205107,11.6,0.8304342699,246.239,-0.6490540001,21.64626346
3.276,1.33,2.66,3.848988825,10.68,0.7599362313,246.864,-0.6354919175,30.92940697
3.277,1.3,2.6,3.77134888,9.87,0.6985473763,247.854,-0.6140796905,44.64842197
3.278,1.27,2.54,3.693285273,9.35,0.6594707644,248.589,-0.5982379811,60.31548906
3.279,1.27,2.54,3.693285273,9.15,0.6445104399,248.757,-0.5946235958,74.0332515
3.28,1.27,2.54,3.693285273,9.24,0.6512378409,248.626,-0.5974417461,68.6534084
3.281,1.27,2.54,3.693285273,9.22,0.6497421922,248.597,-0.5980658121,71.46950443
3.282,1.25,2.5,3.6410075,8.71,0.6117324897,248.178,-0.6070906243,784.3845438
3.283,1.21,2.42,3.535887071,7.75,0.5408572157,245.214,-0.6713705103,-27.09216008
3.284,1.18,2.36,3.456552477,6.92,0.4802828651,241.694,-0.7487252799,-12.87632761
3.285,1.11,2.22,3.269790847,5.17,0.3546811216,238.743,-0.8144489796,-7.111830003
3.286,0.91,1.82,2.723476319,-0.03,-0.001988158449,236.082,-0.8744142259,-3.107563795
3.287,0.56,1.12,1.722117555,-14.78,-0.8876847721,232.345,-0.9597781104,-0.9321527223
3.288,0.16,0.32,0.5070971392,-30.26,-1.639476122,227.982,-1.061196228,-0.1877669978
3.289,-0.1,-0.2,-0.32305528,-40.33,-2.044971729,224.755,-1.137464536,0.1015119403
3.29,-0.18,-0.36,-0.5848888032,-43.03,-2.143827743,221.076,-1.225763002,0.1735785879
3.291,-0.14,-0.28,-0.4535954528,-41.73,-2.096722707,219.039,-1.275286549,0.1345178552
3.292,-0.07,-0.14,-0.2256444232,-39.58,-2.016804215,217.16,-1.32137887,0.06759498131
3.293,0,0,0,-37.15,-1.92336646,216.106,-1.347408658,-0
3.294,0.1,0.2,0.31834792,-33.67,-1.78357836,215.043,-1.373789615,-0.1008269934
3.295,0.22,0.44,0.6941517088,-29.54,-1.608117039,214.663,-1.383251901,-0.2320515198
3.296,0.3,0.6,0.94092168,-26.21,-1.458713183,214.414,-1.389461276,-0.3303595666
3.297,0.34,0.68,1.063176899,-24.79,-1.392768409,214.802,-1.379788755,-0.3834643747
3.298,0.33,0.66,1.032683705,-25.18,-1.411015502,215.5,-1.362432092,-0.3723465722
3.299,0.29,0.58,0.9102401912,-27.05,-1.497087256,216.31,-1.342360741,-0.3205694177
3.3,0.21,0.42,0.6630936312,-30.24,-1.638609494,218.391,-1.291137325,-0.2263313768
3.301,0.09,0.18,0.2867249592,-35.12,-1.842696617,220.408,-1.241952956,-0.09295219842
3.302,-0.05,-0.1,-0.16093922,-40.38,-2.046838481,223.353,-1.170941843,0.050015602
3.303,-0.12,-0.24,-0.3882312192,-43.19,-2.14956301,226.467,-1.09686703,0.1195871201
3.304,-0.09,-0.18,-0.2905379208,-42.32,-2.118213318,229.876,-1.016933781,0.09267122453
3.305,0.02,0.04,0.0640461728,-38.81,-1.987558792,233.139,-0.9415265524,-0.02186558781
3.306,0.15,0.3,0.47575662,-34.24,-1.806968749,235.244,-0.8934384458,-0.1761795854
3.307,0.27,0.54,0.8487359928,-29.76,-1.617734075,236.115,-0.8736664448,-0.340666218
3.308,0.39,0.78,1.214936767,-25.22,-1.412881174,236.873,-0.8565188492,-0.5353559332
3.309,0.5,1,1.544666,-20.95,-1.207508908,237.688,-0.8381429006,-0.7550972232
3.31,0.58,1.16,1.780891485,-17.59,-1.036821791,238.695,-0.8155247214,-0.9614245895
3.311,0.63,1.26,1.927002521,-15.41,-0.9216377426,239.827,-0.7902125673,-1.12568401
3.312,0.66,1.32,2.014104259,-14.07,-0.8490579017,241.831,-0.7456935855,-1.262958069
3.313,0.69,1.38,2.100782335,-12.82,-0.780110914,244.553,-0.6858114675,-1.433078833
3.314,0.72,1.44,2.187036749,-11.27,-0.6929272689,247.645,-0.6185929188,-1.667558585
3.315,0.75,1.5,2.2728675,-9.83,-0.6102299196,251.536,-0.5351872138,-1.984314215
3.316,0.76,1.52,2.301383603,-9.13,-0.5694304816,256.398,-0.4327625111,-2.296347729
3.317,0.76,1.52,2.301383603,-9.54,-0.5933751472,266.334,-0.229354251,-2.797254611
3.318,0.74,1.48,2.244304323,-10.57,-0.6529333971,267.747,-0.2010455577,-2.628055774
3.319,0.73,1.46,2.215694073,-11.03,-0.6792588562,268.553,-0.1849646207,-2.563797596
3.32,0.74,1.48,2.244304323,-10.49,-0.6483378822,268.626,-0.183510543,-2.697972678
3.321,0.77,1.54,2.329852633,-9.01,-0.5623966193,267.56,-0.2047834129,-3.036904683
3.322,0.82,1.64,2.471491677,-6.35,-0.403462751,266.361,-0.2288119144,-3.908889304
3.323,0.91,1.82,2.723476319,-1.79,-0.1172440613,264.363,-0.2690940592,-7.049463086
3.324,1.01,2.02,2.998987263,1.89,0.1268649244,262.034,-0.3164356334,-15.81988736
3.325,1.08,2.16,3.189044045,3.55,0.2409361762,259.212,-0.3743654688,-23.90062918
3.326,1.03,2.06,3.053524569,2.34,0.1575417291,250.012,-0.5677002538,-7.444742422
3.327,0.88,1.76,2.639905101,-3.17,-0.2057320702,249.306,-0.5828292999,-3.347748445
3.328,0.74,1.48,2.244304323,-9.95,-0.6171845625,248.382,-0.6026947806,-1.83977566
3.329,0.78,1.56,2.358274589,-8.35,-0.5235017793,247.698,-0.6174480556,-2.06693977
3.33,0.88,1.76,2.639905101,-2.77,-0.1802522577,247.16,-0.6290808922,-3.26182747
3.331,0.78,1.56,2.358274589,-7.21,-0.4554829271,246.257,-0.6486629309,-2.135836105
3.332,0.43,0.86,1.335497337,-21.49,-1.234183912,245.898,-0.6564679937,-0.7063687044
3.333,0.09,0.18,0.2867249592,-35.13,-1.843099958,245.675,-0.6613220035,-0.11448748
3.334,-0.03,-0.06,-0.0964223112,-40.02,-2.033367014,245.012,-0.6757794974,0.03559139781
3.335,-0.01,-0.02,-0.0320936968,-39.14,-2.00013332,243.8,-0.702309997,0.01187580757
3.336,-0.02,-0.04,-0.0642344672,-39.4,-2.009997408,242.201,-0.7375143726,0.02337914168
3.337,-0.01,-0.02,-0.0320936968,-39.39,-2.009618721,240.338,-0.7788254357,0.01150953542
3.338,0.1,0.2,0.31834792,-35.43,-1.855172554,238.835,-0.8123877456,-0.1193404775
3.339,0.27,0.54,0.8487359928,-29.36,-1.600225496,238.039,-0.8302482453,-0.3492059916
3.34,0.36,0.72,1.124022067,-26.23,-1.459632309,237.702,-0.8378277909,-0.4892455225
3.341,0.32,0.64,1.002143437,-27.65,-1.524211451,238.199,-0.8266534039,-0.4262871321
3.342,0.27,0.54,0.8487359928,-29.78,-1.618606817,238.718,-0.8150092348,-0.3487550932
3.343,0.25,0.5,0.7870435,-30.74,-1.660199183,239.918,-0.7881829474,-0.321454519
3.344,0.26,0.52,0.8179132832,-30.45,-1.647696437,241.215,-0.7593386702,-0.3398011441
3.345,0.33,0.66,1.032683705,-27.67,-1.525111513,242.641,-0.7278039901,-0.4583765807
3.346,0.45,0.9,1.39549518,-22.98,-1.30672242,244.167,-0.6942625251,-0.6974041378
3.347,0.54,1.08,1.663155331,-19.54,-1.136876718,246.057,-0.6530097505,-0.9291959912
3.348,0.54,1.08,1.663155331,-19.54,-1.136876718,248.135,-0.6080176602,-0.9531553038
3.349,0.5,1,1.544666,-21.39,-1.22925968,249.837,-0.5714463853,-0.8578112939
3.35,0.5,1,1.544666,-21.1,-1.214939374,251.551,-0.5348681835,-0.8827633606
3.351,0.58,1.16,1.780891485,-18.06,-1.061192178,254.849,-0.4651819692,-1.166746363
3.352,0.67,1.34,2.043044025,-14.16,-0.8539756164,256.9,-0.4222980212,-1.600788393
3.353,0.73,1.46,2.215694073,-11.01,-0.6781177632,250.177,-0.5641705879,-1.7835586
3.354,0.78,1.56,2.358274589,-8.92,-0.5571135791,250.492,-0.5574385944,-2.115894298
3.355,0.79,1.58,2.386649471,-8.15,-0.5116455393,251.298,-0.5402517087,-2.268899815
3.356,0.74,1.48,2.244304323,-10.47,-0.6471882068,252.484,-0.5150617983,-1.930999624
3.357,0.59,1.18,1.810207839,-17.8,-1.0477308,255.172,-0.4584055807,-1.201888396
3.358,0.43,0.86,1.335497337,-24.97,-1.401202959,265.187,-0.2524444376,-0.8076070748
3.359,0.48,0.96,1.485138893,-23.15,-1.314900134,265.716,-0.2417827878,-0.954040718
3.36,0.77,1.54,2.329852633,-10.57,-0.6529333971,266.06,-0.2348610754,-2.624315317
3.361,1.12,2.24,3.296612301,3.76,0.2555451469,266.413,-0.2277675692,118.6788976
3.362,1.27,2.54,3.693285273,7.69,0.5364565434,266.858,-0.218838711,11.62807908
3.363,1.2,2.4,3.50948928,5.78,0.39813838,267.352,-0.2089440975,18.54965823
3.364,1.11,2.22,3.269790847,3.43,0.2326062531,267.467,-0.2066433191,125.9407293
3.365,1.13,2.26,3.323386681,3.85,0.2618184636,266.767,-0.2206634007,80.75280291
3.366,1.21,2.42,3.535887071,5.93,0.4088775387,266.175,-0.2325491267,20.05284929
3.367,1.27,2.54,3.693285273,7.54,0.5254697554,265.35,-0.2491570136,13.3663227
3.368,1.28,2.56,3.719353549,7.93,0.5540796799,264.135,-0.2737101602,13.26589835
3.369,1.28,2.56,3.719353549,7.71,0.5379230557,262.442,-0.3081118952,16.18439044
3.37,1.26,2.52,3.667169923,7.32,0.5093942366,260.381,-0.3502921632,23.04916488
3.371,1.24,2.48,3.614798003,6.76,0.4686804357,256.733,-0.4257769645,84.25420828
3.372,1.22,2.44,3.562237789,6.23,0.4304187526,245.55,-0.6640447884,-15.24760618
3.373,1.22,2.44,3.562237789,6.11,0.4217921938,243.123,-0.7171868968,-12.05924735
3.374,1.24,2.48,3.614798003,6.66,0.4614411161,241.337,-0.7566334694,-12.24556789
3.375,1.26,2.52,3.667169923,7.37,0.5130437536,240.476,-0.7757543935,-13.95896993
3.376,1.26,2.52,3.667169923,7.18,0.4991881248,239.784,-0.7911718864,-12.55949955
3.377,1.21,2.42,3.535887071,5.96,0.4110278843,239.34,-0.8010874852,-9.064991767
3.378,1.17,2.34,3.430013465,4.9,0.3355559612,238.888,-0.811200656,-7.211293434
3.379,1.19,2.38,3.483044415,5.23,0.3589403106,238.921,-0.8104616578,-7.714019364
3.38,1.25,2.5,3.6410075,6.83,0.4737535413,239.462,-0.7983610972,-11.21664432
3.381,1.29,2.58,3.745374751,8.1,0.5665957586,240.484,-0.7755764162,-17.92211201
3.382,1.23,2.46,3.588541433,6.22,0.4296993593,241.56,-0.7516922497,-11.14478468
3.383,1.01,2.02,2.998987263,0.41,0.02725121946,242.992,-0.720070371,-4.328672579
3.384,0.81,1.62,2.443258015,-10.19,-0.6310592496,244.613,-0.6844990296,-1.857202416
3.385,0.78,1.56,2.358274589,-11.76,-0.7206923701,246.457,-0.6443196402,-1.72765849
3.386,0.91,1.82,2.723476319,-4.98,-0.3193222882,248.313,-0.6041812059,-2.949069859
3.387,1.06,2.12,3.134977475,1.51,0.1011017552,250.129,-0.5651971597,-6.755028051
3.388,1.11,2.22,3.269790847,2.68,0.1808408527,252.094,-0.5233320772,-9.547079203
3.389,1.11,2.22,3.269790847,2.67,0.1801540931,254.392,-0.4747843015,-11.09794839
3.39,1.13,2.26,3.323386681,3.3,0.2235969714,258.172,-0.3958737006,-19.29097851
3.391,1.14,2.28,3.350113987,3.62,0.2458013611,268.644,-0.183152064,53.47408737
3.392,1.12,2.24,3.296612301,2.89,0.1952837167,269.975,-0.1567108709,85.46458611
3.393,1.11,2.22,3.269790847,2.72,0.1835887959,271.081,-0.134838428,67.07212652
3.394,1.22,2.44,3.562237789,5.46,0.3752980881,271.834,-0.1199979738,13.95313825
3.395,1.45,2.9,4.15531198,11.66,0.8350606483,271.967,-0.1173810238,5.789926087
3.396,1.71,3.42,4.795757791,17.52,1.30414874,271.797,-0.1207262252,4.052447652
3.397,1.87,3.74,5.174061561,20.71,1.574216016,271.112,-0.1342266532,3.593124847
3.398,1.82,3.64,5.057136157,19.77,1.493533932,270.469,-0.1469303914,3.755475167
3.399,1.55,3.1,4.40540318,14.48,1.056503983,269.748,-0.1612111426,4.92062818
3.4,1.19,2.38,3.483044415,4.85,0.3320216532,269.099,-0.1740984805,22.05530927
3.401,0.91,1.82,2.723476319,-5.25,-0.336029081,268.65,-0.1830325764,-5.246922558
3.402,0.84,1.68,2.527817779,-9.29,-0.5787908691,268.359,-0.1888308038,-3.293051602
3.403,0.93,1.86,2.778955097,-4.26,-0.2744703274,268.144,-0.1931187577,-5.943156472
3.404,1.06,2.12,3.134977475,1.23,0.08220110551,267.995,-0.1960924269,-27.52604358
3.405,1.13,2.26,3.323386681,2.99,0.2021753167,268.181,-0.1923805858,339.3035239
3.406,1.15,2.3,3.37679422,3.62,0.2458013611,268.449,-0.1870368663,57.46317104
3.407,1.17,2.34,3.430013465,4.15,0.2827830416,268.982,-0.1764250819,32.24971101
3.408,1.2,2.4,3.50948928,4.91,0.3362630996,269.575,-0.1646434087,20.44922271
3.409,1.24,2.48,3.614798003,6,0.4138963161,270.307,-0.1501357852,13.70484807
3.41,1.31,2.62,3.797275935,7.82,0.5459956392,271.396,-0.1286252606,9.098096392
3.411,1.37,2.74,3.951849721,9.24,0.6512378409,272.656,-0.1038444968,7.219396734
3.412,1.35,2.7,3.90051342,8.85,0.6221417664,273.775,-0.08193264203,7.220376783
3.413,1.28,2.56,3.719353549,6.94,0.4817348592,274.722,-0.06345868489,8.892099951
3.414,1.21,2.42,3.535887071,4.97,0.340507869,275.475,-0.04881464824,12.12193778
3.415,1.17,2.34,3.430013465,3.92,0.2667028299,275.42,-0.0498829099,15.81964178
3.416,1.1,2.2,3.24292232,2.04,0.1370702779,274.721,-0.06347815916,44.06616328
3.417,0.99,1.98,2.944261663,-1.79,-0.1172440613,272.76,-0.1018042193,-13.44115395
3.418,0.94,1.88,2.806623875,-4.82,-0.3093930134,270.703,-0.1423037659,-6.213513144
3.419,0.95,1.9,2.83424558,-4.02,-0.259422151,268.504,-0.1859408672,-6.363899705
3.42,0.97,1.94,2.889347769,-3.26,-0.2114461169,266.09,-0.234257862,-6.482660925
3.421,0.91,1.82,2.723476319,-6.44,-0.4089354179,263.59,-0.2847604271,-3.926038103
3.422,0.81,1.62,2.443258015,-11.25,-0.6917899749,260.326,-0.3514223573,-2.342052466
3.423,0.78,1.56,2.358274589,-13.04,-0.7923332418,251.604,-0.5337410955,-1.778387925
3.424,0.81,1.62,2.443258015,-11.44,-0.702581509,251.37,-0.5387190867,-1.968304876
3.425,0.9,1.8,2.69566632,-7.11,-0.449465469,252.129,-0.5225893503,-2.773162857
3.426,0.98,1.96,2.916828253,-2.62,-0.170661878,253.478,-0.494040825,-4.388169688
3.427,1.03,2.06,3.053524569,0.12,0.007960581053,256.092,-0.4391513194,-7.081609824
3.428,1.08,2.16,3.189044045,1.24,0.08287492228,259.569,-0.367002245,-11.22399639
3.429,1.12,2.24,3.296612301,2.34,0.1575417291,266.866,-0.2186783285,-53.92207502
3.43,1.19,2.38,3.483044415,4.15,0.2827830416,274.415,-0.06944061716,16.32607497
3.431,1.36,2.72,3.926205107,8.46,0.5931909971,277.147,-0.01644088355,6.807463085
3.432,1.55,3.1,4.40540318,13.6,0.9865548682,279.963,0.03764440771,4.301314484
3.433,1.65,3.3,4.65078702,15.92,1.172641592,283.417,0.1032453574,3.645140363
3.434,1.66,3.32,4.675066499,15.99,1.178340525,286.678,0.1644510873,3.4816024
3.435,1.6,3.2,4.52868352,14.86,1.086948709,289.017,0.2079245198,3.497395281
3.436,1.6,3.2,4.52868352,14.95,1.094180532,290.553,0.2362821616,3.40384104
3.437,1.7,3.4,4.77171368,16.82,1.246293028,290.905,0.2427596724,3.204529751
3.438,1.79,3.58,4.986416031,18.51,1.38683254,291.007,0.2446352137,3.056398766
3.439,1.84,3.68,5.104047539,19.43,1.464578764,289.96,0.2253519978,3.020270211
3.44,1.87,3.74,5.174061561,19.97,1.510622784,288.761,0.2031835982,3.019046733
3.441,1.88,3.76,5.197305421,20.33,1.541488248,286.651,0.1639471881,3.047494682
3.442,1.86,3.72,5.150770627,19.89,1.503782224,284.423,0.1222017734,3.167786789
3.443,1.72,3.44,4.819754829,17.14,1.272679128,281.835,0.07329863598,3.580857691
3.444,1.46,2.92,4.180532931,11.3,0.8073551473,279.355,0.026013095,5.016429376
3.445,1.24,2.48,3.614798003,5.17,0.3546811216,277.123,-0.01690419566,10.7017316
3.446,1.17,2.34,3.430013465,3.26,0.220827979,275.066,-0.05676373978,20.90652711
3.447,1.27,2.54,3.693285273,5.77,0.3974231805,273.255,-0.09210393369,12.09647053
3.448,1.42,2.84,4.079366685,9.65,0.6819832286,271.814,-0.1203916109,7.263937986
3.449,1.48,2.96,4.230833613,11.28,0.8058196629,271.191,-0.1326679305,6.285111379
3.45,1.46,2.92,4.180532931,10.85,0.7729009945,270.975,-0.1369308317,6.573473373
3.451,1.46,2.92,4.180532931,10.85,0.7729009945,271.86,-0.1194862889,6.397978031
3.452,1.53,3.06,4.355761529,12.8,0.9236330551,272.549,-0.1059444409,5.326919628
3.453,1.67,3.34,4.699298905,15.93,1.173455422,273.602,-0.08531440645,4.318648815
3.454,1.81,3.62,5.033609855,18.61,1.395240688,274.26,-0.07246335384,3.805334221
3.455,1.88,3.76,5.197305421,20.01,1.514045576,274.217,-0.0733022222,3.607377683
3.456,1.84,3.68,5.104047539,19.34,1.456934338,274.119,-0.07521455334,3.693981657
3.457,1.73,3.46,4.843704793,17.11,1.270200984,273.396,-0.08934403746,4.101855696
3.458,1.61,3.22,4.553198367,14.9,1.090161848,272.279,-0.1112470323,4.651271281
3.459,1.58,3.16,4.479512605,14.1,1.02620387,270.667,-0.1430152941,5.07197752
3.46,1.62,3.24,4.577666141,15,1.09820173,268.727,-0.1814993883,4.993623264
3.461,1.63,3.26,4.602086841,15.3,1.122381755,266.058,-0.2349012921,5.185564117
3.462,1.57,3.14,4.454856537,13.97,1.015871161,263.175,-0.293190184,6.164347314
3.463,1.46,2.92,4.180532931,10.87,0.7744281063,257.389,-0.4121241665,11.53874543
3.464,1.35,2.7,3.90051342,7.79,0.5437928897,251.003,-0.54653579,-1422.039782
3.465,1.29,2.58,3.745374751,6,0.4138963161,251.488,-0.5362082387,-30.62150174
3.466,1.29,2.58,3.745374751,5.97,0.4117448525,253.012,-0.5038854446,-40.64847711
3.467,1.35,2.7,3.90051342,7.6,0.5298619186,256.272,-0.435392273,41.28853657
3.468,1.46,2.92,4.180532931,10.63,0.7561284042,260.637,-0.3450347628,10.16929602
3.469,1.58,3.16,4.479512605,13.93,1.012695257,272.674,-0.1034913162,4.926851286
3.47,1.67,3.34,4.699298905,15.77,1.16044631,275.032,-0.05742507649,4.260388432
3.471,1.7,3.4,4.77171368,16.36,1.208546047,277.833,-0.003214814618,3.958840154
3.472,1.65,3.3,4.65078702,15.49,1.137742688,280.656,0.0508710443,3.912782509
3.473,1.61,3.22,4.553198367,14.67,1.071708241,283.475,0.1043400986,3.871608175
3.474,1.71,3.42,4.795757791,16.44,1.21509526,286.022,0.1521947523,3.507491277
3.475,1.91,3.82,5.266754559,20.39,1.546645704,288.175,0.1923154913,3.0286786
3.476,2.07,4.14,5.629994777,23.67,1.834385889,290.196,0.2297046204,2.727591039
3.477,2.08,4.16,5.652297165,23.74,1.840651913,291.484,0.2533974112,2.699218734
3.478,1.93,3.86,5.312818617,21,1.599294702,292.195,0.2664314654,2.847587556
3.479,1.81,3.62,5.033609855,18.62,1.396082072,292.003,0.2629148494,3.034128509
3.48,1.79,3.58,4.986416031,18.3,1.369209095,291.443,0.2526448298,3.074516118
3.481,1.83,3.66,5.080615385,19.09,1.435744057,289.986,0.2258316976,3.057709147
3.482,1.88,3.76,5.197305421,20.04,1.516613769,288.431,0.1970660491,3.032833419
3.483,1.89,3.78,5.220502207,20.26,1.53547599,286.361,0.1585319433,3.08174602
3.484,1.84,3.68,5.104047539,19.28,1.45184274,284.37,0.1212047499,3.244687508
3.485,1.75,3.5,4.8914635,17.5,1.302488754,283.176,0.09869411845,3.490952964
3.486,1.64,3.28,4.626460467,15.42,1.132079159,282.414,0.08427836687,3.803536683
3.487,1.56,3.12,4.430153395,13.47,0.9762868841,282.613,0.08804685951,4.162372397
3.488,1.54,3.08,4.380605891,12.83,0.9259811889,282.846,0.09245584432,4.301302632
3.489,1.58,3.16,4.479512605,13.97,1.015871161,282.945,0.09432809045,4.03487266
3.49,1.66,3.32,4.675066499,15.71,1.155574575,282.605,0.08789541352,3.759693875
3.491,1.71,3.42,4.795757791,16.71,1.237246958,281.64,0.06959572089,3.669728474
3.492,1.73,3.46,4.843704793,16.99,1.260297613,280.753,0.05271978561,3.688987516
3.493,1.73,3.46,4.843704793,17.1,1.269375141,279.508,0.02894243554,3.730755003
3.494,1.74,3.48,4.867607683,17.18,1.275984753,278.538,0.01034359162,3.784109792
3.495,1.74,3.48,4.867607683,17.17,1.275158193,278.524,0.0100746808,3.787335184
3.496,1.74,3.48,4.867607683,17.21,1.278465046,278.989,0.01899913844,3.751631638
3.497,1.8,3.6,5.01003648,18.46,1.382632347,280.982,0.05708180709,3.479882772
3.498,1.93,3.86,5.312818617,20.96,1.595830303,282.995,0.09527342034,3.141627887
3.499,2.02,4.04,5.517776733,22.66,1.744562006,284.852,0.130265189,2.9430855
3.5,2,4,5.47256,22.25,1.708410371,286.025,0.1522508665,2.941190954
3.501,1.93,3.86,5.312818617,20.96,1.595830303,286.311,0.1575977262,3.029961041
3.502,1.92,3.84,5.289810125,20.83,1.584582656,286.382,0.1589242659,3.034005806
3.503,1.95,3.9,5.35869438,21.34,1.628810296,285.687,0.1459249535,3.019433114
3.504,1.92,3.84,5.289810125,20.75,1.577669878,285.091,0.1347521291,3.089080905
3.505,1.84,3.68,5.104047539,19.37,1.459481542,284.48,0.1232738367,3.224786096
3.506,1.81,3.62,5.033609855,18.76,1.407872324,284.021,0.1146347999,3.306132219
3.507,1.85,3.7,5.12743262,19.52,1.472231631,283.515,0.105094962,3.250710818
3.508,1.9,3.8,5.24365192,20.53,1.558694471,283.008,0.09551917876,3.169875863
3.509,1.91,3.82,5.266754559,20.64,1.56817581,282.445,0.08486559307,3.186099604
3.51,1.88,3.76,5.197305421,20.16,1.526895965,281.733,0.07136204623,3.251856323
3.511,1.86,3.72,5.150770627,19.67,1.485005183,280.687,0.05146194861,3.352346772
3.512,1.83,3.66,5.080615385,19.1,1.436590421,279.557,0.02988025136,3.464518918
3.513,1.78,3.56,4.962748509,18.25,1.365019752,278.158,0.00303978374,3.627582264
3.514,1.72,3.44,4.819754829,17.17,1.275158193,276.573,-0.02753277512,3.863142542
3.515,1.67,3.34,4.699298905,16.04,1.182414232,274.947,-0.05907877601,4.183344236
3.516,1.61,3.22,4.553198367,15.01,1.099006271,273.458,-0.08813091658,4.504213448
3.517,1.55,3.1,4.40540318,13.62,0.988136049,271.806,-0.1205490738,5.077765464
3.518,1.46,2.92,4.180532931,11.02,0.7858938405,270.221,-0.1518381947,6.593321831
3.519,1.28,2.56,3.719353549,6.31,0.4361772617,268.97,-0.1766637649,14.33202356
3.52,1.07,2.14,3.162034297,0.35,0.0232539451,267.373,-0.2085238815,-17.0671743
3.521,0.91,1.82,2.723476319,-8,-0.5027319434,265.63,-0.243514616,-3.649566333
3.522,0.89,1.78,2.667809247,-8.85,-0.5530000139,263.723,-0.2820616504,-3.194745204
3.523,1.01,2.02,2.998987263,-2.72,-0.177057616,261.095,-0.3356418154,-5.84940626
3.524,1.17,2.34,3.430013465,2.86,0.1932180047,252.338,-0.5181563544,-10.55588996
3.525,1.31,2.62,3.797275935,6.48,0.448433957,252.79,-0.508581749,-63.13242442
3.526,1.42,2.84,4.079366685,9.28,0.6542302888,253.508,-0.4934076714,25.36562799
3.527,1.47,2.94,4.205706809,10.85,0.7729009945,254.812,-0.4659587601,13.70194889
3.528,1.47,2.94,4.205706809,10.83,0.7713742715,256.715,-0.4261520755,12.18260835
3.529,1.44,2.88,4.130043955,9.77,0.6910124414,259.62,-0.3659511827,12.70543273
3.53,1.43,2.86,4.104728857,9.69,0.6849914265,266.432,-0.2273860323,8.970018512
3.531,1.52,3.04,4.330870093,11.98,0.859794194,273.182,-0.0935333757,5.65195295
3.532,1.69,3.38,4.747622495,16.11,1.188121682,274.724,-0.06341973657,4.221227245
3.533,1.88,3.76,5.197305421,19.85,1.500364454,276.509,-0.02877092788,3.531753387
3.534,2.01,4.02,5.495191903,22.22,1.705772166,278.372,0.007154207245,3.208072447
3.535,2.02,4.04,5.517776733,22.52,1.732197378,280.368,0.04537823067,3.10410241
3.536,1.95,3.9,5.35869438,21.26,1.621854462,282.206,0.08033660055,3.148115683
3.537,1.86,3.72,5.150770627,19.53,1.473082471,284.186,0.1177419423,3.237799586
3.538,1.78,3.56,4.962748509,17.99,1.343276753,286.119,0.1540088156,3.31449699
3.539,1.7,3.4,4.77171368,16.5,1.220011443,287.032,0.1710533785,3.430259759
3.54,1.63,3.26,4.602086841,15.02,1.099810913,287.455,0.1789318872,3.598915153
3.541,1.56,3.12,4.430153395,13.17,0.9526555674,286.877,0.1681635475,3.952603356
3.542,1.49,2.98,4.255913343,11.23,0.8019826584,285.984,0.1514839206,4.463620894
3.543,1.42,2.84,4.079366685,9.48,0.6692155509,284.326,0.1203768911,5.166420634
3.544,1.38,2.76,3.977447261,8.31,0.5820946737,282.441,0.08478982557,5.964222089
3.545,1.38,2.76,3.977447261,8.1,0.5665957586,280.356,0.04514924101,6.501805921
3.546,1.4,2.8,4.02850112,8.81,0.6191657777,278.287,0.005520352394,6.448840347
3.547,1.45,2.9,4.15531198,9.98,0.7068469357,276.286,-0.03308735645,6.167351245
3.548,1.49,2.98,4.255913343,11.08,0.7904862633,274.615,-0.06554283363,5.870683379
3.549,1.52,3.04,4.330870093,11.97,0.8590197516,273.334,-0.09055743347,5.63576117
3.55,1.55,3.1,4.40540318,12.74,0.9189394541,272.29,-0.111030898,5.452848775
3.551,1.57,3.14,4.454856537,13.48,0.9770761329,271.793,-0.120804961,5.202623518
3.552,1.6,3.2,4.52868352,14.16,1.030978503,271.289,-0.130734956,5.030509284
3.553,1.61,3.22,4.553198367,14.61,1.066902987,271.13,-0.1338714612,4.880004844
3.554,1.62,3.24,4.577666141,14.69,1.073310795,271.023,-0.1359832268,4.883742137
3.555,1.61,3.22,4.553198367,14.5,1.058102728,270.954,-0.1373454617,4.945058307
3.556,1.59,3.18,4.504121599,13.86,1.007141264,270.861,-0.1391820665,5.189324123
3.557,1.55,3.1,4.40540318,12.77,0.9212858102,270.709,-0.1421851871,5.654472669
3.558,1.5,3,4.280946,11.42,0.8165762495,270.702,-0.1423235293,6.349171271
3.559,1.47,2.94,4.205706809,10.43,0.7409213337,271.125,-0.1339701233,6.929233746
3.56,1.46,2.92,4.180532931,10.37,0.7363667681,271.882,-0.119053363,6.772140208
3.561,1.49,2.98,4.255913343,11.18,0.7981480909,273.153,-0.09410134224,6.044930043
3.562,1.54,3.08,4.380605891,12.34,0.8877395187,274.522,-0.06735494975,5.33969806
3.563,1.57,3.14,4.454856537,13.27,0.9605227547,276.245,-0.03388133905,4.807530142
3.564,1.59,3.18,4.504121599,13.96,1.015077035,278.13,0.002501213791,4.426314737
3.565,1.62,3.24,4.577666141,14.79,1.081329584,280.19,0.04198054468,4.075157898
3.566,1.68,3.36,4.723484237,15.78,1.16125862,282.43,0.08458145941,3.791404943
3.567,1.75,3.5,4.8914635,17.15,1.273505381,285.349,0.1395915517,3.461520146
3.568,1.83,3.66,5.080615385,18.7,1.402816872,288.271,0.1940974448,3.181520342
3.569,1.91,3.82,5.266754559,20.32,1.540629039,290.392,0.2333168206,2.968948872
3.57,1.99,3.98,5.449881023,21.72,1.661943022,291.847,0.2600558958,2.835527624
3.571,2,4,5.47256,22.11,1.696106948,292.117,0.2650031189,2.790541996
3.572,1.94,3.88,5.335780035,20.87,1.588041573,292.376,0.2697444934,2.872117587
3.573,1.81,3.62,5.033609855,18.31,1.370047273,291.568,0.2549389546,3.097632318
3.574,1.68,3.36,4.723484237,15.82,1.164508873,290.113,0.2281742288,3.391643247
3.575,1.61,3.22,4.553198367,14.62,1.067703612,287.705,0.1835827672,3.638813977
3.576,1.61,3.22,4.553198367,14.64,1.069305163,284.9,0.1311666338,3.792840764
3.577,1.62,3.24,4.577666141,14.66,1.070907115,280.977,0.05698660441,4.058597067
3.578,1.56,3.12,4.430153395,13.18,0.9534418402,277.021,-0.01887371985,4.740321544
3.579,1.45,2.9,4.15531198,10.02,0.7098678504,273.958,-0.07835772492,6.579960973
3.58,1.32,2.64,3.823155917,6.7,0.4643357186,271.276,-0.1309913308,11.4690874
3.581,1.26,2.52,3.667169923,4.89,0.334848915,269.526,-0.1656159538,21.66935978
3.582,1.27,2.54,3.693285273,5.05,0.3461727334,262.343,-0.3101304362,102.4708621
3.583,1.3,2.6,3.77134888,5.99,0.4131790684,271.194,-0.1326087474,13.44172423
3.584,1.31,2.62,3.797275935,6.09,0.4203557404,271.468,-0.1272061207,12.95337152
3.585,1.25,2.5,3.6410075,4.45,0.3038301318,271.854,-0.1196043657,19.76383423
3.586,1.17,2.34,3.430013465,2.3,0.1548075169,272.209,-0.1126226365,81.30907175
3.587,1.15,2.3,3.37679422,1.82,0.1221093445,272.484,-0.1072205105,226.8004472
3.588,1.23,2.46,3.588541433,3.94,0.2680991864,272.891,-0.09923536114,21.25109642
3.589,1.39,2.78,4.002997727,7.94,0.5548151612,273.561,-0.0861161785,8.540658023
3.59,1.54,3.08,4.380605891,11.91,0.8543751566,274.531,-0.06717955684,5.564825175
3.591,1.63,3.26,4.602086841,14.49,1.057303305,276.251,-0.03376513911,4.496253284
3.592,1.67,3.34,4.699298905,15.4,1.130461916,278.111,0.002135724731,4.149133582
3.593,1.7,3.4,4.77171368,15.93,1.173455422,280.56,0.04904073296,3.903254552
3.594,1.73,3.46,4.843704793,16.48,1.218372308,282.815,0.0918694507,3.696802334
3.595,1.76,3.52,4.915272243,17.06,1.26607279,284.34,0.1206403146,3.54454878
3.596,1.78,3.56,4.962748509,17.42,1.295852912,285.353,0.139666547,3.457109883
3.597,1.78,3.56,4.962748509,17.35,1.290051935,285.403,0.1406039003,3.468862591
3.598,1.75,3.5,4.8914635,16.82,1.246293028,285.346,0.1395353045,3.529631618
3.599,1.7,3.4,4.77171368,15.9,1.171014238,284.913,0.131410749,3.663714784
3.6,1.64,3.28,4.626460467,14.68,1.072509468,284.13,0.1166875993,3.890406893
3.601,1.55,3.1,4.40540318,12.34,0.8877395187,282.858,0.09268281814,4.493372922
3.602,1.47,2.94,4.205706809,9.87,0.6985473763,281.651,0.0698046715,5.473671633
3.603,1.43,2.86,4.104728857,8.63,0.6057927298,280.071,0.03970785388,6.358985508
3.604,1.45,2.9,4.15531198,9.35,0.6594707644,279.066,0.02047551623,6.111235694
3.605,1.54,3.08,4.380605891,11.82,0.8474148814,279.292,0.02480642961,5.02235595
3.606,1.67,3.34,4.699298905,15.21,1.11511823,279.971,0.03779728287,4.076013249
3.607,1.83,3.66,5.080615385,18.2,1.36083299,282.107,0.07845945079,3.5299396
3.608,2.02,4.04,5.517776733,21.9,1.677690909,284.317,0.1202075406,3.06901468
3.609,2.19,4.38,5.894516575,25.35,1.986233201,285.727,0.1466739726,2.763606709
3.61,2.26,4.52,6.045690563,26.95,2.133710792,286.148,0.154551045,2.642044921
3.611,2.22,4.44,5.959587869,26.17,2.061464585,284.986,0.1327813427,2.716007259
3.612,2.11,4.22,5.718921887,23.92,1.856788793,283.948,0.1132595488,2.902934799
3.613,1.99,3.98,5.449881023,21.65,1.655828128,281.488,0.0667075675,3.163871168
3.614,1.91,3.82,5.266754559,20.12,1.52346689,277.885,-0.002213587374,3.462115447
3.615,1.85,3.7,5.12743262,18.98,1.426440919,275.213,-0.05390537151,3.735737577
3.616,1.78,3.56,4.962748509,17.66,1.315780144,272.326,-0.1103236107,4.116903737
3.617,1.68,3.36,4.723484237,15.7,1.154762973,269.263,-0.1708389636,4.800659595
3.618,1.54,3.08,4.380605891,12.4,0.8924094601,265.995,-0.2361682711,6.675298602
3.619,1.39,2.78,4.002997727,8.35,0.5850516001,263.093,-0.2948573954,13.79420285
3.62,1.27,2.54,3.693285273,5.13,0.3518435126,259.532,-0.3677649097,-231.969924
3.621,1.2,2.4,3.50948928,3.25,0.2201359582,252.382,-0.51722356,-11.81297792
3.622,1.18,2.36,3.456552477,2.45,0.1650682554,246.453,-0.6444064715,-7.211093047
3.623,1.16,2.32,3.403427379,2.15,0.1445670651,244.792,-0.6805855018,-6.349459545
3.624,1.16,2.32,3.403427379,1.98,0.1329857094,243.189,-0.7157347426,-5.840296912
3.625,1.16,2.32,3.403427379,2.06,0.1384325202,242.012,-0.7416908406,-5.641741297
3.626,1.17,2.34,3.430013465,2.3,0.1548075169,240.905,-0.766218701,-5.609994638
3.627,1.16,2.32,3.403427379,2.01,0.135027589,239.88,-0.7890303873,-5.203995132
3.628,1.1,2.2,3.24292232,0.42,0.02791774195,239.104,-0.8063654283,-4.165883433
3.629,0.99,1.98,2.944261663,-5.22,-0.3341757968,238.969,-0.8093869335,-2.574639401
3.63,0.86,1.72,2.583955587,-12.01,-0.7347854367,238.98,-0.8091406729,-1.673626459
3.631,0.79,1.58,2.386649471,-15.28,-0.9146562267,239.777,-0.7913280709,-1.398986775
3.632,0.84,1.68,2.527817779,-13.1,-0.7956600827,240.912,-0.7660632478,-1.618607938
3.633,0.99,1.98,2.944261663,-5.87,-0.3741614048,242.987,-0.720180458,-2.690440495
3.634,1.18,2.36,3.456552477,2.16,0.1452491313,245.396,-0.6674011658,-6.619819992
3.635,1.37,2.74,3.951849721,6.99,0.485366489,248.421,-0.6018548099,-33.9248578
3.636,1.56,3.12,4.430153395,12.14,0.8721986198,252.399,-0.5168632057,12.46752567
3.637,1.74,3.48,4.867607683,16.32,1.205273881,257.632,-0.4070756341,6.098244019
3.638,1.86,3.72,5.150770627,18.64,1.39776515,265.887,-0.2383409335,4.442524618
3.639,1.9,3.8,5.24365192,19.5,1.470530264,274.974,-0.05855342782,3.713695427
3.64,1.89,3.78,5.220502207,19.23,1.447602604,278.181,0.00348213993,3.597654947
3.641,1.87,3.74,5.174061561,18.83,1.413775067,280.622,0.05022288064,3.53420001
3.642,1.87,3.74,5.174061561,18.9,1.419682892,282.467,0.08528229514,3.437994184
3.643,1.89,3.78,5.220502207,19.23,1.447602604,283.56,0.105944056,3.360376835
3.644,1.9,3.8,5.24365192,19.52,1.472231631,284.63,0.1260940297,3.280715594
3.645,1.91,3.82,5.266754559,19.64,1.482448594,285.225,0.137266174,3.251655577
3.646,1.9,3.8,5.24365192,19.52,1.472231631,286.062,0.1529428942,3.226516192
3.647,1.9,3.8,5.24365192,19.41,1.462879273,286.67,0.1643017888,3.222537455
3.648,1.91,3.82,5.266754559,19.75,1.491827347,286.96,0.1697111995,3.169805823
3.649,1.97,3.94,5.404381849,20.79,1.581125425,286.557,0.1621925022,3.100055226
3.65,2.04,4.08,5.562805171,22.23,1.706651462,285.788,0.1478160248,2.999677919
3.651,2.09,4.18,5.674552479,23.18,1.790671302,283.455,0.1039626269,2.995065375
3.652,2.08,4.16,5.652297165,23.09,1.782670121,280.577,0.04936489622,3.085256074
3.653,2.03,4.06,5.540314489,22.11,1.696106948,276.994,-0.01939518587,3.304273647
3.654,1.95,3.9,5.35869438,20.64,1.56817581,273.519,-0.08693763057,3.617712839
3.655,1.87,3.74,5.174061561,19.01,1.428976892,270.925,-0.1379180988,4.007611108
3.656,1.78,3.56,4.962748509,17.26,1.282600916,268.403,-0.1879536925,4.533651027
3.657,1.68,3.36,4.723484237,15.44,1.133696805,266.637,-0.2232711802,5.188215389
3.658,1.59,3.18,4.504121599,13.31,0.9636724055,264.76,-0.2610658677,6.410588796
3.659,1.51,3.02,4.305931583,10.95,0.7805404415,262.617,-0.3045456292,9.046173345
3.66,1.43,2.86,4.104728857,8.74,0.6139614739,259.457,-0.3693111853,16.77794406
3.661,1.36,2.72,3.926205107,6.76,0.4686804357,248.012,-0.6106703016,-27.65130515
3.662,1.29,2.58,3.745374751,5.02,0.3440477163,245.316,-0.6691455699,-11.52076124
3.663,1.24,2.48,3.614798003,3.49,0.2367695741,242.487,-0.7312006195,-7.311025545
3.664,1.18,2.36,3.456552477,2.05,0.1377513541,240.041,-0.7854408381,-5.336743242
3.665,1.13,2.26,3.323386681,0.6,0.03993030927,238.344,-0.823397664,-4.241895544
3.666,1.08,2.16,3.189044045,-1.73,-0.11335941,236.788,-0.8584389989,-3.281590107
3.667,1.04,2.08,3.080722611,-4,-0.2581659283,235.956,-0.877270352,-2.713250109
3.668,1.03,2.06,3.053524569,-4.79,-0.307528872,235.286,-0.8924833526,-2.544577885
3.669,1.04,2.08,3.080722611,-4.01,-0.2587940821,235.449,-0.8887782955,-2.684556261
3.67,1.08,2.16,3.189044045,-2.12,-0.1385538279,236.235,-0.8709481215,-3.159027129
3.671,1.11,2.22,3.269790847,0.08,0.005305640709,238.227,-0.8260245549,-3.984056893
3.672,1.15,2.3,3.37679422,1.03,0.06874350944,240.778,-0.7690398511,-4.821950393
3.673,1.19,2.38,3.483044415,2.07,0.1391137764,244.2,-0.6935395033,-6.282256119
3.674,1.24,2.48,3.614798003,3.14,0.2125297309,247.827,-0.614662525,-8.989065442
3.675,1.27,2.54,3.693285273,4.12,0.2806828744,251.598,-0.5338686784,-14.58725258
3.676,1.3,2.6,3.77134888,4.85,0.3320216532,255.98,-0.4414916154,-34.45099282
3.677,1.33,2.66,3.848988825,5.54,0.3809992462,261.338,-0.3306649089,76.46845134
3.678,1.38,2.76,3.977447261,6.78,0.4701294253,273.296,-0.09130126385,10.4993442
3.679,1.46,2.92,4.180532931,9.04,0.6362985958,275.667,-0.04508711508,7.071129482
3.68,1.59,3.18,4.504121599,12.5,0.9002005719,277.72,-0.00539120466,5.033610246
3.681,1.72,3.44,4.819754829,15.68,1.153140073,279.317,0.02528529765,4.089995811
3.682,1.81,3.62,5.033609855,17.39,1.293366164,280.849,0.05454883894,3.734367408
3.683,1.84,3.68,5.104047539,17.99,1.343276753,282.328,0.08264895024,3.579462471
3.684,1.83,3.66,5.080615385,17.67,1.316611729,283.84,0.1112242821,3.558262534
3.685,1.82,3.64,5.057136157,17.52,1.30414874,285.025,0.1335134339,3.517610916
3.686,1.87,3.74,5.174061561,18.54,1.389353898,286.461,0.1603998884,3.338634566
3.687,2,4,5.47256,21.02,1.601027535,287.7,0.1834897892,3.066689198
3.688,2.17,4.34,5.850900345,24.51,1.909927218,288.194,0.1926682167,2.782703818
3.689,2.29,4.58,6.109773311,27.04,2.142090029,288.126,0.1914057236,2.618292022
3.69,2.28,4.56,6.088459469,26.81,2.120694191,287.854,0.18635277,2.639070453
3.691,2.12,4.24,5.741035981,23.82,1.847819547,286.473,0.1606239979,2.858450263
3.692,1.89,3.78,5.220502207,19.34,1.456934338,284.99,0.1328564336,3.283766834
3.693,1.7,3.4,4.77171368,15.58,1.145031639,282.971,0.09481968284,3.848617651
3.694,1.6,3.2,4.52868352,13.21,0.955801253,281.359,0.06425521362,4.439640028
3.695,1.58,3.16,4.479512605,12.7,0.9158123613,280.27,0.04350786154,4.669465418
3.696,1.61,3.22,4.553198367,13.4,0.9707649231,279.292,0.02480642961,4.573452576
3.697,1.65,3.3,4.65078702,14.56,1.062901366,278.426,0.008191926493,4.342093309
3.698,1.71,3.42,4.795757791,15.79,1.162071032,277.706,-0.005660907555,4.147108099
3.699,1.82,3.64,5.057136157,17.78,1.325765949,276.808,-0.02298888917,3.88181241
3.7,1.92,3.84,5.289810125,19.85,1.500364454,275.613,-0.04613522131,3.63753527
3.701,1.97,3.94,5.404381849,20.77,1.579397441,274.384,-0.07004502789,3.580596422
3.702,1.94,3.88,5.335780035,20.1,1.521752981,273.103,-0.09508073652,3.740018112
3.703,1.84,3.68,5.104047539,18.25,1.365019752,271.895,-0.1187975596,4.095615991
3.704,1.74,3.48,4.867607683,16.24,1.198734428,269.917,-0.1578603601,4.676461672
3.705,1.66,3.32,4.675066499,14.71,1.07491375,267.276,-0.2104651551,5.408148649
3.706,1.59,3.18,4.504121599,13,0.9393040821,264.434,-0.267657402,6.706087788
3.707,1.54,3.08,4.380605891,11.49,0.8219617179,259.99,-0.3583320055,9.448501194
3.708,1.49,2.98,4.255913343,10.09,0.7151581665,249.591,-0.5767168151,30.74163391
3.709,1.44,2.88,4.130043955,8.77,0.616191317,247.896,-0.6131731852,1368.410748
3.71,1.4,2.8,4.02850112,7.53,0.5247380588,246.512,-0.6431258532,-34.02801058
3.711,1.36,2.72,3.926205107,6.43,0.4448262407,245.852,-0.6574689088,-18.46386307
3.712,1.33,2.66,3.848988825,5.52,0.3795733999,245.679,-0.6612348973,-13.66529988
3.713,1.3,2.6,3.77134888,4.72,0.3228432436,246.418,-0.6451663052,-11.7005245
3.714,1.28,2.56,3.719353549,4.2,0.286285154,247.848,-0.6142092038,-11.34211886
3.715,1.29,2.58,3.745374751,4.39,0.2996141022,251.018,-0.5462160823,-15.18793462
3.716,1.33,2.66,3.848988825,5.49,0.3774353265,255.329,-0.4551148916,-49.54956711
3.717,1.41,2.82,4.053957439,7.43,0.5174262867,261.885,-0.3194786611,20.47994982
3.718,1.51,3.02,4.305931583,10.13,0.7181833282,274.724,-0.06341973657,6.57631493
3.719,1.64,3.28,4.626460467,13.79,1.001592152,280.895,0.05542503878,4.376901819
3.72,1.8,3.6,5.01003648,17.21,1.278465046,285.039,0.1337762114,3.547578329
3.721,1.95,3.9,5.35869438,20.02,1.514901535,288.933,0.2063693679,3.113219639
3.722,1.99,3.98,5.449881023,20.87,1.588041573,292.569,0.2732749109,2.92797118
3.723,1.92,3.84,5.289810125,19.5,1.470530264,295.144,0.3201560864,2.95406849
3.724,1.81,3.62,5.033609855,17.29,1.285083667,296.883,0.3515859934,3.075519745
3.725,1.74,3.48,4.867607683,15.99,1.178340525,296.981,0.3533517175,3.177928013
3.726,1.75,3.5,4.8914635,16.25,1.199551504,296.28,0.3407085411,3.175738744
3.727,1.83,3.66,5.080615385,17.68,1.317443417,293.168,0.2842171977,3.172092351
3.728,1.95,3.9,5.35869438,19.98,1.511478325,290.26,0.2308843825,3.075533215
3.729,2.08,4.16,5.652297165,22.59,1.738377076,287.883,0.1868917314,2.935848306
3.73,2.16,4.32,5.829021619,24.26,1.887364977,286.107,0.1537844287,2.855754509
3.731,2.15,4.3,5.80709582,24.01,1.864870339,285.735,0.1468237638,2.886669406
3.732,2.06,4.12,5.607645315,22.37,1.718972778,285.732,0.1467675926,3.005587167
3.733,1.98,3.96,5.427154973,20.74,1.576806255,286.578,0.1625845564,3.120146972
3.734,1.94,3.88,5.335780035,20.05,1.517470042,287.349,0.1769586928,3.149014134
3.735,1.95,3.9,5.35869438,20.11,1.522609883,287.692,0.1833410211,3.141177373
3.736,1.95,3.9,5.35869438,20.27,1.536334569,287.866,0.1865757951,3.110257208
3.737,1.95,3.9,5.35869438,20.2,1.530326717,287.533,0.1803833957,3.132438594
3.738,1.95,3.9,5.35869438,20.1,1.521752981,286.671,0.1643204513,3.178209369
3.739,1.95,3.9,5.35869438,20.13,1.524324002,285.277,0.1382414555,3.223147911
3.74,1.95,3.9,5.35869438,20.25,1.534617516,283.3,0.1010363183,3.276178778
3.741,1.95,3.9,5.35869438,20.19,1.529468872,279.695,0.03252056383,3.430685418
3.742,1.93,3.86,5.312818617,19.73,1.490121179,276.161,-0.03550840321,3.652393754
3.743,1.88,3.76,5.197305421,18.74,1.406186759,272.209,-0.1126226365,4.01781816
3.744,1.8,3.6,5.01003648,17.2,1.277638179,268.541,-0.185203685,4.58612073
3.745,1.68,3.36,4.723484237,15.01,1.099006271,259.762,-0.3630257828,6.417947636
3.746,1.57,3.14,4.454856537,12.03,0.8636678778,260.002,-0.3580850786,8.811329309
3.747,1.53,3.06,4.355761529,10.72,0.7629842395,263.586,-0.2848416144,9.10975366
3.748,1.58,3.16,4.479512605,12.19,0.8760801584,272.108,-0.1146080605,5.882700912
3.749,1.71,3.42,4.795757791,15.31,1.123189317,277.196,-0.01549507924,4.329496018
3.75,1.82,3.64,5.057136157,17.47,1.299999544,279.038,0.01993869872,3.831343009
3.751,1.87,3.74,5.174061561,18.54,1.389353898,280.841,0.05439644171,3.58376474
3.752,1.89,3.78,5.220502207,18.89,1.418838606,282.583,0.08747891493,3.465738222
3.753,1.91,3.82,5.266754559,19.28,1.45184274,284.201,0.1180243203,3.354904815
3.754,1.96,3.92,5.381561651,20.16,1.526895965,285.825,0.1485086263,3.212096755
3.755,2.02,4.04,5.517776733,21.47,1.640127965,287.24,0.1749288941,3.040002138
3.756,2.1,4.2,5.69676072,23.01,1.77556525,288.446,0.1973442714,2.887492132
3.757,2.18,4.36,5.872731997,24.65,1.92259165,289.283,0.2128461871,2.750130158
3.758,2.25,4.5,6.0242355,26.05,2.050409136,290.261,0.2309028143,2.640689056
3.759,2.28,4.56,6.088459469,26.64,2.104917369,291.343,0.2508088214,2.584536138
3.76,2.26,4.52,6.045690563,26.22,2.066075685,292.421,0.270567856,2.587339685
3.761,2.21,4.42,5.937944511,25.33,1.984407469,293.178,0.2843996838,2.617209887
3.762,2.18,4.36,5.872731997,24.82,1.937998476,293.725,0.2943722034,2.630715432
3.763,2.19,4.38,5.894516575,25.06,1.959802742,294.133,0.3017984878,2.606346556
3.764,2.23,4.46,5.981184153,25.87,2.033855557,294.215,0.3032897821,2.559183655
3.765,2.29,4.58,6.109773311,26.94,2.132780318,293.15,0.283888707,2.528179593
3.766,2.33,4.66,6.194557945,27.89,2.221669313,291.592,0.2553793141,2.500781728
3.767,2.34,4.68,6.215636419,28.08,2.239567251,288.161,0.1920555734,2.556167987
3.768,2.28,4.56,6.088459469,27.04,2.142090029,284.846,0.1301524977,2.679493671
3.769,2.17,4.34,5.850900345,24.79,1.935277345,282.079,0.07792842025,2.906260476
3.77,2.02,4.04,5.517776733,21.89,1.676815123,279.782,0.03418443921,3.224884946
3.771,1.86,3.72,5.150770627,18.93,1.422216374,278.731,0.01404934249,3.586224032
3.772,1.72,3.44,4.819754829,16.14,1.190569254,277.964,-0.0006928506172,4.05063485
3.773,1.58,3.16,4.479512605,13.17,0.9526555674,278.168,0.003232117013,4.686233203
3.774,1.47,2.94,4.205706809,10.1,0.7159143121,278.326,0.006270065392,5.823591509
3.775,1.39,2.78,4.002997727,7.69,0.5364565434,278.679,0.01305115444,7.284698182
3.776,1.32,2.64,3.823155917,5.94,0.4095942274,278.999,0.01919089884,8.916251248
3.777,1.28,2.56,3.719353549,4.67,0.3193172337,279.313,0.02520868164,10.79556975
3.778,1.24,2.48,3.614798003,3.6,0.2444108522,279.716,0.0329222363,13.03413892
3.779,1.22,2.44,3.562237789,3.01,0.2035547251,280.112,0.04049099082,14.59660037
3.78,1.24,2.48,3.614798003,3.66,0.248583474,280.589,0.04959370552,12.12298677
3.781,1.34,2.68,3.874774659,6.13,0.4232290204,281.316,0.06343751246,7.961867928
3.782,1.51,3.02,4.305931583,10.55,0.7500409241,282.477,0.08547169444,5.153640397
3.783,1.69,3.38,4.747622495,15.29,1.121574293,283.776,0.1100178326,3.854865906
3.784,1.82,3.64,5.057136157,17.8,1.327431689,284.457,0.1228412756,3.487023671
3.785,1.89,3.78,5.220502207,19.09,1.435744057,284.114,0.1163863202,3.363443099
3.786,1.9,3.8,5.24365192,19.43,1.464578764,283.399,0.1029055646,3.34526593
3.787,1.9,3.8,5.24365192,19.33,1.456085478,281.92,0.07491192546,3.424990734
3.788,1.88,3.76,5.197305421,18.94,1.423061075,280.108,0.04041459227,3.551343925
3.789,1.83,3.66,5.080615385,18.08,1.350795287,277.856,-0.002771940996,3.768937237
3.79,1.77,3.54,4.939033913,16.78,1.24300212,275.51,-0.04813495642,4.133542258
3.791,1.69,3.38,4.747622495,15.39,1.129653446,272.724,-0.1025103812,4.622162831
3.792,1.64,3.28,4.626460467,14.19,1.033367167,269.453,-0.1670651754,5.340470771
3.793,1.61,3.22,4.553198367,13.41,0.9715534768,265.327,-0.2496207609,6.306956683
3.794,1.62,3.24,4.577666141,13.52,0.9802341214,257.009,-0.4200285533,8.171404215
3.795,1.64,3.28,4.626460467,14.07,1.023817902,258.5,-0.3890809956,7.28878441
3.796,1.64,3.28,4.626460467,14.31,1.04293082,261.789,-0.3214401868,6.412363868
3.797,1.63,3.26,4.602086841,13.94,1.013489083,274.006,-0.07742043707,4.916398877
3.798,1.6,3.2,4.52868352,13.08,0.9455835699,276.568,-0.02762949549,4.933453259
3.799,1.56,3.12,4.430153395,12,0.8613433732,278.609,0.01170714559,5.074337968
3.8,1.53,3.06,4.355761529,11.15,0.7958485199,280.091,0.04008988622,5.210624966
3.801,1.52,3.04,4.330870093,10.79,0.7683219911,279.965,0.03768262691,5.37325717
3.802,1.53,3.06,4.355761529,10.99,0.783598943,279.525,0.02926781883,5.358518436
3.803,1.55,3.1,4.40540318,11.66,0.8350606483,278.029,0.000558064418,5.272025522
3.804,1.57,3.14,4.454856537,12.28,0.8830731195,276.725,-0.02459331024,5.189238569
3.805,1.58,3.16,4.479512605,12.32,0.8861836588,276.031,-0.03802745461,5.281471246
3.806,1.55,3.1,4.40540318,11.64,0.8335181309,275.866,-0.04122642117,5.56032977
3.807,1.5,3,4.280946,10.28,0.7295414516,276.712,-0.0248446487,6.074876432
3.808,1.45,2.9,4.15531198,8.84,0.621397626,277.268,-0.01410562924,6.842362492
3.809,1.43,2.86,4.104728857,8.18,0.5724951674,277.936,-0.001231796471,7.185352791
3.81,1.45,2.9,4.15531198,8.63,0.6057927298,278.741,0.01424128038,6.701748471
3.811,1.5,3,4.280946,10.08,0.7144021175,279.621,0.03110490612,5.742328193
3.812,1.57,3.14,4.454856537,12.07,0.8667685913,280.403,0.04604606121,4.880351695
3.813,1.64,3.28,4.626460467,13.99,1.017459711,280.959,0.05664386075,4.307275937
3.814,1.7,3.4,4.77171368,15.24,1.117538498,281.279,0.06273380909,4.04289218
3.815,1.74,3.48,4.867607683,16.05,1.183229278,281.285,0.06284792943,3.906345173
3.816,1.77,3.54,4.939033913,16.7,1.2364252,281.503,0.06699265199,3.789294357
3.817,1.81,3.62,5.033609855,17.36,1.290880339,281.512,0.06716369539,3.706514464
3.818,1.84,3.68,5.104047539,17.99,1.343276753,280.938,0.0562439654,3.646996771
3.819,1.86,3.72,5.150770627,18.36,1.374239714,279.734,0.03326650299,3.659501155
3.82,1.86,3.72,5.150770627,18.36,1.374239714,277.788,-0.004081412535,3.759252213
3.821,1.85,3.7,5.12743262,18.08,1.350795287,274.307,-0.07154660164,4.008159383
3.822,1.83,3.66,5.080615385,17.77,1.324933233,270.523,-0.1458623534,4.308999123
3.823,1.81,3.62,5.033609855,17.33,1.288395436,266.22,-0.231644723,4.763289766
3.824,1.76,3.52,4.915272243,16.38,1.21018274,258.528,-0.3885015299,5.981969875
3.825,1.68,3.36,4.723484237,14.8,1.082132014,252.299,-0.5189832855,8.387631888
3.826,1.57,3.14,4.454856537,11.97,0.8590197516,250.925,-0.5481985784,14.33253884
3.827,1.46,2.92,4.180532931,8.82,0.6199096316,250.633,-0.5544279683,63.84280297
3.828,1.35,2.7,3.90051342,5.89,0.4060117151,250.828,-0.550267126,-27.03894013
3.829,1.26,2.52,3.667169923,3.42,0.2319126851,251.951,-0.526367719,-12.45409146
3.83,1.19,2.38,3.483044415,1.35,0.09029280197,253.65,-0.4904117608,-8.70502219
3.831,1.1,2.2,3.24292232,-2.12,-0.1385538279,256.835,-0.423651832,-5.768213575
3.832,1.09,2.18,3.216006719,-3.05,-0.1981025445,260.825,-0.341177147,-5.96352277
3.833,1.21,2.42,3.535887071,1.75,0.1173581633,267.06,-0.2147905237,-36.29068473
3.834,1.43,2.86,4.104728857,7.39,0.5145042206,279.083,0.02080141487,7.668009796
3.835,1.67,3.34,4.699298905,13.97,1.015871161,282.547,0.08679730185,4.261751437
3.836,1.84,3.68,5.104047539,17.35,1.290051935,286.123,0.1540836091,3.534327203
3.837,1.94,3.88,5.335780035,19.33,1.456085478,289.825,0.2228605569,3.178053329
3.838,2.04,4.08,5.562805171,21.33,1.627940446,293.113,0.2832134128,2.910705041
3.839,2.13,4.26,5.763103001,23.06,1.78000499,296.081,0.3371139424,2.722144189
3.84,2.2,4.4,5.91625408,24.53,1.911735122,298.675,0.3837817793,2.577308003
3.841,2.27,4.54,6.067098553,25.89,2.035693091,299.968,0.4068925841,2.483883621
3.842,2.32,4.64,6.173432397,27.12,2.149545749,300.689,0.4197363596,2.402784956
3.843,2.37,4.74,6.278589401,28.1,2.241453581,300.183,0.4107257862,2.367332119
3.844,2.4,4.8,6.34111872,28.83,2.310609865,299.633,0.4009144413,2.338580815
3.845,2.43,4.86,6.403224377,29.39,2.364065313,299.055,0.3905841826,2.324515111
3.846,2.45,4.9,6.44439278,29.8,2.403425703,298.494,0.3805386436,2.314825902
3.847,2.47,4.94,6.485372889,30.16,2.438142236,297.921,0.3702587179,2.309275989
3.848,2.47,4.94,6.485372889,30.34,2.455555396,297.405,0.3609844692,2.302602909
3.849,2.44,4.88,6.423832115,29.76,2.399577333,297.029,0.3542163494,2.332720913
3.85,2.35,4.7,6.23666782,27.91,2.223551416,296.685,0.3480167307,2.425239179
3.851,2.18,4.36,5.872731997,24.7,1.927119813,296.528,0.3451848642,2.584482642
3.852,1.98,3.96,5.427154973,20.79,1.581125425,296.419,0.3432179093,2.820263348
3.853,1.82,3.64,5.057136157,17.83,1.329931071,296.454,0.3438495791,3.021385244
3.854,1.78,3.56,4.962748509,17.02,1.262772076,296.658,0.3475298285,3.081874582
3.855,1.86,3.72,5.150770627,18.5,1.385992295,296.702,0.348323276,2.96991546
3.856,2.02,4.04,5.517776733,21.58,1.64971843,296.71,0.3484675266,2.76139301
3.857,2.17,4.34,5.850900345,24.63,1.920781144,296.35,0.3419723988,2.585743535
3.858,2.25,4.5,6.0242355,26.42,2.084547538,295.883,0.3335350084,2.491327481
3.859,2.28,4.56,6.088459469,26.89,2.128129601,294.925,0.3161848557,2.490865875
3.86,2.26,4.52,6.045690563,26.56,2.097503996,293.315,0.2868991169,2.535515296
3.861,2.22,4.44,5.959587869,25.84,2.031100078,289.374,0.2145288765,2.653861341
3.862,2.15,4.3,5.80709582,24.54,1.912639236,284.882,0.1308286098,2.841784778
3.863,2.03,4.06,5.540314489,22.24,1.707530863,279.654,0.03173625922,3.185430471
3.864,1.88,3.76,5.197305421,19.28,1.45184274,274.849,-0.0609860289,3.736765535
3.865,1.74,3.48,4.867607683,16.68,1.23478199,271.687,-0.1228918823,4.377777667
3.866,1.66,3.32,4.675066499,15.13,1.108668614,269.055,-0.174973323,5.007058023
3.867,1.63,3.26,4.602086841,14.49,1.057303305,267.913,-0.1977296482,5.35391796
3.868,1.61,3.22,4.553198367,14.09,1.025408448,266.721,-0.2215860081,5.664433018
3.869,1.58,3.16,4.479512605,13.21,0.955801253,265.687,-0.2423667137,6.278799747
3.87,1.52,3.04,4.330870093,11.55,0.8265816437,262.556,-0.3057884578,8.315911593
3.871,1.45,2.9,4.15531198,9.48,0.6692155509,255.064,-0.460670415,19.92524046
3.872,1.39,2.78,4.002997727,7.76,0.5415909922,254.703,-0.4682477997,54.57899486
3.873,1.35,2.7,3.90051342,6.78,0.4701294253,254.519,-0.47211409,-1965.326099
3.874,1.33,2.66,3.848988825,6.19,0.4275417395,254.918,-0.4637336605,-106.349393
3.875,1.33,2.66,3.848988825,6.17,0.4261037932,256.894,-0.422422974,1045.688117
3.876,1.38,2.76,3.977447261,7.39,0.5145042206,259.987,-0.358393739,25.47841259
3.877,1.49,2.98,4.255913343,10.41,0.7394027579,265.589,-0.2443404525,8.596722668
3.878,1.67,3.34,4.699298905,15.08,1.104640877,278.526,0.01011309746,4.215548015
3.879,1.84,3.68,5.104047539,18.49,1.385152153,281.921,0.07493090244,3.495724111
3.88,1.96,3.92,5.381561651,20.76,1.578533607,284.927,0.1316736298,3.146730721
3.881,2.01,4.02,5.495191903,21.65,1.655828128,287.056,0.1715006967,3.00722663
3.882,1.99,3.98,5.449881023,21.43,1.6366437,288.948,0.2066471068,2.956604027
3.883,1.95,3.9,5.35869438,20.56,1.561279029,290.013,0.2263298019,2.997688469
3.884,1.87,3.74,5.174061561,18.98,1.426440919,291.018,0.2448374387,3.095870617
3.885,1.76,3.52,4.915272243,16.89,1.252056047,292.014,0.2631163846,3.244034896
3.886,1.71,3.42,4.795757791,15.96,1.175897517,293.157,0.2840164558,3.284959169
3.887,1.81,3.62,5.033609855,17.9,1.335766563,294.677,0.3116841923,3.055393212
3.888,2,4,5.47256,21.56,1.647973756,295.649,0.3293022701,2.767726877
3.889,2.09,4.18,5.674552479,23.39,1.809374529,295.788,0.3318169928,2.650184452
3.89,2,4,5.47256,21.73,1.662817002,295.4,0.3247945218,2.753334811
3.891,1.8,3.6,5.01003648,17.95,1.339937861,293.419,0.2887957174,3.076031923
3.892,1.64,3.28,4.626460467,14.76,1.078922893,291.42,0.2522226036,3.475548299
3.893,1.57,3.14,4.454856537,13.03,0.9416581478,288.754,0.2030539046,3.891683089
3.894,1.58,3.16,4.479512605,13.3,0.962884844,286.734,0.1654960602,3.969858572
3.895,1.63,3.26,4.602086841,14.71,1.07491375,286.263,0.1567007242,3.73662939
3.896,1.7,3.4,4.77171368,16,1.179155063,286.455,0.16028783,3.562461456
3.897,1.76,3.52,4.915272243,17.01,1.261947153,288.389,0.1962869499,3.370701751
3.898,1.79,3.58,4.986416031,17.6,1.310792792,290.323,0.2320454568,3.231975896
3.899,1.81,3.62,5.033609855,18.02,1.345782003,292.37,0.2696347021,3.115982297
3.9,1.82,3.64,5.057136157,18.23,1.363344738,294.131,0.3017621096,3.037124113
3.901,1.8,3.6,5.01003648,17.93,1.338269033,295.095,0.3192678022,3.022579272
3.902,1.77,3.54,4.939033913,17.25,1.281773537,295.861,0.3331372012,3.058394372
3.903,1.75,3.5,4.8914635,16.89,1.252056047,295.914,0.3340955046,3.083856327
3.904,1.78,3.56,4.962748509,17.46,1.299170012,296.057,0.3366802597,3.03374251
3.905,1.85,3.7,5.12743262,18.81,1.41208805,296.448,0.3437412982,2.920234033
3.906,1.92,3.84,5.289810125,20.11,1.522609883,297.002,0.3537300112,2.819217424
3.907,1.95,3.9,5.35869438,20.81,1.58285383,297.972,0.3711744864,2.742383176
3.908,1.96,3.92,5.381561651,21.05,1.603627575,298.465,0.3800188424,2.712964168
3.909,1.97,3.94,5.404381849,21.1,1.607963086,298.118,0.3737952316,2.727064043
3.91,1.97,3.94,5.404381849,21.07,1.605361462,297.243,0.3580694674,2.752519463
3.911,1.96,3.92,5.381561651,20.97,1.596696244,294.721,0.3124829735,2.818782857
3.912,1.88,3.76,5.197305421,19.44,1.465428666,292.038,0.2635560715,3.005986871
3.913,1.72,3.44,4.819754829,16.47,1.217552894,288.551,0.1992914219,3.401753302
3.914,1.6,3.2,4.52868352,13.91,1.011107903,285.729,0.1467114208,3.911390513
3.915,1.57,3.14,4.454856537,12.88,0.9298967213,283.832,0.1110734908,4.27952355
3.916,1.61,3.22,4.553198367,13.99,1.017459711,282.371,0.08346372059,4.13579931
3.917,1.63,3.26,4.602086841,14.61,1.066902987,281.872,0.07400095119,4.03371983
3.918,1.58,3.16,4.479512605,13.27,0.9605227547,281.681,0.07037449534,4.34525614
3.919,1.55,3.1,4.40540318,12.37,0.8900740465,282.201,0.0802418108,4.540174364
3.92,1.57,3.14,4.454856537,12.97,0.9369509069,283.21,0.09933643658,4.298862246
3.921,1.63,3.26,4.602086841,14.53,1.060501596,285.326,0.139160308,3.83615319
3.922,1.69,3.38,4.747622495,15.86,1.167760745,287.798,0.1853118634,3.508771418
3.923,1.77,3.54,4.939033913,17.27,1.283428397,291.008,0.2446535981,3.232178593
3.924,1.84,3.68,5.104047539,18.56,1.39103532,293.992,0.2992332168,3.019666654
3.925,1.88,3.76,5.197305421,19.46,1.467128782,296.191,0.339101205,2.877432807
3.926,1.91,3.82,5.266754559,19.94,1.50805679,297.973,0.3711924411,2.80258439
3.927,1.92,3.84,5.289810125,20.19,1.529468872,298.626,0.3829039974,2.766097663
3.928,1.94,3.88,5.335780035,20.53,1.558694471,299.192,0.3930345084,2.733873449
3.929,1.97,3.94,5.404381849,21.18,1.614905393,299.568,0.399753729,2.682529163
3.93,2.02,4.04,5.517776733,22.15,1.699620083,300.15,0.4101376126,2.615360402
3.931,2.08,4.16,5.652297165,23.37,1.807591229,301.321,0.4309693998,2.524969435
3.932,2.14,4.28,5.785122947,24.6,1.918066199,302.568,0.4530643857,2.439816257
3.933,2.19,4.38,5.894516575,25.54,2.003599427,303.609,0.4714397298,2.38158518
3.934,2.21,4.42,5.937944511,26.12,2.056856228,304.132,0.4806477664,2.340072971
3.935,2.23,4.46,5.981184153,26.52,2.093799951,303.535,0.4701355911,2.332813776
3.936,2.24,4.48,6.002733363,26.62,2.103063365,302.378,0.4497037551,2.351461407
3.937,2.2,4.4,5.91625408,25.82,2.029263639,299.662,0.4014322164,2.433975468
3.938,2.08,4.16,5.652297165,23.62,1.829913388,296.973,0.3532075986,2.589090206
3.939,1.89,3.78,5.220502207,20,1.513189721,294.413,0.3068889994,2.868283744
3.94,1.67,3.34,4.699298905,15.95,1.175083384,292.177,0.2661018809,3.260718119
3.941,1.52,3.04,4.330870093,12.24,0.8799641537,290.56,0.2364110522,3.87940369
3.942,1.46,2.92,4.180532931,10.58,0.752323002,289.053,0.2085908751,4.350580246
3.943,1.48,2.96,4.230833613,11.27,0.8050520669,288.093,0.1907929358,4.248486061
3.944,1.53,3.06,4.355761529,12.56,0.9048799677,287.382,0.1775730672,4.023972762
3.945,1.54,3.08,4.380605891,12.76,0.9205035928,287.144,0.1731405434,4.005513079
3.946,1.5,3,4.280946,11.79,0.8450965533,287.025,0.1709229036,4.213448838
3.947,1.47,2.94,4.205706809,10.75,0.7652712648,287.311,0.176251144,4.466921626
3.948,1.46,2.92,4.180532931,10.53,0.7485200235,287.726,0.1839732571,4.483177539
3.949,1.49,2.98,4.255913343,11.37,0.8127324157,288.455,0.1975111978,4.212759464
3.95,1.56,3.12,4.430153395,13.46,0.9754977346,289.587,0.2184654113,3.710460755
3.951,1.69,3.38,4.747622495,16.26,1.200368681,291.457,0.2529018207,3.26685396
3.952,1.86,3.72,5.150770627,19.47,1.467978996,293.29,0.2864431031,2.935878789
3.953,2,4,5.47256,22.23,1.706651462,295.381,0.324450401,2.694379884
3.954,2.05,4.1,5.58524878,23.19,1.791560859,297.187,0.3570614429,2.599455835
3.955,1.99,3.98,5.449881023,22.11,1.696106948,298.652,0.3833697771,2.620794433
3.956,1.86,3.72,5.150770627,19.65,1.483300686,300.063,0.4085866632,2.722556726
3.957,1.71,3.42,4.795757791,16.96,1.257824071,300.815,0.4219777413,2.854954529
3.958,1.61,3.22,4.553198367,14.98,1.096592949,301.318,0.430916134,2.980799536
3.959,1.56,3.12,4.430153395,13.86,1.007141264,301.227,0.4293001551,3.084116998
3.96,1.57,3.14,4.454856537,14.04,1.021432832,300.891,0.4233292319,3.083453427
3.961,1.59,3.18,4.504121599,14.66,1.070907115,300.091,0.4090858684,3.043339833
3.962,1.6,3.2,4.52868352,14.85,1.086145675,299.226,0.3936424446,3.060359425
3.963,1.6,3.2,4.52868352,14.79,1.081329584,298.074,0.3730055531,3.113920173
3.964,1.59,3.18,4.504121599,14.63,1.068504338,296.876,0.3514598479,3.171996622
3.965,1.58,3.16,4.479512605,14.29,1.041335878,295.679,0.3298451161,3.266901032
3.966,1.55,3.1,4.40540318,13.66,0.991299604,294.451,0.3075794814,3.39169614
3.967,1.52,3.04,4.330870093,12.66,0.9126868475,293.07,0.2824285043,3.623809272
3.968,1.47,2.94,4.205706809,11.4,0.8150384231,291.707,0.2574888668,3.921305172
3.969,1.44,2.88,4.130043955,10.52,0.7477597185,290.463,0.2346247202,4.204101564
3.97,1.45,2.9,4.15531198,10.67,0.7591744718,289.392,0.2148616535,4.266075838
3.971,1.49,2.98,4.255913343,12.01,0.8621181099,288.796,0.2038320191,3.992600805
3.972,1.55,3.1,4.40540318,13.46,0.9754977346,288.299,0.1946170695,3.764932436
3.973,1.55,3.1,4.40540318,13.44,0.9739197336,288.274,0.1941531213,3.771514047
3.974,1.47,2.94,4.205706809,11.5,0.8227314612,288.083,0.1906072286,4.150346622
3.975,1.34,2.68,3.874774659,8.06,0.5636483326,287.524,0.1802159341,5.208980768
3.976,1.23,2.46,3.588541433,4.97,0.340507869,286.794,0.1666154476,7.076269846
3.977,1.19,2.38,3.483044415,4.05,0.2757856919,285.604,0.1443704042,8.289881898
3.978,1.26,2.52,3.667169923,5.73,0.3945633126,284.396,0.121693879,7.103377895
3.979,1.37,2.74,3.951849721,8.6,0.6035668934,283.14,0.09801393283,5.632778966
3.98,1.4,2.8,4.02850112,9.42,0.6647159412,282.276,0.08166348078,5.397390391
3.981,1.27,2.54,3.693285273,6.18,0.4268227197,281.653,0.06984266164,7.436164089
3.982,1.07,2.14,3.162034297,0.79,0.05264144509,280.773,0.05310088996,29.90320098
3.983,0.94,1.88,2.806623875,-5.8,-0.3698722461,279.716,0.0329222363,-8.329496346
3.984,0.95,1.9,2.83424558,-5,-0.3205619313,278.679,0.01305115444,-9.21673578
3.985,1.07,2.14,3.162034297,0.67,0.04460962798,276.627,-0.02648830657,174.4924791
3.986,1.19,2.38,3.483044415,3.81,0.2590294088,274.71,-0.06369238078,17.83094813
3.987,1.26,2.52,3.667169923,5.42,0.3724497354,271.21,-0.1322931155,15.2699098
3.988,1.24,2.48,3.614798003,4.88,0.3341419612,267.477,-0.2064432981,28.30725019
3.989,1.15,2.3,3.37679422,2.57,0.1732914714,262.505,-0.3068277656,-25.28746391
3.99,1.06,2.12,3.134977475,0.22,0.01460411943,252.882,-0.5066350325,-6.371505106
3.991,1.06,2.12,3.134977475,0.21,0.01393936766,251.093,-0.5446178301,-5.907489557
3.992,1.12,2.24,3.296612301,1.73,0.1160014906,249.421,-0.5803620182,-7.099251777
3.993,1.13,2.26,3.323386681,1.75,0.1173581633,248.285,-0.6047845108,-6.818233561
3.994,0.99,1.98,2.944261663,-3.16,-0.2050967478,247.32,-0.6256186692,-3.54424825
3.995,0.74,1.48,2.244304323,-14.71,-0.8838935973,247.025,-0.6320038867,-1.480511939
3.996,0.48,0.96,1.485138893,-26,-1.449046214,247.108,-0.6302065973,-0.7142656653
3.997,0.33,0.66,1.032683705,-32.49,-1.734527922,247.919,-0.6126768307,-0.4399631961
3.998,0.29,0.58,0.9102401912,-33.83,-1.790163921,248.891,-0.5917424428,-0.3821477641
3.999,0.36,0.72,1.124022067,-31.41,-1.688882305,250.015,-0.5676360573,-0.4981222782
4,0.47,0.94,1.455304729,-27.37,-1.511582996,251.32,-0.5397833609,-0.7094318984
