# age_ma,DST_anomaly_K,GMSST_anomaly_K,GMST_anomaly_K,BSL_m,R_LI_Wm2,CO2_ppm,R_CO2_Wm2,S_CO2_LI_K_per_Wm2
0,0,0,0,2.68,0.1808408527,284.1331213,0.116746372,0
0.001,0.11,0.11,0.1756738918,5.47,0.3760104081,280.4281497,0.04652588879,0.4157604757
0.002,0.25,0.25,0.397199375,9.1,0.6407763474,277.8286438,-0.003298699906,0.62307969
0.003,0.35,0.35,0.554019655,11.83,0.8481878533,275.6131949,-0.0461314373,0.6907489847
0.004,0.38,0.38,0.6008362552,12.83,0.9259811889,273.0683738,-0.09575909614,0.7237054524
0.005,0.38,0.38,0.6008362552,12.63,0.910343748,269.4465361,-0.1671935172,0.8084990494
0.006,0.31,0.31,0.4914327638,11.09,0.7912520078,264.5748721,-0.2648080518,0.93349493
0.007,0.18,0.18,0.2867249592,7.82,0.5459956392,260.6641348,-0.3444778049,1.42282672
0.008,0.03,0.03,0.0480522822,4.34,0.2961032708,259.775696,-0.362743711,-0.7210678995
0.009,-0.04,-0.04,-0.0642344672,2.62,0.1767216519,261.0143677,-0.3372942771,0.4000337364
0.01,-0.01,-0.01,-0.0160409642,3.3,0.2235969714,264.0627076,-0.2751746288,0.3110060636
0.011,-0.05,-0.05,-0.080322505,2.24,0.1507089033,266.7807626,-0.2203873986,1.152758891
0.012,-0.24,-0.24,-0.3882312192,-3.47,-0.2247519371,253.8849024,-0.4854594796,0.5466417605
0.013,-0.54,-0.54,-0.8830526472,-13.3,-0.8067294021,239.9331786,-0.7878444864,0.5537859698
0.014,-1.01,-1.01,-1.679567804,-27.8,-1.530955522,239.2774205,-0.8024865159,0.7197812401
0.015,-1.6,-1.6,-2.71624832,-46.17,-2.253944599,229.3619873,-1.028910009,0.8274043918
0.016,-2.32,-2.32,-4.036849741,-68.85,-2.91727768,223.1368569,-1.176121649,0.9861851767
0.017,-2.98,-2.98,-5.300994337,-90.11,-3.388540537,202.7709168,-1.688161793,1.04418065
0.018,-3.27,-3.27,-5.872662782,-99.21,-3.565755134,189.1388285,-2.060498069,1.04379639
0.019,-3.21,-3.21,-5.753574532,-97.75,-3.53787174,190.4689123,-2.023006854,1.034652067
0.02,-3.05,-3.05,-5.438077105,-93.11,-3.447979365,192.6774503,-1.961329072,1.005318364
0.021,-2.94,-2.94,-5.222920231,-89.89,-3.384133323,189.9359501,-2.037997987,0.9632596358
0.022,-3,-3,-5.340102,-91.83,-3.422763279,187.8078073,-2.098280569,0.9672268773
0.023,-3.09,-3.09,-5.51666902,-94.69,-3.478837199,189.1669059,-2.059703929,0.9960509263
0.024,-3.1,-3.1,-5.53634642,-94.93,-3.483500382,185.8835609,-2.153378491,0.9821652274
0.025,-3.05,-3.05,-5.438077105,-93.33,-3.452293175,182.3536751,-2.255950778,0.95267076
0.026,-2.91,-2.91,-5.16448822,-89.41,-3.374492945,184.28066,-2.199712379,0.9264976657
0.027,-2.7,-2.7,-4.75842978,-83.44,-3.251416159,187.9789179,-2.093408433,0.8902873608
0.028,-2.51,-2.51,-4.395515564,-77.81,-3.128886795,190.4100577,-2.024660251,0.8529107282
0.029,-2.34,-2.34,-4.074403975,-72.82,-3.013841541,192.2133617,-1.974230783,0.8168293703
0.03,-2.2,-2.2,-3.81251288,-68.56,-2.910033422,189.1471418,-2.060262923,0.76705947
0.031,-2.15,-2.15,-3.719539345,-66.95,-2.86931913,187.4855496,-2.107468469,0.7473775544
0.032,-2.15,-2.15,-3.719539345,-66.99,-2.870341011,193.3200869,-1.943514921,0.77267359
0.033,-2.19,-2.19,-3.793894636,-68.48,-2.908030267,196.536714,-1.855229453,0.7964912391
0.034,-2.31,-2.31,-4.018090276,-72.17,-2.998353416,196.0784924,-1.867717438,0.825736081
0.035,-2.36,-2.36,-4.112005283,-73.81,-3.037199829,201.3470268,-1.725862883,0.8633111786
0.036,-2.32,-2.32,-4.036849741,-72.54,-3.007184673,201.3615358,-1.725477377,0.8529765486
0.037,-2.18,-2.18,-3.775288161,-68.59,-2.910784076,205.7149062,-1.611044718,0.8349029414
0.038,-2.08,-2.08,-3.589870669,-65.55,-2.833212889,211.0896059,-1.473060427,0.8336374412
0.039,-2.1,-2.1,-3.62686002,-66.02,-2.845408655,205.8566438,-1.607359837,0.8145179851
0.04,-2.14,-2.14,-3.700979943,-67.46,-2.882308264,196.0447982,-1.868636863,0.7789986718
0.041,-2.17,-2.17,-3.756693454,-68.27,-2.902762185,201.1705722,-1.730553519,0.8108002332
0.042,-2.17,-2.17,-3.756693454,-68.22,-2.901505782,202.6543116,-1.691239244,0.8179625544
0.043,-2.18,-2.18,-3.775288161,-68.76,-2.915032337,203.8689373,-1.65926928,0.8253255856
0.044,-2.19,-2.19,-3.793894636,-69.15,-2.924743563,203.4644055,-1.669895691,0.8257219831
0.045,-2.19,-2.19,-3.793894636,-68.94,-2.919520444,210.6769938,-1.483528186,0.8616517679
0.046,-2.13,-2.13,-3.68243231,-67.34,-2.879259755,219.3042736,-1.268811194,0.8877457389
0.047,-1.97,-1.97,-3.387270678,-62.49,-2.751906617,211.9368298,-1.45163078,0.8058143314
0.048,-1.83,-1.83,-3.131475614,-58.19,-2.631735519,203.8553812,-1.659625034,0.7297162695
0.049,-1.8,-1.8,-3.07696248,-57.08,-2.599522353,201.381293,-1.724952472,0.7115228101
0.05,-1.91,-1.91,-3.27736178,-60.69,-2.702473674,204.6049713,-1.6399888,0.7547242606
0.051,-2.1,-2.1,-3.62686002,-66.85,-2.866762089,208.6966644,-1.534055162,0.8241332946
0.052,-2.16,-2.16,-3.738110515,-68.94,-2.919520444,215.1221019,-1.371822022,0.8710818457
0.053,-2.06,-2.06,-3.552928391,-65.98,-2.844373667,222.1049741,-1.200919781,0.8782869367
0.054,-1.88,-1.88,-3.222566205,-60.64,-2.701082938,220.709609,-1.234636955,0.8187996841
0.055,-1.75,-1.75,-2.986342625,-56.41,-2.579831685,214.4606805,-1.388296644,0.752582169
0.056,-1.77,-1.77,-3.022555262,-57.29,-2.605655603,210.519141,-1.487538253,0.7384344275
0.057,-1.96,-1.96,-3.368923107,-63.37,-2.775633918,214.0221889,-1.399246583,0.8069507872
0.058,-2.17,-2.17,-3.756693454,-70.34,-2.954080274,222.7038757,-1.18651303,0.9072838547
0.059,-2.28,-2.28,-3.961882493,-74.11,-3.044223987,227.9449383,-1.062066018,0.9648326075
0.06,-2.31,-2.31,-4.018090276,-75.02,-3.06537995,220.4035745,-1.242060378,0.9328255229
0.061,-2.31,-2.31,-4.018090276,-75.2,-3.069538176,211.7642755,-1.455988407,0.8878724282
0.062,-2.32,-2.32,-4.036849741,-75.29,-3.071614049,206.5125042,-1.590341802,0.8659133355
0.063,-2.31,-2.31,-4.018090276,-74.95,-3.063760522,200.4155511,-1.750670588,0.8345929529
0.064,-2.3,-2.3,-3.99934258,-74.76,-3.059358292,198.8842458,-1.791705035,0.8244259681
0.065,-2.25,-2.25,-3.905780625,-73.32,-3.025673177,201.1105048,-1.732151211,0.8209173578
0.066,-2.21,-2.21,-3.831142892,-72.22,-2.999549149,201.3717274,-1.7252066,0.8108658088
0.067,-2.19,-2.19,-3.793894636,-71.45,-2.981053623,203.9316042,-1.657625006,0.8178826213
0.068,-2.1,-2.1,-3.62686002,-68.96,-2.920018486,202.4275371,-1.697229361,0.7855025635
0.069,-2.05,-2.05,-3.534474905,-67.26,-2.87722477,205.1636743,-1.625399775,0.7849810415
0.07,-1.98,-1.98,-3.405630017,-65.19,-2.823819884,214.6656983,-1.383184652,0.8095142251
0.071,-1.82,-1.82,-3.113292801,-60.37,-2.693556272,228.3339548,-1.052943356,0.8309870839
0.072,-1.66,-1.66,-2.823968295,-55.39,-2.549491691,236.8358262,-0.8573585215,0.828908851
0.073,-1.56,-1.56,-2.644670371,-52.48,-2.460452295,232.5534562,-0.9549803292,0.7743295394
0.074,-1.56,-1.56,-2.644670371,-52.46,-2.459827311,233.2822229,-0.9382409288,0.7782864217
0.075,-1.58,-1.58,-2.680435809,-53.18,-2.482213165,243.5458835,-0.7078892936,0.8402350219
0.076,-1.53,-1.53,-2.591110478,-51.38,-2.425807486,245.9205829,-0.6559766799,0.8407825916
0.077,-1.4,-1.4,-2.36024152,-47.22,-2.289645163,233.620664,-0.9304848818,0.7329646589
0.078,-1.28,-1.28,-2.148896973,-43.33,-2.154570265,225.5603955,-1.118327413,0.6565732218
0.079,-1.18,-1.18,-1.974071041,-40.12,-2.037116283,227.2289447,-1.078897251,0.6335245401
0.08,-1.07,-1.07,-1.783121766,-36.55,-1.899774315,231.895557,-0.9701370527,0.6213159703
0.081,-1,-1,-1.66235,-34.16,-1.803697724,232.0150893,-0.9673800677,0.5998929388
0.082,-0.97,-0.97,-1.610767198,-33.1,-1.759990826,236.8894844,-0.8561465467,0.6157043643
0.083,-1,-1,-1.66235,-34.13,-1.802470095,245.3631222,-0.6681179988,0.6728559909
0.084,-1.11,-1.11,-1.852393108,-37.9,-1.952564105,247.2924334,-0.6262150203,0.71832174
0.085,-1.27,-1.27,-2.131361422,-43.5,-2.160636602,238.7470059,-0.814359213,0.7164250152
0.086,-1.45,-1.45,-2.448801905,-49.72,-2.372464338,228.3187425,-1.053299802,0.7148191775
0.087,-1.63,-1.63,-2.77005535,-55.93,-2.565609054,222.3102894,-1.195976492,0.7364063148
0.088,-1.74,-1.74,-2.968253959,-59.5,-2.669110496,221.2242129,-1.222177479,0.7627947297
0.089,-1.75,-1.75,-2.986342625,-60.11,-2.686281645,225.0700255,-1.129971015,0.7825327331
0.09,-1.71,-1.71,-2.914058572,-58.84,-2.65036625,229.4378181,-1.027141504,0.7924003884
0.091,-1.6,-1.6,-2.71624832,-55.45,-2.55128866,231.3171465,-0.9834980755,0.768433437
0.092,-1.45,-1.45,-2.448801905,-50.66,-2.402829111,232.617117,-0.953515982,0.7296037317
0.093,-1.3,-1.3,-2.18400338,-45.98,-2.247425364,234.1103146,-0.9192834351,0.6896761017
0.094,-1.22,-1.22,-2.043860193,-43.47,-2.159567178,238.5191848,-0.8194668134,0.686081528
0.095,-1.24,-1.24,-2.078825379,-43.95,-2.176621253,243.0130777,-0.7196063199,0.7177700394
0.096,-1.23,-1.23,-2.061336902,-43.69,-2.167398631,245.4643837,-0.6659105073,0.727536884
0.097,-1.16,-1.16,-1.939247075,-41.25,-2.079100039,243.6203339,-0.706254083,0.6962299908
0.098,-1.08,-1.08,-1.800421949,-38.58,-1.978758381,241.290828,-0.7576571172,0.6579490396
0.099,-1.07,-1.07,-1.783121766,-38.24,-1.96569415,242.8574549,-0.7230334967,0.6631842269
0.1,-1.07,-1.07,-1.783121766,-38.36,-1.970312553,245.578258,-0.663429144,0.6770298574
0.101,-1.07,-1.07,-1.783121766,-38.51,-1.97607405,245.7957324,-0.658693491,0.6767662565
0.102,-1.15,-1.15,-1.921852745,-41.28,-2.080205123,240.8253989,-0.7679867682,0.674762382
0.103,-1.28,-1.28,-2.148896973,-46,-2.248112458,239.3079643,-0.8018036321,0.7045757683
0.104,-1.4,-1.4,-2.36024152,-50.2,-2.388021791,242.7191663,-0.726080776,0.7579202899
0.105,-1.43,-1.43,-2.413342446,-51.33,-2.424219533,244.8831102,-0.6785946328,0.7777914876
0.106,-1.48,-1.48,-2.502079357,-53.23,-2.4837591,245.6947368,-0.6608922169,0.7956619365
0.107,-1.62,-1.62,-2.752107905,-58.24,-2.63317471,241.5288629,-0.7523819092,0.8128967299
0.108,-1.76,-1.76,-3.004443059,-63.16,-2.769997491,239.0043913,-0.808594658,0.8395600654
0.109,-1.85,-1.85,-3.167876545,-66.6,-2.860354819,241.5225299,-0.7525221917,0.8768293344
0.11,-1.77,-1.77,-3.022555262,-64.05,-2.793775647,245.2622454,-0.6703180108,0.8725385513
0.111,-1.54,-1.54,-2.608952007,-57.04,-2.598352043,250.2120958,-0.563420121,0.8251549674
0.112,-1.26,-1.26,-2.113837639,-48.43,-2.330108616,256.1604878,-0.437720736,0.7637167508
0.113,-0.93,-0.93,-1.542154886,-37.79,-1.948302005,260.9767107,-0.3380661873,0.6744997989
0.114,-0.69,-0.69,-1.134435196,-29.05,-1.586585709,266.2893699,-0.2302508356,0.6244013527
0.115,-0.49,-0.49,-0.7998468842,-21.56,-1.237626668,273.6434237,-0.08450447066,0.604967889
0.116,-0.28,-0.28,-0.4535954528,-12.2,-0.7454633753,275.0012054,-0.05802413542,0.5645332961
0.117,-0.07,-0.07,-0.1125338858,-1.64,-0.1075265695,274.50663,-0.06765449485,0.642386129
0.118,0.12,0.12,0.1915736352,4.1,0.2792832213,274.5117124,-0.06755544344,0.9048110605
0.119,0.24,0.24,0.3814526208,7.14,0.4962754837,273.346726,-0.09030835184,0.9396145424
0.12,0.26,0.26,0.4129343608,7.61,0.5305942766,272.9912014,-0.09727128279,0.9529481858
0.121,0.27,0.27,0.4286575782,7.96,0.5562864082,276.4382249,-0.03014048727,0.8147123472
0.122,0.26,0.26,0.4129343608,7.76,0.5415909922,278.2898488,0.00557512027,0.7546782438
0.123,0.21,0.21,0.3341417478,6.34,0.4383382443,278.5466743,0.01051020023,0.7444422541
0.124,0.16,0.16,0.2550549248,5.16,0.3539715806,278.0110037,0.0002117585017,0.720121182
0.125,0.16,0.16,0.2550549248,5.21,0.3575202108,277.0647469,-0.01802892029,0.7512856204
0.126,0.23,0.23,0.3656940982,7.04,0.489000469,275.1865078,-0.05442039099,0.8414884085
0.127,0.25,0.25,0.397199375,7.69,0.5364565434,275.3976155,-0.05031774279,0.8170493171
0.128,0.19,0.19,0.3025423238,6.07,0.4189196601,277.6580374,-0.006584985388,0.7337300071
0.129,-0.03,-0.03,-0.0481581978,0.79,0.05264144509,271.7693453,-0.1212706022,0.7017162945
0.13,-0.44,-0.44,-0.7169353312,-13.25,-0.8039649764,258.5638584,-0.387759525,0.6015948572
0.131,-0.95,-0.95,-1.576437505,-30.09,-1.632101682,246.2152272,-0.6495705333,0.6909132234
0.132,-1.48,-1.48,-2.502079357,-47.38,-2.295037028,234.1531314,-0.918305056,0.778653281
0.133,-1.9,-1.9,-3.25908482,-60.78,-2.704974573,225.7057229,-1.114881546,0.8531957011
0.134,-2.19,-2.19,-3.793894636,-70.27,-2.952366723,218.7852212,-1.281488657,0.8960850798
0.135,-2.46,-2.46,-4.300717927,-79.01,-3.155604707,211.1456635,-1.471639856,0.9294338929
0.136,-2.64,-2.64,-4.643366323,-85.04,-3.28502433,205.9686822,-1.604448867,0.9496659734
0.137,-2.69,-2.69,-4.739223116,-86.53,-3.315893744,202.5158729,-1.694895225,0.9458037738
0.138,-2.53,-2.53,-4.433516998,-82.09,-3.222664721,199.7457837,-1.76857966,0.8882588508
0.139,-2.25,-2.25,-3.905780625,-73.61,-3.032503182,197.1556248,-1.83840832,0.8018582606
0.14,-2.02,-2.02,-3.479185057,-67.05,-2.871872832,193.5133999,-1.93816779,0.7233171879
0.141,-2.03,-2.03,-3.497603238,-67.4,-2.880784604,193.5195159,-1.937998707,0.7258270423
0.142,-2.24,-2.24,-3.887103539,-74.12,-3.044457697,195.3528796,-1.8875525,0.7881377742
0.143,-2.44,-2.44,-4.262881251,-80.78,-3.194399681,196.0547222,-1.868366048,0.8420064208
0.144,-2.51,-2.51,-4.395515564,-83.19,-3.246119757,195.2907073,-1.889255442,0.8559288062
0.145,-2.49,-2.49,-4.357561204,-82.51,-3.231649659,194.9859571,-1.897610612,0.8495496375
0.146,-2.42,-2.42,-4.225091649,-80.67,-3.192009306,193.9935328,-1.924910157,0.8257100153
0.147,-2.34,-2.34,-4.074403975,-78.16,-3.136715329,194.2848457,-1.916882289,0.8062383046
0.148,-2.22,-2.22,-3.849784673,-74.71,-3.058198193,196.040856,-1.868744447,0.7813739583
0.149,-2.1,-2.1,-3.62686002,-71.12,-2.973073263,199.4744313,-1.775852514,0.7637221953
0.15,-2.05,-2.05,-3.534474905,-69.52,-2.933912345,202.0128957,-1.708199245,0.7613937831
0.151,-2.07,-2.07,-3.571393646,-70.36,-2.954569584,202.5737296,-1.693367002,0.7683826101
0.152,-2.12,-2.12,-3.663896445,-71.89,-2.991643825,201.999816,-1.70854565,0.7795210096
0.153,-2.14,-2.14,-3.700979943,-72.5,-3.006231852,200.8034467,-1.740325903,0.7797187213
0.154,-2.15,-2.15,-3.719539345,-72.84,-3.014316172,198.5731339,-1.800080521,0.7725868021
0.155,-2.2,-2.2,-3.81251288,-74.67,-3.057269627,195.3196141,-1.888463598,0.7708690919
0.156,-2.29,-2.29,-3.980606652,-77.6,-3.124175293,191.4772184,-1.994759677,0.7776239931
0.157,-2.35,-2.35,-4.093198745,-79.65,-3.169714912,189.0723814,-2.062377929,0.7823253274
0.158,-2.36,-2.36,-4.112005283,-80.16,-3.180891462,187.9854175,-2.093223455,0.7796578852
0.159,-2.36,-2.36,-4.112005283,-80.08,-3.179142188,187.4694579,-2.107927675,0.7777474839
0.16,-2.35,-2.35,-4.093198745,-79.74,-3.171691558,187.2982267,-2.112816501,0.7745657115
0.161,-2.32,-2.32,-4.036849741,-78.8,-3.150953915,191.4924982,-1.994332765,0.7845723653
0.162,-2.26,-2.26,-3.924469479,-77.11,-3.11313935,197.1057128,-1.839762899,0.7923575476
0.163,-2.18,-2.18,-3.775288161,-74.75,-3.059126326,200.8080178,-1.740204116,0.7866280945
0.164,-2.09,-2.09,-3.60835946,-72.1,-2.996678165,200.5946519,-1.745891709,0.7608447647
0.165,-2.01,-2.01,-3.460778644,-69.69,-2.938110641,196.4338754,-1.858029593,0.721575783
0.166,-1.95,-1.95,-3.350587305,-67.83,-2.891677997,192.6732168,-1.961446623,0.6903979533
0.167,-1.9,-1.9,-3.25908482,-66.54,-2.858813947,189.3114907,-2.055616358,0.6631663526
0.168,-1.87,-1.87,-3.20432455,-65.6,-2.834513924,186.7142777,-2.129522517,0.645507862
0.169,-1.84,-1.84,-3.149670195,-64.53,-2.80648182,189.3368314,-2.054900268,0.6478960382
0.17,-1.78,-1.78,-3.040679233,-62.88,-2.7624572,194.8026845,-1.902641589,0.6517931067
0.171,-1.71,-1.71,-2.914058572,-60.72,-2.703307654,197.6057849,-1.826206733,0.6433490047
0.172,-1.64,-1.64,-2.788014563,-58.39,-2.637486208,198.2370864,-1.809142055,0.626995197
0.173,-1.57,-1.57,-2.662547206,-56.39,-2.579241016,198.7104849,-1.79638126,0.6084956694
0.174,-1.52,-1.52,-2.573280717,-54.94,-2.535965106,198.5134133,-1.801689767,0.5932423838
0.175,-1.5,-1.5,-2.5376565,-54.09,-2.510175365,197.025069,-1.841952245,0.5830841206
0.176,-1.5,-1.5,-2.5376565,-54.14,-2.511701147,194.1593917,-1.920338015,0.5725708656
0.177,-1.54,-1.54,-2.608952007,-55.45,-2.55128866,190.7459707,-2.015230336,0.5713218339
0.178,-1.59,-1.59,-2.69833618,-57.38,-2.608278556,191.9913331,-1.980414222,0.5880402787
0.179,-1.63,-1.63,-2.77005535,-58.79,-2.648939152,199.3681373,-1.778704132,0.625627489
0.18,-1.64,-1.64,-2.788014563,-59.04,-2.656064638,207.4665522,-1.565682749,0.6603935071
0.181,-1.62,-1.62,-2.752107905,-58.57,-2.642648004,212.9610753,-1.425837648,0.6764452772
0.182,-1.61,-1.61,-2.734172228,-58.05,-2.627700383,213.4746063,-1.412952269,0.6766659903
0.183,-1.59,-1.59,-2.69833618,-57.67,-2.616707599,205.861855,-1.607224404,0.6388209323
0.184,-1.59,-1.59,-2.69833618,-57.73,-2.618447227,199.954328,-1.762996912,0.6158554337
0.185,-1.64,-1.64,-2.788014563,-59.29,-2.663165197,199.3154933,-1.780117007,0.6274673621
0.186,-1.74,-1.74,-2.968253959,-62.78,-2.759757269,201.5184842,-1.72130902,0.6623990292
0.187,-1.81,-1.81,-3.095121756,-65.53,-2.832692234,204.5455297,-1.641543303,0.6917654939
0.188,-1.75,-1.75,-2.986342625,-63.68,-2.783925094,209.6374174,-1.509992877,0.6954819923
0.189,-1.53,-1.53,-2.591110478,-56.98,-2.596595332,219.7391492,-1.258212765,0.6721762569
0.19,-1.24,-1.24,-2.078825379,-47.92,-2.313141326,229.0874426,-1.035317756,0.6208304561
0.191,-1.02,-1.02,-1.696797377,-40.58,-2.054291705,229.8252456,-1.01811514,0.5522697554
0.192,-0.93,-0.93,-1.542154886,-37.53,-1.938200368,223.5616238,-1.165946985,0.496804665
0.193,-0.93,-0.93,-1.542154886,-37.79,-1.948302005,219.4519802,-1.265209057,0.4798971767
0.194,-0.98,-0.98,-1.627949697,-39.66,-2.019823652,220.6435772,-1.236237804,0.4999751136
0.195,-1.03,-1.03,-1.714038718,-41.48,-2.087559837,222.7437617,-1.185554938,0.5236720481
0.196,-1.03,-1.03,-1.714038718,-41.51,-2.08866117,222.8925307,-1.181982901,0.5240676394
0.197,-0.95,-0.95,-1.576437505,-38.8,-1.987176787,225.3291115,-1.123815983,0.5067313303
0.198,-0.76,-0.76,-1.252653219,-32.44,-1.732430652,233.7202325,-0.9282052118,0.4708097174
0.199,-0.52,-0.52,-0.8497350368,-23.42,-1.32784712,242.7524366,-0.7253474857,0.4138599596
0.2,-0.33,-0.33,-0.5355655338,-15.7,-0.9371658512,248.259511,-0.6053337708,0.3472062658
0.201,-0.3,-0.3,-0.48634818,-13.91,-0.8402999449,249.425883,-0.5802572795,0.3423643706
0.202,-0.38,-0.38,-0.6178298248,-18,-1.05809012,247.2558258,-0.6270070592,0.3666434391
0.203,-0.49,-0.49,-0.7998468842,-23.04,-1.309610961,244.4294782,-0.688514394,0.400298651
0.204,-0.53,-0.53,-0.8663879578,-24.92,-1.398862235,244.7226413,-0.682101572,0.4163397533
0.205,-0.5,-0.5,-0.8164645,-23.72,-1.342173603,240.9259827,-0.7657527384,0.3873306594
0.206,-0.43,-0.43,-0.7003883258,-20.94,-1.207012975,232.4267693,-0.9578956124,0.3235186603
0.207,-0.36,-0.36,-0.5848888032,-17.78,-1.046693248,229.0255816,-1.036762624,0.2807301134
0.208,-0.28,-0.28,-0.4535954528,-14.53,-0.8741277059,233.4958547,-0.9333438245,0.2509557939
0.209,-0.21,-0.21,-0.3393316122,-11.1,-0.6832501861,237.8409933,-0.8347003597,0.2235458943
0.21,-0.14,-0.14,-0.2256444232,-7.75,-0.4878350763,243.7981731,-0.702350088,0.1895876625
0.211,-0.08,-0.08,-0.1286572288,-4.68,-0.3006871903,247.6281777,-0.6189563529,0.1398990182
0.212,-0.03,-0.03,-0.0481581978,-1.8,-0.1178911993,247.542576,-0.6208060938,0.06519341312
0.213,0.02,0.02,0.0320466232,0.54,0.0359229268,248.320627,-0.6040168815,-0.05641078018
0.214,0.09,0.09,0.1438390998,2.18,0.1466135339,247.1726558,-0.628806953,-0.298301665
0.215,0.14,0.14,0.2233378168,3.49,0.2367695741,243.6191293,-0.7062805356,-0.4756817947
0.216,0.11,0.11,0.1756738918,2.9,0.1959724686,242.5662798,-0.7294517526,-0.3292984322
0.217,-0.01,-0.01,-0.0160409642,-0.36,-0.02380552739,247.4302981,-0.6232332433,0.02479134934
0.218,-0.24,-0.24,-0.3882312192,-9.08,-0.5665011204,248.0415079,-0.6100338094,0.3299784897
0.219,-0.58,-0.58,-0.9498290888,-21,-1.209987506,240.5895908,-0.773227873,0.4789339064
0.22,-0.97,-0.97,-1.610767198,-34.77,-1.828542159,228.2945856,-1.053865879,0.5588269172
0.221,-1.35,-1.35,-2.271975345,-47.96,-2.314476686,217.6805647,-1.308569474,0.6270898146
0.222,-1.63,-1.63,-2.77005535,-57.65,-2.616127395,211.8291847,-1.454348796,0.6805236585
0.223,-1.77,-1.77,-3.022555262,-62.37,-2.748648968,208.0479718,-1.550710484,0.7030245541
0.224,-1.77,-1.77,-3.022555262,-62.35,-2.748105507,205.6555239,-1.612589288,0.6931361638
0.225,-1.65,-1.65,-2.805985545,-58.8,-2.649224652,203.6665382,-1.664583345,0.6504660261
0.226,-1.46,-1.46,-2.466549287,-52.77,-2.469494259,205.8505983,-1.607516956,0.6049895762
0.227,-1.27,-1.27,-2.131361422,-47,-2.282210621,218.2534782,-1.294507306,0.5958986606
0.228,-1.2,-1.2,-2.00894208,-44.73,-2.20407776,231.3846013,-0.98193818,0.6305499149
0.229,-1.24,-1.24,-2.078825379,-46.09,-2.25120188,231.7368501,-0.9737997903,0.6445966829
0.23,-1.3,-1.3,-2.18400338,-48.22,-2.323137449,228.9907247,-1.037576936,0.6498628355
0.231,-1.3,-1.3,-2.18400338,-48.32,-2.326459729,230.6480926,-0.9989946576,0.6567533714
0.232,-1.24,-1.24,-2.078825379,-46.15,-2.253259222,234.5627663,-0.9089537723,0.6573957488
0.233,-1.13,-1.13,-1.88709939,-42.57,-2.127263144,240.2590127,-0.7805840073,0.648967876
0.234,-0.99,-0.99,-1.645143964,-38.13,-1.961453412,243.8816306,-0.7005189767,0.6180169153
0.235,-0.85,-0.85,-1.405495145,-33.06,-1.758328118,246.8231696,-0.6363768603,0.5869178699
0.236,-0.71,-0.71,-1.168152932,-28.08,-1.543505053,247.0252209,-0.6319991025,0.5369573436
0.237,-0.6,-0.6,-0.98328792,-23.99,-1.355014463,245.6614075,-0.6616180122,0.4875890535
0.238,-0.52,-0.52,-0.8497350368,-20.82,-1.20105623,243.1946832,-0.7156097184,0.4433401854
0.239,-0.46,-0.46,-0.7500646472,-18.28,-1.072543774,243.8162476,-0.7019534675,0.4226913571
0.24,-0.42,-0.42,-0.6838530888,-16.32,-0.9701514024,249.6649913,-0.5751310409,0.4425424567
0.241,-0.38,-0.38,-0.6178298248,-14.58,-0.8768429335,257.5250198,-0.4092976518,0.480375032
0.242,-0.39,-0.39,-0.6343179882,-14.89,-0.8936347933,268.1587601,-0.1928242721,0.5838397491
0.243,-0.53,-0.53,-0.8663879578,-19.76,-1.14799135,275.7076837,-0.04429760505,0.7266593839
0.244,-0.79,-0.79,-1.303494612,-28.94,-1.581730906,266.6296438,-0.223418783,0.7220977962
0.245,-1.08,-1.08,-1.800421949,-38.64,-1.981057025,249.4064809,-0.5806734572,0.7028147422
0.246,-1.26,-1.26,-2.113837639,-44.66,-2.201626598,232.9290746,-0.9463460241,0.6714917481
0.247,-1.33,-1.33,-2.236751254,-47.03,-2.283225838,221.1119195,-1.224893827,0.6375926329
0.248,-1.42,-1.42,-2.395630369,-50.03,-2.382524325,216.2337101,-1.344247955,0.6428164076
0.249,-1.59,-1.59,-2.69833618,-55.7,-2.558759454,213.8981608,-1.402347864,0.6812075422
0.25,-1.78,-1.78,-3.040679233,-62.34,-2.74783372,209.9275185,-1.50259454,0.7153818502
0.251,-1.93,-1.93,-3.313951006,-67.38,-2.880276453,206.5438462,-1.589529906,0.7414081819
0.252,-2,-2,-3.442384,-69.52,-2.933912345,205.4301605,-1.618455192,0.7561744459
0.253,-1.99,-1.99,-3.424001124,-69.49,-2.933170532,199.9345068,-1.763527276,0.7290230848
0.254,-1.97,-1.97,-3.387270678,-68.73,-2.914283315,196.1541613,-1.865653212,0.708643443
0.255,-1.96,-1.96,-3.368923107,-68.44,-2.907027918,196.0659199,-1.868060491,0.7055205723
0.256,-1.98,-1.98,-3.405630017,-68.98,-2.920516401,198.3024027,-1.807379596,0.7203267624
0.257,-1.99,-1.99,-3.424001124,-69.32,-2.928961593,201.2719874,-1.727857129,0.7352661396
0.258,-1.97,-1.97,-3.387270678,-68.83,-2.916778938,203.4395857,-1.670548355,0.7383974288
0.259,-1.94,-1.94,-3.332263271,-67.92,-2.893950341,204.6386138,-1.639109191,0.7351024727
0.26,-1.92,-1.92,-3.295650509,-67.42,-2.881292622,205.6670612,-1.612289162,0.7334128246
0.261,-1.92,-1.92,-3.295650509,-67.31,-2.878496884,207.2816224,-1.570453715,0.7407703087
0.262,-1.9,-1.9,-3.25908482,-66.78,-2.864970168,209.8602427,-1.504309337,0.7459089802
0.263,-1.86,-1.86,-3.186094663,-65.44,-2.830347572,216.3605392,-1.3411109,0.7637843418
0.264,-1.8,-1.8,-3.07696248,-63.74,-2.785525826,222.3921308,-1.194007302,0.7731968503
0.265,-1.76,-1.76,-3.004443059,-62.52,-2.752720196,219.9888416,-1.252136945,0.7501998084
0.266,-1.76,-1.76,-3.004443059,-62.47,-2.751364047,209.7902671,-1.506093534,0.7056894878
0.267,-1.77,-1.77,-3.022555262,-62.93,-2.763805788,203.8529385,-1.659689142,0.6832957447
0.268,-1.74,-1.74,-2.968253959,-61.99,-2.738297715,194.848149,-1.901393112,0.639752533
0.269,-1.68,-1.68,-2.859969101,-60.24,-2.689922246,189.7911343,-2.042078626,0.6043889632
0.27,-1.68,-1.68,-2.859969101,-60.28,-2.691041107,192.9468072,-1.953855165,0.615722921
0.271,-1.75,-1.75,-2.986342625,-62.42,-2.750006971,194.5425786,-1.909789829,0.6408740023
0.272,-1.82,-1.82,-3.113292801,-65.01,-2.819106472,190.0959263,-2.033493773,0.6415720736
0.273,-1.86,-1.86,-3.186094663,-66.44,-2.856243126,189.6455232,-2.046184814,0.6499013759
0.274,-1.88,-1.88,-3.222566205,-66.84,-2.866506201,192.3038172,-1.97171367,0.6660644391
0.275,-1.89,-1.89,-3.240819628,-67.15,-2.874423202,194.8823232,-1.900454864,0.6787230131
0.276,-1.84,-1.84,-3.149670195,-65.83,-2.840487587,196.2522821,-1.862977688,0.6696488677
0.277,-1.71,-1.71,-2.914058572,-61.82,-2.733649404,196.0051497,-1.869718967,0.6330274567
0.278,-1.53,-1.53,-2.591110478,-56.25,-2.575101615,197.8658897,-1.819169259,0.5896565214
0.279,-1.34,-1.34,-2.254357415,-50.55,-2.39929726,202.1464243,-1.704664112,0.5493125327
0.28,-1.2,-1.2,-2.00894208,-45.88,-2.243986856,207.1143973,-1.574771585,0.5260720496
0.281,-1.08,-1.08,-1.800421949,-41.97,-2.105487265,213.0534889,-1.42351654,0.510178523
0.282,-0.94,-0.94,-1.559290311,-37.35,-1.931184161,219.4909337,-1.264259498,0.487973026
0.283,-0.79,-0.79,-1.303494612,-32.09,-1.717706526,225.719734,-1.114549446,0.4602319229
0.284,-0.67,-0.67,-1.100764534,-27.9,-1.535443382,229.2422747,-1.031703101,0.4287891404
0.285,-0.66,-0.66,-1.083946855,-27.39,-1.512486738,229.9160148,-1.016002581,0.4286934681
0.286,-0.73,-0.73,-1.201917742,-30.11,-1.632970217,228.143836,-1.057399808,0.4467481167
0.287,-0.78,-0.78,-1.286535713,-31.72,-1.702058465,228.6095847,-1.04648908,0.4680783911
0.288,-0.75,-0.75,-1.235729625,-30.66,-1.656755457,231.1776812,-0.9867246619,0.4674631809
0.289,-0.7,-0.7,-1.15128818,-28.91,-1.580405513,233.2800028,-0.9382918437,0.4570966721
0.29,-0.7,-0.7,-1.15128818,-28.99,-1.583938602,231.5631865,-0.9778105842,0.4494148709
0.291,-0.79,-0.79,-1.303494612,-32.19,-1.721921151,222.8095787,-1.183974337,0.4485689928
0.292,-0.93,-0.93,-1.542154886,-37.41,-1.93352497,213.7351713,-1.406426096,0.4617297845
0.293,-1.07,-1.07,-1.783121766,-42.77,-2.134478977,207.9104389,-1.554248343,0.4833975546
0.294,-1.16,-1.16,-1.939247075,-46.05,-2.249829309,206.5550627,-1.589239379,0.5051347691
0.295,-1.17,-1.17,-1.956653174,-46.44,-2.26317747,209.3843817,-1.516454311,0.5176835436
0.296,-1.12,-1.12,-1.869740365,-44.97,-2.212462562,212.0801613,-1.448013832,0.5107915374
0.297,-1.07,-1.07,-1.783121766,-43.07,-2.145262831,213.5506206,-1.411047574,0.5013965494
0.298,-1.02,-1.02,-1.696797377,-41.41,-2.08498816,215.5093774,-1.362199294,0.4922266048
0.299,-0.96,-0.96,-1.593596467,-39.46,-2.012268357,220.7592385,-1.233434072,0.4909866207
0.3,-0.92,-0.92,-1.525031229,-38.06,-1.958751168,228.8711577,-1.040371157,0.5084925066
0.301,-0.94,-0.94,-1.559290311,-39.15,-2.00051341,235.1837808,-0.8948081463,0.5385551418
0.302,-1.04,-1.04,-1.731291827,-42.79,-2.135199388,237.6527374,-0.8389366679,0.58211588
0.303,-1.11,-1.11,-1.852393108,-45.58,-2.233640897,237.6155492,-0.8397739085,0.6027149686
0.304,-1.07,-1.07,-1.783121766,-44.22,-2.186161207,239.178897,-0.8046898546,0.5961920969
0.305,-0.93,-0.93,-1.542154886,-39.42,-2.010754615,243.266171,-0.7140373005,0.5659716168
0.306,-0.78,-0.78,-1.286535713,-34.34,-1.811052112,247.6849409,-0.6177301256,0.529704019
0.307,-0.69,-0.69,-1.134435196,-31.24,-1.681631171,245.6755918,-0.661309117,0.4841929613
0.308,-0.65,-0.65,-1.067140945,-29.84,-1.621223509,235.073605,-0.8973150327,0.4237143595
0.309,-0.63,-0.63,-1.03356443,-29.1,-1.588789859,227.6990232,-1.067840902,0.3890508403
0.31,-0.63,-0.63,-1.03356443,-29.03,-1.585703598,228.0664272,-1.059215361,0.3907735721
0.311,-0.62,-0.62,-1.016793825,-28.79,-1.575098129,232.8572529,-0.9479959051,0.4029948195
0.312,-0.56,-0.56,-0.9164173312,-26.32,-1.463765073,237.3469796,-0.8458242691,0.396787998
0.313,-0.41,-0.41,-0.6673296202,-20.31,-1.175625491,241.9417847,-0.7432432703,0.3477724135
0.314,-0.28,-0.28,-0.4535954528,-14.96,-0.8974163772,249.3442984,-0.5820074956,0.3066027669
0.315,-0.26,-0.26,-0.4208897992,-14.15,-0.8534295104,255.0519542,-0.4609230829,0.3202259434
0.316,-0.34,-0.34,-0.5519948552,-17.67,-1.04098144,256.3271687,-0.4342406803,0.3741774527
0.317,-0.55,-0.55,-0.899729105,-26.61,-1.477045032,259.2811247,-0.3729389606,0.486344265
0.318,-0.71,-0.71,-1.168152932,-33.64,-1.782341839,254.1961975,-0.478903719,0.5165971152
0.319,-0.69,-0.69,-1.134435196,-32.72,-1.744155528,244.2526514,-0.6923861268,0.465592367
0.32,-0.46,-0.46,-0.7500646472,-24.25,-1.367332459,241.2513482,-0.7585325507,0.3528279753
0.321,-0.03,-0.03,-0.0481581978,-5.28,-0.3378816095,248.5687175,-0.5986745073,0.05142051494
0.322,0.36,0.36,0.5696369568,7.55,0.5262015464,252.2828799,-0.5193251227,82.83913018
0.323,0.57,0.57,0.8948817942,13.17,0.9526555674,255.7990567,-0.4452746809,1.763727838
0.324,0.63,0.63,0.9868556502,14.89,1.089358412,258.6373304,-0.3862395156,1.403540219
0.325,0.57,0.57,0.8948817942,13.51,0.9794444752,260.372532,-0.3504661563,1.422754596
0.326,0.47,0.47,0.7406505622,10.93,0.7790117743,262.3210618,-0.3105778431,1.581120651
0.327,0.39,0.39,0.6164182518,9.06,0.6377907968,264.531056,-0.2656941352,1.656607853
0.328,0.26,0.26,0.4129343608,5.62,0.3867063448,266.6335333,-0.2233407382,2.527670111
0.329,0.02,0.02,0.0320466232,-0.56,-0.03698152532,270.4863092,-0.1465880185,-0.1745748371
0.33,-0.22,-0.22,-0.3556197128,-9.26,-0.5770373704,272.1765298,-0.1132608439,0.5151682352
0.331,-0.38,-0.38,-0.6178298248,-14.55,-0.875214026,269.1335084,-0.1734124571,0.5891800701
0.332,-0.41,-0.41,-0.6673296202,-15.45,-0.9237833285,269.1870934,-0.1723473686,0.6088047912
0.333,-0.41,-0.41,-0.6673296202,-15.7,-0.9371658512,273.589815,-0.08555267574,0.6525056529
0.334,-0.58,-0.58,-0.9498290888,-21.37,-1.228273985,282.5418272,0.08669935441,0.8320341597
0.335,-0.99,-0.99,-1.645143964,-34.86,-1.832188857,290.0202514,0.2264635696,1.02454883
0.336,-1.45,-1.45,-2.448801905,-49.71,-2.372139063,285.5781535,0.1438862202,1.098978472
0.337,-1.79,-1.79,-3.058814972,-60.91,-2.708581485,276.7540644,-0.02403143015,1.119373679
0.338,-1.96,-1.96,-3.368923107,-66.56,-2.859327706,261.0794778,-0.3359598841,1.054341123
0.339,-2.04,-2.04,-3.516033187,-68.87,-2.917776295,245.716509,-0.660418149,0.9826277589
0.34,-2.15,-2.15,-3.719539345,-72.67,-3.01027816,238.551305,-0.8187464043,0.9714064985
0.341,-2.24,-2.24,-3.887103539,-75.46,-3.075529277,239.0508783,-0.8075541697,1.001035283
0.342,-2.27,-2.27,-3.943170102,-76.49,-3.099089112,242.6207981,-0.7282494418,1.030264255
0.343,-2.26,-2.26,-3.924469479,-76.1,-3.090200805,234.5465928,-0.909322677,0.9812342638
0.344,-2.15,-2.15,-3.719539345,-73.09,-3.020239435,212.3754493,-1.440569986,0.833826105
0.345,-2.04,-2.04,-3.516033187,-69.82,-2.941315025,203.4074388,-1.671393812,0.762249106
0.346,-1.96,-1.96,-3.368923107,-67.19,-2.875442418,203.6637181,-1.664657426,0.7420372289
0.347,-1.96,-1.96,-3.368923107,-67.39,-2.880530545,208.3937827,-1.541825261,0.7617937712
0.348,-2.04,-2.04,-3.516033187,-69.84,-2.941807541,213.9895854,-1.40006165,0.8097971248
0.349,-2.08,-2.08,-3.589870669,-71.17,-2.9742845,219.0373873,-1.27532594,0.8447528826
0.35,-2.08,-2.08,-3.589870669,-71.35,-2.978638763,222.1132134,-1.20072132,0.8589522314
0.351,-2.11,-2.11,-3.645372348,-72.16,-2.998114182,221.974584,-1.204061504,0.8674964164
0.352,-2.15,-2.15,-3.719539345,-73.59,-3.032032904,220.0570887,-1.250477471,0.8685418175
0.353,-2.16,-2.16,-3.738110515,-74.06,-3.04305502,216.4657625,-1.338509649,0.8531451199
0.354,-2.15,-2.15,-3.719539345,-73.58,-3.031797723,212.6051707,-1.43478615,0.832748125
0.355,-2.1,-2.1,-3.62686002,-72.19,-2.998831796,209.9651838,-1.501634725,0.805885346
0.356,-2.07,-2.07,-3.571393646,-71.39,-2.979605064,208.0686722,-1.550178194,0.7884248412
0.357,-2.21,-2.21,-3.831142892,-75.92,-3.086085252,203.8292653,-1.660310467,0.8071688747
0.358,-2.42,-2.42,-4.225091649,-83.01,-3.242298582,199.2457918,-1.781988253,0.8409336065
0.359,-2.47,-2.47,-4.319653918,-84.63,-3.276458879,193.5358711,-1.937546573,0.8284713082
0.36,-2.23,-2.23,-3.868438222,-77.66,-3.125522543,188.6552188,-2.07419502,0.7439708359
0.361,-1.77,-1.77,-3.022555262,-64.11,-2.795368408,185.5639203,-2.162586132,0.6096375506
0.362,-1.38,-1.38,-2.324899745,-52.24,-2.452940514,185.5629659,-2.162613649,0.5037097741
0.363,-1.2,-1.2,-2.00894208,-46.57,-2.267609861,188.0147675,-2.092388228,0.4607667341
0.364,-1.15,-1.15,-1.921852745,-44.76,-2.205127484,193.9426802,-1.926312768,0.4651774268
0.365,-1.19,-1.19,-1.991500676,-46.23,-2.25599952,199.1559194,-1.784401985,0.4928967267
0.366,-1.35,-1.35,-2.271975345,-51.76,-2.437838289,203.9879465,-1.656147109,0.554954433
0.367,-1.61,-1.61,-2.734172228,-61.18,-2.716052075,206.0708119,-1.601796724,0.633225561
0.368,-1.85,-1.85,-3.167876545,-69.67,-2.937617192,205.9663154,-1.604510344,0.697443328
0.369,-1.93,-1.93,-3.313951006,-72.34,-3.002415946,206.0191071,-1.603139249,0.7195551602
0.37,-1.81,-1.81,-3.095121756,-68.99,-2.920765311,204.0833103,-1.653646585,0.6766163228
0.371,-1.57,-1.57,-2.662547206,-61.78,-2.732554106,202.5381016,-1.694308024,0.6014524798
0.372,-1.35,-1.35,-2.271975345,-54.9,-2.534758516,200.7982571,-1.740464169,0.5314285388
0.373,-1.23,-1.23,-2.061336902,-51.14,-2.418174768,200.4781923,-1.748998671,0.4946606932
0.374,-1.19,-1.19,-1.991500676,-49.98,-2.380904825,204.075113,-1.65386148,0.4935851362
0.375,-1.2,-1.2,-2.00894208,-50.12,-2.385436447,211.9064847,-1.452396848,0.5234573588
0.376,-1.19,-1.19,-1.991500676,-50.03,-2.382524325,218.7649529,-1.281984306,0.5434564022
0.377,-1.16,-1.16,-1.939247075,-49.06,-2.350893876,224.2352898,-1.149849885,0.5539528762
0.378,-1.1,-1.1,-1.83505762,-47.09,-2.28525493,227.8915797,-1.063318522,0.5480117568
0.379,-1.03,-1.03,-1.714038718,-44.92,-2.210718174,229.1745177,-1.033284633,0.5283715274
0.38,-1.01,-1.01,-1.679567804,-44.08,-2.181219309,228.8900691,-1.039929111,0.5214189429
0.381,-1.03,-1.03,-1.714038718,-45.02,-2.214205664,227.461383,-1.073427396,0.5213594968
0.382,-1.06,-1.06,-1.765833351,-46.22,-2.255657159,226.3396725,-1.099875829,0.5262452664
0.383,-1.05,-1.05,-1.748556705,-45.65,-2.236059045,229.037009,-1.036495688,0.5343093845
0.384,-0.97,-0.97,-1.610767198,-43.03,-2.143827743,234.657414,-0.9067954471,0.5280125068
0.385,-0.85,-0.85,-1.405495145,-39.3,-2.006208015,239.0241071,-0.8081533473,0.4994010947
0.386,-0.73,-0.73,-1.201917742,-35.16,-1.844309623,240.3703995,-0.7781042614,0.4583249612
0.387,-0.6,-0.6,-0.98328792,-30.38,-1.644670562,242.6019104,-0.7286659473,0.4143061534
0.388,-0.47,-0.47,-0.7666469578,-25.64,-1.432405519,245.3018554,-0.6694540538,0.3647469925
0.389,-0.39,-0.39,-0.6343179882,-22.64,-1.290306744,246.1442834,-0.6511122909,0.3267290455
0.39,-0.39,-0.39,-0.6343179882,-22.47,-1.282068703,247.7401258,-0.6165382624,0.3340965244
0.391,-0.44,-0.44,-0.7169353312,-24.96,-1.40073495,251.1461126,-0.5434862884,0.3687519286
0.392,-0.47,-0.47,-0.7666469578,-26.18,-1.457333993,255.9464007,-0.4421938894,0.4035986863
0.393,-0.38,-0.38,-0.6178298248,-22.64,-1.290306744,261.8979023,-0.3192150881,0.3838592385
0.394,-0.21,-0.21,-0.3393316122,-15.61,-0.9323535792,266.904607,-0.2179044095,0.2950047863
0.395,-0.01,-0.01,-0.0160409642,-5.96,-0.3796700283,265.1799605,-0.2525864582,0.02537097609
0.396,0.22,0.22,0.3499238072,3.24,0.2194440285,265.678616,-0.242535541,-15.15378461
0.397,0.46,0.46,0.7251627128,9.5,0.6707161892,269.7071637,-0.1620211234,1.425535181
0.398,0.66,0.66,1.032683705,14.87,1.087751843,273.8899761,-0.07968629791,1.02442119
0.399,0.75,0.75,1.169532375,16.53,1.222470909,276.7793846,-0.02354198085,0.9754809874
0.4,0.75,0.75,1.169532375,16.46,1.216733581,279.2486882,0.02397670216,0.9426313228
0.401,0.79,0.79,1.230048028,17.31,1.286739346,281.9160475,0.07483691876,0.903400022
0.402,0.9,0.9,1.39549518,19.36,1.45863237,281.2671458,0.06250833469,0.9174004585
0.403,0.96,0.96,1.485138893,20.45,1.55180694,277.7558159,-0.004701292118,0.9599466557
0.404,0.89,0.89,1.380513372,19.19,1.444212368,276.7871485,-0.02339191056,0.9716311197
0.405,0.72,0.72,1.124022067,16.3,1.203638408,278.5424101,0.01042829723,0.9258322155
0.406,0.58,0.58,0.9102401912,13.45,0.9747086845,280.3477119,0.04499107732,0.8926550984
0.407,0.51,0.51,0.8024842758,11.8,0.8458692314,282.6984874,0.08966493165,0.8577819042
0.408,0.48,0.48,0.7561266432,11.14,0.795082191,283.674074,0.1080958872,0.8371844505
0.409,0.44,0.44,0.6941517088,10.24,0.7265104923,281.4927808,0.06679843101,0.8750080686
0.41,0.38,0.38,0.6008362552,8.63,0.6057927298,279.8882139,0.03621507962,0.9358706333
0.411,0.29,0.29,0.4600687078,6.55,0.4534886908,281.6466131,0.06972134088,0.8793193555
0.412,0.19,0.19,0.3025423238,4.2,0.286285154,280.0423263,0.03916009266,0.9296258799
0.413,0.08,0.08,0.1279040512,1.66,0.1112559608,275.2878938,-0.05244967322,2.17500639
0.414,-0.02,-0.02,-0.0320936968,-1.38,-0.09063656521,270.0608996,-0.1550088996,0.1306504756
0.415,-0.14,-0.14,-0.2256444232,-5.37,-0.3434346626,270.5450627,-0.145426048,0.461572015
0.416,-0.3,-0.3,-0.48634818,-10.75,-0.6632546824,273.5010948,-0.08728786583,0.6479954816
0.417,-0.54,-0.54,-0.8830526472,-18.69,-1.09360443,273.0132381,-0.09683943281,0.7417843672
0.418,-0.88,-0.88,-1.456654285,-29.41,-1.602419676,273.0701627,-0.09572404649,0.8577921087
0.419,-1.24,-1.24,-2.078825379,-40.9,-2.066171118,273.7221838,-0.0829648536,0.9672842511
0.42,-1.54,-1.54,-2.608952007,-50.22,-2.388667655,272.7807481,-0.1013972757,1.047744569
0.421,-1.73,-1.73,-2.950177062,-56.29,-2.576285143,271.6328919,-0.1239574737,1.092559996
0.422,-1.84,-1.84,-3.149670195,-59.7,-2.674756488,268.7814543,-0.1804153842,1.103145568
0.423,-1.92,-1.92,-3.295650509,-62.49,-2.751906617,268.7676889,-0.1806893879,1.123799699
0.424,-2.05,-2.05,-3.534474905,-66.55,-2.859070843,269.2319711,-0.1714555139,1.166290766
0.425,-2.23,-2.23,-3.868438222,-72.07,-2.995959763,269.4948129,-0.1662350438,1.223339629
0.426,-2.41,-2.41,-4.2062145,-78.1,-3.13537541,268.9995254,-0.1760765155,1.270202496
0.427,-2.57,-2.57,-4.509661086,-83.16,-3.245483348,260.3254293,-0.3514340863,1.253757187
0.428,-2.68,-2.68,-4.720028221,-86.71,-3.319596321,252.361072,-0.5176672116,1.230050577
0.429,-2.75,-2.75,-4.854639625,-88.99,-3.366029317,245.3044954,-0.6693964746,1.20300555
0.43,-2.8,-2.8,-4.95114368,-90.32,-3.392740913,232.9069494,-0.946854229,1.140922947
0.431,-2.81,-2.81,-4.970479796,-90.84,-3.403114974,223.5982826,-1.165069783,1.088064529
0.432,-2.81,-2.81,-4.970479796,-90.81,-3.402517497,223.0635663,-1.177879178,1.085163611
0.433,-2.82,-2.82,-4.989827681,-91.13,-3.408884206,218.9724588,-1.276912056,1.064883619
0.434,-2.86,-2.86,-5.067336903,-92.37,-3.433426305,211.1968805,-1.470342279,1.033355636
0.435,-2.91,-2.91,-5.16448822,-94.07,-3.466761943,207.9702637,-1.552709139,1.02889092
0.436,-2.95,-2.95,-5.242421105,-95.36,-3.491840255,209.029611,-1.525526779,1.044855014
0.437,-2.92,-2.92,-5.183953789,-94.55,-3.47611418,208.3971174,-1.541739654,1.033101792
0.438,-2.74,-2.74,-4.835374119,-89.21,-3.37046598,205.2942408,-1.621996109,0.9685349697
0.439,-2.46,-2.46,-4.300717927,-81.05,-3.20025567,201.5219512,-1.721216975,0.8738680955
0.44,-2.25,-2.25,-3.905780625,-74.91,-3.062834544,200.8636924,-1.738721019,0.8134406807
0.441,-2.18,-2.18,-3.775288161,-72.96,-3.017161559,201.4683606,-1.722639888,0.7965076604
0.442,-2.21,-2.21,-3.831142892,-73.76,-3.036026711,201.6592834,-1.717572326,0.8059457396
0.443,-2.17,-2.17,-3.756693454,-72.62,-3.009088933,201.8334765,-1.712952995,0.7955654591
0.444,-2.03,-2.03,-3.497603238,-68.56,-2.910033422,201.3199219,-1.726583135,0.7543438614
0.445,-1.92,-1.92,-3.295650509,-65.14,-2.822511737,199.8377798,-1.766116197,0.7182213411
0.446,-1.9,-1.9,-3.25908482,-64.47,-2.804898025,199.7193315,-1.769288203,0.7124950006
0.447,-1.93,-1.93,-3.313951006,-65.7,-2.837113405,200.7505356,-1.741735796,0.7237519429
0.448,-1.96,-1.96,-3.368923107,-66.47,-2.857014727,202.69903,-1.690058825,0.740899189
0.449,-1.93,-1.93,-3.313951006,-65.76,-2.838671442,205.4033408,-1.619153699,0.7434008515
0.45,-1.88,-1.88,-3.222566205,-64.02,-2.792978784,205.3638941,-1.62018124,0.7302173925
0.451,-1.82,-1.82,-3.113292801,-62.43,-2.750278461,202.4414478,-1.696861723,0.7000662611
0.452,-1.83,-1.83,-3.131475614,-62.72,-2.758135543,202.5646238,-1.693607494,0.7034268573
0.453,-1.87,-1.87,-3.20432455,-63.9,-2.789788106,203.8509017,-1.659742596,0.7201488796
0.454,-1.93,-1.93,-3.313951006,-65.98,-2.844373667,201.623295,-1.718527181,0.7262816169
0.455,-2.05,-2.05,-3.534474905,-69.74,-2.939343718,197.6371166,-1.825358523,0.7418039419
0.456,-2.18,-2.18,-3.775288161,-74.19,-3.046092902,193.4358335,-1.940312674,0.7571161438
0.457,-2.3,-2.3,-3.99934258,-78.21,-3.137831261,193.5902495,-1.936043579,0.7882225529
0.458,-2.34,-2.34,-4.074403975,-79.37,-3.16355341,200.5816516,-1.746238447,0.829852689
0.459,-2.27,-2.27,-3.943170102,-77.42,-3.120128207,205.7424504,-1.610328428,0.8335707113
0.46,-2.19,-2.19,-3.793894636,-75.13,-3.067922116,204.0801454,-1.653729552,0.8035100645
0.461,-2.15,-2.15,-3.719539345,-73.97,-3.040949143,198.0312876,-1.814699015,0.7660232423
0.462,-2.17,-2.17,-3.756693454,-74.45,-3.052154758,192.5362246,-1.96525187,0.7487321105
0.463,-2.21,-2.21,-3.831142892,-75.69,-3.080814204,192.2730483,-1.972569744,0.7581341397
0.464,-2.23,-2.23,-3.868438222,-76.34,-3.095675163,196.7560962,-1.849260896,0.7823029813
0.465,-2.2,-2.2,-3.81251288,-75.46,-3.075529277,203.8212906,-1.660519787,0.8049986028
0.466,-2.1,-2.1,-3.62686002,-72.73,-3.011704286,209.0041147,-1.526179384,0.7992404134
0.467,-1.97,-1.97,-3.387270678,-68.64,-2.912034524,207.5135097,-1.564471979,0.7566772605
0.468,-1.83,-1.83,-3.131475614,-64.47,-2.804898025,204.2295012,-1.649815592,0.7029577841
0.469,-1.71,-1.71,-2.914058572,-60.92,-2.708858671,203.3876204,-1.671915098,0.6651926636
0.47,-1.6,-1.6,-2.71624832,-57.64,-2.615837232,204.7187612,-1.637014257,0.6386887309
0.471,-1.49,-1.49,-2.519862044,-54.11,-2.51078581,210.282756,-1.493548968,0.62928356
0.472,-1.35,-1.35,-2.271975345,-49.92,-2.378959864,222.2435266,-1.19758341,0.635243354
0.473,-1.21,-1.21,-2.026395252,-45.39,-2.227064769,236.3635775,-0.8680370256,0.6547103735
0.474,-1.1,-1.1,-1.83505762,-41.67,-2.094526705,244.6256537,-0.6842222849,0.6603898469
0.475,-1.04,-1.04,-1.731291827,-39.86,-2.02735664,241.0235142,-0.7635873941,0.6203248097
0.476,-1.05,-1.05,-1.748556705,-39.98,-2.031865753,234.1772624,-0.9177537316,0.5928075517
0.477,-1.07,-1.07,-1.783121766,-40.7,-2.058753072,233.1777109,-0.9406383002,0.5944945305
0.478,-1.06,-1.06,-1.765833351,-40.49,-2.050940481,237.1034768,-0.8513158436,0.6084346638
0.479,-1.02,-1.02,-1.696797377,-39.1,-1.9986124,237.8227345,-0.8351110893,0.5987872081
0.48,-0.96,-0.96,-1.593596467,-37.01,-1.917880312,227.9233201,-1.062573432,0.5346825028
0.481,-0.89,-0.89,-1.473730868,-34.78,-1.828947586,220.5455227,-1.238615885,0.4804239202
0.482,-0.83,-0.83,-1.371447894,-32.6,-1.739136492,222.6130283,-1.188695896,0.4684174885
0.483,-0.77,-0.77,-1.269588582,-30.33,-1.642507322,225.545835,-1.118672781,0.4597992649
0.484,-0.7,-0.7,-1.15128818,-27.85,-1.533200271,229.8592966,-1.01732254,0.4513930146
0.485,-0.64,-0.64,-1.050346803,-25.33,-1.418006195,231.5697732,-0.9776584082,0.4384364998
0.486,-0.58,-0.58,-0.9498290888,-23.23,-1.318741538,232.0913053,-0.965622902,0.4157957776
0.487,-0.54,-0.54,-0.8830526472,-21.63,-1.241065966,232.2368168,-0.962269729,0.4007798944
0.488,-0.52,-0.52,-0.8497350368,-20.78,-1.19906837,233.3316327,-0.9371079028,0.3977832015
0.489,-0.57,-0.57,-0.9331173258,-22.66,-1.2912746,239.1388096,-0.8055866121,0.4450067179
0.49,-0.78,-0.78,-1.286535713,-29.84,-1.621223509,244.566583,-0.6855143246,0.5577294889
0.491,-1.1,-1.1,-1.83505762,-41.24,-2.078731569,244.4695676,-0.6876370002,0.6633453113
0.492,-1.36,-1.36,-2.289605043,-50.33,-2.392216543,244.9979731,-0.6760857931,0.7462123326
0.493,-1.36,-1.36,-2.289605043,-50.24,-2.389313331,243.0752827,-0.7182370346,0.7367877504
0.494,-1.11,-1.11,-1.852393108,-42.26,-2.116036381,239.7264862,-0.7924552737,0.6368913265
0.495,-0.83,-0.83,-1.371447894,-32.83,-1.748748536,238.5102395,-0.8196674619,0.5339664193
0.496,-0.71,-0.71,-1.168152932,-28.54,-1.564011148,238.0142607,-0.8308042972,0.487784115
0.497,-0.73,-0.73,-1.201917742,-29.19,-1.59275327,237.0253398,-0.8530792181,0.4914145788
0.498,-0.71,-0.71,-1.168152932,-28.69,-1.570668195,235.4411566,-0.8889565193,0.4749313689
0.499,-0.58,-0.58,-0.9498290888,-23.55,-1.334062883,232.3914323,-0.9587090622,0.4142710707
0.5,-0.42,-0.42,-0.6838530888,-17.19,-1.015952553,230.478464,-1.002930728,0.3387283927
0.501,-0.42,-0.42,-0.6838530888,-16.9,-1.000748161,229.4809793,-1.02613517,0.3373914414
0.502,-0.61,-0.61,-1.000034988,-23.62,-1.337405003,230.4779819,-1.002941918,0.4273020291
0.503,-0.91,-0.91,-1.50791934,-33.64,-1.782341839,231.4457692,-0.9805240626,0.5457808644
0.504,-1.16,-1.16,-1.939247075,-41.92,-2.103663878,232.4207206,-0.9580348448,0.6333892556
0.505,-1.29,-1.29,-2.166444292,-46.47,-2.264201082,233.6357606,-0.9301391758,0.6782133766
0.506,-1.36,-1.36,-2.289605043,-48.63,-2.336727903,234.500566,-0.9103726496,0.7051229262
0.507,-1.4,-1.4,-2.36024152,-50.16,-2.386729496,235.970622,-0.8769388279,0.7231866984
0.508,-1.47,-1.47,-2.484308438,-52.34,-2.456073599,237.3739488,-0.8452163949,0.7525265707
0.509,-1.56,-1.56,-2.644670371,-55.3,-2.546793344,238.2043781,-0.8265326109,0.7839949079
0.51,-1.65,-1.65,-2.805985545,-58.35,-2.636337365,237.8424405,-0.8346678046,0.8084071926
0.511,-1.71,-1.71,-2.914058572,-60.4,-2.694393962,234.9726584,-0.8996129525,0.8108105081
0.512,-1.72,-1.72,-2.932111933,-60.78,-2.704974573,235.775378,-0.8813672925,0.8175773651
0.513,-1.69,-1.69,-2.877987156,-59.84,-2.678699315,239.1042497,-0.8063598408,0.8258072611
0.514,-1.65,-1.65,-2.805985545,-58.49,-2.640355486,239.4383666,-0.7988891355,0.8158726273
0.515,-1.55,-1.55,-2.626805305,-55.59,-2.555475594,239.6797373,-0.7934986759,0.7843611487
0.516,-1.39,-1.39,-2.342564748,-50.59,-2.400582225,242.0024736,-0.7419014377,0.7454500961
0.517,-1.23,-1.23,-2.061336902,-45.29,-2.223596247,245.1380859,-0.673027036,0.7116344447
0.518,-1.12,-1.12,-1.869740365,-41.74,-2.097088518,246.0350928,-0.653486099,0.6797635496
0.519,-1.11,-1.11,-1.852393108,-41.35,-2.082781747,245.5571937,-0.6638880562,0.6744141965
0.52,-1.14,-1.14,-1.904470183,-42.57,-2.127263144,246.5846212,-0.6415500028,0.687829074
0.521,-1.15,-1.15,-1.921852745,-42.85,-2.137359345,245.2222613,-0.6711902706,0.6842865564
0.522,-1.13,-1.13,-1.88709939,-42.27,-2.116399338,243.3815919,-0.711499523,0.6673150217
0.523,-1.11,-1.11,-1.852393108,-41.48,-2.087559837,243.0267912,-0.7193044223,0.6599510831
0.524,-1.1,-1.1,-1.83505762,-41.04,-2.071350716,240.2292102,-0.78124768,0.6432933646
0.525,-1.09,-1.09,-1.8177339,-41.01,-2.070241704,236.4059121,-0.8670788846,0.6188408262
0.526,-1.1,-1.1,-1.83505762,-41.32,-2.081677806,233.7929,-0.9265420657,0.6100144598
0.527,-1.12,-1.12,-1.869740365,-42.02,-2.107309305,230.3270758,-1.006445993,0.600477618
0.528,-1.16,-1.16,-1.939247075,-43.34,-2.15492753,226.7572487,-1.090014658,0.5976214561
0.529,-1.22,-1.22,-2.043860193,-45.37,-2.226371474,223.6914572,-1.162840875,0.6030487272
0.53,-1.29,-1.29,-2.166444292,-47.85,-2.31080256,221.7119036,-1.210396338,0.6152575742
0.531,-1.37,-1.37,-2.30724651,-50.37,-2.393505636,221.0567653,-1.2262285,0.6374077275
0.532,-1.44,-1.44,-2.431066291,-52.79,-2.470116445,219.6483757,-1.260423291,0.6516661029
0.533,-1.51,-1.51,-2.555462724,-55.15,-2.542288365,211.3245682,-1.467108693,0.6373683343
0.534,-1.58,-1.58,-2.680435809,-57.57,-2.613804938,200.3674422,-1.751954987,0.6139677524
0.535,-1.64,-1.64,-2.788014563,-59.78,-2.677010475,194.0634931,-1.922981123,0.6060912295
0.536,-1.69,-1.69,-2.877987156,-61.26,-2.718260238,195.4870431,-1.883879515,0.6253584877
0.537,-1.7,-1.7,-2.89601698,-61.84,-2.734196827,199.3120421,-1.780209644,0.6415055885
0.538,-1.7,-1.7,-2.89601698,-61.74,-2.731458205,202.4853308,-1.695702136,0.6541477508
0.539,-1.69,-1.69,-2.877987156,-61.46,-2.723769997,205.870238,-1.60700655,0.664542981
0.54,-1.68,-1.68,-2.859969101,-61.16,-2.715499653,209.4932939,-1.513672208,0.6762480208
0.541,-1.66,-1.66,-2.823968295,-60.67,-2.701917495,212.1854809,-1.445357666,0.6809213725
0.542,-1.65,-1.65,-2.805985545,-60.08,-2.685440571,209.3379305,-1.517641322,0.6676019206
0.543,-1.64,-1.64,-2.788014563,-59.9,-2.680386743,204.8317716,-1.634061724,0.6462041636
0.544,-1.66,-1.66,-2.823968295,-60.64,-2.701082938,204.6076526,-1.639918691,0.6505338023
0.545,-1.71,-1.71,-2.914058572,-62.38,-2.748920643,207.8826672,-1.554963018,0.6770765201
0.546,-1.79,-1.79,-3.058814972,-64.97,-2.818057509,210.0277747,-1.500040123,0.7083709617
0.547,-1.85,-1.85,-3.167876545,-67.14,-2.874168314,210.1113221,-1.497912358,0.7245695546
0.548,-1.85,-1.85,-3.167876545,-67.29,-2.877988138,208.1014358,-1.549335822,0.7155285165
0.549,-1.78,-1.78,-3.040679233,-65.13,-2.822250003,204.448215,-1.644089229,0.6807989889
0.55,-1.64,-1.64,-2.788014563,-60.83,-2.706362615,206.6011643,-1.588045431,0.6492197605
0.551,-1.49,-1.49,-2.519862044,-56.22,-2.574213526,213.8757507,-1.402908412,0.6335893351
0.552,-1.4,-1.4,-2.36024152,-53.46,-2.490856045,218.8301683,-1.28038967,0.6258519593
0.553,-1.39,-1.39,-2.342564748,-53.15,-2.481285067,222.6525669,-1.187745759,0.6384696285
0.554,-1.45,-1.45,-2.448801905,-55.34,-2.547993038,222.1292977,-1.200333915,0.6533053107
0.555,-1.53,-1.53,-2.591110478,-58.03,-2.627123284,223.4913822,-1.167628184,0.6828142765
0.556,-1.56,-1.56,-2.644670371,-58.98,-2.6543568,229.319247,-1.029907043,0.7178287127
0.557,-1.52,-1.52,-2.573280717,-57.89,-2.62307903,241.2947566,-0.7575700104,0.7611794912
0.558,-1.44,-1.44,-2.431066291,-55.41,-2.550090852,245.7777969,-0.6590838903,0.7575362784
0.559,-1.36,-1.36,-2.289605043,-52.76,-2.469183099,236.8922452,-0.8560841968,0.6885476684
0.56,-1.3,-1.3,-2.18400338,-50.88,-2.409875854,229.8982077,-1.016416957,0.6374246162
0.561,-1.23,-1.23,-2.061336902,-48.94,-2.346949549,229.3905832,-1.028243035,0.61073164
0.562,-1.12,-1.12,-1.869740365,-45.31,-2.224290361,232.3915148,-0.958707163,0.5874149605
0.563,-0.96,-0.96,-1.593596467,-39.97,-2.031490299,237.7730324,-0.8362292908,0.5557016358
0.564,-0.8,-0.8,-1.32046528,-34.4,-1.813499243,244.5798904,-0.6852232272,0.5284561593
0.565,-0.69,-0.69,-1.134435196,-30.75,-1.660629365,249.5102179,-0.5784486662,0.5066528189
0.566,-0.68,-0.68,-1.117593981,-30.3,-1.641208617,252.2533344,-0.5199517132,0.5171268254
0.567,-0.72,-0.72,-1.185029453,-31.91,-1.710104579,253.8432103,-0.486338109,0.5395221369
0.568,-0.74,-0.74,-1.218817799,-32.67,-1.742065339,253.6781263,-0.4898185529,0.5460937299
0.569,-0.68,-0.68,-1.117593981,-30.5,-1.649855876,252.1524951,-0.5220908246,0.5145586585
0.57,-0.55,-0.55,-0.899729105,-25.72,-1.436110971,250.7884832,-0.5511100605,0.452757439
0.571,-0.42,-0.42,-0.6838530888,-20.36,-1.17812692,251.3566608,-0.5390029979,0.3982535518
0.572,-0.31,-0.31,-0.5027421962,-16.08,-0.9574170638,249.9948099,-0.568068117,0.3295621632
0.573,-0.23,-0.23,-0.3719195818,-12.03,-0.7359107627,247.990096,-0.611142826,0.2760985791
0.574,-0.14,-0.14,-0.2256444232,-7.7,-0.4848495626,249.6327264,-0.5758224806,0.2127372213
0.575,-0.11,-0.11,-0.1770978682,-6.21,-0.3949363368,251.3471592,-0.5392052377,0.1895835418
0.576,-0.18,-0.18,-0.2905379208,-8.82,-0.5512358423,251.4752793,-0.536478858,0.2671085724
0.577,-0.35,-0.35,-0.568435945,-14.63,-0.8795562528,251.9590477,-0.5261968349,0.4043640024
0.578,-0.58,-0.58,-0.9498290888,-22.24,-1.270890974,251.137833,-0.5436626654,0.5234505435
0.579,-0.84,-0.84,-1.388465635,-31.17,-1.678640148,251.2346181,-0.5416012457,0.6253669709
0.58,-1.15,-1.15,-1.921852745,-41.36,-2.083149618,248.0429969,-0.6100016926,0.7136074149
0.581,-1.43,-1.43,-2.413342446,-50.62,-2.401545457,233.9719819,-0.922445614,0.7260375839
0.582,-1.62,-1.62,-2.752107905,-56.79,-2.591022532,219.5918246,-1.261800888,0.7143093791
0.583,-1.71,-1.71,-2.914058572,-59.83,-2.67841794,210.1696253,-1.496428006,0.698003857
0.584,-1.73,-1.73,-2.950177062,-60.5,-2.697183742,209.0882238,-1.524026826,0.6988936026
0.585,-1.7,-1.7,-2.89601698,-59.52,-2.669675806,213.0156717,-1.424466255,0.7073562512
0.586,-1.62,-1.62,-2.752107905,-57.02,-2.597766639,218.3000941,-1.293364741,0.7072770451
0.587,-1.5,-1.5,-2.5376565,-53.27,-2.484995045,225.2687945,-1.125248285,0.7029045601
0.588,-1.37,-1.37,-2.30724651,-49.45,-2.363665212,235.2401764,-0.8935254033,0.7083547701
0.589,-1.27,-1.27,-2.131361422,-46.22,-2.255657159,246.2768332,-0.648232067,0.733967881
0.59,-1.18,-1.18,-1.974071041,-43.27,-2.152425566,247.9725246,-0.6115219138,0.7142216179
0.591,-1.1,-1.1,-1.83505762,-40.49,-2.050940481,238.547267,-0.8188369663,0.6394424841
0.592,-1.03,-1.03,-1.714038718,-38.21,-1.964538269,229.2424086,-1.031699977,0.5720635601
0.593,-0.99,-0.99,-1.645143964,-36.77,-1.908449051,229.5679737,-1.024107412,0.5609931079
0.594,-0.97,-0.97,-1.610767198,-36.08,-1.881147249,236.3258136,-0.8688918667,0.5857251952
0.595,-0.95,-0.95,-1.576437505,-35.62,-1.862790943,236.4853827,-0.8652807221,0.5778578053
0.596,-0.94,-0.94,-1.559290311,-35.27,-1.848740485,225.9294715,-1.109580563,0.5270862378
0.597,-0.95,-0.95,-1.576437505,-35.45,-1.855975496,216.6101825,-1.334941467,0.494039025
0.598,-0.98,-0.98,-1.627949697,-36.4,-1.893843543,217.1329397,-1.322045575,0.5062207174
0.599,-1.02,-1.02,-1.696797377,-37.82,-1.949465083,223.6382334,-1.164113974,0.544966852
0.6,-1.05,-1.05,-1.748556705,-38.91,-1.991375735,229.3601645,-1.028952527,0.5789293591
0.601,-1.06,-1.06,-1.765833351,-39.11,-1.998992715,232.2666576,-0.9615823342,0.5964494472
0.602,-1.04,-1.04,-1.731291827,-38.51,-1.97607405,235.3590164,-0.8908233422,0.6038904049
0.603,-1.01,-1.01,-1.679567804,-37.56,-1.939367923,238.0503518,-0.8299931166,0.6064820657
0.604,-0.98,-0.98,-1.627949697,-36.6,-1.901748321,239.7002862,-0.7930400135,0.6041104142
0.605,-0.95,-0.95,-1.576437505,-35.35,-1.851958417,243.0371732,-0.7190758766,0.6131530447
0.606,-0.89,-0.89,-1.473730868,-33.33,-1.769532425,246.4391185,-0.6447078188,0.6104325664
0.607,-0.81,-0.81,-1.337447716,-30.4,-1.645535415,250.1560741,-0.564618105,0.6051379256
0.608,-0.7,-0.7,-1.15128818,-26.56,-1.474759377,254.4828895,-0.4728731871,0.5911218579
0.609,-0.6,-0.6,-0.98328792,-22.53,-1.28497855,257.8289816,-0.4029866658,0.5825285443
0.61,-0.54,-0.54,-0.8830526472,-20.09,-1.164597913,258.4247538,-0.3906385418,0.5677931768
0.611,-0.56,-0.56,-0.9164173312,-20.64,-1.192101881,258.3600073,-0.3919791155,0.5785167131
0.612,-0.65,-0.65,-1.067140945,-23.64,-1.338359275,258.5693387,-0.3876461316,0.6182720756
0.613,-0.79,-0.79,-1.303494612,-27.89,-1.534994891,257.7386392,-0.4048616169,0.6719541404
0.614,-0.92,-0.92,-1.525031229,-31.89,-1.709258677,256.0386403,-0.4402661697,0.7094736454
0.615,-1.03,-1.03,-1.714038718,-35.15,-1.843906461,253.5150787,-0.4932582851,0.7333837808
0.616,-1.12,-1.12,-1.869740365,-37.88,-1.951789693,252.7710457,-0.5089829089,0.7598184259
0.617,-1.21,-1.21,-2.026395252,-40.76,-2.06098079,252.7294045,-0.5098643356,0.7882214422
0.618,-1.33,-1.33,-2.236751254,-44.39,-2.192148375,251.5459556,-0.5349754702,0.8201869006
0.619,-1.49,-1.49,-2.519862044,-49.49,-2.364970979,248.630925,-0.5973357696,0.8506418336
0.62,-1.74,-1.74,-2.968253959,-56.99,-2.596888221,246.3313378,-0.6470481668,0.9150160805
0.621,-2.06,-2.06,-3.552928391,-67.08,-2.872638292,244.7379358,-0.6817672204,0.9995844252
0.622,-2.38,-2.38,-4.149653665,-77.24,-3.11607308,242.8576205,-0.7230298472,1.080891485
0.623,-2.58,-2.58,-4.528726529,-83.43,-3.251204542,240.7755859,-0.7690934911,1.126465374
0.624,-2.62,-2.62,-4.605105985,-84.7,-3.277923508,239.2612072,-0.8028490413,1.128488768
0.625,-2.61,-2.61,-4.585993468,-84.48,-3.273317267,236.7420352,-0.8594776317,1.1096591
0.626,-2.72,-2.72,-4.796878413,-87.77,-3.341288916,229.1642082,-1.03352531,1.096475911
0.627,-2.89,-2.89,-5.125592388,-93.16,-3.448960281,216.3441976,-1.341514998,1.069954877
0.628,-2.93,-2.93,-5.203431126,-94.55,-3.47611418,205.1611316,-1.625466079,1.019964572
0.629,-2.84,-2.84,-5.028558755,-91.91,-3.424345348,201.04899,-1.733787895,0.9748795772
0.63,-2.74,-2.74,-4.835374119,-89.17,-3.369659862,202.3319512,-1.699756216,0.9538325607
0.631,-2.76,-2.76,-4.873916899,-89.61,-3.378513914,201.5589091,-1.720235909,0.9559043036
0.632,-2.83,-2.83,-5.009187334,-91.79,-3.421971932,198.6714442,-1.79743248,0.9597239337
0.633,-2.79,-2.79,-4.931819332,-90.68,-3.399926988,195.1981045,-1.891792904,0.9319879799
0.634,-2.65,-2.65,-4.662514145,-86.73,-3.320007373,193.9509856,-1.926083665,0.8887596709
0.635,-2.54,-2.54,-4.452535367,-83.47,-3.252050889,194.9173413,-1.899493616,0.864310764
0.636,-2.51,-2.51,-4.395515564,-82.46,-3.230581945,194.7417632,-1.904314973,0.8560085302
0.637,-2.51,-2.51,-4.395515564,-82.46,-3.230581945,194.695218,-1.90559383,0.8557953926
0.638,-2.47,-2.47,-4.319653918,-81.36,-3.206959587,193.8307144,-1.929402288,0.8409948564
0.639,-2.39,-2.39,-4.168495508,-79.11,-3.15781572,190.5435263,-2.020911465,0.8049266469
0.64,-2.34,-2.34,-4.074403975,-77.49,-3.121703027,189.5426847,-2.049086731,0.7879655075
0.641,-2.34,-2.34,-4.074403975,-77.55,-3.123051906,190.3685389,-2.025826944,0.7913186723
0.642,-2.37,-2.37,-4.13082359,-78.68,-3.148291635,190.9803276,-2.008661179,0.8010202418
0.643,-2.4,-2.4,-4.18734912,-79.51,-3.166636425,192.4460749,-1.967757442,0.8155488706
0.644,-2.41,-2.41,-4.2062145,-79.83,-3.173666348,194.7573774,-1.903886032,0.8283941129
0.645,-2.42,-2.42,-4.225091649,-80.02,-3.177829281,195.2444806,-1.890521978,0.8336225002
0.646,-2.42,-2.42,-4.225091649,-80.01,-3.177610384,192.5807904,-1.964013664,0.8217426263
0.647,-2.39,-2.39,-4.168495508,-79.38,-3.163773776,191.2365051,-2.001489598,0.8070247742
0.648,-2.34,-2.34,-4.074403975,-77.85,-3.129782997,193.0051544,-1.952237569,0.8017291394
0.649,-2.27,-2.27,-3.943170102,-75.61,-3.078977548,194.5934534,-1.908390935,0.7906313952
0.65,-2.19,-2.19,-3.793894636,-73.25,-3.024021012,192.8223615,-1.957306892,0.7616231474
0.651,-2.12,-2.12,-3.663896445,-71.31,-2.977671984,191.43753,-1.995868713,0.7366776845
0.652,-2.08,-2.08,-3.589870669,-70,-2.945743207,188.1609548,-2.088230055,0.7131286723
0.653,-2.07,-2.07,-3.571393646,-69.78,-2.94032962,188.2463648,-2.085802134,0.7105650668
0.654,-2.09,-2.09,-3.60835946,-70.45,-2.956769967,192.9651605,-1.953346294,0.734882693
0.655,-2.11,-2.11,-3.645372348,-70.92,-2.96822081,198.006458,-1.815369852,0.7620577524
0.656,-2.09,-2.09,-3.60835946,-70.46,-2.957014301,199.845016,-1.765922477,0.764007572
0.657,-2.04,-2.04,-3.516033187,-68.94,-2.919520444,195.0075953,-1.897016941,0.7299918813
0.658,-1.98,-1.98,-3.405630017,-67.23,-2.876461104,188.5771636,-2.076409015,0.6876073741
0.659,-1.93,-1.93,-3.313951006,-65.54,-2.832952579,185.4056468,-2.167151271,0.6627764354
0.66,-1.83,-1.83,-3.131475614,-62.6,-2.754888108,187.569381,-2.105076831,0.6443411944
0.661,-1.74,-1.74,-2.968253959,-59.99,-2.682915241,191.3119297,-1.999379947,0.6339314034
0.662,-1.73,-1.73,-2.950177062,-59.49,-2.668827782,191.7796166,-1.986317136,0.6337454824
0.663,-1.74,-1.74,-2.968253959,-59.98,-2.682634453,191.8028179,-1.985669938,0.6358312807
0.664,-1.76,-1.76,-3.004443059,-60.58,-2.699412781,191.0467883,-2.006799716,0.6383993627
0.665,-1.78,-1.78,-3.040679233,-61.13,-2.714670734,184.7504033,-2.186092235,0.6204501731
0.666,-1.83,-1.83,-3.131475614,-62.78,-2.759757269,178.6388368,-2.366064344,0.6109216923
0.667,-1.92,-1.92,-3.295650509,-65.81,-2.83996886,174.5199984,-2.490862495,0.6182244925
0.668,-1.96,-1.96,-3.368923107,-67.1,-2.873148433,175.6175222,-2.457322693,0.6320122608
0.669,-1.91,-1.91,-3.27736178,-65.49,-2.831650508,181.1258094,-2.292096458,0.6396416142
0.67,-1.81,-1.81,-3.095121756,-62.4,-2.749463881,188.770015,-2.070940549,0.6420875677
0.671,-1.75,-1.75,-2.986342625,-60.73,-2.70358557,194.5897002,-1.908494123,0.6475045585
0.672,-1.79,-1.79,-3.058814972,-61.88,-2.735291223,195.9685899,-1.870716967,0.6640923866
0.673,-1.85,-1.85,-3.167876545,-63.81,-2.787391706,197.6076238,-1.826156946,0.6866463938
0.674,-1.89,-1.89,-3.240819628,-65.1,-2.821464592,202.9933496,-1.682296241,0.7195807567
0.675,-1.89,-1.89,-3.240819628,-65.09,-2.821202718,211.3792795,-1.465723774,0.7559774197
0.676,-1.86,-1.86,-3.186094663,-64.26,-2.799344687,219.4999351,-1.264040097,0.7840986844
0.677,-1.85,-1.85,-3.167876545,-63.95,-2.791118183,220.3309885,-1.243822596,0.7851110386
0.678,-1.84,-1.84,-3.149670195,-63.66,-2.783391229,217.8449748,-1.304530242,0.7704820696
0.679,-1.82,-1.82,-3.113292801,-62.87,-2.762187372,223.7915064,-1.160448546,0.7936736586
0.68,-1.76,-1.76,-3.004443059,-61.19,-2.716328229,232.3321597,-0.9600737798,0.8172237563
0.681,-1.64,-1.64,-2.788014563,-57.52,-2.612352067,230.2579266,-1.008052419,0.7700837223
0.682,-1.45,-1.45,-2.448801905,-51.55,-2.4311979,223.9041514,-1.157756312,0.6823162848
0.683,-1.23,-1.23,-2.061336902,-44.77,-2.205477289,220.094713,-1.249562833,0.5966173558
0.684,-1.08,-1.08,-1.800421949,-39.53,-2.014915252,222.7164046,-1.186212056,0.5624337228
0.685,-1,-1,-1.66235,-37.09,-1.921016643,223.2955026,-1.172319262,0.5373971825
0.686,-1.01,-1.01,-1.679567804,-37.29,-1.928841275,221.054549,-1.226282137,0.5323303036
0.687,-1.05,-1.05,-1.748556705,-38.68,-1.982588323,222.449744,-1.192621504,0.5506901276
0.688,-1.09,-1.09,-1.8177339,-40.02,-2.033367014,225.8538317,-1.11137201,0.5780237681
0.689,-1.13,-1.13,-1.88709939,-41.18,-2.076519604,229.1665478,-1.03347069,0.6067862634
0.69,-1.16,-1.16,-1.939247075,-42.31,-2.11785063,233.0075736,-0.9445433348,0.6332454602
0.691,-1.2,-1.2,-2.00894208,-43.44,-2.15849728,237.4530777,-0.8434332642,0.6692167091
0.692,-1.23,-1.23,-2.061336902,-44.56,-2.198120546,240.6587236,-0.771690786,0.6940969212
0.693,-1.27,-1.27,-2.131361422,-45.69,-2.237439725,240.3835461,-0.7778116607,0.7068602744
0.694,-1.3,-1.3,-2.18400338,-46.81,-2.275770505,239.698879,-0.7930714229,0.7116702103
0.695,-1.34,-1.34,-2.254357415,-47.94,-2.313809104,239.3278346,-0.8013594275,0.7236710927
0.696,-1.37,-1.37,-2.30724651,-49.06,-2.350893876,237.9804113,-0.8315652055,0.7249885862
0.697,-1.41,-1.41,-2.37793006,-50.18,-2.387375738,238.6300915,-0.8169797493,0.7420930886
0.698,-1.44,-1.44,-2.431066291,-51.3,-2.423266207,240.5149957,-0.7748869061,0.7601469365
0.699,-1.48,-1.48,-2.502079357,-52.42,-2.458576799,240.4250392,-0.7768882655,0.7733291218
0.7,-1.51,-1.51,-2.555462724,-53.54,-2.49331903,238.3190624,-0.8239574557,0.7703496333
0.701,-1.55,-1.55,-2.626805305,-54.66,-2.527504417,235.536315,-0.8867946451,0.7693541946
0.702,-1.58,-1.58,-2.680435809,-55.77,-2.560846497,232.0033963,-0.9676497015,0.7596538746
0.703,-1.62,-1.62,-2.752107905,-56.89,-2.593957459,231.3956094,-0.9816836615,0.7696823624
0.704,-1.65,-1.65,-2.805985545,-58,-2.626257331,232.7578744,-0.9502796597,0.7845537604
0.705,-1.69,-1.69,-2.877987156,-59.11,-2.658055301,234.2821201,-0.9153586934,0.8053886732
0.706,-1.72,-1.72,-2.932111933,-60.23,-2.689642433,236.5997445,-0.8626941441,0.8254037502
0.707,-1.75,-1.75,-2.986342625,-61.34,-2.720465965,236.8208951,-0.8576958165,0.83460246
0.708,-1.79,-1.79,-3.058814972,-62.45,-2.750821328,234.6007473,-0.9080875577,0.8359910202
0.709,-1.82,-1.82,-3.113292801,-63.55,-2.780452385,233.2806535,-0.9382769189,0.8371926394
0.71,-1.86,-1.86,-3.186094663,-64.66,-2.809909008,229.7263852,-1.020416961,0.8318077073
0.711,-1.89,-1.89,-3.240819628,-65.79,-2.839449996,225.7426701,-1.114005841,0.8197434755
0.712,-1.93,-1.93,-3.313951006,-66.95,-2.86931913,224.3292789,-1.147607883,0.8249965696
0.713,-1.96,-1.96,-3.368923107,-68.13,-2.899242218,224.0878145,-1.153369637,0.8312967606
0.714,-2,-2,-3.442384,-69.31,-2.928713725,226.3269735,-1.100176005,0.8544249733
0.715,-2.04,-2.04,-3.516033187,-70.5,-2.957991332,225.9866197,-1.108227467,0.8646935545
0.716,-2.07,-2.07,-3.571393646,-71.69,-2.986837183,219.8651524,-1.255145839,0.8419160631
0.717,-2.11,-2.11,-3.645372348,-72.97,-3.017398489,203.9560705,-1.656983187,0.779861937
0.718,-2.15,-2.15,-3.719539345,-74.16,-3.045392265,192.3015021,-1.971778076,0.7413619815
0.719,-2.17,-2.17,-3.756693454,-74.77,-3.059590231,196.3074187,-1.861474829,0.7633903247
0.72,-2.17,-2.17,-3.756693454,-74.93,-3.063297586,209.7269314,-1.507708943,0.8218525678
0.721,-2.18,-2.18,-3.775288161,-75.21,-3.069768935,218.2721646,-1.294049269,0.8651341519
0.722,-2.15,-2.15,-3.719539345,-74.15,-3.045158664,217.9141284,-1.302832186,0.8554616312
0.723,-1.99,-1.99,-3.424001124,-69.52,-2.933912345,213.6235513,-1.409220782,0.7883712113
0.724,-1.73,-1.73,-2.950177062,-61.65,-2.728990225,212.7424287,-1.431333299,0.7091220297
0.725,-1.46,-1.46,-2.466549287,-53.39,-2.4886986,211.2735317,-1.468400916,0.6233225313
0.726,-1.3,-1.3,-2.18400338,-48.58,-2.335074899,211.2026027,-1.470197325,0.5739414295
0.727,-1.29,-1.29,-2.166444292,-48.2,-2.322472409,210.9059411,-1.477717381,0.5700884461
0.728,-1.34,-1.34,-2.254357415,-49.87,-2.377337761,210.3856946,-1.490930651,0.5827820552
0.729,-1.4,-1.4,-2.36024152,-51.87,-2.441308513,210.6446025,-1.484350805,0.6012344241
0.73,-1.46,-1.46,-2.466549287,-53.69,-2.497929472,210.7967893,-1.480486926,0.6199826867
0.731,-1.5,-1.5,-2.5376565,-55.03,-2.538677405,210.8202994,-1.479890275,0.6314828323
0.732,-1.53,-1.53,-2.591110478,-56.09,-2.570360749,211.452746,-1.463864663,0.6422820277
0.733,-1.56,-1.56,-2.644670371,-57.1,-2.600107259,209.2521648,-1.519833666,0.6419194885
0.734,-1.59,-1.59,-2.69833618,-58.15,-2.630583435,211.0505298,-1.474050892,0.6573877147
0.735,-1.63,-1.63,-2.77005535,-59.27,-2.662598066,215.6894041,-1.357732015,0.6890119204
0.736,-1.66,-1.66,-2.823968295,-60.4,-2.694393962,216.6130675,-1.334870212,0.7008645185
0.737,-1.68,-1.68,-2.859969101,-61.18,-2.716052075,210.5252678,-1.487382555,0.6803886233
0.738,-1.68,-1.68,-2.859969101,-61.17,-2.715775883,199.7415694,-1.768692536,0.6377498587
0.739,-1.66,-1.66,-2.823968295,-60.36,-2.693276965,188.4033537,-2.081342336,0.5914541281
0.74,-1.61,-1.61,-2.734172228,-58.86,-2.650936808,184.0269198,-2.20708399,0.5628160812
0.741,-1.56,-1.56,-2.644670371,-57.57,-2.613804938,185.0941962,-2.176145936,0.5521289133
0.742,-1.57,-1.57,-2.662547206,-57.85,-2.621922061,187.7404145,-2.100200702,0.5638454016
0.743,-1.62,-1.62,-2.752107905,-59.31,-2.663732168,188.02489,-2.092100199,0.5786805951
0.744,-1.65,-1.65,-2.805985545,-60.54,-2.698298571,188.1661595,-2.088082069,0.5862437102
0.745,-1.7,-1.7,-2.89601698,-62.12,-2.741844999,188.354894,-2.082718601,0.6002650644
0.746,-1.8,-1.8,-3.07696248,-65.4,-2.8293046,188.5098701,-2.078318496,0.6269761186
0.747,-1.96,-1.96,-3.368923107,-70.83,-2.966033276,188.7645498,-2.071095442,0.6688181493
0.748,-2.12,-2.12,-3.663896445,-76.2,-3.092483594,187.7094287,-2.10108377,0.7054681664
0.749,-2.18,-2.18,-3.775288161,-78.2,-3.137608123,188.3716216,-2.082243494,0.723255839
0.75,-2.14,-2.14,-3.700979943,-77.01,-3.110879752,190.0570583,-2.034587773,0.719269906
0.751,-2.05,-2.05,-3.534474905,-74.49,-3.053085713,191.9392563,-1.981865583,0.7019879037
0.752,-1.96,-1.96,-3.368923107,-71.88,-2.991403772,194.285555,-1.916862757,0.6863773773
0.753,-1.9,-1.9,-3.25908482,-70.05,-2.946971479,196.6260765,-1.852797435,0.6790086937
0.754,-1.87,-1.87,-3.20432455,-69.17,-2.925240275,199.4168308,-1.777397611,0.6813887499
0.755,-1.87,-1.87,-3.20432455,-69.01,-2.921263036,200.9395752,-1.736700264,0.687923958
0.756,-1.86,-1.86,-3.186094663,-68.68,-2.913034307,204.4721175,-1.643463783,0.6992419618
0.757,-1.82,-1.82,-3.113292801,-67.41,-2.88103863,209.9341519,-1.502425491,0.7102357212
0.758,-1.74,-1.74,-2.968253959,-65.2,-2.824081408,215.537105,-1.361511004,0.7091598194
0.759,-1.65,-1.65,-2.805985545,-62.37,-2.748648968,222.0627845,-1.201936129,0.7102708779
0.76,-1.55,-1.55,-2.626805305,-59.22,-2.661179545,224.8323448,-1.135623761,0.6918465596
0.761,-1.43,-1.43,-2.413342446,-55.7,-2.558759454,222.2764086,-1.196791911,0.6426066937
0.762,-1.31,-1.31,-2.201574236,-51.9,-2.442253977,216.3269342,-1.341941923,0.5817812541
0.763,-1.21,-1.21,-2.026395252,-48.79,-2.342009385,215.2272909,-1.369206653,0.5460192107
0.764,-1.17,-1.17,-1.956653174,-47.39,-2.295373599,219.8745064,-1.254918233,0.5511246022
0.765,-1.18,-1.18,-1.974071041,-47.76,-2.307792043,224.4122274,-1.14563002,0.5716275058
0.766,-1.2,-1.2,-2.00894208,-48.51,-2.332758659,230.2304552,-1.008690752,0.6012187626
0.767,-1.18,-1.18,-1.974071041,-47.83,-2.3101339,229.7060725,-1.020890038,0.5926318986
0.768,-1.1,-1.1,-1.83505762,-45.46,-2.229489695,224.472338,-1.144197172,0.5439324076
0.769,-1,-1,-1.66235,-42.15,-2.112040313,222.6207375,-1.188510627,0.5036583377
0.77,-0.9,-0.9,-1.49081922,-38.87,-1.989849635,226.2532759,-1.101918379,0.482189871
0.771,-0.84,-0.84,-1.388465635,-36.56,-1.900169232,231.0264851,-0.9902248423,0.4803724334
0.772,-0.82,-0.82,-1.354441921,-36.02,-1.878760009,238.3687637,-0.8228418336,0.5013477187
0.773,-0.83,-0.83,-1.371447894,-36.25,-1.887899623,243.7105596,-0.7042730567,0.5290727368
0.774,-0.78,-0.78,-1.286535713,-34.82,-1.830568699,239.6951476,-0.793154705,0.4903473097
0.775,-0.66,-0.66,-1.083946855,-30.31,-1.641641582,239.3782521,-0.8002324997,0.4438995701
0.776,-0.48,-0.48,-0.7832410368,-23.68,-1.34026699,243.7132416,-0.7042141802,0.383100147
0.777,-0.34,-0.34,-0.5519948552,-17.9,-1.05291414,248.2101006,-0.6063986728,0.3326647338
0.778,-0.27,-0.27,-0.4372367418,-14.81,-0.8893084186,251.0246534,-0.5460742787,0.3046133568
0.779,-0.24,-0.24,-0.3882312192,-13.46,-0.81556257,254.2747953,-0.4772497462,0.300299753
0.78,-0.22,-0.22,-0.3556197128,-12.43,-0.7583514979,254.3985685,-0.4746461645,0.2884188054
0.781,-0.2,-0.2,-0.32305528,-11.46,-0.703715802,253.9116886,-0.4848950549,0.2717923012
0.782,-0.19,-0.19,-0.3067907162,-11.39,-0.6997443954,254.4148446,-0.4743038882,0.2613101356
0.783,-0.22,-0.22,-0.3556197128,-12.27,-0.7493902264,256.1213111,-0.4385390182,0.2993610221
0.784,-0.29,-0.29,-0.4699659322,-14.52,-0.8735844314,257.4376594,-0.4111128447,0.3658184235
0.785,-0.42,-0.42,-0.6838530888,-18.94,-1.106386066,257.5374023,-0.4090404156,0.4512611446
0.786,-0.61,-0.61,-1.000034988,-25.41,-1.421728351,261.5028243,-0.3272917603,0.5717687188
0.787,-0.84,-0.84,-1.388465635,-32.91,-1.752084242,267.0227633,-0.2155365374,0.7056571316
0.788,-1.03,-1.03,-1.714038718,-39.27,-2.005070104,264.2230037,-0.2719279595,0.7527624839
0.789,-1.12,-1.12,-1.869740365,-42.24,-2.115310306,249.6594592,-0.575249588,0.6949261262
0.79,-1.09,-1.09,-1.8177339,-41.3,-2.080941573,234.7282256,-0.9051812436,0.6087271059
0.791,-0.97,-0.97,-1.610767198,-37.33,-1.93040343,227.7922002,-1.065652072,0.537629292
0.792,-0.94,-0.94,-1.559290311,-36.21,-1.886312353,222.0950532,-1.201158759,0.5050380245
0.793,-1.19,-1.19,-1.991500676,-44.48,-2.195311978,216.3481049,-1.341418375,0.5630908996
0.794,-1.65,-1.65,-2.805985545,-59.72,-2.675320221,214.5639206,-1.385721805,0.6909521071
0.795,-2.08,-2.08,-3.589870669,-73.99,-3.041417309,210.0495664,-1.499485054,0.7905632805
0.796,-2.28,-2.28,-3.961882493,-80.68,-3.192226724,203.4010765,-1.671561155,0.8145672861
0.797,-2.26,-2.26,-3.924469479,-80.08,-3.179142188,198.9183628,-1.790787364,0.7896428789
0.798,-2.2,-2.2,-3.81251288,-78.21,-3.137831261,198.6375737,-1.79834465,0.7723616314
0.799,-2.17,-2.17,-3.756693454,-77.44,-3.120578279,200.063381,-1.760079874,0.7697104234
0.8,-2.16,-2.16,-3.738110515,-77.09,-3.112687631,199.6891503,-1.770096747,0.7655694428
0.801,-2.14,-2.14,-3.700979943,-76.54,-3.100225814,179.81,-2.331104011,0.6814132197
0.802,-2.09,-2.09,-3.60835946,-75.11,-3.067460145,179.725,-2.333633667,0.6680793902
0.803,-2,-2,-3.442384,-72.44,-3.004801754,179.793,-2.331609846,0.6450746789
0.804,-1.89,-1.89,-3.240819628,-69.05,-2.922258106,180.014,-2.325037711,0.6176171006
0.805,-1.8,-1.8,-3.07696248,-66.44,-2.856243126,180.333,-2.31556545,0.594949027
0.806,-1.78,-1.78,-3.040679233,-65.96,-2.843855968,180.832,-2.300781893,0.5910385366
0.807,-1.78,-1.78,-3.040679233,-65.76,-2.838671442,181.655,-2.27648829,0.5944446297
0.808,-1.65,-1.65,-2.805985545,-61.81,-2.733375636,182.954,-2.238367018,0.5643867232
0.809,-1.42,-1.42,-2.395630369,-54.84,-2.532947333,184.092,-2.205192324,0.5056056897
0.81,-1.28,-1.28,-2.148896973,-50.41,-2.394793978,185.675,-2.159384549,0.4718517204
0.811,-1.33,-1.33,-2.236751254,-52.24,-2.452940514,188.625,-2.075052052,0.4939829784
0.812,-1.51,-1.51,-2.555462724,-58.28,-2.634325334,200.078,-1.759688954,0.5815781554
0.813,-1.61,-1.61,-2.734172228,-61.83,-2.733923134,205.474,-1.617313605,0.6283666902
0.814,-1.56,-1.56,-2.644670371,-60.38,-2.693835541,209.537,-1.512556167,0.6287266034
0.815,-1.45,-1.45,-2.448801905,-56.82,-2.591903448,213.974,-1.400451317,0.613372821
0.816,-1.32,-1.32,-2.219156861,-52.84,-2.471671122,219.007,-1.276068202,0.592132128
0.817,-1.18,-1.18,-1.974071041,-48.59,-2.335405597,222.135,-1.200196576,0.558340827
0.818,-1.05,-1.05,-1.748556705,-44.19,-2.185103088,226.156,-1.104219066,0.531585726
0.819,-0.9,-0.9,-1.49081922,-39.51,-2.014159276,225.374,-1.1227503,0.4752509385
0.82,-0.77,-0.77,-1.269588582,-34.84,-1.831378897,228.83,-1.04133333,0.441947707
0.821,-0.7,-0.7,-1.15128818,-32.38,-1.729911893,228.196,-1.056176696,0.413227413
0.822,-0.76,-0.76,-1.252653219,-34.55,-1.819607612,230.964,-0.9916720382,0.4455811498
0.823,-0.91,-0.91,-1.50791934,-40.25,-2.041982054,228.88,-1.040164467,0.4892432368
0.824,-1.06,-1.06,-1.765833351,-45.75,-2.239509219,225.791,-1.112860568,0.5267418165
0.825,-1.13,-1.13,-1.88709939,-48.15,-2.320808953,223.675,-1.163234494,0.5416406018
0.826,-1.11,-1.11,-1.852393108,-47.71,-2.306117815,221.01,-1.227360429,0.5242407
0.827,-1.08,-1.08,-1.800421949,-46.72,-2.272713638,218.615,-1.285652732,0.5059686838
0.828,-1.06,-1.06,-1.765833351,-46.09,-2.25120188,214.379,-1.390334658,0.4849143576
0.829,-1.05,-1.05,-1.748556705,-45.52,-2.231566214,219.039,-1.275286549,0.4986113827
0.83,-1.03,-1.03,-1.714038718,-44.95,-2.211764961,217.502,-1.312959913,0.4862900735
0.831,-1.01,-1.01,-1.679567804,-44.38,-2.191796604,216.243,-1.34401811,0.4750157856
0.832,-0.99,-0.99,-1.645143964,-43.8,-2.17130483,213.319,-1.416853424,0.4584925881
0.833,-0.97,-0.97,-1.610767198,-43.2,-2.149921015,215.469,-1.363201753,0.4585001163
0.834,-0.96,-0.96,-1.593596467,-42.78,-2.134839209,219.241,-1.270354998,0.4679898915
0.835,-0.96,-0.96,-1.593596467,-42.86,-2.137719152,220.923,-1.229466857,0.4732724782
0.836,-0.98,-0.98,-1.627949697,-43.42,-2.157783752,221.959,-1.20443712,0.4841888023
0.837,-0.99,-0.99,-1.645143964,-43.8,-2.17130483,219.045,-1.275140002,0.4773452194
0.838,-0.98,-0.98,-1.627949697,-43.5,-2.160636602,217.645,-1.30944363,0.4691389214
0.839,-0.94,-0.94,-1.559290311,-42.01,-2.106945005,215.171,-1.370606083,0.4483874634
0.84,-0.84,-0.84,-1.388465635,-38.81,-1.987558792,216.501,-1.337638818,0.4175588335
0.841,-0.7,-0.7,-1.15128818,-33.94,-1.7946825,222.298,-1.196272249,0.3849233026
0.842,-0.53,-0.53,-0.8663879578,-28.05,-1.542162911,226.778,-1.089525083,0.3292137821
0.843,-0.39,-0.39,-0.6343179882,-22.35,-1.276241461,232.071,-0.9660909858,0.2828831153
0.844,-0.28,-0.28,-0.4535954528,-18.05,-1.060675352,232.034,-0.9669440256,0.2237083833
0.845,-0.23,-0.23,-0.3719195818,-15.71,-0.937700171,235.349,-0.8910510324,0.2033735268
0.846,-0.22,-0.22,-0.3556197128,-15.28,-0.9146562267,241.898,-0.7442115573,0.2143749588
0.847,-0.25,-0.25,-0.404554625,-16.5,-0.9796738376,246.792,-0.6370525185,0.2502307354
0.848,-0.31,-0.31,-0.5027421962,-18.98,-1.108426905,248.808,-0.5935268547,0.2953912192
0.849,-0.39,-0.39,-0.6343179882,-22.13,-1.265532011,249.679,-0.5748308616,0.3446700634
0.85,-0.49,-0.49,-0.7998468842,-26.1,-1.453653211,250.15,-0.5647480103,0.3962774475
0.851,-0.63,-0.63,-1.03356443,-31.44,-1.690160039,247.035,-0.6317873138,0.4451282792
0.852,-0.78,-0.78,-1.286535713,-37.02,-1.918272556,247.644,-0.6186145224,0.5071316433
0.853,-0.84,-0.84,-1.388465635,-39.57,-2.016426534,250.082,-0.5662025354,0.5376171328
0.854,-0.75,-0.75,-1.235729625,-36.5,-1.89779885,252.296,-0.5190469009,0.5112985074
0.855,-0.51,-0.51,-0.8330938842,-27.89,-1.534994891,258.69,-0.3851501383,0.4338702919
0.856,-0.24,-0.24,-0.3882312192,-17.11,-1.011764478,263.808,-0.2803375811,0.3004648251
0.857,-0.07,-0.07,-0.1125338858,-9.22,-0.5746982424,266.95,-0.2169946023,0.142143366
0.858,-0.01,-0.01,-0.0160409642,-6.43,-0.4083276759,268.718,-0.1816785694,0.02718778713
0.859,-0.02,-0.02,-0.0320936968,-6.87,-0.4349899143,264.648,-0.2633295282,0.04595847522
0.86,-0.08,-0.08,-0.1286572288,-8.67,-0.5424040379,262.731,-0.3022237397,0.1523241743
0.861,-0.18,-0.18,-0.2905379208,-12.23,-0.747146781,260.064,-0.3568094713,0.2631788354
0.862,-0.35,-0.35,-0.568435945,-17.92,-1.053949925,255.053,-0.4609011464,0.3752421317
0.863,-0.58,-0.58,-0.9498290888,-25.52,-1.426839268,243.729,-0.7038682633,0.4457810726
0.864,-0.86,-0.86,-1.422536423,-34.68,-1.824890619,237.015,-0.8533126063,0.5311532783
0.865,-1.19,-1.19,-1.991500676,-45.49,-2.230528184,234.614,-0.9077853422,0.6345767112
0.866,-1.52,-1.52,-2.573280717,-56.12,-2.571250485,229.687,-1.021334266,0.7162755773
0.867,-1.74,-1.74,-2.968253959,-63.33,-2.774561551,231.087,-0.9888236512,0.7887191451
0.868,-1.82,-1.82,-3.113292801,-65.81,-2.83996886,230.937,-0.9922974969,0.8123894612
0.869,-1.81,-1.81,-3.095121756,-65.72,-2.837632888,225.298,-1.124554717,0.7811648676
0.87,-1.85,-1.85,-3.167876545,-67.09,-2.872893379,218.628,-1.285334602,0.7618333
0.871,-2,-2,-3.442384,-72.01,-2.994522171,212.166,-1.445848877,0.7752469248
0.872,-2.21,-2.21,-3.831142892,-78.79,-3.150732189,209.471,-1.514241577,0.8212571142
0.873,-2.37,-2.37,-4.13082359,-84.05,-3.264287485,206.358,-1.594345952,0.8502027666
0.874,-2.42,-2.42,-4.225091649,-85.67,-3.298125237,200.998,-1.735144934,0.8394327157
0.875,-2.38,-2.38,-4.149653665,-84.64,-3.276668168,198.259,-1.808550685,0.8160226304
0.876,-2.34,-2.34,-4.074403975,-83.44,-3.251416159,198.239,-1.80909041,0.8051375727
0.877,-2.35,-2.35,-4.093198745,-83.83,-3.259653779,196.008,-1.869641168,0.7980041675
0.878,-2.4,-2.4,-4.18734912,-85.33,-3.291063938,199.332,-1.779673955,0.8257869384
0.879,-2.43,-2.43,-4.243980566,-86.19,-3.308884612,199.473,-1.775890903,0.8346446275
0.88,-2.4,-2.4,-4.18734912,-85.36,-3.291687842,202.03,-1.707746282,0.8375646157
0.881,-2.32,-2.32,-4.036849741,-82.98,-3.241661084,202.468,-1.696160064,0.8175366462
0.882,-2.21,-2.21,-3.831142892,-79.77,-3.172350027,203.279,-1.674773063,0.790395214
0.883,-2.09,-2.09,-3.60835946,-76.41,-3.097269057,205.484,-1.617053238,0.7654036433
0.884,-1.99,-1.99,-3.424001124,-73.23,-3.023548711,207.263,-1.570934386,0.745241859
0.885,-1.9,-1.9,-3.25908482,-70.77,-2.964573561,205.013,-1.629330312,0.7094368776
0.886,-1.86,-1.86,-3.186094663,-69.56,-2.934900992,202.114,-1.705522322,0.6865956935
0.887,-1.87,-1.87,-3.20432455,-69.9,-2.943284345,200.664,-1.744042467,0.6836144946
0.888,-1.92,-1.92,-3.295650509,-71.41,-2.980088036,197.112,-1.839592249,0.6837902752
0.889,-1.96,-1.96,-3.368923107,-72.8,-3.013366796,198.367,-1.805637109,0.6990911761
0.89,-1.97,-1.97,-3.387270678,-73.21,-3.023076297,198.427,-1.804019141,0.7017202626
0.891,-1.96,-1.96,-3.368923107,-72.89,-3.015502249,195.971,-1.870651172,0.6894836935
0.892,-1.94,-1.94,-3.332263271,-72.29,-3.001221955,195.676,-1.878710727,0.682850254
0.893,-1.92,-1.92,-3.295650509,-71.64,-2.98563368,195.804,-1.875212208,0.6779993821
0.894,-1.89,-1.89,-3.240819628,-70.9,-2.967734903,195.214,-1.891357257,0.6669599015
0.895,-1.86,-1.86,-3.186094663,-70.04,-2.946725886,194.108,-1.921754285,0.654433119
0.896,-1.84,-1.84,-3.149670195,-69.2,-2.925985106,189.307,-2.055743266,0.6322444662
0.897,-1.82,-1.82,-3.113292801,-68.7,-2.913534006,191.8,-1.985748539,0.6354589212
0.898,-1.83,-1.83,-3.131475614,-69.17,-2.925240275,187.736,-2.100326503,0.6231089452
0.899,-1.84,-1.84,-3.149670195,-69.22,-2.926481502,189.011,-2.064115061,0.6311209803
0.9,-1.7,-1.7,-2.89601698,-65.04,-2.819892826,191.192,-2.002734809,0.6005060309
0.901,-1.43,-1.431192661,-2.415455681,-57,-2.597181069,197.861,-1.819301471,0.5469184264
0.902,-1.2,-1.202003339,-2.012437599,-49.95,-2.379932558,205.327,-1.621142466,0.5029742224
0.903,-1.14,-1.142857143,-1.909435429,-47.81,-2.309465044,208.994,-1.526438301,0.4977798596
0.904,-1.2,-1.204013378,-2.015945284,-50.08,-2.384142643,210.748,-1.481725336,0.5214728736
0.905,-1.23,-1.235146444,-2.070335778,-51.04,-2.414986594,213.247,-1.418659475,0.5400435357
0.906,-1.17,-1.175879397,-1.966892404,-49.1,-2.352207112,215.796,-1.355088642,0.5305463965
0.907,-1.12,-1.126571668,-1.881146814,-47.68,-2.305112688,217.955,-1.301828844,0.5215351559
0.908,-1.13,-1.137583893,-1.900272135,-48.01,-2.316144783,218.238,-1.294886733,0.5262408058
0.909,-1.17,-1.17884131,-1.972052247,-49.19,-2.355159087,216.085,-1.347928567,0.5325426863
0.91,-1.19,-1.2,-2.00894208,-49.98,-2.380904825,209.628,-1.510233216,0.5162865102
0.911,-1.21,-1.221194281,-2.045946784,-50.55,-2.39929726,205.736,-1.610496163,0.5102374532
0.912,-1.24,-1.252525253,-2.10074674,-51.62,-2.433413615,205.443,-1.618120824,0.5185064503
0.913,-1.28,-1.294018534,-2.173499057,-53.17,-2.481903844,207.405,-1.567270249,0.5367758973
0.914,-1.33,-1.345699831,-2.264397896,-54.82,-2.532343258,208.058,-1.550452613,0.5546194243
0.915,-1.37,-1.387341772,-2.337867839,-56.42,-2.580126957,207.22,-1.572044443,0.5630470455
0.916,-1.42,-1.439189189,-2.429628784,-58.08,-2.628565725,204.956,-1.630817986,0.570417917
0.917,-1.47,-1.49112426,-2.521862017,-59.83,-2.67841794,200.269,-1.754584132,0.5688835639
0.918,-1.52,-1.543147208,-2.614569543,-61.64,-2.728715816,194.351,-1.915060914,0.5630265395
0.919,-1.57,-1.595258256,-2.707753374,-63.42,-2.77697356,187.475,-2.107769516,0.5543287195
0.92,-1.63,-1.657627119,-2.819700137,-65.21,-2.824342898,181.504,-2.280937306,0.5523105538
0.921,-1.68,-1.709923664,-2.913920806,-67.28,-2.877733715,180.554,-2.309012983,0.5618012553
0.922,-1.76,-1.79286927,-3.064020778,-69.91,-2.94353037,184.037,-2.206790948,0.5949183728
0.923,-1.84,-1.87595582,-3.215187534,-72.81,-3.013604183,180.73,-2.303800462,0.6046535384
0.924,-1.9,-1.93877551,-3.330020321,-74.81,-3.060517716,183.604,-2.219393193,0.6306963087
0.925,-1.92,-1.960851064,-3.370484144,-75.4,-3.074148306,180.298,-2.316603907,0.6252344777
0.926,-1.89,-1.931856899,-3.31735052,-74.49,-3.053085713,187.26,-2.113908522,0.6420271378
0.927,-1.78,-1.820971867,-3.115059412,-71.29,-2.977188417,190.72,-2.015958805,0.6238669269
0.928,-1.61,-1.648464164,-2.803224732,-66.42,-2.855728556,193.448,-1.939976186,0.5845282148
0.929,-1.46,-1.496157131,-2.530816931,-61.66,-2.729264596,194.269,-1.917318647,0.5446619159
0.93,-1.36,-1.394871795,-2.351175039,-58.76,-2.648082413,195.223,-1.89111061,0.5179720331
0.931,-1.34,-1.375534645,-2.317015494,-58.03,-2.627123284,199.382,-1.778332141,0.5259423308
0.932,-1.31,-1.345890411,-2.264733675,-57.24,-2.604196961,201.248,-1.728494774,0.522708241
0.933,-1.24,-1.275064267,-2.140240423,-54.93,-2.535663524,205.325,-1.621194579,0.5148697334
0.934,-1.13,-1.162950257,-1.944381098,-51.64,-2.434046262,207.535,-1.563917957,0.4863427964
0.935,-1.03,-1.060944206,-1.767465231,-48.29,-2.325463557,209.053,-1.524928184,0.4590351709
0.936,-0.94,-0.9690721649,-1.609173542,-45.6,-2.234332051,210.687,-1.483274092,0.4328520773
0.937,-0.89,-0.9183147034,-1.522146543,-43.81,-2.171659624,211.89,-1.452813053,0.4199635862
0.938,-0.83,-0.8571428571,-1.417666286,-41.72,-2.096356842,213.826,-1.404153047,0.4049885104
0.939,-0.69,-0.7131782946,-1.173515512,-37.15,-1.92336646,216.85,-1.329021552,0.3608165776
0.94,-0.44,-0.4551724138,-0.7420636058,-28.26,-1.551545578,220.537,-1.238822633,0.2659375213
0.941,-0.15,-0.1553062985,-0.2504541639,-16.85,-0.9981203935,224.731,-1.138035855,0.1172452455
0.942,-4.440892099e-15,-4.601960724e-15,-7.37604422e-15,-9.78,-0.6073287432,229.508,-1.025505261,4.51732644e-15
0.943,-0.04,-0.04148660328,-0.06662537548,-11.93,-0.730280995,234.168,-0.9179653436,0.04042197693
0.944,-0.19,-0.1972318339,-0.3185518006,-18.86,-1.102300896,238.83,-0.8124997488,0.1663629065
0.945,-0.28,-0.2909090909,-0.4714547412,-23.01,-1.308167003,242.577,-0.7292153145,0.2314021954
0.946,-0.24,-0.2495667244,-0.4038471278,-21.48,-1.233691807,246.66,-0.639914803,0.2155453155
0.947,-0.13,-0.1352992194,-0.2180305353,-17.12,-1.012288247,250.944,-0.5477934926,0.1397558408
0.948,-0.03,-0.03125,-0.05016708789,-12.29,-0.7505114797,255.629,-0.4488325742,0.04182877109
0.949,0.07,0.07298001738,0.1167106443,-7.44,-0.4692918355,261.902,-0.3191313825,-0.1480304507
0.95,0.18,0.187826087,0.2991047674,-1.54,-0.1010373766,267.607,-0.2038437062,-0.9810538739
0.951,0.29,0.3028720627,0.4802601113,2.19,0.1472958702,270.43,-0.1477018848,-1182.864287
0.952,0.4,0.4181184669,0.6601693686,4.89,0.334848915,273.963,-0.07826008311,2.572868677
0.953,0.51,0.5335658239,0.8388251917,7.61,0.5305942766,275.533,-0.0476883488,1.737036436
0.954,0.51,0.5340314136,0.8395425204,7.83,0.5467300784,275.862,-0.04130399563,1.661058954
0.955,0.28,0.2934497817,0.4654820246,1.78,0.1193938454,270.056,-0.155105963,-13.03428795
0.956,-0.18,-0.1888111888,-0.3048579493,-14.68,-0.882267665,261.356,-0.3302964333,0.2514159456
0.957,-0.62,-0.6509186352,-1.068684304,-30.5,-1.649855876,255.014,-0.4617192742,0.5061076343
0.958,-0.79,-0.8301225919,-1.371656446,-36.64,-1.903326477,248.176,-0.6071337387,0.5463764921
0.959,-0.71,-0.7467134093,-1.230170102,-33.81,-1.789341574,237.837,-0.834790185,0.4687912859
0.96,-0.61,-0.6421052632,-1.053881434,-30.32,-1.642074484,227.547,-1.071414022,0.3883861795
0.961,-0.65,-0.6848112379,-1.125695221,-31.85,-1.707566127,216.094,-1.347705743,0.3684435524
0.962,-0.81,-0.8541300527,-1.412531856,-37.24,-1.926887284,202.227,-1.702532024,0.3891894919
0.963,-0.98,-1.034300792,-1.721457478,-43.49,-2.16028018,200.105,-1.758967034,0.4392316647
0.964,-1.13,-1.193661972,-1.997886303,-48.78,-2.341679655,198.552,-1.800649945,0.4823098344
0.965,-1.21,-1.279295154,-2.147660601,-51.57,-2.431831192,195.737,-1.877043179,0.498427296
0.966,-1.19,-1.259259259,-2.112540049,-50.89,-2.410195624,193.583,-1.936243927,0.4860392109
0.967,-1.08,-1.143865843,-1.911188613,-47.31,-2.292679647,193.125,-1.948916543,0.4505824052
0.968,-0.94,-0.9964664311,-1.656268784,-42.78,-2.134839209,191.553,-1.992642708,0.4012782654
0.969,-0.83,-0.8806366048,-1.457741038,-39.17,-2.00127342,194.088,-1.922305553,0.3715335023
0.97,-0.76,-0.807079646,-1.332487027,-36.69,-1.905297862,192.508,-1.966036203,0.3441932432
0.971,-0.71,-0.7546501329,-1.243597857,-34.93,-1.835021833,198.043,-1.814382601,0.3407673442
0.972,-0.66,-0.7021276596,-1.15487544,-33.4,-1.772429985,208.412,-1.541357598,0.3485061762
0.973,-0.62,-0.6601597161,-1.084215368,-31.92,-1.710527437,216.868,-1.328577485,0.3567548327
0.974,-0.59,-0.6287744227,-1.03150843,-30.66,-1.656755457,224.445,-1.144848776,0.3681849198
0.975,-0.55,-0.5866666667,-0.9609768021,-29.45,-1.604173865,227.99,-1.061008498,0.3605669974
0.976,-0.51,-0.5444839858,-0.8905288918,-27.87,-1.534097712,230.937,-0.9922974969,0.3524899385
0.977,-0.45,-0.4808548531,-0.7846601328,-25.63,-1.431942035,232.443,-0.9575220281,0.3283833161
0.978,-0.37,-0.3957219251,-0.6437576853,-22.43,-1.280127407,240.628,-0.7723738354,0.3136454546
0.979,-0.3,-0.3211418376,-0.5210220036,-19.5,-1.134852121,244.316,-0.6909987471,0.2853584665
0.98,-0.29,-0.3107142857,-0.5039136477,-19,-1.109446888,244.679,-0.6830557197,0.2811229649
0.981,-0.35,-0.3753351206,-0.6101423209,-21.31,-1.225315202,239.691,-0.7932472814,0.3022657589
0.982,-0.48,-0.5152057245,-0.8417553412,-25.88,-1.443508978,233.354,-0.936595074,0.3536632529
0.983,-0.61,-0.6553267681,-1.076091599,-30.67,-1.657186144,225.66,-1.115965445,0.388039227
0.984,-0.71,-0.7634408602,-1.258479113,-34.09,-1.800832412,217.448,-1.314288341,0.4039904749
0.985,-0.77,-0.8286995516,-1.369235689,-36.18,-1.885121286,212.669,-1.433180188,0.4126314923
0.986,-0.8,-0.8617594255,-1.425535927,-37.35,-1.931184161,207.869,-1.555314765,0.4088731869
0.987,-0.83,-0.8948787062,-1.482066303,-38.23,-1.965308913,206.71,-1.585227839,0.4174203526
0.988,-0.84,-0.9064748201,-1.501889897,-38.62,-1.980291037,205.853,-1.607454536,0.4186166121
0.989,-0.81,-0.8748874887,-1.447928409,-37.75,-1.946750432,202.312,-1.700283786,0.3970153067
0.99,-0.75,-0.8108108108,-1.338825186,-35.46,-1.856376878,207.967,-1.552793097,0.3927129466
0.991,-0.65,-0.703336339,-1.156913525,-32,-1.713908066,212.047,-1.448850435,0.3657925588
0.992,-0.55,-0.59566787,-0.9760365258,-28.6,-1.566675717,216.238,-1.344141815,0.3353135383
0.993,-0.51,-0.5528455285,-0.9044765893,-26.77,-1.484347965,219.548,-1.262868711,0.3292338014
0.994,-0.52,-0.5641952984,-0.9234220443,-27.19,-1.503437456,224.244,-1.149642074,0.3480566767
0.995,-0.58,-0.6298642534,-1.033336696,-29.47,-1.605050575,229.378,-1.028536515,0.3923685302
0.996,-0.67,-0.7282608696,-1.198979803,-32.46,-1.733269745,234.063,-0.9203648003,0.4518255179
0.997,-0.75,-0.8159564823,-1.347568867,-35.15,-1.843906461,237.203,-0.8490706751,0.5004011541
0.998,-0.81,-0.8820326679,-1.460124434,-37.47,-1.935863705,238.445,-0.8211310429,0.5296072599
0.999,-0.87,-0.9482288828,-1.573399678,-39.54,-2.015293156,236.64,-0.8617839638,0.5468743495
1,-0.93,-1.014545455,-1.687397969,-41.61,-2.092328755,232.964,-0.945543905,0.5554538186
1.001,-0.99,-1.080982712,-1.802122693,-43.5,-2.160636602,226.763,-1.089878965,0.5544113405
1.002,-1.02,-1.114754098,-1.860638697,-44.71,-2.203377687,220.138,-1.248510728,0.5390205225
1.003,-1.03,-1.126709207,-1.881385595,-44.94,-2.211416083,214.787,-1.380162368,0.5238325211
1.004,-1,-1.094890511,-1.826204614,-44.07,-2.180865926,208.106,-1.549218484,0.4895880129
1.005,-1.01,-1.106849315,-1.846929972,-44.2,-2.185455846,203.895,-1.658585377,0.480465704
1.006,-1.08,-1.18464351,-1.982163046,-46.96,-2.280856301,199.972,-1.7625241,0.4902242306
1.007,-1.2,-1.31747484,-2.214715856,-51.05,-2.415305621,201.82,-1.713310229,0.5364305948
1.008,-1.31,-1.43956044,-2.430286974,-54.65,-2.52720162,201.669,-1.717314552,0.5725710247
1.009,-1.35,-1.48487626,-2.510749188,-56.26,-2.57539756,203.053,-1.680724355,0.5899147717
1.01,-1.35,-1.486238532,-2.513171763,-56.09,-2.570360749,203.446,-1.670379677,0.5926256998
1.011,-1.31,-1.443526171,-2.437318828,-54.85,-2.533249305,206.238,-1.597457955,0.5900487919
1.012,-1.21,-1.334558824,-2.244776132,-51.8,-2.43910083,207.56,-1.563273527,0.560861112
1.013,-1.06,-1.170193192,-1.956989562,-46.9,-2.278823328,210.997,-1.475408011,0.521275698
1.014,-0.86,-0.9502762431,-1.576911351,-40.68,-2.058010061,216.535,-1.336798703,0.464506681
1.015,-0.67,-0.7410138249,-1.220531826,-34.02,-1.797964144,223.147,-1.175878461,0.4104224695
1.016,-0.58,-0.6420664207,-1.053816215,-30.86,-1.665357204,228.358,-1.052379993,0.3877550103
1.017,-0.65,-0.7202216066,-1.185403581,-33.27,-1.767046425,232.284,-0.9611828872,0.4344955813
1.018,-0.77,-0.853974122,-1.412266148,-37.78,-1.947914198,234.961,-0.8998784036,0.4959160815
1.019,-0.83,-0.9213691027,-1.527374938,-39.79,-2.024722628,236.068,-0.874731498,0.5267801702
1.02,-0.73,-0.8111111111,-1.33933538,-36.52,-1.898589211,237.733,-0.837130114,0.4895733886
1.021,-0.54,-0.6005560704,-0.9842188659,-29.7,-1.615114317,241.086,-0.762200576,0.4140044168
1.022,-0.35,-0.3896103896,-0.6336753719,-22.57,-1.286917052,246.981,-0.6329569116,0.3300609227
1.023,-0.26,-0.2896935933,-0.469464155,-19,-1.109446888,249.873,-0.5706755382,0.2794225871
1.024,-0.33,-0.3680297398,-0.598108539,-21.37,-1.228273985,250.463,-0.5580580114,0.3348249598
1.025,-0.48,-0.5358139535,-0.8760752986,-26.75,-1.483436028,245.43,-0.6666599663,0.4074586907
1.026,-0.59,-0.6592178771,-1.082632002,-30.98,-1.670506155,239.482,-0.7979142809,0.4385930315
1.027,-0.57,-0.6374650513,-1.046091444,-30,-1.628190126,234.601,-0.9080817947,0.4124524012
1.028,-0.61,-0.6828358209,-1.122368652,-31.59,-1.696540279,230.068,-1.01246715,0.4143099204
1.029,-0.89,-0.9971988796,-1.657529196,-41.36,-2.083149618,230.977,-0.9913709175,0.5391179458
1.03,-1.22,-1.368224299,-2.304113054,-53,-2.476638538,230.974,-0.9914404053,0.6643773371
1.031,-1.42,-1.594013096,-2.705523081,-60.05,-2.684599146,229.806,-1.018563168,0.730598027
1.032,-1.39,-1.561797753,-2.647883317,-59.28,-2.662881651,227.136,-1.081086038,0.7072398952
1.033,-1.31,-1.473289597,-2.490153055,-56.83,-2.592197003,223.559,-1.166009775,0.6625907519
1.034,-1.38,-1.553470919,-2.633004792,-59.17,-2.659760031,216.745,-1.33161268,0.6596739975
1.035,-1.52,-1.712676056,-2.9188886,-64.21,-2.798020152,210.193,-1.495833022,0.6797830484
1.036,-1.66,-1.872180451,-3.20830105,-69.07,-2.92275545,203.752,-1.662338869,0.6997241118
1.037,-1.75,-1.975540922,-3.39744199,-72.26,-3.000505213,200.629,-1.7449757,0.7159320736
1.038,-1.78,-2.011299435,-3.463169773,-73.53,-3.030621398,198.083,-1.813302137,0.714951371
1.039,-1.76,-1.990574929,-3.425057691,-72.98,-3.017635391,197.711,-1.823358887,0.7075112041
1.04,-1.71,-1.935849057,-3.324660525,-71.28,-2.976946588,190.288,-2.028090838,0.6642628699
1.041,-1.64,-1.858356941,-3.18310051,-69.17,-2.925240275,192.096,-1.977498386,0.6492494767
1.042,-1.57,-1.780718336,-3.041981597,-67.14,-2.874168314,199.905,-1.764316901,0.6558135804
1.043,-1.49,-1.691579943,-2.880834983,-64.78,-2.813067275,201.08,-1.732962771,0.6337034631
1.044,-1.41,-1.602272727,-2.720320902,-62.21,-2.744297111,203.615,-1.665937345,0.6168200194
1.045,-1.35,-1.535545024,-2.601002195,-60.62,-2.700526373,201.648,-1.717871682,0.5886753892
1.046,-1.35,-1.537001898,-2.603601699,-60.65,-2.701361162,197.808,-1.82073474,0.5757511019
1.047,-1.38,-1.572649573,-2.667285775,-61.57,-2.726793898,197.278,-1.835088585,0.5846897164
1.048,-1.38,-1.574144487,-2.669959686,-61.63,-2.72844137,191.318,-1.999210195,0.5647539056
1.049,-1.34,-1.529971456,-2.591059567,-60.34,-2.692718233,192.03,-1.979336846,0.5545866912
1.05,-1.29,-1.474285714,-2.491923105,-58.68,-2.645796009,186.494,-2.13583795,0.5211446812
1.051,-1.25,-1.42993327,-2.413224214,-57.72,-2.618157391,185.421,-2.166708261,0.5043452396
1.052,-1.25,-1.43129771,-2.415641822,-57.63,-2.615547027,184.21,-2.201764159,0.5014502342
1.053,-1.27,-1.455587393,-2.458716613,-58.17,-2.631159558,184.189,-2.202374095,0.5086789065
1.054,-1.28,-1.468451243,-2.481557206,-58.72,-2.646939532,184.107,-2.204756418,0.5114824243
1.055,-1.28,-1.469856459,-2.484053439,-58.68,-2.645796009,184.342,-2.197931863,0.5128391817
1.056,-1.26,-1.448275862,-2.445743201,-58.11,-2.629430702,184.374,-2.197003235,0.5067391852
1.057,-1.23,-1.41514861,-2.387041789,-57.01,-2.597473875,184.339,-2.19801893,0.497767776
1.058,-1.17,-1.347408829,-2.267409109,-55.29,-2.546493313,188.335,-2.083283696,0.489744777
1.059,-1.08,-1.244956772,-2.087498382,-52.53,-2.462013965,200.753,-1.741670121,0.4965878356
1.06,-0.93,-1.073076923,-1.788443646,-47.9,-2.312473353,206.135,-1.600130536,0.4570980597
1.061,-0.74,-0.85466795,-1.413448464,-41.45,-2.086458016,210.299,-1.493135706,0.3948628179
1.062,-0.53,-0.612716763,-1.004586803,-34.45,-1.815536867,216.492,-1.337861224,0.318572782
1.063,-0.36,-0.4165863067,-0.6782111603,-28.21,-1.549314217,224.848,-1.13525125,0.2526334964
1.064,-0.21,-0.2432432432,-0.3935240073,-22.59,-1.287885884,234.375,-0.9132381358,0.1787832052
1.065,-0.05,-0.05797101449,-0.0931547322,-15.73,-0.9387685842,245.085,-0.6741857313,0.05775410457
1.066,0.17,0.1972920696,0.3140690365,-5.56,-0.3551354707,254.818,-0.4658327863,-0.3825592937
1.067,0.42,0.4878993224,0.7683433787,4,0.2722904524,263.005,-0.296647176,-31.54543242
1.068,0.74,0.8604651163,1.336196068,12.45,0.8963037849,271.142,-0.1336346797,1.751999732
1.069,1.07,1.245392823,1.905733219,19.3,1.453539523,276.657,-0.02590813437,1.33489165
1.07,1.16,1.351456311,2.059599967,21.15,1.612301236,279.625,0.03118143774,1.253192382
1.071,0.81,0.944606414,1.462180327,14.85,1.086145675,279.158,0.02223896604,1.319199375
1.072,0.12,0.140077821,0.2234613209,-3.99,-0.2575376895,280.369,0.0453973127,-1.053365344
1.073,-0.55,-0.6426484907,-1.05479357,-32.26,-1.724867705,277.542,-0.008821297238,0.6084099104
1.074,-0.81,-0.9473684211,-1.571923945,-42.41,-2.121475107,273.444,-0.08840482306,0.7113164489
1.075,-0.54,-0.632195122,-1.037247357,-33.48,-1.775737829,267.344,-0.2091041885,0.5225843409
1.076,-0.1,-0.1171875,-0.1887191656,-16.62,-0.9860086693,262.943,-0.2979085175,0.1469870235
1.077,0.18,0.211143695,0.3359473301,-2.88,-0.1872729021,260.816,-0.3413617567,-0.6355000084
1.078,0.22,0.2583170254,0.4102870264,-0.72,-0.04749702857,258.955,-0.3796724456,-0.9604783374
1.079,0.07,0.08227228208,0.131525977,-6.71,-0.4253131045,254.352,-0.4756255891,-0.1459877103
1.08,-0.11,-0.1294117647,-0.2084982508,-13.81,-0.8348162301,249.727,-0.5738024398,0.1480161063
1.081,-0.24,-0.2826300294,-0.4578997965,-18.55,-1.086426804,248.574,-0.5985608128,0.2717526182
1.082,-0.27,-0.3182711198,-0.5163107758,-19.64,-1.141933154,246.974,-0.6331085448,0.2908724771
1.083,-0.16,-0.1887905605,-0.3048244133,-14.93,-0.8957961546,246.773,-0.6374644196,0.1988079642
1.084,-0.09,-0.1062992126,-0.1711165243,-11.78,-0.7218216224,245.852,-0.6574689088,0.1240612622
1.085,-0.29,-0.3428571429,-0.5566911086,-18.86,-1.102300896,243.675,-0.7050537276,0.3080143218
1.086,-0.7,-0.8284023669,-1.368730173,-32.88,-1.750833812,239.05,-0.8075738256,0.5349929984
1.087,-1.1,-1.303060217,-2.189379194,-46.16,-2.253601936,235.379,-0.8903691099,0.6963738413
1.088,-1.31,-1.553359684,-2.63280609,-53.14,-2.480975612,233.779,-0.9268601564,0.7725742286
1.089,-1.35,-1.602373887,-2.720502188,-54.56,-2.524474492,233.555,-0.9319888228,0.78707683
1.09,-1.36,-1.615841584,-2.744648075,-55.03,-2.538677405,228.622,-1.04619854,0.7656187041
1.091,-1.37,-1.629335976,-2.768863232,-55.22,-2.544391893,226.613,-1.093419074,0.7611344454
1.092,-1.32,-1.571428571,-2.665102,-53.61,-2.495471811,225.097,-1.129329859,0.735240778
1.093,-1.22,-1.453823237,-2.455585761,-50.73,-2.405073707,223.41,-1.169576689,0.6869443131
1.094,-1.18,-1.407554672,-2.373603545,-49.22,-2.356142214,221.065,-1.226029207,0.6626158454
1.095,-1.23,-1.468656716,-2.481922196,-51.04,-2.414986594,216.231,-1.344315007,0.6602083204
1.096,-1.36,-1.625498008,-2.761973968,-55.52,-2.553383175,211.091,-1.473025096,0.6859647067
1.097,-1.47,-1.758723829,-3.002132478,-59.2,-2.660611859,207.167,-1.573412971,0.7090493322
1.098,-1.47,-1.760479042,-3.005310441,-59.15,-2.659191947,202.753,-1.68863454,0.6912213379
1.099,-1.35,-1.618381618,-2.74920443,-55.3,-2.546793344,203.479,-1.669511949,0.652041121
1.1,-1.12,-1.344,-2.261403175,-48.15,-2.320808953,204.774,-1.635570872,0.5715839415
1.101,-0.87,-1.045045045,-1.740000565,-40.06,-2.034867387,209.427,-1.515365478,0.4901088552
1.102,-0.71,-0.8537074148,-1.411811681,-34.7,-1.825702491,213.35,-1.416076007,0.4355052888
1.103,-0.69,-0.8304914744,-1.372283997,-33.98,-1.796323806,218.59,-1.286264573,0.445172637
1.104,-0.74,-0.8915662651,-1.47640658,-35.5,-1.857981814,224.384,-1.146303005,0.4914336253
1.105,-0.73,-0.8804020101,-1.457340554,-35.17,-1.844712726,233.156,-0.941136456,0.5231225592
1.106,-0.65,-0.7847082495,-1.29451892,-32.34,-1.728231485,240.439,-0.7765776159,0.5168134047
1.107,-0.56,-0.6767371601,-1.112101508,-29.3,-1.597590361,241.6,-0.7508064148,0.4735577564
1.108,-0.55,-0.6653225806,-1.092896735,-28.79,-1.575098129,243.539,-0.7080405055,0.478681723
1.109,-0.66,-0.7991927346,-1.31909486,-32.52,-1.735785544,243.628,-0.7060857343,0.5401983601
1.11,-0.85,-1.03030303,-1.714561366,-39.16,-2.000893443,241.178,-0.7601593703,0.6209810106
1.111,-1.06,-1.286147624,-2.159683011,-46.33,-2.259420357,239.929,-0.7879376609,0.7087066889
1.112,-1.23,-1.493927126,-2.526848747,-52.09,-2.448232362,236.931,-0.8552090249,0.7649140551
1.113,-1.32,-1.604863222,-2.724963644,-55.46,-2.551588005,233.011,-0.9444646625,0.7794401011
1.114,-1.38,-1.679513185,-2.859092254,-57.47,-2.610898169,229.254,-1.031429467,0.7849629525
1.115,-1.44,-1.754314721,-2.994151014,-59.34,-2.664582329,224.014,-1.155132216,0.7838677416
1.116,-1.49,-1.817073171,-3.107973228,-60.94,-2.709412928,220.611,-1.237027771,0.7875383073
1.117,-1.53,-1.86775178,-3.200225045,-62.64,-2.755971177,218.719,-1.283108223,0.792315458
1.118,-1.62,-1.979633401,-3.404956758,-65.41,-2.829565395,213.305,-1.417204553,0.8017756553
1.119,-1.7,-2.079510703,-3.58896632,-68.44,-2.907027918,207.309,-1.569747137,0.8016856501
1.12,-1.74,-2.130612245,-3.683567541,-69.65,-2.937123618,203.665,-1.664623752,0.8004714829
1.121,-1.7,-2.083758938,-3.59681911,-68.52,-2.909032101,195.397,-1.886344341,0.750059803
1.122,-1.64,-2.012269939,-3.464955754,-66.56,-2.859327706,195.199,-1.89176836,0.7292960837
1.123,-1.61,-1.977482088,-3.401006188,-65.85,-2.841006176,196.699,-1.850813626,0.724879968
1.124,-1.64,-2.016393443,-3.472545322,-66.65,-2.861637953,193.463,-1.939561362,0.7232662286
1.125,-1.65,-2.030769231,-3.499020508,-67.27,-2.877479259,192.799,-1.957955113,0.7236207214
1.126,-1.63,-2.008213552,-3.457491674,-66.49,-2.857528959,191.81,-1.98546961,0.7139154854
1.127,-1.55,-1.911613566,-3.280311992,-64.08,-2.794572188,190.395,-2.025083349,0.6806112939
1.128,-1.44,-1.777777778,-3.036650667,-60.75,-2.704141287,190.042,-2.035011671,0.6407581046
1.129,-1.36,-1.680741504,-2.861304742,-58.43,-2.638634404,193.644,-1.934558352,0.6256689571
1.13,-1.38,-1.707216495,-2.909035504,-58.87,-2.651222028,197.231,-1.836363334,0.6482407061
1.131,-1.43,-1.770897833,-3.024182011,-60.72,-2.703307654,201.802,-1.713787408,0.6846540471
1.132,-1.4,-1.73553719,-2.960185129,-59.98,-2.682634453,205.726,-1.610756211,0.6894749071
1.133,-1.25,-1.551189245,-2.628929283,-55.16,-2.542588998,205.029,-1.628912794,0.6302117112
1.134,-1.01,-1.254658385,-2.104481931,-47.84,-2.310468255,203.49,-1.669222738,0.5288053608
1.135,-0.82,-1.019689119,-1.696261565,-41.69,-2.095258922,202.119,-1.705389972,0.44630841
1.136,-0.73,-0.9087136929,-1.50571908,-38.45,-1.973770984,202.55,-1.693993741,0.4105277173
1.137,-0.68,-0.8473520249,-1.400984628,-36.85,-1.91159652,204.017,-1.655385176,0.392764737
1.138,-0.65,-0.8108108108,-1.338825186,-35.73,-1.867191837,206.841,-1.581838414,0.388174382
1.139,-0.62,-0.7741935484,-1.27669401,-34.68,-1.824890619,211.228,-1.469554023,0.387529356
1.14,-0.59,-0.7375,-1.214591682,-33.65,-1.782754074,215.142,-1.371327186,0.3850857291
1.141,-0.57,-0.7132429614,-1.173624633,-33.1,-1.759990826,214.936,-1.376452303,0.3741896745
1.142,-0.6,-0.751565762,-1.23837868,-33.96,-1.795503274,215.681,-1.357940475,0.3927067609
1.143,-0.68,-0.8526645768,-1.410034774,-37.14,-1.922974969,215.647,-1.358783916,0.4296582484
1.144,-0.78,-0.9790794979,-1.626367552,-40.95,-2.068022205,216.274,-1.343251204,0.4767625919
1.145,-0.81,-1.017801047,-1.693007666,-42.27,-2.116399338,217.568,-1.311336726,0.4939142437
1.146,-0.75,-0.9433962264,-1.565112567,-40.06,-2.034867387,218.84,-1.280149308,0.47212811
1.147,-0.62,-0.7806925498,-1.287709822,-35.69,-1.865592339,218.307,-1.293195498,0.4076594847
1.148,-0.5,-0.6302521008,-1.03398737,-31.59,-1.696540279,219.954,-1.252984339,0.3505606849
1.149,-0.41,-0.5173501577,-0.8453242478,-28.19,-1.548421217,221.273,-1.22099776,0.3052352334
1.15,-0.29,-0.3663157895,-0.5952861456,-23.71,-1.341697053,222.773,-1.184852719,0.2356122773
1.151,-0.16,-0.2023182297,-0.3268274598,-18.47,-1.082318874,231.358,-0.9825532832,0.1582797553
1.152,-0.08,-0.1012658228,-0.162983968,-14.99,-0.8990359156,234.075,-0.9200905222,0.08959463431
1.153,-0.08,-0.1013727561,-0.1631567114,-14.75,-0.88606044,233.172,-0.9407693324,0.08931139279
1.154,-0.11,-0.1395348837,-0.2248909551,-16.3,-0.9690918569,234.398,-0.9127131482,0.1195081076
1.155,-0.17,-0.2158730159,-0.3488962133,-18.49,-1.083346295,237.127,-0.8507850934,0.1803890963
1.156,-0.26,-0.3305084746,-0.536400639,-22.41,-1.27915634,240.156,-0.7828783481,0.2601317243
1.157,-0.39,-0.4962884411,-0.8102954007,-27.89,-1.534994891,242.133,-0.7390166417,0.3563286242
1.158,-0.5,-0.6369426752,-1.045214638,-32.15,-1.720236044,246.98,-0.6329785732,0.4441646035
1.159,-0.5,-0.6376195537,-1.046350782,-32.28,-1.725709021,250.266,-0.5622676739,0.4573258043
1.16,-0.38,-0.485106383,-0.7917191481,-27.94,-1.537236694,253.312,-0.4975456299,0.3890927981
1.161,-0.19,-0.2428115016,-0.3928193581,-20.38,-1.179126991,253.958,-0.4839193485,0.2362046979
1.162,-0.02,-0.02558635394,-0.04106644483,-12.98,-0.7890036076,254.624,-0.4699074408,0.03262060881
1.163,0.04,0.05122732124,0.08198900399,-10.46,-0.6466132496,254.578,-0.4708740513,-0.07336906999
1.164,-0.06,-0.07692307692,-0.1236949467,-14.5,-0.8724976531,255.241,-0.456959105,0.09304172249
1.165,-0.22,-0.2823529412,-0.4574462716,-21.86,-1.25234219,256.626,-0.4280071777,0.2722328346
1.166,-0.36,-0.4625267666,-0.7542534989,-27.79,-1.530506376,258.556,-0.3879221269,0.3931621625
1.167,-0.41,-0.5273311897,-0.8619424578,-29.86,-1.622095229,260.701,-0.3437212196,0.438465381
1.168,-0.37,-0.4763948498,-0.7772572655,-28.54,-1.564011148,262.146,-0.3141493958,0.4138396306
1.169,-0.26,-0.3351235231,-0.5439816644,-24.36,-1.372529991,259.749,-0.3632935346,0.3133853507
1.17,-0.09,-0.1161290323,-0.1870073727,-17.36,-1.024836452,256.024,-0.4405720913,0.127614496
1.171,0.08,0.1033369214,0.1650732348,-9.35,-0.5822956888,252.436,-0.5160789891,-0.1502886384
1.172,0.19,0.2456896552,0.390413424,-3.92,-0.2531376369,248.34,-0.6035995121,-0.4556980218
1.173,0.21,0.2718446602,0.4315566919,-2.46,-0.1604107785,245.713,-0.6604945515,-0.5257082347
1.174,0.17,0.2203023758,0.3504008352,-4.18,-0.2694597005,243.293,-0.7134472993,-0.3564943939
1.175,0.07,0.09081081081,0.145130615,-8.26,-0.5181705062,242.04,-0.7410718989,-0.1152523251
1.176,-0.11,-0.1428571429,-0.2302734286,-14.8,-0.8887672793,241.403,-0.7551705702,0.1400742909
1.177,-0.33,-0.429035753,-0.6987934078,-23.3,-1.322099131,242.914,-0.7217879871,0.3418943255
1.178,-0.52,-0.6767895879,-1.112189752,-30.25,-1.63904284,244.307,-0.6911958316,0.4772857673
1.179,-0.58,-0.7557003257,-1.245375183,-32.39,-1.73033184,243.861,-0.7009715673,0.5122253269
1.18,-0.49,-0.6391304348,-1.048886999,-29.1,-1.588789859,244.178,-0.694021507,0.4594716037
1.181,-0.35,-0.4570184984,-0.745122906,-23.74,-1.343126497,244.524,-0.6864459279,0.3671329472
1.182,-0.31,-0.4052287582,-0.6594500208,-22.06,-1.262117344,245.038,-0.6752118003,0.3403913179
1.183,-0.42,-0.5496183206,-0.899092383,-26.06,-1.451811216,244.335,-0.6905827038,0.4196671652
1.184,-0.64,-0.8384279476,-1.385789577,-34.05,-1.799193764,245.616,-0.6626069853,0.5629170345
1.185,-0.86,-1.127868852,-1.883398939,-42.07,-2.10913,245.508,-0.6649599553,0.6789249698
1.186,-1.01,-1.326039387,-2.229781389,-47.28,-2.291668598,243.632,-0.7059978962,0.7438390471
1.187,-1.09,-1.43263965,-2.418019777,-49.96,-2.380256694,238.906,-0.8107975534,0.757749505
1.188,-1.11,-1.460526316,-2.467483686,-50.96,-2.412432712,235.208,-0.8942572328,0.7462095712
1.189,-1.13,-1.488474204,-2.517148008,-51.42,-2.427077018,236.19,-0.8719673309,0.76299308
1.19,-1.14,-1.503296703,-2.543525383,-51.74,-2.437206744,233.836,-0.9255558783,0.7563797001
1.191,-1.13,-1.491749175,-2.522973757,-51.67,-2.434994889,226.957,-1.085303897,0.7166930736
1.192,-1.12,-1.480176211,-2.502392606,-51.33,-2.424219533,221.665,-1.211528261,0.6882745306
1.193,-1.11,-1.468577729,-2.481781887,-50.89,-2.410195624,220.473,-1.240375433,0.6798338804
1.194,-1.09,-1.443708609,-2.437642364,-50.39,-2.394149901,217.124,-1.322265847,0.6559121825
1.195,-1.08,-1.432044199,-2.416964595,-49.91,-2.378635538,213.132,-1.421545406,0.6360130296
1.196,-1.06,-1.407079646,-2.372763164,-49.27,-2.357779802,208.955,-1.527436748,0.6107158077
1.197,-1.02,-1.355481728,-2.281638008,-47.9,-2.312473353,205.46,-1.617678141,0.5805470888
1.198,-0.93,-1.237250554,-2.074015844,-45.27,-2.22290193,202.53,-1.694522031,0.5294335934
1.199,-0.8,-1.065482797,-1.77531078,-40.95,-2.068022205,200.907,-1.737567646,0.4665008185
1.2,-0.67,-0.8933333333,-1.479425678,-36.57,-1.900564092,200.615,-1.745349039,0.4057764474
1.201,-0.63,-0.8409343715,-1.390056326,-35.1,-1.841889758,201.146,-1.731207041,0.3890340519
1.202,-0.72,-0.9621380846,-1.597266726,-38.25,-1.96607933,201.62,-1.718614612,0.4334869465
1.203,-0.89,-1.190635452,-1.992608643,-44.74,-2.20442772,202.553,-1.693914502,0.5111425651
1.204,-1.05,-1.40625,-2.371295479,-50.57,-2.399939836,203.351,-1.672878466,0.5822247158
1.205,-1.11,-1.488268156,-2.516781518,-52.92,-2.474156267,201.64,-1.718083937,0.6003428706
1.206,-1.09,-1.463087248,-2.472030722,-52.3,-2.45482091,200.126,-1.758405608,0.586731027
1.207,-1.05,-1.410974244,-2.379653985,-50.82,-2.407956254,199.073,-1.786629943,0.5673155523
1.208,-1.03,-1.385650224,-2.334879422,-50.28,-2.390604118,197.945,-1.817030662,0.5549149448
1.209,-1.06,-1.427609428,-2.409107175,-51.23,-2.42104016,197.223,-1.836580343,0.5658341727
1.21,-1.11,-1.496629213,-2.531657054,-53.14,-2.480975612,195.802,-1.875266855,0.5811561393
1.211,-1.15,-1.552305962,-2.630923877,-54.55,-2.52417126,199.474,-1.775864082,0.6118377333
1.212,-1.14,-1.540540541,-2.609916749,-54.39,-2.519313618,199.777,-1.767743625,0.6087898064
1.213,-1.09,-1.474633596,-2.492541301,-52.83,-2.471360276,200.262,-1.754771134,0.5897926637
1.214,-1.01,-1.367945824,-2.303621682,-50.37,-2.393505636,205.363,-1.620204533,0.5739382229
1.215,-0.93,-1.261016949,-2.115619181,-47.57,-2.301423432,209.879,-1.503831176,0.5559730949
1.216,-0.83,-1.126696833,-1.881364112,-44.43,-2.193554939,214.11,-1.397051984,0.5239682738
1.217,-0.71,-0.9648924122,-1.601995626,-40.67,-2.057638472,217.19,-1.320639835,0.4742047518
1.218,-0.58,-0.7891156463,-1.301994371,-36.15,-1.88392969,218.578,-1.286558281,0.4106605617
1.219,-0.45,-0.6129398411,-1.004960599,-31.69,-1.700785973,213.46,-1.413318339,0.3227125677
1.22,-0.36,-0.4909090909,-0.8013570902,-28.46,-1.560454755,209.109,-1.523495246,0.2598476272
1.221,-0.32,-0.4368600683,-0.711738417,-26.97,-1.493452755,208.566,-1.53740583,0.2348306253
1.222,-0.33,-0.4510250569,-0.7351921386,-27.05,-1.497087256,210.59,-1.485737792,0.2464751122
1.223,-0.34,-0.4652223489,-0.7587230402,-27.49,-1.517001501,215.893,-1.352684365,0.2643923675
1.224,-0.32,-0.4383561644,-0.7142144673,-26.75,-1.483436028,219.281,-1.269378992,0.2594487687
1.225,-0.25,-0.3428571429,-0.5566911086,-24.18,-1.36402063,225.878,-1.110799545,0.2249420439
1.226,-0.13,-0.1784897025,-0.2880842881,-19.21,-1.120139165,233.504,-0.9331571977,0.1403033158
1.227,0,0,0,-13.44,-0.8144595062,240.022,-0.7858643242,-0
1.228,0.07,0.09633027523,0.1539203413,-10.57,-0.6529333971,244.058,-0.6966513827,-0.1140501461
1.229,0.02,0.02755453502,0.04413924141,-12.69,-0.7728709424,248.773,-0.5942794959,-0.03228557748
1.23,-0.1,-0.1379310345,-0.2222929845,-18.5,-1.083859896,253.436,-0.4949273659,0.1407998341
1.231,-0.21,-0.2899884925,-0.4699470871,-23.28,-1.321140165,260.931,-0.3390033339,0.2830761844
1.232,-0.21,-0.2903225806,-0.4704942081,-23.26,-1.320180922,267.903,-0.1979293436,0.3099209714
1.233,-0.1,-0.1384083045,-0.2230660514,-18.77,-1.097699508,271.016,-0.1361214087,0.1807928917
1.234,0.07,0.09699769053,0.1549829547,-11.41,-0.7008794776,273.142,-0.0943167936,-0.1948989958
1.235,0.2,0.2774566474,0.4403741677,-4.79,-0.307528872,273.53,-0.08672247617,-1.116988362
1.236,0.27,0.375,0.5930408438,-1.09,-0.07172820793,274.201,-0.07361439284,-4.080296077
1.237,0.27,0.3754345307,0.5937184296,-0.63,-0.04158482232,275.129,-0.0555385378,-6.113034278
1.238,0.21,0.2923433875,0.4637460493,-2.86,-0.1859971949,277.058,-0.0181592008,-2.271523494
1.239,0.07,0.09756097561,0.1558797383,-8.1,-0.5086763819,276.15,-0.03572150779,-0.2863342074
1.24,-0.15,-0.2093023256,-0.3381956723,-15.96,-0.9510336805,273.317,-0.09089018691,0.3245877005
1.241,-0.4,-0.5587892899,-0.9143962446,-24.58,-1.382900269,265.735,-0.2414002502,0.5629477018
1.242,-0.64,-0.8951048951,-1.482452822,-32.65,-1.741228833,257.933,-0.4008287004,0.6920695635
1.243,-0.89,-1.246207701,-2.089687624,-41.25,-2.079100039,252.036,-0.5245631089,0.8025952301
1.244,-1.17,-1.640186916,-2.788350361,-50.63,-2.401866441,244.529,-0.6863365329,0.9029038523
1.245,-1.4,-1.964912281,-3.377934478,-58.28,-2.634325334,235.069,-0.8974198371,0.9564490967
1.246,-1.52,-2.135831382,-3.693246712,-62.42,-2.750006971,226.099,-1.105567641,0.9578978709
1.247,-1.61,-2.264947245,-3.933719665,-65.4,-2.8293046,218.833,-1.28032044,0.9571967335
1.248,-1.73,-2.436619718,-4.25649097,-69.43,-2.931686059,211.046,-1.474165721,0.9660994475
1.249,-1.81,-2.552291422,-4.47592777,-72.31,-3.001699638,208.388,-1.541973721,0.9850901277
1.25,-1.76,-2.484705882,-4.347522341,-70.64,-2.961407104,206.276,-1.596472292,0.9538476041
1.251,-1.57,-2.219081272,-3.848071509,-65.17,-2.82329673,206.135,-1.600130536,0.8699298709
1.252,-1.41,-1.995283019,-3.433711366,-60.33,-2.692438809,206.128,-1.600312216,0.7998859812
1.253,-1.37,-1.940968123,-3.334036748,-58.94,-2.653217442,205.584,-1.614450262,0.7812315717
1.254,-1.37,-1.943262411,-3.338240031,-58.99,-2.654641539,205.736,-1.610496163,0.7826804818
1.255,-1.34,-1.90295858,-3.264490979,-58.16,-2.630871517,207.663,-1.56061929,0.7788376806
1.256,-1.29,-1.834123223,-3.138976219,-56.45,-2.58101252,210.91,-1.477614421,0.7734084124
1.257,-1.24,-1.765124555,-3.013723287,-54.88,-2.534154962,216.052,-1.348745669,0.7761525658
1.258,-1.19,-1.695961995,-2.888735112,-53.56,-2.493934332,220.205,-1.246882679,0.7722203741
1.259,-1.15,-1.640903686,-2.789638092,-52.13,-2.449488871,220.363,-1.24304536,0.7554806314
1.26,-1.09,-1.557142857,-2.639564866,-50.43,-2.395437867,219.637,-1.260700376,0.7219543383
1.261,-1.04,-1.487485101,-2.515388771,-48.61,-2.336066847,216.449,-1.338923955,0.6844612426
1.262,-0.98,-1.403341289,-2.366150463,-46.73,-2.27305349,211.501,-1.462643921,0.6333892184
1.263,-0.92,-1.318996416,-2.217391765,-44.77,-2.205477289,205.916,-1.605817454,0.5817948794
1.264,-0.86,-1.234449761,-2.069117403,-42.75,-2.133758352,203.822,-1.660501166,0.5453283816
1.265,-0.8,-1.149700599,-1.921332138,-40.78,-2.061722923,202.753,-1.68863454,0.512306402
1.266,-0.74,-1.064748201,-1.774040771,-38.94,-1.992519718,198.787,-1.794321595,0.4684750759
1.267,-0.69,-0.993997599,-1.652020835,-37.2,-1.925323051,199.894,-1.764611299,0.4477100888
1.268,-0.64,-0.9230769231,-1.530298793,-35.54,-1.859585803,200.891,-1.737993731,0.4253689956
1.269,-0.6,-0.8664259928,-1.433493347,-34.05,-1.799193764,202.289,-1.700892039,0.4095594873
1.27,-0.56,-0.8096385542,-1.336833688,-32.85,-1.749582831,204.298,-1.648021498,0.393463617
1.271,-0.54,-0.7816646562,-1.28935797,-31.96,-1.712218248,210.915,-1.477487592,0.4042247263
1.272,-0.52,-0.7536231884,-1.241860003,-31.17,-1.678640148,216.454,-1.338800371,0.4115607233
1.273,-0.49,-0.7110036276,-1.169846175,-30.19,-1.636441812,222.488,-1.191701512,0.4136445863
1.274,-0.46,-0.6682808717,-1.097872521,-28.92,-1.580847375,225.85,-1.111462776,0.4077808497
1.275,-0.42,-0.6109090909,-1.001558033,-27.45,-1.515196385,229.57,-1.024060191,0.3944296302
1.276,-0.37,-0.5388349515,-0.8811105243,-25.82,-1.440736739,234.413,-0.9123707927,0.3744454992
1.277,-0.32,-0.4665856622,-0.7609838737,-23.79,-1.345507527,237.999,-0.8311473331,0.3496116392
1.278,-0.25,-0.3649635036,-0.5930595557,-20.99,-1.209491929,241.495,-0.7531320444,0.3021768631
1.279,-0.19,-0.2777101096,-0.4498484484,-18.58,-1.087966071,241.654,-0.7496107703,0.2448052447
1.28,-0.2,-0.2926829268,-0.4743600143,-18.74,-1.096164401,241.003,-0.764042767,0.2550038633
1.281,-0.27,-0.3956043956,-0.6435637532,-21.35,-1.227288007,237.333,-0.8461393906,0.3103864422
1.282,-0.37,-0.5427872861,-0.8876996701,-24.93,-1.399330515,231.144,-0.9875041811,0.3719150185
1.283,-0.47,-0.6903304774,-1.134991961,-28.24,-1.550653229,230.884,-0.9935254618,0.4461133037
1.284,-0.56,-0.8235294118,-1.360442685,-31.56,-1.695265355,229.362,-1.028909711,0.4993962032
1.285,-0.71,-1.045398773,-1.740611281,-36.52,-1.898589211,223.605,-1.16490906,0.5681776606
1.286,-0.91,-1.341523342,-2.257040468,-43.68,-2.167043207,216.122,-1.347012571,0.6422893119
1.287,-1.14,-1.682656827,-2.864755038,-51.64,-2.434046262,207.269,-1.570779512,0.7153257592
1.288,-1.34,-1.980295567,-3.406172836,-58.47,-2.639781953,199.218,-1.78273455,0.7701888357
1.289,-1.45,-2.145499383,-3.711185014,-62.4,-2.749463881,196.625,-1.852826725,0.8063778086
1.29,-1.47,-2.177777778,-3.771154987,-62.95,-2.764344966,194.786,-1.903099826,0.8079699182
1.291,-1.43,-2.121137206,-3.666003762,-61.73,-2.731184136,198.851,-1.792599425,0.8103844299
1.292,-1.38,-2.04950495,-3.533561672,-60.12,-2.686561925,203.28,-1.674746745,0.8102067382
1.293,-1.33,-1.977695167,-3.401397453,-58.73,-2.647225312,207.065,-1.576047726,0.8053936891
1.294,-1.29,-1.920595533,-3.296740035,-57.38,-2.608278556,210.365,-1.491456931,0.8041348144
1.295,-1.25,-1.863354037,-3.192207723,-56.26,-2.57539756,210.265,-1.494000735,0.7844421932
1.296,-1.27,-1.895522388,-3.250904921,-56.84,-2.592490517,210.339,-1.492118204,0.7958913922
1.297,-1.33,-1.9875467,-3.419493051,-59.07,-2.656918019,209.766,-1.506712421,0.821276792
1.298,-1.34,-2.004987531,-3.451556915,-59.42,-2.666847679,207.118,-1.574678525,0.8137535287
1.299,-1.25,-1.872659176,-3.209174178,-56.69,-2.588083433,207.325,-1.569334243,0.7719152678
1.3,-1.12,-1.68,-2.859969101,-52.6,-2.464198403,209.648,-1.509722812,0.7196843989
1.301,-1.04,-1.561952441,-2.648159792,-49.97,-2.380580783,211.228,-1.469554023,0.687809629
1.302,-1.03,-1.54887218,-2.624791186,-49.82,-2.375714473,210.882,-1.478324724,0.6810494268
1.303,-1.03,-1.550815558,-2.628261865,-49.68,-2.371162954,210.018,-1.500289117,0.6788827077
1.304,-0.97,-1.462311558,-2.470653372,-47.8,-2.309130542,212.207,-1.444815117,0.6581484114
1.305,-0.88,-1.328301887,-2.233762697,-45.02,-2.214205664,215.037,-1.373938889,0.6225397734
1.306,-0.79,-1.19395466,-1.998396752,-41.9,-2.102934146,218.56,-1.286998875,0.5895092142
1.307,-0.68,-1.029003783,-1.712320578,-38.39,-1.971465875,223.34,-1.171253242,0.5448532034
1.308,-0.56,-0.8484848485,-1.40291416,-34.35,-1.811460118,228.902,-1.039650249,0.4920588751
1.309,-0.45,-0.6826801517,-1.122106528,-30.43,-1.646832218,233.217,-0.9397369324,0.4338204248
1.31,-0.38,-0.5772151899,-0.9451739978,-27.54,-1.519256417,236.903,-0.8558413138,0.3979516235
1.311,-0.32,-0.4866920152,-0.7943523925,-25.47,-1.424517135,238.645,-0.8166455158,0.3544376363
1.312,-0.27,-0.4111675127,-0.6692581493,-23.68,-1.34026699,241.669,-0.7492786942,0.3202888333
1.313,-0.26,-0.3964421855,-0.6449462017,-23.21,-1.317781603,241.807,-0.7462245612,0.3124730018
1.314,-0.26,-0.3969465649,-0.6457785248,-23.14,-1.314419647,243.16,-0.7163727618,0.3179933714
1.315,-0.24,-0.3668789809,-0.5962135251,-22.27,-1.272351038,243.293,-0.7134472993,0.3002387069
1.316,-0.22,-0.3367346939,-0.5466288848,-21.63,-1.241065966,243.18,-0.7159327404,0.2793200032
1.317,-0.26,-0.398467433,-0.6482884312,-23.16,-1.315380552,243.666,-0.7052513305,0.3208345057
1.318,-0.43,-0.6598465473,-1.083688875,-29.35,-1.599786467,243.15,-0.7165927861,0.467837412
1.319,-0.68,-1.044814341,-1.739602258,-39.03,-1.995948625,240.635,-0.7722182032,0.6284311482
1.32,-0.91,-1.4,-2.36024152,-47.52,-2.299744527,236.976,-0.8541930028,0.7483475808
1.321,-1.05,-1.61745828,-2.747548042,-52.73,-2.468249347,232.581,-0.954346708,0.8027672556
1.322,-1.11,-1.712082262,-2.917816785,-54.87,-2.533853119,229.025,-1.03677621,0.8171715729
1.323,-1.11,-1.714285714,-2.921794286,-55,-2.537773694,227.608,-1.069980005,0.8098652317
1.324,-1.09,-1.68556701,-2.869998319,-54.25,-2.515054007,226.191,-1.103391162,0.7931578855
1.325,-1.06,-1.641290323,-2.790332738,-53.32,-2.486538973,225.034,-1.130827423,0.7713713328
1.326,-1.04,-1.612403101,-2.738481278,-52.73,-2.468249347,222.95,-1.180603667,0.7505046838
1.327,-1.05,-1.630012937,-2.770078575,-53.19,-2.482522441,220.401,-1.242122871,0.7437160705
1.328,-1.09,-1.694300518,-2.885739472,-54.55,-2.52417126,217.632,-1.309763196,0.7526835697
1.329,-1.12,-1.743190661,-2.974024162,-55.58,-2.555176805,216.164,-1.345972981,0.7623455455
1.33,-1.12,-1.745454545,-2.978119045,-55.67,-2.557864367,213.4,-1.414822345,0.7496486032
1.331,-1.1,-1.716514954,-2.925818918,-55.21,-2.544091518,209.762,-1.506814441,0.7222628589
1.332,-1.08,-1.6875,-2.873481539,-54.5,-2.522654446,206.878,-1.580881484,0.700245249
1.333,-1.05,-1.642764016,-2.792980594,-53.67,-2.497315323,203.76,-1.662128814,0.6714792895
1.334,-1.02,-1.597911227,-2.712505909,-52.71,-2.467626621,198.134,-1.811924862,0.6338294841
1.335,-0.99,-1.552941176,-2.632058515,-51.74,-2.437206744,192.816,-1.957483399,0.5989178826
1.336,-0.96,-1.507853403,-2.551639454,-50.8,-2.407316014,188.971,-2.06524739,0.5705093976
1.337,-0.93,-1.462647444,-2.471249778,-49.89,-2.377986745,188.44,-2.08030181,0.5543045829
1.338,-0.9,-1.417322835,-2.39089055,-48.97,-2.34793628,185.424,-2.166621702,0.5295957122
1.339,-0.88,-1.387647832,-2.338408584,-48.05,-2.317478381,180.615,-2.307205795,0.5056363839
1.34,-0.85,-1.342105263,-2.258065475,-47.14,-2.286944474,180.609,-2.307383524,0.4914898274
1.341,-0.82,-1.296442688,-2.177755716,-46.28,-2.257710568,181.909,-2.269012851,0.4810887509
1.342,-0.79,-1.250659631,-2.097480409,-45.34,-2.225331147,184.27,-2.200021866,0.4739690602
1.343,-0.75,-1.188903567,-1.989589059,-44.12,-2.182632322,191.717,-1.988064212,0.4770399961
1.344,-0.7,-1.111111111,-1.85432,-42.47,-2.123647225,202.119,-1.705389972,0.484278398
1.345,-0.62,-0.9854304636,-1.637285521,-39.66,-2.019823652,209.099,-1.5237511,0.4620434548
1.346,-0.48,-0.7639257294,-1.259300181,-34.81,-1.830163511,217.956,-1.301804298,0.4020795417
1.347,-0.28,-0.4462151394,-0.7272254558,-27.83,-1.532302568,224.819,-1.135941316,0.2725483455
1.348,-0.08,-0.1276595745,-0.2056620951,-20.02,-1.161081853,232.371,-0.9591794652,0.09699846584
1.349,0.06,0.09587217044,0.1531909476,-13.68,-0.8276758944,238.531,-0.8192018053,-0.09301901874
1.35,0.14,0.224,0.3562333358,-9.81,-0.6090696898,242.135,-0.7389724513,-0.264259792
1.351,0.2,0.3204272363,0.5077661161,-7.17,-0.4530769328,250.612,-0.5548762521,-0.5037596227
1.352,0.26,0.4171122995,0.6586054208,-4.05,-0.2613058477,255.606,-0.4493139575,-0.9268042011
1.353,0.34,0.546184739,0.8582579842,0.27,0.0179292053,259.784,-0.3625726949,-2.490277664
1.354,0.4,0.6434316354,1.007386936,1.8,0.1207514154,262.249,-0.3120477357,-5.266107231
1.355,0.37,0.5959731544,0.9347479838,1.05,0.07008766376,260.881,-0.3400286073,-3.462786976
1.356,0.23,0.3709677419,0.5867520786,-3.99,-0.2575376895,260.072,-0.3566448989,-0.9553381838
1.357,0.03,0.04845222073,0.07755538503,-11.63,-0.7133445598,255.735,-0.4466145846,-0.06686044539
1.358,-0.13,-0.2102425876,-0.339726602,-17.88,-1.051878061,251.433,-0.5373784026,0.2137644929
1.359,-0.24,-0.3886639676,-0.6321144351,-21.72,-1.24548284,247.492,-0.6218992766,0.3385029927
1.36,-0.32,-0.5189189189,-0.8479354259,-24.87,-1.396519814,242.59,-0.7289286091,0.3989442495
1.361,-0.43,-0.698240866,-1.148322661,-28.68,-1.570224845,238.5,-0.819897148,0.4804452094
1.362,-0.54,-0.8780487805,-1.453323641,-32.94,-1.75333412,235.019,-0.8985579219,0.5480327321
1.363,-0.65,-1.05834464,-1.762972632,-36.88,-1.912775862,229.823,-1.018167414,0.6015034976
1.364,-0.75,-1.222826087,-2.04879807,-40.41,-2.04795787,224.228,-1.150023815,0.640653472
1.365,-0.85,-1.387755102,-2.338598111,-44.15,-2.183691534,218.729,-1.282863623,0.6746173088
1.366,-0.98,-1.602179837,-2.720154436,-48.77,-2.341349877,214.027,-1.39912632,0.7272214265
1.367,-1.12,-1.833560709,-3.137952826,-53.56,-2.493934332,213.192,-1.420039509,0.8017306589
1.368,-1.21,-1.983606557,-3.412254305,-57.07,-2.599229838,210.837,-1.47946648,0.8366041596
1.369,-1.25,-2.051983584,-3.538134374,-58.51,-2.640928857,207.823,-1.556498814,0.8429292058
1.37,-1.24,-2.038356164,-3.513002798,-58.13,-2.63000715,204.16,-1.651636557,0.8204799461
1.371,-1.21,-1.991769547,-3.427253204,-57.05,-2.598644683,202.674,-1.690719502,0.7990119412
1.372,-1.17,-1.928571429,-3.311335929,-55.8,-2.561740305,203.074,-1.680171079,0.7806235511
1.373,-1.11,-1.83218707,-3.135453891,-54.22,-2.514140117,205.06,-1.628103945,0.7569457144
1.374,-1.07,-1.768595041,-3.020009862,-52.83,-2.471360276,203.698,-1.663756957,0.7303323439
1.375,-1.06,-1.754482759,-2.994455157,-52.46,-2.459827311,203.228,-1.676115475,0.7240078773
1.376,-1.08,-1.790055249,-3.058915202,-53.39,-2.4886986,203.472,-1.669696001,0.7356000323
1.377,-1.12,-1.858921162,-3.184128657,-54.54,-2.523867984,204.172,-1.651322107,0.7626308233
1.378,-1.1,-1.828254848,-3.128301588,-54.2,-2.513530638,204.207,-1.650405067,0.7512847964
1.379,-1.05,-1.747572816,-2.981951091,-52.55,-2.462638316,203.733,-1.662837783,0.7228138084
1.38,-1.01,-1.683333333,-2.865973812,-51.18,-2.419448739,205.268,-1.622679991,0.7090258631
1.381,-0.99,-1.652294854,-2.810111283,-50.58,-2.400261054,208.294,-1.544387552,0.7123857063
1.382,-0.95,-1.587743733,-2.69429635,-49.31,-2.35908901,211.655,-1.458749849,0.7057124329
1.383,-0.83,-1.389121339,-2.341012121,-45.59,-2.2339865,216.576,-1.335785799,0.6557875197
1.384,-0.67,-1.122905028,-1.874781997,-40.15,-2.038239983,222.152,-1.199787156,0.5789889697
1.385,-0.55,-0.9230769231,-1.530298793,-36.13,-1.883135,227.914,-1.062792206,0.5194625276
1.386,-0.53,-0.8907563025,-1.475022853,-35.35,-1.851958417,232.79,-0.9495412943,0.5265118705
1.387,-0.56,-0.9424964937,-1.563569995,-36.55,-1.899774315,235.53,-0.886938086,0.5610805029
1.388,-0.56,-0.9438202247,-1.565839535,-36.61,-1.902142947,237.672,-0.8385030486,0.5713395811
1.389,-0.49,-0.8270042194,-1.366352043,-34.41,-1.813906888,238.544,-0.8189102369,0.5189695971
1.39,-0.39,-0.6591549296,-1.082526182,-30.65,-1.656324707,238.916,-0.8105736207,0.4388207532
1.391,-0.27,-0.4569816643,-0.7450618613,-26.18,-1.457333993,238.877,-0.8114470114,0.3283974345
1.392,-0.14,-0.2372881356,-0.3838065613,-21.21,-1.220378231,239.585,-0.7956137676,0.1903809944
1.393,-0.01,-0.01697312588,-0.02723349476,-15.8,-0.9425056566,241.2,-0.7596713713,0.01599921413
1.394,0.09,0.1529745042,0.243918868,-10.99,-0.6769763532,243.534,-0.7081503453,-0.1760985968
1.395,0.16,0.2723404255,0.4323357807,-7.66,-0.4824596762,246.058,-0.6529880076,-0.3807623961
1.396,0.18,0.3068181818,0.4864461764,-6.53,-0.4144013617,248.754,-0.594688117,-0.4820644617
1.397,0.15,0.2560455192,0.4067133976,-7.6,-0.4788723866,251.653,-0.5326992818,-0.4020608824
1.398,0.09,0.1538461538,0.2453008284,-10.23,-0.6333672186,254.215,-0.4785080019,-0.2206190262
1.399,-0.02,-0.03423680456,-0.05496796218,-14.26,-0.8594324604,252.742,-0.5095977084,0.04015102328
1.4,-0.15,-0.2571428571,-0.4162214057,-19.25,-1.12217216,250.638,-0.5543212396,0.2482690392
1.401,-0.29,-0.4978540773,-0.8128974963,-24.6,-1.383841386,245.33,-0.6688402581,0.3960173263
1.402,-0.43,-0.7392550143,-1.217558363,-29.94,-1.625579557,240.139,-0.7832570736,0.5054549353
1.403,-0.56,-0.9641319943,-1.600689977,-34.79,-1.829352954,237.489,-0.8426239679,0.599065794
1.404,-0.68,-1.172413793,-1.960856409,-39.04,-1.996329333,234.431,-0.9119599951,0.6742301703
1.405,-0.79,-1.364028777,-2.296710981,-43.13,-2.147413873,230.567,-1.000875973,0.729510653
1.406,-0.91,-1.573487032,-2.668783682,-47.45,-2.297391987,225.654,-1.116107696,0.7818321164
1.407,-1.03,-1.783549784,-3.04711568,-51.83,-2.440047255,220.738,-1.233948802,0.8293736938
1.408,-1.13,-1.959537572,-3.368074949,-55.64,-2.556968897,215.017,-1.374436501,0.8567101603
1.409,-1.21,-2.10130246,-3.62927051,-58.47,-2.639781953,208.383,-1.542102089,0.8678553672
1.41,-1.27,-2.208695652,-3.828712223,-60.48,-2.696626096,200.626,-1.745055699,0.8619960635
1.411,-1.31,-2.281567489,-3.964816707,-61.94,-2.736931691,194.776,-1.903374493,0.8544299771
1.412,-1.33,-2.319767442,-4.036413341,-62.9,-2.762996745,190.684,-2.016968757,0.8444440317
1.413,-1.34,-2.340611354,-4.075552663,-63.24,-2.772146596,190.348,-2.026404188,0.8493299012
1.414,-1.34,-2.344023324,-4.081964304,-63.18,-2.770534986,191.318,-1.999210195,0.8558034337
1.415,-1.32,-2.312408759,-4.022607903,-62.71,-2.757865126,196.251,-1.863012639,0.8705289574
1.416,-1.28,-2.245614035,-3.897587472,-61.42,-2.72266926,201.042,-1.733973906,0.8745567743
1.417,-1.2,-2.108345534,-3.642308735,-59.05,-2.656349138,203.934,-1.657562154,0.844317022
1.418,-1.1,-1.935483871,-3.323991759,-55.75,-2.560250412,205.697,-1.611510423,0.7967838738
1.419,-0.98,-1.726872247,-2.94452547,-52.01,-2.445717156,205.353,-1.620465053,0.7241499074
1.42,-0.85,-1.5,-2.5376565,-48.04,-2.317145055,205.055,-1.628234397,0.6431970692
1.421,-0.72,-1.272459499,-2.135673198,-43.9,-2.17485042,206.031,-1.602830419,0.5653397652
1.422,-0.62,-1.097345133,-1.830457255,-40.36,-2.046091946,202.999,-1.682147325,0.490970971
1.423,-0.56,-0.9926144756,-1.649641304,-38.29,-1.96761948,206.506,-1.590510306,0.4636259505
1.424,-0.53,-0.9408284024,-1.560710342,-37.43,-1.934304779,209.542,-1.512428506,0.4528085618
1.425,-0.48,-0.8533333333,-1.411174263,-35.75,-1.867991233,212.224,-1.444386543,0.4260305916
1.426,-0.35,-0.6231454006,-1.022067583,-31,-1.671363433,216.484,-1.338058925,0.3396225127
1.427,-0.13,-0.2317979198,-0.3748514156,-22.68,-1.292242177,219.814,-1.25639068,0.1470794095
1.428,0.1,0.1785714286,0.284464375,-13.08,-0.794551446,225.074,-1.12987654,-0.1478176253
1.429,0.24,0.4292101341,0.6774019317,-6.21,-0.3949363368,232.112,-0.9651458844,-0.4980595446
1.43,0.28,0.5014925373,0.7893488406,-4.14,-0.2669523509,239.284,-0.8023394074,-0.7381978159
1.431,0.27,0.4843049327,0.7627853684,-4.86,-0.3118773546,244.941,-0.6773300543,-0.7711076175
1.432,0.26,0.4670658683,0.7361074431,-5.24,-0.3354114036,250.154,-0.5646624623,-0.817830037
1.433,0.27,0.4857571214,0.7650310731,-4.61,-0.2963280737,254.833,-0.4655178649,-1.004180812
1.434,0.3,0.5405405405,0.8495683857,-2.82,-0.1834447491,259.704,-0.3642204712,-1.551254953
1.435,0.38,0.6857142857,1.071880594,0.74,0.04929329924,263.771,-0.28108799,-4.624267237
1.436,0.53,0.9578313253,1.481906138,4.4,0.300316544,269.183,-0.1724287237,11.58754708
1.437,0.69,1.248868778,1.910796785,8.72,0.612475389,271.826,-0.1201554252,3.881209224
1.438,0.78,1.413897281,2.149564234,11.04,0.7874242588,272.797,-0.1010785389,3.131897194
1.439,0.75,1.361573374,2.07420767,10.36,0.7356080126,271.383,-0.1288815344,3.418686581
1.44,0.68,1.236363636,1.892573392,8.61,0.6043087435,270.133,-0.1535807561,4.198925838
1.441,0.67,1.220030349,1.868743635,8.3,0.5813556798,269.821,-0.1597635057,4.432586157
1.442,0.73,1.331306991,2.030471126,9.89,0.7000555195,269.395,-0.1682168916,3.817833117
1.443,0.8,1.461187215,2.217393712,11.68,0.836603557,269.139,-0.1733032932,3.342971251
1.444,0.81,1.481707317,2.246744481,12.16,0.8737509405,268.515,-0.1857216943,3.265478166
1.445,0.74,1.355725191,2.065765135,10.43,0.7409213337,268.535,-0.1853232211,3.718092428
1.446,0.57,1.04587156,1.612699249,6.11,0.4217921938,269.521,-0.165715203,6.297712433
1.447,0.3,0.5513016845,0.8661326038,-0.82,-0.05405781652,265.872,-0.238642762,-2.959107933
1.448,-0.01,-0.01840490798,-0.02953234935,-13.11,-0.7962142848,260.815,-0.3413822693,0.02596030135
1.449,-0.3,-0.5529953917,-0.9047266478,-23.98,-1.354539769,253.748,-0.4883451385,0.4909295443
1.45,-0.55,-1.015384615,-1.688843804,-33.17,-1.76289821,244.847,-0.6793835959,0.6915024301
1.451,-0.78,-1.442218798,-2.43500045,-41.47,-2.087192618,239.049,-0.8075962059,0.8411668686
1.452,-1,-1.851851852,-3.171249383,-49.71,-2.372139063,231.498,-0.9793168554,0.9462303726
1.453,-1.21,-2.244204019,-3.894953987,-57.3,-2.605947207,218.939,-1.277729594,1.00290374
1.454,-1.37,-2.544891641,-4.461842757,-62.83,-2.761107694,207.261,-1.570986011,1.029950657
1.455,-1.45,-2.697674419,-4.753962064,-65.9,-2.84230205,199.046,-1.787355605,1.02684959
1.456,-1.48,-2.757763975,-4.869605431,-66.81,-2.865738335,187.661,-2.10246424,0.9801543632
1.457,-1.47,-2.743390358,-4.841904496,-66.43,-2.855985858,186.104,-2.147037692,0.9677956635
1.458,-1.43,-2.672897196,-4.706401611,-65.25,-2.82538851,191.922,-1.982346597,0.9789228205
1.459,-1.36,-2.546021841,-4.463993604,-63.1,-2.76838413,195.964,-1.870842275,0.9622280126
1.46,-1.27,-2.38125,-4.152008252,-60.38,-2.693835541,198.948,-1.789990319,0.9259967675
1.461,-1.18,-2.215962441,-3.842256528,-57.54,-2.612933339,198.391,-1.804989863,0.8696974466
1.462,-1.08,-2.031347962,-3.500086839,-54.74,-2.529925227,198.317,-1.806985789,0.8070460349
1.463,-0.99,-1.864992151,-3.195193826,-51.72,-2.436575014,199.217,-1.782761405,0.7572740139
1.464,-0.86,-1.622641509,-2.756847596,-47.82,-2.309799497,200.571,-1.74652256,0.6796421875
1.465,-0.69,-1.303937008,-2.190919635,-42.3,-2.117487887,201.515,-1.72140152,0.5707170495
1.466,-0.49,-0.927444795,-1.537778321,-35.59,-1.861589459,205.82,-1.608312256,0.4431763339
1.467,-0.33,-0.6255924171,-1.026171196,-29.64,-1.612492258,211.815,-1.454707059,0.3345629319
1.468,-0.24,-0.4556962025,-0.7429315789,-26.3,-1.462847148,219.43,-1.265744937,0.2722765279
1.469,-0.22,-0.4183835182,-0.6811813028,-25.69,-1.434721931,227.432,-1.074118543,0.2715124018
1.47,-0.24,-0.4571428571,-0.7453290057,-26.57,-1.475216641,236.561,-0.8635703083,0.3186818731
1.471,-0.25,-0.4769475358,-0.7781745057,-27,-1.494816189,244.362,-0.6899915399,0.3561752805
1.472,-0.22,-0.4203821656,-0.6844847924,-25.67,-1.433795568,251.733,-0.5309987975,0.3483747737
1.473,-0.12,-0.2296650718,-0.3713734627,-21.78,-1.248424252,257.222,-0.4155964981,0.2231783845
1.474,0.03,0.05750798722,0.09201991716,-15.74,-0.9393026778,261.645,-0.3243838245,-0.07281862787
1.475,0.16,0.3072,0.4870446298,-9.41,-0.5857976064,262.815,-0.3005135183,-0.5495188046
1.476,0.26,0.5,0.7870435,-4.45,-0.2863488262,263.565,-0.2852678679,-1.376872838
1.477,0.33,0.6356340289,0.9954702807,-0.3,-0.0198458683,262.822,-0.3003710245,-3.108737556
1.478,0.41,0.7909967846,1.23155365,1.87,0.1255057383,262.127,-0.3145371708,-6.515073357
1.479,0.49,0.9468599034,1.465543007,3.94,0.2680991864,260.676,-0.344234284,-19.24924315
1.48,0.54,1.04516129,1.611647718,5.21,0.3575202108,259.103,-0.3766156449,-84.39963747
1.481,0.55,1.066235864,1.642822686,5.36,0.3681799878,256.984,-0.4205489884,-31.37013631
1.482,0.53,1.029126214,1.587892509,4.83,0.3306085758,255.636,-0.4486860748,-13.447884
1.483,0.51,0.9918962723,1.532621423,4.37,0.298209494,255.251,-0.4567495033,-9.667095583
1.484,0.5,0.974025974,1.506033471,4.27,0.2911919638,255.945,-0.4422231678,-9.971670962
1.485,0.47,0.9170731707,1.421046679,3.37,0.2284462113,258.531,-0.388439448,-8.881917183
1.486,0.35,0.6840390879,1.069329421,0.4,0.02658478558,260.975,-0.3381012557,-3.432657734
1.487,0.13,0.2544861338,0.4042597556,-7.7,-0.4848495626,261.691,-0.3234433197,-0.5001401899
1.488,-0.15,-0.2941176471,-0.4767101384,-18.1,-1.063258747,261.821,-0.320786265,0.3444325396
1.489,-0.43,-0.8445171849,-1.396156722,-28.14,-1.546187575,256.155,-0.4378353527,0.7036998932
1.49,-0.66,-1.298360656,-2.181124035,-36.4,-1.893843543,251.348,-0.5391873413,0.896463768
1.491,-0.85,-1.674876847,-2.850742735,-43.14,-2.147772195,247.293,-0.6262027622,1.027674286
1.492,-1.02,-2.013157895,-3.466589924,-48.98,-2.348265094,241.193,-0.7598266389,1.115343504
1.493,-1.18,-2.332784185,-4.060849326,-54.67,-2.52780717,233.013,-0.9444187421,1.169523363
1.494,-1.32,-2.613861386,-4.593372154,-59.5,-2.669110496,224.908,-1.133823809,1.207849462
1.495,-1.4,-2.776859504,-4.906444073,-62.09,-2.741026956,217.051,-1.324064891,1.206970041
1.496,-1.4,-2.781456954,-4.915319774,-62.18,-2.743480076,209.616,-1.510539481,1.155453027
1.497,-1.35,-2.686567164,-4.732632497,-60.83,-2.706362615,207.174,-1.573232202,1.105859947
1.498,-1.3,-2.591362126,-4.550403208,-59.22,-2.661179545,205.829,-1.608078319,1.065853446
1.499,-1.26,-2.515806988,-4.406544409,-57.84,-2.621632716,206.115,-1.600649638,1.043640391
1.5,-1.21,-2.42,-4.225091649,-56.5,-2.582487618,205.431,-1.618433329,1.005753667
1.501,-1.17,-2.34,-4.074403975,-55.18,-2.543190135,204.827,-1.634186354,0.9753499562
1.502,-1.13,-2.26,-3.924469479,-53.88,-2.503755071,204.05,-1.654519877,0.9437734465
1.503,-1.09,-2.18,-3.775288161,-52.6,-2.464198403,204.476,-1.643362199,0.9191071117
1.504,-1.05,-2.1,-3.62686002,-51.33,-2.424219533,205.453,-1.617860418,0.897275676
1.505,-1.01,-2.02,-3.479185057,-50.17,-2.387052641,207.257,-1.571089264,0.8789945234
1.506,-0.97,-1.94,-3.332263271,-48.91,-2.345962384,209.133,-1.522881248,0.8613073023
1.507,-0.91,-1.82,-3.113292801,-46.9,-2.278823328,209.727,-1.507707194,0.8222019558
1.508,-0.81,-1.62,-2.752107905,-43.64,-2.165620988,211.429,-1.464465499,0.7581383845
1.509,-0.67,-1.34,-2.254357415,-39.1,-1.9986124,214.974,-1.375506524,0.668132175
1.51,-0.51,-1.02,-1.696797377,-33.67,-1.78357836,220.15,-1.248219101,0.5596671277
1.511,-0.36,-0.72,-1.185029453,-28.15,-1.546634434,227.066,-1.082735084,0.4506895835
1.512,-0.23,-0.46,-0.7500646472,-23.19,-1.31682139,233.838,-0.9255101199,0.3345021215
1.513,-0.12,-0.24,-0.3882312192,-18.93,-1.105875675,238.817,-0.812790968,0.2023442794
1.514,-0.03,-0.06,-0.0964223112,-14.94,-0.8963363049,242.196,-0.7376248192,0.05901138637
1.515,0.04,0.08,0.1279040512,-11.38,-0.6991767359,242.056,-0.74071825,-0.08882873574
1.516,0.08,0.16,0.2550549248,-9.62,-0.5980314896,242.05,-0.7408508656,-0.1904983838
1.517,0.06,0.12,0.1915736352,-10.41,-0.6437372678,242.271,-0.7359683596,-0.1388510936
1.518,-0.01,-0.02,-0.0320936968,-12.89,-0.7840039152,243.35,-0.7121940191,0.02145016783
1.519,-0.1,-0.2,-0.32305528,-15.95,-0.9505012434,245.019,-0.67562665,0.198665358
1.52,-0.19,-0.38,-0.6178298248,-19.07,-1.113014539,247.046,-0.6315490938,0.3541457663
1.521,-0.29,-0.58,-0.9498290888,-22.52,-1.28449375,248.621,-0.5975493385,0.5046797784
1.522,-0.4,-0.8,-1.32046528,-26.36,-1.465600122,249.76,-0.5730955145,0.647701038
1.523,-0.51,-1.02,-1.696797377,-30.11,-1.632970217,248.113,-0.6084920198,0.7570046683
1.524,-0.6,-1.2,-2.00894208,-33.22,-1.764973081,245.914,-0.6561198932,0.8297665977
1.525,-0.67,-1.34,-2.254357415,-35.57,-1.860788174,240.935,-0.7655525048,0.8583644283
1.526,-0.73,-1.46,-2.466549287,-37.36,-1.93157444,236.37,-0.8678916577,0.8810784633
1.527,-0.77,-1.54,-2.608952007,-39.01,-1.99518704,231.707,-0.9744889711,0.8785308557
1.528,-0.82,-1.64,-2.788014563,-40.7,-2.058753072,228.894,-1.039837232,0.8997686979
1.529,-0.87,-1.74,-2.968253959,-42.22,-2.114584017,226.296,-1.100908217,0.923110287
1.53,-0.92,-1.84,-3.149670195,-44.08,-2.181219309,222.997,-1.179475955,0.9372079133
1.531,-1.02,-2.04,-3.516033187,-47.17,-2.287957604,217.759,-1.306642094,0.9781431822
1.532,-1.16,-2.32,-4.036849741,-51.96,-2.444143669,212.592,-1.435117586,1.040623324
1.533,-1.33,-2.66,-4.681673735,-57.92,-2.623946329,206.595,-1.588205059,1.111468536
1.534,-1.48,-2.96,-5.261933747,-62.92,-2.763536144,199.738,-1.768788142,1.160979095
1.535,-1.55,-3.1,-5.53634642,-65.22,-2.824604353,194.939,-1.898899171,1.172084744
1.536,-1.54,-3.08,-5.497003389,-64.83,-2.814381723,191.194,-2.002678845,1.141153056
1.537,-1.48,-2.96,-5.261933747,-63.05,-2.767038657,189.611,-2.047158821,1.093003303
1.538,-1.43,-2.86,-5.067336903,-61.5,-2.724870127,187.771,-2.099329185,1.050399574
1.539,-1.41,-2.82,-4.989827681,-61,-2.71107478,188.177,-2.087773859,1.039796846
1.54,-1.41,-2.82,-4.989827681,-61.06,-2.712735254,187.92,-2.095085537,1.037856421
1.541,-1.38,-2.76,-4.873916899,-59.93,-2.681229928,187.93,-2.094800849,1.020495287
1.542,-1.25,-2.5,-4.3765325,-55.93,-2.565609054,189.459,-2.051449322,0.9479049523
1.543,-1.01,-2.02,-3.479185057,-48.49,-2.332096439,191.721,-1.987952591,0.8053577709
1.544,-0.72,-1.44,-2.431066291,-39.2,-2.002413015,194.783,-1.903182225,0.622457306
1.545,-0.5,-1,-1.66235,-31.39,-1.688030169,198.693,-1.796852037,0.4770175581
1.546,-0.38,-0.76,-1.252653219,-27.17,-1.502531077,203.936,-1.657509686,0.3964041331
1.547,-0.36,-0.72,-1.185029453,-26.34,-1.464682731,208.236,-1.545877481,0.3936242326
1.548,-0.4,-0.8,-1.32046528,-27.75,-1.528709137,213.079,-1.422875967,0.4473749641
1.549,-0.49,-0.98,-1.627949697,-30.9,-1.667074528,217.897,-1.303252722,0.5480708217
1.55,-0.64,-1.28,-2.148896973,-36.41,-1.894239337,223.644,-1.163976023,0.7026637172
1.551,-0.81,-1.62,-2.752107905,-42.5,-2.124732562,228.616,-1.046338948,0.8678794836
1.552,-0.9,-1.8,-3.07696248,-45.52,-2.231566214,231.707,-0.9744889711,0.9597347215
1.553,-0.85,-1.7,-2.89601698,-43.86,-2.173432812,233.696,-0.9287599372,0.9335386981
1.554,-0.7,-1.4,-2.36024152,-39.01,-1.99518704,233.769,-0.9270890099,0.8076723348
1.555,-0.56,-1.12,-1.869740365,-34,-1.797144096,232.214,-0.9627953807,0.677457017
1.556,-0.47,-0.94,-1.559290311,-30.92,-1.667932812,230.706,-0.9976516346,0.584971267
1.557,-0.42,-0.84,-1.388465635,-29.28,-1.596711468,229.363,-1.028886386,0.528818849
1.558,-0.39,-0.78,-1.286535713,-27.93,-1.536788464,230.656,-0.9988112446,0.507389123
1.559,-0.34,-0.68,-1.117593981,-26.04,-1.450889816,232.618,-0.9534956743,0.4648148082
1.56,-0.28,-0.56,-0.9164173312,-23.74,-1.343126497,235.411,-0.8896418218,0.4104399563
1.561,-0.23,-0.46,-0.7500646472,-21.91,-1.254788614,239.903,-0.7885174471,0.3670838458
1.562,-0.22,-0.44,-0.7169353312,-21.48,-1.233691807,245.005,-0.6759323493,0.3754326887
1.563,-0.25,-0.5,-0.8164645,-22.51,-1.28400888,248.14,-0.6079098571,0.4315536835
1.564,-0.3,-0.6,-0.98328792,-24.44,-1.376304822,250.638,-0.5543212396,0.5093103939
1.565,-0.36,-0.72,-1.185029453,-26.52,-1.472929657,246.951,-0.6336067986,0.5625487515
1.566,-0.42,-0.84,-1.388465635,-28.44,-1.559565008,243.125,-0.7171428864,0.6098567317
1.567,-0.47,-0.94,-1.559290311,-30.39,-1.64510302,240.813,-0.7682622203,0.6461062276
1.568,-0.53,-1.06,-1.765833351,-32.44,-1.732430652,238.02,-0.8306752932,0.6889427862
1.569,-0.6,-1.2,-2.00894208,-34.81,-1.830163511,233.688,-0.9289430842,0.7281132536
1.57,-0.7,-1.4,-2.36024152,-38.48,-1.974922773,227.776,-1.066032567,0.7761513262
1.571,-0.85,-1.7,-2.89601698,-43.63,-2.165265302,220.347,-1.243433824,0.8495959522
1.572,-1,-2,-3.442384,-48.79,-2.342009385,212.775,-1.430514267,0.912488381
1.573,-1.09,-2.18,-3.775288161,-52.19,-2.451372268,205.825,-1.60818229,0.9299759634
1.574,-1.12,-2.24,-3.887103539,-53.1,-2.479737343,199.491,-1.775408153,0.9135066105
1.575,-1.1,-2.2,-3.81251288,-52.52,-2.461701721,197.8,-1.820951116,0.8902222583
1.576,-1.08,-2.16,-3.738110515,-51.74,-2.437206744,197.727,-1.822925949,0.8774633996
1.577,-1.05,-2.1,-3.62686002,-51.01,-2.414029237,198.82,-1.793433532,0.862006444
1.578,-1.02,-2.04,-3.516033187,-50.03,-2.382524325,200.512,-1.748096548,0.85121179
1.579,-0.97,-1.94,-3.332263271,-48.33,-2.326791689,203.153,-1.678090223,0.8320503186
1.58,-0.88,-1.76,-3.004443059,-45.4,-2.227411341,206.368,-1.5940867,0.7861951065
1.581,-0.74,-1.48,-2.502079357,-40.9,-2.066171118,209.202,-1.521116394,0.6974850352
1.582,-0.6,-1.2,-2.00894208,-36.21,-1.886312353,213.209,-1.419612915,0.6076792175
1.583,-0.51,-1.02,-1.696797377,-33.21,-1.764558229,217.037,-1.324409983,0.5493087855
1.584,-0.49,-0.98,-1.627949697,-32.16,-1.720657414,221.122,-1.224649926,0.5527265948
1.585,-0.49,-0.98,-1.627949697,-32.16,-1.720657414,225.92,-1.109804853,0.5751532943
1.586,-0.47,-0.94,-1.559290311,-31.74,-1.702906482,229.557,-1.024363157,0.5717404281
1.587,-0.44,-0.88,-1.456654285,-30.54,-1.651582289,233.257,-0.9388194108,0.5623275668
1.588,-0.41,-0.82,-1.354441921,-29.5,-1.606365158,235.455,-0.8886419619,0.5428609441
1.589,-0.41,-0.82,-1.354441921,-29.44,-1.603735414,233.273,-0.9384524462,0.532785929
1.59,-0.42,-0.84,-1.388465635,-29.88,-1.622966693,229.317,-1.029959465,0.523371384
1.591,-0.41,-0.82,-1.354441921,-29.58,-1.609867895,226.263,-1.101688447,0.4995072018
1.592,-0.38,-0.76,-1.252653219,-28.19,-1.548421217,224.306,-1.148163086,0.4645333053
1.593,-0.32,-0.64,-1.050346803,-26.14,-1.455494137,225.277,-1.125053413,0.4070247817
1.594,-0.28,-0.56,-0.9164173312,-24.71,-1.389012656,228.14,-1.057489764,0.3745826384
1.595,-0.27,-0.54,-0.8830526472,-24.16,-1.363073778,231.509,-0.9790626476,0.3770286981
1.596,-0.25,-0.5,-0.8164645,-23.45,-1.329282563,237.595,-0.8402366005,0.3763343112
1.597,-0.22,-0.44,-0.7169353312,-22.31,-1.27429681,242.44,-0.7322376829,0.3573002776
1.598,-0.2,-0.4,-0.65081792,-21.24,-1.221860066,246.879,-0.6351668496,0.3504622978
1.599,-0.19,-0.38,-0.6178298248,-20.78,-1.19906837,251.209,-0.5421468067,0.3548268089
1.6,-0.19,-0.38,-0.6178298248,-20.87,-1.203539452,255.769,-0.4459033487,0.3745688086
1.601,-0.19,-0.38,-0.6178298248,-20.75,-1.197576727,260.361,-0.3507031152,0.3990427362
1.602,-0.15,-0.3,-0.48634818,-19.47,-1.133332914,263.951,-0.277438341,0.3447392186
1.603,-0.14,-0.28,-0.4535954528,-18.91,-1.104854673,263.001,-0.2967285439,0.3236307678
1.604,-0.17,-0.34,-0.5519948552,-19.88,-1.154039167,260.233,-0.3533339562,0.3661965619
1.605,-0.2,-0.4,-0.65081792,-21.12,-1.215928896,254.399,-0.4746370898,0.3849704333
1.606,-0.24,-0.48,-0.7832410368,-22.31,-1.27429681,250.293,-0.5616905192,0.4266048161
1.607,-0.27,-0.54,-0.8830526472,-23.6,-1.336450457,249.757,-0.5731597766,0.4624255944
1.608,-0.33,-0.66,-1.083946855,-25.81,-1.440274464,247.774,-0.6158067923,0.52719067
1.609,-0.36,-0.72,-1.185029453,-26.67,-1.479785624,244.901,-0.6782038055,0.5491358932
1.61,-0.35,-0.7,-1.15128818,-26.45,-1.469725083,240.427,-0.7768446342,0.5124649242
1.611,-0.4,-0.8,-1.32046528,-27.98,-1.53902896,236.533,-0.8642035863,0.5494538104
1.612,-0.48,-0.96,-1.593596467,-31.13,-1.676929612,232.185,-0.9634635561,0.603545141
1.613,-0.58,-1.16,-1.939247075,-34.52,-1.818387019,228.94,-1.03876217,0.6787349723
1.614,-0.58,-1.16,-1.939247075,-34.6,-1.821640736,226.251,-1.101972195,0.6633049999
1.615,-0.49,-0.98,-1.627949697,-31.45,-1.690585826,225.472,-1.120424451,0.5791333138
1.616,-0.41,-0.82,-1.354441921,-28.32,-1.554221063,224.947,-1.132896177,0.5040501771
1.617,-0.35,-0.7,-1.15128818,-26.01,-1.449507215,226.262,-1.101712092,0.4512697817
1.618,-0.34,-0.68,-1.117593981,-25.92,-1.445355796,227.699,-1.067841448,0.4446901187
1.619,-0.4,-0.8,-1.32046528,-28.08,-1.543505053,231.288,-0.9841722316,0.5224026375
1.62,-0.49,-0.98,-1.627949697,-31.03,-1.672648878,235.424,-0.8893463892,0.635422601
1.621,-0.54,-1.08,-1.800421949,-32.98,-1.754999765,238.87,-0.811603789,0.7014803458
1.622,-0.56,-1.12,-1.869740365,-33.37,-1.77118854,240.507,-0.7750647642,0.7343104325
1.623,-0.53,-1.06,-1.765833351,-32.64,-1.740810488,238.142,-0.8279337892,0.6874305734
1.624,-0.49,-0.98,-1.627949697,-31.01,-1.671791978,234.502,-0.9103399342,0.6304672853
1.625,-0.45,-0.9,-1.49081922,-29.55,-1.608554849,228.909,-1.039486644,0.5629893729
1.626,-0.49,-0.98,-1.627949697,-30.99,-1.670934826,224.963,-1.132515657,0.5806950068
1.627,-0.7,-1.4,-2.36024152,-38.21,-1.964538269,225.548,-1.118621426,0.765526847
1.628,-0.94,-1.88,-3.222566205,-46.74,-2.273393291,227.964,-1.061618647,0.9662832591
1.629,-0.94,-1.88,-3.222566205,-46.73,-2.27305349,234.61,-0.9078765566,1.013089303
1.63,-0.7,-1.4,-2.36024152,-38.78,-1.986412608,241.428,-0.7546165461,0.8610785902
1.631,-0.53,-1.06,-1.765833351,-32.79,-1.747079211,247.26,-0.6269167402,0.7438232361
1.632,-0.62,-1.24,-2.078825379,-36.12,-1.882737567,251.741,-0.5308287788,0.8613085704
1.633,-0.87,-1.74,-2.968253959,-44.96,-2.212113787,251.832,-0.5288951961,1.082905593
1.634,-1.03,-2.06,-3.552928391,-50.7,-2.404112018,251.866,-0.528172938,1.211658637
1.635,-1.13,-2.26,-3.924469479,-53.91,-2.504673445,250.779,-0.5513123666,1.284191001
1.636,-1.22,-2.44,-4.262881251,-57.33,-2.606821773,250.219,-0.5632724992,1.344717502
1.637,-1.15,-2.3,-3.99934258,-54.97,-2.536869595,248.195,-0.606724166,1.272219913
1.638,-0.76,-1.52,-2.573280717,-42.68,-2.13123449,245.457,-0.6660714398,0.919913939
1.639,-0.26,-0.52,-0.8497350368,-25.41,-1.421728351,240.437,-0.7766221181,0.3865330159
1.64,-0.03,-0.06,-0.0964223112,-15.84,-0.9446394691,237.023,-0.8531320301,0.053634353
1.641,-0.19,-0.38,-0.6178298248,-21.63,-1.241065966,235.124,-0.8961682234,0.2890791416
1.642,-0.55,-1.1,-1.83505762,-34.87,-1.832593747,233.188,-0.9404022341,0.6617599278
1.643,-0.91,-1.82,-3.113292801,-47.51,-2.299408598,229.209,-1.032479715,0.9343929054
1.644,-1.15,-2.3,-3.99934258,-56.14,-2.571843432,224.481,-1.143990728,1.076297383
1.645,-1.28,-2.56,-4.490607411,-60.61,-2.700248033,219.788,-1.257023525,1.13477363
1.646,-1.31,-2.62,-4.605105985,-61.71,-2.730635884,214.925,-1.376726112,1.121183375
1.647,-1.3,-2.6,-4.56689272,-61.59,-2.727343206,212.47,-1.438188668,1.096352845
1.648,-1.31,-2.62,-4.605105985,-61.77,-2.732280187,209.956,-1.501868739,1.087610773
1.649,-1.32,-2.64,-4.643366323,-62.13,-2.742117605,208.368,-1.542487211,1.083732695
1.65,-1.32,-2.64,-4.643366323,-62.25,-2.745385969,205.632,-1.613201284,1.065337472
1.651,-1.31,-2.62,-4.605105985,-61.95,-2.737204971,202.577,-1.693280631,1.039413373
1.652,-1.29,-2.58,-4.528726529,-61.25,-2.717984351,198.561,-1.800407445,1.002287259
1.653,-1.26,-2.52,-4.414510397,-60.3,-2.691600304,196.419,-1.858434749,0.9702145907
1.654,-1.23,-2.46,-4.300717927,-59.33,-2.664298981,194.632,-1.907331269,0.9407405436
1.655,-1.2,-2.4,-4.18734912,-58.39,-2.637486208,197.453,-1.830344848,0.937221902
1.656,-1.17,-2.34,-4.074403975,-57.45,-2.610316321,200.516,-1.747989823,0.9348595168
1.657,-1.14,-2.28,-3.961882493,-56.51,-2.582782512,200.274,-1.754450563,0.913458517
1.658,-1.1,-2.2,-3.81251288,-55.5,-2.552784956,200.156,-1.757603674,0.8844939999
1.659,-1.07,-2.14,-3.700979943,-54.57,-2.52477768,202.469,-1.69613364,0.8768201136
1.66,-1.05,-2.1,-3.62686002,-53.95,-2.505897326,204.586,-1.640484885,0.8747047029
1.661,-1.05,-2.1,-3.62686002,-53.71,-2.498543445,204.321,-1.647419225,0.8747932166
1.662,-1.05,-2.1,-3.62686002,-53.79,-2.500997565,203.523,-1.668355198,0.8698856216
1.663,-1.05,-2.1,-3.62686002,-53.96,-2.506203187,202.816,-1.68697243,0.8649435061
1.664,-1.06,-2.12,-3.663896445,-54.07,-2.509564744,203.687,-1.664045873,0.8778721305
1.665,-1.06,-2.12,-3.663896445,-54.14,-2.511701147,205.775,-1.609482095,0.8890399259
1.666,-1.06,-2.12,-3.663896445,-54.19,-2.513225832,208.232,-1.54598025,0.9026140508
1.667,-1.06,-2.12,-3.663896445,-54.25,-2.515054007,211.145,-1.471656667,0.919027425
1.668,-1.09,-2.18,-3.775288161,-55.26,-2.545592962,214.236,-1.393904529,0.9583171888
1.669,-1.15,-2.3,-3.99934258,-57.36,-2.607695966,215.933,-1.351693225,1.010090796
1.67,-1.17,-2.34,-4.074403975,-58.26,-2.633750103,218.991,-1.276459071,1.041991309
1.671,-1.13,-2.26,-3.924469479,-56.79,-2.591022532,223.21,-1.174368235,1.042247597
1.672,-0.97,-1.94,-3.332263271,-51.89,-2.441938868,227.426,-1.074259686,0.9476891649
1.673,-0.72,-1.44,-2.431066291,-44.11,-2.182279147,233.758,-0.9273407601,0.7817888887
1.674,-0.49,-0.98,-1.627949697,-36.4,-1.893843543,238.502,-0.8198522844,0.5999013155
1.675,-0.32,-0.64,-1.050346803,-30.2,-1.636875475,242.568,-0.7294138118,0.4438792877
1.676,-0.22,-0.44,-0.7169353312,-26.47,-1.470641008,244.643,-0.6838429314,0.3327642959
1.677,-0.17,-0.34,-0.5519948552,-24.68,-1.387603126,243.123,-0.7171868968,0.2622564955
1.678,-0.12,-0.24,-0.3882312192,-22.91,-1.303349294,242.106,-0.7396132479,0.1900334495
1.679,-0.09,-0.18,-0.2905379208,-21.48,-1.233691807,242.64,-0.7278260392,0.1481189281
1.68,-0.07,-0.14,-0.2256444232,-20.7,-1.19508923,243.907,-0.699962481,0.119070325
1.681,-0.06,-0.12,-0.1932682848,-20.38,-1.179126991,246.452,-0.6444281795,0.1059843365
1.682,-0.06,-0.12,-0.1932682848,-20.14,-1.167107229,248.726,-0.5952903522,0.1096621369
1.683,-0.05,-0.1,-0.16093922,-19.82,-1.151016555,249.928,-0.5694980696,0.09354132634
1.684,-0.04,-0.08,-0.1286572288,-19.49,-1.134345791,250.234,-0.5629517898,0.07580122088
1.685,-0.03,-0.06,-0.0964223112,-19.15,-1.117087496,247.205,-0.6281069155,0.05525018333
1.686,-0.02,-0.04,-0.0642344672,-18.85,-1.101789922,244.271,-0.6919842421,0.03580967353
1.687,-0.02,-0.04,-0.0642344672,-18.79,-1.098722549,240.752,-0.7696175929,0.03438049944
1.688,-0.02,-0.04,-0.0642344672,-18.47,-1.082318874,238.56,-0.8185514053,0.0337921361
1.689,0.04,0.08,0.1279040512,-16.2,-0.963789633,237.599,-0.8401465321,-0.07090275902
1.69,0.16,0.32,0.5070971392,-10.6,-0.6546554013,236.525,-0.8643845366,-0.3338273909
1.691,0.23,0.46,0.7251627128,-7.13,-0.45066962,233.416,-0.9351738172,-0.5232645285
1.692,0.15,0.3,0.47575662,-10.17,-0.6299047856,231.175,-0.9867867111,-0.2942779256
1.693,-0.06,-0.12,-0.1932682848,-18.26,-1.071513278,227.605,-1.070050522,0.09024633533
1.694,-0.34,-0.68,-1.117593981,-28.77,-1.57421266,225.094,-1.129401162,0.4133704199
1.695,-0.57,-1.14,-1.904470183,-37.19,-1.924931849,226.702,-1.091318327,0.6314032565
1.696,-0.73,-1.46,-2.466549287,-42.93,-2.140236312,227.718,-1.067395044,0.7689628306
1.697,-0.85,-1.7,-2.89601698,-47.36,-2.294363738,226.946,-1.085563203,0.8568282777
1.698,-0.91,-1.82,-3.113292801,-49.66,-2.370511976,224.181,-1.151145335,0.8840419511
1.699,-0.94,-1.88,-3.222566205,-50.65,-2.402508268,216.124,-1.346963062,0.8594721552
1.7,-0.93,-1.86,-3.186094663,-50.44,-2.395759741,211.416,-1.464794461,0.825294633
1.701,-0.89,-1.78,-3.040679233,-49.01,-2.349251248,208.094,-1.54952699,0.7799056647
1.702,-0.83,-1.66,-2.823968295,-47.28,-2.291668598,201.834,-1.712939119,0.7051797566
1.703,-0.8,-1.6,-2.71624832,-46.13,-2.252573643,201.146,-1.731207041,0.6818267709
1.704,-0.78,-1.56,-2.644670371,-45.61,-2.234677552,201.173,-1.730488954,0.6669758678
1.705,-0.77,-1.54,-2.608952007,-45.43,-2.228450748,200.233,-1.755545925,0.6548579785
1.706,-0.77,-1.54,-2.608952007,-45.3,-2.22394333,199.026,-1.787893197,0.6503136382
1.707,-0.77,-1.54,-2.608952007,-45.23,-2.221512679,199.766,-1.768038212,0.6539462908
1.708,-0.76,-1.52,-2.573280717,-44.99,-2.213159957,202.225,-1.702584935,0.6571625037
1.709,-0.73,-1.46,-2.466549287,-44.09,-2.181572641,205.538,-1.615647474,0.6495671078
1.71,-0.68,-1.36,-2.289605043,-42.33,-2.118575954,209.876,-1.50390765,0.6320539425
1.711,-0.61,-1.22,-2.043860193,-39.85,-2.02698052,214.734,-1.381482675,0.5996427351
1.712,-0.52,-1.04,-1.731291827,-37.12,-1.922191812,217.381,-1.315937035,0.5346581031
1.713,-0.45,-0.9,-1.49081922,-34.45,-1.815536867,218.593,-1.286191148,0.4806415045
1.714,-0.37,-0.74,-1.218817799,-31.72,-1.702058465,222.819,-1.183748121,0.4223490947
1.715,-0.29,-0.58,-0.9498290888,-28.92,-1.580847375,226.601,-1.093702383,0.3551360694
1.716,-0.22,-0.44,-0.7169353312,-26,-1.449046214,231.229,-0.9855371544,0.2944796799
1.717,-0.13,-0.26,-0.4208897992,-22.82,-1.299007415,237.244,-0.8481460197,0.1960222276
1.718,-0.05,-0.1,-0.16093922,-19.42,-1.130799456,242.737,-0.7256877013,0.08669018765
1.719,0.01,0.02,0.0320466232,-16.87,-0.9991717239,245.345,-0.6685131577,-0.01921623417
1.72,0.02,0.04,0.0640461728,-16.58,-0.9838982539,246.041,-0.6533576486,-0.0391179978
1.721,-0.03,-0.06,-0.0964223112,-18.65,-1.09155514,241.976,-0.7424867281,0.05257366961
1.722,-0.12,-0.24,-0.3882312192,-22.24,-1.270890974,236.886,-0.85622524,0.1825152836
1.723,-0.23,-0.46,-0.7500646472,-26.38,-1.466517247,231.377,-0.9821139389,0.3063199765
1.724,-0.33,-0.66,-1.083946855,-30.59,-1.653738882,227.02,-1.08381902,0.3959539466
1.725,-0.37,-0.74,-1.218817799,-32.07,-1.716862858,225.549,-1.118597706,0.4298482633
1.726,-0.25,-0.5,-0.8164645,-27.66,-1.524661514,225.068,-1.130019162,0.3075565763
1.727,0,0,0,-17.95,-1.055503049,226.688,-1.091648727,-0
1.728,0.11,0.22,0.3499238072,-12.63,-0.7695249792,227.488,-1.072801388,-0.1899358406
1.729,-0.02,-0.04,-0.0642344672,-17.91,-1.053432069,227.208,-1.079390407,0.03011711848
1.73,-0.24,-0.48,-0.7832410368,-26.86,-1.4884484,226.823,-1.088463578,0.303945592
1.731,-0.36,-0.72,-1.185029453,-31.29,-1.683765736,226.311,-1.100553605,0.4256083113
1.732,-0.27,-0.54,-0.8830526472,-28.21,-1.549314217,227.225,-1.078990128,0.3359780799
1.733,-0.12,-0.24,-0.3882312192,-22.27,-1.272351038,229.994,-1.014188223,0.1697898767
1.734,-0.03,-0.06,-0.0964223112,-18.51,-1.084373424,234.077,-0.9200448106,0.04810488627
1.735,0.03,0.06,0.0959986488,-16.28,-0.9680320117,239.377,-0.800260483,-0.05428889682
1.736,0.04,0.08,0.1279040512,-15.66,-0.9350278181,243.593,-0.7068543794,-0.07790086974
1.737,0.02,0.04,0.0640461728,-16.3,-0.9690918569,241.759,-0.7472866706,-0.03731471338
1.738,0,0,0,-17.04,-1.008096015,239.765,-0.7915958264,-0
1.739,-0.02,-0.04,-0.0642344672,-17.9,-1.05291414,238.527,-0.8192915219,0.03430951444
1.74,-0.07,-0.14,-0.2256444232,-19.99,-1.159573893,237.581,-0.8405518522,0.1128151186
1.741,-0.17,-0.34,-0.5519948552,-23.73,-1.342650085,237.892,-0.8335531362,0.2536504173
1.742,-0.31,-0.62,-1.016793825,-29.12,-1.589671068,235.854,-0.8795835713,0.4117816805
1.743,-0.44,-0.88,-1.456654285,-34.09,-1.800832412,229.634,-1.022568915,0.5159217965
1.744,-0.49,-0.98,-1.627949697,-36.04,-1.879555991,222.158,-1.199642662,0.5286926504
1.745,-0.43,-0.86,-1.422536423,-33.84,-1.790575003,213.743,-1.406230139,0.4449869041
1.746,-0.36,-0.72,-1.185029453,-31.31,-1.684619123,205.517,-1.616194116,0.3590113608
1.747,-0.44,-0.88,-1.456654285,-34.41,-1.813906888,202.159,-1.704331295,0.4140294684
1.748,-0.64,-1.28,-2.148896973,-41.99,-2.106216243,200.376,-1.75172649,0.5570059282
1.749,-0.79,-1.58,-2.680435809,-47.84,-2.310468255,200.972,-1.735837026,0.6624403309
1.75,-0.76,-1.52,-2.573280717,-46.98,-2.281533561,202.754,-1.688608153,0.648158404
1.751,-0.57,-1.14,-1.904470183,-40.79,-2.062093908,207.029,-1.57697795,0.5233395376
1.752,-0.37,-0.74,-1.218817799,-33.94,-1.7946825,212.051,-1.448749515,0.3757802826
1.753,-0.24,-0.48,-0.7832410368,-29.34,-1.599347375,217.212,-1.32009794,0.2682841952
1.754,-0.21,-0.42,-0.6838530888,-28.09,-1.543952303,221.615,-1.212735173,0.2480705901
1.755,-0.25,-0.5,-0.8164645,-29.83,-1.620787553,222.507,-1.191244653,0.2903467814
1.756,-0.32,-0.64,-1.050346803,-32.75,-1.745408904,224.425,-1.145325529,0.3633494629
1.757,-0.35,-0.7,-1.15128818,-33.88,-1.792218728,227.27,-1.07793071,0.4011248211
1.758,-0.26,-0.52,-0.8497350368,-30.84,-1.664498164,230.457,-1.003428985,0.3185000899
1.759,-0.06,-0.12,-0.1932682848,-23.05,-1.310092142,234.382,-0.9130783515,0.08693363166
1.76,0.19,0.38,0.6008362552,-12.33,-0.752753048,238.094,-0.8290122461,-0.3798517122
1.761,0.37,0.74,1.154374041,-3.42,-0.2215873049,240.722,-0.7702842955,-1.16383415
1.762,0.41,0.82,1.275311199,-1.32,-0.08673051104,242.709,-0.7263048657,-1.568580207
1.763,0.35,0.7,1.09362302,-4.3,-0.2769736057,243.693,-0.7046585436,-1.114086393
1.764,0.27,0.54,0.8487359928,-7.82,-0.4920113549,244.81,-0.680192121,-0.7240517625
1.765,0.21,0.42,0.6630936312,-10.87,-0.6701212323,246.486,-0.6436901557,-0.5047099129
1.766,0.12,0.24,0.3814526208,-15.18,-0.9092771192,248.149,-0.6077158169,-0.2514531292
1.767,-1.33226763e-14,-2.664535259e-14,-4.272276977e-14,-20.58,-1.189111962,248.596,-0.5980873329,2.390487165e-14
1.768,-0.06,-0.12,-0.1932682848,-23.6,-1.336450457,249.785,-0.5725600272,0.1012400332
1.769,0.02,0.04,0.0640461728,-20.47,-1.183623767,252.626,-0.5120537405,-0.03777025556
1.77,0.22,0.44,0.6941517088,-11.64,-0.7139102482,255.524,-0.4510305462,-0.5958686588
1.771,0.42,0.84,1.305427805,-1.2,-0.07890898373,258.044,-0.3985268536,-2.734247626
1.772,0.52,1.04,1.604004813,1.91,0.1282244698,259.726,-0.3637672822,-6.809822796
1.773,0.5,1,1.544666,1.47,0.09839736986,259.01,-0.3785362684,-5.513929011
1.774,0.43,0.86,1.335497337,-0.23,-0.01522226044,257.565,-0.4084671407,-3.152066899
1.775,0.36,0.72,1.124022067,-3.18,-0.2063673069,253.956,-0.4839614816,-1.628241623
1.776,0.26,0.52,0.8179132832,-7.42,-0.468092788,251.124,-0.5439573586,-0.80817466
1.777,0.09,0.18,0.2867249592,-13.77,-0.8326205898,249.1,-0.5872517991,-0.2019371328
1.778,-0.12,-0.24,-0.3882312192,-21.81,-1.249894007,246.971,-0.6331735318,0.2061695671
1.779,-0.32,-0.64,-1.050346803,-29.38,-1.601103361,242.928,-0.7214796564,0.4522321895
1.78,-0.44,-0.88,-1.456654285,-33.79,-1.788518985,239.244,-0.8032338169,0.5620344208
1.781,-0.51,-1.02,-1.696797377,-36.37,-1.892655812,236.171,-0.872397722,0.6136580561
1.782,-0.62,-1.24,-2.078825379,-40.74,-2.060238437,233.749,-0.9275467463,0.6957747133
1.783,-0.77,-1.54,-2.608952007,-46.16,-2.253601936,232.984,-0.9450846263,0.815632278
1.784,-0.84,-1.68,-2.859969101,-48.86,-2.344316145,231.695,-0.9747660523,0.8616746831
1.785,-0.79,-1.58,-2.680435809,-47.06,-2.284240608,230.84,-0.9945451186,0.8175086854
1.786,-0.66,-1.32,-2.219156861,-42.94,-2.140595694,229.092,-1.035211326,0.69876943
1.787,-0.58,-1.16,-1.939247075,-40.19,-2.039737475,226.012,-1.107626649,0.6161495774
1.788,-0.56,-1.12,-1.869740365,-39.58,-2.016804215,221.945,-1.20477458,0.580380144
1.789,-0.56,-1.12,-1.869740365,-39.67,-2.020200831,217.888,-1.303473702,0.5625521831
1.79,-0.58,-1.16,-1.939247075,-40.29,-2.043477333,212.542,-1.436376013,0.5572783914
1.791,-0.62,-1.24,-2.078825379,-41.74,-2.097088518,205.463,-1.617600024,0.5596230629
1.792,-0.66,-1.32,-2.219156861,-43.48,-2.159923705,197.075,-1.840596595,0.5547170603
1.793,-0.69,-1.38,-2.324899745,-44.57,-2.198471384,196.021,-1.869286348,0.5715433166
1.794,-0.69,-1.38,-2.324899745,-44.66,-2.201626598,194.382,-1.914207629,0.5648671973
1.795,-0.68,-1.36,-2.289605043,-44.06,-2.18051249,197.436,-1.830805484,0.5707862249
1.796,-0.64,-1.28,-2.148896973,-42.89,-2.138798253,201.7,-1.716492228,0.5573891211
1.797,-0.6,-1.2,-2.00894208,-41.49,-2.087927002,207.914,-1.554156708,0.5515914074
1.798,-0.56,-1.12,-1.869740365,-40.29,-2.043477333,212.092,-1.447715194,0.5355592251
1.799,-0.54,-1.08,-1.800421949,-39.6,-2.017559409,211.662,-1.458572913,0.5179382665
1.8,-0.49,-0.98,-1.627949697,-37.94,-1.954112242,212.276,-1.443075824,0.4792050557
1.801,-0.34,-0.68,-1.117593981,-32.62,-1.739973613,215.116,-1.371973775,0.3591301014
1.802,-0.1,-0.2,-0.32305528,-23.71,-1.341697053,217.018,-1.324878356,0.1211498759
1.803,0.11,0.22,0.3499238072,-15.18,-0.9092771192,221.533,-1.214715098,-0.1647481588
1.804,0.16,0.32,0.5070971392,-12.72,-0.7745428726,224.95,-1.132824827,-0.2658622872
1.805,0.09,0.18,0.2867249592,-15.55,-0.9291420015,227.014,-1.083960419,-0.1424293947
1.806,0.04,0.08,0.1279040512,-17.98,-1.057055512,229.033,-1.036589334,-0.06109157025
1.807,0.03,0.06,0.0959986488,-18.39,-1.078206264,232.423,-0.9579823758,-0.04714624516
1.808,0.06,0.12,0.1915736352,-16.98,-1.004948719,236.596,-0.8627788163,-0.10257044
1.809,0.11,0.22,0.3499238072,-14.72,-0.8844354223,236.707,-0.8602694301,-0.2005633255
1.81,0.14,0.28,0.4443690272,-13.25,-0.8039649764,237.441,-0.8437053904,-0.2696953445
1.811,0.13,0.26,0.4129343608,-13.73,-0.8304237177,237.656,-0.838863221,-0.2473717078
1.812,0.06,0.12,0.1915736352,-16.79,-0.9949646151,237.976,-0.8316643771,-0.1048782407
1.813,0.01,0.02,0.0320466232,-18.68,-1.093092217,237.016,-0.8532900339,-0.016464712
1.814,0,0,0,-19.32,-1.125727111,234.21,-0.9170058622,-0
1.815,-0.12,-0.24,-0.3882312192,-23.86,-1.348838081,228.591,-1.046924023,0.1620491528
1.816,-0.36,-0.72,-1.185029453,-33.69,-1.784402404,222.653,-1.187735353,0.3987128289
1.817,-0.6,-1.2,-2.00894208,-43.3,-2.153498153,217.604,-1.310451558,0.5799570569
1.818,-0.63,-1.26,-2.113837639,-44.27,-2.187923698,214.074,-1.397951598,0.5894900032
1.819,-0.4,-0.8,-1.32046528,-36.68,-1.904903701,215.589,-1.360223036,0.4044147093
1.82,-0.1,-0.2,-0.32305528,-26.1,-1.453653211,217.719,-1.307624922,0.1169948352
1.821,0.1,0.2,0.31834792,-18.11,-1.063775206,221.48,-1.215995196,-0.1396403426
1.822,0.17,0.34,0.5383905848,-14.98,-0.8984961455,223.519,-1.166967103,-0.2606633574
1.823,0.19,0.38,0.6008362552,-13.79,-0.8337185639,224.493,-1.143704743,-0.30384807
1.824,0.27,0.54,0.8487359928,-10.41,-0.6437372678,225.25,-1.125694662,-0.479665806
1.825,0.45,0.9,1.39549518,-0.88,-0.05799008367,225.732,-1.114258725,-1.190442823
1.826,0.65,1.3,1.98511742,4.72,0.3228432436,226.562,-1.094623244,-2.57212861
1.827,0.71,1.42,2.158332351,6.29,0.4347370739,228.917,-1.039299674,-3.570072565
1.828,0.59,1.18,1.810207839,3.32,0.2249820134,232.154,-0.9641779049,-2.448887853
1.829,0.4,0.8,1.24514752,-2.97,-0.1930093327,235.38,-0.8903463807,-1.149343198
1.83,0.27,0.54,0.8487359928,-8.91,-0.5565261699,237.855,-0.8343853012,-0.6102013036
1.831,0.23,0.46,0.7251627128,-10.91,-0.6724075418,235.913,-0.8782454107,-0.4676499094
1.832,0.17,0.34,0.5383905848,-13.53,-0.8194208608,230.854,-0.9942206613,-0.2968561197
1.833,0.07,0.14,0.2233378168,-18.2,-1.06842003,227.293,-1.077389311,-0.104080923
1.834,-0.08,-0.16,-0.2580676352,-24.65,-1.386192984,225.411,-1.121872055,0.1028951129
1.835,-0.18,-0.36,-0.5848888032,-28.97,-1.583055717,226.254,-1.101901257,0.2178391717
1.836,-0.19,-0.38,-0.6178298248,-29.69,-1.614677467,226.92,-1.08617616,0.2287535387
1.837,-0.17,-0.34,-0.5519948552,-28.66,-1.569337952,228.339,-1.052825146,0.2105112591
1.838,-0.1,-0.2,-0.32305528,-26.27,-1.461469761,229.664,-1.021870022,0.1300890366
1.839,-0.05,-0.1,-0.16093922,-24.19,-1.364493954,230.347,-1.005983216,0.06789317442
1.84,0,0,0,-22.31,-1.27429681,231.41,-0.9813509529,-0
1.841,0.06,0.12,0.1915736352,-19.85,-1.152528185,232.85,-0.9481625468,-0.09119554454
1.842,0.08,0.16,0.2550549248,-18.85,-1.101789922,233.75,-0.9275238585,-0.1256853066
1.843,0.08,0.16,0.2550549248,-18.88,-1.103322625,233.353,-0.9366180006,-0.1250305629
1.844,0.08,0.16,0.2550549248,-18.75,-1.096676176,231.435,-0.9807730056,-0.1227731234
1.845,0.1,0.2,0.31834792,-18.09,-1.062742215,227.194,-1.079720071,-0.1485897428
1.846,0.15,0.3,0.47575662,-16.03,-0.9547586358,223.78,-1.160723627,-0.2248927483
1.847,0.25,0.5,0.7870435,-11.56,-0.7093825356,221.995,-1.203569462,-0.4114287766
1.848,0.38,0.76,1.184678941,-4.63,-0.297573958,221.518,-1.215077359,-0.783180451
1.849,0.52,1.04,1.604004813,1.36,0.09096769082,223.558,-1.166033706,-1.492005877
1.85,0.56,1.12,1.722117555,2.4,0.1616457535,226.226,-1.102563385,-1.830253252
1.851,0.5,1,1.544666,0.94,0.06269922562,229.622,-1.022848497,-1.608776932
1.852,0.42,0.84,1.305427805,-1.66,-0.1088233646,233.152,-0.9412282408,-1.243203475
1.853,0.37,0.74,1.154374041,-3.82,-0.2468446163,233.097,-0.9424904419,-0.9706045683
1.854,0.36,0.72,1.124022067,-4.22,-0.2719656925,232.949,-0.9458883899,-0.9229529904
1.855,0.3,0.6,0.94092168,-6.6,-0.4186480073,232.653,-0.9526907671,-0.686133651
1.856,0.08,0.16,0.2550549248,-15.19,-0.9098153711,232.56,-0.9548297873,-0.136784698
1.857,-0.18,-0.36,-0.5848888032,-24.91,-1.398393886,232.978,-0.9452224057,0.2495667935
1.858,-0.38,-0.76,-1.252653219,-32.03,-1.715174777,231.098,-0.9885689913,0.4633032293
1.859,-0.52,-1.04,-1.731291827,-37.25,-1.927278198,224.755,-1.137464536,0.5649060876
1.86,-0.65,-1.3,-2.18400338,-41.67,-2.094526705,217.652,-1.309271563,0.6416371383
1.861,-0.8,-1.6,-2.71624832,-47.15,-2.287282234,210.082,-1.498659029,0.7174565403
1.862,-0.91,-1.82,-3.113292801,-51.13,-2.417856159,202.419,-1.697454993,0.7565145587
1.863,-0.93,-1.86,-3.186094663,-51.93,-2.443199029,198.837,-1.792976102,0.7521158981
1.864,-0.98,-1.96,-3.368923107,-53.81,-2.501610653,196.638,-1.852473018,0.7737387156
1.865,-1.12,-2.24,-3.887103539,-58.57,-2.642648004,198.504,-1.801943465,0.8745693651
1.866,-1.23,-2.46,-4.300717927,-62.7,-2.757594673,201.006,-1.734932001,0.9573049287
1.867,-1.21,-2.42,-4.225091649,-61.93,-2.736658373,203.034,-1.681224986,0.9563610682
1.868,-1.02,-2.04,-3.516033187,-56.22,-2.574213526,205.79,-1.60909212,0.8404915835
1.869,-0.76,-1.52,-2.573280717,-47.99,-2.315477691,207.717,-1.559228275,0.6641228365
1.87,-0.54,-1.08,-1.800421949,-41.03,-2.0709811,210.829,-1.479669484,0.5070681855
1.871,-0.43,-0.86,-1.422536423,-37.26,-1.927669054,213.357,-1.415900476,0.4254544164
1.872,-0.41,-0.82,-1.354441921,-36.45,-1.895821927,216.596,-1.335291769,0.4191873293
1.873,-0.45,-0.9,-1.49081922,-38.29,-1.96761948,218.614,-1.285677204,0.4582487749
1.874,-0.52,-1.04,-1.731291827,-41.09,-2.073197976,221.082,-1.225617805,0.5248222217
1.875,-0.55,-1.1,-1.83505762,-42.1,-2.11022177,222.803,-1.184132303,0.5570310838
1.876,-0.43,-0.86,-1.422536423,-38.3,-1.968004376,223.936,-1.156995371,0.4552116924
1.877,-0.17,-0.34,-0.5519948552,-29.03,-1.585703598,223.834,-1.159432783,0.2010810315
1.878,0.14,0.28,0.4443690272,-16.69,-0.9896990223,225.383,-1.12253666,-0.210378525
1.879,0.37,0.74,1.154374041,-5.85,-0.3729363483,227.425,-1.07428321,-0.7976495579
1.88,0.44,0.88,1.365519795,-2.27,-0.1482089132,229.141,-1.034067148,-1.15499234
1.881,0.36,0.72,1.124022067,-5.46,-0.3489809216,229.71,-1.020798564,-0.8205861447
1.882,0.23,0.46,0.7251627128,-11.32,-0.6957691206,229.845,-1.017655306,-0.4232242179
1.883,0.13,0.26,0.4129343608,-16.13,-0.9600736144,230.498,-1.002477265,-0.2104069582
1.884,0.1,0.2,0.31834792,-17.18,-1.015429303,232.675,-0.9521848874,-0.1617938728
1.885,0.12,0.24,0.3814526208,-16.16,-0.961666644,234.272,-0.9155897992,-0.2031968633
1.886,0.13,0.26,0.4129343608,-15.76,-0.9403706388,235.531,-0.8869153713,-0.2259823358
1.887,0.11,0.22,0.3499238072,-16.66,-0.9881178902,236.947,-0.8548477505,-0.1898699571
1.888,0.1,0.2,0.31834792,-17.19,-1.015952553,238.195,-0.8267432455,-0.1727620589
1.889,0.15,0.3,0.47575662,-15.12,-0.9060460152,238.537,-0.8190672333,-0.2757828336
1.89,0.23,0.46,0.7251627128,-11.53,-0.7076833433,238.451,-0.8209964223,-0.4743718921
1.891,0.28,0.56,0.8795116288,-8.94,-0.5582881546,237.374,-0.8452152416,-0.6266544357
1.892,0.3,0.6,0.94092168,-8.12,-0.5098642897,236.688,-0.8606988811,-0.6865219349
1.893,0.28,0.56,0.8795116288,-8.71,-0.5447609703,236.765,-0.8589586873,-0.6265578914
1.894,0.25,0.5,0.7870435,-9.91,-0.6148676309,236.518,-0.8645428731,-0.5319980478
1.895,0.22,0.44,0.6941517088,-11.35,-0.6974732837,236.157,-0.8727148745,-0.4420818646
1.896,0.14,0.28,0.4443690272,-14.54,-0.8746709042,234.118,-0.9191078078,-0.2477278966
1.897,-0.03,-0.06,-0.0964223112,-21.01,-1.210483013,229.823,-1.018167414,0.04326488804
1.898,-0.24,-0.48,-0.7832410368,-29.52,-1.607241227,224.689,-1.139035811,0.2852010289
1.899,-0.44,-0.88,-1.456654285,-37.29,-1.928841275,219.008,-1.276043774,0.4545106182
1.9,-0.57,-1.14,-1.904470183,-42.07,-2.10913,213.602,-1.409760542,0.5412132491
1.901,-0.62,-1.24,-2.078825379,-44.19,-2.185103088,210.795,-1.480532338,0.5671118749
1.902,-0.65,-1.3,-2.18400338,-45.26,-2.222554694,207.55,-1.56353129,0.5768499156
1.903,-0.65,-1.3,-2.18400338,-45.04,-2.214902545,206.899,-1.580338438,0.5754584201
1.904,-0.59,-1.18,-1.974071041,-43.12,-2.147055498,205.015,-1.629278121,0.5227480514
1.905,-0.5,-1,-1.66235,-40.4,-2.047584795,204.548,-1.641478691,0.4506157202
1.906,-0.46,-0.92,-1.525031229,-38.79,-1.986794726,205.646,-1.612837053,0.4236631196
1.907,-0.44,-0.88,-1.456654285,-38.31,-1.968389214,207.812,-1.556781995,0.4132151882
1.908,-0.39,-0.78,-1.286535713,-36.47,-1.896612871,210.514,-1.487668906,0.380150294
1.909,-0.26,-0.52,-0.8497350368,-31.94,-1.711372967,211.36,-1.46621176,0.267415383
1.91,-0.12,-0.24,-0.3882312192,-26.98,-1.493907299,210.55,-1.486754081,0.130250025
1.911,-0.08,-0.16,-0.2580676352,-25.45,-1.42358781,211.113,-1.472467545,0.0891100492
1.912,-0.15,-0.3,-0.48634818,-28.33,-1.55466675,212.163,-1.445924526,0.1620841145
1.913,-0.25,-0.5,-0.8164645,-32.58,-1.738299124,214.464,-1.388213835,0.2611422088
1.914,-0.31,-0.62,-1.016793825,-34.85,-1.831783907,217.214,-1.32004868,0.3226040079
1.915,-0.29,-0.58,-0.9498290888,-34.24,-1.806968749,219.494,-1.264184758,0.3092743774
1.916,-0.22,-0.44,-0.7169353312,-31.64,-1.698663905,221.115,-1.224819293,0.2452332655
1.917,-0.1,-0.2,-0.32305528,-27.51,-1.517903665,219.916,-1.253908703,0.1165501979
1.918,0.01,0.02,0.0320466232,-22.96,-1.305759017,221.052,-1.22634383,-0.01265613016
1.919,0.1,0.2,0.31834792,-19.49,-1.134345791,222.09,-1.201280486,-0.1363008813
1.92,0.15,0.3,0.47575662,-17.4,-1.02692367,221.878,-1.206389863,-0.2130272409
1.921,0.18,0.36,0.5696369568,-15.85,-0.945172734,220.655,-1.235960841,-0.2611655533
1.922,0.24,0.48,0.7561266432,-13.4,-0.8122524512,221.24,-1.221795703,-0.3717348784
1.923,0.34,0.68,1.063176899,-8.51,-0.5329633153,225.77,-1.113358175,-0.6457893586
1.924,0.46,0.92,1.425423491,-2.02,-0.1321062886,228.869,-1.040421595,-1.215684088
1.925,0.54,1.08,1.663155331,1.01,0.06739971161,231.471,-0.9799408712,-1.82255377
1.926,0.54,1.08,1.663155331,1.19,0.07950673123,234.338,-0.9140827891,-1.992814574
1.927,0.52,1.04,1.604004813,0.49,0.03258588131,236.051,-0.8751167822,-1.903793453
1.928,0.51,1.02,1.574358943,0.25,0.01659890551,238.041,-0.8302032948,-1.935042342
1.929,0.54,1.08,1.663155331,1.07,0.07143217463,239.197,-0.8042849392,-2.269426291
1.93,0.59,1.18,1.810207839,2.34,0.1575417291,239.991,-0.7865553471,-2.877851587
1.931,0.64,1.28,1.956083507,3.61,0.245106061,241.148,-0.7608248953,-3.792926256
1.932,0.68,1.36,2.071936717,4.63,0.3164980837,241.843,-0.7454281174,-4.830477126
1.933,0.7,1.4,2.12958088,5.08,0.3482985823,242.07,-0.7404088264,-5.431076876
1.934,0.71,1.42,2.158332351,5.34,0.3667574801,242.955,-0.7208850689,-6.094787358
1.935,0.74,1.48,2.244304323,6.17,0.4261037932,242.391,-0.7333190906,-7.305314357
1.936,0.8,1.6,2.41497728,7.6,0.5298619186,242.089,-0.739988923,-11.49294108
1.937,0.85,1.7,2.55591022,8.92,0.6273534251,240.795,-0.7686621306,-18.08742222
1.938,0.84,1.68,2.527817779,8.67,0.6087618467,238.813,-0.8128805771,-12.38405595
1.939,0.69,1.38,2.100782335,5.02,0.3440477163,237.27,-0.8475597356,-4.172258565
1.94,0.37,0.74,1.154374041,-5.25,-0.336029081,234.45,-0.9115264096,-0.9253087734
1.941,-0.05,-0.1,-0.16093922,-22.2,-1.268943242,229.819,-1.01826053,0.07036505534
1.942,-0.43,-0.86,-1.422536423,-36.71,-1.906086008,223.128,-1.17633401,0.4614998653
1.943,-0.66,-1.32,-2.219156861,-45.15,-2.218731721,213.312,-1.417028986,0.6103693394
1.944,-0.7,-1.4,-2.36024152,-46.8,-2.275431052,206.308,-1.5956424,0.609712409
1.945,-0.62,-1.24,-2.078825379,-44.02,-2.179098226,202.094,-1.706051752,0.5350695317
1.946,-0.46,-0.92,-1.525031229,-38.97,-1.993663194,196.382,-1.859442638,0.3957927176
1.947,-0.3,-0.6,-0.98328792,-33.33,-1.769532425,191.586,-1.99172111,0.2614255887
1.948,-0.19,-0.38,-0.6178298248,-29.51,-1.606803225,189.751,-2.043210086,0.1692678279
1.949,-0.16,-0.32,-0.5191479808,-28.33,-1.55466675,190.956,-2.009342721,0.1456640295
1.95,-0.17,-0.34,-0.5519948552,-28.73,-1.572440945,190.927,-2.010155273,0.1540767705
1.951,-0.19,-0.38,-0.6178298248,-29.68,-1.614240553,191.665,-1.989515506,0.1714405233
1.952,-0.22,-0.44,-0.7169353312,-30.83,-1.66406855,195.181,-1.892261726,0.2015941366
1.953,-0.25,-0.5,-0.8164645,-31.88,-1.708835633,196.018,-1.869368227,0.2281771894
1.954,-0.26,-0.52,-0.8497350368,-32.57,-1.737880348,197.992,-1.81576051,0.2391167455
1.955,-0.26,-0.52,-0.8497350368,-32.55,-1.737042611,203.514,-1.668591786,0.2495085901
1.956,-0.24,-0.48,-0.7832410368,-31.52,-1.693564582,206.909,-1.580079864,0.2392565991
1.957,-0.17,-0.34,-0.5519948552,-29.21,-1.59363332,207.251,-1.571244146,0.1744127099
1.958,-0.1,-0.2,-0.32305528,-26.71,-1.481611357,211.121,-1.472264814,0.1093665615
1.959,-0.09,-0.18,-0.2905379208,-26.06,-1.451811216,209.991,-1.50097696,0.09839443386
1.96,-0.15,-0.3,-0.48634818,-28.47,-1.560899531,209.061,-1.524723455,0.1576174997
1.961,-0.24,-0.48,-0.7832410368,-32.57,-1.737880348,206.42,-1.592738793,0.235163795
1.962,-0.31,-0.62,-1.016793825,-35.52,-1.858783927,205.593,-1.614216056,0.2927710422
1.963,-0.32,-0.64,-1.050346803,-35.96,-1.876370655,207.907,-1.554336834,0.3061604076
1.964,-0.29,-0.58,-0.9498290888,-34.92,-1.834617301,211.222,-1.469705993,0.2874504109
1.965,-0.26,-0.52,-0.8497350368,-33.75,-1.78687308,217.333,-1.317118502,0.2737555868
1.966,-0.25,-0.5,-0.8164645,-33.32,-1.769118245,222.331,-1.195478104,0.2754049469
1.967,-0.24,-0.48,-0.7832410368,-33,-1.755832221,223.822,-1.15971961,0.2686424671
1.968,-0.2,-0.4,-0.65081792,-31.73,-1.702482505,225.43,-1.12142112,0.2304674686
1.969,-0.13,-0.26,-0.4208897992,-28.85,-1.577752985,226.393,-1.098615473,0.1572615303
1.97,-0.02,-0.04,-0.0642344672,-24.98,-1.401670901,227.879,-1.063613851,0.02605559749
1.971,0.05,0.1,0.15976238,-22,-1.259187749,231.386,-0.981905841,-0.07128768772
1.972,0.11,0.22,0.3499238072,-19.44,-1.131813056,235.004,-0.8988993945,-0.1723157836
1.973,0.24,0.48,0.7561266432,-13.84,-0.8364621522,238.728,-0.8147851257,-0.4579124237
1.974,0.45,0.9,1.39549518,-3.83,-0.2474743014,241.595,-0.7509171362,-1.397743538
1.975,0.65,1.3,1.98511742,3.43,0.2326062531,243.428,-0.7104794799,-4.154067039
1.976,0.74,1.48,2.244304323,5.67,0.3902762999,246.065,-0.6528358098,-8.54779293
1.977,0.64,1.28,1.956083507,3.29,0.2229045868,250.179,-0.5641278184,-5.732562517
1.978,0.49,0.98,1.514925983,-1.6,-0.104931936,254.189,-0.4790552045,-2.594108462
1.979,0.41,0.82,1.275311199,-5.8,-0.3698722461,257.136,-0.4173855245,-1.619941075
1.98,0.48,0.96,1.485138893,-1.96,-0.1282336076,259.984,-0.3584554732,-3.051514717
1.981,0.67,1.34,2.043044025,3.79,0.2576354299,261.199,-0.3335112146,-26.92616668
1.982,0.78,1.56,2.358274589,6.61,0.4578249719,261.914,-0.3188862583,16.973488
1.983,0.67,1.34,2.043044025,4.02,0.2736882735,261.127,-0.3349861555,-33.32976535
1.984,0.43,0.86,1.335497337,-4.06,-0.2619335767,260.418,-0.3495319851,-2.184092483
1.985,0.19,0.38,0.6008362552,-15.16,-0.908200388,258.388,-0.3913994863,-0.462324033
1.986,0.08,0.16,0.2550549248,-20.14,-1.167107229,254.715,-0.4679957473,-0.1559870714
1.987,0.11,0.22,0.3499238072,-18.87,-1.102811797,248.734,-0.5951182781,-0.2060884676
1.988,0.22,0.44,0.6941517088,-14.34,-0.8637924207,241.215,-0.7593386702,-0.4276621357
1.989,0.34,0.68,1.063176899,-8.58,-0.5370961905,235.276,-0.8927107403,-0.7435807425
1.99,0.4,0.8,1.24514752,-5.19,-0.3323217565,230.703,-0.9977212041,-0.9361709034
1.991,0.38,0.76,1.184678941,-6.18,-0.3931071275,229.747,-1.019936895,-0.8383878508
1.992,0.32,0.64,1.002143437,-8.94,-0.5582881546,227.491,-1.072730835,-0.6144278166
1.993,0.27,0.54,0.8487359928,-10.97,-0.6758346262,226.895,-1.086765607,-0.4815249521
1.994,0.24,0.48,0.7561266432,-12.17,-0.7437792651,228.903,-1.039626877,-0.4239789387
1.995,0.21,0.42,0.6630936312,-13.73,-0.8304237177,230.578,-1.000620738,-0.3621395587
1.996,0.18,0.36,0.5696369568,-15.08,-0.9038904282,230.782,-0.9958895086,-0.2998436533
1.997,0.18,0.36,0.5696369568,-14.78,-0.8876847721,227.338,-1.07633021,-0.2900369712
1.998,0.21,0.42,0.6630936312,-13.41,-0.8128043309,222.697,-1.186678206,-0.3316326194
1.999,0.2,0.4,0.63198848,-14.12,-0.8517907325,218.82,-1.280638272,-0.2963702326
2,0.1,0.2,0.31834792,-18.14,-1.065324141,215.621,-1.359428991,-0.1312908584
2.001,-0.01,-0.02,-0.0320936968,-22.83,-1.299490124,214.242,-1.393754696,0.01191636815
2.002,-0.1,-0.2,-0.32305528,-26.42,-1.468350696,212.705,-1.432274632,0.1113743567
2.003,-0.17,-0.34,-0.5519948552,-29.35,-1.599786467,211.277,-1.468313091,0.1799142579
2.004,-0.24,-0.48,-0.7832410368,-32.48,-1.734108591,209.656,-1.509518664,0.2414707286
2.005,-0.33,-0.66,-1.083946855,-36.07,-1.880749522,207.977,-1.552535851,0.3157170865
2.006,-0.32,-0.64,-1.050346803,-35.56,-1.860387443,207.418,-1.566934926,0.3064627982
2.007,-0.1,-0.2,-0.32305528,-27.74,-1.528259664,209.928,-1.502582269,0.1065892868
2.008,0.2,0.4,0.63198848,-15.92,-0.9489034806,212.92,-1.426869639,-0.2660138188
2.009,0.34,0.68,1.063176899,-8.99,-0.5612231769,219.226,-1.270721046,-0.5803544049
2.01,0.28,0.56,0.8795116288,-12.34,-0.7533132446,224.646,-1.140059768,-0.4645210546
2.011,0.12,0.24,0.3814526208,-19.56,-1.137888583,227.207,-1.079413953,-0.1720345395
2.012,0.08,0.16,0.2550549248,-21.52,-1.235659803,227.281,-1.077671773,-0.110254374
2.013,0.18,0.36,0.5696369568,-17.33,-1.023270261,222.691,-1.18682235,-0.2577434782
2.014,0.33,0.66,1.032683705,-10.81,-0.6666893869,219.895,-1.254419604,-0.5375456103
2.015,0.47,0.94,1.455304729,-3.7,-0.2392817514,221.789,-1.208536293,-1.005171012
2.016,0.58,1.16,1.780891485,1.29,0.0862453457,224.274,-1.148926384,-1.675847617
2.017,0.63,1.26,1.927002521,2.46,0.1657530267,228.873,-1.040328093,-2.203358631
2.018,0.63,1.26,1.927002521,2.58,0.1739773267,232.625,-0.9533346832,-2.472553194
2.019,0.69,1.38,2.100782335,3.93,0.2674009624,234.737,-0.9049812573,-3.294929834
2.02,0.81,1.62,2.443258015,7.06,0.4904547193,237.494,-0.8425113323,-6.939957737
2.021,0.91,1.82,2.723476319,9.69,0.6849914265,241.249,-0.7585846243,-37.0071746
2.022,0.88,1.76,2.639905101,8.98,0.6318242889,246.069,-0.6527488417,-126.163036
2.023,0.72,1.44,2.187036749,5.12,0.3511343416,253.231,-0.4992566396,-14.76507439
2.024,0.54,1.08,1.663155331,0.5,0.03325311302,258.629,-0.3864118356,-4.709370673
2.025,0.41,0.82,1.275311199,-4.95,-0.317462192,259.625,-0.3658481485,-1.866371872
2.026,0.35,0.7,1.09362302,-7.19,-0.4542800947,260.288,-0.3522033582,-1.356039006
2.027,0.37,0.74,1.154374041,-6.6,-0.4186480073,258.224,-0.3947962329,-1.419118833
2.028,0.37,0.74,1.154374041,-6.64,-0.4210728386,257.579,-0.4081763482,-1.392071357
2.029,0.31,0.62,0.9715560952,-8.88,-0.5547634564,259.203,-0.3745512273,-1.045454368
2.03,0.27,0.54,0.8487359928,-10.84,-0.6684056668,260.935,-0.3389213205,-0.8425625477
2.031,0.27,0.54,0.8487359928,-10.56,-0.6523592365,261.287,-0.331709061,-0.8624767153
2.032,0.26,0.52,0.8179132832,-10.88,-0.6706929287,260.282,-0.3523266846,-0.7995088976
2.033,0.13,0.26,0.4129343608,-16.39,-0.9738574527,256.913,-0.4220273002,-0.2958226744
2.034,-0.06,-0.12,-0.1932682848,-24.43,-1.375833207,253.281,-0.4982003961,0.1031295727
2.035,-0.09,-0.18,-0.2905379208,-25.55,-1.42823174,248.336,-0.6036856849,0.1429870709
2.036,0.06,0.12,0.1915736352,-19.78,-1.14900004,242.643,-0.7277598922,-0.102076793
2.037,0.11,0.22,0.3499238072,-17.5,-1.032136534,238.563,-0.8184841271,-0.1890845674
2.038,-0.06,-0.12,-0.1932682848,-24.42,-1.375361524,235.375,-0.8904600279,0.08529722238
2.039,-0.25,-0.5,-0.8164645,-32.44,-1.732430652,235.029,-0.8983302855,0.3103529813
2.04,-0.2,-0.4,-0.65081792,-30.38,-1.644670562,234.479,-0.910864689,0.2546699051
2.041,0.1,0.2,0.31834792,-18.99,-1.108936933,233.059,-0.9433626821,-0.155117663
2.042,0.35,0.7,1.09362302,-7.39,-0.4662936004,230.781,-0.9959126907,-0.7479266275
2.043,0.38,0.76,1.184678941,-5.83,-0.3717109579,226.239,-1.102255958,-0.8037350959
2.044,0.22,0.44,0.6941517088,-12.02,-0.7353481389,222.021,-1.202942908,-0.3581256333
2.045,-0.02,-0.04,-0.0642344672,-20.49,-1.184622264,218.83,-1.280393784,0.02605843773
2.046,-0.21,-0.42,-0.6838530888,-27.3,-1.508417823,217.075,-1.323473358,0.2414828272
2.047,-0.3,-0.6,-0.98328792,-30.47,-1.648560403,219.193,-1.27152644,0.3367324237
2.048,-0.29,-0.58,-0.9498290888,-30.26,-1.639476122,221.77,-1.208994631,0.3334522876
2.049,-0.26,-0.52,-0.8497350368,-29.26,-1.595832319,224.967,-1.132420531,0.3114575824
2.05,-0.29,-0.58,-0.9498290888,-30.29,-1.640775588,228.249,-1.054934268,0.3523484126
2.051,-0.41,-0.82,-1.354441921,-34.4,-1.813499243,231.142,-0.9875504728,0.4835479759
2.052,-0.58,-1.16,-1.939247075,-40.47,-2.050195159,233.984,-0.9221708156,0.6524254051
2.053,-0.71,-1.42,-2.395630369,-44.93,-2.211067154,235.923,-0.878018637,0.7755143529
2.054,-0.67,-1.34,-2.254357415,-43.81,-2.171659624,237.534,-0.8416103327,0.7481431957
2.055,-0.48,-0.96,-1.593596467,-37.36,-1.93157444,236.548,-0.8638643209,0.5700702479
2.056,-0.27,-0.54,-0.8830526472,-29.88,-1.622966693,235.707,-0.882919089,0.3523914192
2.057,-0.17,-0.34,-0.5519948552,-26.37,-1.466058718,231.401,-0.9815590292,0.2255233097
2.058,-0.21,-0.42,-0.6838530888,-27.66,-1.524661514,227.946,-1.062041099,0.2643725202
2.059,-0.29,-0.58,-0.9498290888,-30.48,-1.648992291,227.011,-1.08403112,0.3475378532
2.06,-0.35,-0.7,-1.15128818,-32.59,-1.738717839,226.282,-1.10123921,0.405389293
2.061,-0.37,-0.74,-1.218817799,-33.42,-1.773257312,227.616,-1.069791966,0.4287009053
2.062,-0.34,-0.68,-1.117593981,-32.49,-1.734527922,226.834,-1.088204131,0.3959263437
2.063,-0.29,-0.58,-0.9498290888,-30.61,-1.654601076,220.383,-1.24255982,0.3278482359
2.064,-0.29,-0.58,-0.9498290888,-30.36,-1.643805456,213.593,-1.409985966,0.3110327319
2.065,-0.38,-0.76,-1.252653219,-33.77,-1.787696154,208.345,-1.543077785,0.3760847305
2.066,-0.57,-1.14,-1.904470183,-40.44,-2.049076763,204.12,-1.652684858,0.5144767218
2.067,-0.79,-1.58,-2.680435809,-48.08,-2.318478066,202.632,-1.691828294,0.6683867935
2.068,-0.99,-1.98,-3.405630017,-54.93,-2.535663524,200.509,-1.748176594,0.7949946598
2.069,-1.14,-2.28,-3.961882493,-60.18,-2.688242787,198.556,-1.800542166,0.8826180214
2.07,-1.23,-2.46,-4.300717927,-63.42,-2.77697356,196.355,-1.860178245,0.9274481639
2.071,-1.27,-2.54,-4.452535367,-64.95,-2.817532817,194.905,-1.899832365,0.9438606499
2.072,-1.26,-2.52,-4.414510397,-64.49,-2.805426099,193.755,-1.93149252,0.9319371414
2.073,-1.17,-2.34,-4.074403975,-61.8,-2.73310183,193.468,-1.939423094,0.871991919
2.074,-1,-2,-3.442384,-56.63,-2.586317967,193.537,-1.937515367,0.7609440371
2.075,-0.75,-1.5,-2.5376565,-48.74,-2.340360252,194.047,-1.92343583,0.5951636643
2.076,-0.49,-0.98,-1.627949697,-40.42,-2.048330889,195.11,-1.894208222,0.4129190988
2.077,-0.34,-0.68,-1.117593981,-35.25,-1.847935408,196.575,-1.854187356,0.3018792331
2.078,-0.33,-0.66,-1.083946855,-34.95,-1.835830718,198.31,-1.807174632,0.2975419334
2.079,-0.45,-0.9,-1.49081922,-39.49,-2.013403076,199.996,-1.761882048,0.3948891729
2.08,-0.62,-1.24,-2.078825379,-45.8,-2.241232402,201.638,-1.718137002,0.5250395119
2.081,-0.75,-1.5,-2.5376565,-50.68,-2.403470658,203.146,-1.67827457,0.6217086952
2.082,-0.82,-1.64,-2.788014563,-53.5,-2.492087893,204.298,-1.648021498,0.6734156758
2.083,-0.85,-1.7,-2.89601698,-54.62,-2.526292969,205.25,-1.623149155,0.6979292381
2.084,-0.83,-1.66,-2.823968295,-54,-2.507426187,206.25,-1.597146673,0.6880054006
2.085,-0.75,-1.5,-2.5376565,-51.44,-2.427711506,207.475,-1.565464908,0.6354982191
2.086,-0.6,-1.2,-2.00894208,-46.64,-2.269993025,208.984,-1.526694295,0.5291302418
2.087,-0.41,-0.82,-1.354441921,-40.35,-2.045718595,210.464,-1.488939757,0.3831889212
2.088,-0.23,-0.46,-0.7500646472,-34.45,-1.815536867,212.373,-1.440631688,0.2303519104
2.089,-0.1,-0.2,-0.32305528,-29.71,-1.615551103,215.314,-1.36705172,0.108313208
2.09,0.02,0.04,0.0640461728,-25.11,-1.407747973,219.179,-1.271868159,-0.02390124916
2.091,0.17,0.34,0.5383905848,-19.11,-1.115051599,223.079,-1.177509025,-0.2348424636
2.092,0.37,0.74,1.154374041,-10.31,-0.6379793222,227.166,-1.08037946,-0.6717887166
2.093,0.58,1.16,1.780891485,0.49,0.03258588131,230.735,-0.9969791759,-1.846644408
2.094,0.78,1.56,2.358274589,5.57,0.3831387118,234.315,-0.9146079111,-4.437274243
2.095,0.86,1.72,2.583955587,7.59,0.5291296552,237.509,-0.8421734397,-8.254294496
2.096,0.65,1.3,1.98511742,2.26,0.1520747473,240.366,-0.7782021831,-3.170468672
2.097,0.23,0.46,0.7251627128,-14.17,-0.8545216457,241.748,-0.7475301003,-0.4526462485
2.098,-0.17,-0.34,-0.5519948552,-30.12,-1.633404388,242.901,-0.7220743101,0.2343450847
2.099,-0.34,-0.68,-1.117593981,-36.86,-1.911989692,243.113,-0.7174069546,0.4250381859
2.1,-0.26,-0.52,-0.8497350368,-34.04,-1.798783951,243.022,-0.7194098962,0.3374382944
2.101,-0.11,-0.22,-0.3556197128,-28.71,-1.571554699,240.448,-0.776377361,0.151460819
2.102,-0.01,-0.02,-0.0320936968,-24.8,-1.393237573,236.93,-0.8552316054,0.01427357649
2.103,0.07,0.14,0.2233378168,-21.85,-1.251852694,233.277,-0.9383607089,-0.1019708018
2.104,0.11,0.22,0.3499238072,-20.08,-1.164095834,229.984,-1.014420842,-0.1606248008
2.105,0.12,0.24,0.3814526208,-19.66,-1.142943575,228.182,-1.056504933,-0.1734310303
2.106,0.1,0.2,0.31834792,-20.64,-1.192101881,227.306,-1.077083327,-0.1402917307
2.107,0.05,0.1,0.15976238,-22.44,-1.280612836,229.091,-1.035234679,-0.06898657143
2.108,0.03,0.06,0.0959986488,-23.51,-1.332151583,230.608,-0.9999247068,-0.0411644547
2.109,0.05,0.1,0.15976238,-22.7,-1.293209475,232.401,-0.958488804,-0.07095194835
2.11,0.11,0.22,0.3499238072,-20.3,-1.17512499,235.166,-0.8952126428,-0.1690177494
2.111,0.15,0.3,0.47575662,-18.5,-1.083859896,237.094,-0.8515296829,-0.2458195627
2.112,0.12,0.24,0.3814526208,-19.73,-1.146477775,238.252,-0.8254631451,-0.1934401872
2.113,0.01,0.02,0.0320466232,-24.51,-1.379604216,237.726,-0.837287646,-0.01445565467
2.114,-0.15,-0.3,-0.48634818,-31.04,-1.673077235,236.745,-0.8594106313,0.1920436368
2.115,-0.27,-0.54,-0.8830526472,-36,-1.877963793,232.646,-0.9528517388,0.3119428438
2.116,-0.31,-0.62,-1.016793825,-37.55,-1.938978796,228.793,-1.042198452,0.3410712414
2.117,-0.27,-0.54,-0.8830526472,-36.27,-1.888692906,225.016,-1.131255376,0.2924065463
2.118,-0.2,-0.4,-0.65081792,-33.76,-1.787284647,221.944,-1.204798685,0.2175133002
2.119,-0.14,-0.28,-0.4535954528,-31.58,-1.696115367,220.915,-1.229660593,0.1550342401
2.12,-0.1,-0.2,-0.32305528,-30.24,-1.638609494,220.514,-1.239380619,0.1122503092
2.121,-0.08,-0.16,-0.2580676352,-29.51,-1.606803225,222.069,-1.201786386,0.09188513488
2.122,-0.06,-0.12,-0.1932682848,-28.92,-1.580847375,224.078,-1.153603959,0.07067899962
2.123,-0.04,-0.08,-0.1286572288,-28.05,-1.542162911,227.083,-1.082334555,0.04902166243
2.124,-0.01,-0.02,-0.0320936968,-26.93,-1.491633917,230.098,-1.011769576,0.01282002558
2.125,0.03,0.06,0.0959986488,-25.55,-1.42823174,233.485,-0.9335925398,-0.04064597423
2.126,0.08,0.16,0.2550549248,-23.34,-1.324016234,237.522,-0.8418806167,-0.1177594975
2.127,0.18,0.36,0.5696369568,-19.44,-1.131813056,241.628,-0.7501864176,-0.3026764698
2.128,0.32,0.64,1.002143437,-13.13,-0.7973224563,245.376,-0.6678372135,-0.6839824064
2.129,0.49,0.98,1.514925983,-4.96,-0.3180823083,249.082,-0.5876384048,-1.672619342
2.13,0.62,1.24,1.897874461,1.16,0.07748688771,252.811,-0.5081373274,-4.406995293
2.131,0.7,1.4,2.12958088,3.04,0.2056245185,255.856,-0.444083852,-8.930583041
2.132,0.72,1.44,2.187036749,3.69,0.2506710171,258.172,-0.3958737006,-15.06195819
2.133,0.72,1.44,2.187036749,3.68,0.2499750781,258.816,-0.3825449511,-16.49723802
2.134,0.71,1.42,2.158332351,3.47,0.235381436,258.538,-0.3882945931,-14.11475894
2.135,0.7,1.4,2.12958088,3.05,0.2063146311,257.745,-0.4047295845,-10.73296565
2.136,0.67,1.34,2.043044025,2.41,0.1623300733,257.711,-0.4054353673,-8.403947077
2.137,0.63,1.26,1.927002521,1.43,0.0956944162,258.997,-0.3788047976,-6.806541361
2.138,0.57,1.14,1.751528057,-0.14,-0.00927127891,259.698,-0.3643440749,-4.688051599
2.139,0.49,0.98,1.514925983,-3.54,-0.2291788342,259.104,-0.3765949968,-2.500811203
2.14,0.39,0.78,1.214936767,-7.65,-0.4818619997,259.299,-0.3725701356,-1.421923073
2.141,0.26,0.52,0.8179132832,-12.79,-0.7784413185,254.784,-0.4665466768,-0.6569647951
2.142,0.08,0.16,0.2550549248,-19.51,-1.135358379,249.813,-0.5719603451,-0.1493891687
2.143,-0.13,-0.26,-0.4208897992,-27.44,-1.514744942,242.79,-0.7245196921,0.1879589365
2.144,-0.34,-0.68,-1.117593981,-35.01,-1.838255943,234.099,-0.9195420082,0.4052486806
2.145,-0.5,-1,-1.66235,-40.85,-2.064318663,230.778,-0.9959822376,0.5431982194
2.146,-0.6,-1.2,-2.00894208,-44.47,-2.194960674,225.033,-1.130851197,0.6040456159
2.147,-0.64,-1.28,-2.148896973,-46.18,-2.254287212,215.924,-1.351916216,0.5958890052
2.148,-0.65,-1.3,-2.18400338,-46.28,-2.257710568,206.136,-1.600104582,0.5661244241
2.149,-0.63,-1.26,-2.113837639,-45.74,-2.239164431,196.718,-1.850296872,0.5168987998
2.15,-0.66,-1.32,-2.219156861,-46.79,-2.27509155,190.917,-2.010435493,0.5178258913
2.151,-0.77,-1.54,-2.608952007,-50.87,-2.409556037,187.529,-2.106228733,0.5777405568
2.152,-0.93,-1.86,-3.186094663,-56.81,-2.591609851,182.82,-2.242286925,0.6591151633
2.153,-1.07,-2.14,-3.700979943,-61.9,-2.735838196,183.841,-2.212491751,0.747925054
2.154,-1.12,-2.24,-3.887103539,-63.67,-2.783658179,181.648,-2.276694454,0.7681487478
2.155,-1.08,-2.16,-3.738110515,-62.49,-2.751906617,180.258,-2.317790963,0.7373438861
2.156,-1.03,-2.06,-3.552928391,-60.92,-2.708858671,178.128,-2.381385156,0.6979878591
2.157,-1.02,-2.04,-3.516033187,-60.69,-2.702473674,179.154,-2.350658083,0.6958126873
2.158,-1.03,-2.06,-3.552928391,-61.05,-2.712458604,183.689,-2.216916969,0.7207664214
2.159,-0.99,-1.98,-3.405630017,-59.78,-2.677010475,183.634,-2.218519101,0.6956612077
2.16,-0.89,-1.78,-3.040679233,-56.57,-2.584550994,183.979,-2.208477288,0.6343962635
2.161,-0.78,-1.56,-2.644670371,-53.35,-2.487464795,185.603,-2.161459544,0.5688779121
2.162,-0.72,-1.44,-2.431066291,-51.44,-2.427711506,188.706,-2.072755129,0.5401809385
2.163,-0.66,-1.32,-2.219156861,-49.58,-2.367906163,192.916,-1.954709452,0.5133828817
2.164,-0.57,-1.14,-1.904470183,-46.55,-2.266928506,198.103,-1.812761987,0.4668173202
2.165,-0.47,-0.94,-1.559290311,-43.33,-2.154570265,201.512,-1.721481167,0.4022883439
2.166,-0.41,-0.82,-1.354441921,-41.19,-2.076888401,204.744,-1.63635472,0.3647598276
2.167,-0.35,-0.7,-1.15128818,-39.49,-2.013403076,208.129,-1.548627231,0.3232112253
2.168,-0.28,-0.56,-0.9164173312,-37.01,-1.917880312,211.252,-1.468946183,0.270582899
2.169,-0.19,-0.38,-0.6178298248,-33.88,-1.792218728,213.676,-1.407907416,0.1930642097
2.17,-0.11,-0.22,-0.3556197128,-31.16,-1.678212608,216.011,-1.34976103,0.1174447849
2.171,-0.06,-0.12,-0.1932682848,-29.05,-1.586585709,217.499,-1.313033706,0.06665298342
2.172,0,0,0,-26.92,-1.491179042,219.113,-1.273479413,-0
2.173,0.06,0.12,0.1915736352,-24.51,-1.379604216,220.774,-1.233076345,-0.07332455334
2.174,0.13,0.26,0.4129343608,-22.02,-1.260164562,222.68,-1.187086625,-0.1687339506
2.175,0.19,0.38,0.6008362552,-19.4,-1.129785566,224.43,-1.145206336,-0.2641047885
2.176,0.26,0.52,0.8179132832,-16.27,-0.9675019767,228.332,-1.052989159,-0.4048091421
2.177,0.35,0.7,1.09362302,-12.15,-0.7426561335,233.109,-0.9422150272,-0.6490840638
2.178,0.44,0.88,1.365519795,-7.83,-0.4926076386,237.784,-0.8359825209,-1.027796108
2.179,0.49,0.98,1.514925983,-5.3,-0.3391162088,241.552,-0.7518694343,-1.38858471
2.18,0.48,0.96,1.485138893,-5.8,-0.3698722461,244.419,-0.6887437418,-1.402906162
2.181,0.45,0.9,1.39549518,-7.54,-0.4752821432,244.994,-0.6761725538,-1.21194102
2.182,0.46,0.92,1.425423491,-6.77,-0.4289443897,245.231,-0.6709996226,-1.295905496
2.183,0.53,1.06,1.633603609,-2.97,-0.1930093327,244.093,-0.6958842021,-1.837794454
2.184,0.57,1.14,1.751528057,-0.7,-0.04618381899,244.219,-0.6931232623,-2.369148222
2.185,0.5,1,1.544666,-4.04,-0.2606780338,245.485,-0.6654611844,-1.66785508
2.186,0.35,0.7,1.09362302,-10.82,-0.6672615596,246.843,-0.6359470458,-0.8391772549
2.187,0.24,0.48,0.7561266432,-15.64,-0.9339583489,244.644,-0.6838210628,-0.4673855024
2.188,0.2,0.4,0.63198848,-17.13,-1.012811942,242.12,-0.7393038883,-0.3607001712
2.189,0.15,0.3,0.47575662,-19.35,-1.127249575,237.277,-0.8474019009,-0.2409319446
2.19,0.03,0.06,0.0959986488,-24.58,-1.382900269,233.016,-0.9443498623,-0.0412498199
2.191,-0.1,-0.2,-0.32305528,-29.82,-1.620351533,230.801,-0.9954490678,0.1235014931
2.192,-0.14,-0.28,-0.4535954528,-31.28,-1.683338948,231.551,-0.978092147,0.1704329124
2.193,-0.08,-0.16,-0.2580676352,-29.44,-1.603735414,227.689,-1.068076413,0.09658900099
2.194,-0.04,-0.08,-0.1286572288,-27.84,-1.532751452,223.301,-1.17218755,0.0475638189
2.195,-0.06,-0.12,-0.1932682848,-28.52,-1.563122439,220.222,-1.246469671,0.06878873418
2.196,-0.11,-0.22,-0.3556197128,-30.63,-1.655463018,217.036,-1.324434633,0.1193395729
2.197,-0.16,-0.32,-0.5191479808,-32.87,-1.75041688,214.786,-1.380187276,0.165829966
2.198,-0.2,-0.4,-0.65081792,-34.38,-1.812683774,212.609,-1.434689789,0.2004136289
2.199,-0.21,-0.42,-0.6838530888,-34.75,-1.827731124,211.448,-1.463984744,0.2077497318
2.2,-0.17,-0.34,-0.5519948552,-33.62,-1.781517189,210.596,-1.485585365,0.1689554724
2.201,-0.09,-0.18,-0.2905379208,-30.5,-1.649855876,210.552,-1.486703262,0.09262950513
2.202,0.05,0.1,0.15976238,-25.5,-1.425910617,211.362,-1.466161136,-0.0552414994
2.203,0.19,0.38,0.6008362552,-20,-1.160076618,212.928,-1.426668628,-0.2322750012
2.204,0.27,0.54,0.8487359928,-16.51,-0.9802021512,214.999,-1.374884392,-0.3603842056
2.205,0.28,0.56,0.8795116288,-16.14,-0.9606046993,218.45,-1.289692177,-0.3908424876
2.206,0.28,0.56,0.8795116288,-16.11,-0.9590112194,222.303,-1.196151917,-0.4080951525
2.207,0.35,0.7,1.09362302,-12.61,-0.7684090348,224.665,-1.139607298,-0.573172777
2.208,0.52,1.04,1.604004813,-4.19,-0.2700863258,227.36,-1.075812504,-1.191772203
2.209,0.69,1.38,2.100782335,2.48,0.16712284,230.053,-1.012815971,-2.484095303
2.21,0.77,1.54,2.329852633,4.47,0.3052362103,232.469,-0.9569236352,-3.575107549
2.211,0.74,1.48,2.244304323,3.57,0.242325773,234.455,-0.911412314,-3.354281077
2.212,0.66,1.32,2.014104259,1.46,0.09772149724,235.437,-0.8890509729,-2.545215768
2.213,0.6,1.2,1.83947712,0.1,0.00663293416,234.633,-0.9073520949,-2.042231586
2.214,0.6,1.2,1.83947712,0.06,0.003978700632,233.112,-0.9421461757,-1.960712952
2.215,0.62,1.24,1.897874461,0.5,0.03325311302,230.373,-1.005379379,-1.952292133
2.216,0.62,1.24,1.897874461,0.56,0.03725836599,228.231,-1.055356193,-1.864137621
2.217,0.6,1.2,1.83947712,-0.09,-0.005962092718,227.2,-1.079578784,-1.69452589
2.218,0.56,1.12,1.722117555,-2.27,-0.1482089132,226.978,-1.084808892,-1.396668846
2.219,0.51,1.02,1.574358943,-4.8,-0.3081503368,228.686,-1.044701081,-1.163733816
2.22,0.46,0.92,1.425423491,-7.15,-0.4518734412,231.624,-0.9764057433,-0.9980006056
2.221,0.43,0.86,1.335497337,-8.84,-0.5524120377,235.925,-0.8779732834,-0.9336626411
2.222,0.42,0.84,1.305427805,-9.36,-0.5828795432,239.993,-0.7865107623,-0.9532912563
2.223,0.43,0.86,1.335497337,-9.01,-0.5623966193,243.977,-0.69842728,-1.059225906
2.224,0.43,0.86,1.335497337,-8.85,-0.5530000139,247.159,-0.6291025382,-1.129764363
2.225,0.42,0.84,1.305427805,-9.65,-0.5997762913,249.013,-0.5891206522,-1.098015948
2.226,0.39,0.78,1.214936767,-11.23,-0.6906523648,250.151,-0.5647266232,-0.9677848513
2.227,0.35,0.7,1.09362302,-12.95,-0.7873377425,249.1,-0.5872517991,-0.7955996949
2.228,0.35,0.7,1.09362302,-13.28,-0.805623864,248.239,-0.6057758023,-0.7748499919
2.229,0.4,0.8,1.24514752,-10.85,-0.6689776014,247.128,-0.6297736058,-0.958726747
2.23,0.5,1,1.544666,-5.88,-0.3747738078,246.181,-0.6503143063,-1.506861682
2.231,0.6,1.2,1.83947712,-0.17,-0.0112557326,243.439,-0.7102377301,-2.549540939
2.232,0.65,1.3,1.98511742,1.18,0.07883336081,240.495,-0.7753317069,-2.85013946
2.233,0.6,1.2,1.83947712,-0.13,-0.008609618032,238.224,-0.826091928,-2.203754298
2.234,0.45,0.9,1.39549518,-6.62,-0.4198605886,235.79,-0.8810355139,-1.072718396
2.235,0.2,0.4,0.63198848,-16.64,-0.987063429,233.448,-0.9344404131,-0.328903053
2.236,-0.14,-0.28,-0.4535954528,-29.97,-1.626885128,228.809,-1.041824328,0.1699680914
2.237,-0.49,-0.98,-1.627949697,-43.2,-2.149921015,220.397,-1.242219967,0.4799180533
2.238,-0.73,-1.46,-2.466549287,-52.16,-2.450430774,211.885,-1.452939299,0.6319024948
2.239,-0.81,-1.62,-2.752107905,-55.24,-2.544992513,206.79,-1.583157705,0.6666685462
2.24,-0.75,-1.5,-2.5376565,-53.5,-2.492087893,202.569,-1.693491913,0.606285537
2.241,-0.66,-1.32,-2.219156861,-50.62,-2.401545457,202.001,-1.708514292,0.5399329928
2.242,-0.62,-1.24,-2.078825379,-49.38,-2.361378283,202.217,-1.702796585,0.5114999839
2.243,-0.6,-1.2,-2.00894208,-48.64,-2.337058358,204.505,-1.642603484,0.5048022067
2.244,-0.51,-1.02,-1.696797377,-45.83,-2.242265703,206.841,-1.581838414,0.4437110825
2.245,-0.34,-0.68,-1.117593981,-40.11,-2.036741606,208.578,-1.537098023,0.3127152018
2.246,-0.13,-0.26,-0.4208897992,-32.93,-1.752917555,210.524,-1.487414773,0.1298909361
2.247,0.04,0.08,0.1279040512,-26.66,-1.479329025,212.655,-1.43353239,-0.04391010522
2.248,0.17,0.34,0.5383905848,-21.66,-1.242538892,215.711,-1.357196372,-0.2070943885
2.249,0.28,0.56,0.8795116288,-16.94,-1.002849035,219.537,-1.263136768,-0.388136425
2.25,0.35,0.7,1.09362302,-13.85,-0.837010639,224.059,-1.154057615,-0.5492644554
2.251,0.36,0.72,1.124022067,-13.54,-0.8199717364,228.765,-1.042853233,-0.6033965003
2.252,0.34,0.68,1.063176899,-14.27,-0.8599777234,233.512,-0.9329739063,-0.5929757845
2.253,0.38,0.76,1.184678941,-12.87,-0.7828920179,237.647,-0.8390658286,-0.7304005732
2.254,0.48,0.96,1.485138893,-7.83,-0.4926076386,241.402,-0.7551927323,-1.190205523
2.255,0.63,1.26,1.927002521,0.19,0.01261012947,243.96,-0.698800074,-2.808264004
2.256,0.79,1.58,2.386649471,4.25,0.2897895594,246.857,-0.6356436227,-6.900741454
2.257,0.93,1.86,2.778955097,7.85,0.5481992408,250.181,-0.5640850492,-174.933188
2.258,1.01,2.02,2.998987263,9.9,0.7008097356,253.735,-0.4886192363,14.13346626
2.259,1.02,2.04,3.026279453,10.17,0.7212100352,256.982,-0.4205906253,10.06681323
2.26,0.99,1.98,2.944261663,9.61,0.6789765698,259.12,-0.3762646377,9.726282156
2.261,0.98,1.96,2.916828253,9.2,0.6482469267,257.64,-0.4069095083,12.08610033
2.262,0.98,1.96,2.916828253,9.17,0.6460047472,255.401,-0.4536064625,15.16036516
2.263,0.97,1.94,2.889347769,8.95,0.6295884267,251.316,-0.539868512,32.20408511
2.264,0.93,1.86,2.778955097,8.02,0.5607024247,248.275,-0.6049999933,-62.73380641
2.265,0.86,1.72,2.583955587,6.25,0.4318578194,247.507,-0.6215750335,-13.62003759
2.266,0.77,1.54,2.329852633,3.93,0.2674009624,247.131,-0.6297086601,-6.430591035
2.267,0.68,1.36,2.071936717,1.58,0.1058378764,246.814,-0.6365756199,-3.90388048
2.268,0.59,1.18,1.810207839,-1.16,-0.07629901523,245.897,-0.6564897507,-2.47029966
2.269,0.49,0.98,1.514925983,-5.71,-0.3643515993,243.791,-0.7025074986,-1.419986938
2.27,0.34,0.68,1.063176899,-11.85,-0.7257715294,241.743,-0.7476407539,-0.7215746138
2.271,0.13,0.26,0.4129343608,-19.93,-1.15655603,238.996,-0.8087824959,-0.2101085158
2.272,-0.08,-0.16,-0.2580676352,-28.28,-1.552437667,235.185,-0.8947804124,0.1054534687
2.273,-0.23,-0.46,-0.7500646472,-34.15,-1.803288575,228.716,-1.043999291,0.263431266
2.274,-0.29,-0.58,-0.9498290888,-36.35,-1.891863699,221.244,-1.221698976,0.3050618176
2.275,-0.29,-0.58,-0.9498290888,-36.24,-1.887502893,214.918,-1.376900362,0.2909656113
2.276,-0.3,-0.6,-0.98328792,-36.69,-1.905297862,209.678,-1.508957298,0.2879948551
2.277,-0.37,-0.74,-1.218817799,-39.32,-2.006966342,208.538,-1.538124117,0.3438044286
2.278,-0.48,-0.96,-1.593596467,-43.6,-2.164197929,207.112,-1.574833511,0.426205688
2.279,-0.62,-1.24,-2.078825379,-48.73,-2.34003028,205.456,-1.617782298,0.5252460389
2.28,-0.72,-1.44,-2.431066291,-52.8,-2.47042747,203.529,-1.668197479,0.5874091809
2.281,-0.74,-1.48,-2.502079357,-53.59,-2.494856952,201.419,-1.723950821,0.5930773554
2.282,-0.65,-1.3,-2.18400338,-50.77,-2.406355306,199.742,-1.768681003,0.5231100328
2.283,-0.49,-0.98,-1.627949697,-45.69,-2.237439725,200.039,-1.760731899,0.4071735408
2.284,-0.36,-0.72,-1.185029453,-41.24,-2.078731569,200.963,-1.736076617,0.3106393284
2.285,-0.29,-0.58,-0.9498290888,-38.83,-1.988322632,203.542,-1.667855769,0.2597874022
2.286,-0.24,-0.48,-0.7832410368,-37.37,-1.931964661,205.866,-1.607116685,0.2213119621
2.287,-0.19,-0.38,-0.6178298248,-35.37,-1.852762307,207.251,-1.571244146,0.1804406134
2.288,-0.09,-0.18,-0.2905379208,-31.91,-1.710104579,209.214,-1.520809522,0.08992437176
2.289,0.05,0.1,0.15976238,-27.01,-1.495270535,211.953,-1.451222605,-0.0542211953
2.29,0.19,0.38,0.6008362552,-21.53,-1.236151625,215.486,-1.362779667,-0.2311858944
2.291,0.29,0.58,0.9102401912,-17.18,-1.015429303,219.528,-1.263356098,-0.3994409438
2.292,0.36,0.72,1.124022067,-14.25,-0.8588871208,224.02,-1.154988924,-0.5581386552
2.293,0.44,0.88,1.365519795,-10.24,-0.6339440111,228.249,-1.054934268,-0.8085365369
2.294,0.59,1.18,1.810207839,-2.28,-0.1488518939,232.736,-0.950782471,-1.646190677
2.295,0.77,1.54,2.329852633,3.48,0.2360754595,237.559,-0.8410472851,-3.851175434
2.296,0.88,1.76,2.639905101,6.27,0.4332972598,243.931,-0.6994360767,-9.91927871
2.297,0.88,1.76,2.639905101,6.24,0.4311382393,251.445,-0.5371230723,-24.90832911
2.298,0.81,1.62,2.443258015,4.33,0.2954013801,257.268,-0.4146398226,-20.49052272
2.299,0.73,1.46,2.215694073,2.21,0.1486608132,257.969,-0.400082047,-8.812676794
2.3,0.67,1.34,2.043044025,0.81,0.05398132586,257.828,-0.403007035,-5.853563137
2.301,0.65,1.3,1.98511742,0.28,0.01859448794,255.513,-0.4512608622,-4.588101914
2.302,0.66,1.32,2.014104259,0.5,0.03325311302,253.864,-0.4858999638,-4.449615093
2.303,0.68,1.36,2.071936717,0.89,0.05934440726,252.474,-0.5152736971,-4.544425557
2.304,0.68,1.36,2.071936717,1.01,0.06739971161,251.496,-0.5360380543,-4.421184798
2.305,0.66,1.32,2.014104259,0.55,0.03659060203,249.436,-0.5800402827,-3.706146734
2.306,0.6,1.2,1.83947712,-1.92,-0.125650087,246.822,-0.6364022128,-2.413846295
2.307,0.48,0.96,1.485138893,-7.71,-0.4854468292,243.082,-0.7180891911,-1.233979597
2.308,0.3,0.6,0.94092168,-15.6,-0.931818505,239.691,-0.7932472814,-0.545441042
2.309,0.13,0.26,0.4129343608,-22.94,-1.304795336,235.197,-0.8945074427,-0.1877569404
2.31,0.02,0.04,0.0640461728,-27.47,-1.516099075,229.646,-1.022289347,-0.02523103724
2.311,-0.02,-0.04,-0.0642344672,-29.15,-1.590992398,225.339,-1.123581206,0.02366282024
2.312,-0.03,-0.06,-0.0964223112,-29.56,-1.608992595,221.342,-1.219329719,0.03409169836
2.313,-0.04,-0.08,-0.1286572288,-30.18,-1.636008085,218.832,-1.280344888,0.04411579462
2.314,-0.07,-0.14,-0.2256444232,-31.31,-1.684619123,216.215,-1.344710894,0.07448657687
2.315,-0.1,-0.2,-0.32305528,-32.88,-1.750833812,214.608,-1.38462283,0.1030329285
2.316,-0.14,-0.28,-0.4535954528,-34.36,-1.811868063,212.885,-1.427749149,0.1400151385
2.317,-0.14,-0.28,-0.4535954528,-34.37,-1.812275948,211.471,-1.463402836,0.1384737279
2.318,-0.08,-0.16,-0.2580676352,-32.16,-1.720657414,210.586,-1.485839412,0.08048273528
2.319,0.04,0.08,0.1279040512,-27.88,-1.534546334,210.357,-1.491660391,-0.04226547055
2.32,0.17,0.34,0.5383905848,-22.78,-1.297075882,211.942,-1.451500268,-0.1958798139
2.321,0.29,0.58,0.9102401912,-17.88,-1.051878061,214.58,-1.385320892,-0.3734780002
2.322,0.41,0.82,1.275311199,-12.38,-0.7555532496,217.988,-1.301018876,-0.6201149881
2.323,0.54,1.08,1.663155331,-6.12,-0.3894464619,220.941,-1.229030976,-1.027604891
2.324,0.62,1.24,1.897874461,-1.91,-0.1250039901,223.841,-1.159265474,-1.477785242
2.325,0.62,1.24,1.897874461,-1.8,-0.1178911993,223.851,-1.15902647,-1.486293522
2.326,0.58,1.16,1.780891485,-4.11,-0.2650709474,223.141,-1.176022314,-1.235791973
2.327,0.57,1.14,1.751528057,-4.89,-0.3137397254,220.708,-1.234675957,-1.13117432
2.328,0.63,1.26,1.927002521,-1.41,-0.0925884157,219.453,-1.265184195,-1.419238027
2.329,0.66,1.32,2.014104259,0.34,0.02258804273,219.474,-1.264672265,-1.621552084
2.33,0.62,1.24,1.897874461,-1.69,-0.1107679054,220.167,-1.24780599,-1.396960789
2.331,0.57,1.14,1.751528057,-4.43,-0.2850998976,223.193,-1.174775714,-1.199778969
2.332,0.56,1.12,1.722117555,-5.03,-0.3224207647,226.989,-1.084549622,-1.223989909
2.333,0.59,1.18,1.810207839,-3.03,-0.1968297564,232.164,-0.9639474594,-1.559479127
2.334,0.6,1.2,1.83947712,-2.78,-0.1808909279,237.665,-0.8386606211,-1.804202173
2.335,0.51,1.02,1.574358943,-7.21,-0.4554829271,243.531,-0.7082162503,-1.352891687
2.336,0.4,0.8,1.24514752,-12.65,-0.7706406119,249.505,-0.5785605486,-0.9228775934
2.337,0.33,0.66,1.032683705,-16.46,-0.9775598357,255.499,-0.451554006,-0.7226042283
2.338,0.32,0.64,1.002143437,-16.65,-0.9875906969,262.1,-0.315088268,-0.7692942496
2.339,0.42,0.84,1.305427805,-12.15,-0.7426561335,272.925,-0.09856883616,-1.551817709
2.34,0.61,1.22,1.868699327,-2.46,-0.1604107785,273.123,-0.09468895729,-7.325367551
2.341,0.84,1.68,2.527817779,4.68,0.3200222514,269.438,-0.1673630092,16.55856366
2.342,1.05,2.1,3.10787358,10.02,0.7098678504,258.049,-0.3984231901,9.978895053
2.343,1.18,2.36,3.456552477,13.85,1.006348235,254.929,-0.4635028069,6.367470925
2.344,1.26,2.52,3.667169923,15.54,1.141791095,253.873,-0.4857102987,5.589509623
2.345,1.26,2.52,3.667169923,15.51,1.139361748,255.623,-0.4489581482,5.311632105
2.346,1.15,2.3,3.37679422,13.11,0.9479400111,257.016,-0.4198828405,6.394751189
2.347,0.96,1.92,2.861820211,8.19,0.5732330208,254.701,-0.4682898096,27.27017953
2.348,0.74,1.48,2.244304323,2.35,0.1582255076,250.969,-0.5472605317,-5.768900445
2.349,0.54,1.08,1.663155331,-5.13,-0.3286114071,243.81,-0.7020905594,-1.613614202
2.35,0.36,0.72,1.124022067,-12.41,-0.7572324329,236.587,-0.8629823316,-0.6937488115
2.351,0.19,0.38,0.6008362552,-19.57,-1.138394407,231.362,-0.9824607867,-0.283299047
2.352,0,0,0,-27.2,-1.503890546,225.971,-1.108597261,-0
2.353,-0.18,-0.36,-0.5848888032,-34.54,-1.819200808,222.247,-1.197499797,0.1938836099
2.354,-0.35,-0.7,-1.15128818,-40.96,-2.068392259,217.264,-1.318817317,0.3398928098
2.355,-0.46,-0.92,-1.525031229,-45.25,-2.222207407,212.747,-1.431218344,0.4174249959
2.356,-0.48,-0.96,-1.593596467,-46.06,-2.250172528,207.792,-1.557296909,0.4185447825
2.357,-0.41,-0.82,-1.354441921,-43.7,-2.167754002,203.911,-1.658165569,0.3540173534
2.358,-0.28,-0.56,-0.9164173312,-39.63,-2.018691782,201.054,-1.73365458,0.2442251442
2.359,-0.19,-0.38,-0.6178298248,-36.55,-1.899774315,201.899,-1.711216446,0.1710970384
2.36,-0.16,-0.32,-0.5191479808,-35.36,-1.852360392,202.601,-1.692646835,0.14644483
2.361,-0.12,-0.24,-0.3882312192,-34.05,-1.799193764,204.345,-1.646790839,0.1126619135
2.362,-0.03,-0.06,-0.0964223112,-30.83,-1.66406855,205.573,-1.614736528,0.02940775951
2.363,0.09,0.18,0.2867249592,-26.6,-1.476588034,205.945,-1.605064044,-0.0930426122
2.364,0.14,0.28,0.4443690272,-24.54,-1.38101722,206.777,-1.583494048,-0.149896218
2.365,0.12,0.24,0.3814526208,-25.22,-1.412881174,208.436,-1.540741546,-0.1291473749
2.366,0.12,0.24,0.3814526208,-25.44,-1.423123046,210.677,-1.483528029,-0.1312344037
2.367,0.18,0.36,0.5696369568,-22.94,-1.304795336,213.536,-1.411413872,-0.2097176297
2.368,0.29,0.58,0.9102401912,-18.66,-1.092067572,215.722,-1.35692356,-0.37167966
2.369,0.36,0.72,1.124022067,-15.59,-0.9312833553,215.983,-1.350454559,-0.4926166412
2.37,0.4,0.8,1.24514752,-13.69,-0.8282256132,216.83,-1.329515004,-0.577060797
2.371,0.49,0.98,1.514925983,-9.39,-0.5846306229,218.647,-1.284869677,-0.8103373843
2.372,0.63,1.26,1.927002521,-1.84,-0.1204788833,221.893,-1.20602819,-1.452689216
2.373,0.74,1.48,2.244304323,1.94,0.1302644618,228.077,-1.05896735,-2.416600994
2.374,0.78,1.56,2.358274589,2.91,0.1966613113,234.268,-0.9156811468,-3.279846358
2.375,0.81,1.62,2.443258015,3.71,0.252063169,239.894,-0.788718157,-4.552753761
2.376,0.92,1.84,2.751239245,6.47,0.4477122266,244.351,-0.6902323766,-11.34437384
2.377,1.09,2.18,3.216006719,11.08,0.7904862633,245.817,-0.6582306001,24.31658987
2.378,1.24,2.48,3.614798003,14.93,1.092572757,247.554,-0.6205591991,7.658250369
2.379,1.3,2.6,3.77134888,16.13,1.189753296,249.797,-0.5723030124,6.107939348
2.38,1.3,2.6,3.77134888,16.23,1.197917453,252.591,-0.5127950062,5.504634821
2.381,1.29,2.58,3.745374751,15.91,1.171827865,256.239,-0.4360812338,5.09057683
2.382,1.25,2.5,3.6410075,15.31,1.123189317,261.493,-0.3274927556,4.575874369
2.383,1.18,2.36,3.456552477,13.64,0.9897176276,268.611,-0.1838092938,4.289014435
2.384,1.04,2.08,3.080722611,10.22,0.7249955928,266.353,-0.228972601,6.210846397
2.385,0.86,1.72,2.583955587,5.79,0.3988536725,253.289,-0.4980314165,-26.05378468
2.386,0.68,1.36,2.071936717,1.1,0.07344960963,248.542,-0.5992495857,-3.940541672
2.387,0.49,0.98,1.514925983,-6.35,-0.403462751,243.825,-0.7017614198,-1.370695668
2.388,0.32,0.64,1.002143437,-13.89,-0.8392038172,239.181,-0.8046428152,-0.609633172
2.389,0.19,0.38,0.6008362552,-19.18,-1.118613657,235.127,-0.896099962,-0.2982241493
2.39,0.12,0.24,0.3814526208,-22.16,-1.266994388,231.924,-0.9694808932,-0.1705597303
2.391,0.06,0.12,0.1915736352,-24.71,-1.389012656,230.93,-0.9924596648,-0.08044335999
2.392,0.01,0.02,0.0320466232,-26.97,-1.493452755,230.798,-0.9955186086,-0.01287544874
2.393,0.02,0.04,0.0640461728,-26.26,-1.461010498,232.657,-0.9525987854,-0.02653543523
2.394,0.12,0.24,0.3814526208,-22.71,-1.29369302,234.684,-0.9061893413,-0.1733968268
2.395,0.15,0.3,0.47575662,-21.22,-1.220872247,237.31,-0.8466578856,-0.2301086753
2.396,0.04,0.08,0.1279040512,-25.98,-1.448124012,239.451,-0.7986068621,-0.05692895962
2.397,-0.15,-0.3,-0.48634818,-33.81,-1.789341574,239.638,-0.7944303936,0.188231851
2.398,-0.24,-0.48,-0.7832410368,-37.69,-1.944421352,239.131,-0.805761332,0.2847960033
2.399,-0.19,-0.38,-0.6178298248,-35.86,-1.872383693,237.188,-0.8494090037,0.226993711
2.4,-0.07,-0.14,-0.2256444232,-31.75,-1.703330398,233.842,-0.9254186044,0.08583718835
2.401,0.02,0.04,0.0640461728,-28.32,-1.554221063,228.827,-1.04140347,-0.02467466769
2.402,0.06,0.12,0.1915736352,-26.82,-1.486626648,223.778,-1.160771442,-0.07236298762
2.403,0.06,0.12,0.1915736352,-26.78,-1.484803834,220.892,-1.230217624,-0.07056063393
2.404,0.05,0.1,0.15976238,-27.31,-1.508870189,219.686,-1.259506949,-0.05770975993
2.405,0.06,0.12,0.1915736352,-26.86,-1.4884484,223.26,-1.173169946,-0.07197637312
2.406,0.13,0.26,0.4129343608,-24.09,-1.359757635,228.464,-1.049897188,-0.1713666027
2.407,0.27,0.54,0.8487359928,-18.51,-1.084373424,235.947,-0.8774744193,-0.4326207028
2.408,0.45,0.9,1.39549518,-10.5,-0.6489126003,242.987,-0.720180458,-1.019284388
2.409,0.64,1.28,1.956083507,-0.46,-0.03039792141,247.942,-0.6121805223,-3.044116289
2.41,0.77,1.54,2.329852633,3.09,0.2090759895,251.294,-0.5403368672,-7.033286421
2.411,0.77,1.54,2.329852633,3.2,0.2166772187,250.827,-0.5502884554,-6.983735486
2.412,0.66,1.32,2.014104259,0.41,0.02725121946,249.593,-0.5766739452,-3.665855388
2.413,0.52,1.04,1.604004813,-6.97,-0.4410271742,247.225,-0.6276740939,-1.500891653
2.414,0.42,0.84,1.305427805,-11.84,-0.7252074927,245.081,-0.6742730486,-0.9327945379
2.415,0.42,0.84,1.305427805,-11.81,-0.7235149112,244.765,-0.6811756271,-0.929334803
2.416,0.47,0.94,1.455304729,-9.4,-0.585214155,244.645,-0.6837991944,-1.146800173
2.417,0.53,1.06,1.633603609,-6.44,-0.4089354179,245.475,-0.6656791248,-1.520176346
2.418,0.59,1.18,1.810207839,-2.99,-0.1942831505,247.03,-0.6318955992,-2.19106076
2.419,0.64,1.28,1.956083507,-0.34,-0.02248599305,245.378,-0.6677936072,-2.833755346
2.42,0.63,1.26,1.927002521,-0.94,-0.06191919878,244.271,-0.6919842421,-2.556033593
2.421,0.5,1,1.544666,-5.92,-0.3772225855,240.916,-0.7659744194,-1.351180937
2.422,0.21,0.42,0.6630936312,-16.65,-0.9875906969,239.969,-0.7870458047,-0.3736503958
2.423,-0.12,-0.24,-0.3882312192,-28.46,-1.560454755,237.871,-0.8340254302,0.1621359081
2.424,-0.28,-0.56,-0.9164173312,-34.27,-1.80819439,235.184,-0.8948031605,0.3390374257
2.425,-0.28,-0.56,-0.9164173312,-34.06,-1.799603517,232.172,-0.9637631101,0.3316307443
2.426,-0.27,-0.54,-0.8830526472,-33.87,-1.791807888,228.142,-1.057442863,0.3099245116
2.427,-0.43,-0.86,-1.422536423,-39.41,-2.01037604,227.643,-1.069157382,0.4619324516
2.428,-0.75,-1.5,-2.5376565,-50.66,-2.402829111,225.505,-1.119641484,0.7204194986
2.429,-0.97,-1.94,-3.332263271,-58.52,-2.641215482,218.019,-1.300258108,0.8454358997
2.43,-0.83,-1.66,-2.823968295,-54.33,-2.517489121,210.146,-1.497029437,0.7034388444
2.431,-0.41,-0.82,-1.354441921,-40.86,-2.064689263,203.827,-1.660369926,0.3636027918
2.432,-0.01,-0.02,-0.0320936968,-27.07,-1.49799522,197.35,-1.833136367,0.009634472838
2.433,0.05,0.1,0.15976238,-24.74,-1.390421573,193.962,-1.925779848,-0.04817631974
2.434,-0.25,-0.5,-0.8164645,-35.82,-1.870787259,190.985,-2.008530292,0.2104660135
2.435,-0.6,-1.2,-2.00894208,-48.97,-2.34793628,190.651,-2.017894715,0.4601511333
2.436,-0.78,-1.56,-2.644670371,-55.81,-2.562038156,192.236,-1.973600714,0.5830866271
2.437,-0.82,-1.64,-2.788014563,-56.94,-2.59542336,193.474,-1.939257178,0.6148205016
2.438,-0.77,-1.54,-2.608952007,-55.66,-2.55756592,193.005,-1.952241848,0.578506256
2.439,-0.69,-1.38,-2.324899745,-53.03,-2.47756865,193.439,-1.940225096,0.5262581004
2.44,-0.56,-1.12,-1.869740365,-49.06,-2.350893876,194.529,-1.910163259,0.4387972998
2.441,-0.43,-0.86,-1.422536423,-44.83,-2.207575034,196.287,-1.862031333,0.3495513558
2.442,-0.33,-0.66,-1.083946855,-41.62,-2.092695215,197.087,-1.840270841,0.2756054438
2.443,-0.29,-0.58,-0.9498290888,-40.21,-2.040485889,197.204,-1.837095774,0.2449539871
2.444,-0.3,-0.6,-0.98328792,-40.33,-2.044971729,196.915,-1.844941883,0.2527788579
2.445,-0.31,-0.62,-1.016793825,-40.88,-2.0654303,197.345,-1.833271915,0.2608031516
2.446,-0.32,-0.64,-1.050346803,-41.14,-2.07504387,197.679,-1.824224867,0.2693702009
2.447,-0.32,-0.64,-1.050346803,-41.15,-2.075412886,198.543,-1.800892456,0.2709659613
2.448,-0.3,-0.6,-0.98328792,-40.63,-2.05615157,200.219,-1.755920002,0.2579405715
2.449,-0.29,-0.58,-0.9498290888,-40.13,-2.037490905,202.396,-1.698062925,0.2542672738
2.45,-0.32,-0.64,-1.050346803,-41.35,-2.082781747,204.96,-1.630713574,0.2828458669
2.451,-0.36,-0.72,-1.185029453,-43.23,-2.150994711,208.324,-1.543617062,0.3207453247
2.452,-0.34,-0.68,-1.117593981,-42.41,-2.121475107,213.684,-1.407707116,0.3166722232
2.453,-0.2,-0.4,-0.65081792,-37.85,-1.950627645,219.511,-1.263770412,0.2024696097
2.454,0,0,0,-30.69,-1.658047328,225.054,-1.130351961,-0
2.455,0.19,0.38,0.6008362552,-23.71,-1.341697053,230.758,-0.9964459067,-0.2569715648
2.456,0.33,0.66,1.032683705,-17.81,-1.048249465,235.662,-0.8839405817,-0.5344628011
2.457,0.48,0.96,1.485138893,-10.95,-0.6746925819,237.68,-0.8383229716,-0.9815754302
2.458,0.64,1.28,1.956083507,-2.89,-0.1879106268,239.876,-0.7891195994,-2.002070616
2.459,0.76,1.52,2.301383603,1.81,0.1214303351,242.796,-0.7243874807,-3.816827813
2.46,0.83,1.66,2.499678265,3.59,0.2437157346,246.367,-0.6462736847,-6.209486768
2.461,0.85,1.7,2.55591022,4.02,0.2736882735,251.349,-0.5391660561,-9.627586138
2.462,0.81,1.62,2.443258015,3.1,0.2097665561,256.886,-0.4225895823,-11.48023341
2.463,0.76,1.52,2.301383603,1.69,0.1132892213,263.798,-0.2805403839,-13.76004547
2.464,0.75,1.5,2.2728675,1.43,0.0956944162,272.161,-0.1135661125,-127.176932
2.465,0.82,1.64,2.471491677,3.2,0.2166772187,270.66,-0.1431536578,33.6149616
2.466,0.93,1.86,2.778955097,5.97,0.4117448525,268.917,-0.1777180756,11.87451767
2.467,0.99,1.98,2.944261663,7.58,0.5283974863,266.316,-0.2297158393,9.857524536
2.468,0.97,1.94,2.889347769,7,0.4860930969,255.616,-0.4491046551,78.1148819
2.469,0.87,1.74,2.611953881,4.48,0.3059393875,254.878,-0.464573212,-16.46530233
2.47,0.71,1.42,2.158332351,0.39,0.0259184403,254.226,-0.47827651,-4.771291806
2.471,0.5,1,1.544666,-7.92,-0.497970509,252.147,-0.5222074166,-1.514114314
2.472,0.28,0.56,0.8795116288,-16.44,-0.976502386,249.199,-0.585125967,-0.5632016267
2.473,0.12,0.24,0.3814526208,-22.25,-1.271377732,244.295,-0.6914586222,-0.1943374545
2.474,0.07,0.14,0.2233378168,-24.3,-1.369695999,239.374,-0.8003275325,-0.1029195368
2.475,0.06,0.12,0.1915736352,-24.44,-1.376304822,233.296,-0.9379249786,-0.08278073125
2.476,0.02,0.04,0.0640461728,-26.07,-1.452271815,228.319,-1.053293768,-0.02556156312
2.477,-0.12,-0.24,-0.3882312192,-30.95,-1.669219767,227.322,-1.076706755,0.1413844165
2.478,-0.3,-0.6,-0.98328792,-37.87,-1.951402401,225.731,-1.114282425,0.3207400551
2.479,-0.48,-0.96,-1.593596467,-44.43,-2.193554939,223.254,-1.173313727,0.4733170864
2.48,-0.61,-1.22,-2.043860193,-49.19,-2.355159087,219.484,-1.264428506,0.5646665927
2.481,-0.71,-1.42,-2.395630369,-52.68,-2.466692194,214.915,-1.376975042,0.6232668495
2.482,-0.8,-1.6,-2.71624832,-55.86,-2.563526774,209.808,-1.505641335,0.6675193178
2.483,-0.88,-1.76,-3.004443059,-58.92,-2.652647524,205.055,-1.628234397,0.7018280614
2.484,-0.94,-1.88,-3.222566205,-61.1,-2.713841472,199.61,-1.772217732,0.7183512429
2.485,-0.95,-1.9,-3.25908482,-61.21,-2.716880422,195.722,-1.877453183,0.7093705203
2.486,-0.88,-1.76,-3.004443059,-59.2,-2.660611859,192.64,-1.962369041,0.6498930288
2.487,-0.77,-1.54,-2.608952007,-55.91,-2.565014329,191.624,-1.990660073,0.5726818417
2.488,-0.66,-1.32,-2.219156861,-52.31,-2.45513415,192.093,-1.977581939,0.5006313998
2.489,-0.55,-1.1,-1.83505762,-48.92,-2.346291487,195.374,-1.886974122,0.4334851128
2.49,-0.46,-0.92,-1.525031229,-45.96,-2.246738067,199.649,-1.771172546,0.3795582768
2.491,-0.4,-0.8,-1.32046528,-44,-2.17839078,205.377,-1.619839825,0.3476527408
2.492,-0.4,-0.8,-1.32046528,-44.13,-2.182985445,211.34,-1.466718029,0.3618007023
2.493,-0.41,-0.82,-1.354441921,-44.39,-2.192148375,214.642,-1.383775305,0.3787670102
2.494,-0.29,-0.58,-0.9498290888,-40.53,-2.052430465,218.365,-1.291774294,0.2840224081
2.495,-0.03,-0.06,-0.0964223112,-31.54,-1.694415094,221.613,-1.212783455,0.03316674441
2.496,0.27,0.54,0.8487359928,-20.23,-1.171619478,226.938,-1.085751798,-0.3759842264
2.497,0.46,0.92,1.425423491,-11.53,-0.7076833433,235.009,-0.8987855679,-0.8873022573
2.498,0.53,1.06,1.633603609,-8.15,-0.5116455393,242.449,-0.7320390807,-1.313519185
2.499,0.57,1.14,1.751528057,-6.47,-0.4107581458,248.999,-0.5894214481,-1.751213549
2.5,0.59,1.18,1.810207839,-5.2,-0.3329398539,253.81,-0.4870380957,-2.2076299
2.501,0.56,1.12,1.722117555,-6.39,-0.4058958778,252.989,-0.5043718073,-1.891880359
2.502,0.47,0.94,1.455304729,-10.15,-0.6287500019,251.07,-0.54510791,-1.239762252
2.503,0.33,0.66,1.032683705,-15.31,-0.9162684814,245.575,-0.6635001206,-0.6536930178
2.504,0.2,0.4,0.63198848,-20.37,-1.178626991,241.525,-0.7524674756,-0.3272695825
2.505,0.07,0.14,0.2233378168,-25.27,-1.415211742,240.171,-0.7825442007,-0.1016208454
2.506,-0.08,-0.16,-0.2580676352,-30.86,-1.665357204,239.449,-0.7986515478,0.1047348696
2.507,-0.24,-0.48,-0.7832410368,-36.69,-1.905297862,238.503,-0.8198298528,0.2874144329
2.508,-0.37,-0.74,-1.218817799,-41.61,-2.092328755,236.154,-0.8727828382,0.411052927
2.509,-0.46,-0.92,-1.525031229,-45.05,-2.215250909,231.076,-0.9890783233,0.4759283826
2.51,-0.53,-1.06,-1.765833351,-47.34,-2.29369025,226.313,-1.100506325,0.520250761
2.511,-0.59,-1.18,-1.974071041,-49.68,-2.371162954,223.243,-1.173577334,0.5569014597
2.512,-0.69,-1.38,-2.324899745,-53.44,-2.490239855,220.105,-1.249312785,0.6217053131
2.513,-0.8,-1.6,-2.71624832,-57.43,-2.609734308,218.02,-1.300233569,0.6946983722
2.514,-0.87,-1.74,-2.968253959,-59.95,-2.681791855,214.556,-1.385919304,0.7297110938
2.515,-0.89,-1.78,-3.040679233,-60.58,-2.699412781,207.998,-1.551995674,0.7152169133
2.516,-0.86,-1.72,-2.932111933,-59.79,-2.677292046,202.706,-1.689874862,0.6713991002
2.517,-0.84,-1.68,-2.859969101,-59.03,-2.655780098,196.417,-1.858489225,0.6335397595
2.518,-0.82,-1.64,-2.788014563,-58.66,-2.645224006,189.674,-2.04538153,0.5943826531
2.519,-0.81,-1.62,-2.752107905,-58.19,-2.631735519,187.638,-2.103119984,0.581244328
2.52,-0.8,-1.6,-2.71624832,-57.99,-2.625968598,187.562,-2.105287361,0.5741072441
2.521,-0.8,-1.6,-2.71624832,-58.04,-2.627411854,188.699,-2.07295359,0.577880242
2.522,-0.8,-1.6,-2.71624832,-57.97,-2.625391011,189.38,-2.053680613,0.5805100965
2.523,-0.79,-1.58,-2.680435809,-57.56,-2.613514446,190.042,-2.035011671,0.5766205763
2.524,-0.77,-1.54,-2.608952007,-57.11,-2.60039965,189.538,-2.049218961,0.5611109695
2.525,-0.75,-1.5,-2.5376565,-56.46,-2.581307624,189.156,-2.060012376,0.5467531866
2.526,-0.68,-1.36,-2.289605043,-54.25,-2.515054007,189.318,-2.055432405,0.5009543486
2.527,-0.56,-1.12,-1.869740365,-50.41,-2.394793978,191.244,-2.001279925,0.4253205033
2.528,-0.46,-0.92,-1.525031229,-47.27,-2.291331483,192.556,-1.964702399,0.3583221542
2.529,-0.43,-0.86,-1.422536423,-46.41,-2.262153406,192.785,-1.958343614,0.3370542418
2.53,-0.44,-0.88,-1.456654285,-46.79,-2.27509155,192.871,-1.95595755,0.3442773294
2.531,-0.42,-0.84,-1.388465635,-46.1,-2.251544897,193.676,-1.933674328,0.3317545774
2.532,-0.38,-0.76,-1.252653219,-44.65,-2.201276226,194.279,-1.917043262,0.3041661102
2.533,-0.39,-0.78,-1.286535713,-45.12,-2.217688016,195.832,-1.874447212,0.3143922772
2.534,-0.44,-0.88,-1.456654285,-46.93,-2.279840039,197.691,-1.823900108,0.3549577294
2.535,-0.4,-0.8,-1.32046528,-45.83,-2.242265703,199.444,-1.776668759,0.3285610384
2.536,-0.24,-0.48,-0.7832410368,-40.59,-2.054663788,202.258,-1.701711969,0.2085097678
2.537,-0.01,-0.02,-0.0320936968,-32.82,-1.748331297,204.502,-1.642681967,0.009464338326
2.538,0.18,0.36,0.5696369568,-25.78,-1.438887238,208.664,-1.534892588,-0.1915531714
2.539,0.29,0.58,0.9102401912,-21.34,-1.226794912,213.032,-1.424056176,-0.3433765839
2.54,0.35,0.7,1.09362302,-18.8,-1.09923396,219.001,-1.276214775,-0.4603858648
2.541,0.39,0.78,1.214936767,-17.27,-1.02013588,225.79,-1.112884262,-0.5695852296
2.542,0.42,0.84,1.305427805,-15.75,-0.939836696,233.276,-0.9383836431,-0.6950344311
2.543,0.47,0.94,1.455304729,-13.72,-0.8298743071,240.633,-0.7722626691,-0.908352251
2.544,0.53,1.06,1.633603609,-10.81,-0.6666893869,247.366,-0.6246236946,-1.26507168
2.545,0.63,1.26,1.927002521,-5.69,-0.3631238695,252.519,-0.5143202185,-2.196154202
2.546,0.79,1.58,2.386649471,1.46,0.09772149724,258.561,-0.3878186687,-8.227069085
2.547,0.97,1.94,2.889347769,6.1,0.4210739205,269.169,-0.1727069803,11.63338312
2.548,1.11,2.22,3.269790847,9.71,0.6864961027,270.213,-0.1519965859,6.11748139
2.549,1.16,2.32,3.403427379,11.15,0.7958485199,269.254,-0.171017788,5.446959001
2.55,1.15,2.3,3.37679422,10.88,0.7751918079,267.325,-0.2094844237,5.969153513
2.551,1.14,2.28,3.350113987,10.45,0.7424402967,262.839,-0.300024984,7.572328287
2.552,1.15,2.3,3.37679422,10.86,0.7736645018,250.336,-0.5607714753,15.86145998
2.553,1.21,2.42,3.535887071,12.48,0.8986415616,246.041,-0.6533576486,14.41548705
2.554,1.21,2.42,3.535887071,12.48,0.8986415616,241.949,-0.7430837215,22.73036877
2.555,1.04,2.08,3.080722611,8.06,0.5636483326,239.116,-0.8060969326,-12.70670406
2.556,0.71,1.42,2.158332351,-0.72,-0.04749702857,236.973,-0.8542607316,-2.393472445
2.557,0.36,0.72,1.124022067,-17.18,-1.015429303,236.945,-0.8548929084,-0.6009777675
2.558,0.16,0.32,0.5070971392,-26.14,-1.455494137,237.294,-0.8470186073,-0.2202364093
2.559,0.14,0.28,0.4443690272,-27.12,-1.500263974,238.682,-0.8158161053,-0.1918625488
2.56,0.19,0.38,0.6008362552,-25.43,-1.422658215,239.12,-0.8060074371,-0.2695946135
2.561,0.25,0.5,0.7870435,-22.95,-1.305277211,237.388,-0.8448997151,-0.3660366225
2.562,0.33,0.66,1.032683705,-19.65,-1.142438401,234.691,-0.9060297674,-0.5041248485
2.563,0.43,0.86,1.335497337,-15.26,-0.9135810115,229.498,-1.025738374,-0.6886422871
2.564,0.52,1.04,1.604004813,-11.1,-0.6832501861,224.677,-1.139321547,-0.8800777407
2.565,0.57,1.14,1.751528057,-8.98,-0.5606363342,221.157,-1.223803176,-0.9815564198
2.566,0.56,1.12,1.722117555,-9.14,-0.5700161114,218.996,-1.276336922,-0.9327130427
2.567,0.55,1.1,1.69265998,-9.95,-0.6171845625,220.483,-1.240132778,-0.9113466735
2.568,0.54,1.08,1.663155331,-10.51,-0.6494872388,222.269,-1.196970232,-0.9007276677
2.569,0.53,1.06,1.633603609,-11.01,-0.6781177632,224.129,-1.152386441,-0.8924336831
2.57,0.53,1.06,1.633603609,-10.96,-0.6752636437,225.747,-1.113903226,-0.9130526818
2.571,0.57,1.14,1.751528057,-9.18,-0.5723578229,226.708,-1.091176733,-1.052895505
2.572,0.64,1.28,1.956083507,-5.21,-0.3335578673,227.766,-1.066267452,-1.397376858
2.573,0.71,1.42,2.158332351,-1.33,-0.08738173801,228.998,-1.037406964,-1.918878049
2.574,0.74,1.48,2.244304323,0.15,0.009952714238,230.862,-0.9940352659,-2.280605747
2.575,0.77,1.54,2.329852633,0.88,0.05867371064,233.663,-0.9295154591,-2.675403007
2.576,0.85,1.7,2.55591022,2.97,0.2007962711,237.302,-0.8468382434,-3.95626032
2.577,0.98,1.96,2.916828253,6.18,0.4268227197,242.235,-0.7367633962,-9.410924327
2.578,1.07,2.14,3.162034297,8.53,0.5983766111,247.061,-0.6312242653,-96.26362587
2.579,1.06,2.12,3.134977475,8.34,0.5843122259,250.78,-0.5512910332,94.93834778
2.58,1,2,2.971648,6.84,0.4744786461,254.088,-0.4811814074,-443.3468335
2.581,0.98,1.96,2.916828253,6.24,0.4311382393,259.01,-0.3785362684,55.45093094
2.582,1,2,2.971648,6.85,0.4752038448,270.327,-0.1497399537,9.130499822
2.583,1.04,2.08,3.080722611,7.72,0.5386564538,271.237,-0.1317605289,7.571279099
2.584,1.03,2.06,3.053524569,7.63,0.532059276,271.996,-0.1168105806,7.353483834
2.585,0.97,1.94,2.889347769,5.99,0.4131790684,271.434,-0.1278762232,10.12730093
2.586,0.9,1.8,2.69566632,4.17,0.2841836115,270.085,-0.1545314834,20.79153161
2.587,0.87,1.74,2.611953881,3.39,0.2298325276,265.35,-0.2491570136,-135.1629161
2.588,0.84,1.68,2.527817779,2.59,0.1746632724,257.916,-0.401181323,-11.15945406
2.589,0.74,1.48,2.244304323,-0.03,-0.001988158449,246.135,-0.6513140707,-3.435323229
2.59,0.53,1.06,1.633603609,-8.82,-0.5512358423,241.974,-0.7425309476,-1.262672393
2.591,0.26,0.52,0.8179132832,-19.5,-1.134852121,238.124,-0.828338185,-0.4166245528
2.592,0.04,0.08,0.1279040512,-28.27,-1.551991655,233.948,-0.9229940121,-0.05167870379
2.593,-0.08,-0.16,-0.2580676352,-32.92,-1.752500929,231.598,-0.9770063193,0.09454733464
2.594,-0.11,-0.22,-0.3556197128,-34.01,-1.79755415,229.399,-1.028046735,0.1258563142
2.595,-0.16,-0.32,-0.5191479808,-35.92,-1.874776576,227.864,-1.063966024,0.1766564996
2.596,-0.3,-0.6,-0.98328792,-41.43,-2.085723197,224.08,-1.153556208,0.3035514376
2.597,-0.5,-1,-1.66235,-48.82,-2.342998286,214.641,-1.38380023,0.4460530916
2.598,-0.62,-1.24,-2.078825379,-53.54,-2.49331903,204.927,-1.631575031,0.5039706107
2.599,-0.58,-1.16,-1.939247075,-52.28,-2.454194293,197.316,-1.834058159,0.4522231601
2.6,-0.46,-0.92,-1.525031229,-48.45,-2.330771418,192.156,-1.975827608,0.3541149802
2.601,-0.38,-0.76,-1.252653219,-45.82,-2.24192132,191.045,-2.006849795,0.294827183
2.602,-0.34,-0.68,-1.117593981,-44.4,-2.192500093,191.765,-1.986724906,0.2674165619
2.603,-0.31,-0.62,-1.016793825,-43.5,-2.160636602,193.674,-1.933729576,0.2483397383
2.604,-0.31,-0.62,-1.016793825,-43.46,-2.159210598,195.356,-1.887467045,0.2512663262
2.605,-0.31,-0.62,-1.016793825,-43.68,-2.167043207,195.589,-1.881089933,0.251175984
2.606,-0.28,-0.56,-0.9164173312,-42.48,-2.124009057,195.223,-1.89111061,0.2282415985
2.607,-0.18,-0.36,-0.5848888032,-39.2,-2.002413015,195.468,-1.884400703,0.1504802766
2.608,-0.04,-0.08,-0.1286572288,-34.65,-1.823672362,195.854,-1.87384622,0.03479555976
2.609,0.07,0.14,0.2233378168,-30.73,-1.659768938,197.939,-1.81719283,-0.06423361304
2.61,0.16,0.32,0.5070971392,-27.36,-1.511131026,200.375,-1.75175319,-0.1554137707
2.611,0.28,0.56,0.8795116288,-22.47,-1.282068703,203.614,-1.66596362,-0.2983385298
2.612,0.43,0.86,1.335497337,-16.42,-0.9754446372,207.362,-1.568379547,-0.5249959274
2.613,0.55,1.1,1.69265998,-10.74,-0.6626819535,210.203,-1.4955785,-0.7842704883
2.614,0.64,1.28,1.956083507,-6.1,-0.3882255741,214.948,-1.376153618,-1.10865256
2.615,0.7,1.4,2.12958088,-3.1,-0.2012830138,218.194,-1.29596548,-1.422329619
2.616,0.71,1.42,2.158332351,-2.38,-0.1552769498,222.056,-1.202099586,-1.590076368
2.617,0.69,1.38,2.100782335,-3.56,-0.2304428934,225.767,-1.113429265,-1.563230789
2.618,0.66,1.32,2.014104259,-5.37,-0.3434346626,229.453,-1.026787505,-1.469910724
2.619,0.63,1.26,1.927002521,-7.07,-0.4470561776,235.006,-0.8988538636,-1.431746894
2.62,0.62,1.24,1.897874461,-7.66,-0.4824596762,240.226,-0.7813191722,-1.501745707
2.621,0.65,1.3,1.98511742,-5.73,-0.3655789946,243.253,-0.7143269694,-1.838231741
2.622,0.74,1.48,2.244304323,-1.06,-0.06976797991,246.55,-0.6423012105,-3.151806529
2.623,0.83,1.66,2.499678265,1.9,0.1275446522,247.665,-0.6181608662,-5.094976875
2.624,0.89,1.78,2.667809247,3.32,0.2249820134,248.737,-0.5950537517,-7.208897549
2.625,0.89,1.78,2.667809247,3.38,0.2291393239,249.916,-0.5697549497,-7.832316092
2.626,0.87,1.74,2.611953881,2.71,0.1829016744,251.999,-0.5253485703,-7.627325323
2.627,0.84,1.68,2.527817779,2.03,0.1363892916,260.076,-0.3565626147,-11.48103569
2.628,0.81,1.62,2.443258015,1.28,0.08557108238,263.807,-0.280357861,-12.5432436
2.629,0.75,1.5,2.2728675,-0.45,-0.0297390777,261.787,-0.3214810596,-6.471347337
2.63,0.64,1.28,1.956083507,-5.19,-0.3323217565,258.89,-0.3810155116,-2.742158015
2.631,0.5,1,1.544666,-10.92,-0.6729789208,246.113,-0.6517922849,-1.165986997
2.632,0.41,0.82,1.275311199,-14.71,-0.8838935973,241.997,-0.742022446,-0.7843647305
2.633,0.38,0.76,1.184678941,-15.9,-0.9478379292,237.408,-0.8444489952,-0.6609873255
2.634,0.3,0.6,0.94092168,-18.88,-1.103322625,232.15,-0.9642700859,-0.4550807685
2.635,0.05,0.1,0.15976238,-28.79,-1.575098129,228.315,-1.053387497,-0.06078115034
2.636,-0.27,-0.54,-0.8830526472,-41.2,-2.077257144,225.826,-1.112031325,0.27688077
2.637,-0.38,-0.76,-1.252653219,-45.3,-2.22394333,222.465,-1.192254604,0.3666805155
2.638,-0.2,-0.4,-0.65081792,-39.16,-2.000893443,217.434,-1.314632803,0.1962940034
2.639,0.08,0.16,0.2550549248,-29.65,-1.612929428,213.402,-1.414772205,-0.08424044234
2.64,0.17,0.34,0.5383905848,-26.28,-1.461928957,210.766,-1.481268412,-0.1829271087
2.641,0.05,0.1,0.15976238,-31.2,-1.679922391,208.009,-1.551712746,-0.04943701043
2.642,-0.08,-0.16,-0.2580676352,-36.48,-1.897008256,203.096,-1.679591519,0.07215446274
2.643,-0.12,-0.24,-0.3882312192,-38.23,-1.965308913,200.37,-1.751886691,0.1044419666
2.644,-0.13,-0.26,-0.4208897992,-38.68,-1.982588323,197.347,-1.833217695,0.110301676
2.645,-0.14,-0.28,-0.4535954528,-39.04,-1.996329333,194.999,-1.897252756,0.116498238
2.646,-0.11,-0.22,-0.3556197128,-38.07,-1.959137374,193.393,-1.941497483,0.09116970079
2.647,-0.02,-0.04,-0.0642344672,-34.8,-1.829758262,196.385,-1.859360911,0.01741187102
2.648,0.12,0.24,0.3814526208,-29.79,-1.619043092,200.153,-1.757683862,-0.1129651956
2.649,0.25,0.5,0.7870435,-24.84,-1.395113547,204.657,-1.63862853,-0.2594299318
2.65,0.34,0.68,1.063176899,-21.25,-1.22235387,211.607,-1.459963281,-0.3963650976
2.651,0.4,0.8,1.24514752,-18.94,-1.106386066,217.374,-1.316109316,-0.513993764
2.652,0.44,0.88,1.365519795,-17.29,-1.02118097,221.364,-1.218797989,-0.6096127777
2.653,0.49,0.98,1.514925983,-15.13,-0.9065847222,226.946,-1.085563203,-0.7604485409
2.654,0.58,1.16,1.780891485,-10.99,-0.6769763532,231.33,-0.9832008038,-1.072711715
2.655,0.72,1.44,2.187036749,-3.83,-0.2474743014,238.431,-0.8214451707,-2.046025735
2.656,0.89,1.78,2.667809247,2.56,0.1726057065,245.216,-0.6713268751,-5.3493002
2.657,1.05,2.1,3.10787358,6.83,0.4737535413,249.225,-0.5845678077,-28.04578942
2.658,1.2,2.4,3.50948928,10.88,0.7751918079,253.792,-0.4874175269,12.19528468
2.659,1.32,2.64,3.823155917,14.03,1.020638008,260.031,-0.3574883857,5.765148298
2.66,1.36,2.72,3.926205107,14.96,1.094984571,268.936,-0.1773400913,4.278568874
2.661,1.32,2.64,3.823155917,14.1,1.02620387,270.641,-0.1435292344,4.331330891
2.662,1.24,2.48,3.614798003,11.95,0.857471161,271.489,-0.1267922757,4.947177312
2.663,1.17,2.34,3.430013465,10.2,0.7234810798,270.382,-0.1486515678,5.967010032
2.664,1.13,2.26,3.323386681,9.25,0.6519858091,268.075,-0.1944956205,7.264388971
2.665,1.09,2.18,3.216006719,8.18,0.5724951674,257.312,-0.4137249017,20.25572424
2.666,1.04,2.08,3.080722611,6.76,0.4686804357,252.057,-0.5241173578,-55.57167487
2.667,1.01,2.02,2.998987263,5.95,0.4103110093,253.702,-0.4893150863,-37.95990506
2.668,1.05,2.1,3.10787358,6.97,0.4839135551,255.419,-0.4532294217,101.2860144
2.669,1.11,2.22,3.269790847,8.76,0.6154479405,259.541,-0.3675793867,13.19163241
2.67,1.11,2.22,3.269790847,8.6,0.6035668934,268.609,-0.1838491285,7.790451396
2.671,1,2,2.971648,5.77,0.3974231805,274.002,-0.07749853812,9.288587392
2.672,0.87,1.74,2.611953881,2.47,0.1664378882,273.897,-0.07954909855,30.06088463
2.673,0.83,1.66,2.499678265,1.17,0.07816007964,272.706,-0.1028634971,-101.1875492
2.674,0.82,1.64,2.471491677,1.01,0.06739971161,271.321,-0.1301039319,-39.41507712
2.675,0.74,1.48,2.244304323,-1.88,-0.123065179,268.376,-0.1884919028,-7.203509257
2.676,0.59,1.18,1.810207839,-7.95,-0.4997566601,265.044,-0.2553301611,-2.397350594
2.677,0.49,0.98,1.514925983,-11.7,-0.7173027255,259.103,-0.3766156449,-1.384862001
2.678,0.46,0.92,1.425423491,-12.82,-0.780110914,247.323,-0.6255537739,-1.014056555
2.679,0.39,0.78,1.214936767,-15.68,-0.9360969855,244.023,-0.6974186734,-0.7437558132
2.68,0.19,0.38,0.6008362552,-23.54,-1.333585162,240.835,-0.7677734816,-0.2859275151
2.681,-0.09,-0.18,-0.2905379208,-34.18,-1.804515842,236.544,-0.8639547896,0.1088780657
2.682,-0.29,-0.58,-0.9498290888,-41.68,-2.09489284,232.283,-0.9612059194,0.3107979039
2.683,-0.35,-0.7,-1.15128818,-43.86,-2.173432812,224.668,-1.139535859,0.3475095283
2.684,-0.31,-0.62,-1.016793825,-42.8,-2.135559514,217.582,-1.310992477,0.2950176953
2.685,-0.23,-0.46,-0.7500646472,-39.95,-2.030739225,213.215,-1.419462361,0.21739734
2.686,-0.1,-0.2,-0.32305528,-35.78,-1.869189884,209.157,-1.522267319,0.09525559683
2.687,0.05,0.1,0.15976238,-30.25,-1.63904284,209.613,-1.51061605,-0.05072370869
2.688,0.24,0.48,0.7561266432,-23.23,-1.318741538,210.466,-1.488888917,-0.2693113126
2.689,0.4,0.8,1.24514752,-16.52,-0.9807303901,219.851,-1.255490222,-0.5568088914
2.69,0.48,0.96,1.485138893,-12.94,-0.7867822989,223.555,-1.1661055,-0.7604834715
2.691,0.47,0.94,1.455304729,-13.41,-0.8128043309,226.39,-1.098686368,-0.7613454408
2.692,0.42,0.84,1.305427805,-15.41,-0.9216377426,228.152,-1.057208365,-0.6596914231
2.693,0.36,0.72,1.124022067,-17.46,-1.030052276,228.074,-1.059037722,-0.5380438701
2.694,0.26,0.52,0.8179132832,-21.58,-1.238609678,227.736,-1.066972169,-0.3547535232
2.695,0.09,0.18,0.2867249592,-28.1,-1.544399488,226.485,-1.096441819,-0.1085733393
2.696,-0.07,-0.14,-0.2256444232,-34.19,-1.80492481,225.79,-1.112884262,0.0773335121
2.697,-0.12,-0.24,-0.3882312192,-36.37,-1.892655812,225.063,-1.130138016,0.1284345679
2.698,-0.08,-0.16,-0.2580676352,-35,-1.837851888,225.315,-1.124151045,0.08712605663
2.699,-0.07,-0.14,-0.2256444232,-34.49,-1.817165885,225.773,-1.113287085,0.07699984455
2.7,-0.13,-0.26,-0.4208897992,-36.85,-1.91159652,226.264,-1.101664802,0.1396791563
2.701,-0.21,-0.42,-0.6838530888,-39.99,-2.032241151,226.997,-1.08436107,0.2194226405
2.702,-0.26,-0.52,-0.8497350368,-41.8,-2.099282249,227.653,-1.06892237,0.2682071201
2.703,-0.29,-0.58,-0.9498290888,-42.96,-2.141314298,226.596,-1.093820434,0.2935980006
2.704,-0.3,-0.6,-0.98328792,-43.27,-2.152425566,223.606,-1.164885134,0.2964111622
2.705,-0.21,-0.42,-0.6838530888,-40.55,-2.053175126,218.289,-1.293636638,0.2043297135
2.706,-0.06,-0.12,-0.1932682848,-35.35,-1.851958417,213.505,-1.412190612,0.05920939365
2.707,0.1,0.2,0.31834792,-29.57,-1.609430277,212.59,-1.435167918,-0.1045615545
2.708,0.23,0.46,0.7251627128,-24.82,-1.394175695,212.292,-1.442672591,-0.2556226627
2.709,0.32,0.64,1.002143437,-21.2,-1.219884144,212.813,-1.429558883,-0.378246834
2.71,0.42,0.84,1.305427805,-16.95,-1.003374068,212.53,-1.43667808,-0.5349999614
2.711,0.5,1,1.544666,-13.31,-0.807282055,211.117,-1.472366179,-0.6775896286
2.712,0.52,1.04,1.604004813,-12.39,-0.7561130555,209.063,-1.524672274,-0.7032686471
2.713,0.51,1.02,1.574358943,-12.71,-0.7739856404,205.982,-1.604102951,-0.6620270366
2.714,0.51,1.02,1.574358943,-12.83,-0.7806672903,202.291,-1.700839145,-0.6344367763
2.715,0.48,0.96,1.485138893,-14.29,-0.8610680197,199.171,-1.783996884,-0.5614754068
2.716,0.38,0.76,1.184678941,-18.17,-1.066872416,197.743,-1.822493047,-0.4100135328
2.717,0.28,0.56,0.8795116288,-22.38,-1.277699216,197.771,-1.821735551,-0.2837651685
2.718,0.2,0.4,0.63198848,-25.69,-1.434721931,197.323,-1.833868365,-0.1933520028
2.719,0.15,0.3,0.47575662,-27.79,-1.530506376,196.887,-1.845702672,-0.1409144437
2.72,0.14,0.28,0.4443690272,-28.37,-1.556448844,196.48,-1.856773508,-0.1301904715
2.721,0.14,0.28,0.4443690272,-28.13,-1.545740651,195.972,-1.870623872,-0.1300707299
2.722,0.19,0.38,0.6008362552,-26.25,-1.460551169,196.334,-1.860750454,-0.1809038514
2.723,0.32,0.64,1.002143437,-21.41,-1.230245092,198.553,-1.800623,-0.3306456785
2.724,0.4,0.8,1.24514752,-17.74,-1.044617259,202.179,-1.703802035,-0.4530413255
2.725,0.32,0.64,1.002143437,-21.41,-1.230245092,205.452,-1.617886458,-0.3518599542
2.726,0.11,0.22,0.3499238072,-30.08,-1.631667319,209.069,-1.524518734,-0.1108691951
2.727,-0.06,-0.12,-0.1932682848,-37.09,-1.921016643,212.767,-1.430715422,0.05766221197
2.728,-0.08,-0.16,-0.2580676352,-38.2,-1.964152861,216.436,-1.339245287,0.07812186833
2.729,0.01,0.02,0.0320466232,-35.08,-1.84108266,220.7,-1.234869882,-0.01041843876
2.73,0.08,0.16,0.2550549248,-32.61,-1.739555083,224.946,-1.132919961,-0.0887927383
2.731,0.13,0.26,0.4129343608,-30.71,-1.658908259,228.954,-1.03843502,-0.1530892875
2.732,0.32,0.64,1.002143437,-23.54,-1.333585162,233.337,-0.9369848394,-0.4413620528
2.733,0.73,1.46,2.215694073,-5.16,-0.33046696,238.285,-0.8247221743,-1.918035763
2.734,1.23,2.46,3.588541433,10.48,0.7447194677,244.051,-0.6968048321,74.89447401
2.735,1.59,3.18,4.504121599,18.68,1.401132551,251.097,-0.5445326034,5.258139011
2.736,1.7,3.4,4.77171368,20.8,1.581989574,258.059,-0.3982158692,4.030934002
2.737,1.64,3.28,4.626460467,19.54,1.473933415,267.7,-0.2019847729,3.637301314
2.738,1.6,3.2,4.52868352,18.83,1.413775067,273.823,-0.08099472772,3.397921913
2.739,1.67,3.34,4.699298905,20.27,1.536334569,275.384,-0.05058225122,3.162908681
2.74,1.76,3.52,4.915272243,21.88,1.675939444,276.68,-0.02546337828,2.97809362
2.741,1.76,3.52,4.915272243,21.91,1.6785668,277.788,-0.004081412535,2.935392736
2.742,1.67,3.34,4.699298905,20.28,1.537193253,278.676,0.01299356099,3.031440379
2.743,1.56,3.12,4.430153395,18.22,1.362507385,278.811,0.01558465285,3.214700667
2.744,1.49,2.98,4.255913343,17.05,1.265247458,278.615,0.01182235958,3.332561215
2.745,1.49,2.98,4.255913343,17.05,1.265247458,277.706,-0.005660907555,3.378817709
2.746,1.51,3.02,4.305931583,17.44,1.297511257,277.275,-0.01397056307,3.354729308
2.747,1.51,3.02,4.305931583,17.32,1.28756734,277.68,-0.006161820434,3.36031921
2.748,1.46,2.92,4.180532931,16.44,1.21509526,277.546,-0.008744192347,3.465436425
2.749,1.38,2.76,3.977447261,14.97,1.09578871,276.329,-0.03225476956,3.739840461
2.75,1.31,2.62,3.797275935,13.14,0.9502973436,274.77,-0.0625240034,4.27730341
2.751,1.29,2.58,3.745374751,12.7,0.9158123613,272.542,-0.1060818492,4.625458341
2.752,1.33,2.66,3.848988825,13.84,1.005555305,270.554,-0.1452493168,4.473976558
2.753,1.39,2.78,4.002997727,15.09,1.105446223,269.363,-0.1688524274,4.273995563
2.754,1.39,2.78,4.002997727,15.22,1.115924885,268.52,-0.1856220732,4.30289759
2.755,1.34,2.68,3.874774659,13.99,1.017459711,269.171,-0.1726672285,4.586658547
2.756,1.25,2.5,3.6410075,11.66,0.8350606483,268.927,-0.1775191331,5.537304362
2.757,1.16,2.32,3.403427379,9.55,0.674469466,267.515,-0.2056832868,7.260084725
2.758,1.11,2.22,3.269790847,8.27,0.5791392686,265.548,-0.2451664164,9.790588741
2.759,1.08,2.16,3.189044045,7.37,0.5130437536,261.337,-0.3306853805,17.48778512
2.76,1.01,2.02,2.998987263,5.69,0.3917049323,252.408,-0.5166724398,-23.9981362
2.761,0.91,1.82,2.723476319,3,0.2028649755,251.52,-0.5355275338,-8.18690367
2.762,0.81,1.62,2.443258015,0.48,0.03191873829,251.245,-0.5413801693,-4.795766404
2.763,0.77,1.54,2.329852633,-1.15,-0.07564630481,252.327,-0.5183895785,-3.922073899
2.764,0.78,1.56,2.358274589,-0.91,-0.05995503512,253.899,-0.485162415,-4.326177026
2.765,0.77,1.54,2.329852633,-1.46,-0.09583975751,257.33,-0.413350661,-4.575601874
2.766,0.72,1.44,2.187036749,-3.72,-0.240543081,267.706,-0.2018648639,-4.943484343
2.767,0.69,1.38,2.100782335,-5.67,-0.3618958053,269.995,-0.1563145526,-4.053918073
2.768,0.66,1.32,2.014104259,-6.96,-0.4404238199,271.043,-0.1355884409,-3.496634353
2.769,0.6,1.2,1.83947712,-10.16,-0.6293274337,270.389,-0.1485130619,-2.364851316
2.77,0.5,1,1.544666,-15.1,-0.9049683735,269.107,-0.1739394336,-1.431694154
2.771,0.45,0.9,1.39549518,-17.33,-1.023270261,265.515,-0.2458313092,-1.099592982
2.772,0.53,1.06,1.633603609,-13.95,-0.8424912778,257.708,-0.4054976468,-1.308988867
2.773,0.69,1.38,2.100782335,-6.35,-0.403462751,250.011,-0.5677216529,-2.163113747
2.774,0.81,1.62,2.443258015,0.33,0.02192222892,248.156,-0.6075649017,-4.171926208
2.775,0.88,1.76,2.639905101,2.01,0.135027589,249.238,-0.5842887499,-5.876103546
2.776,0.95,1.9,2.83424558,3.8,0.2583323737,251.187,-0.5426153614,-9.969803692
2.777,1.05,2.1,3.10787358,6.43,0.4448262407,254.859,-0.4649720451,-154.2690238
2.778,1.15,2.3,3.37679422,9.07,0.6385370409,259.283,-0.3729002667,12.71207358
2.779,1.21,2.42,3.535887071,10.57,0.7515622124,268.702,-0.1819971285,6.208047458
2.78,1.21,2.42,3.535887071,10.71,0.7622220918,273.201,-0.09316129238,5.284851652
2.781,1.18,2.36,3.456552477,9.79,0.6925186578,274.171,-0.0741997619,5.590242348
2.782,1.08,2.16,3.189044045,7.42,0.5166956286,274.787,-0.06219300953,7.016558125
2.783,0.96,1.92,2.861820211,4.2,0.286285154,274.803,-0.06188150459,12.75300209
2.784,0.87,1.74,2.611953881,2.04,0.1370702779,274.58,-0.06622474078,36.86829104
2.785,0.88,1.76,2.639905101,2.24,0.1507089033,273.45,-0.08828743285,42.29161988
2.786,0.95,1.9,2.83424558,3.97,0.2701944075,272.208,-0.1126422906,17.98925736
2.787,1,2,2.971648,5.11,0.3504252631,271.178,-0.1329243979,13.66269508
2.788,0.97,1.94,2.889347769,4.36,0.2975073278,270.081,-0.1546107183,20.21984832
2.789,0.89,1.78,2.667809247,2.49,0.1678078821,269.265,-0.1707992256,-891.8431729
2.79,0.83,1.66,2.499678265,0.99,0.0660562702,268.365,-0.1887111892,-20.37976369
2.791,0.81,1.62,2.443258015,0.38,0.02525218363,266.078,-0.2344991392,-11.6764328
2.792,0.8,1.6,2.41497728,0.04,0.002652113866,262.903,-0.298722444,-8.156768965
2.793,0.75,1.5,2.2728675,-2.14,-0.1398422971,254.719,-0.4679117325,-3.739781868
2.794,0.63,1.26,1.927002521,-7.65,-0.4818619997,246.337,-0.6469251915,-1.707144213
2.795,0.44,0.88,1.365519795,-15.66,-0.9350278181,241.843,-0.7454281174,-0.8125888732
2.796,0.32,0.64,1.002143437,-20.79,-1.199565442,237.065,-0.8521841048,-0.4884336095
2.797,0.39,0.78,1.214936767,-18.27,-1.072028563,234.659,-0.906759287,-0.6139803049
2.798,0.54,1.08,1.663155331,-11.41,-0.7008794776,232.404,-0.9584197428,-1.002323939
2.799,0.58,1.16,1.780891485,-9.34,-0.5817117538,229.071,-1.035701763,-1.1010737
2.8,0.38,0.76,1.184678941,-17.69,-1.042020615,223.728,-1.161966957,-0.5375161622
2.801,-0.02,-0.04,-0.0642344672,-33.6,-1.780692295,216.345,-1.341495155,0.02057354602
2.802,-0.34,-0.68,-1.117593981,-45.78,-2.240543281,208.875,-1.529485428,0.2964417693
2.803,-0.4,-0.8,-1.32046528,-48.13,-2.32014323,203.376,-1.672220777,0.3307477169
2.804,-0.29,-0.58,-0.9498290888,-44.55,-2.197769656,198.937,-1.790286133,0.2381684558
2.805,-0.14,-0.28,-0.4535954528,-39.72,-2.022085888,197.904,-1.818138912,0.1181169011
2.806,-0.09,-0.18,-0.2905379208,-37.95,-1.954499134,197.075,-1.840596595,0.07655615077
2.807,-0.12,-0.24,-0.3882312192,-39.12,-1.999372973,197.548,-1.827771437,0.1014414868
2.808,-0.12,-0.24,-0.3882312192,-39.41,-2.01037604,198.111,-1.812545942,0.1015535292
2.809,-0.08,-0.16,-0.2580676352,-37.94,-1.954112242,199.945,-1.7632465,0.06942231114
2.81,0.03,0.06,0.0959986488,-34.25,-1.807377356,202.835,-1.686471261,-0.02747647632
2.811,0.19,0.38,0.6008362552,-28.32,-1.554221063,203.191,-1.677089593,-0.1859419657
2.812,0.37,0.74,1.154374041,-21.6,-1.239592405,203.612,-1.66601617,-0.3972916554
2.813,0.5,1,1.544666,-15.94,-0.949968731,204.989,-1.629956651,-0.5987250682
2.814,0.59,1.18,1.810207839,-12.04,-0.736473308,207.676,-1.560284383,-0.7881579525
2.815,0.63,1.26,1.927002521,-9.85,-0.6113898286,212.174,-1.445647152,-0.9367855508
2.816,0.65,1.3,1.98511742,-9.03,-0.5635697383,215.908,-1.352312666,-1.036137403
2.817,0.64,1.28,1.956083507,-9.59,-0.5962859644,220.657,-1.235912349,-1.067615603
2.818,0.62,1.24,1.897874461,-10.58,-0.6535074781,225.891,-1.110491644,-1.075893087
2.819,0.63,1.26,1.927002521,-9.95,-0.6171845625,230.685,-0.9981386402,-1.192951675
2.82,0.7,1.4,2.12958088,-6.67,-0.4228905923,235.51,-0.8873923999,-1.625283159
2.821,0.8,1.6,2.41497728,-1.24,-0.08151755551,240.182,-0.7822991726,-2.795705618
2.822,0.88,1.76,2.639905101,1.62,0.1085462017,245.684,-0.6611260165,-4.777418629
2.823,0.93,1.86,2.778955097,2.74,0.1849633106,252.58,-0.5130279966,-8.470753529
2.824,0.94,1.88,2.806623875,3.02,0.2042445655,262.305,-0.310905432,-26.31352967
2.825,0.94,1.88,2.806623875,3.01,0.2035547251,270.577,-0.1447945286,47.76403146
2.826,0.94,1.88,2.806623875,3.12,0.2111479618,272.516,-0.1065922536,26.84333474
2.827,0.94,1.88,2.806623875,3.19,0.2159857435,272.669,-0.1035894196,24.97077998
2.828,0.93,1.86,2.778955097,2.89,0.1952837167,272.39,-0.1090664418,32.23199876
2.829,0.9,1.8,2.69566632,2.14,0.143885089,271.338,-0.1297687306,190.9604616
2.83,0.87,1.74,2.611953881,1.39,0.09299289374,270.712,-0.1421258987,-53.16088207
2.831,0.87,1.74,2.611953881,1.27,0.08489690838,270.727,-0.1418294664,-45.87803486
2.832,0.87,1.74,2.611953881,1.36,0.09096769082,270.526,-0.1458030242,-47.63267986
2.833,0.84,1.68,2.527817779,0.49,0.03258588131,269.809,-0.1600014465,-19.83915996
2.834,0.77,1.54,2.329852633,-2.59,-0.1687414774,268.023,-0.1955334904,-6.395862573
2.835,0.69,1.38,2.100782335,-6.13,-0.390056781,264.736,-0.2615508572,-3.223998941
2.836,0.64,1.28,1.956083507,-8.37,-0.5246856107,261.25,-0.3324667107,-2.282072227
2.837,0.6,1.2,1.83947712,-10.01,-0.6206575565,255.578,-0.4499000478,-1.718242076
2.838,0.54,1.08,1.663155331,-12.98,-0.7890036076,243.673,-0.7050976387,-1.113147677
2.839,0.43,0.86,1.335497337,-18.06,-1.061192178,239.562,-0.7961273886,-0.7190455326
2.84,0.32,0.64,1.002143437,-22.64,-1.290306744,236.263,-0.8703140447,-0.4638219914
2.841,0.31,0.62,0.9715560952,-23.27,-1.320660578,234.381,-0.9131011775,-0.434941682
2.842,0.39,0.78,1.214936767,-19.99,-1.159573893,232.353,-0.9595939048,-0.573308432
2.843,0.51,1.02,1.574358943,-14.96,-0.8974163772,230.943,-0.9921584997,-0.8331815597
2.844,0.56,1.12,1.722117555,-12.4,-0.7566727833,229.185,-1.033039932,-0.9622312792
2.845,0.51,1.02,1.574358943,-14.95,-0.896876379,227.498,-1.072566216,-0.7993931619
2.846,0.4,0.8,1.24514752,-19.92,-1.156052802,226.011,-1.10765032,-0.5500489476
2.847,0.31,0.62,0.9715560952,-23.94,-1.352640305,224.82,-1.135917519,-0.3904092908
2.848,0.31,0.62,0.9715560952,-24.14,-1.362126651,224.386,-1.146255319,-0.3873238235
2.849,0.38,0.76,1.184678941,-21.15,-1.217412646,225.609,-1.117174702,-0.5074468266
2.85,0.41,0.82,1.275311199,-19.87,-1.153535578,227.037,-1.083418409,-0.5701106085
2.851,0.36,0.72,1.124022067,-22.3,-1.273810472,228.18,-1.056551825,-0.4823379045
2.852,0.34,0.68,1.063176899,-23.41,-1.327368501,228.885,-1.040047595,-0.4490874674
2.853,0.44,0.88,1.365519795,-19.09,-1.114033214,228.547,-1.047953908,-0.6316040372
2.854,0.65,1.3,1.98511742,-9.8,-0.6084894545,228.657,-1.045379565,-1.200286961
2.855,0.81,1.62,2.443258015,-1.2,-0.07890898373,229.861,-1.017282894,-2.228859806
2.856,0.86,1.72,2.583955587,0.77,0.05130192003,232.269,-0.9615283806,-2.838805176
2.857,0.88,1.76,2.639905101,1.25,0.08354882834,237.202,-0.8490932297,-3.448402334
2.858,0.93,1.86,2.778955097,2.52,0.1698635505,241.642,-0.749876446,-4.791195366
2.859,0.97,1.94,2.889347769,3.55,0.2409361762,246.137,-0.6512705988,-7.04144622
2.86,0.97,1.94,2.889347769,3.57,0.242325773,250.789,-0.5510990357,-9.357506358
2.861,1,2,2.971648,4.41,0.3010190778,257.544,-0.408903359,-27.54477265
2.862,1.08,2.16,3.189044045,6.24,0.4311382393,250.654,-0.5539797221,-25.96064434
2.863,1.08,2.16,3.189044045,6.26,0.4325774929,243.978,-0.6984053517,-11.99665099
2.864,1,2,2.971648,4.41,0.3010190778,241.038,-0.7632658621,-6.428704538
2.865,0.94,1.88,2.806623875,2.69,0.1815277028,239.518,-0.7971101055,-4.559298418
2.866,0.96,1.92,2.861820211,3.1,0.2097665561,238.602,-0.8176095868,-4.708156657
2.867,1.04,2.08,3.080722611,5.27,0.3617816212,239.361,-0.8006180899,-7.020206457
2.868,1.06,2.12,3.134977475,5.79,0.3988536725,240.378,-0.7779350971,-8.269931661
2.869,1.01,2.02,2.998987263,4.37,0.298209494,241.657,-0.7495443534,-6.64470559
2.87,0.95,1.9,2.83424558,2.88,0.1945950554,243.141,-0.7167908157,-5.427553794
2.871,0.86,1.72,2.583955587,0.67,0.04460962798,245.508,-0.6649599553,-4.165316715
2.872,0.72,1.44,2.187036749,-5.4,-0.3452841702,248.13,-0.6081254656,-2.293910893
2.873,0.53,1.06,1.633603609,-13.96,-0.8430389189,253.739,-0.488534897,-1.226821667
2.874,0.36,0.72,1.124022067,-21.39,-1.22925968,255.061,-0.4607333408,-0.6651045615
2.875,0.27,0.54,0.8487359928,-25.32,-1.417540621,244.033,-0.6971994363,-0.4013429403
2.876,0.22,0.44,0.6941517088,-27.69,-1.526011312,239.007,-0.8085362631,-0.2973388575
2.877,0.15,0.3,0.47575662,-30.44,-1.647264359,232.911,-0.9467611843,-0.1834047553
2.878,0.08,0.16,0.2550549248,-33.47,-1.775324561,227.792,-1.065656773,-0.08977705053
2.879,0.06,0.12,0.1915736352,-34.2,-1.805333719,225.665,-1.115846905,-0.06558089344
2.88,0.17,0.34,0.5383905848,-30.45,-1.647696437,224.022,-1.15494116,-0.1921013924
2.881,0.34,0.68,1.063176899,-24.07,-1.358809549,223.793,-1.16041284,-0.4220258218
2.882,0.47,0.94,1.455304729,-18.78,-1.098211065,223.331,-1.171468837,-0.6411938209
2.883,0.51,1.02,1.574358943,-16.74,-0.9923327507,222.65,-1.187807438,-0.7221365631
2.884,0.51,1.02,1.574358943,-16.83,-0.9970687654,222.134,-1.20022066,-0.7165004869
2.885,0.55,1.1,1.69265998,-15.22,-0.9114296718,221.676,-1.211262777,-0.7974117877
2.886,0.64,1.28,1.956083507,-10.92,-0.6729789208,221.251,-1.221529709,-1.032501767
2.887,0.73,1.46,2.215694073,-6.48,-0.4113655559,221.032,-1.226827901,-1.352522844
2.888,0.78,1.56,2.358274589,-3.85,-0.2487334161,221.352,-1.219088017,-1.606649512
2.889,0.8,1.6,2.41497728,-2.67,-0.1738608231,222.657,-1.18763924,-1.773762151
2.89,0.83,1.66,2.499678265,-1.2,-0.07890898373,224.49,-1.143776237,-2.044416847
2.891,0.87,1.74,2.611953881,0.6,0.03993030927,227.476,-1.073083608,-2.528137773
2.892,0.91,1.82,2.723476319,1.62,0.1085462017,231.022,-0.9903287074,-3.088603257
2.893,0.94,1.88,2.806623875,2.22,0.1493434198,235.689,-0.8833276627,-3.823820337
2.894,0.96,1.92,2.861820211,2.9,0.1959724686,240.521,-0.7747533478,-4.944565922
2.895,1.01,2.02,2.998987263,4.02,0.2736882735,245.699,-0.6607993873,-7.747096779
2.896,1.03,2.06,3.053524569,4.53,0.3094566527,251.365,-0.5388255046,-13.31272552
2.897,0.97,1.94,2.889347769,3.07,0.2076951287,262.725,-0.3023459193,-30.52639869
2.898,0.86,1.72,2.583955587,0.11,0.007296713423,263.962,-0.2772153876,-9.573089358
2.899,0.76,1.52,2.301383603,-5.35,-0.3422012381,263.258,-0.2915031697,-3.631635783
2.9,0.74,1.48,2.244304323,-6.66,-0.4222847572,262.206,-0.3129250274,-3.052603992
2.901,0.79,1.58,2.386649471,-4,-0.2581659283,259.46,-0.3692493257,-3.803939187
2.902,0.86,1.72,2.583955587,0.1,0.00663293416,255.204,-0.4577347027,-5.728098995
2.903,0.93,1.86,2.778955097,1.94,0.1302644618,245.54,-0.6642626711,-5.204053213
2.904,0.98,1.96,2.916828253,3.13,0.2118388009,243.412,-0.7108311354,-5.845436996
2.905,0.96,1.92,2.861820211,2.58,0.1739773267,241.486,-0.7533314311,-4.939673663
2.906,0.86,1.72,2.583955587,-0.03,-0.001988158449,240.172,-0.782521925,-3.29371877
2.907,0.72,1.44,2.187036749,-6.7,-0.4247076006,240.444,-0.7764663623,-1.82074938
2.908,0.59,1.18,1.810207839,-12.73,-0.7751000269,240.949,-0.7652416416,-1.175198903
2.909,0.5,1,1.544666,-16.71,-0.9907527374,241.972,-0.7425751674,-0.8911562525
2.91,0.45,0.9,1.39549518,-18.76,-1.097187879,242.309,-0.7351292825,-0.7616013262
2.911,0.44,0.88,1.365519795,-19.05,-1.111995574,240.487,-0.7755096762,-0.7234521839
2.912,0.48,0.96,1.485138893,-17.68,-1.041501064,237.814,-0.8353075812,-0.7913107692
2.913,0.52,1.04,1.604004813,-15.93,-0.9494361434,233.412,-0.9352654998,-0.8510656414
2.914,0.52,1.04,1.604004813,-15.84,-0.9446394691,229.314,-1.030029456,-0.8122905021
2.915,0.47,0.94,1.455304729,-18.02,-1.059124433,226.482,-1.096512685,-0.6751158237
2.916,0.39,0.78,1.214936767,-21.46,-1.232707384,224.198,-1.150739652,-0.5097393601
2.917,0.32,0.64,1.002143437,-24.76,-1.391360512,223.455,-1.168499183,-0.391483736
2.918,0.24,0.48,0.7561266432,-27.99,-1.539476864,222.392,-1.194010449,-0.2766161159
2.919,0.17,0.34,0.5383905848,-31.08,-1.67479003,220.995,-1.227723547,-0.1854911512
2.92,0.13,0.26,0.4129343608,-32.57,-1.737880348,219.622,-1.261065764,-0.137693158
2.921,0.16,0.32,0.5070971392,-31.61,-1.697389917,217.957,-1.301779752,-0.169079177
2.922,0.24,0.48,0.7561266432,-28.85,-1.577752985,216.899,-1.327812789,-0.260233876
2.923,0.31,0.62,0.9715560952,-26,-1.449046214,217.579,-1.311066242,-0.3519987357
2.924,0.39,0.78,1.214936767,-23.03,-1.309129711,218.783,-1.281542973,-0.4689657533
2.925,0.53,1.06,1.633603609,-17.22,-1.017521857,221.651,-1.211866169,-0.7327587617
2.926,0.72,1.44,2.187036749,-8.15,-0.5116455393,224.217,-1.150286277,-1.315960575
2.927,0.89,1.78,2.667809247,0.45,0.02991784121,226.772,-1.089666633,-2.517397771
2.928,0.97,1.94,2.889347769,2.36,0.1589093763,228.126,-1.057818081,-3.214283891
2.929,0.97,1.94,2.889347769,2.52,0.1698635505,226.225,-1.102587034,-3.097753856
2.93,1,2,2.971648,3.16,0.2139118633,224.26,-1.149260361,-3.177048992
2.931,1.07,2.14,3.162034297,5.09,0.3490073834,222.567,-1.189802196,-3.760768085
2.932,1.15,2.3,3.37679422,7.06,0.4904547193,222.391,-1.194034506,-4.799447461
2.933,1.2,2.4,3.50948928,8.25,0.5776621365,225.583,-1.117791291,-6.497500187
2.934,1.22,2.44,3.562237789,8.78,0.6169347889,229.466,-1.026484402,-8.697939584
2.935,1.22,2.44,3.562237789,8.98,0.6318242889,235.772,-0.8814439438,-14.27066226
2.936,1.22,2.44,3.562237789,8.85,0.6221417664,242.217,-0.7371609588,-30.97081204
2.937,1.2,2.4,3.50948928,8.22,0.5754471511,248.305,-0.6043535718,-121.4086418
2.938,1.15,2.3,3.37679422,7.09,0.4926368002,255.678,-0.4478071628,75.32503978
2.939,1.13,2.26,3.323386681,6.37,0.4405000682,268.24,-0.1912037117,13.331068
2.94,1.16,2.32,3.403427379,7.22,0.5021022725,275.164,-0.05485799126,7.609772829
2.941,1.26,2.52,3.667169923,9.95,0.7045822624,278.818,0.01571897154,5.091161517
2.942,1.42,2.84,4.079366685,14.34,1.045323983,281.966,0.07578479692,3.638689446
2.943,1.61,3.22,4.553198367,17.91,1.336600617,283.969,0.1136552052,3.139582891
2.944,1.76,3.52,4.915272243,20.91,1.591502177,285.044,0.1338700574,2.848818444
2.945,1.84,3.68,5.104047539,22.37,1.718972778,283.207,0.09927976456,2.807116954
2.946,1.8,3.6,5.01003648,21.77,1.666313985,281.705,0.07083031071,2.884064665
2.947,1.69,3.38,4.747622495,19.57,1.476486873,280.708,0.05186220155,3.106373127
2.948,1.56,3.12,4.430153395,17.15,1.273505381,280.689,0.05150006923,3.343498244
2.949,1.47,2.94,4.205706809,15.48,1.136933309,282.757,0.09077215451,3.425664325
2.95,1.43,2.86,4.104728857,14.73,1.076517106,284.552,0.1246277149,3.417347172
2.951,1.46,2.92,4.180532931,15.3,1.122381755,285.525,0.1428903533,3.304058396
2.952,1.47,2.94,4.205706809,15.63,1.149084592,285.223,0.1372286597,3.26958212
2.953,1.43,2.86,4.104728857,14.92,1.09176902,280.542,0.04869747986,3.599166532
2.954,1.35,2.7,3.90051342,12.91,0.9322472266,275.698,-0.04448551723,4.393649082
2.955,1.17,2.34,3.430013465,7.98,0.5577580344,270.815,-0.1400907277,8.212310157
2.956,0.99,1.98,2.944261663,3.26,0.220827979,267.159,-0.212807629,367.098902
2.957,0.93,1.86,2.778955097,1.81,0.1214303351,266.972,-0.2165537139,-29.2142177
2.958,1,2,2.971648,3.56,0.241630929,266.638,-0.2232511155,161.6799868
2.959,1.17,2.34,3.430013465,7.83,0.5467300784,267.37,-0.2085839103,10.14358224
2.96,1.24,2.48,3.614798003,9.71,0.6864961027,267.643,-0.2031240425,7.478293225
2.961,1.2,2.4,3.50948928,8.71,0.6117324897,267.214,-0.2117063383,8.773149625
2.962,1.23,2.46,3.588541433,9.4,0.6632168394,266.551,-0.2249970255,8.1889073
2.963,1.24,2.48,3.614798003,9.72,0.6872485852,264.325,-0.2698631328,8.660574974
2.964,1.11,2.22,3.269790847,6.41,0.4433838091,261.706,-0.3231366691,27.19225461
2.965,0.9,1.8,2.69566632,0.82,0.05465139965,257.751,-0.4046050442,-7.702923978
2.966,0.76,1.52,2.301383603,-6.4,-0.4065039518,249.01,-0.589185107,-2.311347687
2.967,0.81,1.62,2.443258015,-3.59,-0.2323383421,240.413,-0.7771561723,-2.420278645
2.968,0.96,1.92,2.861820211,2.05,0.1377513541,237.181,-0.8495668976,-4.02045198
2.969,0.98,1.96,2.916828253,2.56,0.1726057065,236.559,-0.86361554,-4.221109616
2.97,0.86,1.72,2.583955587,-1.1,-0.07238144249,235.715,-0.8827375107,-2.70537568
2.971,0.69,1.38,2.100782335,-10.04,-0.6223929723,234.503,-0.91031712,-1.370632545
2.972,0.55,1.1,1.69265998,-16.8,-0.9954907644,232.684,-0.9519779504,-0.8691590099
2.973,0.57,1.14,1.751528057,-16.06,-0.9563539179,229.189,-1.032946558,-0.8804743566
2.974,0.72,1.44,2.187036749,-9,-0.5618099385,225.992,-1.108100096,-1.309673398
2.975,0.88,1.76,2.639905101,-0.34,-0.02248599305,223.779,-1.160747535,-2.231093896
2.976,0.97,1.94,2.889347769,1.96,0.1316249058,222.326,-1.195598422,-2.715620009
2.977,0.99,1.98,2.944261663,2.59,0.1746632724,222.406,-1.193673667,-2.889334279
2.978,1.1,2.2,3.24292232,5.29,0.3632028321,223.006,-1.179260037,-3.973890925
2.979,1.39,2.78,4.002997727,13.27,0.9605227547,224.755,-1.137464536,-22.62324759
2.98,1.71,3.42,4.795757791,19.75,1.491827347,227.772,-1.06612652,11.26555903
2.981,1.81,3.62,5.033609855,21.69,1.659321717,233.696,-0.9287599372,6.890053651
2.982,1.7,3.4,4.77171368,19.67,1.485005183,241.13,-0.76122425,6.592759584
2.983,1.58,3.16,4.479512605,17.35,1.290051935,252.14,-0.5223559431,5.835008456
2.984,1.62,3.24,4.577666141,18.04,1.347452685,266.765,-0.2207035107,4.062719764
2.985,1.77,3.54,4.939033913,21,1.599294702,268.967,-0.1767234373,3.471906143
2.986,1.84,3.68,5.104047539,22.32,1.71456991,269.715,-0.1618656824,3.287198842
2.987,1.77,3.54,4.939033913,21.1,1.607963086,267.737,-0.2012453769,3.511034149
2.988,1.67,3.34,4.699298905,19.21,1.445907278,266.561,-0.2247963172,3.848379923
2.989,1.58,3.16,4.479512605,17.6,1.310792792,265.026,-0.2556935093,4.245583973
2.99,1.51,3.02,4.305931583,16.28,1.202003341,264.053,-0.2753713112,4.646862447
2.991,1.45,2.9,4.15531198,15.06,1.103030487,263.84,-0.2796886636,5.046885587
2.992,1.36,2.72,3.926205107,13.01,0.9400886718,263.123,-0.2942473797,6.079210412
2.993,1.25,2.5,3.6410075,9.93,0.7030729625,262.519,-0.3065424453,9.182162135
2.994,1.12,2.24,3.296612301,6.48,0.448433957,261.975,-0.3176403837,25.20469636
2.995,1.01,2.02,2.998987263,3.54,0.2402415146,261.55,-0.3263266947,-34.8374396
2.996,0.94,1.88,2.806623875,1.68,0.1126113781,259.87,-0.3608019013,-11.30834425
2.997,0.9,1.8,2.69566632,0.8,0.05331134101,255.834,-0.4445438962,-6.890189184
2.998,0.87,1.74,2.611953881,-0.09,-0.005962092718,245.249,-0.6706069461,-3.860587362
2.999,0.81,1.62,2.443258015,-2.94,-0.191097962,241.575,-0.7513600445,-2.592431703
3,0.74,1.48,2.244304323,-6.35,-0.403462751,237.562,-0.8409797233,-1.803461686
3.001,0.69,1.38,2.100782335,-8.95,-0.5588753209,234.433,-0.9119143529,-1.428336337
3.002,0.67,1.34,2.043044025,-9.6,-0.5968678865,231.377,-0.9821139389,-1.293899646
3.003,0.71,1.42,2.158332351,-7.79,-0.4902220126,229.639,-1.022452426,-1.426832037
3.004,0.74,1.48,2.244304323,-6.11,-0.3888360597,227.88,-1.063590374,-1.545210326
3.005,0.68,1.36,2.071936717,-8.85,-0.5530000139,226.466,-1.096890654,-1.255802434
3.006,0.5,1,1.544666,-17,-1.005998115,225.192,-1.12707242,-0.7241513934
3.007,0.3,0.6,0.94092168,-25.78,-1.438887238,224.374,-1.14654144,-0.363932561
3.008,0.25,0.5,0.7870435,-27.86,-1.533649024,223.502,-1.167374019,-0.2913871847
3.009,0.39,0.78,1.214936767,-22.49,-1.283038931,222.598,-1.189057079,-0.4914601869
3.01,0.56,1.12,1.722117555,-15.26,-0.9135810115,221.607,-1.212928304,-0.8098330642
3.011,0.58,1.16,1.780891485,-14.28,-0.8605229098,220.228,-1.246323911,-0.8452875963
3.012,0.46,0.92,1.425423491,-19.81,-1.150512535,219.021,-1.275726215,-0.5875033905
3.013,0.37,0.74,1.154374041,-23.93,-1.352165267,217.323,-1.317364674,-0.4324259575
3.014,0.43,0.86,1.335497337,-21.83,-1.250873491,216.183,-1.345502757,-0.514369725
3.015,0.59,1.18,1.810207839,-14.99,-0.8990359156,215.604,-1.359850812,-0.8013716743
3.016,0.74,1.48,2.244304323,-7.74,-0.4872381374,215.034,-1.374013528,-1.205803796
3.017,0.82,1.64,2.471491677,-3.65,-0.2361269356,215.137,-1.371451524,-1.537400344
3.018,0.83,1.66,2.499678265,-2.63,-0.1713018392,215.763,-1.355906839,-1.636762743
3.019,0.83,1.66,2.499678265,-2.93,-0.1904606668,217.015,-1.324952314,-1.649503005
3.02,0.81,1.62,2.443258015,-3.71,-0.2399124588,218.817,-1.280711621,-1.606746893
3.021,0.78,1.56,2.358274589,-5.72,-0.3649653387,221.079,-1.225690403,-1.482580125
3.022,0.73,1.46,2.215694073,-8.37,-0.5246856107,223.525,-1.166823493,-1.3098919
3.023,0.69,1.38,2.100782335,-10.42,-0.6443126236,226.616,-1.093348248,-1.208971422
3.024,0.7,1.4,2.12958088,-10.1,-0.625861643,230.074,-1.012327628,-1.299960217
3.025,0.78,1.56,2.358274589,-5.82,-0.3710981375,234.093,-0.9196791314,-1.827018995
3.026,0.9,1.8,2.69566632,0.41,0.02725121946,238.497,-0.819964444,-3.400556767
3.027,0.96,1.92,2.861820211,1.92,0.1289043773,243.956,-0.698887794,-5.020883288
3.028,0.98,1.96,2.916828253,2.49,0.1678078821,249.356,-0.5817564289,-7.046354615
3.029,1.11,2.22,3.269790847,5.64,0.3881340481,257.18,-0.4164701339,-115.3931727
3.03,1.37,2.74,3.951849721,12.63,0.910343748,265.426,-0.2476249172,5.963086511
3.031,1.63,3.26,4.602086841,18.29,1.36837102,266.594,-0.2241340333,4.021970008
3.032,1.74,3.48,4.867607683,20.31,1.539769935,267.284,-0.2103050234,3.661328434
3.033,1.67,3.34,4.699298905,18.96,1.424750789,267.018,-0.2156319738,3.886548488
3.034,1.57,3.14,4.454856537,17.17,1.275158193,266.575,-0.2245153383,4.240124526
3.035,1.54,3.08,4.380605891,16.66,1.233139188,265.384,-0.2484715478,4.44881675
3.036,1.55,3.1,4.40540318,16.79,1.243824694,263.482,-0.2869529169,4.603963965
3.037,1.56,3.12,4.430153395,16.96,1.257824071,260.59,-0.3459996016,4.858559454
3.038,1.55,3.1,4.40540318,16.8,1.24464737,256.966,-0.420923733,5.348156812
3.039,1.5,3,4.280946,15.82,1.164508873,245.203,-0.6716105101,8.685251005
3.04,1.4,2.8,4.02850112,13.65,0.990508566,242.266,-0.7360787743,15.83344896
3.041,1.29,2.58,3.745374751,10.78,0.7675591639,239.491,-0.7977132257,-124.2079681
3.042,1.24,2.48,3.614798003,9.42,0.6647159412,237.052,-0.8524774923,-19.25206723
3.043,1.22,2.44,3.562237789,9.03,0.6355526388,235.447,-0.8888237407,-14.06492001
3.044,1.14,2.28,3.350113987,6.86,0.4759291374,234.219,-0.9168002814,-7.598850668
3.045,0.99,1.98,2.944261663,2.93,0.1980392685,233.217,-0.9397369324,-3.9696251
3.046,0.91,1.82,2.723476319,0.77,0.05130192003,232.41,-0.958281623,-3.002797428
3.047,0.95,1.9,2.83424558,1.88,0.1261852864,232.375,-0.9590873719,-3.402855665
3.048,1,2,2.971648,3.04,0.2056245185,232.525,-0.9556350165,-3.962141874
3.049,0.9,1.8,2.69566632,0.47,0.03125168393,233.941,-0.9231540928,-3.022378114
3.05,0.73,1.46,2.215694073,-8.33,-0.5223176222,235.484,-0.8879830656,-1.571079198
3.051,0.68,1.36,2.071936717,-10.98,-0.6764055293,238.262,-0.8252385976,-1.37977879
3.052,0.84,1.68,2.527817779,-3.18,-0.2063673069,241.887,-0.7444548472,-2.658560035
3.053,1.11,2.22,3.269790847,5.58,0.3838520527,246.176,-0.6504229673,-12.26612007
3.054,1.38,2.76,3.977447261,12.76,0.9205035928,251.499,-0.5359742366,10.34367649
3.055,1.55,3.1,4.40540318,16.67,1.233960538,259.57,-0.366981634,5.081326845
3.056,1.6,3.2,4.52868352,17.55,1.30663949,271.394,-0.1286646866,3.844465526
3.057,1.5,3,4.280946,15.62,1.148273799,274.984,-0.05835886751,3.927779935
3.058,1.33,2.66,3.848988825,11.45,0.8188837214,277.97,-0.0005773692831,4.703603748
3.059,1.26,2.52,3.667169923,9.4,0.6632168394,279.943,0.0372622007,5.235231482
3.06,1.36,2.72,3.926205107,12.15,0.8729747311,281.553,0.06794282391,4.172740838
3.061,1.57,3.14,4.454856537,17.03,1.263597101,281.529,0.06748676245,3.346788778
3.062,1.75,3.5,4.8914635,20.37,1.544926132,281.235,0.06189685214,3.044183179
3.063,1.77,3.54,4.939033913,20.82,1.58371819,279.711,0.03282660273,3.05530285
3.064,1.67,3.34,4.699298905,18.95,1.42390588,278.088,0.001693257196,3.296367668
3.065,1.56,3.12,4.430153395,16.87,1.25040896,276.815,-0.02285359855,3.608923503
3.066,1.51,3.02,4.305931583,15.97,1.176711751,276.006,-0.03851202357,3.783107198
3.067,1.54,3.08,4.380605891,16.5,1.220011443,275.451,-0.04928077255,3.741770845
3.068,1.62,3.24,4.577666141,18.13,1.354975858,275.075,-0.05658869375,3.525655726
3.069,1.73,3.46,4.843704793,20.11,1.522609883,274.834,-0.06127801537,3.314582333
3.07,1.8,3.6,5.01003648,21.64,1.654954996,274.661,-0.06464674496,3.150355585
3.071,1.83,3.66,5.080615385,22.04,1.689963058,274.805,-0.06184256775,3.120540166
3.072,1.76,3.52,4.915272243,20.85,1.586311904,274.9,-0.05999339408,3.22034504
3.073,1.64,3.28,4.626460467,18.64,1.39776515,274.965,-0.05872853815,3.455066444
3.074,1.54,3.08,4.380605891,16.82,1.246293028,274.839,-0.06118068478,3.6963634
3.075,1.51,3.02,4.305931583,16.24,1.198734428,274.969,-0.05865071063,3.77685561
3.076,1.53,3.06,4.355761529,16.57,1.225751623,274.991,-0.0582226795,3.730752504
3.077,1.55,3.1,4.40540318,16.94,1.256175553,275.058,-0.05691934107,3.673446204
3.078,1.55,3.1,4.40540318,16.94,1.256175553,275.007,-0.05791140564,3.676487516
3.079,1.54,3.08,4.380605891,16.89,1.252056047,275.421,-0.04986348505,3.643847108
3.08,1.56,3.12,4.430153395,17.12,1.27102693,276.202,-0.03471417912,3.583359787
3.081,1.56,3.12,4.430153395,17.17,1.275158193,277.86,-0.002694923239,3.481556993
3.082,1.49,2.98,4.255913343,15.91,1.171827865,280.147,0.04115943167,3.50862153
3.083,1.33,2.66,3.848988825,12.21,0.8776334616,282.903,0.09353388423,3.963260133
3.084,1.14,2.28,3.350113987,7.27,0.5057470766,284.69,0.1272216908,5.292700304
3.085,1.04,2.08,3.080722611,4.61,0.3150890612,284.452,0.122747236,7.036243069
3.086,1.06,2.12,3.134977475,5.07,0.3475898736,283.427,0.1034341219,6.950799751
3.087,1.13,2.26,3.323386681,6.77,0.4694048836,279.812,0.03475806938,6.591889906
3.088,1.16,2.32,3.403427379,7.67,0.5349904093,276.288,-0.0330486286,6.780522184
3.089,1.14,2.28,3.350113987,7.08,0.4919093458,273.334,-0.09055743347,8.347073688
3.09,1.08,2.16,3.189044045,5.57,0.3831387118,270.91,-0.1382143144,13.02052421
3.091,1.02,2.04,3.026279453,3.88,0.2639112146,269.488,-0.1663702941,31.02574219
3.092,0.98,1.96,2.916828253,2.96,0.2001068844,268.13,-0.1933980925,434.7769751
3.093,1.02,2.04,3.026279453,3.78,0.2569385775,268.018,-0.1956332962,49.36409047
3.094,1.09,2.18,3.216006719,5.6,0.385279013,268.327,-0.1894687932,16.42410045
3.095,1.11,2.22,3.269790847,6.22,0.4296993593,269.398,-0.168157314,12.50197017
3.096,1.05,2.1,3.10787358,4.52,0.3087530157,270.546,-0.1454075131,19.02637985
3.097,0.96,1.92,2.861820211,2.3,0.1548075169,271.987,-0.1169876082,75.66967533
3.098,0.98,1.96,2.916828253,2.58,0.1739773267,273.393,-0.08940274383,34.48823694
3.099,1.11,2.22,3.269790847,5.98,0.4124619138,274.632,-0.06521165294,9.416237266
3.1,1.3,2.6,3.77134888,10.96,0.781304921,275.547,-0.04741651894,5.13885881
3.101,1.46,2.92,4.180532931,15.28,1.120766932,276.057,-0.03752354943,3.859273915
3.102,1.54,3.08,4.380605891,16.84,1.247939095,276.51,-0.02875157954,3.593053437
3.103,1.5,3,4.280946,16.09,1.186490475,276.739,-0.02432265126,3.683586753
3.104,1.36,2.72,3.926205107,13.06,0.9440131042,276.774,-0.02364606372,4.265912331
3.105,1.23,2.46,3.588541433,9.49,0.669965822,276.07,-0.03727161464,5.67184177
3.106,1.22,2.44,3.562237789,9.15,0.6445104399,275.105,-0.05600524833,6.053026957
3.107,1.29,2.58,3.745374751,11.19,0.7989148095,273.606,-0.08523619122,5.247985095
3.108,1.29,2.58,3.745374751,11.07,0.7897206161,272.19,-0.1129960758,5.534563221
3.109,1.14,2.28,3.350113987,7.12,0.4948197279,270.555,-0.1452295426,9.582974946
3.11,0.96,1.92,2.861820211,2.49,0.1678078821,268.657,-0.1828931775,-189.7092599
3.111,0.95,1.9,2.83424558,2.18,0.1466135339,266.617,-0.2236724899,-36.78022291
3.112,1.1,2.2,3.24292232,6.06,0.4182017598,264.457,-0.2671920888,21.47493135
3.113,1.21,2.42,3.535887071,9.11,0.6415229744,262.258,-0.3118641348,10.72589795
3.114,1.15,2.3,3.37679422,7.51,0.523274949,259.313,-0.3722812877,22.36381442
3.115,0.98,1.96,2.916828253,3.03,0.2049344966,255.194,-0.4579443431,-11.52851675
3.116,0.89,1.78,2.667809247,0.75,0.04996275061,245.327,-0.6689056806,-4.310266937
3.117,0.94,1.88,2.806623875,1.84,0.1234676326,244.363,-0.6899696462,-4.954305206
3.118,0.96,1.92,2.861820211,2.43,0.1636989839,243.286,-0.7136012311,-5.204234435
3.119,0.82,1.64,2.471491677,-2.51,-0.1636166177,242.401,-0.7330983774,-2.756161869
3.12,0.59,1.18,1.810207839,-14.11,-0.8512443198,241.311,-0.757209873,-1.125433256
3.121,0.5,1,1.544666,-18.54,-1.085913568,238.87,-0.811603789,-0.8140457814
3.122,0.64,1.28,1.956083507,-12.18,-0.7443407134,236.55,-0.8638190871,-1.216348964
3.123,0.9,1.8,2.69566632,0.76,0.05063229087,234.189,-0.9174855814,-3.109714584
3.124,1.1,2.2,3.24292232,5.86,0.4038633251,232.808,-0.9491276328,-5.947431868
3.125,1.15,2.3,3.37679422,7,0.4860930969,231.668,-0.9753895376,-6.901325944
3.126,1.05,2.1,3.10787358,4.53,0.3094566527,229.959,-1.015002436,-4.404921201
3.127,0.87,1.74,2.611953881,-0.58,-0.038297192,229.588,-1.023640727,-2.459610711
3.128,0.67,1.34,2.043044025,-9.59,-0.5962859644,229.734,-1.020239627,-1.263848859
3.129,0.53,1.06,1.633603609,-15.42,-0.9221742525,230.158,-1.0103747,-0.8453103383
3.13,0.49,0.98,1.514925983,-17.27,-1.02013588,228.637,-1.045847536,-0.7332711251
3.131,0.48,0.96,1.485138893,-17.61,-1.037862146,226.43,-1.09774118,-0.6954188892
3.132,0.44,0.88,1.365519795,-19.25,-1.12217216,224.809,-1.136179291,-0.604653361
3.133,0.33,0.66,1.032683705,-23.84,-1.347886838,224.457,-1.144562745,-0.4143248121
3.134,0.17,0.34,0.5383905848,-30.39,-1.64510302,223.866,-1.158667985,-0.1920237365
3.135,0.04,0.08,0.1279040512,-36.07,-1.880749522,223.23,-1.173888887,-0.04187207586
3.136,-0.03,-0.06,-0.0964223112,-38.58,-1.978758381,223.505,-1.167302208,0.03064858686
3.137,-0.01,-0.02,-0.0320936968,-38.09,-1.959909615,224.095,-1.153198089,0.01030921505
3.138,0.03,0.06,0.0959986488,-36.81,-1.91002325,224.936,-1.133157801,-0.03154549374
3.139,0.08,0.16,0.2550549248,-35.13,-1.843099958,226.307,-1.100648166,-0.08664291715
3.14,0.19,0.38,0.6008362552,-30.98,-1.670506155,227.534,-1.071719682,-0.2191053147
3.141,0.39,0.78,1.214936767,-23.53,-1.333107371,228.324,-1.053176609,-0.5091333544
3.142,0.6,1.2,1.83947712,-14.78,-0.8876847721,228.691,-1.04458411,-0.9519778212
3.143,0.73,1.46,2.215694073,-8.4,-0.5264607472,230.55,-1.001270449,-1.450316703
3.144,0.76,1.52,2.301383603,-6.9,-0.4368019597,231.839,-0.9714420242,-1.634222215
3.145,0.71,1.42,2.158332351,-9.5,-0.5910450453,234.189,-0.9174855814,-1.43075143
3.146,0.66,1.32,2.014104259,-12.34,-0.7533132446,236.857,-0.8568802365,-1.250846114
3.147,0.68,1.36,2.071936717,-11.31,-0.6952009083,240.206,-0.7817646047,-1.402833511
3.148,0.83,1.66,2.499678265,-3.85,-0.2487334161,244.29,-0.6915681221,-2.658379428
3.149,1.05,2.1,3.10787358,3.83,0.2604237534,249.008,-0.5892280774,-9.452045953
3.15,1.21,2.42,3.535887071,8.09,0.5658587598,254.939,-0.4632929487,34.47432466
3.151,1.25,2.5,3.6410075,9.21,0.6489945115,268.885,-0.1783547411,7.73629372
3.152,1.22,2.44,3.562237789,8.39,0.5880100486,272.446,-0.1079666613,7.420657973
3.153,1.21,2.42,3.535887071,8.08,0.5651218558,275.572,-0.04693114283,6.823524588
3.154,1.27,2.54,3.693285273,9.59,0.6774738173,279.336,0.0256492087,5.252687135
3.155,1.36,2.72,3.926205107,11.95,0.857471161,280.501,0.04791554336,4.336495211
3.156,1.4,2.8,4.02850112,13.27,0.9605227547,280.65,0.05075666818,3.983568763
3.157,1.37,2.74,3.951849721,12.44,0.895524723,280.075,0.03978426253,4.225180963
3.158,1.28,2.56,3.719353549,10.13,0.7181833282,279.224,0.02350369163,5.014721101
3.159,1.2,2.4,3.50948928,7.86,0.5489339641,277.522,-0.009206838365,6.502340002
3.16,1.15,2.3,3.37679422,6.59,0.4563791702,276.808,-0.02298888917,7.791578095
3.161,1.14,2.28,3.350113987,6.18,0.4268227197,276.997,-0.01933724269,8.221431625
3.162,1.14,2.28,3.350113987,6.23,0.4304187526,276.831,-0.02254437569,8.213592658
3.163,1.15,2.3,3.37679422,6.54,0.4527663051,276.308,-0.03266136558,8.037977901
3.164,1.16,2.32,3.403427379,6.91,0.479557009,275.594,-0.04650404827,7.85914816
3.165,1.15,2.3,3.37679422,6.6,0.4571020242,274.866,-0.06065513016,8.517645796
3.166,1.09,2.18,3.216006719,4.86,0.3327283302,273.544,-0.08644865581,13.05835216
3.167,0.98,1.96,2.916828253,2.01,0.135027589,271.512,-0.1263390537,335.7100104
3.168,0.88,1.76,2.639905101,-1.33,-0.08738173801,269.567,-0.1648021795,-10.46817389
3.169,0.84,1.68,2.527817779,-3.96,-0.2556524629,267.751,-0.2009656321,-5.535956212
3.17,0.84,1.68,2.527817779,-3.59,-0.2323383421,265.963,-0.236811931,-5.388076965
3.171,0.87,1.74,2.611953881,-1.91,-0.1250039901,264.32,-0.269964335,-6.613071771
3.172,0.9,1.8,2.69566632,-0.44,-0.02908014608,262.399,-0.3089885417,-7.973723736
3.173,0.9,1.8,2.69566632,-0.14,-0.00927127891,260.593,-0.3459380109,-7.588952196
3.174,0.88,1.76,2.639905101,-1.27,-0.08347306807,255.605,-0.4493348882,-4.954702853
3.175,0.83,1.66,2.499678265,-3.79,-0.2449550501,250.611,-0.5548975998,-3.125173449
3.176,0.77,1.54,2.329852633,-7.31,-0.4614921484,251.41,-0.5378678198,-2.331344768
3.177,0.7,1.4,2.12958088,-10.8,-0.6661171347,252.987,-0.5044141018,-1.819328535
3.178,0.66,1.32,2.014104259,-12.8,-0.7789979281,255.453,-0.4525173059,-1.635468408
3.179,0.67,1.34,2.043044025,-12.34,-0.7533132446,261.731,-0.3226256238,-1.898847681
3.18,0.73,1.46,2.215694073,-9.8,-0.6084894545,268.523,-0.1855623015,-2.790364805
3.181,0.79,1.58,2.386649471,-6.48,-0.4113655559,269.938,-0.1574441372,-4.195866386
3.182,0.85,1.7,2.55591022,-3.45,-0.2234863406,271.441,-0.127738254,-7.277139071
3.183,0.91,1.82,2.723476319,0.14,0.009288581452,272.886,-0.09933338652,-30.2457906
3.184,1.02,2.04,3.026279453,2.74,0.1849633106,274.358,-0.07055200566,26.45087787
3.185,1.16,2.32,3.403427379,6.47,0.4477122266,276.07,-0.03727161464,8.29213114
3.186,1.31,2.62,3.797275935,10.3,0.7310575115,277.918,-0.001578290335,5.20546141
3.187,1.4,2.8,4.02850112,12.98,0.9377351997,280.177,0.0417323145,4.112950212
3.188,1.45,2.9,4.15531198,14.22,1.035756731,282.208,0.08037451598,3.722959993
3.189,1.46,2.92,4.180532931,14.58,1.064501714,283.713,0.1088299682,3.562959217
3.19,1.47,2.94,4.205706809,14.78,1.080527253,284.716,0.1277102701,3.480860947
3.191,1.49,2.98,4.255913343,15.12,1.107862866,283.705,0.1086791094,3.498369502
3.192,1.49,2.98,4.255913343,15.22,1.115924885,282.527,0.08641859039,3.539681821
3.193,1.46,2.92,4.180532931,14.63,1.068504338,280.377,0.04554996649,3.752539635
3.194,1.38,2.76,3.977447261,12.54,0.9033197749,278.86,0.01652481291,4.324042684
3.195,1.27,2.54,3.693285273,9.63,0.6804797069,278.472,0.009075750822,5.356038056
3.196,1.19,2.38,3.483044415,7.3,0.5079350898,278.735,0.01412611847,6.671716572
3.197,1.16,2.32,3.403427379,6.55,0.4534886908,279.12,0.02151065506,7.16512014
3.198,1.19,2.38,3.483044415,7.32,0.5093942366,279.156,0.02220063636,6.552065477
3.199,1.26,2.52,3.667169923,9.14,0.6437634298,280.347,0.04497749233,5.324454821
3.2,1.32,2.64,3.823155917,10.82,0.7706110557,281.452,0.06602330275,4.569685524
3.201,1.33,2.66,3.848988825,11.21,0.800448539,282.489,0.08569896475,4.34350806
3.202,1.29,2.58,3.745374751,10.05,0.7121345496,283.334,0.1016783553,4.602255295
3.203,1.2,2.4,3.50948928,7.64,0.5327919175,283.372,0.102395835,5.525121142
3.204,1.09,2.18,3.216006719,4.71,0.3221378573,283.518,0.1051515725,7.526530017
3.205,0.98,1.96,2.916828253,1.79,0.1200725855,282.992,0.09521670526,13.54841312
3.206,0.89,1.78,2.667809247,-0.92,-0.06060984386,282.757,0.09077215451,88.44843748
3.207,0.9,1.8,2.69566632,-0.38,-0.0251247098,282.643,0.08861474379,42.45810169
3.208,1.03,2.06,3.053524569,3,0.2028649755,282.299,0.08209938389,10.71546131
3.209,1.2,2.4,3.50948928,7.32,0.5093942366,281.703,0.07079232758,6.048897883
3.21,1.28,2.56,3.719353549,9.6,0.6782251455,280.496,0.04782017743,5.122756709
3.211,1.23,2.46,3.588541433,8.22,0.5754471511,277.944,-0.001077806401,6.247794152
3.212,1.13,2.26,3.323386681,5.43,0.3731616845,275.509,-0.04815437499,10.22557519
3.213,1.1,2.2,3.24292232,4.74,0.3242542925,272.829,-0.1004510029,14.49005653
3.214,1.18,2.36,3.456552477,6.75,0.4679560817,270.158,-0.1530856525,10.97769799
3.215,1.29,2.58,3.745374751,9.63,0.6804797069,268.902,-0.1780165031,7.454027924
3.216,1.35,2.7,3.90051342,11.32,0.8088910218,267.786,-0.200266334,6.40873349
3.217,1.35,2.7,3.90051342,11.25,0.8035171676,268.328,-0.1894488549,6.351921014
3.218,1.32,2.64,3.823155917,10.49,0.7454793851,269.022,-0.1756295488,6.709058551
3.219,1.27,2.54,3.693285273,9.28,0.6542302888,269.214,-0.1718126356,7.655783839
3.22,1.19,2.38,3.483044415,7.08,0.4919093458,269.378,-0.1685545106,10.771586
3.221,1.06,2.12,3.134977475,3.46,0.2346875036,268.932,-0.1774196647,54.74237435
3.222,0.99,1.98,2.944261663,1.57,0.105161019,267.622,-0.2035438346,-29.92658469
3.223,1.06,2.12,3.134977475,3.47,0.235381436,265.25,-0.2511735987,-198.514766
3.224,1.22,2.44,3.562237789,7.5,0.5225435358,262.856,-0.2996789659,15.98386765
3.225,1.36,2.72,3.926205107,11.47,0.8204225243,257.112,-0.4178848944,9.75363498
3.226,1.42,2.84,4.079366685,12.94,0.9345986218,258.37,-0.3917721946,7.515048054
3.227,1.37,2.74,3.951849721,11.75,0.8420068204,265.425,-0.2476450735,6.64889647
3.228,1.3,2.6,3.77134888,9.64,0.6812314197,266.235,-0.2313432891,8.382859257
3.229,1.22,2.44,3.562237789,7.41,0.515965065,266.593,-0.2241541013,12.20734733
3.23,1.21,2.42,3.535887071,7.28,0.5064763201,266.278,-0.2304792726,12.81132209
3.231,1.3,2.6,3.77134888,9.63,0.6804797069,264.71,-0.2620763121,9.013667018
3.232,1.39,2.78,4.002997727,12.26,0.8815184399,262.407,-0.3088254338,6.989779313
3.233,1.41,2.82,4.053957439,12.8,0.9236330551,254.984,-0.4623486885,8.788412815
3.234,1.36,2.72,3.926205107,11.32,0.8088910218,250.479,-0.5577162552,15.63136759
3.235,1.29,2.58,3.745374751,9.49,0.669965822,252.315,-0.5186440163,24.75105774
3.236,1.26,2.52,3.667169923,8.47,0.5939315134,256.663,-0.4272358773,21.99919571
3.237,1.24,2.48,3.614798003,8.1,0.5665957586,269.399,-0.168137455,9.071960528
3.238,1.24,2.48,3.614798003,8.13,0.5688073248,272.468,-0.1075346666,7.83657548
3.239,1.25,2.5,3.6410075,8.2,0.5739709692,276.026,-0.03812436489,6.794869036
3.24,1.24,2.48,3.614798003,8.07,0.5643850467,278.867,0.016659108,6.221210512
3.241,1.23,2.46,3.588541433,7.72,0.5386564538,280.241,0.04295425956,6.170005728
3.242,1.21,2.42,3.535887071,7.1,0.4933643487,281.367,0.06440733028,6.339309084
3.243,1.18,2.36,3.456552477,6.43,0.4448262407,281.325,0.06360866956,6.798416881
3.244,1.18,2.36,3.456552477,6.4,0.4426627336,281.606,0.06894982194,6.756191652
3.245,1.23,2.46,3.588541433,7.57,0.5276654118,281.944,0.07536735442,5.950823295
3.246,1.32,2.64,3.823155917,10.08,0.7144021175,282.078,0.07790945389,4.825318795
3.247,1.45,2.9,4.15531198,13.79,1.001592152,282.581,0.08744104982,3.815597147
3.248,1.57,3.14,4.454856537,16.32,1.205273881,282.831,0.09217211349,3.433558358
3.249,1.62,3.24,4.577666141,17.19,1.276811415,282.5,0.08590728739,3.35921576
3.25,1.57,3.14,4.454856537,16.28,1.202003341,281.732,0.07134305659,3.498542537
3.251,1.46,2.92,4.180532931,13.95,1.014283009,280.131,0.04085386908,3.962076406
3.252,1.37,2.74,3.951849721,11.51,0.8235013023,278.518,0.009959429166,4.741494796
3.253,1.38,2.76,3.977447261,11.68,0.836603557,276.033,-0.03798869098,4.980432283
3.254,1.47,2.94,4.205706809,14.22,1.035756731,273.929,-0.07892408258,4.395446596
3.255,1.58,3.16,4.479512605,16.39,1.211001239,272.546,-0.1060033297,4.053865232
3.256,1.63,3.26,4.602086841,17.33,1.288395436,270.809,-0.1402092601,4.008136432
3.257,1.6,3.2,4.52868352,16.77,1.242179648,269.195,-0.1721902296,4.232456361
3.258,1.52,3.04,4.330870093,15.39,1.129653446,268.056,-0.1948748188,4.633043555
3.259,1.46,2.92,4.180532931,13.94,1.013489083,267.301,-0.2099647595,5.202745962
3.26,1.42,2.84,4.079366685,12.94,0.9345986218,265.809,-0.2399106275,5.872228566
3.261,1.4,2.8,4.02850112,12.38,0.8908524193,263.164,-0.2934138041,6.742954034
3.262,1.39,2.78,4.002997727,12.05,0.8652180382,260.73,-0.3431261265,7.667228005
3.263,1.39,2.78,4.002997727,12.12,0.8706466921,254.9,-0.4641114424,9.846619032
3.264,1.42,2.84,4.079366685,12.79,0.9228505414,244.844,-0.6794491474,16.75983288
3.265,1.46,2.92,4.180532931,13.99,1.017459711,243.631,-0.7060198556,13.42324324
3.266,1.51,3.02,4.305931583,15.14,1.109474464,243.033,-0.7191677425,11.0321738
3.267,1.55,3.1,4.40540318,15.95,1.175083384,243.741,-0.7036048625,9.343804608
3.268,1.57,3.14,4.454856537,16.35,1.207727853,244.504,-0.6868835307,8.553144097
3.269,1.57,3.14,4.454856537,16.22,1.197100581,245.314,-0.6691891873,8.438644425
3.27,1.54,3.08,4.380605891,15.67,1.152328775,245.798,-0.6586441351,8.873287806
3.271,1.5,3,4.280946,14.98,1.096592949,245.269,-0.6701706726,10.03921754
3.272,1.47,2.94,4.205706809,14.25,1.038147194,244.536,-0.6861833835,11.94925921
3.273,1.43,2.86,4.104728857,13.38,0.9691881135,243.423,-0.7105893697,15.87296519
3.274,1.4,2.8,4.02850112,12.5,0.9002005719,242.62,-0.7282670399,23.43057268
3.275,1.36,2.72,3.926205107,11.6,0.8304342699,242.535,-0.7301416985,39.14751664
3.276,1.33,2.66,3.848988825,10.68,0.7599362313,243.276,-0.7138211414,83.46484496
3.277,1.3,2.6,3.77134888,9.87,0.6985473763,244.828,-0.6797987692,201.15355
3.278,1.27,2.54,3.693285273,9.35,0.6594707644,245.963,-0.6550539763,836.1925443
3.279,1.27,2.54,3.693285273,9.15,0.6445104399,246.33,-0.6470772212,-1438.878045
3.28,1.27,2.54,3.693285273,9.24,0.6512378409,246.477,-0.643885505,502.3281474
3.281,1.27,2.54,3.693285273,9.22,0.6497421922,246.589,-0.6414549987,445.6617677
3.282,1.25,2.5,3.6410075,8.71,0.6117324897,246.085,-0.6524009831,-89.52894981
3.283,1.21,2.42,3.535887071,7.75,0.5408572157,242.689,-0.726745741,-19.02154565
3.284,1.18,2.36,3.456552477,6.92,0.4802828651,238.422,-0.8216471197,-10.1257013
3.285,1.11,2.22,3.269790847,5.17,0.3546811216,234.187,-0.9175312712,-5.809345258
3.286,0.91,1.82,2.723476319,-0.03,-0.001988158449,230.5,-1.002430844,-2.711494219
3.287,0.56,1.12,1.722117555,-14.78,-0.8876847721,226.538,-1.095190006,-0.8684953653
3.288,0.16,0.32,0.5070971392,-30.26,-1.639476122,221.613,-1.212783455,-0.1777878645
3.289,-0.1,-0.2,-0.32305528,-40.33,-2.044971729,216.782,-1.330699473,0.09570105046
3.29,-0.18,-0.36,-0.5848888032,-43.03,-2.143827743,211.688,-1.457915773,0.1623904647
3.291,-0.14,-0.28,-0.4535954528,-41.73,-2.096722707,207.786,-1.557451392,0.1241307722
3.292,-0.07,-0.14,-0.2256444232,-39.58,-2.016804215,204.085,-1.653602289,0.06147668466
3.293,0,0,0,-37.15,-1.92336646,201.333,-1.726235601,-0
3.294,0.1,0.2,0.31834792,-33.67,-1.78357836,198.63,-1.798548641,-0.08887119856
3.295,0.22,0.44,0.6941517088,-29.54,-1.608117039,196.547,-1.85494946,-0.2004442332
3.296,0.3,0.6,0.94092168,-26.21,-1.458713183,194.739,-1.904390886,-0.2797777472
3.297,0.34,0.68,1.063176899,-24.79,-1.392768409,193.716,-1.932569504,-0.3197199583
3.298,0.33,0.66,1.032683705,-25.18,-1.411015502,192.84,-1.95681752,-0.306631504
3.299,0.29,0.58,0.9102401912,-27.05,-1.497087256,192.577,-1.964118964,-0.2629835188
3.3,0.21,0.42,0.6630936312,-30.24,-1.638609494,194.61,-1.907936034,-0.186968876
3.301,0.09,0.18,0.2867249592,-35.12,-1.842696617,198.244,-1.808955474,-0.07851924336
3.302,-0.05,-0.1,-0.16093922,-40.38,-2.046838481,203.349,-1.672931085,0.04326591128
3.303,-0.12,-0.24,-0.3882312192,-43.19,-2.14956301,209.144,-1.522599855,0.105722767
3.304,-0.09,-0.18,-0.2905379208,-42.32,-2.118213318,214.96,-1.375854949,0.08315175851
3.305,0.02,0.04,0.0640461728,-38.81,-1.987558792,220.271,-1.245279414,-0.0198111284
3.306,0.15,0.3,0.47575662,-34.24,-1.806968749,223.754,-1.161345256,-0.1602784002
3.307,0.27,0.54,0.8487359928,-29.76,-1.617734075,225.258,-1.125504654,-0.3093919547
3.308,0.39,0.78,1.214936767,-25.22,-1.412881174,226.645,-1.092663654,-0.4848992338
3.309,0.5,1,1.544666,-20.95,-1.207508908,228.11,-1.058193325,-0.6817603732
3.31,0.58,1.16,1.780891485,-17.59,-1.036821791,229.811,-1.018446767,-0.8665006226
3.311,0.63,1.26,1.927002521,-15.41,-0.9216377426,231.896,-0.9701268334,-1.018627024
3.312,0.66,1.32,2.014104259,-14.07,-0.8490579017,234.938,-0.9004021332,-1.151271946
3.313,0.69,1.38,2.100782335,-12.82,-0.780110914,238.862,-0.8117829689,-1.319674859
3.314,0.72,1.44,2.187036749,-11.27,-0.6929272689,243.056,-0.7186614566,-1.54934416
3.315,0.75,1.5,2.2728675,-9.83,-0.6102299196,247.965,-0.6116842599,-1.860087671
3.316,0.76,1.52,2.301383603,-9.13,-0.5694304816,253.894,-0.4852677729,-2.182030352
3.317,0.76,1.52,2.301383603,-9.54,-0.5933751472,264.801,-0.2602374456,-2.696051608
3.318,0.74,1.48,2.244304323,-10.57,-0.6529333971,266.454,-0.2269442868,-2.550700358
3.319,0.73,1.46,2.215694073,-11.03,-0.6792588562,267.261,-0.210765415,-2.489476011
3.32,0.74,1.48,2.244304323,-10.49,-0.6483378822,267.514,-0.2057032857,-2.627864332
3.321,0.77,1.54,2.329852633,-9.01,-0.5623966193,266.451,-0.2270045227,-2.951417864
3.322,0.82,1.64,2.471491677,-6.35,-0.403462751,265.09,-0.2544017166,-3.756840198
3.323,0.91,1.82,2.723476319,-1.79,-0.1172440613,262.976,-0.2972371213,-6.570808117
3.324,1.01,2.02,2.998987263,1.89,0.1268649244,260.496,-0.3479298012,-13.56609565
3.325,1.08,2.16,3.189044045,3.55,0.2409361762,257.233,-0.4153677123,-18.28249705
3.326,1.03,2.06,3.053524569,2.34,0.1575417291,247.536,-0.6209482193,-6.589300395
3.327,0.88,1.76,2.639905101,-3.17,-0.2057320702,246.545,-0.6424097088,-3.112575239
3.328,0.74,1.48,2.244304323,-9.95,-0.6171845625,245.299,-0.6695163291,-1.744231575
3.329,0.78,1.56,2.358274589,-8.35,-0.5235017793,244.26,-0.6922251684,-1.939806133
3.33,0.88,1.76,2.639905101,-2.77,-0.1802522577,243.372,-0.7117103755,-2.95965885
3.331,0.78,1.56,2.358274589,-7.21,-0.4554829271,242.204,-0.7374481058,-1.976874206
3.332,0.43,0.86,1.335497337,-21.49,-1.234183912,241.619,-0.7503856946,-0.6729405372
3.333,0.09,0.18,0.2867249592,-35.13,-1.843099958,241.409,-0.7550375991,-0.1103578825
3.334,-0.03,-0.06,-0.0964223112,-40.02,-2.033367014,240.65,-0.771884721,0.03437207079
3.335,-0.01,-0.02,-0.0320936968,-39.14,-2.00013332,239.012,-0.8084243429,0.0114271098
3.336,-0.02,-0.04,-0.0642344672,-39.4,-2.009997408,236.642,-0.8617387476,0.02236781644
3.337,-0.01,-0.02,-0.0320936968,-39.39,-2.009618721,233.555,-0.9319888228,0.01091025785
3.338,0.1,0.2,0.31834792,-35.43,-1.855172554,230.869,-0.9938730502,-0.1117384431
3.339,0.27,0.54,0.8487359928,-29.36,-1.600225496,229.166,-1.033483478,-0.3222588377
3.34,0.36,0.72,1.124022067,-26.23,-1.459632309,228.25,-1.054910829,-0.4470084645
3.341,0.32,0.64,1.002143437,-27.65,-1.524211451,228.93,-1.03899586,-0.3909724479
3.342,0.27,0.54,0.8487359928,-29.78,-1.618606817,229.975,-1.014630209,-0.3223165953
3.343,0.25,0.5,0.7870435,-30.74,-1.660199183,232.114,-0.9650997862,-0.299791951
3.344,0.26,0.52,0.8179132832,-30.45,-1.647696437,234.316,-0.9145850786,-0.3192128883
3.345,0.33,0.66,1.032683705,-27.67,-1.525111513,236.706,-0.8602920319,-0.432917821
3.346,0.45,0.9,1.39549518,-22.98,-1.30672242,239.185,-0.804553344,-0.6609724812
3.347,0.54,1.08,1.663155331,-19.54,-1.136876718,242.138,-0.7389061664,-0.8866459679
3.348,0.54,1.08,1.663155331,-19.54,-1.136876718,245.11,-0.6736400301,-0.9186080896
3.349,0.5,1,1.544666,-21.39,-1.22925968,247.434,-0.6231532014,-0.8338670149
3.35,0.5,1,1.544666,-21.1,-1.214939374,249.575,-0.5770597872,-0.8619791981
3.351,0.58,1.16,1.780891485,-18.06,-1.061192178,253.034,-0.5034202695,-1.138231699
3.352,0.67,1.34,2.043044025,-14.16,-0.8539756164,255.171,-0.458426547,-1.556721013
3.353,0.73,1.46,2.215694073,-11.01,-0.6781177632,247.953,-0.6119431736,-1.717511173
3.354,0.78,1.56,2.358274589,-8.92,-0.5571135791,247.814,-0.6149431717,-2.012082254
3.355,0.79,1.58,2.386649471,-8.15,-0.5116455393,248.379,-0.6027593992,-2.141635763
3.356,0.74,1.48,2.244304323,-10.47,-0.6471882068,249.419,-0.5804049177,-1.82821513
3.357,0.59,1.18,1.810207839,-17.8,-1.0477308,252.303,-0.5188984662,-1.155479397
3.358,0.43,0.86,1.335497337,-24.97,-1.401202959,262.593,-0.3050345765,-0.7827147797
3.359,0.48,0.96,1.485138893,-23.15,-1.314900134,263.608,-0.2843950994,-0.9286208459
3.36,0.77,1.54,2.329852633,-10.57,-0.6529333971,264.465,-0.2670302502,-2.532548585
3.361,1.12,2.24,3.296612301,3.76,0.2555451469,265.138,-0.2534330767,1560.844064
3.362,1.27,2.54,3.693285273,7.69,0.5364565434,265.42,-0.2477458562,12.79234001
3.363,1.2,2.4,3.50948928,5.78,0.39813838,265.695,-0.2422056244,22.50642763
3.364,1.11,2.22,3.269790847,3.43,0.2326062531,265.905,-0.2379787618,-608.6152678
3.365,1.13,2.26,3.323386681,3.85,0.2618184636,265.276,-0.2506492134,297.5478783
3.366,1.21,2.42,3.535887071,5.93,0.4088775387,264.535,-0.2656143711,24.68106165
3.367,1.27,2.54,3.693285273,7.54,0.5254697554,263.705,-0.2824268187,15.19601978
3.368,1.28,2.56,3.719353549,7.93,0.5540796799,262.536,-0.3061960054,15.00443124
3.369,1.28,2.56,3.719353549,7.71,0.5379230557,260.716,-0.3434134045,19.12169153
3.37,1.26,2.52,3.667169923,7.32,0.5093942366,258.61,-0.3868048841,29.9142613
3.371,1.24,2.48,3.614798003,6.76,0.4686804357,254.483,-0.472870865,-862.6319085
3.372,1.22,2.44,3.562237789,6.23,0.4304187526,241.968,-0.7426636081,-11.40847551
3.373,1.22,2.44,3.562237789,6.11,0.4217921938,237.818,-0.8352175956,-8.61639796
3.374,1.24,2.48,3.614798003,6.66,0.4614411161,234.667,-0.9065768977,-8.120663743
3.375,1.26,2.52,3.667169923,7.37,0.5130437536,232.839,-0.9484152906,-8.423081465
3.376,1.26,2.52,3.667169923,7.18,0.4991881248,231.352,-0.982692031,-7.584571449
3.377,1.21,2.42,3.535887071,5.96,0.4110278843,230.594,-1.00024951,-6.00094585
3.378,1.17,2.34,3.430013465,4.9,0.3355559612,229.943,-1.015374689,-5.045482454
3.379,1.19,2.38,3.483044415,5.23,0.3589403106,230.08,-1.012188109,-5.331888483
3.38,1.25,2.5,3.6410075,6.83,0.4737535413,231.036,-0.9900045057,-7.052785856
3.381,1.29,2.58,3.745374751,8.1,0.5665957586,232.756,-0.9503227424,-9.760519615
3.382,1.23,2.46,3.588541433,6.22,0.4296993593,234.393,-0.9128272715,-7.427725332
3.383,1.01,2.02,2.998987263,0.41,0.02725121946,236.513,-0.8646559736,-3.581287601
3.384,0.81,1.62,2.443258015,-10.19,-0.6310592496,238.736,-0.8146058451,-1.690058108
3.385,0.78,1.56,2.358274589,-11.76,-0.7206923701,241.135,-0.7611133152,-1.59148707
3.386,0.91,1.82,2.723476319,-4.98,-0.3193222882,243.456,-0.7098641382,-2.646241973
3.387,1.06,2.12,3.134977475,1.51,0.1011017552,245.74,-0.6599067028,-5.61014624
3.388,1.11,2.22,3.269790847,2.68,0.1808408527,248.341,-0.6035779691,-7.734808988
3.389,1.11,2.22,3.269790847,2.67,0.1801540931,251.15,-0.5434034777,-9.001504162
3.39,1.13,2.26,3.323386681,3.3,0.2235969714,255.228,-0.4572315995,-14.22471792
3.391,1.14,2.28,3.350113987,3.62,0.2458013611,266.261,-0.2308208439,223.631396
3.392,1.12,2.24,3.296612301,2.89,0.1952837167,268.243,-0.1911438776,796.3141044
3.393,1.11,2.22,3.269790847,2.72,0.1835887959,269.754,-0.161092144,145.3456654
3.394,1.22,2.44,3.562237789,5.46,0.3752980881,270.584,-0.1446561225,15.44488133
3.395,1.45,2.9,4.15531198,11.66,0.8350606483,270.715,-0.1420666109,5.996172775
3.396,1.71,3.42,4.795757791,17.52,1.30414874,270.546,-0.1454075131,4.138765136
3.397,1.87,3.74,5.174061561,20.71,1.574216016,269.838,-0.159426441,3.657124459
3.398,1.82,3.64,5.057136157,19.77,1.493533932,269.163,-0.1728262376,3.829110846
3.399,1.55,3.1,4.40540318,14.48,1.056503983,268.364,-0.1887311248,5.076677771
3.4,1.19,2.38,3.483044415,4.85,0.3320216532,267.441,-0.2071634085,27.89599056
3.401,0.91,1.82,2.723476319,-5.25,-0.336029081,266.746,-0.2210845713,-4.888547082
3.402,0.84,1.68,2.527817779,-9.29,-0.5787908691,266.246,-0.2311222484,-3.121097467
3.403,0.93,1.86,2.778955097,-4.26,-0.2744703274,265.921,-0.237656852,-5.426298796
3.404,1.06,2.12,3.134977475,1.23,0.08220110551,265.743,-0.2412391899,-19.71211793
3.405,1.13,2.26,3.323386681,2.99,0.2021753167,266.102,-0.2340165957,-104.3735295
3.406,1.15,2.3,3.37679422,3.62,0.2458013611,266.638,-0.2232511155,149.745341
3.407,1.17,2.34,3.430013465,4.15,0.2827830416,267.61,-0.2037837306,43.41827059
3.408,1.2,2.4,3.50948928,4.91,0.3362630996,268.54,-0.1852236075,23.23557389
3.409,1.24,2.48,3.614798003,6,0.4138963161,269.302,-0.1700641267,14.82494175
3.41,1.31,2.62,3.797275935,7.82,0.5459956392,270.162,-0.1530064402,9.662545295
3.411,1.37,2.74,3.951849721,9.24,0.6512378409,271.147,-0.1335360238,7.633447653
3.412,1.35,2.7,3.90051342,8.85,0.6221417664,272.283,-0.111168437,7.633497083
3.413,1.28,2.56,3.719353549,6.94,0.4817348592,273.546,-0.08640953976,9.408336289
3.414,1.21,2.42,3.535887071,4.97,0.340507869,274.347,-0.07076651073,13.10843504
3.415,1.17,2.34,3.430013465,3.92,0.2667028299,274.033,-0.0768932848,18.07081653
3.416,1.1,2.2,3.24292232,2.04,0.1370702779,273.265,-0.09190814945,71.80623307
3.417,0.99,1.98,2.944261663,-1.79,-0.1172440613,271.455,-0.1274623264,-12.03181368
3.418,0.94,1.88,2.806623875,-4.82,-0.3093930134,269.62,-0.1637504108,-5.931867023
3.419,0.95,1.9,2.83424558,-4.02,-0.259422151,267.554,-0.2049033873,-6.104005371
3.42,0.97,1.94,2.889347769,-3.26,-0.2114461169,265.183,-0.252525136,-6.227428425
3.421,0.91,1.82,2.723476319,-6.44,-0.4089354179,262.455,-0.3078468909,-3.79958641
3.422,0.81,1.62,2.443258015,-11.25,-0.6917899749,258.526,-0.3885429182,-2.261578844
3.423,0.78,1.56,2.358274589,-13.04,-0.7923332418,248.821,-0.5932473291,-1.702011877
3.424,0.81,1.62,2.443258015,-11.44,-0.702581509,247.636,-0.6187873539,-1.84903556
3.425,0.9,1.8,2.69566632,-7.11,-0.449465469,248.027,-0.6103467383,-2.543532053
3.426,0.98,1.96,2.916828253,-2.62,-0.170661878,249.255,-0.5839238501,-3.86546968
3.427,1.03,2.06,3.053524569,0.12,0.007960581053,252.003,-0.52526365,-5.902776829
3.428,1.08,2.16,3.189044045,1.24,0.08287492228,255.861,-0.443979302,-8.831363517
3.429,1.12,2.24,3.296612301,2.34,0.1575417291,263.847,-0.2795467234,-27.02030617
3.43,1.19,2.38,3.483044415,4.15,0.2827830416,272.151,-0.1137626909,20.60724877
3.431,1.36,2.72,3.926205107,8.46,0.5931909971,275.417,-0.04994118485,7.227255341
3.432,1.55,3.1,4.40540318,13.6,0.9865548682,278.485,0.009325500802,4.42362689
3.433,1.65,3.3,4.65078702,15.92,1.172641592,281.876,0.07407687164,3.730422829
3.434,1.66,3.32,4.675066499,15.99,1.178340525,284.88,0.1307910502,3.57112042
3.435,1.6,3.2,4.52868352,14.86,1.086948709,287.215,0.1744632353,3.590170159
3.436,1.6,3.2,4.52868352,14.95,1.094180532,289.013,0.2078504752,3.478168718
3.437,1.7,3.4,4.77171368,16.82,1.246293028,289.561,0.2179850505,3.258748287
3.438,1.79,3.58,4.986416031,18.51,1.38683254,289.71,0.2207373029,3.101834767
3.439,1.84,3.68,5.104047539,19.43,1.464578764,288.681,0.2017011982,3.063139241
3.44,1.87,3.74,5.174061561,19.97,1.510622784,287.5,0.179769344,3.06086468
3.441,1.88,3.76,5.197305421,20.33,1.541488248,285.402,0.1405851548,3.08982082
3.442,1.86,3.72,5.150770627,19.89,1.503782224,283.188,0.09892082777,3.213802221
3.443,1.72,3.44,4.819754829,17.14,1.272679128,280.598,0.04976530607,3.644580221
3.444,1.46,2.92,4.180532931,11.3,0.8073551473,278.118,0.0022703815,5.163538923
3.445,1.24,2.48,3.614798003,5.17,0.3546811216,275.887,-0.04081917373,11.51715915
3.446,1.17,2.34,3.430013465,3.26,0.220827979,273.826,-0.08093611353,24.51903443
3.447,1.27,2.54,3.693285273,5.77,0.3974231805,272.008,-0.1165745529,13.150448
3.448,1.42,2.84,4.079366685,9.65,0.6819832286,270.57,-0.1449329383,7.595874648
3.449,1.48,2.96,4.230833613,11.28,0.8058196629,270.013,-0.1559578912,6.510359276
3.45,1.46,2.92,4.180532931,10.85,0.7729009945,269.862,-0.1589506211,6.809235912
3.451,1.46,2.92,4.180532931,10.85,0.7729009945,270.547,-0.1453877383,6.662063135
3.452,1.53,3.06,4.355761529,12.8,0.9236330551,270.976,-0.1369110883,5.536595789
3.453,1.67,3.34,4.699298905,15.93,1.173455422,272.014,-0.116456543,4.44588826
3.454,1.81,3.62,5.033609855,18.61,1.395240688,272.983,-0.09743201456,3.878545397
3.455,1.88,3.76,5.197305421,20.01,1.514045576,273.132,-0.094512666,3.661278569
3.456,1.84,3.68,5.104047539,19.34,1.456934338,272.879,-0.09947062508,3.759988198
3.457,1.73,3.46,4.843704793,17.11,1.270200984,271.963,-0.1174597104,4.201901071
3.458,1.61,3.22,4.553198367,14.9,1.090161848,270.905,-0.1383130566,4.783531176
3.459,1.58,3.16,4.479512605,14.1,1.02620387,269.576,-0.1646235627,5.199181742
3.46,1.62,3.24,4.577666141,15,1.09820173,267.757,-0.2008457459,5.101282235
3.461,1.63,3.26,4.602086841,15.3,1.122381755,265.085,-0.2545026266,5.302681782
3.462,1.57,3.14,4.454856537,13.97,1.015871161,261.889,-0.3193969465,6.396297876
3.463,1.46,2.92,4.180532931,10.87,0.7744281063,255.159,-0.4586781489,13.24001107
3.464,1.35,2.7,3.90051342,7.79,0.5437928897,247.378,-0.6243641664,-48.4107188
3.465,1.29,2.58,3.745374751,6,0.4138963161,247.298,-0.626094592,-17.6503543
3.466,1.29,2.58,3.745374751,5.97,0.4117448525,248.456,-0.6011011022,-19.77951484
3.467,1.35,2.7,3.90051342,7.6,0.5298619186,252.184,-0.5214224163,462.1733916
3.468,1.46,2.92,4.180532931,10.63,0.7561284042,257.363,-0.4126646209,12.17168486
3.469,1.58,3.16,4.479512605,13.93,1.012695257,270.397,-0.1483547738,5.182578732
3.47,1.67,3.34,4.699298905,15.77,1.16044631,273.315,-0.09092933574,4.393851633
3.471,1.7,3.4,4.77171368,16.36,1.208546047,276.018,-0.03827942499,4.077458583
3.472,1.65,3.3,4.65078702,15.49,1.137742688,278.98,0.01882654821,4.021192053
3.473,1.61,3.22,4.553198367,14.67,1.071708241,282.108,0.07847841519,3.958660398
3.474,1.71,3.42,4.795757791,16.44,1.21509526,284.936,0.1318426178,3.560489218
3.475,1.91,3.82,5.266754559,20.39,1.546645704,287.004,0.17053146,3.067100279
3.476,2.07,4.14,5.629994777,23.67,1.834385889,288.79,0.2037208668,2.762365004
3.477,2.08,4.16,5.652297165,23.74,1.840651913,289.883,0.2239310959,2.737742751
3.478,1.93,3.86,5.312818617,21,1.599294702,290.562,0.2364478775,2.89409783
3.479,1.81,3.62,5.033609855,18.62,1.396082072,290.425,0.2339247573,3.088091268
3.48,1.79,3.58,4.986416031,18.3,1.369209095,289.928,0.2247615389,3.128298556
3.481,1.83,3.66,5.080615385,19.09,1.435744057,288.522,0.1987537083,3.10836484
3.482,1.88,3.76,5.197305421,20.04,1.516613769,287.024,0.1709042641,3.079851782
3.483,1.89,3.78,5.220502207,20.26,1.53547599,284.999,0.1330253842,3.128857002
3.484,1.84,3.68,5.104047539,19.28,1.45184274,283.053,0.0963697938,3.296735706
3.485,1.75,3.5,4.8914635,17.5,1.302488754,281.912,0.07476010718,3.551619202
3.486,1.64,3.28,4.626460467,15.42,1.132079159,281.138,0.06005127987,3.880834108
3.487,1.56,3.12,4.430153395,13.47,0.9762868841,281.287,0.06288596901,4.263153509
3.488,1.54,3.08,4.380605891,12.83,0.9259811889,281.49,0.06674557964,4.412700483
3.489,1.58,3.16,4.479512605,13.97,1.015871161,281.622,0.0692537841,4.128107668
3.49,1.66,3.32,4.675066499,15.71,1.155574575,281.361,0.06429324319,3.832436949
3.491,1.71,3.42,4.795757791,16.71,1.237246958,280.465,0.04722887072,3.733630235
3.492,1.73,3.46,4.843704793,16.99,1.260297613,279.505,0.0288850129,3.75719056
3.493,1.73,3.46,4.843704793,17.1,1.269375141,278.234,0.004501343226,3.802334727
3.494,1.74,3.48,4.867607683,17.18,1.275984753,277.251,-0.01443366128,3.858430876
3.495,1.74,3.48,4.867607683,17.17,1.275158193,277.239,-0.01466522542,3.861669845
3.496,1.74,3.48,4.867607683,17.21,1.278465046,277.685,-0.006065487391,3.825533929
3.497,1.8,3.6,5.01003648,18.46,1.382632347,279.449,0.02781301055,3.55209541
3.498,1.93,3.86,5.312818617,20.96,1.595830303,281.173,0.06071728143,3.2071633
3.499,2.02,4.04,5.517776733,22.66,1.744562006,282.948,0.09438481495,3.000509134
3.5,2,4,5.47256,22.25,1.708410371,284.367,0.1211483091,2.991191296
3.501,1.93,3.86,5.312818617,20.96,1.595830303,284.882,0.1308286098,3.076935797
3.502,1.92,3.84,5.289810125,20.83,1.584582656,285.081,0.1345644665,3.076996759
3.503,1.95,3.9,5.35869438,21.34,1.628810296,284.407,0.1219008048,3.060867312
3.504,1.92,3.84,5.289810125,20.75,1.577669878,283.828,0.1109980935,3.132534171
3.505,1.84,3.68,5.104047539,19.37,1.459481542,283.235,0.09980868014,3.273314657
3.506,1.81,3.62,5.033609855,18.76,1.407872324,282.646,0.08867152891,3.363489714
3.507,1.85,3.7,5.12743262,19.52,1.472231631,281.918,0.07487397129,3.314209846
3.508,1.9,3.8,5.24365192,20.53,1.558694471,281.211,0.06144027497,3.236552968
3.509,1.91,3.82,5.266754559,20.64,1.56817581,280.492,0.04774388346,3.259292266
3.51,1.88,3.76,5.197305421,20.16,1.526895965,279.807,0.03466246862,3.328281099
3.511,1.86,3.72,5.150770627,19.67,1.485005183,278.953,0.0183087441,3.426277463
3.512,1.83,3.66,5.080615385,19.1,1.436590421,277.989,-0.0002116948357,3.537100135
3.513,1.78,3.56,4.962748509,18.25,1.365019752,276.72,-0.02468997748,3.702632444
3.514,1.72,3.44,4.819754829,17.17,1.275158193,275.226,-0.05365266412,3.945749499
3.515,1.67,3.34,4.699298905,16.04,1.182414232,273.625,-0.08486468448,4.281628028
3.516,1.61,3.22,4.553198367,15.01,1.099006271,272.153,-0.1137233746,4.62120918
3.517,1.55,3.1,4.40540318,13.62,0.988136049,270.522,-0.14588213,5.230492943
3.518,1.46,2.92,4.180532931,11.02,0.7858938405,268.878,-0.1784940218,6.882670693
3.519,1.28,2.56,3.719353549,6.31,0.4361772617,267.456,-0.2068633507,16.21948504
3.52,1.07,2.14,3.162034297,0.35,0.0232539451,265.755,-0.2409976085,-14.52182005
3.521,0.91,1.82,2.723476319,-8,-0.5027319434,264.083,-0.2747635132,-3.502883903
3.522,0.89,1.78,2.667809247,-8.85,-0.5530000139,262.012,-0.3168848306,-3.066853347
3.523,1.01,2.02,2.998987263,-2.72,-0.177057616,259.125,-0.3761614047,-5.420976415
3.524,1.17,2.34,3.430013465,2.86,0.1932180047,249.807,-0.5720888428,-9.053252772
3.525,1.31,2.62,3.797275935,6.48,0.448433957,249.7,-0.5743809028,-30.14980563
3.526,1.42,2.84,4.079366685,9.28,0.6542302888,250.135,-0.5650688274,45.75257766
3.527,1.47,2.94,4.205706809,10.85,0.7729009945,251.389,-0.538314718,17.92818775
3.528,1.47,2.94,4.205706809,10.83,0.7713742715,253.068,-0.5027014421,15.6536365
3.529,1.44,2.88,4.130043955,9.77,0.6910124414,256.14,-0.4381486488,16.33307763
3.53,1.43,2.86,4.104728857,9.69,0.6849914265,263.328,-0.2900807999,10.39407041
3.531,1.52,3.04,4.330870093,11.98,0.859794194,270.781,-0.1407624461,6.023197314
3.532,1.69,3.38,4.747622495,16.11,1.188121682,272.811,-0.1008039829,4.366361826
3.533,1.88,3.76,5.197305421,19.85,1.500364454,274.762,-0.06267977231,3.615052373
3.534,2.01,4.02,5.495191903,22.22,1.705772166,276.773,-0.02366539361,3.266850828
3.535,2.02,4.04,5.517776733,22.52,1.732197378,278.854,0.01640970014,3.155526934
3.536,1.95,3.9,5.35869438,21.26,1.621854462,280.576,0.04934582833,3.206494405
3.537,1.86,3.72,5.150770627,19.53,1.473082471,282.273,0.08160662123,3.313055101
3.538,1.78,3.56,4.962748509,17.99,1.343276753,283.963,0.1135421635,3.406565122
3.539,1.7,3.4,4.77171368,16.5,1.220011443,284.994,0.1329315234,3.52691414
3.54,1.63,3.26,4.602086841,15.02,1.099810913,285.641,0.1450634518,3.696828347
3.541,1.56,3.12,4.430153395,13.17,0.9526555674,285.175,0.1363282357,4.068153615
3.542,1.49,2.98,4.255913343,11.23,0.8019826584,284.297,0.1198311868,4.616890238
3.543,1.42,2.84,4.079366685,9.48,0.6692155509,282.643,0.08861474379,5.38295541
3.544,1.38,2.76,3.977447261,8.31,0.5820946737,280.765,0.05294845147,6.263271112
3.545,1.38,2.76,3.977447261,8.1,0.5665957586,278.662,0.01272478333,6.865710729
3.546,1.4,2.8,4.02850112,8.81,0.6191657777,276.57,-0.02759080713,6.809789664
3.547,1.45,2.9,4.15531198,9.98,0.7068469357,274.524,-0.06731597305,6.497436751
3.548,1.49,2.98,4.255913343,11.08,0.7904862633,272.8,-0.1010197043,6.172762533
3.549,1.52,3.04,4.330870093,11.97,0.8590197516,271.646,-0.1236993061,5.889772438
3.55,1.55,3.1,4.40540318,12.74,0.9189394541,270.666,-0.1430350601,5.677765475
3.551,1.57,3.14,4.454856537,13.48,0.9770761329,270.19,-0.1524519868,5.402287282
3.552,1.6,3.2,4.52868352,14.16,1.030978503,269.71,-0.1619648621,5.211291639
3.553,1.61,3.22,4.553198367,14.61,1.066902987,269.581,-0.1645243337,5.045773577
3.554,1.62,3.24,4.577666141,14.69,1.073310795,269.487,-0.1663901466,5.047482544
3.555,1.61,3.22,4.553198367,14.5,1.058102728,269.148,-0.1731243924,5.14498286
3.556,1.59,3.18,4.504121599,13.86,1.007141264,268.795,-0.1801457693,5.446367762
3.557,1.55,3.1,4.40540318,12.77,0.9212858102,268.344,-0.1891298518,6.01702838
3.558,1.5,3,4.280946,11.42,0.8165762495,268.095,-0.1940964933,6.877245336
3.559,1.47,2.94,4.205706809,10.43,0.7409213337,268.429,-0.1874354671,7.598580312
3.56,1.46,2.92,4.180532931,10.37,0.7363667681,269.194,-0.1722101037,7.410234063
3.561,1.49,2.98,4.255913343,11.18,0.7981480909,270.739,-0.1415923324,6.482181121
3.562,1.54,3.08,4.380605891,12.34,0.8877395187,272.421,-0.1084576068,5.621336547
3.563,1.57,3.14,4.454856537,13.27,0.9605227547,274.34,-0.07090301843,5.007596342
3.564,1.59,3.18,4.504121599,13.96,1.015077035,276.325,-0.03233221404,4.583205633
3.565,1.62,3.24,4.577666141,14.79,1.081329584,278.504,0.009690499034,4.195767075
3.566,1.68,3.36,4.723484237,15.78,1.16125862,280.717,0.05203372936,3.893113014
3.567,1.75,3.5,4.8914635,17.15,1.273505381,283.374,0.1024335944,3.555000322
3.568,1.83,3.66,5.080615385,18.7,1.402816872,286.236,0.1561960945,3.258866663
3.569,1.91,3.82,5.266754559,20.32,1.540629039,288.508,0.1984941031,3.02839657
3.57,1.99,3.98,5.449881023,21.72,1.661943022,290.205,0.2298705402,2.880770671
3.571,2,4,5.47256,22.11,1.696106948,290.394,0.2333536672,2.836315993
3.572,1.94,3.88,5.335780035,20.87,1.588041573,290.391,0.2332983972,2.929590368
3.573,1.81,3.62,5.033609855,18.31,1.370047273,289.578,0.2182991374,3.169088193
3.574,1.68,3.36,4.723484237,15.82,1.164508873,288.333,0.1952479745,3.473771245
3.575,1.61,3.22,4.553198367,14.62,1.067703612,285.96,0.1510349256,3.735992771
3.576,1.61,3.22,4.553198367,14.64,1.069305163,283.201,0.0991664187,3.89671297
3.577,1.62,3.24,4.577666141,14.66,1.070907115,279.323,0.0254002196,4.175531803
3.578,1.56,3.12,4.430153395,13.18,0.9534418402,275.544,-0.04747476704,4.889971751
3.579,1.45,2.9,4.15531198,10.02,0.7098678504,272.303,-0.1107754779,6.936012159
3.58,1.32,2.64,3.823155917,6.7,0.4643357186,269.381,-0.1684949292,12.92301824
3.581,1.26,2.52,3.667169923,4.89,0.334848915,267.268,-0.2106252916,29.52071291
3.582,1.27,2.54,3.693285273,5.05,0.3461727334,259.633,-0.3656832979,-189.2966901
3.583,1.3,2.6,3.77134888,5.99,0.4131790684,268.541,-0.185203685,16.54278995
3.584,1.31,2.62,3.797275935,6.09,0.4203557404,268.846,-0.1791307797,15.7416377
3.585,1.25,2.5,3.6410075,4.45,0.3038301318,269.211,-0.1718722539,27.59219503
3.586,1.17,2.34,3.430013465,2.3,0.1548075169,269.593,-0.1642861917,-361.8663511
3.587,1.15,2.3,3.37679422,1.82,0.1221093445,269.799,-0.1601997386,-88.65212084
3.588,1.23,2.46,3.588541433,3.94,0.2680991864,270.191,-0.152432186,31.02476437
3.589,1.39,2.78,4.002997727,7.94,0.5548151612,270.989,-0.1366544296,9.572868576
3.59,1.54,3.08,4.380605891,11.91,0.8543751566,272.214,-0.1125243673,5.90496897
3.591,1.63,3.26,4.602086841,14.49,1.057303305,274.435,-0.069050711,4.656792066
3.592,1.67,3.34,4.699298905,15.4,1.130461916,276.277,-0.03326163522,4.28299098
3.593,1.7,3.4,4.77171368,15.93,1.173455422,278.511,0.00982496579,4.032614528
3.594,1.73,3.46,4.843704793,16.48,1.218372308,280.487,0.04764851447,3.82592822
3.595,1.76,3.52,4.915272243,17.06,1.26607279,281.948,0.07544325548,3.663968284
3.596,1.78,3.56,4.962748509,17.42,1.295852912,283.124,0.09771160034,3.561190361
3.597,1.78,3.56,4.962748509,17.35,1.290051935,283.276,0.1005830693,3.568692355
3.598,1.75,3.5,4.8914635,16.82,1.246293028,283.225,0.09961978772,3.634309327
3.599,1.7,3.4,4.77171368,15.9,1.171014238,282.758,0.09079107531,3.781656036
3.6,1.64,3.28,4.626460467,14.68,1.072509468,281.943,0.07534837899,4.030516914
3.601,1.55,3.1,4.40540318,12.34,0.8877395187,280.616,0.05010849067,4.697353021
3.602,1.47,2.94,4.205706809,9.87,0.6985473763,279.346,0.02584073089,5.805875009
3.603,1.43,2.86,4.104728857,8.63,0.6057927298,277.69,-0.005969156084,6.84322697
3.604,1.45,2.9,4.15531198,9.35,0.6594707644,276.649,-0.0260628408,6.560246289
3.605,1.54,3.08,4.380605891,11.82,0.8474148814,276.948,-0.02028372655,5.296144228
3.606,1.67,3.34,4.699298905,15.21,1.11511823,277.721,-0.005371940688,4.234570506
3.607,1.83,3.66,5.080615385,18.2,1.36083299,280.034,0.03900102213,3.629441304
3.608,2.02,4.04,5.517776733,21.9,1.677690909,282.073,0.07781462113,3.143126945
3.609,2.19,4.38,5.894516575,25.35,1.986233201,283.492,0.1046609286,2.819136795
3.61,2.26,4.52,6.045690563,26.95,2.133710792,284.076,0.1156707145,2.687712398
3.611,2.22,4.44,5.959587869,26.17,2.061464585,282.747,0.09058294276,2.769264057
3.612,2.11,4.22,5.718921887,23.92,1.856788793,281.687,0.07048845282,2.967358173
3.613,1.99,3.98,5.449881023,21.65,1.655828128,279.373,0.02635780656,3.239761379
3.614,1.91,3.82,5.266754559,20.12,1.52346689,275.779,-0.04291391949,3.55728884
3.615,1.85,3.7,5.12743262,18.98,1.426440919,272.991,-0.09727523054,3.857632397
3.616,1.78,3.56,4.962748509,17.66,1.315780144,270.237,-0.1515214264,4.262582218
3.617,1.68,3.36,4.723484237,15.7,1.154762973,267.142,-0.2131480738,5.016365226
3.618,1.54,3.08,4.380605891,12.4,0.8924094601,263.82,-0.2800942278,7.154167756
3.619,1.39,2.78,4.002997727,8.35,0.5850516001,260.804,-0.3416079129,16.44321844
3.62,1.27,2.54,3.693285273,5.13,0.3518435126,256.993,-0.4203616259,-53.9023201
3.621,1.2,2.4,3.50948928,3.25,0.2201359582,248.764,-0.5944730494,-9.375211175
3.622,1.18,2.36,3.456552477,2.45,0.1650682554,241.535,-0.7522459711,-5.886722852
3.623,1.16,2.32,3.403427379,2.15,0.1445670651,238.695,-0.8155247214,-5.072492053
3.624,1.16,2.32,3.403427379,1.98,0.1329857094,235.956,-0.877270352,-4.572749704
3.625,1.16,2.32,3.403427379,2.06,0.1384325202,233.764,-0.9272034403,-4.314848954
3.626,1.17,2.34,3.430013465,2.3,0.1548075169,231.668,-0.9753895376,-4.179976381
3.627,1.16,2.32,3.403427379,2.01,0.135027589,229.778,-1.019215062,-3.849214654
3.628,1.1,2.2,3.24292232,0.42,0.02791774195,228.419,-1.050951068,-3.169908777
3.629,0.99,1.98,2.944261663,-5.22,-0.3341757968,227.921,-1.062627893,-2.107856448
3.63,0.86,1.72,2.583955587,-12.01,-0.7347854367,227.656,-1.068851869,-1.432635918
3.631,0.79,1.58,2.386649471,-15.28,-0.9146562267,228.738,-1.043484704,-1.218834372
3.632,0.84,1.68,2.527817779,-13.1,-0.7956600827,230.341,-1.006122573,-1.402953775
3.633,0.99,1.98,2.944261663,-5.87,-0.3741614048,233.143,-0.9414347625,-2.23796765
3.634,1.18,2.36,3.456552477,2.16,0.1452491313,236.348,-0.868389629,-4.77991827
3.635,1.37,2.74,3.951849721,6.99,0.485366489,240.542,-0.7742862572,-13.67801776
3.636,1.56,3.12,4.430153395,12.14,0.8721986198,245.812,-0.658339422,20.71528108
3.637,1.74,3.48,4.867607683,16.32,1.205273881,252.693,-0.5106350327,7.007393407
3.638,1.86,3.72,5.150770627,18.64,1.39776515,262.573,-0.3054420667,4.715427792
3.639,1.9,3.8,5.24365192,19.5,1.470530264,272.534,-0.1062388915,3.843498555
3.64,1.89,3.78,5.220502207,19.23,1.447602604,275.503,-0.04827088788,3.730710987
3.641,1.87,3.74,5.174061561,18.83,1.413775067,277.927,-0.001405040598,3.663389525
3.642,1.87,3.74,5.174061561,18.9,1.419682892,279.884,0.03613453089,3.554059375
3.643,1.89,3.78,5.220502207,19.23,1.447602604,281.089,0.05911873839,3.464809359
3.644,1.9,3.8,5.24365192,19.52,1.472231631,282.151,0.07929382089,3.379675089
3.645,1.91,3.82,5.266754559,19.64,1.482448594,282.631,0.08838759731,3.352834999
3.646,1.9,3.8,5.24365192,19.52,1.472231631,283.301,0.1010552029,3.332928114
3.647,1.9,3.8,5.24365192,19.41,1.462879273,283.889,0.1121477861,3.329245608
3.648,1.91,3.82,5.266754559,19.75,1.491827347,284.245,0.1188525432,3.269895274
3.649,1.97,3.94,5.404381849,20.79,1.581125425,283.71,0.1087733966,3.198050547
3.65,2.04,4.08,5.562805171,22.23,1.706651462,282.923,0.09391209237,3.089480046
3.651,2.09,4.18,5.674552479,23.18,1.790671302,280.637,0.05050884488,3.082019154
3.652,2.08,4.16,5.652297165,23.09,1.782670121,277.794,-0.003965858035,3.177761072
3.653,2.03,4.06,5.540314489,22.11,1.696106948,274.19,-0.07382902072,3.415145085
3.654,1.95,3.9,5.35869438,20.64,1.56817581,270.683,-0.1426990477,3.759229558
3.655,1.87,3.74,5.174061561,19.01,1.428976892,268.07,-0.1945954069,4.191622787
3.656,1.78,3.56,4.962748509,17.26,1.282600916,265.502,-0.2460932594,4.787951616
3.657,1.68,3.36,4.723484237,15.44,1.133696805,263.673,-0.2830760684,5.552985054
3.658,1.59,3.18,4.504121599,13.31,0.9636724055,261.811,-0.320990607,7.008322952
3.659,1.51,3.02,4.305931583,10.95,0.7805404415,259.508,-0.3682596693,10.44417269
3.66,1.43,2.86,4.104728857,8.74,0.6139614739,256.108,-0.438817075,23.43625536
3.661,1.36,2.72,3.926205107,6.76,0.4686804357,243.478,-0.7093807051,-16.31159415
3.662,1.29,2.58,3.745374751,5.02,0.3440477163,239.31,-0.8017581214,-8.182848172
3.663,1.24,2.48,3.614798003,3.49,0.2367695741,234.711,-0.9055738682,-5.404866618
3.664,1.18,2.36,3.456552477,2.05,0.1377513541,230.437,-1.0038933,-3.990745966
3.665,1.13,2.26,3.323386681,0.6,0.03993030927,227.293,-1.077389311,-3.203390857
3.666,1.08,2.16,3.189044045,-1.73,-0.11335941,224.466,-1.144348231,-2.535600437
3.667,1.04,2.08,3.080722611,-4,-0.2581659283,222.716,-1.186221776,-2.132891745
3.668,1.03,2.06,3.053524569,-4.79,-0.307528872,221.444,-1.216864871,-2.003107519
3.669,1.04,2.08,3.080722611,-4.01,-0.2587940821,221.535,-1.214666799,-2.090807195
3.67,1.08,2.16,3.189044045,-2.12,-0.1385538279,222.628,-1.188336097,-2.403397588
3.671,1.11,2.22,3.269790847,0.08,0.005305640709,225.734,-1.114211323,-2.948664524
3.672,1.15,2.3,3.37679422,1.03,0.06874350944,229.446,-1.026950722,-3.524075143
3.673,1.19,2.38,3.483044415,2.07,0.1391137764,234.536,-0.9095643041,-4.520789187
3.674,1.24,2.48,3.614798003,3.14,0.2125297309,239.798,-0.7908595311,-6.250409372
3.675,1.27,2.54,3.693285273,4.12,0.2806828744,244.989,-0.6762817413,-9.335934913
3.676,1.3,2.6,3.77134888,4.85,0.3320216532,250.6,-0.5551324311,-16.90348138
3.677,1.33,2.66,3.848988825,5.54,0.3809992462,257.348,-0.4129764464,-120.3666613
3.678,1.38,2.76,3.977447261,6.78,0.4701294253,270.446,-0.1473853612,12.32384327
3.679,1.46,2.92,4.180532931,9.04,0.6362985958,273.449,-0.08830699771,7.628826693
3.68,1.59,3.18,4.504121599,12.5,0.9002005719,275.505,-0.04823204996,5.286723022
3.681,1.72,3.44,4.819754829,15.68,1.153140073,277.104,-0.01727101287,4.243231019
3.682,1.81,3.62,5.033609855,17.39,1.293366164,278.636,0.012225589,3.855424059
3.683,1.84,3.68,5.104047539,17.99,1.343276753,279.938,0.03716664468,3.697397191
3.684,1.83,3.66,5.080615385,17.67,1.316611729,281.191,0.06105976423,3.68782791
3.685,1.82,3.64,5.057136157,17.52,1.30414874,282.164,0.07954031442,3.654821248
3.686,1.87,3.74,5.174061561,18.54,1.389353898,283.655,0.1077361455,3.456079067
3.687,2,4,5.47256,21.02,1.601027535,285.119,0.1352775496,3.151842409
3.688,2.17,4.34,5.850900345,24.51,1.909927218,285.812,0.1482652901,2.842737169
3.689,2.29,4.58,6.109773311,27.04,2.142090029,285.786,0.1477785844,2.668176365
3.69,2.28,4.56,6.088459469,26.81,2.120694191,285.426,0.1410350277,2.691948894
3.691,2.12,4.24,5.741035981,23.82,1.847819547,283.817,0.1107907456,2.931178296
3.692,1.89,3.78,5.220502207,19.34,1.456934338,282.157,0.07940758855,3.398008033
3.693,1.7,3.4,4.77171368,15.58,1.145031639,280.109,0.04043369201,4.025181974
3.694,1.6,3.2,4.52868352,13.21,0.955801253,278.625,0.01201437738,4.679283303
3.695,1.58,3.16,4.479512605,12.7,0.9158123613,277.755,-0.0047170069,4.916623253
3.696,1.61,3.22,4.553198367,13.4,0.9707649231,276.857,-0.02204192666,4.799291663
3.697,1.65,3.3,4.65078702,14.56,1.062901366,275.929,-0.04000477182,4.546683453
3.698,1.71,3.42,4.795757791,15.79,1.162071032,274.925,-0.05950687564,4.349640577
3.699,1.82,3.64,5.057136157,17.78,1.325765949,274.027,-0.07701042526,4.049740772
3.7,1.92,3.84,5.289810125,19.85,1.500364454,273.01,-0.0969028869,3.769116482
3.701,1.97,3.94,5.404381849,20.77,1.579397441,271.826,-0.1201554252,3.703554168
3.702,1.94,3.88,5.335780035,20.1,1.521752981,270.437,-0.1475634034,3.882855845
3.703,1.84,3.68,5.104047539,18.25,1.365019752,269.236,-0.1713754548,4.276020545
3.704,1.74,3.48,4.867607683,16.24,1.198734428,267.424,-0.2075034943,4.910669672
3.705,1.66,3.32,4.675066499,14.71,1.07491375,264.764,-0.2609850403,5.743827985
3.706,1.59,3.18,4.504121599,13,0.9393040821,261.794,-0.3213380062,7.288622749
3.707,1.54,3.08,4.380605891,11.49,0.8219617179,256.833,-0.4236934932,10.9991348
3.708,1.49,2.98,4.255913343,10.09,0.7151581665,245.078,-0.6743385376,104.2614413
3.709,1.44,2.88,4.130043955,8.77,0.616191317,242.095,-0.7398563288,-33.39702874
3.71,1.4,2.8,4.02850112,7.53,0.5247380588,239.487,-0.7978025826,-14.75292749
3.711,1.36,2.72,3.926205107,6.43,0.4448262407,237.96,-0.8320240893,-10.14004887
3.712,1.33,2.66,3.848988825,5.52,0.3795733999,236.95,-0.8547800142,-8.09961122
3.713,1.3,2.6,3.77134888,4.72,0.3228432436,237.19,-0.8493638919,-7.162774892
3.714,1.28,2.56,3.719353549,4.2,0.286285154,238.487,-0.8201887702,-6.966338935
3.715,1.29,2.58,3.745374751,4.39,0.2996141022,242.286,-0.7356371292,-8.589855394
3.716,1.33,2.66,3.848988825,5.49,0.3774353265,247.702,-0.6173616608,-16.04237749
3.717,1.41,2.82,4.053957439,7.43,0.5174262867,256.581,-0.4289453956,45.81732156
3.718,1.51,3.02,4.305931583,10.13,0.7181833282,271.265,-0.1312082729,7.335799954
3.719,1.64,3.28,4.626460467,13.79,1.001592152,278.049,0.0009429025164,4.614761792
3.72,1.8,3.6,5.01003648,17.21,1.278465046,282.377,0.08357739961,3.678326249
3.721,1.95,3.9,5.35869438,20.02,1.514901535,286.184,0.155224081,3.208557684
3.722,1.99,3.98,5.449881023,20.87,1.588041573,289.625,0.2191673995,3.01563411
3.723,1.92,3.84,5.289810125,19.5,1.470530264,292.282,0.2680241714,3.042648545
3.724,1.81,3.62,5.033609855,17.29,1.285083667,294.212,0.3032352299,3.169143089
3.725,1.74,3.48,4.867607683,15.99,1.178340525,294.32,0.3051987595,3.281077714
3.726,1.75,3.5,4.8914635,16.25,1.199551504,293.641,0.2928419821,3.277596389
3.727,1.83,3.66,5.080615385,17.68,1.317443417,290.494,0.2351956746,3.272244923
3.728,1.95,3.9,5.35869438,19.98,1.511478325,287.545,0.1806066698,3.166917971
3.729,2.08,4.16,5.652297165,22.59,1.738377076,285.11,0.1351086701,3.01699502
3.73,2.16,4.32,5.829021619,24.26,1.887364977,283.304,0.1011118561,2.931400317
3.731,2.15,4.3,5.80709582,24.01,1.864870339,283.041,0.09614297635,2.961273019
3.732,2.06,4.12,5.607645315,22.37,1.718972778,283.201,0.0991664187,3.084277224
3.733,1.98,3.96,5.427154973,20.74,1.576806255,284.189,0.1177984191,3.202608288
3.734,1.94,3.88,5.335780035,20.05,1.517470042,284.844,0.1301149334,3.238546184
3.735,1.95,3.9,5.35869438,20.11,1.522609883,284.907,0.1312980818,3.240019694
3.736,1.95,3.9,5.35869438,20.27,1.536334569,285.057,0.1341140492,3.207937269
3.737,1.95,3.9,5.35869438,20.2,1.530326717,285.011,0.1332506434,3.221187368
3.738,1.95,3.9,5.35869438,20.1,1.521752981,284.271,0.1193418874,3.265316638
3.739,1.95,3.9,5.35869438,20.13,1.524324002,282.842,0.09238018423,3.314579393
3.74,1.95,3.9,5.35869438,20.25,1.534617516,280.869,0.05492981302,3.371207817
3.741,1.95,3.9,5.35869438,20.19,1.529468872,277.331,-0.01289015643,3.533409988
3.742,1.93,3.86,5.312818617,19.73,1.490121179,273.66,-0.0841803975,3.778835273
3.743,1.88,3.76,5.197305421,18.74,1.406186759,269.628,-0.1635916713,4.182621896
3.744,1.8,3.6,5.01003648,17.2,1.277638179,265.486,-0.2464156773,4.858346739
3.745,1.68,3.36,4.723484237,15.01,1.099006271,255.775,-0.4457778463,7.230983918
3.746,1.57,3.14,4.454856537,12.03,0.8636678778,255.129,-0.4593072054,11.01703712
3.747,1.53,3.06,4.355761529,10.72,0.7629842395,259.049,-0.3777307617,11.30622248
3.748,1.58,3.16,4.479512605,12.19,0.8760801584,267.996,-0.1960724639,6.587443996
3.749,1.71,3.42,4.795757791,15.31,1.123189317,273.771,-0.08201080898,4.606086041
3.75,1.82,3.64,5.057136157,17.47,1.299999544,275.937,-0.03984966171,4.013122748
3.751,1.87,3.74,5.174061561,18.54,1.389353898,277.887,-0.002175082376,3.729916794
3.752,1.89,3.78,5.220502207,18.89,1.418838606,279.783,0.03420356121,3.592808471
3.753,1.91,3.82,5.266754559,19.28,1.45184274,281.545,0.06779080774,3.465805666
3.754,1.96,3.92,5.381561651,20.16,1.526895965,283.262,0.1003186564,3.307223018
3.755,2.02,4.04,5.517776733,21.47,1.640127965,284.694,0.1272968597,3.121930084
3.756,2.1,4.2,5.69676072,23.01,1.77556525,285.918,0.1502490936,2.958104835
3.757,2.18,4.36,5.872731997,24.65,1.92259165,286.747,0.165738614,2.812166302
3.758,2.25,4.5,6.0242355,26.05,2.050409136,287.488,0.179546035,2.701505205
3.759,2.28,4.56,6.088459469,26.64,2.104917369,288.314,0.1948954191,2.647371778
3.76,2.26,4.52,6.045690563,26.22,2.066075685,289.21,0.2114959547,2.654445839
3.761,2.21,4.42,5.937944511,25.33,1.984407469,290.119,0.2282848742,2.683583432
3.762,2.18,4.36,5.872731997,24.82,1.937998476,290.905,0.2427596724,2.692977211
3.763,2.19,4.38,5.894516575,25.06,1.959802742,291.42,0.2522226036,2.664759962
3.764,2.23,4.46,5.981184153,25.87,2.033855557,291.53,0.2542416447,2.614042859
3.765,2.29,4.58,6.109773311,26.94,2.132780318,290.408,0.2336115864,2.581894107
3.766,2.33,4.66,6.194557945,27.89,2.221669313,288.702,0.202090368,2.555764086
3.767,2.34,4.68,6.215636419,28.08,2.239567251,285.202,0.1368347428,2.615566068
3.768,2.28,4.56,6.088459469,27.04,2.142090029,281.843,0.07345049573,2.748069558
3.769,2.17,4.34,5.850900345,24.79,1.935277345,279.009,0.01938265236,2.99330848
3.77,2.02,4.04,5.517776733,21.89,1.676815123,276.625,-0.02652698696,3.343523238
3.771,1.86,3.72,5.150770627,18.93,1.422216374,275.517,-0.04799902842,3.748148461
3.772,1.72,3.44,4.819754829,16.14,1.190569254,274.734,-0.06322499921,4.275317683
3.773,1.58,3.16,4.479512605,13.17,0.9526555674,274.927,-0.05946795608,5.015197869
3.774,1.47,2.94,4.205706809,10.1,0.7159143121,275.144,-0.0552468644,6.365845364
3.775,1.39,2.78,4.002997727,7.69,0.5364565434,275.577,-0.04683407289,8.175682222
3.776,1.32,2.64,3.823155917,5.94,0.4095942274,275.991,-0.03880278602,10.31079871
3.777,1.28,2.56,3.719353549,4.67,0.3193172337,276.412,-0.03064804959,12.88448423
3.778,1.24,2.48,3.614798003,3.6,0.2444108522,276.928,-0.02067009462,16.15618917
3.779,1.22,2.44,3.562237789,3.01,0.2035547251,277.432,-0.01094211734,18.49431265
3.78,1.24,2.48,3.614798003,3.66,0.248583474,277.971,-0.0005581226364,14.57430857
3.781,1.34,2.68,3.874774659,6.13,0.4232290204,278.649,0.01247519199,8.893131049
3.782,1.51,3.02,4.305931583,10.55,0.7500409241,279.519,0.02915297993,5.526136127
3.783,1.69,3.38,4.747622495,15.29,1.121574293,280.758,0.05281506424,4.042630722
3.784,1.82,3.64,5.057136157,17.8,1.327431689,281.677,0.07029852233,3.618106067
3.785,1.89,3.78,5.220502207,19.09,1.435744057,281.462,0.06621338507,3.475799021
3.786,1.9,3.8,5.24365192,19.43,1.464578764,280.758,0.05281506424,3.45569609
3.787,1.9,3.8,5.24365192,19.33,1.456085478,279.07,0.02055220005,3.551075527
3.788,1.88,3.76,5.197305421,18.94,1.423061075,277.166,-0.01607412326,3.693925814
3.789,1.83,3.66,5.080615385,18.08,1.350795287,274.937,-0.0592733625,3.933820471
3.79,1.77,3.54,4.939033913,16.78,1.24300212,272.728,-0.1024319141,4.330319947
3.791,1.69,3.38,4.747622495,15.39,1.129653446,270.045,-0.1553238852,4.872707026
3.792,1.64,3.28,4.626460467,14.19,1.033367167,266.781,-0.2203826387,5.690711574
3.793,1.61,3.22,4.553198367,13.41,0.9715534768,262.072,-0.3156598361,6.941976693
3.794,1.62,3.24,4.577666141,13.52,0.9802341214,252.644,-0.5116725582,9.769615138
3.795,1.64,3.28,4.626460467,14.07,1.023817902,253.731,-0.488703577,8.645742136
3.796,1.64,3.28,4.626460467,14.31,1.04293082,257.011,-0.4199869206,7.426769043
3.797,1.63,3.26,4.602086841,13.94,1.013489083,270.357,-0.1491462612,5.324376767
3.798,1.6,3.2,4.52868352,13.08,0.9455835699,273.554,-0.08625307842,5.270013766
3.799,1.56,3.12,4.430153395,12,0.8613433732,275.851,-0.04151733119,5.403772469
3.8,1.53,3.06,4.355761529,11.15,0.7958485199,277.471,-0.01019009401,5.544090645
3.801,1.52,3.04,4.330870093,10.79,0.7683219911,277.354,-0.0124464812,5.729607635
3.802,1.53,3.06,4.355761529,10.99,0.783598943,276.93,-0.02063145656,5.708973982
3.803,1.55,3.1,4.40540318,11.66,0.8350606483,275.42,-0.0498829099,5.610708206
3.804,1.57,3.14,4.454856537,12.28,0.8830731195,274.094,-0.07570250237,5.517734287
3.805,1.58,3.16,4.479512605,12.32,0.8861836588,273.385,-0.08955929732,5.623117772
3.806,1.55,3.1,4.40540318,11.64,0.8335181309,273.221,-0.09276965368,5.947232179
3.807,1.5,3,4.280946,10.28,0.7295414516,274.116,-0.07527310487,6.54310425
3.808,1.45,2.9,4.15531198,8.84,0.621397626,274.692,-0.06404294376,7.45541773
3.809,1.43,2.86,4.104728857,8.18,0.5724951674,275.382,-0.0506211062,7.865362857
3.81,1.45,2.9,4.15531198,8.63,0.6057927298,276.058,-0.03750416941,7.311975411
3.811,1.5,3,4.280946,10.08,0.7144021175,276.65,-0.02604350225,6.219063589
3.812,1.57,3.14,4.454856537,12.07,0.8667685913,277.248,-0.01449155138,5.22700522
3.813,1.64,3.28,4.626460467,13.99,1.017459711,277.98,-0.000384905932,4.548790753
3.814,1.7,3.4,4.77171368,15.24,1.117538498,278.549,0.01055486921,4.229892507
3.815,1.74,3.48,4.867607683,16.05,1.183229278,278.613,0.01178395519,4.073266764
3.816,1.77,3.54,4.939033913,16.7,1.2364252,278.58,0.011150243,3.958906004
3.817,1.81,3.62,5.033609855,17.36,1.290880339,278.632,0.01214878574,3.863006407
3.818,1.84,3.68,5.104047539,17.99,1.343276753,278.317,0.006097064025,3.782530442
3.819,1.86,3.72,5.150770627,18.36,1.374239714,276.975,-0.01976217392,3.802773006
3.82,1.86,3.72,5.150770627,18.36,1.374239714,275.203,-0.05409976993,3.90168531
3.821,1.85,3.7,5.12743262,18.08,1.350795287,271.953,-0.117656432,4.158033461
3.822,1.83,3.66,5.080615385,17.77,1.324933233,268.228,-0.191443055,4.482275616
3.823,1.81,3.62,5.033609855,17.33,1.288395436,263.569,-0.2851866742,5.017509862
3.824,1.76,3.52,4.915272243,16.38,1.21018274,254.893,-0.4642583647,6.589504793
3.825,1.68,3.36,4.723484237,14.8,1.082132014,247.354,-0.6248832353,10.33022821
3.826,1.57,3.14,4.454856537,11.97,0.8590197516,244.763,-0.6812193427,25.05537847
3.827,1.46,2.92,4.180532931,8.82,0.6199096316,243.681,-0.7049219963,-49.17558694
3.828,1.35,2.7,3.90051342,5.89,0.4060117151,243.155,-0.7164827728,-12.56321104
3.829,1.26,2.52,3.667169923,3.42,0.2319126851,244.106,-0.6955992773,-7.908725387
3.83,1.19,2.38,3.483044415,1.35,0.09029280197,246.023,-0.6537490611,-6.18157019
3.831,1.1,2.2,3.24292232,-2.12,-0.1385538279,249.819,-0.5718318505,-4.565016467
3.832,1.09,2.18,3.216006719,-3.05,-0.1981025445,254.784,-0.4665466768,-4.838652655
3.833,1.21,2.42,3.535887071,1.75,0.1173581633,262.6,-0.3048919622,-18.85466562
3.834,1.43,2.86,4.104728857,7.39,0.5145042206,275.673,-0.04497067151,8.74214178
3.835,1.67,3.34,4.699298905,13.97,1.015871161,279.25,0.02400183478,4.519108512
3.836,1.84,3.68,5.104047539,17.35,1.290051935,282.787,0.0913397496,3.694859029
3.837,1.94,3.88,5.335780035,19.33,1.456085478,286.607,0.1631259174,3.295295507
3.838,2.04,4.08,5.562805171,21.33,1.627940446,290.158,0.2290040135,2.995676657
3.839,2.13,4.26,5.763103001,23.06,1.78000499,292.957,0.2803652888,2.797120041
3.84,2.2,4.4,5.91625408,24.53,1.911735122,295.298,0.3229468771,2.647470236
3.841,2.27,4.54,6.067098553,25.89,2.035693091,296.353,0.3420265575,2.551645883
3.842,2.32,4.64,6.173432397,27.12,2.149545749,297.072,0.3549907969,2.464900106
3.843,2.37,4.74,6.278589401,28.1,2.241453581,296.645,0.3472953784,2.425337296
3.844,2.4,4.8,6.34111872,28.83,2.310609865,296.168,0.3386857475,2.3935112
3.845,2.43,4.86,6.403224377,29.39,2.364065313,295.653,0.3293746528,2.377340672
3.846,2.45,4.9,6.44439278,29.8,2.403425703,295.152,0.3203010984,2.366020255
3.847,2.47,4.94,6.485372889,30.16,2.438142236,294.635,0.3109216082,2.359120507
3.848,2.47,4.94,6.485372889,30.34,2.455555396,294.177,0.3025987462,2.351345339
3.849,2.44,4.88,6.423832115,29.76,2.399577333,293.86,0.2968305712,2.382366594
3.85,2.35,4.7,6.23666782,27.91,2.223551416,293.569,0.2915300153,2.479708109
3.851,2.18,4.36,5.872731997,24.7,1.927119813,293.432,0.2890327452,2.649967384
3.852,1.98,3.96,5.427154973,20.79,1.581125425,293.324,0.2870632724,2.905035761
3.853,1.82,3.64,5.057136157,17.83,1.329931071,293.36,0.2877198439,3.126222173
3.854,1.78,3.56,4.962748509,17.02,1.262772076,293.331,0.2871909454,3.201849619
3.855,1.86,3.72,5.150770627,18.5,1.385992295,293.149,0.2838704569,3.084547291
3.856,2.02,4.04,5.517776733,21.58,1.64971843,293.233,0.2854032461,2.851384903
3.857,2.17,4.34,5.850900345,24.63,1.920781144,293.108,0.2831221503,2.654789963
3.858,2.25,4.5,6.0242355,26.42,2.084547538,292.559,0.2730920449,2.55519781
3.859,2.28,4.56,6.088459469,26.89,2.128129601,291.452,0.2528100396,2.55716666
3.86,2.26,4.52,6.045690563,26.56,2.097503996,289.994,0.2259792889,2.601994429
3.861,2.22,4.44,5.959587869,25.84,2.031100078,286.282,0.1570558055,2.723566412
3.862,2.15,4.3,5.80709582,24.54,1.912639236,281.914,0.07479806216,2.921901398
3.863,2.03,4.06,5.540314489,22.24,1.707530863,276.715,-0.02478664647,3.292428186
3.864,1.88,3.76,5.197305421,19.28,1.45184274,271.93,-0.118108919,3.896808598
3.865,1.74,3.48,4.867607683,16.68,1.23478199,268.744,-0.1811609514,4.619884668
3.866,1.66,3.32,4.675066499,15.13,1.108668614,265.794,-0.2402125445,5.383192843
3.867,1.63,3.26,4.602086841,14.49,1.057303305,264.513,-0.2660593213,5.816267717
3.868,1.61,3.22,4.553198367,14.09,1.025408448,263.189,-0.2929055901,6.215946218
3.869,1.58,3.16,4.479512605,13.21,0.955801253,262.187,-0.3133127137,6.972128421
3.87,1.52,3.04,4.330870093,11.55,0.8265816437,259.004,-0.3786602033,9.66881623
3.871,1.45,2.9,4.15531198,9.48,0.6692155509,250.871,-0.5493500423,34.66645265
3.872,1.39,2.78,4.002997727,7.76,0.5415909922,249.673,-0.5749594282,-119.9636004
3.873,1.35,2.7,3.90051342,6.78,0.4701294253,248.349,-0.6034056282,-29.26639066
3.874,1.33,2.66,3.848988825,6.19,0.4275417395,247.951,-0.6119863272,-20.8679955
3.875,1.33,2.66,3.848988825,6.17,0.4261037932,249.723,-0.5738881341,-26.04463233
3.876,1.38,2.76,3.977447261,7.39,0.5145042206,253.09,-0.5022363699,324.2171231
3.877,1.49,2.98,4.255913343,10.41,0.7394027579,260.242,-0.3531489329,11.01843676
3.878,1.67,3.34,4.699298905,15.08,1.104640877,274.331,-0.07107853344,4.546700965
3.879,1.84,3.68,5.104047539,18.49,1.385152153,278.258,0.004962805385,3.671672986
3.88,1.96,3.92,5.381561651,20.76,1.578533607,281.399,0.06501575368,3.274353531
3.881,2.01,4.02,5.495191903,21.65,1.655828128,283.73,0.109150529,3.113460824
3.882,1.99,3.98,5.449881023,21.43,1.6366437,285.73,0.1467301448,3.055938629
3.883,1.95,3.9,5.35869438,20.56,1.561279029,286.787,0.1664848645,3.101520063
3.884,1.87,3.74,5.174061561,18.98,1.426440919,287.785,0.1850701953,3.210689343
3.885,1.76,3.52,4.915272243,16.89,1.252056047,288.776,0.2034615025,3.37699277
3.886,1.71,3.42,4.795757791,15.96,1.175897517,289.84,0.223137441,3.427904188
3.887,1.81,3.62,5.033609855,17.9,1.335766563,291.096,0.2462711785,3.181725519
3.888,2,4,5.47256,21.56,1.647973756,292.023,0.2632812714,2.863333214
3.889,2.09,4.18,5.674552479,23.39,1.809374529,292.316,0.2686464794,2.730748369
3.89,2,4,5.47256,21.73,1.662817002,291.969,0.2622918743,2.84272753
3.891,1.8,3.6,5.01003648,17.95,1.339937861,290.196,0.2297046204,3.191832879
3.892,1.64,3.28,4.626460467,14.76,1.078922893,288.095,0.1908300764,3.643590981
3.893,1.57,3.14,4.454856537,13.03,0.9416581478,285.301,0.1386915254,4.123532082
3.894,1.58,3.16,4.479512605,13.3,0.962884844,283.172,0.09861854654,4.219970134
3.895,1.63,3.26,4.602086841,14.71,1.07491375,282.611,0.08800899841,3.957345273
3.896,1.7,3.4,4.77171368,16,1.179155063,282.807,0.09171811288,3.754673377
3.897,1.76,3.52,4.915272243,17.01,1.261947153,284.932,0.1317675127,3.526742141
3.898,1.79,3.58,4.986416031,17.6,1.310792792,287.076,0.1718734333,3.36314131
3.899,1.81,3.62,5.033609855,18.02,1.345782003,289.259,0.2124023127,3.230432885
3.9,1.82,3.64,5.057136157,18.23,1.363344738,291.054,0.2454992125,3.143335409
3.901,1.8,3.6,5.01003648,17.93,1.338269033,292.026,0.2633362325,3.128134371
3.902,1.77,3.54,4.939033913,17.25,1.281773537,292.669,0.2751032269,3.172398758
3.903,1.75,3.5,4.8914635,16.89,1.252056047,292.6,0.2738417557,3.20562982
3.904,1.78,3.56,4.962748509,17.46,1.299170012,292.591,0.273677194,3.155264217
3.905,1.85,3.7,5.12743262,18.81,1.41208805,292.82,0.2778628006,3.034072036
3.906,1.92,3.84,5.289810125,20.11,1.522609883,293.359,0.2877016069,2.922044164
3.907,1.95,3.9,5.35869438,20.81,1.58285383,294.574,0.3098138518,2.831291744
3.908,1.96,3.92,5.381561651,21.05,1.603627575,295.18,0.3208086094,2.796435494
3.909,1.97,3.94,5.404381849,21.1,1.607963086,294.857,0.3149511796,2.810516281
3.91,1.97,3.94,5.404381849,21.07,1.605361462,294.019,0.2997245341,2.836817791
3.911,1.96,3.92,5.381561651,20.97,1.596696244,291.491,0.2535258901,2.908603
3.912,1.88,3.76,5.197305421,19.44,1.465428666,288.825,0.2043692225,3.112535629
3.913,1.72,3.44,4.819754829,16.47,1.217552894,285.519,0.1427779276,3.543075518
3.914,1.6,3.2,4.52868352,13.91,1.011107903,282.474,0.08541487535,4.130040532
3.915,1.57,3.14,4.454856537,12.88,0.9298967213,280.528,0.04843049,4.553544546
3.916,1.61,3.22,4.553198367,13.99,1.017459711,279.01,0.01940182734,4.391327289
3.917,1.63,3.26,4.602086841,14.61,1.066902987,278.632,0.01214878574,4.264936081
3.918,1.58,3.16,4.479512605,13.27,0.9605227547,278.467,0.008979690032,4.620424249
3.919,1.55,3.1,4.40540318,12.37,0.8900740465,279.019,0.01957439901,4.842973351
3.92,1.57,3.14,4.454856537,12.97,0.9369509069,279.936,0.03712842179,4.573402192
3.921,1.63,3.26,4.602086841,14.53,1.060501596,281.845,0.07348846,4.058313224
3.922,1.69,3.38,4.747622495,15.86,1.167760745,284.05,0.1151810344,3.700575171
3.923,1.77,3.54,4.939033913,17.27,1.283428397,287.242,0.174966145,3.386623969
3.924,1.84,3.68,5.104047539,18.56,1.39103532,290.373,0.2329667651,3.14288238
3.925,1.88,3.76,5.197305421,19.46,1.467128782,292.794,0.2773877437,2.979223954
3.926,1.91,3.82,5.266754559,19.94,1.50805679,294.656,0.3113029138,2.894839624
3.927,1.92,3.84,5.289810125,20.19,1.529468872,295.313,0.3232186296,2.855209052
3.928,1.94,3.88,5.335780035,20.53,1.558694471,295.889,0.3336434961,2.819676045
3.929,1.97,3.94,5.404381849,21.18,1.614905393,296.269,0.3405099077,2.763802577
3.93,2.02,4.04,5.517776733,22.15,1.699620083,296.716,0.3485757119,2.693969369
3.931,2.08,4.16,5.652297165,23.37,1.807591229,297.601,0.3645091397,2.602226512
3.932,2.14,4.28,5.785122947,24.6,1.918066199,298.748,0.3850892281,2.511824812
3.933,2.19,4.38,5.894516575,25.54,2.003599427,299.997,0.4074097809,2.444833705
3.934,2.21,4.42,5.937944511,26.12,2.056856228,300.619,0.4184907417,2.398833207
3.935,2.23,4.46,5.981184153,26.52,2.093799951,300.027,0.4079447595,2.390805156
3.936,2.24,4.48,6.002733363,26.62,2.103063365,298.888,0.3875957706,2.410098306
3.937,2.2,4.4,5.91625408,25.82,2.029263639,296.149,0.3383425191,2.49883371
3.938,2.08,4.16,5.652297165,23.62,1.829913388,293.445,0.2892697625,2.667205599
3.939,1.89,3.78,5.220502207,20,1.513189721,291.076,0.2459035896,2.967723301
3.94,1.67,3.34,4.699298905,15.95,1.175083384,288.804,0.2039802185,3.407601286
3.941,1.52,3.04,4.330870093,12.24,0.8799641537,287.012,0.1706805848,4.122107059
3.942,1.46,2.92,4.180532931,10.58,0.752323002,285.454,0.1415598315,4.676824271
3.943,1.48,2.96,4.230833613,11.27,0.8050520669,284.446,0.1226343862,4.560628862
3.944,1.53,3.06,4.355761529,12.56,0.9048799677,283.674,0.1080944913,4.299971722
3.945,1.54,3.08,4.380605891,12.76,0.9205035928,283.376,0.1024713535,4.282222069
3.946,1.5,3,4.280946,11.79,0.8450965533,283.185,0.09886415134,4.535089203
3.947,1.47,2.94,4.205706809,10.75,0.7652712648,283.394,0.1028111739,4.844824203
3.948,1.46,2.92,4.180532931,10.53,0.7485200235,283.741,0.1093579405,4.873109121
3.949,1.49,2.98,4.255913343,11.37,0.8127324157,284.471,0.1231045778,4.547707958
3.95,1.56,3.12,4.430153395,13.46,0.9754977346,285.657,0.1453631203,3.952456164
3.951,1.69,3.38,4.747622495,16.26,1.200368681,287.662,0.1827831037,3.432466738
3.952,1.86,3.72,5.150770627,19.47,1.467978996,289.699,0.2205341649,3.050477039
3.953,2,4,5.47256,22.23,1.706651462,291.964,0.2622002542,2.779569409
3.954,2.05,4.1,5.58524878,23.19,1.791560859,293.815,0.2960112408,2.67547587
3.955,1.99,3.98,5.449881023,22.11,1.696106948,295.186,0.3209173555,2.701941179
3.956,1.86,3.72,5.150770627,19.65,1.483300686,296.348,0.3419362927,2.821973633
3.957,1.71,3.42,4.795757791,16.96,1.257824071,296.877,0.3514778689,2.98002362
3.958,1.61,3.22,4.553198367,14.98,1.096592949,297.225,0.3577454802,3.130769479
3.959,1.56,3.12,4.430153395,13.86,1.007141264,297.165,0.3566653813,3.248373523
3.96,1.57,3.14,4.454856537,14.04,1.021432832,296.931,0.3524509107,3.242528024
3.961,1.59,3.18,4.504121599,14.66,1.070907115,296.236,0.3399139634,3.192553378
3.962,1.6,3.2,4.52868352,14.85,1.086145675,295.463,0.3259353954,3.207098809
3.963,1.6,3.2,4.52868352,14.79,1.081329584,294.397,0.3065982435,3.262909952
3.964,1.59,3.18,4.504121599,14.63,1.068504338,293.293,0.2864978268,3.324069671
3.965,1.58,3.16,4.479512605,14.29,1.041335878,292.182,0.2661934342,3.42593666
3.966,1.55,3.1,4.40540318,13.66,0.991299604,290.979,0.2441204247,3.565915298
3.967,1.52,3.04,4.330870093,12.66,0.9126868475,289.617,0.2190196201,3.826849291
3.968,1.47,2.94,4.205706809,11.4,0.8150384231,288.275,0.19417168,4.167325313
3.969,1.44,2.88,4.130043955,10.52,0.7477597185,287.03,0.1710161003,4.495159614
3.97,1.45,2.9,4.15531198,10.67,0.7591744718,285.954,0.1509226709,4.565789502
3.971,1.49,2.98,4.255913343,12.01,0.8621181099,285.361,0.1398165346,4.247695562
3.972,1.55,3.1,4.40540318,13.46,0.9754977346,284.844,0.1301149334,3.984580954
3.973,1.55,3.1,4.40540318,13.44,0.9739197336,284.553,0.1246465163,4.010138833
3.974,1.47,2.94,4.205706809,11.5,0.8227314612,284.115,0.1164051507,4.478269461
3.975,1.34,2.68,3.874774659,8.06,0.5636483326,283.627,0.1072080131,5.775863468
3.976,1.23,2.46,3.588541433,4.97,0.340507869,283.052,0.09635089271,8.214420192
3.977,1.19,2.38,3.483044415,4.05,0.2757856919,282,0.07642987127,9.888956593
3.978,1.26,2.52,3.667169923,5.73,0.3945633126,280.818,0.05395827549,8.176128018
3.979,1.37,2.74,3.951849721,8.6,0.6035668934,279.567,0.03007162215,6.236757432
3.98,1.4,2.8,4.02850112,9.42,0.6647159412,278.535,0.01028596901,5.968132918
3.981,1.27,2.54,3.693285273,6.18,0.4268227197,277.787,-0.004100671861,8.736911859
3.982,1.07,2.14,3.162034297,0.79,0.05264144509,277.062,-0.01808196121,91.49541433
3.983,0.94,1.88,2.806623875,-5.8,-0.3698722461,276.087,-0.03694217935,-6.899027419
3.984,0.95,1.9,2.83424558,-5,-0.3205619313,274.924,-0.05952633553,-7.456808923
3.985,1.07,2.14,3.162034297,0.67,0.04460962798,273.08,-0.0955313181,-62.09602017
3.986,1.19,2.38,3.483044415,3.81,0.2590294088,271.233,-0.1318394273,27.3845815
3.987,1.26,2.52,3.667169923,5.42,0.3724497354,267.721,-0.2015651032,21.45991641
3.988,1.24,2.48,3.614798003,4.88,0.3341419612,263.855,-0.2793845106,66.01472437
3.989,1.15,2.3,3.37679422,2.57,0.1732914714,258.197,-0.3953556602,-15.20638802
3.99,1.06,2.12,3.134977475,0.22,0.01460411943,247.409,-0.6236937769,-5.146988521
3.991,1.06,2.12,3.134977475,0.21,0.01393936766,244.685,-0.682924529,-4.686168926
3.992,1.12,2.24,3.296612301,1.73,0.1160014906,242.17,-0.7381991783,-5.298335828
3.993,1.13,2.26,3.323386681,1.75,0.1173581633,240.457,-0.7761771136,-5.044461274
3.994,0.99,1.98,2.944261663,-3.16,-0.2050967478,239.14,-0.8055599817,-2.913216305
3.995,0.74,1.48,2.244304323,-14.71,-0.8838935973,238.929,-0.8102825221,-1.324717246
3.996,0.48,0.96,1.485138893,-26,-1.449046214,239.116,-0.8060969326,-0.6585563736
3.997,0.33,0.66,1.032683705,-32.49,-1.734527922,240.214,-0.7815864272,-0.4104279701
3.998,0.29,0.58,0.9102401912,-33.83,-1.790163921,241.374,-0.75581331,-0.3575209473
3.999,0.36,0.72,1.124022067,-31.41,-1.688882305,242.625,-0.7281567863,-0.4650409136
4,0.47,0.94,1.455304729,-27.37,-1.511582996,244.066,-0.6964760175,-0.6590877871
