# age_ma,DST_anomaly_K,GMSST_anomaly_K,GMST_anomaly_K,BSL_m,R_LI_Wm2,CO2_ppm,R_CO2_Wm2,S_CO2_LI_K_per_Wm2
0,0,0,0,2.68,0.1808408527,284.1331213,0.116746372,0
0.001,0.11,0.11,0.1756738918,5.47,0.3760104081,280.4281497,0.04652588879,0.4157604757
0.002,0.25,0.25,0.397199375,9.1,0.6407763474,277.8286438,-0.003298699906,0.62307969
0.003,0.35,0.35,0.554019655,11.83,0.8481878533,275.6131949,-0.0461314373,0.6907489847
0.004,0.38,0.38,0.6008362552,12.83,0.9259811889,273.0683738,-0.09575909614,0.7237054524
0.005,0.38,0.38,0.6008362552,12.63,0.910343748,269.4465361,-0.1671935172,0.8084990494
0.006,0.31,0.31,0.4914327638,11.09,0.7912520078,264.5748721,-0.2648080518,0.93349493
0.007,0.18,0.18,0.2867249592,7.82,0.5459956392,260.6641348,-0.3444778049,1.42282672
0.008,0.03,0.03,0.0480522822,4.34,0.2961032708,259.775696,-0.362743711,-0.7210678995
0.009,-0.04,-0.04,-0.0642344672,2.62,0.1767216519,261.0143677,-0.3372942771,0.4000337364
0.01,-0.01,-0.01,-0.0160409642,3.3,0.2235969714,264.0627076,-0.2751746288,0.3110060636
0.011,-0.05,-0.05,-0.080322505,2.24,0.1507089033,266.7807626,-0.2203873986,1.152758891
0.012,-0.24,-0.24,-0.3882312192,-3.47,-0.2247519371,253.8849024,-0.4854594796,0.5466417605
0.013,-0.54,-0.54,-0.8830526472,-13.3,-0.8067294021,239.9331786,-0.7878444864,0.5537859698
0.014,-1.01,-1.01,-1.679567804,-27.8,-1.530955522,239.2774205,-0.8024865159,0.7197812401
0.015,-1.6,-1.6,-2.71624832,-46.17,-2.253944599,229.3619873,-1.028910009,0.8274043918
0.016,-2.32,-2.32,-4.036849741,-68.85,-2.91727768,223.1368569,-1.176121649,0.9861851767
0.017,-2.98,-2.98,-5.300994337,-90.11,-3.388540537,202.7709168,-1.688161793,1.04418065
0.018,-3.27,-3.27,-5.872662782,-99.21,-3.565755134,189.1388285,-2.060498069,1.04379639
0.019,-3.21,-3.21,-5.753574532,-97.75,-3.53787174,190.4689123,-2.023006854,1.034652067
0.02,-3.05,-3.05,-5.438077105,-93.11,-3.447979365,192.6774503,-1.961329072,1.005318364
0.021,-2.94,-2.94,-5.222920231,-89.89,-3.384133323,189.9359501,-2.037997987,0.9632596358
0.022,-3,-3,-5.340102,-91.83,-3.422763279,187.8078073,-2.098280569,0.9672268773
0.023,-3.09,-3.09,-5.51666902,-94.69,-3.478837199,189.1669059,-2.059703929,0.9960509263
0.024,-3.1,-3.1,-5.53634642,-94.93,-3.483500382,185.8835609,-2.153378491,0.9821652274
0.025,-3.05,-3.05,-5.438077105,-93.33,-3.452293175,182.3536751,-2.255950778,0.95267076
0.026,-2.91,-2.91,-5.16448822,-89.41,-3.374492945,184.28066,-2.199712379,0.9264976657
0.027,-2.7,-2.7,-4.75842978,-83.44,-3.251416159,187.9789179,-2.093408433,0.8902873608
0.028,-2.51,-2.51,-4.395515564,-77.81,-3.128886795,190.4100577,-2.024660251,0.8529107282
0.029,-2.34,-2.34,-4.074403975,-72.82,-3.013841541,192.2133617,-1.974230783,0.8168293703
0.03,-2.2,-2.2,-3.81251288,-68.56,-2.910033422,189.1471418,-2.060262923,0.76705947
0.031,-2.15,-2.15,-3.719539345,-66.95,-2.86931913,187.4855496,-2.107468469,0.7473775544
0.032,-2.15,-2.15,-3.719539345,-66.99,-2.870341011,193.3200869,-1.943514921,0.77267359
0.033,-2.19,-2.19,-3.793894636,-68.48,-2.908030267,196.536714,-1.855229453,0.7964912391
0.034,-2.31,-2.31,-4.018090276,-72.17,-2.998353416,196.0784924,-1.867717438,0.825736081
0.035,-2.36,-2.36,-4.112005283,-73.81,-3.037199829,201.3470268,-1.725862883,0.8633111786
0.036,-2.32,-2.32,-4.036849741,-72.54,-3.007184673,201.3615358,-1.725477377,0.8529765486
0.037,-2.18,-2.18,-3.775288161,-68.59,-2.910784076,205.7149062,-1.611044718,0.8349029414
0.038,-2.08,-2.08,-3.589870669,-65.55,-2.833212889,211.0896059,-1.473060427,0.8336374412
0.039,-2.1,-2.1,-3.62686002,-66.02,-2.845408655,205.8566438,-1.607359837,0.8145179851
0.04,-2.14,-2.14,-3.700979943,-67.46,-2.882308264,196.0447982,-1.868636863,0.7789986718
0.041,-2.17,-2.17,-3.756693454,-68.27,-2.902762185,201.1705722,-1.730553519,0.8108002332
0.042,-2.17,-2.17,-3.756693454,-68.22,-2.901505782,202.6543116,-1.691239244,0.8179625544
0.043,-2.18,-2.18,-3.775288161,-68.76,-2.915032337,203.8689373,-1.65926928,0.8253255856
0.044,-2.19,-2.19,-3.793894636,-69.15,-2.924743563,203.4644055,-1.669895691,0.8257219831
0.045,-2.19,-2.19,-3.793894636,-68.94,-2.919520444,210.6769938,-1.483528186,0.8616517679
0.046,-2.13,-2.13,-3.68243231,-67.34,-2.879259755,219.3042736,-1.268811194,0.8877457389
0.047,-1.97,-1.97,-3.387270678,-62.49,-2.751906617,211.9368298,-1.45163078,0.8058143314
0.048,-1.83,-1.83,-3.131475614,-58.19,-2.631735519,203.8553812,-1.659625034,0.7297162695
0.049,-1.8,-1.8,-3.07696248,-57.08,-2.599522353,201.381293,-1.724952472,0.7115228101
0.05,-1.91,-1.91,-3.27736178,-60.69,-2.702473674,204.6049713,-1.6399888,0.7547242606
0.051,-2.1,-2.1,-3.62686002,-66.85,-2.866762089,208.6966644,-1.534055162,0.8241332946
0.052,-2.16,-2.16,-3.738110515,-68.94,-2.919520444,215.1221019,-1.371822022,0.8710818457
0.053,-2.06,-2.06,-3.552928391,-65.98,-2.844373667,222.1049741,-1.200919781,0.8782869367
0.054,-1.88,-1.88,-3.222566205,-60.64,-2.701082938,220.709609,-1.234636955,0.8187996841
0.055,-1.75,-1.75,-2.986342625,-56.41,-2.579831685,214.4606805,-1.388296644,0.752582169
0.056,-1.77,-1.77,-3.022555262,-57.29,-2.605655603,210.519141,-1.487538253,0.7384344275
0.057,-1.96,-1.96,-3.368923107,-63.37,-2.775633918,214.0221889,-1.399246583,0.8069507872
0.058,-2.17,-2.17,-3.756693454,-70.34,-2.954080274,222.7038757,-1.18651303,0.9072838547
0.059,-2.28,-2.28,-3.961882493,-74.11,-3.044223987,227.9449383,-1.062066018,0.9648326075
0.06,-2.31,-2.31,-4.018090276,-75.02,-3.06537995,220.4035745,-1.242060378,0.9328255229
0.061,-2.31,-2.31,-4.018090276,-75.2,-3.069538176,211.7642755,-1.455988407,0.8878724282
0.062,-2.32,-2.32,-4.036849741,-75.29,-3.071614049,206.5125042,-1.590341802,0.8659133355
0.063,-2.31,-2.31,-4.018090276,-74.95,-3.063760522,200.4155511,-1.750670588,0.8345929529
0.064,-2.3,-2.3,-3.99934258,-74.76,-3.059358292,198.8842458,-1.791705035,0.8244259681
0.065,-2.25,-2.25,-3.905780625,-73.32,-3.025673177,201.1105048,-1.732151211,0.8209173578
0.066,-2.21,-2.21,-3.831142892,-72.22,-2.999549149,201.3717274,-1.7252066,0.8108658088
0.067,-2.19,-2.19,-3.793894636,-71.45,-2.981053623,203.9316042,-1.657625006,0.8178826213
0.068,-2.1,-2.1,-3.62686002,-68.96,-2.920018486,202.4275371,-1.697229361,0.7855025635
0.069,-2.05,-2.05,-3.534474905,-67.26,-2.87722477,205.1636743,-1.625399775,0.7849810415
0.07,-1.98,-1.98,-3.405630017,-65.19,-2.823819884,214.6656983,-1.383184652,0.8095142251
0.071,-1.82,-1.82,-3.113292801,-60.37,-2.693556272,228.3339548,-1.052943356,0.8309870839
0.072,-1.66,-1.66,-2.823968295,-55.39,-2.549491691,236.8358262,-0.8573585215,0.828908851
0.073,-1.56,-1.56,-2.644670371,-52.48,-2.460452295,232.5534562,-0.9549803292,0.7743295394
0.074,-1.56,-1.56,-2.644670371,-52.46,-2.459827311,233.2822229,-0.9382409288,0.7782864217
0.075,-1.58,-1.58,-2.680435809,-53.18,-2.482213165,243.5458835,-0.7078892936,0.8402350219
0.076,-1.53,-1.53,-2.591110478,-51.38,-2.425807486,245.9205829,-0.6559766799,0.8407825916
0.077,-1.4,-1.4,-2.36024152,-47.22,-2.289645163,233.620664,-0.9304848818,0.7329646589
0.078,-1.28,-1.28,-2.148896973,-43.33,-2.154570265,225.5603955,-1.118327413,0.6565732218
0.079,-1.18,-1.18,-1.974071041,-40.12,-2.037116283,227.2289447,-1.078897251,0.6335245401
0.08,-1.07,-1.07,-1.783121766,-36.55,-1.899774315,231.895557,-0.9701370527,0.6213159703
0.081,-1,-1,-1.66235,-34.16,-1.803697724,232.0150893,-0.9673800677,0.5998929388
0.082,-0.97,-0.97,-1.610767198,-33.1,-1.759990826,236.8894844,-0.8561465467,0.6157043643
0.083,-1,-1,-1.66235,-34.13,-1.802470095,245.3631222,-0.6681179988,0.6728559909
0.084,-1.11,-1.11,-1.852393108,-37.9,-1.952564105,247.2924334,-0.6262150203,0.71832174
0.085,-1.27,-1.27,-2.131361422,-43.5,-2.160636602,238.7470059,-0.814359213,0.7164250152
0.086,-1.45,-1.45,-2.448801905,-49.72,-2.372464338,228.3187425,-1.053299802,0.7148191775
0.087,-1.63,-1.63,-2.77005535,-55.93,-2.565609054,222.3102894,-1.195976492,0.7364063148
0.088,-1.74,-1.74,-2.968253959,-59.5,-2.669110496,221.2242129,-1.222177479,0.7627947297
0.089,-1.75,-1.75,-2.986342625,-60.11,-2.686281645,225.0700255,-1.129971015,0.7825327331
0.09,-1.71,-1.71,-2.914058572,-58.84,-2.65036625,229.4378181,-1.027141504,0.7924003884
0.091,-1.6,-1.6,-2.71624832,-55.45,-2.55128866,231.3171465,-0.9834980755,0.768433437
0.092,-1.45,-1.45,-2.448801905,-50.66,-2.402829111,232.617117,-0.953515982,0.7296037317
0.093,-1.3,-1.3,-2.18400338,-45.98,-2.247425364,234.1103146,-0.9192834351,0.6896761017
0.094,-1.22,-1.22,-2.043860193,-43.47,-2.159567178,238.5191848,-0.8194668134,0.686081528
0.095,-1.24,-1.24,-2.078825379,-43.95,-2.176621253,243.0130777,-0.7196063199,0.7177700394
0.096,-1.23,-1.23,-2.061336902,-43.69,-2.167398631,245.4643837,-0.6659105073,0.727536884
0.097,-1.16,-1.16,-1.939247075,-41.25,-2.079100039,243.6203339,-0.706254083,0.6962299908
0.098,-1.08,-1.08,-1.800421949,-38.58,-1.978758381,241.290828,-0.7576571172,0.6579490396
0.099,-1.07,-1.07,-1.783121766,-38.24,-1.96569415,242.8574549,-0.7230334967,0.6631842269
0.1,-1.07,-1.07,-1.783121766,-38.36,-1.970312553,245.578258,-0.663429144,0.6770298574
0.101,-1.07,-1.07,-1.783121766,-38.51,-1.97607405,245.7957324,-0.658693491,0.6767662565
0.102,-1.15,-1.15,-1.921852745,-41.28,-2.080205123,240.8253989,-0.7679867682,0.674762382
0.103,-1.28,-1.28,-2.148896973,-46,-2.248112458,239.3079643,-0.8018036321,0.7045757683
0.104,-1.4,-1.4,-2.36024152,-50.2,-2.388021791,242.7191663,-0.726080776,0.7579202899
0.105,-1.43,-1.43,-2.413342446,-51.33,-2.424219533,244.8831102,-0.6785946328,0.7777914876
0.106,-1.48,-1.48,-2.502079357,-53.23,-2.4837591,245.6947368,-0.6608922169,0.7956619365
0.107,-1.62,-1.62,-2.752107905,-58.24,-2.63317471,241.5288629,-0.7523819092,0.8128967299
0.108,-1.76,-1.76,-3.004443059,-63.16,-2.769997491,239.0043913,-0.808594658,0.8395600654
0.109,-1.85,-1.85,-3.167876545,-66.6,-2.860354819,241.5225299,-0.7525221917,0.8768293344
0.11,-1.77,-1.77,-3.022555262,-64.05,-2.793775647,245.2622454,-0.6703180108,0.8725385513
0.111,-1.54,-1.54,-2.608952007,-57.04,-2.598352043,250.2120958,-0.563420121,0.8251549674
0.112,-1.26,-1.26,-2.113837639,-48.43,-2.330108616,256.1604878,-0.437720736,0.7637167508
0.113,-0.93,-0.93,-1.542154886,-37.79,-1.948302005,260.9767107,-0.3380661873,0.6744997989
0.114,-0.69,-0.69,-1.134435196,-29.05,-1.586585709,266.2893699,-0.2302508356,0.6244013527
0.115,-0.49,-0.49,-0.7998468842,-21.56,-1.237626668,273.6434237,-0.08450447066,0.604967889
0.116,-0.28,-0.28,-0.4535954528,-12.2,-0.7454633753,275.0012054,-0.05802413542,0.5645332961
0.117,-0.07,-0.07,-0.1125338858,-1.64,-0.1075265695,274.50663,-0.06765449485,0.642386129
0.118,0.12,0.12,0.1915736352,4.1,0.2792832213,274.5117124,-0.06755544344,0.9048110605
0.119,0.24,0.24,0.3814526208,7.14,0.4962754837,273.346726,-0.09030835184,0.9396145424
0.12,0.26,0.26,0.4129343608,7.61,0.5305942766,272.9912014,-0.09727128279,0.9529481858
0.121,0.27,0.27,0.4286575782,7.96,0.5562864082,276.4382249,-0.03014048727,0.8147123472
0.122,0.26,0.26,0.4129343608,7.76,0.5415909922,278.2898488,0.00557512027,0.7546782438
0.123,0.21,0.21,0.3341417478,6.34,0.4383382443,278.5466743,0.01051020023,0.7444422541
0.124,0.16,0.16,0.2550549248,5.16,0.3539715806,278.0110037,0.0002117585017,0.720121182
0.125,0.16,0.16,0.2550549248,5.21,0.3575202108,277.0647469,-0.01802892029,0.7512856204
0.126,0.23,0.23,0.3656940982,7.04,0.489000469,275.1865078,-0.05442039099,0.8414884085
0.127,0.25,0.25,0.397199375,7.69,0.5364565434,275.3976155,-0.05031774279,0.8170493171
0.128,0.19,0.19,0.3025423238,6.07,0.4189196601,277.6580374,-0.006584985388,0.7337300071
0.129,-0.03,-0.03,-0.0481581978,0.79,0.05264144509,271.7693453,-0.1212706022,0.7017162945
0.13,-0.44,-0.44,-0.7169353312,-13.25,-0.8039649764,258.5638584,-0.387759525,0.6015948572
0.131,-0.95,-0.95,-1.576437505,-30.09,-1.632101682,246.2152272,-0.6495705333,0.6909132234
0.132,-1.48,-1.48,-2.502079357,-47.38,-2.295037028,234.1531314,-0.918305056,0.778653281
0.133,-1.9,-1.9,-3.25908482,-60.78,-2.704974573,225.7057229,-1.114881546,0.8531957011
0.134,-2.19,-2.19,-3.793894636,-70.27,-2.952366723,218.7852212,-1.281488657,0.8960850798
0.135,-2.46,-2.46,-4.300717927,-79.01,-3.155604707,211.1456635,-1.471639856,0.9294338929
0.136,-2.64,-2.64,-4.643366323,-85.04,-3.28502433,205.9686822,-1.604448867,0.9496659734
0.137,-2.69,-2.69,-4.739223116,-86.53,-3.315893744,202.5158729,-1.694895225,0.9458037738
0.138,-2.53,-2.53,-4.433516998,-82.09,-3.222664721,199.7457837,-1.76857966,0.8882588508
0.139,-2.25,-2.25,-3.905780625,-73.61,-3.032503182,197.1556248,-1.83840832,0.8018582606
0.14,-2.02,-2.02,-3.479185057,-67.05,-2.871872832,193.5133999,-1.93816779,0.7233171879
0.141,-2.03,-2.03,-3.497603238,-67.4,-2.880784604,193.5195159,-1.937998707,0.7258270423
0.142,-2.24,-2.24,-3.887103539,-74.12,-3.044457697,195.3528796,-1.8875525,0.7881377742
0.143,-2.44,-2.44,-4.262881251,-80.78,-3.194399681,196.0547222,-1.868366048,0.8420064208
0.144,-2.51,-2.51,-4.395515564,-83.19,-3.246119757,195.2907073,-1.889255442,0.8559288062
0.145,-2.49,-2.49,-4.357561204,-82.51,-3.231649659,194.9859571,-1.897610612,0.8495496375
0.146,-2.42,-2.42,-4.225091649,-80.67,-3.192009306,193.9935328,-1.924910157,0.8257100153
0.147,-2.34,-2.34,-4.074403975,-78.16,-3.136715329,194.2848457,-1.916882289,0.8062383046
0.148,-2.22,-2.22,-3.849784673,-74.71,-3.058198193,196.040856,-1.868744447,0.7813739583
0.149,-2.1,-2.1,-3.62686002,-71.12,-2.973073263,199.4744313,-1.775852514,0.7637221953
0.15,-2.05,-2.05,-3.534474905,-69.52,-2.933912345,202.0128957,-1.708199245,0.7613937831
0.151,-2.07,-2.07,-3.571393646,-70.36,-2.954569584,202.5737296,-1.693367002,0.7683826101
0.152,-2.12,-2.12,-3.663896445,-71.89,-2.991643825,201.999816,-1.70854565,0.7795210096
0.153,-2.14,-2.14,-3.700979943,-72.5,-3.006231852,200.8034467,-1.740325903,0.7797187213
0.154,-2.15,-2.15,-3.719539345,-72.84,-3.014316172,198.5731339,-1.800080521,0.7725868021
0.155,-2.2,-2.2,-3.81251288,-74.67,-3.057269627,195.3196141,-1.888463598,0.7708690919
0.156,-2.29,-2.29,-3.980606652,-77.6,-3.124175293,191.4772184,-1.994759677,0.7776239931
0.157,-2.35,-2.35,-4.093198745,-79.65,-3.169714912,189.0723814,-2.062377929,0.7823253274
0.158,-2.36,-2.36,-4.112005283,-80.16,-3.180891462,187.9854175,-2.093223455,0.7796578852
0.159,-2.36,-2.36,-4.112005283,-80.08,-3.179142188,187.4694579,-2.107927675,0.7777474839
0.16,-2.35,-2.35,-4.093198745,-79.74,-3.171691558,187.2982267,-2.112816501,0.7745657115
0.161,-2.32,-2.32,-4.036849741,-78.8,-3.150953915,191.4924982,-1.994332765,0.7845723653
0.162,-2.26,-2.26,-3.924469479,-77.11,-3.11313935,197.1057128,-1.839762899,0.7923575476
0.163,-2.18,-2.18,-3.775288161,-74.75,-3.059126326,200.8080178,-1.740204116,0.7866280945
0.164,-2.09,-2.09,-3.60835946,-72.1,-2.996678165,200.5946519,-1.745891709,0.7608447647
0.165,-2.01,-2.01,-3.460778644,-69.69,-2.938110641,196.4338754,-1.858029593,0.721575783
0.166,-1.95,-1.95,-3.350587305,-67.83,-2.891677997,192.6732168,-1.961446623,0.6903979533
0.167,-1.9,-1.9,-3.25908482,-66.54,-2.858813947,189.3114907,-2.055616358,0.6631663526
0.168,-1.87,-1.87,-3.20432455,-65.6,-2.834513924,186.7142777,-2.129522517,0.645507862
0.169,-1.84,-1.84,-3.149670195,-64.53,-2.80648182,189.3368314,-2.054900268,0.6478960382
0.17,-1.78,-1.78,-3.040679233,-62.88,-2.7624572,194.8026845,-1.902641589,0.6517931067
0.171,-1.71,-1.71,-2.914058572,-60.72,-2.703307654,197.6057849,-1.826206733,0.6433490047
0.172,-1.64,-1.64,-2.788014563,-58.39,-2.637486208,198.2370864,-1.809142055,0.626995197
0.173,-1.57,-1.57,-2.662547206,-56.39,-2.579241016,198.7104849,-1.79638126,0.6084956694
0.174,-1.52,-1.52,-2.573280717,-54.94,-2.535965106,198.5134133,-1.801689767,0.5932423838
0.175,-1.5,-1.5,-2.5376565,-54.09,-2.510175365,197.025069,-1.841952245,0.5830841206
0.176,-1.5,-1.5,-2.5376565,-54.14,-2.511701147,194.1593917,-1.920338015,0.5725708656
0.177,-1.54,-1.54,-2.608952007,-55.45,-2.55128866,190.7459707,-2.015230336,0.5713218339
0.178,-1.59,-1.59,-2.69833618,-57.38,-2.608278556,191.9913331,-1.980414222,0.5880402787
0.179,-1.63,-1.63,-2.77005535,-58.79,-2.648939152,199.3681373,-1.778704132,0.625627489
0.18,-1.64,-1.64,-2.788014563,-59.04,-2.656064638,207.4665522,-1.565682749,0.6603935071
0.181,-1.62,-1.62,-2.752107905,-58.57,-2.642648004,212.9610753,-1.425837648,0.6764452772
0.182,-1.61,-1.61,-2.734172228,-58.05,-2.627700383,213.4746063,-1.412952269,0.6766659903
0.183,-1.59,-1.59,-2.69833618,-57.67,-2.616707599,205.861855,-1.607224404,0.6388209323
0.184,-1.59,-1.59,-2.69833618,-57.73,-2.618447227,199.954328,-1.762996912,0.6158554337
0.185,-1.64,-1.64,-2.788014563,-59.29,-2.663165197,199.3154933,-1.780117007,0.6274673621
0.186,-1.74,-1.74,-2.968253959,-62.78,-2.759757269,201.5184842,-1.72130902,0.6623990292
0.187,-1.81,-1.81,-3.095121756,-65.53,-2.832692234,204.5455297,-1.641543303,0.6917654939
0.188,-1.75,-1.75,-2.986342625,-63.68,-2.783925094,209.6374174,-1.509992877,0.6954819923
0.189,-1.53,-1.53,-2.591110478,-56.98,-2.596595332,219.7391492,-1.258212765,0.6721762569
0.19,-1.24,-1.24,-2.078825379,-47.92,-2.313141326,229.0874426,-1.035317756,0.6208304561
0.191,-1.02,-1.02,-1.696797377,-40.58,-2.054291705,229.8252456,-1.01811514,0.5522697554
0.192,-0.93,-0.93,-1.542154886,-37.53,-1.938200368,223.5616238,-1.165946985,0.496804665
0.193,-0.93,-0.93,-1.542154886,-37.79,-1.948302005,219.4519802,-1.265209057,0.4798971767
0.194,-0.98,-0.98,-1.627949697,-39.66,-2.019823652,220.6435772,-1.236237804,0.4999751136
0.195,-1.03,-1.03,-1.714038718,-41.48,-2.087559837,222.7437617,-1.185554938,0.5236720481
0.196,-1.03,-1.03,-1.714038718,-41.51,-2.08866117,222.8925307,-1.181982901,0.5240676394
0.197,-0.95,-0.95,-1.576437505,-38.8,-1.987176787,225.3291115,-1.123815983,0.5067313303
0.198,-0.76,-0.76,-1.252653219,-32.44,-1.732430652,233.7202325,-0.9282052118,0.4708097174
0.199,-0.52,-0.52,-0.8497350368,-23.42,-1.32784712,242.7524366,-0.7253474857,0.4138599596
0.2,-0.33,-0.33,-0.5355655338,-15.7,-0.9371658512,248.259511,-0.6053337708,0.3472062658
0.201,-0.3,-0.3,-0.48634818,-13.91,-0.8402999449,249.425883,-0.5802572795,0.3423643706
0.202,-0.38,-0.38,-0.6178298248,-18,-1.05809012,247.2558258,-0.6270070592,0.3666434391
0.203,-0.49,-0.49,-0.7998468842,-23.04,-1.309610961,244.4294782,-0.688514394,0.400298651
0.204,-0.53,-0.53,-0.8663879578,-24.92,-1.398862235,244.7226413,-0.682101572,0.4163397533
0.205,-0.5,-0.5,-0.8164645,-23.72,-1.342173603,240.9259827,-0.7657527384,0.3873306594
0.206,-0.43,-0.43,-0.7003883258,-20.94,-1.207012975,232.4267693,-0.9578956124,0.3235186603
0.207,-0.36,-0.36,-0.5848888032,-17.78,-1.046693248,229.0255816,-1.036762624,0.2807301134
0.208,-0.28,-0.28,-0.4535954528,-14.53,-0.8741277059,233.4958547,-0.9333438245,0.2509557939
0.209,-0.21,-0.21,-0.3393316122,-11.1,-0.6832501861,237.8409933,-0.8347003597,0.2235458943
0.21,-0.14,-0.14,-0.2256444232,-7.75,-0.4878350763,243.7981731,-0.702350088,0.1895876625
0.211,-0.08,-0.08,-0.1286572288,-4.68,-0.3006871903,247.6281777,-0.6189563529,0.1398990182
0.212,-0.03,-0.03,-0.0481581978,-1.8,-0.1178911993,247.542576,-0.6208060938,0.06519341312
0.213,0.02,0.02,0.0320466232,0.54,0.0359229268,248.320627,-0.6040168815,-0.05641078018
0.214,0.09,0.09,0.1438390998,2.18,0.1466135339,247.1726558,-0.628806953,-0.298301665
0.215,0.14,0.14,0.2233378168,3.49,0.2367695741,243.6191293,-0.7062805356,-0.4756817947
0.216,0.11,0.11,0.1756738918,2.9,0.1959724686,242.5662798,-0.7294517526,-0.3292984322
0.217,-0.01,-0.01,-0.0160409642,-0.36,-0.02380552739,247.4302981,-0.6232332433,0.02479134934
0.218,-0.24,-0.24,-0.3882312192,-9.08,-0.5665011204,248.0415079,-0.6100338094,0.3299784897
0.219,-0.58,-0.58,-0.9498290888,-21,-1.209987506,240.5895908,-0.773227873,0.4789339064
0.22,-0.97,-0.97,-1.610767198,-34.77,-1.828542159,228.2945856,-1.053865879,0.5588269172
0.221,-1.35,-1.35,-2.271975345,-47.96,-2.314476686,217.6805647,-1.308569474,0.6270898146
0.222,-1.63,-1.63,-2.77005535,-57.65,-2.616127395,211.8291847,-1.454348796,0.6805236585
0.223,-1.77,-1.77,-3.022555262,-62.37,-2.748648968,208.0479718,-1.550710484,0.7030245541
0.224,-1.77,-1.77,-3.022555262,-62.35,-2.748105507,205.6555239,-1.612589288,0.6931361638
0.225,-1.65,-1.65,-2.805985545,-58.8,-2.649224652,203.6665382,-1.664583345,0.6504660261
0.226,-1.46,-1.46,-2.466549287,-52.77,-2.469494259,205.8505983,-1.607516956,0.6049895762
0.227,-1.27,-1.27,-2.131361422,-47,-2.282210621,218.2534782,-1.294507306,0.5958986606
0.228,-1.2,-1.2,-2.00894208,-44.73,-2.20407776,231.3846013,-0.98193818,0.6305499149
0.229,-1.24,-1.24,-2.078825379,-46.09,-2.25120188,231.7368501,-0.9737997903,0.6445966829
0.23,-1.3,-1.3,-2.18400338,-48.22,-2.323137449,228.9907247,-1.037576936,0.6498628355
0.231,-1.3,-1.3,-2.18400338,-48.32,-2.326459729,230.6480926,-0.9989946576,0.6567533714
0.232,-1.24,-1.24,-2.078825379,-46.15,-2.253259222,234.5627663,-0.9089537723,0.6573957488
0.233,-1.13,-1.13,-1.88709939,-42.57,-2.127263144,240.2590127,-0.7805840073,0.648967876
0.234,-0.99,-0.99,-1.645143964,-38.13,-1.961453412,243.8816306,-0.7005189767,0.6180169153
0.235,-0.85,-0.85,-1.405495145,-33.06,-1.758328118,246.8231696,-0.6363768603,0.5869178699
0.236,-0.71,-0.71,-1.168152932,-28.08,-1.543505053,247.0252209,-0.6319991025,0.5369573436
0.237,-0.6,-0.6,-0.98328792,-23.99,-1.355014463,245.6614075,-0.6616180122,0.4875890535
0.238,-0.52,-0.52,-0.8497350368,-20.82,-1.20105623,243.1946832,-0.7156097184,0.4433401854
0.239,-0.46,-0.46,-0.7500646472,-18.28,-1.072543774,243.8162476,-0.7019534675,0.4226913571
0.24,-0.42,-0.42,-0.6838530888,-16.32,-0.9701514024,249.6649913,-0.5751310409,0.4425424567
0.241,-0.38,-0.38,-0.6178298248,-14.58,-0.8768429335,257.5250198,-0.4092976518,0.480375032
0.242,-0.39,-0.39,-0.6343179882,-14.89,-0.8936347933,268.1587601,-0.1928242721,0.5838397491
0.243,-0.53,-0.53,-0.8663879578,-19.76,-1.14799135,275.7076837,-0.04429760505,0.7266593839
0.244,-0.79,-0.79,-1.303494612,-28.94,-1.581730906,266.6296438,-0.223418783,0.7220977962
0.245,-1.08,-1.08,-1.800421949,-38.64,-1.981057025,249.4064809,-0.5806734572,0.7028147422
0.246,-1.26,-1.26,-2.113837639,-44.66,-2.201626598,232.9290746,-0.9463460241,0.6714917481
0.247,-1.33,-1.33,-2.236751254,-47.03,-2.283225838,221.1119195,-1.224893827,0.6375926329
0.248,-1.42,-1.42,-2.395630369,-50.03,-2.382524325,216.2337101,-1.344247955,0.6428164076
0.249,-1.59,-1.59,-2.69833618,-55.7,-2.558759454,213.8981608,-1.402347864,0.6812075422
0.25,-1.78,-1.78,-3.040679233,-62.34,-2.74783372,209.9275185,-1.50259454,0.7153818502
0.251,-1.93,-1.93,-3.313951006,-67.38,-2.880276453,206.5438462,-1.589529906,0.7414081819
0.252,-2,-2,-3.442384,-69.52,-2.933912345,205.4301605,-1.618455192,0.7561744459
0.253,-1.99,-1.99,-3.424001124,-69.49,-2.933170532,199.9345068,-1.763527276,0.7290230848
0.254,-1.97,-1.97,-3.387270678,-68.73,-2.914283315,196.1541613,-1.865653212,0.708643443
0.255,-1.96,-1.96,-3.368923107,-68.44,-2.907027918,196.0659199,-1.868060491,0.7055205723
0.256,-1.98,-1.98,-3.405630017,-68.98,-2.920516401,198.3024027,-1.807379596,0.7203267624
0.257,-1.99,-1.99,-3.424001124,-69.32,-2.928961593,201.2719874,-1.727857129,0.7352661396
0.258,-1.97,-1.97,-3.387270678,-68.83,-2.916778938,203.4395857,-1.670548355,0.7383974288
0.259,-1.94,-1.94,-3.332263271,-67.92,-2.893950341,204.6386138,-1.639109191,0.7351024727
0.26,-1.92,-1.92,-3.295650509,-67.42,-2.881292622,205.6670612,-1.612289162,0.7334128246
0.261,-1.92,-1.92,-3.295650509,-67.31,-2.878496884,207.2816224,-1.570453715,0.7407703087
0.262,-1.9,-1.9,-3.25908482,-66.78,-2.864970168,209.8602427,-1.504309337,0.7459089802
0.263,-1.86,-1.86,-3.186094663,-65.44,-2.830347572,216.3605392,-1.3411109,0.7637843418
0.264,-1.8,-1.8,-3.07696248,-63.74,-2.785525826,222.3921308,-1.194007302,0.7731968503
0.265,-1.76,-1.76,-3.004443059,-62.52,-2.752720196,219.9888416,-1.252136945,0.7501998084
0.266,-1.76,-1.76,-3.004443059,-62.47,-2.751364047,209.7902671,-1.506093534,0.7056894878
0.267,-1.77,-1.77,-3.022555262,-62.93,-2.763805788,203.8529385,-1.659689142,0.6832957447
0.268,-1.74,-1.74,-2.968253959,-61.99,-2.738297715,194.848149,-1.901393112,0.639752533
0.269,-1.68,-1.68,-2.859969101,-60.24,-2.689922246,189.7911343,-2.042078626,0.6043889632
0.27,-1.68,-1.68,-2.859969101,-60.28,-2.691041107,192.9468072,-1.953855165,0.615722921
0.271,-1.75,-1.75,-2.986342625,-62.42,-2.750006971,194.5425786,-1.909789829,0.6408740023
0.272,-1.82,-1.82,-3.113292801,-65.01,-2.819106472,190.0959263,-2.033493773,0.6415720736
0.273,-1.86,-1.86,-3.186094663,-66.44,-2.856243126,189.6455232,-2.046184814,0.6499013759
0.274,-1.88,-1.88,-3.222566205,-66.84,-2.866506201,192.3038172,-1.97171367,0.6660644391
0.275,-1.89,-1.89,-3.240819628,-67.15,-2.874423202,194.8823232,-1.900454864,0.6787230131
0.276,-1.84,-1.84,-3.149670195,-65.83,-2.840487587,196.2522821,-1.862977688,0.6696488677
0.277,-1.71,-1.71,-2.914058572,-61.82,-2.733649404,196.0051497,-1.869718967,0.6330274567
0.278,-1.53,-1.53,-2.591110478,-56.25,-2.575101615,197.8658897,-1.819169259,0.5896565214
0.279,-1.34,-1.34,-2.254357415,-50.55,-2.39929726,202.1464243,-1.704664112,0.5493125327
0.28,-1.2,-1.2,-2.00894208,-45.88,-2.243986856,207.1143973,-1.574771585,0.5260720496
0.281,-1.08,-1.08,-1.800421949,-41.97,-2.105487265,213.0534889,-1.42351654,0.510178523
0.282,-0.94,-0.94,-1.559290311,-37.35,-1.931184161,219.4909337,-1.264259498,0.487973026
0.283,-0.79,-0.79,-1.303494612,-32.09,-1.717706526,225.719734,-1.114549446,0.4602319229
0.284,-0.67,-0.67,-1.100764534,-27.9,-1.535443382,229.2422747,-1.031703101,0.4287891404
0.285,-0.66,-0.66,-1.083946855,-27.39,-1.512486738,229.9160148,-1.016002581,0.4286934681
0.286,-0.73,-0.73,-1.201917742,-30.11,-1.632970217,228.143836,-1.057399808,0.4467481167
0.287,-0.78,-0.78,-1.286535713,-31.72,-1.702058465,228.6095847,-1.04648908,0.4680783911
0.288,-0.75,-0.75,-1.235729625,-30.66,-1.656755457,231.1776812,-0.9867246619,0.4674631809
0.289,-0.7,-0.7,-1.15128818,-28.91,-1.580405513,233.2800028,-0.9382918437,0.4570966721
0.29,-0.7,-0.7,-1.15128818,-28.99,-1.583938602,231.5631865,-0.9778105842,0.4494148709
0.291,-0.79,-0.79,-1.303494612,-32.19,-1.721921151,222.8095787,-1.183974337,0.4485689928
0.292,-0.93,-0.93,-1.542154886,-37.41,-1.93352497,213.7351713,-1.406426096,0.4617297845
0.293,-1.07,-1.07,-1.783121766,-42.77,-2.134478977,207.9104389,-1.554248343,0.4833975546
0.294,-1.16,-1.16,-1.939247075,-46.05,-2.249829309,206.5550627,-1.589239379,0.5051347691
0.295,-1.17,-1.17,-1.956653174,-46.44,-2.26317747,209.3843817,-1.516454311,0.5176835436
0.296,-1.12,-1.12,-1.869740365,-44.97,-2.212462562,212.0801613,-1.448013832,0.5107915374
0.297,-1.07,-1.07,-1.783121766,-43.07,-2.145262831,213.5506206,-1.411047574,0.5013965494
0.298,-1.02,-1.02,-1.696797377,-41.41,-2.08498816,215.5093774,-1.362199294,0.4922266048
0.299,-0.96,-0.96,-1.593596467,-39.46,-2.012268357,220.7592385,-1.233434072,0.4909866207
0.3,-0.92,-0.92,-1.525031229,-38.06,-1.958751168,228.8711577,-1.040371157,0.5084925066
0.301,-0.94,-0.94,-1.559290311,-39.15,-2.00051341,235.1837808,-0.8948081463,0.5385551418
0.302,-1.04,-1.04,-1.731291827,-42.79,-2.135199388,237.6527374,-0.8389366679,0.58211588
0.303,-1.11,-1.11,-1.852393108,-45.58,-2.233640897,237.6155492,-0.8397739085,0.6027149686
0.304,-1.07,-1.07,-1.783121766,-44.22,-2.186161207,239.178897,-0.8046898546,0.5961920969
0.305,-0.93,-0.93,-1.542154886,-39.42,-2.010754615,243.266171,-0.7140373005,0.5659716168
0.306,-0.78,-0.78,-1.286535713,-34.34,-1.811052112,247.6849409,-0.6177301256,0.529704019
0.307,-0.69,-0.69,-1.134435196,-31.24,-1.681631171,245.6755918,-0.661309117,0.4841929613
0.308,-0.65,-0.65,-1.067140945,-29.84,-1.621223509,235.073605,-0.8973150327,0.4237143595
0.309,-0.63,-0.63,-1.03356443,-29.1,-1.588789859,227.6990232,-1.067840902,0.3890508403
0.31,-0.63,-0.63,-1.03356443,-29.03,-1.585703598,228.0664272,-1.059215361,0.3907735721
0.311,-0.62,-0.62,-1.016793825,-28.79,-1.575098129,232.8572529,-0.9479959051,0.4029948195
0.312,-0.56,-0.56,-0.9164173312,-26.32,-1.463765073,237.3469796,-0.8458242691,0.396787998
0.313,-0.41,-0.41,-0.6673296202,-20.31,-1.175625491,241.9417847,-0.7432432703,0.3477724135
0.314,-0.28,-0.28,-0.4535954528,-14.96,-0.8974163772,249.3442984,-0.5820074956,0.3066027669
0.315,-0.26,-0.26,-0.4208897992,-14.15,-0.8534295104,255.0519542,-0.4609230829,0.3202259434
0.316,-0.34,-0.34,-0.5519948552,-17.67,-1.04098144,256.3271687,-0.4342406803,0.3741774527
0.317,-0.55,-0.55,-0.899729105,-26.61,-1.477045032,259.2811247,-0.3729389606,0.486344265
0.318,-0.71,-0.71,-1.168152932,-33.64,-1.782341839,254.1961975,-0.478903719,0.5165971152
0.319,-0.69,-0.69,-1.134435196,-32.72,-1.744155528,244.2526514,-0.6923861268,0.465592367
0.32,-0.46,-0.46,-0.7500646472,-24.25,-1.367332459,241.2513482,-0.7585325507,0.3528279753
0.321,-0.03,-0.03,-0.0481581978,-5.28,-0.3378816095,248.5687175,-0.5986745073,0.05142051494
0.322,0.36,0.36,0.5696369568,7.55,0.5262015464,252.2828799,-0.5193251227,82.83913018
0.323,0.57,0.57,0.8948817942,13.17,0.9526555674,255.7990567,-0.4452746809,1.763727838
0.324,0.63,0.63,0.9868556502,14.89,1.089358412,258.6373304,-0.3862395156,1.403540219
0.325,0.57,0.57,0.8948817942,13.51,0.9794444752,260.372532,-0.3504661563,1.422754596
0.326,0.47,0.47,0.7406505622,10.93,0.7790117743,262.3210618,-0.3105778431,1.581120651
0.327,0.39,0.39,0.6164182518,9.06,0.6377907968,264.531056,-0.2656941352,1.656607853
0.328,0.26,0.26,0.4129343608,5.62,0.3867063448,266.6335333,-0.2233407382,2.527670111
0.329,0.02,0.02,0.0320466232,-0.56,-0.03698152532,270.4863092,-0.1465880185,-0.1745748371
0.33,-0.22,-0.22,-0.3556197128,-9.26,-0.5770373704,272.1765298,-0.1132608439,0.5151682352
0.331,-0.38,-0.38,-0.6178298248,-14.55,-0.875214026,269.1335084,-0.1734124571,0.5891800701
0.332,-0.41,-0.41,-0.6673296202,-15.45,-0.9237833285,269.1870934,-0.1723473686,0.6088047912
0.333,-0.41,-0.41,-0.6673296202,-15.7,-0.9371658512,273.589815,-0.08555267574,0.6525056529
0.334,-0.58,-0.58,-0.9498290888,-21.37,-1.228273985,282.5418272,0.08669935441,0.8320341597
0.335,-0.99,-0.99,-1.645143964,-34.86,-1.832188857,290.0202514,0.2264635696,1.02454883
0.336,-1.45,-1.45,-2.448801905,-49.71,-2.372139063,285.5781535,0.1438862202,1.098978472
0.337,-1.79,-1.79,-3.058814972,-60.91,-2.708581485,276.7540644,-0.02403143015,1.119373679
0.338,-1.96,-1.96,-3.368923107,-66.56,-2.859327706,261.0794778,-0.3359598841,1.054341123
0.339,-2.04,-2.04,-3.516033187,-68.87,-2.917776295,245.716509,-0.660418149,0.9826277589
0.34,-2.15,-2.15,-3.719539345,-72.67,-3.01027816,238.551305,-0.8187464043,0.9714064985
0.341,-2.24,-2.24,-3.887103539,-75.46,-3.075529277,239.0508783,-0.8075541697,1.001035283
0.342,-2.27,-2.27,-3.943170102,-76.49,-3.099089112,242.6207981,-0.7282494418,1.030264255
0.343,-2.26,-2.26,-3.924469479,-76.1,-3.090200805,234.5465928,-0.909322677,0.9812342638
0.344,-2.15,-2.15,-3.719539345,-73.09,-3.020239435,212.3754493,-1.440569986,0.833826105
0.345,-2.04,-2.04,-3.516033187,-69.82,-2.941315025,203.4074388,-1.671393812,0.762249106
0.346,-1.96,-1.96,-3.368923107,-67.19,-2.875442418,203.6637181,-1.664657426,0.7420372289
0.347,-1.96,-1.96,-3.368923107,-67.39,-2.880530545,208.3937827,-1.541825261,0.7617937712
0.348,-2.04,-2.04,-3.516033187,-69.84,-2.941807541,213.9895854,-1.40006165,0.8097971248
0.349,-2.08,-2.08,-3.589870669,-71.17,-2.9742845,219.0373873,-1.27532594,0.8447528826
0.35,-2.08,-2.08,-3.589870669,-71.35,-2.978638763,222.1132134,-1.20072132,0.8589522314
0.351,-2.11,-2.11,-3.645372348,-72.16,-2.998114182,221.974584,-1.204061504,0.8674964164
0.352,-2.15,-2.15,-3.719539345,-73.59,-3.032032904,220.0570887,-1.250477471,0.8685418175
0.353,-2.16,-2.16,-3.738110515,-74.06,-3.04305502,216.4657625,-1.338509649,0.8531451199
0.354,-2.15,-2.15,-3.719539345,-73.58,-3.031797723,212.6051707,-1.43478615,0.832748125
0.355,-2.1,-2.1,-3.62686002,-72.19,-2.998831796,209.9651838,-1.501634725,0.805885346
0.356,-2.07,-2.07,-3.571393646,-71.39,-2.979605064,208.0686722,-1.550178194,0.7884248412
0.357,-2.21,-2.21,-3.831142892,-75.92,-3.086085252,203.8292653,-1.660310467,0.8071688747
0.358,-2.42,-2.42,-4.225091649,-83.01,-3.242298582,199.2457918,-1.781988253,0.8409336065
0.359,-2.47,-2.47,-4.319653918,-84.63,-3.276458879,193.5358711,-1.937546573,0.8284713082
0.36,-2.23,-2.23,-3.868438222,-77.66,-3.125522543,188.6552188,-2.07419502,0.7439708359
0.361,-1.77,-1.77,-3.022555262,-64.11,-2.795368408,185.5639203,-2.162586132,0.6096375506
0.362,-1.38,-1.38,-2.324899745,-52.24,-2.452940514,185.5629659,-2.162613649,0.5037097741
0.363,-1.2,-1.2,-2.00894208,-46.57,-2.267609861,188.0147675,-2.092388228,0.4607667341
0.364,-1.15,-1.15,-1.921852745,-44.76,-2.205127484,193.9426802,-1.926312768,0.4651774268
0.365,-1.19,-1.19,-1.991500676,-46.23,-2.25599952,199.1559194,-1.784401985,0.4928967267
0.366,-1.35,-1.35,-2.271975345,-51.76,-2.437838289,203.9879465,-1.656147109,0.554954433
0.367,-1.61,-1.61,-2.734172228,-61.18,-2.716052075,206.0708119,-1.601796724,0.633225561
0.368,-1.85,-1.85,-3.167876545,-69.67,-2.937617192,205.9663154,-1.604510344,0.697443328
0.369,-1.93,-1.93,-3.313951006,-72.34,-3.002415946,206.0191071,-1.603139249,0.7195551602
0.37,-1.81,-1.81,-3.095121756,-68.99,-2.920765311,204.0833103,-1.653646585,0.6766163228
0.371,-1.57,-1.57,-2.662547206,-61.78,-2.732554106,202.5381016,-1.694308024,0.6014524798
0.372,-1.35,-1.35,-2.271975345,-54.9,-2.534758516,200.7982571,-1.740464169,0.5314285388
0.373,-1.23,-1.23,-2.061336902,-51.14,-2.418174768,200.4781923,-1.748998671,0.4946606932
0.374,-1.19,-1.19,-1.991500676,-49.98,-2.380904825,204.075113,-1.65386148,0.4935851362
0.375,-1.2,-1.2,-2.00894208,-50.12,-2.385436447,211.9064847,-1.452396848,0.5234573588
0.376,-1.19,-1.19,-1.991500676,-50.03,-2.382524325,218.7649529,-1.281984306,0.5434564022
0.377,-1.16,-1.16,-1.939247075,-49.06,-2.350893876,224.2352898,-1.149849885,0.5539528762
0.378,-1.1,-1.1,-1.83505762,-47.09,-2.28525493,227.8915797,-1.063318522,0.5480117568
0.379,-1.03,-1.03,-1.714038718,-44.92,-2.210718174,229.1745177,-1.033284633,0.5283715274
0.38,-1.01,-1.01,-1.679567804,-44.08,-2.181219309,228.8900691,-1.039929111,0.5214189429
0.381,-1.03,-1.03,-1.714038718,-45.02,-2.214205664,227.461383,-1.073427396,0.5213594968
0.382,-1.06,-1.06,-1.765833351,-46.22,-2.255657159,226.3396725,-1.099875829,0.5262452664
0.383,-1.05,-1.05,-1.748556705,-45.65,-2.236059045,229.037009,-1.036495688,0.5343093845
0.384,-0.97,-0.97,-1.610767198,-43.03,-2.143827743,234.657414,-0.9067954471,0.5280125068
0.385,-0.85,-0.85,-1.405495145,-39.3,-2.006208015,239.0241071,-0.8081533473,0.4994010947
0.386,-0.73,-0.73,-1.201917742,-35.16,-1.844309623,240.3703995,-0.7781042614,0.4583249612
0.387,-0.6,-0.6,-0.98328792,-30.38,-1.644670562,242.6019104,-0.7286659473,0.4143061534
0.388,-0.47,-0.47,-0.7666469578,-25.64,-1.432405519,245.3018554,-0.6694540538,0.3647469925
0.389,-0.39,-0.39,-0.6343179882,-22.64,-1.290306744,246.1442834,-0.6511122909,0.3267290455
0.39,-0.39,-0.39,-0.6343179882,-22.47,-1.282068703,247.7401258,-0.6165382624,0.3340965244
0.391,-0.44,-0.44,-0.7169353312,-24.96,-1.40073495,251.1461126,-0.5434862884,0.3687519286
0.392,-0.47,-0.47,-0.7666469578,-26.18,-1.457333993,255.9464007,-0.4421938894,0.4035986863
0.393,-0.38,-0.38,-0.6178298248,-22.64,-1.290306744,261.8979023,-0.3192150881,0.3838592385
0.394,-0.21,-0.21,-0.3393316122,-15.61,-0.9323535792,266.904607,-0.2179044095,0.2950047863
0.395,-0.01,-0.01,-0.0160409642,-5.96,-0.3796700283,265.1799605,-0.2525864582,0.02537097609
0.396,0.22,0.22,0.3499238072,3.24,0.2194440285,265.678616,-0.242535541,-15.15378461
0.397,0.46,0.46,0.7251627128,9.5,0.6707161892,269.7071637,-0.1620211234,1.425535181
0.398,0.66,0.66,1.032683705,14.87,1.087751843,273.8899761,-0.07968629791,1.02442119
0.399,0.75,0.75,1.169532375,16.53,1.222470909,276.7793846,-0.02354198085,0.9754809874
0.4,0.75,0.75,1.169532375,16.46,1.216733581,279.2486882,0.02397670216,0.9426313228
0.401,0.79,0.79,1.230048028,17.31,1.286739346,281.9160475,0.07483691876,0.903400022
0.402,0.9,0.9,1.39549518,19.36,1.45863237,281.2671458,0.06250833469,0.9174004585
0.403,0.96,0.96,1.485138893,20.45,1.55180694,277.7558159,-0.004701292118,0.9599466557
0.404,0.89,0.89,1.380513372,19.19,1.444212368,276.7871485,-0.02339191056,0.9716311197
0.405,0.72,0.72,1.124022067,16.3,1.203638408,278.5424101,0.01042829723,0.9258322155
0.406,0.58,0.58,0.9102401912,13.45,0.9747086845,280.3477119,0.04499107732,0.8926550984
0.407,0.51,0.51,0.8024842758,11.8,0.8458692314,282.6984874,0.08966493165,0.8577819042
0.408,0.48,0.48,0.7561266432,11.14,0.795082191,283.674074,0.1080958872,0.8371844505
0.409,0.44,0.44,0.6941517088,10.24,0.7265104923,281.4927808,0.06679843101,0.8750080686
0.41,0.38,0.38,0.6008362552,8.63,0.6057927298,279.8882139,0.03621507962,0.9358706333
0.411,0.29,0.29,0.4600687078,6.55,0.4534886908,281.6466131,0.06972134088,0.8793193555
0.412,0.19,0.19,0.3025423238,4.2,0.286285154,280.0423263,0.03916009266,0.9296258799
0.413,0.08,0.08,0.1279040512,1.66,0.1112559608,275.2878938,-0.05244967322,2.17500639
0.414,-0.02,-0.02,-0.0320936968,-1.38,-0.09063656521,270.0608996,-0.1550088996,0.1306504756
0.415,-0.14,-0.14,-0.2256444232,-5.37,-0.3434346626,270.5450627,-0.145426048,0.461572015
0.416,-0.3,-0.3,-0.48634818,-10.75,-0.6632546824,273.5010948,-0.08728786583,0.6479954816
0.417,-0.54,-0.54,-0.8830526472,-18.69,-1.09360443,273.0132381,-0.09683943281,0.7417843672
0.418,-0.88,-0.88,-1.456654285,-29.41,-1.602419676,273.0701627,-0.09572404649,0.8577921087
0.419,-1.24,-1.24,-2.078825379,-40.9,-2.066171118,273.7221838,-0.0829648536,0.9672842511
0.42,-1.54,-1.54,-2.608952007,-50.22,-2.388667655,272.7807481,-0.1013972757,1.047744569
0.421,-1.73,-1.73,-2.950177062,-56.29,-2.576285143,271.6328919,-0.1239574737,1.092559996
0.422,-1.84,-1.84,-3.149670195,-59.7,-2.674756488,268.7814543,-0.1804153842,1.103145568
0.423,-1.92,-1.92,-3.295650509,-62.49,-2.751906617,268.7676889,-0.1806893879,1.123799699
0.424,-2.05,-2.05,-3.534474905,-66.55,-2.859070843,269.2319711,-0.1714555139,1.166290766
0.425,-2.23,-2.23,-3.868438222,-72.07,-2.995959763,269.4948129,-0.1662350438,1.223339629
0.426,-2.41,-2.41,-4.2062145,-78.1,-3.13537541,268.9995254,-0.1760765155,1.270202496
0.427,-2.57,-2.57,-4.509661086,-83.16,-3.245483348,260.3254293,-0.3514340863,1.253757187
0.428,-2.68,-2.68,-4.720028221,-86.71,-3.319596321,252.361072,-0.5176672116,1.230050577
0.429,-2.75,-2.75,-4.854639625,-88.99,-3.366029317,245.3044954,-0.6693964746,1.20300555
0.43,-2.8,-2.8,-4.95114368,-90.32,-3.392740913,232.9069494,-0.946854229,1.140922947
0.431,-2.81,-2.81,-4.970479796,-90.84,-3.403114974,223.5982826,-1.165069783,1.088064529
0.432,-2.81,-2.81,-4.970479796,-90.81,-3.402517497,223.0635663,-1.177879178,1.085163611
0.433,-2.82,-2.82,-4.989827681,-91.13,-3.408884206,218.9724588,-1.276912056,1.064883619
0.434,-2.86,-2.86,-5.067336903,-92.37,-3.433426305,211.1968805,-1.470342279,1.033355636
0.435,-2.91,-2.91,-5.16448822,-94.07,-3.466761943,207.9702637,-1.552709139,1.02889092
0.436,-2.95,-2.95,-5.242421105,-95.36,-3.491840255,209.029611,-1.525526779,1.044855014
0.437,-2.92,-2.92,-5.183953789,-94.55,-3.47611418,208.3971174,-1.541739654,1.033101792
0.438,-2.74,-2.74,-4.835374119,-89.21,-3.37046598,205.2942408,-1.621996109,0.9685349697
0.439,-2.46,-2.46,-4.300717927,-81.05,-3.20025567,201.5219512,-1.721216975,0.8738680955
0.44,-2.25,-2.25,-3.905780625,-74.91,-3.062834544,200.8636924,-1.738721019,0.8134406807
0.441,-2.18,-2.18,-3.775288161,-72.96,-3.017161559,201.4683606,-1.722639888,0.7965076604
0.442,-2.21,-2.21,-3.831142892,-73.76,-3.036026711,201.6592834,-1.717572326,0.8059457396
0.443,-2.17,-2.17,-3.756693454,-72.62,-3.009088933,201.8334765,-1.712952995,0.7955654591
0.444,-2.03,-2.03,-3.497603238,-68.56,-2.910033422,201.3199219,-1.726583135,0.7543438614
0.445,-1.92,-1.92,-3.295650509,-65.14,-2.822511737,199.8377798,-1.766116197,0.7182213411
0.446,-1.9,-1.9,-3.25908482,-64.47,-2.804898025,199.7193315,-1.769288203,0.7124950006
0.447,-1.93,-1.93,-3.313951006,-65.7,-2.837113405,200.7505356,-1.741735796,0.7237519429
0.448,-1.96,-1.96,-3.368923107,-66.47,-2.857014727,202.69903,-1.690058825,0.740899189
0.449,-1.93,-1.93,-3.313951006,-65.76,-2.838671442,205.4033408,-1.619153699,0.7434008515
0.45,-1.88,-1.88,-3.222566205,-64.02,-2.792978784,205.3638941,-1.62018124,0.7302173925
0.451,-1.82,-1.82,-3.113292801,-62.43,-2.750278461,202.4414478,-1.696861723,0.7000662611
0.452,-1.83,-1.83,-3.131475614,-62.72,-2.758135543,202.5646238,-1.693607494,0.7034268573
0.453,-1.87,-1.87,-3.20432455,-63.9,-2.789788106,203.8509017,-1.659742596,0.7201488796
0.454,-1.93,-1.93,-3.313951006,-65.98,-2.844373667,201.623295,-1.718527181,0.7262816169
0.455,-2.05,-2.05,-3.534474905,-69.74,-2.939343718,197.6371166,-1.825358523,0.7418039419
0.456,-2.18,-2.18,-3.775288161,-74.19,-3.046092902,193.4358335,-1.940312674,0.7571161438
0.457,-2.3,-2.3,-3.99934258,-78.21,-3.137831261,193.5902495,-1.936043579,0.7882225529
0.458,-2.34,-2.34,-4.074403975,-79.37,-3.16355341,200.5816516,-1.746238447,0.829852689
0.459,-2.27,-2.27,-3.943170102,-77.42,-3.120128207,205.7424504,-1.610328428,0.8335707113
0.46,-2.19,-2.19,-3.793894636,-75.13,-3.067922116,204.0801454,-1.653729552,0.8035100645
0.461,-2.15,-2.15,-3.719539345,-73.97,-3.040949143,198.0312876,-1.814699015,0.7660232423
0.462,-2.17,-2.17,-3.756693454,-74.45,-3.052154758,192.5362246,-1.96525187,0.7487321105
0.463,-2.21,-2.21,-3.831142892,-75.69,-3.080814204,192.2730483,-1.972569744,0.7581341397
0.464,-2.23,-2.23,-3.868438222,-76.34,-3.095675163,196.7560962,-1.849260896,0.7823029813
0.465,-2.2,-2.2,-3.81251288,-75.46,-3.075529277,203.8212906,-1.660519787,0.8049986028
0.466,-2.1,-2.1,-3.62686002,-72.73,-3.011704286,209.0041147,-1.526179384,0.7992404134
0.467,-1.97,-1.97,-3.387270678,-68.64,-2.912034524,207.5135097,-1.564471979,0.7566772605
0.468,-1.83,-1.83,-3.131475614,-64.47,-2.804898025,204.2295012,-1.649815592,0.7029577841
0.469,-1.71,-1.71,-2.914058572,-60.92,-2.708858671,203.3876204,-1.671915098,0.6651926636
0.47,-1.6,-1.6,-2.71624832,-57.64,-2.615837232,204.7187612,-1.637014257,0.6386887309
0.471,-1.49,-1.49,-2.519862044,-54.11,-2.51078581,210.282756,-1.493548968,0.62928356
0.472,-1.35,-1.35,-2.271975345,-49.92,-2.378959864,222.2435266,-1.19758341,0.635243354
0.473,-1.21,-1.21,-2.026395252,-45.39,-2.227064769,236.3635775,-0.8680370256,0.6547103735
0.474,-1.1,-1.1,-1.83505762,-41.67,-2.094526705,244.6256537,-0.6842222849,0.6603898469
0.475,-1.04,-1.04,-1.731291827,-39.86,-2.02735664,241.0235142,-0.7635873941,0.6203248097
0.476,-1.05,-1.05,-1.748556705,-39.98,-2.031865753,234.1772624,-0.9177537316,0.5928075517
0.477,-1.07,-1.07,-1.783121766,-40.7,-2.058753072,233.1777109,-0.9406383002,0.5944945305
0.478,-1.06,-1.06,-1.765833351,-40.49,-2.050940481,237.1034768,-0.8513158436,0.6084346638
0.479,-1.02,-1.02,-1.696797377,-39.1,-1.9986124,237.8227345,-0.8351110893,0.5987872081
0.48,-0.96,-0.96,-1.593596467,-37.01,-1.917880312,227.9233201,-1.062573432,0.5346825028
0.481,-0.89,-0.89,-1.473730868,-34.78,-1.828947586,220.5455227,-1.238615885,0.4804239202
0.482,-0.83,-0.83,-1.371447894,-32.6,-1.739136492,222.6130283,-1.188695896,0.4684174885
0.483,-0.77,-0.77,-1.269588582,-30.33,-1.642507322,225.545835,-1.118672781,0.4597992649
0.484,-0.7,-0.7,-1.15128818,-27.85,-1.533200271,229.8592966,-1.01732254,0.4513930146
0.485,-0.64,-0.64,-1.050346803,-25.33,-1.418006195,231.5697732,-0.9776584082,0.4384364998
0.486,-0.58,-0.58,-0.9498290888,-23.23,-1.318741538,232.0913053,-0.965622902,0.4157957776
0.487,-0.54,-0.54,-0.8830526472,-21.63,-1.241065966,232.2368168,-0.962269729,0.4007798944
0.488,-0.52,-0.52,-0.8497350368,-20.78,-1.19906837,233.3316327,-0.9371079028,0.3977832015
0.489,-0.57,-0.57,-0.9331173258,-22.66,-1.2912746,239.1388096,-0.8055866121,0.4450067179
0.49,-0.78,-0.78,-1.286535713,-29.84,-1.621223509,244.566583,-0.6855143246,0.5577294889
0.491,-1.1,-1.1,-1.83505762,-41.24,-2.078731569,244.4695676,-0.6876370002,0.6633453113
0.492,-1.36,-1.36,-2.289605043,-50.33,-2.392216543,244.9979731,-0.6760857931,0.7462123326
0.493,-1.36,-1.36,-2.289605043,-50.24,-2.389313331,243.0752827,-0.7182370346,0.7367877504
0.494,-1.11,-1.11,-1.852393108,-42.26,-2.116036381,239.7264862,-0.7924552737,0.6368913265
0.495,-0.83,-0.83,-1.371447894,-32.83,-1.748748536,238.5102395,-0.8196674619,0.5339664193
0.496,-0.71,-0.71,-1.168152932,-28.54,-1.564011148,238.0142607,-0.8308042972,0.487784115
0.497,-0.73,-0.73,-1.201917742,-29.19,-1.59275327,237.0253398,-0.8530792181,0.4914145788
0.498,-0.71,-0.71,-1.168152932,-28.69,-1.570668195,235.4411566,-0.8889565193,0.4749313689
0.499,-0.58,-0.58,-0.9498290888,-23.55,-1.334062883,232.3914323,-0.9587090622,0.4142710707
0.5,-0.42,-0.42,-0.6838530888,-17.19,-1.015952553,230.478464,-1.002930728,0.3387283927
0.501,-0.42,-0.42,-0.6838530888,-16.9,-1.000748161,229.4809793,-1.02613517,0.3373914414
0.502,-0.61,-0.61,-1.000034988,-23.62,-1.337405003,230.4779819,-1.002941918,0.4273020291
0.503,-0.91,-0.91,-1.50791934,-33.64,-1.782341839,231.4457692,-0.9805240626,0.5457808644
0.504,-1.16,-1.16,-1.939247075,-41.92,-2.103663878,232.4207206,-0.9580348448,0.6333892556
0.505,-1.29,-1.29,-2.166444292,-46.47,-2.264201082,233.6357606,-0.9301391758,0.6782133766
0.506,-1.36,-1.36,-2.289605043,-48.63,-2.336727903,234.500566,-0.9103726496,0.7051229262
0.507,-1.4,-1.4,-2.36024152,-50.16,-2.386729496,235.970622,-0.8769388279,0.7231866984
0.508,-1.47,-1.47,-2.484308438,-52.34,-2.456073599,237.3739488,-0.8452163949,0.7525265707
0.509,-1.56,-1.56,-2.644670371,-55.3,-2.546793344,238.2043781,-0.8265326109,0.7839949079
0.51,-1.65,-1.65,-2.805985545,-58.35,-2.636337365,237.8424405,-0.8346678046,0.8084071926
0.511,-1.71,-1.71,-2.914058572,-60.4,-2.694393962,234.9726584,-0.8996129525,0.8108105081
0.512,-1.72,-1.72,-2.932111933,-60.78,-2.704974573,235.775378,-0.8813672925,0.8175773651
0.513,-1.69,-1.69,-2.877987156,-59.84,-2.678699315,239.1042497,-0.8063598408,0.8258072611
0.514,-1.65,-1.65,-2.805985545,-58.49,-2.640355486,239.4383666,-0.7988891355,0.8158726273
0.515,-1.55,-1.55,-2.626805305,-55.59,-2.555475594,239.6797373,-0.7934986759,0.7843611487
0.516,-1.39,-1.39,-2.342564748,-50.59,-2.400582225,242.0024736,-0.7419014377,0.7454500961
0.517,-1.23,-1.23,-2.061336902,-45.29,-2.223596247,245.1380859,-0.673027036,0.7116344447
0.518,-1.12,-1.12,-1.869740365,-41.74,-2.097088518,246.0350928,-0.653486099,0.6797635496
0.519,-1.11,-1.11,-1.852393108,-41.35,-2.082781747,245.5571937,-0.6638880562,0.6744141965
0.52,-1.14,-1.14,-1.904470183,-42.57,-2.127263144,246.5846212,-0.6415500028,0.687829074
0.521,-1.15,-1.15,-1.921852745,-42.85,-2.137359345,245.2222613,-0.6711902706,0.6842865564
0.522,-1.13,-1.13,-1.88709939,-42.27,-2.116399338,243.3815919,-0.711499523,0.6673150217
0.523,-1.11,-1.11,-1.852393108,-41.48,-2.087559837,243.0267912,-0.7193044223,0.6599510831
0.524,-1.1,-1.1,-1.83505762,-41.04,-2.071350716,240.2292102,-0.78124768,0.6432933646
0.525,-1.09,-1.09,-1.8177339,-41.01,-2.070241704,236.4059121,-0.8670788846,0.6188408262
0.526,-1.1,-1.1,-1.83505762,-41.32,-2.081677806,233.7929,-0.9265420657,0.6100144598
0.527,-1.12,-1.12,-1.869740365,-42.02,-2.107309305,230.3270758,-1.006445993,0.600477618
0.528,-1.16,-1.16,-1.939247075,-43.34,-2.15492753,226.7572487,-1.090014658,0.5976214561
0.529,-1.22,-1.22,-2.043860193,-45.37,-2.226371474,223.6914572,-1.162840875,0.6030487272
0.53,-1.29,-1.29,-2.166444292,-47.85,-2.31080256,221.7119036,-1.210396338,0.6152575742
0.531,-1.37,-1.37,-2.30724651,-50.37,-2.393505636,221.0567653,-1.2262285,0.6374077275
0.532,-1.44,-1.44,-2.431066291,-52.79,-2.470116445,219.6483757,-1.260423291,0.6516661029
0.533,-1.51,-1.51,-2.555462724,-55.15,-2.542288365,211.3245682,-1.467108693,0.6373683343
0.534,-1.58,-1.58,-2.680435809,-57.57,-2.613804938,200.3674422,-1.751954987,0.6139677524
0.535,-1.64,-1.64,-2.788014563,-59.78,-2.677010475,194.0634931,-1.922981123,0.6060912295
0.536,-1.69,-1.69,-2.877987156,-61.26,-2.718260238,195.4870431,-1.883879515,0.6253584877
0.537,-1.7,-1.7,-2.89601698,-61.84,-2.734196827,199.3120421,-1.780209644,0.6415055885
0.538,-1.7,-1.7,-2.89601698,-61.74,-2.731458205,202.4853308,-1.695702136,0.6541477508
0.539,-1.69,-1.69,-2.877987156,-61.46,-2.723769997,205.870238,-1.60700655,0.664542981
0.54,-1.68,-1.68,-2.859969101,-61.16,-2.715499653,209.4932939,-1.513672208,0.6762480208
0.541,-1.66,-1.66,-2.823968295,-60.67,-2.701917495,212.1854809,-1.445357666,0.6809213725
0.542,-1.65,-1.65,-2.805985545,-60.08,-2.685440571,209.3379305,-1.517641322,0.6676019206
0.543,-1.64,-1.64,-2.788014563,-59.9,-2.680386743,204.8317716,-1.634061724,0.6462041636
0.544,-1.66,-1.66,-2.823968295,-60.64,-2.701082938,204.6076526,-1.639918691,0.6505338023
0.545,-1.71,-1.71,-2.914058572,-62.38,-2.748920643,207.8826672,-1.554963018,0.6770765201
0.546,-1.79,-1.79,-3.058814972,-64.97,-2.818057509,210.0277747,-1.500040123,0.7083709617
0.547,-1.85,-1.85,-3.167876545,-67.14,-2.874168314,210.1113221,-1.497912358,0.7245695546
0.548,-1.85,-1.85,-3.167876545,-67.29,-2.877988138,208.1014358,-1.549335822,0.7155285165
0.549,-1.78,-1.78,-3.040679233,-65.13,-2.822250003,204.448215,-1.644089229,0.6807989889
0.55,-1.64,-1.64,-2.788014563,-60.83,-2.706362615,206.6011643,-1.588045431,0.6492197605
0.551,-1.49,-1.49,-2.519862044,-56.22,-2.574213526,213.8757507,-1.402908412,0.6335893351
0.552,-1.4,-1.4,-2.36024152,-53.46,-2.490856045,218.8301683,-1.28038967,0.6258519593
0.553,-1.39,-1.39,-2.342564748,-53.15,-2.481285067,222.6525669,-1.187745759,0.6384696285
0.554,-1.45,-1.45,-2.448801905,-55.34,-2.547993038,222.1292977,-1.200333915,0.6533053107
0.555,-1.53,-1.53,-2.591110478,-58.03,-2.627123284,223.4913822,-1.167628184,0.6828142765
0.556,-1.56,-1.56,-2.644670371,-58.98,-2.6543568,229.319247,-1.029907043,0.7178287127
0.557,-1.52,-1.52,-2.573280717,-57.89,-2.62307903,241.2947566,-0.7575700104,0.7611794912
0.558,-1.44,-1.44,-2.431066291,-55.41,-2.550090852,245.7777969,-0.6590838903,0.7575362784
0.559,-1.36,-1.36,-2.289605043,-52.76,-2.469183099,236.8922452,-0.8560841968,0.6885476684
0.56,-1.3,-1.3,-2.18400338,-50.88,-2.409875854,229.8982077,-1.016416957,0.6374246162
0.561,-1.23,-1.23,-2.061336902,-48.94,-2.346949549,229.3905832,-1.028243035,0.61073164
0.562,-1.12,-1.12,-1.869740365,-45.31,-2.224290361,232.3915148,-0.958707163,0.5874149605
0.563,-0.96,-0.96,-1.593596467,-39.97,-2.031490299,237.7730324,-0.8362292908,0.5557016358
0.564,-0.8,-0.8,-1.32046528,-34.4,-1.813499243,244.5798904,-0.6852232272,0.5284561593
0.565,-0.69,-0.69,-1.134435196,-30.75,-1.660629365,249.5102179,-0.5784486662,0.5066528189
0.566,-0.68,-0.68,-1.117593981,-30.3,-1.641208617,252.2533344,-0.5199517132,0.5171268254
0.567,-0.72,-0.72,-1.185029453,-31.91,-1.710104579,253.8432103,-0.486338109,0.5395221369
0.568,-0.74,-0.74,-1.218817799,-32.67,-1.742065339,253.6781263,-0.4898185529,0.5460937299
0.569,-0.68,-0.68,-1.117593981,-30.5,-1.649855876,252.1524951,-0.5220908246,0.5145586585
0.57,-0.55,-0.55,-0.899729105,-25.72,-1.436110971,250.7884832,-0.5511100605,0.452757439
0.571,-0.42,-0.42,-0.6838530888,-20.36,-1.17812692,251.3566608,-0.5390029979,0.3982535518
0.572,-0.31,-0.31,-0.5027421962,-16.08,-0.9574170638,249.9948099,-0.568068117,0.3295621632
0.573,-0.23,-0.23,-0.3719195818,-12.03,-0.7359107627,247.990096,-0.611142826,0.2760985791
0.574,-0.14,-0.14,-0.2256444232,-7.7,-0.4848495626,249.6327264,-0.5758224806,0.2127372213
0.575,-0.11,-0.11,-0.1770978682,-6.21,-0.3949363368,251.3471592,-0.5392052377,0.1895835418
0.576,-0.18,-0.18,-0.2905379208,-8.82,-0.5512358423,251.4752793,-0.536478858,0.2671085724
0.577,-0.35,-0.35,-0.568435945,-14.63,-0.8795562528,251.9590477,-0.5261968349,0.4043640024
0.578,-0.58,-0.58,-0.9498290888,-22.24,-1.270890974,251.137833,-0.5436626654,0.5234505435
0.579,-0.84,-0.84,-1.388465635,-31.17,-1.678640148,251.2346181,-0.5416012457,0.6253669709
0.58,-1.15,-1.15,-1.921852745,-41.36,-2.083149618,248.0429969,-0.6100016926,0.7136074149
0.581,-1.43,-1.43,-2.413342446,-50.62,-2.401545457,233.9719819,-0.922445614,0.7260375839
0.582,-1.62,-1.62,-2.752107905,-56.79,-2.591022532,219.5918246,-1.261800888,0.7143093791
0.583,-1.71,-1.71,-2.914058572,-59.83,-2.67841794,210.1696253,-1.496428006,0.698003857
0.584,-1.73,-1.73,-2.950177062,-60.5,-2.697183742,209.0882238,-1.524026826,0.6988936026
0.585,-1.7,-1.7,-2.89601698,-59.52,-2.669675806,213.0156717,-1.424466255,0.7073562512
0.586,-1.62,-1.62,-2.752107905,-57.02,-2.597766639,218.3000941,-1.293364741,0.7072770451
0.587,-1.5,-1.5,-2.5376565,-53.27,-2.484995045,225.2687945,-1.125248285,0.7029045601
0.588,-1.37,-1.37,-2.30724651,-49.45,-2.363665212,235.2401764,-0.8935254033,0.7083547701
0.589,-1.27,-1.27,-2.131361422,-46.22,-2.255657159,246.2768332,-0.648232067,0.733967881
0.59,-1.18,-1.18,-1.974071041,-43.27,-2.152425566,247.9725246,-0.6115219138,0.7142216179
0.591,-1.1,-1.1,-1.83505762,-40.49,-2.050940481,238.547267,-0.8188369663,0.6394424841
0.592,-1.03,-1.03,-1.714038718,-38.21,-1.964538269,229.2424086,-1.031699977,0.5720635601
0.593,-0.99,-0.99,-1.645143964,-36.77,-1.908449051,229.5679737,-1.024107412,0.5609931079
0.594,-0.97,-0.97,-1.610767198,-36.08,-1.881147249,236.3258136,-0.8688918667,0.5857251952
0.595,-0.95,-0.95,-1.576437505,-35.62,-1.862790943,236.4853827,-0.8652807221,0.5778578053
0.596,-0.94,-0.94,-1.559290311,-35.27,-1.848740485,225.9294715,-1.109580563,0.5270862378
0.597,-0.95,-0.95,-1.576437505,-35.45,-1.855975496,216.6101825,-1.334941467,0.494039025
0.598,-0.98,-0.98,-1.627949697,-36.4,-1.893843543,217.1329397,-1.322045575,0.5062207174
0.599,-1.02,-1.02,-1.696797377,-37.82,-1.949465083,223.6382334,-1.164113974,0.544966852
0.6,-1.05,-1.05,-1.748556705,-38.91,-1.991375735,229.3601645,-1.028952527,0.5789293591
0.601,-1.06,-1.06,-1.765833351,-39.11,-1.998992715,232.2666576,-0.9615823342,0.5964494472
0.602,-1.04,-1.04,-1.731291827,-38.51,-1.97607405,235.3590164,-0.8908233422,0.6038904049
0.603,-1.01,-1.01,-1.679567804,-37.56,-1.939367923,238.0503518,-0.8299931166,0.6064820657
0.604,-0.98,-0.98,-1.627949697,-36.6,-1.901748321,239.7002862,-0.7930400135,0.6041104142
0.605,-0.95,-0.95,-1.576437505,-35.35,-1.851958417,243.0371732,-0.7190758766,0.6131530447
0.606,-0.89,-0.89,-1.473730868,-33.33,-1.769532425,246.4391185,-0.6447078188,0.6104325664
0.607,-0.81,-0.81,-1.337447716,-30.4,-1.645535415,250.1560741,-0.564618105,0.6051379256
0.608,-0.7,-0.7,-1.15128818,-26.56,-1.474759377,254.4828895,-0.4728731871,0.5911218579
0.609,-0.6,-0.6,-0.98328792,-22.53,-1.28497855,257.8289816,-0.4029866658,0.5825285443
0.61,-0.54,-0.54,-0.8830526472,-20.09,-1.164597913,258.4247538,-0.3906385418,0.5677931768
0.611,-0.56,-0.56,-0.9164173312,-20.64,-1.192101881,258.3600073,-0.3919791155,0.5785167131
0.612,-0.65,-0.65,-1.067140945,-23.64,-1.338359275,258.5693387,-0.3876461316,0.6182720756
0.613,-0.79,-0.79,-1.303494612,-27.89,-1.534994891,257.7386392,-0.4048616169,0.6719541404
0.614,-0.92,-0.92,-1.525031229,-31.89,-1.709258677,256.0386403,-0.4402661697,0.7094736454
0.615,-1.03,-1.03,-1.714038718,-35.15,-1.843906461,253.5150787,-0.4932582851,0.7333837808
0.616,-1.12,-1.12,-1.869740365,-37.88,-1.951789693,252.7710457,-0.5089829089,0.7598184259
0.617,-1.21,-1.21,-2.026395252,-40.76,-2.06098079,252.7294045,-0.5098643356,0.7882214422
0.618,-1.33,-1.33,-2.236751254,-44.39,-2.192148375,251.5459556,-0.5349754702,0.8201869006
0.619,-1.49,-1.49,-2.519862044,-49.49,-2.364970979,248.630925,-0.5973357696,0.8506418336
0.62,-1.74,-1.74,-2.968253959,-56.99,-2.596888221,246.3313378,-0.6470481668,0.9150160805
0.621,-2.06,-2.06,-3.552928391,-67.08,-2.872638292,244.7379358,-0.6817672204,0.9995844252
0.622,-2.38,-2.38,-4.149653665,-77.24,-3.11607308,242.8576205,-0.7230298472,1.080891485
0.623,-2.58,-2.58,-4.528726529,-83.43,-3.251204542,240.7755859,-0.7690934911,1.126465374
0.624,-2.62,-2.62,-4.605105985,-84.7,-3.277923508,239.2612072,-0.8028490413,1.128488768
0.625,-2.61,-2.61,-4.585993468,-84.48,-3.273317267,236.7420352,-0.8594776317,1.1096591
0.626,-2.72,-2.72,-4.796878413,-87.77,-3.341288916,229.1642082,-1.03352531,1.096475911
0.627,-2.89,-2.89,-5.125592388,-93.16,-3.448960281,216.3441976,-1.341514998,1.069954877
0.628,-2.93,-2.93,-5.203431126,-94.55,-3.47611418,205.1611316,-1.625466079,1.019964572
0.629,-2.84,-2.84,-5.028558755,-91.91,-3.424345348,201.04899,-1.733787895,0.9748795772
0.63,-2.74,-2.74,-4.835374119,-89.17,-3.369659862,202.3319512,-1.699756216,0.9538325607
0.631,-2.76,-2.76,-4.873916899,-89.61,-3.378513914,201.5589091,-1.720235909,0.9559043036
0.632,-2.83,-2.83,-5.009187334,-91.79,-3.421971932,198.6714442,-1.79743248,0.9597239337
0.633,-2.79,-2.79,-4.931819332,-90.68,-3.399926988,195.1981045,-1.891792904,0.9319879799
0.634,-2.65,-2.65,-4.662514145,-86.73,-3.320007373,193.9509856,-1.926083665,0.8887596709
0.635,-2.54,-2.54,-4.452535367,-83.47,-3.252050889,194.9173413,-1.899493616,0.864310764
0.636,-2.51,-2.51,-4.395515564,-82.46,-3.230581945,194.7417632,-1.904314973,0.8560085302
0.637,-2.51,-2.51,-4.395515564,-82.46,-3.230581945,194.695218,-1.90559383,0.8557953926
0.638,-2.47,-2.47,-4.319653918,-81.36,-3.206959587,193.8307144,-1.929402288,0.8409948564
0.639,-2.39,-2.39,-4.168495508,-79.11,-3.15781572,190.5435263,-2.020911465,0.8049266469
0.64,-2.34,-2.34,-4.074403975,-77.49,-3.121703027,189.5426847,-2.049086731,0.7879655075
0.641,-2.34,-2.34,-4.074403975,-77.55,-3.123051906,190.3685389,-2.025826944,0.7913186723
0.642,-2.37,-2.37,-4.13082359,-78.68,-3.148291635,190.9803276,-2.008661179,0.8010202418
0.643,-2.4,-2.4,-4.18734912,-79.51,-3.166636425,192.4460749,-1.967757442,0.8155488706
0.644,-2.41,-2.41,-4.2062145,-79.83,-3.173666348,194.7573774,-1.903886032,0.8283941129
0.645,-2.42,-2.42,-4.225091649,-80.02,-3.177829281,195.2444806,-1.890521978,0.8336225002
0.646,-2.42,-2.42,-4.225091649,-80.01,-3.177610384,192.5807904,-1.964013664,0.8217426263
0.647,-2.39,-2.39,-4.168495508,-79.38,-3.163773776,191.2365051,-2.001489598,0.8070247742
0.648,-2.34,-2.34,-4.074403975,-77.85,-3.129782997,193.0051544,-1.952237569,0.8017291394
0.649,-2.27,-2.27,-3.943170102,-75.61,-3.078977548,194.5934534,-1.908390935,0.7906313952
0.65,-2.19,-2.19,-3.793894636,-73.25,-3.024021012,192.8223615,-1.957306892,0.7616231474
0.651,-2.12,-2.12,-3.663896445,-71.31,-2.977671984,191.43753,-1.995868713,0.7366776845
0.652,-2.08,-2.08,-3.589870669,-70,-2.945743207,188.1609548,-2.088230055,0.7131286723
0.653,-2.07,-2.07,-3.571393646,-69.78,-2.94032962,188.2463648,-2.085802134,0.7105650668
0.654,-2.09,-2.09,-3.60835946,-70.45,-2.956769967,192.9651605,-1.953346294,0.734882693
0.655,-2.11,-2.11,-3.645372348,-70.92,-2.96822081,198.006458,-1.815369852,0.7620577524
0.656,-2.09,-2.09,-3.60835946,-70.46,-2.957014301,199.845016,-1.765922477,0.764007572
0.657,-2.04,-2.04,-3.516033187,-68.94,-2.919520444,195.0075953,-1.897016941,0.7299918813
0.658,-1.98,-1.98,-3.405630017,-67.23,-2.876461104,188.5771636,-2.076409015,0.6876073741
0.659,-1.93,-1.93,-3.313951006,-65.54,-2.832952579,185.4056468,-2.167151271,0.6627764354
0.66,-1.83,-1.83,-3.131475614,-62.6,-2.754888108,187.569381,-2.105076831,0.6443411944
0.661,-1.74,-1.74,-2.968253959,-59.99,-2.682915241,191.3119297,-1.999379947,0.6339314034
0.662,-1.73,-1.73,-2.950177062,-59.49,-2.668827782,191.7796166,-1.986317136,0.6337454824
0.663,-1.74,-1.74,-2.968253959,-59.98,-2.682634453,191.8028179,-1.985669938,0.6358312807
0.664,-1.76,-1.76,-3.004443059,-60.58,-2.699412781,191.0467883,-2.006799716,0.6383993627
0.665,-1.78,-1.78,-3.040679233,-61.13,-2.714670734,184.7504033,-2.186092235,0.6204501731
0.666,-1.83,-1.83,-3.131475614,-62.78,-2.759757269,178.6388368,-2.366064344,0.6109216923
0.667,-1.92,-1.92,-3.295650509,-65.81,-2.83996886,174.5199984,-2.490862495,0.6182244925
0.668,-1.96,-1.96,-3.368923107,-67.1,-2.873148433,175.6175222,-2.457322693,0.6320122608
0.669,-1.91,-1.91,-3.27736178,-65.49,-2.831650508,181.1258094,-2.292096458,0.6396416142
0.67,-1.81,-1.81,-3.095121756,-62.4,-2.749463881,188.770015,-2.070940549,0.6420875677
0.671,-1.75,-1.75,-2.986342625,-60.73,-2.70358557,194.5897002,-1.908494123,0.6475045585
0.672,-1.79,-1.79,-3.058814972,-61.88,-2.735291223,195.9685899,-1.870716967,0.6640923866
0.673,-1.85,-1.85,-3.167876545,-63.81,-2.787391706,197.6076238,-1.826156946,0.6866463938
0.674,-1.89,-1.89,-3.240819628,-65.1,-2.821464592,202.9933496,-1.682296241,0.7195807567
0.675,-1.89,-1.89,-3.240819628,-65.09,-2.821202718,211.3792795,-1.465723774,0.7559774197
0.676,-1.86,-1.86,-3.186094663,-64.26,-2.799344687,219.4999351,-1.264040097,0.7840986844
0.677,-1.85,-1.85,-3.167876545,-63.95,-2.791118183,220.3309885,-1.243822596,0.7851110386
0.678,-1.84,-1.84,-3.149670195,-63.66,-2.783391229,217.8449748,-1.304530242,0.7704820696
0.679,-1.82,-1.82,-3.113292801,-62.87,-2.762187372,223.7915064,-1.160448546,0.7936736586
0.68,-1.76,-1.76,-3.004443059,-61.19,-2.716328229,232.3321597,-0.9600737798,0.8172237563
0.681,-1.64,-1.64,-2.788014563,-57.52,-2.612352067,230.2579266,-1.008052419,0.7700837223
0.682,-1.45,-1.45,-2.448801905,-51.55,-2.4311979,223.9041514,-1.157756312,0.6823162848
0.683,-1.23,-1.23,-2.061336902,-44.77,-2.205477289,220.094713,-1.249562833,0.5966173558
0.684,-1.08,-1.08,-1.800421949,-39.53,-2.014915252,222.7164046,-1.186212056,0.5624337228
0.685,-1,-1,-1.66235,-37.09,-1.921016643,223.2955026,-1.172319262,0.5373971825
0.686,-1.01,-1.01,-1.679567804,-37.29,-1.928841275,221.054549,-1.226282137,0.5323303036
0.687,-1.05,-1.05,-1.748556705,-38.68,-1.982588323,222.449744,-1.192621504,0.5506901276
0.688,-1.09,-1.09,-1.8177339,-40.02,-2.033367014,225.8538317,-1.11137201,0.5780237681
0.689,-1.13,-1.13,-1.88709939,-41.18,-2.076519604,229.1665478,-1.03347069,0.6067862634
0.69,-1.16,-1.16,-1.939247075,-42.31,-2.11785063,233.0075736,-0.9445433348,0.6332454602
0.691,-1.2,-1.2,-2.00894208,-43.44,-2.15849728,237.4530777,-0.8434332642,0.6692167091
0.692,-1.23,-1.23,-2.061336902,-44.56,-2.198120546,240.6587236,-0.771690786,0.6940969212
0.693,-1.27,-1.27,-2.131361422,-45.69,-2.237439725,240.3835461,-0.7778116607,0.7068602744
0.694,-1.3,-1.3,-2.18400338,-46.81,-2.275770505,239.698879,-0.7930714229,0.7116702103
0.695,-1.34,-1.34,-2.254357415,-47.94,-2.313809104,239.3278346,-0.8013594275,0.7236710927
0.696,-1.37,-1.37,-2.30724651,-49.06,-2.350893876,237.9804113,-0.8315652055,0.7249885862
0.697,-1.41,-1.41,-2.37793006,-50.18,-2.387375738,238.6300915,-0.8169797493,0.7420930886
0.698,-1.44,-1.44,-2.431066291,-51.3,-2.423266207,240.5149957,-0.7748869061,0.7601469365
0.699,-1.48,-1.48,-2.502079357,-52.42,-2.458576799,240.4250392,-0.7768882655,0.7733291218
0.7,-1.51,-1.51,-2.555462724,-53.54,-2.49331903,238.3190624,-0.8239574557,0.7703496333
0.701,-1.55,-1.55,-2.626805305,-54.66,-2.527504417,235.536315,-0.8867946451,0.7693541946
0.702,-1.58,-1.58,-2.680435809,-55.77,-2.560846497,232.0033963,-0.9676497015,0.7596538746
0.703,-1.62,-1.62,-2.752107905,-56.89,-2.593957459,231.3956094,-0.9816836615,0.7696823624
0.704,-1.65,-1.65,-2.805985545,-58,-2.626257331,232.7578744,-0.9502796597,0.7845537604
0.705,-1.69,-1.69,-2.877987156,-59.11,-2.658055301,234.2821201,-0.9153586934,0.8053886732
0.706,-1.72,-1.72,-2.932111933,-60.23,-2.689642433,236.5997445,-0.8626941441,0.8254037502
0.707,-1.75,-1.75,-2.986342625,-61.34,-2.720465965,236.8208951,-0.8576958165,0.83460246
0.708,-1.79,-1.79,-3.058814972,-62.45,-2.750821328,234.6007473,-0.9080875577,0.8359910202
0.709,-1.82,-1.82,-3.113292801,-63.55,-2.780452385,233.2806535,-0.9382769189,0.8371926394
0.71,-1.86,-1.86,-3.186094663,-64.66,-2.809909008,229.7263852,-1.020416961,0.8318077073
0.711,-1.89,-1.89,-3.240819628,-65.79,-2.839449996,225.7426701,-1.114005841,0.8197434755
0.712,-1.93,-1.93,-3.313951006,-66.95,-2.86931913,224.3292789,-1.147607883,0.8249965696
0.713,-1.96,-1.96,-3.368923107,-68.13,-2.899242218,224.0878145,-1.153369637,0.8312967606
0.714,-2,-2,-3.442384,-69.31,-2.928713725,226.3269735,-1.100176005,0.8544249733
0.715,-2.04,-2.04,-3.516033187,-70.5,-2.957991332,225.9866197,-1.108227467,0.8646935545
0.716,-2.07,-2.07,-3.571393646,-71.69,-2.986837183,219.8651524,-1.255145839,0.8419160631
0.717,-2.11,-2.11,-3.645372348,-72.97,-3.017398489,203.9560705,-1.656983187,0.779861937
0.718,-2.15,-2.15,-3.719539345,-74.16,-3.045392265,192.3015021,-1.971778076,0.7413619815
0.719,-2.17,-2.17,-3.756693454,-74.77,-3.059590231,196.3074187,-1.861474829,0.7633903247
0.72,-2.17,-2.17,-3.756693454,-74.93,-3.063297586,209.7269314,-1.507708943,0.8218525678
0.721,-2.18,-2.18,-3.775288161,-75.21,-3.069768935,218.2721646,-1.294049269,0.8651341519
0.722,-2.15,-2.15,-3.719539345,-74.15,-3.045158664,217.9141284,-1.302832186,0.8554616312
0.723,-1.99,-1.99,-3.424001124,-69.52,-2.933912345,213.6235513,-1.409220782,0.7883712113
0.724,-1.73,-1.73,-2.950177062,-61.65,-2.728990225,212.7424287,-1.431333299,0.7091220297
0.725,-1.46,-1.46,-2.466549287,-53.39,-2.4886986,211.2735317,-1.468400916,0.6233225313
0.726,-1.3,-1.3,-2.18400338,-48.58,-2.335074899,211.2026027,-1.470197325,0.5739414295
0.727,-1.29,-1.29,-2.166444292,-48.2,-2.322472409,210.9059411,-1.477717381,0.5700884461
0.728,-1.34,-1.34,-2.254357415,-49.87,-2.377337761,210.3856946,-1.490930651,0.5827820552
0.729,-1.4,-1.4,-2.36024152,-51.87,-2.441308513,210.6446025,-1.484350805,0.6012344241
0.73,-1.46,-1.46,-2.466549287,-53.69,-2.497929472,210.7967893,-1.480486926,0.6199826867
0.731,-1.5,-1.5,-2.5376565,-55.03,-2.538677405,210.8202994,-1.479890275,0.6314828323
0.732,-1.53,-1.53,-2.591110478,-56.09,-2.570360749,211.452746,-1.463864663,0.6422820277
0.733,-1.56,-1.56,-2.644670371,-57.1,-2.600107259,209.2521648,-1.519833666,0.6419194885
0.734,-1.59,-1.59,-2.69833618,-58.15,-2.630583435,211.0505298,-1.474050892,0.6573877147
0.735,-1.63,-1.63,-2.77005535,-59.27,-2.662598066,215.6894041,-1.357732015,0.6890119204
0.736,-1.66,-1.66,-2.823968295,-60.4,-2.694393962,216.6130675,-1.334870212,0.7008645185
0.737,-1.68,-1.68,-2.859969101,-61.18,-2.716052075,210.5252678,-1.487382555,0.6803886233
0.738,-1.68,-1.68,-2.859969101,-61.17,-2.715775883,199.7415694,-1.768692536,0.6377498587
0.739,-1.66,-1.66,-2.823968295,-60.36,-2.693276965,188.4033537,-2.081342336,0.5914541281
0.74,-1.61,-1.61,-2.734172228,-58.86,-2.650936808,184.0269198,-2.20708399,0.5628160812
0.741,-1.56,-1.56,-2.644670371,-57.57,-2.613804938,185.0941962,-2.176145936,0.5521289133
0.742,-1.57,-1.57,-2.662547206,-57.85,-2.621922061,187.7404145,-2.100200702,0.5638454016
0.743,-1.62,-1.62,-2.752107905,-59.31,-2.663732168,188.02489,-2.092100199,0.5786805951
0.744,-1.65,-1.65,-2.805985545,-60.54,-2.698298571,188.1661595,-2.088082069,0.5862437102
0.745,-1.7,-1.7,-2.89601698,-62.12,-2.741844999,188.354894,-2.082718601,0.6002650644
0.746,-1.8,-1.8,-3.07696248,-65.4,-2.8293046,188.5098701,-2.078318496,0.6269761186
0.747,-1.96,-1.96,-3.368923107,-70.83,-2.966033276,188.7645498,-2.071095442,0.6688181493
0.748,-2.12,-2.12,-3.663896445,-76.2,-3.092483594,187.7094287,-2.10108377,0.7054681664
0.749,-2.18,-2.18,-3.775288161,-78.2,-3.137608123,188.3716216,-2.082243494,0.723255839
0.75,-2.14,-2.14,-3.700979943,-77.01,-3.110879752,190.0570583,-2.034587773,0.719269906
0.751,-2.05,-2.05,-3.534474905,-74.49,-3.053085713,191.9392563,-1.981865583,0.7019879037
0.752,-1.96,-1.96,-3.368923107,-71.88,-2.991403772,194.285555,-1.916862757,0.6863773773
0.753,-1.9,-1.9,-3.25908482,-70.05,-2.946971479,196.6260765,-1.852797435,0.6790086937
0.754,-1.87,-1.87,-3.20432455,-69.17,-2.925240275,199.4168308,-1.777397611,0.6813887499
0.755,-1.87,-1.87,-3.20432455,-69.01,-2.921263036,200.9395752,-1.736700264,0.687923958
0.756,-1.86,-1.86,-3.186094663,-68.68,-2.913034307,204.4721175,-1.643463783,0.6992419618
0.757,-1.82,-1.82,-3.113292801,-67.41,-2.88103863,209.9341519,-1.502425491,0.7102357212
0.758,-1.74,-1.74,-2.968253959,-65.2,-2.824081408,215.537105,-1.361511004,0.7091598194
0.759,-1.65,-1.65,-2.805985545,-62.37,-2.748648968,222.0627845,-1.201936129,0.7102708779
0.76,-1.55,-1.55,-2.626805305,-59.22,-2.661179545,224.8323448,-1.135623761,0.6918465596
0.761,-1.43,-1.43,-2.413342446,-55.7,-2.558759454,222.2764086,-1.196791911,0.6426066937
0.762,-1.31,-1.31,-2.201574236,-51.9,-2.442253977,216.3269342,-1.341941923,0.5817812541
0.763,-1.21,-1.21,-2.026395252,-48.79,-2.342009385,215.2272909,-1.369206653,0.5460192107
0.764,-1.17,-1.17,-1.956653174,-47.39,-2.295373599,219.8745064,-1.254918233,0.5511246022
0.765,-1.18,-1.18,-1.974071041,-47.76,-2.307792043,224.4122274,-1.14563002,0.5716275058
0.766,-1.2,-1.2,-2.00894208,-48.51,-2.332758659,230.2304552,-1.008690752,0.6012187626
0.767,-1.18,-1.18,-1.974071041,-47.83,-2.3101339,229.7060725,-1.020890038,0.5926318986
0.768,-1.1,-1.1,-1.83505762,-45.46,-2.229489695,224.472338,-1.144197172,0.5439324076
0.769,-1,-1,-1.66235,-42.15,-2.112040313,222.6207375,-1.188510627,0.5036583377
0.77,-0.9,-0.9,-1.49081922,-38.87,-1.989849635,226.2532759,-1.101918379,0.482189871
0.771,-0.84,-0.84,-1.388465635,-36.56,-1.900169232,231.0264851,-0.9902248423,0.4803724334
0.772,-0.82,-0.82,-1.354441921,-36.02,-1.878760009,238.3687637,-0.8228418336,0.5013477187
0.773,-0.83,-0.83,-1.371447894,-36.25,-1.887899623,243.7105596,-0.7042730567,0.5290727368
0.774,-0.78,-0.78,-1.286535713,-34.82,-1.830568699,239.6951476,-0.793154705,0.4903473097
0.775,-0.66,-0.66,-1.083946855,-30.31,-1.641641582,239.3782521,-0.8002324997,0.4438995701
0.776,-0.48,-0.48,-0.7832410368,-23.68,-1.34026699,243.7132416,-0.7042141802,0.383100147
0.777,-0.34,-0.34,-0.5519948552,-17.9,-1.05291414,248.2101006,-0.6063986728,0.3326647338
0.778,-0.27,-0.27,-0.4372367418,-14.81,-0.8893084186,251.0246534,-0.5460742787,0.3046133568
0.779,-0.24,-0.24,-0.3882312192,-13.46,-0.81556257,254.2747953,-0.4772497462,0.300299753
0.78,-0.22,-0.22,-0.3556197128,-12.43,-0.7583514979,254.3985685,-0.4746461645,0.2884188054
0.781,-0.2,-0.2,-0.32305528,-11.46,-0.703715802,253.9116886,-0.4848950549,0.2717923012
0.782,-0.19,-0.19,-0.3067907162,-11.39,-0.6997443954,254.4148446,-0.4743038882,0.2613101356
0.783,-0.22,-0.22,-0.3556197128,-12.27,-0.7493902264,256.1213111,-0.4385390182,0.2993610221
0.784,-0.29,-0.29,-0.4699659322,-14.52,-0.8735844314,257.4376594,-0.4111128447,0.3658184235
0.785,-0.42,-0.42,-0.6838530888,-18.94,-1.106386066,257.5374023,-0.4090404156,0.4512611446
0.786,-0.61,-0.61,-1.000034988,-25.41,-1.421728351,261.5028243,-0.3272917603,0.5717687188
0.787,-0.84,-0.84,-1.388465635,-32.91,-1.752084242,267.0227633,-0.2155365374,0.7056571316
0.788,-1.03,-1.03,-1.714038718,-39.27,-2.005070104,264.2230037,-0.2719279595,0.7527624839
0.789,-1.12,-1.12,-1.869740365,-42.24,-2.115310306,249.6594592,-0.575249588,0.6949261262
0.79,-1.09,-1.09,-1.8177339,-41.3,-2.080941573,234.7282256,-0.9051812436,0.6087271059
0.791,-0.97,-0.97,-1.610767198,-37.33,-1.93040343,227.7922002,-1.065652072,0.537629292
0.792,-0.94,-0.94,-1.559290311,-36.21,-1.886312353,222.0950532,-1.201158759,0.5050380245
0.793,-1.19,-1.19,-1.991500676,-44.48,-2.195311978,216.3481049,-1.341418375,0.5630908996
0.794,-1.65,-1.65,-2.805985545,-59.72,-2.675320221,214.5639206,-1.385721805,0.6909521071
0.795,-2.08,-2.08,-3.589870669,-73.99,-3.041417309,210.0495664,-1.499485054,0.7905632805
0.796,-2.28,-2.28,-3.961882493,-80.68,-3.192226724,203.4010765,-1.671561155,0.8145672861
0.797,-2.26,-2.26,-3.924469479,-80.08,-3.179142188,198.9183628,-1.790787364,0.7896428789
0.798,-2.2,-2.2,-3.81251288,-78.21,-3.137831261,198.6375737,-1.79834465,0.7723616314
0.799,-2.17,-2.17,-3.756693454,-77.44,-3.120578279,200.063381,-1.760079874,0.7697104234
0.8,-2.16,-2.16,-3.738110515,-77.09,-3.112687631,199.6891503,-1.770096747,0.7655694428
0.801,-2.14,-2.14,-3.700979943,-76.54,-3.100225814,210.016,-1.500340065,0.8044618944
0.802,-2.09,-2.09,-3.60835946,-75.11,-3.067460145,212.131,-1.446731513,0.7993367879
0.803,-2,-2,-3.442384,-72.44,-3.004801754,213.929,-1.401576572,0.7812275172
0.804,-1.89,-1.89,-3.240819628,-69.05,-2.922258106,215.996,-1.350132552,0.7585494605
0.805,-1.8,-1.8,-3.07696248,-66.44,-2.856243126,217.886,-1.303522811,0.7396960615
0.806,-1.78,-1.78,-3.040679233,-65.96,-2.843855968,219.847,-1.255587561,0.741729752
0.807,-1.78,-1.78,-3.040679233,-65.76,-2.838671442,221.849,-1.207089167,0.7515717134
0.808,-1.65,-1.65,-2.805985545,-61.81,-2.733375636,223.964,-1.156326471,0.7213882883
0.809,-1.42,-1.42,-2.395630369,-54.84,-2.532947333,226.319,-1.100364488,0.6593517119
0.81,-1.28,-1.28,-2.148896973,-50.41,-2.394793978,229.296,-1.030449421,0.6273705903
0.811,-1.33,-1.33,-2.236751254,-52.24,-2.452940514,233.188,-0.9404022341,0.6591586585
0.812,-1.51,-1.51,-2.555462724,-58.28,-2.634325334,245.131,-0.6731816841,0.7726250346
0.813,-1.61,-1.61,-2.734172228,-61.83,-2.733923134,250.593,-0.5552818745,0.8312562522
0.814,-1.56,-1.56,-2.644670371,-60.38,-2.693835541,253.698,-0.4893994379,0.8308121734
0.815,-1.45,-1.45,-2.448801905,-56.82,-2.591903448,254.273,-0.4772875208,0.7978656036
0.816,-1.32,-1.32,-2.219156861,-52.84,-2.471671122,255.786,-0.4455477662,0.7607097534
0.817,-1.18,-1.18,-1.974071041,-48.59,-2.335405597,256.508,-0.4304677436,0.7137243098
0.818,-1.05,-1.05,-1.748556705,-44.19,-2.185103088,258.186,-0.3955835918,0.6775548224
0.819,-0.9,-0.9,-1.49081922,-39.51,-2.014159276,255.328,-0.455135845,0.6037428283
0.82,-0.77,-0.77,-1.269588582,-34.84,-1.831378897,257.078,-0.418592415,0.5642687864
0.821,-0.7,-0.7,-1.15128818,-32.38,-1.729911893,255.865,-0.4438956635,0.5296182621
0.822,-0.76,-0.76,-1.252653219,-34.55,-1.819607612,258.966,-0.3794451909,0.569633079
0.823,-0.91,-0.91,-1.50791934,-40.25,-2.041982054,258.613,-0.3867428219,0.6208687346
0.824,-1.06,-1.06,-1.765833351,-45.75,-2.239509219,257.351,-0.4129140798,0.6657434172
0.825,-1.13,-1.13,-1.88709939,-48.15,-2.320808953,257.54,-0.4089864523,0.6912970056
0.826,-1.11,-1.11,-1.852393108,-47.71,-2.306117815,256.82,-0.4239642986,0.6785118657
0.827,-1.08,-1.08,-1.800421949,-46.72,-2.272713638,255.504,-0.45144931,0.6609083168
0.828,-1.06,-1.06,-1.765833351,-46.09,-2.25120188,252.548,-0.5137058446,0.6386590537
0.829,-1.05,-1.05,-1.748556705,-45.52,-2.231566214,258.487,-0.3893500546,0.6671547375
0.83,-1.03,-1.03,-1.714038718,-44.95,-2.211764961,258.493,-0.3892258719,0.6589945248
0.831,-1.01,-1.01,-1.679567804,-44.38,-2.191796604,259.618,-0.3659923969,0.656648302
0.832,-0.99,-0.99,-1.645143964,-43.8,-2.17130483,258.15,-0.3963296177,0.6407235913
0.833,-0.97,-0.97,-1.610767198,-43.2,-2.149921015,258.98,-0.3791559715,0.636899235
0.834,-0.96,-0.96,-1.593596467,-42.78,-2.134839209,261.606,-0.3251813385,0.6477980312
0.835,-0.96,-0.96,-1.593596467,-42.86,-2.137719152,262.913,-0.2985189507,0.6541218059
0.836,-0.98,-0.98,-1.627949697,-43.42,-2.157783752,265.161,-0.2529689988,0.6752868773
0.837,-0.99,-0.99,-1.645143964,-43.8,-2.17130483,267.41,-0.2077835812,0.6915018192
0.838,-0.98,-0.98,-1.627949697,-43.5,-2.160636602,271.172,-0.1330427717,0.7097546918
0.839,-0.94,-0.94,-1.559290311,-42.01,-2.106945005,274.057,-0.07642474861,0.7141668554
0.84,-0.84,-0.84,-1.388465635,-38.81,-1.987558792,278.773,0.01485543536,0.7038390392
0.841,-0.7,-0.7,-1.15128818,-33.94,-1.7946825,283.282,0.1006963852,0.6796325955
0.842,-0.53,-0.53,-0.8663879578,-28.05,-1.542162911,286.581,0.1626405619,0.6280347387
0.843,-0.39,-0.39,-0.6343179882,-22.35,-1.276241461,290.495,0.2352140915,0.6093192231
0.844,-0.28,-0.28,-0.4535954528,-18.05,-1.060675352,296.004,0.3357224192,0.6256895205
0.845,-0.23,-0.23,-0.3719195818,-15.71,-0.937700171,295.601,0.3284336021,0.6104381904
0.846,-0.22,-0.22,-0.3556197128,-15.28,-0.9146562267,298.033,0.3722696114,0.655657243
0.847,-0.25,-0.25,-0.404554625,-16.5,-0.9796738376,299.076,0.3909598528,0.6871836502
0.848,-0.31,-0.31,-0.5027421962,-18.98,-1.108426905,297.649,0.3653719705,0.6765881938
0.849,-0.39,-0.39,-0.6343179882,-22.13,-1.265532011,294.165,0.3023805058,0.6585858866
0.85,-0.49,-0.49,-0.7998468842,-26.1,-1.453653211,286.751,0.1658132437,0.6210763017
0.851,-0.63,-0.63,-1.03356443,-31.44,-1.690160039,285.456,0.1415973155,0.6674346565
0.852,-0.78,-0.78,-1.286535713,-37.02,-1.918272556,287.369,0.1773310493,0.7389884773
0.853,-0.84,-0.84,-1.388465635,-39.57,-2.016426534,290.325,0.2320823122,0.778137771
0.854,-0.75,-0.75,-1.235729625,-36.5,-1.89779885,292.272,0.2678411259,0.7581359974
0.855,-0.51,-0.51,-0.8330938842,-27.89,-1.534994891,295.347,0.3238345508,0.6878477247
0.856,-0.24,-0.24,-0.3882312192,-17.11,-1.011764478,299.198,0.3931417962,0.6275735284
0.857,-0.07,-0.07,-0.1125338858,-9.22,-0.5746982424,310.753,0.5958683983,-5.315685263
0.858,-0.01,-0.01,-0.0160409642,-6.43,-0.4083276759,310.537,0.5921483963,-0.08726417875
0.859,-0.02,-0.02,-0.0320936968,-6.87,-0.4349899143,308.999,0.5655855592,-0.2457485993
0.86,-0.08,-0.08,-0.1286572288,-8.67,-0.5424040379,308.071,0.5494940178,-18.14634608
0.861,-0.18,-0.18,-0.2905379208,-12.23,-0.747146781,303.309,0.4661507117,1.033957242
0.862,-0.35,-0.35,-0.568435945,-17.92,-1.053949925,297.235,0.3579254755,0.8166896231
0.863,-0.58,-0.58,-0.9498290888,-25.52,-1.426839268,287.488,0.179546035,0.76151226
0.864,-0.86,-0.86,-1.422536423,-34.68,-1.824890619,276.389,-0.03109323692,0.7664594811
0.865,-1.19,-1.19,-1.991500676,-45.49,-2.230528184,261.514,-0.3270631247,0.7786625914
0.866,-1.52,-1.52,-2.573280717,-56.12,-2.571250485,252.463,-0.5155067955,0.8336517849
0.867,-1.74,-1.74,-2.968253959,-63.33,-2.774561551,248.082,-0.609160507,0.8772156544
0.868,-1.82,-1.82,-3.113292801,-65.81,-2.83996886,243.715,-0.7041755807,0.8784328215
0.869,-1.81,-1.81,-3.095121756,-65.72,-2.837632888,239.448,-0.7986738909,0.8511717916
0.87,-1.85,-1.85,-3.167876545,-67.09,-2.872893379,234.693,-0.9059841757,0.8383115089
0.871,-2,-2,-3.442384,-72.01,-2.994522171,231.509,-0.9790626476,0.8663169801
0.872,-2.21,-2.21,-3.831142892,-78.79,-3.150732189,232.151,-0.9642470405,0.9310236283
0.873,-2.37,-2.37,-4.13082359,-84.05,-3.264287485,231.4,-0.9815821493,0.9729040092
0.874,-2.42,-2.42,-4.225091649,-85.67,-3.298125237,227.807,-1.065304489,0.9682960226
0.875,-2.38,-2.38,-4.149653665,-84.64,-3.276668168,225.472,-1.120424451,0.9437266904
0.876,-2.34,-2.34,-4.074403975,-83.44,-3.251416159,226.193,-1.103343857,0.935620783
0.877,-2.35,-2.35,-4.093198745,-83.83,-3.259653779,225.644,-1.11634479,0.9353747904
0.878,-2.4,-2.4,-4.18734912,-85.33,-3.291063938,230.479,-1.002918285,0.9751668504
0.879,-2.43,-2.43,-4.243980566,-86.19,-3.308884612,231.196,-0.9863007377,0.9880785624
0.88,-2.4,-2.4,-4.18734912,-85.36,-3.291687842,234.019,-0.921370607,0.9938977043
0.881,-2.32,-2.32,-4.036849741,-82.98,-3.241661084,234.235,-0.9164348239,0.9708409403
0.882,-2.21,-2.21,-3.831142892,-79.77,-3.172350027,234.497,-0.910454007,0.9383607099
0.883,-2.09,-2.09,-3.60835946,-76.41,-3.097269057,235.439,-0.8890055257,0.905195913
0.884,-1.99,-1.99,-3.424001124,-73.23,-3.023548711,236.52,-0.8644976336,0.8806482281
0.885,-1.9,-1.9,-3.25908482,-70.77,-2.964573561,235.411,-0.8896418218,0.8455896976
0.886,-1.86,-1.86,-3.186094663,-69.56,-2.934900992,233.588,-0.9312329515,0.8241035386
0.887,-1.87,-1.87,-3.20432455,-69.9,-2.943284345,232.842,-0.9483463593,0.8233886495
0.888,-1.92,-1.92,-3.295650509,-71.41,-2.980088036,229.646,-1.022289347,0.8234232292
0.889,-1.96,-1.96,-3.368923107,-72.8,-3.013366796,230.511,-1.002175536,0.8389708859
0.89,-1.97,-1.97,-3.387270678,-73.21,-3.023076297,230.268,-1.007818372,0.8403272615
0.891,-1.96,-1.96,-3.368923107,-72.89,-3.015502249,227.946,-1.062041099,0.8262139284
0.892,-1.94,-1.94,-3.332263271,-72.29,-3.001221955,228.513,-1.048749865,0.8227867795
0.893,-1.92,-1.92,-3.295650509,-71.64,-2.98563368,230.996,-0.9909308484,0.828768271
0.894,-1.89,-1.89,-3.240819628,-70.9,-2.967734903,232.767,-0.9500699085,0.8272029323
0.895,-1.86,-1.86,-3.186094663,-70.04,-2.946725886,234.49,-0.9106137129,0.8259824113
0.896,-1.84,-1.84,-3.149670195,-69.2,-2.925985106,232.141,-0.9644774989,0.8095875775
0.897,-1.82,-1.82,-3.113292801,-68.7,-2.913534006,236.564,-0.8635024615,0.8242686634
0.898,-1.83,-1.83,-3.131475614,-69.17,-2.925240275,234.215,-0.9168916496,0.8150359424
0.899,-1.84,-1.84,-3.149670195,-69.22,-2.926481502,236.842,-0.8572190593,0.8324311462
0.9,-1.7,-1.7,-2.89601698,-65.04,-2.819892826,240.244,-0.7809183147,0.8042679459
0.901,-1.43,-1.431192661,-2.415455681,-57,-2.597181069,246.875,-0.6352535325,0.7472558547
0.902,-1.2,-1.202003339,-2.012437599,-49.95,-2.379932558,254.203,-0.47876055,0.7039711936
0.903,-1.14,-1.142857143,-1.909435429,-47.81,-2.309465044,257.401,-0.4118747444,0.7016527068
0.904,-1.2,-1.204013378,-2.015945284,-50.08,-2.384142643,258.759,-0.383723331,0.7283391981
0.905,-1.23,-1.235146444,-2.070335778,-51.04,-2.414986594,260.073,-0.3566243278,0.7469792248
0.906,-1.17,-1.175879397,-1.966892404,-49.1,-2.352207112,261.228,-0.332917256,0.7325144514
0.907,-1.12,-1.126571668,-1.881146814,-47.68,-2.305112688,260.843,-0.3408079466,0.710961164
0.908,-1.13,-1.137583893,-1.900272135,-48.01,-2.316144783,259.002,-0.3787015156,0.7051504702
0.909,-1.17,-1.17884131,-1.972052247,-49.19,-2.355159087,256.111,-0.4387544065,0.7058386925
0.91,-1.19,-1.2,-2.00894208,-49.98,-2.380904825,248.694,-0.5959787041,0.67484739
0.911,-1.21,-1.221194281,-2.045946784,-50.55,-2.39929726,243.976,-0.6984492083,0.6604629543
0.912,-1.24,-1.252525253,-2.10074674,-51.62,-2.433413615,241.445,-0.7542398425,0.6590260731
0.913,-1.28,-1.294018534,-2.173499057,-53.17,-2.481903844,237.578,-0.8406194085,0.6541712104
0.914,-1.33,-1.345699831,-2.264397896,-54.82,-2.532343258,233.049,-0.9435922427,0.6514499176
0.915,-1.37,-1.387341772,-2.337867839,-56.42,-2.580126957,229.48,-1.026158002,0.6482759588
0.916,-1.42,-1.439189189,-2.429628784,-58.08,-2.628565725,225.574,-1.118004742,0.6484940843
0.917,-1.47,-1.49112426,-2.521862017,-59.83,-2.67841794,222.472,-1.192086265,0.6515590434
0.918,-1.52,-1.543147208,-2.614569543,-61.64,-2.728715816,219.351,-1.26767141,0.6542332848
0.919,-1.57,-1.595258256,-2.707753374,-63.42,-2.77697356,219.15,-1.272576075,0.6686554355
0.92,-1.63,-1.657627119,-2.819700137,-65.21,-2.824342898,219.038,-1.275310974,0.6877898049
0.921,-1.68,-1.709923664,-2.913920806,-67.28,-2.877733715,223.327,-1.17156466,0.7196112847
0.922,-1.76,-1.79286927,-3.064020778,-69.91,-2.94353037,230.68,-0.9982546004,0.7773180934
0.923,-1.84,-1.87595582,-3.215187534,-72.81,-3.013604183,230.241,-1.008445721,0.7993902639
0.924,-1.9,-1.93877551,-3.330020321,-74.81,-3.060517716,236.127,-0.8733945503,0.8464907439
0.925,-1.92,-1.960851064,-3.370484144,-75.4,-3.074148306,235.73,-0.882397068,0.8518755191
0.926,-1.89,-1.931856899,-3.31735052,-74.49,-3.053085713,245.633,-0.6622367047,0.8928836173
0.927,-1.78,-1.820971867,-3.115059412,-71.29,-2.977188417,251.027,-0.5460242668,0.8841530989
0.928,-1.61,-1.648464164,-2.803224732,-66.42,-2.855728556,254.93,-0.4634818207,0.844545664
0.929,-1.46,-1.496157131,-2.530816931,-61.66,-2.729264596,256.692,-0.4266314223,0.801932927
0.93,-1.36,-1.394871795,-2.351175039,-58.76,-2.648082413,258.736,-0.3841988912,0.7753815702
0.931,-1.34,-1.375534645,-2.317015494,-58.03,-2.627123284,264.963,-0.2569654225,0.8033787204
0.932,-1.31,-1.345890411,-2.264733675,-57.24,-2.604196961,268.301,-0.1899872157,0.8105169639
0.933,-1.24,-1.275064267,-2.140240423,-54.93,-2.535663524,273.773,-0.08197172536,0.8176236256
0.934,-1.13,-1.162950257,-1.944381098,-51.64,-2.434046262,277.188,-0.01564948485,0.7937235066
0.935,-1.03,-1.060944206,-1.767465231,-48.29,-2.325463557,278.852,0.01637132867,0.7654372611
0.936,-0.94,-0.9690721649,-1.609173542,-45.6,-2.234332051,280.731,0.05230053947,0.7374657668
0.937,-0.89,-0.9183147034,-1.522146543,-43.81,-2.171659624,282.418,0.08435414162,0.7292399489
0.938,-0.83,-0.8571428571,-1.417666286,-41.72,-2.096356842,284.285,0.1196053619,0.7171697101
0.939,-0.69,-0.7131782946,-1.173515512,-37.15,-1.92336646,286.155,0.1546819198,0.6634962227
0.94,-0.44,-0.4551724138,-0.7420636058,-28.26,-1.551545578,288.145,0.191758509,0.5457204458
0.941,-0.15,-0.1553062985,-0.2504541639,-16.85,-0.9981203935,289.901,0.2242632886,0.3236439419
0.942,-4.440892099e-15,-4.601960724e-15,-7.37604422e-15,-9.78,-0.6073287432,292.087,0.2644536533,2.151233624e-14
0.943,-0.04,-0.04148660328,-0.06662537548,-11.93,-0.730280995,293.587,0.2918580372,0.1519659823
0.944,-0.19,-0.1972318339,-0.3185518006,-18.86,-1.102300896,295.463,0.3259353954,0.4103116385
0.945,-0.28,-0.2909090909,-0.4714547412,-23.01,-1.308167003,296.854,0.3510633714,0.4925848421
0.946,-0.24,-0.2495667244,-0.4038471278,-21.48,-1.233691807,298.745,0.3850355036,0.4758665274
0.947,-0.13,-0.1352992194,-0.2180305353,-17.12,-1.012288247,300.898,0.4234536941,0.3702746962
0.948,-0.03,-0.03125,-0.05016708789,-12.29,-0.7505114797,304.457,0.4863618038,0.1899191726
0.949,0.07,0.07298001738,0.1167106443,-7.44,-0.4692918355,317.426,0.7095362954,0.4857995243
0.95,0.18,0.187826087,0.2991047674,-1.54,-0.1010373766,318.508,0.7277416613,0.4772661918
0.951,0.29,0.3028720627,0.4802601113,2.19,0.1472958702,318.887,0.7341039648,0.5448833687
0.952,0.4,0.4181184669,0.6601693686,4.89,0.334848915,319.884,0.7508046427,0.6080847467
0.953,0.51,0.5335658239,0.8388251917,7.61,0.5305942766,317.892,0.7173846499,0.6721469201
0.954,0.51,0.5340314136,0.8395425204,7.83,0.5467300784,315.464,0.6763654959,0.6864079456
0.955,0.28,0.2934497817,0.4654820246,1.78,0.1193938454,309.268,0.5702409915,0.6749688381
0.956,-0.18,-0.1888111888,-0.3048579493,-14.68,-0.882267665,298.972,0.3890991326,0.6181618033
0.957,-0.62,-0.6509186352,-1.068684304,-30.5,-1.649855876,290.831,0.2413985739,0.7587623013
0.958,-0.79,-0.8301225919,-1.371656446,-36.64,-1.903326477,282.14,0.07908524056,0.751905186
0.959,-0.71,-0.7467134093,-1.230170102,-33.81,-1.789341574,263.215,-0.2923770987,0.590939649
0.96,-0.61,-0.6421052632,-1.053881434,-30.32,-1.642074484,257.659,-0.40651498,0.514442475
0.961,-0.65,-0.6848112379,-1.125695221,-31.85,-1.707566127,254.162,-0.4796235127,0.5146765516
0.962,-0.81,-0.8541300527,-1.412531856,-37.24,-1.926887284,247.849,-0.614187618,0.5558796614
0.963,-0.98,-1.034300792,-1.721457478,-43.49,-2.16028018,252.193,-0.5212314877,0.641972772
0.964,-1.13,-1.193661972,-1.997886303,-48.78,-2.341679655,254.285,-0.4770350422,0.7087933749
0.965,-1.21,-1.279295154,-2.147660601,-51.57,-2.431831192,254.284,-0.4770560816,0.7383100133
0.966,-1.19,-1.259259259,-2.112540049,-50.89,-2.410195624,254.284,-0.4770560816,0.7316785181
0.967,-1.08,-1.143865843,-1.911188613,-47.31,-2.292679647,254.418,-0.4742375356,0.690728521
0.968,-0.94,-0.9964664311,-1.656268784,-42.78,-2.134839209,252.95,-0.5051966103,0.6273660275
0.969,-0.83,-0.8806366048,-1.457741038,-39.17,-2.00127342,256.194,-0.4370208688,0.5978527875
0.97,-0.76,-0.807079646,-1.332487027,-36.69,-1.905297862,255.415,-0.4533132062,0.5649456348
0.971,-0.71,-0.7546501329,-1.243597857,-34.93,-1.835021833,260.622,-0.3453426712,0.5703623659
0.972,-0.66,-0.7021276596,-1.15487544,-33.4,-1.772429985,270.46,-0.1471084185,0.6016422684
0.973,-0.62,-0.6601597161,-1.084215368,-31.92,-1.710527437,278.295,0.005674148241,0.6359581643
0.974,-0.59,-0.6287744227,-1.03150843,-30.66,-1.656755457,284.984,0.1327437969,0.6768376232
0.975,-0.55,-0.5866666667,-0.9609768021,-29.45,-1.604173865,286.811,0.1669325648,0.6686259307
0.976,-0.51,-0.5444839858,-0.8905288918,-27.87,-1.534097712,287.929,0.1877465243,0.6614387837
0.977,-0.45,-0.4808548531,-0.7846601328,-25.63,-1.431942035,288.823,0.2043321757,0.6391771188
0.978,-0.37,-0.3957219251,-0.6437576853,-22.43,-1.280127407,300.135,0.4098702396,0.7397327011
0.979,-0.3,-0.3211418376,-0.5210220036,-19.5,-1.134852121,296.177,0.3388483217,0.6545471319
0.98,-0.29,-0.3107142857,-0.5039136477,-19,-1.109446888,289.675,0.2200909279,0.5666051279
0.981,-0.35,-0.3753351206,-0.6101423209,-21.31,-1.225315202,273.079,-0.09555090947,0.4619259405
0.982,-0.48,-0.5152057245,-0.8417553412,-25.88,-1.443508978,268.208,-0.1918419842,0.5147245825
0.983,-0.61,-0.6553267681,-1.076091599,-30.67,-1.657186144,265.021,-0.2557944438,0.5625209194
0.984,-0.71,-0.7634408602,-1.258479113,-34.09,-1.800832412,261.674,-0.3237908783,0.5923304702
0.985,-0.77,-0.8286995516,-1.369235689,-36.18,-1.885121286,262.158,-0.3139044997,0.622655586
0.986,-0.8,-0.8617594255,-1.425535927,-37.35,-1.931184161,261.76,-0.3220328725,0.6326669405
0.987,-0.83,-0.8948787062,-1.482066303,-38.23,-1.965308913,262.409,-0.3087846576,0.6517173796
0.988,-0.84,-0.9064748201,-1.501889897,-38.62,-1.980291037,263.187,-0.2929462454,0.6606832946
0.989,-0.81,-0.8748874887,-1.447928409,-37.75,-1.946750432,259.426,-0.3699504431,0.6249958397
0.99,-0.75,-0.8108108108,-1.338825186,-35.46,-1.856376878,264.23,-0.2717863007,0.6290989337
0.991,-0.65,-0.703336339,-1.156913525,-32,-1.713908066,266.81,-0.2198011071,0.5982872405
0.992,-0.55,-0.59566787,-0.9760365258,-28.6,-1.566675717,269.725,-0.1616673286,0.5647238426
0.993,-0.51,-0.5528455285,-0.9044765893,-26.77,-1.484347965,271.219,-0.1321155808,0.5595403569
0.994,-0.52,-0.5641952984,-0.9234220443,-27.19,-1.503437456,274.079,-0.07599529315,0.5846542342
0.995,-0.58,-0.6298642534,-1.033336696,-29.47,-1.605050575,277.296,-0.01356538501,0.6384075787
0.996,-0.67,-0.7282608696,-1.198979803,-32.46,-1.733269745,279.373,0.02635780656,0.7024262797
0.997,-0.75,-0.8159564823,-1.347568867,-35.15,-1.843906461,277.578,-0.008127393216,0.7276156772
0.998,-0.81,-0.8820326679,-1.460124434,-37.47,-1.935863705,275.023,-0.05760014989,0.7324559361
0.999,-0.87,-0.9482288828,-1.573399678,-39.54,-2.015293156,272.605,-0.104845302,0.7421211914
1,-0.93,-1.014545455,-1.687397969,-41.61,-2.092328755,269.206,-0.1719716193,0.7452182531
1.001,-0.99,-1.080982712,-1.802122693,-43.5,-2.160636602,266.193,-0.2321873469,0.7531363491
1.002,-1.02,-1.114754098,-1.860638697,-44.71,-2.203377687,262.697,-0.3029161276,0.7423865018
1.003,-1.03,-1.126709207,-1.881385595,-44.94,-2.211416083,260.458,-0.3487102924,0.7348799702
1.004,-1,-1.094890511,-1.826204614,-44.07,-2.180865926,256.705,-0.4263604819,0.7004395969
1.005,-1.01,-1.106849315,-1.846929972,-44.2,-2.185455846,255.287,-0.4559950051,0.6992104249
1.006,-1.08,-1.18464351,-1.982163046,-46.96,-2.280856301,253.76,-0.4880921376,0.7158540831
1.007,-1.2,-1.31747484,-2.214715856,-51.05,-2.415305621,256.524,-0.4301340412,0.7783387171
1.008,-1.31,-1.43956044,-2.430286974,-54.65,-2.52720162,257.67,-0.4062865823,0.8284631831
1.009,-1.35,-1.48487626,-2.510749188,-56.26,-2.57539756,260.962,-0.338367763,0.8616854514
1.01,-1.35,-1.486238532,-2.513171763,-56.09,-2.570360749,263.522,-0.2861407789,0.8798076031
1.011,-1.31,-1.443526171,-2.437318828,-54.85,-2.533249305,268.398,-0.188053357,0.8956441569
1.012,-1.21,-1.334558824,-2.244776132,-51.8,-2.43910083,270.712,-0.1421258987,0.8696547682
1.013,-1.06,-1.170193192,-1.956989562,-46.9,-2.278823328,272.692,-0.1031381589,0.8215874071
1.014,-0.86,-0.9502762431,-1.576911351,-40.68,-2.058010061,276.066,-0.03734913177,0.7525732853
1.015,-0.67,-0.7410138249,-1.220531826,-34.02,-1.797964144,279.139,0.02187482294,0.6872018267
1.016,-0.58,-0.6420664207,-1.053816215,-30.86,-1.665357204,281.875,0.07405789163,0.6622363288
1.017,-0.65,-0.7202216066,-1.185403581,-33.27,-1.767046425,285.904,0.149987124,0.7330612922
1.018,-0.77,-0.853974122,-1.412266148,-37.78,-1.947914198,288.427,0.1969918541,0.8065841144
1.019,-0.83,-0.9213691027,-1.527374938,-39.79,-2.024722628,288.936,0.2064249169,0.8400026732
1.02,-0.73,-0.8111111111,-1.33933538,-36.52,-1.898589211,289.263,0.2124762943,0.7943331475
1.021,-0.54,-0.6005560704,-0.9842188659,-29.7,-1.615114317,288.967,0.2069988886,0.6989617796
1.022,-0.35,-0.3896103896,-0.6336753719,-22.57,-1.286917052,292,0.2628598839,0.6187890596
1.023,-0.26,-0.2896935933,-0.469464155,-19,-1.109446888,293.514,0.2905276017,0.5732728031
1.024,-0.33,-0.3680297398,-0.598108539,-21.37,-1.228273985,293.926,0.2980320289,0.6429601834
1.025,-0.48,-0.5358139535,-0.8760752986,-26.75,-1.483436028,291.926,0.2615038901,0.7169590451
1.026,-0.59,-0.6592178771,-1.082632002,-30.98,-1.670506155,288.772,0.2033873961,0.7379307199
1.027,-0.57,-0.6374650513,-1.046091444,-30,-1.628190126,286.163,0.154831487,0.7100046221
1.028,-0.61,-0.6828358209,-1.122368652,-31.59,-1.696540279,281.079,0.05892840383,0.685369146
1.029,-0.89,-0.9971988796,-1.657529196,-41.36,-2.083149618,275.405,-0.05017429101,0.7769702427
1.03,-1.22,-1.368224299,-2.304113054,-53,-2.476638538,269.692,-0.1623219242,0.8731138971
1.031,-1.42,-1.594013096,-2.705523081,-60.05,-2.684599146,264.399,-0.2683655651,0.9162056934
1.032,-1.39,-1.561797753,-2.647883317,-59.28,-2.662881651,258.571,-0.3876117583,0.868018042
1.033,-1.31,-1.473289597,-2.490153055,-56.83,-2.592197003,255.407,-0.4534807793,0.8176022656
1.034,-1.38,-1.553470919,-2.633004792,-59.17,-2.659760031,249.904,-0.5700118422,0.8152293397
1.035,-1.52,-1.712676056,-2.9188886,-64.21,-2.798020152,247.739,-0.6165625747,0.8548302483
1.036,-1.66,-1.872180451,-3.20830105,-69.07,-2.92275545,245.547,-0.6641101523,0.8944581163
1.037,-1.75,-1.975540922,-3.39744199,-72.26,-3.000505213,245.025,-0.6754956413,0.9242223072
1.038,-1.78,-2.011299435,-3.463169773,-73.53,-3.030621398,244.626,-0.6842147105,0.9322537176
1.039,-1.76,-1.990574929,-3.425057691,-72.98,-3.017635391,244.619,-0.6843678035,0.9251903661
1.04,-1.71,-1.935849057,-3.324660525,-71.28,-2.976946588,236.781,-0.8585971596,0.8668029213
1.041,-1.64,-1.858356941,-3.18310051,-69.17,-2.925240275,237.769,-0.8363200228,0.8462181272
1.042,-1.57,-1.780718336,-3.041981597,-67.14,-2.874168314,245.707,-0.6606251933,0.8605825461
1.043,-1.49,-1.691579943,-2.880834983,-64.78,-2.813067275,247.9,-0.6130868594,0.8408363636
1.044,-1.41,-1.602272727,-2.720320902,-62.21,-2.744297111,251.616,-0.5334859387,0.829927076
1.045,-1.35,-1.535545024,-2.601002195,-60.62,-2.700526373,251.278,-0.5406775149,0.8024802772
1.046,-1.35,-1.537001898,-2.603601699,-60.65,-2.701361162,248.271,-0.6050861888,0.7874317726
1.047,-1.38,-1.572649573,-2.667285775,-61.57,-2.726793898,246.747,-0.6380281253,0.7926974315
1.048,-1.38,-1.574144487,-2.669959686,-61.63,-2.72844137,239.691,-0.7932472814,0.7581475679
1.049,-1.34,-1.529971456,-2.591059567,-60.34,-2.692718233,240.742,-0.7698398178,0.7483079068
1.05,-1.29,-1.474285714,-2.491923105,-58.68,-2.645796009,235.67,-0.8837589688,0.7060162317
1.051,-1.25,-1.42993327,-2.413224214,-57.72,-2.618157391,236.547,-0.8638869379,0.6930481021
1.052,-1.25,-1.43129771,-2.415641822,-57.63,-2.615547027,237.133,-0.8506497246,0.6969142248
1.053,-1.27,-1.455587393,-2.458716613,-58.17,-2.631159558,239.168,-0.8049336071,0.7155558639
1.054,-1.28,-1.468451243,-2.481557206,-58.72,-2.646939532,241.552,-0.7518694343,0.7301255325
1.055,-1.28,-1.469856459,-2.484053439,-58.68,-2.645796009,244.759,-0.681306775,0.7466115717
1.056,-1.26,-1.448275862,-2.445743201,-58.11,-2.629430702,248.452,-0.6011872348,0.7570512046
1.057,-1.23,-1.41514861,-2.387041789,-57.01,-2.597473875,253.424,-0.4951806903,0.7718423569
1.058,-1.17,-1.347408829,-2.267409109,-55.29,-2.546493313,262.116,-0.314761685,0.7924526512
1.059,-1.08,-1.244956772,-2.087498382,-52.53,-2.462013965,277.546,-0.008744192347,0.844881712
1.06,-0.93,-1.073076923,-1.788443646,-47.9,-2.312473353,285.409,0.1407163717,0.8235008158
1.061,-0.74,-0.85466795,-1.413448464,-41.45,-2.086458016,289.515,0.2171350757,0.7561285605
1.062,-0.53,-0.612716763,-1.004586803,-34.45,-1.815536867,294.909,0.3158946046,0.6698842969
1.063,-0.36,-0.4165863067,-0.6782111603,-28.21,-1.549314217,300.659,0.4192025589,0.6001275673
1.064,-0.21,-0.2432432432,-0.3935240073,-22.59,-1.287885884,307.428,0.5383159289,0.5249997077
1.065,-0.05,-0.05797101449,-0.0931547322,-15.73,-0.9387685842,313.813,0.6482924207,0.3206966488
1.066,0.17,0.1972920696,0.3140690365,-5.56,-0.3551354707,327.256,0.8727006966,0.6068202051
1.067,0.42,0.4878993224,0.7683433787,4,0.2722904524,333.377,0.971842844,0.617573198
1.068,0.74,0.8604651163,1.336196068,12.45,0.8963037849,336.482,1.02144095,0.6967538711
1.069,1.07,1.245392823,1.905733219,19.3,1.453539523,337.957,1.044841918,0.7627871341
1.07,1.16,1.351456311,2.059599967,21.15,1.612301236,338.009,1.045665036,0.7748781422
1.071,0.81,0.944606414,1.462180327,14.85,1.086145675,337.034,1.030210455,0.6908952166
1.072,0.12,0.140077821,0.2234613209,-3.99,-0.2575376895,337.724,1.041152159,0.2851674256
1.073,-0.55,-0.6426484907,-1.05479357,-32.26,-1.724867705,335.406,1.004305342,1.463847717
1.074,-0.81,-0.9473684211,-1.571923945,-42.41,-2.121475107,332.564,0.9587799686,1.351965698
1.075,-0.54,-0.632195122,-1.037247357,-33.48,-1.775737829,329.143,0.9034608831,1.189126186
1.076,-0.1,-0.1171875,-0.1887191656,-16.62,-0.9860086693,325.767,0.8483028919,1.370452055
1.077,0.18,0.211143695,0.3359473301,-2.88,-0.1872729021,321.286,0.774201595,0.5723818484
1.078,0.22,0.2583170254,0.4102870264,-0.72,-0.04749702857,316.628,0.6960696119,0.6326000156
1.079,0.07,0.08227228208,0.131525977,-6.71,-0.4253131045,303.075,0.4620216448,3.58298031
1.08,-0.11,-0.1294117647,-0.2084982508,-13.81,-0.8348162301,295.13,0.319902306,0.4049186496
1.081,-0.24,-0.2826300294,-0.4578997965,-18.55,-1.086426804,293.056,0.2821729279,0.5693473296
1.082,-0.27,-0.3182711198,-0.5163107758,-19.64,-1.141933154,289.98,0.2257210015,0.5635275349
1.083,-0.16,-0.1887905605,-0.3048244133,-14.93,-0.8957961546,287.095,0.172227509,0.4212791905
1.084,-0.09,-0.1062992126,-0.1711165243,-11.78,-0.7218216224,284.218,0.1183443307,0.2835508919
1.085,-0.29,-0.3428571429,-0.5566911086,-18.86,-1.102300896,281.108,0.0594803554,0.5338321283
1.086,-0.7,-0.8284023669,-1.368730173,-32.88,-1.750833812,276.323,-0.0323709367,0.7675675909
1.087,-1.1,-1.303060217,-2.189379194,-46.16,-2.253601936,275.405,-0.05017429101,0.9503436873
1.088,-1.31,-1.553359684,-2.63280609,-53.14,-2.480975612,276.268,-0.03343591967,1.047086388
1.089,-1.35,-1.602373887,-2.720502188,-54.56,-2.524474492,277.795,-0.003946599195,1.075968793
1.09,-1.36,-1.615841584,-2.744648075,-55.03,-2.538677405,274.606,-0.06571817288,1.053852225
1.091,-1.37,-1.629335976,-2.768863232,-55.22,-2.544391893,274.148,-0.07464858822,1.057205206
1.092,-1.32,-1.571428571,-2.665102,-53.61,-2.495471811,273.189,-0.09339628936,1.029446807
1.093,-1.22,-1.453823237,-2.455585761,-50.73,-2.405073707,270.997,-0.136496492,0.9661687731
1.094,-1.18,-1.407554672,-2.373603545,-49.22,-2.356142214,269.007,-0.1759278599,0.9374162149
1.095,-1.23,-1.468656716,-2.481922196,-51.04,-2.414986594,266.182,-0.2324084317,0.9374959806
1.096,-1.36,-1.625498008,-2.761973968,-55.52,-2.553383175,263.78,-0.2809054484,0.974485783
1.097,-1.47,-1.758723829,-3.002132478,-59.2,-2.660611859,264.472,-0.2668886454,1.025493411
1.098,-1.47,-1.760479042,-3.005310441,-59.15,-2.659191947,264.429,-0.2677585624,1.026771868
1.099,-1.35,-1.618381618,-2.74920443,-55.3,-2.546793344,267.567,-0.2046434461,0.9991886565
1.1,-1.12,-1.344,-2.261403175,-48.15,-2.320808953,270.419,-0.1479195056,0.9160194053
1.101,-0.87,-1.045045045,-1.740000565,-40.06,-2.034867387,274.106,-0.07546828128,0.8245136503
1.102,-0.71,-0.8537074148,-1.411811681,-34.7,-1.825702491,276.943,-0.02038031596,0.7647607549
1.103,-0.69,-0.8304914744,-1.372283997,-33.98,-1.796323806,281.355,0.06417915367,0.7922456105
1.104,-0.74,-0.8915662651,-1.47640658,-35.5,-1.857981814,285.62,0.1446701115,0.861726782
1.105,-0.73,-0.8804020101,-1.457340554,-35.17,-1.844712726,290.728,0.2395034953,0.9078819919
1.106,-0.65,-0.7847082495,-1.29451892,-32.34,-1.728231485,295.28,0.3226207559,0.9209654513
1.107,-0.56,-0.6767371601,-1.112101508,-29.3,-1.597590361,295.338,0.3236715197,0.8729767332
1.108,-0.55,-0.6653225806,-1.092896735,-28.79,-1.575098129,296.156,0.3384689742,0.8837707984
1.109,-0.66,-0.7991927346,-1.31909486,-32.52,-1.735785544,294.712,0.3123195961,0.9266781986
1.11,-0.85,-1.03030303,-1.714561366,-39.16,-2.000893443,290.567,0.2365399397,0.9717788204
1.111,-1.06,-1.286147624,-2.159683011,-46.33,-2.259420357,287.77,0.1847913341,1.040997203
1.112,-1.23,-1.493927126,-2.526848747,-52.09,-2.448232362,282.968,0.09476296295,1.073669684
1.113,-1.32,-1.604863222,-2.724963644,-55.46,-2.551588005,277.174,-0.01591970539,1.061326373
1.114,-1.38,-1.679513185,-2.859092254,-57.47,-2.610898169,272.391,-0.1090468009,1.051158125
1.115,-1.44,-1.754314721,-2.994151014,-59.34,-2.664582329,268.225,-0.1915028924,1.048340922
1.116,-1.49,-1.817073171,-3.107973228,-60.94,-2.709412928,264.921,-0.2578135327,1.04743378
1.117,-1.53,-1.86775178,-3.200225045,-62.64,-2.755971177,260.002,-0.3580850786,1.027670916
1.118,-1.62,-1.979633401,-3.404956758,-65.41,-2.829565395,252.251,-0.5200012223,1.01653651
1.119,-1.7,-2.079510703,-3.58896632,-68.44,-2.907027918,246.787,-0.6371609104,1.012634059
1.12,-1.74,-2.130612245,-3.683567541,-69.65,-2.937123618,243.824,-0.7017833618,1.01227307
1.121,-1.7,-2.083758938,-3.59681911,-68.52,-2.909032101,235.489,-0.8878694709,0.9473037532
1.122,-1.64,-2.012269939,-3.464955754,-66.56,-2.859327706,237.13,-0.8507174086,0.9339389812
1.123,-1.61,-1.977482088,-3.401006188,-65.85,-2.841006176,244.312,-0.6910863393,0.9628870629
1.124,-1.64,-2.016393443,-3.472545322,-66.65,-2.861637953,244.989,-0.6762817413,0.9815218041
1.125,-1.65,-2.030769231,-3.499020508,-67.27,-2.877479259,246.789,-0.6371175534,0.9955681107
1.126,-1.63,-2.008213552,-3.457491674,-66.49,-2.857528959,248.572,-0.5986038585,1.000393173
1.127,-1.55,-1.911613566,-3.280311992,-64.08,-2.794572188,250.666,-0.5537235982,0.9796960008
1.128,-1.44,-1.777777778,-3.036650667,-60.75,-2.704141287,252.349,-0.5179231406,0.9424549804
1.129,-1.36,-1.680741504,-2.861304742,-58.43,-2.638634404,254.612,-0.4701595832,0.9203905934
1.13,-1.38,-1.707216495,-2.909035504,-58.87,-2.651222028,256.839,-0.4235685107,0.9460922517
1.131,-1.43,-1.770897833,-3.024182011,-60.72,-2.703307654,260.02,-0.3577147097,0.98796469
1.132,-1.4,-1.73553719,-2.960185129,-59.98,-2.682634453,263.303,-0.2905887457,0.9956148366
1.133,-1.25,-1.551189245,-2.628929283,-55.16,-2.542588998,264.803,-0.2601970381,0.9379700231
1.134,-1.01,-1.254658385,-2.104481931,-47.84,-2.310468255,265.978,-0.2365102058,0.826266089
1.135,-0.82,-1.019689119,-1.696261565,-41.69,-2.095258922,267.939,-0.197210475,0.7399276812
1.136,-0.73,-0.9087136929,-1.50571908,-38.45,-1.973770984,271.041,-0.1356279182,0.7138142901
1.137,-0.68,-0.8473520249,-1.400984628,-36.85,-1.91159652,272.547,-0.1059837001,0.694388562
1.138,-0.65,-0.8108108108,-1.338825186,-35.73,-1.867191837,275.005,-0.05795031389,0.6954422485
1.139,-0.62,-0.7741935484,-1.27669401,-34.68,-1.824890619,278.204,0.003924459547,0.7011080375
1.14,-0.59,-0.7375,-1.214591682,-33.65,-1.782754074,281.355,0.06417915367,0.7067435161
1.141,-0.57,-0.7132429614,-1.173624633,-33.1,-1.759990826,282.388,0.08378580488,0.7001677114
1.142,-0.6,-0.751565762,-1.23837868,-33.96,-1.795503274,283.875,0.111883944,0.7355455346
1.143,-0.68,-0.8526645768,-1.410034774,-37.14,-1.922974969,283.195,0.09905307044,0.773078483
1.144,-0.78,-0.9790794979,-1.626367552,-40.95,-2.068022205,283.634,0.1073400511,0.8294906692
1.145,-0.81,-1.017801047,-1.693007666,-42.27,-2.116399338,285.876,0.1494631462,0.8607333947
1.146,-0.75,-0.9433962264,-1.565112567,-40.06,-2.034867387,287.874,0.1867244733,0.8468568937
1.147,-0.62,-0.7806925498,-1.287709822,-35.69,-1.865592339,287.852,0.1863155983,0.7668240683
1.148,-0.5,-0.6302521008,-1.03398737,-31.59,-1.696540279,289.356,0.2141960788,0.6975352756
1.149,-0.41,-0.5173501577,-0.8453242478,-28.19,-1.548421217,289.58,0.2183360876,0.6355414621
1.15,-0.29,-0.3663157895,-0.5952861456,-23.71,-1.341697053,289.241,0.2120693827,0.5269755345
1.151,-0.16,-0.2023182297,-0.3268274598,-18.47,-1.082318874,294.985,0.3172731574,0.4271999079
1.152,-0.08,-0.1012658228,-0.162983968,-14.99,-0.8990359156,296.144,0.3382521922,0.290636053
1.153,-0.08,-0.1013727561,-0.1631567114,-14.75,-0.88606044,295.538,0.3272932611,0.2919940854
1.154,-0.11,-0.1395348837,-0.2248909551,-16.3,-0.9690918569,296.942,0.3526491012,0.3648205012
1.155,-0.17,-0.2158730159,-0.3488962133,-18.49,-1.083346295,299.891,0.4055190946,0.5147273715
1.156,-0.26,-0.3305084746,-0.536400639,-22.41,-1.27915634,303.091,0.4623040757,0.6566678728
1.157,-0.39,-0.4962884411,-0.8102954007,-27.89,-1.534994891,303.616,0.4715630778,0.7619627237
1.158,-0.5,-0.6369426752,-1.045214638,-32.15,-1.720236044,307.137,0.5332494181,0.8805614272
1.159,-0.5,-0.6376195537,-1.046350782,-32.28,-1.725709021,309.121,0.5676974469,0.9035754095
1.16,-0.38,-0.485106383,-0.7917191481,-27.94,-1.537236694,312.162,0.6200712602,0.8632239273
1.161,-0.19,-0.2428115016,-0.3928193581,-20.38,-1.179126991,316.7,0.6972860432,0.8152469399
1.162,-0.02,-0.02558635394,-0.04106644483,-12.98,-0.7890036076,328.355,0.8906371117,-0.4040640457
1.163,0.04,0.05122732124,0.08198900399,-10.46,-0.6466132496,327.786,0.8813581586,0.3492685073
1.164,-0.06,-0.07692307692,-0.1236949467,-14.5,-0.8724976531,327.324,0.8738122491,-94.0935061
1.165,-0.22,-0.2823529412,-0.4574462716,-21.86,-1.25234219,326.532,0.8608515909,1.168473196
1.166,-0.36,-0.4625267666,-0.7542534989,-27.79,-1.530506376,325.539,0.844557187,1.09957634
1.167,-0.41,-0.5273311897,-0.8619424578,-29.86,-1.622095229,323.723,0.8146289752,1.067465611
1.168,-0.37,-0.4763948498,-0.7772572655,-28.54,-1.564011148,321.87,0.7839174364,0.996363968
1.169,-0.26,-0.3351235231,-0.5439816644,-24.36,-1.372529991,317.959,0.7185121153,0.8317535108
1.17,-0.09,-0.1161290323,-0.1870073727,-17.36,-1.024836452,312.854,0.6319180018,0.4759444931
1.171,0.08,0.1033369214,0.1650732348,-9.35,-0.5822956888,305.05,0.4967720239,-1.930146877
1.172,0.19,0.2456896552,0.390413424,-3.92,-0.2531376369,297.835,0.3687141258,3.377965774
1.173,0.21,0.2718446602,0.4315566919,-2.46,-0.1604107785,298.072,0.3729696559,2.030292488
1.174,0.17,0.2203023758,0.3504008352,-4.18,-0.2694597005,298.315,0.3773294091,3.248371019
1.175,0.07,0.09081081081,0.145130615,-8.26,-0.5181705062,299.289,0.3947687322,-1.176082079
1.176,-0.11,-0.1428571429,-0.2302734286,-14.8,-0.8887672793,300.436,0.4152329699,0.486286683
1.177,-0.33,-0.429035753,-0.6987934078,-23.3,-1.322099131,301.851,0.4403713638,0.7925273918
1.178,-0.52,-0.6767895879,-1.112189752,-30.25,-1.63904284,303.417,0.4680553606,0.9497879116
1.179,-0.58,-0.7557003257,-1.245375183,-32.39,-1.73033184,303.845,0.4755967526,0.9925403338
1.18,-0.49,-0.6391304348,-1.048886999,-29.1,-1.588789859,304.96,0.4951933612,0.9591170067
1.181,-0.35,-0.4570184984,-0.745122906,-23.74,-1.343126497,305.809,0.5100669155,0.8944413131
1.182,-0.31,-0.4052287582,-0.6594500208,-22.06,-1.262117344,306.953,0.5300433733,0.9007969781
1.183,-0.42,-0.5496183206,-0.899092383,-26.06,-1.451811216,307.26,0.5353915184,0.9810923812
1.184,-0.64,-0.8384279476,-1.385789577,-34.05,-1.799193764,308.545,0.5577192357,1.116244873
1.185,-0.86,-1.127868852,-1.883398939,-42.07,-2.10913,305.495,0.5045707952,1.173779648
1.186,-1.01,-1.326039387,-2.229781389,-47.28,-2.291668598,301.309,0.4307563337,1.198219514
1.187,-1.09,-1.43263965,-2.418019777,-49.96,-2.380256694,296.718,0.3486117732,1.190178339
1.188,-1.11,-1.460526316,-2.467483686,-50.96,-2.412432712,291.015,0.2447822872,1.138321778
1.189,-1.13,-1.488474204,-2.517148008,-51.42,-2.427077018,285.063,0.1342266571,1.097824809
1.19,-1.14,-1.503296703,-2.543525383,-51.74,-2.437206744,277.733,-0.005140778431,1.04142648
1.191,-1.13,-1.491749175,-2.522973757,-51.67,-2.434994889,272.633,-0.1042958172,0.9935742098
1.192,-1.12,-1.480176211,-2.502392606,-51.33,-2.424219533,269.329,-0.169527767,0.9647788767
1.193,-1.11,-1.468577729,-2.481781887,-50.89,-2.410195624,269.618,-0.1637900965,0.9641785762
1.194,-1.09,-1.443708609,-2.437642364,-50.39,-2.394149901,267.536,-0.2052633268,0.9377663922
1.195,-1.08,-1.432044199,-2.416964595,-49.91,-2.378635538,264.842,-0.2594091518,0.9161954702
1.196,-1.06,-1.407079646,-2.372763164,-49.27,-2.357779802,262.472,-0.3075003665,0.8902490596
1.197,-1.02,-1.355481728,-2.281638008,-47.9,-2.312473353,262.663,-0.3036086051,0.8721584586
1.198,-0.93,-1.237250554,-2.074015844,-45.27,-2.22290193,262.537,-0.3061756273,0.820068107
1.199,-0.8,-1.065482797,-1.77531078,-40.95,-2.068022205,262.461,-0.3077245856,0.7472643075
1.2,-0.67,-0.8933333333,-1.479425678,-36.57,-1.900564092,263.506,-0.2864656193,0.6764543116
1.201,-0.63,-0.8409343715,-1.390056326,-35.1,-1.841889758,264.372,-0.2689119264,0.6585442565
1.202,-0.72,-0.9621380846,-1.597266726,-38.25,-1.96607933,264.8,-0.2602576495,0.7174415825
1.203,-0.89,-1.190635452,-1.992608643,-44.74,-2.20442772,264.922,-0.257793338,0.8092728459
1.204,-1.05,-1.40625,-2.371295479,-50.57,-2.399939836,265.618,-0.2437563111,0.8969621873
1.205,-1.11,-1.488268156,-2.516781518,-52.92,-2.474156267,265.852,-0.2390452264,0.9276058283
1.206,-1.09,-1.463087248,-2.472030722,-52.3,-2.45482091,266.099,-0.2340769113,0.9193472146
1.207,-1.05,-1.410974244,-2.379653985,-50.82,-2.407956254,266.616,-0.2236925562,0.9042445085
1.208,-1.03,-1.385650224,-2.334879422,-50.28,-2.390604118,267.14,-0.2131881276,0.8967226266
1.209,-1.06,-1.427609428,-2.409107175,-51.23,-2.42104016,267.944,-0.1971106398,0.9201560029
1.21,-1.11,-1.496629213,-2.531657054,-53.14,-2.480975612,268.045,-0.195094367,0.9460354453
1.211,-1.15,-1.552305962,-2.630923877,-54.55,-2.52417126,272.866,-0.09972550602,1.00267812
1.212,-1.14,-1.540540541,-2.609916749,-54.39,-2.519313618,274.227,-0.07310712479,1.006748907
1.213,-1.09,-1.474633596,-2.492541301,-52.83,-2.471360276,274.843,-0.06110282158,0.9842359809
1.214,-1.01,-1.367945824,-2.303621682,-50.37,-2.393505636,279.317,0.02528529765,0.9727226998
1.215,-0.93,-1.261016949,-2.115619181,-47.57,-2.301423432,280.616,0.05010849067,0.9397259986
1.216,-0.83,-1.126696833,-1.881364112,-44.43,-2.193554939,282.468,0.08530123537,0.8923803185
1.217,-0.71,-0.9648924122,-1.601995626,-40.67,-2.057638472,285.747,0.1470484428,0.8384821449
1.218,-0.58,-0.7891156463,-1.301994371,-36.15,-1.88392969,289.114,0.2097197877,0.7776769025
1.219,-0.45,-0.6129398411,-1.004960599,-31.69,-1.700785973,291.52,0.254058127,0.6946438487
1.22,-0.36,-0.4909090909,-0.8013570902,-28.46,-1.560454755,294.436,0.3073069334,0.6394753088
1.221,-0.32,-0.4368600683,-0.711738417,-26.97,-1.493452755,299.135,0.3920151661,0.6461904188
1.222,-0.33,-0.4510250569,-0.7351921386,-27.05,-1.497087256,305.193,0.4992793858,0.7368073156
1.223,-0.34,-0.4652223489,-0.7587230402,-27.49,-1.517001501,310.251,0.5872188547,0.8160219414
1.224,-0.32,-0.4383561644,-0.7142144673,-26.75,-1.483436028,314.35,0.6574395711,0.8646701344
1.225,-0.25,-0.3428571429,-0.5566911086,-24.18,-1.36402063,329.657,0.9118090936,1.231041368
1.226,-0.13,-0.1784897025,-0.2880842881,-19.21,-1.120139165,332.756,0.9618678061,1.820192167
1.227,0,0,0,-13.44,-0.8144595062,334.95,0.99702682,0
1.228,0.07,0.09633027523,0.1539203413,-10.57,-0.6529333971,334.917,0.9964997004,0.4480076767
1.229,0.02,0.02755453502,0.04413924141,-12.69,-0.7728709424,335.736,1.009566524,0.1864810536
1.23,-0.1,-0.1379310345,-0.2222929845,-18.5,-1.083859896,336.092,1.015236428,3.239314341
1.231,-0.21,-0.2899884925,-0.4699470871,-23.28,-1.321140165,338.207,1.048798059,1.725576313
1.232,-0.21,-0.2903225806,-0.4704942081,-23.26,-1.320180922,340.757,1.088984473,2.035040807
1.233,-0.1,-0.1384083045,-0.2230660514,-18.77,-1.097699508,340.893,1.091119293,33.89950476
1.234,0.07,0.09699769053,0.1549829547,-11.41,-0.7008794776,341.059,1.093723875,0.3945148659
1.235,0.2,0.2774566474,0.4403741677,-4.79,-0.307528872,340.931,1.091715634,0.5615679693
1.236,0.27,0.375,0.5930408438,-1.09,-0.07172820793,340.933,1.091747019,0.5814018696
1.237,0.27,0.3754345307,0.5937184296,-0.63,-0.04158482232,340.759,1.089015873,0.5668329471
1.238,0.21,0.2923433875,0.4637460493,-2.86,-0.1859971949,341.388,1.098882225,0.5080004975
1.239,0.07,0.09756097561,0.1558797383,-8.1,-0.5086763819,337.528,1.038046355,0.2944627502
1.24,-0.15,-0.2093023256,-0.3381956723,-15.96,-0.9510336805,332.436,0.9567204197,-59.47093096
1.241,-0.4,-0.5587892899,-0.9143962446,-24.58,-1.382900269,325.469,0.8434066635,1.694915815
1.242,-0.64,-0.8951048951,-1.482452822,-32.65,-1.741228833,317.119,0.7043595148,1.429739308
1.243,-0.89,-1.246207701,-2.089687624,-41.25,-2.079100039,308.738,0.561064703,1.376573768
1.244,-1.17,-1.640186916,-2.788350361,-50.63,-2.401866441,290.088,0.2277131817,1.282499451
1.245,-1.4,-1.964912281,-3.377934478,-58.28,-2.634325334,284.325,0.1203580746,1.343666854
1.246,-1.52,-2.135831382,-3.693246712,-62.42,-2.750006971,279.41,0.02706631058,1.356344913
1.247,-1.61,-2.264947245,-3.933719665,-65.4,-2.8293046,276.889,-0.02142359262,1.379899941
1.248,-1.73,-2.436619718,-4.25649097,-69.43,-2.931686059,273.714,-0.08312481211,1.411860031
1.249,-1.81,-2.552291422,-4.47592777,-72.31,-3.001699638,274.965,-0.05872853815,1.462516848
1.25,-1.76,-2.484705882,-4.347522341,-70.64,-2.961407104,275.994,-0.03874463227,1.44910082
1.251,-1.57,-2.219081272,-3.848071509,-65.17,-2.82329673,277.819,-0.003484407817,1.361290925
1.252,-1.41,-1.995283019,-3.433711366,-60.33,-2.692438809,280.013,0.0385998058,1.29386574
1.253,-1.37,-1.940968123,-3.334036748,-58.94,-2.653217442,281.943,0.07534837899,1.293330525
1.254,-1.37,-1.943262411,-3.338240031,-58.99,-2.654641539,284.01,0.1144275929,1.314157036
1.255,-1.34,-1.90295858,-3.264490979,-58.16,-2.630871517,286.003,0.1518393482,1.316840911
1.256,-1.29,-1.834123223,-3.138976219,-56.45,-2.58101252,288.243,0.1935777697,1.31479037
1.257,-1.24,-1.765124555,-3.013723287,-54.88,-2.534154962,289.027,0.2081096268,1.295642541
1.258,-1.19,-1.695961995,-2.888735112,-53.56,-2.493934332,289.842,0.2231743578,1.272144632
1.259,-1.15,-1.640903686,-2.789638092,-52.13,-2.449488871,289.399,0.2149910612,1.248440737
1.26,-1.09,-1.557142857,-2.639564866,-50.43,-2.395437867,288.709,0.202220085,1.203512432
1.261,-1.04,-1.487485101,-2.515388771,-48.61,-2.336066847,287.676,0.1830434724,1.16830537
1.262,-0.98,-1.403341289,-2.366150463,-46.73,-2.27305349,284.601,0.1255489083,1.10181393
1.263,-0.92,-1.318996416,-2.217391765,-44.77,-2.205477289,279.828,0.03506398032,1.021644936
1.264,-0.86,-1.234449761,-2.069117403,-42.75,-2.133758352,278.179,0.003443675626,0.9712731294
1.265,-0.8,-1.149700599,-1.921332138,-40.78,-2.061722923,276.021,-0.03822127693,0.9149443771
1.266,-0.74,-1.064748201,-1.774040771,-38.94,-1.992519718,271.053,-0.1353910589,0.8337007315
1.267,-0.69,-0.993997599,-1.652020835,-37.2,-1.925323051,271.772,-0.121218343,0.8072257126
1.268,-0.64,-0.9230769231,-1.530298793,-35.54,-1.859585803,272.633,-0.1042958172,0.7792215056
1.269,-0.6,-0.8664259928,-1.433493347,-34.05,-1.799193764,274.43,-0.06914818487,0.7672542748
1.27,-0.56,-0.8096385542,-1.336833688,-32.85,-1.749582831,277.053,-0.01825575185,0.756196692
1.271,-0.54,-0.7816646562,-1.28935797,-31.96,-1.712218248,284.885,0.1308849486,0.815361297
1.272,-0.52,-0.7536231884,-1.241860003,-31.17,-1.678640148,291.599,0.2555077454,0.8726243602
1.273,-0.49,-0.7110036276,-1.169846175,-30.19,-1.636441812,298.896,0.3877389661,0.9368491304
1.274,-0.46,-0.6682808717,-1.097872521,-28.92,-1.580847375,303.169,0.4636807128,0.9827293975
1.275,-0.42,-0.6109090909,-1.001558033,-27.45,-1.515196385,306.8,0.5273760135,1.013907043
1.276,-0.37,-0.5388349515,-0.8811105243,-25.82,-1.440736739,311.292,0.6051399164,1.054468495
1.277,-0.32,-0.4665856622,-0.7609838737,-23.79,-1.345507527,313.042,0.6351319544,1.071241612
1.278,-0.25,-0.3649635036,-0.5930595557,-20.99,-1.209491929,318.742,0.7316707317,1.241174648
1.279,-0.19,-0.2777101096,-0.4498484484,-18.58,-1.087966071,322.407,0.7928358074,1.524236933
1.28,-0.2,-0.2926829268,-0.4743600143,-18.74,-1.096164401,317.743,0.7148764494,1.244099145
1.281,-0.27,-0.3956043956,-0.6435637532,-21.35,-1.227288007,312.021,0.6176541806,1.05565624
1.282,-0.37,-0.5427872861,-0.8876996701,-24.93,-1.399330515,299.616,0.4006108947,0.8888377197
1.283,-0.47,-0.6903304774,-1.134991961,-28.24,-1.550653229,283.764,0.1097915931,0.7877175243
1.284,-0.56,-0.8235294118,-1.360442685,-31.56,-1.695265355,278.718,0.01379981294,0.8090815132
1.285,-0.71,-1.045398773,-1.740611281,-36.52,-1.898589211,272.794,-0.1011373742,0.8704246341
1.286,-0.91,-1.341523342,-2.257040468,-43.68,-2.167043207,266.537,-0.2252780298,0.9434520886
1.287,-1.14,-1.682656827,-2.864755038,-51.64,-2.434046262,263.689,-0.2827514337,1.054460199
1.288,-1.34,-1.980295567,-3.406172836,-58.47,-2.639781953,262.01,-0.3169256685,1.152015442
1.289,-1.45,-2.145499383,-3.711185014,-62.4,-2.749463881,265.843,-0.2392263453,1.241742948
1.29,-1.47,-2.177777778,-3.771154987,-62.95,-2.764344966,267.83,-0.199387346,1.272434414
1.291,-1.43,-2.121137206,-3.666003762,-61.73,-2.731184136,270.328,-0.1497201628,1.272518412
1.292,-1.38,-2.04950495,-3.533561672,-60.12,-2.686561925,272.852,-0.1000000068,1.268072183
1.293,-1.33,-1.977695167,-3.401397453,-58.73,-2.647225312,273.945,-0.07861160198,1.247836008
1.294,-1.29,-1.920595533,-3.296740035,-57.38,-2.608278556,275.929,-0.04000477182,1.244859264
1.295,-1.25,-1.863354037,-3.192207723,-56.26,-2.57539756,278.187,0.003597531182,1.241234811
1.296,-1.27,-1.895522388,-3.250904921,-56.84,-2.592490517,280.784,0.05331048578,1.280297136
1.297,-1.33,-1.9875467,-3.419493051,-59.07,-2.656918019,283.813,0.1107153444,1.342977558
1.298,-1.34,-2.004987531,-3.451556915,-59.42,-2.666847679,284.103,0.1161791811,1.353196983
1.299,-1.25,-1.872659176,-3.209174178,-56.69,-2.588083433,285.07,0.1343580299,1.307878288
1.3,-1.12,-1.68,-2.859969101,-52.6,-2.464198403,288.29,0.1944500528,1.260037969
1.301,-1.04,-1.561952441,-2.648159792,-49.97,-2.380580783,290.374,0.2329851896,1.233081219
1.302,-1.03,-1.54887218,-2.624791186,-49.82,-2.375714473,290.63,0.2376997874,1.227676874
1.303,-1.03,-1.550815558,-2.628261865,-49.68,-2.371162954,290.235,0.2304235689,1.227735559
1.304,-0.97,-1.462311558,-2.470653372,-47.8,-2.309130542,292.957,0.2803652888,1.21781136
1.305,-0.88,-1.328301887,-2.233762697,-45.02,-2.214205664,296.054,0.3366260469,1.189703316
1.306,-0.79,-1.19395466,-1.998396752,-41.9,-2.102934146,299.478,0.3981461729,1.172225979
1.307,-0.68,-1.029003783,-1.712320578,-38.39,-1.971465875,302.641,0.4543550142,1.128672019
1.308,-0.56,-0.8484848485,-1.40291416,-34.35,-1.811460118,306.619,0.5242187914,1.089861031
1.309,-0.45,-0.6826801517,-1.122106528,-30.43,-1.646832218,308.31,0.5536429129,1.026452164
1.31,-0.38,-0.5772151899,-0.9451739978,-27.54,-1.519256417,310.02,0.5832339834,1.009777078
1.311,-0.32,-0.4866920152,-0.7943523925,-25.47,-1.424517135,311.214,0.6037992064,0.9678750334
1.312,-0.27,-0.4111675127,-0.6692581493,-23.68,-1.34026699,313.837,0.648701566,0.9677437972
1.313,-0.26,-0.3964421855,-0.6449462017,-23.21,-1.317781603,313.09,0.6359522287,0.9459055685
1.314,-0.26,-0.3969465649,-0.6457785248,-23.14,-1.314419647,313.402,0.6412809484,0.9593543292
1.315,-0.24,-0.3668789809,-0.5962135251,-22.27,-1.272351038,311.906,0.6156819947,0.907936092
1.316,-0.22,-0.3367346939,-0.5466288848,-21.63,-1.241065966,309.216,0.5693413725,0.8137693488
1.317,-0.26,-0.398467433,-0.6482884312,-23.16,-1.315380552,305.549,0.50551639,0.8004903308
1.318,-0.43,-0.6598465473,-1.083688875,-29.35,-1.599786467,301.651,0.4368253937,0.9318358968
1.319,-0.68,-1.044814341,-1.739602258,-39.03,-1.995948625,297.726,0.3667558042,1.067769411
1.32,-0.91,-1.4,-2.36024152,-47.52,-2.299744527,293.424,0.2888868832,1.173748688
1.321,-1.05,-1.61745828,-2.747548042,-52.73,-2.468249347,290.968,0.2439181726,1.235224356
1.322,-1.11,-1.712082262,-2.917816785,-54.87,-2.533853119,288.503,0.1984013839,1.249358632
1.323,-1.11,-1.714285714,-2.921794286,-55,-2.537773694,286.857,0.1677905523,1.232833362
1.324,-1.09,-1.68556701,-2.869998319,-54.25,-2.515054007,285.388,0.1403227116,1.208557079
1.325,-1.06,-1.641290323,-2.790332738,-53.32,-2.486538973,285.257,0.1378663683,1.1880467
1.326,-1.04,-1.612403101,-2.738481278,-52.73,-2.468249347,284.487,0.1234054788,1.167873612
1.327,-1.05,-1.630012937,-2.770078575,-53.19,-2.482522441,283.173,0.09863743961,1.162001763
1.328,-1.09,-1.694300518,-2.885739472,-54.55,-2.52417126,281.672,0.07020355456,1.175948431
1.329,-1.12,-1.743190661,-2.974024162,-55.58,-2.555176805,280.745,0.05256733627,1.18836926
1.33,-1.12,-1.745454545,-2.978119045,-55.67,-2.557864367,277.994,-0.000115468872,1.16424649
1.331,-1.1,-1.716514954,-2.925818918,-55.21,-2.544091518,274.88,-0.06038264069,1.123381819
1.332,-1.08,-1.6875,-2.873481539,-54.5,-2.522654446,272.905,-0.09896089962,1.096072902
1.333,-1.05,-1.642764016,-2.792980594,-53.67,-2.497315323,271.94,-0.1179121808,1.0679685
1.334,-1.02,-1.597911227,-2.712505909,-52.71,-2.467626621,267.955,-0.1968910088,1.018010119
1.335,-0.99,-1.552941176,-2.632058515,-51.74,-2.437206744,264.704,-0.2621975782,0.9750516043
1.336,-0.96,-1.507853403,-2.551639454,-50.8,-2.407316014,263.262,-0.2914218812,0.9454936168
1.337,-0.93,-1.462647444,-2.471249778,-49.89,-2.377986745,265.073,-0.2547448186,0.9386637865
1.338,-0.9,-1.417322835,-2.39089055,-48.97,-2.34793628,264.399,-0.2683655651,0.9138435439
1.339,-0.88,-1.387647832,-2.338408584,-48.05,-2.317478381,262.238,-0.3122721455,0.889213087
1.34,-0.85,-1.342105263,-2.258065475,-47.14,-2.286944474,265.218,-0.2518190664,0.8894351282
1.341,-0.82,-1.296442688,-2.177755716,-46.28,-2.257710568,268.651,-0.183012662,0.8922583638
1.342,-0.79,-1.250659631,-2.097480409,-45.34,-2.225331147,273.138,-0.0943951417,0.9041930587
1.343,-0.75,-1.188903567,-1.989589059,-44.12,-2.182632322,281.185,0.06094560574,0.9377393201
1.344,-0.7,-1.111111111,-1.85432,-42.47,-2.123647225,291.812,0.259414254,0.9946825472
1.345,-0.62,-0.9854304636,-1.637285521,-39.66,-2.019823652,298.113,0.3737055013,0.9946342672
1.346,-0.48,-0.7639257294,-1.259300181,-34.81,-1.830163511,306.108,0.5152952394,0.9577386637
1.347,-0.28,-0.4462151394,-0.7272254558,-27.83,-1.532302568,311.181,0.6032318818,0.7827450234
1.348,-0.08,-0.1276595745,-0.2056620951,-20.02,-1.161081853,316.888,0.7004609772,0.4464888714
1.349,0.06,0.09587217044,0.1531909476,-13.68,-0.8276758944,320.004,0.7528112438,-2.046238731
1.35,0.14,0.224,0.3562333358,-9.81,-0.6090696898,321.373,0.7756501081,2.138506671
1.351,0.2,0.3204272363,0.5077661161,-7.17,-0.4530769328,329.12,0.9030870203,1.128343853
1.352,0.26,0.4171122995,0.6586054208,-4.05,-0.2613058477,339.098,1.062874,0.8216461926
1.353,0.34,0.546184739,0.8582579842,0.27,0.0179292053,346.799,1.183014725,0.7146528347
1.354,0.4,0.6434316354,1.007386936,1.8,0.1207514154,347.704,1.196957797,0.7644986661
1.355,0.37,0.5959731544,0.9347479838,1.05,0.07008766376,345.786,1.167364505,0.7553811027
1.356,0.23,0.3709677419,0.5867520786,-3.99,-0.2575376895,344.695,1.150457871,0.6571159336
1.357,0.03,0.04845222073,0.07755538503,-11.63,-0.7133445598,340.635,1.087068689,0.2075204116
1.358,-0.13,-0.2102425876,-0.339726602,-17.88,-1.051878061,336.067,1.014838457,9.171982453
1.359,-0.24,-0.3886639676,-0.6321144351,-21.72,-1.24548284,331.125,0.9355803614,2.039720486
1.36,-0.32,-0.5189189189,-0.8479354259,-24.87,-1.396519814,324.433,0.8263499236,1.487162757
1.361,-0.43,-0.698240866,-1.148322661,-28.68,-1.570224845,316.73,0.697792808,1.316231652
1.362,-0.54,-0.8780487805,-1.453323641,-32.94,-1.75333412,303.495,0.4694305188,1.131956979
1.363,-0.65,-1.05834464,-1.762972632,-36.88,-1.912775862,293.427,0.2889415819,1.085685069
1.364,-0.75,-1.222826087,-2.04879807,-40.41,-2.04795787,288.696,0.2019791795,1.109870921
1.365,-0.85,-1.387755102,-2.338598111,-44.15,-2.183691534,285.923,0.1503426511,1.150121423
1.366,-0.98,-1.602179837,-2.720154436,-48.77,-2.341349877,283.259,0.1002619947,1.21376518
1.367,-1.12,-1.833560709,-3.137952826,-53.56,-2.493934332,282.082,0.0779853189,1.298848945
1.368,-1.21,-1.983606557,-3.412254305,-57.07,-2.599229838,279.806,0.03464334827,1.330528067
1.369,-1.25,-2.051983584,-3.538134374,-58.51,-2.640928857,278.331,0.006366174845,1.342968379
1.37,-1.24,-2.038356164,-3.513002798,-58.13,-2.63000715,276.619,-0.02664302979,1.322343011
1.371,-1.21,-1.991769547,-3.427253204,-57.05,-2.598644683,279.025,0.0196894437,1.32893086
1.372,-1.17,-1.928571429,-3.311335929,-55.8,-2.561740305,283.248,0.1000542303,1.345149555
1.373,-1.11,-1.83218707,-3.135453891,-54.22,-2.514140117,288.784,0.2036097122,1.357027756
1.374,-1.07,-1.768595041,-3.020009862,-52.83,-2.471360276,290.236,0.2304420022,1.347666221
1.375,-1.06,-1.754482759,-2.994455157,-52.46,-2.459827311,292.119,0.265039748,1.364348517
1.376,-1.08,-1.790055249,-3.058915202,-53.39,-2.4886986,294.539,0.3091781504,1.403480845
1.377,-1.12,-1.858921162,-3.184128657,-54.54,-2.523867984,296.735,0.3489182844,1.464001056
1.378,-1.1,-1.828254848,-3.128301588,-54.2,-2.513530638,298.345,0.3778674039,1.464791611
1.379,-1.05,-1.747572816,-2.981951091,-52.55,-2.462638316,298.326,0.3775266802,1.430115798
1.38,-1.01,-1.683333333,-2.865973812,-51.18,-2.419448739,299.806,0.4040024954,1.422004591
1.381,-0.99,-1.652294854,-2.810111283,-50.58,-2.400261054,301.072,0.4265465393,1.423767856
1.382,-0.95,-1.587743733,-2.69429635,-49.31,-2.35908901,301.913,0.4414701375,1.405021815
1.383,-0.83,-1.389121339,-2.341012121,-45.59,-2.2339865,303.546,0.4703294696,1.327362453
1.384,-0.67,-1.122905028,-1.874781997,-40.15,-2.038239983,305.962,0.5127429169,1.228964669
1.385,-0.55,-0.9230769231,-1.530298793,-36.13,-1.883135,308.221,0.5520983028,1.149704434
1.386,-0.53,-0.8907563025,-1.475022853,-35.35,-1.851958417,310.476,0.5910973716,1.169853616
1.387,-0.56,-0.9424964937,-1.563569995,-36.55,-1.899774315,312.776,0.6305839865,1.231942886
1.388,-0.56,-0.9438202247,-1.565839535,-36.61,-1.902142947,314.83,0.6656025785,1.266306847
1.389,-0.49,-0.8270042194,-1.366352043,-34.41,-1.813906888,315.957,0.6847198286,1.210031616
1.39,-0.39,-0.6591549296,-1.082526182,-30.65,-1.656324707,317.128,0.7045113483,1.13733031
1.391,-0.27,-0.4569816643,-0.7450618613,-26.18,-1.457333993,319.319,0.7413467684,1.040607759
1.392,-0.14,-0.2372881356,-0.3838065613,-21.21,-1.220378231,321.937,0.7850309689,0.8816101418
1.393,-0.01,-0.01697312588,-0.02723349476,-15.8,-0.9425056566,324.396,0.8257397474,0.2332315566
1.394,0.09,0.1529745042,0.243918868,-10.99,-0.6769763532,329.219,0.9046960698,1.071136359
1.395,0.16,0.2723404255,0.4323357807,-7.66,-0.4824596762,342.399,1.114702514,0.6838128566
1.396,0.18,0.3068181818,0.4864461764,-6.53,-0.4144013617,342.51,1.116436613,0.6929084769
1.397,0.15,0.2560455192,0.4067133976,-7.6,-0.4788723866,341.802,1.10536622,0.6491897863
1.398,0.09,0.1538461538,0.2453008284,-10.23,-0.6333672186,340.941,1.091872555,0.5350010322
1.399,-0.02,-0.03423680456,-0.05496796218,-14.26,-0.8594324604,337.154,1.032114968,-0.3183180682
1.4,-0.15,-0.2571428571,-0.4162214057,-19.25,-1.12217216,332.987,0.9655805002,2.658004935
1.401,-0.29,-0.4978540773,-0.8128974963,-24.6,-1.383841386,326.617,0.8622440756,1.558477164
1.402,-0.43,-0.7392550143,-1.217558363,-29.94,-1.625579557,315.989,0.685261647,1.294836938
1.403,-0.56,-0.9641319943,-1.600689977,-34.79,-1.829352954,301.68,0.437339705,1.149910015
1.404,-0.68,-1.172413793,-1.960856409,-39.04,-1.996329333,296.237,0.3399320233,1.183808014
1.405,-0.79,-1.364028777,-2.296710981,-43.13,-2.147413873,290.79,0.2406443026,1.204503689
1.406,-0.91,-1.573487032,-2.668783682,-47.45,-2.297391987,285.376,0.1400977499,1.237097673
1.407,-1.03,-1.783549784,-3.04711568,-51.83,-2.440047255,282.627,0.08831187968,1.29568816
1.408,-1.13,-1.959537572,-3.368074949,-55.64,-2.556968897,279.71,0.03280747582,1.334334215
1.409,-1.21,-2.10130246,-3.62927051,-58.47,-2.639781953,277.774,-0.004351049407,1.372574869
1.41,-1.27,-2.208695652,-3.828712223,-60.48,-2.696626096,275.461,-0.04908654916,1.394432964
1.411,-1.31,-2.281567489,-3.964816707,-61.94,-2.736931691,277.516,-0.009322506121,1.443718033
1.412,-1.33,-2.319767442,-4.036413341,-62.9,-2.762996745,279.877,0.03600072379,1.480168401
1.413,-1.34,-2.340611354,-4.075552663,-63.24,-2.772146596,282.188,0.07999534958,1.513864672
1.414,-1.34,-2.344023324,-4.081964304,-63.18,-2.770534986,284.522,0.1240636406,1.542417722
1.415,-1.32,-2.312408759,-4.022607903,-62.71,-2.757865126,286.963,0.1697671304,1.554271867
1.416,-1.28,-2.245614035,-3.897587472,-61.42,-2.72266926,289.397,0.2149540879,1.554238502
1.417,-1.2,-2.108345534,-3.642308735,-59.05,-2.656349138,290.671,0.2384544739,1.506396779
1.418,-1.1,-1.935483871,-3.323991759,-55.75,-2.560250412,291.94,0.2617604559,1.446163273
1.419,-0.98,-1.726872247,-2.94452547,-52.01,-2.445717156,293.841,0.296484647,1.370035796
1.42,-0.85,-1.5,-2.5376565,-48.04,-2.317145055,295.776,0.331599941,1.278065395
1.421,-0.72,-1.272459499,-2.135673198,-43.9,-2.17485042,298.679,0.3838534286,1.19244935
1.422,-0.62,-1.097345133,-1.830457255,-40.36,-2.046091946,297.65,0.3653899446,1.0891028
1.423,-0.56,-0.9926144756,-1.649641304,-38.29,-1.96761948,302.502,0.451897248,1.088353307
1.424,-0.53,-0.9408284024,-1.560710342,-37.43,-1.934304779,307.3,0.5360879516,1.116214818
1.425,-0.48,-0.8533333333,-1.411174263,-35.75,-1.867991233,312.265,0.6218362384,1.132422748
1.426,-0.35,-0.6231454006,-1.022067583,-31,-1.671363433,319.465,0.7437923526,1.101875214
1.427,-0.13,-0.2317979198,-0.3748514156,-22.68,-1.292242177,326.07,0.8532766818,0.8539427808
1.428,0.1,0.1785714286,0.284464375,-13.08,-0.794551446,342.012,1.108652201,0.9056468997
1.429,0.24,0.4292101341,0.6774019317,-6.21,-0.3949363368,344.765,1.151544228,0.8953143885
1.43,0.28,0.5014925373,0.7893488406,-4.14,-0.2669523509,347.938,1.200557063,0.8454850651
1.431,0.27,0.4843049327,0.7627853684,-4.86,-0.3118773546,350.283,1.236493527,0.8249751527
1.432,0.26,0.4670658683,0.7361074431,-5.24,-0.3354114036,351.909,1.261270556,0.7950533743
1.433,0.27,0.4857571214,0.7650310731,-4.61,-0.2963280737,352.582,1.271492265,0.784515141
1.434,0.3,0.5405405405,0.8495683857,-2.82,-0.1834447491,353.534,1.285918232,0.7706021041
1.435,0.38,0.6857142857,1.071880594,0.74,0.04929329924,353.769,1.289473286,0.8006478547
1.436,0.53,0.9578313253,1.481906138,4.4,0.300316544,355.488,1.315406531,0.9171782968
1.437,0.69,1.248868778,1.910796785,8.72,0.612475389,355.103,1.309609244,0.9941272889
1.438,0.78,1.413897281,2.149564234,11.04,0.7874242588,353.918,1.291726118,1.03386665
1.439,0.75,1.361573374,2.07420767,10.36,0.7356080126,353.031,1.278300956,1.029941126
1.44,0.68,1.236363636,1.892573392,8.61,0.6043087435,352.079,1.263854407,1.01306644
1.441,0.67,1.220030349,1.868743635,8.3,0.5813556798,351.503,1.255094658,1.017584628
1.442,0.73,1.331306991,2.030471126,9.89,0.7000555195,350.898,1.245878411,1.043442994
1.443,0.8,1.461187215,2.217393712,11.68,0.836603557,350.224,1.235592323,1.07006955
1.444,0.81,1.481707317,2.246744481,12.16,0.8737509405,349.256,1.220784742,1.07266947
1.445,0.74,1.355725191,2.065765135,10.43,0.7409213337,348.285,1.205889981,1.061101874
1.446,0.57,1.04587156,1.612699249,6.11,0.4217921938,348.717,1.212521814,0.9867744152
1.447,0.3,0.5513016845,0.8661326038,-0.82,-0.05405781652,344.07,1.140748461,0.7970369565
1.448,-0.01,-0.01840490798,-0.02953234935,-13.11,-0.7962142848,337.832,1.04286275,-0.1197345758
1.449,-0.3,-0.5529953917,-0.9047266478,-23.98,-1.354539769,331.186,0.9365658501,2.164552875
1.45,-0.55,-1.015384615,-1.688843804,-33.17,-1.76289821,320.946,0.7685369748,1.698420799
1.451,-0.78,-1.442218798,-2.43500045,-41.47,-2.087192618,311.287,0.6050539835,1.642896551
1.452,-1,-1.851851852,-3.171249383,-49.71,-2.372139063,290.334,0.2322481583,1.481967784
1.453,-1.21,-2.244204019,-3.894953987,-57.3,-2.605947207,282.352,0.08310372108,1.543874604
1.454,-1.37,-2.544891641,-4.461842757,-62.83,-2.761107694,275.674,-0.04495126449,1.590074486
1.455,-1.45,-2.697674419,-4.753962064,-65.9,-2.84230205,272.816,-0.1007059305,1.615341207
1.456,-1.48,-2.757763975,-4.869605431,-66.81,-2.865738335,265.714,-0.2418230565,1.567018256
1.457,-1.47,-2.743390358,-4.841904496,-66.43,-2.855985858,266.62,-0.2236122915,1.572252048
1.458,-1.43,-2.672897196,-4.706401611,-65.25,-2.82538851,275.566,-0.04704762908,1.638470408
1.459,-1.36,-2.546021841,-4.463993604,-63.1,-2.76838413,280.345,0.04493932521,1.639098246
1.46,-1.27,-2.38125,-4.152008252,-60.38,-2.693835541,284.687,0.1271653134,1.617663308
1.461,-1.18,-2.215962441,-3.842256528,-57.54,-2.612933339,287.806,0.1854605767,1.582821685
1.462,-1.08,-2.031347962,-3.500086839,-54.74,-2.529925227,291.943,0.2618154326,1.54317346
1.463,-0.99,-1.864992151,-3.195193826,-51.72,-2.436575014,297.982,0.3713540304,1.547143793
1.464,-0.86,-1.622641509,-2.756847596,-47.82,-2.309799497,304.064,0.4794514415,1.506187628
1.465,-0.69,-1.303937008,-2.190919635,-42.3,-2.117487887,308.343,0.5542155202,1.401495786
1.466,-0.49,-0.927444795,-1.537778321,-35.59,-1.861589459,314.935,0.6673865773,1.287702739
1.467,-0.33,-0.6255924171,-1.026171196,-29.64,-1.612492258,320.777,0.7657190922,1.211860788
1.468,-0.24,-0.4556962025,-0.7429315789,-26.3,-1.462847148,328.227,0.8885511574,1.293638805
1.469,-0.22,-0.4183835182,-0.6811813028,-25.69,-1.434721931,336.188,1.016764363,1.629785785
1.47,-0.24,-0.4571428571,-0.7453290057,-26.57,-1.475216641,352.376,1.268365554,3.603215317
1.471,-0.25,-0.4769475358,-0.7781745057,-27,-1.494816189,355.252,1.311853615,4.253189526
1.472,-0.22,-0.4203821656,-0.6844847924,-25.67,-1.433795568,356.629,1.332550779,6.760691627
1.473,-0.12,-0.2296650718,-0.3713734627,-21.78,-1.248424252,357.358,1.343475772,-3.907075461
1.474,0.03,0.05750798722,0.09201991716,-15.74,-0.9393026778,357.94,1.352181796,0.2228737496
1.475,0.16,0.3072,0.4870446298,-9.41,-0.5857976064,357.868,1.35110553,0.6364034856
1.476,0.26,0.5,0.7870435,-4.45,-0.2863488262,357.525,1.345975342,0.7427555731
1.477,0.33,0.6356340289,0.9954702807,-0.3,-0.0198458683,356.767,1.334620598,0.7571413251
1.478,0.41,0.7909967846,1.23155365,1.87,0.1255057383,355.951,1.322370025,0.8505934566
1.479,0.49,0.9468599034,1.465543007,3.94,0.2680991864,354.329,1.297935393,0.9358305533
1.48,0.54,1.04516129,1.611647718,5.21,0.3575202108,352.633,1.272266072,0.9888705873
1.481,0.55,1.066235864,1.642822686,5.36,0.3681799878,350.689,1.242690923,1.019835094
1.482,0.53,1.029126214,1.587892509,4.83,0.3306085758,347.29,1.190583929,1.043847182
1.483,0.51,0.9918962723,1.532621423,4.37,0.298209494,337.334,1.034970467,1.149598304
1.484,0.5,0.974025974,1.506033471,4.27,0.2911919638,338.483,1.053162244,1.120265375
1.485,0.47,0.9170731707,1.421046679,3.37,0.2284462113,341.922,1.10724417,1.063904254
1.486,0.35,0.6840390879,1.069329421,0.4,0.02658478558,351.848,1.260343105,0.8309163461
1.487,0.13,0.2544861338,0.4042597556,-7.7,-0.4848495626,348.186,1.204369027,0.561846865
1.488,-0.15,-0.2941176471,-0.4767101384,-18.1,-1.063258747,345.301,1.159855319,-4.935062682
1.489,-0.43,-0.8445171849,-1.396156722,-28.14,-1.546187575,339.715,1.072599657,2.948041257
1.49,-0.66,-1.298360656,-2.181124035,-36.4,-1.893843543,333.212,0.9691942854,2.358866366
1.491,-0.85,-1.674876847,-2.850742735,-43.14,-2.147772195,324.19,0.8223412774,2.150804464
1.492,-1.02,-2.013157895,-3.466589924,-48.98,-2.348265094,305.268,0.5005939661,1.876194238
1.493,-1.18,-2.332784185,-4.060849326,-54.67,-2.52780717,298.541,0.3813809728,1.891911928
1.494,-1.32,-2.613861386,-4.593372154,-59.5,-2.669110496,292.326,0.2688294974,1.913681005
1.495,-1.4,-2.776859504,-4.906444073,-62.09,-2.741026956,288.738,0.2027574503,1.932987834
1.496,-1.4,-2.781456954,-4.915319774,-62.18,-2.743480076,284.976,0.1325936109,1.882624863
1.497,-1.35,-2.686567164,-4.732632497,-60.83,-2.706362615,284.61,0.1257180898,1.833895545
1.498,-1.3,-2.591362126,-4.550403208,-59.22,-2.661179545,285.085,0.1346395323,1.801041418
1.499,-1.26,-2.515806988,-4.406544409,-57.84,-2.621632716,286.271,0.156850235,1.787802552
1.5,-1.21,-2.42,-4.225091649,-56.5,-2.582487618,287.128,0.1728424269,1.753408205
1.501,-1.17,-2.34,-4.074403975,-55.18,-2.543190135,289.405,0.2151019795,1.750107257
1.502,-1.13,-2.26,-3.924469479,-53.88,-2.503755071,291.168,0.2475942897,1.739445838
1.503,-1.09,-2.18,-3.775288161,-52.6,-2.464198403,294.08,0.3008343813,1.745100743
1.504,-1.05,-2.1,-3.62686002,-51.33,-2.424219533,297.214,0.3575474784,1.754927693
1.505,-1.01,-2.02,-3.479185057,-50.17,-2.387052641,300.756,0.4209283223,1.769565141
1.506,-0.97,-1.94,-3.332263271,-48.91,-2.345962384,304.59,0.4886984052,1.794178593
1.507,-0.91,-1.82,-3.113292801,-46.9,-2.278823328,307.711,0.5432385565,1.793800482
1.508,-0.81,-1.62,-2.752107905,-43.64,-2.165620988,311.568,0.6098812711,1.769002793
1.509,-0.67,-1.34,-2.254357415,-39.1,-1.9986124,316.094,0.6870391035,1.718819238
1.51,-0.51,-1.02,-1.696797377,-33.67,-1.78357836,320.933,0.7683202673,1.671296578
1.511,-0.36,-0.72,-1.185029453,-28.15,-1.546634434,323.593,0.8124801019,1.614142152
1.512,-0.23,-0.46,-0.7500646472,-23.19,-1.31682139,326.516,0.8605894355,1.644042333
1.513,-0.12,-0.24,-0.3882312192,-18.93,-1.105875675,327.531,0.8771945247,1.697696635
1.514,-0.03,-0.06,-0.0964223112,-14.94,-0.8963363049,328.061,0.8858447236,9.190446029
1.515,0.04,0.08,0.1279040512,-11.38,-0.6991767359,328.129,0.8869535488,0.6811493348
1.516,0.08,0.16,0.2550549248,-9.62,-0.5980314896,328.299,0.8897246068,0.8743947313
1.517,0.06,0.12,0.1915736352,-10.41,-0.6437372678,328.61,0.8947903012,0.7630803444
1.518,-0.01,-0.02,-0.0320936968,-12.89,-0.7840039152,329.446,0.9083836805,-0.2580298872
1.519,-0.1,-0.2,-0.32305528,-15.95,-0.9505012434,329.687,0.9122959412,8.455770832
1.52,-0.19,-0.38,-0.6178298248,-19.07,-1.113014539,330.215,0.9208572142,3.215229106
1.521,-0.29,-0.58,-0.9498290888,-22.52,-1.28449375,329.703,0.9125555751,2.553728423
1.522,-0.4,-0.8,-1.32046528,-26.36,-1.465600122,329.295,0.9059309714,2.359367634
1.523,-0.51,-1.02,-1.696797377,-30.11,-1.632970217,326.893,0.866763058,2.214541274
1.524,-0.6,-1.2,-2.00894208,-33.22,-1.764973081,324.269,0.8236448293,2.13415679
1.525,-0.67,-1.34,-2.254357415,-35.57,-1.860788174,319.694,0.7476259841,2.025183245
1.526,-0.73,-1.46,-2.466549287,-37.36,-1.93157444,314.322,0.656963011,1.935138217
1.527,-0.77,-1.54,-2.608952007,-39.01,-1.99518704,305.965,0.5127953741,1.75996133
1.528,-0.82,-1.64,-2.788014563,-40.7,-2.058753072,299.431,0.3973064794,1.67806451
1.529,-0.87,-1.74,-2.968253959,-42.22,-2.114584017,293.146,0.2838157063,1.621316003
1.53,-0.92,-1.84,-3.149670195,-44.08,-2.181219309,287.362,0.1772007275,1.571677141
1.531,-1.02,-2.04,-3.516033187,-47.17,-2.287957604,282.608,0.08795220627,1.598192982
1.532,-1.16,-2.32,-4.036849741,-51.96,-2.444143669,278.79,0.01518167652,1.661964968
1.533,-1.33,-2.66,-4.681673735,-57.92,-2.623946329,276.12,-0.03630274523,1.759862932
1.534,-1.48,-2.96,-5.261933747,-62.92,-2.763536144,272.663,-0.103707146,1.83518914
1.535,-1.55,-3.1,-5.53634642,-65.22,-2.824604353,271.835,-0.1199782927,1.880180346
1.536,-1.54,-3.08,-5.497003389,-64.83,-2.814381723,271.916,-0.1183843646,1.874340886
1.537,-1.48,-2.96,-5.261933747,-63.05,-2.767038657,273.875,-0.0799788394,1.848226698
1.538,-1.43,-2.86,-5.067336903,-61.5,-2.724870127,275.622,-0.04596052268,1.82881509
1.539,-1.41,-2.82,-4.989827681,-61,-2.71107478,280.303,0.04413775274,1.870995689
1.54,-1.41,-2.82,-4.989827681,-61.06,-2.712735254,284.224,0.118457271,1.923397459
1.541,-1.38,-2.76,-4.873916899,-59.93,-2.681229928,287.385,0.1776289159,1.946762634
1.542,-1.25,-2.5,-4.3765325,-55.93,-2.565609054,291.699,0.2573421422,1.896025315
1.543,-1.01,-2.02,-3.479185057,-48.49,-2.332096439,295.425,0.3252472785,1.733655486
1.544,-0.72,-1.44,-2.431066291,-39.2,-2.002413015,299.09,0.391210285,1.508851894
1.545,-0.5,-1,-1.66235,-31.39,-1.688030169,301.914,0.4414878578,1.333568853
1.546,-0.38,-0.76,-1.252653219,-27.17,-1.502531077,305.911,0.5118510651,1.264437764
1.547,-0.36,-0.72,-1.185029453,-26.34,-1.464682731,308.025,0.5486951163,1.293717769
1.548,-0.4,-0.8,-1.32046528,-27.75,-1.528709137,310.134,0.5852009142,1.39952705
1.549,-0.49,-0.98,-1.627949697,-30.9,-1.667074528,311.375,0.6065662004,1.535065453
1.55,-0.64,-1.28,-2.148896973,-36.41,-1.894239337,313.629,0.6451546007,1.720377258
1.551,-0.81,-1.62,-2.752107905,-42.5,-2.124732562,315.269,0.67305744,1.895815299
1.552,-0.9,-1.8,-3.07696248,-45.52,-2.231566214,315.846,0.6828399704,1.986769769
1.553,-0.85,-1.7,-2.89601698,-43.86,-2.173432812,317.624,0.7128724107,1.982812199
1.554,-0.7,-1.4,-2.36024152,-39.01,-1.99518704,318.476,0.7272041282,1.861414297
1.555,-0.56,-1.12,-1.869740365,-34,-1.797144096,319.969,0.7522260629,1.789365583
1.556,-0.47,-0.94,-1.559290311,-30.92,-1.667932812,321.858,0.7837179733,1.763474488
1.557,-0.42,-0.84,-1.388465635,-29.28,-1.596711468,323.875,0.8171404098,1.781063599
1.558,-0.39,-0.78,-1.286535713,-27.93,-1.536788464,327.958,0.8841647418,1.971328452
1.559,-0.34,-0.68,-1.117593981,-26.04,-1.450889816,330.858,0.9312646914,2.150769713
1.56,-0.28,-0.56,-0.9164173312,-23.74,-1.343126497,334.073,0.9830005378,2.544713336
1.561,-0.23,-0.46,-0.7500646472,-21.91,-1.254788614,337.463,1.037015971,3.444255606
1.562,-0.22,-0.44,-0.7169353312,-21.48,-1.233691807,345.454,1.162225334,10.03177169
1.563,-0.25,-0.5,-0.8164645,-22.51,-1.28400888,350.531,1.240279982,18.67105115
1.564,-0.3,-0.6,-0.98328792,-24.44,-1.376304822,349.085,1.218164675,6.217826024
1.565,-0.36,-0.72,-1.185029453,-26.52,-1.472929657,343.804,1.136610784,3.523529454
1.566,-0.42,-0.84,-1.388465635,-28.44,-1.559565008,337.237,1.03343186,2.63900049
1.567,-0.47,-0.94,-1.559290311,-30.39,-1.64510302,329.631,0.9113871233,2.125196303
1.568,-0.53,-1.06,-1.765833351,-32.44,-1.732430652,313.983,0.6511898588,1.633154578
1.569,-0.6,-1.2,-2.00894208,-34.81,-1.830163511,307.534,0.5401602705,1.55731553
1.57,-0.7,-1.4,-2.36024152,-38.48,-1.974922773,300.216,0.4113138951,1.50948332
1.571,-0.85,-1.7,-2.89601698,-43.63,-2.165265302,295.132,0.3199385611,1.56937897
1.572,-1,-2,-3.442384,-48.79,-2.342009385,290.946,0.2435136455,1.640405522
1.573,-1.09,-2.18,-3.775288161,-52.19,-2.451372268,289.984,0.2257947991,1.696318467
1.574,-1.12,-2.24,-3.887103539,-53.1,-2.479737343,288.952,0.206721168,1.710108173
1.575,-1.1,-2.2,-3.81251288,-52.52,-2.461701721,291.264,0.2493579291,1.723291332
1.576,-1.08,-2.16,-3.738110515,-51.74,-2.437206744,294.679,0.3117205031,1.758708405
1.577,-1.05,-2.1,-3.62686002,-51.01,-2.414029237,296.988,0.3534778184,1.760140507
1.578,-1.02,-2.04,-3.516033187,-50.03,-2.382524325,299.635,0.4009501515,1.774363652
1.579,-0.97,-1.94,-3.332263271,-48.33,-2.326791689,302.139,0.4454734354,1.771238473
1.58,-0.88,-1.76,-3.004443059,-45.4,-2.227411341,305.151,0.4985430797,1.737809136
1.581,-0.74,-1.48,-2.502079357,-40.9,-2.066171118,307.946,0.5473228114,1.647353027
1.582,-0.6,-1.2,-2.00894208,-36.21,-1.886312353,311.524,0.6091256844,1.572943196
1.583,-0.51,-1.02,-1.696797377,-33.21,-1.764558229,314.59,0.6615226317,1.538297931
1.584,-0.49,-0.98,-1.627949697,-32.16,-1.720657414,317.246,0.7065016569,1.605226501
1.585,-0.49,-0.98,-1.627949697,-32.16,-1.720657414,318.212,0.7227674179,1.631391941
1.586,-0.47,-0.94,-1.559290311,-31.74,-1.702906482,318.162,0.7219267173,1.58952342
1.587,-0.44,-0.88,-1.456654285,-30.54,-1.651582289,319.034,0.7365696307,1.591949873
1.588,-0.41,-0.82,-1.354441921,-29.5,-1.606365158,319.59,0.7458852867,1.574054159
1.589,-0.41,-0.82,-1.354441921,-29.44,-1.603735414,319.323,0.7414137856,1.570692275
1.59,-0.42,-0.84,-1.388465635,-29.88,-1.622966693,317.494,0.7106822665,1.521965732
1.591,-0.41,-0.82,-1.354441921,-29.58,-1.609867895,318.571,0.7287997718,1.537272641
1.592,-0.38,-0.76,-1.252653219,-28.19,-1.548421217,320.464,0.7604962505,1.589812828
1.593,-0.32,-0.64,-1.050346803,-26.14,-1.455494137,323.646,0.8133562852,1.635702989
1.594,-0.28,-0.56,-0.9164173312,-24.71,-1.389012656,327.878,0.8828595374,1.810553561
1.595,-0.27,-0.54,-0.8830526472,-24.16,-1.363073778,329.674,0.9120849793,1.958036764
1.596,-0.25,-0.5,-0.8164645,-23.45,-1.329282563,334.42,0.9885546727,2.396236186
1.597,-0.22,-0.44,-0.7169353312,-22.31,-1.27429681,338.319,1.050569462,3.204504669
1.598,-0.2,-0.4,-0.65081792,-21.24,-1.221860066,342.382,1.114436881,6.0584493
1.599,-0.19,-0.38,-0.6178298248,-20.78,-1.19906837,348.117,1.203308713,-145.7027907
1.6,-0.19,-0.38,-0.6178298248,-20.87,-1.203539452,359.181,1.370698494,-3.696059856
1.601,-0.19,-0.38,-0.6178298248,-20.75,-1.197576727,359.15,1.370236729,-3.578303123
1.602,-0.15,-0.3,-0.48634818,-19.47,-1.133332914,359.2,1.370981492,-2.046501537
1.603,-0.14,-0.28,-0.4535954528,-18.91,-1.104854673,357.356,1.34344583,-1.901141095
1.604,-0.17,-0.34,-0.5519948552,-19.88,-1.154039167,354.089,1.294310414,-3.935196022
1.605,-0.2,-0.4,-0.65081792,-21.12,-1.215928896,351.59,1.256418665,-16.07363857
1.606,-0.24,-0.48,-0.7832410368,-22.31,-1.27429681,348.881,1.215037302,13.21713718
1.607,-0.27,-0.54,-0.8830526472,-23.6,-1.336450457,345.397,1.16134251,5.042904476
1.608,-0.33,-0.66,-1.083946855,-25.81,-1.440274464,340.42,1.083690841,3.039811096
1.609,-0.36,-0.72,-1.185029453,-26.67,-1.479785624,333.546,0.9745542516,2.345518346
1.61,-0.35,-0.7,-1.15128818,-26.45,-1.469725083,319.59,0.7458852867,1.590528989
1.611,-0.4,-0.8,-1.32046528,-27.98,-1.53902896,318.49,0.7274393056,1.62701098
1.612,-0.48,-0.96,-1.593596467,-31.13,-1.676929612,317.098,0.7040052196,1.637944818
1.613,-0.58,-1.16,-1.939247075,-34.52,-1.818387019,317.134,0.7046125683,1.741148825
1.614,-0.58,-1.16,-1.939247075,-34.6,-1.821640736,317.3,0.7074122292,1.740439293
1.615,-0.49,-0.98,-1.627949697,-31.45,-1.690585826,318.707,0.7310832337,1.69666003
1.616,-0.41,-0.82,-1.354441921,-28.32,-1.554221063,319.634,0.7466218047,1.677121303
1.617,-0.35,-0.7,-1.15128818,-26.01,-1.449507215,320.645,0.7635171097,1.67828686
1.618,-0.34,-0.68,-1.117593981,-25.92,-1.445355796,321.408,0.7762327327,1.670236826
1.619,-0.4,-0.8,-1.32046528,-28.08,-1.543505053,323.033,0.8032135375,1.783709867
1.62,-0.49,-0.98,-1.627949697,-31.03,-1.672648878,325.346,0.8413844298,1.958401685
1.621,-0.54,-1.08,-1.800421949,-32.98,-1.754999765,327.081,0.8698390213,2.034005643
1.622,-0.56,-1.12,-1.869740365,-33.37,-1.77118854,328.1,0.8864806956,2.113398652
1.623,-0.53,-1.06,-1.765833351,-32.64,-1.740810488,328.141,0.8871492,2.068540973
1.624,-0.49,-0.98,-1.627949697,-31.01,-1.671791978,327.4,0.8750542992,2.043269373
1.625,-0.45,-0.9,-1.49081922,-29.55,-1.608554849,327.234,0.8723410273,2.024981297
1.626,-0.49,-0.98,-1.627949697,-30.99,-1.670934826,327.333,0.873959349,2.042659711
1.627,-0.7,-1.4,-2.36024152,-38.21,-1.964538269,328.358,0.8906859915,2.197920115
1.628,-0.94,-1.88,-3.222566205,-46.74,-2.273393291,329.667,0.9119713811,2.367059161
1.629,-0.94,-1.88,-3.222566205,-46.73,-2.27305349,331.225,0.9371958215,2.412357455
1.63,-0.7,-1.4,-2.36024152,-38.78,-1.986412608,333.322,0.9709601368,2.324324955
1.631,-0.53,-1.06,-1.765833351,-32.79,-1.747079211,334.449,0.9890185902,2.329409156
1.632,-0.62,-1.24,-2.078825379,-36.12,-1.882737567,335.5,1.005804509,2.370563361
1.633,-0.87,-1.74,-2.968253959,-44.96,-2.212113787,335.621,1.007733669,2.464549119
1.634,-1.03,-2.06,-3.552928391,-50.7,-2.404112018,335.717,1.009263748,2.547179122
1.635,-1.13,-2.26,-3.924469479,-53.91,-2.504673445,334.536,0.9904101012,2.591669075
1.636,-1.22,-2.44,-4.262881251,-57.33,-2.606821773,334.007,0.9819434788,2.62350803
1.637,-1.15,-2.3,-3.99934258,-54.97,-2.536869595,331.865,0.9475232312,2.516344248
1.638,-0.76,-1.52,-2.573280717,-42.68,-2.13123449,329.307,0.9061259298,2.100451176
1.639,-0.26,-0.52,-0.8497350368,-25.41,-1.421728351,324.639,0.829745849,1.435405665
1.64,-0.03,-0.06,-0.0964223112,-15.84,-0.9446394691,320.474,0.7606631933,0.5241018756
1.641,-0.19,-0.38,-0.6178298248,-21.63,-1.241065966,315.391,0.675127335,1.091690497
1.642,-0.55,-1.1,-1.83505762,-34.87,-1.832593747,310.936,0.599018044,1.487592222
1.643,-0.91,-1.82,-3.113292801,-47.51,-2.299408598,306.094,0.5150505489,1.744769108
1.644,-1.15,-2.3,-3.99934258,-56.14,-2.571843432,301.279,0.4302236314,1.867438179
1.645,-1.28,-2.56,-4.490607411,-60.61,-2.700248033,298.959,0.3888664971,1.942823952
1.646,-1.31,-2.62,-4.605105985,-61.71,-2.730635884,296.407,0.3430013196,1.928731496
1.647,-1.3,-2.6,-4.56689272,-61.59,-2.727343206,295.668,0.329646079,1.904699584
1.648,-1.31,-2.62,-4.605105985,-61.77,-2.732280187,294.4,0.3066527614,1.898521569
1.649,-1.32,-2.64,-4.643366323,-62.13,-2.742117605,293.045,0.2819721093,1.887435654
1.65,-1.32,-2.64,-4.643366323,-62.25,-2.745385969,290.776,0.2403867222,1.853639808
1.651,-1.31,-2.62,-4.605105985,-61.95,-2.737204971,290.087,0.227694739,1.835061649
1.652,-1.29,-2.58,-4.528726529,-61.25,-2.717984351,288.342,0.1954149663,1.795283236
1.653,-1.26,-2.52,-4.414510397,-60.3,-2.691600304,289.197,0.2112554666,1.779797038
1.654,-1.23,-2.46,-4.300717927,-59.33,-2.664298981,289.986,0.2258316976,1.763697203
1.655,-1.2,-2.4,-4.18734912,-58.39,-2.637486208,294.319,0.305180582,1.795368957
1.656,-1.17,-2.34,-4.074403975,-57.45,-2.610316321,298.783,0.3857159738,1.831521775
1.657,-1.14,-2.28,-3.961882493,-56.51,-2.582782512,298.502,0.3806820282,1.799137924
1.658,-1.1,-2.2,-3.81251288,-55.5,-2.552784956,298.441,0.379588624,1.754334307
1.659,-1.07,-2.14,-3.700979943,-54.57,-2.52477768,301.176,0.4283942832,1.76541178
1.66,-1.05,-2.1,-3.62686002,-53.95,-2.505897326,303.936,0.4771988099,1.78777674
1.661,-1.05,-2.1,-3.62686002,-53.71,-2.498543445,305.086,0.4974033586,1.812396866
1.662,-1.05,-2.1,-3.62686002,-53.79,-2.500997565,305.583,0.5061116787,1.818078941
1.663,-1.05,-2.1,-3.62686002,-53.96,-2.506203187,306.296,0.5185799992,1.824722132
1.664,-1.06,-2.12,-3.663896445,-54.07,-2.509564744,308.202,0.5517684968,1.871439099
1.665,-1.06,-2.12,-3.663896445,-54.14,-2.511701147,309.942,0.5818877719,1.898575526
1.666,-1.06,-2.12,-3.663896445,-54.19,-2.513225832,311.38,0.606652109,1.921717686
1.667,-1.06,-2.12,-3.663896445,-54.25,-2.515054007,311.475,0.60828411,1.921519975
1.668,-1.09,-2.18,-3.775288161,-55.26,-2.545592962,312.572,0.6270934499,1.967833787
1.669,-1.15,-2.3,-3.99934258,-57.36,-2.607695966,314.202,0.6549201295,2.04802953
1.67,-1.17,-2.34,-4.074403975,-58.26,-2.633750103,316.945,0.701423218,2.108547993
1.671,-1.13,-2.26,-3.924469479,-56.79,-2.591022532,320.752,0.7653021197,2.149545709
1.672,-0.97,-1.94,-3.332263271,-51.89,-2.441938868,323.716,0.8145132886,2.047567221
1.673,-0.72,-1.44,-2.431066291,-44.11,-2.182279147,326.423,0.8590654034,1.837243834
1.674,-0.49,-0.98,-1.627949697,-36.4,-1.893843543,327.983,0.8845725528,1.61299563
1.675,-0.32,-0.64,-1.050346803,-30.2,-1.636875475,329.905,0.9158323699,1.456704593
1.676,-0.22,-0.44,-0.7169353312,-26.47,-1.470641008,330.867,0.9314102201,1.329551922
1.677,-0.17,-0.34,-0.5519948552,-24.68,-1.387603126,331.319,0.9387139094,1.229690611
1.678,-0.12,-0.24,-0.3882312192,-22.91,-1.303349294,331.64,0.9438947731,1.080056575
1.679,-0.09,-0.18,-0.2905379208,-21.48,-1.233691807,332.201,0.9529371514,1.034846317
1.68,-0.07,-0.14,-0.2256444232,-20.7,-1.19508923,333.083,0.9671226805,0.9898137395
1.681,-0.06,-0.12,-0.1932682848,-20.38,-1.179126991,333.211,0.9691782296,0.9205497739
1.682,-0.06,-0.12,-0.1932682848,-20.14,-1.167107229,333.272,0.9701575494,0.981307941
1.683,-0.05,-0.1,-0.16093922,-19.82,-1.151016555,333.038,0.9663998388,0.8717478197
1.684,-0.04,-0.08,-0.1286572288,-19.49,-1.134345791,332.985,0.9655483667,0.762199006
1.685,-0.03,-0.06,-0.0964223112,-19.15,-1.117087496,331.835,0.947039579,0.5670302393
1.686,-0.02,-0.04,-0.0642344672,-18.85,-1.101789922,330.996,0.9334956971,0.3816795686
1.687,-0.02,-0.04,-0.0642344672,-18.79,-1.098722549,330.225,0.9210192274,0.3614702675
1.688,-0.02,-0.04,-0.0642344672,-18.47,-1.082318874,330.255,0.9215052376,0.3994342054
1.689,0.04,0.08,0.1279040512,-16.2,-0.963789633,329.888,0.9155566773,-2.651797913
1.69,0.16,0.32,0.5070971392,-10.6,-0.6546554013,329.556,0.9101697145,1.984613436
1.691,0.23,0.46,0.7251627128,-7.13,-0.45066962,327.086,0.8699208047,1.72966169
1.692,0.15,0.3,0.47575662,-10.17,-0.6299047856,325.221,0.8393285309,2.271741533
1.693,-0.06,-0.12,-0.1932682848,-18.26,-1.071513278,321.405,0.7761827959,0.6544136028
1.694,-0.34,-0.68,-1.117593981,-28.77,-1.57421266,317.375,0.7086766559,1.291216051
1.695,-0.57,-1.14,-1.904470183,-37.19,-1.924931849,313.735,0.6469624826,1.490231483
1.696,-0.73,-1.46,-2.466549287,-42.93,-2.140236312,310.275,0.5876326972,1.588653578
1.697,-0.85,-1.7,-2.89601698,-47.36,-2.294363738,307.223,0.534747237,1.645822813
1.698,-0.91,-1.82,-3.113292801,-49.66,-2.370511976,303.151,0.4633630587,1.632432985
1.699,-0.94,-1.88,-3.222566205,-50.65,-2.402508268,297.686,0.3660369742,1.582426531
1.7,-0.93,-1.86,-3.186094663,-50.44,-2.395759741,296.553,0.3456358987,1.554098634
1.701,-0.89,-1.78,-3.040679233,-49.01,-2.349251248,296.458,0.3439217652,1.516299072
1.702,-0.83,-1.66,-2.823968295,-47.28,-2.291668598,292.835,0.2781368527,1.402495045
1.703,-0.8,-1.6,-2.71624832,-46.13,-2.252573643,294.961,0.3168378633,1.403212333
1.704,-0.78,-1.56,-2.644670371,-45.61,-2.234677552,298.191,0.375105123,1.42219272
1.705,-0.77,-1.54,-2.608952007,-45.43,-2.228450748,301.004,0.425338054,1.446915668
1.706,-0.77,-1.54,-2.608952007,-45.3,-2.22394333,303.379,0.4673852837,1.485263759
1.707,-0.77,-1.54,-2.608952007,-45.23,-2.221512679,306.684,0.5253528149,1.538152188
1.708,-0.76,-1.52,-2.573280717,-44.99,-2.213159957,311.059,0.6011339774,1.596302262
1.709,-0.73,-1.46,-2.466549287,-44.09,-2.181572641,314.19,0.6547157985,1.615442404
1.71,-0.68,-1.36,-2.289605043,-42.33,-2.118575954,318.656,0.7302270497,1.649156805
1.711,-0.61,-1.22,-2.043860193,-39.85,-2.02698052,324.331,0.8246676477,1.699940373
1.712,-0.52,-1.04,-1.731291827,-37.12,-1.922191812,328.096,0.8864154712,1.671491961
1.713,-0.45,-0.9,-1.49081922,-34.45,-1.815536867,331.212,0.9369858393,1.696906808
1.714,-0.37,-0.74,-1.218817799,-31.72,-1.702058465,337.045,1.030385063,1.814598874
1.715,-0.29,-0.58,-0.9498290888,-28.92,-1.580847375,340.248,1.080987026,1.900188904
1.716,-0.22,-0.44,-0.7169353312,-26,-1.449046214,350.009,1.232306988,3.307824535
1.717,-0.13,-0.26,-0.4208897992,-22.82,-1.299007415,354.693,1.303428594,-95.19854182
1.718,-0.05,-0.1,-0.16093922,-19.42,-1.130799456,354.674,1.303142001,-0.9338333729
1.719,0.01,0.02,0.0320466232,-16.87,-0.9991717239,352.268,1.266725577,0.1197763473
1.72,0.02,0.04,0.0640461728,-16.58,-0.9838982539,349.37,1.222530741,0.2683883223
1.721,-0.03,-0.06,-0.0964223112,-18.65,-1.09155514,345.284,1.159591919,-1.41720863
1.722,-0.12,-0.24,-0.3882312192,-22.24,-1.270890974,336.234,1.017496344,1.532120938
1.723,-0.23,-0.46,-0.7500646472,-26.38,-1.466517247,327.946,0.8839689814,1.287557945
1.724,-0.33,-0.66,-1.083946855,-30.59,-1.653738882,327.492,0.8765574478,1.394715324
1.725,-0.37,-0.74,-1.218817799,-32.07,-1.716862858,327.676,0.8795624786,1.455651794
1.726,-0.25,-0.5,-0.8164645,-27.66,-1.524661514,328.358,0.8906859915,1.287848616
1.727,0,0,0,-17.95,-1.055503049,328.915,0.8997536109,-0
1.728,0.11,0.22,0.3499238072,-12.63,-0.7695249792,329.423,0.9080101616,2.526796016
1.729,-0.02,-0.04,-0.0642344672,-17.91,-1.053432069,331.008,0.9336896536,0.5364387125
1.73,-0.24,-0.48,-0.7832410368,-26.86,-1.4884484,332.804,0.9626394871,1.489592544
1.731,-0.36,-0.72,-1.185029453,-31.29,-1.683765736,335.261,1.001991973,1.738156435
1.732,-0.27,-0.54,-0.8830526472,-28.21,-1.549314217,338.747,1.057333353,1.794892262
1.733,-0.12,-0.24,-0.3882312192,-22.27,-1.272351038,342.25,1.112373875,2.426791497
1.734,-0.03,-0.06,-0.0964223112,-18.51,-1.084373424,348.9,1.215328655,-0.7362998078
1.735,0.03,0.06,0.0959986488,-16.28,-0.9680320117,359.558,1.376310963,0.2351300464
1.736,0.04,0.08,0.1279040512,-15.66,-0.9350278181,359.391,1.37382553,0.2914875075
1.737,0.02,0.04,0.0640461728,-16.3,-0.9690918569,355.98,1.322805882,0.1810676658
1.738,0,0,0,-17.04,-1.008096015,351.885,1.260905676,0
1.739,-0.02,-0.04,-0.0642344672,-17.9,-1.05291414,348.033,1.202017612,-0.4308046374
1.74,-0.07,-0.14,-0.2256444232,-19.99,-1.159573893,343.492,1.131753488,8.110752708
1.741,-0.17,-0.34,-0.5519948552,-23.73,-1.342650085,337.237,1.03343186,1.785130405
1.742,-0.31,-0.62,-1.016793825,-29.12,-1.589671068,324.465,0.8268775874,1.332987042
1.743,-0.44,-0.88,-1.456654285,-34.09,-1.800832412,313.317,0.6398297398,1.254651965
1.744,-0.49,-0.98,-1.627949697,-36.04,-1.879555991,308.973,0.565135377,1.238530254
1.745,-0.43,-0.86,-1.422536423,-33.84,-1.790575003,307.605,0.541395276,1.138776424
1.746,-0.36,-0.72,-1.185029453,-31.31,-1.684619123,306.254,0.5178463448,1.015647155
1.747,-0.44,-0.88,-1.456654285,-34.41,-1.813906888,309.395,0.5724375024,1.173330814
1.748,-0.64,-1.28,-2.148896973,-41.99,-2.106216243,313.003,0.6344653889,1.460095618
1.749,-0.79,-1.58,-2.680435809,-47.84,-2.310468255,316.699,0.6972691502,1.661565396
1.75,-0.76,-1.52,-2.573280717,-46.98,-2.281533561,320.728,0.7649017954,1.696707649
1.751,-0.57,-1.14,-1.904470183,-40.79,-2.062093908,324.598,0.8290701327,1.544552686
1.752,-0.37,-0.74,-1.218817799,-33.94,-1.7946825,328.948,0.9002903488,1.362733111
1.753,-0.24,-0.48,-0.7832410368,-29.34,-1.599347375,333.05,0.9665926062,1.237827158
1.754,-0.21,-0.42,-0.6838530888,-28.09,-1.543952303,337.558,1.03852185,1.353011251
1.755,-0.25,-0.5,-0.8164645,-29.83,-1.620787553,341.403,1.099117289,1.565096876
1.756,-0.32,-0.64,-1.050346803,-32.75,-1.745408904,346.734,1.182011889,1.864310204
1.757,-0.35,-0.7,-1.15128818,-33.88,-1.792218728,353.248,1.281588467,2.254641504
1.758,-0.26,-0.52,-0.8497350368,-30.84,-1.664498164,364.508,1.449461512,3.951582338
1.759,-0.06,-0.12,-0.1932682848,-23.05,-1.310092142,365.555,1.464806636,-1.249193139
1.76,0.19,0.38,0.6008362552,-12.33,-0.752753048,366.396,1.477100771,0.8294859448
1.761,0.37,0.74,1.154374041,-3.42,-0.2215873049,366.687,1.481348175,0.9163437822
1.762,0.41,0.82,1.275311199,-1.32,-0.08673051104,366.571,1.479655456,0.9155634722
1.763,0.35,0.7,1.09362302,-4.3,-0.2769736057,366.472,1.478210384,0.9104141995
1.764,0.27,0.54,0.8487359928,-7.82,-0.4920113549,366.235,1.474749382,0.8636441951
1.765,0.21,0.42,0.6630936312,-10.87,-0.6701212323,365.751,1.467674383,0.8314099579
1.766,0.12,0.24,0.3814526208,-15.18,-0.9092771192,365.473,1.463606409,0.6881336202
1.767,-1.33226763e-14,-2.664535259e-14,-4.272276977e-14,-20.58,-1.189111962,364.98,1.456384725,-1.598470767e-13
1.768,-0.06,-0.12,-0.1932682848,-23.6,-1.336450457,364.739,1.452850899,-1.660374152
1.769,0.02,0.04,0.0640461728,-20.47,-1.183623767,364.261,1.445834985,0.2442541291
1.77,0.22,0.44,0.6941517088,-11.64,-0.7139102482,363.375,1.432806212,0.9655802007
1.771,0.42,0.84,1.305427805,-1.2,-0.07890898373,361.3,1.402168256,0.9865245854
1.772,0.52,1.04,1.604004813,1.91,0.1282244698,359.687,1.378230059,1.064754881
1.773,0.5,1,1.544666,1.47,0.09839736986,357.354,1.343415888,1.071335689
1.774,0.43,0.86,1.335497337,-0.23,-0.01522226044,352.15,1.264933175,1.068645013
1.775,0.36,0.72,1.124022067,-3.18,-0.2063673069,342.123,1.110388262,1.243358421
1.776,0.26,0.52,0.8179132832,-7.42,-0.468092788,341.836,1.105898373,1.282386519
1.777,0.09,0.18,0.2867249592,-13.77,-0.8326205898,340.622,1.086864507,1.127755433
1.778,-0.12,-0.24,-0.3882312192,-21.81,-1.249894007,339.546,1.069937499,2.157361374
1.779,-0.32,-0.64,-1.050346803,-29.38,-1.601103361,337.368,1.035509668,1.857069513
1.78,-0.44,-0.88,-1.456654285,-33.79,-1.788518985,334.949,0.9970108474,1.840352885
1.781,-0.51,-1.02,-1.696797377,-36.37,-1.892655812,331.86,0.9474426256,1.795147805
1.782,-0.62,-1.24,-2.078825379,-40.74,-2.060238437,328.728,0.8967110786,1.786657928
1.783,-0.77,-1.54,-2.608952007,-46.16,-2.253601936,325.252,0.8398384675,1.84539498
1.784,-0.84,-1.68,-2.859969101,-48.86,-2.344316145,321.414,0.7763326048,1.823979032
1.785,-0.79,-1.58,-2.680435809,-47.06,-2.284240608,319.036,0.7366031693,1.731953326
1.786,-0.66,-1.32,-2.219156861,-42.94,-2.140595694,316.039,0.6861081285,1.525731064
1.787,-0.58,-1.16,-1.939247075,-40.19,-2.039737475,313.6,0.6446598851,1.390063957
1.788,-0.56,-1.12,-1.869740365,-39.58,-2.016804215,310.465,0.5909078205,1.311273647
1.789,-0.56,-1.12,-1.869740365,-39.67,-2.020200831,308.884,0.5635940818,1.283627421
1.79,-0.58,-1.16,-1.939247075,-40.29,-2.043477333,306.29,0.5184751976,1.271635646
1.791,-0.62,-1.24,-2.078825379,-41.74,-2.097088518,302.26,0.4476155634,1.260296735
1.792,-0.66,-1.32,-2.219156861,-43.48,-2.159923705,296.849,0.350973259,1.226764871
1.793,-0.69,-1.38,-2.324899745,-44.57,-2.198471384,299.155,0.3923728522,1.287249673
1.794,-0.69,-1.38,-2.324899745,-44.66,-2.201626598,299.983,0.4071601059,1.295593846
1.795,-0.68,-1.36,-2.289605043,-44.06,-2.18051249,303.606,0.4713868655,1.339635314
1.796,-0.64,-1.28,-2.148896973,-42.89,-2.138798253,308.288,0.5532611406,1.355311683
1.797,-0.6,-1.2,-2.00894208,-41.49,-2.087927002,314.894,0.666690039,1.413516628
1.798,-0.56,-1.12,-1.869740365,-40.29,-2.043477333,319.683,0.7474418987,1.442661454
1.799,-0.54,-1.08,-1.800421949,-39.6,-2.017559409,320.778,0.7657357705,1.438239296
1.8,-0.49,-0.98,-1.627949697,-37.94,-1.954112242,322.87,0.8005132868,1.411192069
1.801,-0.34,-0.68,-1.117593981,-32.62,-1.739973613,327.482,0.8763940825,1.294141352
1.802,-0.1,-0.2,-0.32305528,-23.71,-1.341697053,330.506,0.9255697937,0.7763377008
1.803,0.11,0.22,0.3499238072,-15.18,-0.9092771192,334.221,0.9853701536,4.598631268
1.804,0.16,0.32,0.5070971392,-12.72,-0.7745428726,337.536,1.038173158,1.923516253
1.805,0.09,0.18,0.2867249592,-15.55,-0.9291420015,340.098,1.078627933,1.918073206
1.806,0.04,0.08,0.1279040512,-17.98,-1.057055512,345.35,1.160614458,1.235084525
1.807,0.03,0.06,0.0959986488,-18.39,-1.078206264,356.589,1.331950682,0.3783281201
1.808,0.06,0.12,0.1915736352,-16.98,-1.004948719,357.864,1.351045731,0.5535258291
1.809,0.11,0.22,0.3499238072,-14.72,-0.8844354223,355.874,1.321212577,0.801149518
1.81,0.14,0.28,0.4443690272,-13.25,-0.8039649764,354.59,1.301874771,0.8924689405
1.811,0.13,0.26,0.4129343608,-13.73,-0.8304237177,351.627,1.256981649,0.9680616166
1.812,0.06,0.12,0.1915736352,-16.79,-0.9949646151,349.337,1.222025379,0.8437108733
1.813,0.01,0.02,0.0320466232,-18.68,-1.093092217,345.654,1.165321812,0.4436771828
1.814,0,0,0,-19.32,-1.125727111,339.801,1.073953856,-0
1.815,-0.12,-0.24,-0.3882312192,-23.86,-1.348838081,326.239,0.8560488343,0.7878240483
1.816,-0.36,-0.72,-1.185029453,-33.69,-1.784402404,324.729,0.8312288293,1.243246229
1.817,-0.6,-1.2,-2.00894208,-43.3,-2.153498153,325.242,0.8396739771,1.529079855
1.818,-0.63,-1.26,-2.113837639,-44.27,-2.187923698,326.394,0.8585900788,1.590148334
1.819,-0.4,-0.8,-1.32046528,-36.68,-1.904903701,328.285,0.8894964562,1.300429248
1.82,-0.1,-0.2,-0.32305528,-26.1,-1.453653211,330.027,0.9178104525,0.6028919392
1.821,0.1,0.2,0.31834792,-18.11,-1.063775206,331.144,0.9358873363,-2.489273783
1.822,0.17,0.34,0.5383905848,-14.98,-0.8984961455,331.334,0.9389561176,13.30674632
1.823,0.19,0.38,0.6008362552,-13.79,-0.8337185639,332.863,0.9635878592,4.626468895
1.824,0.27,0.54,0.8487359928,-10.41,-0.6437372678,334.347,0.9873867024,2.469772702
1.825,0.45,0.9,1.39549518,-0.88,-0.05799008367,336.7,1.024905987,1.443243591
1.826,0.65,1.3,1.98511742,4.72,0.3228432436,339.27,1.065586982,1.429756702
1.827,0.71,1.42,2.158332351,6.29,0.4347370739,342.966,1.123554587,1.385063147
1.828,0.59,1.18,1.810207839,3.32,0.2249820134,355.49,1.315436631,1.175140178
1.829,0.4,0.8,1.24514752,-2.97,-0.1930093327,353.437,1.284450138,1.140829181
1.83,0.27,0.54,0.8487359928,-8.91,-0.5565261699,352.279,1.266892635,1.194786121
1.831,0.23,0.46,0.7251627128,-10.91,-0.6724075418,350.172,1.234797915,1.289429455
1.832,0.17,0.34,0.5383905848,-13.53,-0.8194208608,345.483,1.162674435,1.568492292
1.833,0.07,0.14,0.2233378168,-18.2,-1.06842003,345.924,1.169499215,2.209533222
1.834,-0.08,-0.16,-0.2580676352,-24.65,-1.386192984,346.78,1.182721608,1.268324027
1.835,-0.18,-0.36,-0.5848888032,-28.97,-1.583055717,346.563,1.17937276,1.448881586
1.836,-0.19,-0.38,-0.6178298248,-29.69,-1.614677467,345.085,1.156507626,1.34847336
1.837,-0.17,-0.34,-0.5519948552,-28.66,-1.569337952,341.384,1.098819539,1.173163133
1.838,-0.1,-0.2,-0.32305528,-26.27,-1.461469761,330.699,0.9286930309,0.6063614681
1.839,-0.05,-0.1,-0.16093922,-24.19,-1.364493954,331.203,0.9368404621,0.3763308918
1.84,0,0,0,-22.31,-1.27429681,331.886,0.9478617618,-0
1.841,0.06,0.12,0.1915736352,-19.85,-1.152528185,332.056,0.950601459,-0.9487284763
1.842,0.08,0.16,0.2550549248,-18.85,-1.101789922,332.33,0.9550142554,-1.73771941
1.843,0.08,0.16,0.2550549248,-18.88,-1.103322625,332.501,0.9577663835,-1.752277481
1.844,0.08,0.16,0.2550549248,-18.75,-1.096676176,332.443,0.9568330718,-1.823864865
1.845,0.1,0.2,0.31834792,-18.09,-1.062742215,333.828,0.9790755547,-3.80495552
1.846,0.15,0.3,0.47575662,-16.03,-0.9547586358,335.901,1.012195176,8.283169883
1.847,0.25,0.5,0.7870435,-11.56,-0.7093825356,338.701,1.056606802,2.266671932
1.848,0.38,0.76,1.184678941,-4.63,-0.297573958,343.438,1.130912354,1.421606092
1.849,0.52,1.04,1.604004813,1.36,0.09096769082,352.491,1.270111273,1.178480349
1.85,0.56,1.12,1.722117555,2.4,0.1616457535,360.866,1.395737878,1.105776073
1.851,0.5,1,1.544666,0.94,0.06269922562,361.121,1.399517032,1.056386832
1.852,0.42,0.84,1.305427805,-1.66,-0.1088233646,361.721,1.408398643,1.004503415
1.853,0.37,0.74,1.154374041,-3.82,-0.2468446163,358.812,1.365199415,1.032207348
1.854,0.36,0.72,1.124022067,-4.22,-0.2719656925,355.654,1.317904204,1.074654059
1.855,0.3,0.6,0.94092168,-6.6,-0.4186480073,351.911,1.261300961,1.116618266
1.856,0.08,0.16,0.2550549248,-15.19,-0.9098153711,347.321,1.191061462,0.9068745589
1.857,-0.18,-0.36,-0.5848888032,-24.91,-1.398393886,340.496,1.084885115,1.865621814
1.858,-0.38,-0.76,-1.252653219,-32.03,-1.715174777,328.093,0.8863665523,1.511390912
1.859,-0.52,-1.04,-1.731291827,-37.25,-1.927278198,315.27,0.6730744096,1.380391164
1.86,-0.65,-1.3,-2.18400338,-41.67,-2.094526705,311.082,0.6015295469,1.462831572
1.861,-0.8,-1.6,-2.71624832,-47.15,-2.287282234,308.773,0.5616711699,1.574079106
1.862,-0.91,-1.82,-3.113292801,-51.13,-2.417856159,306.259,0.5179336899,1.638642024
1.863,-0.93,-1.86,-3.186094663,-51.93,-2.443199029,308.331,0.5540073064,1.686485615
1.864,-0.98,-1.96,-3.368923107,-53.81,-2.501610653,310.48,0.5911662975,1.763423832
1.865,-1.12,-2.24,-3.887103539,-58.57,-2.642648004,313.557,0.643926257,1.94479474
1.866,-1.23,-2.46,-4.300717927,-62.7,-2.757594673,316.869,0.7001401918,2.090310122
1.867,-1.21,-2.42,-4.225091649,-61.93,-2.736658373,318.372,0.7254567724,2.100779776
1.868,-1.02,-2.04,-3.516033187,-56.22,-2.574213526,320.848,0.7669031172,1.945450638
1.869,-0.76,-1.52,-2.573280717,-47.99,-2.315477691,322.344,0.7917902875,1.688850817
1.87,-0.54,-1.08,-1.800421949,-41.03,-2.0709811,325.304,0.8406937359,1.463415785
1.871,-0.43,-0.86,-1.422536423,-37.26,-1.927669054,327.117,0.8704278339,1.345517368
1.872,-0.41,-0.82,-1.354441921,-36.45,-1.895821927,329.602,0.9109164247,1.375199873
1.873,-0.45,-0.9,-1.49081922,-38.29,-1.96761948,330.139,0.9196257535,1.422545939
1.874,-0.52,-1.04,-1.731291827,-41.09,-2.073197976,331.078,0.9348209266,1.520842175
1.875,-0.55,-1.1,-1.83505762,-42.1,-2.11022177,331.161,0.9361619832,1.56300185
1.876,-0.43,-0.86,-1.422536423,-38.3,-1.968004376,330.522,0.9258287842,1.364968087
1.877,-0.17,-0.34,-0.5519948552,-29.03,-1.585703598,328.596,0.8945623666,0.7986715738
1.878,0.14,0.28,0.4443690272,-16.69,-0.9896990223,328.569,0.8941227509,-4.649365588
1.879,0.37,0.74,1.154374041,-5.85,-0.3729363483,329.342,0.906694518,2.162728566
1.88,0.44,0.88,1.365519795,-2.27,-0.1482089132,330.191,0.9204683625,1.768213774
1.881,0.36,0.72,1.124022067,-5.46,-0.3489809216,331.054,0.9344330885,1.919921269
1.882,0.23,0.46,0.7251627128,-11.32,-0.6957691206,331.121,0.9355157328,3.024704734
1.883,0.13,0.26,0.4129343608,-16.13,-0.9600736144,331.848,0.947249167,-32.19899842
1.884,0.1,0.2,0.31834792,-17.18,-1.015429303,334.235,0.9855942521,-10.6702656
1.885,0.12,0.24,0.3814526208,-16.16,-0.961666644,335.276,1.002231333,9.403563182
1.886,0.13,0.26,0.4129343608,-15.76,-0.9403706388,336.01,1.013930971,5.613546682
1.887,0.11,0.22,0.3499238072,-16.66,-0.9881178902,337.043,1.030353317,8.285078135
1.888,0.1,0.2,0.31834792,-17.19,-1.015952553,338.09,1.046946949,10.2711444
1.889,0.15,0.3,0.47575662,-15.12,-0.9060460152,338.475,1.053035796,3.236664605
1.89,0.23,0.46,0.7251627128,-11.53,-0.7076833433,338.777,1.057807137,2.071160905
1.891,0.28,0.56,0.8795116288,-8.94,-0.5582881546,338.74,1.057222797,1.762779238
1.892,0.3,0.6,0.94092168,-8.12,-0.5098642897,338.546,1.054157917,1.728702362
1.893,0.28,0.56,0.8795116288,-8.71,-0.5447609703,337.604,1.039250861,1.778624085
1.894,0.25,0.5,0.7870435,-9.91,-0.6148676309,336.359,1.019484916,1.945155406
1.895,0.22,0.44,0.6941517088,-11.35,-0.6974732837,334.417,0.988506679,2.385127343
1.896,0.14,0.28,0.4443690272,-14.54,-0.8746709042,331.61,0.9434107927,6.464500254
1.897,-0.03,-0.06,-0.0964223112,-21.01,-1.210483013,329.963,0.916772861,0.3282906999
1.898,-0.24,-0.48,-0.7832410368,-29.52,-1.607241227,327.628,0.8787787203,1.07519746
1.899,-0.44,-0.88,-1.456654285,-37.29,-1.928841275,326.073,0.8533259041,1.354377932
1.9,-0.57,-1.14,-1.904470183,-42.07,-2.10913,324.438,0.8264323745,1.484738216
1.901,-0.62,-1.24,-2.078825379,-44.19,-2.185103088,324.548,0.8282459729,1.532088645
1.902,-0.65,-1.3,-2.18400338,-45.26,-2.222554694,323.523,0.8113226588,1.547586312
1.903,-0.65,-1.3,-2.18400338,-45.04,-2.214902545,323.431,0.8098010668,1.55433854
1.904,-0.59,-1.18,-1.974071041,-43.12,-2.147055498,321.627,0.7798768579,1.443901318
1.905,-0.5,-1,-1.66235,-40.4,-2.047584795,320.466,0.7605296395,1.291591889
1.906,-0.46,-0.92,-1.525031229,-38.79,-1.986794726,320.528,0.7615645946,1.244689622
1.907,-0.44,-0.88,-1.456654285,-38.31,-1.968389214,320.302,0.7577910507,1.203251689
1.908,-0.39,-0.78,-1.286535713,-36.47,-1.896612871,321.145,0.7718531715,1.143831623
1.909,-0.26,-0.52,-0.8497350368,-31.94,-1.711372967,321.32,0.7747677272,0.9072499286
1.91,-0.12,-0.24,-0.3882312192,-26.98,-1.493907299,320.16,0.7554187007,0.5257105119
1.911,-0.08,-0.16,-0.2580676352,-25.45,-1.42358781,321.664,0.780492287,0.40128974
1.912,-0.15,-0.3,-0.48634818,-28.33,-1.55466675,323.277,0.8072530853,0.6507081731
1.913,-0.25,-0.5,-0.8164645,-32.58,-1.738299124,325.835,0.8494195245,0.9185321616
1.914,-0.31,-0.62,-1.016793825,-34.85,-1.831783907,328.639,0.8952624206,1.085713291
1.915,-0.29,-0.58,-0.9498290888,-34.24,-1.806968749,329.755,0.9133992982,1.062960565
1.916,-0.22,-0.44,-0.7169353312,-31.64,-1.698663905,330.667,0.9281753145,0.9304944161
1.917,-0.1,-0.2,-0.32305528,-27.51,-1.517903665,330.38,0.9235298049,0.5435220185
1.918,0.01,0.02,0.0320466232,-22.96,-1.305759017,333.35,0.9714095332,-0.09584768265
1.919,0.1,0.2,0.31834792,-19.49,-1.134345791,338.333,1.050790846,-3.810042845
1.92,0.15,0.3,0.47575662,-17.4,-1.02692367,341.666,1.103237078,6.234246767
1.921,0.18,0.36,0.5696369568,-15.85,-0.945172734,343.675,1.134603014,3.007106137
1.922,0.24,0.48,0.7561266432,-13.4,-0.8122524512,350.84,1.244994035,1.747293701
1.923,0.34,0.68,1.063176899,-8.51,-0.5329633153,362.115,1.414222891,1.206428763
1.924,0.46,0.92,1.425423491,-2.02,-0.1321062886,362.225,1.415847818,1.110366424
1.925,0.54,1.08,1.663155331,1.01,0.06739971161,361.384,1.403411953,1.130773825
1.926,0.54,1.08,1.663155331,1.19,0.07950673123,361.477,1.404788566,1.120501651
1.927,0.52,1.04,1.604004813,0.49,0.03258588131,362.54,1.420498291,1.103862283
1.928,0.51,1.02,1.574358943,0.25,0.01659890551,363.94,1.441118293,1.080016717
1.929,0.54,1.08,1.663155331,1.07,0.07143217463,364.711,1.452440178,1.091400686
1.93,0.59,1.18,1.810207839,2.34,0.1575417291,364.567,1.450327404,1.125842771
1.931,0.64,1.28,1.956083507,3.61,0.245106061,363.435,1.433689524,1.165170748
1.932,0.68,1.36,2.071936717,4.63,0.3164980837,361.186,1.400479919,1.206734573
1.933,0.7,1.4,2.12958088,5.08,0.3482985823,353.522,1.285736634,1.303264984
1.934,0.71,1.42,2.158332351,5.34,0.3667574801,348.266,1.205598114,1.37267445
1.935,0.74,1.48,2.244304323,6.17,0.4261037932,347.233,1.189705772,1.388965861
1.936,0.8,1.6,2.41497728,7.6,0.5298619186,346.192,1.173642451,1.41765253
1.937,0.85,1.7,2.55591022,8.92,0.6273534251,342.839,1.12157312,1.461416563
1.938,0.84,1.68,2.527817779,8.67,0.6087618467,338.388,1.05166048,1.522394476
1.939,0.69,1.38,2.100782335,5.02,0.3440477163,334.003,0.9818794079,1.58438748
1.94,0.37,0.74,1.154374041,-5.25,-0.336029081,328.746,0.897004018,2.057799671
1.941,-0.05,-0.1,-0.16093922,-22.2,-1.268943242,323.677,0.8138687033,0.3536546355
1.942,-0.43,-0.86,-1.422536423,-36.71,-1.906086008,317.973,0.7187476751,1.198088517
1.943,-0.66,-1.32,-2.219156861,-45.15,-2.218731721,314.07,0.6526720586,1.417032131
1.944,-0.7,-1.4,-2.36024152,-46.8,-2.275431052,312.43,0.6246624176,1.429783357
1.945,-0.62,-1.24,-2.078825379,-44.02,-2.179098226,310.893,0.59827813,1.315029702
1.946,-0.46,-0.92,-1.525031229,-38.97,-1.993663194,307.651,0.5421952682,1.050682004
1.947,-0.3,-0.6,-0.98328792,-33.33,-1.769532425,305.01,0.4960704536,0.7721376387
1.948,-0.19,-0.38,-0.6178298248,-29.51,-1.606803225,305.358,0.5021710362,0.5593081853
1.949,-0.16,-0.32,-0.5191479808,-28.33,-1.55466675,307.365,0.5372194623,0.5102455796
1.95,-0.17,-0.34,-0.5519948552,-28.73,-1.572440945,307.643,0.5420561477,0.5357171968
1.951,-0.19,-0.38,-0.6178298248,-29.68,-1.614240553,307.787,0.5445597631,0.5775833598
1.952,-0.22,-0.44,-0.7169353312,-30.83,-1.66406855,311.119,0.6021658365,0.6751421974
1.953,-0.25,-0.5,-0.8164645,-31.88,-1.708835633,310.436,0.5904080629,0.7300110639
1.954,-0.26,-0.52,-0.8497350368,-32.57,-1.737880348,310.767,0.5961094203,0.7442254976
1.955,-0.26,-0.52,-0.8497350368,-32.55,-1.737042611,314.478,0.6596175912,0.7886720849
1.956,-0.24,-0.48,-0.7832410368,-31.52,-1.693564582,316.487,0.6936866325,0.7833366431
1.957,-0.17,-0.34,-0.5519948552,-29.21,-1.59363332,316.943,0.7013894581,0.6186591793
1.958,-0.1,-0.2,-0.32305528,-26.71,-1.481611357,322.463,0.793764987,0.4696619683
1.959,-0.09,-0.18,-0.2905379208,-26.06,-1.451811216,325.599,0.8455431531,0.4792235296
1.96,-0.15,-0.3,-0.48634818,-28.47,-1.560899531,329.275,0.9056060249,0.7421837318
1.961,-0.24,-0.48,-0.7832410368,-32.57,-1.737880348,332.192,0.9527922071,0.9976472653
1.962,-0.31,-0.62,-1.016793825,-35.52,-1.858783927,336.461,1.021107044,1.213825815
1.963,-0.32,-0.64,-1.050346803,-35.96,-1.876370655,341.769,1.104849668,1.361397577
1.964,-0.29,-0.58,-0.9498290888,-34.92,-1.834617301,348.063,1.202478755,1.502564738
1.965,-0.26,-0.52,-0.8497350368,-33.75,-1.78687308,354.333,1.297995789,1.738135625
1.966,-0.25,-0.5,-0.8164645,-33.32,-1.769118245,365.831,1.46884445,2.719066779
1.967,-0.24,-0.48,-0.7832410368,-33,-1.755832221,372.698,1.568338197,4.177418673
1.968,-0.2,-0.4,-0.65081792,-31.73,-1.702482505,373.75,1.583418159,5.466102503
1.969,-0.13,-0.26,-0.4208897992,-28.85,-1.577752985,374.397,1.592671557,-28.21247211
1.97,-0.02,-0.04,-0.0642344672,-24.98,-1.401670901,374.901,1.599868694,-0.3240927461
1.971,0.05,0.1,0.15976238,-22,-1.259187749,375.979,1.615230147,0.4487172899
1.972,0.11,0.22,0.3499238072,-19.44,-1.131813056,377.037,1.630263835,0.7020227909
1.973,0.24,0.48,0.7561266432,-13.84,-0.8364621522,377.575,1.637892393,0.9434715651
1.974,0.45,0.9,1.39549518,-3.83,-0.2474743014,377.699,1.639649106,1.002385028
1.975,0.65,1.3,1.98511742,3.43,0.2326062531,378.137,1.645849658,1.056781481
1.976,0.74,1.48,2.244304323,5.67,0.3902762999,378.955,1.657410477,1.096019347
1.977,0.64,1.28,1.956083507,3.29,0.2229045868,379.349,1.662969989,1.037228844
1.978,0.49,0.98,1.514925983,-1.6,-0.104931936,379.894,1.670650667,0.9675594684
1.979,0.41,0.82,1.275311199,-5.8,-0.3698722461,379.441,1.664267318,0.9852565318
1.98,0.48,0.96,1.485138893,-1.96,-0.1282336076,379.353,1.663026401,0.9676478146
1.981,0.67,1.34,2.043044025,3.79,0.2576354299,379.265,1.661785197,1.064406622
1.982,0.78,1.56,2.358274589,6.61,0.4578249719,378.673,1.653427783,1.117002492
1.983,0.67,1.34,2.043044025,4.02,0.2736882735,376.423,1.621544326,1.077991179
1.984,0.43,0.86,1.335497337,-4.06,-0.2619335767,374.573,1.595185943,1.00168383
1.985,0.19,0.38,0.6008362552,-15.16,-0.908200388,371.025,1.544268577,0.9446098168
1.986,0.08,0.16,0.2550549248,-20.14,-1.167107229,366.209,1.474369558,0.8300884969
1.987,0.11,0.22,0.3499238072,-18.87,-1.102811797,360.878,1.39591578,1.193855517
1.988,0.22,0.44,0.6941517088,-14.34,-0.8637924207,353.258,1.281739916,1.660858639
1.989,0.34,0.68,1.063176899,-8.58,-0.5370961905,337.029,1.030131085,2.156392805
1.99,0.4,0.8,1.24514752,-5.19,-0.3323217565,335.11,0.9995818151,1.866060322
1.991,0.38,0.76,1.184678941,-6.18,-0.3931071275,335.561,1.006777147,1.930482022
1.992,0.32,0.64,1.002143437,-8.94,-0.5582881546,333.734,0.9775688782,2.390149082
1.993,0.27,0.54,0.8487359928,-10.97,-0.6758346262,331.547,0.9423942914,3.184037586
1.994,0.24,0.48,0.7561266432,-12.17,-0.7437792651,332.139,0.9519385663,3.632442263
1.995,0.21,0.42,0.6630936312,-13.73,-0.8304237177,330.439,0.9244851346,7.049581573
1.996,0.18,0.36,0.5696369568,-15.08,-0.9038904282,328.94,0.9001602355,-152.7097927
1.997,0.18,0.36,0.5696369568,-14.78,-0.8876847721,328.468,0.8924779425,118.84346
1.998,0.21,0.42,0.6630936312,-13.41,-0.8128043309,326.373,0.8582458518,14.59224113
1.999,0.2,0.4,0.63198848,-14.12,-0.8517907325,326.419,0.8589998439,87.66523928
2,0.1,0.2,0.31834792,-18.14,-1.065324141,326.672,0.863144902,-1.574582641
2.001,-0.01,-0.02,-0.0320936968,-22.83,-1.299490124,327.285,0.8731747693,0.07528158775
2.002,-0.1,-0.2,-0.32305528,-26.42,-1.468350696,327.811,0.8817661837,0.5507395326
2.003,-0.17,-0.34,-0.5519948552,-29.35,-1.599786467,328.721,0.8965971535,0.7849875478
2.004,-0.24,-0.48,-0.7832410368,-32.48,-1.734108591,329.778,0.9137724411,0.9547805942
2.005,-0.33,-0.66,-1.083946855,-36.07,-1.880749522,331.197,0.9367435418,1.148241513
2.006,-0.32,-0.64,-1.050346803,-35.56,-1.860387443,332.766,0.9620285822,1.169183997
2.007,-0.1,-0.2,-0.32305528,-27.74,-1.528259664,333.936,0.9808061062,0.5901053627
2.008,0.2,0.4,0.63198848,-15.92,-0.9489034806,334.902,0.9962600834,13.34530861
2.009,0.34,0.68,1.063176899,-8.99,-0.5612231769,336.486,1.021504549,2.309841247
2.01,0.28,0.56,0.8795116288,-12.34,-0.7533132446,338.687,1.056385659,2.901985095
2.011,0.12,0.24,0.3814526208,-19.56,-1.137888583,341.89,1.106743448,-12.24758282
2.012,0.08,0.16,0.2550549248,-21.52,-1.235659803,344.004,1.139722118,-2.658547836
2.013,0.18,0.36,0.5696369568,-17.33,-1.023270261,346.333,1.175821001,3.734081916
2.014,0.33,0.66,1.032683705,-10.81,-0.6666893869,349.628,1.226480109,1.844767455
2.015,0.47,0.94,1.455304729,-3.7,-0.2392817514,354.971,1.307620155,1.36221325
2.016,0.58,1.16,1.780891485,1.29,0.0862453457,360.673,1.392875801,1.204020028
2.017,0.63,1.26,1.927002521,2.46,0.1657530267,367.918,1.499278509,1.157336951
2.018,0.63,1.26,1.927002521,2.58,0.1739773267,380.318,1.676618477,1.041287631
2.019,0.69,1.38,2.100782335,3.93,0.2674009624,381.043,1.68680747,1.075004232
2.02,0.81,1.62,2.443258015,7.06,0.4904547193,381.798,1.697397492,1.116738143
2.021,0.91,1.82,2.723476319,9.69,0.6849914265,382.55,1.707924637,1.138141183
2.022,0.88,1.76,2.639905101,8.98,0.6318242889,383.64,1.723146721,1.120992611
2.023,0.72,1.44,2.187036749,5.12,0.3511343416,384.53,1.735543722,1.048094954
2.024,0.54,1.08,1.663155331,0.5,0.03325311302,384.665,1.737421659,0.9392777022
2.025,0.41,0.82,1.275311199,-4.95,-0.317462192,383.048,1.714884688,0.9126167662
2.026,0.35,0.7,1.09362302,-7.19,-0.4542800947,381.829,1.697831866,0.8794350545
2.027,0.37,0.74,1.154374041,-6.6,-0.4186480073,380.341,1.676942012,0.9174120169
2.028,0.37,0.74,1.154374041,-6.64,-0.4210728386,379.134,1.659936961,0.9318003642
2.029,0.31,0.62,0.9715560952,-8.88,-0.5547634564,377.014,1.629937465,0.9036268434
2.03,0.27,0.54,0.8487359928,-10.84,-0.6684056668,375.243,1.604746958,0.9064387108
2.031,0.27,0.54,0.8487359928,-10.56,-0.6523592365,372.258,1.56201836,0.9330264172
2.032,0.26,0.52,0.8179132832,-10.88,-0.6706929287,367.891,1.498885879,0.987587835
2.033,0.13,0.26,0.4129343608,-16.39,-0.9738574527,361.353,1.402953003,0.9623366179
2.034,-0.06,-0.12,-0.1932682848,-24.43,-1.375833207,349.109,1.218532482,1.228654756
2.035,-0.09,-0.18,-0.2905379208,-25.55,-1.42823174,346.03,1.171138341,1.130087052
2.036,0.06,0.12,0.1915736352,-19.78,-1.14900004,342.184,1.111342074,-5.087200729
2.037,0.11,0.22,0.3499238072,-17.5,-1.032136534,341.744,1.104458307,4.838429602
2.038,-0.06,-0.12,-0.1932682848,-24.42,-1.375361524,341.474,1.100229788,0.7024572583
2.039,-0.25,-0.5,-0.8164645,-32.44,-1.732430652,341.836,1.105898373,1.30314834
2.04,-0.2,-0.4,-0.65081792,-30.38,-1.644670562,342.184,1.111342074,1.220294685
2.041,0.1,0.2,0.31834792,-18.99,-1.108936933,341.863,1.106320927,-121.6923449
2.042,0.35,0.7,1.09362302,-7.39,-0.4662936004,341.11,1.094523823,1.740799758
2.043,0.38,0.76,1.184678941,-5.83,-0.3717109579,340.723,1.088450635,1.652871997
2.044,0.22,0.44,0.6941517088,-12.02,-0.7353481389,340.414,1.083596545,1.993266005
2.045,-0.02,-0.04,-0.0642344672,-20.49,-1.184622264,340.695,1.088010963,0.6648752981
2.046,-0.21,-0.42,-0.6838530888,-27.3,-1.508417823,341.379,1.098741181,1.669250862
2.047,-0.3,-0.6,-0.98328792,-30.47,-1.648560403,342.447,1.115452463,1.844444337
2.048,-0.29,-0.58,-0.9498290888,-30.26,-1.639476122,343.799,1.136532978,1.888541676
2.049,-0.26,-0.52,-0.8497350368,-29.26,-1.595832319,344.903,1.153685258,1.921838033
2.05,-0.29,-0.58,-0.9498290888,-30.29,-1.640775588,346.268,1.174816815,2.038440186
2.051,-0.41,-0.82,-1.354441921,-34.4,-1.813499243,347.082,1.18737873,2.163228791
2.052,-0.58,-1.16,-1.939247075,-40.47,-2.050195159,348.055,1.202355788,2.287281224
2.053,-0.71,-1.42,-2.395630369,-44.93,-2.211067154,348.567,1.210220025,2.393602678
2.054,-0.67,-1.34,-2.254357415,-43.81,-2.171659624,349.5,1.224521097,2.380177081
2.055,-0.48,-0.96,-1.593596467,-37.36,-1.93157444,348.862,1.214745934,2.22312095
2.056,-0.27,-0.54,-0.8830526472,-29.88,-1.622966693,348.709,1.212399076,2.150809296
2.057,-0.17,-0.34,-0.5519948552,-26.37,-1.466058718,345.756,1.166900325,1.845159183
2.058,-0.21,-0.42,-0.6838530888,-27.66,-1.524661514,342.297,1.113108521,1.661640422
2.059,-0.29,-0.58,-0.9498290888,-30.48,-1.648992291,338.394,1.051755341,1.59037228
2.06,-0.35,-0.7,-1.15128818,-32.59,-1.738717839,333.593,0.9753080675,1.508086775
2.061,-0.37,-0.74,-1.218817799,-33.42,-1.773257312,328.448,0.8921521779,1.383283053
2.062,-0.34,-0.68,-1.117593981,-32.49,-1.734527922,323.317,0.8079150153,1.206106642
2.063,-0.29,-0.58,-0.9498290888,-30.61,-1.654601076,319.123,0.7380618967,1.036321316
2.064,-0.29,-0.58,-0.9498290888,-30.36,-1.643805456,314.724,0.6638009856,0.9692089344
2.065,-0.38,-0.76,-1.252653219,-33.77,-1.787696154,313.022,0.6347901363,1.086518068
2.066,-0.57,-1.14,-1.904470183,-40.44,-2.049076763,311.681,0.6118212662,1.325074204
2.067,-0.79,-1.58,-2.680435809,-48.08,-2.318478066,310.433,0.5903563612,1.551068887
2.068,-0.99,-1.98,-3.405630017,-54.93,-2.535663524,308.655,0.5596262351,1.723464449
2.069,-1.14,-2.28,-3.961882493,-60.18,-2.688242787,309.051,0.56648581,1.867264977
2.07,-1.23,-2.46,-4.300717927,-63.42,-2.77697356,309.193,0.5689434158,1.947762325
2.071,-1.27,-2.54,-4.452535367,-64.95,-2.817532817,310.354,0.5889947025,1.997962403
2.072,-1.26,-2.52,-4.414510397,-64.49,-2.805426099,311.682,0.6118384312,2.012461349
2.073,-1.17,-2.34,-4.074403975,-61.8,-2.73310183,313.502,0.6429877488,1.949369181
2.074,-1,-2,-3.442384,-56.63,-2.586317967,315.597,0.678620587,1.804470686
2.075,-0.75,-1.5,-2.5376565,-48.74,-2.340360252,317.668,0.7136134873,1.559957921
2.076,-0.49,-0.98,-1.627949697,-40.42,-2.048330889,320.112,0.7546165416,1.258353283
2.077,-0.34,-0.68,-1.117593981,-35.25,-1.847935408,321.776,0.7823547762,1.048812213
2.078,-0.33,-0.66,-1.083946855,-34.95,-1.835830718,323.52,0.8112730485,1.057965683
2.079,-0.45,-0.9,-1.49081922,-39.49,-2.013403076,324.898,0.8340124268,1.264058878
2.08,-0.62,-1.24,-2.078825379,-45.8,-2.241232402,326.177,0.8550319984,1.499657174
2.081,-0.75,-1.5,-2.5376565,-50.68,-2.403470658,327.463,0.8760836748,1.661436511
2.082,-0.82,-1.64,-2.788014563,-53.5,-2.492087893,328.674,0.8958321644,1.746596434
2.083,-0.85,-1.7,-2.89601698,-54.62,-2.526292969,330.629,0.9275604612,1.811445608
2.084,-0.83,-1.66,-2.823968295,-54,-2.507426187,332.463,0.9571549218,1.821596231
2.085,-0.75,-1.5,-2.5376565,-51.44,-2.427711506,335.343,1.003300346,1.781547751
2.086,-0.6,-1.2,-2.00894208,-46.64,-2.269993025,338.447,1.052593204,1.650190879
2.087,-0.41,-0.82,-1.354441921,-40.35,-2.045718595,342.071,1.109575042,1.446831436
2.088,-0.23,-0.46,-0.7500646472,-34.45,-1.815536867,345.898,1.169097088,1.160300884
2.089,-0.1,-0.2,-0.32305528,-29.71,-1.615551103,350.06,1.233086482,0.8446670941
2.09,0.02,0.04,0.0640461728,-25.11,-1.407747973,355.368,1.313600258,-0.6802732645
2.091,0.17,0.34,0.5383905848,-19.11,-1.115051599,359.92,1.381694589,2.019143965
2.092,0.37,0.74,1.154374041,-10.31,-0.6379793222,366.867,1.483973749,1.364517311
2.093,0.58,1.16,1.780891485,0.49,0.03258588131,379.203,1.660910539,1.051606288
2.094,0.78,1.56,2.358274589,5.57,0.3831387118,380.067,1.67308645,1.146895113
2.095,0.86,1.72,2.583955587,7.59,0.5291296552,380.194,1.674873863,1.172391771
2.096,0.65,1.3,1.98511742,2.26,0.1520747473,380.135,1.674043564,1.087069445
2.097,0.23,0.46,0.7251627128,-14.17,-0.8545216457,379.326,1.662645608,0.8973409362
2.098,-0.17,-0.34,-0.5519948552,-30.12,-1.633404388,378.684,1.653583192,-27.35518214
2.099,-0.34,-0.68,-1.117593981,-36.86,-1.911989692,377.11,1.631299575,3.981593623
2.1,-0.26,-0.52,-0.8497350368,-34.04,-1.798783951,375.101,1.60272202,4.334013396
2.101,-0.11,-0.22,-0.3556197128,-28.71,-1.571554699,371.495,1.551041459,17.3361064
2.102,-0.01,-0.02,-0.0320936968,-24.8,-1.393237573,365.813,1.468581207,-0.4259642787
2.103,0.07,0.14,0.2233378168,-21.85,-1.251852694,353.843,1.290592261,5.765108821
2.104,0.11,0.22,0.3499238072,-20.08,-1.164095834,353.431,1.284359315,2.909643099
2.105,0.12,0.24,0.3814526208,-19.66,-1.142943575,353.161,1.280270675,2.777693698
2.106,0.1,0.2,0.31834792,-20.64,-1.192101881,353.255,1.281694482,3.553283592
2.107,0.05,0.1,0.15976238,-22.44,-1.280612836,354.227,1.296395077,10.12292086
2.108,0.03,0.06,0.0959986488,-23.51,-1.332151583,355.256,1.311913853,-4.743548217
2.109,0.05,0.1,0.15976238,-22.7,-1.293209475,356.674,1.333225808,3.992429297
2.11,0.11,0.22,0.3499238072,-20.3,-1.17512499,359.749,1.37915217,1.715084269
2.111,0.15,0.3,0.47575662,-18.5,-1.083859896,362.87,1.425365884,1.393113553
2.112,0.12,0.24,0.3814526208,-19.73,-1.146477775,368.93,1.513974086,1.037976734
2.113,0.01,0.02,0.0320466232,-24.51,-1.379604216,377.988,1.643741144,0.1213257966
2.114,-0.15,-0.3,-0.48634818,-31.04,-1.673077235,377.816,1.641306121,15.30787352
2.115,-0.27,-0.54,-0.8830526472,-36,-1.877963793,375.653,1.610589312,3.30268111
2.116,-0.31,-0.62,-1.016793825,-37.55,-1.938978796,373.602,1.581299211,2.842750517
2.117,-0.27,-0.54,-0.8830526472,-36.27,-1.888692906,372.577,1.566600986,2.741616884
2.118,-0.2,-0.4,-0.65081792,-33.76,-1.787284647,371.439,1.550234927,2.745491198
2.119,-0.14,-0.28,-0.4535954528,-31.58,-1.696115367,371.026,1.544282996,2.987475273
2.12,-0.1,-0.2,-0.32305528,-30.24,-1.638609494,370.332,1.53426651,3.096090111
2.121,-0.08,-0.16,-0.2580676352,-29.51,-1.606803225,369.16,1.517308368,2.883602967
2.122,-0.06,-0.12,-0.1932682848,-28.92,-1.580847375,364.352,1.44717136,1.445796272
2.123,-0.04,-0.08,-0.1286572288,-28.05,-1.542162911,358.867,1.36601942,0.7304114842
2.124,-0.01,-0.02,-0.0320936968,-26.93,-1.491633917,360.695,1.393202125,0.3260501135
2.125,0.03,0.06,0.0959986488,-25.55,-1.42823174,361.986,1.412316665,-6.031932026
2.126,0.08,0.16,0.2550549248,-23.34,-1.324016234,364.508,1.449461512,2.033196696
2.127,0.18,0.36,0.5696369568,-19.44,-1.131813056,367.466,1.492701808,1.578428128
2.128,0.32,0.64,1.002143437,-13.13,-0.7973224563,370.797,1.540979917,1.347587417
2.129,0.49,0.98,1.514925983,-4.96,-0.3180823083,376.247,1.6190423,1.164467772
2.13,0.62,1.24,1.897874461,1.16,0.07748688771,387.725,1.779812383,1.021846339
2.131,0.7,1.4,2.12958088,3.04,0.2056245185,388.207,1.7864591,1.069021832
2.132,0.72,1.44,2.187036749,3.69,0.2506710171,389.13,1.799164149,1.066932983
2.133,0.72,1.44,2.187036749,3.68,0.2499750781,390.292,1.815116238,1.059050867
2.134,0.71,1.42,2.158332351,3.47,0.235381436,390.146,1.813114542,1.053618057
2.135,0.7,1.4,2.12958088,3.05,0.2063146311,390.047,1.811756801,1.055255451
2.136,0.67,1.34,2.043044025,2.41,0.1623300733,390.09,1.812346569,1.034622065
2.137,0.63,1.26,1.927002521,1.43,0.0956944162,390.314,1.815417799,1.00831469
2.138,0.57,1.14,1.751528057,-0.14,-0.00927127891,389.629,1.806020315,0.9748317777
2.139,0.49,0.98,1.514925983,-3.54,-0.2291788342,386.597,1.764225058,0.9868927461
2.14,0.39,0.78,1.214936767,-7.65,-0.4818619997,385.339,1.746787587,0.9604808217
2.141,0.26,0.52,0.8179132832,-12.79,-0.7784413185,379.221,1.661164487,0.9265796035
2.142,0.08,0.16,0.2550549248,-19.51,-1.135358379,372.611,1.567089185,0.590773049
2.143,-0.13,-0.26,-0.4208897992,-27.44,-1.514744942,365.626,1.46584564,8.607276296
2.144,-0.34,-0.68,-1.117593981,-35.01,-1.838255943,354.055,1.293796677,2.05266776
2.145,-0.5,-1,-1.66235,-40.85,-2.064318663,333.674,0.9766069478,1.528300171
2.146,-0.6,-1.2,-2.00894208,-44.47,-2.194960674,324.936,0.834638125,1.476813041
2.147,-0.64,-1.28,-2.148896973,-46.18,-2.254287212,316.851,0.6998362721,1.382415436
2.148,-0.65,-1.3,-2.18400338,-46.28,-2.257710568,308.593,0.5585514645,1.28534366
2.149,-0.63,-1.26,-2.113837639,-45.74,-2.239164431,300.693,0.419807529,1.161859796
2.15,-0.66,-1.32,-2.219156861,-46.79,-2.27509155,297.576,0.3640596936,1.161234886
2.151,-0.77,-1.54,-2.608952007,-50.87,-2.409556037,297.39,0.3607146284,1.273379187
2.152,-0.93,-1.86,-3.186094663,-56.81,-2.591609851,295.287,0.3227475832,1.404269756
2.153,-1.07,-2.14,-3.700979943,-61.9,-2.735838196,300.35,0.4137013097,1.593781988
2.154,-1.12,-2.24,-3.887103539,-63.67,-2.783658179,300.545,0.4171736303,1.642564512
2.155,-1.08,-2.16,-3.738110515,-62.49,-2.751906617,300.604,0.4182237859,1.601807437
2.156,-1.03,-2.06,-3.552928391,-60.92,-2.708858671,300.055,0.4084440246,1.544473035
2.157,-1.02,-2.04,-3.516033187,-60.69,-2.702473674,304.085,0.4798209233,1.581908459
2.158,-1.03,-2.06,-3.552928391,-61.05,-2.712458604,312.295,0.6223502002,1.699877568
2.159,-0.99,-1.98,-3.405630017,-59.78,-2.677010475,315.03,0.669000159,1.696022172
2.16,-0.89,-1.78,-3.040679233,-56.57,-2.584550994,317.936,0.7181251017,1.629145441
2.161,-0.78,-1.56,-2.644670371,-53.35,-2.487464795,320.685,0.7641844729,1.534672182
2.162,-0.72,-1.44,-2.431066291,-51.44,-2.427711506,324.715,0.8309981705,1.522543989
2.163,-0.66,-1.32,-2.219156861,-49.58,-2.367906163,327.952,0.8840668625,1.49555067
2.164,-0.57,-1.14,-1.904470183,-46.55,-2.266928506,332.346,0.9552718245,1.451957825
2.165,-0.47,-0.94,-1.559290311,-43.33,-2.154570265,335.185,1.000779049,1.351449283
2.166,-0.41,-0.82,-1.354441921,-41.19,-2.076888401,337.613,1.039393481,1.305492581
2.167,-0.35,-0.7,-1.15128818,-39.49,-2.013403076,339.637,1.071371133,1.222132847
2.168,-0.28,-0.56,-0.9164173312,-37.01,-1.917880312,341.634,1.102735981,1.124239348
2.169,-0.19,-0.38,-0.6178298248,-33.88,-1.792218728,343.955,1.138960008,0.9457659058
2.17,-0.11,-0.22,-0.3556197128,-31.16,-1.678212608,346.078,1.171880422,0.7023446706
2.171,-0.06,-0.12,-0.1932682848,-29.05,-1.586585709,347.717,1.19715782,0.4962877344
2.172,0,0,0,-26.92,-1.491179042,349.343,1.222117266,-0
2.173,0.06,0.12,0.1915736352,-24.51,-1.379604216,350.986,1.247219943,-1.447102665
2.174,0.13,0.26,0.4129343608,-22.02,-1.260164562,352.869,1.275845367,26.33374699
2.175,0.19,0.38,0.6008362552,-19.4,-1.129785566,353.819,1.290229375,3.744839123
2.176,0.26,0.52,0.8179132832,-16.27,-0.9675019767,357.567,1.346603793,2.157502942
2.177,0.35,0.7,1.09362302,-12.15,-0.7426561335,362.316,1.417191704,1.621297776
2.178,0.44,0.88,1.365519795,-7.83,-0.4926076386,372.835,1.570304441,1.267072327
2.179,0.49,0.98,1.514925983,-5.3,-0.3391162088,380.256,1.675746241,1.133392148
2.18,0.48,0.96,1.485138893,-5.8,-0.3698722461,380.932,1.685248758,1.129059915
2.181,0.45,0.9,1.39549518,-7.54,-0.4752821432,381.087,1.687425213,1.151262763
2.182,0.46,0.92,1.425423491,-6.77,-0.4289443897,381.12,1.687888473,1.132237333
2.183,0.53,1.06,1.633603609,-2.97,-0.1930093327,381.122,1.687916548,1.092779266
2.184,0.57,1.14,1.751528057,-0.7,-0.04618381899,381.47,1.692799369,1.063714027
2.185,0.5,1,1.544666,-4.04,-0.2606780338,380.463,1.678657828,1.089342744
2.186,0.35,0.7,1.09362302,-10.82,-0.6672615596,380.231,1.675394493,1.084800411
2.187,0.24,0.48,0.7561266432,-15.64,-0.9339583489,376.428,1.621615389,1.099569406
2.188,0.2,0.4,0.63198848,-17.13,-1.012811942,372.713,1.568553514,1.137198496
2.189,0.15,0.3,0.47575662,-19.35,-1.127249575,367.986,1.500267224,1.275426566
2.19,0.03,0.06,0.0959986488,-24.58,-1.382900269,363.35,1.432438122,1.937884743
2.191,-0.1,-0.2,-0.32305528,-29.82,-1.620351533,359.044,1.36865749,1.283523742
2.192,-0.14,-0.28,-0.4535954528,-31.28,-1.683338948,357.905,1.351658638,1.367568224
2.193,-0.08,-0.16,-0.2580676352,-29.44,-1.603735414,341.927,1.107322404,0.5198647697
2.194,-0.04,-0.08,-0.1286572288,-27.84,-1.532751452,338.56,1.054379153,0.2689479076
2.195,-0.06,-0.12,-0.1932682848,-28.52,-1.563122439,337.972,1.045079369,0.3730737771
2.196,-0.11,-0.22,-0.3556197128,-30.63,-1.655463018,337.463,1.037015971,0.5750204721
2.197,-0.16,-0.32,-0.5191479808,-32.87,-1.75041688,337.986,1.04530098,0.7362590763
2.198,-0.2,-0.4,-0.65081792,-34.38,-1.812683774,338.54,1.054063099,0.8578963666
2.199,-0.21,-0.42,-0.6838530888,-34.75,-1.827731124,340.228,1.080672541,0.9153941925
2.2,-0.17,-0.34,-0.5519948552,-33.62,-1.781517189,341.837,1.105914023,0.8170400668
2.201,-0.09,-0.18,-0.2905379208,-30.5,-1.649855876,343.961,1.139053334,0.5687871466
2.202,0.05,0.1,0.15976238,-25.5,-1.425910617,347.167,1.188688779,-0.6734724817
2.203,0.19,0.38,0.6008362552,-20,-1.160076618,350.531,1.240279982,7.491409696
2.204,0.27,0.54,0.8487359928,-16.51,-0.9802021512,354.116,1.294718347,2.698544634
2.205,0.28,0.56,0.8795116288,-16.14,-0.9606046993,358.394,1.35896327,2.2078391
2.206,0.28,0.56,0.8795116288,-16.11,-0.9590112194,364.162,1.444380748,1.812045415
2.207,0.35,0.7,1.09362302,-12.61,-0.7684090348,370.373,1.534858784,1.426868522
2.208,0.52,1.04,1.604004813,-4.19,-0.2700863258,381.822,1.697733785,1.123530044
2.209,0.69,1.38,2.100782335,2.48,0.16712284,382.291,1.70430127,1.122558123
2.21,0.77,1.54,2.329852633,4.47,0.3052362103,382.085,1.70141761,1.161063562
2.211,0.74,1.48,2.244304323,3.57,0.242325773,381.173,1.688632412,1.162274947
2.212,0.66,1.32,2.014104259,1.46,0.09772149724,379.887,1.670552086,1.139022987
2.213,0.6,1.2,1.83947712,0.1,0.00663293416,379.126,1.659824071,1.10382513
2.214,0.6,1.2,1.83947712,0.06,0.003978700632,377.589,1.63809076,1.120218824
2.215,0.62,1.24,1.897874461,0.5,0.03325311302,375.664,1.61074597,1.154425498
2.216,0.62,1.24,1.897874461,0.56,0.03725836599,372.658,1.567763975,1.18245984
2.217,0.6,1.2,1.83947712,-0.09,-0.005962092718,361.658,1.407466766,1.312501596
2.218,0.56,1.12,1.722117555,-2.27,-0.1482089132,362.832,1.424805599,1.348991091
2.219,0.51,1.02,1.574358943,-4.8,-0.3081503368,364.36,1.447288828,1.382061054
2.22,0.46,0.92,1.425423491,-7.15,-0.4518734412,366.689,1.481377356,1.384573163
2.221,0.43,0.86,1.335497337,-8.84,-0.5524120377,368.234,1.503871582,1.403630186
2.222,0.42,0.84,1.305427805,-9.36,-0.5828795432,370.162,1.531810042,1.375683263
2.223,0.43,0.86,1.335497337,-9.01,-0.5623966193,372.731,1.568811884,1.326984381
2.224,0.43,0.86,1.335497337,-8.85,-0.5530000139,377.262,1.63345554,1.236050262
2.225,0.42,0.84,1.305427805,-9.65,-0.5997762913,389.018,1.797624082,1.089811088
2.226,0.39,0.78,1.214936767,-11.23,-0.6906523648,389.952,1.810453594,1.084957522
2.227,0.35,0.7,1.09362302,-12.95,-0.7873377425,389.47,1.803836639,1.075872315
2.228,0.35,0.7,1.09362302,-13.28,-0.805623864,388.705,1.793317793,1.107248904
2.229,0.4,0.8,1.24514752,-10.85,-0.6689776014,387.552,1.77742472,1.123326047
2.23,0.5,1,1.544666,-5.88,-0.3747738078,386.196,1.758672859,1.116169563
2.231,0.6,1.2,1.83947712,-0.17,-0.0112557326,382.76,1.710860703,1.082296859
2.232,0.65,1.3,1.98511742,1.18,0.07883336081,378.297,1.648112909,1.149495763
2.233,0.6,1.2,1.83947712,-0.13,-0.008609618032,374.059,1.587839475,1.164793783
2.234,0.45,0.9,1.39549518,-6.62,-0.4198605886,369.171,1.517467781,1.271397627
2.235,0.2,0.4,0.63198848,-16.64,-0.987063429,363.26,1.431112789,1.423239253
2.236,-0.14,-0.28,-0.4535954528,-29.97,-1.626885128,354.826,1.305434319,1.411088227
2.237,-0.49,-0.98,-1.627949697,-43.2,-2.149921015,338.725,1.056985884,1.48952088
2.238,-0.73,-1.46,-2.466549287,-52.16,-2.450430774,334.882,0.9959405774,1.695817058
2.239,-0.81,-1.62,-2.752107905,-55.24,-2.544992513,335.533,1.006330712,1.78863731
2.24,-0.75,-1.5,-2.5376565,-53.5,-2.492087893,336.577,1.022951219,1.727311383
2.241,-0.66,-1.32,-2.219156861,-50.62,-2.401545457,338.684,1.05633827,1.649676631
2.242,-0.62,-1.24,-2.078825379,-49.38,-2.361378283,341.181,1.095637278,1.642378158
2.243,-0.6,-1.2,-2.00894208,-48.64,-2.337058358,344.114,1.14143258,1.680243197
2.244,-0.51,-1.02,-1.696797377,-45.83,-2.242265703,347.529,1.194264456,1.61907954
2.245,-0.34,-0.68,-1.117593981,-40.11,-2.036741606,351.077,1.248606855,1.418023987
2.246,-0.13,-0.26,-0.4208897992,-32.93,-1.752917555,355.263,1.312019269,0.9546188151
2.247,0.04,0.08,0.1279040512,-26.66,-1.479329025,359.811,1.380074122,-1.288642156
2.248,0.17,0.34,0.5383905848,-21.66,-1.242538892,365.822,1.46871283,2.380427159
2.249,0.28,0.56,0.8795116288,-16.94,-1.002849035,371.423,1.550004467,1.607425564
2.25,0.35,0.7,1.09362302,-13.85,-0.837010639,380.529,1.679585828,1.297953031
2.251,0.36,0.72,1.124022067,-13.54,-0.8199717364,391.948,1.837768144,1.10436828
2.252,0.34,0.68,1.063176899,-14.27,-0.8599777234,393.33,1.856598947,1.066781315
2.253,0.38,0.76,1.184678941,-12.87,-0.7828920179,394.125,1.867401472,1.092363866
2.254,0.48,0.96,1.485138893,-7.83,-0.4926076386,394.835,1.877030607,1.072749389
2.255,0.63,1.26,1.927002521,0.19,0.01261012947,395.236,1.882461385,1.016849499
2.256,0.79,1.58,2.386649471,4.25,0.2897895594,395.725,1.889076504,1.095363094
2.257,0.93,1.86,2.778955097,7.85,0.5481992408,395.735,1.889211697,1.140125801
2.258,1.01,2.02,2.998987263,9.9,0.7008097356,396.162,1.894981261,1.155326938
2.259,1.02,2.04,3.026279453,10.17,0.7212100352,395.816,1.890306636,1.158820653
2.26,0.99,1.98,2.944261663,9.61,0.6789765698,395.133,1.881066973,1.15008265
2.261,0.98,1.96,2.916828253,9.2,0.6482469267,393.039,1.852639355,1.166317827
2.262,0.98,1.96,2.916828253,9.17,0.6460047472,390.433,1.817048673,1.184232639
2.263,0.97,1.94,2.889347769,8.95,0.6295884267,388.087,1.784805088,1.196717831
2.264,0.93,1.86,2.778955097,8.02,0.5607024247,386.464,1.762384194,1.196233956
2.265,0.86,1.72,2.583955587,6.25,0.4318578194,384.488,1.73495934,1.192512057
2.266,0.77,1.54,2.329852633,3.93,0.2674009624,382.164,1.702523664,1.182711563
2.267,0.68,1.36,2.071936717,1.58,0.1058378764,379.503,1.665141427,1.169938414
2.268,0.59,1.18,1.810207839,-1.16,-0.07629901523,376.049,1.616226121,1.175515278
2.269,0.49,0.98,1.514925983,-5.71,-0.3643515993,371.595,1.552481392,1.275050918
2.27,0.34,0.68,1.063176899,-11.85,-0.7257715294,356.625,1.332490773,1.752337528
2.271,0.13,0.26,0.4129343608,-19.93,-1.15655603,353.003,1.277876614,3.403662844
2.272,-0.08,-0.16,-0.2580676352,-28.28,-1.552437667,349.071,1.21795011,0.7715313468
2.273,-0.23,-0.46,-0.7500646472,-34.15,-1.803288575,344.847,1.152816538,1.153108212
2.274,-0.29,-0.58,-0.9498290888,-36.35,-1.891863699,339.866,1.074977151,1.162742967
2.275,-0.29,-0.58,-0.9498290888,-36.24,-1.887502893,338.508,1.053557375,1.138958202
2.276,-0.3,-0.6,-0.98328792,-36.69,-1.905297862,337.159,1.032194308,1.126198508
2.277,-0.37,-0.74,-1.218817799,-39.32,-2.006966342,336.704,1.024969544,1.241162703
2.278,-0.48,-0.96,-1.593596467,-43.6,-2.164197929,336.106,1.015459279,1.387257639
2.279,-0.62,-1.24,-2.078825379,-48.73,-2.34003028,335.784,1.010331356,1.563380508
2.28,-0.72,-1.44,-2.431066291,-52.8,-2.47042747,335.25,1.001816435,1.655350691
2.281,-0.74,-1.48,-2.502079357,-53.59,-2.494856952,335.349,1.003396068,1.677603069
2.282,-0.65,-1.3,-2.18400338,-50.77,-2.406355306,335.626,1.007813371,1.561628813
2.283,-0.49,-0.98,-1.627949697,-45.69,-2.237439725,336.771,1.026034023,1.343851771
2.284,-0.36,-0.72,-1.185029453,-41.24,-2.078731569,337.928,1.044382816,1.145676881
2.285,-0.29,-0.58,-0.9498290888,-38.83,-1.988322632,339.54,1.06984296,1.034131857
2.286,-0.24,-0.48,-0.7832410368,-37.37,-1.931964661,341.463,1.100057444,0.9415004718
2.287,-0.19,-0.38,-0.6178298248,-35.37,-1.852762307,343.875,1.137715515,0.8640411112
2.288,-0.09,-0.18,-0.2905379208,-31.91,-1.710104579,346.816,1.183276974,0.5514857576
2.289,0.05,0.1,0.15976238,-27.01,-1.495270535,349.643,1.226709633,-0.5948832427
2.29,0.19,0.38,0.6008362552,-21.53,-1.236151625,353.388,1.28370837,12.63409118
2.291,0.29,0.58,0.9102401912,-17.18,-1.015429303,356.378,1.328784056,2.904823313
2.292,0.36,0.72,1.124022067,-14.25,-0.8588871208,360.403,1.388869288,2.120867713
2.293,0.44,0.88,1.365519795,-10.24,-0.6339440111,364.257,1.445776236,1.682022163
2.294,0.59,1.18,1.810207839,-2.28,-0.1488518939,370.161,1.531795589,1.308952668
2.295,0.77,1.54,2.329852633,3.48,0.2360754595,386.218,1.758977618,1.167814861
2.296,0.88,1.76,2.639905101,6.27,0.4332972598,390.317,1.815458919,1.173940121
2.297,0.88,1.76,2.639905101,6.24,0.4311382393,394.54,1.873031874,1.145707553
2.298,0.81,1.62,2.443258015,4.33,0.2954013801,397.525,1.913356407,1.106168377
2.299,0.73,1.46,2.215694073,2.21,0.1486608132,397.114,1.907822195,1.0774191
2.3,0.67,1.34,2.043044025,0.81,0.05398132586,396.412,1.89835634,1.046460385
2.301,0.65,1.3,1.98511742,0.28,0.01859448794,395.471,1.885641451,1.042474506
2.302,0.66,1.32,2.014104259,0.5,0.03325311302,394.511,1.872638616,1.0567779
2.303,0.68,1.36,2.071936717,0.89,0.05934440726,392.364,1.843443437,1.088895288
2.304,0.68,1.36,2.071936717,1.01,0.06739971161,391.018,1.825058774,1.094838663
2.305,0.66,1.32,2.014104259,0.55,0.03659060203,388.271,1.787341031,1.104265216
2.306,0.6,1.2,1.83947712,-1.92,-0.125650087,384.531,1.735557635,1.142597985
2.307,0.48,0.96,1.485138893,-7.71,-0.4854468292,380.842,1.683984603,1.239125645
2.308,0.3,0.6,0.94092168,-15.6,-0.931818505,376.694,1.625394591,1.35662359
2.309,0.13,0.26,0.4129343608,-22.94,-1.304795336,369.478,1.521914955,1.901874938
2.31,0.02,0.04,0.0640461728,-27.47,-1.516099075,352.068,1.263687254,-0.2537368203
2.311,-0.02,-0.04,-0.0642344672,-29.15,-1.590992398,350.16,1.234614574,0.1802426046
2.312,-0.03,-0.06,-0.0964223112,-29.56,-1.608992595,348.085,1.202816902,0.2373906484
2.313,-0.04,-0.08,-0.1286572288,-30.18,-1.636008085,347.577,1.195003336,0.2917366063
2.314,-0.07,-0.14,-0.2256444232,-31.31,-1.684619123,347.04,1.186731294,0.4532033317
2.315,-0.1,-0.2,-0.32305528,-32.88,-1.750833812,348.27,1.205659561,0.5925725204
2.316,-0.14,-0.28,-0.4535954528,-34.36,-1.811868063,349.451,1.223770973,0.7712934821
2.317,-0.14,-0.28,-0.4535954528,-34.37,-1.812275948,351.272,1.251577601,0.8089830381
2.318,-0.08,-0.16,-0.2580676352,-32.16,-1.720657414,353.842,1.290577141,0.6000452742
2.319,0.04,0.08,0.1279040512,-27.88,-1.534546334,356.364,1.328573882,-0.6209764943
2.32,0.17,0.34,0.5383905848,-22.78,-1.297075882,360.535,1.390828402,5.742678527
2.321,0.29,0.58,0.9102401912,-17.88,-1.051878061,364.07,1.443028981,2.327081812
2.322,0.41,0.82,1.275311199,-12.38,-0.7555532496,369.96,1.528889712,1.649102636
2.323,0.54,1.08,1.663155331,-6.12,-0.3894464619,381.906,1.698910644,1.270103722
2.324,0.62,1.24,1.897874461,-1.91,-0.1250039901,381.869,1.698392297,1.206233993
2.325,0.62,1.24,1.897874461,-1.8,-0.1178911993,381.679,1.695729727,1.202831866
2.326,0.58,1.16,1.780891485,-4.11,-0.2650709474,380.79,1.683254067,1.255755664
2.327,0.57,1.14,1.751528057,-4.89,-0.3137397254,379.531,1.665536139,1.295704027
2.328,0.63,1.26,1.927002521,-1.41,-0.0925884157,378.534,1.651463591,1.236149341
2.329,0.66,1.32,2.014104259,0.34,0.02258804273,376.689,1.625323578,1.222216188
2.33,0.62,1.24,1.897874461,-1.69,-0.1107679054,364.993,1.45657528,1.410212559
2.331,0.57,1.14,1.751528057,-4.43,-0.2850998976,366.937,1.484994458,1.459734976
2.332,0.56,1.12,1.722117555,-5.03,-0.3224207647,369.859,1.52742895,1.429133492
2.333,0.59,1.18,1.810207839,-3.03,-0.1968297564,372.953,1.571997416,1.316354284
2.334,0.6,1.2,1.83947712,-2.78,-0.1808909279,376.761,1.626346075,1.272593705
2.335,0.51,1.02,1.574358943,-7.21,-0.4554829271,382.117,1.701865659,1.263142454
2.336,0.4,0.8,1.24514752,-12.65,-0.7706406119,395.874,1.891090528,1.111292439
2.337,0.33,0.66,1.032683705,-16.46,-0.9775598357,396.582,1.900650178,1.118724416
2.338,0.32,0.64,1.002143437,-16.65,-0.9875906969,397.402,1.911700783,1.084441618
2.339,0.42,0.84,1.305427805,-12.15,-0.7426561335,398.204,1.922486779,1.106453549
2.34,0.61,1.22,1.868699327,-2.46,-0.1604107785,399.292,1.937084478,1.051796583
2.341,0.84,1.68,2.527817779,4.68,0.3200222514,399.81,1.944020515,1.116506197
2.342,1.05,2.1,3.10787358,10.02,0.7098678504,399.57,1.940808025,1.172483444
2.343,1.18,2.36,3.456552477,13.85,1.006348235,398.604,1.927858211,1.178019523
2.344,1.26,2.52,3.667169923,15.54,1.141791095,398.834,1.930944344,1.193454495
2.345,1.26,2.52,3.667169923,15.51,1.139361748,397.781,1.916800616,1.199926407
2.346,1.15,2.3,3.37679422,13.11,0.9479400111,396.522,1.899840701,1.185763428
2.347,0.96,1.92,2.861820211,8.19,0.5732330208,392.155,1.8405929,1.185595111
2.348,0.74,1.48,2.244304323,2.35,0.1582255076,386.756,1.766424959,1.166084108
2.349,0.54,1.08,1.663155331,-5.13,-0.3286114071,380.305,1.6764356,1.233955689
2.35,0.36,0.72,1.124022067,-12.41,-0.7572324329,372.589,1.566773296,1.388468597
2.351,0.19,0.38,0.6008362552,-19.57,-1.138394407,364.024,1.442352969,1.976704493
2.352,0,0,0,-27.2,-1.503890546,346.146,1.172931527,-0
2.353,-0.18,-0.36,-0.5848888032,-34.54,-1.819200808,343.234,1.127733544,0.8458662234
2.354,-0.35,-0.7,-1.15128818,-40.96,-2.068392259,339.555,1.070079304,1.153233737
2.355,-0.46,-0.92,-1.525031229,-45.25,-2.222207407,338.821,1.058501944,1.310495892
2.356,-0.48,-0.96,-1.593596467,-46.06,-2.250172528,337.716,1.041025427,1.317950865
2.357,-0.41,-0.82,-1.354441921,-43.7,-2.167754002,338.524,1.053810243,1.215897939
2.358,-0.28,-0.56,-0.9164173312,-39.63,-2.018691782,339.462,1.068613803,0.9645706475
2.359,-0.19,-0.38,-0.6178298248,-36.55,-1.899774315,341.466,1.100104448,0.7726061098
2.36,-0.16,-0.32,-0.5191479808,-35.36,-1.852360392,343.33,1.12922969,0.717917217
2.361,-0.12,-0.24,-0.3882312192,-34.05,-1.799193764,345.007,1.155298222,0.6029413065
2.362,-0.03,-0.06,-0.0964223112,-30.83,-1.66406855,346.763,1.182459331,0.2002086081
2.363,0.09,0.18,0.2867249592,-26.6,-1.476588034,349.161,1.219329308,-1.114539296
2.364,0.14,0.28,0.4443690272,-24.54,-1.38101722,351.741,1.258715877,-3.633394503
2.365,0.12,0.24,0.3814526208,-25.22,-1.412881174,354.286,1.297286098,-3.299903732
2.366,0.12,0.24,0.3814526208,-25.44,-1.423123046,357.136,1.340151181,-4.597373107
2.367,0.18,0.36,0.5696369568,-22.94,-1.304795336,358.751,1.364289808,9.5746199
2.368,0.29,0.58,0.9102401912,-18.66,-1.092067572,360.31,1.387488572,3.08116278
2.369,0.36,0.72,1.124022067,-15.59,-0.9312833553,361.877,1.410705448,2.344535396
2.37,0.4,0.8,1.24514752,-13.69,-0.8282256132,363.901,1.440544953,2.033493699
2.371,0.49,0.98,1.514925983,-9.39,-0.5846306229,366.923,1.484790332,1.682952446
2.372,0.63,1.26,1.927002521,-1.84,-0.1204788833,370.776,1.540676912,1.356854806
2.373,0.74,1.48,2.244304323,1.94,0.1302644618,375.151,1.603435114,1.294517432
2.374,0.78,1.56,2.358274589,2.91,0.1966613113,382.965,1.713725308,1.234448862
2.375,0.81,1.62,2.443258015,3.71,0.252063169,393.874,1.863993219,1.154628028
2.376,0.92,1.84,2.751239245,6.47,0.4477122266,394.582,1.873601367,1.185207915
2.377,1.09,2.18,3.216006719,11.08,0.7904862633,394.909,1.87803321,1.205165168
2.378,1.24,2.48,3.614798003,14.93,1.092572757,395.52,1.88630429,1.213476738
2.379,1.3,2.6,3.77134888,16.13,1.189753296,396.175,1.895156817,1.222514998
2.38,1.3,2.6,3.77134888,16.23,1.197917453,396.959,1.905733596,1.215133022
2.381,1.29,2.58,3.745374751,15.91,1.171827865,397.092,1.907525798,1.216286001
2.382,1.25,2.5,3.6410075,15.31,1.123189317,396.713,1.902417113,1.203397595
2.383,1.18,2.36,3.456552477,13.64,0.9897176276,395.656,1.888143577,1.201083802
2.384,1.04,2.08,3.080722611,10.22,0.7249955928,394.766,1.876095578,1.184396243
2.385,0.86,1.72,2.583955587,5.79,0.3988536725,392.966,1.851645595,1.14816993
2.386,0.68,1.36,2.071936717,1.1,0.07344960963,390.392,1.816486831,1.096299681
2.387,0.49,0.98,1.514925983,-6.35,-0.403462751,388.985,1.797170228,1.086975573
2.388,0.32,0.64,1.002143437,-13.89,-0.8392038172,387.455,1.776085506,1.069658473
2.389,0.19,0.38,0.6008362552,-19.18,-1.118613657,386.396,1.761442756,0.9346749492
2.39,0.12,0.24,0.3814526208,-22.16,-1.266994388,385.48,1.748744856,0.7918053981
2.391,0.06,0.12,0.1915736352,-24.71,-1.389012656,384.743,1.738506389,0.5481461242
2.392,0.01,0.02,0.0320466232,-26.97,-1.493452755,384.485,1.734917596,0.1327175547
2.393,0.02,0.04,0.0640461728,-26.26,-1.461010498,383.614,1.722784129,0.2446624306
2.394,0.12,0.24,0.3814526208,-22.71,-1.29369302,382.405,1.705896414,0.9253990303
2.395,0.15,0.3,0.47575662,-21.22,-1.220872247,381.109,1.687734057,1.019052339
2.396,0.04,0.08,0.1279040512,-25.98,-1.448124012,379.626,1.666875125,0.5847012594
2.397,-0.15,-0.3,-0.48634818,-33.81,-1.789341574,376.722,1.625792246,2.973709445
2.398,-0.24,-0.48,-0.7832410368,-37.69,-1.944421352,369.603,1.523724635,1.861771211
2.399,-0.19,-0.38,-0.6178298248,-35.86,-1.872383693,362.075,1.413631886,1.346762705
2.4,-0.07,-0.14,-0.2256444232,-31.75,-1.703330398,360.806,1.394848277,0.7314667788
2.401,0.02,0.04,0.0640461728,-28.32,-1.554221063,360.748,1.393988189,-0.3997068204
2.402,0.06,0.12,0.1915736352,-26.82,-1.486626648,360.767,1.394269957,-2.074279987
2.403,0.06,0.12,0.1915736352,-26.78,-1.484803834,363.222,1.430553106,-3.531263833
2.404,0.05,0.1,0.15976238,-27.31,-1.508870189,366.379,1.476852536,-4.98982183
2.405,0.06,0.12,0.1915736352,-26.86,-1.4884484,370.428,1.535653194,4.058351289
2.406,0.13,0.26,0.4129343608,-24.09,-1.359757635,375.403,1.60702766,1.669973386
2.407,0.27,0.54,0.8487359928,-18.51,-1.084373424,380.105,1.673621329,1.440371676
2.408,0.45,0.9,1.39549518,-10.5,-0.6489126003,395.302,1.883354701,1.130466289
2.409,0.64,1.28,1.956083507,-0.46,-0.03039792141,395.851,1.890779688,1.05144199
2.41,0.77,1.54,2.329852633,3.09,0.2090759895,395.959,1.892239129,1.108759278
2.411,0.77,1.54,2.329852633,3.2,0.2166772187,395.681,1.888481613,1.106734845
2.412,0.66,1.32,2.014104259,0.41,0.02725121946,394.916,1.878128041,1.05706213
2.413,0.52,1.04,1.604004813,-6.97,-0.4410271742,394.076,1.866736287,1.125057558
2.414,0.42,0.84,1.305427805,-11.84,-0.7252074927,392.669,1.847600587,1.163075407
2.415,0.42,0.84,1.305427805,-11.81,-0.7235149112,391.394,1.830200822,1.179582926
2.416,0.47,0.94,1.455304729,-9.4,-0.585214155,389.926,1.810096872,1.188117612
2.417,0.53,1.06,1.633603609,-6.44,-0.4089354179,388.691,1.793125098,1.180187681
2.418,0.59,1.18,1.810207839,-2.99,-0.1942831505,388.949,1.79667507,1.129691068
2.419,0.64,1.28,1.956083507,-0.34,-0.02248599305,387.545,1.777328087,1.11467779
2.42,0.63,1.26,1.927002521,-0.94,-0.06191919878,387.136,1.771678923,1.127060425
2.421,0.5,1,1.544666,-5.92,-0.3772225855,385.348,1.74691254,1.127748652
2.422,0.21,0.42,0.6630936312,-16.65,-0.9875906969,385.555,1.749785664,0.8699790206
2.423,-0.12,-0.24,-0.3882312192,-28.46,-1.560454755,382.482,1.706973566,-2.649702221
2.424,-0.28,-0.56,-0.9164173312,-34.27,-1.80819439,377.743,1.640272317,5.457396497
2.425,-0.28,-0.56,-0.9164173312,-34.06,-1.799603517,370.443,1.535869831,3.47478301
2.426,-0.27,-0.54,-0.8830526472,-33.87,-1.791807888,351.66,1.25748372,1.652653391
2.427,-0.43,-0.86,-1.422536423,-39.41,-2.01037604,346.147,1.172946982,1.698694846
2.428,-0.75,-1.5,-2.5376565,-50.66,-2.402829111,340.741,1.088733262,1.931104569
2.429,-0.97,-1.94,-3.332263271,-58.52,-2.641215482,334.745,0.9937514482,2.022662226
2.43,-0.83,-1.66,-2.823968295,-54.33,-2.517489121,329.439,0.9082700036,1.754868722
2.431,-0.41,-0.82,-1.354441921,-40.86,-2.064689263,328.868,0.8989890731,1.161912756
2.432,-0.01,-0.02,-0.0320936968,-27.07,-1.49799522,327.237,0.8723900745,0.05130024426
2.433,0.05,0.1,0.15976238,-24.74,-1.390421573,326.7,0.8636034463,-0.3032590789
2.434,-0.25,-0.5,-0.8164645,-35.82,-1.870787259,326.088,0.853572009,0.8026467354
2.435,-0.6,-1.2,-2.00894208,-48.97,-2.34793628,327.191,0.8716379673,1.360796841
2.436,-0.78,-1.56,-2.644670371,-55.81,-2.562038156,330.523,0.9258449707,1.616355816
2.437,-0.82,-1.64,-2.788014563,-56.94,-2.59542336,332.914,0.964407503,1.709373058
2.438,-0.77,-1.54,-2.608952007,-55.66,-2.55756592,332.933,0.9647128284,1.637911256
2.439,-0.69,-1.38,-2.324899745,-53.03,-2.47756865,333.385,0.9719712257,1.54417091
2.44,-0.56,-1.12,-1.869740365,-49.06,-2.350893876,334.527,0.9902661686,1.374174842
2.441,-0.43,-0.86,-1.422536423,-44.83,-2.207575034,336.738,1.025509754,1.203433049
2.442,-0.33,-0.66,-1.083946855,-41.62,-2.092695215,338.343,1.050948972,1.040509493
2.443,-0.29,-0.58,-0.9498290888,-40.21,-2.040485889,340.206,1.080326585,0.9892411441
2.444,-0.3,-0.6,-0.98328792,-40.33,-2.044971729,341.652,1.103017854,1.043881177
2.445,-0.31,-0.62,-1.016793825,-40.88,-2.0654303,344.28,1.144012789,1.103510419
2.446,-0.32,-0.64,-1.050346803,-41.14,-2.07504387,346.692,1.181363803,1.175305169
2.447,-0.32,-0.64,-1.050346803,-41.15,-2.075412886,348.606,1.210818586,1.214843544
2.448,-0.3,-0.6,-0.98328792,-40.63,-2.05615157,351.65,1.257331582,1.230925534
2.449,-0.29,-0.58,-0.9498290888,-40.13,-2.037490905,355.35,1.313329265,1.311625797
2.45,-0.32,-0.64,-1.050346803,-41.35,-2.082781747,359.64,1.377530933,1.489323774
2.451,-0.36,-0.72,-1.185029453,-43.23,-2.150994711,364.691,1.452146787,1.695690024
2.452,-0.34,-0.68,-1.117593981,-42.41,-2.121475107,372.115,1.559962804,1.990328573
2.453,-0.2,-0.4,-0.65081792,-37.85,-1.950627645,378.151,1.646047731,2.136772285
2.454,0,0,0,-30.69,-1.658047328,385.657,1.751200839,0
2.455,0.19,0.38,0.6008362552,-23.71,-1.341697053,399.39,1.938397391,1.006931313
2.456,0.33,0.66,1.032683705,-17.81,-1.048249465,400.773,1.956891267,1.136513534
2.457,0.48,0.96,1.485138893,-10.95,-0.6746925819,401.301,1.963935007,1.151946961
2.458,0.64,1.28,1.956083507,-2.89,-0.1879106268,401.777,1.970277106,1.097464259
2.459,0.76,1.52,2.301383603,1.81,0.1214303351,402.406,1.978646223,1.095857003
2.46,0.83,1.66,2.499678265,3.59,0.2437157346,403.18,1.988926693,1.119605287
2.461,0.85,1.7,2.55591022,4.02,0.2736882735,403.749,1.99647172,1.125872285
2.462,0.81,1.62,2.443258015,3.1,0.2097665561,404.359,2.004548612,1.103392169
2.463,0.76,1.52,2.301383603,1.69,0.1132892213,403.891,1.998353003,1.089854889
2.464,0.75,1.5,2.2728675,1.43,0.0956944162,403.006,1.9866173,1.091511651
2.465,0.82,1.64,2.471491677,3.2,0.2166772187,402.075,1.974243757,1.128060621
2.466,0.93,1.86,2.778955097,5.97,0.4117448525,401.558,1.967360141,1.168067447
2.467,0.99,1.98,2.944261663,7.58,0.5283974863,400.616,1.954795031,1.185675956
2.468,0.97,1.94,2.889347769,7,0.4860930969,399.404,1.938584924,1.191641836
2.469,0.87,1.74,2.611953881,4.48,0.3059393875,398.235,1.922903257,1.171887969
2.47,0.71,1.42,2.158332351,0.39,0.0259184403,397.795,1.916988907,1.110877652
2.471,0.5,1,1.544666,-7.92,-0.497970509,395.972,1.892414776,1.107728747
2.472,0.28,0.56,0.8795116288,-16.44,-0.976502386,392.923,1.851060144,1.00566443
2.473,0.12,0.24,0.3814526208,-22.25,-1.271377732,388.062,1.784460437,0.743452502
2.474,0.07,0.14,0.2233378168,-24.3,-1.369695999,383.25,1.717705262,0.6417582541
2.475,0.06,0.12,0.1915736352,-24.44,-1.376304822,376.898,1.628291119,0.7602541802
2.476,0.02,0.04,0.0640461728,-26.07,-1.452271815,360.664,1.392742299,-1.075872556
2.477,-0.12,-0.24,-0.3882312192,-30.95,-1.669219767,356.399,1.329099302,1.1414521
2.478,-0.3,-0.6,-0.98328792,-37.87,-1.951402401,351.828,1.260038988,1.422244656
2.479,-0.48,-0.96,-1.593596467,-44.43,-2.193554939,347.114,1.187871963,1.584591273
2.48,-0.61,-1.22,-2.043860193,-49.19,-2.355159087,341.56,1.101577013,1.630415938
2.481,-0.71,-1.42,-2.395630369,-52.68,-2.466692194,339.172,1.064041382,1.70793069
2.482,-0.8,-1.6,-2.71624832,-55.86,-2.563526774,336.312,1.0187373,1.758329122
2.483,-0.88,-1.76,-3.004443059,-58.92,-2.652647524,335.461,1.005182565,1.823676457
2.484,-0.94,-1.88,-3.222566205,-61.1,-2.713841472,334.479,0.9894984625,1.868866106
2.485,-0.95,-1.9,-3.25908482,-61.21,-2.716880422,337.682,1.040486781,1.944104738
2.486,-0.88,-1.76,-3.004443059,-59.2,-2.660611859,341.371,1.098615806,1.923463925
2.487,-0.77,-1.54,-2.608952007,-55.91,-2.565014329,345.458,1.162287282,1.859914237
2.488,-0.66,-1.32,-2.219156861,-52.31,-2.45513415,350.038,1.232750244,1.815433637
2.489,-0.55,-1.1,-1.83505762,-48.92,-2.346291487,354.219,1.296274249,1.747645233
2.49,-0.46,-0.92,-1.525031229,-45.96,-2.246738067,358.932,1.366988354,1.733483063
2.491,-0.4,-0.8,-1.32046528,-44,-2.17839078,363.96,1.441412289,1.791728383
2.492,-0.4,-0.8,-1.32046528,-44.13,-2.182985445,370.537,1.537227222,2.044829217
2.493,-0.41,-0.82,-1.354441921,-44.39,-2.192148375,375.226,1.604504576,2.30486891
2.494,-0.29,-0.58,-0.9498290888,-40.53,-2.052430465,381.507,1.693318257,2.644936791
2.495,-0.03,-0.06,-0.0964223112,-31.54,-1.694415094,396.892,1.90483053,-0.4582473268
2.496,0.27,0.54,0.8487359928,-20.23,-1.171619478,399.047,1.933800786,1.113561806
2.497,0.46,0.92,1.425423491,-11.53,-0.7076833433,400.814,1.957438556,1.140562149
2.498,0.53,1.06,1.633603609,-8.15,-0.5116455393,402.02,1.973511878,1.117478093
2.499,0.57,1.14,1.751528057,-6.47,-0.4107581458,401.805,1.970649937,1.122852282
2.5,0.59,1.18,1.810207839,-5.2,-0.3329398539,401.143,1.961828193,1.111314874
2.501,0.56,1.12,1.722117555,-6.39,-0.4058958778,399.356,1.937941927,1.124063833
2.502,0.47,0.94,1.455304729,-10.15,-0.6287500019,397.806,1.917136845,1.12955572
2.503,0.33,0.66,1.032683705,-15.31,-0.9162684814,395.943,1.892022941,1.058343823
2.504,0.2,0.4,0.63198848,-20.37,-1.178626991,393.9,1.864346366,0.9216430267
2.505,0.07,0.14,0.2233378168,-25.27,-1.415211742,390.372,1.816212741,0.5569507746
2.506,-0.08,-0.16,-0.2580676352,-30.86,-1.665357204,386.554,1.763629961,-2.62603435
2.507,-0.24,-0.48,-0.7832410368,-36.69,-1.905297862,375.44,1.607554934,2.630594933
2.508,-0.37,-0.74,-1.218817799,-41.61,-2.092328755,365.46,1.463416104,1.93797628
2.509,-0.46,-0.92,-1.525031229,-45.05,-2.215250909,360.39,1.388676306,1.845001316
2.51,-0.53,-1.06,-1.765833351,-47.34,-2.29369025,355.133,1.310061206,1.795222866
2.511,-0.59,-1.18,-1.974071041,-49.68,-2.371162954,350.589,1.241165137,1.746968898
2.512,-0.69,-1.38,-2.324899745,-53.44,-2.490239855,345.429,1.161838149,1.750148118
2.513,-0.8,-1.6,-2.71624832,-57.43,-2.609734308,340.413,1.083580829,1.779800234
2.514,-0.87,-1.74,-2.968253959,-59.95,-2.681791855,335.013,0.9980329949,1.76287355
2.515,-0.89,-1.78,-3.040679233,-60.58,-2.699412781,330.646,0.9278355359,1.716368417
2.516,-0.86,-1.72,-2.932111933,-59.79,-2.677292046,327.862,0.8825984583,1.633767431
2.517,-0.84,-1.68,-2.859969101,-59.03,-2.655780098,324.548,0.8282459729,1.56493335
2.518,-0.82,-1.64,-2.788014563,-58.66,-2.645224006,319.991,0.7525938984,1.473090041
2.519,-0.81,-1.62,-2.752107905,-58.19,-2.631735519,319.484,0.7441105313,1.457973868
2.52,-0.8,-1.6,-2.71624832,-57.99,-2.625968598,321.1,0.7711034576,1.464391271
2.521,-0.8,-1.6,-2.71624832,-58.04,-2.627411854,323.149,0.8051343586,1.490578865
2.522,-0.8,-1.6,-2.71624832,-57.97,-2.625391011,325.18,0.8386540239,1.520228405
2.523,-0.79,-1.58,-2.680435809,-57.56,-2.613514446,328.367,0.8908326282,1.555966854
2.524,-0.77,-1.54,-2.608952007,-57.11,-2.60039965,330.106,0.919090952,1.551738839
2.525,-0.75,-1.5,-2.5376565,-56.46,-2.581307624,332.492,0.9576215699,1.562898501
2.526,-0.68,-1.36,-2.289605043,-54.25,-2.515054007,334.838,0.9952375971,1.506501067
2.527,-0.56,-1.12,-1.869740365,-50.41,-2.394793978,337.071,1.030797752,1.370781186
2.528,-0.46,-0.92,-1.525031229,-47.27,-2.291331483,338.744,1.057285972,1.235798206
2.529,-0.43,-0.86,-1.422536423,-46.41,-2.262153406,339.253,1.0653189,1.188582395
2.53,-0.44,-0.88,-1.456654285,-46.79,-2.27509155,339.723,1.072725643,1.21149001
2.531,-0.42,-0.84,-1.388465635,-46.1,-2.251544897,342.159,1.110951188,1.217318335
2.532,-0.38,-0.76,-1.252653219,-44.65,-2.201276226,344.158,1.142116612,1.182685974
2.533,-0.39,-0.78,-1.286535713,-45.12,-2.217688016,346.891,1.184433803,1.245129898
2.534,-0.44,-0.88,-1.456654285,-46.93,-2.279840039,350.184,1.234981251,1.394115933
2.535,-0.4,-0.8,-1.32046528,-45.83,-2.242265703,353.398,1.28385976,1.377772425
2.536,-0.24,-0.48,-0.7832410368,-40.59,-2.054663788,358.54,1.361142271,1.129368041
2.537,-0.01,-0.02,-0.0320936968,-32.82,-1.748331297,364.614,1.451017081,0.1079453827
2.538,0.18,0.36,0.5696369568,-25.78,-1.438887238,372.924,1.571581395,4.292856346
2.539,0.29,0.58,0.9102401912,-21.34,-1.226794912,378.676,1.653470168,2.133332502
2.54,0.35,0.7,1.09362302,-18.8,-1.09923396,389.711,1.807146139,1.544856907
2.541,0.39,0.78,1.214936767,-17.27,-1.02013588,396.973,1.905922277,1.371591131
2.542,0.42,0.84,1.305427805,-15.75,-0.939836696,398.083,1.920860857,1.330678546
2.543,0.47,0.94,1.455304729,-13.72,-0.8298743071,400.036,1.947043847,1.302671328
2.544,0.53,1.06,1.633603609,-10.81,-0.6666893869,401.816,1.970796399,1.252660705
2.545,0.63,1.26,1.927002521,-5.69,-0.3631238695,403.191,1.989072655,1.18515573
2.546,0.79,1.58,2.386649471,1.46,0.09772149724,404.583,2.007511494,1.133674743
2.547,0.97,1.94,2.889347769,6.1,0.4210739205,405.718,2.022499145,1.182427409
2.548,1.11,2.22,3.269790847,9.71,0.6864961027,407.071,2.040310795,1.199128127
2.549,1.16,2.32,3.403427379,11.15,0.7958485199,406.958,2.038825467,1.200641554
2.55,1.15,2.3,3.37679422,10.88,0.7751918079,405.713,2.022433212,1.20702174
2.551,1.14,2.28,3.350113987,10.45,0.7424402967,403.831,1.997558176,1.22267002
2.552,1.15,2.3,3.37679422,10.86,0.7736645018,401.646,1.968532446,1.23141929
2.553,1.21,2.42,3.535887071,12.48,0.8986415616,399.703,1.942588518,1.244491636
2.554,1.21,2.42,3.535887071,12.48,0.8986415616,397.736,1.916195349,1.256160546
2.555,1.04,2.08,3.080722611,8.06,0.5636483326,396.387,1.898018928,1.251478078
2.556,0.71,1.42,2.158332351,-0.72,-0.04749702857,394.529,1.87288271,1.182397984
2.557,0.36,0.72,1.124022067,-17.18,-1.015429303,383.88,1.726492562,1.580762406
2.558,0.16,0.32,0.5070971392,-26.14,-1.455494137,394.329,1.870169928,1.22287616
2.559,0.14,0.28,0.4443690272,-27.12,-1.500263974,398.238,1.92294356,1.051314145
2.56,0.19,0.38,0.6008362552,-25.43,-1.422658215,397.958,1.919180667,1.210088794
2.561,0.25,0.5,0.7870435,-22.95,-1.305277211,397.434,1.912131564,1.296923219
2.562,0.33,0.66,1.032683705,-19.65,-1.142438401,396.732,1.902673337,1.358374438
2.563,0.43,0.86,1.335497337,-15.26,-0.9135810115,396.265,1.896372051,1.358882288
2.564,0.52,1.04,1.604004813,-11.1,-0.6832501861,395.693,1.888643862,1.330689587
2.565,0.57,1.14,1.751528057,-8.98,-0.5606363342,395.491,1.885912007,1.321632995
2.566,0.56,1.12,1.722117555,-9.14,-0.5700161114,395.59,1.887251061,1.307373112
2.567,0.55,1.1,1.69265998,-9.95,-0.6171845625,395.815,1.890293119,1.32954882
2.568,0.54,1.08,1.663155331,-10.51,-0.6494872388,396.007,1.892887642,1.337586289
2.569,0.53,1.06,1.633603609,-11.01,-0.6781177632,395.901,1.891455405,1.34637182
2.57,0.53,1.06,1.633603609,-10.96,-0.6752636437,395.536,1.88652071,1.348684482
2.571,0.57,1.14,1.751528057,-9.18,-0.5723578229,394.921,1.878195777,1.341305827
2.572,0.64,1.28,1.956083507,-5.21,-0.3335578673,394.27,1.869369395,1.273648148
2.573,0.71,1.42,2.158332351,-1.33,-0.08738173801,393.473,1.858543652,1.218596862
2.574,0.74,1.48,2.244304323,0.15,0.009952714238,394.457,1.871906267,1.192599629
2.575,0.77,1.54,2.329852633,0.88,0.05867371064,395.962,1.892279663,1.19421236
2.576,0.85,1.7,2.55591022,2.97,0.2007962711,398.036,1.920229168,1.205035156
2.577,0.98,1.96,2.916828253,6.18,0.4268227197,400.131,1.948314207,1.22806741
2.578,1.07,2.14,3.162034297,8.53,0.5983766111,402.469,1.979483744,1.226611942
2.579,1.06,2.12,3.134977475,8.34,0.5843122259,404.709,2.009177395,1.208787361
2.58,1,2,2.971648,6.84,0.4744786461,404.961,2.012507641,1.194879126
2.581,0.98,1.96,2.916828253,6.24,0.4311382393,406.714,2.035616803,1.182455575
2.582,1,2,2.971648,6.85,0.4752038448,407.842,2.05043421,1.176592978
2.583,1.04,2.08,3.080722611,7.72,0.5386564538,407.948,2.051824519,1.189247342
2.584,1.03,2.06,3.053524569,7.63,0.532059276,408.688,2.061520396,1.177339799
2.585,0.97,1.94,2.889347769,5.99,0.4131790684,407.883,2.050972014,1.17255301
2.586,0.9,1.8,2.69566632,4.17,0.2841836115,406.44,2.032011336,1.163833952
2.587,0.87,1.74,2.611953881,3.39,0.2298325276,403.959,1.999253666,1.17175993
2.588,0.84,1.68,2.527817779,2.59,0.1746632724,401.379,1.964974774,1.181423084
2.589,0.74,1.48,2.244304323,-0.03,-0.001988158449,399.161,1.935328959,1.16084258
2.59,0.53,1.06,1.633603609,-8.82,-0.5512358423,397.187,1.908805575,1.203329427
2.591,0.26,0.52,0.8179132832,-19.5,-1.134852121,392.709,1.848145548,1.146671556
2.592,0.04,0.08,0.1279040512,-28.27,-1.551991655,387.511,1.776858702,0.568798556
2.593,-0.08,-0.16,-0.2580676352,-32.92,-1.752500929,382.985,1.7140047,6.703712028
2.594,-0.11,-0.22,-0.3556197128,-34.01,-1.79755415,377.307,1.634093653,2.175569747
2.595,-0.16,-0.32,-0.5191479808,-35.92,-1.874776576,369.16,1.517308368,1.452291333
2.596,-0.3,-0.6,-0.98328792,-41.43,-2.085723197,349.526,1.224919079,1.142289982
2.597,-0.5,-1,-1.66235,-48.82,-2.342998286,341.333,1.098020233,1.335244421
2.598,-0.62,-1.24,-2.078825379,-53.54,-2.49331903,334.395,0.9881547116,1.381128528
2.599,-0.58,-1.16,-1.939247075,-52.28,-2.454194293,331.828,0.9469267205,1.286597755
2.6,-0.46,-0.92,-1.525031229,-48.45,-2.330771418,331.771,0.9460076414,1.101293415
2.601,-0.38,-0.76,-1.252653219,-45.82,-2.24192132,333.553,0.9746665287,0.9884777932
2.602,-0.34,-0.68,-1.117593981,-44.4,-2.192500093,337.659,1.040122373,0.9698156783
2.603,-0.31,-0.62,-1.016793825,-43.5,-2.160636602,341.982,1.108182899,0.9661173901
2.604,-0.31,-0.62,-1.016793825,-43.46,-2.159210598,346.464,1.177844248,1.036100153
2.605,-0.31,-0.62,-1.016793825,-43.68,-2.167043207,350.761,1.243789219,1.101315388
2.606,-0.28,-0.56,-0.9164173312,-42.48,-2.124009057,354.389,1.298841254,1.110582996
2.607,-0.18,-0.36,-0.5848888032,-39.2,-2.002413015,358.053,1.353870499,0.9018511345
2.608,-0.04,-0.08,-0.1286572288,-34.65,-1.823672362,361.896,1.410986338,0.3117557203
2.609,0.07,0.14,0.2233378168,-30.73,-1.659768938,366.086,1.472572332,-1.19306552
2.61,0.16,0.32,0.5070971392,-27.36,-1.511131026,371.736,1.55451104,11.68964903
2.611,0.28,0.56,0.8795116288,-22.47,-1.282068703,387.69,1.779329416,1.768713284
2.612,0.43,0.86,1.335497337,-16.42,-0.9754446372,389.302,1.801528389,1.616660942
2.613,0.55,1.1,1.69265998,-10.74,-0.6626819535,389.369,1.80244906,1.485092849
2.614,0.64,1.28,1.956083507,-6.1,-0.3882255741,390.889,1.823293474,1.363059899
2.615,0.7,1.4,2.12958088,-3.1,-0.2012830138,391.177,1.827233807,1.309744975
2.616,0.71,1.42,2.158332351,-2.38,-0.1552769498,392.896,1.850692502,1.273040317
2.617,0.69,1.38,2.100782335,-3.56,-0.2304428934,394.773,1.876190443,1.276491243
2.618,0.66,1.32,2.014104259,-5.37,-0.3434346626,395.85,1.890766173,1.301663054
2.619,0.63,1.26,1.927002521,-7.07,-0.4470561776,397.75,1.916383661,1.311486066
2.62,0.62,1.24,1.897874461,-7.66,-0.4824596762,400.007,1.946655993,1.296188523
2.621,0.65,1.3,1.98511742,-5.73,-0.3655789946,401.049,1.960574379,1.244591326
2.622,0.74,1.48,2.244304323,-1.06,-0.06976797991,403.34,1.991049393,1.168128889
2.623,0.83,1.66,2.499678265,1.9,0.1275446522,404.181,2.002193008,1.173702429
2.624,0.89,1.78,2.667809247,3.32,0.2249820134,403.657,1.995252507,1.201588942
2.625,0.89,1.78,2.667809247,3.38,0.2291393239,403.065,1.987400482,1.203591851
2.626,0.87,1.74,2.611953881,2.71,0.1829016744,402.657,1.981982235,1.206509905
2.627,0.84,1.68,2.527817779,2.03,0.1363892916,402.598,1.98119826,1.193725273
2.628,0.81,1.62,2.443258015,1.28,0.08557108238,401.01,1.960054093,1.194382062
2.629,0.75,1.5,2.2728675,-0.45,-0.0297390777,400.07,1.947498537,1.185168186
2.63,0.64,1.28,1.956083507,-5.19,-0.3323217565,399.592,1.941102584,1.215879425
2.631,0.5,1,1.544666,-10.92,-0.6729789208,397.422,1.911970025,1.246712745
2.632,0.41,0.82,1.275311199,-14.71,-0.8838935973,394.803,1.876596991,1.284685041
2.633,0.38,0.76,1.184678941,-15.9,-0.9478379292,391.716,1.834600459,1.335959629
2.634,0.3,0.6,0.94092168,-18.88,-1.103322625,387.208,1.772673829,1.405721951
2.635,0.05,0.1,0.15976238,-28.79,-1.575098129,381.97,1.699807124,1.281081446
2.636,-0.27,-0.54,-0.8830526472,-41.2,-2.077257144,378.129,1.64573647,2.046373909
2.637,-0.38,-0.76,-1.252653219,-45.3,-2.22394333,371.222,1.547108467,1.850751621
2.638,-0.2,-0.4,-0.65081792,-39.16,-2.000893443,362.241,1.41608413,1.112872018
2.639,0.08,0.16,0.2550549248,-29.65,-1.612929428,354.069,1.294008222,-0.7997427586
2.64,0.17,0.34,0.5383905848,-26.28,-1.461928957,340.763,1.089078674,-1.443985991
2.641,0.05,0.1,0.15976238,-31.2,-1.679922391,342.622,1.118185765,-0.2844079812
2.642,-0.08,-0.16,-0.2580676352,-36.48,-1.897008256,341.714,1.103988637,0.3254240235
2.643,-0.12,-0.24,-0.3882312192,-38.23,-1.965308913,343.933,1.138617801,0.4696206524
2.644,-0.13,-0.26,-0.4208897992,-38.68,-1.982588323,345.399,1.161373489,0.5125209406
2.645,-0.14,-0.28,-0.4535954528,-39.04,-1.996329333,346.368,1.176361638,0.5531869797
2.646,-0.11,-0.22,-0.3556197128,-38.07,-1.959137374,347.842,1.199080734,0.4678858047
2.647,-0.02,-0.04,-0.0642344672,-34.8,-1.829758262,351.676,1.257727132,0.1122919082
2.648,0.12,0.24,0.3814526208,-29.79,-1.619043092,355.786,1.319889474,-1.275106159
2.649,0.25,0.5,0.7870435,-24.84,-1.395113547,357.938,1.352151902,-18.31967833
2.65,0.34,0.68,1.063176899,-21.25,-1.22235387,362.809,1.42446645,5.260320236
2.651,0.4,0.8,1.24514752,-18.94,-1.106386066,367.992,1.500354455,3.160526466
2.652,0.44,0.88,1.365519795,-17.29,-1.02118097,372.091,1.559617739,2.536081996
2.653,0.49,0.98,1.514925983,-15.13,-0.9065847222,383.596,1.722533089,1.85664442
2.654,0.58,1.16,1.780891485,-10.99,-0.6769763532,393.088,1.853306296,1.513938752
2.655,0.72,1.44,2.187036749,-3.83,-0.2474743014,396.19,1.895359376,1.327177959
2.656,0.89,1.78,2.667809247,2.56,0.1726057065,399.483,1.939643021,1.263018513
2.657,1.05,2.1,3.10787358,6.83,0.4737535413,400.682,1.955676351,1.279260451
2.658,1.2,2.4,3.50948928,10.88,0.7751918079,401.865,1.971448772,1.277738815
2.659,1.32,2.64,3.823155917,14.03,1.020638008,402.281,1.976984086,1.27539623
2.66,1.36,2.72,3.926205107,14.96,1.094984571,403.557,1.99392696,1.271064279
2.661,1.32,2.64,3.823155917,14.1,1.02620387,405.025,2.013353087,1.257800387
2.662,1.24,2.48,3.614798003,11.95,0.857471161,406.535,2.033261682,1.250478062
2.663,1.17,2.34,3.430013465,10.2,0.7234810798,407.111,2.040836476,1.240817452
2.664,1.13,2.26,3.323386681,9.25,0.6519858091,407.38,2.044370339,1.23254737
2.665,1.09,2.18,3.216006719,8.18,0.5724951674,407.268,2.042899275,1.229645008
2.666,1.04,2.08,3.080722611,6.76,0.4686804357,406.492,2.032695772,1.231611064
2.667,1.01,2.02,2.998987263,5.95,0.4103110093,407.873,2.050840847,1.218529956
2.668,1.05,2.1,3.10787358,6.97,0.4839135551,408.738,2.062174889,1.220646355
2.669,1.11,2.22,3.269790847,8.76,0.6154479405,410.043,2.079228914,1.213425959
2.67,1.11,2.22,3.269790847,8.6,0.6035668934,411.364,2.096436842,1.211031972
2.671,1,2,2.971648,5.77,0.3974231805,412.89,2.116246535,1.182195092
2.672,0.87,1.74,2.611953881,2.47,0.1664378882,411.49,2.098075286,1.153428433
2.673,0.83,1.66,2.499678265,1.17,0.07816007964,409.916,2.077571636,1.159549793
2.674,0.82,1.64,2.471491677,1.01,0.06739971161,409.168,2.06780023,1.157498943
2.675,0.74,1.48,2.244304323,-1.88,-0.123065179,408.367,2.057316639,1.160296047
2.676,0.59,1.18,1.810207839,-7.95,-0.4997566601,407.286,2.043135723,1.172886093
2.677,0.49,0.98,1.514925983,-11.7,-0.7173027255,404.531,2.006823829,1.174797357
2.678,0.46,0.92,1.425423491,-12.82,-0.780110914,399.843,1.944462082,1.224221292
2.679,0.39,0.78,1.214936767,-15.68,-0.9360969855,396.767,1.903145297,1.256335131
2.68,0.19,0.38,0.6008362552,-23.54,-1.333585162,393.318,1.856435722,1.149154846
2.681,-0.09,-0.18,-0.2905379208,-34.18,-1.804515842,388.036,1.784101977,14.23238231
2.682,-0.29,-0.58,-0.9498290888,-41.68,-2.09489284,383.346,1.719045211,2.527165306
2.683,-0.35,-0.7,-1.15128818,-43.86,-2.173432812,376.613,1.624244064,2.096343352
2.684,-0.31,-0.62,-1.016793825,-42.8,-2.135559514,370.129,1.531333067,1.682802583
2.685,-0.23,-0.46,-0.7500646472,-39.95,-2.030739225,365.345,1.461732344,1.318199609
2.686,-0.1,-0.2,-0.32305528,-35.78,-1.869189884,351.563,1.256007801,0.5268504893
2.687,0.05,0.1,0.15976238,-30.25,-1.63904284,353.079,1.279028321,-0.4437664923
2.688,0.24,0.48,0.7561266432,-23.23,-1.318741538,354.255,1.296817953,-34.48918815
2.689,0.4,0.8,1.24514752,-16.52,-0.9807303901,363.351,1.432452846,2.756443704
2.69,0.48,0.96,1.485138893,-12.94,-0.7867822989,365.467,1.463518577,2.194560779
2.691,0.47,0.94,1.455304729,-13.41,-0.8128043309,366.485,1.478400163,2.186469112
2.692,0.42,0.84,1.305427805,-15.41,-0.9216377426,367.252,1.489585238,2.298500858
2.693,0.36,0.72,1.124022067,-17.46,-1.030052276,368.101,1.501938902,2.381974834
2.694,0.26,0.52,0.8179132832,-21.58,-1.238609678,369.005,1.51506158,2.958609712
2.695,0.09,0.18,0.2867249592,-28.1,-1.544399488,369.935,1.528528174,-18.06561022
2.696,-0.07,-0.14,-0.2256444232,-34.19,-1.80492481,371.573,1.55216464,0.8927214412
2.697,-0.12,-0.24,-0.3882312192,-36.37,-1.892655812,373.034,1.573159232,1.215134195
2.698,-0.08,-0.16,-0.2580676352,-35,-1.837851888,375.576,1.609492576,1.130094646
2.699,-0.07,-0.14,-0.2256444232,-34.49,-1.817165885,376.751,1.626204073,1.181620662
2.7,-0.13,-0.26,-0.4208897992,-36.85,-1.91159652,379.467,1.664633897,1.704265182
2.701,-0.21,-0.42,-0.6838530888,-39.99,-2.032241151,389.815,1.808573673,3.057454285
2.702,-0.26,-0.52,-0.8497350368,-41.8,-2.099282249,387.317,1.774179655,2.61374426
2.703,-0.29,-0.58,-0.9498290888,-42.96,-2.141314298,382.411,1.705980355,2.181840181
2.704,-0.3,-0.6,-0.98328792,-43.27,-2.152425566,375.907,1.614205524,1.8269255
2.705,-0.21,-0.42,-0.6838530888,-40.55,-2.053175126,368.062,1.501372044,1.239306396
2.706,-0.06,-0.12,-0.1932682848,-35.35,-1.851958417,355.937,1.322159598,0.364795613
2.707,0.1,0.2,0.31834792,-29.57,-1.609430277,354.796,1.304981966,-1.045655068
2.708,0.23,0.46,0.7251627128,-24.82,-1.394175695,354.296,1.297437104,-7.496105769
2.709,0.32,0.64,1.002143437,-21.2,-1.219884144,352.96,1.27722488,17.4769895
2.71,0.42,0.84,1.305427805,-16.95,-1.003374068,351.128,1.249383979,5.306403305
2.711,0.5,1,1.544666,-13.31,-0.807282055,349.566,1.225531302,3.693171027
2.712,0.52,1.04,1.604004813,-12.39,-0.7561130555,347.832,1.198926926,3.62230029
2.713,0.51,1.02,1.574358943,-12.71,-0.7739856404,347.601,1.195372738,3.736134669
2.714,0.51,1.02,1.574358943,-12.83,-0.7806672903,346.27,1.174847716,3.994005896
2.715,0.48,0.96,1.485138893,-14.29,-0.8610680197,345.033,1.155701388,5.040633733
2.716,0.38,0.76,1.184678941,-18.17,-1.066872416,345.578,1.164145361,12.17891504
2.717,0.28,0.56,0.8795116288,-22.38,-1.277699216,346.946,1.185281985,-9.516749441
2.718,0.2,0.4,0.63198848,-25.69,-1.434721931,348.091,1.20290912,-2.726287982
2.719,0.15,0.3,0.47575662,-27.79,-1.530506376,349.937,1.231206332,-1.589564145
2.72,0.14,0.28,0.4443690272,-28.37,-1.556448844,352.076,1.26380882,-1.518483428
2.721,0.14,0.28,0.4443690272,-28.13,-1.545740651,354.769,1.304574815,-1.842586968
2.722,0.19,0.38,0.6008362552,-26.25,-1.460551169,358.159,1.355454109,-5.716965412
2.723,0.32,0.64,1.002143437,-21.41,-1.230245092,362.119,1.414281988,5.445339829
2.724,0.4,0.8,1.24514752,-17.74,-1.044617259,367.851,1.498304154,2.74450846
2.725,0.32,0.64,1.002143437,-21.41,-1.230245092,371.273,1.547843421,3.155380066
2.726,0.11,0.22,0.3499238072,-30.08,-1.631667319,375.749,1.611956357,-17.75275093
2.727,-0.06,-0.12,-0.1932682848,-37.09,-1.921016643,389.106,1.798834172,1.58180043
2.728,-0.08,-0.16,-0.2580676352,-38.2,-1.964152861,389.66,1.806445959,1.636375026
2.729,0.01,0.02,0.0320466232,-35.08,-1.84108266,390.746,1.821335911,-1.622880952
2.73,0.08,0.16,0.2550549248,-32.61,-1.739555083,391.734,1.834846295,2.676583902
2.731,0.13,0.26,0.4129343608,-30.71,-1.658908259,392.423,1.844247859,2.227987767
2.732,0.32,0.64,1.002143437,-23.54,-1.333585162,393.133,1.853918719,1.925963497
2.733,0.73,1.46,2.215694073,-5.16,-0.33046696,394.079,1.866777015,1.442218038
2.734,1.23,2.46,3.588541433,10.48,0.7447194677,395.046,1.879888886,1.367267398
2.735,1.59,3.18,4.504121599,18.68,1.401132551,395.892,1.891333782,1.3680084
2.736,1.7,3.4,4.77171368,20.8,1.581989574,396.585,1.900690649,1.370126849
2.737,1.64,3.28,4.626460467,19.54,1.473933415,397.049,1.90694643,1.368419074
2.738,1.6,3.2,4.52868352,18.83,1.413775067,397.505,1.913087234,1.361247659
2.739,1.67,3.34,4.699298905,20.27,1.536334569,397.97,1.919341988,1.35987811
2.74,1.76,3.52,4.915272243,21.88,1.675939444,398.539,1.92698572,1.36424489
2.741,1.76,3.52,4.915272243,21.91,1.6785668,399.202,1.935878458,1.359896718
2.742,1.67,3.34,4.699298905,20.28,1.537193253,399.856,1.944636022,1.349663793
2.743,1.56,3.12,4.430153395,18.22,1.362507385,400.424,1.952230365,1.336501928
2.744,1.49,2.98,4.255913343,17.05,1.265247458,401.032,1.960347593,1.319419603
2.745,1.49,2.98,4.255913343,17.05,1.265247458,401.492,1.966480744,1.316915618
2.746,1.51,3.02,4.305931583,17.44,1.297511257,401.978,1.972952922,1.316611755
2.747,1.51,3.02,4.305931583,17.32,1.28756734,402.386,1.978380316,1.318432516
2.748,1.46,2.92,4.180532931,16.44,1.21509526,402.47,1.979497037,1.308628001
2.749,1.38,2.76,3.977447261,14.97,1.09578871,402.127,1.974935623,1.29527982
2.75,1.31,2.62,3.797275935,13.14,0.9502973436,401.607,1.968012934,1.301189926
2.751,1.29,2.58,3.745374751,12.7,0.9158123613,401.18,1.962321635,1.301320493
2.752,1.33,2.66,3.848988825,13.84,1.005555305,400.739,1.956437375,1.299459263
2.753,1.39,2.78,4.002997727,15.09,1.105446223,400.53,1.953646427,1.308557205
2.754,1.39,2.78,4.002997727,15.22,1.115924885,400.394,1.951829525,1.304862512
2.755,1.34,2.68,3.874774659,13.99,1.017459711,400.212,1.949397118,1.306020103
2.756,1.25,2.5,3.6410075,11.66,0.8350606483,399.758,1.943324639,1.310476094
2.757,1.16,2.32,3.403427379,9.55,0.674469466,399.087,1.934337036,1.304591727
2.758,1.11,2.22,3.269790847,8.27,0.5791392686,398.414,1.925307453,1.305594093
2.759,1.08,2.16,3.189044045,7.37,0.5130437536,398.007,1.919839365,1.310808571
2.76,1.01,2.02,2.998987263,5.69,0.3917049323,397.614,1.914554059,1.300368811
2.761,0.91,1.82,2.723476319,3,0.2028649755,397.526,1.913369865,1.286944278
2.762,0.81,1.62,2.443258015,0.48,0.03191873829,397.666,1.915253687,1.254772296
2.763,0.77,1.54,2.329852633,-1.15,-0.07564630481,397.941,1.918952121,1.263953389
2.764,0.78,1.56,2.358274589,-0.91,-0.05995503512,398.252,1.923131635,1.265727891
2.765,0.77,1.54,2.329852633,-1.46,-0.09583975751,398.683,1.928918431,1.271005258
2.766,0.72,1.44,2.187036749,-3.72,-0.240543081,399.296,1.937138073,1.289074151
2.767,0.69,1.38,2.100782335,-5.67,-0.3618958053,400.149,1.948554873,1.324028822
2.768,0.66,1.32,2.014104259,-6.96,-0.4404238199,400.958,1.959360299,1.325996371
2.769,0.6,1.2,1.83947712,-10.16,-0.6293274337,401.686,1.969065227,1.373012786
2.77,0.5,1,1.544666,-15.1,-0.9049683735,402.16,1.975374645,1.443065162
2.771,0.45,0.9,1.39549518,-17.33,-1.023270261,402.422,1.978858939,1.460351312
2.772,0.53,1.06,1.633603609,-13.95,-0.8424912778,402.558,1.980666686,1.435282819
2.773,0.69,1.38,2.100782335,-6.35,-0.403462751,403.168,1.988767456,1.32515997
2.774,0.81,1.62,2.443258015,0.33,0.02192222892,403.86,1.997942357,1.209614759
2.775,0.88,1.76,2.639905101,2.01,0.135027589,404.723,2.009362463,1.231075055
2.776,0.95,1.9,2.83424558,3.8,0.2583323737,405.711,2.022406838,1.242687268
2.777,1.05,2.1,3.10787358,6.43,0.4448262407,406.492,2.032695772,1.254428241
2.778,1.15,2.3,3.37679422,9.07,0.6385370409,407.243,2.042570857,1.259477182
2.779,1.21,2.42,3.535887071,10.57,0.7515622124,407.783,2.049660202,1.262265735
2.78,1.21,2.42,3.535887071,10.71,0.7622220918,408.628,2.060734898,1.25254727
2.781,1.18,2.36,3.456552477,9.79,0.6925186578,409.307,2.06961739,1.251405585
2.782,1.08,2.16,3.189044045,7.42,0.5166956286,410.19,2.08114654,1.227574209
2.783,0.96,1.92,2.861820211,4.2,0.286285154,411.235,2.094758868,1.201918228
2.784,0.87,1.74,2.611953881,2.04,0.1370702779,412.526,2.111527944,1.161592078
2.785,0.88,1.76,2.639905101,2.24,0.1507089033,414.192,2.133090586,1.155926829
2.786,0.95,1.9,2.83424558,3.97,0.2701944075,413.701,2.126744717,1.182443705
2.787,1,2,2.971648,5.11,0.3504252631,413.66,2.126214477,1.199870919
2.788,0.97,1.94,2.889347769,4.36,0.2975073278,413.635,2.125891134,1.192271025
2.789,0.89,1.78,2.667809247,2.49,0.1678078821,412.834,2.115520869,1.168385957
2.79,0.83,1.66,2.499678265,0.99,0.0660562702,411.859,2.102870701,1.152495357
2.791,0.81,1.62,2.443258015,0.38,0.02525218363,410.403,2.083923922,1.158394507
2.792,0.8,1.6,2.41497728,0.04,0.002652113866,408.363,2.057264235,1.172366675
2.793,0.75,1.5,2.2728675,-2.14,-0.1398422971,405.675,2.021932095,1.20762968
2.794,0.63,1.26,1.927002521,-7.65,-0.4818619997,402.923,1.985515342,1.28154706
2.795,0.44,0.88,1.365519795,-15.66,-0.9350278181,398.732,1.929575931,1.373005265
2.796,0.32,0.64,1.002143437,-20.79,-1.199565442,393.708,1.861737962,1.513417435
2.797,0.39,0.78,1.214936767,-18.27,-1.072028563,389.927,1.810110592,1.64607282
2.798,0.54,1.08,1.663155331,-11.41,-0.7008794776,385.775,1.752837536,1.581009165
2.799,0.58,1.16,1.780891485,-9.34,-0.5817117538,377.305,1.634065294,1.692293908
2.8,0.38,0.76,1.184678941,-17.69,-1.042020615,357.468,1.345122327,3.908519462
2.801,-0.02,-0.04,-0.0642344672,-33.6,-1.780692295,353.953,1.292255169,0.1315102064
2.802,-0.34,-0.68,-1.117593981,-45.78,-2.240543281,350.404,1.238341285,1.115138451
2.803,-0.4,-0.8,-1.32046528,-48.13,-2.32014323,349.828,1.229539629,1.210765561
2.804,-0.29,-0.58,-0.9498290888,-44.55,-2.197769656,349.649,1.22680144,0.978228817
2.805,-0.14,-0.28,-0.4535954528,-39.72,-2.022085888,350.967,1.246930322,0.5851669946
2.806,-0.09,-0.18,-0.2905379208,-37.95,-1.954499134,352.071,1.263732842,0.4206023428
2.807,-0.12,-0.24,-0.3882312192,-39.12,-1.999372973,353.164,1.280316122,0.5399172799
2.808,-0.12,-0.24,-0.3882312192,-39.41,-2.01037604,354.387,1.298811061,0.5456019211
2.809,-0.08,-0.16,-0.2580676352,-37.94,-1.954112242,356.637,1.332670791,0.4152726447
2.81,0.03,0.06,0.0959986488,-34.25,-1.807377356,360.215,1.386077795,-0.2278631588
2.811,0.19,0.38,0.6008362552,-28.32,-1.554221063,361.52,1.405424945,-4.037983401
2.812,0.37,0.74,1.154374041,-21.6,-1.239592405,362.919,1.42608827,6.189810361
2.813,0.5,1,1.544666,-15.94,-0.949968731,365.67,1.466489429,2.990521011
2.814,0.59,1.18,1.810207839,-12.04,-0.736473308,369.11,1.516583701,2.32045087
2.815,0.63,1.26,1.927002521,-9.85,-0.6113898286,372.241,1.561774035,2.027603688
2.816,0.65,1.3,1.98511742,-9.03,-0.5635697383,375.403,1.60702766,1.902441276
2.817,0.64,1.28,1.956083507,-9.59,-0.5962859644,379.789,1.669171761,1.823198251
2.818,0.62,1.24,1.897874461,-10.58,-0.6535074781,394.767,1.87610913,1.55232447
2.819,0.63,1.26,1.927002521,-9.95,-0.6171845625,396.314,1.897033563,1.505648339
2.82,0.7,1.4,2.12958088,-6.67,-0.4228905923,397.77,1.916652668,1.425649315
2.821,0.8,1.6,2.41497728,-1.24,-0.08151755551,398.848,1.931132139,1.305665138
2.822,0.88,1.76,2.639905101,1.62,0.1085462017,400.194,1.94915649,1.282938061
2.823,0.93,1.86,2.778955097,2.74,0.1849633106,401.68,1.968985313,1.290167772
2.824,0.94,1.88,2.806623875,3.02,0.2042445655,402.777,1.983576407,1.282839826
2.825,0.94,1.88,2.806623875,3.01,0.2035547251,403.615,1.994695817,1.27675341
2.826,0.94,1.88,2.806623875,3.12,0.2111479618,404.389,2.004945522,1.266473592
2.827,0.94,1.88,2.806623875,3.19,0.2159857435,404.724,2.009375682,1.261199122
2.828,0.93,1.86,2.778955097,2.89,0.1952837167,404.758,2.009825105,1.260234901
2.829,0.9,1.8,2.69566632,2.14,0.143885089,404.294,2.00368854,1.255214855
2.83,0.87,1.74,2.611953881,1.39,0.09299289374,404.178,2.002153298,1.246669035
2.831,0.87,1.74,2.611953881,1.27,0.08489690838,404.514,2.006598996,1.248844846
2.832,0.87,1.74,2.611953881,1.36,0.09096769082,405.124,2.014660625,1.240462935
2.833,0.84,1.68,2.527817779,0.49,0.03258588131,405.473,2.019267477,1.23196805
2.834,0.77,1.54,2.329852633,-2.59,-0.1687414774,404.707,2.009150956,1.265942531
2.835,0.69,1.38,2.100782335,-6.13,-0.390056781,404.095,2.001054536,1.304025613
2.836,0.64,1.28,1.956083507,-8.37,-0.5246856107,403.632,1.994921151,1.330455872
2.837,0.6,1.2,1.83947712,-10.01,-0.6206575565,403.526,1.993515973,1.339888438
2.838,0.54,1.08,1.663155331,-12.98,-0.7890036076,402.709,1.982673101,1.39331309
2.839,0.43,0.86,1.335497337,-18.06,-1.061192178,400.916,1.958799862,1.487840802
2.84,0.32,0.64,1.002143437,-22.64,-1.290306744,399.616,1.941423902,1.539113852
2.841,0.31,0.62,0.9715560952,-23.27,-1.320660578,398.691,1.929025784,1.596994841
2.842,0.39,0.78,1.214936767,-19.99,-1.159573893,397.358,1.911108403,1.616608088
2.843,0.51,1.02,1.574358943,-14.96,-0.8974163772,396.194,1.89541339,1.577518693
2.844,0.56,1.12,1.722117555,-12.4,-0.7566727833,394.508,1.872597933,1.543219593
2.845,0.51,1.02,1.574358943,-14.95,-0.896876379,392.971,1.851713667,1.648824321
2.846,0.4,0.8,1.24514752,-19.92,-1.156052802,391.107,1.826276354,1.857809258
2.847,0.31,0.62,0.9715560952,-23.94,-1.352640305,390.726,1.821062069,2.074105369
2.848,0.31,0.62,0.9715560952,-24.14,-1.362126651,391.146,1.826809813,2.090792553
2.849,0.38,0.76,1.184678941,-21.15,-1.217412646,391.927,1.837481491,1.910560336
2.85,0.41,0.82,1.275311199,-19.87,-1.153535578,392.79,1.849248923,1.83309866
2.851,0.36,0.72,1.124022067,-22.3,-1.273810472,393.365,1.857074989,1.927122317
2.852,0.34,0.68,1.063176899,-23.41,-1.327368501,393.761,1.862458117,1.98691372
2.853,0.44,0.88,1.365519795,-19.09,-1.114033214,394.16,1.867876554,1.811410571
2.854,0.65,1.3,1.98511742,-9.8,-0.6084894545,394.571,1.87345222,1.569308974
2.855,0.81,1.62,2.443258015,-1.2,-0.07890898373,394.785,1.876353066,1.359295702
2.856,0.86,1.72,2.583955587,0.77,0.05130192003,395.508,1.88614197,1.333693121
2.857,0.88,1.76,2.639905101,1.25,0.08354882834,396.516,1.899759746,1.331061205
2.858,0.93,1.86,2.778955097,2.52,0.1698635505,396.951,1.905625775,1.33893972
2.859,0.97,1.94,2.889347769,3.55,0.2409361762,397.089,1.907485379,1.344870033
2.86,0.97,1.94,2.889347769,3.57,0.242325773,397.139,1.908158989,1.343579745
2.861,1,2,2.971648,4.41,0.3010190778,397.437,1.912171947,1.342698378
2.862,1.08,2.16,3.189044045,6.24,0.4311382393,397.796,1.917002356,1.358114608
2.863,1.08,2.16,3.189044045,6.26,0.4325774929,398.104,1.921143077,1.35489492
2.864,1,2,2.971648,4.41,0.3010190778,398.553,1.927173653,1.333658421
2.865,0.94,1.88,2.806623875,2.69,0.1815277028,399.104,1.934564927,1.326323733
2.866,0.96,1.92,2.861820211,3.1,0.2097665561,399.929,1.945612659,1.327757172
2.867,1.04,2.08,3.080722611,5.27,0.3617816212,400.918,1.958826551,1.327549669
2.868,1.06,2.12,3.134977475,5.79,0.3988536725,401.929,1.972300732,1.322131308
2.869,1.01,2.02,2.998987263,4.37,0.298209494,402.627,1.981583618,1.315464656
2.87,0.95,1.9,2.83424558,2.88,0.1945950554,403.258,1.989961614,1.297400804
2.871,0.86,1.72,2.583955587,0.67,0.04460962798,403.916,1.998684147,1.264603073
2.872,0.72,1.44,2.187036749,-5.4,-0.3452841702,404.576,2.007418929,1.315799899
2.873,0.53,1.06,1.633603609,-13.96,-0.8430389189,405.32,2.017248342,1.391237011
2.874,0.36,0.72,1.124022067,-21.39,-1.22925968,405.371,2.017921472,1.425226985
2.875,0.27,0.54,0.8487359928,-25.32,-1.417540621,403.563,1.994006502,1.472309154
2.876,0.22,0.44,0.6941517088,-27.69,-1.526011312,400.544,1.953833426,1.622524145
2.877,0.15,0.3,0.47575662,-30.44,-1.647264359,397.556,1.913773597,1.785141199
2.878,0.08,0.16,0.2550549248,-33.47,-1.775324561,394.59,1.873709835,2.592409559
2.879,0.06,0.12,0.1915736352,-34.2,-1.805333719,392.348,1.843225267,5.055840696
2.88,0.17,0.34,0.5383905848,-30.45,-1.647696437,389.501,1.804262457,3.438744792
2.881,0.34,0.68,1.063176899,-24.07,-1.358809549,383.916,1.726994258,2.887618295
2.882,0.47,0.94,1.455304729,-18.78,-1.098211065,374.352,1.592028484,2.947050212
2.883,0.51,1.02,1.574358943,-16.74,-0.9923327507,373.694,1.582616494,2.667122316
2.884,0.51,1.02,1.574358943,-16.83,-0.9970687654,373.223,1.575869157,2.720037801
2.885,0.55,1.1,1.69265998,-15.22,-0.9114296718,372.79,1.569658674,2.571536613
2.886,0.64,1.28,1.956083507,-10.92,-0.6729789208,372.025,1.558668693,2.208542504
2.887,0.73,1.46,2.215694073,-6.48,-0.4113655559,372.168,1.560724746,1.927764699
2.888,0.78,1.56,2.358274589,-3.85,-0.2487334161,373.737,1.583232069,1.767161461
2.889,0.8,1.6,2.41497728,-2.67,-0.1738608231,375.939,1.614660936,1.676136237
2.89,0.83,1.66,2.499678265,-1.2,-0.07890898373,379.63,1.666931496,1.574082386
2.891,0.87,1.74,2.611953881,0.6,0.03993030927,393.357,1.856966183,1.376961733
2.892,0.91,1.82,2.723476319,1.62,0.1085462017,395.003,1.879306517,1.370059408
2.893,0.94,1.88,2.806623875,2.22,0.1493434198,396.146,1.894765183,1.373030704
2.894,0.96,1.92,2.861820211,2.9,0.1959724686,397.303,1.910367835,1.358669445
2.895,1.01,2.02,2.998987263,4.02,0.2736882735,398.203,1.922473343,1.365558546
2.896,1.03,2.06,3.053524569,4.53,0.3094566527,398.894,1.93174913,1.362447211
2.897,0.97,1.94,2.889347769,3.07,0.2076951287,399.255,1.936588703,1.347465166
2.898,0.86,1.72,2.583955587,0.11,0.007296713423,399.513,1.940044775,1.326914464
2.899,0.76,1.52,2.301383603,-5.35,-0.3422012381,399.637,1.941705039,1.438810962
2.9,0.74,1.48,2.244304323,-6.66,-0.4222847572,399.525,1.940205469,1.478538573
2.901,0.79,1.58,2.386649471,-4,-0.2581659283,399.375,1.938196456,1.420598871
2.902,0.86,1.72,2.583955587,0.1,0.00663293416,399.339,1.937714181,1.328957966
2.903,0.93,1.86,2.778955097,1.94,0.1302644618,399.259,1.936642302,1.344499493
2.904,0.98,1.96,2.916828253,3.13,0.2118388009,399.118,1.934752594,1.358818572
2.905,0.96,1.92,2.861820211,2.58,0.1739773267,398.945,1.932433103,1.358624213
2.906,0.86,1.72,2.583955587,-0.03,-0.001988158449,398.871,1.931440643,1.33921701
2.907,0.72,1.44,2.187036749,-6.7,-0.4247076006,398.832,1.930917516,1.452013246
2.908,0.59,1.18,1.810207839,-12.73,-0.7751000269,398.686,1.928958689,1.568829787
2.909,0.5,1,1.544666,-16.71,-0.9907527374,398.54,1.926999144,1.649849857
2.91,0.45,0.9,1.39549518,-18.76,-1.097187879,398.649,1.92846216,1.678742157
2.911,0.44,0.88,1.365519795,-19.05,-1.111995574,397.351,1.911014154,1.708996297
2.912,0.48,0.96,1.485138893,-17.68,-1.041501064,394.688,1.875038391,1.781730517
2.913,0.52,1.04,1.604004813,-15.93,-0.9494361434,391.322,1.829216557,1.823187682
2.914,0.52,1.04,1.604004813,-15.84,-0.9446394691,378.928,1.657029284,2.251583024
2.915,0.47,0.94,1.455304729,-18.02,-1.059124433,377.648,1.638926657,2.510001979
2.916,0.39,0.78,1.214936767,-21.46,-1.232707384,378.275,1.647801769,2.926892805
2.917,0.32,0.64,1.002143437,-24.76,-1.391360512,379.987,1.671960214,3.571434423
2.918,0.24,0.48,0.7561266432,-27.99,-1.539476864,386.894,1.768333574,3.303930401
2.919,0.17,0.34,0.5383905848,-31.08,-1.67479003,391.665,1.833903864,3.383681822
2.92,0.13,0.26,0.4129343608,-32.57,-1.737880348,390.413,1.816774611,5.234022652
2.921,0.16,0.32,0.5070971392,-31.61,-1.697389917,390.07,1.812072266,4.421754006
2.922,0.24,0.48,0.7561266432,-28.85,-1.577752985,389.733,1.807448149,3.29187009
2.923,0.31,0.62,0.9715560952,-26,-1.449046214,390.046,1.811743084,2.678699971
2.924,0.39,0.78,1.214936767,-23.03,-1.309129711,390.394,1.81651424,2.394508897
2.925,0.53,1.06,1.633603609,-17.22,-1.017521857,390.672,1.820322625,2.034880476
2.926,0.72,1.44,2.187036749,-8.15,-0.5116455393,390.573,1.818966712,1.672914655
2.927,0.89,1.78,2.667809247,0.45,0.02991784121,390.14,1.813032264,1.447575406
2.928,0.97,1.94,2.889347769,2.36,0.1589093763,389.213,1.800305163,1.474748023
2.929,0.97,1.94,2.889347769,2.52,0.1698635505,387.754,1.780212523,1.481659002
2.93,1,2,2.971648,3.16,0.2139118633,385.805,1.753253565,1.510624352
2.931,1.07,2.14,3.162034297,5.09,0.3490073834,374.954,1.600624974,1.621861827
2.932,1.15,2.3,3.37679422,7.06,0.4904547193,377.131,1.63159749,1.591287059
2.933,1.2,2.4,3.50948928,8.25,0.5776621365,380.334,1.676843547,1.55665577
2.934,1.22,2.44,3.562237789,8.78,0.6169347889,385.022,1.742384586,1.509858236
2.935,1.22,2.44,3.562237789,8.98,0.6318242889,398.718,1.929388082,1.390840459
2.936,1.22,2.44,3.562237789,8.85,0.6221417664,400.038,1.947070595,1.386509672
2.937,1.2,2.4,3.50948928,8.22,0.5754471511,401.352,1.964614877,1.381654952
2.938,1.15,2.3,3.37679422,7.09,0.4926368002,403.121,1.988143735,1.361182165
2.939,1.13,2.26,3.323386681,6.37,0.4405000682,405.241,2.016205484,1.352781849
2.94,1.16,2.32,3.403427379,7.22,0.5021022725,407.206,2.042084761,1.337726879
2.941,1.26,2.52,3.667169923,9.95,0.7045822624,408.449,2.05839081,1.327255035
2.942,1.42,2.84,4.079366685,14.34,1.045323983,409.317,2.069748098,1.309557718
2.943,1.61,3.22,4.553198367,17.91,1.336600617,409.734,2.075195744,1.33454576
2.944,1.76,3.52,4.915272243,20.91,1.591502177,409.779,2.075783288,1.3403026
2.945,1.84,3.68,5.104047539,22.37,1.718972778,409.554,2.072844922,1.34606881
2.946,1.8,3.6,5.01003648,21.77,1.666313985,409.361,2.070323171,1.340787524
2.947,1.69,3.38,4.747622495,19.57,1.476486873,409.019,2.065851654,1.340250927
2.948,1.56,3.12,4.430153395,17.15,1.273505381,408.92,2.064556569,1.327163324
2.949,1.47,2.94,4.205706809,15.48,1.136933309,408.826,2.063326603,1.314176637
2.95,1.43,2.86,4.104728857,14.73,1.076517106,408.56,2.059844527,1.308754964
2.951,1.46,2.92,4.180532931,15.3,1.122381755,407.473,2.045591541,1.319623791
2.952,1.47,2.94,4.205706809,15.63,1.149084592,405.835,2.024041743,1.325414234
2.953,1.43,2.86,4.104728857,14.92,1.09176902,403.407,1.991938023,1.331102079
2.954,1.35,2.7,3.90051342,12.91,0.9322472266,401.003,1.959960703,1.348628285
2.955,1.17,2.34,3.430013465,7.98,0.5577580344,399.52,1.940138514,1.373160737
2.956,0.99,1.98,2.944261663,3.26,0.220827979,398.689,1.928998946,1.369534277
2.957,0.93,1.86,2.778955097,1.81,0.1214303351,398.483,1.926233922,1.357134153
2.958,1,2,2.971648,3.56,0.241630929,398.334,1.924233086,1.372038124
2.959,1.17,2.34,3.430013465,7.83,0.5467300784,398.519,1.926717233,1.386733992
2.96,1.24,2.48,3.614798003,9.71,0.6864961027,398.69,1.929012365,1.3820632
2.961,1.2,2.4,3.50948928,8.71,0.6117324897,398.802,1.930515076,1.380467161
2.962,1.23,2.46,3.588541433,9.4,0.6632168394,398.927,1.932191711,1.382649923
2.963,1.24,2.48,3.614798003,9.72,0.6872485852,398.602,1.927831367,1.382289669
2.964,1.11,2.22,3.269790847,6.41,0.4433838091,397.84,1.917594084,1.384930734
2.965,0.9,1.8,2.69566632,0.82,0.05465139965,397.003,1.906326571,1.374654055
2.966,0.76,1.52,2.301383603,-6.4,-0.4065039518,396.202,1.895521417,1.545571934
2.967,0.81,1.62,2.443258015,-3.59,-0.2323383421,395.404,1.884734986,1.478614728
2.968,0.96,1.92,2.861820211,2.05,0.1377513541,394.674,1.874848618,1.421951829
2.969,0.98,1.96,2.916828253,2.56,0.1726057065,394.002,1.865731564,1.430984114
2.97,0.86,1.72,2.583955587,-1.1,-0.07238144249,393.095,1.853401566,1.450828968
2.971,0.69,1.38,2.100782335,-10.04,-0.6223929723,391.887,1.836935443,1.729690304
2.972,0.55,1.1,1.69265998,-16.8,-0.9954907644,390.367,1.816144216,2.062575837
2.973,0.57,1.14,1.751528057,-16.06,-0.9563539179,388.668,1.792808514,2.093990595
2.974,0.72,1.44,2.187036749,-9,-0.5618099385,386.992,1.769688554,1.810642825
2.975,0.88,1.76,2.639905101,-0.34,-0.02248599305,385.431,1.748064751,1.52986648
2.976,0.97,1.94,2.889347769,1.96,0.1316249058,380.454,1.678531271,1.596187007
2.977,0.99,1.98,2.944261663,2.59,0.1746632724,373.711,1.582859869,1.675233511
2.978,1.1,2.2,3.24292232,5.29,0.3632028321,375.528,1.608808783,1.64447425
2.979,1.39,2.78,4.002997727,13.27,0.9605227547,378.042,1.6445054,1.536642788
2.98,1.71,3.42,4.795757791,19.75,1.491827347,382.413,1.706008336,1.499688623
2.981,1.81,3.62,5.033609855,21.69,1.659321717,397.189,1.908832515,1.410704115
2.982,1.7,3.4,4.77171368,19.67,1.485005183,399.037,1.933666714,1.395779947
2.983,1.58,3.16,4.479512605,17.35,1.290051935,400.717,1.956143659,1.379926894
2.984,1.62,3.24,4.577666141,18.04,1.347452685,402.213,1.976079667,1.377349656
2.985,1.77,3.54,4.939033913,21,1.599294702,403.053,1.9872412,1.377104272
2.986,1.84,3.68,5.104047539,22.32,1.71456991,402.82,1.984147536,1.379950649
2.987,1.77,3.54,4.939033913,21.1,1.607963086,401.989,1.973099321,1.379209115
2.988,1.67,3.34,4.699298905,19.21,1.445907278,402.267,1.976797895,1.372978001
2.989,1.58,3.16,4.479512605,17.6,1.310792792,402.441,1.979111529,1.361593581
2.99,1.51,3.02,4.305931583,16.28,1.202003341,403.035,1.987002268,1.350242712
2.991,1.45,2.9,4.15531198,15.06,1.103030487,404.256,2.003185664,1.337740768
2.992,1.36,2.72,3.926205107,13.01,0.9400886718,404.996,2.012970011,1.329538465
2.993,1.25,2.5,3.6410075,9.93,0.7030729625,405.426,2.018647301,1.337759633
2.994,1.12,2.24,3.296612301,6.48,0.448433957,405.854,2.024292208,1.333189395
2.995,1.01,2.02,2.998987263,3.54,0.2402415146,405.728,2.022631008,1.32530102
2.996,0.94,1.88,2.806623875,1.68,0.1126113781,405.132,2.01476627,1.319288034
2.997,0.9,1.8,2.69566632,0.8,0.05331134101,404.791,2.010261274,1.306310377
2.998,0.87,1.74,2.611953881,-0.09,-0.005962092718,404.541,2.006956079,1.305328201
2.999,0.81,1.62,2.443258015,-2.94,-0.191097962,402.57,1.980826164,1.365155901
3,0.74,1.48,2.244304323,-6.35,-0.403462751,398.9,1.931829602,1.468433002
3.001,0.69,1.38,2.100782335,-8.95,-0.5588753209,395.945,1.892049965,1.575774295
3.002,0.67,1.34,2.043044025,-9.6,-0.5968678865,390.977,1.824497773,1.664218221
3.003,0.71,1.42,2.158332351,-7.79,-0.4902220126,380.049,1.672833068,1.825056803
3.004,0.74,1.48,2.244304323,-6.11,-0.3888360597,379.508,1.665211914,1.758341257
3.005,0.68,1.36,2.071936717,-8.85,-0.5530000139,379.285,1.662067314,1.86817943
3.006,0.5,1,1.544666,-17,-1.005998115,379.205,1.660938756,2.358482438
3.007,0.3,0.6,0.94092168,-25.78,-1.438887238,379.469,1.664662095,4.167521986
3.008,0.25,0.5,0.7870435,-27.86,-1.533649024,380.247,1.675619614,5.543708018
3.009,0.39,0.78,1.214936767,-22.49,-1.283038931,381.642,1.695211073,2.947644066
3.01,0.56,1.12,1.722117555,-15.26,-0.9135810115,384.646,1.737157396,2.091023476
3.011,0.58,1.16,1.780891485,-14.28,-0.8605229098,395.953,1.89215806,1.726280348
3.012,0.46,0.92,1.425423491,-19.81,-1.150512535,394.677,1.874889284,1.967792992
3.013,0.37,0.74,1.154374041,-23.93,-1.352165267,394.338,1.870292033,2.227976081
3.014,0.43,0.86,1.335497337,-21.83,-1.250873491,394.34,1.870319167,2.15595554
3.015,0.59,1.18,1.810207839,-14.99,-0.8990359156,394.48,1.872218206,1.860091226
3.016,0.74,1.48,2.244304323,-7.74,-0.4872381374,394.454,1.871865578,1.620872342
3.017,0.82,1.64,2.471491677,-3.65,-0.2361269356,394.512,1.872652177,1.510206878
3.018,0.83,1.66,2.499678265,-2.63,-0.1713018392,394.985,1.879062716,1.463716788
3.019,0.83,1.66,2.499678265,-2.93,-0.1904606668,395.486,1.885844369,1.474402674
3.02,0.81,1.62,2.443258015,-3.71,-0.2399124588,396.135,1.894616625,1.476552767
3.021,0.78,1.56,2.358274589,-5.72,-0.3649653387,396.391,1.898072915,1.538231645
3.022,0.73,1.46,2.215694073,-8.37,-0.5246856107,396.733,1.902686822,1.6079043
3.023,0.69,1.38,2.100782335,-10.42,-0.6443126236,397.057,1.907054224,1.663667637
3.024,0.7,1.4,2.12958088,-10.1,-0.625861643,397.778,1.916760267,1.649688706
3.025,0.78,1.56,2.358274589,-5.82,-0.3710981375,398.238,1.92294356,1.519658179
3.026,0.9,1.8,2.69566632,0.41,0.02725121946,398.671,1.928757399,1.378146443
3.027,0.96,1.92,2.861820211,1.92,0.1289043773,399.351,1.937874944,1.384676236
3.028,0.98,1.96,2.916828253,2.49,0.1678078821,399.746,1.94316404,1.381746589
3.029,1.11,2.22,3.269790847,5.64,0.3881340481,400.254,1.949958541,1.398486468
3.03,1.37,2.74,3.951849721,12.63,0.910343748,401.113,1.961428071,1.376101574
3.031,1.63,3.26,4.602086841,18.29,1.36837102,402.116,1.974789274,1.376567809
3.032,1.74,3.48,4.867607683,20.31,1.539769935,403.551,1.993847416,1.377514088
3.033,1.67,3.34,4.699298905,18.96,1.424750789,404.583,2.007511494,1.369154953
3.034,1.57,3.14,4.454856537,17.17,1.275158193,404.989,2.01287754,1.354868651
3.035,1.54,3.08,4.380605891,16.66,1.233139188,404.979,2.012745436,1.349587677
3.036,1.55,3.1,4.40540318,16.79,1.243824694,404.594,2.007656951,1.354890989
3.037,1.56,3.12,4.430153395,16.96,1.257824071,404.261,2.003251835,1.358494412
3.038,1.55,3.1,4.40540318,16.8,1.24464737,403.712,1.995981417,1.359428515
3.039,1.5,3,4.280946,15.82,1.164508873,402.97,1.98613937,1.358750857
3.04,1.4,2.8,4.02850112,13.65,0.990508566,402.153,1.975281523,1.358323077
3.041,1.29,2.58,3.745374751,10.78,0.7675591639,401.199,1.962575007,1.371864721
3.042,1.24,2.48,3.614798003,9.42,0.6647159412,400.239,1.949758039,1.382610051
3.043,1.22,2.44,3.562237789,9.03,0.6355526388,399.314,1.937379242,1.384505286
3.044,1.14,2.28,3.350113987,6.86,0.4759291374,398.427,1.925482017,1.395060559
3.045,0.99,1.98,2.944261663,2.93,0.1980392685,397.197,1.908940271,1.397385028
3.046,0.91,1.82,2.723476319,0.77,0.05130192003,396.184,1.895278353,1.399108147
3.047,0.95,1.9,2.83424558,1.88,0.1261852864,395.771,1.889698364,1.405956926
3.048,1,2,2.971648,3.04,0.2056245185,395.021,1.879550307,1.425131343
3.049,0.9,1.8,2.69566632,0.47,0.03125168393,392.655,1.847409838,1.434886641
3.05,0.73,1.46,2.215694073,-8.33,-0.5223176222,386.716,1.76587161,1.78174337
3.051,0.68,1.36,2.071936717,-10.98,-0.6764055293,400.024,1.946883359,1.630832643
3.052,0.84,1.68,2.527817779,-3.18,-0.2063673069,401.423,1.96556122,1.436918216
3.053,1.11,2.22,3.269790847,5.58,0.3838520527,402.325,1.977569217,1.384670702
3.054,1.38,2.76,3.977447261,12.76,0.9205035928,403.744,1.996405465,1.363582882
3.055,1.55,3.1,4.40540318,16.67,1.233960538,405.594,2.020863769,1.353499533
3.056,1.6,3.2,4.52868352,17.55,1.30663949,407.031,2.039785062,1.353290191
3.057,1.5,3,4.280946,15.62,1.148273799,408.236,2.055600138,1.336178041
3.058,1.33,2.66,3.848988825,11.45,0.8188837214,409.52,2.072400762,1.331238364
3.059,1.26,2.52,3.667169923,9.4,0.6632168394,409.979,2.078393815,1.337596904
3.06,1.36,2.72,3.926205107,12.15,0.8729747311,410.075,2.079646415,1.329735483
3.061,1.57,3.14,4.454856537,17.03,1.263597101,409.909,2.077480275,1.333359284
3.062,1.75,3.5,4.8914635,20.37,1.544926132,409.51,2.07227012,1.352280374
3.063,1.77,3.54,4.939033913,20.82,1.58371819,408.98,2.065341506,1.353508663
3.064,1.67,3.34,4.699298905,18.95,1.42390588,408.056,2.053240688,1.351481398
3.065,1.56,3.12,4.430153395,16.87,1.25040896,407.142,2.041243843,1.345875054
3.066,1.51,3.02,4.305931583,15.97,1.176711751,406.589,2.033972274,1.341125925
3.067,1.54,3.08,4.380605891,16.5,1.220011443,406.03,2.026611751,1.349280661
3.068,1.62,3.24,4.577666141,18.13,1.354975858,405.473,2.019267477,1.35664968
3.069,1.73,3.46,4.843704793,20.11,1.522609883,405.051,2.013696512,1.369707331
3.07,1.8,3.6,5.01003648,21.64,1.654954996,404.788,2.010221624,1.366929073
3.071,1.83,3.66,5.080615385,22.04,1.689963058,404.635,2.008199072,1.3738217
3.072,1.76,3.52,4.915272243,20.85,1.586311904,404.672,2.008688256,1.367252302
3.073,1.64,3.28,4.626460467,18.64,1.39776515,404.795,2.01031414,1.357497896
3.074,1.54,3.08,4.380605891,16.82,1.246293028,404.811,2.010525601,1.345056753
3.075,1.51,3.02,4.305931583,16.24,1.198734428,405.559,2.02040208,1.337604532
3.076,1.53,3.06,4.355761529,16.57,1.225751623,406.338,2.030668534,1.337591994
3.077,1.55,3.1,4.40540318,16.94,1.256175553,407.066,2.040245081,1.336420217
3.078,1.55,3.1,4.40540318,16.94,1.256175553,407.212,2.042163591,1.335642876
3.079,1.54,3.08,4.380605891,16.89,1.252056047,407.437,2.045118851,1.328593728
3.08,1.56,3.12,4.430153395,17.12,1.27102693,408.023,2.052808009,1.332843982
3.081,1.56,3.12,4.430153395,17.17,1.275158193,408.291,2.056320874,1.329785752
3.082,1.49,2.98,4.255913343,15.91,1.171827865,408.787,2.062816215,1.315728482
3.083,1.33,2.66,3.848988825,12.21,0.8776334616,409.035,2.066060931,1.307536827
3.084,1.14,2.28,3.350113987,7.27,0.5057470766,408.784,2.062776952,1.304295366
3.085,1.04,2.08,3.080722611,4.61,0.3150890612,407.884,2.05098513,1.302039734
3.086,1.06,2.12,3.134977475,5.07,0.3475898736,406.444,2.032063988,1.317409026
3.087,1.13,2.26,3.323386681,6.77,0.4694048836,405.171,2.015281263,1.337547877
3.088,1.16,2.32,3.403427379,7.67,0.5349904093,403.586,1.994311402,1.34559955
3.089,1.14,2.28,3.350113987,7.08,0.4919093458,402.384,1.978353724,1.356177011
3.09,1.08,2.16,3.189044045,5.57,0.3831387118,402.042,1.973804642,1.353042295
3.091,1.02,2.04,3.026279453,3.88,0.2639112146,401.828,1.970956171,1.354120371
3.092,0.98,1.96,2.916828253,2.96,0.2001068844,401.736,1.969731129,1.344260832
3.093,1.02,2.04,3.026279453,3.78,0.2569385775,401.708,1.969358234,1.359333327
3.094,1.09,2.18,3.216006719,5.6,0.385279013,402.03,1.973644955,1.363336319
3.095,1.11,2.22,3.269790847,6.22,0.4296993593,402.701,1.98256682,1.355485093
3.096,1.05,2.1,3.10787358,4.52,0.3087530157,403.194,1.989112463,1.352504578
3.097,0.96,1.92,2.861820211,2.3,0.1548075169,403.585,1.994298146,1.331633088
3.098,0.98,1.96,2.916828253,2.58,0.1739773267,404.337,2.004257526,1.339078864
3.099,1.11,2.22,3.269790847,5.98,0.4124619138,405.204,2.015716987,1.346602116
3.1,1.3,2.6,3.77134888,10.96,0.781304921,405.88,2.024634931,1.34405906
3.101,1.46,2.92,4.180532931,15.28,1.120766932,406.306,2.030247193,1.326726179
3.102,1.54,3.08,4.380605891,16.84,1.247939095,406.752,2.036116639,1.333901202
3.103,1.5,3,4.280946,16.09,1.186490475,407.146,2.041296404,1.326279014
3.104,1.36,2.72,3.926205107,13.06,0.9440131042,407.314,2.043503511,1.314203606
3.105,1.23,2.46,3.588541433,9.49,0.669965822,407.094,2.040613068,1.323902229
3.106,1.22,2.44,3.562237789,9.15,0.6445104399,406.689,2.035287938,1.329293211
3.107,1.29,2.58,3.745374751,11.19,0.7989148095,406.127,2.027889706,1.324950038
3.108,1.29,2.58,3.745374751,11.07,0.7897206161,405.422,2.018594516,1.333673243
3.109,1.14,2.28,3.350113987,7.12,0.4948197279,404.721,2.009336025,1.337821732
3.11,0.96,1.92,2.861820211,2.49,0.1678078821,403.915,1.998670902,1.320954644
3.111,0.95,1.9,2.83424558,2.18,0.1466135339,403.066,1.987413755,1.328120589
3.112,1.1,2.2,3.24292232,6.06,0.4182017598,402.027,1.973605032,1.355846271
3.113,1.21,2.42,3.535887071,9.11,0.6415229744,400.964,1.959440357,1.359452872
3.114,1.15,2.3,3.37679422,7.51,0.523274949,399.816,1.944100803,1.368577209
3.115,0.98,1.96,2.916828253,3.03,0.2049344966,398.436,1.925602866,1.369057546
3.116,0.89,1.78,2.667809247,0.75,0.04996275061,397.271,1.909936913,1.36119685
3.117,0.94,1.88,2.806623875,1.84,0.1234676326,396.658,1.901675341,1.385889249
3.118,0.96,1.92,2.861820211,2.43,0.1636989839,395.85,1.890766173,1.392975783
3.119,0.82,1.64,2.471491677,-2.51,-0.1636166177,395.35,1.884004291,1.43658997
3.12,0.59,1.18,1.810207839,-14.11,-0.8512443198,394.915,1.878114494,1.76284002
3.121,0.5,1,1.544666,-18.54,-1.085913568,393.486,1.858720408,1.998773717
3.122,0.64,1.28,1.956083507,-12.18,-0.7443407134,392.457,1.844711369,1.777658734
3.123,0.9,1.8,2.69566632,0.76,0.05063229087,391.66,1.833835565,1.430465535
3.124,1.1,2.2,3.24292232,5.86,0.4038633251,392.029,1.838873661,1.445966397
3.125,1.15,2.3,3.37679422,7,0.4860930969,392.598,1.846633145,1.447574155
3.126,1.05,2.1,3.10787358,4.53,0.3094566527,392.395,1.843866114,1.443292026
3.127,0.87,1.74,2.611953881,-0.58,-0.038297192,393.399,1.857537389,1.435738879
3.128,0.67,1.34,2.043044025,-9.59,-0.5962859644,395.006,1.879347149,1.59232003
3.129,0.53,1.06,1.633603609,-15.42,-0.9221742525,396.732,1.902673337,1.666093967
3.13,0.49,0.98,1.514925983,-17.27,-1.02013588,396.023,1.893103795,1.735374183
3.131,0.48,0.96,1.485138893,-17.61,-1.037862146,394.625,1.874184358,1.7757975
3.132,0.44,0.88,1.365519795,-19.25,-1.12217216,393.779,1.862702676,1.84397505
3.133,0.33,0.66,1.032683705,-23.84,-1.347886838,394.364,1.870644764,1.975452982
3.134,0.17,0.34,0.5383905848,-30.39,-1.64510302,394.445,1.871743509,2.375526926
3.135,0.04,0.08,0.1279040512,-36.07,-1.880749522,393.604,1.860324545,-6.262139233
3.136,-0.03,-0.06,-0.0964223112,-38.58,-1.978758381,393.324,1.856517335,0.7887883387
3.137,-0.01,-0.02,-0.0320936968,-38.09,-1.959909615,392.386,1.843743405,0.2762739421
3.138,0.03,0.06,0.0959986488,-36.81,-1.91002325,391.502,1.83167688,-1.225310736
3.139,0.08,0.16,0.2550549248,-35.13,-1.843099958,391.286,1.828724356,-17.74220875
3.14,0.19,0.38,0.6008362552,-30.98,-1.670506155,390.847,1.8227186,3.947353043
3.141,0.39,0.78,1.214936767,-23.53,-1.333107371,389.136,1.79924664,2.606381501
3.142,0.6,1.2,1.83947712,-14.78,-0.8876847721,379.09,1.659316037,2.383881012
3.143,0.73,1.46,2.215694073,-8.4,-0.5264607472,382.524,1.707561012,1.875957646
3.144,0.76,1.52,2.301383603,-6.9,-0.4368019597,385.972,1.755568871,1.745102628
3.145,0.71,1.42,2.158332351,-9.5,-0.5910450453,393.835,1.863463455,1.696244203
3.146,0.66,1.32,2.014104259,-12.34,-0.7533132446,403.253,1.989895279,1.628767201
3.147,0.68,1.36,2.071936717,-11.31,-0.6952009083,404.696,2.00900554,1.577050854
3.148,0.83,1.66,2.499678265,-3.85,-0.2487334161,406.701,2.035445795,1.399037861
3.149,1.05,2.1,3.10787358,3.83,0.2604237534,407.76,2.04935844,1.345526686
3.15,1.21,2.42,3.535887071,8.09,0.5658587598,408.195,2.055062799,1.349100685
3.151,1.25,2.5,3.6410075,9.21,0.6489945115,408.408,2.057853752,1.345109569
3.152,1.22,2.44,3.562237789,8.39,0.5880100486,409.156,2.067643324,1.341379046
3.153,1.21,2.42,3.535887071,8.08,0.5651218558,409.9,2.077362809,1.338091804
3.154,1.27,2.54,3.693285273,9.59,0.6774738173,411.546,2.098803322,1.330301367
3.155,1.36,2.72,3.926205107,11.95,0.857471161,410.856,2.089825958,1.332137531
3.156,1.4,2.8,4.02850112,13.27,0.9605227547,409.279,2.069251393,1.329637433
3.157,1.37,2.74,3.951849721,12.44,0.895524723,408.773,2.062632987,1.335915833
3.158,1.28,2.56,3.719353549,10.13,0.7181833282,407.967,2.052073687,1.342602339
3.159,1.2,2.4,3.50948928,7.86,0.5489339641,406.569,2.033709103,1.358875071
3.16,1.15,2.3,3.37679422,6.59,0.4563791702,405.906,2.024977632,1.360866046
3.161,1.14,2.28,3.350113987,6.18,0.4268227197,406.178,2.028561498,1.364395015
3.162,1.14,2.28,3.350113987,6.23,0.4304187526,406.11,2.027665757,1.36289618
3.163,1.15,2.3,3.37679422,6.54,0.4527663051,405.207,2.015756597,1.367941216
3.164,1.16,2.32,3.403427379,6.91,0.479557009,404.162,2.001941506,1.371521022
3.165,1.15,2.3,3.37679422,6.6,0.4571020242,403.678,1.99553083,1.376803795
3.166,1.09,2.18,3.216006719,4.86,0.3327283302,403.256,1.98993508,1.384620219
3.167,0.98,1.96,2.916828253,2.01,0.135027589,403.267,1.990081015,1.372554912
3.168,0.88,1.76,2.639905101,-1.33,-0.08738173801,403.523,1.993476199,1.384981256
3.169,0.84,1.68,2.527817779,-3.96,-0.2556524629,404.027,2.000154176,1.449019946
3.17,0.84,1.68,2.527817779,-3.59,-0.2323383421,404.402,2.005117507,1.425906751
3.171,0.87,1.74,2.611953881,-1.91,-0.1250039901,404.471,2.006030258,1.388579163
3.172,0.9,1.8,2.69566632,-0.44,-0.02908014608,404.456,2.005831847,1.363684836
3.173,0.9,1.8,2.69566632,-0.14,-0.00927127891,404.389,2.004945522,1.350754678
3.174,0.88,1.76,2.639905101,-1.27,-0.08347306807,404.269,2.003357706,1.375033191
3.175,0.83,1.66,2.499678265,-3.79,-0.2449550501,404.126,2.001464943,1.423093758
3.176,0.77,1.54,2.329852633,-7.31,-0.4614921484,404.01,1.999929063,1.514428451
3.177,0.7,1.4,2.12958088,-10.8,-0.6661171347,403.837,1.997637664,1.599360155
3.178,0.66,1.32,2.014104259,-12.8,-0.7789979281,403.583,1.994271633,1.65732563
3.179,0.67,1.34,2.043044025,-12.34,-0.7533132446,403.246,1.989802409,1.652294322
3.18,0.73,1.46,2.215694073,-9.8,-0.6084894545,402.835,1.984346753,1.610409797
3.181,0.79,1.58,2.386649471,-6.48,-0.4113655559,402.535,1.980361007,1.52113218
3.182,0.85,1.7,2.55591022,-3.45,-0.2234863406,402.615,1.981424163,1.453925268
3.183,0.91,1.82,2.723476319,0.14,0.009288581452,402.804,1.98393503,1.366367679
3.184,1.02,2.04,3.026279453,2.74,0.1849633106,403.118,1.98810392,1.392630384
3.185,1.16,2.32,3.403427379,6.47,0.4477122266,403.587,1.994324658,1.393683855
3.186,1.31,2.62,3.797275935,10.3,0.7310575115,404.244,2.003026852,1.388865679
3.187,1.4,2.8,4.02850112,12.98,0.9377351997,404.967,2.012586907,1.365444509
3.188,1.45,2.9,4.15531198,14.22,1.035756731,405.669,2.021852967,1.359006672
3.189,1.46,2.92,4.180532931,14.58,1.064501714,406.457,2.032235103,1.349980053
3.19,1.47,2.94,4.205706809,14.78,1.080527253,407.151,2.041362105,1.347167156
3.191,1.49,2.98,4.255913343,15.12,1.107862866,407.427,2.044987541,1.349862123
3.192,1.49,2.98,4.255913343,15.22,1.115924885,407.327,2.043674261,1.346978888
3.193,1.46,2.92,4.180532931,14.63,1.068504338,407.244,2.042583994,1.343752567
3.194,1.38,2.76,3.977447261,12.54,0.9033197749,407.562,2.046759957,1.348250767
3.195,1.27,2.54,3.693285273,9.63,0.6804797069,408.065,2.053358685,1.350952303
3.196,1.19,2.38,3.483044415,7.3,0.5079350898,408.975,2.065276099,1.353578917
3.197,1.16,2.32,3.403427379,6.55,0.4534886908,408.499,2.059045687,1.354579428
3.198,1.19,2.38,3.483044415,7.32,0.5093942366,407.521,2.04622173,1.362898206
3.199,1.26,2.52,3.667169923,9.14,0.6437634298,407.78,2.049620843,1.36154724
3.2,1.32,2.64,3.823155917,10.82,0.7706110557,408.042,2.053057132,1.35396784
3.201,1.33,2.66,3.848988825,11.21,0.800448539,408.478,2.058770648,1.346167808
3.202,1.29,2.58,3.745374751,10.05,0.7121345496,408.445,2.058338417,1.351890019
3.203,1.2,2.4,3.50948928,7.64,0.5327919175,407.708,2.048676132,1.359493595
3.204,1.09,2.18,3.216006719,4.71,0.3221378573,407.349,2.04396321,1.359200908
3.205,0.98,1.96,2.916828253,1.79,0.1200725855,406.556,2.033538034,1.354389798
3.206,0.89,1.78,2.667809247,-0.92,-0.06060984386,406.373,2.031129337,1.353860876
3.207,0.9,1.8,2.69566632,-0.38,-0.0251247098,406.52,2.033064278,1.34250371
3.208,1.03,2.06,3.053524569,3,0.2028649755,406.528,2.033169561,1.365598124
3.209,1.2,2.4,3.50948928,7.32,0.5093942366,406.797,2.036708491,1.378376938
3.21,1.28,2.56,3.719353549,9.6,0.6782251455,406.61,2.03424859,1.371203525
3.211,1.23,2.46,3.588541433,8.22,0.5754471511,406.018,2.026453632,1.379199951
3.212,1.13,2.26,3.323386681,5.43,0.3731616845,405.547,2.020243778,1.388559829
3.213,1.1,2.2,3.24292232,4.74,0.3242542925,405.184,2.015452916,1.386037667
3.214,1.18,2.36,3.456552477,6.75,0.4679560817,404.398,2.005064589,1.397704644
3.215,1.29,2.58,3.745374751,9.63,0.6804797069,404.396,2.00503813,1.394656442
3.216,1.35,2.7,3.90051342,11.32,0.8088910218,404.307,2.003860565,1.386725169
3.217,1.35,2.7,3.90051342,11.25,0.8035171676,404.06,2.000591134,1.390999562
3.218,1.32,2.64,3.823155917,10.49,0.7454793851,404.243,2.003013617,1.391000783
3.219,1.27,2.54,3.693285273,9.28,0.6542302888,404.075,2.00078974,1.391057406
3.22,1.19,2.38,3.483044415,7.08,0.4919093458,404.284,2.003556209,1.395749346
3.221,1.06,2.12,3.134977475,3.46,0.2346875036,404.682,2.00882046,1.39735518
3.222,0.99,1.98,2.944261663,1.57,0.105161019,404.281,2.003516509,1.3962598
3.223,1.06,2.12,3.134977475,3.47,0.235381436,403.815,1.997346202,1.40410206
3.224,1.22,2.44,3.562237789,7.5,0.5225435358,403.846,1.997756894,1.413417919
3.225,1.36,2.72,3.926205107,11.47,0.8204225243,404.538,2.006916404,1.388657394
3.226,1.42,2.84,4.079366685,12.94,0.9345986218,404.542,2.006969304,1.386800097
3.227,1.37,2.74,3.951849721,11.75,0.8420068204,404.523,2.006718026,1.387234617
3.228,1.3,2.6,3.77134888,9.64,0.6812314197,404.448,2.005726025,1.403575962
3.229,1.22,2.44,3.562237789,7.41,0.515965065,404.27,2.00337094,1.413958989
3.23,1.21,2.42,3.535887071,7.28,0.5064763201,404.028,2.000167418,1.410606149
3.231,1.3,2.6,3.77134888,9.63,0.6804797069,403.646,1.995106713,1.409541046
3.232,1.39,2.78,4.002997727,12.26,0.8815184399,403.314,1.990704511,1.393693246
3.233,1.41,2.82,4.053957439,12.8,0.9236330551,403.539,1.993688326,1.389616333
3.234,1.36,2.72,3.926205107,11.32,0.8088910218,403.19,1.989059386,1.40324328
3.235,1.29,2.58,3.745374751,9.49,0.669965822,403.421,1.992123689,1.406930434
3.236,1.26,2.52,3.667169923,8.47,0.5939315134,403.782,1.996908978,1.415436394
3.237,1.24,2.48,3.614798003,8.1,0.5665957586,404.24,2.002973913,1.406771742
3.238,1.24,2.48,3.614798003,8.13,0.5688073248,405.05,2.013683304,1.399733251
3.239,1.25,2.5,3.6410075,8.2,0.5739709692,407.128,2.041059875,1.392338262
3.24,1.24,2.48,3.614798003,8.07,0.5643850467,408.896,2.064242562,1.375165501
3.241,1.23,2.46,3.588541433,7.72,0.5386564538,410.062,2.079476809,1.370648883
3.242,1.21,2.42,3.535887071,7.1,0.4933643487,411.41,2.097035062,1.364996864
3.243,1.18,2.36,3.456552477,6.43,0.4448262407,412.362,2.109400625,1.353267606
3.244,1.18,2.36,3.456552477,6.4,0.4426627336,413.604,2.125490161,1.345929397
3.245,1.23,2.46,3.588541433,7.57,0.5276654118,414.701,2.139661157,1.345370107
3.246,1.32,2.64,3.823155917,10.08,0.7144021175,415.369,2.148271999,1.335519085
3.247,1.45,2.9,4.15531198,13.79,1.001592152,416.282,2.160018638,1.314302188
3.248,1.57,3.14,4.454856537,16.32,1.205273881,416.534,2.163256328,1.322492678
3.249,1.62,3.24,4.577666141,17.19,1.276811415,416.529,2.163192107,1.330715539
3.25,1.57,3.14,4.454856537,16.28,1.202003341,416.388,2.161380762,1.324516142
3.251,1.46,2.92,4.180532931,13.95,1.014283009,416.283,2.16003149,1.316987631
3.252,1.37,2.74,3.951849721,11.51,0.8235013023,416.435,2.161984612,1.323687277
3.253,1.38,2.76,3.977447261,11.68,0.836603557,416.15,2.158321923,1.32806218
3.254,1.47,2.94,4.205706809,14.22,1.035756731,416.65,2.164746035,1.314076917
3.255,1.58,3.16,4.479512605,16.39,1.211001239,417.442,2.174906069,1.32298737
3.256,1.63,3.26,4.602086841,17.33,1.288395436,418.097,2.183294069,1.325604388
3.257,1.6,3.2,4.52868352,16.77,1.242179648,415.756,2.153254283,1.333756925
3.258,1.52,3.04,4.330870093,15.39,1.129653446,414.723,2.139944969,1.324587776
3.259,1.46,2.92,4.180532931,13.94,1.013489083,414.649,2.138990271,1.326109535
3.26,1.42,2.84,4.079366685,12.94,0.9345986218,413.736,2.127197319,1.332344403
3.261,1.4,2.8,4.02850112,12.38,0.8908524193,413.198,2.120235941,1.33788871
3.262,1.39,2.78,4.002997727,12.05,0.8652180382,413.724,2.127042146,1.337783976
3.263,1.39,2.78,4.002997727,12.12,0.8706466921,414.107,2.131992553,1.333159731
3.264,1.42,2.84,4.079366685,12.79,0.9228505414,414.204,2.133245584,1.334829311
3.265,1.46,2.92,4.180532931,13.99,1.017459711,414.874,2.141892541,1.323224699
3.266,1.51,3.02,4.305931583,15.14,1.109474464,415.508,2.150062036,1.32102573
3.267,1.55,3.1,4.40540318,15.95,1.175083384,415.642,2.151787115,1.324188357
3.268,1.57,3.14,4.454856537,16.35,1.207727853,415.924,2.155415691,1.324610882
3.269,1.57,3.14,4.454856537,16.22,1.197100581,416.067,2.157254773,1.328081275
3.27,1.54,3.08,4.380605891,15.67,1.152328775,415.984,2.156187411,1.324039432
3.271,1.5,3,4.280946,14.98,1.096592949,415.488,2.149804513,1.31867587
3.272,1.47,2.94,4.205706809,14.25,1.038147194,414.715,2.139841766,1.323386223
3.273,1.43,2.86,4.104728857,13.38,0.9691881135,414.023,2.130907216,1.324065366
3.274,1.4,2.8,4.02850112,12.5,0.9002005719,413.292,2.121452894,1.333210828
3.275,1.36,2.72,3.926205107,11.6,0.8304342699,412.472,2.110827579,1.334870987
3.276,1.33,2.66,3.848988825,10.68,0.7599362313,412.331,2.108998415,1.341609099
3.277,1.3,2.6,3.77134888,9.87,0.6985473763,411.759,2.101571555,1.346853106
3.278,1.27,2.54,3.693285273,9.35,0.6594707644,411.026,2.092039171,1.342275826
3.279,1.27,2.54,3.693285273,9.15,0.6445104399,410.153,2.080663937,1.355247321
3.28,1.27,2.54,3.693285273,9.24,0.6512378409,409.418,2.071068061,1.356675336
3.281,1.27,2.54,3.693285273,9.22,0.6497421922,408.641,2.060905099,1.362510455
3.282,1.25,2.5,3.6410075,8.71,0.6117324897,407.651,2.047928118,1.368974481
3.283,1.21,2.42,3.535887071,7.75,0.5408572157,403.801,1.997160717,1.393168671
3.284,1.18,2.36,3.456552477,6.92,0.4802828651,399.147,1.935141312,1.431033319
3.285,1.11,2.22,3.269790847,5.17,0.3546811216,395.508,1.88614197,1.459191875
3.286,0.91,1.82,2.723476319,-0.03,-0.001988158449,392.027,1.838846367,1.482681846
3.287,0.56,1.12,1.722117555,-14.78,-0.8876847721,384.949,1.741370132,2.017274322
3.288,0.16,0.32,0.5070971392,-30.26,-1.639476122,367.428,1.492148531,-3.441969928
3.289,-0.1,-0.2,-0.32305528,-40.33,-2.044971729,362.358,1.417811845,0.515108329
3.29,-0.18,-0.36,-0.5848888032,-43.03,-2.143827743,358.397,1.359008053,0.7452524584
3.291,-0.14,-0.28,-0.4535954528,-41.73,-2.096722707,357.115,1.339836586,0.5992915453
3.292,-0.07,-0.14,-0.2256444232,-39.58,-2.016804215,355.924,1.321964195,0.3247429866
3.293,0,0,0,-37.15,-1.92336646,355.604,1.317152016,-0
3.294,0.1,0.2,0.31834792,-33.67,-1.78357836,355.233,1.311567472,-0.6744503738
3.295,0.22,0.44,0.6941517088,-29.54,-1.608117039,355.619,1.317377683,-2.387539544
3.296,0.3,0.6,0.94092168,-26.21,-1.458713183,356.444,1.329774766,-7.29745023
3.297,0.34,0.68,1.063176899,-24.79,-1.392768409,358.356,1.358395987,-30.93110209
3.298,0.33,0.66,1.032683705,-25.18,-1.411015502,360.848,1.395471013,-66.43407103
3.299,0.29,0.58,0.9102401912,-27.05,-1.497087256,363.31,1.431849126,-13.95257931
3.3,0.21,0.42,0.6630936312,-30.24,-1.638609494,368.201,1.50339211,-4.903908158
3.301,0.09,0.18,0.2867249592,-35.12,-1.842696617,371.905,1.556942724,-1.00339826
3.302,-0.05,-0.1,-0.16093922,-40.38,-2.046838481,382.606,1.708707746,0.4759674387
3.303,-0.12,-0.24,-0.3882312192,-43.19,-2.14956301,391.517,1.831881856,1.222078218
3.304,-0.09,-0.18,-0.2905379208,-42.32,-2.118213318,393.837,1.863490624,1.140604771
3.305,0.02,0.04,0.0640461728,-38.81,-1.987558792,396.211,1.895642944,-0.6967914047
3.306,0.15,0.3,0.47575662,-34.24,-1.806968749,397.095,1.907566217,4.729310098
3.307,0.27,0.54,0.8487359928,-29.76,-1.617734075,397.198,1.90895374,2.914418547
3.308,0.39,0.78,1.214936767,-25.22,-1.412881174,397.046,1.906906007,2.459262543
3.309,0.5,1,1.544666,-20.95,-1.207508908,396.837,1.904089093,2.217499195
3.31,0.58,1.16,1.780891485,-17.59,-1.036821791,396.861,1.904412642,2.052685874
3.311,0.63,1.26,1.927002521,-15.41,-0.9216377426,396.545,1.900151015,1.969316692
3.312,0.66,1.32,2.014104259,-14.07,-0.8490579017,397.108,1.907741361,1.902461251
3.313,0.69,1.38,2.100782335,-12.82,-0.780110914,397.892,1.918293314,1.845734335
3.314,0.72,1.44,2.187036749,-11.27,-0.6929272689,398.972,1.93279517,1.763927227
3.315,0.75,1.5,2.2728675,-9.83,-0.6102299196,400.75,1.956584226,1.688164467
3.316,0.76,1.52,2.301383603,-9.13,-0.5694304816,402.309,1.97735645,1.634591346
3.317,0.76,1.52,2.301383603,-9.54,-0.5933751472,402.98,1.986272133,1.652228145
3.318,0.74,1.48,2.244304323,-10.57,-0.6529333971,403.78,1.996882479,1.669932554
3.319,0.73,1.46,2.215694073,-11.03,-0.6792588562,404.939,2.012216988,1.662238311
3.32,0.74,1.48,2.244304323,-10.49,-0.6483378822,405.777,2.023277092,1.632293492
3.321,0.77,1.54,2.329852633,-9.01,-0.5623966193,406.156,2.028271716,1.589393693
3.322,0.82,1.64,2.471491677,-6.35,-0.403462751,406.221,2.029127845,1.520295715
3.323,0.91,1.82,2.723476319,-1.79,-0.1172440613,406.257,2.029601951,1.424145728
3.324,1.01,2.02,2.998987263,1.89,0.1268649244,406.058,2.026980677,1.392387301
3.325,1.08,2.16,3.189044045,3.55,0.2409361762,405.651,2.021615576,1.409489989
3.326,1.03,2.06,3.053524569,2.34,0.1575417291,405.341,2.017525523,1.403875933
3.327,0.88,1.76,2.639905101,-3.17,-0.2057320702,404.782,2.010142322,1.463029318
3.328,0.74,1.48,2.244304323,-9.95,-0.6171845625,403.574,1.994152326,1.629888791
3.329,0.78,1.56,2.358274589,-8.35,-0.5235017793,402.492,1.979789473,1.61937411
3.33,0.88,1.76,2.639905101,-2.77,-0.1802522577,401.366,1.964801493,1.479312001
3.331,0.78,1.56,2.358274589,-7.21,-0.4554829271,399.641,1.941758588,1.586700672
3.332,0.43,0.86,1.335497337,-21.49,-1.234183912,398.662,1.928636621,1.923093276
3.333,0.09,0.18,0.2867249592,-35.13,-1.843099958,398.133,1.921532785,3.655675418
3.334,-0.03,-0.06,-0.0964223112,-40.02,-2.033367014,397.36,1.911135331,0.7888487567
3.335,-0.01,-0.02,-0.0320936968,-39.14,-2.00013332,396.566,1.90043433,0.3219059347
3.336,-0.02,-0.04,-0.0642344672,-39.4,-2.009997408,395.658,1.888170621,0.527260619
3.337,-0.01,-0.02,-0.0320936968,-39.39,-2.009618721,395.562,1.886872373,0.2614635571
3.338,0.1,0.2,0.31834792,-35.43,-1.855172554,395.774,1.889738918,9.209760204
3.339,0.27,0.54,0.8487359928,-29.36,-1.600225496,396.517,1.899773239,2.833391383
3.34,0.36,0.72,1.124022067,-26.23,-1.459632309,397.746,1.916329858,2.461195751
3.341,0.32,0.64,1.002143437,-27.65,-1.524211451,399.006,1.933251073,2.449991108
3.342,0.27,0.54,0.8487359928,-29.78,-1.618606817,399.977,1.946254735,2.590390311
3.343,0.25,0.5,0.7870435,-30.74,-1.660199183,400.876,1.958266058,2.640493012
3.344,0.26,0.52,0.8179132832,-30.45,-1.647696437,401.617,1.968146147,2.552392023
3.345,0.33,0.66,1.032683705,-27.67,-1.525111513,402.085,1.974376815,2.298605521
3.346,0.45,0.9,1.39549518,-22.98,-1.30672242,402.295,1.977170271,2.081437321
3.347,0.54,1.08,1.663155331,-19.54,-1.136876718,402.426,1.978912117,1.975160822
3.348,0.54,1.08,1.663155331,-19.54,-1.136876718,402.645,1.981822792,1.968356777
3.349,0.5,1,1.544666,-21.39,-1.22925968,402.375,1.978234061,2.062374948
3.35,0.5,1,1.544666,-21.1,-1.214939374,401.76,1.970050732,2.045613516
3.351,0.58,1.16,1.780891485,-18.06,-1.061192178,400.852,1.95794575,1.985931855
3.352,0.67,1.34,2.043044025,-14.16,-0.8539756164,400.159,1.948688571,1.866282861
3.353,0.73,1.46,2.215694073,-11.01,-0.6781177632,399.514,1.940058167,1.755783448
3.354,0.78,1.56,2.358274589,-8.92,-0.5571135791,399.344,1.937781166,1.708068336
3.355,0.79,1.58,2.386649471,-8.15,-0.5116455393,399.286,1.937004085,1.674420431
3.356,0.74,1.48,2.244304323,-10.47,-0.6471882068,399.312,1.937352446,1.739549319
3.357,0.59,1.18,1.810207839,-17.8,-1.0477308,399.612,1.94137035,2.025657703
3.358,0.43,0.86,1.335497337,-24.97,-1.401202959,400.169,1.948822266,2.438733111
3.359,0.48,0.96,1.485138893,-23.15,-1.314900134,400.826,1.957598728,2.310785971
3.36,0.77,1.54,2.329852633,-10.57,-0.6529333971,401.49,1.966454093,1.77374642
3.361,1.12,2.24,3.296612301,3.76,0.2555451469,402.478,1.97960338,1.474896304
3.362,1.27,2.54,3.693285273,7.69,0.5364565434,403.193,1.989099194,1.462365379
3.363,1.2,2.4,3.50948928,5.78,0.39813838,403.472,1.992799987,1.467829254
3.364,1.11,2.22,3.269790847,3.43,0.2326062531,403.316,1.990731042,1.470667926
3.365,1.13,2.26,3.323386681,3.85,0.2618184636,402.749,1.983204476,1.480335288
3.366,1.21,2.42,3.535887071,5.93,0.4088775387,402.277,1.976930889,1.48204987
3.367,1.27,2.54,3.693285273,7.54,0.5254697554,401.796,1.970530101,1.479681685
3.368,1.28,2.56,3.719353549,7.93,0.5540796799,401.298,1.963895012,1.477121101
3.369,1.28,2.56,3.719353549,7.71,0.5379230557,400.784,1.957038106,1.490746071
3.37,1.26,2.52,3.667169923,7.32,0.5093942366,400.038,1.947070595,1.492864818
3.371,1.24,2.48,3.614798003,6.76,0.4686804357,399.012,1.933331522,1.50490425
3.372,1.22,2.44,3.562237789,6.23,0.4304187526,397.891,1.918279868,1.516685775
3.373,1.22,2.44,3.562237789,6.11,0.4217921938,396.954,1.905666208,1.530526941
3.374,1.24,2.48,3.614798003,6.66,0.4614411161,396.598,1.900866018,1.530198148
3.375,1.26,2.52,3.667169923,7.37,0.5130437536,396.604,1.900946956,1.519131747
3.376,1.26,2.52,3.667169923,7.18,0.4991881248,396.761,1.903064393,1.526554722
3.377,1.21,2.42,3.535887071,5.96,0.4110278843,396.468,1.899112066,1.530594313
3.378,1.17,2.34,3.430013465,4.9,0.3355559612,396.123,1.894454556,1.538115376
3.379,1.19,2.38,3.483044415,5.23,0.3589403106,395.981,1.892536374,1.547004435
3.38,1.25,2.5,3.6410075,6.83,0.4737535413,396.434,1.898653245,1.534731531
3.381,1.29,2.58,3.745374751,8.1,0.5665957586,397.131,1.908051217,1.513498607
3.382,1.23,2.46,3.588541433,6.22,0.4296993593,397.818,1.917298228,1.528992383
3.383,1.01,2.02,2.998987263,0.41,0.02725121946,398.352,1.924474837,1.53658207
3.384,0.81,1.62,2.443258015,-10.19,-0.6310592496,398.904,1.931883249,1.878238729
3.385,0.78,1.56,2.358274589,-11.76,-0.7206923701,399.5,1.939870686,1.934314742
3.386,0.91,1.82,2.723476319,-4.98,-0.3193222882,399.982,1.946321613,1.673925906
3.387,1.06,2.12,3.134977475,1.51,0.1011017552,400.297,1.95053327,1.528038582
3.388,1.11,2.22,3.269790847,2.68,0.1808408527,400.622,1.954875157,1.531004512
3.389,1.11,2.22,3.269790847,2.67,0.1801540931,400.905,1.958653071,1.528791796
3.39,1.13,2.26,3.323386681,3.3,0.2235969714,401.332,1.964348272,1.518953315
3.391,1.14,2.28,3.350113987,3.62,0.2458013611,402.425,1.978898823,1.505872122
3.392,1.12,2.24,3.296612301,2.89,0.1952837167,403.643,1.99506695,1.505061427
3.393,1.11,2.22,3.269790847,2.72,0.1835887959,404.67,2.008661815,1.49152238
3.394,1.22,2.44,3.562237789,5.46,0.3752980881,405.227,2.016020653,1.489654109
3.395,1.45,2.9,4.15531198,11.66,0.8350606483,405.373,2.017947867,1.456466729
3.396,1.71,3.42,4.795757791,17.52,1.30414874,405.214,2.015849018,1.444506334
3.397,1.87,3.74,5.174061561,20.71,1.574216016,405.144,2.014924735,1.441587812
3.398,1.82,3.64,5.057136157,19.77,1.493533932,405.044,2.013604054,1.441955286
3.399,1.55,3.1,4.40540318,14.48,1.056503983,404.817,2.010604897,1.436337395
3.4,1.19,2.38,3.483044415,4.85,0.3320216532,404.485,2.006215435,1.489602758
3.401,0.91,1.82,2.723476319,-5.25,-0.336029081,404.089,2.000975098,1.635774548
3.402,0.84,1.68,2.527817779,-9.29,-0.5787908691,403.869,1.99806158,1.781068093
3.403,0.93,1.86,2.778955097,-4.26,-0.2744703274,403.534,1.993622037,1.616468797
3.404,1.06,2.12,3.134977475,1.23,0.08220110551,403.142,1.988422428,1.514025811
3.405,1.13,2.26,3.323386681,2.99,0.2021753167,403.013,1.986710226,1.518300805
3.406,1.15,2.3,3.37679422,3.62,0.2458013611,402.945,1.985807449,1.51316584
3.407,1.17,2.34,3.430013465,4.15,0.2827830416,402.986,1.986351789,1.511595265
3.408,1.2,2.4,3.50948928,4.91,0.3362630996,403.245,1.989789141,1.508774918
3.409,1.24,2.48,3.614798003,6,0.4138963161,403.678,1.99553083,1.500272797
3.41,1.31,2.62,3.797275935,7.82,0.5459956392,404.471,2.006030258,1.48794569
3.411,1.37,2.74,3.951849721,9.24,0.6512378409,405.351,2.017657509,1.480706136
3.412,1.35,2.7,3.90051342,8.85,0.6221417664,406.356,2.030905523,1.470201242
3.413,1.28,2.56,3.719353549,6.94,0.4817348592,407.483,2.045722837,1.471578953
3.414,1.21,2.42,3.535887071,4.97,0.340507869,408.294,2.056360184,1.475211398
3.415,1.17,2.34,3.430013465,3.92,0.2667028299,408.513,2.059229038,1.474683551
3.416,1.1,2.2,3.24292232,2.04,0.1370702779,408.316,2.056648448,1.478276263
3.417,0.99,1.98,2.944261663,-1.79,-0.1172440613,408.024,2.052821121,1.52112862
3.418,0.94,1.88,2.806623875,-4.82,-0.3093930134,407.602,2.047285005,1.614958748
3.419,0.95,1.9,2.83424558,-4.02,-0.259422151,407.187,2.041835127,1.590117227
3.42,0.97,1.94,2.889347769,-3.26,-0.2114461169,406.502,2.032827384,1.586349778
3.421,0.91,1.82,2.723476319,-6.44,-0.4089354179,405.663,2.021773838,1.688623166
3.422,0.81,1.62,2.443258015,-11.25,-0.6917899749,404.884,2.011490286,1.851373373
3.423,0.78,1.56,2.358274589,-13.04,-0.7923332418,404.017,2.000021758,1.952717574
3.424,0.81,1.62,2.443258015,-11.44,-0.702581509,403.213,1.989364569,1.898733432
3.425,0.9,1.8,2.69566632,-7.11,-0.449465469,402.673,1.982194819,1.758736022
3.426,0.98,1.96,2.916828253,-2.62,-0.170661878,402.624,1.981543755,1.610722538
3.427,1.03,2.06,3.053524569,0.12,0.007960581053,402.68,1.982287822,1.534242944
3.428,1.08,2.16,3.189044045,1.24,0.08287492228,403.034,1.986988994,1.540702275
3.429,1.12,2.24,3.296612301,2.34,0.1575417291,403.783,1.996922228,1.530131098
3.43,1.19,2.38,3.483044415,4.15,0.2827830416,405.102,2.014370089,1.516243897
3.431,1.36,2.72,3.926205107,8.46,0.5931909971,406.473,2.032445699,1.495334489
3.432,1.55,3.1,4.40540318,13.6,0.9865548682,408.021,2.052781785,1.449462064
3.433,1.65,3.3,4.65078702,15.92,1.172641592,409.633,2.073876799,1.432546026
3.434,1.66,3.32,4.675066499,15.99,1.178340525,411.106,2.093080367,1.429062983
3.435,1.6,3.2,4.52868352,14.86,1.086948709,411.925,2.103727964,1.419348929
3.436,1.6,3.2,4.52868352,14.95,1.094180532,412.162,2.106805188,1.414777795
3.437,1.7,3.4,4.77171368,16.82,1.246293028,412.486,2.111009164,1.421294065
3.438,1.79,3.58,4.986416031,18.51,1.38683254,412.792,2.114976554,1.423954275
3.439,1.84,3.68,5.104047539,19.43,1.464578764,412.372,2.109530364,1.428061471
3.44,1.87,3.74,5.174061561,19.97,1.510622784,411.805,2.102169201,1.43215042
3.441,1.88,3.76,5.197305421,20.33,1.541488248,411.162,2.093809083,1.429678221
3.442,1.86,3.72,5.150770627,19.89,1.503782224,410.253,2.081968169,1.436455431
3.443,1.72,3.44,4.819754829,17.14,1.272679128,409.231,2.068623912,1.442477612
3.444,1.46,2.92,4.180532931,11.3,0.8073551473,408.165,2.05466959,1.460690705
3.445,1.24,2.48,3.614798003,5.17,0.3546811216,406.871,2.037681615,1.510974046
3.446,1.17,2.34,3.430013465,3.26,0.220827979,405.675,2.021932095,1.529371556
3.447,1.27,2.54,3.693285273,5.77,0.3974231805,404.466,2.005964122,1.536700002
3.448,1.42,2.84,4.079366685,9.65,0.6819832286,403.729,1.996206697,1.523180505
3.449,1.48,2.96,4.230833613,11.28,0.8058196629,403.264,1.990041215,1.513248977
3.45,1.46,2.92,4.180532931,10.85,0.7729009945,403.279,1.990240213,1.512963912
3.451,1.46,2.92,4.180532931,10.85,0.7729009945,403.521,1.993449682,1.511208599
3.452,1.53,3.06,4.355761529,12.8,0.9236330551,403.616,1.994709072,1.492546569
3.453,1.67,3.34,4.699298905,15.93,1.173455422,404.177,2.002140061,1.479816598
3.454,1.81,3.62,5.033609855,18.61,1.395240688,404.8,2.010380223,1.478029994
3.455,1.88,3.76,5.197305421,20.01,1.514045576,405.41,2.018436161,1.471290104
3.456,1.84,3.68,5.104047539,19.34,1.456934338,405.963,2.025728862,1.465558754
3.457,1.73,3.46,4.843704793,17.11,1.270200984,405.955,2.025623432,1.46964892
3.458,1.61,3.22,4.553198367,14.9,1.090161848,405.605,2.021008863,1.46350001
3.459,1.58,3.16,4.479512605,14.1,1.02620387,405.147,2.01496435,1.47295785
3.46,1.62,3.24,4.577666141,15,1.09820173,404.547,2.007035428,1.474176016
3.461,1.63,3.26,4.602086841,15.3,1.122381755,403.935,1.998935802,1.474405201
3.462,1.57,3.14,4.454856537,13.97,1.015871161,403.067,1.987427028,1.483321421
3.463,1.46,2.92,4.180532931,10.87,0.7744281063,402.389,1.978420203,1.518620883
3.464,1.35,2.7,3.90051342,7.79,0.5437928897,402.136,1.97505536,1.548530532
3.465,1.29,2.58,3.745374751,6,0.4138963161,401.754,1.969970833,1.571134009
3.466,1.29,2.58,3.745374751,5.97,0.4117448525,401.641,1.968465845,1.573547567
3.467,1.35,2.7,3.90051342,7.6,0.5298619186,401.84,1.971115939,1.559595343
3.468,1.46,2.92,4.180532931,10.63,0.7561284042,402.285,1.977037282,1.529557082
3.469,1.58,3.16,4.479512605,13.93,1.012695257,402.606,1.981304569,1.496163282
3.47,1.67,3.34,4.699298905,15.77,1.16044631,403.041,1.987081913,1.493012476
3.471,1.7,3.4,4.77171368,16.36,1.208546047,403.728,1.996193446,1.488955246
3.472,1.65,3.3,4.65078702,15.49,1.137742688,404.616,2.007947852,1.478462983
3.473,1.61,3.22,4.553198367,14.67,1.071708241,405.641,2.021483688,1.472006417
3.474,1.71,3.42,4.795757791,16.44,1.21509526,406.658,2.034880117,1.475628962
3.475,1.91,3.82,5.266754559,20.39,1.546645704,407.755,2.049292837,1.464639759
3.476,2.07,4.14,5.629994777,23.67,1.834385889,408.906,2.064373401,1.4440478
3.477,2.08,4.16,5.652297165,23.74,1.840651913,409.811,2.076201058,1.443071059
3.478,1.93,3.86,5.312818617,21,1.599294702,410.181,2.081029154,1.44357367
3.479,1.81,3.62,5.033609855,18.62,1.396082072,410.177,2.080976982,1.447663033
3.48,1.79,3.58,4.986416031,18.3,1.369209095,409.913,2.077532482,1.44670435
3.481,1.83,3.66,5.080615385,19.09,1.435744057,409.654,2.074151062,1.447512023
3.482,1.88,3.76,5.197305421,20.04,1.516613769,409.369,2.070427723,1.448911431
3.483,1.89,3.78,5.220502207,20.26,1.53547599,408.994,2.065524642,1.449736543
3.484,1.84,3.68,5.104047539,19.28,1.45184274,408.384,2.057539351,1.454400634
3.485,1.75,3.5,4.8914635,17.5,1.302488754,407.968,2.052086801,1.458146767
3.486,1.64,3.28,4.626460467,15.42,1.132079159,407.751,2.049240355,1.45425835
3.487,1.56,3.12,4.430153395,13.47,0.9762868841,407.67,2.048177468,1.464772892
3.488,1.54,3.08,4.380605891,12.83,0.9259811889,407.64,2.047783753,1.473084113
3.489,1.58,3.16,4.479512605,13.97,1.015871161,407.521,2.04622173,1.462892461
3.49,1.66,3.32,4.675066499,15.71,1.155574575,407.132,2.041112438,1.462472391
3.491,1.71,3.42,4.795757791,16.71,1.237246958,406.753,2.036129792,1.465079689
3.492,1.73,3.46,4.843704793,16.99,1.260297613,406.236,2.029325394,1.472419418
3.493,1.73,3.46,4.843704793,17.1,1.269375141,405.673,2.021905719,1.471677745
3.494,1.74,3.48,4.867607683,17.18,1.275984753,405.152,2.015030375,1.47905965
3.495,1.74,3.48,4.867607683,17.17,1.275158193,404.751,2.00973258,1.481817211
3.496,1.74,3.48,4.867607683,17.21,1.278465046,404.544,2.006995753,1.481560116
3.497,1.8,3.6,5.01003648,18.46,1.382632347,404.497,2.006374153,1.478320115
3.498,1.93,3.86,5.312818617,20.96,1.595830303,404.423,2.005395317,1.47528069
3.499,2.02,4.04,5.517776733,22.66,1.744562006,404.29,2.003635608,1.472114681
3.5,2,4,5.47256,22.25,1.708410371,403.944,1.999055003,1.476092006
3.501,1.93,3.86,5.312818617,20.96,1.595830303,403.709,1.995941661,1.479163675
3.502,1.92,3.84,5.289810125,20.83,1.584582656,403.479,1.992892805,1.478643301
3.503,1.95,3.9,5.35869438,21.34,1.628810296,403.226,1.989537055,1.48097843
3.504,1.92,3.84,5.289810125,20.75,1.577669878,403.226,1.989537055,1.482899709
3.505,1.84,3.68,5.104047539,19.37,1.459481542,403.405,1.991911499,1.478836944
3.506,1.81,3.62,5.033609855,18.76,1.407872324,403.709,1.995941661,1.478814611
3.507,1.85,3.7,5.12743262,19.52,1.472231631,403.95,1.999134469,1.477064784
3.508,1.9,3.8,5.24365192,20.53,1.558694471,404.26,2.003238601,1.472136566
3.509,1.91,3.82,5.266754559,20.64,1.56817581,404.616,2.007947852,1.472755155
3.51,1.88,3.76,5.197305421,20.16,1.526895965,404.87,2.011305291,1.468911756
3.511,1.86,3.72,5.150770627,19.67,1.485005183,405.074,2.014000292,1.472067039
3.512,1.83,3.66,5.080615385,19.1,1.436590421,405.172,2.015294467,1.47183801
3.513,1.78,3.56,4.962748509,18.25,1.365019752,405.13,2.014739859,1.468373222
3.514,1.72,3.44,4.819754829,17.17,1.275158193,404.769,2.009970499,1.467143385
3.515,1.67,3.34,4.699298905,16.04,1.182414232,404.215,2.002643035,1.475420538
3.516,1.61,3.22,4.553198367,15.01,1.099006271,403.809,1.997266709,1.470541647
3.517,1.55,3.1,4.40540318,13.62,0.988136049,403.083,1.987639396,1.480421914
3.518,1.46,2.92,4.180532931,11.02,0.7858938405,402.256,1.976651597,1.513290198
3.519,1.28,2.56,3.719353549,6.31,0.4361772617,401.985,1.973046085,1.543797736
3.52,1.07,2.14,3.162034297,0.35,0.0232539451,401.626,1.968266036,1.58774922
3.521,0.91,1.82,2.723476319,-8,-0.5027319434,401.244,1.963175049,1.864828769
3.522,0.89,1.78,2.667809247,-8.85,-0.5530000139,401.049,1.960574379,1.895323838
3.523,1.01,2.02,2.998987263,-2.72,-0.177057616,401.078,1.960961225,1.681137505
3.524,1.17,2.34,3.430013465,2.86,0.1932180047,401.387,1.965081405,1.589220406
3.525,1.31,2.62,3.797275935,6.48,0.448433957,402.2,1.975906746,1.566312825
3.526,1.42,2.84,4.079366685,9.28,0.6542302888,403.361,1.991327935,1.541968212
3.527,1.47,2.94,4.205706809,10.85,0.7729009945,404.642,2.008291624,1.512195445
3.528,1.47,2.94,4.205706809,10.83,0.7713742715,405.416,2.018515339,1.50748144
3.529,1.44,2.88,4.130043955,9.77,0.6910124414,405.928,2.025267593,1.520477971
3.53,1.43,2.86,4.104728857,9.69,0.6849914265,406.499,2.032787901,1.510324556
3.531,1.52,3.04,4.330870093,11.98,0.859794194,406.957,2.038812321,1.494121424
3.532,1.69,3.38,4.747622495,16.11,1.188121682,407.211,2.042150452,1.469728338
3.533,1.88,3.76,5.197305421,19.85,1.500364454,407.389,2.044488532,1.46615542
3.534,2.01,4.02,5.495191903,22.22,1.705772166,407.62,2.04752126,1.464098667
3.535,2.02,4.04,5.517776733,22.52,1.732197378,407.897,2.051155642,1.4584356
3.536,1.95,3.9,5.35869438,21.26,1.621854462,407.685,2.048374315,1.460043694
3.537,1.86,3.72,5.150770627,19.53,1.473082471,407.358,2.044081412,1.464467053
3.538,1.78,3.56,4.962748509,17.99,1.343276753,407.018,2.039614188,1.467014041
3.539,1.7,3.4,4.77171368,16.5,1.220011443,406.119,2.027784319,1.469216056
3.54,1.63,3.26,4.602086841,15.02,1.099810913,404.955,2.012428373,1.478705979
3.541,1.56,3.12,4.430153395,13.17,0.9526555674,404.071,2.000736779,1.500021966
3.542,1.49,2.98,4.255913343,11.23,0.8019826584,402.921,1.985488786,1.526800697
3.543,1.42,2.84,4.079366685,9.48,0.6692155509,401.729,1.969637908,1.545886025
3.544,1.38,2.76,3.977447261,8.31,0.5820946737,400.718,1.95615701,1.567002707
3.545,1.38,2.76,3.977447261,8.1,0.5665957586,399.993,1.946468743,1.582707988
3.546,1.4,2.8,4.02850112,8.81,0.6191657777,399.566,1.940754467,1.573682277
3.547,1.45,2.9,4.15531198,9.98,0.7068469357,399.392,1.938424182,1.570845405
3.548,1.49,2.98,4.255913343,11.08,0.7904862633,399.79,1.943752881,1.556525643
3.549,1.52,3.04,4.330870093,11.97,0.8590197516,400.48,1.95297852,1.540139671
3.55,1.55,3.1,4.40540318,12.74,0.9189394541,400.926,1.958933305,1.530784558
3.551,1.57,3.14,4.454856537,13.48,0.9770761329,401.307,1.964014996,1.514695173
3.552,1.6,3.2,4.52868352,14.16,1.030978503,401.448,1.965894399,1.511136331
3.553,1.61,3.22,4.553198367,14.61,1.066902987,401.524,1.966907137,1.500818503
3.554,1.62,3.24,4.577666141,14.69,1.073310795,401.589,1.967773142,1.505274513
3.555,1.61,3.22,4.553198367,14.5,1.058102728,401.356,1.964668197,1.506299512
3.556,1.59,3.18,4.504121599,13.86,1.007141264,401.068,1.960827833,1.517576987
3.557,1.55,3.1,4.40540318,12.77,0.9212858102,400.842,1.957812282,1.530133062
3.558,1.5,3,4.280946,11.42,0.8165762495,400.566,1.954127268,1.545075456
3.559,1.47,2.94,4.205706809,10.43,0.7409213337,400.413,1.952083394,1.561715346
3.56,1.46,2.92,4.180532931,10.37,0.7363667681,400.503,1.953285767,1.554302229
3.561,1.49,2.98,4.255913343,11.18,0.7981480909,400.953,1.959293584,1.543428237
3.562,1.54,3.08,4.380605891,12.34,0.8877395187,401.579,1.967639919,1.53415894
3.563,1.57,3.14,4.454856537,13.27,0.9605227547,402.326,1.977582515,1.516234487
3.564,1.59,3.18,4.504121599,13.96,1.015077035,403.206,1.989271689,1.499200663
3.565,1.62,3.24,4.577666141,14.79,1.081329584,403.975,1.999465564,1.485871641
3.566,1.68,3.36,4.723484237,15.78,1.16125862,404.804,2.010433088,1.489263356
3.567,1.75,3.5,4.8914635,17.15,1.273505381,405.775,2.023250722,1.483720162
3.568,1.83,3.66,5.080615385,18.7,1.402816872,406.978,2.039088387,1.476105529
3.569,1.91,3.82,5.266754559,20.32,1.540629039,407.648,2.047888746,1.467668512
3.57,1.99,3.98,5.449881023,21.72,1.661943022,407.958,2.051955661,1.467428567
3.571,2,4,5.47256,22.11,1.696106948,408.066,2.053371796,1.459552214
3.572,1.94,3.88,5.335780035,20.87,1.588041573,408.004,2.052558876,1.465631868
3.573,1.81,3.62,5.033609855,18.31,1.370047273,407.647,2.047875622,1.472710184
3.574,1.68,3.36,4.723484237,15.82,1.164508873,406.835,2.037208225,1.47529719
3.575,1.61,3.22,4.553198367,14.62,1.067703612,405.931,2.025307132,1.472092645
3.576,1.61,3.22,4.553198367,14.64,1.069305163,404.903,2.011741339,1.477809038
3.577,1.62,3.24,4.577666141,14.66,1.070907115,404.024,2.000114451,1.490600454
3.578,1.56,3.12,4.430153395,13.18,0.9534418402,402.765,1.983417011,1.508466569
3.579,1.45,2.9,4.15531198,10.02,0.7098678504,401.402,1.965281333,1.553301029
3.58,1.32,2.64,3.823155917,6.7,0.4643357186,400.489,1.953098749,1.581493094
3.581,1.26,2.52,3.667169923,4.89,0.334848915,399.756,1.943297873,1.609716258
3.582,1.27,2.54,3.693285273,5.05,0.3461727334,399.506,1.939951035,1.615522888
3.583,1.3,2.6,3.77134888,5.99,0.4131790684,399.537,1.940366157,1.602411902
3.584,1.31,2.62,3.797275935,6.09,0.4203557404,399.607,1.94130341,1.607884836
3.585,1.25,2.5,3.6410075,4.45,0.3038301318,399.812,1.944047278,1.619753588
3.586,1.17,2.34,3.430013465,2.3,0.1548075169,400.217,1.949463957,1.630024219
3.587,1.15,2.3,3.37679422,1.82,0.1221093445,400.836,1.9577322,1.623582445
3.588,1.23,2.46,3.588541433,3.94,0.2680991864,401.672,1.96887876,1.60419169
3.589,1.39,2.78,4.002997727,7.94,0.5548151612,402.518,1.980135059,1.579122815
3.59,1.54,3.08,4.380605891,11.91,0.8543751566,403.259,1.989974881,1.540107875
3.591,1.63,3.26,4.602086841,14.49,1.057303305,403.855,1.997876121,1.506322935
3.592,1.67,3.34,4.699298905,15.4,1.130461916,404.427,2.005448232,1.498543862
3.593,1.7,3.4,4.77171368,15.93,1.173455422,404.72,2.009322806,1.499229082
3.594,1.73,3.46,4.843704793,16.48,1.218372308,404.861,2.011186363,1.499803932
3.595,1.76,3.52,4.915272243,17.06,1.26607279,404.782,2.010142322,1.500289839
3.596,1.78,3.56,4.962748509,17.42,1.295852912,404.481,2.006162528,1.502945276
3.597,1.78,3.56,4.962748509,17.35,1.290051935,404.062,2.000617615,1.508127277
3.598,1.75,3.5,4.8914635,16.82,1.246293028,403.702,1.995848896,1.508713565
3.599,1.7,3.4,4.77171368,15.9,1.171014238,403.545,1.993767872,1.507754251
3.6,1.64,3.28,4.626460467,14.68,1.072509468,403.259,1.989974881,1.510688689
3.601,1.55,3.1,4.40540318,12.34,0.8877395187,403.175,1.988860345,1.53146193
3.602,1.47,2.94,4.205706809,9.87,0.6985473763,403.283,1.990293278,1.564133896
3.603,1.43,2.86,4.104728857,8.63,0.6057927298,403.325,1.990850426,1.580782807
3.604,1.45,2.9,4.15531198,9.35,0.6594707644,403.861,1.997955604,1.56366025
3.605,1.54,3.08,4.380605891,11.82,0.8474148814,404.543,2.006982529,1.534686752
3.606,1.67,3.34,4.699298905,15.21,1.11511823,405.091,2.014224815,1.501688641
3.607,1.83,3.66,5.080615385,18.2,1.36083299,405.659,2.021721085,1.502005666
3.608,2.02,4.04,5.517776733,21.9,1.677690909,406.032,2.026638104,1.489548232
3.609,2.19,4.38,5.894516575,25.35,1.986233201,405.522,2.019913966,1.471367957
3.61,2.26,4.52,6.045690563,26.95,2.133710792,404.609,2.007855294,1.45975953
3.611,2.22,4.44,5.959587869,26.17,2.061464585,403.325,1.990850426,1.470662536
3.612,2.11,4.22,5.718921887,23.92,1.856788793,402.29,1.977103777,1.491675049
3.613,1.99,3.98,5.449881023,21.65,1.655828128,400.985,1.959720549,1.507345498
3.614,1.91,3.82,5.266754559,20.12,1.52346689,398.313,1.923951029,1.527738929
3.615,1.85,3.7,5.12743262,18.98,1.426440919,396.967,1.905841415,1.538714943
3.616,1.78,3.56,4.962748509,17.66,1.315780144,395.598,1.887359253,1.549338912
3.617,1.68,3.36,4.723484237,15.7,1.154762973,394.466,1.872028332,1.560558281
3.618,1.54,3.08,4.380605891,12.4,0.8924094601,393.459,1.858353292,1.592505892
3.619,1.39,2.78,4.002997727,8.35,0.5850516001,392.961,1.851577523,1.642842437
3.62,1.27,2.54,3.693285273,5.13,0.3518435126,392.464,1.844806793,1.681326001
3.621,1.2,2.4,3.50948928,3.25,0.2201359582,392.346,1.843197996,1.700882823
3.622,1.18,2.36,3.456552477,2.45,0.1650682554,392.334,1.843034362,1.72130271
3.623,1.16,2.32,3.403427379,2.15,0.1445670651,392.311,1.842720717,1.712599156
3.624,1.16,2.32,3.403427379,1.98,0.1329857094,392.401,1.843947919,1.721568863
3.625,1.16,2.32,3.403427379,2.06,0.1384325202,392.826,1.849739238,1.711837704
3.626,1.17,2.34,3.430013465,2.3,0.1548075169,393.096,1.853415176,1.707984616
3.627,1.16,2.32,3.403427379,2.01,0.135027589,393.135,1.853945936,1.711147653
3.628,1.1,2.2,3.24292232,0.42,0.02791774195,393.258,1.855619527,1.721719222
3.629,0.99,1.98,2.944261663,-5.22,-0.3341757968,393.57,1.859862386,1.929794549
3.63,0.86,1.72,2.583955587,-12.01,-0.7347854367,393.987,1.865527881,2.285184925
3.631,0.79,1.58,2.386649471,-15.28,-0.9146562267,394.317,1.870007117,2.498191496
3.632,0.84,1.68,2.527817779,-13.1,-0.7956600827,394.687,1.875024836,2.341949532
3.633,0.99,1.98,2.944261663,-5.87,-0.3741614048,395.127,1.880985734,1.953951503
3.634,1.18,2.36,3.456552477,2.16,0.1452491313,395.559,1.886831797,1.700991544
3.635,1.37,2.74,3.951849721,6.99,0.485366489,396.033,1.893238887,1.661414609
3.636,1.56,3.12,4.430153395,12.14,0.8721986198,397.002,1.906313096,1.594433945
3.637,1.74,3.48,4.867607683,16.32,1.205273881,397.935,1.918871455,1.558060577
3.638,1.86,3.72,5.150770627,18.64,1.39776515,398.82,1.930756544,1.547464941
3.639,1.9,3.8,5.24365192,19.5,1.470530264,399.663,1.942053094,1.536563761
3.64,1.89,3.78,5.220502207,19.23,1.447602604,400.744,1.956504126,1.533589462
3.641,1.87,3.74,5.174061561,18.83,1.413775067,401.645,1.968519126,1.529749119
3.642,1.87,3.74,5.174061561,18.9,1.419682892,402.343,1.977808571,1.52290642
3.643,1.89,3.78,5.220502207,19.23,1.447602604,403.255,1.989921813,1.518680764
3.644,1.9,3.8,5.24365192,19.52,1.472231631,404.181,2.002193008,1.509214464
3.645,1.91,3.82,5.266754559,19.64,1.482448594,404.429,2.005474689,1.509997248
3.646,1.9,3.8,5.24365192,19.52,1.472231631,404.602,2.007762735,1.506798968
3.647,1.9,3.8,5.24365192,19.41,1.462879273,404.809,2.010499169,1.509669046
3.648,1.91,3.82,5.266754559,19.75,1.491827347,405.019,2.013273833,1.502597012
3.649,1.97,3.94,5.404381849,20.79,1.581125425,404.724,2.009375682,1.505188743
3.65,2.04,4.08,5.562805171,22.23,1.706651462,403.977,1.999492051,1.500968636
3.651,2.09,4.18,5.674552479,23.18,1.790671302,402.899,1.985196661,1.502847169
3.652,2.08,4.16,5.652297165,23.09,1.782670121,401.521,1.966867164,1.507465251
3.653,2.03,4.06,5.540314489,22.11,1.696106948,400.142,1.948461282,1.520156611
3.654,1.95,3.9,5.35869438,20.64,1.56817581,398.567,1.92736158,1.533010173
3.655,1.87,3.74,5.174061561,19.01,1.428976892,397.278,1.91003118,1.549580429
3.656,1.78,3.56,4.962748509,17.26,1.282600916,396.054,1.893522568,1.562517495
3.657,1.68,3.36,4.723484237,15.44,1.133696805,395.045,1.879875343,1.567403734
3.658,1.59,3.18,4.504121599,13.31,0.9636724055,394.136,1.867550788,1.590874788
3.659,1.51,3.02,4.305931583,10.95,0.7805404415,393.357,1.856966183,1.632576595
3.66,1.43,2.86,4.104728857,8.74,0.6139614739,392.486,1.845106684,1.669221263
3.661,1.36,2.72,3.926205107,6.76,0.4686804357,391.678,1.834081436,1.704998313
3.662,1.29,2.58,3.745374751,5.02,0.3440477163,390.866,1.82297867,1.728347553
3.663,1.24,2.48,3.614798003,3.49,0.2367695741,390.229,1.814252584,1.762437323
3.664,1.18,2.36,3.456552477,2.05,0.1377513541,389.643,1.806212546,1.778094993
3.665,1.13,2.26,3.323386681,0.6,0.03993030927,389.179,1.799837789,1.806416082
3.666,1.08,2.16,3.189044045,-1.73,-0.11335941,388.684,1.793028749,1.898614193
3.667,1.04,2.08,3.080722611,-4,-0.2581659283,388.44,1.789669182,2.011567788
3.668,1.03,2.06,3.053524569,-4.79,-0.307528872,388.54,1.791046308,2.058300424
3.669,1.04,2.08,3.080722611,-4.01,-0.2587940821,388.622,1.792175288,2.009104194
3.67,1.08,2.16,3.189044045,-2.12,-0.1385538279,389.168,1.799686571,1.919800845
3.671,1.11,2.22,3.269790847,0.08,0.005305640709,390.104,1.812538573,1.798718957
3.672,1.15,2.3,3.37679422,1.03,0.06874350944,391.25,1.828232111,1.780093631
3.673,1.19,2.38,3.483044415,2.07,0.1391137764,392.481,1.845038529,1.755431983
3.674,1.24,2.48,3.614798003,3.14,0.2125297309,393.759,1.862430943,1.742104344
3.675,1.27,2.54,3.693285273,4.12,0.2806828744,394.802,1.876583439,1.712021019
3.676,1.3,2.6,3.77134888,4.85,0.3320216532,395.967,1.89234722,1.695469185
3.677,1.33,2.66,3.848988825,5.54,0.3809992462,397.029,1.906676935,1.682488482
3.678,1.38,2.76,3.977447261,6.78,0.4701294253,398.398,1.925092597,1.660575606
3.679,1.46,2.92,4.180532931,9.04,0.6362985958,400.016,1.946776365,1.61843268
3.68,1.59,3.18,4.504121599,12.5,0.9002005719,401.293,1.963828353,1.572652273
3.681,1.72,3.44,4.819754829,15.68,1.153140073,402.222,1.976199378,1.54018281
3.682,1.81,3.62,5.033609855,17.39,1.293366164,403.007,1.986630575,1.534638677
3.683,1.84,3.68,5.104047539,17.99,1.343276753,403.709,1.995941661,1.528515631
3.684,1.83,3.66,5.080615385,17.67,1.316611729,404.274,2.003423874,1.530289428
3.685,1.82,3.64,5.057136157,17.52,1.30414874,404.466,2.005964122,1.527783604
3.686,1.87,3.74,5.174061561,18.54,1.389353898,404.979,2.012745436,1.520843765
3.687,2,4,5.47256,21.02,1.601027535,405.246,2.016271494,1.512885708
3.688,2.17,4.34,5.850900345,24.51,1.909927218,404.703,2.009098078,1.492947838
3.689,2.29,4.58,6.109773311,27.04,2.142090029,403.894,1.998392742,1.475618581
3.69,2.28,4.56,6.088459469,26.81,2.120694191,402.894,1.985130267,1.482883531
3.691,2.12,4.24,5.741035981,23.82,1.847819547,401.512,1.966747243,1.505029613
3.692,1.89,3.78,5.220502207,19.34,1.456934338,400.089,1.947752611,1.533328111
3.693,1.7,3.4,4.77171368,15.58,1.145031639,398.913,1.932003954,1.550750239
3.694,1.6,3.2,4.52868352,13.21,0.955801253,398.172,1.922056831,1.573629897
3.695,1.58,3.16,4.479512605,12.7,0.9158123613,397.537,1.913517903,1.583241328
3.696,1.61,3.22,4.553198367,13.4,0.9707649231,397.37,1.911269967,1.579855394
3.697,1.65,3.3,4.65078702,14.56,1.062901366,397.334,1.910785259,1.563980206
3.698,1.71,3.42,4.795757791,15.79,1.162071032,397.629,1.914755884,1.558669994
3.699,1.82,3.64,5.057136157,17.78,1.325765949,398.295,1.923709253,1.556293199
3.7,1.92,3.84,5.289810125,19.85,1.500364454,398.707,1.929240482,1.542396347
3.701,1.97,3.94,5.404381849,20.77,1.579397441,398.743,1.929723522,1.540095627
3.702,1.94,3.88,5.335780035,20.1,1.521752981,398.54,1.926999144,1.547162522
3.703,1.84,3.68,5.104047539,18.25,1.365019752,398.454,1.925844556,1.550974778
3.704,1.74,3.48,4.867607683,16.24,1.198734428,397.859,1.917849582,1.561840678
3.705,1.66,3.32,4.675066499,14.71,1.07491375,397.007,1.906380475,1.568133215
3.706,1.59,3.18,4.504121599,13,0.9393040821,396.014,1.89298221,1.590277654
3.707,1.54,3.08,4.380605891,11.49,0.8219617179,394.996,1.879211706,1.621741815
3.708,1.49,2.98,4.255913343,10.09,0.7151581665,393.88,1.864074717,1.650069434
3.709,1.44,2.88,4.130043955,8.77,0.616191317,392.903,1.850787819,1.674130071
3.71,1.4,2.8,4.02850112,7.53,0.5247380588,391.808,1.835856835,1.706561821
3.711,1.36,2.72,3.926205107,6.43,0.4448262407,391.377,1.829968442,1.725960209
3.712,1.33,2.66,3.848988825,5.52,0.3795733999,391.191,1.827425277,1.743992357
3.713,1.3,2.6,3.77134888,4.72,0.3228432436,391.224,1.827876572,1.753528681
3.714,1.28,2.56,3.719353549,4.2,0.286285154,391.758,1.835174059,1.753205306
3.715,1.29,2.58,3.745374751,4.39,0.2996141022,392.833,1.849834572,1.742481593
3.716,1.33,2.66,3.848988825,5.49,0.3774353265,394.492,1.872380949,1.710801396
3.717,1.41,2.82,4.053957439,7.43,0.5174262867,396.35,1.897519519,1.678694996
3.718,1.51,3.02,4.305931583,10.13,0.7181833282,398.288,1.923615227,1.629924271
3.719,1.64,3.28,4.626460467,13.79,1.001592152,400.466,1.952791491,1.56596469
3.72,1.8,3.6,5.01003648,17.21,1.278465046,402.49,1.979762889,1.537656843
3.721,1.95,3.9,5.35869438,20.02,1.514901535,404.075,2.00078974,1.524222112
3.722,1.99,3.98,5.449881023,20.87,1.588041573,405.092,2.014238021,1.512897841
3.723,1.92,3.84,5.289810125,19.5,1.470530264,405.595,2.020876959,1.515093997
3.724,1.81,3.62,5.033609855,17.29,1.285083667,405.802,2.023606696,1.521329984
3.725,1.74,3.48,4.867607683,15.99,1.178340525,405.946,2.025504822,1.519301701
3.726,1.75,3.5,4.8914635,16.25,1.199551504,405.659,2.021721085,1.518487916
3.727,1.83,3.66,5.080615385,17.68,1.317443417,405.023,2.013326669,1.525357576
3.728,1.95,3.9,5.35869438,19.98,1.511478325,404.608,2.007842072,1.522650335
3.729,2.08,4.16,5.652297165,22.59,1.738377076,404.127,2.001478181,1.511367894
3.73,2.16,4.32,5.829021619,24.26,1.887364977,403.696,1.995769381,1.501112525
3.731,2.15,4.3,5.80709582,24.01,1.864870339,403.148,1.988502052,1.507016512
3.732,2.06,4.12,5.607645315,22.37,1.718972778,402.622,1.981517179,1.515379147
3.733,1.98,3.96,5.427154973,20.74,1.576806255,401.847,1.971209134,1.529631182
3.734,1.94,3.88,5.335780035,20.05,1.517470042,401.336,1.964401594,1.532445935
3.735,1.95,3.9,5.35869438,20.11,1.522609883,400.896,1.958532967,1.539349177
3.736,1.95,3.9,5.35869438,20.27,1.536334569,400.538,1.953753284,1.535403865
3.737,1.95,3.9,5.35869438,20.2,1.530326717,400.241,1.949784773,1.539805376
3.738,1.95,3.9,5.35869438,20.1,1.521752981,399.862,1.9447163,1.545865243
3.739,1.95,3.9,5.35869438,20.13,1.524324002,399.801,1.943900081,1.545083089
3.74,1.95,3.9,5.35869438,20.25,1.534617516,399.78,1.943619059,1.540635395
3.741,1.95,3.9,5.35869438,20.19,1.529468872,399.738,1.943056971,1.543169043
3.742,1.93,3.86,5.312818617,19.73,1.490121179,399.436,1.939013546,1.549317552
3.743,1.88,3.76,5.197305421,18.74,1.406186759,399.248,1.936494902,1.554831105
3.744,1.8,3.6,5.01003648,17.2,1.277638179,399.214,1.936039276,1.55897303
3.745,1.68,3.36,4.723484237,15.01,1.099006271,399.211,1.935999072,1.556334735
3.746,1.57,3.14,4.454856537,12.03,0.8636678778,399.431,1.938946576,1.589535989
3.747,1.53,3.06,4.355761529,10.72,0.7629842395,399.712,1.942708981,1.609850479
3.748,1.58,3.16,4.479512605,12.19,0.8760801584,399.854,1.944609262,1.588091398
3.749,1.71,3.42,4.795757791,15.31,1.123189317,399.825,1.944221232,1.563454815
3.75,1.82,3.64,5.057136157,17.47,1.299999544,399.77,1.943485234,1.559167532
3.751,1.87,3.74,5.174061561,18.54,1.389353898,399.488,1.939709982,1.554209155
3.752,1.89,3.78,5.220502207,18.89,1.418838606,399.028,1.933546048,1.55725036
3.753,1.91,3.82,5.266754559,19.28,1.45184274,398.519,1.926717233,1.558875557
3.754,1.96,3.92,5.381561651,20.16,1.526895965,398.345,1.924380824,1.559295872
3.755,2.02,4.04,5.517776733,21.47,1.640127965,398.423,1.925428306,1.547521989
3.756,2.1,4.2,5.69676072,23.01,1.77556525,398.478,1.926166792,1.53894465
3.757,2.18,4.36,5.872731997,24.65,1.92259165,398.441,1.925670003,1.526073985
3.758,2.25,4.5,6.0242355,26.05,2.050409136,398.479,1.926180218,1.51492522
3.759,2.28,4.56,6.088459469,26.64,2.104917369,398.97,1.932768351,1.507908215
3.76,2.26,4.52,6.045690563,26.22,2.066075685,399.58,1.940941918,1.508775644
3.761,2.21,4.42,5.937944511,25.33,1.984407469,399.982,1.946321613,1.510647106
3.762,2.18,4.36,5.872731997,24.82,1.937998476,400.495,1.953178901,1.509242943
3.763,2.19,4.38,5.894516575,25.06,1.959802742,400.946,1.95920018,1.504085782
3.764,2.23,4.46,5.981184153,25.87,2.033855557,401.13,1.961654811,1.496976256
3.765,2.29,4.58,6.109773311,26.94,2.132780318,400.938,1.959093432,1.49314805
3.766,2.33,4.66,6.194557945,27.89,2.221669313,400.463,1.952751413,1.483932347
3.767,2.34,4.68,6.215636419,28.08,2.239567251,399.838,1.94439518,1.485586097
3.768,2.28,4.56,6.088459469,27.04,2.142090029,399.103,1.934551522,1.49349885
3.769,2.17,4.34,5.850900345,24.79,1.935277345,398.579,1.927522654,1.514678561
3.77,2.02,4.04,5.517776733,21.89,1.676815123,398.203,1.922473343,1.533018757
3.771,1.86,3.72,5.150770627,18.93,1.422216374,398.016,1.919960341,1.541142515
3.772,1.72,3.44,4.819754829,16.14,1.190569254,397.893,1.91830676,1.550320697
3.773,1.58,3.16,4.479512605,13.17,0.9526555674,398.023,1.920054432,1.559333384
3.774,1.47,2.94,4.205706809,10.1,0.7159143121,398.047,1.920377017,1.595311855
3.775,1.39,2.78,4.002997727,7.69,0.5364565434,398.179,1.922150885,1.628156525
3.776,1.32,2.64,3.823155917,5.94,0.4095942274,398.217,1.922661435,1.639252496
3.777,1.28,2.56,3.719353549,4.67,0.3193172337,398.139,1.921613411,1.659736127
3.778,1.24,2.48,3.614798003,3.6,0.2444108522,398.028,1.920121639,1.670013279
3.779,1.22,2.44,3.562237789,3.01,0.2035547251,397.77,1.916652668,1.680136481
3.78,1.24,2.48,3.614798003,3.66,0.248583474,397.473,1.912656531,1.672557419
3.781,1.34,2.68,3.874774659,6.13,0.4232290204,396.821,1.903873383,1.665064096
3.782,1.51,3.02,4.305931583,10.55,0.7500409241,396.424,1.89851829,1.625763759
3.783,1.69,3.38,4.747622495,15.29,1.121574293,396.146,1.894765183,1.573968226
3.784,1.82,3.64,5.057136157,17.8,1.327431689,395.834,1.890549925,1.571524255
3.785,1.89,3.78,5.220502207,19.09,1.435744057,395.457,1.885452053,1.571874118
3.786,1.9,3.8,5.24365192,19.43,1.464578764,394.987,1.879089805,1.568233158
3.787,1.9,3.8,5.24365192,19.33,1.456085478,394.572,1.873465779,1.574882474
3.788,1.88,3.76,5.197305421,18.94,1.423061075,394.168,1.867985139,1.579225901
3.789,1.83,3.66,5.080615385,18.08,1.350795287,393.946,1.864971108,1.579908103
3.79,1.77,3.54,4.939033913,16.78,1.24300212,393.986,1.865514302,1.588871746
3.791,1.69,3.38,4.747622495,15.39,1.129653446,394.19,1.868283734,1.583629746
3.792,1.64,3.28,4.626460467,14.19,1.033367167,394.203,1.868460169,1.594326585
3.793,1.61,3.22,4.553198367,13.41,0.9715534768,394.615,1.874048784,1.600082496
3.794,1.62,3.24,4.577666141,13.52,0.9802341214,395.083,1.880389943,1.600233389
3.795,1.64,3.28,4.626460467,14.07,1.023817902,395.612,1.887548583,1.589102743
3.796,1.64,3.28,4.626460467,14.31,1.04293082,396.21,1.895629441,1.574397003
3.797,1.63,3.26,4.602086841,13.94,1.013489083,396.846,1.904210426,1.577299796
3.798,1.6,3.2,4.52868352,13.08,0.9455835699,397.551,1.91370631,1.583849036
3.799,1.56,3.12,4.430153395,12,0.8613433732,397.88,1.918131961,1.593881169
3.8,1.53,3.06,4.355761529,11.15,0.7958485199,397.823,1.917365469,1.605388129
3.801,1.52,3.04,4.330870093,10.79,0.7683219911,397.392,1.911566157,1.616063751
3.802,1.53,3.06,4.355761529,10.99,0.783598943,396.824,1.903913829,1.620740773
3.803,1.55,3.1,4.40540318,11.66,0.8350606483,396.345,1.897452028,1.612216924
3.804,1.57,3.14,4.454856537,12.28,0.8830731195,395.483,1.885803786,1.608903786
3.805,1.58,3.16,4.479512605,12.32,0.8861836588,394.837,1.877057707,1.621107971
3.806,1.55,3.1,4.40540318,11.64,0.8335181309,394.914,1.878100947,1.624639396
3.807,1.5,3,4.280946,10.28,0.7295414516,395.447,1.885316765,1.637161806
3.808,1.45,2.9,4.15531198,8.84,0.621397626,395.71,1.888873707,1.655323839
3.809,1.43,2.86,4.104728857,8.18,0.5724951674,396.08,1.893873771,1.664280146
3.81,1.45,2.9,4.15531198,8.63,0.6057927298,396.668,1.901810216,1.6570853
3.811,1.5,3,4.280946,10.08,0.7144021175,397.316,1.910542888,1.630870739
3.812,1.57,3.14,4.454856537,12.07,0.8667685913,398.182,1.922191193,1.597318313
3.813,1.64,3.28,4.626460467,13.99,1.017459711,399.239,1.936374299,1.566256076
3.814,1.7,3.4,4.77171368,15.24,1.117538498,400.053,1.947271197,1.55693637
3.815,1.74,3.48,4.867607683,16.05,1.183229278,400.741,1.956464075,1.550344934
3.816,1.77,3.54,4.939033913,16.7,1.2364252,401.03,1.960320912,1.545019135
3.817,1.81,3.62,5.033609855,17.36,1.290880339,400.836,1.9577322,1.549464516
3.818,1.84,3.68,5.104047539,17.99,1.343276753,400.386,1.951722629,1.549028375
3.819,1.86,3.72,5.150770627,18.36,1.374239714,399.723,1.94285621,1.552795199
3.82,1.86,3.72,5.150770627,18.36,1.374239714,398.733,1.929589349,1.559030606
3.821,1.85,3.7,5.12743262,18.08,1.350795287,397.537,1.913517903,1.570753883
3.822,1.83,3.66,5.080615385,17.77,1.324933233,396.082,1.893900786,1.578402414
3.823,1.81,3.62,5.033609855,17.33,1.288395436,394.776,1.876231099,1.590585745
3.824,1.76,3.52,4.915272243,16.38,1.21018274,393.305,1.856258891,1.602923791
3.825,1.68,3.36,4.723484237,14.8,1.082132014,391.744,1.834982866,1.619231477
3.826,1.57,3.14,4.454856537,11.97,0.8590197516,390.635,1.81981591,1.662982392
3.827,1.46,2.92,4.180532931,8.82,0.6199096316,390.253,1.814581612,1.717210092
3.828,1.35,2.7,3.90051342,5.89,0.4060117151,389.878,1.809438245,1.760596489
3.829,1.26,2.52,3.667169923,3.42,0.2319126851,389.876,1.8094108,1.796466827
3.83,1.19,2.38,3.483044415,1.35,0.09029280197,390.355,1.815979753,1.827149222
3.831,1.1,2.2,3.24292232,-2.12,-0.1385538279,391.145,1.826796135,1.920886774
3.832,1.09,2.18,3.216006719,-3.05,-0.1981025445,392.417,1.844166059,1.953756153
3.833,1.21,2.42,3.535887071,1.75,0.1173581633,394.164,1.867930847,1.781043996
3.834,1.43,2.86,4.104728857,7.39,0.5145042206,396.162,1.894981261,1.703570695
3.835,1.67,3.34,4.699298905,13.97,1.015871161,398.305,1.923843574,1.598556094
3.836,1.84,3.68,5.104047539,17.35,1.290051935,400.029,1.94695023,1.576782245
3.837,1.94,3.88,5.335780035,19.33,1.456085478,401.059,1.960707777,1.561633859
3.838,2.04,4.08,5.562805171,21.33,1.627940446,401.793,1.970490156,1.545897583
3.839,2.13,4.26,5.763103001,23.06,1.78000499,402.342,1.977795273,1.533637393
3.84,2.2,4.4,5.91625408,24.53,1.911735122,403.202,1.989218614,1.51661734
3.841,2.27,4.54,6.067098553,25.89,2.035693091,403.856,1.997889368,1.504146404
3.842,2.32,4.64,6.173432397,27.12,2.149545749,403.938,1.998975536,1.488104308
3.843,2.37,4.74,6.278589401,28.1,2.241453581,403.402,1.991871713,1.483134171
3.844,2.4,4.8,6.34111872,28.83,2.310609865,402.548,1.980533784,1.477722313
3.845,2.43,4.86,6.403224377,29.39,2.364065313,401.805,1.970649937,1.47719608
3.846,2.45,4.9,6.44439278,29.8,2.403425703,401.042,1.960480998,1.476748524
3.847,2.47,4.94,6.485372889,30.16,2.438142236,400.439,1.952430774,1.477113095
3.848,2.47,4.94,6.485372889,30.34,2.455555396,399.521,1.940151905,1.475387792
3.849,2.44,4.88,6.423832115,29.76,2.399577333,399.036,1.933653307,1.482457928
3.85,2.35,4.7,6.23666782,27.91,2.223551416,398.713,1.929320992,1.501772077
3.851,2.18,4.36,5.872731997,24.7,1.927119813,398.546,1.927079688,1.523722889
3.852,1.98,3.96,5.427154973,20.79,1.581125425,398.645,1.928408478,1.546403347
3.853,1.82,3.64,5.057136157,17.83,1.329931071,398.899,1.93181619,1.550437772
3.854,1.78,3.56,4.962748509,17.02,1.262772076,399.342,1.937754372,1.550603811
3.855,1.86,3.72,5.150770627,18.5,1.385992295,399.832,1.944314897,1.546635289
3.856,2.02,4.04,5.517776733,21.58,1.64971843,400.53,1.953646427,1.531284495
3.857,2.17,4.34,5.850900345,24.63,1.920781144,400.876,1.958266058,1.508334403
3.858,2.25,4.5,6.0242355,26.42,2.084547538,401.057,1.960681098,1.489220027
3.859,2.28,4.56,6.088459469,26.89,2.128129601,400.681,1.955662999,1.490883614
3.86,2.26,4.52,6.045690563,26.56,2.097503996,399.729,1.942936515,1.496294908
3.861,2.22,4.44,5.959587869,25.84,2.031100078,398.296,1.923722686,1.506916549
3.862,2.15,4.3,5.80709582,24.54,1.912639236,396.491,1.899422423,1.523347821
3.863,2.03,4.06,5.540314489,22.24,1.707530863,395.048,1.879915971,1.544361421
3.864,1.88,3.76,5.197305421,19.28,1.45184274,393.539,1.85944097,1.569574182
3.865,1.74,3.48,4.867607683,16.68,1.23478199,392.244,1.841806951,1.582144309
3.866,1.66,3.32,4.675066499,15.13,1.108668614,391.167,1.827097038,1.592452209
3.867,1.63,3.26,4.602086841,14.49,1.057303305,390.267,1.814773535,1.602355054
3.868,1.61,3.22,4.553198367,14.09,1.025408448,389.29,1.801363476,1.61074133
3.869,1.58,3.16,4.479512605,13.21,0.955801253,388.479,1.790206303,1.631281966
3.87,1.52,3.04,4.330870093,11.55,0.8265816437,388.213,1.786541787,1.657353817
3.871,1.45,2.9,4.15531198,9.48,0.6692155509,387.87,1.781812783,1.695334127
3.872,1.39,2.78,4.002997727,7.76,0.5415909922,387.716,1.779688195,1.724479222
3.873,1.35,2.7,3.90051342,6.78,0.4701294253,387.767,1.780391886,1.733159957
3.874,1.33,2.66,3.848988825,6.19,0.4275417395,388.105,1.785053222,1.739581302
3.875,1.33,2.66,3.848988825,6.17,0.4261037932,388.711,1.793400374,1.734166072
3.876,1.38,2.76,3.977447261,7.39,0.5145042206,389.718,1.807242235,1.71312731
3.877,1.49,2.98,4.255913343,10.41,0.7394027579,390.78,1.82180141,1.661684529
3.878,1.67,3.34,4.699298905,15.08,1.104640877,392.03,1.838887308,1.596485106
3.879,1.84,3.68,5.104047539,18.49,1.385152153,393.031,1.852530459,1.576450861
3.88,1.96,3.92,5.381561651,20.76,1.578533607,393.988,1.86554146,1.562556433
3.881,2.01,4.02,5.495191903,21.65,1.655828128,394.897,1.877870639,1.555082158
3.882,1.99,3.98,5.449881023,21.43,1.6366437,395.63,1.887791998,1.546313081
3.883,1.95,3.9,5.35869438,20.56,1.561279029,396.077,1.893833249,1.550946525
3.884,1.87,3.74,5.174061561,18.98,1.426440919,396.485,1.899341462,1.55574267
3.885,1.76,3.52,4.915272243,16.89,1.252056047,396.886,1.904749651,1.557039841
3.886,1.71,3.42,4.795757791,15.96,1.175897517,397.302,1.91035437,1.55391004
3.887,1.81,3.62,5.033609855,17.9,1.335766563,397.665,1.915240233,1.548323387
3.888,2,4,5.47256,21.56,1.647973756,397.764,1.916571967,1.535275579
3.889,2.09,4.18,5.674552479,23.39,1.809374529,397.761,1.916531617,1.522999307
3.89,2,4,5.47256,21.73,1.662817002,397.589,1.914217667,1.529915281
3.891,1.8,3.6,5.01003648,17.95,1.339937861,397.29,1.910192777,1.541487724
3.892,1.64,3.28,4.626460467,14.76,1.078922893,396.83,1.903994721,1.550984997
3.893,1.57,3.14,4.454856537,13.03,0.9416581478,396.318,1.89708756,1.569304543
3.894,1.58,3.16,4.479512605,13.3,0.962884844,395.972,1.892414776,1.568841523
3.895,1.63,3.26,4.602086841,14.71,1.07491375,395.731,1.88915762,1.552623492
3.896,1.7,3.4,4.77171368,16,1.179155063,395.616,1.887602676,1.555947383
3.897,1.76,3.52,4.915272243,17.01,1.261947153,395.575,1.887048196,1.560901716
3.898,1.79,3.58,4.986416031,17.6,1.310792792,395.431,1.885100296,1.56025746
3.899,1.81,3.62,5.033609855,18.02,1.345782003,395.256,1.882732103,1.55911038
3.9,1.82,3.64,5.057136157,18.23,1.363344738,395.289,1.883178757,1.557708166
3.901,1.8,3.6,5.01003648,17.93,1.338269033,395.325,1.883665973,1.554977512
3.902,1.77,3.54,4.939033913,17.25,1.281773537,395.227,1.882339558,1.560953659
3.903,1.75,3.5,4.8914635,16.89,1.252056047,395.237,1.882474921,1.560508908
3.904,1.78,3.56,4.962748509,17.46,1.299170012,395.44,1.885222061,1.558460263
3.905,1.85,3.7,5.12743262,18.81,1.41208805,395.841,1.890644535,1.552481919
3.906,1.92,3.84,5.289810125,20.11,1.522609883,396.496,1.899489889,1.545779047
3.907,1.95,3.9,5.35869438,20.81,1.58285383,397.179,1.908697816,1.534760165
3.908,1.96,3.92,5.381561651,21.05,1.603627575,397.419,1.911929639,1.53078483
3.909,1.97,3.94,5.404381849,21.1,1.607963086,397.331,1.910744864,1.535899519
3.91,1.97,3.94,5.404381849,21.07,1.605361462,397.071,1.907242859,1.538568354
3.911,1.96,3.92,5.381561651,20.97,1.596696244,396.637,1.901392092,1.538429317
3.912,1.88,3.76,5.197305421,19.44,1.465428666,396.042,1.893360466,1.547374728
3.913,1.72,3.44,4.819754829,16.47,1.217552894,395.364,1.88419374,1.553884117
3.914,1.6,3.2,4.52868352,13.91,1.011107903,394.62,1.874116571,1.569612195
3.915,1.57,3.14,4.454856537,12.88,0.9298967213,393.934,1.864808139,1.594034705
3.916,1.61,3.22,4.553198367,13.99,1.017459711,393.336,1.856680557,1.584194905
3.917,1.63,3.26,4.602086841,14.61,1.066902987,392.637,1.847164579,1.579265661
3.918,1.58,3.16,4.479512605,13.27,0.9605227547,391.849,1.836416646,1.601576568
3.919,1.55,3.1,4.40540318,12.37,0.8900740465,391.134,1.826645677,1.621589132
3.92,1.57,3.14,4.454856537,12.97,0.9369509069,390.861,1.822910231,1.614159667
3.921,1.63,3.26,4.602086841,14.53,1.060501596,390.85,1.822759664,1.59613938
3.922,1.69,3.38,4.747622495,15.86,1.167760745,391.012,1.82497668,1.586381236
3.923,1.77,3.54,4.939033913,17.27,1.283428397,391.457,1.831061905,1.585824142
3.924,1.84,3.68,5.104047539,18.56,1.39103532,392.339,1.843102543,1.578178715
3.925,1.88,3.76,5.197305421,19.46,1.467128782,393.4,1.857550989,1.563249931
3.926,1.91,3.82,5.266754559,19.94,1.50805679,394.518,1.872733543,1.557847142
3.927,1.92,3.84,5.289810125,20.19,1.529468872,395.478,1.885736147,1.548899728
3.928,1.94,3.88,5.335780035,20.53,1.558694471,396.583,1.900663669,1.54241909
3.929,1.97,3.94,5.404381849,21.18,1.614905393,397.382,1.911431527,1.532576714
3.93,2.02,4.04,5.517776733,22.15,1.699620083,397.775,1.916719917,1.525790366
3.931,2.08,4.16,5.652297165,23.37,1.807591229,398.106,1.921169955,1.515864623
3.932,2.14,4.28,5.785122947,24.6,1.918066199,398.42,1.925388022,1.505188462
3.933,2.19,4.38,5.894516575,25.54,2.003599427,398.616,1.928019271,1.499259473
3.934,2.21,4.42,5.937944511,26.12,2.056856228,399.602,1.941236469,1.485194307
3.935,2.23,4.46,5.981184153,26.52,2.093799951,398.937,1.932325819,1.485592973
3.936,2.24,4.48,6.002733363,26.62,2.103063365,398.989,1.933023126,1.48726579
3.937,2.2,4.4,5.91625408,25.82,2.029263639,397.626,1.914715519,1.500072349
3.938,2.08,4.16,5.652297165,23.62,1.829913388,396.138,1.894657141,1.517570179
3.939,1.89,3.78,5.220502207,20,1.513189721,394.93,1.878317699,1.539286683
3.94,1.67,3.34,4.699298905,15.95,1.175083384,393.925,1.864685909,1.545939331
3.941,1.52,3.04,4.330870093,12.24,0.8799641537,392.601,1.846674027,1.588355259
3.942,1.46,2.92,4.180532931,10.58,0.752323002,391.579,1.832729006,1.617194903
3.943,1.48,2.96,4.230833613,11.27,0.8050520669,390.66,1.82015829,1.61161699
3.944,1.53,3.06,4.355761529,12.56,0.9048799677,390.093,1.812387713,1.602993168
3.945,1.54,3.08,4.380605891,12.76,0.9205035928,389.963,1.810604508,1.603966496
3.946,1.5,3,4.280946,11.79,0.8450965533,390.141,1.813045977,1.610502804
3.947,1.47,2.94,4.205706809,10.75,0.7652712648,390.573,1.818966712,1.627445633
3.948,1.46,2.92,4.180532931,10.53,0.7485200235,391.32,1.829189214,1.621801587
3.949,1.49,2.98,4.255913343,11.37,0.8127324157,392.287,1.842393416,1.602904575
3.95,1.56,3.12,4.430153395,13.46,0.9754977346,393.693,1.861534127,1.561545168
3.951,1.69,3.38,4.747622495,16.26,1.200368681,394.958,1.878696993,1.541903615
3.952,1.86,3.72,5.150770627,19.47,1.467978996,395.646,1.888008357,1.534800369
3.953,2,4,5.47256,22.23,1.706651462,396.127,1.89450858,1.519665868
3.954,2.05,4.1,5.58524878,23.19,1.791560859,396.356,1.897600507,1.513961637
3.955,1.99,3.98,5.449881023,22.11,1.696106948,396.496,1.899489889,1.515709706
3.956,1.86,3.72,5.150770627,19.65,1.483300686,396.582,1.900650178,1.52211744
3.957,1.71,3.42,4.795757791,16.96,1.257824071,396.557,1.900312911,1.518540145
3.958,1.61,3.22,4.553198367,14.98,1.096592949,396.34,1.897384536,1.520785774
3.959,1.56,3.12,4.430153395,13.86,1.007141264,395.912,1.891604051,1.528300321
3.96,1.57,3.14,4.454856537,14.04,1.021432832,395.283,1.88309755,1.533761384
3.961,1.59,3.18,4.504121599,14.66,1.070907115,394.415,1.871336593,1.53084586
3.962,1.6,3.2,4.52868352,14.85,1.086145675,393.454,1.858285305,1.538050492
3.963,1.6,3.2,4.52868352,14.79,1.081329584,392.752,1.848731318,1.545593649
3.964,1.59,3.18,4.504121599,14.63,1.068504338,392.166,1.840742966,1.548208567
3.965,1.58,3.16,4.479512605,14.29,1.041335878,391.544,1.832250793,1.558857664
3.966,1.55,3.1,4.40540318,13.66,0.991299604,391.02,1.825086138,1.564204475
3.967,1.52,3.04,4.330870093,12.66,0.9126868475,390.589,1.819185873,1.585311812
3.968,1.47,2.94,4.205706809,11.4,0.8150384231,390.379,1.816308674,1.598309403
3.969,1.44,2.88,4.130043955,10.52,0.7477597185,390.521,1.818254378,1.609517251
3.97,1.45,2.9,4.15531198,10.67,0.7591744718,390.921,1.823731432,1.608774045
3.971,1.49,2.98,4.255913343,12.01,0.8621181099,391.384,1.830064129,1.580841475
3.972,1.55,3.1,4.40540318,13.46,0.9754977346,391.584,1.832797319,1.568710942
3.973,1.55,3.1,4.40540318,13.44,0.9739197336,391.543,1.832237129,1.569906244
3.974,1.47,2.94,4.205706809,11.5,0.8227314612,391.296,1.828861083,1.586105987
3.975,1.34,2.68,3.874774659,8.06,0.5636483326,390.943,1.824032508,1.622819346
3.976,1.23,2.46,3.588541433,4.97,0.340507869,390.526,1.818322876,1.662261593
3.977,1.19,2.38,3.483044415,4.05,0.2757856919,389.944,1.810343836,1.669620399
3.978,1.26,2.52,3.667169923,5.73,0.3945633126,389.359,1.802311657,1.66926656
3.979,1.37,2.74,3.951849721,8.6,0.6035668934,388.714,1.793441664,1.648658995
3.98,1.4,2.8,4.02850112,9.42,0.6647159412,388.252,1.787079223,1.643082252
3.981,1.27,2.54,3.693285273,6.18,0.4268227197,387.526,1.777065788,1.675804043
3.982,1.07,2.14,3.162034297,0.79,0.05264144509,386.71,1.765788603,1.73888146
3.983,0.94,1.88,2.806623875,-5.8,-0.3698722461,385.608,1.750521047,2.032829691
3.984,0.95,1.9,2.83424558,-5,-0.3205619313,384.782,1.739048672,1.998076894
3.985,1.07,2.14,3.162034297,0.67,0.04460962798,384.106,1.729641317,1.782179858
3.986,1.19,2.38,3.483044415,3.81,0.2590294088,384.309,1.732468045,1.748957504
3.987,1.26,2.52,3.667169923,5.42,0.3724497354,383.87,1.726353194,1.747267394
3.988,1.24,2.48,3.614798003,4.88,0.3341419612,383.109,1.715736602,1.76342056
3.989,1.15,2.3,3.37679422,2.57,0.1732914714,382.501,1.707239324,1.795660156
3.99,1.06,2.12,3.134977475,0.22,0.01460411943,381.675,1.695673659,1.833022398
3.991,1.06,2.12,3.134977475,0.21,0.01393936766,380.966,1.68572625,1.844467196
3.992,1.12,2.24,3.296612301,1.73,0.1160014906,380.227,1.675338211,1.840305498
3.993,1.13,2.26,3.323386681,1.75,0.1173581633,379.581,1.66624091,1.863303659
3.994,0.99,1.98,2.944261663,-3.16,-0.2050967478,379.02,1.658328053,2.026010348
3.995,0.74,1.48,2.244304323,-14.71,-0.8838935973,378.795,1.655151157,2.909928462
3.996,0.48,0.96,1.485138893,-26,-1.449046214,378.918,1.656888094,7.14552282
3.997,0.33,0.66,1.032683705,-32.49,-1.734527922,379.28,1.661996786,-14.23779868
3.998,0.29,0.58,0.9102401912,-33.83,-1.790163921,379.765,1.668833668,-7.502170058
3.999,0.36,0.72,1.124022067,-31.41,-1.688882305,380.24,1.675521125,-84.12595699
4,0.47,0.94,1.455304729,-27.37,-1.511582996,380.79,1.683254067,8.477285781
