# age_ma,DST_anomaly_K,GMSST_anomaly_K,GMST_anomaly_K,BSL_m,R_LI_Wm2,CO2_ppm,R_CO2_Wm2,S_CO2_LI_K_per_Wm2
0,0,0,0,2.68,0.1808408527,284.1331213,0.116746372,0
0.001,0.11,0.11,0.1756738918,5.47,0.3760104081,280.4281497,0.04652588879,0.4157604757
0.002,0.25,0.25,0.397199375,9.1,0.6407763474,277.8286438,-0.003298699906,0.62307969
0.003,0.35,0.35,0.554019655,11.83,0.8481878533,275.6131949,-0.0461314373,0.6907489847
0.004,0.38,0.38,0.6008362552,12.83,0.9259811889,273.0683738,-0.09575909614,0.7237054524
0.005,0.38,0.38,0.6008362552,12.63,0.910343748,269.4465361,-0.1671935172,0.8084990494
0.006,0.31,0.31,0.4914327638,11.09,0.7912520078,264.5748721,-0.2648080518,0.93349493
0.007,0.18,0.18,0.2867249592,7.82,0.5459956392,260.6641348,-0.3444778049,1.42282672
0.008,0.03,0.03,0.0480522822,4.34,0.2961032708,259.775696,-0.362743711,-0.7210678995
0.009,-0.04,-0.04,-0.0642344672,2.62,0.1767216519,261.0143677,-0.3372942771,0.4000337364
0.01,-0.01,-0.01,-0.0160409642,3.3,0.2235969714,264.0627076,-0.2751746288,0.3110060636
0.011,-0.05,-0.05,-0.080322505,2.24,0.1507089033,266.7807626,-0.2203873986,1.152758891
0.012,-0.24,-0.24,-0.3882312192,-3.47,-0.2247519371,253.8849024,-0.4854594796,0.5466417605
0.013,-0.54,-0.54,-0.8830526472,-13.3,-0.8067294021,239.9331786,-0.7878444864,0.5537859698
0.014,-1.01,-1.01,-1.679567804,-27.8,-1.530955522,239.2774205,-0.8024865159,0.7197812401
0.015,-1.6,-1.6,-2.71624832,-46.17,-2.253944599,229.3619873,-1.028910009,0.8274043918
0.016,-2.32,-2.32,-4.036849741,-68.85,-2.91727768,223.1368569,-1.176121649,0.9861851767
0.017,-2.98,-2.98,-5.300994337,-90.11,-3.388540537,202.7709168,-1.688161793,1.04418065
0.018,-3.27,-3.27,-5.872662782,-99.21,-3.565755134,189.1388285,-2.060498069,1.04379639
0.019,-3.21,-3.21,-5.753574532,-97.75,-3.53787174,190.4689123,-2.023006854,1.034652067
0.02,-3.05,-3.05,-5.438077105,-93.11,-3.447979365,192.6774503,-1.961329072,1.005318364
0.021,-2.94,-2.94,-5.222920231,-89.89,-3.384133323,189.9359501,-2.037997987,0.9632596358
0.022,-3,-3,-5.340102,-91.83,-3.422763279,187.8078073,-2.098280569,0.9672268773
0.023,-3.09,-3.09,-5.51666902,-94.69,-3.478837199,189.1669059,-2.059703929,0.9960509263
0.024,-3.1,-3.1,-5.53634642,-94.93,-3.483500382,185.8835609,-2.153378491,0.9821652274
0.025,-3.05,-3.05,-5.438077105,-93.33,-3.452293175,182.3536751,-2.255950778,0.95267076
0.026,-2.91,-2.91,-5.16448822,-89.41,-3.374492945,184.28066,-2.199712379,0.9264976657
0.027,-2.7,-2.7,-4.75842978,-83.44,-3.251416159,187.9789179,-2.093408433,0.8902873608
0.028,-2.51,-2.51,-4.395515564,-77.81,-3.128886795,190.4100577,-2.024660251,0.8529107282
0.029,-2.34,-2.34,-4.074403975,-72.82,-3.013841541,192.2133617,-1.974230783,0.8168293703
0.03,-2.2,-2.2,-3.81251288,-68.56,-2.910033422,189.1471418,-2.060262923,0.76705947
0.031,-2.15,-2.15,-3.719539345,-66.95,-2.86931913,187.4855496,-2.107468469,0.7473775544
0.032,-2.15,-2.15,-3.719539345,-66.99,-2.870341011,193.3200869,-1.943514921,0.77267359
0.033,-2.19,-2.19,-3.793894636,-68.48,-2.908030267,196.536714,-1.855229453,0.7964912391
0.034,-2.31,-2.31,-4.018090276,-72.17,-2.998353416,196.0784924,-1.867717438,0.825736081
0.035,-2.36,-2.36,-4.112005283,-73.81,-3.037199829,201.3470268,-1.725862883,0.8633111786
0.036,-2.32,-2.32,-4.036849741,-72.54,-3.007184673,201.3615358,-1.725477377,0.8529765486
0.037,-2.18,-2.18,-3.775288161,-68.59,-2.910784076,205.7149062,-1.611044718,0.8349029414
0.038,-2.08,-2.08,-3.589870669,-65.55,-2.833212889,211.0896059,-1.473060427,0.8336374412
0.039,-2.1,-2.1,-3.62686002,-66.02,-2.845408655,205.8566438,-1.607359837,0.8145179851
0.04,-2.14,-2.14,-3.700979943,-67.46,-2.882308264,196.0447982,-1.868636863,0.7789986718
0.041,-2.17,-2.17,-3.756693454,-68.27,-2.902762185,201.1705722,-1.730553519,0.8108002332
0.042,-2.17,-2.17,-3.756693454,-68.22,-2.901505782,202.6543116,-1.691239244,0.8179625544
0.043,-2.18,-2.18,-3.775288161,-68.76,-2.915032337,203.8689373,-1.65926928,0.8253255856
0.044,-2.19,-2.19,-3.793894636,-69.15,-2.924743563,203.4644055,-1.669895691,0.8257219831
0.045,-2.19,-2.19,-3.793894636,-68.94,-2.919520444,210.6769938,-1.483528186,0.8616517679
0.046,-2.13,-2.13,-3.68243231,-67.34,-2.879259755,219.3042736,-1.268811194,0.8877457389
0.047,-1.97,-1.97,-3.387270678,-62.49,-2.751906617,211.9368298,-1.45163078,0.8058143314
0.048,-1.83,-1.83,-3.131475614,-58.19,-2.631735519,203.8553812,-1.659625034,0.7297162695
0.049,-1.8,-1.8,-3.07696248,-57.08,-2.599522353,201.381293,-1.724952472,0.7115228101
0.05,-1.91,-1.91,-3.27736178,-60.69,-2.702473674,204.6049713,-1.6399888,0.7547242606
0.051,-2.1,-2.1,-3.62686002,-66.85,-2.866762089,208.6966644,-1.534055162,0.8241332946
0.052,-2.16,-2.16,-3.738110515,-68.94,-2.919520444,215.1221019,-1.371822022,0.8710818457
0.053,-2.06,-2.06,-3.552928391,-65.98,-2.844373667,222.1049741,-1.200919781,0.8782869367
0.054,-1.88,-1.88,-3.222566205,-60.64,-2.701082938,220.709609,-1.234636955,0.8187996841
0.055,-1.75,-1.75,-2.986342625,-56.41,-2.579831685,214.4606805,-1.388296644,0.752582169
0.056,-1.77,-1.77,-3.022555262,-57.29,-2.605655603,210.519141,-1.487538253,0.7384344275
0.057,-1.96,-1.96,-3.368923107,-63.37,-2.775633918,214.0221889,-1.399246583,0.8069507872
0.058,-2.17,-2.17,-3.756693454,-70.34,-2.954080274,222.7038757,-1.18651303,0.9072838547
0.059,-2.28,-2.28,-3.961882493,-74.11,-3.044223987,227.9449383,-1.062066018,0.9648326075
0.06,-2.31,-2.31,-4.018090276,-75.02,-3.06537995,220.4035745,-1.242060378,0.9328255229
0.061,-2.31,-2.31,-4.018090276,-75.2,-3.069538176,211.7642755,-1.455988407,0.8878724282
0.062,-2.32,-2.32,-4.036849741,-75.29,-3.071614049,206.5125042,-1.590341802,0.8659133355
0.063,-2.31,-2.31,-4.018090276,-74.95,-3.063760522,200.4155511,-1.750670588,0.8345929529
0.064,-2.3,-2.3,-3.99934258,-74.76,-3.059358292,198.8842458,-1.791705035,0.8244259681
0.065,-2.25,-2.25,-3.905780625,-73.32,-3.025673177,201.1105048,-1.732151211,0.8209173578
0.066,-2.21,-2.21,-3.831142892,-72.22,-2.999549149,201.3717274,-1.7252066,0.8108658088
0.067,-2.19,-2.19,-3.793894636,-71.45,-2.981053623,203.9316042,-1.657625006,0.8178826213
0.068,-2.1,-2.1,-3.62686002,-68.96,-2.920018486,202.4275371,-1.697229361,0.7855025635
0.069,-2.05,-2.05,-3.534474905,-67.26,-2.87722477,205.1636743,-1.625399775,0.7849810415
0.07,-1.98,-1.98,-3.405630017,-65.19,-2.823819884,214.6656983,-1.383184652,0.8095142251
0.071,-1.82,-1.82,-3.113292801,-60.37,-2.693556272,228.3339548,-1.052943356,0.8309870839
0.072,-1.66,-1.66,-2.823968295,-55.39,-2.549491691,236.8358262,-0.8573585215,0.828908851
0.073,-1.56,-1.56,-2.644670371,-52.48,-2.460452295,232.5534562,-0.9549803292,0.7743295394
0.074,-1.56,-1.56,-2.644670371,-52.46,-2.459827311,233.2822229,-0.9382409288,0.7782864217
0.075,-1.58,-1.58,-2.680435809,-53.18,-2.482213165,243.5458835,-0.7078892936,0.8402350219
0.076,-1.53,-1.53,-2.591110478,-51.38,-2.425807486,245.9205829,-0.6559766799,0.8407825916
0.077,-1.4,-1.4,-2.36024152,-47.22,-2.289645163,233.620664,-0.9304848818,0.7329646589
0.078,-1.28,-1.28,-2.148896973,-43.33,-2.154570265,225.5603955,-1.118327413,0.6565732218
0.079,-1.18,-1.18,-1.974071041,-40.12,-2.037116283,227.2289447,-1.078897251,0.6335245401
0.08,-1.07,-1.07,-1.783121766,-36.55,-1.899774315,231.895557,-0.9701370527,0.6213159703
0.081,-1,-1,-1.66235,-34.16,-1.803697724,232.0150893,-0.9673800677,0.5998929388
0.082,-0.97,-0.97,-1.610767198,-33.1,-1.759990826,236.8894844,-0.8561465467,0.6157043643
0.083,-1,-1,-1.66235,-34.13,-1.802470095,245.3631222,-0.6681179988,0.6728559909
0.084,-1.11,-1.11,-1.852393108,-37.9,-1.952564105,247.2924334,-0.6262150203,0.71832174
0.085,-1.27,-1.27,-2.131361422,-43.5,-2.160636602,238.7470059,-0.814359213,0.7164250152
0.086,-1.45,-1.45,-2.448801905,-49.72,-2.372464338,228.3187425,-1.053299802,0.7148191775
0.087,-1.63,-1.63,-2.77005535,-55.93,-2.565609054,222.3102894,-1.195976492,0.7364063148
0.088,-1.74,-1.74,-2.968253959,-59.5,-2.669110496,221.2242129,-1.222177479,0.7627947297
0.089,-1.75,-1.75,-2.986342625,-60.11,-2.686281645,225.0700255,-1.129971015,0.7825327331
0.09,-1.71,-1.71,-2.914058572,-58.84,-2.65036625,229.4378181,-1.027141504,0.7924003884
0.091,-1.6,-1.6,-2.71624832,-55.45,-2.55128866,231.3171465,-0.9834980755,0.768433437
0.092,-1.45,-1.45,-2.448801905,-50.66,-2.402829111,232.617117,-0.953515982,0.7296037317
0.093,-1.3,-1.3,-2.18400338,-45.98,-2.247425364,234.1103146,-0.9192834351,0.6896761017
0.094,-1.22,-1.22,-2.043860193,-43.47,-2.159567178,238.5191848,-0.8194668134,0.686081528
0.095,-1.24,-1.24,-2.078825379,-43.95,-2.176621253,243.0130777,-0.7196063199,0.7177700394
0.096,-1.23,-1.23,-2.061336902,-43.69,-2.167398631,245.4643837,-0.6659105073,0.727536884
0.097,-1.16,-1.16,-1.939247075,-41.25,-2.079100039,243.6203339,-0.706254083,0.6962299908
0.098,-1.08,-1.08,-1.800421949,-38.58,-1.978758381,241.290828,-0.7576571172,0.6579490396
0.099,-1.07,-1.07,-1.783121766,-38.24,-1.96569415,242.8574549,-0.7230334967,0.6631842269
0.1,-1.07,-1.07,-1.783121766,-38.36,-1.970312553,245.578258,-0.663429144,0.6770298574
0.101,-1.07,-1.07,-1.783121766,-38.51,-1.97607405,245.7957324,-0.658693491,0.6767662565
0.102,-1.15,-1.15,-1.921852745,-41.28,-2.080205123,240.8253989,-0.7679867682,0.674762382
0.103,-1.28,-1.28,-2.148896973,-46,-2.248112458,239.3079643,-0.8018036321,0.7045757683
0.104,-1.4,-1.4,-2.36024152,-50.2,-2.388021791,242.7191663,-0.726080776,0.7579202899
0.105,-1.43,-1.43,-2.413342446,-51.33,-2.424219533,244.8831102,-0.6785946328,0.7777914876
0.106,-1.48,-1.48,-2.502079357,-53.23,-2.4837591,245.6947368,-0.6608922169,0.7956619365
0.107,-1.62,-1.62,-2.752107905,-58.24,-2.63317471,241.5288629,-0.7523819092,0.8128967299
0.108,-1.76,-1.76,-3.004443059,-63.16,-2.769997491,239.0043913,-0.808594658,0.8395600654
0.109,-1.85,-1.85,-3.167876545,-66.6,-2.860354819,241.5225299,-0.7525221917,0.8768293344
0.11,-1.77,-1.77,-3.022555262,-64.05,-2.793775647,245.2622454,-0.6703180108,0.8725385513
0.111,-1.54,-1.54,-2.608952007,-57.04,-2.598352043,250.2120958,-0.563420121,0.8251549674
0.112,-1.26,-1.26,-2.113837639,-48.43,-2.330108616,256.1604878,-0.437720736,0.7637167508
0.113,-0.93,-0.93,-1.542154886,-37.79,-1.948302005,260.9767107,-0.3380661873,0.6744997989
0.114,-0.69,-0.69,-1.134435196,-29.05,-1.586585709,266.2893699,-0.2302508356,0.6244013527
0.115,-0.49,-0.49,-0.7998468842,-21.56,-1.237626668,273.6434237,-0.08450447066,0.604967889
0.116,-0.28,-0.28,-0.4535954528,-12.2,-0.7454633753,275.0012054,-0.05802413542,0.5645332961
0.117,-0.07,-0.07,-0.1125338858,-1.64,-0.1075265695,274.50663,-0.06765449485,0.642386129
0.118,0.12,0.12,0.1915736352,4.1,0.2792832213,274.5117124,-0.06755544344,0.9048110605
0.119,0.24,0.24,0.3814526208,7.14,0.4962754837,273.346726,-0.09030835184,0.9396145424
0.12,0.26,0.26,0.4129343608,7.61,0.5305942766,272.9912014,-0.09727128279,0.9529481858
0.121,0.27,0.27,0.4286575782,7.96,0.5562864082,276.4382249,-0.03014048727,0.8147123472
0.122,0.26,0.26,0.4129343608,7.76,0.5415909922,278.2898488,0.00557512027,0.7546782438
0.123,0.21,0.21,0.3341417478,6.34,0.4383382443,278.5466743,0.01051020023,0.7444422541
0.124,0.16,0.16,0.2550549248,5.16,0.3539715806,278.0110037,0.0002117585017,0.720121182
0.125,0.16,0.16,0.2550549248,5.21,0.3575202108,277.0647469,-0.01802892029,0.7512856204
0.126,0.23,0.23,0.3656940982,7.04,0.489000469,275.1865078,-0.05442039099,0.8414884085
0.127,0.25,0.25,0.397199375,7.69,0.5364565434,275.3976155,-0.05031774279,0.8170493171
0.128,0.19,0.19,0.3025423238,6.07,0.4189196601,277.6580374,-0.006584985388,0.7337300071
0.129,-0.03,-0.03,-0.0481581978,0.79,0.05264144509,271.7693453,-0.1212706022,0.7017162945
0.13,-0.44,-0.44,-0.7169353312,-13.25,-0.8039649764,258.5638584,-0.387759525,0.6015948572
0.131,-0.95,-0.95,-1.576437505,-30.09,-1.632101682,246.2152272,-0.6495705333,0.6909132234
0.132,-1.48,-1.48,-2.502079357,-47.38,-2.295037028,234.1531314,-0.918305056,0.778653281
0.133,-1.9,-1.9,-3.25908482,-60.78,-2.704974573,225.7057229,-1.114881546,0.8531957011
0.134,-2.19,-2.19,-3.793894636,-70.27,-2.952366723,218.7852212,-1.281488657,0.8960850798
0.135,-2.46,-2.46,-4.300717927,-79.01,-3.155604707,211.1456635,-1.471639856,0.9294338929
0.136,-2.64,-2.64,-4.643366323,-85.04,-3.28502433,205.9686822,-1.604448867,0.9496659734
0.137,-2.69,-2.69,-4.739223116,-86.53,-3.315893744,202.5158729,-1.694895225,0.9458037738
0.138,-2.53,-2.53,-4.433516998,-82.09,-3.222664721,199.7457837,-1.76857966,0.8882588508
0.139,-2.25,-2.25,-3.905780625,-73.61,-3.032503182,197.1556248,-1.83840832,0.8018582606
0.14,-2.02,-2.02,-3.479185057,-67.05,-2.871872832,193.5133999,-1.93816779,0.7233171879
0.141,-2.03,-2.03,-3.497603238,-67.4,-2.880784604,193.5195159,-1.937998707,0.7258270423
0.142,-2.24,-2.24,-3.887103539,-74.12,-3.044457697,195.3528796,-1.8875525,0.7881377742
0.143,-2.44,-2.44,-4.262881251,-80.78,-3.194399681,196.0547222,-1.868366048,0.8420064208
0.144,-2.51,-2.51,-4.395515564,-83.19,-3.246119757,195.2907073,-1.889255442,0.8559288062
0.145,-2.49,-2.49,-4.357561204,-82.51,-3.231649659,194.9859571,-1.897610612,0.8495496375
0.146,-2.42,-2.42,-4.225091649,-80.67,-3.192009306,193.9935328,-1.924910157,0.8257100153
0.147,-2.34,-2.34,-4.074403975,-78.16,-3.136715329,194.2848457,-1.916882289,0.8062383046
0.148,-2.22,-2.22,-3.849784673,-74.71,-3.058198193,196.040856,-1.868744447,0.7813739583
0.149,-2.1,-2.1,-3.62686002,-71.12,-2.973073263,199.4744313,-1.775852514,0.7637221953
0.15,-2.05,-2.05,-3.534474905,-69.52,-2.933912345,202.0128957,-1.708199245,0.7613937831
0.151,-2.07,-2.07,-3.571393646,-70.36,-2.954569584,202.5737296,-1.693367002,0.7683826101
0.152,-2.12,-2.12,-3.663896445,-71.89,-2.991643825,201.999816,-1.70854565,0.7795210096
0.153,-2.14,-2.14,-3.700979943,-72.5,-3.006231852,200.8034467,-1.740325903,0.7797187213
0.154,-2.15,-2.15,-3.719539345,-72.84,-3.014316172,198.5731339,-1.800080521,0.7725868021
0.155,-2.2,-2.2,-3.81251288,-74.67,-3.057269627,195.3196141,-1.888463598,0.7708690919
0.156,-2.29,-2.29,-3.980606652,-77.6,-3.124175293,191.4772184,-1.994759677,0.7776239931
0.157,-2.35,-2.35,-4.093198745,-79.65,-3.169714912,189.0723814,-2.062377929,0.7823253274
0.158,-2.36,-2.36,-4.112005283,-80.16,-3.180891462,187.9854175,-2.093223455,0.7796578852
0.159,-2.36,-2.36,-4.112005283,-80.08,-3.179142188,187.4694579,-2.107927675,0.7777474839
0.16,-2.35,-2.35,-4.093198745,-79.74,-3.171691558,187.2982267,-2.112816501,0.7745657115
0.161,-2.32,-2.32,-4.036849741,-78.8,-3.150953915,191.4924982,-1.994332765,0.7845723653
0.162,-2.26,-2.26,-3.924469479,-77.11,-3.11313935,197.1057128,-1.839762899,0.7923575476
0.163,-2.18,-2.18,-3.775288161,-74.75,-3.059126326,200.8080178,-1.740204116,0.7866280945
0.164,-2.09,-2.09,-3.60835946,-72.1,-2.996678165,200.5946519,-1.745891709,0.7608447647
0.165,-2.01,-2.01,-3.460778644,-69.69,-2.938110641,196.4338754,-1.858029593,0.721575783
0.166,-1.95,-1.95,-3.350587305,-67.83,-2.891677997,192.6732168,-1.961446623,0.6903979533
0.167,-1.9,-1.9,-3.25908482,-66.54,-2.858813947,189.3114907,-2.055616358,0.6631663526
0.168,-1.87,-1.87,-3.20432455,-65.6,-2.834513924,186.7142777,-2.129522517,0.645507862
0.169,-1.84,-1.84,-3.149670195,-64.53,-2.80648182,189.3368314,-2.054900268,0.6478960382
0.17,-1.78,-1.78,-3.040679233,-62.88,-2.7624572,194.8026845,-1.902641589,0.6517931067
0.171,-1.71,-1.71,-2.914058572,-60.72,-2.703307654,197.6057849,-1.826206733,0.6433490047
0.172,-1.64,-1.64,-2.788014563,-58.39,-2.637486208,198.2370864,-1.809142055,0.626995197
0.173,-1.57,-1.57,-2.662547206,-56.39,-2.579241016,198.7104849,-1.79638126,0.6084956694
0.174,-1.52,-1.52,-2.573280717,-54.94,-2.535965106,198.5134133,-1.801689767,0.5932423838
0.175,-1.5,-1.5,-2.5376565,-54.09,-2.510175365,197.025069,-1.841952245,0.5830841206
0.176,-1.5,-1.5,-2.5376565,-54.14,-2.511701147,194.1593917,-1.920338015,0.5725708656
0.177,-1.54,-1.54,-2.608952007,-55.45,-2.55128866,190.7459707,-2.015230336,0.5713218339
0.178,-1.59,-1.59,-2.69833618,-57.38,-2.608278556,191.9913331,-1.980414222,0.5880402787
0.179,-1.63,-1.63,-2.77005535,-58.79,-2.648939152,199.3681373,-1.778704132,0.625627489
0.18,-1.64,-1.64,-2.788014563,-59.04,-2.656064638,207.4665522,-1.565682749,0.6603935071
0.181,-1.62,-1.62,-2.752107905,-58.57,-2.642648004,212.9610753,-1.425837648,0.6764452772
0.182,-1.61,-1.61,-2.734172228,-58.05,-2.627700383,213.4746063,-1.412952269,0.6766659903
0.183,-1.59,-1.59,-2.69833618,-57.67,-2.616707599,205.861855,-1.607224404,0.6388209323
0.184,-1.59,-1.59,-2.69833618,-57.73,-2.618447227,199.954328,-1.762996912,0.6158554337
0.185,-1.64,-1.64,-2.788014563,-59.29,-2.663165197,199.3154933,-1.780117007,0.6274673621
0.186,-1.74,-1.74,-2.968253959,-62.78,-2.759757269,201.5184842,-1.72130902,0.6623990292
0.187,-1.81,-1.81,-3.095121756,-65.53,-2.832692234,204.5455297,-1.641543303,0.6917654939
0.188,-1.75,-1.75,-2.986342625,-63.68,-2.783925094,209.6374174,-1.509992877,0.6954819923
0.189,-1.53,-1.53,-2.591110478,-56.98,-2.596595332,219.7391492,-1.258212765,0.6721762569
0.19,-1.24,-1.24,-2.078825379,-47.92,-2.313141326,229.0874426,-1.035317756,0.6208304561
0.191,-1.02,-1.02,-1.696797377,-40.58,-2.054291705,229.8252456,-1.01811514,0.5522697554
0.192,-0.93,-0.93,-1.542154886,-37.53,-1.938200368,223.5616238,-1.165946985,0.496804665
0.193,-0.93,-0.93,-1.542154886,-37.79,-1.948302005,219.4519802,-1.265209057,0.4798971767
0.194,-0.98,-0.98,-1.627949697,-39.66,-2.019823652,220.6435772,-1.236237804,0.4999751136
0.195,-1.03,-1.03,-1.714038718,-41.48,-2.087559837,222.7437617,-1.185554938,0.5236720481
0.196,-1.03,-1.03,-1.714038718,-41.51,-2.08866117,222.8925307,-1.181982901,0.5240676394
0.197,-0.95,-0.95,-1.576437505,-38.8,-1.987176787,225.3291115,-1.123815983,0.5067313303
0.198,-0.76,-0.76,-1.252653219,-32.44,-1.732430652,233.7202325,-0.9282052118,0.4708097174
0.199,-0.52,-0.52,-0.8497350368,-23.42,-1.32784712,242.7524366,-0.7253474857,0.4138599596
0.2,-0.33,-0.33,-0.5355655338,-15.7,-0.9371658512,248.259511,-0.6053337708,0.3472062658
0.201,-0.3,-0.3,-0.48634818,-13.91,-0.8402999449,249.425883,-0.5802572795,0.3423643706
0.202,-0.38,-0.38,-0.6178298248,-18,-1.05809012,247.2558258,-0.6270070592,0.3666434391
0.203,-0.49,-0.49,-0.7998468842,-23.04,-1.309610961,244.4294782,-0.688514394,0.400298651
0.204,-0.53,-0.53,-0.8663879578,-24.92,-1.398862235,244.7226413,-0.682101572,0.4163397533
0.205,-0.5,-0.5,-0.8164645,-23.72,-1.342173603,240.9259827,-0.7657527384,0.3873306594
0.206,-0.43,-0.43,-0.7003883258,-20.94,-1.207012975,232.4267693,-0.9578956124,0.3235186603
0.207,-0.36,-0.36,-0.5848888032,-17.78,-1.046693248,229.0255816,-1.036762624,0.2807301134
0.208,-0.28,-0.28,-0.4535954528,-14.53,-0.8741277059,233.4958547,-0.9333438245,0.2509557939
0.209,-0.21,-0.21,-0.3393316122,-11.1,-0.6832501861,237.8409933,-0.8347003597,0.2235458943
0.21,-0.14,-0.14,-0.2256444232,-7.75,-0.4878350763,243.7981731,-0.702350088,0.1895876625
0.211,-0.08,-0.08,-0.1286572288,-4.68,-0.3006871903,247.6281777,-0.6189563529,0.1398990182
0.212,-0.03,-0.03,-0.0481581978,-1.8,-0.1178911993,247.542576,-0.6208060938,0.06519341312
0.213,0.02,0.02,0.0320466232,0.54,0.0359229268,248.320627,-0.6040168815,-0.05641078018
0.214,0.09,0.09,0.1438390998,2.18,0.1466135339,247.1726558,-0.628806953,-0.298301665
0.215,0.14,0.14,0.2233378168,3.49,0.2367695741,243.6191293,-0.7062805356,-0.4756817947
0.216,0.11,0.11,0.1756738918,2.9,0.1959724686,242.5662798,-0.7294517526,-0.3292984322
0.217,-0.01,-0.01,-0.0160409642,-0.36,-0.02380552739,247.4302981,-0.6232332433,0.02479134934
0.218,-0.24,-0.24,-0.3882312192,-9.08,-0.5665011204,248.0415079,-0.6100338094,0.3299784897
0.219,-0.58,-0.58,-0.9498290888,-21,-1.209987506,240.5895908,-0.773227873,0.4789339064
0.22,-0.97,-0.97,-1.610767198,-34.77,-1.828542159,228.2945856,-1.053865879,0.5588269172
0.221,-1.35,-1.35,-2.271975345,-47.96,-2.314476686,217.6805647,-1.308569474,0.6270898146
0.222,-1.63,-1.63,-2.77005535,-57.65,-2.616127395,211.8291847,-1.454348796,0.6805236585
0.223,-1.77,-1.77,-3.022555262,-62.37,-2.748648968,208.0479718,-1.550710484,0.7030245541
0.224,-1.77,-1.77,-3.022555262,-62.35,-2.748105507,205.6555239,-1.612589288,0.6931361638
0.225,-1.65,-1.65,-2.805985545,-58.8,-2.649224652,203.6665382,-1.664583345,0.6504660261
0.226,-1.46,-1.46,-2.466549287,-52.77,-2.469494259,205.8505983,-1.607516956,0.6049895762
0.227,-1.27,-1.27,-2.131361422,-47,-2.282210621,218.2534782,-1.294507306,0.5958986606
0.228,-1.2,-1.2,-2.00894208,-44.73,-2.20407776,231.3846013,-0.98193818,0.6305499149
0.229,-1.24,-1.24,-2.078825379,-46.09,-2.25120188,231.7368501,-0.9737997903,0.6445966829
0.23,-1.3,-1.3,-2.18400338,-48.22,-2.323137449,228.9907247,-1.037576936,0.6498628355
0.231,-1.3,-1.3,-2.18400338,-48.32,-2.326459729,230.6480926,-0.9989946576,0.6567533714
0.232,-1.24,-1.24,-2.078825379,-46.15,-2.253259222,234.5627663,-0.9089537723,0.6573957488
0.233,-1.13,-1.13,-1.88709939,-42.57,-2.127263144,240.2590127,-0.7805840073,0.648967876
0.234,-0.99,-0.99,-1.645143964,-38.13,-1.961453412,243.8816306,-0.7005189767,0.6180169153
0.235,-0.85,-0.85,-1.405495145,-33.06,-1.758328118,246.8231696,-0.6363768603,0.5869178699
0.236,-0.71,-0.71,-1.168152932,-28.08,-1.543505053,247.0252209,-0.6319991025,0.5369573436
0.237,-0.6,-0.6,-0.98328792,-23.99,-1.355014463,245.6614075,-0.6616180122,0.4875890535
0.238,-0.52,-0.52,-0.8497350368,-20.82,-1.20105623,243.1946832,-0.7156097184,0.4433401854
0.239,-0.46,-0.46,-0.7500646472,-18.28,-1.072543774,243.8162476,-0.7019534675,0.4226913571
0.24,-0.42,-0.42,-0.6838530888,-16.32,-0.9701514024,249.6649913,-0.5751310409,0.4425424567
0.241,-0.38,-0.38,-0.6178298248,-14.58,-0.8768429335,257.5250198,-0.4092976518,0.480375032
0.242,-0.39,-0.39,-0.6343179882,-14.89,-0.8936347933,268.1587601,-0.1928242721,0.5838397491
0.243,-0.53,-0.53,-0.8663879578,-19.76,-1.14799135,275.7076837,-0.04429760505,0.7266593839
0.244,-0.79,-0.79,-1.303494612,-28.94,-1.581730906,266.6296438,-0.223418783,0.7220977962
0.245,-1.08,-1.08,-1.800421949,-38.64,-1.981057025,249.4064809,-0.5806734572,0.7028147422
0.246,-1.26,-1.26,-2.113837639,-44.66,-2.201626598,232.9290746,-0.9463460241,0.6714917481
0.247,-1.33,-1.33,-2.236751254,-47.03,-2.283225838,221.1119195,-1.224893827,0.6375926329
0.248,-1.42,-1.42,-2.395630369,-50.03,-2.382524325,216.2337101,-1.344247955,0.6428164076
0.249,-1.59,-1.59,-2.69833618,-55.7,-2.558759454,213.8981608,-1.402347864,0.6812075422
0.25,-1.78,-1.78,-3.040679233,-62.34,-2.74783372,209.9275185,-1.50259454,0.7153818502
0.251,-1.93,-1.93,-3.313951006,-67.38,-2.880276453,206.5438462,-1.589529906,0.7414081819
0.252,-2,-2,-3.442384,-69.52,-2.933912345,205.4301605,-1.618455192,0.7561744459
0.253,-1.99,-1.99,-3.424001124,-69.49,-2.933170532,199.9345068,-1.763527276,0.7290230848
0.254,-1.97,-1.97,-3.387270678,-68.73,-2.914283315,196.1541613,-1.865653212,0.708643443
0.255,-1.96,-1.96,-3.368923107,-68.44,-2.907027918,196.0659199,-1.868060491,0.7055205723
0.256,-1.98,-1.98,-3.405630017,-68.98,-2.920516401,198.3024027,-1.807379596,0.7203267624
0.257,-1.99,-1.99,-3.424001124,-69.32,-2.928961593,201.2719874,-1.727857129,0.7352661396
0.258,-1.97,-1.97,-3.387270678,-68.83,-2.916778938,203.4395857,-1.670548355,0.7383974288
0.259,-1.94,-1.94,-3.332263271,-67.92,-2.893950341,204.6386138,-1.639109191,0.7351024727
0.26,-1.92,-1.92,-3.295650509,-67.42,-2.881292622,205.6670612,-1.612289162,0.7334128246
0.261,-1.92,-1.92,-3.295650509,-67.31,-2.878496884,207.2816224,-1.570453715,0.7407703087
0.262,-1.9,-1.9,-3.25908482,-66.78,-2.864970168,209.8602427,-1.504309337,0.7459089802
0.263,-1.86,-1.86,-3.186094663,-65.44,-2.830347572,216.3605392,-1.3411109,0.7637843418
0.264,-1.8,-1.8,-3.07696248,-63.74,-2.785525826,222.3921308,-1.194007302,0.7731968503
0.265,-1.76,-1.76,-3.004443059,-62.52,-2.752720196,219.9888416,-1.252136945,0.7501998084
0.266,-1.76,-1.76,-3.004443059,-62.47,-2.751364047,209.7902671,-1.506093534,0.7056894878
0.267,-1.77,-1.77,-3.022555262,-62.93,-2.763805788,203.8529385,-1.659689142,0.6832957447
0.268,-1.74,-1.74,-2.968253959,-61.99,-2.738297715,194.848149,-1.901393112,0.639752533
0.269,-1.68,-1.68,-2.859969101,-60.24,-2.689922246,189.7911343,-2.042078626,0.6043889632
0.27,-1.68,-1.68,-2.859969101,-60.28,-2.691041107,192.9468072,-1.953855165,0.615722921
0.271,-1.75,-1.75,-2.986342625,-62.42,-2.750006971,194.5425786,-1.909789829,0.6408740023
0.272,-1.82,-1.82,-3.113292801,-65.01,-2.819106472,190.0959263,-2.033493773,0.6415720736
0.273,-1.86,-1.86,-3.186094663,-66.44,-2.856243126,189.6455232,-2.046184814,0.6499013759
0.274,-1.88,-1.88,-3.222566205,-66.84,-2.866506201,192.3038172,-1.97171367,0.6660644391
0.275,-1.89,-1.89,-3.240819628,-67.15,-2.874423202,194.8823232,-1.900454864,0.6787230131
0.276,-1.84,-1.84,-3.149670195,-65.83,-2.840487587,196.2522821,-1.862977688,0.6696488677
0.277,-1.71,-1.71,-2.914058572,-61.82,-2.733649404,196.0051497,-1.869718967,0.6330274567
0.278,-1.53,-1.53,-2.591110478,-56.25,-2.575101615,197.8658897,-1.819169259,0.5896565214
0.279,-1.34,-1.34,-2.254357415,-50.55,-2.39929726,202.1464243,-1.704664112,0.5493125327
0.28,-1.2,-1.2,-2.00894208,-45.88,-2.243986856,207.1143973,-1.574771585,0.5260720496
0.281,-1.08,-1.08,-1.800421949,-41.97,-2.105487265,213.0534889,-1.42351654,0.510178523
0.282,-0.94,-0.94,-1.559290311,-37.35,-1.931184161,219.4909337,-1.264259498,0.487973026
0.283,-0.79,-0.79,-1.303494612,-32.09,-1.717706526,225.719734,-1.114549446,0.4602319229
0.284,-0.67,-0.67,-1.100764534,-27.9,-1.535443382,229.2422747,-1.031703101,0.4287891404
0.285,-0.66,-0.66,-1.083946855,-27.39,-1.512486738,229.9160148,-1.016002581,0.4286934681
0.286,-0.73,-0.73,-1.201917742,-30.11,-1.632970217,228.143836,-1.057399808,0.4467481167
0.287,-0.78,-0.78,-1.286535713,-31.72,-1.702058465,228.6095847,-1.04648908,0.4680783911
0.288,-0.75,-0.75,-1.235729625,-30.66,-1.656755457,231.1776812,-0.9867246619,0.4674631809
0.289,-0.7,-0.7,-1.15128818,-28.91,-1.580405513,233.2800028,-0.9382918437,0.4570966721
0.29,-0.7,-0.7,-1.15128818,-28.99,-1.583938602,231.5631865,-0.9778105842,0.4494148709
0.291,-0.79,-0.79,-1.303494612,-32.19,-1.721921151,222.8095787,-1.183974337,0.4485689928
0.292,-0.93,-0.93,-1.542154886,-37.41,-1.93352497,213.7351713,-1.406426096,0.4617297845
0.293,-1.07,-1.07,-1.783121766,-42.77,-2.134478977,207.9104389,-1.554248343,0.4833975546
0.294,-1.16,-1.16,-1.939247075,-46.05,-2.249829309,206.5550627,-1.589239379,0.5051347691
0.295,-1.17,-1.17,-1.956653174,-46.44,-2.26317747,209.3843817,-1.516454311,0.5176835436
0.296,-1.12,-1.12,-1.869740365,-44.97,-2.212462562,212.0801613,-1.448013832,0.5107915374
0.297,-1.07,-1.07,-1.783121766,-43.07,-2.145262831,213.5506206,-1.411047574,0.5013965494
0.298,-1.02,-1.02,-1.696797377,-41.41,-2.08498816,215.5093774,-1.362199294,0.4922266048
0.299,-0.96,-0.96,-1.593596467,-39.46,-2.012268357,220.7592385,-1.233434072,0.4909866207
0.3,-0.92,-0.92,-1.525031229,-38.06,-1.958751168,228.8711577,-1.040371157,0.5084925066
0.301,-0.94,-0.94,-1.559290311,-39.15,-2.00051341,235.1837808,-0.8948081463,0.5385551418
0.302,-1.04,-1.04,-1.731291827,-42.79,-2.135199388,237.6527374,-0.8389366679,0.58211588
0.303,-1.11,-1.11,-1.852393108,-45.58,-2.233640897,237.6155492,-0.8397739085,0.6027149686
0.304,-1.07,-1.07,-1.783121766,-44.22,-2.186161207,239.178897,-0.8046898546,0.5961920969
0.305,-0.93,-0.93,-1.542154886,-39.42,-2.010754615,243.266171,-0.7140373005,0.5659716168
0.306,-0.78,-0.78,-1.286535713,-34.34,-1.811052112,247.6849409,-0.6177301256,0.529704019
0.307,-0.69,-0.69,-1.134435196,-31.24,-1.681631171,245.6755918,-0.661309117,0.4841929613
0.308,-0.65,-0.65,-1.067140945,-29.84,-1.621223509,235.073605,-0.8973150327,0.4237143595
0.309,-0.63,-0.63,-1.03356443,-29.1,-1.588789859,227.6990232,-1.067840902,0.3890508403
0.31,-0.63,-0.63,-1.03356443,-29.03,-1.585703598,228.0664272,-1.059215361,0.3907735721
0.311,-0.62,-0.62,-1.016793825,-28.79,-1.575098129,232.8572529,-0.9479959051,0.4029948195
0.312,-0.56,-0.56,-0.9164173312,-26.32,-1.463765073,237.3469796,-0.8458242691,0.396787998
0.313,-0.41,-0.41,-0.6673296202,-20.31,-1.175625491,241.9417847,-0.7432432703,0.3477724135
0.314,-0.28,-0.28,-0.4535954528,-14.96,-0.8974163772,249.3442984,-0.5820074956,0.3066027669
0.315,-0.26,-0.26,-0.4208897992,-14.15,-0.8534295104,255.0519542,-0.4609230829,0.3202259434
0.316,-0.34,-0.34,-0.5519948552,-17.67,-1.04098144,256.3271687,-0.4342406803,0.3741774527
0.317,-0.55,-0.55,-0.899729105,-26.61,-1.477045032,259.2811247,-0.3729389606,0.486344265
0.318,-0.71,-0.71,-1.168152932,-33.64,-1.782341839,254.1961975,-0.478903719,0.5165971152
0.319,-0.69,-0.69,-1.134435196,-32.72,-1.744155528,244.2526514,-0.6923861268,0.465592367
0.32,-0.46,-0.46,-0.7500646472,-24.25,-1.367332459,241.2513482,-0.7585325507,0.3528279753
0.321,-0.03,-0.03,-0.0481581978,-5.28,-0.3378816095,248.5687175,-0.5986745073,0.05142051494
0.322,0.36,0.36,0.5696369568,7.55,0.5262015464,252.2828799,-0.5193251227,82.83913018
0.323,0.57,0.57,0.8948817942,13.17,0.9526555674,255.7990567,-0.4452746809,1.763727838
0.324,0.63,0.63,0.9868556502,14.89,1.089358412,258.6373304,-0.3862395156,1.403540219
0.325,0.57,0.57,0.8948817942,13.51,0.9794444752,260.372532,-0.3504661563,1.422754596
0.326,0.47,0.47,0.7406505622,10.93,0.7790117743,262.3210618,-0.3105778431,1.581120651
0.327,0.39,0.39,0.6164182518,9.06,0.6377907968,264.531056,-0.2656941352,1.656607853
0.328,0.26,0.26,0.4129343608,5.62,0.3867063448,266.6335333,-0.2233407382,2.527670111
0.329,0.02,0.02,0.0320466232,-0.56,-0.03698152532,270.4863092,-0.1465880185,-0.1745748371
0.33,-0.22,-0.22,-0.3556197128,-9.26,-0.5770373704,272.1765298,-0.1132608439,0.5151682352
0.331,-0.38,-0.38,-0.6178298248,-14.55,-0.875214026,269.1335084,-0.1734124571,0.5891800701
0.332,-0.41,-0.41,-0.6673296202,-15.45,-0.9237833285,269.1870934,-0.1723473686,0.6088047912
0.333,-0.41,-0.41,-0.6673296202,-15.7,-0.9371658512,273.589815,-0.08555267574,0.6525056529
0.334,-0.58,-0.58,-0.9498290888,-21.37,-1.228273985,282.5418272,0.08669935441,0.8320341597
0.335,-0.99,-0.99,-1.645143964,-34.86,-1.832188857,290.0202514,0.2264635696,1.02454883
0.336,-1.45,-1.45,-2.448801905,-49.71,-2.372139063,285.5781535,0.1438862202,1.098978472
0.337,-1.79,-1.79,-3.058814972,-60.91,-2.708581485,276.7540644,-0.02403143015,1.119373679
0.338,-1.96,-1.96,-3.368923107,-66.56,-2.859327706,261.0794778,-0.3359598841,1.054341123
0.339,-2.04,-2.04,-3.516033187,-68.87,-2.917776295,245.716509,-0.660418149,0.9826277589
0.34,-2.15,-2.15,-3.719539345,-72.67,-3.01027816,238.551305,-0.8187464043,0.9714064985
0.341,-2.24,-2.24,-3.887103539,-75.46,-3.075529277,239.0508783,-0.8075541697,1.001035283
0.342,-2.27,-2.27,-3.943170102,-76.49,-3.099089112,242.6207981,-0.7282494418,1.030264255
0.343,-2.26,-2.26,-3.924469479,-76.1,-3.090200805,234.5465928,-0.909322677,0.9812342638
0.344,-2.15,-2.15,-3.719539345,-73.09,-3.020239435,212.3754493,-1.440569986,0.833826105
0.345,-2.04,-2.04,-3.516033187,-69.82,-2.941315025,203.4074388,-1.671393812,0.762249106
0.346,-1.96,-1.96,-3.368923107,-67.19,-2.875442418,203.6637181,-1.664657426,0.7420372289
0.347,-1.96,-1.96,-3.368923107,-67.39,-2.880530545,208.3937827,-1.541825261,0.7617937712
0.348,-2.04,-2.04,-3.516033187,-69.84,-2.941807541,213.9895854,-1.40006165,0.8097971248
0.349,-2.08,-2.08,-3.589870669,-71.17,-2.9742845,219.0373873,-1.27532594,0.8447528826
0.35,-2.08,-2.08,-3.589870669,-71.35,-2.978638763,222.1132134,-1.20072132,0.8589522314
0.351,-2.11,-2.11,-3.645372348,-72.16,-2.998114182,221.974584,-1.204061504,0.8674964164
0.352,-2.15,-2.15,-3.719539345,-73.59,-3.032032904,220.0570887,-1.250477471,0.8685418175
0.353,-2.16,-2.16,-3.738110515,-74.06,-3.04305502,216.4657625,-1.338509649,0.8531451199
0.354,-2.15,-2.15,-3.719539345,-73.58,-3.031797723,212.6051707,-1.43478615,0.832748125
0.355,-2.1,-2.1,-3.62686002,-72.19,-2.998831796,209.9651838,-1.501634725,0.805885346
0.356,-2.07,-2.07,-3.571393646,-71.39,-2.979605064,208.0686722,-1.550178194,0.7884248412
0.357,-2.21,-2.21,-3.831142892,-75.92,-3.086085252,203.8292653,-1.660310467,0.8071688747
0.358,-2.42,-2.42,-4.225091649,-83.01,-3.242298582,199.2457918,-1.781988253,0.8409336065
0.359,-2.47,-2.47,-4.319653918,-84.63,-3.276458879,193.5358711,-1.937546573,0.8284713082
0.36,-2.23,-2.23,-3.868438222,-77.66,-3.125522543,188.6552188,-2.07419502,0.7439708359
0.361,-1.77,-1.77,-3.022555262,-64.11,-2.795368408,185.5639203,-2.162586132,0.6096375506
0.362,-1.38,-1.38,-2.324899745,-52.24,-2.452940514,185.5629659,-2.162613649,0.5037097741
0.363,-1.2,-1.2,-2.00894208,-46.57,-2.267609861,188.0147675,-2.092388228,0.4607667341
0.364,-1.15,-1.15,-1.921852745,-44.76,-2.205127484,193.9426802,-1.926312768,0.4651774268
0.365,-1.19,-1.19,-1.991500676,-46.23,-2.25599952,199.1559194,-1.784401985,0.4928967267
0.366,-1.35,-1.35,-2.271975345,-51.76,-2.437838289,203.9879465,-1.656147109,0.554954433
0.367,-1.61,-1.61,-2.734172228,-61.18,-2.716052075,206.0708119,-1.601796724,0.633225561
0.368,-1.85,-1.85,-3.167876545,-69.67,-2.937617192,205.9663154,-1.604510344,0.697443328
0.369,-1.93,-1.93,-3.313951006,-72.34,-3.002415946,206.0191071,-1.603139249,0.7195551602
0.37,-1.81,-1.81,-3.095121756,-68.99,-2.920765311,204.0833103,-1.653646585,0.6766163228
0.371,-1.57,-1.57,-2.662547206,-61.78,-2.732554106,202.5381016,-1.694308024,0.6014524798
0.372,-1.35,-1.35,-2.271975345,-54.9,-2.534758516,200.7982571,-1.740464169,0.5314285388
0.373,-1.23,-1.23,-2.061336902,-51.14,-2.418174768,200.4781923,-1.748998671,0.4946606932
0.374,-1.19,-1.19,-1.991500676,-49.98,-2.380904825,204.075113,-1.65386148,0.4935851362
0.375,-1.2,-1.2,-2.00894208,-50.12,-2.385436447,211.9064847,-1.452396848,0.5234573588
0.376,-1.19,-1.19,-1.991500676,-50.03,-2.382524325,218.7649529,-1.281984306,0.5434564022
0.377,-1.16,-1.16,-1.939247075,-49.06,-2.350893876,224.2352898,-1.149849885,0.5539528762
0.378,-1.1,-1.1,-1.83505762,-47.09,-2.28525493,227.8915797,-1.063318522,0.5480117568
0.379,-1.03,-1.03,-1.714038718,-44.92,-2.210718174,229.1745177,-1.033284633,0.5283715274
0.38,-1.01,-1.01,-1.679567804,-44.08,-2.181219309,228.8900691,-1.039929111,0.5214189429
0.381,-1.03,-1.03,-1.714038718,-45.02,-2.214205664,227.461383,-1.073427396,0.5213594968
0.382,-1.06,-1.06,-1.765833351,-46.22,-2.255657159,226.3396725,-1.099875829,0.5262452664
0.383,-1.05,-1.05,-1.748556705,-45.65,-2.236059045,229.037009,-1.036495688,0.5343093845
0.384,-0.97,-0.97,-1.610767198,-43.03,-2.143827743,234.657414,-0.9067954471,0.5280125068
0.385,-0.85,-0.85,-1.405495145,-39.3,-2.006208015,239.0241071,-0.8081533473,0.4994010947
0.386,-0.73,-0.73,-1.201917742,-35.16,-1.844309623,240.3703995,-0.7781042614,0.4583249612
0.387,-0.6,-0.6,-0.98328792,-30.38,-1.644670562,242.6019104,-0.7286659473,0.4143061534
0.388,-0.47,-0.47,-0.7666469578,-25.64,-1.432405519,245.3018554,-0.6694540538,0.3647469925
0.389,-0.39,-0.39,-0.6343179882,-22.64,-1.290306744,246.1442834,-0.6511122909,0.3267290455
0.39,-0.39,-0.39,-0.6343179882,-22.47,-1.282068703,247.7401258,-0.6165382624,0.3340965244
0.391,-0.44,-0.44,-0.7169353312,-24.96,-1.40073495,251.1461126,-0.5434862884,0.3687519286
0.392,-0.47,-0.47,-0.7666469578,-26.18,-1.457333993,255.9464007,-0.4421938894,0.4035986863
0.393,-0.38,-0.38,-0.6178298248,-22.64,-1.290306744,261.8979023,-0.3192150881,0.3838592385
0.394,-0.21,-0.21,-0.3393316122,-15.61,-0.9323535792,266.904607,-0.2179044095,0.2950047863
0.395,-0.01,-0.01,-0.0160409642,-5.96,-0.3796700283,265.1799605,-0.2525864582,0.02537097609
0.396,0.22,0.22,0.3499238072,3.24,0.2194440285,265.678616,-0.242535541,-15.15378461
0.397,0.46,0.46,0.7251627128,9.5,0.6707161892,269.7071637,-0.1620211234,1.425535181
0.398,0.66,0.66,1.032683705,14.87,1.087751843,273.8899761,-0.07968629791,1.02442119
0.399,0.75,0.75,1.169532375,16.53,1.222470909,276.7793846,-0.02354198085,0.9754809874
0.4,0.75,0.75,1.169532375,16.46,1.216733581,279.2486882,0.02397670216,0.9426313228
0.401,0.79,0.79,1.230048028,17.31,1.286739346,281.9160475,0.07483691876,0.903400022
0.402,0.9,0.9,1.39549518,19.36,1.45863237,281.2671458,0.06250833469,0.9174004585
0.403,0.96,0.96,1.485138893,20.45,1.55180694,277.7558159,-0.004701292118,0.9599466557
0.404,0.89,0.89,1.380513372,19.19,1.444212368,276.7871485,-0.02339191056,0.9716311197
0.405,0.72,0.72,1.124022067,16.3,1.203638408,278.5424101,0.01042829723,0.9258322155
0.406,0.58,0.58,0.9102401912,13.45,0.9747086845,280.3477119,0.04499107732,0.8926550984
0.407,0.51,0.51,0.8024842758,11.8,0.8458692314,282.6984874,0.08966493165,0.8577819042
0.408,0.48,0.48,0.7561266432,11.14,0.795082191,283.674074,0.1080958872,0.8371844505
0.409,0.44,0.44,0.6941517088,10.24,0.7265104923,281.4927808,0.06679843101,0.8750080686
0.41,0.38,0.38,0.6008362552,8.63,0.6057927298,279.8882139,0.03621507962,0.9358706333
0.411,0.29,0.29,0.4600687078,6.55,0.4534886908,281.6466131,0.06972134088,0.8793193555
0.412,0.19,0.19,0.3025423238,4.2,0.286285154,280.0423263,0.03916009266,0.9296258799
0.413,0.08,0.08,0.1279040512,1.66,0.1112559608,275.2878938,-0.05244967322,2.17500639
0.414,-0.02,-0.02,-0.0320936968,-1.38,-0.09063656521,270.0608996,-0.1550088996,0.1306504756
0.415,-0.14,-0.14,-0.2256444232,-5.37,-0.3434346626,270.5450627,-0.145426048,0.461572015
0.416,-0.3,-0.3,-0.48634818,-10.75,-0.6632546824,273.5010948,-0.08728786583,0.6479954816
0.417,-0.54,-0.54,-0.8830526472,-18.69,-1.09360443,273.0132381,-0.09683943281,0.7417843672
0.418,-0.88,-0.88,-1.456654285,-29.41,-1.602419676,273.0701627,-0.09572404649,0.8577921087
0.419,-1.24,-1.24,-2.078825379,-40.9,-2.066171118,273.7221838,-0.0829648536,0.9672842511
0.42,-1.54,-1.54,-2.608952007,-50.22,-2.388667655,272.7807481,-0.1013972757,1.047744569
0.421,-1.73,-1.73,-2.950177062,-56.29,-2.576285143,271.6328919,-0.1239574737,1.092559996
0.422,-1.84,-1.84,-3.149670195,-59.7,-2.674756488,268.7814543,-0.1804153842,1.103145568
0.423,-1.92,-1.92,-3.295650509,-62.49,-2.751906617,268.7676889,-0.1806893879,1.123799699
0.424,-2.05,-2.05,-3.534474905,-66.55,-2.859070843,269.2319711,-0.1714555139,1.166290766
0.425,-2.23,-2.23,-3.868438222,-72.07,-2.995959763,269.4948129,-0.1662350438,1.223339629
0.426,-2.41,-2.41,-4.2062145,-78.1,-3.13537541,268.9995254,-0.1760765155,1.270202496
0.427,-2.57,-2.57,-4.509661086,-83.16,-3.245483348,260.3254293,-0.3514340863,1.253757187
0.428,-2.68,-2.68,-4.720028221,-86.71,-3.319596321,252.361072,-0.5176672116,1.230050577
0.429,-2.75,-2.75,-4.854639625,-88.99,-3.366029317,245.3044954,-0.6693964746,1.20300555
0.43,-2.8,-2.8,-4.95114368,-90.32,-3.392740913,232.9069494,-0.946854229,1.140922947
0.431,-2.81,-2.81,-4.970479796,-90.84,-3.403114974,223.5982826,-1.165069783,1.088064529
0.432,-2.81,-2.81,-4.970479796,-90.81,-3.402517497,223.0635663,-1.177879178,1.085163611
0.433,-2.82,-2.82,-4.989827681,-91.13,-3.408884206,218.9724588,-1.276912056,1.064883619
0.434,-2.86,-2.86,-5.067336903,-92.37,-3.433426305,211.1968805,-1.470342279,1.033355636
0.435,-2.91,-2.91,-5.16448822,-94.07,-3.466761943,207.9702637,-1.552709139,1.02889092
0.436,-2.95,-2.95,-5.242421105,-95.36,-3.491840255,209.029611,-1.525526779,1.044855014
0.437,-2.92,-2.92,-5.183953789,-94.55,-3.47611418,208.3971174,-1.541739654,1.033101792
0.438,-2.74,-2.74,-4.835374119,-89.21,-3.37046598,205.2942408,-1.621996109,0.9685349697
0.439,-2.46,-2.46,-4.300717927,-81.05,-3.20025567,201.5219512,-1.721216975,0.8738680955
0.44,-2.25,-2.25,-3.905780625,-74.91,-3.062834544,200.8636924,-1.738721019,0.8134406807
0.441,-2.18,-2.18,-3.775288161,-72.96,-3.017161559,201.4683606,-1.722639888,0.7965076604
0.442,-2.21,-2.21,-3.831142892,-73.76,-3.036026711,201.6592834,-1.717572326,0.8059457396
0.443,-2.17,-2.17,-3.756693454,-72.62,-3.009088933,201.8334765,-1.712952995,0.7955654591
0.444,-2.03,-2.03,-3.497603238,-68.56,-2.910033422,201.3199219,-1.726583135,0.7543438614
0.445,-1.92,-1.92,-3.295650509,-65.14,-2.822511737,199.8377798,-1.766116197,0.7182213411
0.446,-1.9,-1.9,-3.25908482,-64.47,-2.804898025,199.7193315,-1.769288203,0.7124950006
0.447,-1.93,-1.93,-3.313951006,-65.7,-2.837113405,200.7505356,-1.741735796,0.7237519429
0.448,-1.96,-1.96,-3.368923107,-66.47,-2.857014727,202.69903,-1.690058825,0.740899189
0.449,-1.93,-1.93,-3.313951006,-65.76,-2.838671442,205.4033408,-1.619153699,0.7434008515
0.45,-1.88,-1.88,-3.222566205,-64.02,-2.792978784,205.3638941,-1.62018124,0.7302173925
0.451,-1.82,-1.82,-3.113292801,-62.43,-2.750278461,202.4414478,-1.696861723,0.7000662611
0.452,-1.83,-1.83,-3.131475614,-62.72,-2.758135543,202.5646238,-1.693607494,0.7034268573
0.453,-1.87,-1.87,-3.20432455,-63.9,-2.789788106,203.8509017,-1.659742596,0.7201488796
0.454,-1.93,-1.93,-3.313951006,-65.98,-2.844373667,201.623295,-1.718527181,0.7262816169
0.455,-2.05,-2.05,-3.534474905,-69.74,-2.939343718,197.6371166,-1.825358523,0.7418039419
0.456,-2.18,-2.18,-3.775288161,-74.19,-3.046092902,193.4358335,-1.940312674,0.7571161438
0.457,-2.3,-2.3,-3.99934258,-78.21,-3.137831261,193.5902495,-1.936043579,0.7882225529
0.458,-2.34,-2.34,-4.074403975,-79.37,-3.16355341,200.5816516,-1.746238447,0.829852689
0.459,-2.27,-2.27,-3.943170102,-77.42,-3.120128207,205.7424504,-1.610328428,0.8335707113
0.46,-2.19,-2.19,-3.793894636,-75.13,-3.067922116,204.0801454,-1.653729552,0.8035100645
0.461,-2.15,-2.15,-3.719539345,-73.97,-3.040949143,198.0312876,-1.814699015,0.7660232423
0.462,-2.17,-2.17,-3.756693454,-74.45,-3.052154758,192.5362246,-1.96525187,0.7487321105
0.463,-2.21,-2.21,-3.831142892,-75.69,-3.080814204,192.2730483,-1.972569744,0.7581341397
0.464,-2.23,-2.23,-3.868438222,-76.34,-3.095675163,196.7560962,-1.849260896,0.7823029813
0.465,-2.2,-2.2,-3.81251288,-75.46,-3.075529277,203.8212906,-1.660519787,0.8049986028
0.466,-2.1,-2.1,-3.62686002,-72.73,-3.011704286,209.0041147,-1.526179384,0.7992404134
0.467,-1.97,-1.97,-3.387270678,-68.64,-2.912034524,207.5135097,-1.564471979,0.7566772605
0.468,-1.83,-1.83,-3.131475614,-64.47,-2.804898025,204.2295012,-1.649815592,0.7029577841
0.469,-1.71,-1.71,-2.914058572,-60.92,-2.708858671,203.3876204,-1.671915098,0.6651926636
0.47,-1.6,-1.6,-2.71624832,-57.64,-2.615837232,204.7187612,-1.637014257,0.6386887309
0.471,-1.49,-1.49,-2.519862044,-54.11,-2.51078581,210.282756,-1.493548968,0.62928356
0.472,-1.35,-1.35,-2.271975345,-49.92,-2.378959864,222.2435266,-1.19758341,0.635243354
0.473,-1.21,-1.21,-2.026395252,-45.39,-2.227064769,236.3635775,-0.8680370256,0.6547103735
0.474,-1.1,-1.1,-1.83505762,-41.67,-2.094526705,244.6256537,-0.6842222849,0.6603898469
0.475,-1.04,-1.04,-1.731291827,-39.86,-2.02735664,241.0235142,-0.7635873941,0.6203248097
0.476,-1.05,-1.05,-1.748556705,-39.98,-2.031865753,234.1772624,-0.9177537316,0.5928075517
0.477,-1.07,-1.07,-1.783121766,-40.7,-2.058753072,233.1777109,-0.9406383002,0.5944945305
0.478,-1.06,-1.06,-1.765833351,-40.49,-2.050940481,237.1034768,-0.8513158436,0.6084346638
0.479,-1.02,-1.02,-1.696797377,-39.1,-1.9986124,237.8227345,-0.8351110893,0.5987872081
0.48,-0.96,-0.96,-1.593596467,-37.01,-1.917880312,227.9233201,-1.062573432,0.5346825028
0.481,-0.89,-0.89,-1.473730868,-34.78,-1.828947586,220.5455227,-1.238615885,0.4804239202
0.482,-0.83,-0.83,-1.371447894,-32.6,-1.739136492,222.6130283,-1.188695896,0.4684174885
0.483,-0.77,-0.77,-1.269588582,-30.33,-1.642507322,225.545835,-1.118672781,0.4597992649
0.484,-0.7,-0.7,-1.15128818,-27.85,-1.533200271,229.8592966,-1.01732254,0.4513930146
0.485,-0.64,-0.64,-1.050346803,-25.33,-1.418006195,231.5697732,-0.9776584082,0.4384364998
0.486,-0.58,-0.58,-0.9498290888,-23.23,-1.318741538,232.0913053,-0.965622902,0.4157957776
0.487,-0.54,-0.54,-0.8830526472,-21.63,-1.241065966,232.2368168,-0.962269729,0.4007798944
0.488,-0.52,-0.52,-0.8497350368,-20.78,-1.19906837,233.3316327,-0.9371079028,0.3977832015
0.489,-0.57,-0.57,-0.9331173258,-22.66,-1.2912746,239.1388096,-0.8055866121,0.4450067179
0.49,-0.78,-0.78,-1.286535713,-29.84,-1.621223509,244.566583,-0.6855143246,0.5577294889
0.491,-1.1,-1.1,-1.83505762,-41.24,-2.078731569,244.4695676,-0.6876370002,0.6633453113
0.492,-1.36,-1.36,-2.289605043,-50.33,-2.392216543,244.9979731,-0.6760857931,0.7462123326
0.493,-1.36,-1.36,-2.289605043,-50.24,-2.389313331,243.0752827,-0.7182370346,0.7367877504
0.494,-1.11,-1.11,-1.852393108,-42.26,-2.116036381,239.7264862,-0.7924552737,0.6368913265
0.495,-0.83,-0.83,-1.371447894,-32.83,-1.748748536,238.5102395,-0.8196674619,0.5339664193
0.496,-0.71,-0.71,-1.168152932,-28.54,-1.564011148,238.0142607,-0.8308042972,0.487784115
0.497,-0.73,-0.73,-1.201917742,-29.19,-1.59275327,237.0253398,-0.8530792181,0.4914145788
0.498,-0.71,-0.71,-1.168152932,-28.69,-1.570668195,235.4411566,-0.8889565193,0.4749313689
0.499,-0.58,-0.58,-0.9498290888,-23.55,-1.334062883,232.3914323,-0.9587090622,0.4142710707
0.5,-0.42,-0.42,-0.6838530888,-17.19,-1.015952553,230.478464,-1.002930728,0.3387283927
0.501,-0.42,-0.42,-0.6838530888,-16.9,-1.000748161,229.4809793,-1.02613517,0.3373914414
0.502,-0.61,-0.61,-1.000034988,-23.62,-1.337405003,230.4779819,-1.002941918,0.4273020291
0.503,-0.91,-0.91,-1.50791934,-33.64,-1.782341839,231.4457692,-0.9805240626,0.5457808644
0.504,-1.16,-1.16,-1.939247075,-41.92,-2.103663878,232.4207206,-0.9580348448,0.6333892556
0.505,-1.29,-1.29,-2.166444292,-46.47,-2.264201082,233.6357606,-0.9301391758,0.6782133766
0.506,-1.36,-1.36,-2.289605043,-48.63,-2.336727903,234.500566,-0.9103726496,0.7051229262
0.507,-1.4,-1.4,-2.36024152,-50.16,-2.386729496,235.970622,-0.8769388279,0.7231866984
0.508,-1.47,-1.47,-2.484308438,-52.34,-2.456073599,237.3739488,-0.8452163949,0.7525265707
0.509,-1.56,-1.56,-2.644670371,-55.3,-2.546793344,238.2043781,-0.8265326109,0.7839949079
0.51,-1.65,-1.65,-2.805985545,-58.35,-2.636337365,237.8424405,-0.8346678046,0.8084071926
0.511,-1.71,-1.71,-2.914058572,-60.4,-2.694393962,234.9726584,-0.8996129525,0.8108105081
0.512,-1.72,-1.72,-2.932111933,-60.78,-2.704974573,235.775378,-0.8813672925,0.8175773651
0.513,-1.69,-1.69,-2.877987156,-59.84,-2.678699315,239.1042497,-0.8063598408,0.8258072611
0.514,-1.65,-1.65,-2.805985545,-58.49,-2.640355486,239.4383666,-0.7988891355,0.8158726273
0.515,-1.55,-1.55,-2.626805305,-55.59,-2.555475594,239.6797373,-0.7934986759,0.7843611487
0.516,-1.39,-1.39,-2.342564748,-50.59,-2.400582225,242.0024736,-0.7419014377,0.7454500961
0.517,-1.23,-1.23,-2.061336902,-45.29,-2.223596247,245.1380859,-0.673027036,0.7116344447
0.518,-1.12,-1.12,-1.869740365,-41.74,-2.097088518,246.0350928,-0.653486099,0.6797635496
0.519,-1.11,-1.11,-1.852393108,-41.35,-2.082781747,245.5571937,-0.6638880562,0.6744141965
0.52,-1.14,-1.14,-1.904470183,-42.57,-2.127263144,246.5846212,-0.6415500028,0.687829074
0.521,-1.15,-1.15,-1.921852745,-42.85,-2.137359345,245.2222613,-0.6711902706,0.6842865564
0.522,-1.13,-1.13,-1.88709939,-42.27,-2.116399338,243.3815919,-0.711499523,0.6673150217
0.523,-1.11,-1.11,-1.852393108,-41.48,-2.087559837,243.0267912,-0.7193044223,0.6599510831
0.524,-1.1,-1.1,-1.83505762,-41.04,-2.071350716,240.2292102,-0.78124768,0.6432933646
0.525,-1.09,-1.09,-1.8177339,-41.01,-2.070241704,236.4059121,-0.8670788846,0.6188408262
0.526,-1.1,-1.1,-1.83505762,-41.32,-2.081677806,233.7929,-0.9265420657,0.6100144598
0.527,-1.12,-1.12,-1.869740365,-42.02,-2.107309305,230.3270758,-1.006445993,0.600477618
0.528,-1.16,-1.16,-1.939247075,-43.34,-2.15492753,226.7572487,-1.090014658,0.5976214561
0.529,-1.22,-1.22,-2.043860193,-45.37,-2.226371474,223.6914572,-1.162840875,0.6030487272
0.53,-1.29,-1.29,-2.166444292,-47.85,-2.31080256,221.7119036,-1.210396338,0.6152575742
0.531,-1.37,-1.37,-2.30724651,-50.37,-2.393505636,221.0567653,-1.2262285,0.6374077275
0.532,-1.44,-1.44,-2.431066291,-52.79,-2.470116445,219.6483757,-1.260423291,0.6516661029
0.533,-1.51,-1.51,-2.555462724,-55.15,-2.542288365,211.3245682,-1.467108693,0.6373683343
0.534,-1.58,-1.58,-2.680435809,-57.57,-2.613804938,200.3674422,-1.751954987,0.6139677524
0.535,-1.64,-1.64,-2.788014563,-59.78,-2.677010475,194.0634931,-1.922981123,0.6060912295
0.536,-1.69,-1.69,-2.877987156,-61.26,-2.718260238,195.4870431,-1.883879515,0.6253584877
0.537,-1.7,-1.7,-2.89601698,-61.84,-2.734196827,199.3120421,-1.780209644,0.6415055885
0.538,-1.7,-1.7,-2.89601698,-61.74,-2.731458205,202.4853308,-1.695702136,0.6541477508
0.539,-1.69,-1.69,-2.877987156,-61.46,-2.723769997,205.870238,-1.60700655,0.664542981
0.54,-1.68,-1.68,-2.859969101,-61.16,-2.715499653,209.4932939,-1.513672208,0.6762480208
0.541,-1.66,-1.66,-2.823968295,-60.67,-2.701917495,212.1854809,-1.445357666,0.6809213725
0.542,-1.65,-1.65,-2.805985545,-60.08,-2.685440571,209.3379305,-1.517641322,0.6676019206
0.543,-1.64,-1.64,-2.788014563,-59.9,-2.680386743,204.8317716,-1.634061724,0.6462041636
0.544,-1.66,-1.66,-2.823968295,-60.64,-2.701082938,204.6076526,-1.639918691,0.6505338023
0.545,-1.71,-1.71,-2.914058572,-62.38,-2.748920643,207.8826672,-1.554963018,0.6770765201
0.546,-1.79,-1.79,-3.058814972,-64.97,-2.818057509,210.0277747,-1.500040123,0.7083709617
0.547,-1.85,-1.85,-3.167876545,-67.14,-2.874168314,210.1113221,-1.497912358,0.7245695546
0.548,-1.85,-1.85,-3.167876545,-67.29,-2.877988138,208.1014358,-1.549335822,0.7155285165
0.549,-1.78,-1.78,-3.040679233,-65.13,-2.822250003,204.448215,-1.644089229,0.6807989889
0.55,-1.64,-1.64,-2.788014563,-60.83,-2.706362615,206.6011643,-1.588045431,0.6492197605
0.551,-1.49,-1.49,-2.519862044,-56.22,-2.574213526,213.8757507,-1.402908412,0.6335893351
0.552,-1.4,-1.4,-2.36024152,-53.46,-2.490856045,218.8301683,-1.28038967,0.6258519593
0.553,-1.39,-1.39,-2.342564748,-53.15,-2.481285067,222.6525669,-1.187745759,0.6384696285
0.554,-1.45,-1.45,-2.448801905,-55.34,-2.547993038,222.1292977,-1.200333915,0.6533053107
0.555,-1.53,-1.53,-2.591110478,-58.03,-2.627123284,223.4913822,-1.167628184,0.6828142765
0.556,-1.56,-1.56,-2.644670371,-58.98,-2.6543568,229.319247,-1.029907043,0.7178287127
0.557,-1.52,-1.52,-2.573280717,-57.89,-2.62307903,241.2947566,-0.7575700104,0.7611794912
0.558,-1.44,-1.44,-2.431066291,-55.41,-2.550090852,245.7777969,-0.6590838903,0.7575362784
0.559,-1.36,-1.36,-2.289605043,-52.76,-2.469183099,236.8922452,-0.8560841968,0.6885476684
0.56,-1.3,-1.3,-2.18400338,-50.88,-2.409875854,229.8982077,-1.016416957,0.6374246162
0.561,-1.23,-1.23,-2.061336902,-48.94,-2.346949549,229.3905832,-1.028243035,0.61073164
0.562,-1.12,-1.12,-1.869740365,-45.31,-2.224290361,232.3915148,-0.958707163,0.5874149605
0.563,-0.96,-0.96,-1.593596467,-39.97,-2.031490299,237.7730324,-0.8362292908,0.5557016358
0.564,-0.8,-0.8,-1.32046528,-34.4,-1.813499243,244.5798904,-0.6852232272,0.5284561593
0.565,-0.69,-0.69,-1.134435196,-30.75,-1.660629365,249.5102179,-0.5784486662,0.5066528189
0.566,-0.68,-0.68,-1.117593981,-30.3,-1.641208617,252.2533344,-0.5199517132,0.5171268254
0.567,-0.72,-0.72,-1.185029453,-31.91,-1.710104579,253.8432103,-0.486338109,0.5395221369
0.568,-0.74,-0.74,-1.218817799,-32.67,-1.742065339,253.6781263,-0.4898185529,0.5460937299
0.569,-0.68,-0.68,-1.117593981,-30.5,-1.649855876,252.1524951,-0.5220908246,0.5145586585
0.57,-0.55,-0.55,-0.899729105,-25.72,-1.436110971,250.7884832,-0.5511100605,0.452757439
0.571,-0.42,-0.42,-0.6838530888,-20.36,-1.17812692,251.3566608,-0.5390029979,0.3982535518
0.572,-0.31,-0.31,-0.5027421962,-16.08,-0.9574170638,249.9948099,-0.568068117,0.3295621632
0.573,-0.23,-0.23,-0.3719195818,-12.03,-0.7359107627,247.990096,-0.611142826,0.2760985791
0.574,-0.14,-0.14,-0.2256444232,-7.7,-0.4848495626,249.6327264,-0.5758224806,0.2127372213
0.575,-0.11,-0.11,-0.1770978682,-6.21,-0.3949363368,251.3471592,-0.5392052377,0.1895835418
0.576,-0.18,-0.18,-0.2905379208,-8.82,-0.5512358423,251.4752793,-0.536478858,0.2671085724
0.577,-0.35,-0.35,-0.568435945,-14.63,-0.8795562528,251.9590477,-0.5261968349,0.4043640024
0.578,-0.58,-0.58,-0.9498290888,-22.24,-1.270890974,251.137833,-0.5436626654,0.5234505435
0.579,-0.84,-0.84,-1.388465635,-31.17,-1.678640148,251.2346181,-0.5416012457,0.6253669709
0.58,-1.15,-1.15,-1.921852745,-41.36,-2.083149618,248.0429969,-0.6100016926,0.7136074149
0.581,-1.43,-1.43,-2.413342446,-50.62,-2.401545457,233.9719819,-0.922445614,0.7260375839
0.582,-1.62,-1.62,-2.752107905,-56.79,-2.591022532,219.5918246,-1.261800888,0.7143093791
0.583,-1.71,-1.71,-2.914058572,-59.83,-2.67841794,210.1696253,-1.496428006,0.698003857
0.584,-1.73,-1.73,-2.950177062,-60.5,-2.697183742,209.0882238,-1.524026826,0.6988936026
0.585,-1.7,-1.7,-2.89601698,-59.52,-2.669675806,213.0156717,-1.424466255,0.7073562512
0.586,-1.62,-1.62,-2.752107905,-57.02,-2.597766639,218.3000941,-1.293364741,0.7072770451
0.587,-1.5,-1.5,-2.5376565,-53.27,-2.484995045,225.2687945,-1.125248285,0.7029045601
0.588,-1.37,-1.37,-2.30724651,-49.45,-2.363665212,235.2401764,-0.8935254033,0.7083547701
0.589,-1.27,-1.27,-2.131361422,-46.22,-2.255657159,246.2768332,-0.648232067,0.733967881
0.59,-1.18,-1.18,-1.974071041,-43.27,-2.152425566,247.9725246,-0.6115219138,0.7142216179
0.591,-1.1,-1.1,-1.83505762,-40.49,-2.050940481,238.547267,-0.8188369663,0.6394424841
0.592,-1.03,-1.03,-1.714038718,-38.21,-1.964538269,229.2424086,-1.031699977,0.5720635601
0.593,-0.99,-0.99,-1.645143964,-36.77,-1.908449051,229.5679737,-1.024107412,0.5609931079
0.594,-0.97,-0.97,-1.610767198,-36.08,-1.881147249,236.3258136,-0.8688918667,0.5857251952
0.595,-0.95,-0.95,-1.576437505,-35.62,-1.862790943,236.4853827,-0.8652807221,0.5778578053
0.596,-0.94,-0.94,-1.559290311,-35.27,-1.848740485,225.9294715,-1.109580563,0.5270862378
0.597,-0.95,-0.95,-1.576437505,-35.45,-1.855975496,216.6101825,-1.334941467,0.494039025
0.598,-0.98,-0.98,-1.627949697,-36.4,-1.893843543,217.1329397,-1.322045575,0.5062207174
0.599,-1.02,-1.02,-1.696797377,-37.82,-1.949465083,223.6382334,-1.164113974,0.544966852
0.6,-1.05,-1.05,-1.748556705,-38.91,-1.991375735,229.3601645,-1.028952527,0.5789293591
0.601,-1.06,-1.06,-1.765833351,-39.11,-1.998992715,232.2666576,-0.9615823342,0.5964494472
0.602,-1.04,-1.04,-1.731291827,-38.51,-1.97607405,235.3590164,-0.8908233422,0.6038904049
0.603,-1.01,-1.01,-1.679567804,-37.56,-1.939367923,238.0503518,-0.8299931166,0.6064820657
0.604,-0.98,-0.98,-1.627949697,-36.6,-1.901748321,239.7002862,-0.7930400135,0.6041104142
0.605,-0.95,-0.95,-1.576437505,-35.35,-1.851958417,243.0371732,-0.7190758766,0.6131530447
0.606,-0.89,-0.89,-1.473730868,-33.33,-1.769532425,246.4391185,-0.6447078188,0.6104325664
0.607,-0.81,-0.81,-1.337447716,-30.4,-1.645535415,250.1560741,-0.564618105,0.6051379256
0.608,-0.7,-0.7,-1.15128818,-26.56,-1.474759377,254.4828895,-0.4728731871,0.5911218579
0.609,-0.6,-0.6,-0.98328792,-22.53,-1.28497855,257.8289816,-0.4029866658,0.5825285443
0.61,-0.54,-0.54,-0.8830526472,-20.09,-1.164597913,258.4247538,-0.3906385418,0.5677931768
0.611,-0.56,-0.56,-0.9164173312,-20.64,-1.192101881,258.3600073,-0.3919791155,0.5785167131
0.612,-0.65,-0.65,-1.067140945,-23.64,-1.338359275,258.5693387,-0.3876461316,0.6182720756
0.613,-0.79,-0.79,-1.303494612,-27.89,-1.534994891,257.7386392,-0.4048616169,0.6719541404
0.614,-0.92,-0.92,-1.525031229,-31.89,-1.709258677,256.0386403,-0.4402661697,0.7094736454
0.615,-1.03,-1.03,-1.714038718,-35.15,-1.843906461,253.5150787,-0.4932582851,0.7333837808
0.616,-1.12,-1.12,-1.869740365,-37.88,-1.951789693,252.7710457,-0.5089829089,0.7598184259
0.617,-1.21,-1.21,-2.026395252,-40.76,-2.06098079,252.7294045,-0.5098643356,0.7882214422
0.618,-1.33,-1.33,-2.236751254,-44.39,-2.192148375,251.5459556,-0.5349754702,0.8201869006
0.619,-1.49,-1.49,-2.519862044,-49.49,-2.364970979,248.630925,-0.5973357696,0.8506418336
0.62,-1.74,-1.74,-2.968253959,-56.99,-2.596888221,246.3313378,-0.6470481668,0.9150160805
0.621,-2.06,-2.06,-3.552928391,-67.08,-2.872638292,244.7379358,-0.6817672204,0.9995844252
0.622,-2.38,-2.38,-4.149653665,-77.24,-3.11607308,242.8576205,-0.7230298472,1.080891485
0.623,-2.58,-2.58,-4.528726529,-83.43,-3.251204542,240.7755859,-0.7690934911,1.126465374
0.624,-2.62,-2.62,-4.605105985,-84.7,-3.277923508,239.2612072,-0.8028490413,1.128488768
0.625,-2.61,-2.61,-4.585993468,-84.48,-3.273317267,236.7420352,-0.8594776317,1.1096591
0.626,-2.72,-2.72,-4.796878413,-87.77,-3.341288916,229.1642082,-1.03352531,1.096475911
0.627,-2.89,-2.89,-5.125592388,-93.16,-3.448960281,216.3441976,-1.341514998,1.069954877
0.628,-2.93,-2.93,-5.203431126,-94.55,-3.47611418,205.1611316,-1.625466079,1.019964572
0.629,-2.84,-2.84,-5.028558755,-91.91,-3.424345348,201.04899,-1.733787895,0.9748795772
0.63,-2.74,-2.74,-4.835374119,-89.17,-3.369659862,202.3319512,-1.699756216,0.9538325607
0.631,-2.76,-2.76,-4.873916899,-89.61,-3.378513914,201.5589091,-1.720235909,0.9559043036
0.632,-2.83,-2.83,-5.009187334,-91.79,-3.421971932,198.6714442,-1.79743248,0.9597239337
0.633,-2.79,-2.79,-4.931819332,-90.68,-3.399926988,195.1981045,-1.891792904,0.9319879799
0.634,-2.65,-2.65,-4.662514145,-86.73,-3.320007373,193.9509856,-1.926083665,0.8887596709
0.635,-2.54,-2.54,-4.452535367,-83.47,-3.252050889,194.9173413,-1.899493616,0.864310764
0.636,-2.51,-2.51,-4.395515564,-82.46,-3.230581945,194.7417632,-1.904314973,0.8560085302
0.637,-2.51,-2.51,-4.395515564,-82.46,-3.230581945,194.695218,-1.90559383,0.8557953926
0.638,-2.47,-2.47,-4.319653918,-81.36,-3.206959587,193.8307144,-1.929402288,0.8409948564
0.639,-2.39,-2.39,-4.168495508,-79.11,-3.15781572,190.5435263,-2.020911465,0.8049266469
0.64,-2.34,-2.34,-4.074403975,-77.49,-3.121703027,189.5426847,-2.049086731,0.7879655075
0.641,-2.34,-2.34,-4.074403975,-77.55,-3.123051906,190.3685389,-2.025826944,0.7913186723
0.642,-2.37,-2.37,-4.13082359,-78.68,-3.148291635,190.9803276,-2.008661179,0.8010202418
0.643,-2.4,-2.4,-4.18734912,-79.51,-3.166636425,192.4460749,-1.967757442,0.8155488706
0.644,-2.41,-2.41,-4.2062145,-79.83,-3.173666348,194.7573774,-1.903886032,0.8283941129
0.645,-2.42,-2.42,-4.225091649,-80.02,-3.177829281,195.2444806,-1.890521978,0.8336225002
0.646,-2.42,-2.42,-4.225091649,-80.01,-3.177610384,192.5807904,-1.964013664,0.8217426263
0.647,-2.39,-2.39,-4.168495508,-79.38,-3.163773776,191.2365051,-2.001489598,0.8070247742
0.648,-2.34,-2.34,-4.074403975,-77.85,-3.129782997,193.0051544,-1.952237569,0.8017291394
0.649,-2.27,-2.27,-3.943170102,-75.61,-3.078977548,194.5934534,-1.908390935,0.7906313952
0.65,-2.19,-2.19,-3.793894636,-73.25,-3.024021012,192.8223615,-1.957306892,0.7616231474
0.651,-2.12,-2.12,-3.663896445,-71.31,-2.977671984,191.43753,-1.995868713,0.7366776845
0.652,-2.08,-2.08,-3.589870669,-70,-2.945743207,188.1609548,-2.088230055,0.7131286723
0.653,-2.07,-2.07,-3.571393646,-69.78,-2.94032962,188.2463648,-2.085802134,0.7105650668
0.654,-2.09,-2.09,-3.60835946,-70.45,-2.956769967,192.9651605,-1.953346294,0.734882693
0.655,-2.11,-2.11,-3.645372348,-70.92,-2.96822081,198.006458,-1.815369852,0.7620577524
0.656,-2.09,-2.09,-3.60835946,-70.46,-2.957014301,199.845016,-1.765922477,0.764007572
0.657,-2.04,-2.04,-3.516033187,-68.94,-2.919520444,195.0075953,-1.897016941,0.7299918813
0.658,-1.98,-1.98,-3.405630017,-67.23,-2.876461104,188.5771636,-2.076409015,0.6876073741
0.659,-1.93,-1.93,-3.313951006,-65.54,-2.832952579,185.4056468,-2.167151271,0.6627764354
0.66,-1.83,-1.83,-3.131475614,-62.6,-2.754888108,187.569381,-2.105076831,0.6443411944
0.661,-1.74,-1.74,-2.968253959,-59.99,-2.682915241,191.3119297,-1.999379947,0.6339314034
0.662,-1.73,-1.73,-2.950177062,-59.49,-2.668827782,191.7796166,-1.986317136,0.6337454824
0.663,-1.74,-1.74,-2.968253959,-59.98,-2.682634453,191.8028179,-1.985669938,0.6358312807
0.664,-1.76,-1.76,-3.004443059,-60.58,-2.699412781,191.0467883,-2.006799716,0.6383993627
0.665,-1.78,-1.78,-3.040679233,-61.13,-2.714670734,184.7504033,-2.186092235,0.6204501731
0.666,-1.83,-1.83,-3.131475614,-62.78,-2.759757269,178.6388368,-2.366064344,0.6109216923
0.667,-1.92,-1.92,-3.295650509,-65.81,-2.83996886,174.5199984,-2.490862495,0.6182244925
0.668,-1.96,-1.96,-3.368923107,-67.1,-2.873148433,175.6175222,-2.457322693,0.6320122608
0.669,-1.91,-1.91,-3.27736178,-65.49,-2.831650508,181.1258094,-2.292096458,0.6396416142
0.67,-1.81,-1.81,-3.095121756,-62.4,-2.749463881,188.770015,-2.070940549,0.6420875677
0.671,-1.75,-1.75,-2.986342625,-60.73,-2.70358557,194.5897002,-1.908494123,0.6475045585
0.672,-1.79,-1.79,-3.058814972,-61.88,-2.735291223,195.9685899,-1.870716967,0.6640923866
0.673,-1.85,-1.85,-3.167876545,-63.81,-2.787391706,197.6076238,-1.826156946,0.6866463938
0.674,-1.89,-1.89,-3.240819628,-65.1,-2.821464592,202.9933496,-1.682296241,0.7195807567
0.675,-1.89,-1.89,-3.240819628,-65.09,-2.821202718,211.3792795,-1.465723774,0.7559774197
0.676,-1.86,-1.86,-3.186094663,-64.26,-2.799344687,219.4999351,-1.264040097,0.7840986844
0.677,-1.85,-1.85,-3.167876545,-63.95,-2.791118183,220.3309885,-1.243822596,0.7851110386
0.678,-1.84,-1.84,-3.149670195,-63.66,-2.783391229,217.8449748,-1.304530242,0.7704820696
0.679,-1.82,-1.82,-3.113292801,-62.87,-2.762187372,223.7915064,-1.160448546,0.7936736586
0.68,-1.76,-1.76,-3.004443059,-61.19,-2.716328229,232.3321597,-0.9600737798,0.8172237563
0.681,-1.64,-1.64,-2.788014563,-57.52,-2.612352067,230.2579266,-1.008052419,0.7700837223
0.682,-1.45,-1.45,-2.448801905,-51.55,-2.4311979,223.9041514,-1.157756312,0.6823162848
0.683,-1.23,-1.23,-2.061336902,-44.77,-2.205477289,220.094713,-1.249562833,0.5966173558
0.684,-1.08,-1.08,-1.800421949,-39.53,-2.014915252,222.7164046,-1.186212056,0.5624337228
0.685,-1,-1,-1.66235,-37.09,-1.921016643,223.2955026,-1.172319262,0.5373971825
0.686,-1.01,-1.01,-1.679567804,-37.29,-1.928841275,221.054549,-1.226282137,0.5323303036
0.687,-1.05,-1.05,-1.748556705,-38.68,-1.982588323,222.449744,-1.192621504,0.5506901276
0.688,-1.09,-1.09,-1.8177339,-40.02,-2.033367014,225.8538317,-1.11137201,0.5780237681
0.689,-1.13,-1.13,-1.88709939,-41.18,-2.076519604,229.1665478,-1.03347069,0.6067862634
0.69,-1.16,-1.16,-1.939247075,-42.31,-2.11785063,233.0075736,-0.9445433348,0.6332454602
0.691,-1.2,-1.2,-2.00894208,-43.44,-2.15849728,237.4530777,-0.8434332642,0.6692167091
0.692,-1.23,-1.23,-2.061336902,-44.56,-2.198120546,240.6587236,-0.771690786,0.6940969212
0.693,-1.27,-1.27,-2.131361422,-45.69,-2.237439725,240.3835461,-0.7778116607,0.7068602744
0.694,-1.3,-1.3,-2.18400338,-46.81,-2.275770505,239.698879,-0.7930714229,0.7116702103
0.695,-1.34,-1.34,-2.254357415,-47.94,-2.313809104,239.3278346,-0.8013594275,0.7236710927
0.696,-1.37,-1.37,-2.30724651,-49.06,-2.350893876,237.9804113,-0.8315652055,0.7249885862
0.697,-1.41,-1.41,-2.37793006,-50.18,-2.387375738,238.6300915,-0.8169797493,0.7420930886
0.698,-1.44,-1.44,-2.431066291,-51.3,-2.423266207,240.5149957,-0.7748869061,0.7601469365
0.699,-1.48,-1.48,-2.502079357,-52.42,-2.458576799,240.4250392,-0.7768882655,0.7733291218
0.7,-1.51,-1.51,-2.555462724,-53.54,-2.49331903,238.3190624,-0.8239574557,0.7703496333
0.701,-1.55,-1.55,-2.626805305,-54.66,-2.527504417,235.536315,-0.8867946451,0.7693541946
0.702,-1.58,-1.58,-2.680435809,-55.77,-2.560846497,232.0033963,-0.9676497015,0.7596538746
0.703,-1.62,-1.62,-2.752107905,-56.89,-2.593957459,231.3956094,-0.9816836615,0.7696823624
0.704,-1.65,-1.65,-2.805985545,-58,-2.626257331,232.7578744,-0.9502796597,0.7845537604
0.705,-1.69,-1.69,-2.877987156,-59.11,-2.658055301,234.2821201,-0.9153586934,0.8053886732
0.706,-1.72,-1.72,-2.932111933,-60.23,-2.689642433,236.5997445,-0.8626941441,0.8254037502
0.707,-1.75,-1.75,-2.986342625,-61.34,-2.720465965,236.8208951,-0.8576958165,0.83460246
0.708,-1.79,-1.79,-3.058814972,-62.45,-2.750821328,234.6007473,-0.9080875577,0.8359910202
0.709,-1.82,-1.82,-3.113292801,-63.55,-2.780452385,233.2806535,-0.9382769189,0.8371926394
0.71,-1.86,-1.86,-3.186094663,-64.66,-2.809909008,229.7263852,-1.020416961,0.8318077073
0.711,-1.89,-1.89,-3.240819628,-65.79,-2.839449996,225.7426701,-1.114005841,0.8197434755
0.712,-1.93,-1.93,-3.313951006,-66.95,-2.86931913,224.3292789,-1.147607883,0.8249965696
0.713,-1.96,-1.96,-3.368923107,-68.13,-2.899242218,224.0878145,-1.153369637,0.8312967606
0.714,-2,-2,-3.442384,-69.31,-2.928713725,226.3269735,-1.100176005,0.8544249733
0.715,-2.04,-2.04,-3.516033187,-70.5,-2.957991332,225.9866197,-1.108227467,0.8646935545
0.716,-2.07,-2.07,-3.571393646,-71.69,-2.986837183,219.8651524,-1.255145839,0.8419160631
0.717,-2.11,-2.11,-3.645372348,-72.97,-3.017398489,203.9560705,-1.656983187,0.779861937
0.718,-2.15,-2.15,-3.719539345,-74.16,-3.045392265,192.3015021,-1.971778076,0.7413619815
0.719,-2.17,-2.17,-3.756693454,-74.77,-3.059590231,196.3074187,-1.861474829,0.7633903247
0.72,-2.17,-2.17,-3.756693454,-74.93,-3.063297586,209.7269314,-1.507708943,0.8218525678
0.721,-2.18,-2.18,-3.775288161,-75.21,-3.069768935,218.2721646,-1.294049269,0.8651341519
0.722,-2.15,-2.15,-3.719539345,-74.15,-3.045158664,217.9141284,-1.302832186,0.8554616312
0.723,-1.99,-1.99,-3.424001124,-69.52,-2.933912345,213.6235513,-1.409220782,0.7883712113
0.724,-1.73,-1.73,-2.950177062,-61.65,-2.728990225,212.7424287,-1.431333299,0.7091220297
0.725,-1.46,-1.46,-2.466549287,-53.39,-2.4886986,211.2735317,-1.468400916,0.6233225313
0.726,-1.3,-1.3,-2.18400338,-48.58,-2.335074899,211.2026027,-1.470197325,0.5739414295
0.727,-1.29,-1.29,-2.166444292,-48.2,-2.322472409,210.9059411,-1.477717381,0.5700884461
0.728,-1.34,-1.34,-2.254357415,-49.87,-2.377337761,210.3856946,-1.490930651,0.5827820552
0.729,-1.4,-1.4,-2.36024152,-51.87,-2.441308513,210.6446025,-1.484350805,0.6012344241
0.73,-1.46,-1.46,-2.466549287,-53.69,-2.497929472,210.7967893,-1.480486926,0.6199826867
0.731,-1.5,-1.5,-2.5376565,-55.03,-2.538677405,210.8202994,-1.479890275,0.6314828323
0.732,-1.53,-1.53,-2.591110478,-56.09,-2.570360749,211.452746,-1.463864663,0.6422820277
0.733,-1.56,-1.56,-2.644670371,-57.1,-2.600107259,209.2521648,-1.519833666,0.6419194885
0.734,-1.59,-1.59,-2.69833618,-58.15,-2.630583435,211.0505298,-1.474050892,0.6573877147
0.735,-1.63,-1.63,-2.77005535,-59.27,-2.662598066,215.6894041,-1.357732015,0.6890119204
0.736,-1.66,-1.66,-2.823968295,-60.4,-2.694393962,216.6130675,-1.334870212,0.7008645185
0.737,-1.68,-1.68,-2.859969101,-61.18,-2.716052075,210.5252678,-1.487382555,0.6803886233
0.738,-1.68,-1.68,-2.859969101,-61.17,-2.715775883,199.7415694,-1.768692536,0.6377498587
0.739,-1.66,-1.66,-2.823968295,-60.36,-2.693276965,188.4033537,-2.081342336,0.5914541281
0.74,-1.61,-1.61,-2.734172228,-58.86,-2.650936808,184.0269198,-2.20708399,0.5628160812
0.741,-1.56,-1.56,-2.644670371,-57.57,-2.613804938,185.0941962,-2.176145936,0.5521289133
0.742,-1.57,-1.57,-2.662547206,-57.85,-2.621922061,187.7404145,-2.100200702,0.5638454016
0.743,-1.62,-1.62,-2.752107905,-59.31,-2.663732168,188.02489,-2.092100199,0.5786805951
0.744,-1.65,-1.65,-2.805985545,-60.54,-2.698298571,188.1661595,-2.088082069,0.5862437102
0.745,-1.7,-1.7,-2.89601698,-62.12,-2.741844999,188.354894,-2.082718601,0.6002650644
0.746,-1.8,-1.8,-3.07696248,-65.4,-2.8293046,188.5098701,-2.078318496,0.6269761186
0.747,-1.96,-1.96,-3.368923107,-70.83,-2.966033276,188.7645498,-2.071095442,0.6688181493
0.748,-2.12,-2.12,-3.663896445,-76.2,-3.092483594,187.7094287,-2.10108377,0.7054681664
0.749,-2.18,-2.18,-3.775288161,-78.2,-3.137608123,188.3716216,-2.082243494,0.723255839
0.75,-2.14,-2.14,-3.700979943,-77.01,-3.110879752,190.0570583,-2.034587773,0.719269906
0.751,-2.05,-2.05,-3.534474905,-74.49,-3.053085713,191.9392563,-1.981865583,0.7019879037
0.752,-1.96,-1.96,-3.368923107,-71.88,-2.991403772,194.285555,-1.916862757,0.6863773773
0.753,-1.9,-1.9,-3.25908482,-70.05,-2.946971479,196.6260765,-1.852797435,0.6790086937
0.754,-1.87,-1.87,-3.20432455,-69.17,-2.925240275,199.4168308,-1.777397611,0.6813887499
0.755,-1.87,-1.87,-3.20432455,-69.01,-2.921263036,200.9395752,-1.736700264,0.687923958
0.756,-1.86,-1.86,-3.186094663,-68.68,-2.913034307,204.4721175,-1.643463783,0.6992419618
0.757,-1.82,-1.82,-3.113292801,-67.41,-2.88103863,209.9341519,-1.502425491,0.7102357212
0.758,-1.74,-1.74,-2.968253959,-65.2,-2.824081408,215.537105,-1.361511004,0.7091598194
0.759,-1.65,-1.65,-2.805985545,-62.37,-2.748648968,222.0627845,-1.201936129,0.7102708779
0.76,-1.55,-1.55,-2.626805305,-59.22,-2.661179545,224.8323448,-1.135623761,0.6918465596
0.761,-1.43,-1.43,-2.413342446,-55.7,-2.558759454,222.2764086,-1.196791911,0.6426066937
0.762,-1.31,-1.31,-2.201574236,-51.9,-2.442253977,216.3269342,-1.341941923,0.5817812541
0.763,-1.21,-1.21,-2.026395252,-48.79,-2.342009385,215.2272909,-1.369206653,0.5460192107
0.764,-1.17,-1.17,-1.956653174,-47.39,-2.295373599,219.8745064,-1.254918233,0.5511246022
0.765,-1.18,-1.18,-1.974071041,-47.76,-2.307792043,224.4122274,-1.14563002,0.5716275058
0.766,-1.2,-1.2,-2.00894208,-48.51,-2.332758659,230.2304552,-1.008690752,0.6012187626
0.767,-1.18,-1.18,-1.974071041,-47.83,-2.3101339,229.7060725,-1.020890038,0.5926318986
0.768,-1.1,-1.1,-1.83505762,-45.46,-2.229489695,224.472338,-1.144197172,0.5439324076
0.769,-1,-1,-1.66235,-42.15,-2.112040313,222.6207375,-1.188510627,0.5036583377
0.77,-0.9,-0.9,-1.49081922,-38.87,-1.989849635,226.2532759,-1.101918379,0.482189871
0.771,-0.84,-0.84,-1.388465635,-36.56,-1.900169232,231.0264851,-0.9902248423,0.4803724334
0.772,-0.82,-0.82,-1.354441921,-36.02,-1.878760009,238.3687637,-0.8228418336,0.5013477187
0.773,-0.83,-0.83,-1.371447894,-36.25,-1.887899623,243.7105596,-0.7042730567,0.5290727368
0.774,-0.78,-0.78,-1.286535713,-34.82,-1.830568699,239.6951476,-0.793154705,0.4903473097
0.775,-0.66,-0.66,-1.083946855,-30.31,-1.641641582,239.3782521,-0.8002324997,0.4438995701
0.776,-0.48,-0.48,-0.7832410368,-23.68,-1.34026699,243.7132416,-0.7042141802,0.383100147
0.777,-0.34,-0.34,-0.5519948552,-17.9,-1.05291414,248.2101006,-0.6063986728,0.3326647338
0.778,-0.27,-0.27,-0.4372367418,-14.81,-0.8893084186,251.0246534,-0.5460742787,0.3046133568
0.779,-0.24,-0.24,-0.3882312192,-13.46,-0.81556257,254.2747953,-0.4772497462,0.300299753
0.78,-0.22,-0.22,-0.3556197128,-12.43,-0.7583514979,254.3985685,-0.4746461645,0.2884188054
0.781,-0.2,-0.2,-0.32305528,-11.46,-0.703715802,253.9116886,-0.4848950549,0.2717923012
0.782,-0.19,-0.19,-0.3067907162,-11.39,-0.6997443954,254.4148446,-0.4743038882,0.2613101356
0.783,-0.22,-0.22,-0.3556197128,-12.27,-0.7493902264,256.1213111,-0.4385390182,0.2993610221
0.784,-0.29,-0.29,-0.4699659322,-14.52,-0.8735844314,257.4376594,-0.4111128447,0.3658184235
0.785,-0.42,-0.42,-0.6838530888,-18.94,-1.106386066,257.5374023,-0.4090404156,0.4512611446
0.786,-0.61,-0.61,-1.000034988,-25.41,-1.421728351,261.5028243,-0.3272917603,0.5717687188
0.787,-0.84,-0.84,-1.388465635,-32.91,-1.752084242,267.0227633,-0.2155365374,0.7056571316
0.788,-1.03,-1.03,-1.714038718,-39.27,-2.005070104,264.2230037,-0.2719279595,0.7527624839
0.789,-1.12,-1.12,-1.869740365,-42.24,-2.115310306,249.6594592,-0.575249588,0.6949261262
0.79,-1.09,-1.09,-1.8177339,-41.3,-2.080941573,234.7282256,-0.9051812436,0.6087271059
0.791,-0.97,-0.97,-1.610767198,-37.33,-1.93040343,227.7922002,-1.065652072,0.537629292
0.792,-0.94,-0.94,-1.559290311,-36.21,-1.886312353,222.0950532,-1.201158759,0.5050380245
0.793,-1.19,-1.19,-1.991500676,-44.48,-2.195311978,216.3481049,-1.341418375,0.5630908996
0.794,-1.65,-1.65,-2.805985545,-59.72,-2.675320221,214.5639206,-1.385721805,0.6909521071
0.795,-2.08,-2.08,-3.589870669,-73.99,-3.041417309,210.0495664,-1.499485054,0.7905632805
0.796,-2.28,-2.28,-3.961882493,-80.68,-3.192226724,203.4010765,-1.671561155,0.8145672861
0.797,-2.26,-2.26,-3.924469479,-80.08,-3.179142188,198.9183628,-1.790787364,0.7896428789
0.798,-2.2,-2.2,-3.81251288,-78.21,-3.137831261,198.6375737,-1.79834465,0.7723616314
0.799,-2.17,-2.17,-3.756693454,-77.44,-3.120578279,200.063381,-1.760079874,0.7697104234
0.8,-2.16,-2.16,-3.738110515,-77.09,-3.112687631,199.6891503,-1.770096747,0.7655694428
0.801,-2.14,-2.14,-3.700979943,-76.54,-3.100225814,184.854,-2.183093123,0.7005028443
0.802,-2.09,-2.09,-3.60835946,-75.11,-3.067460145,186.511,-2.135350289,0.6935404444
0.803,-2,-2,-3.442384,-72.44,-3.004801754,188.293,-2.084476916,0.6763991959
0.804,-1.89,-1.89,-3.240819628,-69.05,-2.922258106,189.906,-2.038841669,0.6532462106
0.805,-1.8,-1.8,-3.07696248,-66.44,-2.856243126,191.427,-1.996162997,0.6341106664
0.806,-1.78,-1.78,-3.040679233,-65.96,-2.843855968,192.991,-1.952629935,0.633938949
0.807,-1.78,-1.78,-3.040679233,-65.76,-2.838671442,194.592,-1.908430893,0.6405337443
0.808,-1.65,-1.65,-2.805985545,-61.81,-2.733375636,196.33,-1.860859453,0.6107622903
0.809,-1.42,-1.42,-2.395630369,-54.84,-2.532947333,198.244,-1.808955474,0.5517466594
0.81,-1.28,-1.28,-2.148896973,-50.41,-2.394793978,200.766,-1.741323687,0.519544449
0.811,-1.33,-1.33,-2.236751254,-52.24,-2.452940514,203.998,-1.655883442,0.5443774855
0.812,-1.51,-1.51,-2.555462724,-58.28,-2.634325334,214.547,-1.386143725,0.6356130806
0.813,-1.61,-1.61,-2.734172228,-61.83,-2.733923134,219.411,-1.266208202,0.6835206142
0.814,-1.56,-1.56,-2.644670371,-60.38,-2.693835541,222.094,-1.201184129,0.6789876805
0.815,-1.45,-1.45,-2.448801905,-56.82,-2.591903448,222.648,-1.187855496,0.6478725076
0.816,-1.32,-1.32,-2.219156861,-52.84,-2.471671122,223.915,-1.1574971,0.6114780923
0.817,-1.18,-1.18,-1.974071041,-48.59,-2.335405597,224.562,-1.142060623,0.5676751163
0.818,-1.05,-1.05,-1.748556705,-44.19,-2.185103088,226.082,-1.105969914,0.5313029228
0.819,-0.9,-0.9,-1.49081922,-39.51,-2.014159276,223.506,-1.167278271,0.4685992412
0.82,-0.77,-0.77,-1.269588582,-34.84,-1.831378897,225.059,-1.130233101,0.4286816039
0.821,-0.7,-0.7,-1.15128818,-32.38,-1.729911893,223.88,-1.15833342,0.3986116328
0.822,-0.76,-0.76,-1.252653219,-34.55,-1.819607612,226.498,-1.096134744,0.4296172522
0.823,-0.91,-0.91,-1.50791934,-40.25,-2.041982054,226.383,-1.098851793,0.4801015952
0.824,-1.06,-1.06,-1.765833351,-45.75,-2.239509219,225.416,-1.121753384,0.5253482276
0.825,-1.13,-1.13,-1.88709939,-48.15,-2.320808953,225.621,-1.116890146,0.5489425733
0.826,-1.11,-1.11,-1.852393108,-47.71,-2.306117815,224.981,-1.132087603,0.5387674333
0.827,-1.08,-1.08,-1.800421949,-46.72,-2.272713638,223.777,-1.16079535,0.5243679149
0.828,-1.06,-1.06,-1.765833351,-46.09,-2.25120188,221.065,-1.226029207,0.5078274371
0.829,-1.05,-1.05,-1.748556705,-45.52,-2.231566214,226.388,-1.098733632,0.5250448266
0.83,-1.03,-1.03,-1.714038718,-44.95,-2.211764961,226.364,-1.09930083,0.5176697855
0.831,-1.01,-1.01,-1.679567804,-44.38,-2.191796604,227.307,-1.07705979,0.5138089906
0.832,-0.99,-0.99,-1.645143964,-43.8,-2.17130483,225.911,-1.110017986,0.5013660822
0.833,-0.97,-0.97,-1.610767198,-43.2,-2.149921015,226.678,-1.091884739,0.4968734465
0.834,-0.96,-0.96,-1.593596467,-42.78,-2.134839209,228.909,-1.039486644,0.5020267424
0.835,-0.96,-0.96,-1.593596467,-42.86,-2.137719152,230.039,-1.013141558,0.5057654443
0.836,-0.98,-0.98,-1.627949697,-43.42,-2.157783752,231.98,-0.9681892466,0.5207817526
0.837,-0.99,-0.99,-1.645143964,-43.8,-2.17130483,233.855,-0.9251211896,0.5313041403
0.838,-0.98,-0.98,-1.627949697,-43.5,-2.160636602,237.028,-0.853019173,0.5401909901
0.839,-0.94,-0.94,-1.559290311,-42.01,-2.106945005,239.408,-0.7995676877,0.5364815076
0.84,-0.84,-0.84,-1.388465635,-38.81,-1.987558792,243.438,-0.7102597069,0.5146623599
0.841,-0.7,-0.7,-1.15128818,-33.94,-1.7946825,247.459,-0.6226126805,0.4762712428
0.842,-0.53,-0.53,-0.8663879578,-28.05,-1.542162911,250.479,-0.5577162552,0.4125894346
0.843,-0.39,-0.39,-0.6343179882,-22.35,-1.276241461,254.152,-0.4798340125,0.3612133975
0.844,-0.28,-0.28,-0.4535954528,-18.05,-1.060675352,259.38,-0.3708991599,0.3168507466
0.845,-0.23,-0.23,-0.3719195818,-15.71,-0.937700171,259.174,-0.3751498264,0.2832917565
0.846,-0.22,-0.22,-0.3556197128,-15.28,-0.9146562267,261.576,-0.3257948917,0.2866857932
0.847,-0.25,-0.25,-0.404554625,-16.5,-0.9796738376,262.63,-0.3042808014,0.3150848267
0.848,-0.31,-0.31,-0.5027421962,-18.98,-1.108426905,261.602,-0.3252631415,0.3506631
0.849,-0.39,-0.39,-0.6343179882,-22.13,-1.265532011,258.676,-0.3854396819,0.3842088818
0.85,-0.49,-0.49,-0.7998468842,-26.1,-1.453653211,251.86,-0.5283003882,0.4035648889
0.851,-0.63,-0.63,-1.03356443,-31.44,-1.690160039,250.681,-0.5534034607,0.4606798202
0.852,-0.78,-0.78,-1.286535713,-37.02,-1.918272556,252.415,-0.5165240709,0.5283955542
0.853,-0.84,-0.84,-1.388465635,-39.57,-2.016426534,255.092,-0.4600831437,0.5606542336
0.854,-0.75,-0.75,-1.235729625,-36.5,-1.89779885,256.922,-0.4218398859,0.5327250342
0.855,-0.51,-0.51,-0.8330938842,-27.89,-1.534994891,259.747,-0.3633347284,0.4388562849
0.856,-0.24,-0.24,-0.3882312192,-17.11,-1.011764478,263.389,-0.2888416146,0.2985002311
0.857,-0.07,-0.07,-0.1125338858,-9.22,-0.5746982424,274.198,-0.07367292686,0.1735639879
0.858,-0.01,-0.01,-0.0160409642,-6.43,-0.4083276759,274.541,-0.06698468258,0.0337482582
0.859,-0.02,-0.02,-0.0320936968,-6.87,-0.4349899143,273.483,-0.08764183275,0.06140785932
0.86,-0.08,-0.08,-0.1286572288,-8.67,-0.5424040379,272.9,-0.09905891997,0.2005684463
0.861,-0.18,-0.18,-0.2905379208,-12.23,-0.747146781,268.972,-0.1766239837,0.3145130068
0.862,-0.35,-0.35,-0.568435945,-17.92,-1.053949925,263.917,-0.2781275284,0.4267288991
0.863,-0.58,-0.58,-0.9498290888,-25.52,-1.426839268,255.534,-0.4508211766,0.5058577505
0.864,-0.86,-0.86,-1.422536423,-34.68,-1.824890619,245.889,-0.6566638102,0.5732440951
0.865,-1.19,-1.19,-1.991500676,-45.49,-2.230528184,232.611,-0.9536566703,0.6254350069
0.866,-1.52,-1.52,-2.573280717,-56.12,-2.571250485,224.849,-1.135227456,0.6942657578
0.867,-1.74,-1.74,-2.968253959,-63.33,-2.774561551,220.976,-1.228183532,0.7415545826
0.868,-1.82,-1.82,-3.113292801,-65.81,-2.83996886,216.957,-1.32638236,0.7472468442
0.869,-1.81,-1.81,-3.095121756,-65.72,-2.837632888,213.091,-1.422574679,0.7265190034
0.87,-1.85,-1.85,-3.167876545,-67.09,-2.872893379,208.817,-1.530971212,0.719340134
0.871,-2,-2,-3.442384,-72.01,-2.994522171,205.843,-1.607714437,0.7479806653
0.872,-2.21,-2.21,-3.831142892,-78.79,-3.150732189,206.35,-1.594553363,0.8073577134
0.873,-2.37,-2.37,-4.13082359,-84.05,-3.264287485,205.659,-1.612498861,0.8470380485
0.874,-2.42,-2.42,-4.225091649,-85.67,-3.298125237,202.318,-1.700125122,0.8453141289
0.875,-2.38,-2.38,-4.149653665,-84.64,-3.276668168,200.088,-1.759421565,0.8239832657
0.876,-2.34,-2.34,-4.074403975,-83.44,-3.251416159,200.824,-1.739778329,0.8163184153
0.877,-2.35,-2.35,-4.093198745,-83.83,-3.259653779,200.524,-1.747776377,0.8174250297
0.878,-2.4,-2.4,-4.18734912,-85.33,-3.291063938,204.916,-1.631862214,0.8505813393
0.879,-2.43,-2.43,-4.243980566,-86.19,-3.308884612,205.317,-1.621403033,0.860797761
0.88,-2.4,-2.4,-4.18734912,-85.36,-3.291687842,207.898,-1.554568433,0.8640379053
0.881,-2.32,-2.32,-4.036849741,-82.98,-3.241661084,208.026,-1.551275524,0.842249767
0.882,-2.21,-2.21,-3.831142892,-79.77,-3.172350027,208.196,-1.546905259,0.8118109022
0.883,-2.09,-2.09,-3.60835946,-76.41,-3.097269057,209.076,-1.524339609,0.7807583291
0.884,-1.99,-1.99,-3.424001124,-73.23,-3.023548711,210.144,-1.497080355,0.75741696
0.885,-1.9,-1.9,-3.25908482,-70.77,-2.964573561,209.155,-1.522318477,0.7263568617
0.886,-1.86,-1.86,-3.186094663,-69.56,-2.934900992,207.483,-1.565258622,0.7079959238
0.887,-1.87,-1.87,-3.20432455,-69.9,-2.943284345,206.758,-1.583985663,0.7077829563
0.888,-1.92,-1.92,-3.295650509,-71.41,-2.980088036,203.813,-1.660737407,0.7101431737
0.889,-1.96,-1.96,-3.368923107,-72.8,-3.013366796,204.566,-1.641007918,0.7238186254
0.89,-1.97,-1.97,-3.387270678,-73.21,-3.023076297,204.317,-1.647523963,0.7252324089
0.891,-1.96,-1.96,-3.368923107,-72.89,-3.015502249,202.16,-1.704304831,0.7137840701
0.892,-1.94,-1.94,-3.332263271,-72.29,-3.001221955,202.643,-1.691537874,0.7100860459
0.893,-1.92,-1.92,-3.295650509,-71.64,-2.98563368,204.806,-1.634734894,0.7132873614
0.894,-1.89,-1.89,-3.240819628,-70.9,-2.967734903,206.351,-1.594527436,0.7103536333
0.895,-1.86,-1.86,-3.186094663,-70.04,-2.946725886,207.821,-1.556550301,0.7075059426
0.896,-1.84,-1.84,-3.149670195,-69.2,-2.925985106,205.537,-1.615673503,0.6935065945
0.897,-1.82,-1.82,-3.113292801,-68.7,-2.913534006,209.494,-1.513654177,0.7032212484
0.898,-1.83,-1.83,-3.131475614,-69.17,-2.925240275,207.219,-1.572070261,0.6962996193
0.899,-1.84,-1.84,-3.149670195,-69.22,-2.926481502,209.467,-1.51434374,0.7092533535
0.9,-1.7,-1.7,-2.89601698,-65.04,-2.819892826,212.318,-1.442017401,0.6795114926
0.901,-1.43,-1.431192661,-2.415455681,-57,-2.597181069,218.217,-1.295401562,0.6205277857
0.902,-1.2,-1.202003339,-2.012437599,-49.95,-2.379932558,224.925,-1.133419437,0.5727970332
0.903,-1.14,-1.142857143,-1.909435429,-47.81,-2.309465044,227.869,-1.06384863,0.5660414693
0.904,-1.2,-1.204013378,-2.015945284,-50.08,-2.384142643,229.142,-1.0340438,0.5897704287
0.905,-1.23,-1.235146444,-2.070335778,-51.04,-2.414986594,230.391,-1.004961378,0.6053705481
0.906,-1.17,-1.175879397,-1.966892404,-49.1,-2.352207112,231.498,-0.9793168554,0.5903881895
0.907,-1.12,-1.126571668,-1.881146814,-47.68,-2.305112688,231.192,-0.9863933007,0.5715155375
0.908,-1.13,-1.137583893,-1.900272135,-48.01,-2.316144783,229.592,-1.023547518,0.5689961719
0.909,-1.17,-1.17884131,-1.972052247,-49.19,-2.355159087,227.104,-1.081839825,0.5737715658
0.91,-1.19,-1.2,-2.00894208,-49.98,-2.380904825,220.437,-1.24124908,0.5546263721
0.911,-1.21,-1.221194281,-2.045946784,-50.55,-2.39929726,216.162,-1.346022481,0.5462675887
0.912,-1.24,-1.252525253,-2.10074674,-51.62,-2.433413615,213.99,-1.400051284,0.5480020806
0.913,-1.28,-1.294018534,-2.173499057,-53.17,-2.481903844,210.61,-1.48522972,0.547876451
0.914,-1.33,-1.345699831,-2.264397896,-54.82,-2.532343258,206.665,-1.58639264,0.5497798236
0.915,-1.37,-1.387341772,-2.337867839,-56.42,-2.580126957,203.505,-1.668828384,0.5502217961
0.916,-1.42,-1.439189189,-2.429628784,-58.08,-2.628565725,199.97,-1.762577607,0.5533020902
0.917,-1.47,-1.49112426,-2.521862017,-59.83,-2.67841794,197.147,-1.838642366,0.558297177
0.918,-1.52,-1.543147208,-2.614569543,-61.64,-2.728715816,194.272,-1.91723603,0.5627629449
0.919,-1.57,-1.595258256,-2.707753374,-63.42,-2.77697356,193.901,-1.927462659,0.5755744681
0.92,-1.63,-1.657627119,-2.819700137,-65.21,-2.824342898,193.671,-1.933812447,0.5926036315
0.921,-1.68,-1.709923664,-2.913920806,-67.28,-2.877733715,197.114,-1.839537966,0.6177131619
0.922,-1.76,-1.79286927,-3.064020778,-69.91,-2.94353037,203.676,-1.664334805,0.6649545205
0.923,-1.84,-1.87595582,-3.215187534,-72.81,-3.013604183,202.951,-1.683412506,0.6845169492
0.924,-1.9,-1.93877551,-3.330020321,-74.81,-3.060517716,208.151,-1.548061747,0.7225697957
0.925,-1.92,-1.960851064,-3.370484144,-75.4,-3.074148306,207.552,-1.563479736,0.7267689676
0.926,-1.89,-1.931856899,-3.31735052,-74.49,-3.053085713,216.342,-1.341569343,0.7548602741
0.927,-1.78,-1.820971867,-3.115059412,-71.29,-2.977188417,221.075,-1.225787202,0.7411557179
0.928,-1.61,-1.648464164,-2.803224732,-66.42,-2.855728556,224.519,-1.14308516,0.7010140833
0.929,-1.46,-1.496157131,-2.530816931,-61.66,-2.729264596,226.026,-1.107295261,0.6596578773
0.93,-1.36,-1.394871795,-2.351175039,-58.76,-2.648082413,227.685,-1.068170401,0.6326735979
0.931,-1.34,-1.375534645,-2.317015494,-58.03,-2.627123284,233.196,-0.9402186943,0.6495075349
0.932,-1.31,-1.345890411,-2.264733675,-57.24,-2.604196961,236.076,-0.8745501974,0.6510199139
0.933,-1.24,-1.275064267,-2.140240423,-54.93,-2.535663524,240.91,-0.7661076625,0.6482097947
0.934,-1.13,-1.162950257,-1.944381098,-51.64,-2.434046262,243.902,-0.700072155,0.6203917145
0.935,-1.03,-1.060944206,-1.767465231,-48.29,-2.325463557,245.402,-0.6672703585,0.5905854916
0.936,-0.94,-0.9690721649,-1.609173542,-45.6,-2.234332051,247.042,-0.631635718,0.5614764964
0.937,-0.89,-0.9183147034,-1.522146543,-43.81,-2.171659624,248.558,-0.5989051882,0.5493993631
0.938,-0.83,-0.8571428571,-1.417666286,-41.72,-2.096356842,250.203,-0.5636146105,0.5329629702
0.939,-0.69,-0.7131782946,-1.173515512,-37.15,-1.92336646,251.853,-0.528449084,0.478631239
0.94,-0.44,-0.4551724138,-0.7420636058,-28.26,-1.551545578,253.647,-0.4904750373,0.3633967258
0.941,-0.15,-0.1553062985,-0.2504541639,-16.85,-0.9981203935,255.214,-0.4575250706,0.1720571184
0.942,-4.440892099e-15,-4.601960724e-15,-7.37604422e-15,-9.78,-0.6073287432,257.182,-0.416428529,7.204876019e-15
0.943,-0.04,-0.04148660328,-0.06662537548,-11.93,-0.730280995,258.572,-0.3875910677,0.05960017939
0.944,-0.19,-0.1972318339,-0.3185518006,-18.86,-1.102300896,260.274,-0.3524911241,0.218967245
0.945,-0.28,-0.2909090909,-0.4714547412,-23.01,-1.308167003,261.555,-0.3262244208,0.2884588932
0.946,-0.24,-0.2495667244,-0.4038471278,-21.48,-1.233691807,263.274,-0.2911780233,0.2648403948
0.947,-0.13,-0.1352992194,-0.2180305353,-17.12,-1.012288247,265.255,-0.2510727513,0.1725797579
0.948,-0.03,-0.03125,-0.05016708789,-12.29,-0.7505114797,268.541,-0.185203685,0.05361363135
0.949,0.07,0.07298001738,0.1167106443,-7.44,-0.4692918355,280.545,0.04875469024,-0.2775275517
0.95,0.18,0.187826087,0.2991047674,-1.54,-0.1010373766,281.796,0.07255825797,-10.50259916
0.951,0.29,0.3028720627,0.4802601113,2.19,0.1472958702,282.298,0.08208043232,2.093765162
0.952,0.4,0.4181184669,0.6601693686,4.89,0.334848915,283.565,0.1060383915,1.497365333
0.953,0.51,0.5335658239,0.8388251917,7.61,0.5305942766,282.16,0.07946447147,1.374990842
0.954,0.51,0.5340314136,0.8395425204,7.83,0.5467300784,280.301,0.04409957963,1.420955277
0.955,0.28,0.2934497817,0.4654820246,1.78,0.1193938454,275.079,-0.05651089735,7.402356904
0.956,-0.18,-0.1888111888,-0.3048579493,-14.68,-0.882267665,266.127,-0.2335139925,0.273223661
0.957,-0.62,-0.6509186352,-1.068684304,-30.5,-1.649855876,258.969,-0.379383214,0.5266428728
0.958,-0.79,-0.8301225919,-1.371656446,-36.64,-1.903326477,251.324,-0.5396982112,0.5614582828
0.959,-0.71,-0.7467134093,-1.230170102,-33.81,-1.789341574,234.306,-0.9148134077,0.4549184903
0.96,-0.61,-0.6421052632,-1.053881434,-30.32,-1.642074484,229.256,-1.031382794,0.3942017114
0.961,-0.65,-0.6848112379,-1.125695221,-31.85,-1.707566127,226.059,-1.106514213,0.4000224178
0.962,-0.81,-0.8541300527,-1.412531856,-37.24,-1.926887284,220.326,-1.243943726,0.4454768645
0.963,-0.98,-1.034300792,-1.721457478,-43.49,-2.16028018,224.095,-1.153198089,0.519531845
0.964,-1.13,-1.193661972,-1.997886303,-48.78,-2.341679655,225.904,-1.110183761,0.5787848655
0.965,-1.21,-1.279295154,-2.147660601,-51.57,-2.431831192,225.821,-1.11214978,0.6060022946
0.966,-1.19,-1.259259259,-2.112540049,-50.89,-2.410195624,225.733,-1.114235024,0.5993989556
0.967,-1.08,-1.143865843,-1.911188613,-47.31,-2.292679647,225.764,-1.113500357,0.5610944258
0.968,-0.94,-0.9964664311,-1.656268784,-42.78,-2.134839209,224.339,-1.14737605,0.5046191836
0.969,-0.83,-0.8806366048,-1.457741038,-39.17,-2.00127342,227.118,-1.08151003,0.472865208
0.97,-0.76,-0.807079646,-1.332487027,-36.69,-1.905297862,226.207,-1.103012734,0.4429353236
0.971,-0.71,-0.7546501329,-1.243597857,-34.93,-1.835021833,230.737,-0.9969328026,0.4391305713
0.972,-0.66,-0.7021276596,-1.15487544,-33.4,-1.772429985,239.532,-0.7967974033,0.449503008
0.973,-0.62,-0.6601597161,-1.084215368,-31.92,-1.710527437,246.548,-0.6423446095,0.4608050699
0.974,-0.59,-0.6287744227,-1.03150843,-30.66,-1.656755457,252.568,-0.5132821795,0.4753412625
0.975,-0.55,-0.5866666667,-0.9609768021,-29.45,-1.604173865,254.314,-0.4764249348,0.4618751112
0.976,-0.51,-0.5444839858,-0.8905288918,-27.87,-1.534097712,255.405,-0.4535226734,0.4480377131
0.977,-0.45,-0.4808548531,-0.7846601328,-25.63,-1.431942035,256.332,-0.4341398442,0.4204853718
0.978,-0.37,-0.3957219251,-0.6437576853,-22.43,-1.280127407,267.06,-0.2147905237,0.4306307871
0.979,-0.3,-0.3211418376,-0.5210220036,-19.5,-1.134852121,263.742,-0.281676222,0.3678161516
0.98,-0.29,-0.3107142857,-0.5039136477,-19,-1.109446888,258.192,-0.3954592643,0.3348472241
0.981,-0.35,-0.3753351206,-0.6101423209,-21.31,-1.225315202,243.26,-0.7141730167,0.3145893411
0.982,-0.48,-0.5152057245,-0.8417553412,-25.88,-1.443508978,239.062,-0.8073052693,0.3739781469
0.983,-0.61,-0.6553267681,-1.076091599,-30.67,-1.657186144,236.094,-0.8741422934,0.4251094339
0.984,-0.71,-0.7634408602,-1.258479113,-34.09,-1.800832412,233.132,-0.9416871886,0.4588769802
0.985,-0.77,-0.8286995516,-1.369235689,-36.18,-1.885121286,233.473,-0.933867511,0.4857187409
0.986,-0.8,-0.8617594255,-1.425535927,-37.35,-1.931184161,233.046,-0.9436611127,0.4958652696
0.987,-0.83,-0.8948787062,-1.482066303,-38.23,-1.965308913,233.649,-0.9298360159,0.5119143736
0.988,-0.84,-0.9064748201,-1.501889897,-38.62,-1.980291037,234.264,-0.915772496,0.5185970128
0.989,-0.81,-0.8748874887,-1.447928409,-37.75,-1.946750432,230.755,-0.9965154606,0.4919461787
0.99,-0.75,-0.8108108108,-1.338825186,-35.46,-1.856376878,235.006,-0.8988538636,0.4859212574
0.991,-0.65,-0.703336339,-1.156913525,-32,-1.713908066,237.292,-0.8470636993,0.4517478641
0.992,-0.55,-0.59566787,-0.9760365258,-28.6,-1.566675717,239.905,-0.7884728459,0.4144267335
0.993,-0.51,-0.5528455285,-0.9044765893,-26.77,-1.484347965,241.253,-0.75849592,0.4032722007
0.994,-0.52,-0.5641952984,-0.9234220443,-27.19,-1.503437456,243.916,-0.6997650733,0.4191271715
0.995,-0.58,-0.6298642534,-1.033336696,-29.47,-1.605050575,246.959,-0.6334334877,0.4616234321
0.996,-0.67,-0.7282608696,-1.198979803,-32.46,-1.733269745,248.961,-0.5902379796,0.5160214404
0.997,-0.75,-0.8159564823,-1.347568867,-35.15,-1.843906461,247.588,-0.6198244604,0.5469626798
0.998,-0.81,-0.8820326679,-1.460124434,-37.47,-1.935863705,245.509,-0.6649381638,0.5614131747
0.999,-0.87,-0.9482288828,-1.573399678,-39.54,-2.015293156,243.516,-0.7085457873,0.5776404961
1,-0.93,-1.014545455,-1.687397969,-41.61,-2.092328755,240.533,-0.7744864339,0.5885967034
1.001,-0.99,-1.080982712,-1.802122693,-43.5,-2.160636602,237.867,-0.8341153957,0.6017602441
1.002,-1.02,-1.114754098,-1.860638697,-44.71,-2.203377687,234.836,-0.902725378,0.5990267092
1.003,-1.03,-1.126709207,-1.881385595,-44.94,-2.211416083,232.72,-0.9511502823,0.5948920519
1.004,-1,-1.094890511,-1.826204614,-44.07,-2.180865926,229.369,-1.028746435,0.5689798047
1.005,-1.01,-1.106849315,-1.846929972,-44.2,-2.185455846,227.964,-1.061618647,0.5687981523
1.006,-1.08,-1.18464351,-1.982163046,-46.96,-2.280856301,226.551,-1.094883003,0.5871789458
1.007,-1.2,-1.31747484,-2.214715856,-51.05,-2.415305621,228.919,-1.039252932,0.6410995275
1.008,-1.31,-1.43956044,-2.430286974,-54.65,-2.52720162,229.957,-1.015048966,0.686085559
1.009,-1.35,-1.48487626,-2.510749188,-56.26,-2.57539756,232.824,-0.9487599604,0.7124395471
1.01,-1.35,-1.486238532,-2.513171763,-56.09,-2.570360749,235.046,-0.897943326,0.7246111379
1.011,-1.31,-1.443526171,-2.437318828,-54.85,-2.533249305,239.418,-0.7993442245,0.7313579669
1.012,-1.21,-1.334558824,-2.244776132,-51.8,-2.43910083,241.426,-0.7546608659,0.7028627512
1.013,-1.06,-1.170193192,-1.956989562,-46.9,-2.278823328,243.159,-0.7163947639,0.6533713078
1.014,-0.86,-0.9502762431,-1.576911351,-40.68,-2.058010061,246.183,-0.6502708425,0.5822554631
1.015,-0.67,-0.7410138249,-1.220531826,-34.02,-1.797964144,249.021,-0.5889487764,0.5113432566
1.016,-0.58,-0.6420664207,-1.053816215,-30.86,-1.665357204,251.587,-0.5341025884,0.4791250189
1.017,-0.65,-0.7202216066,-1.185403581,-33.27,-1.767046425,255.334,-0.4550101259,0.5334713828
1.018,-0.77,-0.853974122,-1.412266148,-37.78,-1.947914198,257.671,-0.4062658193,0.5998972626
1.019,-0.83,-0.9213691027,-1.527374938,-39.79,-2.024722628,258.219,-0.3948998262,0.6312451496
1.02,-0.73,-0.8111111111,-1.33933538,-36.52,-1.898589211,258.614,-0.3867221347,0.5860625436
1.021,-0.54,-0.6005560704,-0.9842188659,-29.7,-1.615114317,258.5,-0.3890809956,0.4910793173
1.022,-0.35,-0.3896103896,-0.6336753719,-22.57,-1.286917052,261.315,-0.3311357758,0.3916283579
1.023,-0.26,-0.2896935933,-0.469464155,-19,-1.109446888,262.947,-0.2978271316,0.3335982533
1.024,-0.33,-0.3680297398,-0.598108539,-21.37,-1.228273985,263.577,-0.2850242903,0.3952350628
1.025,-0.48,-0.5358139535,-0.8760752986,-26.75,-1.483436028,261.985,-0.3174361696,0.4864727769
1.026,-0.59,-0.6592178771,-1.082632002,-30.98,-1.670506155,259.316,-0.3722193938,0.5299938617
1.027,-0.57,-0.6374650513,-1.046091444,-30,-1.628190126,257.13,-0.4175103626,0.5113609982
1.028,-0.61,-0.6828358209,-1.122368652,-31.59,-1.696540279,252.658,-0.5113761018,0.5083383873
1.029,-0.89,-0.9971988796,-1.657529196,-41.36,-2.083149618,247.682,-0.6177936489,0.6136853061
1.03,-1.22,-1.368224299,-2.304113054,-53,-2.476638538,242.643,-0.7277598922,0.7190469923
1.031,-1.42,-1.594013096,-2.705523081,-60.05,-2.684599146,238.048,-0.8300459713,0.7697855659
1.032,-1.39,-1.561797753,-2.647883317,-59.28,-2.662881651,232.846,-0.9482544523,0.7332549205
1.033,-1.31,-1.473289597,-2.490153055,-56.83,-2.592197003,230.024,-1.013490424,0.6906181153
1.034,-1.38,-1.553470919,-2.633004792,-59.17,-2.659760031,225.13,-1.128545588,0.6950349461
1.035,-1.52,-1.712676056,-2.9188886,-64.21,-2.798020152,223.194,-1.174751744,0.7347234315
1.036,-1.66,-1.872180451,-3.20830105,-69.07,-2.92275545,221.093,-1.225351621,0.7734373764
1.037,-1.75,-1.975540922,-3.39744199,-72.26,-3.000505213,220.553,-1.238434504,0.8014839128
1.038,-1.78,-2.011299435,-3.463169773,-73.53,-3.030621398,220.183,-1.247417208,0.8095227957
1.039,-1.76,-1.990574929,-3.425057691,-72.98,-3.017635391,220.223,-1.246445377,0.8032347127
1.04,-1.71,-1.935849057,-3.324660525,-71.28,-2.976946588,212.962,-1.425814417,0.7551308193
1.041,-1.64,-1.858356941,-3.18310051,-69.17,-2.925240275,213.744,-1.406205109,0.73488183
1.042,-1.57,-1.780718336,-3.041981597,-67.14,-2.874168314,221.076,-1.225763002,0.7419591602
1.043,-1.49,-1.691579943,-2.880834983,-64.78,-2.813067275,223.085,-1.177365132,0.7219355423
1.044,-1.41,-1.602272727,-2.720320902,-62.21,-2.744297111,226.529,-1.095402558,0.7084723121
1.045,-1.35,-1.535545024,-2.601002195,-60.62,-2.700526373,226.256,-1.101853965,0.6840457722
1.046,-1.35,-1.537001898,-2.603601699,-60.65,-2.701361162,223.406,-1.169672478,0.6725856555
1.047,-1.38,-1.572649573,-2.667285775,-61.57,-2.726793898,221.959,-1.20443712,0.6784861443
1.048,-1.38,-1.574144487,-2.669959686,-61.63,-2.72844137,215.408,-1.364716571,0.6522982315
1.049,-1.34,-1.529971456,-2.591059567,-60.34,-2.692718233,216.305,-1.342484408,0.6421138659
1.05,-1.29,-1.474285714,-2.491923105,-58.68,-2.645796009,211.57,-1.460898824,0.6067952956
1.051,-1.25,-1.42993327,-2.413224214,-57.72,-2.618157391,212.12,-1.447008944,0.5936348024
1.052,-1.25,-1.43129771,-2.415641822,-57.63,-2.615547027,212.499,-1.437458497,0.5960124673
1.053,-1.27,-1.455587393,-2.458716613,-58.17,-2.631159558,214.14,-1.396302422,0.6104878519
1.054,-1.28,-1.468451243,-2.481557206,-58.72,-2.646939532,216.086,-1.347903808,0.6211901181
1.055,-1.28,-1.469856459,-2.484053439,-58.68,-2.645796009,218.705,-1.283450683,0.6321958465
1.056,-1.26,-1.448275862,-2.445743201,-58.11,-2.629430702,221.834,-1.207450912,0.6374299358
1.057,-1.23,-1.41514861,-2.387041789,-57.01,-2.597473875,226.096,-1.105638628,0.6446041774
1.058,-1.17,-1.347408829,-2.267409109,-55.29,-2.546493313,233.734,-0.9278900743,0.6526076302
1.059,-1.08,-1.244956772,-2.087498382,-52.53,-2.462013965,247.587,-0.6198460689,0.6773501583
1.06,-0.93,-1.073076923,-1.788443646,-47.9,-2.312473353,254.521,-0.4720720501,0.6422749092
1.061,-0.74,-0.85466795,-1.413448464,-41.45,-2.086458016,257.995,-0.3995428621,0.5685631395
1.062,-0.53,-0.612716763,-1.004586803,-34.45,-1.815536867,262.694,-0.302977225,0.474194062
1.063,-0.36,-0.4165863067,-0.6782111603,-28.21,-1.549314217,267.712,-0.2017449576,0.387314815
1.064,-0.21,-0.2432432432,-0.3935240073,-22.59,-1.287885884,273.625,-0.08486468448,0.286668253
1.065,-0.05,-0.05797101449,-0.0931547322,-15.73,-0.9387685842,279.453,0.02788958927,0.102269053
1.066,0.17,0.1972920696,0.3140690365,-5.56,-0.3551354707,291.832,0.2597809159,-3.293697265
1.067,0.42,0.4878993224,0.7683433787,4,0.2722904524,297.959,0.3709410701,1.194505169
1.068,0.74,0.8604651163,1.336196068,12.45,0.8963037849,301.346,0.4314132601,1.006386167
1.069,1.07,1.245392823,1.905733219,19.3,1.453539523,302.971,0.4601854805,0.9958239641
1.07,1.16,1.351456311,2.059599967,21.15,1.612301236,303.137,0.4631159814,0.9923787612
1.071,0.81,0.944606414,1.462180327,14.85,1.086145675,302.329,0.4488367236,0.9525713961
1.072,0.12,0.140077821,0.2234613209,-3.99,-0.2575376895,303.072,0.4619686873,1.093089224
1.073,-0.55,-0.6426484907,-1.05479357,-32.26,-1.724867705,301.341,0.431324491,0.8154297121
1.074,-0.81,-0.9473684211,-1.571923945,-42.41,-2.121475107,298.988,0.3893854394,0.9075303511
1.075,-0.54,-0.632195122,-1.037247357,-33.48,-1.775737829,296.042,0.3364091902,0.720646647
1.076,-0.1,-0.1171875,-0.1887191656,-16.62,-0.9860086693,293.175,0.2843449386,0.2689595563
1.077,0.18,0.211143695,0.3359473301,-2.88,-0.1872729021,289.336,0.2138262793,12.65177409
1.078,0.22,0.2583170254,0.4102870264,-0.72,-0.04749702857,285.341,0.1394415578,4.462332123
1.079,0.07,0.08227228208,0.131525977,-6.71,-0.4253131045,273.125,-0.09464978095,-0.2529526254
1.08,-0.11,-0.1294117647,-0.2084982508,-13.81,-0.8348162301,265.85,-0.2390854745,0.1941502187
1.081,-0.24,-0.2826300294,-0.4578997965,-18.55,-1.086426804,264.097,-0.2744798978,0.3364667071
1.082,-0.27,-0.3182711198,-0.5163107758,-19.64,-1.141933154,261.422,-0.328945573,0.3510219886
1.083,-0.16,-0.1887905605,-0.3048244133,-14.93,-0.8957961546,258.911,-0.3805815611,0.2388199116
1.084,-0.09,-0.1062992126,-0.1711165243,-11.78,-0.7218216224,256.391,-0.4329085751,0.1481874508
1.085,-0.29,-0.3428571429,-0.5566911086,-18.86,-1.102300896,253.707,-0.4892096486,0.3497878858
1.086,-0.7,-0.8284023669,-1.368730173,-32.88,-1.750833812,249.351,-0.5818637063,0.5867585327
1.087,-1.1,-1.303060217,-2.189379194,-46.16,-2.253601936,248.629,-0.5973771917,0.7679393977
1.088,-1.31,-1.553359684,-2.63280609,-53.14,-2.480975612,249.618,-0.5761380996,0.8612064641
1.089,-1.35,-1.602373887,-2.720502188,-54.56,-2.524474492,251.076,-0.5449800588,0.8863145369
1.09,-1.36,-1.615841584,-2.744648075,-55.03,-2.538677405,248.054,-0.6097643737,0.87174808
1.091,-1.37,-1.629335976,-2.768863232,-55.22,-2.544391893,247.799,-0.6152670131,0.8763171325
1.092,-1.32,-1.571428571,-2.665102,-53.61,-2.495471811,247.117,-0.6300117468,0.8527006944
1.093,-1.22,-1.453823237,-2.455585761,-50.73,-2.405073707,245.169,-0.6723523959,0.7979349232
1.094,-1.18,-1.407554672,-2.373603545,-49.22,-2.356142214,243.268,-0.7139970762,0.7731256859
1.095,-1.23,-1.468656716,-2.481922196,-51.04,-2.414986594,240.836,-0.7677512673,0.7798072929
1.096,-1.36,-1.625498008,-2.761973968,-55.52,-2.553383175,238.632,-0.8169369608,0.8194989962
1.097,-1.47,-1.758723829,-3.002132478,-59.2,-2.660611859,239.172,-0.804844131,0.8663022953
1.098,-1.47,-1.760479042,-3.005310441,-59.15,-2.659191947,239.037,-0.8078647768,0.866818942
1.099,-1.35,-1.618381618,-2.74920443,-55.3,-2.546793344,241.811,-0.7461360616,0.8348810713
1.1,-1.12,-1.344,-2.261403175,-48.15,-2.320808953,244.318,-0.6909549516,0.7508567226
1.101,-0.87,-1.045045045,-1.740000565,-40.06,-2.034867387,247.652,-0.6184416964,0.655785101
1.102,-0.71,-0.8537074148,-1.411811681,-34.7,-1.825702491,250.186,-0.5639781277,0.5907951339
1.103,-0.69,-0.8304914744,-1.372283997,-33.98,-1.796323806,254.225,-0.4782975543,0.6033021678
1.104,-0.74,-0.8915662651,-1.47640658,-35.5,-1.857981814,258.127,-0.3968062997,0.6547872818
1.105,-0.73,-0.8804020101,-1.457340554,-35.17,-1.844712726,262.913,-0.2985189507,0.679973411
1.106,-0.65,-0.7847082495,-1.29451892,-32.34,-1.728231485,267.235,-0.2112859053,0.6674438322
1.107,-0.56,-0.6767371601,-1.112101508,-29.3,-1.597590361,267.453,-0.2069233609,0.6162887513
1.108,-0.55,-0.6653225806,-1.092896735,-28.79,-1.575098129,268.312,-0.189767877,0.6192519612
1.109,-0.66,-0.7991927346,-1.31909486,-32.52,-1.735785544,267.203,-0.2119265783,0.6772535043
1.11,-0.85,-1.03030303,-1.714561366,-39.16,-2.000893443,263.601,-0.2845371683,0.7502137049
1.111,-1.06,-1.286147624,-2.159683011,-46.33,-2.259420357,261.273,-0.3319957266,0.8333987832
1.112,-1.23,-1.493927126,-2.526848747,-52.09,-2.448232362,257.082,-0.4185091724,0.881435845
1.113,-1.32,-1.604863222,-2.724963644,-55.46,-2.551588005,251.955,-0.5262827825,0.8853404944
1.114,-1.38,-1.679513185,-2.859092254,-57.47,-2.610898169,247.622,-0.6190898225,0.8851711717
1.115,-1.44,-1.754314721,-2.994151014,-59.34,-2.664582329,243.896,-0.7002037669,0.8898488429
1.116,-1.49,-1.817073171,-3.107973228,-60.94,-2.709412928,241.071,-0.7625334551,0.8951674032
1.117,-1.53,-1.86775178,-3.200225045,-62.64,-2.755971177,236.622,-0.8621909265,0.8844891283
1.118,-1.62,-1.979633401,-3.404956758,-65.41,-2.829565395,229.446,-1.026950722,0.8829100293
1.119,-1.7,-2.079510703,-3.58896632,-68.44,-2.907027918,224.545,-1.142465649,0.886275348
1.12,-1.74,-2.130612245,-3.683567541,-69.65,-2.937123618,221.845,-1.20718563,0.8888254521
1.121,-1.7,-2.083758938,-3.59681911,-68.52,-2.909032101,213.875,-1.402927191,0.8341495979
1.122,-1.64,-2.012269939,-3.464955754,-66.56,-2.859327706,215.506,-1.362283138,0.8207662625
1.123,-1.61,-1.977482088,-3.401006188,-65.85,-2.841006176,222.12,-1.200557855,0.8415074368
1.124,-1.64,-2.016393443,-3.472545322,-66.65,-2.861637953,222.654,-1.187711324,0.8575563834
1.125,-1.65,-2.030769231,-3.499020508,-67.27,-2.877479259,224.216,-1.150310138,0.868719827
1.126,-1.63,-2.008213552,-3.457491674,-66.49,-2.857528959,225.836,-1.111794422,0.87105316
1.127,-1.55,-1.911613566,-3.280311992,-64.08,-2.794572188,227.583,-1.070567671,0.8486916674
1.128,-1.44,-1.777777778,-3.036650667,-60.75,-2.704141287,229.025,-1.03677621,0.811739545
1.129,-1.36,-1.680741504,-2.861304742,-58.43,-2.638634404,230.985,-0.9911856208,0.7882773038
1.13,-1.38,-1.707216495,-2.909035504,-58.87,-2.651222028,232.928,-0.946370706,0.8086061206
1.131,-1.43,-1.770897833,-3.024182011,-60.72,-2.703307654,235.813,-0.8805136767,0.8438428514
1.132,-1.4,-1.73553719,-2.960185129,-59.98,-2.682634453,238.836,-0.8123653452,0.8469771961
1.133,-1.25,-1.551189245,-2.628929283,-55.16,-2.542588998,240.196,-0.7819873348,0.7907561806
1.134,-1.01,-1.254658385,-2.104481931,-47.84,-2.310468255,241.215,-0.7593386702,0.6855421148
1.135,-0.82,-1.019689119,-1.696261565,-41.69,-2.095258922,242.88,-0.7225368642,0.601981724
1.136,-0.73,-0.9087136929,-1.50571908,-38.45,-1.973770984,245.655,-0.661757556,0.5713157938
1.137,-0.68,-0.8473520249,-1.400984628,-36.85,-1.91159652,246.934,-0.633975103,0.5503615043
1.138,-0.65,-0.8108108108,-1.338825186,-35.73,-1.867191837,249.08,-0.5876813627,0.5453744765
1.139,-0.62,-0.7741935484,-1.27669401,-34.68,-1.824890619,252.058,-0.5240961325,0.5435083913
1.14,-0.59,-0.7375,-1.214591682,-33.65,-1.782754074,254.958,-0.4628942407,0.5408646019
1.141,-0.57,-0.7132429614,-1.173624633,-33.1,-1.759990826,255.755,-0.4461961991,0.5319696926
1.142,-0.6,-0.751565762,-1.23837868,-33.96,-1.795503274,257.174,-0.4165949507,0.5598208372
1.143,-0.68,-0.8526645768,-1.410034774,-37.14,-1.922974969,256.567,-0.4292373192,0.5994504754
1.144,-0.78,-0.9790794979,-1.626367552,-40.95,-2.068022205,256.982,-0.4205906253,0.6535237351
1.145,-0.81,-1.017801047,-1.693007666,-42.27,-2.116399338,259.098,-0.3767188867,0.6790723555
1.146,-0.75,-0.9433962264,-1.565112567,-40.06,-2.034867387,260.927,-0.3390853485,0.6592854793
1.147,-0.62,-0.7806925498,-1.287709822,-35.69,-1.865592339,260.669,-0.3443779509,0.5826819609
1.148,-0.5,-0.6302521008,-1.03398737,-31.59,-1.696540279,262.022,-0.3166806453,0.5135985612
1.149,-0.41,-0.5173501577,-0.8453242478,-28.19,-1.548421217,262.405,-0.3088662103,0.4551391645
1.15,-0.29,-0.3663157895,-0.5952861456,-23.71,-1.341697053,262.045,-0.3162110489,0.35905859
1.151,-0.16,-0.2023182297,-0.3268274598,-18.47,-1.082318874,267.351,-0.2089641086,0.2531028939
1.152,-0.08,-0.1012658228,-0.162983968,-14.99,-0.8990359156,268.194,-0.1921212524,0.1493680037
1.153,-0.08,-0.1013727561,-0.1631567114,-14.75,-0.88606044,267.786,-0.200266334,0.1501911904
1.154,-0.11,-0.1395348837,-0.2248909551,-16.3,-0.9690918569,269.084,-0.1743967062,0.1966709265
1.155,-0.17,-0.2158730159,-0.3488962133,-18.49,-1.083346295,271.745,-0.1217498811,0.2895173183
1.156,-0.26,-0.3305084746,-0.536400639,-22.41,-1.27915634,274.431,-0.06912868996,0.3978392009
1.157,-0.39,-0.4962884411,-0.8102954007,-27.89,-1.534994891,274.88,-0.06038264069,0.507901976
1.158,-0.5,-0.6369426752,-1.045214638,-32.15,-1.720236044,278.267,0.005135843434,0.6094189932
1.159,-0.5,-0.6376195537,-1.046350782,-32.28,-1.725709021,280.116,0.04056738829,0.6209275006
1.16,-0.38,-0.485106383,-0.7917191481,-27.94,-1.537236694,282.96,0.09461170696,0.5488045438
1.161,-0.19,-0.2428115016,-0.3928193581,-20.38,-1.179126991,287.109,0.1724883919,0.3902287857
1.162,-0.02,-0.02558635394,-0.04106644483,-12.98,-0.7890036076,298.02,0.3720362429,0.09848839096
1.163,0.04,0.05122732124,0.08198900399,-10.46,-0.6466132496,297.668,0.3657134692,-0.2918799148
1.164,-0.06,-0.07692307692,-0.1236949467,-14.5,-0.8724976531,297.631,0.3650484252,0.2437582717
1.165,-0.22,-0.2823529412,-0.4574462716,-21.86,-1.25234219,297.151,0.3564133268,0.5105832509
1.166,-0.36,-0.4625267666,-0.7542534989,-27.79,-1.530506376,296.299,0.3410516177,0.6341170132
1.167,-0.41,-0.5273311897,-0.8619424578,-29.86,-1.622095229,295.025,0.3179985688,0.660949824
1.168,-0.37,-0.4763948498,-0.7772572655,-28.54,-1.564011148,293.425,0.2889051162,0.6095628492
1.169,-0.26,-0.3351235231,-0.5439816644,-24.36,-1.372529991,290.069,0.2273627593,0.4750237775
1.17,-0.09,-0.1161290323,-0.1870073727,-17.36,-1.024836452,285.581,0.1439395455,0.2122920075
1.171,0.08,0.1033369214,0.1650732348,-9.35,-0.5822956888,278.469,0.009018114555,-0.2879464367
1.172,0.19,0.2456896552,0.390413424,-3.92,-0.2531376369,271.536,-0.1258661674,-1.030104235
1.173,0.21,0.2718446602,0.4315566919,-2.46,-0.1604107785,271.912,-0.118463066,-1.547497911
1.174,0.17,0.2203023758,0.3504008352,-4.18,-0.2694597005,272.168,-0.1134285119,-0.915151796
1.175,0.07,0.09081081081,0.145130615,-8.26,-0.5181705062,273.086,-0.09541377142,-0.2365292272
1.176,-0.11,-0.1428571429,-0.2302734286,-14.8,-0.8887672793,274.09,-0.07578057834,0.2387371728
1.177,-0.33,-0.429035753,-0.6987934078,-23.3,-1.322099131,275.465,-0.04900886177,0.5096559946
1.178,-0.52,-0.6767895879,-1.112189752,-30.25,-1.63904284,277.02,-0.0188930325,0.670827968
1.179,-0.58,-0.7557003257,-1.245375183,-32.39,-1.73033184,277.518,-0.009283949925,0.7158909397
1.18,-0.49,-0.6391304348,-1.048886999,-29.1,-1.588789859,278.655,0.01259038944,0.6654532117
1.181,-0.35,-0.4570184984,-0.745122906,-23.74,-1.343126497,279.573,0.03018644133,0.5675224111
1.182,-0.31,-0.4052287582,-0.6594500208,-22.06,-1.262117344,280.764,0.05292939636,0.5453660218
1.183,-0.42,-0.5496183206,-0.899092383,-26.06,-1.451811216,281.151,0.06029866156,0.6461259586
1.184,-0.64,-0.8384279476,-1.385789577,-34.05,-1.799193764,282.567,0.08717598651,0.8094481234
1.185,-0.86,-1.127868852,-1.883398939,-42.07,-2.10913,279.999,0.03833231153,0.9095040764
1.186,-1.01,-1.326039387,-2.229781389,-47.28,-2.291668598,276.312,-0.03258391633,0.9593541902
1.187,-1.09,-1.43263965,-2.418019777,-49.96,-2.380256694,272.263,-0.1115614249,0.9703837363
1.188,-1.11,-1.460526316,-2.467483686,-50.96,-2.412432712,267.163,-0.2127275275,0.9399364079
1.189,-1.13,-1.488474204,-2.517148008,-51.42,-2.427077018,261.836,-0.3204797666,0.9161404863
1.19,-1.14,-1.503296703,-2.543525383,-51.74,-2.437206744,255.131,-0.459265266,0.8781460256
1.191,-1.13,-1.491749175,-2.522973757,-51.67,-2.434994889,250.438,-0.558592049,0.8427928799
1.192,-1.12,-1.480176211,-2.502392606,-51.33,-2.424219533,247.475,-0.6222667758,0.8214028729
1.193,-1.11,-1.468577729,-2.481781887,-50.89,-2.410195624,247.716,-0.6170592898,0.8198126546
1.194,-1.09,-1.443708609,-2.437642364,-50.39,-2.394149901,245.846,-0.6575994768,0.7987688577
1.195,-1.08,-1.432044199,-2.416964595,-49.91,-2.378635538,243.424,-0.7105673916,0.7823910083
1.196,-1.06,-1.407079646,-2.372763164,-49.27,-2.357779802,241.173,-0.7602702854,0.760976603
1.197,-1.02,-1.355481728,-2.281638008,-47.9,-2.312473353,241.356,-0.7562122908,0.7435228867
1.198,-0.93,-1.237250554,-2.074015844,-45.27,-2.22290193,241.273,-0.7580524206,0.6957556543
1.199,-0.8,-1.065482797,-1.77531078,-40.95,-2.068022205,241.244,-0.7586955067,0.6280467175
1.2,-0.67,-0.8933333333,-1.479425678,-36.57,-1.900564092,242.082,-0.7401436204,0.5602383296
1.201,-0.63,-0.8409343715,-1.390056326,-35.1,-1.841889758,242.855,-0.723087576,0.5419370797
1.202,-0.72,-0.9621380846,-1.597266726,-38.25,-1.96607933,243.234,-0.7147448635,0.595811814
1.203,-0.89,-1.190635452,-1.992608643,-44.74,-2.20442772,243.413,-0.7108091563,0.6835151747
1.204,-1.05,-1.40625,-2.371295479,-50.57,-2.399939836,243.984,-0.6982737841,0.7653750739
1.205,-1.11,-1.488268156,-2.516781518,-52.92,-2.474156267,244.161,-0.6943939941,0.7943006458
1.206,-1.09,-1.463087248,-2.472030722,-52.3,-2.45482091,244.339,-0.6904951198,0.7859403312
1.207,-1.05,-1.410974244,-2.379653985,-50.82,-2.407956254,244.744,-0.6816346585,0.7702165278
1.208,-1.03,-1.385650224,-2.334879422,-50.28,-2.390604118,245.106,-0.6737273385,0.7619539383
1.209,-1.06,-1.427609428,-2.409107175,-51.23,-2.42104016,245.843,-0.6576647619,0.7825066825
1.21,-1.11,-1.496629213,-2.531657054,-53.14,-2.480975612,245.803,-0.658535307,0.8063858096
1.211,-1.15,-1.552305962,-2.630923877,-54.55,-2.52417126,250.255,-0.5625028289,0.8523490986
1.212,-1.14,-1.540540541,-2.609916749,-54.39,-2.519313618,251.345,-0.5392511974,0.8533141872
1.213,-1.09,-1.474633596,-2.492541301,-52.83,-2.471360276,251.861,-0.5282791463,0.830946974
1.214,-1.01,-1.367945824,-2.303621682,-50.37,-2.393505636,255.83,-0.4446275448,0.8116679291
1.215,-0.93,-1.261016949,-2.115619181,-47.57,-2.301423432,257.069,-0.4187797155,0.7777430827
1.216,-0.83,-1.126696833,-1.881364112,-44.43,-2.193554939,258.7,-0.3849433311,0.7296355919
1.217,-0.71,-0.9648924122,-1.601995626,-40.67,-2.057638472,261.551,-0.3263062398,0.6719936154
1.218,-0.58,-0.7891156463,-1.301994371,-36.15,-1.88392969,264.69,-0.2624805433,0.6065915783
1.219,-0.45,-0.6129398411,-1.004960599,-31.69,-1.700785973,266.707,-0.2218668333,0.5226947869
1.22,-0.36,-0.4909090909,-0.8013570902,-28.46,-1.560454755,269.2,-0.1720908602,0.462531597
1.221,-0.32,-0.4368600683,-0.711738417,-26.97,-1.493452755,273.362,-0.0900094141,0.4494824258
1.222,-0.33,-0.4510250569,-0.7351921386,-27.05,-1.497087256,278.836,0.01606434699,0.4964083499
1.223,-0.34,-0.4652223489,-0.7587230402,-27.49,-1.517001501,283.316,0.101338463,0.5359488944
1.224,-0.32,-0.4383561644,-0.7142144673,-26.75,-1.483436028,286.949,0.1695061147,0.5435712058
1.225,-0.25,-0.3428571429,-0.5566911086,-24.18,-1.36402063,301.231,0.4293711974,0.5956148787
1.226,-0.13,-0.1784897025,-0.2880842881,-19.21,-1.120139165,304.168,0.4812810066,0.4509362277
1.227,0,0,0,-13.44,-0.8144595062,306.386,0.5201517771,-0
1.228,0.07,0.09633027523,0.1539203413,-10.57,-0.6529333971,306.552,0.5230496232,-1.185062127
1.229,0.02,0.02755453502,0.04413924141,-12.69,-0.7728709424,307.47,0.5390467818,-0.1887710889
1.23,-0.1,-0.1379310345,-0.2222929845,-18.5,-1.083859896,307.938,0.5471838242,0.4142032711
1.231,-0.21,-0.2899884925,-0.4699470871,-23.28,-1.321140165,310.055,0.5838379426,0.6373873195
1.232,-0.21,-0.2903225806,-0.4704942081,-23.26,-1.320180922,312.888,0.6324993916,0.6841745596
1.233,-0.1,-0.1384083045,-0.2230660514,-18.77,-1.097699508,313.581,0.6443357363,0.4920244296
1.234,0.07,0.09699769053,0.1549829547,-11.41,-0.7008794776,313.981,0.6511557805,-3.116883169
1.235,0.2,0.2774566474,0.4403741677,-4.79,-0.307528872,313.895,0.6496902044,1.287036629
1.236,0.27,0.375,0.5930408438,-1.09,-0.07172820793,313.909,0.6499288139,1.025666244
1.237,0.27,0.3754345307,0.5937184296,-0.63,-0.04158482232,314.015,0.6517350835,0.973069205
1.238,0.21,0.2923433875,0.4637460493,-2.86,-0.1859971949,314.979,0.6681339809,0.9618557693
1.239,0.07,0.09756097561,0.1558797383,-8.1,-0.5086763819,311.753,0.6130570025,1.493378153
1.24,-0.15,-0.2093023256,-0.3381956723,-15.96,-0.9510336805,307.371,0.5373238974,0.8174708117
1.241,-0.4,-0.5587892899,-0.9143962446,-24.58,-1.382900269,301.19,0.4286429692,0.9582281889
1.242,-0.64,-0.8951048951,-1.482452822,-32.65,-1.741228833,293.663,0.2932427966,1.023803258
1.243,-0.89,-1.246207701,-2.089687624,-41.25,-2.079100039,286.019,0.1521386374,1.084447058
1.244,-1.17,-1.640186916,-2.788350361,-50.63,-2.401866441,268.647,-0.1830923199,1.078682726
1.245,-1.4,-1.964912281,-3.377934478,-58.28,-2.634325334,263.343,-0.2897760556,1.155204293
1.246,-1.52,-2.135831382,-3.693246712,-62.42,-2.750006971,258.762,-0.3836613046,1.178569774
1.247,-1.61,-2.264947245,-3.933719665,-65.4,-2.8293046,256.396,-0.4328042432,1.205882407
1.248,-1.73,-2.436619718,-4.25649097,-69.43,-2.931686059,253.431,-0.4950329163,1.242147664
1.249,-1.81,-2.552291422,-4.47592777,-72.31,-3.001699638,254.413,-0.4743426785,1.287650541
1.25,-1.76,-2.484705882,-4.347522341,-70.64,-2.961407104,255.403,-0.4535645678,1.273077132
1.251,-1.57,-2.219081272,-3.848071509,-65.17,-2.82329673,257.001,-0.420195087,1.186397786
1.252,-1.41,-1.995283019,-3.433711366,-60.33,-2.692438809,259.097,-0.3767395353,1.118772186
1.253,-1.37,-1.940968123,-3.334036748,-58.94,-2.653217442,260.769,-0.3423259332,1.112998989
1.254,-1.37,-1.943262411,-3.338240031,-58.99,-2.654641539,262.712,-0.3026106513,1.128831705
1.255,-1.34,-1.90295858,-3.264490979,-58.16,-2.630871517,264.541,-0.2654930275,1.127099482
1.256,-1.29,-1.834123223,-3.138976219,-56.45,-2.58101252,266.55,-0.2250170968,1.118653987
1.257,-1.24,-1.765124555,-3.013723287,-54.88,-2.534154962,267.377,-0.2084438441,1.098856778
1.258,-1.19,-1.695961995,-2.888735112,-53.56,-2.493934332,268.199,-0.192021512,1.075496129
1.259,-1.15,-1.640903686,-2.789638092,-52.13,-2.449488871,267.87,-0.1985883914,1.053457968
1.26,-1.09,-1.557142857,-2.639564866,-50.43,-2.395437867,267.285,-0.2102850073,1.012987564
1.261,-1.04,-1.487485101,-2.515388771,-48.61,-2.336066847,266.369,-0.2286512327,0.9807661868
1.262,-0.98,-1.403341289,-2.366150463,-46.73,-2.27305349,263.542,-0.2857347561,0.9247152306
1.263,-0.92,-1.318996416,-2.217391765,-44.77,-2.205477289,259.068,-0.3773383793,0.8585172347
1.264,-0.86,-1.234449761,-2.069117403,-42.75,-2.133758352,257.567,-0.4084255979,0.8139133293
1.265,-0.8,-1.149700599,-1.921332138,-40.78,-2.061722923,255.651,-0.4483721611,0.7654419748
1.266,-0.74,-1.064748201,-1.774040771,-38.94,-1.992519718,251.039,-0.5457685236,0.6989122599
1.267,-0.69,-0.993997599,-1.652020835,-37.2,-1.925323051,251.662,-0.5325079504,0.6721458206
1.268,-0.64,-0.9230769231,-1.530298793,-35.54,-1.859585803,252.388,-0.5170963734,0.6438802832
1.269,-0.6,-0.8664259928,-1.433493347,-34.05,-1.799193764,253.922,-0.4846777954,0.6276593538
1.27,-0.56,-0.8096385542,-1.336833688,-32.85,-1.749582831,256.223,-0.4364153073,0.6115438366
1.271,-0.54,-0.7816646562,-1.28935797,-31.96,-1.712218248,263.588,-0.2848010206,0.6456412265
1.272,-0.52,-0.7536231884,-1.241860003,-31.17,-1.678640148,269.898,-0.1582369706,0.6760713549
1.273,-0.49,-0.7110036276,-1.169846175,-30.19,-1.636441812,276.535,-0.02826789376,0.7027328376
1.274,-0.46,-0.6682808717,-1.097872521,-28.92,-1.580847375,280.474,0.04740054714,0.7159508247
1.275,-0.42,-0.6109090909,-1.001558033,-27.45,-1.515196385,283.989,0.1140319936,0.7148040861
1.276,-0.37,-0.5388349515,-0.8811105243,-25.82,-1.440736739,288.289,0.1944314951,0.7069781087
1.277,-0.32,-0.4665856622,-0.7609838737,-23.79,-1.345507527,290.094,0.2278238366,0.6808579925
1.278,-0.25,-0.3649635036,-0.5930595557,-20.99,-1.209491929,295.658,0.3294651297,0.6739107905
1.279,-0.19,-0.2777101096,-0.4498484484,-18.58,-1.087966071,299.514,0.3987892533,0.6527329948
1.28,-0.2,-0.2926829268,-0.4743600143,-18.74,-1.096164401,295.414,0.3250480703,0.6151601198
1.281,-0.27,-0.3956043956,-0.6435637532,-21.35,-1.227288007,290.355,0.2326351124,0.6470234555
1.282,-0.37,-0.5427872861,-0.8876996701,-24.93,-1.399330515,278.951,0.01827038624,0.642766851
1.283,-0.47,-0.6903304774,-1.134991961,-28.24,-1.550653229,264.132,-0.2737709249,0.6221096988
1.284,-0.56,-0.8235294118,-1.360442685,-31.56,-1.695265355,259.51,-0.3682184376,0.6592940977
1.285,-0.71,-1.045398773,-1.740611281,-36.52,-1.898589211,254.094,-0.4810550747,0.7314586015
1.286,-0.91,-1.341523342,-2.257040468,-43.68,-2.167043207,248.229,-0.6059913247,0.8139244
1.287,-1.14,-1.682656827,-2.864755038,-51.64,-2.434046262,245.542,-0.6642190939,0.9246319177
1.288,-1.34,-1.980295567,-3.406172836,-58.47,-2.639781953,243.922,-0.6996334722,1.019990748
1.289,-1.45,-2.145499383,-3.711185014,-62.4,-2.749463881,247.331,-0.6253807236,1.099661006
1.29,-1.47,-2.177777778,-3.771154987,-62.95,-2.764344966,249.156,-0.5860492045,1.125585467
1.291,-1.43,-2.121137206,-3.666003762,-61.73,-2.731184136,251.395,-0.538187029,1.121317702
1.292,-1.38,-2.04950495,-3.533561672,-60.12,-2.686561925,253.768,-0.4879234769,1.113113221
1.293,-1.33,-1.977695167,-3.401397453,-58.73,-2.647225312,254.807,-0.4660637405,1.092541487
1.294,-1.29,-1.920595533,-3.296740035,-57.38,-2.608278556,256.682,-0.4268398473,1.086198163
1.295,-1.25,-1.863354037,-3.192207723,-56.26,-2.57539756,258.794,-0.3829997336,1.079032803
1.296,-1.27,-1.895522388,-3.250904921,-56.84,-2.592490517,261.23,-0.3328762958,1.111281125
1.297,-1.33,-1.9875467,-3.419493051,-59.07,-2.656918019,264.062,-0.2751889645,1.166223835
1.298,-1.34,-2.004987531,-3.451556915,-59.42,-2.666847679,264.191,-0.272576012,1.174229127
1.299,-1.25,-1.872659176,-3.209174178,-56.69,-2.588083433,265.141,-0.2533725425,1.129411895
1.3,-1.12,-1.68,-2.859969101,-52.6,-2.464198403,268.026,-0.1954736078,1.075308944
1.301,-1.04,-1.561952441,-2.648159792,-49.97,-2.380580783,270.105,-0.1541353265,1.044755972
1.302,-1.03,-1.54887218,-2.624791186,-49.82,-2.375714473,270.236,-0.1515412238,1.038593439
1.303,-1.03,-1.550815558,-2.628261865,-49.68,-2.371162954,269.885,-0.1584946667,1.038979285
1.304,-0.97,-1.462311558,-2.470653372,-47.8,-2.309130542,272.39,-0.1090664418,1.021692355
1.305,-0.88,-1.328301887,-2.233762697,-45.02,-2.214205664,275.206,-0.05404144966,0.9847968874
1.306,-0.79,-1.19395466,-1.998396752,-41.9,-2.102934146,278.424,0.008153496036,0.9539885483
1.307,-0.68,-1.029003783,-1.712320578,-38.39,-1.971465875,281.475,0.06646048199,0.8988534021
1.308,-0.56,-0.8484848485,-1.40291416,-34.35,-1.811460118,285.045,0.1338888264,0.8362769242
1.309,-0.45,-0.6826801517,-1.122106528,-30.43,-1.646832218,286.611,0.1632005836,0.7563242125
1.31,-0.38,-0.5772151899,-0.9451739978,-27.54,-1.519256417,288.31,0.194821194,0.7136430544
1.311,-0.32,-0.4866920152,-0.7943523925,-25.47,-1.424517135,289.664,0.2198877653,0.6594164251
1.312,-0.27,-0.4111675127,-0.6692581493,-23.68,-1.34026699,292.276,0.2679143448,0.6241026703
1.313,-0.26,-0.3964421855,-0.6449462017,-23.21,-1.317781603,291.71,0.2575438875,0.608303395
1.314,-0.26,-0.3969465649,-0.6457785248,-23.14,-1.314419647,292.128,0.2652045755,0.6154872745
1.315,-0.24,-0.3668789809,-0.5962135251,-22.27,-1.272351038,290.91,0.242851626,0.579129544
1.316,-0.22,-0.3367346939,-0.5466288848,-21.63,-1.241065966,288.559,0.1994397472,0.5247841069
1.317,-0.26,-0.398467433,-0.6482884312,-23.16,-1.315380552,285.295,0.1385790115,0.5508901958
1.318,-0.43,-0.6598465473,-1.083688875,-29.35,-1.599786467,281.798,0.07259622856,0.7095965175
1.319,-0.68,-1.044814341,-1.739602258,-39.03,-1.995948625,278.252,0.004847443577,0.873688527
1.32,-0.91,-1.4,-2.36024152,-47.52,-2.299744527,274.327,-0.07115654197,0.9955040096
1.321,-1.05,-1.61745828,-2.747548042,-52.73,-2.468249347,272.105,-0.1146670447,1.063738668
1.322,-1.11,-1.712082262,-2.917816785,-54.87,-2.533853119,269.826,-0.1596643668,1.083273749
1.323,-1.11,-1.714285714,-2.921794286,-55,-2.537773694,268.34,-0.1892096008,1.071438278
1.324,-1.09,-1.68556701,-2.869998319,-54.25,-2.515054007,267.041,-0.2151711633,1.051194733
1.325,-1.06,-1.641290323,-2.790332738,-53.32,-2.486538973,266.981,-0.216373361,1.032343041
1.326,-1.04,-1.612403101,-2.738481278,-52.73,-2.468249347,266.354,-0.2289525149,1.015304533
1.327,-1.05,-1.630012937,-2.770078575,-53.19,-2.482522441,265.183,-0.252525136,1.012808186
1.328,-1.09,-1.694300518,-2.885739472,-54.55,-2.52417126,263.806,-0.280378141,1.028949418
1.329,-1.12,-1.743190661,-2.974024162,-55.58,-2.555176805,262.991,-0.2969319691,1.042745701
1.33,-1.12,-1.745454545,-2.978119045,-55.67,-2.557864367,260.434,-0.3492032928,1.024440912
1.331,-1.1,-1.716514954,-2.925818918,-55.21,-2.544091518,257.511,-0.4095889169,0.9905671867
1.332,-1.08,-1.6875,-2.873481539,-54.5,-2.522654446,255.667,-0.4480373401,0.967276899
1.333,-1.05,-1.642764016,-2.792980594,-53.67,-2.497315323,254.778,-0.4666726673,0.9423049632
1.334,-1.02,-1.597911227,-2.712505909,-52.71,-2.467626621,251.002,-0.5465571046,0.8999139254
1.335,-0.99,-1.552941176,-2.632058515,-51.74,-2.437206744,247.843,-0.6143171339,0.8625390527
1.336,-0.96,-1.507853403,-2.551639454,-50.8,-2.407316014,246.328,-0.647120659,0.835387905
1.337,-0.93,-1.462647444,-2.471249778,-49.89,-2.377986745,248.015,-0.6106055873,0.8268942377
1.338,-0.9,-1.417322835,-2.39089055,-48.97,-2.34793628,247.296,-0.6261378598,0.803910877
1.339,-0.88,-1.387647832,-2.338408584,-48.05,-2.317478381,245.091,-0.6740547579,0.781675641
1.34,-0.85,-1.342105263,-2.258065475,-47.14,-2.286944474,247.676,-0.6179232521,0.7773384842
1.341,-0.82,-1.296442688,-2.177755716,-46.28,-2.257710568,250.711,-0.552763243,0.7748713783
1.342,-0.79,-1.250659631,-2.097480409,-45.34,-2.225331147,254.863,-0.4648880778,0.7796689537
1.343,-0.75,-1.188903567,-1.989589059,-44.12,-2.182632322,262.292,-0.3111705879,0.7978132718
1.344,-0.7,-1.111111111,-1.85432,-42.47,-2.123647225,272.253,-0.1117579297,0.8295230044
1.345,-0.62,-0.9854304636,-1.637285521,-39.66,-2.019823652,278.018,0.0003463916637,0.8107471933
1.346,-0.48,-0.7639257294,-1.259300181,-34.81,-1.830163511,285.528,0.1429465652,0.7463771535
1.347,-0.28,-0.4462151394,-0.7272254558,-27.83,-1.532302568,290.18,0.2294096392,0.5581621021
1.348,-0.08,-0.1276595745,-0.2056620951,-20.02,-1.161081853,295.579,0.3280354154,0.2468795084
1.349,0.06,0.09587217044,0.1531909476,-13.68,-0.8276758944,298.372,0.378351553,-0.3409362314
1.35,0.14,0.224,0.3562333358,-9.81,-0.6090696898,299.488,0.3983248141,-1.690353489
1.351,0.2,0.3204272363,0.5077661161,-7.17,-0.4530769328,306.886,0.5288754774,6.69889004
1.352,0.26,0.4171122995,0.6586054208,-4.05,-0.2613058477,316.487,0.6936866325,1.52320696
1.353,0.34,0.546184739,0.8582579842,0.27,0.0179292053,324.261,0.8235128385,1.019984669
1.354,0.4,0.6434316354,1.007386936,1.8,0.1207514154,325.113,0.8375515978,1.051219626
1.355,0.37,0.5959731544,0.9347479838,1.05,0.07008766376,323.55,0.8117691308,1.059977073
1.356,0.23,0.3709677419,0.5867520786,-3.99,-0.2575376895,322.928,0.8014742684,1.078714139
1.357,0.03,0.04845222073,0.07755538503,-11.63,-0.7133445598,319.269,0.7405089826,2.855035267
1.358,-0.13,-0.2102425876,-0.339726602,-17.88,-1.051878061,315.221,0.6722428355,0.8948763947
1.359,-0.24,-0.3886639676,-0.6321144351,-21.72,-1.24548284,310.847,0.5974864807,0.9754907194
1.36,-0.32,-0.5189189189,-0.8479354259,-24.87,-1.396519814,304.754,0.4915782235,0.9370056975
1.361,-0.43,-0.698240866,-1.148322661,-28.68,-1.570224845,297.717,0.3665940759,0.9540489416
1.362,-0.54,-0.8780487805,-1.453323641,-32.94,-1.75333412,285.385,0.140266472,0.9009688111
1.363,-0.65,-1.05834464,-1.762972632,-36.88,-1.912775862,275.876,-0.04103248995,0.9023262851
1.364,-0.75,-1.222826087,-2.04879807,-40.41,-2.04795787,271.473,-0.1271075832,0.9419477776
1.365,-0.85,-1.387755102,-2.338598111,-44.15,-2.183691534,268.902,-0.1780165031,0.9902147403
1.366,-0.98,-1.602179837,-2.720154436,-48.77,-2.341349877,266.355,-0.2289324289,1.058309599
1.367,-1.12,-1.833560709,-3.137952826,-53.56,-2.493934332,265.31,-0.2499635564,1.143611371
1.368,-1.21,-1.983606557,-3.412254305,-57.07,-2.599229838,263.159,-0.2935154528,1.179590307
1.369,-1.25,-2.051983584,-3.538134374,-58.51,-2.640928857,261.725,-0.3227482702,1.193832601
1.37,-1.24,-2.038356164,-3.513002798,-58.13,-2.63000715,260.076,-0.3565626147,1.176266779
1.371,-1.21,-1.991769547,-3.427253204,-57.05,-2.598644683,262.169,-0.3136800214,1.176810127
1.372,-1.17,-1.928571429,-3.311335929,-55.8,-2.561740305,266.203,-0.2319863687,1.185275553
1.373,-1.11,-1.83218707,-3.135453891,-54.22,-2.514140117,271.286,-0.1307941183,1.185456277
1.374,-1.07,-1.768595041,-3.020009862,-52.83,-2.471360276,272.677,-0.103432455,1.172913775
1.375,-1.06,-1.754482759,-2.994455157,-52.46,-2.459827311,274.401,-0.06971356839,1.183793937
1.376,-1.08,-1.790055249,-3.058915202,-53.39,-2.4886986,276.552,-0.02793901241,1.215477027
1.377,-1.12,-1.858921162,-3.184128657,-54.54,-2.523867984,278.733,0.01408773062,1.268688226
1.378,-1.1,-1.828254848,-3.128301588,-54.2,-2.513530638,280.075,0.03978426253,1.264600777
1.379,-1.05,-1.747572816,-2.981951091,-52.55,-2.462638316,280.212,0.04240060029,1.232090167
1.38,-1.01,-1.683333333,-2.865973812,-51.18,-2.419448739,281.561,0.06809483576,1.218861103
1.381,-0.99,-1.652294854,-2.810111283,-50.58,-2.400261054,282.574,0.08730851981,1.214945504
1.382,-0.95,-1.587743733,-2.69429635,-49.31,-2.35908901,283.579,0.1063025219,1.195983891
1.383,-0.83,-1.389121339,-2.341012121,-45.59,-2.2339865,285.142,0.1357091064,1.115682859
1.384,-0.67,-1.122905028,-1.874781997,-40.15,-2.038239983,287.197,0.1741279359,1.005723878
1.385,-0.55,-0.9230769231,-1.530298793,-36.13,-1.883135,289.422,0.2154162358,0.9176000327
1.386,-0.53,-0.8907563025,-1.475022853,-35.35,-1.851958417,291.728,0.2578739997,0.9253103771
1.387,-0.56,-0.9424964937,-1.563569995,-36.55,-1.899774315,293.761,0.2950278786,0.974340843
1.388,-0.56,-0.9438202247,-1.565839535,-36.61,-1.902142947,295.638,0.3291032128,0.9954227481
1.389,-0.49,-0.8270042194,-1.366352043,-34.41,-1.813906888,296.94,0.3526130671,0.9350289605
1.39,-0.39,-0.6591549296,-1.082526182,-30.65,-1.656324707,298.124,0.373902906,0.8441264655
1.391,-0.27,-0.4569816643,-0.7450618613,-26.18,-1.457333993,300.07,0.4087114689,0.7105148367
1.392,-0.14,-0.2372881356,-0.3838065613,-21.21,-1.220378231,302.624,0.4540544847,0.500841274
1.393,-0.01,-0.01697312588,-0.02723349476,-15.8,-0.9425056566,304.844,0.4931579531,0.06060672959
1.394,0.09,0.1529745042,0.243918868,-10.99,-0.6769763532,309.201,0.5690818389,-2.260716121
1.395,0.16,0.2723404255,0.4323357807,-7.66,-0.4824596762,321.991,0.7859282742,1.424647504
1.396,0.18,0.3068181818,0.4864461764,-6.53,-0.4144013617,322.736,0.7982924276,1.267146385
1.397,0.15,0.2560455192,0.4067133976,-7.6,-0.4788723866,322.163,0.788785355,1.312347139
1.398,0.09,0.1538461538,0.2453008284,-10.23,-0.6333672186,321.455,0.7770150144,1.707654663
1.399,-0.02,-0.03423680456,-0.05496796218,-14.26,-0.8594324604,318.244,0.723305397,0.4037989274
1.4,-0.15,-0.2571428571,-0.4162214057,-19.25,-1.12217216,314.565,0.6610974582,0.9027201095
1.401,-0.29,-0.4978540773,-0.8128974963,-24.6,-1.383841386,308.763,0.5614979007,0.9885133296
1.402,-0.43,-0.7392550143,-1.217558363,-29.94,-1.625579557,299.021,0.3899758987,0.9853955636
1.403,-0.56,-0.9641319943,-1.600689977,-34.79,-1.829352954,285.471,0.1418784372,0.9485713475
1.404,-0.68,-1.172413793,-1.960856409,-39.04,-1.996329333,280.409,0.04616053808,1.005480353
1.405,-0.79,-1.364028777,-2.296710981,-43.13,-2.147413873,275.324,-0.05174802329,1.044357391
1.406,-0.91,-1.573487032,-2.668783682,-47.45,-2.297391987,270.209,-0.1520757833,1.089536149
1.407,-1.03,-1.783549784,-3.04711568,-51.83,-2.440047255,267.689,-0.2022046131,1.153226805
1.408,-1.13,-1.959537572,-3.368074949,-55.64,-2.556968897,264.854,-0.2591667487,1.195991732
1.409,-1.21,-2.10130246,-3.62927051,-58.47,-2.639781953,263.034,-0.2960572958,1.236195242
1.41,-1.27,-2.208695652,-3.828712223,-60.48,-2.696626096,260.762,-0.3424695488,1.259819588
1.411,-1.31,-2.281567489,-3.964816707,-61.94,-2.736931691,262.488,-0.3071742464,1.302456875
1.412,-1.33,-2.319767442,-4.036413341,-62.9,-2.762996745,264.71,-0.2620763121,1.334319292
1.413,-1.34,-2.340611354,-4.075552663,-63.24,-2.772146596,266.724,-0.2215258332,1.361388983
1.414,-1.34,-2.344023324,-4.081964304,-63.18,-2.770534986,268.797,-0.1801059621,1.383416138
1.415,-1.32,-2.312408759,-4.022607903,-62.71,-2.757865126,271.065,-0.1351542101,1.390453169
1.416,-1.28,-2.245614035,-3.897587472,-61.42,-2.72266926,273.459,-0.08811135237,1.386656595
1.417,-1.2,-2.108345534,-3.642308735,-59.05,-2.656349138,274.623,-0.06538698134,1.338229929
1.418,-1.1,-1.935483871,-3.323991759,-55.75,-2.560250412,275.619,-0.04601875492,1.275383142
1.419,-0.98,-1.726872247,-2.94452547,-52.01,-2.445717156,277.427,-0.01103853823,1.198542239
1.42,-0.85,-1.5,-2.5376565,-48.04,-2.317145055,278.968,0.01859641924,1.104025584
1.421,-0.72,-1.272459499,-2.135673198,-43.9,-2.17485042,281.724,0.07119113701,1.015218204
1.422,-0.62,-1.097345133,-1.830457255,-40.36,-2.046091946,280.388,0.04575985833,0.9150766848
1.423,-0.56,-0.9926144756,-1.649641304,-38.29,-1.96761948,284.862,0.1304530025,0.8979269566
1.424,-0.53,-0.9408284024,-1.560710342,-37.43,-1.934304779,289.286,0.2129016688,0.9066501232
1.425,-0.48,-0.8533333333,-1.411174263,-35.75,-1.867991233,293.832,0.2963207804,0.8978817801
1.426,-0.35,-0.6231454006,-1.022067583,-31,-1.671363433,300.238,0.4117059318,0.8113853028
1.427,-0.13,-0.2317979198,-0.3748514156,-22.68,-1.292242177,306.409,0.5205533796,0.4857546421
1.428,0.1,0.1785714286,0.284464375,-13.08,-0.794551446,321.609,0.7795774344,-18.99720545
1.429,0.24,0.4292101341,0.6774019317,-6.21,-0.3949363368,324.462,0.8268281211,1.568452923
1.43,0.28,0.5014925373,0.7893488406,-4.14,-0.2669523509,327.583,0.8780438425,1.291703209
1.431,0.27,0.4843049327,0.7627853684,-4.86,-0.3118773546,329.887,0.9155404597,1.263594482
1.432,0.26,0.4670658683,0.7361074431,-5.24,-0.3354114036,331.597,0.9432010543,1.211122042
1.433,0.27,0.4857571214,0.7650310731,-4.61,-0.2963280737,332.41,0.9563019769,1.159183824
1.434,0.3,0.5405405405,0.8495683857,-2.82,-0.1834447491,333.54,0.9744580121,1.074025463
1.435,0.38,0.6857142857,1.071880594,0.74,0.04929329924,334.039,0.9824560183,1.038896344
1.436,0.53,0.9578313253,1.481906138,4.4,0.300316544,336.016,1.014026503,1.127488095
1.437,0.69,1.248868778,1.910796785,8.72,0.612475389,335.959,1.01311888,1.175445079
1.438,0.78,1.413897281,2.149564234,11.04,0.7874242588,335.117,0.9996935683,1.202810582
1.439,0.75,1.361573374,2.07420767,10.36,0.7356080126,334.608,0.9915614229,1.200928888
1.44,0.68,1.236363636,1.892573392,8.61,0.6043087435,334.07,0.9829524942,1.192351547
1.441,0.67,1.220030349,1.868743635,8.3,0.5813556798,333.467,0.9732869599,1.202040641
1.442,0.73,1.331306991,2.030471126,9.89,0.7000555195,332.688,0.9607744008,1.222564154
1.443,0.8,1.461187215,2.217393712,11.68,0.836603557,332.469,0.957251473,1.236105301
1.444,0.81,1.481707317,2.246744481,12.16,0.8737509405,331.861,0.9474587468,1.233655024
1.445,0.74,1.355725191,2.065765135,10.43,0.7409213337,331.015,0.9338027917,1.233495776
1.446,0.57,1.04587156,1.612699249,6.11,0.4217921938,331.809,0.9466203783,1.178518293
1.447,0.3,0.5513016845,0.8661326038,-0.82,-0.05405781652,327.753,0.8808195179,1.047620617
1.448,-0.01,-0.01840490798,-0.02953234935,-13.11,-0.7962142848,322.098,0.7877058236,3.470938934
1.449,-0.3,-0.5529953917,-0.9047266478,-23.98,-1.354539769,315.979,0.6850923347,1.351452857
1.45,-0.55,-1.015384615,-1.688843804,-33.17,-1.76289821,306.406,0.5205009983,1.35934288
1.451,-0.78,-1.442218798,-2.43500045,-41.47,-2.087192618,297.343,0.3598690388,1.409695601
1.452,-1,-1.851851852,-3.171249383,-49.71,-2.372139063,277.439,-0.01080713101,1.330810318
1.453,-1.21,-2.244204019,-3.894953987,-57.3,-2.605947207,269.756,-0.1610524784,1.407645258
1.454,-1.37,-2.544891641,-4.461842757,-62.83,-2.761107694,263.326,-0.2901214338,1.462309964
1.455,-1.45,-2.697674419,-4.753962064,-65.9,-2.84230205,260.57,-0.346410224,1.490872068
1.456,-1.48,-2.757763975,-4.869605431,-66.81,-2.865738335,253.531,-0.4929223044,1.449865275
1.457,-1.47,-2.743390358,-4.841904496,-66.43,-2.855985858,254.238,-0.4780239847,1.452276605
1.458,-1.43,-2.672897196,-4.706401611,-65.25,-2.82538851,262.572,-0.305462442,1.503234004
1.459,-1.36,-2.546021841,-4.463993604,-63.1,-2.76838413,267.117,-0.2136487673,1.496963232
1.46,-1.27,-2.38125,-4.152008252,-60.38,-2.693835541,271.042,-0.1356081795,1.467429171
1.461,-1.18,-2.215962441,-3.842256528,-57.54,-2.612933339,273.88,-0.07988116799,1.426855254
1.462,-1.08,-2.031347962,-3.500086839,-54.74,-2.529925227,277.686,-0.006046220991,1.380175965
1.463,-0.99,-1.864992151,-3.195193826,-51.72,-2.436575014,283.308,0.1011873928,1.368164238
1.464,-0.86,-1.622641509,-2.756847596,-47.82,-2.309799497,289.011,0.2078134525,1.311544196
1.465,-0.69,-1.303937008,-2.190919635,-42.3,-2.117487887,292.934,0.2799452448,1.192309547
1.466,-0.49,-0.927444795,-1.537778321,-35.59,-1.861589459,299.126,0.3918541995,1.046296135
1.467,-0.33,-0.6255924171,-1.026171196,-29.64,-1.612492258,304.664,0.4899980273,0.9141883925
1.468,-0.24,-0.4556962025,-0.7429315789,-26.3,-1.462847148,311.725,0.6125764723,0.8737589099
1.469,-0.22,-0.4183835182,-0.6811813028,-25.69,-1.434721931,319.137,0.7382965973,0.9781110338
1.47,-0.24,-0.4571428571,-0.7453290057,-26.57,-1.475216641,334.865,0.9956689823,1.554233437
1.471,-0.25,-0.4769475358,-0.7781745057,-27,-1.494816189,337.926,1.044351153,1.727491464
1.472,-0.22,-0.4203821656,-0.6844847924,-25.67,-1.433795568,339.321,1.066391148,1.863028196
1.473,-0.12,-0.2296650718,-0.3713734627,-21.78,-1.248424252,339.878,1.075166046,2.143468243
1.474,0.03,0.05750798722,0.09201991716,-15.74,-0.9393026778,340.421,1.083706557,0.637239926
1.475,0.16,0.3072,0.4870446298,-9.41,-0.5857976064,340.477,1.084586571,0.9764543009
1.476,0.26,0.5,0.7870435,-4.45,-0.2863488262,340.369,1.082889271,0.9880772598
1.477,0.33,0.6356340289,0.9954702807,-0.3,-0.0198458683,339.891,1.075370674,0.9431045821
1.478,0.41,0.7909967846,1.23155365,1.87,0.1255057383,339.368,1.067132136,1.032630002
1.479,0.49,0.9468599034,1.465543007,3.94,0.2680991864,338.063,1.046519679,1.114804485
1.48,0.54,1.04516129,1.611647718,5.21,0.3575202108,336.775,1.026097568,1.164807032
1.481,0.55,1.066235864,1.642822686,5.36,0.3681799878,335.299,1.002598332,1.198459782
1.482,0.53,1.029126214,1.587892509,4.83,0.3306085758,332.292,0.9544024791,1.235703384
1.483,0.51,0.9918962723,1.532621423,4.37,0.298209494,322.671,0.797214813,1.399112118
1.484,0.5,0.974025974,1.506033471,4.27,0.2911919638,323.741,0.8149264434,1.36154815
1.485,0.47,0.9170731707,1.421046679,3.37,0.2284462113,327.14,0.8708039857,1.2927418
1.486,0.35,0.6840390879,1.069329421,0.4,0.02658478558,336.991,1.029527839,1.012514571
1.487,0.13,0.2544861338,0.4042597556,-7.7,-0.4848495626,333.68,0.9767031487,0.8219107617
1.488,-0.15,-0.2941176471,-0.4767101384,-18.1,-1.063258747,331.231,0.9372927336,3.784434594
1.489,-0.43,-0.8445171849,-1.396156722,-28.14,-1.546187575,326.2,0.8554092343,2.021135638
1.49,-0.66,-1.298360656,-2.181124035,-36.4,-1.893843543,320.27,0.7572565285,1.919011924
1.491,-0.85,-1.674876847,-2.850742735,-43.14,-2.147772195,311.756,0.6131084853,1.85756835
1.492,-1.02,-2.013157895,-3.466589924,-48.98,-2.348265094,293.617,0.2924046956,1.686199086
1.493,-1.18,-2.332784185,-4.060849326,-54.67,-2.52780717,287.236,0.1748543914,1.725852453
1.494,-1.32,-2.613861386,-4.593372154,-59.5,-2.669110496,281.346,0.06400801482,1.763221288
1.495,-1.4,-2.776859504,-4.906444073,-62.09,-2.741026956,277.793,-0.003985116945,1.787403459
1.496,-1.4,-2.781456954,-4.915319774,-62.18,-2.743480076,274.327,-0.07115654197,1.74634258
1.497,-1.35,-2.686567164,-4.732632497,-60.83,-2.706362615,273.782,-0.08179585262,1.697404417
1.498,-1.3,-2.591362126,-4.550403208,-59.22,-2.661179545,274.165,-0.07431684339,1.663465259
1.499,-1.26,-2.515806988,-4.406544409,-57.84,-2.621632716,275.265,-0.05289461358,1.64759745
1.5,-1.21,-2.42,-4.225091649,-56.5,-2.582487618,275.816,-0.04219618274,1.609752629
1.501,-1.17,-2.34,-4.074403975,-55.18,-2.543190135,277.913,-0.001674542613,1.601029717
1.502,-1.13,-2.26,-3.924469479,-53.88,-2.503755071,279.715,0.03290310973,1.588306196
1.503,-1.09,-2.18,-3.775288161,-52.6,-2.464198403,282.258,0.08132231443,1.584340948
1.504,-1.05,-2.1,-3.62686002,-51.33,-2.424219533,285.232,0.1373974723,1.58598261
1.505,-1.01,-2.02,-3.479185057,-50.17,-2.387052641,288.553,0.1993285036,1.590321649
1.506,-0.97,-1.94,-3.332263271,-48.91,-2.345962384,292.292,0.2682072107,1.60378052
1.507,-0.91,-1.82,-3.113292801,-46.9,-2.278823328,295.222,0.3215697857,1.59064359
1.508,-0.81,-1.62,-2.752107905,-43.64,-2.165620988,298.786,0.3857696915,1.546257213
1.509,-0.67,-1.34,-2.254357415,-39.1,-1.9986124,303.132,0.4630277368,1.468077579
1.51,-0.51,-1.02,-1.696797377,-33.67,-1.78357836,307.892,0.5463845777,1.371488768
1.511,-0.36,-0.72,-1.185029453,-28.15,-1.546634434,310.701,0.5949730786,1.245221787
1.512,-0.23,-0.46,-0.7500646472,-23.19,-1.31682139,313.707,0.6464849883,1.118937663
1.513,-0.12,-0.24,-0.3882312192,-18.93,-1.105875675,314.897,0.6667410083,0.8840823757
1.514,-0.03,-0.06,-0.0964223112,-14.94,-0.8963363049,315.617,0.6789596162,0.4435724539
1.515,0.04,0.08,0.1279040512,-11.38,-0.6991767359,315.884,0.6834835998,-8.15031812
1.516,0.08,0.16,0.2550549248,-9.62,-0.5980314896,316.206,0.6889344064,2.805794731
1.517,0.06,0.12,0.1915736352,-10.41,-0.6437372678,316.602,0.6956302771,3.6917041
1.518,-0.01,-0.02,-0.0320936968,-12.89,-0.7840039152,317.435,0.7096879821,0.4318548588
1.519,-0.1,-0.2,-0.32305528,-15.95,-0.9505012434,317.631,0.7129903162,1.360170177
1.52,-0.19,-0.38,-0.6178298248,-19.07,-1.113014539,318.067,0.7203290222,1.573345076
1.521,-0.29,-0.58,-0.9498290888,-22.52,-1.28449375,317.795,0.7157519281,1.670053181
1.522,-0.4,-0.8,-1.32046528,-26.36,-1.465600122,317.64,0.713141905,1.754868576
1.523,-0.51,-1.02,-1.696797377,-30.11,-1.632970217,315.545,0.6777390104,1.776321131
1.524,-0.6,-1.2,-2.00894208,-33.22,-1.764973081,313.227,0.6382927368,1.78306304
1.525,-0.67,-1.34,-2.254357415,-35.57,-1.860788174,309.003,0.5656548147,1.740637286
1.526,-0.73,-1.46,-2.466549287,-37.36,-1.93157444,303.997,0.478272448,1.697203542
1.527,-0.77,-1.54,-2.608952007,-39.01,-1.99518704,296.057,0.3366802597,1.573072862
1.528,-0.82,-1.64,-2.788014563,-40.7,-2.058753072,289.866,0.2236173394,1.519241609
1.529,-0.87,-1.74,-2.968253959,-42.22,-2.114584017,283.875,0.111883944,1.482126055
1.53,-0.92,-1.84,-3.149670195,-44.08,-2.181219309,278.296,0.005693372411,1.447774141
1.531,-1.02,-2.04,-3.516033187,-47.17,-2.287957604,273.731,-0.08279254128,1.483088884
1.532,-1.16,-2.32,-4.036849741,-51.96,-2.444143669,270.051,-0.1552050175,1.553023556
1.533,-1.33,-2.66,-4.681673735,-57.92,-2.623946329,267.432,-0.2073434512,1.653548064
1.534,-1.48,-2.96,-5.261933747,-62.92,-2.763536144,263.975,-0.2769519092,1.730621419
1.535,-1.55,-3.1,-5.53634642,-65.22,-2.824604353,263.171,-0.2932714993,1.775678918
1.536,-1.54,-3.08,-5.497003389,-64.83,-2.814381723,263.334,-0.2899589001,1.770747497
1.537,-1.48,-2.96,-5.261933747,-63.05,-2.767038657,265.105,-0.2540989977,1.741706055
1.538,-1.43,-2.86,-5.067336903,-61.5,-2.724870127,266.721,-0.2215860081,1.719807345
1.539,-1.41,-2.82,-4.989827681,-61,-2.71107478,271.119,-0.1340885202,1.753793071
1.54,-1.41,-2.82,-4.989827681,-61.06,-2.712735254,274.819,-0.06157001778,1.798586382
1.541,-1.38,-2.76,-4.873916899,-59.93,-2.681229928,277.807,-0.003715498515,1.815275965
1.542,-1.25,-2.5,-4.3765325,-55.93,-2.565609054,281.922,0.07494987935,1.757178398
1.543,-1.01,-2.02,-3.479185057,-48.49,-2.332096439,285.487,0.1421782842,1.58872835
1.544,-0.72,-1.44,-2.431066291,-39.2,-2.002413015,288.989,0.2074061861,1.354349327
1.545,-0.5,-1,-1.66235,-31.39,-1.688030169,291.697,0.2573054605,1.161893682
1.546,-0.38,-0.76,-1.252653219,-27.17,-1.502531077,295.577,0.3279992151,1.066512761
1.547,-0.36,-0.72,-1.185029453,-26.34,-1.464682731,297.451,0.3618118964,1.074495232
1.548,-0.4,-0.8,-1.32046528,-27.75,-1.528709137,299.46,0.3978246038,1.167639349
1.549,-0.49,-0.98,-1.627949697,-30.9,-1.667074528,300.622,0.4185441313,1.303892721
1.55,-0.64,-1.28,-2.148896973,-36.41,-1.894239337,302.774,0.4567056333,1.494849802
1.551,-0.81,-1.62,-2.752107905,-42.5,-2.124732562,304.384,0.4850788745,1.678469012
1.552,-0.9,-1.8,-3.07696248,-45.52,-2.231566214,305.201,0.4994196231,1.776386881
1.553,-0.85,-1.7,-2.89601698,-43.86,-2.173432812,306.984,0.5305836567,1.762801516
1.554,-0.7,-1.4,-2.36024152,-39.01,-1.99518704,307.601,0.5413257058,1.623429597
1.555,-0.56,-1.12,-1.869740365,-34,-1.797144096,309.104,0.5674032175,1.520434425
1.556,-0.47,-0.94,-1.559290311,-30.92,-1.667932812,310.95,0.5992589241,1.459088996
1.557,-0.42,-0.84,-1.388465635,-29.28,-1.596711468,312.737,0.629916854,1.436153672
1.558,-0.39,-0.78,-1.286535713,-27.93,-1.536788464,316.894,0.7005622738,1.538502055
1.559,-0.34,-0.68,-1.117593981,-26.04,-1.450889816,319.768,0.7488642125,1.591956155
1.56,-0.28,-0.56,-0.9164173312,-23.74,-1.343126497,323.025,0.8030810417,1.69692629
1.561,-0.23,-0.46,-0.7500646472,-21.91,-1.254788614,326.317,0.857327805,1.887141145
1.562,-0.22,-0.44,-0.7169353312,-21.48,-1.233691807,334.102,0.9834649371,2.865141273
1.563,-0.25,-0.5,-0.8164645,-22.51,-1.28400888,339.587,1.070583469,3.825526196
1.564,-0.3,-0.6,-0.98328792,-24.44,-1.376304822,338.388,1.05166048,3.028815825
1.565,-0.36,-0.72,-1.185029453,-26.52,-1.472929657,333.579,0.9750835377,2.380312727
1.566,-0.42,-0.84,-1.388465635,-28.44,-1.559565008,327.465,0.8761163501,2.03155807
1.567,-0.47,-0.94,-1.559290311,-30.39,-1.64510302,320.292,0.7576240183,1.7569884
1.568,-0.53,-1.06,-1.765833351,-32.44,-1.732430652,305.206,0.4995072695,1.432232835
1.569,-0.6,-1.2,-2.00894208,-34.81,-1.830163511,299.05,0.3904947334,1.395419635
1.57,-0.7,-1.4,-2.36024152,-38.48,-1.974922773,292.037,0.2635377519,1.379141158
1.571,-0.85,-1.7,-2.89601698,-43.63,-2.165265302,287.069,0.1717429784,1.452713594
1.572,-1,-2,-3.442384,-48.79,-2.342009385,283.141,0.09803282804,1.534055242
1.573,-1.09,-2.18,-3.775288161,-52.19,-2.451372268,282.026,0.07692311095,1.589963782
1.574,-1.12,-2.24,-3.887103539,-53.1,-2.479737343,280.819,0.05397732694,1.60242708
1.575,-1.1,-2.2,-3.81251288,-52.52,-2.461701721,283.102,0.09729586528,1.612461274
1.576,-1.08,-2.16,-3.738110515,-51.74,-2.437206744,286.218,0.1558596483,1.638554047
1.577,-1.05,-2.1,-3.62686002,-51.01,-2.414029237,288.565,0.1995509884,1.637794375
1.578,-1.02,-2.04,-3.516033187,-50.03,-2.382524325,291.015,0.2447822872,1.644741566
1.579,-0.97,-1.94,-3.332263271,-48.33,-2.326791689,293.438,0.2891421391,1.635346604
1.58,-0.88,-1.76,-3.004443059,-45.4,-2.227411341,296.465,0.3440480885,1.595254158
1.581,-0.74,-1.48,-2.502079357,-40.9,-2.066171118,299.056,0.3906020723,1.493271413
1.582,-0.6,-1.2,-2.00894208,-36.21,-1.886312353,302.659,0.4546732036,1.403246119
1.583,-0.51,-1.02,-1.696797377,-33.21,-1.764558229,305.465,0.5040453926,1.346116698
1.584,-0.49,-0.98,-1.627949697,-32.16,-1.720657414,308.057,0.5492508865,1.389739308
1.585,-0.49,-0.98,-1.627949697,-32.16,-1.720657414,309.03,0.5661222654,1.410047758
1.586,-0.47,-0.94,-1.559290311,-31.74,-1.702906482,309.005,0.565689442,1.37114575
1.587,-0.44,-0.88,-1.456654285,-30.54,-1.651582289,309.861,0.5804894243,1.359970114
1.588,-0.41,-0.82,-1.354441921,-29.5,-1.606365158,310.406,0.5898910232,1.332490295
1.589,-0.41,-0.82,-1.354441921,-29.44,-1.603735414,310.15,0.5854769168,1.330155284
1.59,-0.42,-0.84,-1.388465635,-29.88,-1.622966693,308.571,0.5581700424,1.303972579
1.591,-0.41,-0.82,-1.354441921,-29.58,-1.609867895,309.669,0.577173362,1.311561045
1.592,-0.38,-0.76,-1.252653219,-28.19,-1.548421217,311.262,0.6046242985,1.327248685
1.593,-0.32,-0.64,-1.050346803,-26.14,-1.455494137,314.414,0.658528692,1.317932678
1.594,-0.28,-0.56,-0.9164173312,-24.71,-1.389012656,318.755,0.7318889288,1.39458871
1.595,-0.27,-0.54,-0.8830526472,-24.16,-1.363073778,320.351,0.7586094345,1.460884595
1.596,-0.25,-0.5,-0.8164645,-23.45,-1.329282563,324.934,0.8346051953,1.650498999
1.597,-0.22,-0.44,-0.7169353312,-22.31,-1.27429681,328.458,0.8923150627,1.876883743
1.598,-0.2,-0.4,-0.65081792,-21.24,-1.221860066,332.061,0.9506820171,2.399965344
1.599,-0.19,-0.38,-0.6178298248,-20.78,-1.19906837,337.572,1.038743734,3.853617499
1.6,-0.19,-0.38,-0.6178298248,-20.87,-1.203539452,348.6,1.210726504,-85.96429525
1.601,-0.19,-0.38,-0.6178298248,-20.75,-1.197576727,349.08,1.218088046,-30.12140906
1.602,-0.15,-0.3,-0.48634818,-19.47,-1.133332914,349.095,1.218317931,-5.722752025
1.603,-0.14,-0.28,-0.4535954528,-18.91,-1.104854673,347.558,1.194710875,-5.048015008
1.604,-0.17,-0.34,-0.5519948552,-19.88,-1.154039167,344.761,1.151482157,215.8750982
1.605,-0.2,-0.4,-0.65081792,-21.12,-1.215928896,342.197,1.111545323,6.234869175
1.606,-0.24,-0.48,-0.7832410368,-22.31,-1.27429681,340.048,1.077841337,3.986862902
1.607,-0.27,-0.54,-0.8830526472,-23.6,-1.336450457,336.73,1.025382651,2.838778655
1.608,-0.33,-0.66,-1.083946855,-25.81,-1.440274464,331.985,0.9494574031,2.208453904
1.609,-0.36,-0.72,-1.185029453,-26.67,-1.479785624,325.622,0.8459210586,1.869530997
1.61,-0.35,-0.7,-1.15128818,-26.45,-1.469725083,312.005,0.617379833,1.35072986
1.611,-0.4,-0.8,-1.32046528,-27.98,-1.53902896,311.011,0.6003083469,1.406664838
1.612,-0.48,-0.96,-1.593596467,-31.13,-1.676929612,309.722,0.5780889388,1.45025253
1.613,-0.58,-1.16,-1.939247075,-34.52,-1.818387019,309.834,0.5800232272,1.565975272
1.614,-0.58,-1.16,-1.939247075,-34.6,-1.821640736,310.035,0.5834928314,1.56624832
1.615,-0.49,-0.98,-1.627949697,-31.45,-1.690585826,311.201,0.6035757221,1.497639894
1.616,-0.41,-0.82,-1.354441921,-28.32,-1.554221063,312.107,0.6191285576,1.44845768
1.617,-0.35,-0.7,-1.15128818,-26.01,-1.449507215,313.327,0.6400004907,1.422209532
1.618,-0.34,-0.68,-1.117593981,-25.92,-1.445355796,314.113,0.6534044885,1.411190272
1.619,-0.4,-0.8,-1.32046528,-28.08,-1.543505053,315.571,0.6781798169,1.525975697
1.62,-0.49,-0.98,-1.627949697,-31.03,-1.672648878,317.858,0.7168124124,1.703167597
1.621,-0.54,-1.08,-1.800421949,-32.98,-1.754999765,319.592,0.745918767,1.784219455
1.622,-0.56,-1.12,-1.869740365,-33.37,-1.77118854,320.634,0.7633335703,1.855168076
1.623,-0.53,-1.06,-1.765833351,-32.64,-1.740810488,320.705,0.7645181232,1.808713676
1.624,-0.49,-0.98,-1.627949697,-31.01,-1.671791978,319.983,0.752460143,1.77079661
1.625,-0.45,-0.9,-1.49081922,-29.55,-1.608554849,319.904,0.7511391285,1.738735579
1.626,-0.49,-0.98,-1.627949697,-30.99,-1.670934826,320.284,0.7574903885,1.782209876
1.627,-0.7,-1.4,-2.36024152,-38.21,-1.964538269,321.149,0.7719198077,1.979041577
1.628,-0.94,-1.88,-3.222566205,-46.74,-2.273393291,322.341,0.7917404958,2.17498068
1.629,-0.94,-1.88,-3.222566205,-46.73,-2.27305349,323.838,0.8165291823,2.212504239
1.63,-0.7,-1.4,-2.36024152,-38.78,-1.986412608,325.878,0.8501255101,2.077152441
1.631,-0.53,-1.06,-1.765833351,-32.79,-1.747079211,327.009,0.8686612017,2.010242655
1.632,-0.62,-1.24,-2.078825379,-36.12,-1.882737567,328.196,0.888045843,2.089919247
1.633,-0.87,-1.74,-2.968253959,-44.96,-2.212113787,328.538,0.8936179625,2.251242593
1.634,-1.03,-2.06,-3.552928391,-50.7,-2.404112018,329.052,0.9019815342,2.365259497
1.635,-1.13,-2.26,-3.924469479,-53.91,-2.504673445,328.31,0.8899038611,2.430358807
1.636,-1.22,-2.44,-4.262881251,-57.33,-2.606821773,328.018,0.8851434361,2.476003305
1.637,-1.15,-2.3,-3.99934258,-54.97,-2.536869595,326.085,0.8535227889,2.375828062
1.638,-0.76,-1.52,-2.573280717,-42.68,-2.13123449,323.699,0.8142323251,1.953892548
1.639,-0.26,-0.52,-0.8497350368,-25.41,-1.421728351,319.307,0.7411457118,1.248540571
1.64,-0.03,-0.06,-0.0964223112,-15.84,-0.9446394691,315.396,0.6752121497,0.357878746
1.641,-0.19,-0.38,-0.6178298248,-21.63,-1.241065966,310.549,0.5923551309,0.9523963399
1.642,-0.55,-1.1,-1.83505762,-34.87,-1.832593747,306.288,0.5184402633,1.396379984
1.643,-0.91,-1.82,-3.113292801,-47.51,-2.299408598,301.618,0.4362400826,1.670966837
1.644,-1.15,-2.3,-3.99934258,-56.14,-2.571843432,296.937,0.3525590155,1.802086542
1.645,-1.28,-2.56,-4.490607411,-60.61,-2.700248033,294.793,0.3137898127,1.881703762
1.646,-1.31,-2.62,-4.605105985,-61.71,-2.730635884,292.303,0.2684085466,1.870300892
1.647,-1.3,-2.6,-4.56689272,-61.59,-2.727343206,291.398,0.251818704,1.844818226
1.648,-1.31,-2.62,-4.605105985,-61.77,-2.732280187,290.384,0.2331694316,1.842697838
1.649,-1.32,-2.64,-4.643366323,-62.13,-2.742117605,289.021,0.2079985634,1.832339463
1.65,-1.32,-2.64,-4.643366323,-62.25,-2.745385969,286.708,0.1650109196,1.7994928
1.651,-1.31,-2.62,-4.605105985,-61.95,-2.737204971,286.036,0.1524566138,1.781645773
1.652,-1.29,-2.58,-4.528726529,-61.25,-2.717984351,284.299,0.1198688234,1.743081276
1.653,-1.26,-2.52,-4.414510397,-60.3,-2.691600304,285.056,0.134095281,1.726100382
1.654,-1.23,-2.46,-4.300717927,-59.33,-2.664298981,285.695,0.1460747657,1.707837571
1.655,-1.2,-2.4,-4.18734912,-58.39,-2.637486208,289.954,0.2252412917,1.735872296
1.656,-1.17,-2.34,-4.074403975,-57.45,-2.610316321,294.171,0.3024896271,1.765472246
1.657,-1.14,-2.28,-3.961882493,-56.51,-2.582782512,294.078,0.3007979965,1.736156607
1.658,-1.1,-2.2,-3.81251288,-55.5,-2.552784956,293.769,0.2951735733,1.688737446
1.659,-1.07,-2.14,-3.700979943,-54.57,-2.52477768,296.485,0.3444089959,1.697410154
1.66,-1.05,-2.1,-3.62686002,-53.95,-2.505897326,299.374,0.3962879508,1.719209282
1.661,-1.05,-2.1,-3.62686002,-53.71,-2.498543445,300.458,0.4156247195,1.741239337
1.662,-1.05,-2.1,-3.62686002,-53.79,-2.500997565,300.812,0.421924386,1.74446001
1.663,-1.05,-2.1,-3.62686002,-53.96,-2.506203187,301.639,0.4366125607,1.752452864
1.664,-1.06,-2.12,-3.663896445,-54.07,-2.509564744,303.493,0.4693952628,1.795878469
1.665,-1.06,-2.12,-3.663896445,-54.14,-2.511701147,305.016,0.496175695,1.817836853
1.666,-1.06,-2.12,-3.663896445,-54.19,-2.513225832,306.405,0.5204835378,1.838620305
1.667,-1.06,-2.12,-3.663896445,-54.25,-2.515054007,306.7,0.5256319222,1.841688836
1.668,-1.09,-2.18,-3.775288161,-55.26,-2.545592962,307.763,0.5441425752,1.886276165
1.669,-1.15,-2.3,-3.99934258,-57.36,-2.607695966,309.149,0.5681820248,1.960929268
1.67,-1.17,-2.34,-4.074403975,-58.26,-2.633750103,311.871,0.6150816199,2.018362108
1.671,-1.13,-2.26,-3.924469479,-56.79,-2.591022532,315.65,0.6795189675,2.053079864
1.672,-0.97,-1.94,-3.332263271,-51.89,-2.441938868,318.434,0.726498534,1.942511905
1.673,-0.72,-1.44,-2.431066291,-44.11,-2.182279147,321.082,0.7708035426,1.722357995
1.674,-0.49,-0.98,-1.627949697,-36.4,-1.893843543,322.681,0.797380614,1.484728442
1.675,-0.32,-0.64,-1.050346803,-30.2,-1.636875475,324.901,0.8340618266,1.308332021
1.676,-0.22,-0.44,-0.7169353312,-26.47,-1.470641008,326.006,0.8522264974,1.159311948
1.677,-0.17,-0.34,-0.5519948552,-24.68,-1.387603126,326.622,0.8623259752,1.050864014
1.678,-0.12,-0.24,-0.3882312192,-22.91,-1.303349294,327.099,0.8701334357,0.8961611431
1.679,-0.09,-0.18,-0.2905379208,-21.48,-1.233691807,327.737,0.8805583393,0.8227425258
1.68,-0.07,-0.14,-0.2256444232,-20.7,-1.19508923,328.6,0.8946274917,0.7509922037
1.681,-0.06,-0.12,-0.1932682848,-20.38,-1.179126991,328.675,0.8958484419,0.6822552765
1.682,-0.06,-0.12,-0.1932682848,-20.14,-1.167107229,328.657,0.8955554392,0.7117179557
1.683,-0.05,-0.1,-0.16093922,-19.82,-1.151016555,328.342,0.8904252941,0.6175925443
1.684,-0.04,-0.08,-0.1286572288,-19.49,-1.134345791,328.253,0.8889749327,0.5243378527
1.685,-0.03,-0.06,-0.0964223112,-19.15,-1.117087496,327.181,0.8714744518,0.3925781362
1.686,-0.02,-0.04,-0.0642344672,-18.85,-1.101789922,326.46,0.8596717908,0.2653021765
1.687,-0.02,-0.04,-0.0642344672,-18.79,-1.098722549,325.875,0.8500762583,0.2583367201
1.688,-0.02,-0.04,-0.0642344672,-18.47,-1.082318874,326.165,0.8548351691,0.2823695313
1.689,0.04,0.08,0.1279040512,-16.2,-0.963789633,326.135,0.8543430643,-1.168643774
1.69,0.16,0.32,0.5070971392,-10.6,-0.6546554013,326.119,0.8540805898,2.542793832
1.691,0.23,0.46,0.7251627128,-7.13,-0.45066962,323.677,0.8138687033,1.996598411
1.692,0.15,0.3,0.47575662,-10.17,-0.6299047856,321.865,0.7838343277,3.090742776
1.693,-0.06,-0.12,-0.1932682848,-18.26,-1.071513278,318.255,0.7234903148,0.5553319902
1.694,-0.34,-0.68,-1.117593981,-28.77,-1.57421266,314.375,0.6578650353,1.219617917
1.695,-0.57,-1.14,-1.904470183,-37.19,-1.924931849,310.854,0.5976069566,1.434818404
1.696,-0.73,-1.46,-2.466549287,-42.93,-2.140236312,307.481,0.5392381792,1.540632207
1.697,-0.85,-1.7,-2.89601698,-47.36,-2.294363738,304.479,0.4867483798,1.602120145
1.698,-0.91,-1.82,-3.113292801,-49.66,-2.370511976,300.377,0.414182227,1.591394703
1.699,-0.94,-1.88,-3.222566205,-50.65,-2.402508268,295.14,0.3200835789,1.547506722
1.7,-0.93,-1.86,-3.186094663,-50.44,-2.395759741,293.763,0.2950643027,1.516685668
1.701,-0.89,-1.78,-3.040679233,-49.01,-2.349251248,293.774,0.2952646305,1.480379281
1.702,-0.83,-1.66,-2.823968295,-47.28,-2.291668598,290.076,0.227491865,1.368084549
1.703,-0.8,-1.6,-2.71624832,-46.13,-2.252573643,292.211,0.2667244125,1.367801884
1.704,-0.78,-1.56,-2.644670371,-45.61,-2.234677552,295.262,0.3222946148,1.382918829
1.705,-0.77,-1.54,-2.608952007,-45.43,-2.228450748,297.947,0.3707255999,1.404379981
1.706,-0.77,-1.54,-2.608952007,-45.3,-2.22394333,300.167,0.4104406192,1.438625921
1.707,-0.77,-1.54,-2.608952007,-45.23,-2.221512679,303.463,0.4688663941,1.488578745
1.708,-0.76,-1.52,-2.573280717,-44.99,-2.213159957,307.694,0.5429429788,1.54068648
1.709,-0.73,-1.46,-2.466549287,-44.09,-2.181572641,310.741,0.5956617994,1.555288748
1.71,-0.68,-1.36,-2.289605043,-42.33,-2.118575954,314.995,0.6684057382,1.578852619
1.711,-0.61,-1.22,-2.043860193,-39.85,-2.02698052,320.527,0.7615479033,1.615147394
1.712,-0.52,-1.04,-1.731291827,-37.12,-1.922191812,324.273,0.8237108235,1.576078098
1.713,-0.45,-0.9,-1.49081922,-34.45,-1.815536867,327.305,0.8735016915,1.582551542
1.714,-0.37,-0.74,-1.218817799,-31.72,-1.702058465,333.058,0.9667211138,1.65749475
1.715,-0.29,-0.58,-0.9498290888,-28.92,-1.580847375,336.285,1.01830777,1.688466164
1.716,-0.22,-0.44,-0.7169353312,-26,-1.449046214,346.067,1.171710371,2.585079958
1.717,-0.13,-0.26,-0.4208897992,-22.82,-1.299007415,350.924,1.246274807,7.981585165
1.718,-0.05,-0.1,-0.16093922,-19.42,-1.130799456,350.996,1.247372368,-1.380588477
1.719,0.01,0.02,0.0320466232,-16.87,-0.9991717239,348.99,1.216708528,0.1473158682
1.72,0.02,0.04,0.0640461728,-16.58,-0.9838982539,346.214,1.173982425,0.3369358556
1.721,-0.03,-0.06,-0.0964223112,-18.65,-1.09155514,342.274,1.112749026,-4.549534143
1.722,-0.12,-0.24,-0.3882312192,-22.24,-1.270890974,333.543,0.974506132,1.309888914
1.723,-0.23,-0.46,-0.7500646472,-26.38,-1.466517247,325.286,0.8403976969,1.197957559
1.724,-0.33,-0.66,-1.083946855,-30.59,-1.653738882,324.821,0.8327443401,1.320285094
1.725,-0.37,-0.74,-1.218817799,-32.07,-1.716862858,324.981,0.8353789888,1.382688716
1.726,-0.25,-0.5,-0.8164645,-27.66,-1.524661514,325.636,0.846151075,1.203318995
1.727,0,0,0,-17.95,-1.055503049,326.164,0.8548187664,-0
1.728,0.11,0.22,0.3499238072,-12.63,-0.7695249792,326.758,0.864553163,3.682316057
1.729,-0.02,-0.04,-0.0642344672,-17.91,-1.053432069,328.385,0.8911258896,0.3957610696
1.73,-0.24,-0.48,-0.7832410368,-26.86,-1.4884484,329.981,0.9170647039,1.370779464
1.731,-0.36,-0.72,-1.185029453,-31.29,-1.683765736,332.43,0.9566238589,1.629708714
1.732,-0.27,-0.54,-0.8830526472,-28.21,-1.549314217,335.876,1.011796978,1.642835956
1.733,-0.12,-0.24,-0.3882312192,-22.27,-1.272351038,339.415,1.067873021,1.898645263
1.734,-0.03,-0.06,-0.0964223112,-18.51,-1.084373424,345.884,1.168880546,-1.140996271
1.735,0.03,0.06,0.0959986488,-16.28,-0.9680320117,356.708,1.333735773,0.2625038593
1.736,0.04,0.08,0.1279040512,-15.66,-0.9350278181,356.824,1.335475289,0.3194028194
1.737,0.02,0.04,0.0640461728,-16.3,-0.9690918569,353.754,1.289246438,0.2000476538
1.738,0,0,0,-17.04,-1.008096015,349.744,1.228254844,0
1.739,-0.02,-0.04,-0.0642344672,-17.9,-1.05291414,346.138,1.172807878,-0.5357616531
1.74,-0.07,-0.14,-0.2256444232,-19.99,-1.159573893,341.802,1.10536622,4.162591943
1.741,-0.17,-0.34,-0.5519948552,-23.73,-1.342650085,335.696,1.00892908,1.654060871
1.742,-0.31,-0.62,-1.016793825,-29.12,-1.589671068,323.206,0.8060779577,1.297604346
1.743,-0.44,-0.88,-1.456654285,-34.09,-1.800832412,312.237,0.6213564961,1.235001296
1.744,-0.49,-0.98,-1.627949697,-36.04,-1.879555991,307.731,0.5435862741,1.218552843
1.745,-0.43,-0.86,-1.422536423,-33.84,-1.790575003,306.408,0.5205359192,1.12007295
1.746,-0.36,-0.72,-1.185029453,-31.31,-1.684619123,304.951,0.4950354694,0.9961716008
1.747,-0.44,-0.88,-1.456654285,-34.41,-1.813906888,307.992,0.5481219178,1.150791263
1.748,-0.64,-1.28,-2.148896973,-41.99,-2.106216243,311.603,0.6104822297,1.436683898
1.749,-0.79,-1.58,-2.680435809,-47.84,-2.310468255,315.183,0.6715978522,1.635538603
1.75,-0.76,-1.52,-2.573280717,-46.98,-2.281533561,319.129,0.738162484,1.667311741
1.751,-0.57,-1.14,-1.904470183,-40.79,-2.062093908,323.012,0.8028657289,1.51241071
1.752,-0.37,-0.74,-1.218817799,-33.94,-1.7946825,327.356,0.8743352527,1.324302107
1.753,-0.24,-0.48,-0.7832410368,-29.34,-1.599347375,331.509,0.9417810702,1.191121004
1.754,-0.21,-0.42,-0.6838530888,-28.09,-1.543952303,336.041,1.014424535,1.291439525
1.755,-0.25,-0.5,-0.8164645,-29.83,-1.620787553,339.913,1.07571695,1.497905952
1.756,-0.32,-0.64,-1.050346803,-32.75,-1.745408904,344.956,1.154507311,1.777532529
1.757,-0.35,-0.7,-1.15128818,-33.88,-1.792218728,351.052,1.248225871,2.116366356
1.758,-0.26,-0.52,-0.8497350368,-30.84,-1.664498164,362.304,1.417014507,3.433499601
1.759,-0.06,-0.12,-0.1932682848,-23.05,-1.310092142,363.444,1.433822008,-1.562018057
1.76,0.19,0.38,0.6008362552,-12.33,-0.752753048,364.391,1.44774399,0.864523865
1.761,0.37,0.74,1.154374041,-3.42,-0.2215873049,364.804,1.453804235,0.93682696
1.762,0.41,0.82,1.275311199,-1.32,-0.08673051104,364.83,1.454185522,0.9326165679
1.763,0.35,0.7,1.09362302,-4.3,-0.2769736057,364.995,1.456604595,0.9270890894
1.764,0.27,0.54,0.8487359928,-7.82,-0.4920113549,364.919,1.455490491,0.8809074952
1.765,0.21,0.42,0.6630936312,-10.87,-0.6701212323,364.625,1.451178483,0.8489693054
1.766,0.12,0.24,0.3814526208,-15.18,-0.9092771192,364.51,1.449490866,0.7061142424
1.767,-1.33226763e-14,-2.664535259e-14,-4.272276977e-14,-20.58,-1.189111962,363.969,1.441544582,-1.692442512e-13
1.768,-0.06,-0.12,-0.1932682848,-23.6,-1.336450457,363.832,1.439530433,-1.87493529
1.769,0.02,0.04,0.0640461728,-20.47,-1.183623767,363.629,1.436544568,0.2532261976
1.77,0.22,0.44,0.6941517088,-11.64,-0.7139102482,363.094,1.428667425,0.9711713728
1.771,0.42,0.84,1.305427805,-1.2,-0.07890898373,361.181,1.400405857,0.9878402527
1.772,0.52,1.04,1.604004813,1.91,0.1282244698,359.65,1.377679691,1.065144021
1.773,0.5,1,1.544666,1.47,0.09839736986,357.645,1.347770719,1.068109587
1.774,0.43,0.86,1.335497337,-0.23,-0.01522226044,352.741,1.273904351,1.061028314
1.775,0.36,0.72,1.124022067,-3.18,-0.2063673069,342.841,1.12160433,1.228121283
1.776,0.26,0.52,0.8179132832,-7.42,-0.468092788,342.839,1.12157312,1.251626473
1.777,0.09,0.18,0.2867249592,-13.77,-0.8326205898,341.962,1.107870008,1.041691429
1.778,-0.12,-0.24,-0.3882312192,-21.81,-1.249894007,341.016,1.093049316,2.475258915
1.779,-0.32,-0.64,-1.050346803,-29.38,-1.601103361,338.891,1.059607133,1.939712134
1.78,-0.44,-0.88,-1.456654285,-33.79,-1.788518985,336.589,1.02314196,1.903185275
1.781,-0.51,-1.02,-1.696797377,-36.37,-1.892655812,333.651,0.976238162,1.851554667
1.782,-0.62,-1.24,-2.078825379,-40.74,-2.060238437,330.662,0.9280944168,1.836184569
1.783,-0.77,-1.54,-2.608952007,-46.16,-2.253601936,327.284,0.8731584227,1.889937533
1.784,-0.84,-1.68,-2.859969101,-48.86,-2.344316145,323.599,0.8125792997,1.867141284
1.785,-0.79,-1.58,-2.680435809,-47.06,-2.284240608,321.124,0.7715033181,1.771910977
1.786,-0.66,-1.32,-2.219156861,-42.94,-2.140595694,318.392,0.7257928467,1.56852728
1.787,-0.58,-1.16,-1.939247075,-40.19,-2.039737475,315.723,0.6807561126,1.426985776
1.788,-0.56,-1.12,-1.869740365,-39.58,-2.016804215,312.807,0.6311142119,1.349320816
1.789,-0.56,-1.12,-1.869740365,-39.67,-2.020200831,311.359,0.6062912837,1.322390367
1.79,-0.58,-1.16,-1.939247075,-40.29,-2.043477333,308.608,0.5588115094,1.306184223
1.791,-0.62,-1.24,-2.078825379,-41.74,-2.097088518,304.597,0.4888213559,1.292587095
1.792,-0.66,-1.32,-2.219156861,-43.48,-2.159923705,298.941,0.3885443696,1.252784661
1.793,-0.69,-1.38,-2.324899745,-44.57,-2.198471384,301.144,0.4278258146,1.313023784
1.794,-0.69,-1.38,-2.324899745,-44.66,-2.201626598,302.093,0.4446588476,1.323245543
1.795,-0.68,-1.36,-2.289605043,-44.06,-2.18051249,305.527,0.5051311679,1.366617267
1.796,-0.64,-1.28,-2.148896973,-42.89,-2.138798253,310.202,0.586373827,1.384220021
1.797,-0.6,-1.2,-2.00894208,-41.49,-2.087927002,316.604,0.6956640733,1.442932968
1.798,-0.56,-1.12,-1.869740365,-40.29,-2.043477333,321.405,0.7761827959,1.475379487
1.799,-0.54,-1.08,-1.800421949,-39.6,-2.017559409,322.431,0.793234047,1.470542067
1.8,-0.49,-0.98,-1.627949697,-37.94,-1.954112242,324.475,0.8270424717,1.444408979
1.801,-0.34,-0.68,-1.117593981,-32.62,-1.739973613,329.134,0.9033145921,1.335781905
1.802,-0.1,-0.2,-0.32305528,-23.71,-1.341697053,332.133,0.9518419192,0.8286546764
1.803,0.11,0.22,0.3499238072,-15.18,-0.9092771192,335.895,1.012099611,3.403183488
1.804,0.16,0.32,0.5070971392,-12.72,-0.7745428726,339.209,1.064624977,1.748115898
1.805,0.09,0.18,0.2867249592,-15.55,-0.9291420015,341.807,1.105444481,1.626324033
1.806,0.04,0.08,0.1279040512,-17.98,-1.057055512,346.863,1.18400195,1.007543448
1.807,0.03,0.06,0.0959986488,-18.39,-1.078206264,358.265,1.35703725,0.3442897446
1.808,0.06,0.12,0.1915736352,-16.98,-1.004948719,359.869,1.38093645,0.5095209748
1.809,0.11,0.22,0.3499238072,-14.72,-0.8844354223,358.069,1.354109565,0.7450352819
1.81,0.14,0.28,0.4443690272,-13.25,-0.8039649764,356.919,1.336899471,0.8338154721
1.811,0.13,0.26,0.4129343608,-13.73,-0.8304237177,354.252,1.296772647,0.8854622261
1.812,0.06,0.12,0.1915736352,-16.79,-0.9949646151,352.073,1.263763233,0.7127031997
1.813,0.01,0.02,0.0320466232,-18.68,-1.093092217,348.451,1.208439297,0.2778277802
1.814,0,0,0,-19.32,-1.125727111,342.696,1.119341141,-0
1.815,-0.12,-0.24,-0.3882312192,-23.86,-1.348838081,329.166,0.9038347197,0.8724231165
1.816,-0.36,-0.72,-1.185029453,-33.69,-1.784402404,327.649,0.8791216287,1.309018688
1.817,-0.6,-1.2,-2.00894208,-43.3,-2.153498153,328.426,0.8917938139,1.592244726
1.818,-0.63,-1.26,-2.113837639,-44.27,-2.187923698,329.423,0.9080101616,1.651547218
1.819,-0.4,-0.8,-1.32046528,-36.68,-1.904903701,331.309,0.9385524311,1.366444398
1.82,-0.1,-0.2,-0.32305528,-26.1,-1.453653211,333.083,0.9671226805,0.6639979601
1.821,0.1,0.2,0.31834792,-18.11,-1.063775206,334.33,0.9871146727,-4.152696418
1.822,0.17,0.34,0.5383905848,-14.98,-0.8984961455,334.71,0.993192038,5.685469249
1.823,0.19,0.38,0.6008362552,-13.79,-0.8337185639,336.058,1.01469518,3.319966242
1.824,0.27,0.54,0.8487359928,-10.41,-0.6437372678,337.543,1.038284108,2.151166619
1.825,0.45,0.9,1.39549518,-0.88,-0.05799008367,339.917,1.075779907,1.371103491
1.826,0.65,1.3,1.98511742,4.72,0.3228432436,342.539,1.116889573,1.378809594
1.827,0.71,1.42,2.158332351,6.29,0.4347370739,346.257,1.174646857,1.341092271
1.828,0.59,1.18,1.810207839,3.32,0.2249820134,359.101,1.369506762,1.135290425
1.829,0.4,0.8,1.24514752,-2.97,-0.1930093327,357.122,1.339941453,1.08563314
1.83,0.27,0.54,0.8487359928,-8.91,-0.5565261699,356.087,1.324413736,1.105286803
1.831,0.23,0.46,0.7251627128,-10.91,-0.6724075418,354.319,1.297784401,1.159561154
1.832,0.17,0.34,0.5383905848,-13.53,-0.8194208608,349.711,1.227750022,1.318521027
1.833,0.07,0.14,0.2233378168,-18.2,-1.06842003,350.258,1.23611168,1.331836243
1.834,-0.08,-0.16,-0.2580676352,-24.65,-1.386192984,350.995,1.247357126,1.858796702
1.835,-0.18,-0.36,-0.5848888032,-28.97,-1.583055717,350.827,1.244795793,1.729110546
1.836,-0.19,-0.38,-0.6178298248,-29.69,-1.614677467,349.8,1.229111402,1.602396787
1.837,-0.17,-0.34,-0.5519948552,-28.66,-1.569337952,346.359,1.176222622,1.404154999
1.838,-0.1,-0.2,-0.32305528,-26.27,-1.461469761,335.665,1.008435009,0.7130916096
1.839,-0.05,-0.1,-0.16093922,-24.19,-1.364493954,336.173,1.016525652,0.462511151
1.84,0,0,0,-22.31,-1.27429681,336.868,1.02757476,-0
1.841,0.06,0.12,0.1915736352,-19.85,-1.152528185,337.021,1.030004092,-1.563558885
1.842,0.08,0.16,0.2550549248,-18.85,-1.101789922,337.266,1.033891902,-3.756441276
1.843,0.08,0.16,0.2550549248,-18.88,-1.103322625,337.387,1.035810963,-3.77793873
1.844,0.08,0.16,0.2550549248,-18.75,-1.096676176,337.273,1.034002941,-4.069598822
1.845,0.1,0.2,0.31834792,-18.09,-1.062742215,338.821,1.058501944,-75.07726035
1.846,0.15,0.3,0.47575662,-16.03,-0.9547586358,340.93,1.091699942,3.474164466
1.847,0.25,0.5,0.7870435,-11.56,-0.7093825356,343.887,1.137902207,1.836656639
1.848,0.38,0.76,1.184678941,-4.63,-0.297573958,348.462,1.208608184,1.300367107
1.849,0.52,1.04,1.604004813,1.36,0.09096769082,357.39,1.343954822,1.11783375
1.85,0.56,1.12,1.722117555,2.4,0.1616457535,366.003,1.471359228,1.054569689
1.851,0.5,1,1.544666,0.94,0.06269922562,366.16,1.473653662,1.005410939
1.852,0.42,0.84,1.305427805,-1.66,-0.1088233646,367.007,1.486014971,0.9478912
1.853,0.37,0.74,1.154374041,-3.82,-0.2468446163,364.407,1.447978897,0.9610699312
1.854,0.36,0.72,1.124022067,-4.22,-0.2719656925,361.489,1.404966168,0.9920755477
1.855,0.3,0.6,0.94092168,-6.6,-0.4186480073,357.864,1.351045731,1.009141975
1.856,0.08,0.16,0.2550549248,-15.19,-0.9098153711,353.481,1.285116128,0.6796014141
1.857,-0.18,-0.36,-0.5848888032,-24.91,-1.398393886,346.799,1.183014725,2.715623929
1.858,-0.38,-0.76,-1.252653219,-32.03,-1.715174777,334.293,0.9865225603,1.719137319
1.859,-0.52,-1.04,-1.731291827,-37.25,-1.927278198,321.437,0.7767154307,1.504734793
1.86,-0.65,-1.3,-2.18400338,-41.67,-2.094526705,317.169,0.7052029802,1.571990272
1.861,-0.8,-1.6,-2.71624832,-47.15,-2.287282234,314.869,0.6662652761,1.675644605
1.862,-0.91,-1.82,-3.113292801,-51.13,-2.417856159,312.19,0.6205511177,1.732200561
1.863,-0.93,-1.86,-3.186094663,-51.93,-2.443199029,314.073,0.6527231616,1.779468085
1.864,-0.98,-1.96,-3.368923107,-53.81,-2.501610653,316.377,0.6918268332,1.861505816
1.865,-1.12,-2.24,-3.887103539,-58.57,-2.642648004,319.452,0.7435746404,2.04684222
1.866,-1.23,-2.46,-4.300717927,-62.7,-2.757594673,322.84,0.8000161596,2.196958078
1.867,-1.21,-2.42,-4.225091649,-61.93,-2.736658373,324.382,0.8255088518,2.210759337
1.868,-1.02,-2.04,-3.516033187,-56.22,-2.574213526,326.817,0.8655190813,2.0577308
1.869,-0.76,-1.52,-2.573280717,-47.99,-2.315477691,328.459,0.8923313509,1.808163113
1.87,-0.54,-1.08,-1.800421949,-41.03,-2.0709811,331.693,0.9447496982,1.598625243
1.871,-0.43,-0.86,-1.422536423,-37.26,-1.927669054,333.609,0.9755646614,1.494097112
1.872,-0.41,-0.82,-1.354441921,-36.45,-1.895821927,336.109,1.015507032,1.538587985
1.873,-0.45,-0.9,-1.49081922,-38.29,-1.96761948,336.569,1.022824055,1.577928068
1.874,-0.52,-1.04,-1.731291827,-41.09,-2.073197976,337.45,1.036809871,1.670505305
1.875,-0.55,-1.1,-1.83505762,-42.1,-2.11022177,337.5,1.037602522,1.710819214
1.876,-0.43,-0.86,-1.422536423,-38.3,-1.968004376,336.918,1.02836878,1.513923515
1.877,-0.17,-0.34,-0.5519948552,-29.03,-1.585703598,335.082,0.999134779,0.941057276
1.878,0.14,0.28,0.4443690272,-16.69,-0.9896990223,335.155,1.000300188,41.91699808
1.879,0.37,0.74,1.154374041,-5.85,-0.3729363483,336.052,1.01459966,1.799033886
1.88,0.44,0.88,1.365519795,-2.27,-0.1482089132,337.011,1.029845345,1.548846832
1.881,0.36,0.72,1.124022067,-5.46,-0.3489809216,337.712,1.040962059,1.624353621
1.882,0.23,0.46,0.7251627128,-11.32,-0.6957691206,337.781,1.042055039,2.094115511
1.883,0.13,0.26,0.4129343608,-16.13,-0.9600736144,338.535,1.053984083,4.397106805
1.884,0.1,0.2,0.31834792,-17.18,-1.015429303,340.971,1.092343291,4.139012048
1.885,0.12,0.24,0.3814526208,-16.16,-0.961666644,342.069,1.109543762,2.579524307
1.886,0.13,0.26,0.4129343608,-15.76,-0.9403706388,343.038,1.124677613,2.240470625
1.887,0.11,0.22,0.3499238072,-16.66,-0.9881178902,344.357,1.14520921,2.227518413
1.888,0.1,0.2,0.31834792,-17.19,-1.015952553,345.597,1.164439498,2.143945512
1.889,0.15,0.3,0.47575662,-15.12,-0.9060460152,346.048,1.171416633,1.792800662
1.89,0.23,0.46,0.7251627128,-11.53,-0.7076833433,346.275,1.174924967,1.552007946
1.891,0.28,0.56,0.8795116288,-8.94,-0.5582881546,346.166,1.173240636,1.430210717
1.892,0.3,0.6,0.94092168,-8.12,-0.5098642897,346.169,1.173287001,1.418283795
1.893,0.28,0.56,0.8795116288,-8.71,-0.5447609703,345.432,1.161884613,1.425178957
1.894,0.25,0.5,0.7870435,-9.91,-0.6148676309,344.242,1.143422248,1.489048575
1.895,0.22,0.44,0.6941517088,-11.35,-0.6974732837,342.463,1.115702423,1.659740184
1.896,0.14,0.28,0.4443690272,-14.54,-0.8746709042,339.608,1.070914302,2.264376951
1.897,-0.03,-0.06,-0.0964223112,-21.01,-1.210483013,337.588,1.038997303,0.5622760725
1.898,-0.24,-0.48,-0.7832410368,-29.52,-1.607241227,335.106,0.9995179551,1.288811986
1.899,-0.44,-0.88,-1.456654285,-37.29,-1.928841275,333.639,0.9760457419,1.528821488
1.9,-0.57,-1.14,-1.904470183,-42.07,-2.10913,332.085,0.9510686791,1.644533108
1.901,-0.62,-1.24,-2.078825379,-44.19,-2.185103088,332.312,0.9547244754,1.689581855
1.902,-0.65,-1.3,-2.18400338,-45.26,-2.222554694,331.387,0.9398118321,1.702604197
1.903,-0.65,-1.3,-2.18400338,-45.04,-2.214902545,331.41,0.9401831374,1.713320882
1.904,-0.59,-1.18,-1.974071041,-43.12,-2.147055498,329.688,0.9123121687,1.598770362
1.905,-0.5,-1,-1.66235,-40.4,-2.047584795,328.611,0.8948065819,1.442038009
1.906,-0.46,-0.92,-1.525031229,-38.79,-1.986794726,328.759,0.8972155753,1.399651625
1.907,-0.44,-0.88,-1.456654285,-38.31,-1.968389214,328.622,0.894985666,1.357042547
1.908,-0.39,-0.78,-1.286535713,-36.47,-1.896612871,329.575,0.910478151,1.304624699
1.909,-0.26,-0.52,-0.8497350368,-31.94,-1.711372967,329.762,0.9135128662,1.065017584
1.91,-0.12,-0.24,-0.3882312192,-26.98,-1.493907299,328.383,0.8910933058,0.644031531
1.911,-0.08,-0.16,-0.2580676352,-25.45,-1.42358781,329.869,0.9152485336,0.5076681011
1.912,-0.15,-0.3,-0.48634818,-28.33,-1.55466675,331.627,0.9436850537,0.7960110479
1.913,-0.25,-0.5,-0.8164645,-32.58,-1.738299124,334.212,0.9852260853,1.084177043
1.914,-0.31,-0.62,-1.016793825,-34.85,-1.831783907,336.971,1.029210314,1.266916621
1.915,-0.29,-0.58,-0.9498290888,-34.24,-1.806968749,338.124,1.047484945,1.250624546
1.916,-0.22,-0.44,-0.7169353312,-31.64,-1.698663905,339.191,1.064341074,1.130237312
1.917,-0.1,-0.2,-0.32305528,-27.51,-1.517903665,338.774,1.05775976,0.7020744529
1.918,0.01,0.02,0.0320466232,-22.96,-1.305759017,341.713,1.10397298,-0.1588148702
1.919,0.1,0.2,0.31834792,-19.49,-1.134345791,346.754,1.182320474,6.635748236
1.92,0.15,0.3,0.47575662,-17.4,-1.02692367,350.169,1.23475208,2.289179898
1.921,0.18,0.36,0.5696369568,-15.85,-0.945172734,352.124,1.264538158,1.78365256
1.922,0.24,0.48,0.7561266432,-13.4,-0.8122524512,359.086,1.369283282,1.357423326
1.923,0.34,0.68,1.063176899,-8.51,-0.5329633153,370.594,1.538050154,1.057796061
1.924,0.46,0.92,1.425423491,-2.02,-0.1321062886,370.821,1.541326187,1.011498271
1.925,0.54,1.08,1.663155331,1.01,0.06739971161,370.077,1.530581384,1.040785361
1.926,0.54,1.08,1.663155331,1.19,0.07950673123,370.262,1.53325516,1.031246671
1.927,0.52,1.04,1.604004813,0.49,0.03258588131,371.337,1.548765574,1.014325315
1.928,0.51,1.02,1.574358943,0.25,0.01659890551,372.868,1.570777954,0.9917991015
1.929,0.54,1.08,1.663155331,1.07,0.07143217463,373.82,1.584420072,1.004410469
1.93,0.59,1.18,1.810207839,2.34,0.1575417291,373.945,1.586208735,1.038111746
1.931,0.64,1.28,1.956083507,3.61,0.245106061,373.081,1.573833257,1.075397891
1.932,0.68,1.36,2.071936717,4.63,0.3164980837,371.067,1.544874162,1.113123246
1.933,0.7,1.4,2.12958088,5.08,0.3482985823,363.593,1.436014881,1.193501548
1.934,0.71,1.42,2.158332351,5.34,0.3667574801,358.35,1.358306411,1.251160819
1.935,0.74,1.48,2.244304323,6.17,0.4261037932,357.438,1.344673317,1.267412093
1.936,0.8,1.6,2.41497728,7.6,0.5298619186,356.574,1.331725629,1.297267638
1.937,0.85,1.7,2.55591022,8.92,0.6273534251,353.248,1.281588467,1.338914626
1.938,0.84,1.68,2.527817779,8.67,0.6087618467,348.879,1.215006633,1.386040941
1.939,0.69,1.38,2.100782335,5.02,0.3440477163,344.519,1.147725483,1.408245125
1.94,0.37,0.74,1.154374041,-5.25,-0.336029081,339.232,1.064987721,1.583593331
1.941,-0.05,-0.1,-0.16093922,-22.2,-1.268943242,334.121,0.9837691768,0.5643543358
1.942,-0.43,-0.86,-1.422536423,-36.71,-1.906086008,328.079,0.8861382585,1.394714997
1.943,-0.66,-1.32,-2.219156861,-45.15,-2.218731721,324.326,0.8245851696,1.591767278
1.944,-0.7,-1.4,-2.36024152,-46.8,-2.275431052,322.72,0.7980271888,1.597560138
1.945,-0.62,-1.24,-2.078825379,-44.02,-2.179098226,321.161,0.7721197111,1.477510394
1.946,-0.46,-0.92,-1.525031229,-38.97,-1.993663194,317.819,0.7161559469,1.193755442
1.947,-0.3,-0.6,-0.98328792,-33.33,-1.769532425,315.083,0.6699001563,0.8941970398
1.948,-0.19,-0.38,-0.6178298248,-29.51,-1.606803225,315.385,0.6750255556,0.6630657132
1.949,-0.16,-0.32,-0.5191479808,-28.33,-1.55466675,317.388,0.7088957928,0.6138162781
1.95,-0.17,-0.34,-0.5519948552,-28.73,-1.572440945,317.846,0.7166104316,0.6449815081
1.951,-0.19,-0.38,-0.6178298248,-29.68,-1.614240553,318.081,0.720564502,0.6913353265
1.952,-0.22,-0.44,-0.7169353312,-30.83,-1.66406855,321.368,0.7755668708,0.8069037441
1.953,-0.25,-0.5,-0.8164645,-31.88,-1.708835633,320.542,0.7617982664,0.8621249057
1.954,-0.26,-0.52,-0.8497350368,-32.57,-1.737880348,320.813,0.7663194757,0.8746081291
1.955,-0.26,-0.52,-0.8497350368,-32.55,-1.737042611,324.513,0.8276689856,0.9344179477
1.956,-0.24,-0.48,-0.7832410368,-31.52,-1.693564582,326.533,0.8608679751,0.9406079357
1.957,-0.17,-0.34,-0.5519948552,-29.21,-1.59363332,326.806,0.865339008,0.7579282803
1.958,-0.1,-0.2,-0.32305528,-26.71,-1.481611357,332.327,0.9549659598,0.6134208744
1.959,-0.09,-0.18,-0.2905379208,-26.06,-1.451811216,335.47,1.005326097,0.6507225179
1.96,-0.15,-0.3,-0.48634818,-28.47,-1.560899531,339.093,1.062795114,0.9763980466
1.961,-0.24,-0.48,-0.7832410368,-32.57,-1.737880348,342.117,1.110294435,1.248022017
1.962,-0.31,-0.62,-1.016793825,-35.52,-1.858783927,346.533,1.178909621,1.495561483
1.963,-0.32,-0.64,-1.050346803,-35.96,-1.876370655,351.942,1.261772224,1.708996885
1.964,-0.29,-0.58,-0.9498290888,-34.92,-1.834617301,358.073,1.35416933,1.97696555
1.965,-0.26,-0.52,-0.8497350368,-33.75,-1.78687308,363.982,1.441735667,2.462019484
1.966,-0.25,-0.5,-0.8164645,-33.32,-1.769118245,375.45,1.607697432,5.057987789
1.967,-0.24,-0.48,-0.7832410368,-33,-1.755832221,382.483,1.706987554,16.03534389
1.968,-0.2,-0.4,-0.65081792,-31.73,-1.702482505,383.658,1.723397731,-31.11694378
1.969,-0.13,-0.26,-0.4208897992,-28.85,-1.577752985,384.443,1.734333146,-2.688014852
1.97,-0.02,-0.04,-0.0642344672,-24.98,-1.401670901,385.095,1.743398847,-0.1879696052
1.971,0.05,0.1,0.15976238,-22,-1.259187749,386.341,1.760681177,0.3185732276
1.972,0.11,0.22,0.3499238072,-19.44,-1.131813056,387.583,1.777852646,0.5416445258
1.973,0.24,0.48,0.7561266432,-13.84,-0.8364621522,388.302,1.787768164,0.79483009
1.974,0.45,0.9,1.39549518,-3.83,-0.2474743014,388.619,1.792133988,0.903432123
1.975,0.65,1.3,1.98511742,3.43,0.2326062531,389.273,1.80112984,0.9760939122
1.976,0.74,1.48,2.244304323,5.67,0.3902762999,390.305,1.815294435,1.017561707
1.977,0.64,1.28,1.956083507,3.29,0.2229045868,390.917,1.823676689,0.9557810041
1.978,0.49,0.98,1.514925983,-1.6,-0.104931936,391.716,1.834600459,0.8758475758
1.979,0.41,0.82,1.275311199,-5.8,-0.3698722461,391.505,1.831717876,0.8723979969
1.98,0.48,0.96,1.485138893,-1.96,-0.1282336076,391.659,1.833821905,0.8707487586
1.981,0.67,1.34,2.043044025,3.79,0.2576354299,391.79,1.835611045,0.9760169426
1.982,0.78,1.56,2.358274589,6.61,0.4578249719,391.413,1.830460528,1.03058582
1.983,0.67,1.34,2.043044025,4.02,0.2736882735,389.35,1.802187991,0.9841839132
1.984,0.43,0.86,1.335497337,-4.06,-0.2619335767,387.61,1.778225327,0.8807654177
1.985,0.19,0.38,0.6008362552,-15.16,-0.908200388,384.244,1.731563098,0.729734597
1.986,0.08,0.16,0.2550549248,-20.14,-1.167107229,379.566,1.666029489,0.5112117568
1.987,0.11,0.22,0.3499238072,-18.87,-1.102811797,374.273,1.590899347,0.7169283607
1.988,0.22,0.44,0.6941517088,-14.34,-0.8637924207,366.76,1.482413147,1.122095784
1.989,0.34,0.68,1.063176899,-8.58,-0.5370961905,350.36,1.237669447,1.517581336
1.99,0.4,0.8,1.24514752,-5.19,-0.3323217565,348.531,1.209667449,1.419221102
1.991,0.38,0.76,1.184678941,-6.18,-0.3931071275,349.11,1.218547806,1.435207849
1.992,0.32,0.64,1.002143437,-8.94,-0.5582881546,347.289,1.190568524,1.584966869
1.993,0.27,0.54,0.8487359928,-10.97,-0.6758346262,344.849,1.152847566,1.779272472
1.994,0.24,0.48,0.7561266432,-12.17,-0.7437792651,345.487,1.162736377,1.80478293
1.995,0.21,0.42,0.6630936312,-13.73,-0.8304237177,343.795,1.136470732,2.166639768
1.996,0.18,0.36,0.5696369568,-15.08,-0.9038904282,341.981,1.108167255,2.788553978
1.997,0.18,0.36,0.5696369568,-14.78,-0.8876847721,341.489,1.100464794,2.677116735
1.998,0.21,0.42,0.6630936312,-13.41,-0.8128043309,339.355,1.066927192,2.609342692
1.999,0.2,0.4,0.63198848,-14.12,-0.8517907325,339.399,1.067620816,2.928176042
2,0.1,0.2,0.31834792,-18.14,-1.065324141,339.648,1.071544403,51.17917893
2.001,-0.01,-0.02,-0.0320936968,-22.83,-1.299490124,340.27,1.081332939,0.1471127198
2.002,-0.1,-0.2,-0.32305528,-26.42,-1.468350696,340.797,1.089612449,0.8529777047
2.003,-0.17,-0.34,-0.5519948552,-29.35,-1.599786467,341.85,1.106117479,1.118147723
2.004,-0.24,-0.48,-0.7832410368,-32.48,-1.734108591,342.819,1.121261011,1.27803562
2.005,-0.33,-0.66,-1.083946855,-36.07,-1.880749522,344.291,1.144183722,1.471622569
2.006,-0.32,-0.64,-1.050346803,-35.56,-1.860387443,345.926,1.169530146,1.520352768
2.007,-0.1,-0.2,-0.32305528,-27.74,-1.528259664,347.189,1.189027798,0.9523140746
2.008,0.2,0.4,0.63198848,-15.92,-0.9489034806,348.17,1.204123176,2.476252777
2.009,0.34,0.68,1.063176899,-8.99,-0.5612231769,349.776,1.228744322,1.592723926
2.01,0.28,0.56,0.8795116288,-12.34,-0.7533132446,352.008,1.262775421,1.726353143
2.011,0.12,0.24,0.3814526208,-19.56,-1.137888583,355.255,1.311898794,2.192127804
2.012,0.08,0.16,0.2550549248,-21.52,-1.235659803,357.479,1.345286954,2.326567106
2.013,0.18,0.36,0.5696369568,-17.33,-1.023270261,359.95,1.382140503,1.587306193
2.014,0.33,0.66,1.032683705,-10.81,-0.6666893869,363.412,1.433350938,1.346987733
2.015,0.47,0.94,1.455304729,-3.7,-0.2392817514,368.531,1.508184898,1.146899772
2.016,0.58,1.16,1.780891485,1.29,0.0862453457,374.204,1.589912944,1.062484072
2.017,0.63,1.26,1.927002521,2.46,0.1657530267,381.784,1.697201311,1.034379899
2.018,0.63,1.26,1.927002521,2.58,0.1739773267,394.46,1.871946956,0.9418738206
2.019,0.69,1.38,2.100782335,3.93,0.2674009624,395.259,1.882772709,0.977029141
2.02,0.81,1.62,2.443258015,7.06,0.4904547193,396.115,1.894346508,1.024512227
2.021,0.91,1.82,2.723476319,9.69,0.6849914265,396.947,1.905571864,1.051306613
2.022,0.88,1.76,2.639905101,8.98,0.6318242889,398.139,1.921613411,1.033863133
2.023,0.72,1.44,2.187036749,5.12,0.3511343416,399.237,1.936347498,0.9560892291
2.024,0.54,1.08,1.663155331,0.5,0.03325311302,399.589,1.941062418,0.8423959116
2.025,0.41,0.82,1.275311199,-4.95,-0.317462192,398.151,1.921774659,0.7949269394
2.026,0.35,0.7,1.09362302,-7.19,-0.4542800947,397.297,1.91028704,0.7511111286
2.027,0.37,0.74,1.154374041,-6.6,-0.4186480073,396.017,1.893022739,0.7829583729
2.028,0.37,0.74,1.154374041,-6.64,-0.4210728386,394.915,1.878114494,0.7922725039
2.029,0.31,0.62,0.9715560952,-8.88,-0.5547634564,392.859,1.850188655,0.7499901161
2.03,0.27,0.54,0.8487359928,-10.84,-0.6684056668,391.254,1.828286807,0.7317439378
2.031,0.27,0.54,0.8487359928,-10.56,-0.6523592365,388.344,1.788346806,0.7471349294
2.032,0.26,0.52,0.8179132832,-10.88,-0.6706929287,384.092,1.729446315,0.772524833
2.033,0.13,0.26,0.4129343608,-16.39,-0.9738574527,377.6,1.638246615,0.6215248294
2.034,-0.06,-0.12,-0.1932682848,-24.43,-1.375833207,365.095,1.458070168,-2.350138954
2.035,-0.09,-0.18,-0.2905379208,-25.55,-1.42823174,361.986,1.412316665,18.25551725
2.036,0.06,0.12,0.1915736352,-19.78,-1.14900004,357.974,1.352689957,0.9405160444
2.037,0.11,0.22,0.3499238072,-17.5,-1.032136534,357.588,1.34691799,1.111640475
2.038,-0.06,-0.12,-0.1932682848,-24.42,-1.375361524,357.371,1.343670391,6.098497199
2.039,-0.25,-0.5,-0.8164645,-32.44,-1.732430652,357.802,1.350118762,2.135597979
2.04,-0.2,-0.4,-0.65081792,-30.38,-1.644670562,358.213,1.356260673,2.25657283
2.041,0.1,0.2,0.31834792,-18.99,-1.108936933,357.909,1.35171843,1.311252811
2.042,0.35,0.7,1.09362302,-7.39,-0.4662936004,357.156,1.340450779,1.251059932
2.043,0.38,0.76,1.184678941,-5.83,-0.3717109579,356.805,1.335190407,1.229584027
2.044,0.22,0.44,0.6941517088,-12.02,-0.7353481389,356.537,1.331170456,1.165031402
2.045,-0.02,-0.04,-0.0642344672,-20.49,-1.184622264,356.895,1.336539713,-0.4228248128
2.046,-0.21,-0.42,-0.6838530888,-27.3,-1.508417823,357.676,1.348234427,4.269188348
2.047,-0.3,-0.6,-0.98328792,-30.47,-1.648560403,358.986,1.367793181,3.502146419
2.048,-0.29,-0.58,-0.9498290888,-30.26,-1.639476122,360.765,1.394240298,3.873125356
2.049,-0.26,-0.52,-0.8497350368,-29.26,-1.595832319,362.017,1.412774812,4.641902168
2.05,-0.29,-0.58,-0.9498290888,-30.29,-1.640775588,363.489,1.43448438,4.60431201
2.051,-0.41,-0.82,-1.354441921,-34.4,-1.813499243,364.404,1.447934853,3.705070723
2.052,-0.58,-1.16,-1.939247075,-40.47,-2.050195159,365.386,1.462332702,3.29881089
2.053,-0.71,-1.42,-2.395630369,-44.93,-2.211067154,365.696,1.466869813,3.219079451
2.054,-0.67,-1.34,-2.254357415,-43.81,-2.171659624,366.637,1.480618621,3.262262882
2.055,-0.48,-0.96,-1.593596467,-37.36,-1.93157444,366.031,1.471768498,3.465802253
2.056,-0.27,-0.54,-0.8830526472,-29.88,-1.622966693,366.008,1.471432314,5.827407954
2.057,-0.17,-0.34,-0.5519948552,-26.37,-1.466058718,363.112,1.428932639,14.86811638
2.058,-0.21,-0.42,-0.6838530888,-27.66,-1.524661514,359.71,1.378572151,4.68106009
2.059,-0.29,-0.58,-0.9498290888,-30.48,-1.648992291,355.747,1.319302993,2.88098248
2.06,-0.35,-0.7,-1.15128818,-32.59,-1.738717839,350.82,1.244689044,2.330407038
2.061,-0.37,-0.74,-1.218817799,-33.42,-1.773257312,345.47,1.162473119,1.995496631
2.062,-0.34,-0.68,-1.117593981,-32.49,-1.734527922,340.183,1.07996488,1.707389372
2.063,-0.29,-0.58,-0.9498290888,-30.61,-1.654601076,335.845,1.011303172,1.476499586
2.064,-0.29,-0.58,-0.9498290888,-30.36,-1.643805456,331.341,0.9390691443,1.347779407
2.065,-0.38,-0.76,-1.252653219,-33.77,-1.787696154,329.656,0.9117928646,1.430127315
2.066,-0.57,-1.14,-1.904470183,-40.44,-2.049076763,328.042,0.8855348637,1.636786939
2.067,-0.79,-1.58,-2.680435809,-48.08,-2.318478066,326.847,0.8660101592,1.84543548
2.068,-0.99,-1.98,-3.405630017,-54.93,-2.535663524,324.908,0.8341770913,2.001561665
2.069,-1.14,-2.28,-3.961882493,-60.18,-2.688242787,325.276,0.8402332237,2.143864714
2.07,-1.23,-2.46,-4.300717927,-63.42,-2.77697356,325.367,0.8417297433,2.222313225
2.071,-1.27,-2.54,-4.452535367,-64.95,-2.817532817,326.548,0.8611137333,2.275859709
2.072,-1.26,-2.52,-4.414510397,-64.49,-2.805426099,327.91,0.8833816574,2.296778525
2.073,-1.17,-2.34,-4.074403975,-61.8,-2.73310183,329.739,0.9131397053,2.238730092
2.074,-1,-2,-3.442384,-56.63,-2.586317967,331.901,0.9481035562,2.101302478
2.075,-0.75,-1.5,-2.5376565,-48.74,-2.340360252,334.032,0.9823439045,1.86864945
2.076,-0.49,-0.98,-1.627949697,-40.42,-2.048330889,336.607,1.023428058,1.588394184
2.077,-0.34,-0.68,-1.117593981,-35.25,-1.847935408,338.327,1.050695968,1.40182977
2.078,-0.33,-0.66,-1.083946855,-34.95,-1.835830718,340.162,1.079634607,1.433420297
2.079,-0.45,-0.9,-1.49081922,-39.49,-2.013403076,341.626,1.102610699,1.636837613
2.08,-0.62,-1.24,-2.078825379,-45.8,-2.241232402,342.993,1.123975749,1.860651601
2.081,-0.75,-1.5,-2.5376565,-50.68,-2.403470658,344.328,1.144758641,2.016073944
2.082,-0.82,-1.64,-2.788014563,-53.5,-2.492087893,345.565,1.163944101,2.099181263
2.083,-0.85,-1.7,-2.89601698,-54.62,-2.526292969,347.528,1.194249061,2.174115255
2.084,-0.83,-1.66,-2.823968295,-54,-2.507426187,349.437,1.223556632,2.199575715
2.085,-0.75,-1.5,-2.5376565,-51.44,-2.427711506,352.421,1.269048729,2.190159682
2.086,-0.6,-1.2,-2.00894208,-46.64,-2.269993025,355.66,1.31799446,2.110236458
2.087,-0.41,-0.82,-1.354441921,-40.35,-2.045718595,359.434,1.374465602,2.017781573
2.088,-0.23,-0.46,-0.7500646472,-34.45,-1.815536867,363.542,1.435264402,1.972440067
2.089,-0.1,-0.2,-0.32305528,-29.71,-1.615551103,367.984,1.500238147,2.801552319
2.09,0.02,0.04,0.0640461728,-25.11,-1.407747973,373.61,1.58141377,0.3687897887
2.091,0.17,0.34,0.5383905848,-19.11,-1.115051599,378.013,1.64409498,1.017668123
2.092,0.37,0.74,1.154374041,-10.31,-0.6379793222,384.811,1.739451872,1.048027971
2.093,0.58,1.16,1.780891485,0.49,0.03258588131,397.371,1.911283431,0.9161580326
2.094,0.78,1.56,2.358274589,5.57,0.3831387118,398.246,1.923051032,1.022584805
2.095,0.86,1.72,2.583955587,7.59,0.5291296552,398.538,1.926972296,1.052055508
2.096,0.65,1.3,1.98511742,2.26,0.1520747473,398.909,1.931950308,0.9525400932
2.097,0.23,0.46,0.7251627128,-14.17,-0.8545216457,398.626,1.928153483,0.6754295908
2.098,-0.17,-0.34,-0.5519948552,-30.12,-1.633404388,397.851,1.917742006,-1.94133601
2.099,-0.34,-0.68,-1.117593981,-36.86,-1.911989692,396.222,1.895791474,68.99487185
2.1,-0.26,-0.52,-0.8497350368,-34.04,-1.798783951,394.555,1.873235271,-11.41329716
2.101,-0.11,-0.22,-0.3556197128,-28.71,-1.571554699,390.851,1.822773352,-1.415578455
2.102,-0.01,-0.02,-0.0320936968,-24.8,-1.393237573,385.451,1.748342355,-0.09037810356
2.103,0.07,0.14,0.2233378168,-21.85,-1.251852694,373.294,1.576886816,0.6871211414
2.104,0.11,0.22,0.3499238072,-20.08,-1.164095834,372.95,1.571954381,0.8579538422
2.105,0.12,0.24,0.3814526208,-19.66,-1.142943575,372.74,1.568941064,0.895433965
2.106,0.1,0.2,0.31834792,-20.64,-1.192101881,372.9,1.571237078,0.8396685988
2.107,0.05,0.1,0.15976238,-22.44,-1.280612836,373.973,1.586609314,0.5221052902
2.108,0.03,0.06,0.0959986488,-23.51,-1.332151583,375.061,1.602151477,0.3555506917
2.109,0.05,0.1,0.15976238,-22.7,-1.293209475,376.62,1.624343502,0.4824704411
2.11,0.11,0.22,0.3499238072,-20.3,-1.17512499,379.804,1.669383058,0.7079779363
2.111,0.15,0.3,0.47575662,-18.5,-1.083859896,382.718,1.710273618,0.7594926533
2.112,0.12,0.24,0.3814526208,-19.73,-1.146477775,388.723,1.793565533,0.5894913264
2.113,0.01,0.02,0.0320466232,-24.51,-1.379604216,398.433,1.925562584,0.05869792484
2.114,-0.15,-0.3,-0.48634818,-31.04,-1.673077235,398.062,1.920578622,-1.965032134
2.115,-0.27,-0.54,-0.8830526472,-36,-1.877963793,395.763,1.88959022,-75.95219834
2.116,-0.31,-0.62,-1.016793825,-37.55,-1.938978796,393.808,1.863096664,13.39964767
2.117,-0.27,-0.54,-0.8830526472,-36.27,-1.888692906,393.215,1.85503451,26.23573129
2.118,-0.2,-0.4,-0.65081792,-33.76,-1.787284647,392.449,1.844602311,-11.35457853
2.119,-0.14,-0.28,-0.4535954528,-31.58,-1.696115367,392.126,1.840197251,-3.148178237
2.12,-0.1,-0.2,-0.32305528,-30.24,-1.638609494,391.498,1.831622218,-1.673751202
2.121,-0.08,-0.16,-0.2580676352,-29.51,-1.606803225,390.544,1.81856946,-1.218643919
2.122,-0.06,-0.12,-0.1932682848,-28.92,-1.580847375,385.89,1.75443214,-1.113394287
2.123,-0.04,-0.08,-0.1286572288,-28.05,-1.542162911,380.259,1.675788449,-0.962819161
2.124,-0.01,-0.02,-0.0320936968,-26.93,-1.491633917,382.049,1.70091351,-0.1533532068
2.125,0.03,0.06,0.0959986488,-25.55,-1.42823174,383.36,1.719240593,0.3298822281
2.126,0.08,0.16,0.2550549248,-23.34,-1.324016234,385.663,1.751284073,0.5969438868
2.127,0.18,0.36,0.5696369568,-19.44,-1.131813056,388.435,1.789600316,0.8659896465
2.128,0.32,0.64,1.002143437,-13.13,-0.7973224563,392.037,1.838982835,0.9620635065
2.129,0.49,0.98,1.514925983,-4.96,-0.3180823083,397.933,1.918844566,0.9463778746
2.13,0.62,1.24,1.897874461,1.16,0.07748688771,410.113,2.080142155,0.8796111023
2.131,0.7,1.4,2.12958088,3.04,0.2056245185,410.947,2.091010792,0.9272612287
2.132,0.72,1.44,2.187036749,3.69,0.2506710171,411.849,2.1027408,0.9293047364
2.133,0.72,1.44,2.187036749,3.68,0.2499750781,412.884,2.11616879,0.9243042144
2.134,0.71,1.42,2.158332351,3.47,0.235381436,412.786,2.114898791,0.9183297918
2.135,0.7,1.4,2.12958088,3.05,0.2063146311,412.937,2.1168555,0.916670222
2.136,0.67,1.34,2.043044025,2.41,0.1623300733,413.516,2.124351753,0.8934535627
2.137,0.63,1.26,1.927002521,1.43,0.0956944162,413.998,2.130584156,0.8655711575
2.138,0.57,1.14,1.751528057,-0.14,-0.00927127891,413.353,2.122242471,0.8289408124
2.139,0.49,0.98,1.514925983,-3.54,-0.2291788342,410.456,2.084614784,0.8164798056
2.14,0.39,0.78,1.214936767,-7.65,-0.4818619997,409.413,2.071002724,0.7645243426
2.141,0.26,0.52,0.8179132832,-12.79,-0.7784413185,403.286,1.990333076,0.6749062186
2.142,0.08,0.16,0.2550549248,-19.51,-1.135358379,396.614,1.90108185,0.3330901225
2.143,-0.13,-0.26,-0.4208897992,-27.44,-1.514744942,389.537,1.804756913,-1.451284229
2.144,-0.34,-0.68,-1.117593981,-35.01,-1.838255943,377.713,1.639847408,5.632791884
2.145,-0.5,-1,-1.66235,-40.85,-2.064318663,356.608,1.332235737,2.270712704
2.146,-0.6,-1.2,-2.00894208,-44.47,-2.194960674,347.598,1.195326564,2.009677401
2.147,-0.64,-1.28,-2.148896973,-46.18,-2.254287212,339.173,1.064057156,1.805446739
2.148,-0.65,-1.3,-2.18400338,-46.28,-2.257710568,330.444,0.9245660869,1.638234573
2.149,-0.63,-1.26,-2.113837639,-45.74,-2.239164431,322.254,0.7902963331,1.458957957
2.15,-0.66,-1.32,-2.219156861,-46.79,-2.27509155,318.974,0.7355633737,1.441452579
2.151,-0.77,-1.54,-2.608952007,-50.87,-2.409556037,318.755,0.7318889288,1.555107086
2.152,-0.93,-1.86,-3.186094663,-56.81,-2.591609851,316.471,0.6934161564,1.678487644
2.153,-1.07,-2.14,-3.700979943,-61.9,-2.735838196,321.714,0.7813238355,1.893554746
2.154,-1.12,-2.24,-3.887103539,-63.67,-2.783658179,321.987,0.7858618123,1.945695569
2.155,-1.08,-2.16,-3.738110515,-62.49,-2.751906617,321.916,0.7846819762,1.900195045
2.156,-1.03,-2.06,-3.552928391,-60.92,-2.708858671,321.348,0.7752339088,1.837444607
2.157,-1.02,-2.04,-3.516033187,-60.69,-2.702473674,325.547,0.8446886596,1.892594223
2.158,-1.03,-2.06,-3.552928391,-61.05,-2.712458604,334.252,0.9858663591,2.057769228
2.159,-0.99,-1.98,-3.405630017,-59.78,-2.677010475,337.12,1.031575425,2.069744422
2.16,-0.89,-1.78,-3.040679233,-56.57,-2.584550994,340.191,1.080090693,2.021109651
2.161,-0.78,-1.56,-2.644670371,-53.35,-2.487464795,343.094,1.125550914,1.94187783
2.162,-0.72,-1.44,-2.431066291,-51.44,-2.427711506,347.425,1.192663199,1.968397735
2.163,-0.66,-1.32,-2.219156861,-49.58,-2.367906163,350.704,1.242919753,1.972607705
2.164,-0.57,-1.14,-1.904470183,-46.55,-2.266928506,355.306,1.312666778,1.995752452
2.165,-0.47,-0.94,-1.559290311,-43.33,-2.154570265,358.311,1.357724127,1.956827344
2.166,-0.41,-0.82,-1.354441921,-41.19,-2.076888401,360.828,1.395174481,1.986818635
2.167,-0.35,-0.7,-1.15128818,-39.49,-2.013403076,362.981,1.42700217,1.963312418
2.168,-0.28,-0.56,-0.9164173312,-37.01,-1.917880312,365.134,1.458641633,1.995514257
2.169,-0.19,-0.38,-0.6178298248,-33.88,-1.792218728,367.685,1.495889316,2.084942635
2.17,-0.11,-0.22,-0.3556197128,-31.16,-1.678212608,369.924,1.52836909,2.373273913
2.171,-0.06,-0.12,-0.1932682848,-29.05,-1.586585709,371.821,1.555734215,6.264470715
2.172,0,0,0,-26.92,-1.491179042,373.976,1.586652231,0
2.173,0.06,0.12,0.1915736352,-24.51,-1.379604216,375.665,1.610760212,0.8287634281
2.174,0.13,0.26,0.4129343608,-22.02,-1.260164562,377.453,1.63616345,1.09823293
2.175,0.19,0.38,0.6008362552,-19.4,-1.129785566,378.052,1.644646917,1.166986519
2.176,0.26,0.52,0.8179132832,-16.27,-0.9675019767,381.522,1.693528603,1.126561001
2.177,0.35,0.7,1.09362302,-12.15,-0.7426561335,386.335,1.760598089,1.074347131
2.178,0.44,0.88,1.365519795,-7.83,-0.4926076386,397.344,1.910919904,0.9627779637
2.179,0.49,0.98,1.514925983,-5.3,-0.3391162088,405.126,2.014687036,0.9041253036
2.18,0.48,0.96,1.485138893,-5.8,-0.3698722461,405.941,2.025438926,0.897057733
2.181,0.45,0.9,1.39549518,-7.54,-0.4752821432,406.468,2.032379889,0.896215529
2.182,0.46,0.92,1.425423491,-6.77,-0.4289443897,406.94,2.038588828,0.8855517761
2.183,0.53,1.06,1.633603609,-2.97,-0.1930093327,406.84,2.037273976,0.885775051
2.184,0.57,1.14,1.751528057,-0.7,-0.04618381899,406.975,2.03904895,0.8788994447
2.185,0.5,1,1.544666,-4.04,-0.2606780338,406.037,2.026703985,0.8746564562
2.186,0.35,0.7,1.09362302,-10.82,-0.6672615596,406.031,2.026624928,0.8045111747
2.187,0.24,0.48,0.7561266432,-15.64,-0.9339583489,402.031,1.973658262,0.7272546949
2.188,0.2,0.4,0.63198848,-17.13,-1.012811942,398.436,1.925602866,0.6923693733
2.189,0.15,0.3,0.47575662,-19.35,-1.127249575,393.637,1.860773074,0.648590837
2.19,0.03,0.06,0.0959986488,-24.58,-1.382900269,388.79,1.794487575,0.2332400621
2.191,-0.1,-0.2,-0.32305528,-29.82,-1.620351533,384.328,1.732732539,-2.874643073
2.192,-0.14,-0.28,-0.4535954528,-31.28,-1.683338948,383.059,1.715038322,-14.30928755
2.193,-0.08,-0.16,-0.2580676352,-29.44,-1.603735414,366.387,1.476969354,2.03577862
2.194,-0.04,-0.08,-0.1286572288,-27.84,-1.532751452,362.79,1.424186268,1.185068955
2.195,-0.06,-0.12,-0.1932682848,-28.52,-1.563122439,362.222,1.415803509,1.311903938
2.196,-0.11,-0.22,-0.3556197128,-30.63,-1.655463018,361.709,1.408221155,1.438347488
2.197,-0.16,-0.32,-0.5191479808,-32.87,-1.75041688,362.304,1.417014507,1.557121435
2.198,-0.2,-0.4,-0.65081792,-34.38,-1.812683774,362.915,1.426029304,1.683202887
2.199,-0.21,-0.42,-0.6838530888,-34.75,-1.827731124,364.565,1.450298054,1.811852596
2.2,-0.17,-0.34,-0.5519948552,-33.62,-1.781517189,366.394,1.477071567,1.813114779
2.201,-0.09,-0.18,-0.2905379208,-30.5,-1.649855876,368.75,1.511363198,2.097857616
2.202,0.05,0.1,0.15976238,-25.5,-1.425910617,372.24,1.561759662,1.176028731
2.203,0.19,0.38,0.6008362552,-20,-1.160076618,375.744,1.611885165,1.329847032
2.204,0.27,0.54,0.8487359928,-16.51,-0.9802021512,379.695,1.667847441,1.234264243
2.205,0.28,0.56,0.8795116288,-16.14,-0.9606046993,384.316,1.732565492,1.139321631
2.206,0.28,0.56,0.8795116288,-16.11,-0.9590112194,390.482,1.817720065,1.024225654
2.207,0.35,0.7,1.09362302,-12.61,-0.7684090348,396.827,1.903954275,0.9630818581
2.208,0.52,1.04,1.604004813,-4.19,-0.2700863258,408.943,2.064857476,0.8937099379
2.209,0.69,1.38,2.100782335,2.48,0.16712284,409.244,2.068793862,0.9395619852
2.21,0.77,1.54,2.329852633,4.47,0.3052362103,409.058,2.066361753,0.9823978049
2.211,0.74,1.48,2.244304323,3.57,0.242325773,408.376,2.057434547,0.9758861844
2.212,0.66,1.32,2.014104259,1.46,0.09772149724,407.598,2.047232503,0.9389964816
2.213,0.6,1.2,1.83947712,0.1,0.00663293416,407.094,2.040613068,0.8985129869
2.214,0.6,1.2,1.83947712,0.06,0.003978700632,405.636,2.021417742,0.9082059595
2.215,0.62,1.24,1.897874461,0.5,0.03325311302,403.974,1.999452321,0.9336692022
2.216,0.62,1.24,1.897874461,0.56,0.03725836599,401.296,1.963868348,0.9484029409
2.217,0.6,1.2,1.83947712,-0.09,-0.005962092718,390.091,1.812360284,1.018312091
2.218,0.56,1.12,1.722117555,-2.27,-0.1482089132,391.402,1.830310173,1.023789468
2.219,0.51,1.02,1.574358943,-4.8,-0.3081503368,393.018,1.852353498,1.019528377
2.22,0.46,0.92,1.425423491,-7.15,-0.4518734412,395.489,1.885884952,0.9940111918
2.221,0.43,0.86,1.335497337,-8.84,-0.5524120377,396.683,1.902012523,0.9895501311
2.222,0.42,0.84,1.305427805,-9.36,-0.5828795432,398.343,1.924353963,0.9731291076
2.223,0.43,0.86,1.335497337,-9.01,-0.5623966193,400.696,1.955863279,0.9583992033
2.224,0.43,0.86,1.335497337,-8.85,-0.5530000139,405.124,2.014660625,0.9136849737
2.225,0.42,0.84,1.305427805,-9.65,-0.5997762913,417.189,2.171662599,0.8304848756
2.226,0.39,0.78,1.214936767,-11.23,-0.6906523648,417.818,2.179722773,0.8159028349
2.227,0.35,0.7,1.09362302,-12.95,-0.7873377425,417.634,2.177366204,0.7867630414
2.228,0.35,0.7,1.09362302,-13.28,-0.805623864,417.309,2.173201249,0.7996790764
2.229,0.4,0.8,1.24514752,-10.85,-0.6689776014,415.816,2.154026315,0.8384556742
2.23,0.5,1,1.544666,-5.88,-0.3747738078,414.969,2.143117472,0.8735100715
2.231,0.6,1.2,1.83947712,-0.17,-0.0112557326,411.362,2.096410831,0.8821775999
2.232,0.65,1.3,1.98511742,1.18,0.07883336081,407.206,2.042084761,0.9359707946
2.233,0.6,1.2,1.83947712,-0.13,-0.008609618032,402.691,1.982433966,0.9319355708
2.234,0.45,0.9,1.39549518,-6.62,-0.4198605886,397.64,1.914903884,0.9334145601
2.235,0.2,0.4,0.63198848,-16.64,-0.987063429,391.46,1.831102906,0.7487664942
2.236,-0.14,-0.28,-0.4535954528,-29.97,-1.626885128,382.47,1.706805712,-5.675577307
2.237,-0.49,-0.98,-1.627949697,-43.2,-2.149921015,365.597,1.465421283,2.37830582
2.238,-0.73,-1.46,-2.466549287,-52.16,-2.450430774,361.492,1.405010567,2.359385509
2.239,-0.81,-1.62,-2.752107905,-55.24,-2.544992513,362.296,1.416896373,2.439604043
2.24,-0.75,-1.5,-2.5376565,-53.5,-2.492087893,363.293,1.431598783,2.392911418
2.241,-0.66,-1.32,-2.219156861,-50.62,-2.401545457,365.697,1.466884443,2.374290601
2.242,-0.62,-1.24,-2.078825379,-49.38,-2.361378283,368.194,1.503290398,2.422625255
2.243,-0.6,-1.2,-2.00894208,-48.64,-2.337058358,371.486,1.550911846,2.555429617
2.244,-0.51,-1.02,-1.696797377,-45.83,-2.242265703,375.045,1.601923242,2.649827993
2.245,-0.34,-0.68,-1.117593981,-40.11,-2.036741606,378.97,1.657622239,2.947868351
2.246,-0.13,-0.26,-0.4208897992,-32.93,-1.752917555,383.554,1.721947285,13.59012355
2.247,0.04,0.08,0.1279040512,-26.66,-1.479329025,388.437,1.789627862,0.4121963594
2.248,0.17,0.34,0.5383905848,-21.66,-1.242538892,394.476,1.872163957,0.8550971278
2.249,0.28,0.56,0.8795116288,-16.94,-1.002849035,400.259,1.950025373,0.9285616563
2.25,0.35,0.7,1.09362302,-13.85,-0.837010639,410.084,2.079763831,0.8800001695
2.251,0.36,0.72,1.124022067,-13.54,-0.8199717364,422.165,2.235096888,0.7942916329
2.252,0.34,0.68,1.063176899,-14.27,-0.8599777234,423.883,2.256824526,0.7611263432
2.253,0.38,0.76,1.184678941,-12.87,-0.7828920179,424.948,2.270249467,0.7964991477
2.254,0.48,0.96,1.485138893,-7.83,-0.4926076386,425.915,2.28240995,0.8297781737
2.255,0.63,1.26,1.927002521,0.19,0.01261012947,426.587,2.290844418,0.8365706728
2.256,0.79,1.58,2.386649471,4.25,0.2897895594,427.452,2.301681749,0.9209631082
2.257,0.93,1.86,2.778955097,7.85,0.5481992408,427.807,2.306123094,0.9735954005
2.258,1.01,2.02,2.998987263,9.9,0.7008097356,428.194,2.310960589,0.9957556322
2.259,1.02,2.04,3.026279453,10.17,0.7212100352,427.554,2.302958231,1.000698105
2.26,0.99,1.98,2.944261663,9.61,0.6789765698,426.693,2.292173642,0.9909501215
2.261,0.98,1.96,2.916828253,9.2,0.6482469267,424.602,2.26589163,1.000922981
2.262,0.98,1.96,2.916828253,9.17,0.6460047472,422.105,2.234336467,1.01266761
2.263,0.97,1.94,2.889347769,8.95,0.6295884267,420.265,2.210964278,1.017178018
2.264,0.93,1.86,2.778955097,8.02,0.5607024247,418.855,2.192984711,1.009176047
2.265,0.86,1.72,2.583955587,6.25,0.4318578194,416.647,2.164707514,0.9951436825
2.266,0.77,1.54,2.329852633,3.93,0.2674009624,414.475,2.136744768,0.9690979225
2.267,0.68,1.36,2.071936717,1.58,0.1058378764,411.82,2.102364071,0.9382913184
2.268,0.59,1.18,1.810207839,-1.16,-0.07629901523,408.379,2.057473848,0.9137042369
2.269,0.49,0.98,1.514925983,-5.71,-0.3643515993,403.878,1.998180801,0.9272242054
2.27,0.34,0.68,1.063176899,-11.85,-0.7257715294,388.357,1.788525897,1.000397582
2.271,0.13,0.26,0.4129343608,-19.93,-1.15655603,384.507,1.735223711,0.7135949954
2.272,-0.08,-0.16,-0.2580676352,-28.28,-1.552437667,380.375,1.677420246,-2.064828859
2.273,-0.23,-0.46,-0.7500646472,-34.15,-1.803288575,375.858,1.613508099,3.952275086
2.274,-0.29,-0.58,-0.9498290888,-36.35,-1.891863699,370.464,1.536173108,2.670380136
2.275,-0.29,-0.58,-0.9498290888,-36.24,-1.887502893,369.073,1.516047384,2.557046711
2.276,-0.3,-0.6,-0.98328792,-36.69,-1.905297862,367.696,1.496049369,2.402667176
2.277,-0.37,-0.74,-1.218817799,-39.32,-2.006966342,367.269,1.489832882,2.356872828
2.278,-0.48,-0.96,-1.593596467,-43.6,-2.164197929,366.649,1.480793723,2.331850541
2.279,-0.62,-1.24,-2.078825379,-48.73,-2.34003028,366.334,1.47619539,2.406507774
2.28,-0.72,-1.44,-2.431066291,-52.8,-2.47042747,365.795,1.468317951,2.425948707
2.281,-0.74,-1.48,-2.502079357,-53.59,-2.494856952,365.971,1.470891452,2.443519195
2.282,-0.65,-1.3,-2.18400338,-50.77,-2.406355306,366.298,1.475669614,2.346660532
2.283,-0.49,-0.98,-1.627949697,-45.69,-2.237439725,367.599,1.494637827,2.191633734
2.284,-0.36,-0.72,-1.185029453,-41.24,-2.078731569,368.891,1.513408502,2.096198653
2.285,-0.29,-0.58,-0.9498290888,-38.83,-1.988322632,370.691,1.53945029,2.116033892
2.286,-0.24,-0.48,-0.7832410368,-37.37,-1.931964661,372.831,1.570247043,2.165338368
2.287,-0.19,-0.38,-0.6178298248,-35.37,-1.852762307,375.377,1.606657112,2.510429842
2.288,-0.09,-0.18,-0.2905379208,-31.91,-1.710104579,378.609,1.652523497,5.045718281
2.289,0.05,0.1,0.15976238,-27.01,-1.495270535,382.032,1.700675447,0.7777924037
2.29,0.19,0.38,0.6008362552,-21.53,-1.236151625,386.087,1.757162662,1.153212145
2.291,0.29,0.58,0.9102401912,-17.18,-1.015429303,389.103,1.798792924,1.161963828
2.292,0.36,0.72,1.124022067,-14.25,-0.8588871208,392.972,1.851727281,1.132127921
2.293,0.44,0.88,1.365519795,-10.24,-0.6339440111,396.602,1.900919977,1.077778768
2.294,0.59,1.18,1.810207839,-2.28,-0.1488518939,402.909,1.985329447,0.9856955975
2.295,0.77,1.54,2.329852633,3.48,0.2360754595,419.806,2.205117986,0.9543908277
2.296,0.88,1.76,2.639905101,6.27,0.4332972598,423.819,2.256016695,0.9816277106
2.297,0.88,1.76,2.639905101,6.24,0.4311382393,427.844,2.306585783,0.9642699847
2.298,0.81,1.62,2.443258015,4.33,0.2954013801,431.164,2.347940667,0.9243064164
2.299,0.73,1.46,2.215694073,2.21,0.1486608132,431.426,2.351190647,0.8863302912
2.3,0.67,1.34,2.043044025,0.81,0.05398132586,431.028,2.346252876,0.8511852814
2.301,0.65,1.3,1.98511742,0.28,0.01859448794,429.656,2.329196195,0.8455257252
2.302,0.66,1.32,2.014104259,0.5,0.03325311302,428.511,2.314919828,0.8577325051
2.303,0.68,1.36,2.071936717,0.89,0.05934440726,426.957,2.295482727,0.8798678625
2.304,0.68,1.36,2.071936717,1.01,0.06739971161,425.613,2.278615124,0.8831728961
2.305,0.66,1.32,2.014104259,0.55,0.03659060203,422.534,2.239771097,0.8847909626
2.306,0.6,1.2,1.83947712,-1.92,-0.125650087,419.276,2.198359408,0.8874747178
2.307,0.48,0.96,1.485138893,-7.71,-0.4854468292,415.225,2.146416941,0.8941394441
2.308,0.3,0.6,0.94092168,-15.6,-0.931818505,411.227,2.09465479,0.8091609217
2.309,0.13,0.26,0.4129343608,-22.94,-1.304795336,403.664,1.995345283,0.597978992
2.31,0.02,0.04,0.0640461728,-27.47,-1.516099075,385.119,1.743732261,0.2813569228
2.311,-0.02,-0.04,-0.0642344672,-29.15,-1.590992398,383.101,1.715624883,-0.515391046
2.312,-0.03,-0.06,-0.0964223112,-29.56,-1.608992595,380.894,1.68471504,-1.273365002
2.313,-0.04,-0.08,-0.1286572288,-30.18,-1.636008085,380.455,1.678545333,-3.0245781
2.314,-0.07,-0.14,-0.2256444232,-31.31,-1.684619123,379.921,1.671030891,16.60587082
2.315,-0.1,-0.2,-0.32305528,-32.88,-1.750833812,381.133,1.688070958,5.147236916
2.316,-0.14,-0.28,-0.4535954528,-34.36,-1.811868063,382.553,1.707966593,4.365630729
2.317,-0.14,-0.28,-0.4535954528,-34.37,-1.812275948,384.684,1.737685908,6.081179903
2.318,-0.08,-0.16,-0.2580676352,-32.16,-1.720657414,387.634,1.778556578,-4.457191054
2.319,0.04,0.08,0.1279040512,-27.88,-1.534546334,390.313,1.815404092,0.4554050851
2.32,0.17,0.34,0.5383905848,-22.78,-1.297075882,394.966,1.878805358,0.9254999229
2.321,0.29,0.58,0.9102401912,-17.88,-1.051878061,398.603,1.927844789,1.039126444
2.322,0.41,0.82,1.275311199,-12.38,-0.7555532496,404.481,2.006162528,1.019751909
2.323,0.54,1.08,1.663155331,-6.12,-0.3894464619,417.132,2.170931586,0.933578007
2.324,0.62,1.24,1.897874461,-1.91,-0.1250039901,417.065,2.170072196,0.9280250189
2.325,0.62,1.24,1.897874461,-1.8,-0.1178911993,416.59,2.163975549,0.9275641355
2.326,0.58,1.16,1.780891485,-4.11,-0.2650709474,415.658,2.151993058,0.9438076298
2.327,0.57,1.14,1.751528057,-4.89,-0.3137397254,414.535,2.137519186,0.9603836949
2.328,0.63,1.26,1.927002521,-1.41,-0.0925884157,413.738,2.127223181,0.9470999678
2.329,0.66,1.32,2.014104259,0.34,0.02258804273,412.361,2.109387651,0.9447125805
2.33,0.62,1.24,1.897874461,-1.69,-0.1107679054,400.177,1.94892922,1.032485259
2.331,0.57,1.14,1.751528057,-4.43,-0.2850998976,402.191,1.975787028,1.035985917
2.332,0.56,1.12,1.722117555,-5.03,-0.3224207647,405.138,2.014845503,1.017544542
2.333,0.59,1.18,1.810207839,-3.03,-0.1968297564,408.044,2.053083354,0.975194252
2.334,0.6,1.2,1.83947712,-2.78,-0.1808909279,412.171,2.10692201,0.9550609735
2.335,0.51,1.02,1.574358943,-7.21,-0.4554829271,418.065,2.182884579,0.9114029395
2.336,0.4,0.8,1.24514752,-12.65,-0.7706406119,432.759,2.367695344,0.7796523782
2.337,0.33,0.66,1.032683705,-16.46,-0.9775598357,433.87,2.381412525,0.735606886
2.338,0.32,0.64,1.002143437,-16.65,-0.9875906969,435.023,2.395611174,0.7117392488
2.339,0.42,0.84,1.305427805,-12.15,-0.7426561335,435.777,2.40487599,0.7853520696
2.34,0.61,1.22,1.868699327,-2.46,-0.1604107785,436.505,2.413806132,0.8292816102
2.341,0.84,1.68,2.527817779,4.68,0.3200222514,436.819,2.417653273,0.9233445516
2.342,1.05,2.1,3.10787358,10.02,0.7098678504,437.184,2.422121793,0.992300082
2.343,1.18,2.36,3.456552477,13.85,1.006348235,436.777,2.417138847,1.009658396
2.344,1.26,2.52,3.667169923,15.54,1.141791095,436.979,2.419612536,1.029697924
2.345,1.26,2.52,3.667169923,15.51,1.139361748,435.674,2.403611318,1.035054418
2.346,1.15,2.3,3.37679422,13.11,0.9479400111,434.8,2.392867972,1.010771717
2.347,0.96,1.92,2.861820211,8.19,0.5732330208,430.327,2.33754485,0.9831805578
2.348,0.74,1.48,2.244304323,2.35,0.1582255076,424.586,2.265690026,0.9259003839
2.349,0.54,1.08,1.663155331,-5.13,-0.3286114071,417.972,2.181694321,0.89750724
2.35,0.36,0.72,1.124022067,-12.41,-0.7572324329,409.905,2.077428068,0.8514056834
2.351,0.19,0.38,0.6008362552,-19.57,-1.138394407,400.978,1.959627154,0.7316272492
2.352,0,0,0,-27.2,-1.503890546,381.983,1.699989203,0
2.353,-0.18,-0.36,-0.5848888032,-34.54,-1.819200808,378.976,1.657706942,3.621740057
2.354,-0.35,-0.7,-1.15128818,-40.96,-2.068392259,374.818,1.598684117,2.451071374
2.355,-0.46,-0.92,-1.525031229,-45.25,-2.222207407,374.101,1.588440149,2.406295386
2.356,-0.48,-0.96,-1.593596467,-46.06,-2.250172528,372.943,1.571853964,2.349333414
2.357,-0.41,-0.82,-1.354441921,-43.7,-2.167754002,373.794,1.584047955,2.320417831
2.358,-0.28,-0.56,-0.9164173312,-39.63,-2.018691782,374.959,1.600696315,2.192409739
2.359,-0.19,-0.38,-0.6178298248,-36.55,-1.899774315,377.247,1.633242819,2.318036839
2.36,-0.16,-0.32,-0.5191479808,-35.36,-1.852360392,379.155,1.660233286,2.702106922
2.361,-0.12,-0.24,-0.3882312192,-34.05,-1.799193764,381.2,1.689011361,3.523531952
2.362,-0.03,-0.06,-0.0964223112,-30.83,-1.66406855,383.111,1.715764531,-1.865179996
2.363,0.09,0.18,0.2867249592,-26.6,-1.476588034,385.855,1.753946876,1.033768951
2.364,0.14,0.28,0.4443690272,-24.54,-1.38101722,388.705,1.793317793,1.077779309
2.365,0.12,0.24,0.3814526208,-25.22,-1.412881174,391.637,1.83352138,0.9068382313
2.366,0.12,0.24,0.3814526208,-25.44,-1.423123046,394.884,1.877694514,0.8391477424
2.367,0.18,0.36,0.5696369568,-22.94,-1.304795336,396.683,1.902012523,0.9538187612
2.368,0.29,0.58,0.9102401912,-18.66,-1.092067572,398.528,1.926838054,1.090407736
2.369,0.36,0.72,1.124022067,-15.59,-0.9312833553,400.372,1.951535557,1.101710014
2.37,0.4,0.8,1.24514752,-13.69,-0.8282256132,402.404,1.978619633,1.082366127
2.371,0.49,0.98,1.514925983,-9.39,-0.5846306229,405.294,2.016905146,1.057706438
2.372,0.63,1.26,1.927002521,-1.84,-0.1204788833,409.053,2.066296358,0.9903305659
2.373,0.74,1.48,2.244304323,1.94,0.1302644618,413.473,2.123795398,0.9956720154
2.374,0.78,1.56,2.358274589,2.91,0.1966613113,421.997,2.232967439,0.9706316609
2.375,0.81,1.62,2.443258015,3.71,0.252063169,433.604,2.378131504,0.9289266838
2.376,0.92,1.84,2.751239245,6.47,0.4477122266,434.475,2.388867512,0.9699142976
2.377,1.09,2.18,3.216006719,11.08,0.7904862633,434.965,2.394897831,1.00961348
2.378,1.24,2.48,3.614798003,14.93,1.092572757,435.624,2.402997292,1.034108301
2.379,1.3,2.6,3.77134888,16.13,1.189753296,436.098,2.408815431,1.048013576
2.38,1.3,2.6,3.77134888,16.23,1.197917453,436.667,2.415791308,1.043622807
2.381,1.29,2.58,3.745374751,15.91,1.171827865,436.935,2.41907381,1.043017908
2.382,1.25,2.5,3.6410075,15.31,1.123189317,437.161,2.421840325,1.027073923
2.383,1.18,2.36,3.456552477,13.64,0.9897176276,436.31,2.411415591,1.016294351
2.384,1.04,2.08,3.080722611,10.22,0.7249955928,434.896,2.394049075,0.9877135276
2.385,0.86,1.72,2.583955587,5.79,0.3988536725,432.696,2.366916447,0.9342626015
2.386,0.68,1.36,2.071936717,1.1,0.07344960963,430.375,2.338141573,0.8591575272
2.387,0.49,0.98,1.514925983,-6.35,-0.403462751,429.259,2.324250537,0.7887003418
2.388,0.32,0.64,1.002143437,-13.89,-0.8392038172,427.884,2.307085942,0.6827138366
2.389,0.19,0.38,0.6008362552,-19.18,-1.118613657,426.978,2.295745861,0.5104237681
2.39,0.12,0.24,0.3814526208,-22.16,-1.266994388,426.24,2.28649078,0.3741578918
2.391,0.06,0.12,0.1915736352,-24.71,-1.389012656,425.651,2.279092767,0.215231902
2.392,0.01,0.02,0.0320466232,-26.97,-1.493452755,425.145,2.272729078,0.04112356843
2.393,0.02,0.04,0.0640461728,-26.26,-1.461010498,424.089,2.259423905,0.0802168053
2.394,0.12,0.24,0.3814526208,-22.71,-1.29369302,423.157,2.247653529,0.3998620669
2.395,0.15,0.3,0.47575662,-21.22,-1.220872247,422.305,2.236870781,0.4682650652
2.396,0.04,0.08,0.1279040512,-25.98,-1.448124012,420.55,2.214591116,0.1668748084
2.397,-0.15,-0.3,-0.48634818,-33.81,-1.789341574,417.779,2.179223369,-1.247424696
2.398,-0.24,-0.48,-0.7832410368,-37.69,-1.944421352,410.415,2.084080351,-5.608238933
2.399,-0.19,-0.38,-0.6178298248,-35.86,-1.872383693,402.371,1.978180877,-5.839756799
2.4,-0.07,-0.14,-0.2256444232,-31.75,-1.703330398,401.129,1.961641473,-0.8735375456
2.401,0.02,0.04,0.0640461728,-28.32,-1.554221063,401.391,1.96513472,0.155862848
2.402,0.06,0.12,0.1915736352,-26.82,-1.486626648,401.607,1.968012934,0.3979623864
2.403,0.06,0.12,0.1915736352,-26.78,-1.484803834,404.544,2.006995753,0.3668644193
2.404,0.05,0.1,0.15976238,-27.31,-1.508870189,407.962,2.052008117,0.2941469773
2.405,0.06,0.12,0.1915736352,-26.86,-1.4884484,412.04,2.105221353,0.3106064141
2.406,0.13,0.26,0.4129343608,-24.09,-1.359757635,417.158,2.171265043,0.5088485416
2.407,0.27,0.54,0.8487359928,-18.51,-1.084373424,422.388,2.237922169,0.7357608391
2.408,0.45,0.9,1.39549518,-10.5,-0.6489126003,438.667,2.440239161,0.779028911
2.409,0.64,1.28,1.956083507,-0.46,-0.03039792141,439.058,2.445005689,0.81010404
2.41,0.77,1.54,2.329852633,3.09,0.2090759895,439.058,2.445005689,0.8778375782
2.411,0.77,1.54,2.329852633,3.2,0.2166772187,438.727,2.440970874,0.8766595696
2.412,0.66,1.32,2.014104259,0.41,0.02725121946,437.934,2.431291987,0.8192267086
2.413,0.52,1.04,1.604004813,-6.97,-0.4410271742,437.177,2.42203613,0.8096908435
2.414,0.42,0.84,1.305427805,-11.84,-0.7252074927,436.178,2.409796772,0.7749234906
2.415,0.42,0.84,1.305427805,-11.81,-0.7235149112,435.416,2.400442185,0.7784641738
2.416,0.47,0.94,1.455304729,-9.4,-0.585214155,434.196,2.385430883,0.8084052916
2.417,0.53,1.06,1.633603609,-6.44,-0.4089354179,432.413,2.363416195,0.8358248534
2.418,0.59,1.18,1.810207839,-2.99,-0.1942831505,432.269,2.361634268,0.835216696
2.419,0.64,1.28,1.956083507,-0.34,-0.02248599305,431.019,2.346141165,0.8418131616
2.42,0.63,1.26,1.927002521,-0.94,-0.06191919878,430.962,2.345433609,0.8438757872
2.421,0.5,1,1.544666,-5.92,-0.3772225855,428.861,2.319287827,0.7953728674
2.422,0.21,0.42,0.6630936312,-16.65,-0.9875906969,429.067,2.321857041,0.4969724631
2.423,-0.12,-0.24,-0.3882312192,-28.46,-1.560454755,426.046,2.284055213,-0.5365270504
2.424,-0.28,-0.56,-0.9164173312,-34.27,-1.80819439,421.187,2.22268854,-2.210929469
2.425,-0.28,-0.56,-0.9164173312,-34.06,-1.799603517,413.563,2.124959797,-2.816657883
2.426,-0.27,-0.54,-0.8830526472,-33.87,-1.791807888,393.494,1.858829179,-13.17570334
2.427,-0.43,-0.86,-1.422536423,-39.41,-2.01037604,387.474,1.776347853,6.078483298
2.428,-0.75,-1.5,-2.5376565,-50.66,-2.402829111,381.464,1.69271522,3.573590844
2.429,-0.97,-1.94,-3.332263271,-58.52,-2.641215482,374.87,1.599426292,3.198596514
2.43,-0.83,-1.66,-2.823968295,-54.33,-2.517489121,369.089,1.516279311,2.82055596
2.431,-0.41,-0.82,-1.354441921,-40.86,-2.064689263,368.343,1.505454987,2.421957986
2.432,-0.01,-0.02,-0.0320936968,-27.07,-1.49799522,366.545,1.47927598,1.714476443
2.433,0.05,0.1,0.15976238,-24.74,-1.390421573,366.011,1.471476165,1.971046627
2.434,-0.25,-0.5,-0.8164645,-35.82,-1.870787259,365.362,1.461981281,1.997193152
2.435,-0.6,-1.2,-2.00894208,-48.97,-2.34793628,366.427,1.477553404,2.308113056
2.436,-0.78,-1.56,-2.644670371,-55.81,-2.562038156,369.751,1.525866504,2.552347737
2.437,-0.82,-1.64,-2.788014563,-56.94,-2.59542336,372.24,1.561759662,2.697216288
2.438,-0.77,-1.54,-2.608952007,-55.66,-2.55756592,372.384,1.563828894,2.625394787
2.439,-0.69,-1.38,-2.324899745,-53.03,-2.47756865,373.047,1.573345673,2.571157561
2.44,-0.56,-1.12,-1.869740365,-49.06,-2.350893876,374.319,1.591556848,2.462332663
2.441,-0.43,-0.86,-1.422536423,-44.83,-2.207575034,376.727,1.625863253,2.44543169
2.442,-0.33,-0.66,-1.083946855,-41.62,-2.092695215,378.273,1.647773483,2.436264124
2.443,-0.29,-0.58,-0.9498290888,-40.21,-2.040485889,380.637,1.681104025,2.642952198
2.444,-0.3,-0.6,-0.98328792,-40.33,-2.044971729,382.182,1.702775644,2.873463382
2.445,-0.31,-0.62,-1.016793825,-40.88,-2.0654303,385.179,1.744565705,3.168918722
2.446,-0.32,-0.64,-1.050346803,-41.14,-2.07504387,387.713,1.779646799,3.555711635
2.447,-0.32,-0.64,-1.050346803,-41.15,-2.075412886,390.031,1.811537336,3.980462772
2.448,-0.3,-0.6,-0.98328792,-40.63,-2.05615157,393.465,1.858434876,4.973216474
2.449,-0.29,-0.58,-0.9498290888,-40.13,-2.037490905,397.548,1.913665938,7.670739667
2.45,-0.32,-0.64,-1.050346803,-41.35,-2.082781747,402.337,1.977728787,9.998260003
2.451,-0.36,-0.72,-1.185029453,-43.23,-2.150994711,407.743,2.049135388,11.63398117
2.452,-0.34,-0.68,-1.117593981,-42.41,-2.121475107,415.462,2.149469716,-39.9217579
2.453,-0.2,-0.4,-0.65081792,-37.85,-1.950627645,421.765,2.230025377,-2.329360075
2.454,0,0,0,-30.69,-1.658047328,430.107,2.334809022,0
2.455,0.19,0.38,0.6008362552,-23.71,-1.341697053,444.809,2.514627666,0.5122521729
2.456,0.33,0.66,1.032683705,-17.81,-1.048249465,446.432,2.53411299,0.6950057578
2.457,0.48,0.96,1.485138893,-10.95,-0.6746925819,447.079,2.541860965,0.7953963371
2.458,0.64,1.28,1.956083507,-2.89,-0.1879106268,447.73,2.549645533,0.8282400799
2.459,0.76,1.52,2.301383603,1.81,0.1214303351,448.622,2.560293585,0.8581732018
2.46,0.83,1.66,2.499678265,3.59,0.2437157346,449.774,2.574014046,0.8871249054
2.461,0.85,1.7,2.55591022,4.02,0.2736882735,450.767,2.585812625,0.8938308855
2.462,0.81,1.62,2.443258015,3.1,0.2097665561,451.882,2.59902984,0.8698594239
2.463,0.76,1.52,2.301383603,1.69,0.1132892213,451.747,2.597431286,0.8489933201
2.464,0.75,1.5,2.2728675,1.43,0.0956944162,451.09,2.589644829,0.8463986455
2.465,0.82,1.64,2.471491677,3.2,0.2166772187,450.259,2.579779946,0.8837938618
2.466,0.93,1.86,2.778955097,5.97,0.4117448525,449.422,2.569825415,0.9320441404
2.467,0.99,1.98,2.944261663,7.58,0.5283974863,448.09,2.553945504,0.9552024783
2.468,0.97,1.94,2.889347769,7,0.4860930969,446.977,2.540640236,0.9546092935
2.469,0.87,1.74,2.611953881,4.48,0.3059393875,446.429,2.534077038,0.9196967516
2.47,0.71,1.42,2.158332351,0.39,0.0259184403,445.79,2.526413784,0.8456314311
2.471,0.5,1,1.544666,-7.92,-0.497970509,443.794,2.502405668,0.77062408
2.472,0.28,0.56,0.8795116288,-16.44,-0.976502386,440.85,2.466797088,0.5901595353
2.473,0.12,0.24,0.3814526208,-22.25,-1.271377732,435.675,2.403623598,0.3368991068
2.474,0.07,0.14,0.2233378168,-24.3,-1.369695999,430.557,2.34040354,0.2300773481
2.475,0.06,0.12,0.1915736352,-24.44,-1.376304822,423.787,2.255612734,0.2178686586
2.476,0.02,0.04,0.0640461728,-26.07,-1.452271815,406.49,2.032669449,0.1103487834
2.477,-0.12,-0.24,-0.3882312192,-30.95,-1.669219767,401.853,1.971289015,-1.285239137
2.478,-0.3,-0.6,-0.98328792,-37.87,-1.951402401,396.771,1.903199233,20.39882357
2.479,-0.48,-0.96,-1.593596467,-44.43,-2.193554939,391.488,1.831485562,4.401356671
2.48,-0.61,-1.22,-2.043860193,-49.19,-2.355159087,385.217,1.745093485,3.350230186
2.481,-0.71,-1.42,-2.395630369,-52.68,-2.466692194,382.674,1.709658509,3.164496397
2.482,-0.8,-1.6,-2.71624832,-55.86,-2.563526774,379.285,1.662067314,3.01316747
2.483,-0.88,-1.76,-3.004443059,-58.92,-2.652647524,378.387,1.649385567,2.994674562
2.484,-0.94,-1.88,-3.222566205,-61.1,-2.713841472,377.294,1.633909317,2.984045054
2.485,-0.95,-1.9,-3.25908482,-61.21,-2.716880422,380.932,1.685248758,3.159155475
2.486,-0.88,-1.76,-3.004443059,-59.2,-2.660611859,385.146,1.744107327,3.278154066
2.487,-0.77,-1.54,-2.608952007,-55.91,-2.565014329,389.795,1.808299177,3.447733271
2.488,-0.66,-1.32,-2.219156861,-52.31,-2.45513415,395.108,1.880728469,3.863396434
2.489,-0.55,-1.1,-1.83505762,-48.92,-2.346291487,400.009,1.946682742,4.592135796
2.49,-0.46,-0.92,-1.525031229,-45.96,-2.246738067,405.498,2.019597328,6.714036559
2.491,-0.4,-0.8,-1.32046528,-44,-2.17839078,411.233,2.094732848,15.7841014
2.492,-0.4,-0.8,-1.32046528,-44.13,-2.182985445,418.307,2.18598057,-440.8715016
2.493,-0.41,-0.82,-1.354441921,-44.39,-2.192148375,423.044,2.246224672,-25.04686874
2.494,-0.29,-0.58,-0.9498290888,-40.53,-2.052430465,429.988,2.333328604,-3.38140043
2.495,-0.03,-0.06,-0.0964223112,-31.54,-1.694415094,446.705,2.537383597,-0.1143842395
2.496,0.27,0.54,0.8487359928,-20.23,-1.171619478,449.086,2.565824115,0.6087599844
2.497,0.46,0.92,1.425423491,-11.53,-0.7076833433,450.612,2.583972666,0.7597034603
2.498,0.53,1.06,1.633603609,-8.15,-0.5116455393,451.622,2.595950717,0.7837641178
2.499,0.57,1.14,1.751528057,-6.47,-0.4107581458,451.785,2.597881298,0.8008365032
2.5,0.59,1.18,1.810207839,-5.2,-0.3329398539,451.647,2.596246864,0.7998065802
2.501,0.56,1.12,1.722117555,-6.39,-0.4058958778,449.93,2.575869323,0.7936122718
2.502,0.47,0.94,1.455304729,-10.15,-0.6287500019,448.14,2.554542449,0.755691368
2.503,0.33,0.66,1.032683705,-15.31,-0.9162684814,445.953,2.528369616,0.6405824564
2.504,0.2,0.4,0.63198848,-20.37,-1.178626991,443.948,2.504261837,0.4767440158
2.505,0.07,0.14,0.2233378168,-25.27,-1.415211742,440.665,2.464551522,0.2128365102
2.506,-0.08,-0.16,-0.2580676352,-30.86,-1.665357204,436.587,2.414811066,-0.3443409237
2.507,-0.24,-0.48,-0.7832410368,-36.69,-1.905297862,424.923,2.269934714,-2.14800296
2.508,-0.37,-0.74,-1.218817799,-41.61,-2.092328755,414.225,2.133516821,-29.59152795
2.509,-0.46,-0.92,-1.525031229,-45.05,-2.215250909,408.696,2.06162512,9.926922048
2.51,-0.53,-1.06,-1.765833351,-47.34,-2.29369025,402.99,1.986404892,5.746558717
2.511,-0.59,-1.18,-1.974071041,-49.68,-2.371162954,398.007,1.919839365,4.373959369
2.512,-0.69,-1.38,-2.324899745,-53.44,-2.490239855,392.274,1.842216119,3.587676836
2.513,-0.8,-1.6,-2.71624832,-57.43,-2.609734308,386.592,1.764155864,3.212296078
2.514,-0.87,-1.74,-2.968253959,-59.95,-2.681791855,380.578,1.680274693,2.963757457
2.515,-0.89,-1.78,-3.040679233,-60.58,-2.699412781,375.685,1.611045033,2.793797626
2.516,-0.86,-1.72,-2.932111933,-59.79,-2.677292046,372.666,1.567878824,2.642939416
2.517,-0.84,-1.68,-2.859969101,-59.03,-2.655780098,368.876,1.513190953,2.503059927
2.518,-0.82,-1.64,-2.788014563,-58.66,-2.645224006,363.834,1.439559842,2.312430481
2.519,-0.81,-1.62,-2.752107905,-58.19,-2.631735519,363.289,1.431539877,2.293049406
2.52,-0.8,-1.6,-2.71624832,-57.99,-2.625968598,364.968,1.456208822,2.322056524
2.521,-0.8,-1.6,-2.71624832,-58.04,-2.627411854,367.083,1.487122738,2.382069847
2.522,-0.8,-1.6,-2.71624832,-57.97,-2.625391011,368.865,1.513031412,2.441879697
2.523,-0.79,-1.58,-2.680435809,-57.56,-2.613514446,372.245,1.561831524,2.548710977
2.524,-0.77,-1.54,-2.608952007,-57.11,-2.60039965,374.352,1.592028484,2.587293344
2.525,-0.75,-1.5,-2.5376565,-56.46,-2.581307624,376.936,1.628830495,2.664270273
2.526,-0.68,-1.36,-2.289605043,-54.25,-2.515054007,379.573,1.666128153,2.697061271
2.527,-0.56,-1.12,-1.869740365,-50.41,-2.394793978,382.241,1.703601495,2.705093606
2.528,-0.46,-0.92,-1.525031229,-47.27,-2.291331483,383.942,1.727356564,2.704076331
2.529,-0.43,-0.86,-1.422536423,-46.41,-2.262153406,384.732,1.738353428,2.715800845
2.53,-0.44,-0.88,-1.456654285,-46.79,-2.27509155,385.364,1.747134672,2.759040265
2.531,-0.42,-0.84,-1.388465635,-46.1,-2.251544897,387.864,1.781730022,2.955346267
2.532,-0.38,-0.76,-1.252653219,-44.65,-2.201276226,390.248,1.814513066,3.238812147
2.533,-0.39,-0.78,-1.286535713,-45.12,-2.217688016,393.351,1.856884577,3.565752356
2.534,-0.44,-0.88,-1.456654285,-46.93,-2.279840039,396.881,1.904682251,3.882777673
2.535,-0.4,-0.8,-1.32046528,-45.83,-2.242265703,400.451,1.952591096,4.558443332
2.536,-0.24,-0.48,-0.7832410368,-40.59,-2.054663788,406.22,2.029114675,30.65629111
2.537,-0.01,-0.02,-0.0320936968,-32.82,-1.748331297,413.019,2.117917784,-0.08683677006
2.538,0.18,0.36,0.5696369568,-25.78,-1.438887238,421.913,2.231902396,0.7183178667
2.539,0.29,0.58,0.9102401912,-21.34,-1.226794912,427.741,2.305297658,0.8439850475
2.54,0.35,0.7,1.09362302,-18.8,-1.09923396,439.377,2.448891349,0.8102967677
2.541,0.39,0.78,1.214936767,-17.27,-1.02013588,447.077,2.541837032,0.7984069443
2.542,0.42,0.84,1.305427805,-15.75,-0.939836696,448.296,2.556404489,0.8075305039
2.543,0.47,0.94,1.455304729,-13.72,-0.8298743071,450.587,2.58367584,0.8298001238
2.544,0.53,1.06,1.633603609,-10.81,-0.6666893869,452.718,2.608918412,0.84109731
2.545,0.63,1.26,1.927002521,-5.69,-0.3631238695,454.441,2.629241335,0.8503542072
2.546,0.79,1.58,2.386649471,1.46,0.09772149724,456.219,2.650132364,0.868550364
2.547,0.97,1.94,2.889347769,6.1,0.4210739205,457.754,2.668102824,0.9353131944
2.548,1.11,2.22,3.269790847,9.71,0.6864961027,459.648,2.69019328,0.9683422063
2.549,1.16,2.32,3.403427379,11.15,0.7958485199,459.297,2.686106311,0.977447309
2.55,1.15,2.3,3.37679422,10.88,0.7751918079,457.893,2.66972714,0.9802245774
2.551,1.14,2.28,3.350113987,10.45,0.7424402967,455.968,2.647188121,0.988342548
2.552,1.15,2.3,3.37679422,10.86,0.7736645018,453.802,2.621713282,0.9945268051
2.553,1.21,2.42,3.535887071,12.48,0.8986415616,451.982,2.600213647,1.010583994
2.554,1.21,2.42,3.535887071,12.48,0.8986415616,449.963,2.576261703,1.017549786
2.555,1.04,2.08,3.080722611,8.06,0.5636483326,448.623,2.560305511,0.986161373
2.556,0.71,1.42,2.158332351,-0.72,-0.04749702857,446.694,2.537251853,0.8668854982
2.557,0.36,0.72,1.124022067,-17.18,-1.015429303,435.18,2.397541643,0.8132638966
2.558,0.16,0.32,0.5070971392,-26.14,-1.455494137,446.307,2.532614792,0.4707895416
2.559,0.14,0.28,0.4443690272,-27.12,-1.500263974,450.606,2.583901429,0.4100716758
2.56,0.19,0.38,0.6008362552,-25.43,-1.422658215,450.512,2.58278526,0.5179055671
2.561,0.25,0.5,0.7870435,-22.95,-1.305277211,450.017,2.576903717,0.618926624
2.562,0.33,0.66,1.032683705,-19.65,-1.142438401,449.299,2.568361,0.7242214304
2.563,0.43,0.86,1.335497337,-15.26,-0.9135810115,448.864,2.563178756,0.8095896963
2.564,0.52,1.04,1.604004813,-11.1,-0.6832501861,448.314,2.556619298,0.8562139742
2.565,0.57,1.14,1.751528057,-8.98,-0.5606363342,448.216,2.555449678,0.8780410771
2.566,0.56,1.12,1.722117555,-9.14,-0.5700161114,448.445,2.558182372,0.8661838748
2.567,0.55,1.1,1.69265998,-9.95,-0.6171845625,448.771,2.562070176,0.8703133841
2.568,0.54,1.08,1.663155331,-10.51,-0.6494872388,449.03,2.56515694,0.8681848076
2.569,0.53,1.06,1.633603609,-11.01,-0.6781177632,448.94,2.564084521,0.8661889727
2.57,0.53,1.06,1.633603609,-10.96,-0.6752636437,448.572,2.559697282,0.8668936787
2.571,0.57,1.14,1.751528057,-9.18,-0.5723578229,447.935,2.552094551,0.884727768
2.572,0.64,1.28,1.956083507,-5.21,-0.3335578673,447.191,2.543201053,0.8852485869
2.573,0.71,1.42,2.158332351,-1.33,-0.08738173801,446.406,2.533801399,0.8822412547
2.574,0.74,1.48,2.244304323,0.15,0.009952714238,447.741,2.549776972,0.876773956
2.575,0.77,1.54,2.329852633,0.88,0.05867371064,449.699,2.573121857,0.8852711289
2.576,0.85,1.7,2.55591022,2.97,0.2007962711,452.289,2.603846297,0.9113140653
2.577,0.98,1.96,2.916828253,6.18,0.4268227197,454.726,2.632595504,0.9533931091
2.578,1.07,2.14,3.162034297,8.53,0.5983766111,457.533,2.665519263,0.9687914134
2.579,1.06,2.12,3.134977475,8.34,0.5843122259,460.352,2.698381108,0.9550016271
2.58,1,2,2.971648,6.84,0.4744786461,460.724,2.702702576,0.9353095693
2.581,0.98,1.96,2.916828253,6.24,0.4311382393,463.035,2.729471193,0.9228689324
2.582,1,2,2.971648,6.85,0.4752038448,464.92,2.751206652,0.9210384118
2.583,1.04,2.08,3.080722611,7.72,0.5386564538,465.577,2.758761648,0.9342832834
2.584,1.03,2.06,3.053524569,7.63,0.532059276,466.044,2.764125311,0.9263815446
2.585,0.97,1.94,2.889347769,5.99,0.4131790684,465.186,2.754266734,0.9122011707
2.586,0.9,1.8,2.69566632,4.17,0.2841836115,464.109,2.741866037,0.8908202551
2.587,0.87,1.74,2.611953881,3.39,0.2298325276,460.943,2.705245034,0.889909662
2.588,0.84,1.68,2.527817779,2.59,0.1746632724,458.453,2.676266155,0.8866644521
2.589,0.74,1.48,2.244304323,-0.03,-0.001988158449,456.433,2.652641316,0.8466986022
2.59,0.53,1.06,1.633603609,-8.82,-0.5512358423,454.017,2.624247378,0.7880340175
2.591,0.26,0.52,0.8179132832,-19.5,-1.134852121,449.761,2.57385941,0.5683871716
2.592,0.04,0.08,0.1279040512,-28.27,-1.551991655,443.997,2.504852302,0.1342316441
2.593,-0.08,-0.16,-0.2580676352,-32.92,-1.752500929,439.292,2.447856261,-0.3711305909
2.594,-0.11,-0.22,-0.3556197128,-34.01,-1.79755415,433.194,2.373070347,-0.6179143429
2.595,-0.16,-0.32,-0.5191479808,-35.92,-1.874776576,424.058,2.259032817,-1.351046322
2.596,-0.3,-0.6,-0.98328792,-41.43,-2.085723197,402.288,1.977077179,9.050381641
2.597,-0.5,-1,-1.66235,-48.82,-2.342998286,392.962,1.851591137,3.382836419
2.598,-0.62,-1.24,-2.078825379,-53.54,-2.49331903,385.167,1.744399026,2.775764259
2.599,-0.58,-1.16,-1.939247075,-52.28,-2.454194293,382.586,1.708428077,2.600341815
2.6,-0.46,-0.92,-1.525031229,-48.45,-2.330771418,382.508,1.707337231,2.446178379
2.601,-0.38,-0.76,-1.252653219,-45.82,-2.24192132,384.483,1.734889766,2.470562652
2.602,-0.34,-0.68,-1.117593981,-44.4,-2.192500093,388.742,1.793827024,2.80328436
2.603,-0.31,-0.62,-1.016793825,-43.5,-2.160636602,393.68,1.861357463,3.39747645
2.604,-0.31,-0.62,-1.016793825,-43.46,-2.159210598,398.604,1.927858211,4.395000363
2.605,-0.31,-0.62,-1.016793825,-43.68,-2.167043207,403.505,1.993237546,5.85017665
2.606,-0.28,-0.56,-0.9164173312,-42.48,-2.124009057,407.776,2.049568363,12.31070375
2.607,-0.18,-0.36,-0.5848888032,-39.2,-2.002413015,412.139,2.106506632,-5.618872879
2.608,-0.04,-0.08,-0.1286572288,-34.65,-1.823672362,416.522,2.163102197,-0.3790392464
2.609,0.07,0.14,0.2233378168,-30.73,-1.659768938,420.882,2.218812967,0.3994995123
2.61,0.16,0.32,0.5070971392,-27.36,-1.511131026,426.454,2.289176151,0.6517580055
2.611,0.28,0.56,0.8795116288,-22.47,-1.282068703,443.407,2.497738292,0.7234791727
2.612,0.43,0.86,1.335497337,-16.42,-0.9754446372,445.158,2.518823665,0.865307428
2.613,0.55,1.1,1.69265998,-10.74,-0.6626819535,445.373,2.521406955,0.9106564869
2.614,0.64,1.28,1.956083507,-6.1,-0.3882255741,447.07,2.541753265,0.90831593
2.615,0.7,1.4,2.12958088,-3.1,-0.2012830138,447.453,2.54633459,0.9081168628
2.616,0.71,1.42,2.158332351,-2.38,-0.1552769498,449.658,2.572634064,0.8928479532
2.617,0.69,1.38,2.100782335,-3.56,-0.2304428934,451.892,2.599148233,0.8868905307
2.618,0.66,1.32,2.014104259,-5.37,-0.3434346626,453.315,2.615968819,0.8862811824
2.619,0.63,1.26,1.927002521,-7.07,-0.4470561776,455.676,2.643760906,0.8772241877
2.62,0.62,1.24,1.897874461,-7.66,-0.4824596762,458.643,2.678482935,0.8642324041
2.621,0.65,1.3,1.98511742,-5.73,-0.3655789946,459.957,2.693788628,0.8526368894
2.622,0.74,1.48,2.244304323,-1.06,-0.06976797991,462.859,2.727437267,0.8444633551
2.623,0.83,1.66,2.499678265,1.9,0.1275446522,464.255,2.743548783,0.8706363348
2.624,0.89,1.78,2.667809247,3.32,0.2249820134,463.977,2.740344196,0.8996680497
2.625,0.89,1.78,2.667809247,3.38,0.2291393239,463.148,2.730776659,0.9013124908
2.626,0.87,1.74,2.611953881,2.71,0.1829016744,462.25,2.720393448,0.8996515239
2.627,0.84,1.68,2.527817779,2.03,0.1363892916,462.501,2.723297689,0.8839491162
2.628,0.81,1.62,2.443258015,1.28,0.08557108238,461.369,2.71018718,0.8739160492
2.629,0.75,1.5,2.2728675,-0.45,-0.0297390777,459.944,2.693637416,0.8532110505
2.63,0.64,1.28,1.956083507,-5.19,-0.3323217565,459.467,2.688086145,0.8303391957
2.631,0.5,1,1.544666,-10.92,-0.6729789208,457.122,2.66071122,0.7770996128
2.632,0.41,0.82,1.275311199,-14.71,-0.8838935973,454.171,2.62606176,0.7320253157
2.633,0.38,0.76,1.184678941,-15.9,-0.9478379292,451.109,2.589870167,0.7214711826
2.634,0.3,0.6,0.94092168,-18.88,-1.103322625,446.124,2.530420672,0.6593251823
2.635,0.05,0.1,0.15976238,-28.79,-1.575098129,440.899,2.467391702,0.1790468797
2.636,-0.27,-0.54,-0.8830526472,-41.2,-2.077257144,436.517,2.413953207,-2.622699647
2.637,-0.38,-0.76,-1.252653219,-45.3,-2.22394333,428.689,2.317141713,-13.4407183
2.638,-0.2,-0.4,-0.65081792,-39.16,-2.000893443,418.503,2.188486754,-3.469302382
2.639,0.08,0.16,0.2550549248,-29.65,-1.612929428,408.951,2.064962135,0.5642399784
2.64,0.17,0.34,0.5383905848,-26.28,-1.461928957,394.039,1.866233949,1.331644662
2.641,0.05,0.1,0.15976238,-31.2,-1.679922391,396.054,1.893522568,0.7479505999
2.642,-0.08,-0.16,-0.2580676352,-36.48,-1.897008256,395.274,1.882975737,18.39068464
2.643,-0.12,-0.24,-0.3882312192,-38.23,-1.965308913,397.619,1.914621335,7.659297045
2.644,-0.13,-0.26,-0.4208897992,-38.68,-1.982588323,399.449,1.939187663,9.697774203
2.645,-0.14,-0.28,-0.4535954528,-39.04,-1.996329333,400.664,1.955436006,11.09216297
2.646,-0.11,-0.22,-0.3556197128,-38.07,-1.959137374,402.127,1.974935623,-22.51007169
2.647,-0.02,-0.04,-0.0642344672,-34.8,-1.829758262,406.676,2.03511692,-0.3127916205
2.648,0.12,0.24,0.3814526208,-29.79,-1.619043092,411.137,2.093483775,0.804004871
2.649,0.25,0.5,0.7870435,-24.84,-1.395113547,413.016,2.117878924,1.088933594
2.65,0.34,0.68,1.063176899,-21.25,-1.22235387,418.102,2.183358049,1.106318705
2.651,0.4,0.8,1.24514752,-18.94,-1.106386066,423.715,2.25470371,1.084323251
2.652,0.44,0.88,1.365519795,-17.29,-1.02118097,428.102,2.309810986,1.059667847
2.653,0.49,0.98,1.514925983,-15.13,-0.9065847222,440.57,2.463398027,0.9730941907
2.654,0.58,1.16,1.780891485,-10.99,-0.6769763532,450.935,2.587806188,0.9319989945
2.655,0.72,1.44,2.187036749,-3.83,-0.2474743014,454.338,2.628028609,0.9187090342
2.656,0.89,1.78,2.667809247,2.56,0.1726057065,457.977,2.670708502,0.9382745105
2.657,1.05,2.1,3.10787358,6.83,0.4737535413,459.397,2.687271008,0.9831855248
2.658,1.2,2.4,3.50948928,10.88,0.7751918079,460.845,2.704107462,1.008677037
2.659,1.32,2.64,3.823155917,14.03,1.020638008,461.47,2.71135824,1.024426517
2.66,1.36,2.72,3.926205107,14.96,1.094984571,463.032,2.729436531,1.026614226
2.661,1.32,2.64,3.823155917,14.1,1.02620387,464.816,2.750009753,1.012431048
2.662,1.24,2.48,3.614798003,11.95,0.857471161,466.67,2.77130672,0.996147497
2.663,1.17,2.34,3.430013465,10.2,0.7234810798,467.557,2.781465817,0.9786206655
2.664,1.13,2.26,3.323386681,9.25,0.6519858091,467.96,2.78607514,0.9666456557
2.665,1.09,2.18,3.216006719,8.18,0.5724951674,468.383,2.790908946,0.9561761271
2.666,1.04,2.08,3.080722611,6.76,0.4686804357,467.95,2.785960813,0.9465628853
2.667,1.01,2.02,2.998987263,5.95,0.4103110093,469.799,2.80705849,0.93212398
2.668,1.05,2.1,3.10787358,6.97,0.4839135551,471.23,2.823329734,0.9397172535
2.669,1.11,2.22,3.269790847,8.76,0.6154479405,473.073,2.844212994,0.9451188742
2.67,1.11,2.22,3.269790847,8.6,0.6035668934,474.986,2.865803557,0.9424738275
2.671,1,2,2.971648,5.77,0.3974231805,477.226,2.890974469,0.9036765979
2.672,0.87,1.74,2.611953881,2.47,0.1664378882,476.127,2.878639787,0.8577626448
2.673,0.83,1.66,2.499678265,1.17,0.07816007964,474.866,2.864451767,0.849476042
2.674,0.82,1.64,2.471491677,1.01,0.06739971161,473.802,2.852450936,0.8464445532
2.675,0.74,1.48,2.244304323,-1.88,-0.123065179,472.835,2.841520766,0.8255806475
2.676,0.59,1.18,1.810207839,-7.95,-0.4997566601,472.047,2.832597321,0.7759672014
2.677,0.49,0.98,1.514925983,-11.7,-0.7173027255,468.704,2.794574241,0.7292864567
2.678,0.46,0.92,1.425423491,-12.82,-0.780110914,463.868,2.739087197,0.7276369314
2.679,0.39,0.78,1.214936767,-15.68,-0.9360969855,460.2,2.696614342,0.6901021241
2.68,0.19,0.38,0.6008362552,-23.54,-1.333585162,456.843,2.657444902,0.4538518975
2.681,-0.09,-0.18,-0.2905379208,-34.18,-1.804515842,450.851,2.586809499,-0.3713924023
2.682,-0.29,-0.58,-0.9498290888,-41.68,-2.09489284,445.592,2.524037025,-2.21330994
2.683,-0.35,-0.7,-1.15128818,-43.86,-2.173432812,438.233,2.43494346,-4.402452391
2.684,-0.31,-0.62,-1.016793825,-42.8,-2.135559514,430.628,2.341285696,-4.942461922
2.685,-0.23,-0.46,-0.7500646472,-39.95,-2.030739225,425.579,2.278187723,-3.031194981
2.686,-0.1,-0.2,-0.32305528,-35.78,-1.869189884,410.201,2.081290008,-1.523126308
2.687,0.05,0.1,0.15976238,-30.25,-1.63904284,411.802,2.102130226,0.3449940219
2.688,0.24,0.48,0.7561266432,-23.23,-1.318741538,413.283,2.121336389,0.9421025341
2.689,0.4,0.8,1.24514752,-16.52,-0.9807303901,423.546,2.25256942,0.9790134524
2.69,0.48,0.96,1.485138893,-12.94,-0.7867822989,426.027,2.283816618,0.9920540055
2.691,0.47,0.94,1.455304729,-13.41,-0.8128043309,427.23,2.29890247,0.9792790198
2.692,0.42,0.84,1.305427805,-15.41,-0.9216377426,427.865,2.306848372,0.9424038317
2.693,0.36,0.72,1.124022067,-17.46,-1.030052276,428.675,2.316966992,0.8734238979
2.694,0.26,0.52,0.8179132832,-21.58,-1.238609678,429.6,2.328498848,0.7504554643
2.695,0.09,0.18,0.2867249592,-28.1,-1.544399488,430.589,2.34080115,0.3600255662
2.696,-0.07,-0.14,-0.2256444232,-34.19,-1.80492481,432.367,2.362847033,-0.4044370599
2.697,-0.12,-0.24,-0.3882312192,-36.37,-1.892655812,434.288,2.386564352,-0.7860386846
2.698,-0.08,-0.16,-0.2580676352,-35,-1.837851888,437.388,2.424617642,-0.4398137298
2.699,-0.07,-0.14,-0.2256444232,-34.49,-1.817165885,438.851,2.442482762,-0.3608481261
2.7,-0.13,-0.26,-0.4208897992,-36.85,-1.91159652,442.034,2.481146434,-0.7389866791
2.701,-0.21,-0.42,-0.6838530888,-39.99,-2.032241151,453.426,2.617278675,-1.168904662
2.702,-0.26,-0.52,-0.8497350368,-41.8,-2.099282249,450.817,2.586406025,-1.744392448
2.703,-0.29,-0.58,-0.9498290888,-42.96,-2.141314298,445.258,2.52002535,-2.508057485
2.704,-0.3,-0.6,-0.98328792,-43.27,-2.152425566,437.876,2.430583386,-3.535000097
2.705,-0.21,-0.42,-0.6838530888,-40.55,-2.053175126,428.992,2.32092179,-2.55410498
2.706,-0.06,-0.12,-0.1932682848,-35.35,-1.851958417,415.777,2.153524507,-0.6408820204
2.707,0.1,0.2,0.31834792,-29.57,-1.609430277,414.448,2.136396244,0.6041147632
2.708,0.23,0.46,0.7251627128,-24.82,-1.394175695,413.383,2.122630745,0.9954803843
2.709,0.32,0.64,1.002143437,-21.2,-1.219884144,411.684,2.100596988,1.137877622
2.71,0.42,0.84,1.305427805,-16.95,-1.003374068,409.674,2.074412252,1.218843384
2.711,0.5,1,1.544666,-13.31,-0.807282055,407.898,2.051168758,1.241806024
2.712,0.52,1.04,1.604004813,-12.39,-0.7561130555,405.839,2.024094473,1.265006561
2.713,0.51,1.02,1.574358943,-12.71,-0.7739856404,405.566,2.020494421,1.263014724
2.714,0.51,1.02,1.574358943,-12.83,-0.7806672903,403.997,1.999756911,1.291421825
2.715,0.48,0.96,1.485138893,-14.29,-0.8610680197,402.605,1.98129128,1.325752594
2.716,0.38,0.76,1.184678941,-18.17,-1.066872416,403.137,1.988356074,1.285621216
2.717,0.28,0.56,0.8795116288,-22.38,-1.277699216,404.661,2.008542827,1.203419739
2.718,0.2,0.4,0.63198848,-25.69,-1.434721931,405.976,2.02590018,1.069032023
2.719,0.15,0.3,0.47575662,-27.79,-1.530506376,407.987,2.052335956,0.9117087997
2.72,0.14,0.28,0.4443690272,-28.37,-1.556448844,410.605,2.086556539,0.8382617936
2.721,0.14,0.28,0.4443690272,-28.13,-1.545740651,413.341,2.122087154,0.771010191
2.722,0.19,0.38,0.6008362552,-26.25,-1.460551169,417.229,2.172175532,0.8443165895
2.723,0.32,0.64,1.002143437,-21.41,-1.230245092,421.63,2.228312656,1.004083765
2.724,0.4,0.8,1.24514752,-17.74,-1.044617259,427.717,2.304997468,0.9879142114
2.725,0.32,0.64,1.002143437,-21.41,-1.230245092,431.044,2.346451468,0.8978119628
2.726,0.11,0.22,0.3499238072,-30.08,-1.631667319,435.856,2.405845779,0.4519937265
2.727,-0.06,-0.12,-0.1932682848,-37.09,-1.921016643,450.376,2.581169965,-0.2927627238
2.728,-0.08,-0.16,-0.2580676352,-38.2,-1.964152861,451.001,2.588589171,-0.4132809563
2.729,0.01,0.02,0.0320466232,-35.08,-1.84108266,452.309,2.604082866,0.04200080545
2.73,0.08,0.16,0.2550549248,-32.61,-1.739555083,453.515,2.618328688,0.2902396287
2.731,0.13,0.26,0.4129343608,-30.71,-1.658908259,454.415,2.628935236,0.4256936876
2.732,0.32,0.64,1.002143437,-23.54,-1.333585162,455.373,2.640202261,0.7669756027
2.733,0.73,1.46,2.215694073,-5.16,-0.33046696,456.311,2.651211123,0.9547343082
2.734,1.23,2.46,3.588541433,10.48,0.7447194677,457.488,2.664993045,1.05244692
2.735,1.59,3.18,4.504121599,18.68,1.401132551,458.528,2.67714131,1.104418622
2.736,1.7,3.4,4.77171368,20.8,1.581989574,459.381,2.687084673,1.117739679
2.737,1.64,3.28,4.626460467,19.54,1.473933415,459.988,2.694149193,1.109973314
2.738,1.6,3.2,4.52868352,18.83,1.413775067,460.612,2.701401856,1.10048331
2.739,1.67,3.34,4.699298905,20.27,1.536334569,461.253,2.708841884,1.106973752
2.74,1.76,3.52,4.915272243,21.88,1.675939444,462.021,2.717742385,1.118713743
2.741,1.76,3.52,4.915272243,21.91,1.6785668,462.887,2.727760898,1.115503108
2.742,1.67,3.34,4.699298905,20.28,1.537193253,463.748,2.737703003,1.099277882
2.743,1.56,3.12,4.430153395,18.22,1.362507385,464.495,2.746313789,1.078205453
2.744,1.49,2.98,4.255913343,17.05,1.265247458,465.024,2.752403284,1.059303961
2.745,1.49,2.98,4.255913343,17.05,1.265247458,465.36,2.756267495,1.058286092
2.746,1.51,3.02,4.305931583,17.44,1.297511257,465.76,2.76086411,1.060998847
2.747,1.51,3.02,4.305931583,17.32,1.28756734,466.123,2.765032122,1.062511019
2.748,1.46,2.92,4.180532931,16.44,1.21509526,466.234,2.766305991,1.050015476
2.749,1.38,2.76,3.977447261,14.97,1.09578871,465.892,2.762380126,1.030915813
2.75,1.31,2.62,3.797275935,13.14,0.9502973436,465.389,2.756600882,1.024380953
2.751,1.29,2.58,3.745374751,12.7,0.9158123613,465.026,2.752426293,1.021028102
2.752,1.33,2.66,3.848988825,13.84,1.005555305,464.645,2.748041193,1.02541358
2.753,1.39,2.78,4.002997727,15.09,1.105446223,464.511,2.746498072,1.039214854
2.754,1.39,2.78,4.002997727,15.22,1.115924885,464.438,2.74565723,1.036621159
2.755,1.34,2.68,3.874774659,13.99,1.017459711,464.302,2.744090376,1.030100509
2.756,1.25,2.5,3.6410075,11.66,0.8350606483,463.85,2.738879591,1.018765636
2.757,1.16,2.32,3.403427379,9.55,0.674469466,463.178,2.731123189,0.9993641999
2.758,1.11,2.22,3.269790847,8.27,0.5791392686,462.43,2.72247633,0.9903608549
2.759,1.08,2.16,3.189044045,7.37,0.5130437536,461.789,2.715055253,0.9879015602
2.76,1.01,2.02,2.998987263,5.69,0.3917049323,461.461,2.711253899,0.966492766
2.761,0.91,1.82,2.723476319,3,0.2028649755,461.457,2.711207524,0.9345945647
2.762,0.81,1.62,2.443258015,0.48,0.03191873829,461.73,2.714371672,0.8896575564
2.763,0.77,1.54,2.329852633,-1.15,-0.07564630481,462.531,2.723644704,0.8798542452
2.764,0.78,1.56,2.358274589,-0.91,-0.05995503512,463.076,2.729944895,0.8832522641
2.765,0.77,1.54,2.329852633,-1.46,-0.09583975751,463.759,2.737829903,0.8818551564
2.766,0.72,1.44,2.187036749,-3.72,-0.240543081,464.627,2.747833934,0.87227086
2.767,0.69,1.38,2.100782335,-5.67,-0.3618958053,465.733,2.760553962,0.8758156425
2.768,0.66,1.32,2.014104259,-6.96,-0.4404238199,466.783,2.772602018,0.8636150791
2.769,0.6,1.2,1.83947712,-10.16,-0.6293274337,467.745,2.783616566,0.8538673348
2.77,0.5,1,1.544666,-15.1,-0.9049683735,468.401,2.791114543,0.8189534961
2.771,0.45,0.9,1.39549518,-17.33,-1.023270261,468.862,2.796377421,0.7870337517
2.772,0.53,1.06,1.633603609,-13.95,-0.8424912778,469.243,2.800723097,0.83422381
2.773,0.69,1.38,2.100782335,-6.35,-0.403462751,469.887,2.808060527,0.8736522823
2.774,0.81,1.62,2.443258015,0.33,0.02192222892,470.842,2.818922852,0.8600461996
2.775,0.88,1.76,2.639905101,2.01,0.135027589,471.984,2.831883256,0.8897824165
2.776,0.95,1.9,2.83424558,3.8,0.2583323737,473.359,2.847446401,0.912571624
2.777,1.05,2.1,3.10787358,6.43,0.4448262407,474.821,2.863944758,0.9392833717
2.778,1.15,2.3,3.37679422,9.07,0.6385370409,475.935,2.876481945,0.9606759547
2.779,1.21,2.42,3.535887071,10.57,0.7515622124,476.833,2.886566879,0.9718970883
2.78,1.21,2.42,3.535887071,10.71,0.7622220918,477.855,2.898021306,0.9660251209
2.781,1.18,2.36,3.456552477,9.79,0.6925186578,478.866,2.909328369,0.9596610992
2.782,1.08,2.16,3.189044045,7.42,0.5166956286,480.504,2.927597251,0.9258922388
2.783,0.96,1.92,2.861820211,4.2,0.286285154,482.105,2.945393381,0.885552254
2.784,0.87,1.74,2.611953881,2.04,0.1370702779,484.003,2.966414454,0.8416196974
2.785,0.88,1.76,2.639905101,2.24,0.1507089033,486.345,2.992239672,0.839945369
2.786,0.95,1.9,2.83424558,3.97,0.2701944075,486.03,2.988773416,0.8696758401
2.787,1,2,2.971648,5.11,0.3504252631,486.102,2.989565901,0.8897173237
2.788,0.97,1.94,2.889347769,4.36,0.2975073278,486.148,2.99007215,0.8788678079
2.789,0.89,1.78,2.667809247,2.49,0.1678078821,485.3,2.980731864,0.8473163634
2.79,0.83,1.66,2.499678265,0.99,0.0660562702,484.284,2.969519628,0.823460967
2.791,0.81,1.62,2.443258015,0.38,0.02525218363,482.724,2.952258122,0.8205708005
2.792,0.8,1.6,2.41497728,0.04,0.002652113866,480.448,2.926973702,0.824329601
2.793,0.75,1.5,2.2728675,-2.14,-0.1398422971,477.522,2.894291784,0.8251621643
2.794,0.63,1.26,1.927002521,-7.65,-0.4818619997,474.523,2.860586018,0.8100992407
2.795,0.44,0.88,1.365519795,-15.66,-0.9350278181,469.916,2.808390703,0.7289136592
2.796,0.32,0.64,1.002143437,-20.79,-1.199565442,464.595,2.747465454,0.6474212992
2.797,0.39,0.78,1.214936767,-18.27,-1.072028563,460.387,2.698787846,0.746844834
2.798,0.54,1.08,1.663155331,-11.41,-0.7008794776,455.894,2.646319788,0.8548991827
2.799,0.58,1.16,1.780891485,-9.34,-0.5817117538,446.147,2.530696485,0.9137534307
2.8,0.38,0.76,1.184678941,-17.69,-1.042020615,423.783,2.255562237,0.9762161587
2.801,-0.02,-0.04,-0.0642344672,-33.6,-1.780692295,419.956,2.207029242,-0.1506659643
2.802,-0.34,-0.68,-1.117593981,-45.78,-2.240543281,415.766,2.153382962,12.82227964
2.803,-0.4,-0.8,-1.32046528,-48.13,-2.32014323,415.154,2.145502058,7.561019358
2.804,-0.29,-0.58,-0.9498290888,-44.55,-2.197769656,415.19,2.145965962,18.33516142
2.805,-0.14,-0.28,-0.4535954528,-39.72,-2.022085888,416.65,2.164746035,-3.179552678
2.806,-0.09,-0.18,-0.2905379208,-37.95,-1.954499134,417.693,2.178121956,-1.299231976
2.807,-0.12,-0.24,-0.3882312192,-39.12,-1.999372973,418.929,2.193929823,-1.995464144
2.808,-0.12,-0.24,-0.3882312192,-39.41,-2.01037604,420.398,2.212657108,-1.919266204
2.809,-0.08,-0.16,-0.2580676352,-37.94,-1.954112242,422.713,2.242037062,-0.8963021507
2.81,0.03,0.06,0.0959986488,-34.25,-1.807377356,426.622,2.291283349,0.1983828475
2.811,0.19,0.38,0.6008362552,-28.32,-1.554221063,427.998,2.308511138,0.7965586122
2.812,0.37,0.74,1.154374041,-21.6,-1.239592405,429.483,2.327041596,1.061542966
2.813,0.5,1,1.544666,-15.94,-0.949968731,432.08,2.359294588,1.096031831
2.814,0.59,1.18,1.810207839,-12.04,-0.736473308,435.401,2.400257875,1.088006149
2.815,0.63,1.26,1.927002521,-9.85,-0.6113898286,438.587,2.439263389,1.054231848
2.816,0.65,1.3,1.98511742,-9.03,-0.5635697383,442.129,2.482296108,1.034601625
2.817,0.64,1.28,1.956083507,-9.59,-0.5962859644,447.117,2.542315675,1.005166312
2.818,0.62,1.24,1.897874461,-10.58,-0.6535074781,463.786,2.73814137,0.9104114003
2.819,0.63,1.26,1.927002521,-9.95,-0.6171845625,465.659,2.759703837,0.8994096546
2.82,0.7,1.4,2.12958088,-6.67,-0.4228905923,467.464,2.780401563,0.9033174846
2.821,0.8,1.6,2.41497728,-1.24,-0.08151755551,468.82,2.795898154,0.8896973702
2.822,0.88,1.76,2.639905101,1.62,0.1085462017,470.385,2.813727611,0.9033736295
2.823,0.93,1.86,2.778955097,2.74,0.1849633106,472.02,2.832291305,0.9210210775
2.824,0.94,1.88,2.806623875,3.02,0.2042445655,473.221,2.845886469,0.9201650169
2.825,0.94,1.88,2.806623875,3.01,0.2035547251,474.152,2.85640155,0.9172104511
2.826,0.94,1.88,2.806623875,3.12,0.2111479618,475.071,2.866760868,0.911860627
2.827,0.94,1.88,2.806623875,3.19,0.2159857435,475.573,2.872411143,0.9087639892
2.828,0.93,1.86,2.778955097,2.89,0.1952837167,475.782,2.874761791,0.9051836822
2.829,0.9,1.8,2.69566632,2.14,0.143885089,475.458,2.871117284,0.8940843111
2.83,0.87,1.74,2.611953881,1.39,0.09299289374,475.509,2.871691121,0.8810226883
2.831,0.87,1.74,2.611953881,1.27,0.08489690838,476.016,2.877392391,0.8817349074
2.832,0.87,1.74,2.611953881,1.36,0.09096769082,476.813,2.886342477,0.8772864543
2.833,0.84,1.68,2.527817779,0.49,0.03258588131,477.126,2.889853289,0.8649684842
2.834,0.77,1.54,2.329852633,-2.59,-0.1687414774,476.309,2.880684439,0.8591082724
2.835,0.69,1.38,2.100782335,-6.13,-0.390056781,475.745,2.874345722,0.8456272135
2.836,0.64,1.28,1.956083507,-8.37,-0.5246856107,475.373,2.870160753,0.8339817687
2.837,0.6,1.2,1.83947712,-10.01,-0.6206575565,475.641,2.873176061,0.8166313025
2.838,0.54,1.08,1.663155331,-12.98,-0.7890036076,474.803,2.863741941,0.8016217296
2.839,0.43,0.86,1.335497337,-18.06,-1.061192178,472.786,2.840966315,0.7503746171
2.84,0.32,0.64,1.002143437,-22.64,-1.290306744,471.547,2.826927509,0.6521735613
2.841,0.31,0.62,0.9715560952,-23.27,-1.320660578,471.014,2.820876866,0.6476106833
2.842,0.39,0.78,1.214936767,-19.99,-1.159573893,469.7,2.805930974,0.7379545912
2.843,0.51,1.02,1.574358943,-14.96,-0.8974163772,467.715,2.78327342,0.8348241186
2.844,0.56,1.12,1.722117555,-12.4,-0.7566727833,465.365,2.756324977,0.8612085446
2.845,0.51,1.02,1.574358943,-14.95,-0.896876379,464.213,2.743064759,0.8527618091
2.846,0.4,0.8,1.24514752,-19.92,-1.156052802,462.285,2.720798516,0.7957507143
2.847,0.31,0.62,0.9715560952,-23.94,-1.352640305,461.899,2.716329492,0.7124468714
2.848,0.31,0.62,0.9715560952,-24.14,-1.362126651,462.465,2.722881241,0.713983331
2.849,0.38,0.76,1.184678941,-21.15,-1.217412646,463.391,2.733582909,0.7813627332
2.85,0.41,0.82,1.275311199,-19.87,-1.153535578,464.349,2.744631914,0.8015298451
2.851,0.36,0.72,1.124022067,-22.3,-1.273810472,464.967,2.751747471,0.7605344937
2.852,0.34,0.68,1.063176899,-23.41,-1.327368501,465.436,2.757141155,0.7435985688
2.853,0.44,0.88,1.365519795,-19.09,-1.114033214,465.956,2.76311501,0.8280485532
2.854,0.65,1.3,1.98511742,-9.8,-0.6084894545,466.511,2.769483601,0.9186130482
2.855,0.81,1.62,2.443258015,-1.2,-0.07890898373,466.86,2.773484475,0.9067320707
2.856,0.86,1.72,2.583955587,0.77,0.05130192003,467.786,2.784085498,0.9113236416
2.857,0.88,1.76,2.639905101,1.25,0.08354882834,468.996,2.797906224,0.9161708418
2.858,0.93,1.86,2.778955097,2.52,0.1698635505,469.541,2.804119618,0.9344219315
2.859,0.97,1.94,2.889347769,3.55,0.2409361762,469.707,2.806010706,0.9482763832
2.86,0.97,1.94,2.889347769,3.57,0.242325773,469.76,2.806614346,0.9476564499
2.861,1,2,2.971648,4.41,0.3010190778,470.263,2.812339845,0.9544829473
2.862,1.08,2.16,3.189044045,6.24,0.4311382393,471.057,2.821365258,0.9804890441
2.863,1.08,2.16,3.189044045,6.26,0.4325774929,471.663,2.828243441,0.9779880924
2.864,1,2,2.971648,4.41,0.3010190778,472.474,2.837434588,0.9468510025
2.865,0.94,1.88,2.806623875,2.69,0.1815277028,473.409,2.848011481,0.9264194007
2.866,0.96,1.92,2.861820211,3.1,0.2097665561,474.658,2.862107856,0.931620186
2.867,1.04,2.08,3.080722611,5.27,0.3617816212,476.021,2.877448586,0.9510662763
2.868,1.06,2.12,3.134977475,5.79,0.3988536725,477.351,2.892375613,0.9525247874
2.869,1.01,2.02,2.998987263,4.37,0.298209494,478.375,2.903839991,0.9365836716
2.87,0.95,1.9,2.83424558,2.88,0.1945950554,479.357,2.914811122,0.9115070268
2.871,0.86,1.72,2.583955587,0.67,0.04460962798,480.262,2.924902109,0.8701617693
2.872,0.72,1.44,2.187036749,-5.4,-0.3452841702,481.248,2.935874646,0.8442232647
2.873,0.53,1.06,1.633603609,-13.96,-0.8430389189,482.355,2.948166954,0.7760115211
2.874,0.36,0.72,1.124022067,-21.39,-1.22925968,482.716,2.952169458,0.6523975206
2.875,0.27,0.54,0.8487359928,-25.32,-1.417540621,480.422,2.926684173,0.5623957986
2.876,0.22,0.44,0.6941517088,-27.69,-1.526011312,476.993,2.888361756,0.5095250726
2.877,0.15,0.3,0.47575662,-30.44,-1.647264359,473.818,2.852631599,0.3946984822
2.878,0.08,0.16,0.2550549248,-33.47,-1.775324561,470.685,2.817138622,0.2448180864
2.879,0.06,0.12,0.1915736352,-34.2,-1.805333719,468.419,2.791320132,0.1942964249
2.88,0.17,0.34,0.5383905848,-30.45,-1.647696437,465.35,2.756152529,0.485712144
2.881,0.34,0.68,1.063176899,-24.07,-1.358809549,459.087,2.683659622,0.8024884637
2.882,0.47,0.94,1.455304729,-18.78,-1.098211065,448.384,2.557454585,0.9973007992
2.883,0.51,1.02,1.574358943,-16.74,-0.9923327507,447.499,2.546884563,1.012741377
2.884,0.51,1.02,1.574358943,-16.83,-0.9970687654,446.73,2.537683003,1.02190341
2.885,0.55,1.1,1.69265998,-15.22,-0.9114296718,445.859,2.5272418,1.047559893
2.886,0.64,1.28,1.956083507,-10.92,-0.6729789208,444.551,2.511523636,1.063930342
2.887,0.73,1.46,2.215694073,-6.48,-0.4113655559,444.234,2.507707303,1.056933621
2.888,0.78,1.56,2.358274589,-3.85,-0.2487334161,445.75,2.525933715,1.035602617
2.889,0.8,1.6,2.41497728,-2.67,-0.1738608231,448.264,2.556022585,1.01377552
2.89,0.83,1.66,2.499678265,-1.2,-0.07890898373,452.529,2.606684436,0.9888846187
2.891,0.87,1.74,2.611953881,0.6,0.03993030927,468.02,2.786761053,0.9240322152
2.892,0.91,1.82,2.723476319,1.62,0.1085462017,470.009,2.809449404,0.9333380467
2.893,0.94,1.88,2.806623875,2.22,0.1493434198,471.499,2.826382891,0.9431727189
2.894,0.96,1.92,2.861820211,2.9,0.1959724686,473.01,2.843500477,0.9415514672
2.895,1.01,2.02,2.998987263,4.02,0.2736882735,474.119,2.856029188,0.958229393
2.896,1.03,2.06,3.053524569,4.53,0.3094566527,474.919,2.86504885,0.9618898334
2.897,0.97,1.94,2.889347769,3.07,0.2076951287,475.337,2.869755582,0.9388770254
2.898,0.86,1.72,2.583955587,0.11,0.007296713423,475.664,2.873434758,0.8969789836
2.899,0.76,1.52,2.301383603,-5.35,-0.3422012381,475.849,2.875515129,0.9084478681
2.9,0.74,1.48,2.244304323,-6.66,-0.4222847572,475.791,2.874862991,0.9150796056
2.901,0.79,1.58,2.386649471,-4,-0.2581659283,475.708,2.873929622,0.9124101986
2.902,0.86,1.72,2.583955587,0.1,0.00663293416,475.759,2.874503157,0.8968530139
2.903,0.93,1.86,2.778955097,1.94,0.1302644618,475.768,2.874604363,0.9248174408
2.904,0.98,1.96,2.916828253,3.13,0.2118388009,475.728,2.874154545,0.9451829365
2.905,0.96,1.92,2.861820211,2.58,0.1739773267,475.688,2.873704689,0.9390153553
2.906,0.86,1.72,2.583955587,-0.03,-0.001988158449,475.758,2.874491912,0.8995482021
2.907,0.72,1.44,2.187036749,-6.7,-0.4247076006,475.87,2.875751228,0.8922879726
2.908,0.59,1.18,1.810207839,-12.73,-0.7751000269,475.888,2.87595359,0.8616535064
2.909,0.5,1,1.544666,-16.71,-0.9907527374,475.969,2.876864126,0.8189685981
2.91,0.45,0.9,1.39549518,-18.76,-1.097187879,476.476,2.882559889,0.7816271188
2.911,0.44,0.88,1.365519795,-19.05,-1.111995574,475.295,2.869282844,0.7770612231
2.912,0.48,0.96,1.485138893,-17.68,-1.041501064,472.401,2.836607918,0.8273261782
2.913,0.52,1.04,1.604004813,-15.93,-0.9494361434,468.405,2.79116023,0.8709256854
2.914,0.52,1.04,1.604004813,-15.84,-0.9446394691,454.428,2.629088288,0.9522431285
2.915,0.47,0.94,1.455304729,-18.02,-1.059124433,452.819,2.610111848,0.9383085348
2.916,0.39,0.78,1.214936767,-21.46,-1.232707384,453.074,2.613123793,0.8801233886
2.917,0.32,0.64,1.002143437,-24.76,-1.391360512,454.932,2.635018613,0.8058030064
2.918,0.24,0.48,0.7561266432,-27.99,-1.539476864,462.765,2.726350649,0.6370741797
2.919,0.17,0.34,0.5383905848,-31.08,-1.67479003,468.06,2.787218278,0.4839778078
2.92,0.13,0.26,0.4129343608,-32.57,-1.737880348,465.945,2.762988709,0.4028202055
2.921,0.16,0.32,0.5070971392,-31.61,-1.697389917,465.566,2.758635245,0.4778321523
2.922,0.24,0.48,0.7561266432,-28.85,-1.577752985,465.234,2.754818743,0.642382669
2.923,0.31,0.62,0.9715560952,-26,-1.449046214,465.63,2.759370643,0.7414622471
2.924,0.39,0.78,1.214936767,-23.03,-1.309129711,466.085,2.764595954,0.8347406019
2.925,0.53,1.06,1.633603609,-17.22,-1.017521857,466.718,2.771856973,0.9311810458
2.926,0.72,1.44,2.187036749,-8.15,-0.5116455393,466.806,2.772865625,0.9671932259
2.927,0.89,1.78,2.667809247,0.45,0.02991784121,466.244,2.766420739,0.9540365628
2.928,0.97,1.94,2.889347769,2.36,0.1589093763,465.062,2.752840447,0.9923063256
2.929,0.97,1.94,2.889347769,2.52,0.1698635505,463.39,2.733571364,0.9951481105
2.93,1,2,2.971648,3.16,0.2139118633,461.323,2.709653741,1.016446491
2.931,1.07,2.14,3.162034297,5.09,0.3490073834,449.378,2.569301605,1.083515936
2.932,1.15,2.3,3.37679422,7.06,0.4904547193,451.733,2.597265482,1.093620535
2.933,1.2,2.4,3.50948928,8.25,0.5776621365,455.507,2.641776343,1.090093599
2.934,1.22,2.44,3.562237789,8.78,0.6169347889,461.016,2.706092252,1.071985796
2.935,1.22,2.44,3.562237789,8.98,0.6318242889,476.498,2.882806905,1.01354526
2.936,1.22,2.44,3.562237789,8.85,0.6221417664,478.187,2.901737043,1.010885442
2.937,1.2,2.4,3.50948928,8.22,0.5754471511,479.807,2.919831119,1.004065773
2.938,1.15,2.3,3.37679422,7.09,0.4926368002,481.825,2.942285272,0.9830773884
2.939,1.13,2.26,3.323386681,6.37,0.4405000682,484.256,2.969210297,0.9746829863
2.94,1.16,2.32,3.403427379,7.22,0.5021022725,487.016,2.999615867,0.9719307047
2.941,1.26,2.52,3.667169923,9.95,0.7045822624,488.758,3.018718057,0.9849245585
2.942,1.42,2.84,4.079366685,14.34,1.045323983,489.793,3.030035305,1.000983324
2.943,1.61,3.22,4.553198367,17.91,1.336600617,490.301,3.035581304,1.041401856
2.944,1.76,3.52,4.915272243,20.91,1.591502177,490.441,3.037108719,1.061932479
2.945,1.84,3.68,5.104047539,22.37,1.718972778,490.341,3.036017753,1.07340856
2.946,1.8,3.6,5.01003648,21.77,1.666313985,490.328,3.035875911,1.065468769
2.947,1.69,3.38,4.747622495,19.57,1.476486873,490.146,3.033889728,1.052600019
2.948,1.56,3.12,4.430153395,17.15,1.273505381,490.071,3.033071032,1.028694947
2.949,1.47,2.94,4.205706809,15.48,1.136933309,489.883,3.031018283,1.009058459
2.95,1.43,2.86,4.104728857,14.73,1.076517106,489.504,3.026877631,1.000325126
2.951,1.46,2.92,4.180532931,15.3,1.122381755,488.254,3.01319837,1.01086977
2.952,1.47,2.94,4.205706809,15.63,1.149084592,486.438,2.993262613,1.01529558
2.953,1.43,2.86,4.104728857,14.92,1.09176902,483.833,2.964535003,1.011938167
2.954,1.35,2.7,3.90051342,12.91,0.9322472266,481.39,2.937453017,1.007962678
2.955,1.17,2.34,3.430013465,7.98,0.5577580344,480.022,2.9222279,0.9856400368
2.956,0.99,1.98,2.944261663,3.26,0.220827979,479.346,2.914688352,0.9390037723
2.957,0.93,1.86,2.778955097,1.81,0.1214303351,479.028,2.911137964,0.9163701599
2.958,1,2,2.971648,3.56,0.241630929,478.695,2.907417577,0.9436653626
2.959,1.17,2.34,3.430013465,7.83,0.5467300784,478.811,2.908713861,0.992640461
2.96,1.24,2.48,3.614798003,9.71,0.6864961027,478.927,2.910009831,1.005086067
2.961,1.2,2.4,3.50948928,8.71,0.6117324897,479.167,2.912690153,0.9957628911
2.962,1.23,2.46,3.588541433,9.4,0.6632168394,479.937,2.921280464,1.001128228
2.963,1.24,2.48,3.614798003,9.72,0.6872485852,479.904,2.920912591,1.001839393
2.964,1.11,2.22,3.269790847,6.41,0.4433838091,479.111,2.912064865,0.97447202
2.965,0.9,1.8,2.69566632,0.82,0.05465139965,478.112,2.90089787,0.9120694916
2.966,0.76,1.52,2.301383603,-6.4,-0.4065039518,476.983,2.888249594,0.9273245269
2.967,0.81,1.62,2.443258015,-3.59,-0.2323383421,475.969,2.876864126,0.9238926805
2.968,0.96,1.92,2.861820211,2.05,0.1377513541,475.075,2.866805913,0.9524931484
2.969,0.98,1.96,2.916828253,2.56,0.1726057065,474.297,2.858037378,0.9624453198
2.97,0.86,1.72,2.583955587,-1.1,-0.07238144249,473.287,2.84663258,0.9314065162
2.971,0.69,1.38,2.100782335,-10.04,-0.6223929723,471.921,2.831169095,0.9511069564
2.972,0.55,1.1,1.69265998,-16.8,-0.9954907644,470.239,2.812066799,0.9317859247
2.973,0.57,1.14,1.751528057,-16.06,-0.9563539179,468.417,2.79129729,0.9545406599
2.974,0.72,1.44,2.187036749,-9,-0.5618099385,466.703,2.771685025,0.9896653263
2.975,0.88,1.76,2.639905101,-0.34,-0.02248599305,465.348,2.756129535,0.96570934
2.976,0.97,1.94,2.889347769,1.96,0.1316249058,459.953,2.693742102,1.022645115
2.977,0.99,1.98,2.944261663,2.59,0.1746632724,452.335,2.60439039,1.059447575
2.978,1.1,2.2,3.24292232,5.29,0.3632028321,454.462,2.629488556,1.083614011
2.979,1.39,2.78,4.002997727,13.27,0.9605227547,457.441,2.664443385,1.10428555
2.98,1.71,3.42,4.795757791,19.75,1.491827347,462.584,2.724257709,1.137490759
2.981,1.81,3.62,5.033609855,21.69,1.659321717,479.312,2.914308863,1.100572022
2.982,1.7,3.4,4.77171368,19.67,1.485005183,481.286,2.936297073,1.079255252
2.983,1.58,3.16,4.479512605,17.35,1.290051935,482.967,2.954950598,1.0552438
2.984,1.62,3.24,4.577666141,18.04,1.347452685,485.077,2.978272922,1.058242375
2.985,1.77,3.54,4.939033913,21,1.599294702,486.417,2.993031643,1.075497154
2.986,1.84,3.68,5.104047539,22.32,1.71456991,486.166,2.990270234,1.084850363
2.987,1.77,3.54,4.939033913,21.1,1.607963086,485.217,2.979816784,1.076562968
2.988,1.67,3.34,4.699298905,19.21,1.445907278,485.563,2.983630419,1.060900533
2.989,1.58,3.16,4.479512605,17.6,1.310792792,485.815,2.986406269,1.042426134
2.99,1.51,3.02,4.305931583,16.28,1.202003341,486.548,2.994472291,1.026082828
2.991,1.45,2.9,4.15531198,15.06,1.103030487,488.004,3.010458315,1.010167325
2.992,1.36,2.72,3.926205107,13.01,0.9400886718,488.95,3.020819298,0.9912386598
2.993,1.25,2.5,3.6410075,9.93,0.7030729625,489.568,3.027577069,0.9759713372
2.994,1.12,2.24,3.296612301,6.48,0.448433957,490.17,3.034151685,0.9465990617
2.995,1.01,2.02,2.998987263,3.54,0.2402415146,490.126,3.033671422,0.9160253561
2.996,0.94,1.88,2.806623875,1.68,0.1126113781,489.608,3.028014171,0.8936512268
2.997,0.9,1.8,2.69566632,0.8,0.05331134101,489.622,3.028167149,0.8747964099
2.998,0.87,1.74,2.611953881,-0.09,-0.005962092718,489.802,3.030133611,0.8636923751
2.999,0.81,1.62,2.443258015,-2.94,-0.191097962,487.436,3.004227691,0.8685194964
3,0.74,1.48,2.244304323,-6.35,-0.403462751,483.624,2.962223479,0.877105975
3.001,0.69,1.38,2.100782335,-8.95,-0.5588753209,480.164,2.923810302,0.8883044785
3.002,0.67,1.34,2.043044025,-9.6,-0.5968678865,474.311,2.858195294,0.9034711286
3.003,0.71,1.42,2.158332351,-7.79,-0.4902220126,462.133,2.719039139,0.9683757028
3.004,0.74,1.48,2.244304323,-6.11,-0.3888360597,461.529,2.712042206,0.9660375282
3.005,0.68,1.36,2.071936717,-8.85,-0.5530000139,461.285,2.709213034,0.9609146675
3.006,0.5,1,1.544666,-17,-1.005998115,461.148,2.707623867,0.9077589467
3.007,0.3,0.6,0.94092168,-25.78,-1.438887238,461.294,2.709317415,0.740632344
3.008,0.25,0.5,0.7870435,-27.86,-1.533649024,461.538,2.712146532,0.6678363716
3.009,0.39,0.78,1.214936767,-22.49,-1.283038931,462.808,2.726847746,0.8414803638
3.01,0.56,1.12,1.722117555,-15.26,-0.9135810115,466.139,2.765215762,0.9300525144
3.011,0.58,1.16,1.780891485,-14.28,-0.8605229098,478.709,2.907574041,0.8699789943
3.012,0.46,0.92,1.425423491,-19.81,-1.150512535,477.326,2.892095413,0.8184643456
3.013,0.37,0.74,1.154374041,-23.93,-1.352165267,476.946,2.887834573,0.7517074387
3.014,0.43,0.86,1.335497337,-21.83,-1.250873491,476.963,2.888025262,0.8157443679
3.015,0.59,1.18,1.810207839,-14.99,-0.8990359156,477.152,2.890144818,0.9091455705
3.016,0.74,1.48,2.244304323,-7.74,-0.4872381374,477.164,2.890279365,0.9339433288
3.017,0.82,1.64,2.471491677,-3.65,-0.2361269356,477.262,2.891378036,0.9307939564
3.018,0.83,1.66,2.499678265,-2.63,-0.1713018392,477.816,2.89758465,0.916881497
3.019,0.83,1.66,2.499678265,-2.93,-0.1904606668,478.439,2.904555699,0.9209987988
3.02,0.81,1.62,2.443258015,-3.71,-0.2399124588,479.621,2.917756758,0.9123973398
3.021,0.78,1.56,2.358274589,-5.72,-0.3649653387,480.063,2.922684839,0.9220223674
3.022,0.73,1.46,2.215694073,-8.37,-0.5246856107,480.349,2.92587118,0.922750037
3.023,0.69,1.38,2.100782335,-10.42,-0.6443126236,480.911,2.932126928,0.9182486231
3.024,0.7,1.4,2.12958088,-10.1,-0.625861643,481.93,2.943451025,0.9188775617
3.025,0.78,1.56,2.358274589,-5.82,-0.3710981375,482.59,2.950772802,0.9141751946
3.026,0.9,1.8,2.69566632,0.41,0.02725121946,483.221,2.957763509,0.9030663382
3.027,0.96,1.92,2.861820211,1.92,0.1289043773,484.101,2.967497602,0.9242405316
3.028,0.98,1.96,2.916828253,2.49,0.1678078821,484.654,2.973605545,0.9285082401
3.029,1.11,2.22,3.269790847,5.64,0.3881340481,485.344,2.981216902,0.9704512517
3.03,1.37,2.74,3.951849721,12.63,0.910343748,486.409,2.992943652,1.01244139
3.031,1.63,3.26,4.602086841,18.29,1.36837102,487.53,3.005259316,1.052234983
3.032,1.74,3.48,4.867607683,20.31,1.539769935,488.815,3.019341949,1.067665766
3.033,1.67,3.34,4.699298905,18.96,1.424750789,490.211,3.034599164,1.053808056
3.034,1.57,3.14,4.454856537,17.17,1.275158193,490.848,3.041546657,1.032003969
3.035,1.54,3.08,4.380605891,16.66,1.233139188,490.774,3.040740033,1.02497185
3.036,1.55,3.1,4.40540318,16.79,1.243824694,490.302,3.035592215,1.029440055
3.037,1.56,3.12,4.430153395,16.96,1.257824071,489.916,3.031378663,1.032861739
3.038,1.55,3.1,4.40540318,16.8,1.24464737,489.284,3.024472616,1.031923018
3.039,1.5,3,4.280946,15.82,1.164508873,488.448,3.015323685,1.024190788
3.04,1.4,2.8,4.02850112,13.65,0.990508566,487.54,3.005369052,1.00816429
3.041,1.29,2.58,3.745374751,10.78,0.7675591639,486.467,2.993581555,0.9958081952
3.042,1.24,2.48,3.614798003,9.42,0.6647159412,485.353,2.981316109,0.9914334139
3.043,1.22,2.44,3.562237789,9.03,0.6355526388,484.236,2.968989335,0.9882636449
3.044,1.14,2.28,3.350113987,6.86,0.4759291374,483.161,2.957099175,0.9758480509
3.045,0.99,1.98,2.944261663,2.93,0.1980392685,481.79,2.941896631,0.937682092
3.046,0.91,1.82,2.723476319,0.77,0.05130192003,480.762,2.930469088,0.9133754106
3.047,0.95,1.9,2.83424558,1.88,0.1261852864,480.352,2.925904593,0.9286245464
3.048,1,2,2.971648,3.04,0.2056245185,479.564,2.917120906,0.9516139154
3.049,0.9,1.8,2.69566632,0.47,0.03125168393,476.986,2.888283243,0.9233204561
3.05,0.73,1.46,2.215694073,-8.33,-0.5223176222,470.643,2.816661212,0.9657202535
3.051,0.68,1.36,2.071936717,-10.98,-0.6764055293,485.865,2.986956862,0.8967282776
3.052,0.84,1.68,2.527817779,-3.18,-0.2063673069,487.638,3.006444343,0.9027672263
3.053,1.11,2.22,3.269790847,5.58,0.3838520527,488.944,3.020753646,0.9604022128
3.054,1.38,2.76,3.977447261,12.76,0.9205035928,491.069,3.043954906,1.003276302
3.055,1.55,3.1,4.40540318,16.67,1.233960538,493.524,3.070634513,1.023418725
3.056,1.6,3.2,4.52868352,17.55,1.30663949,495.073,3.087400003,1.030642425
3.057,1.5,3,4.280946,15.62,1.148273799,496.362,3.101311463,1.007379717
3.058,1.33,2.66,3.848988825,11.45,0.8188837214,497.52,3.113778341,0.978723512
3.059,1.26,2.52,3.667169923,9.4,0.6632168394,498.16,3.120656053,0.9691577987
3.06,1.36,2.72,3.926205107,12.15,0.8729747311,498.372,3.122932347,0.9825566586
3.061,1.57,3.14,4.454856537,17.03,1.263597101,498.14,3.120441259,1.01615364
3.062,1.75,3.5,4.8914635,20.37,1.544926132,497.674,3.115434098,1.049589143
3.063,1.77,3.54,4.939033913,20.82,1.58371819,497.092,3.109173932,1.052449915
3.064,1.67,3.34,4.699298905,18.95,1.42390588,496.034,3.097774971,1.039281422
3.065,1.56,3.12,4.430153395,16.87,1.25040896,494.994,3.086546223,1.021489319
3.066,1.51,3.02,4.305931583,15.97,1.176711751,494.565,3.081907489,1.011109785
3.067,1.54,3.08,4.380605891,16.5,1.220011443,493.897,3.074676457,1.020005643
3.068,1.62,3.24,4.577666141,18.13,1.354975858,493.467,3.070016574,1.034502592
3.069,1.73,3.46,4.843704793,20.11,1.522609883,493.203,3.067153611,1.055327753
3.07,1.8,3.6,5.01003648,21.64,1.654954996,493.106,3.066101303,1.061210916
3.071,1.83,3.66,5.080615385,22.04,1.689963058,493.109,3.066133852,1.068232099
3.072,1.76,3.52,4.915272243,20.85,1.586311904,493.303,3.068238247,1.056014456
3.073,1.64,3.28,4.626460467,18.64,1.39776515,493.597,3.071425804,1.035189705
3.074,1.54,3.08,4.380605891,16.82,1.246293028,493.766,3.073257248,1.014134716
3.075,1.51,3.02,4.305931583,16.24,1.198734428,494.808,3.084535517,1.005290733
3.076,1.53,3.06,4.355761529,16.57,1.225751623,495.845,3.095736113,1.007931017
3.077,1.55,3.1,4.40540318,16.94,1.256175553,496.73,3.105276453,1.010077188
3.078,1.55,3.1,4.40540318,16.94,1.256175553,496.908,3.107193248,1.009633469
3.079,1.54,3.08,4.380605891,16.89,1.252056047,497.17,3.110013348,1.004249473
3.08,1.56,3.12,4.430153395,17.12,1.27102693,497.565,3.114262219,1.010230624
3.081,1.56,3.12,4.430153395,17.17,1.275158193,497.993,3.118862253,1.008223209
3.082,1.49,2.98,4.255913343,15.91,1.171827865,498.736,3.126838444,0.9900543651
3.083,1.33,2.66,3.848988825,12.21,0.8776334616,499.039,3.130087774,0.9603933504
3.084,1.14,2.28,3.350113987,7.27,0.5057470766,498.672,3.126151864,0.9224138781
3.085,1.04,2.08,3.080722611,4.61,0.3150890612,497.523,3.113810601,0.8984580814
3.086,1.06,2.12,3.134977475,5.07,0.3475898736,495.773,3.094959201,0.9106558562
3.087,1.13,2.26,3.323386681,6.77,0.4694048836,494.275,3.078769469,0.9366469487
3.088,1.16,2.32,3.403427379,7.67,0.5349904093,492.483,3.059337733,0.946888332
3.089,1.14,2.28,3.350113987,7.08,0.4919093458,491.597,3.049704164,0.9459287351
3.09,1.08,2.16,3.189044045,5.57,0.3831387118,491.239,3.045806667,0.9300364084
3.091,1.02,2.04,3.026279453,3.88,0.2639112146,491.226,3.045665084,0.9144008717
3.092,0.98,1.96,2.916828253,2.96,0.2001068844,491.306,3.046536303,0.8984135566
3.093,1.02,2.04,3.026279453,3.78,0.2569385775,491.452,3.048125911,0.9156491389
3.094,1.09,2.18,3.216006719,5.6,0.385279013,492,3.054088175,0.9350576846
3.095,1.11,2.22,3.269790847,6.22,0.4296993593,492.974,3.064668965,0.9357315954
3.096,1.05,2.1,3.10787358,4.52,0.3087530157,493.743,3.073008035,0.9190104012
3.097,0.96,1.92,2.861820211,2.3,0.1548075169,494.371,3.079808466,0.8847480587
3.098,0.98,1.96,2.916828253,2.58,0.1739773267,495.385,3.090770565,0.8934313917
3.099,1.11,2.22,3.269790847,5.98,0.4124619138,496.522,3.103035733,0.9301075342
3.1,1.3,2.6,3.77134888,10.96,0.781304921,497.392,3.112401736,0.9685755019
3.101,1.46,2.92,4.180532931,15.28,1.120766932,497.904,3.117906029,0.9862834357
3.102,1.54,3.08,4.380605891,16.84,1.247939095,498.251,3.12163326,1.002525084
3.103,1.5,3,4.280946,16.09,1.186490475,498.35,3.122696173,0.9934464087
3.104,1.36,2.72,3.926205107,13.06,0.9440131042,498.609,3.125475927,0.9647906844
3.105,1.23,2.46,3.588541433,9.49,0.669965822,498.575,3.125111099,0.9455780495
3.106,1.22,2.44,3.562237789,9.15,0.6445104399,498.401,3.123243652,0.9454538969
3.107,1.29,2.58,3.745374751,11.19,0.7989148095,497.948,3.11837879,0.9561128509
3.108,1.29,2.58,3.745374751,11.07,0.7897206161,497.205,3.110389967,0.9603252707
3.109,1.14,2.28,3.350113987,7.12,0.4948197279,496.447,3.10222755,0.9313511133
3.11,0.96,1.92,2.861820211,2.49,0.1678078821,495.553,3.092584604,0.8777532838
3.111,0.95,1.9,2.83424558,2.18,0.1466135339,494.615,3.082448341,0.8777303407
3.112,1.1,2.2,3.24292232,6.06,0.4182017598,493.463,3.069973207,0.929690268
3.113,1.21,2.42,3.535887071,9.11,0.6415229744,492.321,3.057577586,0.9558775205
3.114,1.15,2.3,3.37679422,7.51,0.523274949,491.104,3.044336203,0.9465140891
3.115,0.98,1.96,2.916828253,3.03,0.2049344966,489.657,3.028549573,0.9020697768
3.116,0.89,1.78,2.667809247,0.75,0.04996275061,488.485,3.015728933,0.8702144646
3.117,0.94,1.88,2.806623875,1.84,0.1234676326,487.944,3.009800493,0.8957496653
3.118,0.96,1.92,2.861820211,2.43,0.1636989839,487.142,3.000999832,0.9042946511
3.119,0.82,1.64,2.471491677,-2.51,-0.1636166177,486.678,2.995901559,0.8726140655
3.12,0.59,1.18,1.810207839,-14.11,-0.8512443198,486.231,2.990985477,0.8459938406
3.121,0.5,1,1.544666,-18.54,-1.085913568,484.692,2.974025003,0.8181010779
3.122,0.64,1.28,1.956083507,-12.18,-0.7443407134,483.604,2.962002228,0.8820478211
3.123,0.9,1.8,2.69566632,0.76,0.05063229087,482.783,2.952911976,0.8974951194
3.124,1.1,2.2,3.24292232,5.86,0.4038633251,483.279,2.958405619,0.964504141
3.125,1.15,2.3,3.37679422,7,0.4860930969,484.027,2.966679735,0.9779948999
3.126,1.05,2.1,3.10787358,4.53,0.3094566527,483.851,2.964734035,0.9492035976
3.127,0.87,1.74,2.611953881,-0.58,-0.038297192,484.731,2.974455465,0.8895821129
3.128,0.67,1.34,2.043044025,-9.59,-0.5962859644,486.074,2.989257727,0.8537685471
3.129,0.53,1.06,1.633603609,-15.42,-0.9221742525,487.634,3.006400458,0.7837938151
3.13,0.49,0.98,1.514925983,-17.27,-1.02013588,486.755,2.996747945,0.7664255471
3.131,0.48,0.96,1.485138893,-17.61,-1.037862146,485.378,2.981591675,0.7640666413
3.132,0.44,0.88,1.365519795,-19.25,-1.12217216,484.549,2.972446345,0.7380094293
3.133,0.33,0.66,1.032683705,-23.84,-1.347886838,485.307,2.980809032,0.6324145196
3.134,0.17,0.34,0.5383905848,-30.39,-1.64510302,485.436,2.982230932,0.4026470317
3.135,0.04,0.08,0.1279040512,-36.07,-1.880749522,484.42,2.971021842,0.1173138572
3.136,-0.03,-0.06,-0.0964223112,-38.58,-1.978758381,484.009,2.966480775,-0.09762086162
3.137,-0.01,-0.02,-0.0320936968,-38.09,-1.959909615,482.911,2.95433023,-0.03227376455
3.138,0.03,0.06,0.0959986488,-36.81,-1.91002325,482.051,2.944794101,0.09277285765
3.139,0.08,0.16,0.2550549248,-35.13,-1.843099958,481.927,2.943417721,0.2318011518
3.14,0.19,0.38,0.6008362552,-30.98,-1.670506155,481.644,2.94027514,0.473185487
3.141,0.39,0.78,1.214936767,-23.53,-1.333107371,479.71,2.918749429,0.76621124
3.142,0.6,1.2,1.83947712,-14.78,-0.8876847721,468.246,2.789343866,0.9673011984
3.143,0.73,1.46,2.215694073,-8.4,-0.5264607472,472.194,2.834263104,0.9600883138
3.144,0.76,1.52,2.301383603,-6.9,-0.4368019597,476.342,2.881055089,0.9415488009
3.145,0.71,1.42,2.158332351,-9.5,-0.5910450453,485.654,2.984632975,0.9017142525
3.146,0.66,1.32,2.014104259,-12.34,-0.7533132446,496.572,3.103574453,0.8569703878
3.147,0.68,1.36,2.071936717,-11.31,-0.6952009083,498.699,3.126441526,0.8522137635
3.148,0.83,1.66,2.499678265,-3.85,-0.2487334161,501.424,3.155595512,0.8599232376
3.149,1.05,2.1,3.10787358,3.83,0.2604237534,502.879,3.171097319,0.9056839561
3.15,1.21,2.42,3.535887071,8.09,0.5658587598,503.501,3.177710527,0.9445229405
3.151,1.25,2.5,3.6410075,9.21,0.6489945115,503.822,3.181120258,0.9506262133
3.152,1.22,2.44,3.562237789,8.39,0.5880100486,504.706,3.190499078,0.9427627854
3.153,1.21,2.42,3.535887071,8.08,0.5651218558,505.544,3.199374705,0.9392722278
3.154,1.27,2.54,3.693285273,9.59,0.6774738173,507.273,3.217640905,0.9481839525
3.155,1.36,2.72,3.926205107,11.95,0.857471161,506.491,3.209387108,0.9654147863
3.156,1.4,2.8,4.02850112,13.27,0.9605227547,504.709,3.190530879,0.9704767695
3.157,1.37,2.74,3.951849721,12.44,0.895524723,504.094,3.1840078,0.9687016093
3.158,1.28,2.56,3.719353549,10.13,0.7181833282,503.243,3.17496842,0.9553579694
3.159,1.2,2.4,3.50948928,7.86,0.5489339641,501.573,3.157185048,0.9469445714
3.16,1.15,2.3,3.37679422,6.59,0.4563791702,500.819,3.149136499,0.9365634572
3.161,1.14,2.28,3.350113987,6.18,0.4268227197,501.241,3.153642617,0.9356644102
3.162,1.14,2.28,3.350113987,6.23,0.4304187526,501.374,3.155062005,0.9343555896
3.163,1.15,2.3,3.37679422,6.54,0.4527663051,500.502,3.145749074,0.9383853797
3.164,1.16,2.32,3.403427379,6.91,0.479557009,499.457,3.134567111,0.9417018525
3.165,1.15,2.3,3.37679422,6.6,0.4571020242,498.984,3.129498108,0.9415028426
3.166,1.09,2.18,3.216006719,4.86,0.3327283302,498.543,3.12476771,0.9301548526
3.167,0.98,1.96,2.916828253,2.01,0.135027589,498.677,3.126205507,0.8943942881
3.168,0.88,1.76,2.639905101,-1.33,-0.08738173801,499.094,3.130677375,0.8674494416
3.169,0.84,1.68,2.527817779,-3.96,-0.2556524629,499.762,3.137833162,0.8770504153
3.17,0.84,1.68,2.527817779,-3.59,-0.2323383421,500.146,3.14194234,0.8687841303
3.171,0.87,1.74,2.611953881,-1.91,-0.1250039901,500.172,3.142220452,0.8656832925
3.172,0.9,1.8,2.69566632,-0.44,-0.02908014608,500.173,3.142231148,0.865896424
3.173,0.9,1.8,2.69566632,-0.14,-0.00927127891,500.133,3.141803279,0.8605391166
3.174,0.88,1.76,2.639905101,-1.27,-0.08347306807,500.027,3.140669261,0.8635052953
3.175,0.83,1.66,2.499678265,-3.79,-0.2449550501,499.888,3.139181834,0.8636774003
3.176,0.77,1.54,2.329852633,-7.31,-0.4614921484,499.79,3.138132896,0.8704390511
3.177,0.7,1.4,2.12958088,-10.8,-0.6661171347,499.606,3.136162906,0.8621625171
3.178,0.66,1.32,2.014104259,-12.8,-0.7789979281,499.32,3.133099416,0.8555723997
3.179,0.67,1.34,2.043044025,-12.34,-0.7533132446,498.961,3.129251501,0.8598893591
3.18,0.73,1.46,2.215694073,-9.8,-0.6084894545,498.558,3.124928676,0.8804878153
3.181,0.79,1.58,2.386649471,-6.48,-0.4113655559,498.377,3.122986022,0.8801561653
3.182,0.85,1.7,2.55591022,-3.45,-0.2234863406,498.677,3.126205507,0.8805227353
3.183,0.91,1.82,2.723476319,0.14,0.009288581452,499.045,3.130152097,0.8675036728
3.184,1.02,2.04,3.026279453,2.74,0.1849633106,499.552,3.135584619,0.9113795423
3.185,1.16,2.32,3.403427379,6.47,0.4477122266,500.242,3.142969142,0.9478500123
3.186,1.31,2.62,3.797275935,10.3,0.7310575115,501.141,3.152575159,0.977763928
3.187,1.4,2.8,4.02850112,12.98,0.9377351997,502.089,3.162686104,0.9824602941
3.188,1.45,2.9,4.15531198,14.22,1.035756731,502.97,3.172065357,0.9875208346
3.189,1.46,2.92,4.180532931,14.58,1.064501714,503.936,3.182330668,0.9843884937
3.19,1.47,2.94,4.205706809,14.78,1.080527253,504.714,3.190583879,0.984686813
3.191,1.49,2.98,4.255913343,15.12,1.107862866,504.954,3.193127289,0.9895194339
3.192,1.49,2.98,4.255913343,15.22,1.115924885,504.816,3.191664976,0.9880033801
3.193,1.46,2.92,4.180532931,14.63,1.068504338,504.787,3.191357628,0.9813775576
3.194,1.38,2.76,3.977447261,12.54,0.9033197749,505.254,3.196304853,0.9701979137
3.195,1.27,2.54,3.693285273,9.63,0.6804797069,505.943,3.203595521,0.950878924
3.196,1.19,2.38,3.483044415,7.3,0.5079350898,507.095,3.215763283,0.935372328
3.197,1.16,2.32,3.403427379,6.55,0.4534886908,506.651,3.211076901,0.9287396538
3.198,1.19,2.38,3.483044415,7.32,0.5093942366,505.615,3.200126021,0.9389474038
3.199,1.26,2.52,3.667169923,9.14,0.6437634298,505.969,3.203870446,0.9530974209
3.2,1.32,2.64,3.823155917,10.82,0.7706110557,506.333,3.207717914,0.9609954194
3.201,1.33,2.66,3.848988825,11.21,0.800448539,506.883,3.213526153,0.9588971332
3.202,1.29,2.58,3.745374751,10.05,0.7121345496,506.92,3.213916663,0.9539801058
3.203,1.2,2.4,3.50948928,7.64,0.5327919175,506.19,3.206206739,0.9386174221
3.204,1.09,2.18,3.216006719,4.71,0.3221378573,505.904,3.203183106,0.9122592673
3.205,0.98,1.96,2.916828253,1.79,0.1200725855,505.113,3.194811633,0.8799185915
3.206,0.89,1.78,2.667809247,-0.92,-0.06060984386,504.983,3.193434536,0.8515667198
3.207,0.9,1.8,2.69566632,-0.38,-0.0251247098,505.189,3.195616541,0.8502360086
3.208,1.03,2.06,3.053524569,3,0.2028649755,505.219,3.195934234,0.898412757
3.209,1.2,2.4,3.50948928,7.32,0.5093942366,505.521,3.199131298,0.9463300838
3.21,1.28,2.56,3.719353549,9.6,0.6782251455,505.293,3.196717798,0.959847307
3.211,1.23,2.46,3.588541433,8.22,0.5754471511,504.635,3.189746409,0.9530828564
3.212,1.13,2.26,3.323386681,5.43,0.3731616845,504.135,3.18444292,0.9341641499
3.213,1.1,2.2,3.24292232,4.74,0.3242542925,503.825,3.181152114,0.9251202125
3.214,1.18,2.36,3.456552477,6.75,0.4679560817,503.072,3.173150202,0.9493138094
3.215,1.29,2.58,3.745374751,9.63,0.6804797069,503.237,3.174904633,0.9714659864
3.216,1.35,2.7,3.90051342,11.32,0.8088910218,503.3,3.175574355,0.9789301828
3.217,1.35,2.7,3.90051342,11.25,0.8035171676,503.167,3.1741604,0.9806007033
3.218,1.32,2.64,3.823155917,10.49,0.7454793851,503.505,3.17775303,0.9744913155
3.219,1.27,2.54,3.693285273,9.28,0.6542302888,503.427,3.176924175,0.9640136694
3.22,1.19,2.38,3.483044415,7.08,0.4919093458,503.776,3.18063177,0.9484017485
3.221,1.06,2.12,3.134977475,3.46,0.2346875036,504.37,3.186936214,0.9162250831
3.222,0.99,1.98,2.944261663,1.57,0.105161019,504.085,3.183912282,0.895164502
3.223,1.06,2.12,3.134977475,3.47,0.235381436,503.725,3.180090132,0.9178754419
3.224,1.22,2.44,3.562237789,7.5,0.5225435358,503.921,3.182171419,0.9615416658
3.225,1.36,2.72,3.926205107,11.47,0.8204225243,504.833,3.191845138,0.9785501462
3.226,1.42,2.84,4.079366685,12.94,0.9345986218,504.94,3.192978957,0.9883198091
3.227,1.37,2.74,3.951849721,11.75,0.8420068204,504.988,3.193487508,0.9792727728
3.228,1.3,2.6,3.77134888,9.64,0.6812314197,504.936,3.192936576,0.9734603364
3.229,1.22,2.44,3.562237789,7.41,0.515965065,504.737,3.190827675,0.9610026885
3.23,1.21,2.42,3.535887071,7.28,0.5064763201,504.443,3.187710491,0.957148962
3.231,1.3,2.6,3.77134888,9.63,0.6804797069,504.028,3.18330729,0.9760757731
3.232,1.39,2.78,4.002997727,12.26,0.8815184399,503.889,3.181831672,0.9851471364
3.233,1.41,2.82,4.053957439,12.8,0.9236330551,504.397,3.187222604,0.9861590325
3.234,1.36,2.72,3.926205107,11.32,0.8088910218,504.142,3.184517205,0.9831714877
3.235,1.29,2.58,3.745374751,9.49,0.669965822,504.656,3.18996904,0.9703207139
3.236,1.26,2.52,3.667169923,8.47,0.5939315134,505.28,3.196580153,0.9674603974
3.237,1.24,2.48,3.614798003,8.1,0.5665957586,505.904,3.203183106,0.9588886066
3.238,1.24,2.48,3.614798003,8.13,0.5688073248,507.141,3.216248574,0.9550183934
3.239,1.25,2.5,3.6410075,8.2,0.5739709692,509.872,3.244981511,0.9534047672
3.24,1.24,2.48,3.614798003,8.07,0.5643850467,512.088,3.268183238,0.9431790211
3.241,1.23,2.46,3.588541433,7.72,0.5386564538,513.668,3.284664753,0.9385927152
3.242,1.21,2.42,3.535887071,7.1,0.4933643487,515.466,3.303358742,0.9312996988
3.243,1.18,2.36,3.456552477,6.43,0.4448262407,516.735,3.316513454,0.9189684413
3.244,1.18,2.36,3.456552477,6.4,0.4426627336,518.327,3.332970839,0.9154893902
3.245,1.23,2.46,3.588541433,7.57,0.5276654118,519.808,3.348235434,0.9258599679
3.246,1.32,2.64,3.823155917,10.08,0.7144021175,520.811,3.358548626,0.938669814
3.247,1.45,2.9,4.15531198,13.79,1.001592152,521.726,3.367939662,0.9509741905
3.248,1.57,3.14,4.454856537,16.32,1.205273881,522.204,3.372839033,0.9730770343
3.249,1.62,3.24,4.577666141,17.19,1.276811415,522.367,3.374508714,0.9841649283
3.25,1.57,3.14,4.454856537,16.28,1.202003341,522.354,3.374375568,0.9734457362
3.251,1.46,2.92,4.180532931,13.95,1.014283009,522.391,3.374754512,0.9524942338
3.252,1.37,2.74,3.951849721,11.51,0.8235013023,522.774,3.37867552,0.9404291841
3.253,1.38,2.76,3.977447261,11.68,0.836603557,523.022,3.381212918,0.9430109832
3.254,1.47,2.94,4.205706809,14.22,1.035756731,523.782,3.388981326,0.9504984824
3.255,1.58,3.16,4.479512605,16.39,1.211001239,525.37,3.405176895,0.9703942256
3.256,1.63,3.26,4.602086841,17.33,1.288395436,526.901,3.420744854,0.9772668806
3.257,1.6,3.2,4.52868352,16.77,1.242179648,524.343,3.394708411,0.9766644056
3.258,1.52,3.04,4.330870093,15.39,1.129653446,523.16,3.382624335,0.9597968704
3.259,1.46,2.92,4.180532931,13.94,1.013489083,523.048,3.381478865,0.951208969
3.26,1.42,2.84,4.079366685,12.94,0.9345986218,521.963,3.370369409,0.947595117
3.261,1.4,2.8,4.02850112,12.38,0.8908524193,521.33,3.363877368,0.946828899
3.262,1.39,2.78,4.002997727,12.05,0.8652180382,521.932,3.370051657,0.9451576914
3.263,1.39,2.78,4.002997727,12.12,0.8706466921,522.568,3.376566928,0.9424997387
3.264,1.42,2.84,4.079366685,12.79,0.9228505414,523.175,3.382777728,0.9474498098
3.265,1.46,2.92,4.180532931,13.99,1.017459711,524.355,3.394830849,0.9474745317
3.266,1.51,3.02,4.305931583,15.14,1.109474464,525.387,3.405350008,0.9537317807
3.267,1.55,3.1,4.40540318,15.95,1.175083384,525.612,3.407640686,0.9613066624
3.268,1.57,3.14,4.454856537,16.35,1.207727853,525.676,3.408292077,0.9650860708
3.269,1.57,3.14,4.454856537,16.22,1.197100581,525.452,3.40601186,0.967792248
3.27,1.54,3.08,4.380605891,15.67,1.152328775,525.046,3.401876488,0.9618815224
3.271,1.5,3,4.280946,14.98,1.096592949,524.276,3.39402475,0.9533089403
3.272,1.47,2.94,4.205706809,14.25,1.038147194,523.303,3.384086499,0.9510367611
3.273,1.43,2.86,4.104728857,13.38,0.9691881135,522.533,3.376208589,0.9446154488
3.274,1.4,2.8,4.02850112,12.5,0.9002005719,521.823,3.368934249,0.9436340826
3.275,1.36,2.72,3.926205107,11.6,0.8304342699,521.073,3.361239329,0.9366676615
3.276,1.33,2.66,3.848988825,10.68,0.7599362313,521.125,3.3617732,0.9338331313
3.277,1.3,2.6,3.77134888,9.87,0.6985473763,520.652,3.356915059,0.9299429943
3.278,1.27,2.54,3.693285273,9.35,0.6594707644,520.496,3.355311828,0.9199216116
3.279,1.27,2.54,3.693285273,9.15,0.6445104399,519.814,3.348297188,0.9249845266
3.28,1.27,2.54,3.693285273,9.24,0.6512378409,518.497,3.334725235,0.9265728765
3.281,1.27,2.54,3.693285273,9.22,0.6497421922,517.558,3.325027581,0.9291821875
3.282,1.25,2.5,3.6410075,8.71,0.6117324897,516.505,3.314131626,0.9274410404
3.283,1.21,2.42,3.535887071,7.75,0.5408572157,511.896,3.266176957,0.9287773398
3.284,1.18,2.36,3.456552477,6.92,0.4802828651,506.248,3.206819714,0.9374711992
3.285,1.11,2.22,3.269790847,5.17,0.3546811216,501.965,3.161364661,0.9299625344
3.286,0.91,1.82,2.723476319,-0.03,-0.001988158449,498.033,3.11929196,0.8736640676
3.287,0.56,1.12,1.722117555,-14.78,-0.8876847721,489.281,3.024439813,0.8059499205
3.288,0.16,0.32,0.5070971392,-30.26,-1.639476122,467.973,2.786223762,0.4422046503
3.289,-0.1,-0.2,-0.32305528,-40.33,-2.044971729,461.769,2.71482354,-0.4822787288
3.29,-0.18,-0.36,-0.5848888032,-43.03,-2.143827743,456.785,2.656765632,-1.140272176
3.291,-0.14,-0.28,-0.4535954528,-41.73,-2.096722707,455.279,2.639097777,-0.8363132405
3.292,-0.07,-0.14,-0.2256444232,-39.58,-2.016804215,453.737,2.620946924,-0.3734952349
3.293,0,0,0,-37.15,-1.92336646,453.345,2.616322866,0
3.294,0.1,0.2,0.31834792,-33.67,-1.78357836,452.837,2.610324511,0.3850612664
3.295,0.22,0.44,0.6941517088,-29.54,-1.608117039,453.122,2.613690558,0.690304285
3.296,0.3,0.6,0.94092168,-26.21,-1.458713183,453.99,2.623929209,0.8075083585
3.297,0.34,0.68,1.063176899,-24.79,-1.392768409,456.299,2.651070427,0.8449298213
3.298,0.33,0.66,1.032683705,-25.18,-1.411015502,459.097,2.683776156,0.8113730587
3.299,0.29,0.58,0.9102401912,-27.05,-1.497087256,461.915,2.716514811,0.7464487642
3.3,0.21,0.42,0.6630936312,-30.24,-1.638609494,467.692,2.783010326,0.5794242827
3.301,0.09,0.18,0.2867249592,-35.12,-1.842696617,471.733,2.829037381,0.2906956396
3.302,-0.05,-0.1,-0.16093922,-40.38,-2.046838481,484.251,2.969155057,-0.1744945544
3.303,-0.12,-0.24,-0.3882312192,-43.19,-2.14956301,494.494,3.081139385,-0.4167465273
3.304,-0.09,-0.18,-0.2905379208,-42.32,-2.118213318,497.244,3.110809596,-0.2927050275
3.305,0.02,0.04,0.0640461728,-38.81,-1.987558792,499.927,3.139599211,0.05559368554
3.306,0.15,0.3,0.47575662,-34.24,-1.806968749,500.856,3.149531737,0.3543644688
3.307,0.27,0.54,0.8487359928,-29.76,-1.617734075,500.927,3.150290085,0.5538042248
3.308,0.39,0.78,1.214936767,-25.22,-1.412881174,500.752,3.148420723,0.7000340427
3.309,0.5,1,1.544666,-20.95,-1.207508908,500.901,3.150012392,0.7951934254
3.31,0.58,1.16,1.780891485,-17.59,-1.036821791,500.84,3.149360827,0.8430099772
3.311,0.63,1.26,1.927002521,-15.41,-0.9216377426,500.676,3.147608683,0.8656907805
3.312,0.66,1.32,2.014104259,-14.07,-0.8490579017,501.474,3.156128966,0.8730135322
3.313,0.69,1.38,2.100782335,-12.82,-0.780110914,502.459,3.16662718,0.8802715343
3.314,0.72,1.44,2.187036749,-11.27,-0.6929272689,503.805,3.180939735,0.8790296587
3.315,0.75,1.5,2.2728675,-9.83,-0.6102299196,505.996,3.20415593,0.8762268049
3.316,0.76,1.52,2.301383603,-9.13,-0.5694304816,507.941,3.224681392,0.8667292399
3.317,0.76,1.52,2.301383603,-9.54,-0.5933751472,508.834,3.234078852,0.8715039098
3.318,0.74,1.48,2.244304323,-10.57,-0.6529333971,509.83,3.244540794,0.8659893185
3.319,0.73,1.46,2.215694073,-11.03,-0.6792588562,511.057,3.257401087,0.8594149874
3.32,0.74,1.48,2.244304323,-10.49,-0.6483378822,512.013,3.267399624,0.8569115754
3.321,0.77,1.54,2.329852633,-9.01,-0.5623966193,512.424,3.271692421,0.8599476777
3.322,0.82,1.64,2.471491677,-6.35,-0.403462751,512.482,3.27229794,0.8614965706
3.323,0.91,1.82,2.723476319,-1.79,-0.1172440613,512.554,3.273049523,0.8630051351
3.324,1.01,2.02,2.998987263,1.89,0.1268649244,512.37,3.2711286,0.8825759206
3.325,1.08,2.16,3.189044045,3.55,0.2409361762,511.961,3.266856251,0.9091313444
3.326,1.03,2.06,3.053524569,2.34,0.1575417291,511.646,3.263563483,0.8925550018
3.327,0.88,1.76,2.639905101,-3.17,-0.2057320702,511.019,3.257003269,0.8651820597
3.328,0.74,1.48,2.244304323,-9.95,-0.6171845625,509.601,3.242137198,0.8549885026
3.329,0.78,1.56,2.358274589,-8.35,-0.5235017793,508.322,3.228692854,0.8717589715
3.33,0.88,1.76,2.639905101,-2.77,-0.1802522577,507.005,3.214813672,0.8699461768
3.331,0.78,1.56,2.358274589,-7.21,-0.4554829271,505.352,3.197342448,0.860100443
3.332,0.43,0.86,1.335497337,-21.49,-1.234183912,504.47,3.187996838,0.6835338831
3.333,0.09,0.18,0.2867249592,-35.13,-1.843099958,503.934,3.182309435,0.214100157
3.334,-0.03,-0.06,-0.0964223112,-40.02,-2.033367014,503.068,3.173107663,-0.0846002213
3.335,-0.01,-0.02,-0.0320936968,-39.14,-2.00013332,502.216,3.164039179,-0.02757413459
3.336,-0.02,-0.04,-0.0642344672,-39.4,-2.009997408,501.261,3.153856083,-0.05615594709
3.337,-0.01,-0.02,-0.0320936968,-39.39,-2.009618721,501.163,3.152810018,-0.02807377635
3.338,0.1,0.2,0.31834792,-35.43,-1.855172554,501.564,3.15708905,0.2445225336
3.339,0.27,0.54,0.8487359928,-29.36,-1.600225496,502.625,3.168394396,0.5412274105
3.34,0.36,0.72,1.124022067,-26.23,-1.459632309,504.248,3.185641968,0.6512258269
3.341,0.32,0.64,1.002143437,-27.65,-1.524211451,505.786,3.201935096,0.5973233076
3.342,0.27,0.54,0.8487359928,-29.78,-1.618606817,506.669,3.21126697,0.5329046447
3.343,0.25,0.5,0.7870435,-30.74,-1.660199183,507.601,3.221099068,0.5042242026
3.344,0.26,0.52,0.8179132832,-30.45,-1.647696437,508.568,3.231281334,0.5164947484
3.345,0.33,0.66,1.032683705,-27.67,-1.525111513,509.23,3.23824087,0.6028054453
3.346,0.45,0.9,1.39549518,-22.98,-1.30672242,509.589,3.242011216,0.7210785196
3.347,0.54,1.08,1.663155331,-19.54,-1.136876718,509.732,3.243512313,0.7894841117
3.348,0.54,1.08,1.663155331,-19.54,-1.136876718,509.933,3.245621535,0.7886944488
3.349,0.5,1,1.544666,-21.39,-1.22925968,509.562,3.241727744,0.7675480807
3.35,0.5,1,1.544666,-21.1,-1.214939374,508.825,3.233984223,0.7650478893
3.351,0.58,1.16,1.780891485,-18.06,-1.061192178,508.003,3.225334381,0.8229087175
3.352,0.67,1.34,2.043044025,-14.16,-0.8539756164,507.257,3.217472157,0.8644159151
3.353,0.73,1.46,2.215694073,-11.01,-0.6781177632,506.7,3.211594294,0.8745666464
3.354,0.78,1.56,2.358274589,-8.92,-0.5571135791,506.675,3.211330324,0.8885011344
3.355,0.79,1.58,2.386649471,-8.15,-0.5116455393,506.774,3.212375567,0.8837053119
3.356,0.74,1.48,2.244304323,-10.47,-0.6471882068,506.953,3.214264931,0.8742646068
3.357,0.59,1.18,1.810207839,-17.8,-1.0477308,507.461,3.219623296,0.8334702763
3.358,0.43,0.86,1.335497337,-24.97,-1.401202959,508.251,3.227945539,0.7310812982
3.359,0.48,0.96,1.485138893,-23.15,-1.314900134,509.138,3.237274225,0.7725545721
3.36,0.77,1.54,2.329852633,-10.57,-0.6529333971,509.988,3.246198541,0.8984243816
3.361,1.12,2.24,3.296612301,3.76,0.2555451469,511.049,3.257317338,0.938440464
3.362,1.27,2.54,3.693285273,7.69,0.5364565434,511.928,3.266511389,0.9711586683
3.363,1.2,2.4,3.50948928,5.78,0.39813838,512.302,3.270418519,0.9566402747
3.364,1.11,2.22,3.269790847,3.43,0.2326062531,512.087,3.268172791,0.934018059
3.365,1.13,2.26,3.323386681,3.85,0.2618184636,511.362,3.260593027,0.9434975697
3.366,1.21,2.42,3.535887071,5.93,0.4088775387,510.738,3.254060593,0.9653144399
3.367,1.27,2.54,3.693285273,7.54,0.5254697554,510.078,3.247142597,0.9789729047
3.368,1.28,2.56,3.719353549,7.93,0.5540796799,509.384,3.239858558,0.9803410904
3.369,1.28,2.56,3.719353549,7.71,0.5379230557,508.658,3.232228027,0.9865263931
3.37,1.26,2.52,3.667169923,7.32,0.5093942366,507.665,3.221773571,0.9828477603
3.371,1.24,2.48,3.614798003,6.76,0.4686804357,506.412,3.208552576,0.9830211986
3.372,1.22,2.44,3.562237789,6.23,0.4304187526,505.103,3.194705715,0.9826525463
3.373,1.22,2.44,3.562237789,6.11,0.4217921938,504.056,3.183604487,0.9880293637
3.374,1.24,2.48,3.614798003,6.66,0.4614411161,503.715,3.179983923,0.9926877431
3.375,1.26,2.52,3.667169923,7.37,0.5130437536,503.837,3.181279538,0.992649975
3.376,1.26,2.52,3.667169923,7.18,0.4991881248,504.154,3.184644548,0.9954767897
3.377,1.21,2.42,3.535887071,5.96,0.4110278843,503.935,3.182320051,0.9840091009
3.378,1.17,2.34,3.430013465,4.9,0.3355559612,503.606,3.178826099,0.9759933343
3.379,1.19,2.38,3.483044415,5.23,0.3589403106,503.538,3.17810366,0.9847331399
3.38,1.25,2.5,3.6410075,6.83,0.4737535413,504.529,3.188622508,0.9941653863
3.381,1.29,2.58,3.745374751,8.1,0.5665957586,505.437,3.19824224,0.9948302562
3.382,1.23,2.46,3.588541433,6.22,0.4296993593,506.074,3.204980576,0.9873060342
3.383,1.01,2.02,2.998987263,0.41,0.02725121946,506.792,3.212565589,0.9256656906
3.384,0.81,1.62,2.443258015,-10.19,-0.6310592496,507.529,3.220340151,0.9436048496
3.385,0.78,1.56,2.358274589,-11.76,-0.7206923701,508.315,3.228619179,0.9403283142
3.386,0.91,1.82,2.723476319,-4.98,-0.3193222882,508.958,3.235382458,0.9339575181
3.387,1.06,2.12,3.134977475,1.51,0.1011017552,509.413,3.240163133,0.9382606828
3.388,1.11,2.22,3.269790847,2.68,0.1808408527,509.91,3.245380223,0.954343218
3.389,1.11,2.22,3.269790847,2.67,0.1801540931,510.353,3.250026183,0.9532416912
3.39,1.13,2.26,3.323386681,3.3,0.2235969714,510.955,3.256333194,0.9550153375
3.391,1.14,2.28,3.350113987,3.62,0.2458013611,512.28,3.270188767,0.952822353
3.392,1.12,2.24,3.296612301,2.89,0.1952837167,513.87,3.286768228,0.9467441478
3.393,1.11,2.22,3.269790847,2.72,0.1835887959,515.096,3.299517149,0.9387572181
3.394,1.22,2.44,3.562237789,5.46,0.3752980881,515.715,3.305942479,0.9676731863
3.395,1.45,2.9,4.15531198,11.66,0.8350606483,515.792,3.306741213,1.003261894
3.396,1.71,3.42,4.795757791,17.52,1.30414874,515.59,3.304645578,1.040566678
3.397,1.87,3.74,5.174061561,20.71,1.574216016,515.521,3.303929555,1.060661574
3.398,1.82,3.64,5.057136157,19.77,1.493533932,515.416,3.302839769,1.054366584
3.399,1.55,3.1,4.40540318,14.48,1.056503983,515.159,3.300171453,1.011184617
3.4,1.19,2.38,3.483044415,4.85,0.3320216532,514.774,3.296171678,0.9599941616
3.401,0.91,1.82,2.723476319,-5.25,-0.336029081,514.334,3.291596842,0.9214731447
3.402,0.84,1.68,2.527817779,-9.29,-0.5787908691,513.936,3.287455323,0.9332340061
3.403,0.93,1.86,2.778955097,-4.26,-0.2744703274,513.712,3.285123006,0.9230407467
3.404,1.06,2.12,3.134977475,1.23,0.08220110551,513.436,3.282247861,0.9317952231
3.405,1.13,2.26,3.323386681,2.99,0.2021753167,513.474,3.282643806,0.9536755177
3.406,1.15,2.3,3.37679422,3.62,0.2458013611,513.559,3.283529367,0.9567803305
3.407,1.17,2.34,3.430013465,4.15,0.2827830416,513.772,3.285747834,0.9611836312
3.408,1.2,2.4,3.50948928,4.91,0.3362630996,514.231,3.290525349,0.9676575652
3.409,1.24,2.48,3.614798003,6,0.4138963161,514.909,3.297574537,0.9739529546
3.41,1.31,2.62,3.797275935,7.82,0.5459956392,516.002,3.308918973,0.9850480015
3.411,1.37,2.74,3.951849721,9.24,0.6512378409,517.129,3.320591167,0.9949697515
3.412,1.35,2.7,3.90051342,8.85,0.6221417664,518.415,3.333879069,0.9859688769
3.413,1.28,2.56,3.719353549,6.94,0.4817348592,519.889,3.349069043,0.9709067977
3.414,1.21,2.42,3.535887071,4.97,0.340507869,520.599,3.356370425,0.9564521171
3.415,1.17,2.34,3.430013465,3.92,0.2667028299,520.621,3.356596506,0.9466547328
3.416,1.1,2.2,3.24292232,2.04,0.1370702779,520.309,3.353389374,0.929081738
3.417,0.99,1.98,2.944261663,-1.79,-0.1172440613,519.929,3.349480653,0.9109053684
3.418,0.94,1.88,2.806623875,-4.82,-0.3093930134,519.416,3.344199346,0.924811526
3.419,0.95,1.9,2.83424558,-4.02,-0.259422151,518.924,3.33912933,0.9202970983
3.42,0.97,1.94,2.889347769,-3.26,-0.2114461169,518.105,3.330678937,0.9263007717
3.421,0.91,1.82,2.723476319,-6.44,-0.4089354179,517.096,3.320249752,0.9354799952
3.422,0.81,1.62,2.443258015,-11.25,-0.6917899749,516.152,3.310473974,0.9330098691
3.423,0.78,1.56,2.358274589,-13.04,-0.7923332418,515.116,3.299724873,0.940529018
3.424,0.81,1.62,2.443258015,-11.44,-0.702581509,513.974,3.287850883,0.9450690285
3.425,0.9,1.8,2.69566632,-7.11,-0.449465469,513.847,3.286528765,0.9501607961
3.426,0.98,1.96,2.916828253,-2.62,-0.170661878,514.07,3.288850062,0.9354240607
3.427,1.03,2.06,3.053524569,0.12,0.007960581053,514.356,3.291825677,0.925370412
3.428,1.08,2.16,3.189044045,1.24,0.08287492228,515.035,3.29888354,0.9430135476
3.429,1.12,2.24,3.296612301,2.34,0.1575417291,516.218,3.311158031,0.9503884824
3.43,1.19,2.38,3.483044415,4.15,0.2827830416,518.064,3.330255551,0.9640208168
3.431,1.36,2.72,3.926205107,8.46,0.5931909971,519.907,3.349254271,0.9958806883
3.432,1.55,3.1,4.40540318,13.6,0.9865548682,521.847,3.369180304,1.011402899
3.433,1.65,3.3,4.65078702,15.92,1.172641592,523.697,3.388113051,1.019740675
3.434,1.66,3.32,4.675066499,15.99,1.178340525,525.314,3.4046066,1.020100466
3.435,1.6,3.2,4.52868352,14.86,1.086948709,526.07,3.41230046,1.006542059
3.436,1.6,3.2,4.52868352,14.95,1.094180532,526.732,3.419028601,1.003428688
3.437,1.7,3.4,4.77171368,16.82,1.246293028,527.282,3.424612019,1.021582248
3.438,1.79,3.58,4.986416031,18.51,1.38683254,527.434,3.426154046,1.036033644
3.439,1.84,3.68,5.104047539,19.43,1.464578764,526.742,3.41913017,1.045117063
3.44,1.87,3.74,5.174061561,19.97,1.510622784,526.056,3.412158081,1.051044461
3.441,1.88,3.76,5.197305421,20.33,1.541488248,525.297,3.404433462,1.050826464
3.442,1.86,3.72,5.150770627,19.89,1.503782224,524.2,3.393249148,1.051814913
3.443,1.72,3.44,4.819754829,17.14,1.272679128,523.001,3.380998104,1.035687391
3.444,1.46,2.92,4.180532931,11.3,0.8073551473,521.757,3.36825754,1.001178329
3.445,1.24,2.48,3.614798003,5.17,0.3546811216,520.128,3.351527945,0.9753356971
3.446,1.17,2.34,3.430013465,3.26,0.220827979,518.777,3.337613575,0.9639088946
3.447,1.27,2.54,3.693285273,5.77,0.3974231805,517.694,3.326433229,0.991790463
3.448,1.42,2.84,4.079366685,9.65,0.6819832286,517.111,3.320404943,1.019233145
3.449,1.48,2.96,4.230833613,11.28,0.8058196629,516.763,3.316803344,1.026247999
3.45,1.46,2.92,4.180532931,10.85,0.7729009945,517.015,3.319411641,1.021557565
3.451,1.46,2.92,4.180532931,10.85,0.7729009945,517.469,3.324107509,1.020386687
3.452,1.53,3.06,4.355761529,12.8,0.9236330551,517.668,3.326164531,1.02493388
3.453,1.67,3.34,4.699298905,15.93,1.173455422,518.392,3.333641705,1.04264425
3.454,1.81,3.62,5.033609855,18.61,1.395240688,519.152,3.341479447,1.062678333
3.455,1.88,3.76,5.197305421,20.01,1.514045576,520.156,3.351815943,1.068116181
3.456,1.84,3.68,5.104047539,19.34,1.456934338,520.625,3.356637611,1.060345123
3.457,1.73,3.46,4.843704793,17.11,1.270200984,520.343,3.353738963,1.047527617
3.458,1.61,3.22,4.553198367,14.9,1.090161848,519.843,3.348595651,1.025782185
3.459,1.58,3.16,4.479512605,14.1,1.02620387,519.238,3.342365626,1.025395752
3.46,1.62,3.24,4.577666141,15,1.09820173,518.448,3.334219615,1.032768725
3.461,1.63,3.26,4.602086841,15.3,1.122381755,517.681,3.326298882,1.034483528
3.462,1.57,3.14,4.454856537,13.97,1.015871161,516.659,3.315726533,1.028455746
3.463,1.46,2.92,4.180532931,10.87,0.7744281063,515.912,3.307985756,1.024034572
3.464,1.35,2.7,3.90051342,7.79,0.5437928897,515.297,3.301604411,1.01433301
3.465,1.29,2.58,3.745374751,6,0.4138963161,515.313,3.301770526,1.00799531
3.466,1.29,2.58,3.745374751,5.97,0.4117448525,515.367,3.302331127,1.008427068
3.467,1.35,2.7,3.90051342,7.6,0.5298619186,515.878,3.307633165,1.016421737
3.468,1.46,2.92,4.180532931,10.63,0.7561284042,516.672,3.315861146,1.026656105
3.469,1.58,3.16,4.479512605,13.93,1.012695257,517.239,3.32172906,1.033473485
3.47,1.67,3.34,4.699298905,15.77,1.16044631,517.942,3.32899552,1.04674458
3.471,1.7,3.4,4.77171368,16.36,1.208546047,518.915,3.339036541,1.049285766
3.472,1.65,3.3,4.65078702,15.49,1.137742688,520.087,3.351106205,1.036075647
3.473,1.61,3.22,4.553198367,14.67,1.071708241,521.349,3.364072347,1.026470601
3.474,1.71,3.42,4.795757791,16.44,1.21509526,522.586,3.376751207,1.044407261
3.475,1.91,3.82,5.266754559,20.39,1.546645704,523.96,3.39079914,1.066696383
3.476,2.07,4.14,5.629994777,23.67,1.834385889,525.317,3.404637153,1.07462684
3.477,2.08,4.16,5.652297165,23.74,1.840651913,526.282,3.414456012,1.075581557
3.478,1.93,3.86,5.312818617,21,1.599294702,526.642,3.418114396,1.058876905
3.479,1.81,3.62,5.033609855,18.62,1.396082072,526.606,3.41774867,1.045655763
3.48,1.79,3.58,4.986416031,18.3,1.369209095,526.295,3.414588164,1.042355217
3.481,1.83,3.66,5.080615385,19.09,1.435744057,526.017,3.411761436,1.048088629
3.482,1.88,3.76,5.197305421,20.04,1.516613769,525.721,3.408750039,1.055212493
3.483,1.89,3.78,5.220502207,20.26,1.53547599,525.332,3.404789915,1.056724943
3.484,1.84,3.68,5.104047539,19.28,1.45184274,524.699,3.398339534,1.052341387
3.485,1.75,3.5,4.8914635,17.5,1.302488754,524.298,3.394249245,1.041459733
3.486,1.64,3.28,4.626460467,15.42,1.132079159,524.125,3.392483641,1.022520998
3.487,1.56,3.12,4.430153395,13.47,0.9762868841,524.072,3.391942617,1.014175971
3.488,1.54,3.08,4.380605891,12.83,0.9259811889,524.04,3.391615934,1.01459348
3.489,1.58,3.16,4.479512605,13.97,1.015871161,523.919,3.390380485,1.016626594
3.49,1.66,3.32,4.675066499,15.71,1.155574575,523.486,3.385957077,1.029403042
3.491,1.71,3.42,4.795757791,16.71,1.237246958,523.07,3.381703888,1.038278594
3.492,1.73,3.46,4.843704793,16.99,1.260297613,522.53,3.376177874,1.044695439
3.493,1.73,3.46,4.843704793,17.1,1.269375141,521.974,3.370482155,1.043934001
3.494,1.74,3.48,4.867607683,17.18,1.275984753,521.473,3.365344663,1.0487529
3.495,1.74,3.48,4.867607683,17.17,1.275158193,521.113,3.361650004,1.049775509
3.496,1.74,3.48,4.867607683,17.21,1.278465046,520.963,3.360109809,1.049375689
3.497,1.8,3.6,5.01003648,18.46,1.382632347,520.935,3.359822257,1.056422654
3.498,1.93,3.86,5.312818617,20.96,1.595830303,520.847,3.358918421,1.072268023
3.499,2.02,4.04,5.517776733,22.66,1.744562006,520.72,3.357613752,1.081455637
3.5,2,4,5.47256,22.25,1.708410371,520.346,3.353769808,1.081067802
3.501,1.93,3.86,5.312818617,20.96,1.595830303,520.101,3.351250217,1.073930088
3.502,1.92,3.84,5.289810125,20.83,1.584582656,519.863,3.348801479,1.072247767
3.503,1.95,3.9,5.35869438,21.34,1.628810296,519.627,3.346372211,1.077084986
3.504,1.92,3.84,5.289810125,20.75,1.577669878,519.684,3.346959042,1.074154055
3.505,1.84,3.68,5.104047539,19.37,1.459481542,519.954,3.349737894,1.061304772
3.506,1.81,3.62,5.033609855,18.76,1.407872324,520.371,3.354026842,1.057059312
3.507,1.85,3.7,5.12743262,19.52,1.472231631,520.643,3.356822578,1.061788168
3.508,1.9,3.8,5.24365192,20.53,1.558694471,520.871,3.359164937,1.066246813
3.509,1.91,3.82,5.266754559,20.64,1.56817581,521.208,3.362625231,1.068133659
3.51,1.88,3.76,5.197305421,20.16,1.526895965,521.705,3.367724315,1.061840372
3.511,1.86,3.72,5.150770627,19.67,1.485005183,522.104,3.371814431,1.060523354
3.512,1.83,3.66,5.080615385,19.1,1.436590421,522.275,3.373566381,1.056226563
3.513,1.78,3.56,4.962748509,18.25,1.365019752,522.153,3.372316511,1.047582066
3.514,1.72,3.44,4.819754829,17.17,1.275158193,521.606,3.36670899,1.038322433
3.515,1.67,3.34,4.699298905,16.04,1.182414232,520.838,3.358825975,1.034805183
3.516,1.61,3.22,4.553198367,15.01,1.099006271,520.243,3.352710696,1.022796013
3.517,1.55,3.1,4.40540318,13.62,0.988136049,519.601,3.346104512,1.016418705
3.518,1.46,2.92,4.180532931,11.02,0.7858938405,518.835,3.338211679,1.013682339
3.519,1.28,2.56,3.719353549,6.31,0.4361772617,518.708,3.33690195,0.9857607911
3.52,1.07,2.14,3.162034297,0.35,0.0232539451,518.469,3.334436315,0.9417290017
3.521,0.91,1.82,2.723476319,-8,-0.5027319434,518.153,3.331174567,0.9628890106
3.522,0.89,1.78,2.667809247,-8.85,-0.5530000139,518.09,3.330524044,0.9604990699
3.523,1.01,2.02,2.998987263,-2.72,-0.177057616,518.339,3.333094697,0.9502382848
3.524,1.17,2.34,3.430013465,2.86,0.1932180047,518.916,3.339046851,0.9710521734
3.525,1.31,2.62,3.797275935,6.48,0.448433957,520.117,3.351414798,0.9993229151
3.526,1.42,2.84,4.079366685,9.28,0.6542302888,521.629,3.36694489,1.014471268
3.527,1.47,2.94,4.205706809,10.85,0.7729009945,523.097,3.381980039,1.012232787
3.528,1.47,2.94,4.205706809,10.83,0.7713742715,523.955,3.390748087,1.010471689
3.529,1.44,2.88,4.130043955,9.77,0.6910124414,524.565,3.396973052,1.01028831
3.53,1.43,2.86,4.104728857,9.69,0.6849914265,525.286,3.404321429,1.003769827
3.531,1.52,3.04,4.330870093,11.98,0.859794194,525.855,3.410113517,1.014277213
3.532,1.69,3.38,4.747622495,16.11,1.188121682,526.16,3.413215659,1.031791878
3.533,1.88,3.76,5.197305421,19.85,1.500364454,526.344,3.415086246,1.057340565
3.534,2.01,4.02,5.495191903,22.22,1.705772166,526.849,3.420216835,1.072025691
3.535,2.02,4.04,5.517776733,22.52,1.732197378,527.292,3.424713482,1.06997714
3.536,1.95,3.9,5.35869438,21.26,1.621854462,527,3.421749976,1.062473167
3.537,1.86,3.72,5.150770627,19.53,1.473082471,526.44,3.416061944,1.053511656
3.538,1.78,3.56,4.962748509,17.99,1.343276753,525.799,3.409543748,1.044169143
3.539,1.7,3.4,4.77171368,16.5,1.220011443,524.555,3.396871062,1.033535871
3.54,1.63,3.26,4.602086841,15.02,1.099810913,523.504,3.386141032,1.025888573
3.541,1.56,3.12,4.430153395,13.17,0.9526555674,522.581,3.376700019,1.023282405
3.542,1.49,2.98,4.255913343,11.23,0.8019826584,521.298,3.363548967,1.021697523
3.543,1.42,2.84,4.079366685,9.48,0.6692155509,520.013,3.350344932,1.014878791
3.544,1.38,2.76,3.977447261,8.31,0.5820946737,518.928,3.339170569,1.014327523
3.545,1.38,2.76,3.977447261,8.1,0.5665957586,518.195,3.331608205,1.020328156
3.546,1.4,2.8,4.02850112,8.81,0.6191657777,517.767,3.327187579,1.020816119
3.547,1.45,2.9,4.15531198,9.98,0.7068469357,517.622,3.325689109,1.030446333
3.548,1.49,2.98,4.255913343,11.08,0.7904862633,518.191,3.331566908,1.03247415
3.549,1.52,3.04,4.330870093,11.97,0.8590197516,518.956,3.339459233,1.031533112
3.55,1.55,3.1,4.40540318,12.74,0.9189394541,519.295,3.342952897,1.03367303
3.551,1.57,3.14,4.454856537,13.48,0.9770761329,519.659,3.346701667,1.030315789
3.552,1.6,3.2,4.52868352,14.16,1.030978503,520.035,3.350571268,1.033580299
3.553,1.61,3.22,4.553198367,14.61,1.066902987,520.261,3.352895798,1.030182275
3.554,1.62,3.24,4.577666141,14.69,1.073310795,520.334,3.353646427,1.034043455
3.555,1.61,3.22,4.553198367,14.5,1.058102728,519.926,3.349449783,1.033044611
3.556,1.59,3.18,4.504121599,13.86,1.007141264,519.44,3.344446541,1.035052446
3.557,1.55,3.1,4.40540318,12.77,0.9212858102,519.135,3.341304254,1.033503835
3.558,1.5,3,4.280946,11.42,0.8165762495,519.088,3.340819869,1.029718092
3.559,1.47,2.94,4.205706809,10.43,0.7409213337,518.973,3.339634486,1.030670084
3.56,1.46,2.92,4.180532931,10.37,0.7363667681,519.25,3.342489268,1.024927797
3.561,1.49,2.98,4.255913343,11.18,0.7981480909,520.022,3.350437525,1.02587092
3.562,1.54,3.08,4.380605891,12.34,0.8877395187,520.971,3.360191964,1.031232709
3.563,1.57,3.14,4.454856537,13.27,0.9605227547,522.022,3.370974111,1.028479686
3.564,1.59,3.18,4.504121599,13.96,1.015077035,523.205,3.3830845,1.024091899
3.565,1.62,3.24,4.577666141,14.79,1.081329584,524.291,3.394177816,1.022826181
3.566,1.68,3.36,4.723484237,15.78,1.16125862,525.447,3.405960951,1.034214397
3.567,1.75,3.5,4.8914635,17.15,1.273505381,526.685,3.418551203,1.04249883
3.568,1.83,3.66,5.080615385,18.7,1.402816872,528.009,3.431983352,1.050842879
3.569,1.91,3.82,5.266754559,20.32,1.540629039,528.939,3.441398198,1.057150896
3.57,1.99,3.98,5.449881023,21.72,1.661943022,529.584,3.447918133,1.0665419
3.571,2,4,5.47256,22.11,1.696106948,529.45,3.446564257,1.064147363
3.572,1.94,3.88,5.335780035,20.87,1.588041573,529.066,3.442682596,1.060638559
3.573,1.81,3.62,5.033609855,18.31,1.370047273,528.471,3.436662475,1.04720487
3.574,1.68,3.36,4.723484237,15.82,1.164508873,527.384,3.425646849,1.029046621
3.575,1.61,3.22,4.553198367,14.62,1.067703612,526.164,3.413256331,1.016121194
3.576,1.61,3.22,4.553198367,14.64,1.069305163,524.813,3.399501788,1.018884552
3.577,1.62,3.24,4.577666141,14.66,1.070907115,523.736,3.388511454,1.026516365
3.578,1.56,3.12,4.430153395,13.18,0.9534418402,522.257,3.373381993,1.023881158
3.579,1.45,2.9,4.15531198,10.02,0.7098678504,520.689,3.357295242,1.02167331
3.58,1.32,2.64,3.823155917,6.7,0.4643357186,519.412,3.344158145,1.00384983
3.581,1.26,2.52,3.667169923,4.89,0.334848915,519.119,3.341139362,0.997601093
3.582,1.27,2.54,3.693285273,5.05,0.3461727334,519.056,3.34049005,1.001796337
3.583,1.3,2.6,3.77134888,5.99,0.4131790684,519.256,3.342551087,1.004158639
3.584,1.31,2.62,3.797275935,6.09,0.4203557404,519.476,3.344817312,1.00852627
3.585,1.25,2.5,3.6410075,4.45,0.3038301318,519.844,3.348605943,0.996870972
3.586,1.17,2.34,3.430013465,2.3,0.1548075169,520.472,3.355065135,0.9772472694
3.587,1.15,2.3,3.37679422,1.82,0.1221093445,521.393,3.364523848,0.9684971241
3.588,1.23,2.46,3.588541433,3.94,0.2680991864,522.557,3.37645431,0.9846312961
3.589,1.39,2.78,4.002997727,7.94,0.5548151612,523.654,3.387673752,1.015347872
3.59,1.54,3.08,4.380605891,11.91,0.8543751566,524.569,3.397013848,1.03039404
3.591,1.63,3.26,4.602086841,14.49,1.057303305,525.309,3.404555677,1.031428124
3.592,1.67,3.34,4.699298905,15.4,1.130461916,526.01,3.41169024,1.034597421
3.593,1.7,3.4,4.77171368,15.93,1.173455422,526.322,3.414862623,1.039970123
3.594,1.73,3.46,4.843704793,16.48,1.218372308,526.454,3.416204219,1.04512349
3.595,1.76,3.52,4.915272243,17.06,1.26607279,526.323,3.414872788,1.050059686
3.596,1.78,3.56,4.962748509,17.42,1.295852912,525.941,3.410988401,1.0543692
3.597,1.78,3.56,4.962748509,17.35,1.290051935,525.468,3.406174765,1.05675233
3.598,1.75,3.5,4.8914635,16.82,1.246293028,525.137,3.40280366,1.052132022
3.599,1.7,3.4,4.77171368,15.9,1.171014238,525.117,3.402599899,1.043313567
3.6,1.64,3.28,4.626460467,14.68,1.072509468,524.965,3.401051068,1.034178577
3.601,1.55,3.1,4.40540318,12.34,0.8877395187,525.068,3.402100654,1.026938768
3.602,1.47,2.94,4.205706809,9.87,0.6985473763,525.418,3.405665671,1.024729165
3.603,1.43,2.86,4.104728857,8.63,0.6057927298,525.735,3.408892509,1.022428562
3.604,1.45,2.9,4.15531198,9.35,0.6594707644,526.6,3.417687714,1.01916862
3.605,1.54,3.08,4.380605891,11.82,0.8474148814,527.56,3.427431968,1.024739844
3.606,1.67,3.34,4.699298905,15.21,1.11511823,528.314,3.435072843,1.032769576
3.607,1.83,3.66,5.080615385,18.2,1.36083299,529,3.442015152,1.057833859
3.608,2.02,4.04,5.517776733,21.9,1.677690909,529.382,3.445877085,1.076940277
3.609,2.19,4.38,5.894516575,25.35,1.986233201,528.884,3.440841867,1.086131388
3.61,2.26,4.52,6.045690563,26.95,2.133710792,527.949,3.431375373,1.086360639
3.611,2.22,4.44,5.959587869,26.17,2.061464585,526.274,3.414374686,1.088342366
3.612,2.11,4.22,5.718921887,23.92,1.856788793,524.833,3.399705666,1.087972589
3.613,1.99,3.98,5.449881023,21.65,1.655828128,523.088,3.38188799,1.081815826
3.614,1.91,3.82,5.266754559,20.12,1.52346689,519.749,3.347628156,1.081225989
3.615,1.85,3.7,5.12743262,18.98,1.426440919,517.975,3.329336377,1.078148177
3.616,1.78,3.56,4.962748509,17.66,1.315780144,516.188,3.310847107,1.072649306
3.617,1.68,3.36,4.723484237,15.7,1.154762973,514.858,3.297044611,1.061026144
3.618,1.54,3.08,4.380605891,12.4,0.8924094601,513.738,3.285393774,1.048542893
3.619,1.39,2.78,4.002997727,8.35,0.5850516001,513.203,3.279819451,1.035739013
3.62,1.27,2.54,3.693285273,5.13,0.3518435126,512.629,3.27383231,1.018647406
3.621,1.2,2.4,3.50948928,3.25,0.2201359582,512.514,3.27263199,1.004787416
3.622,1.18,2.36,3.456552477,2.45,0.1650682554,512.553,3.273039085,1.00536491
3.623,1.16,2.32,3.403427379,2.15,0.1445670651,512.666,3.274218443,0.9955077237
3.624,1.16,2.32,3.403427379,1.98,0.1329857094,512.943,3.277108336,0.9980450199
3.625,1.16,2.32,3.403427379,2.06,0.1384325202,513.61,3.284060633,0.9944292734
3.626,1.17,2.34,3.430013465,2.3,0.1548075169,513.929,3.287382453,0.9964625703
3.627,1.16,2.32,3.403427379,2.01,0.135027589,513.915,3.287236711,0.9944957726
3.628,1.1,2.2,3.24292232,0.42,0.02791774195,514.056,3.28870436,0.9777786618
3.629,0.99,1.98,2.944261663,-5.22,-0.3341757968,514.445,3.292751317,0.995161909
3.63,0.86,1.72,2.583955587,-12.01,-0.7347854367,515.038,3.298914703,1.007732185
3.631,0.79,1.58,2.386649471,-15.28,-0.9146562267,515.461,3.303306847,0.999162226
3.632,0.84,1.68,2.527817779,-13.1,-0.7956600827,515.936,3.30823463,1.006066778
3.633,0.99,1.98,2.944261663,-5.87,-0.3741614048,516.522,3.314307711,1.001399712
3.634,1.18,2.36,3.456552477,2.16,0.1452491313,517.131,3.320611858,0.997314228
3.635,1.37,2.74,3.951849721,6.99,0.485366489,517.88,3.328355062,1.036218735
3.636,1.56,3.12,4.430153395,12.14,0.8721986198,519.3,3.343004409,1.050994072
3.637,1.74,3.48,4.867607683,16.32,1.205273881,520.584,3.356216274,1.067109107
3.638,1.86,3.72,5.150770627,18.64,1.39776515,521.777,3.368462612,1.080680757
3.639,1.9,3.8,5.24365192,19.5,1.470530264,522.87,3.379657881,1.081123404
3.64,1.89,3.78,5.220502207,19.23,1.447602604,524.243,3.393687989,1.078328621
3.641,1.87,3.74,5.174061561,18.83,1.413775067,525.428,3.405767494,1.073558641
3.642,1.87,3.74,5.174061561,18.9,1.419682892,526.382,3.415472481,1.070092099
3.643,1.89,3.78,5.220502207,19.23,1.447602604,527.534,3.427168294,1.070922576
3.644,1.9,3.8,5.24365192,19.52,1.472231631,528.583,3.437796192,1.067947496
3.645,1.91,3.82,5.266754559,19.64,1.482448594,528.78,3.439789737,1.069991781
3.646,1.9,3.8,5.24365192,19.52,1.472231631,529.213,3.444168877,1.066563212
3.647,1.9,3.8,5.24365192,19.41,1.462879273,529.623,3.448312107,1.067694479
3.648,1.91,3.82,5.266754559,19.75,1.491827347,529.772,3.449817022,1.06578988
3.649,1.97,3.94,5.404381849,20.79,1.581125425,529.164,3.443673496,1.075541914
3.65,2.04,4.08,5.562805171,22.23,1.706651462,528.151,3.43342196,1.082242356
3.651,2.09,4.18,5.674552479,23.18,1.790671302,526.741,3.419120013,1.089209171
3.652,2.08,4.16,5.652297165,23.09,1.782670121,524.967,3.40107145,1.090389458
3.653,2.03,4.06,5.540314489,22.11,1.696106948,523.29,3.383953592,1.090600091
3.654,1.95,3.9,5.35869438,20.64,1.56817581,521.379,3.364380193,1.086393013
3.655,1.87,3.74,5.174061561,19.01,1.428976892,519.862,3.348791188,1.082945316
3.656,1.78,3.56,4.962748509,17.26,1.282600916,518.457,3.334312488,1.074906128
3.657,1.68,3.36,4.723484237,15.44,1.133696805,517.317,3.322535783,1.059972554
3.658,1.59,3.18,4.504121599,13.31,0.9636724055,516.276,3.3117591,1.05348936
3.659,1.51,3.02,4.305931583,10.95,0.7805404415,515.346,3.302113122,1.054689436
3.66,1.43,2.86,4.104728857,8.74,0.6139614739,514.284,3.291076727,1.051136672
3.661,1.36,2.72,3.926205107,6.76,0.4686804357,513.322,3.28105985,1.047060545
3.662,1.29,2.58,3.745374751,5.02,0.3440477163,512.379,3.271222575,1.035987478
3.663,1.24,2.48,3.614798003,3.49,0.2367695741,511.671,3.263824888,1.032624042
3.664,1.18,2.36,3.456552477,2.05,0.1377513541,510.98,3.256594952,1.018326407
3.665,1.13,2.26,3.323386681,0.6,0.03993030927,510.43,3.250833308,1.009913524
3.666,1.08,2.16,3.189044045,-1.73,-0.11335941,509.834,3.244582768,1.018465845
3.667,1.04,2.08,3.080722611,-4,-0.2581659283,509.893,3.245201856,1.031364432
3.668,1.03,2.06,3.053524569,-4.79,-0.307528872,509.993,3.246250992,1.039065432
3.669,1.04,2.08,3.080722611,-4.01,-0.2587940821,510.169,3.248096974,1.030582287
3.67,1.08,2.16,3.189044045,-2.12,-0.1385538279,510.984,3.256636832,1.022757906
3.671,1.11,2.22,3.269790847,0.08,0.005305640709,512.273,3.270115662,0.998280998
3.672,1.15,2.3,3.37679422,1.03,0.06874350944,513.769,3.285716594,1.006658036
3.673,1.19,2.38,3.483044415,2.07,0.1391137764,515.321,3.301853582,1.012228264
3.674,1.24,2.48,3.614798003,3.14,0.2125297309,516.935,3.318583748,1.023699189
3.675,1.27,2.54,3.693285273,4.12,0.2806828744,518.288,3.332568279,1.022150168
3.676,1.3,2.6,3.77134888,4.85,0.3320216532,519.82,3.34835894,1.024717087
3.677,1.33,2.66,3.848988825,5.54,0.3809992462,521.248,3.3630358,1.028032264
3.678,1.38,2.76,3.977447261,6.78,0.4701294253,523.074,3.3817448,1.032600503
3.679,1.46,2.92,4.180532931,9.04,0.6362985958,525.056,3.401978383,1.035226893
3.68,1.59,3.18,4.504121599,12.5,0.9002005719,526.497,3.416641181,1.043383533
3.681,1.72,3.44,4.819754829,15.68,1.153140073,527.52,3.427026311,1.052309987
3.682,1.81,3.62,5.033609855,17.39,1.293366164,528.426,3.436206896,1.064284195
3.683,1.84,3.68,5.104047539,17.99,1.343276753,529.264,3.444684429,1.066016901
3.684,1.83,3.66,5.080615385,17.67,1.316611729,529.969,3.451806093,1.065471939
3.685,1.82,3.64,5.057136157,17.52,1.30414874,530.234,3.454480581,1.062729584
3.686,1.87,3.74,5.174061561,18.54,1.389353898,530.852,3.460712499,1.066802212
3.687,2,4,5.47256,21.02,1.601027535,531.156,3.463775376,1.080507988
3.688,2.17,4.34,5.850900345,24.51,1.909927218,530.491,3.457073053,1.090162111
3.689,2.29,4.58,6.109773311,27.04,2.142090029,529.473,3.446796663,1.093200426
3.69,2.28,4.56,6.088459469,26.81,2.120694191,528.229,3.434212016,1.096050814
3.691,2.12,4.24,5.741035981,23.82,1.847819547,526.56,3.417281318,1.090394302
3.692,1.89,3.78,5.220502207,19.34,1.456934338,524.957,3.400969538,1.074640903
3.693,1.7,3.4,4.77171368,15.58,1.145031639,523.743,3.388582959,1.052518598
3.694,1.6,3.2,4.52868352,13.21,0.955801253,523,3.380987875,1.044248034
3.695,1.58,3.16,4.479512605,12.7,0.9158123613,522.3,3.373822466,1.044264322
3.696,1.61,3.22,4.553198367,13.4,0.9707649231,522.149,3.372275526,1.048389583
3.697,1.65,3.3,4.65078702,14.56,1.062901366,522.177,3.37256241,1.048545824
3.698,1.71,3.42,4.795757791,15.79,1.162071032,522.697,3.377887454,1.056343975
3.699,1.82,3.64,5.057136157,17.78,1.325765949,523.51,3.38620235,1.073253434
3.7,1.92,3.84,5.289810125,19.85,1.500364454,523.854,3.389716696,1.08174281
3.701,1.97,3.94,5.404381849,20.77,1.579397441,523.677,3.387908731,1.087990485
3.702,1.94,3.88,5.335780035,20.1,1.521752981,523.303,3.384086499,1.087638529
3.703,1.84,3.68,5.104047539,18.25,1.365019752,523.051,3.381509551,1.075322033
3.704,1.74,3.48,4.867607683,16.24,1.198734428,522.177,3.37256241,1.064819865
3.705,1.66,3.32,4.675066499,14.71,1.07491375,521.017,3.36066433,1.053992606
3.706,1.59,3.18,4.504121599,13,0.9393040821,519.701,3.347134049,1.050784232
3.707,1.54,3.08,4.380605891,11.49,0.8219617179,518.415,3.333879069,1.054084147
3.708,1.49,2.98,4.255913343,10.09,0.7151581665,517.049,3.319763456,1.054769768
3.709,1.44,2.88,4.130043955,8.77,0.616191317,515.878,3.307633165,1.052555733
3.71,1.4,2.8,4.02850112,7.53,0.5247380588,514.618,3.294550138,1.054777988
3.711,1.36,2.72,3.926205107,6.43,0.4448262407,514.277,3.291003907,1.050959212
3.712,1.33,2.66,3.848988825,5.52,0.3795733999,514.399,3.292272916,1.048243443
3.713,1.3,2.6,3.77134888,4.72,0.3228432436,514.667,3.295059521,1.042413001
3.714,1.28,2.56,3.719353549,4.2,0.286285154,515.585,3.304593696,1.035778066
3.715,1.29,2.58,3.745374751,4.39,0.2996141022,517.232,3.321656656,1.034270841
3.716,1.33,2.66,3.848988825,5.49,0.3774353265,519.618,3.346279547,1.033642198
3.717,1.41,2.82,4.053957439,7.43,0.5174262867,522.015,3.37090237,1.042596395
3.718,1.51,3.02,4.305931583,10.13,0.7181833282,524.522,3.39653448,1.04647069
3.719,1.64,3.28,4.626460467,13.79,1.001592152,527.24,3.424185854,1.045343996
3.72,1.8,3.6,5.01003648,17.21,1.278465046,529.612,3.448200989,1.059951442
3.721,1.95,3.9,5.35869438,20.02,1.514901535,531.183,3.464047323,1.076270219
3.722,1.99,3.98,5.449881023,20.87,1.588041573,532.103,3.473305418,1.076764947
3.723,1.92,3.84,5.289810125,19.5,1.470530264,532.933,3.481644105,1.068179295
3.724,1.81,3.62,5.033609855,17.29,1.285083667,533.468,3.487012161,1.054800666
3.725,1.74,3.48,4.867607683,15.99,1.178340525,533.474,3.487072333,1.043339107
3.726,1.75,3.5,4.8914635,16.25,1.199551504,532.919,3.48150356,1.044948934
3.727,1.83,3.66,5.080615385,17.68,1.317443417,532.144,3.473717634,1.060414236
3.728,1.95,3.9,5.35869438,19.98,1.511478325,531.313,3.465356504,1.076727391
3.729,2.08,4.16,5.652297165,22.59,1.738377076,530.664,3.458817473,1.087566977
3.73,2.16,4.32,5.829021619,24.26,1.887364977,530.089,3.453017348,1.091498935
3.731,2.15,4.3,5.80709582,24.01,1.864870339,529.323,3.44528079,1.093583907
3.732,2.06,4.12,5.607645315,22.37,1.718972778,528.897,3.440973368,1.08676431
3.733,1.98,3.96,5.427154973,20.74,1.576806255,528.151,3.43342196,1.083215123
3.734,1.94,3.88,5.335780035,20.05,1.517470042,527.735,3.429206353,1.078659611
3.735,1.95,3.9,5.35869438,20.11,1.522609883,527.319,3.424987422,1.083090246
3.736,1.95,3.9,5.35869438,20.27,1.536334569,526.982,3.421567241,1.08083915
3.737,1.95,3.9,5.35869438,20.2,1.530326717,526.659,3.418287091,1.082867766
3.738,1.95,3.9,5.35869438,20.1,1.521752981,526.218,3.413805371,1.08573215
3.739,1.95,3.9,5.35869438,20.13,1.524324002,526.139,3.413002126,1.085343411
3.74,1.95,3.9,5.35869438,20.25,1.534617516,526.116,3.412768248,1.083136557
3.741,1.95,3.9,5.35869438,20.19,1.529468872,526.024,3.411832631,1.084470231
3.742,1.93,3.86,5.312818617,19.73,1.490121179,525.56,3.407111372,1.084861411
3.743,1.88,3.76,5.197305421,18.74,1.406186759,525.345,3.404922306,1.080271794
3.744,1.8,3.6,5.01003648,17.2,1.277638179,525.405,3.405533298,1.069795651
3.745,1.68,3.36,4.723484237,15.01,1.099006271,525.547,3.406979035,1.048268895
3.746,1.57,3.14,4.454856537,12.03,0.8636678778,525.921,3.410784952,1.042205099
3.747,1.53,3.06,4.355761529,10.72,0.7629842395,526.276,3.414395018,1.042701957
3.748,1.58,3.16,4.479512605,12.19,0.8760801584,526.421,3.415868851,1.043701264
3.749,1.71,3.42,4.795757791,15.31,1.123189317,526.333,3.414974435,1.056761733
3.75,1.82,3.64,5.057136157,17.47,1.299999544,526.22,3.413825705,1.07283064
3.751,1.87,3.74,5.174061561,18.54,1.389353898,525.816,3.40971672,1.078138242
3.752,1.89,3.78,5.220502207,18.89,1.418838606,525.244,3.403893645,1.082478134
3.753,1.91,3.82,5.266754559,19.28,1.45184274,524.735,3.398706589,1.085805793
3.754,1.96,3.92,5.381561651,20.16,1.526895965,524.697,3.398319141,1.09265515
3.755,2.02,4.04,5.517776733,21.47,1.640127965,524.921,3.400602638,1.094638291
3.756,2.1,4.2,5.69676072,23.01,1.77556525,525.056,3.401978383,1.100282513
3.757,2.18,4.36,5.872731997,24.65,1.92259165,525.09,3.402324811,1.102877771
3.758,2.25,4.5,6.0242355,26.05,2.050409136,525.229,3.403740857,1.104523254
3.759,2.28,4.56,6.088459469,26.64,2.104917369,525.895,3.410520458,1.103894135
3.76,2.26,4.52,6.045690563,26.22,2.066075685,526.696,3.418662938,1.102275054
3.761,2.21,4.42,5.937944511,25.33,1.984407469,527.241,3.424196002,1.097870188
3.762,2.18,4.36,5.872731997,24.82,1.937998476,527.831,3.43017948,1.093989813
3.763,2.19,4.38,5.894516575,25.06,1.959802742,528.214,3.434060091,1.092819146
3.764,2.23,4.46,5.981184153,25.87,2.033855557,528.389,3.43583228,1.093514718
3.765,2.29,4.58,6.109773311,26.94,2.132780318,528.305,3.434981703,1.097348143
3.766,2.33,4.66,6.194557945,27.89,2.221669313,527.754,3.429398965,1.096174677
3.767,2.34,4.68,6.215636419,28.08,2.239567251,526.955,3.421293126,1.098002071
3.768,2.28,4.56,6.088459469,27.04,2.142090029,526.036,3.411954677,1.096220825
3.769,2.17,4.34,5.850900345,24.79,1.935277345,525.441,3.40589986,1.095432733
3.77,2.02,4.04,5.517776733,21.89,1.676815123,525.035,3.401764401,1.086480325
3.771,1.86,3.72,5.150770627,18.93,1.422216374,524.888,3.400266292,1.068074472
3.772,1.72,3.44,4.819754829,16.14,1.190569254,524.836,3.399736247,1.049985633
3.773,1.58,3.16,4.479512605,13.17,0.9526555674,525.081,3.402233112,1.028617018
3.774,1.47,2.94,4.205706809,10.1,0.7159143121,525.179,3.403231531,1.0210143
3.775,1.39,2.78,4.002997727,7.69,0.5364565434,525.41,3.405584211,1.015463303
3.776,1.32,2.64,3.823155917,5.94,0.4095942274,525.484,3.406337665,1.001893122
3.777,1.28,2.56,3.719353549,4.67,0.3193172337,525.375,3.405227811,0.9986061396
3.778,1.24,2.48,3.614798003,3.6,0.2444108522,525.162,3.403058349,0.9910427762
3.779,1.22,2.44,3.562237789,3.01,0.2035547251,524.736,3.398716784,0.9888865344
3.78,1.24,2.48,3.614798003,3.66,0.248583474,524.268,3.393943113,0.9923875412
3.781,1.34,2.68,3.874774659,6.13,0.4232290204,523.801,3.389175392,1.016359819
3.782,1.51,3.02,4.305931583,10.55,0.7500409241,523.329,3.384352304,1.041490576
3.783,1.69,3.38,4.747622495,15.29,1.121574293,523.024,3.381233376,1.054369372
3.784,1.82,3.64,5.057136157,17.8,1.327431689,522.683,3.377744157,1.074802796
3.785,1.89,3.78,5.220502207,19.09,1.435744057,522.239,3.373197597,1.085582355
3.786,1.9,3.8,5.24365192,19.43,1.464578764,521.671,3.367375639,1.085203105
3.787,1.9,3.8,5.24365192,19.33,1.456085478,521.203,3.362573908,1.088197256
3.788,1.88,3.76,5.197305421,18.94,1.423061075,520.765,3.358076073,1.087043785
3.789,1.83,3.66,5.080615385,18.08,1.350795287,520.577,3.356144335,1.079388264
3.79,1.77,3.54,4.939033913,16.78,1.24300212,520.718,3.357593204,1.073564086
3.791,1.69,3.38,4.747622495,15.39,1.129653446,521.107,3.361588405,1.057084578
3.792,1.64,3.28,4.626460467,14.19,1.033367167,521.246,3.363015273,1.052333488
3.793,1.61,3.22,4.553198367,13.41,0.9715534768,521.769,3.368380584,1.049139988
3.794,1.62,3.24,4.577666141,13.52,0.9802341214,522.365,3.37448823,1.051195868
3.795,1.64,3.28,4.626460467,14.07,1.023817902,523.071,3.381714116,1.050147961
3.796,1.64,3.28,4.626460467,14.31,1.04293082,523.866,3.389839248,1.043695115
3.797,1.63,3.26,4.602086841,13.94,1.013489083,524.808,3.399450817,1.042861889
3.798,1.6,3.2,4.52868352,13.08,0.9455835699,525.728,3.408821274,1.040023535
3.799,1.56,3.12,4.430153395,12,0.8613433732,525.843,3.409991428,1.037182427
3.8,1.53,3.06,4.355761529,11.15,0.7958485199,525.515,3.406653269,1.036468691
3.801,1.52,3.04,4.330870093,10.79,0.7683219911,524.83,3.399675085,1.039077047
3.802,1.53,3.06,4.355761529,10.99,0.783598943,523.99,3.391105453,1.043370049
3.803,1.55,3.1,4.40540318,11.66,0.8350606483,523.009,3.381079939,1.04489001
3.804,1.57,3.14,4.454856537,12.28,0.8830731195,522.328,3.374109267,1.046433094
3.805,1.58,3.16,4.479512605,12.32,0.8861836588,521.761,3.368298555,1.052892545
3.806,1.55,3.1,4.40540318,11.64,0.8335181309,522.048,3.371240568,1.047718429
3.807,1.5,3,4.280946,10.28,0.7295414516,522.82,3.379146257,1.041925379
3.808,1.45,2.9,4.15531198,8.84,0.621397626,523.302,3.384076275,1.037408327
3.809,1.43,2.86,4.104728857,8.18,0.5724951674,523.884,3.390023071,1.03588895
3.81,1.45,2.9,4.15531198,8.63,0.6057927298,524.702,3.398370123,1.037747997
3.811,1.5,3,4.280946,10.08,0.7144021175,525.579,3.407304781,1.038634261
3.812,1.57,3.14,4.454856537,12.07,0.8667685913,526.676,3.418459781,1.039584393
3.813,1.64,3.28,4.626460467,13.99,1.017459711,527.901,3.430888941,1.040039986
3.814,1.7,3.4,4.77171368,15.24,1.117538498,529.17,3.443734158,1.046136471
3.815,1.74,3.48,4.867607683,16.05,1.183229278,529.749,3.449584747,1.050680571
3.816,1.77,3.54,4.939033913,16.7,1.2364252,529.701,3.449099968,1.05410466
3.817,1.81,3.62,5.033609855,17.36,1.290880339,529.261,3.444654104,1.062944408
3.818,1.84,3.68,5.104047539,17.99,1.343276753,528.526,3.437219241,1.067681585
3.819,1.86,3.72,5.150770627,18.36,1.374239714,527.514,3.42696546,1.072807856
3.82,1.86,3.72,5.150770627,18.36,1.374239714,526.278,3.414415349,1.075619471
3.821,1.85,3.7,5.12743262,18.08,1.350795287,524.647,3.397809299,1.079776707
3.822,1.83,3.66,5.080615385,17.77,1.324933233,523.021,3.381202689,1.079572598
3.823,1.81,3.62,5.033609855,17.33,1.288395436,521.437,3.364975312,1.081712618
3.824,1.76,3.52,4.915272243,16.38,1.21018274,519.575,3.3458368,1.078852319
3.825,1.68,3.36,4.723484237,14.8,1.082132014,517.673,3.326216205,1.07148619
3.826,1.57,3.14,4.454856537,11.97,0.8590197516,516.351,3.312536244,1.067912439
3.827,1.46,2.92,4.180532931,8.82,0.6199096316,516.332,3.312339378,1.063140437
3.828,1.35,2.7,3.90051342,5.89,0.4060117151,516.087,3.309800196,1.049706905
3.829,1.26,2.52,3.667169923,3.42,0.2319126851,516.376,3.312795267,1.034547831
3.83,1.19,2.38,3.483044415,1.35,0.09029280197,517.246,3.321801463,1.020793725
3.831,1.1,2.2,3.24292232,-2.12,-0.1385538279,518.539,3.335158585,1.014489612
3.832,1.09,2.18,3.216006719,-3.05,-0.1981025445,520.39,3.35422218,1.018974909
3.833,1.21,2.42,3.535887071,1.75,0.1173581633,522.801,3.378951827,1.011319671
3.834,1.43,2.86,4.104728857,7.39,0.5145042206,525.442,3.405910042,1.047014061
3.835,1.67,3.34,4.699298905,13.97,1.015871161,528.109,3.432996496,1.056291009
3.836,1.84,3.68,5.104047539,17.35,1.290051935,529.924,3.451351802,1.076484481
3.837,1.94,3.88,5.335780035,19.33,1.456085478,530.874,3.460934213,1.08516548
3.838,2.04,4.08,5.562805171,21.33,1.627940446,531.651,3.468758878,1.091452491
3.839,2.13,4.26,5.763103001,23.06,1.78000499,532.714,3.479445159,1.095761503
3.84,2.2,4.4,5.91625408,24.53,1.911735122,533.737,3.489709206,1.095309647
3.841,2.27,4.54,6.067098553,25.89,2.035693091,534.136,3.493707154,1.097243514
3.842,2.32,4.64,6.173432397,27.12,2.149545749,533.99,3.492244592,1.094232863
3.843,2.37,4.74,6.278589401,28.1,2.241453581,533.255,3.484875617,1.096442273
3.844,2.4,4.8,6.34111872,28.83,2.310609865,532.212,3.47440124,1.096129049
3.845,2.43,4.86,6.403224377,29.39,2.364065313,531.282,3.465044344,1.098490979
3.846,2.45,4.9,6.44439278,29.8,2.403425703,530.272,3.454863983,1.100046793
3.847,2.47,4.94,6.485372889,30.16,2.438142236,529.152,3.443552171,1.102636832
3.848,2.47,4.94,6.485372889,30.34,2.455555396,528.422,3.436166399,1.100760205
3.849,2.44,4.88,6.423832115,29.76,2.399577333,528.089,3.432793883,1.101410023
3.85,2.35,4.7,6.23666782,27.91,2.223551416,527.853,3.430402464,1.103063087
3.851,2.18,4.36,5.872731997,24.7,1.927119813,527.792,3.429784169,1.09629219
3.852,1.98,3.96,5.427154973,20.79,1.581125425,528.064,3.432540605,1.082472375
3.853,1.82,3.64,5.057136157,17.83,1.329931071,528.485,3.436804203,1.060922385
3.854,1.78,3.56,4.962748509,17.02,1.262772076,529.083,3.4428545,1.054641381
3.855,1.86,3.72,5.150770627,18.5,1.385992295,529.716,3.449251466,1.065255628
3.856,2.02,4.04,5.517776733,21.58,1.64971843,530.55,3.457668035,1.080352304
3.857,2.17,4.34,5.850900345,24.63,1.920781144,531.188,3.464097682,1.086542619
3.858,2.25,4.5,6.0242355,26.42,2.084547538,531.152,3.463735086,1.08578382
3.859,2.28,4.56,6.088459469,26.89,2.128129601,530.299,3.455136383,1.090483507
3.86,2.26,4.52,6.045690563,26.56,2.097503996,528.986,3.441873562,1.091402509
3.861,2.22,4.44,5.959587869,25.84,2.031100078,527.083,3.42259251,1.092761972
3.862,2.15,4.3,5.80709582,24.54,1.912639236,524.778,3.399144982,1.093247689
3.863,2.03,4.06,5.540314489,22.24,1.707530863,523.054,3.381540236,1.088669107
3.864,1.88,3.76,5.197305421,19.28,1.45184274,521.226,3.362809991,1.079476696
3.865,1.74,3.48,4.867607683,16.68,1.23478199,519.698,3.347103166,1.062359164
3.866,1.66,3.32,4.675066499,15.13,1.108668614,518.395,3.333672666,1.052387965
3.867,1.63,3.26,4.602086841,14.49,1.057303305,517.259,3.321935923,1.050887289
3.868,1.61,3.22,4.553198367,14.09,1.025408448,516.022,3.309126333,1.050446841
3.869,1.58,3.16,4.479512605,13.21,0.955801253,515.064,3.299184773,1.052767877
3.87,1.52,3.04,4.330870093,11.55,0.8265816437,514.815,3.29659777,1.050371487
3.871,1.45,2.9,4.15531198,9.48,0.6692155509,514.558,3.293926338,1.048489329
3.872,1.39,2.78,4.002997727,7.76,0.5415909922,514.493,3.293250473,1.043849599
3.873,1.35,2.7,3.90051342,6.78,0.4701294253,514.742,3.295839095,1.035726507
3.874,1.33,2.66,3.848988825,6.19,0.4275417395,515.367,3.302331127,1.031935662
3.875,1.33,2.66,3.848988825,6.17,0.4261037932,516.336,3.312380824,1.029558556
3.876,1.38,2.76,3.977447261,7.39,0.5145042206,517.774,3.327259909,1.035317923
3.877,1.49,2.98,4.255913343,10.41,0.7394027579,519.192,3.341891641,1.042785187
3.878,1.67,3.34,4.699298905,15.08,1.104640877,520.781,3.358240444,1.052974204
3.879,1.84,3.68,5.104047539,18.49,1.385152153,521.958,3.37031816,1.073300263
3.88,1.96,3.92,5.381561651,20.76,1.578533607,523.115,3.382164131,1.084839661
3.881,2.01,4.02,5.495191903,21.65,1.655828128,524.14,3.392636751,1.088487696
3.882,1.99,3.98,5.449881023,21.43,1.6366437,524.908,3.400470141,1.081945176
3.883,1.95,3.9,5.35869438,20.56,1.561279029,525.386,3.405339825,1.078942141
3.884,1.87,3.74,5.174061561,18.98,1.426440919,525.836,3.409920209,1.069825314
3.885,1.76,3.52,4.915272243,16.89,1.252056047,526.255,3.414181533,1.053369478
3.886,1.71,3.42,4.795757791,15.96,1.175897517,526.687,3.418571518,1.043811103
3.887,1.81,3.62,5.033609855,17.9,1.335766563,527.023,3.421983463,1.057981152
3.888,2,4,5.47256,21.56,1.647973756,527.027,3.422024068,1.079400858
3.889,2.09,4.18,5.674552479,23.39,1.809374529,527.065,3.422409803,1.084630428
3.89,2,4,5.47256,21.73,1.662817002,526.751,3.41922158,1.076843458
3.891,1.8,3.6,5.01003648,17.95,1.339937861,526.409,3.415746894,1.053483723
3.892,1.64,3.28,4.626460467,14.76,1.078922893,526.098,3.412585205,1.030046115
3.893,1.57,3.14,4.454856537,13.03,0.9416581478,525.549,3.406999395,1.024421098
3.894,1.58,3.16,4.479512605,13.3,0.962884844,525.223,3.40367974,1.025866564
3.895,1.63,3.26,4.602086841,14.71,1.07491375,525.001,3.401417937,1.02809335
3.896,1.7,3.4,4.77171368,16,1.179155063,524.899,3.40037841,1.041965019
3.897,1.76,3.52,4.915272243,17.01,1.261947153,524.826,3.39963431,1.054421613
3.898,1.79,3.58,4.986416031,17.6,1.310792792,524.626,3.39759515,1.059049529
3.899,1.81,3.62,5.033609855,18.02,1.345782003,524.465,3.395953062,1.061554428
3.9,1.82,3.64,5.057136157,18.23,1.363344738,524.581,3.397136232,1.062316222
3.901,1.8,3.6,5.01003648,17.93,1.338269033,524.644,3.397778707,1.057851769
3.902,1.77,3.54,4.939033913,17.25,1.281773537,524.551,3.396830265,1.055664066
3.903,1.75,3.5,4.8914635,16.89,1.252056047,524.644,3.397778707,1.051965018
3.904,1.78,3.56,4.962748509,17.46,1.299170012,524.974,3.401142788,1.055833669
3.905,1.85,3.7,5.12743262,18.81,1.41208805,525.507,3.406571825,1.064078551
3.906,1.92,3.84,5.289810125,20.11,1.522609883,526.287,3.41450684,1.07143712
3.907,1.95,3.9,5.35869438,20.81,1.58285383,526.926,3.42099869,1.070913733
3.908,1.96,3.92,5.381561651,21.05,1.603627575,526.998,3.421729673,1.070881409
3.909,1.97,3.94,5.404381849,21.1,1.607963086,527.099,3.422754911,1.074276446
3.91,1.97,3.94,5.404381849,21.07,1.605361462,526.865,3.420379308,1.075340352
3.911,1.96,3.92,5.381561651,20.97,1.596696244,526.199,3.413612197,1.074097875
3.912,1.88,3.76,5.197305421,19.44,1.465428666,525.366,3.405136161,1.067084744
3.913,1.72,3.44,4.819754829,16.47,1.217552894,524.489,3.396197877,1.044650019
3.914,1.6,3.2,4.52868352,13.91,1.011107903,523.499,3.386089934,1.029902153
3.915,1.57,3.14,4.454856537,12.88,0.9298967213,522.569,3.376577166,1.034455718
3.916,1.61,3.22,4.553198367,13.99,1.017459711,522.034,3.371097093,1.037516106
3.917,1.63,3.26,4.602086841,14.61,1.066902987,521.289,3.363456601,1.038761471
3.918,1.58,3.16,4.479512605,13.27,0.9605227547,520.369,3.35400628,1.038239068
3.919,1.55,3.1,4.40540318,12.37,0.8900740465,519.694,3.347061988,1.039712472
3.92,1.57,3.14,4.454856537,12.97,0.9369509069,519.623,3.346331027,1.040056808
3.921,1.63,3.26,4.602086841,14.53,1.060501596,519.766,3.347803142,1.043958418
3.922,1.69,3.38,4.747622495,15.86,1.167760745,520.075,3.350982763,1.050651024
3.923,1.77,3.54,4.939033913,17.27,1.283428397,520.755,3.357973338,1.064125494
3.924,1.84,3.68,5.104047539,18.56,1.39103532,521.984,3.37058465,1.07191409
3.925,1.88,3.76,5.197305421,19.46,1.467128782,523.406,3.385139418,1.07110844
3.926,1.91,3.82,5.266754559,19.94,1.50805679,524.844,3.399817796,1.073123297
3.927,1.92,3.84,5.289810125,20.19,1.529468872,526.045,3.41204621,1.070483452
3.928,1.94,3.88,5.335780035,20.53,1.558694471,527.342,3.425220767,1.070600077
3.929,1.97,3.94,5.404381849,21.18,1.614905393,528.125,3.433158582,1.070585055
3.93,2.02,4.04,5.517776733,22.15,1.699620083,528.403,3.43597403,1.074418385
3.931,2.08,4.16,5.652297165,23.37,1.807591229,528.724,3.439223119,1.077281716
3.932,2.14,4.28,5.785122947,24.6,1.918066199,529.414,3.446200471,1.07845551
3.933,2.19,4.38,5.894516575,25.54,2.003599427,529.714,3.449231266,1.08100121
3.934,2.21,4.42,5.937944511,26.12,2.056856228,530.504,3.457204156,1.07687332
3.935,2.23,4.46,5.981184153,26.52,2.093799951,529.346,3.445513252,1.079769988
3.936,2.24,4.48,6.002733363,26.62,2.103063365,529.342,3.445472825,1.081858919
3.937,2.2,4.4,5.91625408,25.82,2.029263639,527.356,3.425362798,1.084630478
3.938,2.08,4.16,5.652297165,23.62,1.829913388,525.67,3.408231013,1.079064786
3.939,1.89,3.78,5.220502207,20,1.513189721,524.098,3.392208032,1.06423627
3.94,1.67,3.34,4.699298905,15.95,1.175083384,522.397,3.37481596,1.032835795
3.941,1.52,3.04,4.330870093,12.24,0.8799641537,521.215,3.362697083,1.020790926
3.942,1.46,2.92,4.180532931,10.58,0.752323002,520.162,3.351877655,1.018598573
3.943,1.48,2.96,4.230833613,11.27,0.8050520669,519.214,3.342118335,1.020173565
3.944,1.53,3.06,4.355761529,12.56,0.9048799677,518.726,3.337087601,1.02682575
3.945,1.54,3.08,4.380605891,12.76,0.9205035928,518.779,3.3376342,1.028760952
3.946,1.5,3,4.280946,11.79,0.8450965533,519.184,3.341809205,1.022460558
3.947,1.47,2.94,4.205706809,10.75,0.7652712648,519.9,3.349182239,1.022178718
3.948,1.46,2.92,4.180532931,10.53,0.7485200235,521.027,3.360767013,1.017337775
3.949,1.49,2.98,4.255913343,11.37,0.8127324157,522.427,3.375123189,1.016251214
3.95,1.56,3.12,4.430153395,13.46,0.9754977346,524.265,3.393912499,1.013901913
3.951,1.69,3.38,4.747622495,16.26,1.200368681,525.66,3.408129237,1.030188703
3.952,1.86,3.72,5.150770627,19.47,1.467978996,526.315,3.414791468,1.054886906
3.953,2,4,5.47256,22.23,1.706651462,526.813,3.419851252,1.06750358
3.954,2.05,4.1,5.58524878,23.19,1.791560859,526.991,3.421658609,1.07136268
3.955,1.99,3.98,5.449881023,22.11,1.696106948,527.086,3.42262296,1.064694
3.956,1.86,3.72,5.150770627,19.65,1.483300686,527.117,3.422937606,1.049841105
3.957,1.71,3.42,4.795757791,16.96,1.257824071,526.984,3.421587545,1.02486342
3.958,1.61,3.22,4.553198367,14.98,1.096592949,526.627,3.417962013,1.008559737
3.959,1.56,3.12,4.430153395,13.86,1.007141264,526.039,3.411985188,1.002495277
3.96,1.57,3.14,4.454856537,14.04,1.021432832,525.232,3.403771415,1.006700773
3.961,1.59,3.18,4.504121599,14.66,1.070907115,524.155,3.392789857,1.009056311
3.962,1.6,3.2,4.52868352,14.85,1.086145675,523.103,3.382041404,1.013539371
3.963,1.6,3.2,4.52868352,14.79,1.081329584,522.485,3.375717115,1.016072711
3.964,1.59,3.18,4.504121599,14.63,1.068504338,521.963,3.370369409,1.014699191
3.965,1.58,3.16,4.479512605,14.29,1.041335878,521.309,3.363661857,1.016915984
3.966,1.55,3.1,4.40540318,13.66,0.991299604,520.79,3.3583329,1.012821928
3.967,1.52,3.04,4.330870093,12.66,0.9126868475,520.389,3.354211899,1.014992469
3.968,1.47,2.94,4.205706809,11.4,0.8150384231,520.257,3.352854665,1.009072622
3.969,1.44,2.88,4.130043955,10.52,0.7477597185,520.578,3.356154612,1.006367001
3.97,1.45,2.9,4.15531198,10.67,0.7591744718,521.11,3.361619204,1.008376615
3.971,1.49,2.98,4.255913343,12.01,0.8621181099,521.602,3.366667962,1.006414907
3.972,1.55,3.1,4.40540318,13.46,0.9754977346,521.746,3.368144747,1.014218642
3.973,1.55,3.1,4.40540318,13.44,0.9739197336,521.618,3.36683207,1.014894051
3.974,1.47,2.94,4.205706809,11.5,0.8227314612,521.269,3.363251336,1.004711919
3.975,1.34,2.68,3.874774659,8.06,0.5636483326,520.788,3.358312355,0.9879687657
3.976,1.23,2.46,3.588541433,4.97,0.340507869,520.225,3.352525587,0.9717056387
3.977,1.19,2.38,3.483044415,4.05,0.2757856919,519.484,3.344899702,0.9619848279
3.978,1.26,2.52,3.667169923,5.73,0.3945633126,518.762,3.337458882,0.982622753
3.979,1.37,2.74,3.951849721,8.6,0.6035668934,517.955,3.329129799,1.004870202
3.98,1.4,2.8,4.02850112,9.42,0.6647159412,517.358,3.32295978,1.010237893
3.981,1.27,2.54,3.693285273,6.18,0.4268227197,516.444,3.313499746,0.9874242947
3.982,1.07,2.14,3.162034297,0.79,0.05264144509,515.414,3.302819009,0.9423548094
3.983,0.94,1.88,2.806623875,-5.8,-0.3698722461,514.032,3.288454576,0.9616394394
3.984,0.95,1.9,2.83424558,-5,-0.3205619313,513.012,3.277827958,0.9584006154
3.985,1.07,2.14,3.162034297,0.67,0.04460962798,512.156,3.268893616,0.9542873703
3.986,1.19,2.38,3.483044415,3.81,0.2590294088,512.343,3.270846668,0.9867327746
3.987,1.26,2.52,3.667169923,5.42,0.3724497354,511.811,3.265288519,1.008090651
3.988,1.24,2.48,3.614798003,4.88,0.3341419612,510.903,3.255788695,1.006926971
3.989,1.15,2.3,3.37679422,2.57,0.1732914714,510.182,3.248233299,0.9869267201
3.99,1.06,2.12,3.134977475,0.22,0.01460411943,509.181,3.237726048,0.9639173497
3.991,1.06,2.12,3.134977475,0.21,0.01393936766,508.33,3.228777052,0.9667750953
3.992,1.12,2.24,3.296612301,1.73,0.1160014906,507.45,3.219507326,0.9883386561
3.993,1.13,2.26,3.323386681,1.75,0.1173581633,506.707,3.211668203,0.9983059055
3.994,0.99,1.98,2.944261663,-3.16,-0.2050967478,506.072,3.204959433,0.9814654776
3.995,0.74,1.48,2.244304323,-14.71,-0.8838935973,505.861,3.202728357,0.9678586688
3.996,0.48,0.96,1.485138893,-26,-1.449046214,506.055,3.204779713,0.845879454
3.997,0.33,0.66,1.032683705,-32.49,-1.734527922,506.536,3.209862417,0.69996581
3.998,0.29,0.58,0.9102401912,-33.83,-1.790163921,507.13,3.21613253,0.6383311563
3.999,0.36,0.72,1.124022067,-31.41,-1.688882305,507.863,3.223859777,0.73227268
4,0.47,0.94,1.455304729,-27.37,-1.511582996,508.638,3.232017665,0.8458936308
